24.000000 0.001466 19.803357 -0.106685 0.257683 0.000000 0.000000 0.000000 1.000000 0.000000 0.000000
24.000000 0.004191 19.861463 -0.106894 0.266593 0.000000 0.000000 0.000000 1.000000 0.000000 0.000000
24.000000 0.010072 nan nan nan 0.000000 0.000000 0.000000 1.000000 0.000000 0.000000
25.000000 0.011604 19.717578 -0.110672 0.328490 0.000000 0.000000 0.000000 1.000000 0.000000 0.000000
25.000000 0.014310 19.705643 -0.110623 0.344947 0.000000 0.000000 0.000000 1.000000 0.000000 0.000000
25.000000 0.020210 19.683624 -0.104147 0.359323 0.000000 0.000000 0.000000 1.000000 0.000000 0.000000
25.000000 0.021515 19.599122 -0.133254 0.388222 0.000000 0.000000 0.000000 1.000000 0.000000 0.000000
25.000000 0.024215 19.591716 -0.133204 0.409284 0.000000 0.000000 0.000000 1.000000 0.000000 0.000000
25.000000 0.030131 19.583541 -0.130605 0.424010 0.000000 0.000000 0.000000 1.000000 0.000000 0.000000
25.000000 0.031629 19.517327 -0.153469 0.447977 0.000000 0.000000 0.000000 1.000000 0.000000 0.000000
25.000000 0.034513 19.517192 -0.153561 0.468527 0.000000 0.000000 0.000000 1.000000 0.000000 0.000000
25.000000 0.040116 19.499548 -0.148307 0.484936 0.000000 0.000000 0.000000 1.000000 0.000000 0.000000
25.000000 0.041515 19.418253 -0.176308 0.512965 0.000000 0.000000 0.000000 1.000000 0.000000 0.000000
25.000000 0.044321 19.437539 -0.176387 0.533356 0.000000 0.000000 0.000000 1.000000 0.000000 0.000000
25.000000 0.050076 19.406387 -0.167297 0.548840 0.000000 0.000000 0.000000 1.000000 0.000000 0.000000
25.000000 0.051717 19.335126 -0.191813 0.572959 0.000000 0.000000 0.000000 1.000000 0.000000 0.000000
25.000000 0.054251 19.361005 -0.191922 0.591967 0.000000 0.000000 0.000000 1.000000 0.000000 0.000000
25.000000 0.060119 19.321137 -0.180196 0.609643 0.000000 0.000000 0.000000 1.000000 0.000000 0.000000
25.000000 0.061507 19.228276 -0.212143 0.634746 0.000000 0.000000 0.000000 1.000000 0.000000 0.000000
25.000000 0.064265 19.255232 -0.212369 0.649362 0.000000 0.000000 0.000000 1.000000 0.000000 0.000000
25.000000 0.070107 19.218530 -0.201284 0.671110 0.000000 0.000000 0.000000 1.000000 0.000000 0.000000
25.000000 0.071623 19.142883 -0.227511 0.694909 0.000000 0.000000 0.000000 1.000000 0.000000 0.000000
25.000000 0.074280 19.142860 -0.227615 0.710569 0.000000 0.000000 0.000000 1.000000 0.000000 0.000000
25.000000 0.080123 19.110041 -0.217803 0.726872 0.000000 0.000000 0.000000 1.000000 0.000000 0.000000
25.000000 0.081522 19.058611 -0.235670 0.748066 0.000000 0.000000 0.000000 1.000000 0.000000 0.000000
25.000000 0.084281 19.018527 -0.235164 0.772252 0.000000 0.000000 0.000000 1.000000 0.000000 0.000000
25.000000 0.090133 19.024292 -0.236692 0.780565 0.000000 0.000000 0.000000 1.000000 0.000000 0.000000
25.000000 0.091671 18.985351 -0.250300 0.797704 0.000000 0.000000 0.000000 1.000000 0.000000 0.000000
25.000000 0.094362 18.942934 -0.249913 0.820328 0.000000 0.000000 0.000000 1.000000 0.000000 0.000000
25.000000 0.100100 18.942271 -0.249608 0.829638 0.000000 0.000000 0.000000 1.000000 0.000000 0.000000
25.000000 0.101536 18.892525 -0.266938 0.850820 0.000000 0.000000 0.000000 1.000000 0.000000 0.000000
25.000000 0.104388 18.867287 -0.266599 0.876636 0.000000 0.000000 0.000000 1.000000 0.000000 0.000000
25.000000 0.110073 18.852724 -0.262132 0.889065 0.000000 0.000000 0.000000 1.000000 0.000000 0.000000
25.000000 0.111603 18.781687 -0.286761 0.906848 0.000000 0.000000 0.000000 1.000000 0.000000 0.000000
25.000000 0.115054 18.772606 -0.286832 0.927889 0.000000 0.000000 0.000000 1.000000 0.000000 0.000000
25.000000 0.120117 18.744637 -0.278208 0.947498 0.000000 0.000000 0.000000 1.000000 0.000000 0.000000
25.000000 0.121606 18.670191 -0.304090 0.964160 0.000000 0.000000 0.000000 1.000000 0.000000 0.000000
25.000000 0.124473 18.668702 -0.304293 0.980647 0.000000 0.000000 0.000000 1.000000 0.000000 0.000000
25.000000 0.130110 18.644998 -0.296894 0.999401 0.000000 0.000000 0.000000 1.000000 0.000000 0.000000
25.000000 0.131692 18.586965 -0.317184 1.018417 0.000000 0.000000 0.000000 1.000000 0.000000 0.000000
25.000000 0.134454 18.590653 -0.317264 1.035998 0.000000 0.000000 0.000000 1.000000 0.000000 0.000000
25.000000 0.140086 18.567199 -0.310016 1.049944 0.000000 0.000000 0.000000 1.000000 0.000000 0.000000
25.000000 0.141539 18.507273 -0.330891 1.063778 0.000000 0.000000 0.000000 1.000000 0.000000 0.000000
25.000000 0.144319 18.502011 -0.331009 1.082446 0.000000 0.000000 0.000000 1.000000 0.000000 0.000000
25.000000 0.150156 18.482274 -0.324856 1.098304 0.000000 0.000000 0.000000 1.000000 0.000000 0.000000
25.000000 0.151624 18.413780 -0.348743 1.113475 0.000000 0.000000 0.000000 1.000000 0.000000 0.000000
25.000000 0.154383 18.414112 -0.348978 1.134160 0.000000 0.000000 0.000000 1.000000 0.000000 0.000000
25.000000 0.160142 18.386859 -0.340578 1.150345 0.000000 0.000000 0.000000 1.000000 0.000000 0.000000
25.000000 0.161602 18.337092 -0.357887 1.161246 0.000000 0.000000 0.000000 1.000000 0.000000 0.000000
25.000000 0.164390 18.297963 -0.357430 1.186081 0.000000 0.000000 0.000000 1.000000 0.000000 0.000000
25.000000 0.170147 18.288888 -0.354432 1.201664 0.000000 0.000000 0.000000 1.000000 0.000000 0.000000
25.000000 0.171648 18.236444 -0.372879 1.216471 0.000000 0.000000 0.000000 1.000000 0.000000 0.000000
25.000000 0.174264 18.200705 -0.372502 1.238497 0.000000 0.000000 0.000000 1.000000 0.000000 0.000000
25.000000 0.180199 18.201541 -0.372812 1.246870 0.000000 0.000000 0.000000 1.000000 0.000000 0.000000
25.000000 0.181599 18.144260 -0.392789 1.254040 0.000000 0.000000 0.000000 1.000000 0.000000 0.000000
25.000000 0.184237 18.108062 -0.392508 1.276525 0.000000 0.000000 0.000000 1.000000 0.000000 0.000000
25.000000 0.190184 18.093126 -0.387626 1.295402 0.000000 0.000000 0.000000 1.000000 0.000000 0.000000
25.000000 0.191688 18.029632 -0.410000 1.308728 0.000000 0.000000 0.000000 1.000000 0.000000 0.000000
25.000000 0.194370 18.026818 -0.410130 1.322190 0.000000 0.000000 0.000000 1.000000 0.000000 0.000000
25.000000 0.200108 18.016694 -0.406794 1.335573 0.000000 0.000000 0.000000 1.000000 0.000000 0.000000
25.000000 0.201590 17.969597 -0.423418 1.348471 0.000000 0.000000 0.000000 1.000000 0.000000 0.000000
25.000000 0.204527 17.915667 -0.422641 1.372831 0.000000 0.000000 0.000000 1.000000 0.000000 0.000000
25.000000 0.210082 17.915053 -0.422479 1.381749 0.000000 0.000000 0.000000 1.000000 0.000000 0.000000
25.000000 0.211671 17.867747 -0.439080 1.388507 0.000000 0.000000 0.000000 1.000000 0.000000 0.000000
25.000000 0.214243 17.851539 -0.439031 1.408690 0.000000 0.000000 0.000000 1.000000 0.000000 0.000000
25.000000 0.220161 17.830060 -0.432174 1.423127 0.000000 0.000000 0.000000 1.000000 0.000000 0.000000
25.000000 0.221652 17.762960 -0.455803 1.431399 0.000000 0.000000 0.000000 1.000000 0.000000 0.000000
25.000000 0.224297 17.752379 -0.455903 1.451147 0.000000 0.000000 0.000000 1.000000 0.000000 0.000000
25.000000 0.230251 17.743006 -0.452820 1.467245 0.000000 0.000000 0.000000 1.000000 0.000000 0.000000
25.000000 0.231751 17.710345 -0.464348 1.473684 0.000000 0.000000 0.000000 1.000000 0.000000 0.000000
25.000000 0.234308 17.636665 -0.463086 1.496904 0.000000 0.000000 0.000000 1.000000 0.000000 0.000000
25.000000 0.240287 17.652158 -0.467997 1.505636 0.000000 0.000000 0.000000 1.000000 0.000000 0.000000
25.000000 0.241579 17.597224 -0.487509 1.515716 0.000000 0.000000 0.000000 1.000000 0.000000 0.000000
25.000000 0.244434 17.570382 -0.487211 1.533394 0.000000 0.000000 0.000000 1.000000 0.000000 0.000000
25.000000 0.250126 17.569916 -0.487066 1.543586 0.000000 0.000000 0.000000 1.000000 0.000000 0.000000
25.000000 0.251999 17.531826 -0.500526 1.548914 0.000000 0.000000 0.000000 1.000000 0.000000 0.000000
25.000000 0.254476 17.478673 -0.499597 1.569925 0.000000 0.000000 0.000000 1.000000 0.000000 0.000000
25.000000 0.260104 17.478311 -0.499452 1.579642 0.000000 0.000000 0.000000 1.000000 0.000000 0.000000
25.000000 0.261581 17.416377 -0.521458 1.587856 0.000000 0.000000 0.000000 1.000000 0.000000 0.000000
25.000000 0.264534 17.400891 -0.521451 1.608058 0.000000 0.000000 0.000000 1.000000 0.000000 0.000000
25.000000 0.270254 17.379572 -0.514478 1.623064 0.000000 0.000000 0.000000 1.000000 0.000000 0.000000
25.000000 0.271696 17.336723 -0.529637 1.624709 0.000000 0.000000 0.000000 1.000000 0.000000 0.000000
25.000000 0.274553 17.292600 -0.529014 1.648818 0.000000 0.000000 0.000000 1.000000 0.000000 0.000000
25.000000 0.280324 17.298043 -0.530960 1.658747 0.000000 0.000000 0.000000 1.000000 0.000000 0.000000
25.000000 0.281592 17.254206 -0.546449 1.657512 0.000000 0.000000 0.000000 1.000000 0.000000 0.000000
25.000000 0.284342 17.191160 -0.545326 1.679985 0.000000 0.000000 0.000000 1.000000 0.000000 0.000000
25.000000 0.290184 17.202104 -0.548979 1.690321 0.000000 0.000000 0.000000 1.000000 0.000000 0.000000
25.000000 0.291764 17.160655 -0.563756 1.695771 0.000000 0.000000 0.000000 1.000000 0.000000 0.000000
25.000000 0.294342 17.121889 -0.562994 1.714431 0.000000 0.000000 0.000000 1.000000 0.000000 0.000000
25.000000 0.300348 17.118283 -0.561600 1.728468 0.000000 0.000000 0.000000 1.000000 0.000000 0.000000
25.000000 0.301651 17.083943 -0.573978 1.732079 0.000000 0.000000 0.000000 1.000000 0.000000 0.000000
25.000000 0.304310 17.037791 -0.573255 1.748882 0.000000 0.000000 0.000000 1.000000 0.000000 0.000000
25.000000 0.310207 17.039435 -0.573578 1.766027 0.000000 0.000000 0.000000 1.000000 0.000000 0.000000
25.000000 0.311714 17.005815 -0.585742 1.767235 0.000000 0.000000 0.000000 1.000000 0.000000 0.000000
25.000000 0.314314 16.918309 -0.584035 1.784820 0.000000 0.000000 0.000000 1.000000 0.000000 0.000000
25.000000 0.320308 16.938020 -0.590648 1.794703 0.000000 0.000000 0.000000 1.000000 0.000000 0.000000
25.000000 0.321673 16.895635 -0.605919 1.797707 0.000000 0.000000 0.000000 1.000000 0.000000 0.000000
25.000000 0.324264 16.820852 -0.604355 1.818957 0.000000 0.000000 0.000000 1.000000 0.000000 0.000000
25.000000 0.330273 16.841627 -0.611471 1.827517 0.000000 0.000000 0.000000 1.000000 0.000000 0.000000
25.000000 0.331714 16.815316 -0.620902 1.825884 0.000000 0.000000 0.000000 1.000000 0.000000 0.000000
25.000000 0.334333 16.737503 -0.619194 1.847820 0.000000 0.000000 0.000000 1.000000 0.000000 0.000000
25.000000 0.340291 16.758030 -0.626326 1.854914 0.000000 0.000000 0.000000 1.000000 0.000000 0.000000
25.000000 0.341625 16.715502 -0.641606 1.852542 0.000000 0.000000 0.000000 1.000000 0.000000 0.000000
25.000000 0.344296 16.671544 -0.640736 1.866886 0.000000 0.000000 0.000000 1.000000 0.000000 0.000000
25.000000 0.350259 16.670542 -0.640255 1.879924 0.000000 0.000000 0.000000 1.000000 0.000000 0.000000
25.000000 0.351751 16.643385 -0.650117 1.881765 0.000000 0.000000 0.000000 1.000000 0.000000 0.000000
25.000000 0.354361 16.539264 -0.647524 1.904444 0.000000 0.000000 0.000000 1.000000 0.000000 0.000000
25.000000 0.360235 16.567847 -0.657427 1.911952 0.000000 0.000000 0.000000 1.000000 0.000000 0.000000
25.000000 0.361654 16.546429 -0.665197 1.907052 0.000000 0.000000 0.000000 1.000000 0.000000 0.000000
25.000000 0.364288 16.444158 -0.662805 1.930302 0.000000 0.000000 0.000000 1.000000 0.000000 0.000000
25.000000 0.370373 16.489827 -0.678948 1.935186 0.000000 0.000000 0.000000 1.000000 0.000000 0.000000
25.000000 0.371747 16.480936 -0.682037 1.926809 0.000000 0.000000 0.000000 1.000000 0.000000 0.000000
25.000000 0.374341 16.383452 -0.679570 1.952579 0.000000 0.000000 0.000000 1.000000 0.000000 0.000000
25.000000 0.380291 16.403220 -0.686575 1.962370 0.000000 0.000000 0.000000 1.000000 0.000000 0.000000
25.000000 0.381649 16.371042 -0.698221 1.957519 0.000000 0.000000 0.000000 1.000000 0.000000 0.000000
25.000000 0.384311 16.272510 -0.695642 1.979624 0.000000 0.000000 0.000000 1.000000 0.000000 0.000000
25.000000 0.390348 16.302721 -0.706353 1.987558 0.000000 0.000000 0.000000 1.000000 0.000000 0.000000
25.000000 0.391745 16.276087 -0.716043 1.980501 0.000000 0.000000 0.000000 1.000000 0.000000 0.000000
25.000000 0.394284 16.212346 -0.714641 1.999657 0.000000 0.000000 0.000000 1.000000 0.000000 0.000000
25.000000 0.400522 16.240086 -0.724664 2.008072 0.000000 0.000000 0.000000 1.000000 0.000000 0.000000
25.000000 0.401685 16.223977 -0.730410 1.996603 0.000000 0.000000 0.000000 1.000000 0.000000 0.000000
25.000000 0.404361 16.116060 -0.727458 2.019869 0.000000 0.000000 0.000000 1.000000 0.000000 0.000000
25.000000 0.410269 16.136856 -0.734924 2.029968 0.000000 0.000000 0.000000 1.000000 0.000000 0.000000
25.000000 0.411768 16.100685 -0.748137 2.022934 0.000000 0.000000 0.000000 1.000000 0.000000 0.000000
25.000000 0.414435 16.029402 -0.746301 2.038565 0.000000 0.000000 0.000000 1.000000 0.000000 0.000000
25.000000 0.420327 16.047305 -0.752672 2.050026 0.000000 0.000000 0.000000 1.000000 0.000000 0.000000
25.000000 0.421653 16.040408 -0.755202 2.041603 0.000000 0.000000 0.000000 1.000000 0.000000 0.000000
25.000000 0.424320 15.925677 -0.751869 2.060708 0.000000 0.000000 0.000000 1.000000 0.000000 0.000000
25.000000 0.430217 15.962294 -0.765005 2.070412 0.000000 0.000000 0.000000 1.000000 0.000000 0.000000
25.000000 0.431834 15.947998 -0.770325 2.062400 0.000000 0.000000 0.000000 1.000000 0.000000 0.000000
25.000000 0.434329 15.845901 -0.767443 2.078782 0.000000 0.000000 0.000000 1.000000 0.000000 0.000000
25.000000 0.440299 15.886780 -0.782328 2.086293 0.000000 0.000000 0.000000 1.000000 0.000000 0.000000
25.000000 0.441666 15.870175 -0.788432 2.077460 0.000000 0.000000 0.000000 1.000000 0.000000 0.000000
25.000000 0.444339 15.757223 -0.785007 2.097379 0.000000 0.000000 0.000000 1.000000 0.000000 0.000000
25.000000 0.450221 15.797061 -0.799618 2.104785 0.000000 0.000000 0.000000 1.000000 0.000000 0.000000
25.000000 0.451784 15.794175 -0.800647 2.094670 0.000000 0.000000 0.000000 1.000000 0.000000 0.000000
25.000000 0.454416 15.677164 -0.796977 2.116599 0.000000 0.000000 0.000000 1.000000 0.000000 0.000000
25.000000 0.460428 15.714967 -0.811034 2.121840 0.000000 0.000000 0.000000 1.000000 0.000000 0.000000
25.000000 0.461700 15.700155 -0.816421 2.108887 0.000000 0.000000 0.000000 1.000000 0.000000 0.000000
25.000000 0.464455 15.592958 -0.813083 2.130431 0.000000 0.000000 0.000000 1.000000 0.000000 0.000000
25.000000 0.470290 15.633363 -0.828212 2.136406 0.000000 0.000000 0.000000 1.000000 0.000000 0.000000
25.000000 0.471729 15.619836 -0.833110 2.121715 0.000000 0.000000 0.000000 1.000000 0.000000 0.000000
25.000000 0.474416 15.512047 -0.829666 2.142488 0.000000 0.000000 0.000000 1.000000 0.000000 0.000000
25.000000 0.480264 15.547895 -0.843071 2.151192 0.000000 0.000000 0.000000 1.000000 0.000000 0.000000
25.000000 0.481945 15.533585 -0.848325 2.139293 0.000000 0.000000 0.000000 1.000000 0.000000 0.000000
25.000000 0.484352 15.417420 -0.844410 2.158461 0.000000 0.000000 0.000000 1.000000 0.000000 0.000000
25.000000 0.490207 15.453763 -0.858090 2.164790 0.000000 0.000000 0.000000 1.000000 0.000000 0.000000
25.000000 0.491979 15.446299 -0.860808 2.153916 0.000000 0.000000 0.000000 1.000000 0.000000 0.000000
25.000000 0.494437 15.308878 -0.855892 2.174774 0.000000 0.000000 0.000000 1.000000 0.000000 0.000000
25.000000 0.500261 15.365663 -0.877437 2.176468 0.000000 0.000000 0.000000 1.000000 0.000000 0.000000
25.000000 0.501783 15.367549 -0.876667 2.164380 0.000000 0.000000 0.000000 1.000000 0.000000 0.000000
25.000000 0.504399 15.235373 -0.871844 2.184635 0.000000 0.000000 0.000000 1.000000 0.000000 0.000000
25.000000 0.510317 15.292534 -0.893722 2.184769 0.000000 0.000000 0.000000 1.000000 0.000000 0.000000
25.000000 0.511972 15.293024 -0.893435 2.170534 0.000000 0.000000 0.000000 1.000000 0.000000 0.000000
25.000000 0.514351 15.141628 -0.887761 2.194614 0.000000 0.000000 0.000000 1.000000 0.000000 0.000000
25.000000 0.520314 15.196927 -0.909009 2.197731 0.000000 0.000000 0.000000 1.000000 0.000000 0.000000
25.000000 0.521781 15.200756 -0.907481 2.182819 0.000000 0.000000 0.000000 1.000000 0.000000 0.000000
25.000000 0.524385 15.052360 -0.901839 2.206052 0.000000 0.000000 0.000000 1.000000 0.000000 0.000000
25.000000 0.530303 15.110779 -0.924492 2.207389 0.000000 0.000000 0.000000 1.000000 0.000000 0.000000
25.000000 0.531864 15.108828 -0.925095 2.190371 0.000000 0.000000 0.000000 1.000000 0.000000 0.000000
25.000000 0.534385 14.985811 -0.920451 2.211261 0.000000 0.000000 0.000000 1.000000 0.000000 0.000000
25.000000 0.540268 15.027956 -0.936891 2.216126 0.000000 0.000000 0.000000 1.000000 0.000000 0.000000
25.000000 0.541778 15.024047 -0.938225 2.198737 0.000000 0.000000 0.000000 1.000000 0.000000 0.000000
25.000000 0.544520 14.888552 -0.932904 2.217667 0.000000 0.000000 0.000000 1.000000 0.000000 0.000000
25.000000 0.550447 14.942295 -0.953832 2.221960 0.000000 0.000000 0.000000 1.000000 0.000000 0.000000
25.000000 0.551870 14.940806 -0.954353 2.206285 0.000000 0.000000 0.000000 1.000000 0.000000 0.000000
25.000000 0.554380 14.810936 -0.949230 2.222816 0.000000 0.000000 0.000000 1.000000 0.000000 0.000000
25.000000 0.560274 14.864240 -0.970178 2.225747 0.000000 0.000000 0.000000 1.000000 0.000000 0.000000
25.000000 0.561800 14.870689 -0.967649 2.208432 0.000000 0.000000 0.000000 1.000000 0.000000 0.000000
25.000000 0.564415 14.712400 -0.961122 2.230752 0.000000 0.000000 0.000000 1.000000 0.000000 0.000000
25.000000 0.570346 14.767355 -0.982861 2.234195 0.000000 0.000000 0.000000 1.000000 0.000000 0.000000
25.000000 0.571904 14.764014 -0.984021 2.216363 0.000000 0.000000 0.000000 1.000000 0.000000 0.000000
25.000000 0.574396 14.628873 -0.978398 2.231745 0.000000 0.000000 0.000000 1.000000 0.000000 0.000000
25.000000 0.580254 14.687112 -1.001500 2.234167 0.000000 0.000000 0.000000 1.000000 0.000000 0.000000
25.000000 0.581819 14.693564 -0.999000 2.216253 0.000000 0.000000 0.000000 1.000000 0.000000 0.000000
25.000000 0.584459 14.545076 -0.992739 2.235667 0.000000 0.000000 0.000000 1.000000 0.000000 0.000000
25.000000 0.590332 14.596841 -1.013455 2.239921 0.000000 0.000000 0.000000 1.000000 0.000000 0.000000
25.000000 0.591993 14.599389 -1.012358 2.220467 0.000000 0.000000 0.000000 1.000000 0.000000 0.000000
25.000000 0.594425 14.458651 -1.006292 2.238422 0.000000 0.000000 0.000000 1.000000 0.000000 0.000000
25.000000 0.600288 14.514256 -1.028587 2.243024 0.000000 0.000000 0.000000 1.000000 0.000000 0.000000
25.000000 0.601843 14.511968 -1.029391 2.223257 0.000000 0.000000 0.000000 1.000000 0.000000 0.000000
25.000000 0.604430 14.391111 -1.024278 2.236097 0.000000 0.000000 0.000000 1.000000 0.000000 0.000000
25.000000 0.610476 14.445091 -1.046129 2.239192 0.000000 0.000000 0.000000 1.000000 0.000000 0.000000
25.000000 0.611910 14.453208 -1.042890 2.218386 0.000000 0.000000 0.000000 1.000000 0.000000 0.000000
25.000000 0.614549 14.296805 -1.035851 2.239738 0.000000 0.000000 0.000000 1.000000 0.000000 0.000000
25.000000 0.620549 14.356115 -1.060067 2.242150 0.000000 0.000000 0.000000 1.000000 0.000000 0.000000
25.000000 0.621857 14.361744 -1.057716 2.219994 0.000000 0.000000 0.000000 1.000000 0.000000 0.000000
25.000000 0.624519 14.206869 -1.050559 2.238786 0.000000 0.000000 0.000000 1.000000 0.000000 0.000000
25.000000 0.630409 14.271028 -1.076899 2.239081 0.000000 0.000000 0.000000 1.000000 0.000000 0.000000
25.000000 0.631963 14.278512 -1.073854 2.218748 0.000000 0.000000 0.000000 1.000000 0.000000 0.000000
25.000000 0.634479 14.112175 -1.065895 2.238198 0.000000 0.000000 0.000000 1.000000 0.000000 0.000000
25.000000 0.640614 14.179530 -1.093773 2.236140 0.000000 0.000000 0.000000 1.000000 0.000000 0.000000
25.000000 0.641873 14.196471 -1.087060 2.214541 0.000000 0.000000 0.000000 1.000000 0.000000 0.000000
25.000000 0.644507 14.040757 -1.079541 2.235226 0.000000 0.000000 0.000000 1.000000 0.000000 0.000000
25.000000 0.650461 14.100766 -1.104457 2.236475 0.000000 0.000000 0.000000 1.000000 0.000000 0.000000
25.000000 0.652198 14.101095 -1.104138 2.215893 0.000000 0.000000 0.000000 1.000000 0.000000 0.000000
25.000000 0.654475 13.969664 -1.097770 2.229799 0.000000 0.000000 0.000000 1.000000 0.000000 0.000000
25.000000 0.660514 14.033973 -1.124712 2.227243 0.000000 0.000000 0.000000 1.000000 0.000000 0.000000
25.000000 0.661918 14.048764 -1.118779 2.206600 0.000000 0.000000 0.000000 1.000000 0.000000 0.000000
25.000000 0.664514 13.882236 -1.110282 2.227058 0.000000 0.000000 0.000000 1.000000 0.000000 0.000000
25.000000 0.670320 13.942474 -1.135609 2.225886 0.000000 0.000000 0.000000 1.000000 0.000000 0.000000
25.000000 0.671965 13.952303 -1.131597 2.202389 0.000000 0.000000 0.000000 1.000000 0.000000 0.000000
25.000000 0.674679 13.776371 -1.122624 2.220516 0.000000 0.000000 0.000000 1.000000 0.000000 0.000000
25.000000 0.680469 13.852216 -1.154681 2.218662 0.000000 0.000000 0.000000 1.000000 0.000000 0.000000
25.000000 0.681885 13.872670 -1.146535 2.194616 0.000000 0.000000 0.000000 1.000000 0.000000 0.000000
25.000000 0.684414 13.700433 -1.137599 2.213708 0.000000 0.000000 0.000000 1.000000 0.000000 0.000000
25.000000 0.690429 13.770316 -1.167428 2.210819 0.000000 0.000000 0.000000 1.000000 0.000000 0.000000
25.000000 0.691917 13.776730 -1.164638 2.188011 0.000000 0.000000 0.000000 1.000000 0.000000 0.000000
25.000000 0.694473 13.633635 -1.157079 2.203807 0.000000 0.000000 0.000000 1.000000 0.000000 0.000000
25.000000 0.700449 13.686469 -1.179735 2.202826 0.000000 0.000000 0.000000 1.000000 0.000000 0.000000
25.000000 0.701848 13.695072 -1.176114 2.180884 0.000000 0.000000 0.000000 1.000000 0.000000 0.000000
25.000000 0.704693 13.548787 -1.168261 2.196754 0.000000 0.000000 0.000000 1.000000 0.000000 0.000000
25.000000 0.710482 13.603518 -1.191919 2.194385 0.000000 0.000000 0.000000 1.000000 0.000000 0.000000
25.000000 0.711926 13.605245 -1.190928 2.170617 0.000000 0.000000 0.000000 1.000000 0.000000 0.000000
25.000000 0.714540 13.446222 -1.182231 2.185578 0.000000 0.000000 0.000000 1.000000 0.000000 0.000000
25.000000 0.720309 13.522941 -1.215468 2.181660 0.000000 0.000000 0.000000 1.000000 0.000000 0.000000
25.000000 0.721885 13.554211 -1.202963 2.156517 0.000000 0.000000 0.000000 1.000000 0.000000 0.000000
25.000000 0.724480 13.365389 -1.192359 2.177143 0.000000 0.000000 0.000000 1.000000 0.000000 0.000000
25.000000 0.730441 13.447236 -1.228186 2.170368 0.000000 0.000000 0.000000 1.000000 0.000000 0.000000
25.000000 0.731977 13.458817 -1.223255 2.144780 0.000000 0.000000 0.000000 1.000000 0.000000 0.000000
25.000000 0.734689 13.295212 -1.213937 2.162299 0.000000 0.000000 0.000000 1.000000 0.000000 0.000000
25.000000 0.740564 13.364861 -1.244734 2.155297 0.000000 0.000000 0.000000 1.000000 0.000000 0.000000
25.000000 0.741877 13.385625 -1.236108 2.127553 0.000000 0.000000 0.000000 1.000000 0.000000 0.000000
25.000000 0.744703 13.198022 -1.225113 2.148482 0.000000 0.000000 0.000000 1.000000 0.000000 0.000000
25.000000 0.750380 13.278070 -1.260520 2.142449 0.000000 0.000000 0.000000 1.000000 0.000000 0.000000
25.000000 0.751942 13.305399 -1.249369 2.115778 0.000000 0.000000 0.000000 1.000000 0.000000 0.000000
25.000000 0.754623 13.120833 -1.238451 2.136091 0.000000 0.000000 0.000000 1.000000 0.000000 0.000000
25.000000 0.760573 13.196965 -1.272354 2.130331 0.000000 0.000000 0.000000 1.000000 0.000000 0.000000
25.000000 0.761912 13.217155 -1.263931 2.101981 0.000000 0.000000 0.000000 1.000000 0.000000 0.000000
25.000000 0.764591 13.033114 -1.252901 2.118612 0.000000 0.000000 0.000000 1.000000 0.000000 0.000000
25.000000 0.770352 13.117496 -1.290871 2.107958 0.000000 0.000000 0.000000 1.000000 0.000000 0.000000
25.000000 0.771980 13.144463 -1.279715 2.082169 0.000000 0.000000 0.000000 1.000000 0.000000 0.000000
25.000000 0.774507 12.968632 -1.268819 2.102077 0.000000 0.000000 0.000000 1.000000 0.000000 0.000000
25.000000 0.780459 13.039226 -1.300758 2.093450 0.000000 0.000000 0.000000 1.000000 0.000000 0.000000
25.000000 0.781924 13.054353 -1.294284 2.069533 0.000000 0.000000 0.000000 1.000000 0.000000 0.000000
25.000000 0.784526 12.886982 -1.283806 2.088778 0.000000 0.000000 0.000000 1.000000 0.000000 0.000000
25.000000 0.790374 12.957970 -1.316108 2.080668 0.000000 0.000000 0.000000 1.000000 0.000000 0.000000
25.000000 0.792388 12.977612 -1.307754 2.052576 0.000000 0.000000 0.000000 1.000000 0.000000 0.000000
25.000000 0.794494 12.807965 -1.297102 2.069968 0.000000 0.000000 0.000000 1.000000 0.000000 0.000000
25.000000 0.800568 12.877035 -1.328756 2.061823 0.000000 0.000000 0.000000 1.000000 0.000000 0.000000
25.000000 0.802285 12.886544 -1.324367 2.034329 0.000000 0.000000 0.000000 1.000000 0.000000 0.000000
25.000000 0.804453 12.732664 -1.314608 2.050350 0.000000 0.000000 0.000000 1.000000 0.000000 0.000000
25.000000 0.810367 12.796771 -1.344408 2.039971 0.000000 0.000000 0.000000 1.000000 0.000000 0.000000
25.000000 0.812155 12.813948 -1.336801 2.011053 0.000000 0.000000 0.000000 1.000000 0.000000 0.000000
25.000000 0.814580 12.633928 -1.324918 2.032241 0.000000 0.000000 0.000000 1.000000 0.000000 0.000000
25.000000 0.820538 12.710373 -1.360377 2.022045 0.000000 0.000000 0.000000 1.000000 0.000000 0.000000
25.000000 0.821914 12.730946 -1.351498 1.993014 0.000000 0.000000 0.000000 1.000000 0.000000 0.000000
25.000000 0.824574 12.554888 -1.339857 2.009128 0.000000 0.000000 0.000000 1.000000 0.000000 0.000000
25.000000 0.830599 12.634953 -1.377304 1.996505 0.000000 0.000000 0.000000 1.000000 0.000000 0.000000
25.000000 0.831941 12.654809 -1.368655 1.968099 0.000000 0.000000 0.000000 1.000000 0.000000 0.000000
25.000000 0.834582 12.467999 -1.355990 1.988307 0.000000 0.000000 0.000000 1.000000 0.000000 0.000000
25.000000 0.840561 12.549491 -1.394431 1.974769 0.000000 0.000000 0.000000 1.000000 0.000000 0.000000
25.000000 0.842103 12.575711 -1.383124 1.945507 0.000000 0.000000 0.000000 1.000000 0.000000 0.000000
25.000000 0.844563 12.386987 -1.370036 1.967190 0.000000 0.000000 0.000000 1.000000 0.000000 0.000000
25.000000 0.850511 12.475485 -1.412055 1.951402 0.000000 0.000000 0.000000 1.000000 0.000000 0.000000
25.000000 0.852105 12.508969 -1.397736 1.919327 0.000000 0.000000 0.000000 1.000000 0.000000 0.000000
25.000000 0.854624 12.308315 -1.383622 1.940682 0.000000 0.000000 0.000000 1.000000 0.000000 0.000000
25.000000 0.860505 12.391862 -1.423466 1.926123 0.000000 0.000000 0.000000 1.000000 0.000000 0.000000
25.000000 0.862035 12.425224 -1.409223 1.896569 0.000000 0.000000 0.000000 1.000000 0.000000 0.000000
25.000000 0.864569 12.223586 -1.394847 1.922665 0.000000 0.000000 0.000000 1.000000 0.000000 0.000000
25.000000 0.870619 12.314146 -1.438553 1.904847 0.000000 0.000000 0.000000 1.000000 0.000000 0.000000
25.000000 0.872060 12.349868 -1.423035 1.870587 0.000000 0.000000 0.000000 1.000000 0.000000 0.000000
25.000000 0.874539 12.133659 -1.407224 1.894841 0.000000 0.000000 0.000000 1.000000 0.000000 0.000000
25.000000 0.880701 12.223168 -1.450270 1.879905 0.000000 0.000000 0.000000 1.000000 0.000000 0.000000
25.000000 0.881963 12.245470 -1.440493 1.851756 0.000000 0.000000 0.000000 1.000000 0.000000 0.000000
25.000000 0.884624 12.071956 -1.427936 1.866180 0.000000 0.000000 0.000000 1.000000 0.000000 0.000000
25.000000 0.890504 12.150018 -1.465823 1.852332 0.000000 0.000000 0.000000 1.000000 0.000000 0.000000
25.000000 0.892127 12.169858 -1.456917 1.823552 0.000000 0.000000 0.000000 1.000000 0.000000 0.000000
25.000000 0.894574 11.994704 -1.443984 1.839890 0.000000 0.000000 0.000000 1.000000 0.000000 0.000000
25.000000 0.900520 12.064971 -1.478143 1.829540 0.000000 0.000000 0.000000 1.000000 0.000000 0.000000
25.000000 0.902002 12.093733 -1.465585 1.798864 0.000000 0.000000 0.000000 1.000000 0.000000 0.000000
25.000000 0.904621 11.904650 -1.451507 1.814560 0.000000 0.000000 0.000000 1.000000 0.000000 0.000000
25.000000 0.910547 11.991247 -1.494145 1.797278 0.000000 0.000000 0.000000 1.000000 0.000000 0.000000
25.000000 0.912022 12.021519 -1.480846 1.767795 0.000000 0.000000 0.000000 1.000000 0.000000 0.000000
25.000000 0.914614 11.828553 -1.466020 1.787911 0.000000 0.000000 0.000000 1.000000 0.000000 0.000000
25.000000 0.920752 11.911851 -1.507486 1.768441 0.000000 0.000000 0.000000 1.000000 0.000000 0.000000
25.000000 0.922021 11.940528 -1.494594 1.733987 0.000000 0.000000 0.000000 1.000000 0.000000 0.000000
25.000000 0.924556 11.754714 -1.480315 1.750169 0.000000 0.000000 0.000000 1.000000 0.000000 0.000000
25.000000 0.930390 11.839709 -1.522492 1.734535 0.000000 0.000000 0.000000 1.000000 0.000000 0.000000
25.000000 0.931978 11.872533 -1.508090 1.704178 0.000000 0.000000 0.000000 1.000000 0.000000 0.000000
25.000000 0.934624 11.677600 -1.492830 1.723412 0.000000 0.000000 0.000000 1.000000 0.000000 0.000000
25.000000 0.940569 11.761319 -1.535009 1.703734 0.000000 0.000000 0.000000 1.000000 0.000000 0.000000
25.000000 0.941964 11.791321 -1.521473 1.671007 0.000000 0.000000 0.000000 1.000000 0.000000 0.000000
25.000000 0.944684 11.606544 -1.506757 1.688597 0.000000 0.000000 0.000000 1.000000 0.000000 0.000000
25.000000 0.950502 11.688118 -1.547879 1.670786 0.000000 0.000000 0.000000 1.000000 0.000000 0.000000
25.000000 0.952037 11.717703 -1.534691 1.642031 0.000000 0.000000 0.000000 1.000000 0.000000 0.000000
25.000000 0.954608 11.506021 -1.517470 1.662839 0.000000 0.000000 0.000000 1.000000 0.000000 0.000000
25.000000 0.960649 11.597146 -1.563978 1.639320 0.000000 0.000000 0.000000 1.000000 0.000000 0.000000
25.000000 0.961992 11.636017 -1.546746 1.607132 0.000000 0.000000 0.000000 1.000000 0.000000 0.000000
25.000000 0.964689 11.427184 -1.529534 1.627508 0.000000 0.000000 0.000000 1.000000 0.000000 0.000000
25.000000 0.970552 11.525549 -1.580240 1.599574 0.000000 0.000000 0.000000 1.000000 0.000000 0.000000
25.000000 0.972079 11.557882 -1.565608 1.569090 0.000000 0.000000 0.000000 1.000000 0.000000 0.000000
25.000000 0.974604 11.326691 -1.546039 1.600092 0.000000 0.000000 0.000000 1.000000 0.000000 0.000000
25.000000 0.980662 11.430908 -1.600074 1.572731 0.000000 0.000000 0.000000 1.000000 0.000000 0.000000
25.000000 0.981984 11.478129 -1.578910 1.533955 0.000000 0.000000 0.000000 1.000000 0.000000 0.000000
25.000000 0.984635 11.277747 -1.561971 1.553371 0.000000 0.000000 0.000000 1.000000 0.000000 0.000000
25.000000 0.990525 11.373478 -1.611848 1.526956 0.000000 0.000000 0.000000 1.000000 0.000000 0.000000
25.000000 0.992165 11.409818 -1.595426 1.495120 0.000000 0.000000 0.000000 1.000000 0.000000 0.000000
25.000000 0.994669 11.193234 -1.576671 1.519759 0.000000 0.000000 0.000000 1.000000 0.000000 0.000000
25.000000 1.000640 11.286929 -1.625956 1.492222 0.000000 0.000000 0.000000 1.000000 0.000000 0.000000
25.000000 1.002080 11.327290 -1.607715 1.459142 0.000000 0.000000 0.000000 1.000000 0.000000 0.000000
25.000000 1.004630 11.114162 -1.589007 1.483922 0.000000 0.000000 0.000000 1.000000 0.000000 0.000000
25.000000 1.010573 11.211733 -1.640836 1.453142 0.000000 0.000000 0.000000 1.000000 0.000000 0.000000
25.000000 1.012090 11.252553 -1.622272 1.420263 0.000000 0.000000 0.000000 1.000000 0.000000 0.000000
25.000000 1.014637 11.036993 -1.602967 1.447661 0.000000 0.000000 0.000000 1.000000 0.000000 0.000000
25.000000 1.020631 11.135179 -1.655469 1.416095 0.000000 0.000000 0.000000 1.000000 0.000000 0.000000
25.000000 1.022216 11.170855 -1.638915 1.382179 0.000000 0.000000 0.000000 1.000000 0.000000 0.000000
25.000000 1.024648 10.959894 -1.619878 1.410049 0.000000 0.000000 0.000000 1.000000 0.000000 0.000000
25.000000 1.030542 11.045041 -1.665903 1.381723 0.000000 0.000000 0.000000 1.000000 0.000000 0.000000
25.000000 1.032192 11.073058 -1.652319 1.347307 0.000000 0.000000 0.000000 1.000000 0.000000 0.000000
25.000000 1.034644 10.890880 -1.635722 1.367211 0.000000 0.000000 0.000000 1.000000 0.000000 0.000000
25.000000 1.040699 10.975837 -1.682078 1.336310 0.000000 0.000000 0.000000 1.000000 0.000000 0.000000
25.000000 1.042165 11.010535 -1.665712 1.302489 0.000000 0.000000 0.000000 1.000000 0.000000 0.000000
25.000000 1.044626 10.802291 -1.646333 1.327727 0.000000 0.000000 0.000000 1.000000 0.000000 0.000000
25.000000 1.050692 10.893785 -1.696398 1.295453 0.000000 0.000000 0.000000 1.000000 0.000000 0.000000
25.000000 1.052112 10.934256 -1.677577 1.260783 0.000000 0.000000 0.000000 1.000000 0.000000 0.000000
25.000000 1.054809 10.725044 -1.657961 1.287155 0.000000 0.000000 0.000000 1.000000 0.000000 0.000000
25.000000 1.060705 10.821409 -1.711145 1.252447 0.000000 0.000000 0.000000 1.000000 0.000000 0.000000
25.000000 1.062145 10.857116 -1.693975 1.214877 0.000000 0.000000 0.000000 1.000000 0.000000 0.000000
25.000000 1.064645 10.657474 -1.675070 1.240345 0.000000 0.000000 0.000000 1.000000 0.000000 0.000000
25.000000 1.070731 10.746158 -1.724612 1.206059 0.000000 0.000000 0.000000 1.000000 0.000000 0.000000
25.000000 1.071997 10.783696 -1.706476 1.167901 0.000000 0.000000 0.000000 1.000000 0.000000 0.000000
25.000000 1.074705 10.559418 -1.684751 1.197735 0.000000 0.000000 0.000000 1.000000 0.000000 0.000000
25.000000 1.080815 10.667012 -1.745064 1.156667 0.000000 0.000000 0.000000 1.000000 0.000000 0.000000
25.000000 1.082116 10.710711 -1.724526 1.122052 0.000000 0.000000 0.000000 1.000000 0.000000 0.000000
25.000000 1.084803 10.503861 -1.704059 1.153372 0.000000 0.000000 0.000000 1.000000 0.000000 0.000000
25.000000 1.090708 10.591012 -1.753499 1.117504 0.000000 0.000000 0.000000 1.000000 0.000000 0.000000
25.000000 1.092213 10.636479 -1.731925 1.079490 0.000000 0.000000 0.000000 1.000000 0.000000 0.000000
25.000000 1.094735 10.419266 -1.710355 1.109957 0.000000 0.000000 0.000000 1.000000 0.000000 0.000000
25.000000 1.100709 10.525195 -1.770613 1.067565 0.000000 0.000000 0.000000 1.000000 0.000000 0.000000
25.000000 1.102021 10.572810 -1.747951 1.028030 0.000000 0.000000 0.000000 1.000000 0.000000 0.000000
25.000000 1.104710 10.358306 -1.726378 1.057924 0.000000 0.000000 0.000000 1.000000 0.000000 0.000000
25.000000 1.110617 10.447508 -1.778000 1.016955 0.000000 0.000000 0.000000 1.000000 0.000000 0.000000
25.000000 1.112231 10.484784 -1.759820 0.983156 0.000000 0.000000 0.000000 1.000000 0.000000 0.000000
25.000000 1.114670 10.277495 -1.738481 1.015654 0.000000 0.000000 0.000000 1.000000 0.000000 0.000000
25.000000 1.120709 10.372514 -1.794245 0.968311 0.000000 0.000000 0.000000 1.000000 0.000000 0.000000
25.000000 1.121968 10.417170 -1.772424 0.928982 0.000000 0.000000 0.000000 1.000000 0.000000 0.000000
25.000000 1.124660 10.185543 -1.748274 0.970372 0.000000 0.000000 0.000000 1.000000 0.000000 0.000000
25.000000 1.130470 10.292139 -1.810396 0.924796 0.000000 0.000000 0.000000 1.000000 0.000000 0.000000
25.000000 1.132053 10.339140 -1.787606 0.885872 0.000000 0.000000 0.000000 1.000000 0.000000 0.000000
25.000000 1.134704 10.111267 -1.763582 0.921554 0.000000 0.000000 0.000000 1.000000 0.000000 0.000000
25.000000 1.140692 10.214487 -1.824098 0.876099 0.000000 0.000000 0.000000 1.000000 0.000000 0.000000
25.000000 1.141981 10.262786 -1.800711 0.835575 0.000000 0.000000 0.000000 1.000000 0.000000 0.000000
25.000000 1.144739 10.048383 -1.778166 0.866480 0.000000 0.000000 0.000000 1.000000 0.000000 0.000000
25.000000 1.150576 10.141161 -1.832772 0.826705 0.000000 0.000000 0.000000 1.000000 0.000000 0.000000
25.000000 1.152204 10.180131 -1.813446 0.789772 0.000000 0.000000 0.000000 1.000000 0.000000 0.000000
25.000000 1.154868 9.965489 -1.790555 0.821330 0.000000 0.000000 0.000000 1.000000 0.000000 0.000000
25.000000 1.160536 10.061855 -1.848330 0.774700 0.000000 0.000000 0.000000 1.000000 0.000000 0.000000
25.000000 1.162037 10.103472 -1.827446 0.735392 0.000000 0.000000 0.000000 1.000000 0.000000 0.000000
25.000000 1.164864 9.889021 -1.804107 0.769818 0.000000 0.000000 0.000000 1.000000 0.000000 0.000000
25.000000 1.170592 9.986730 -1.863128 0.721615 0.000000 0.000000 0.000000 1.000000 0.000000 0.000000
25.000000 1.172251 10.023160 -1.844268 0.681450 0.000000 0.000000 0.000000 1.000000 0.000000 0.000000
25.000000 1.174793 9.804474 -1.820249 0.716852 0.000000 0.000000 0.000000 1.000000 0.000000 0.000000
25.000000 1.180709 9.909474 -1.884154 0.665221 0.000000 0.000000 0.000000 1.000000 0.000000 0.000000
25.000000 1.181982 9.966263 -1.856345 0.622069 0.000000 0.000000 0.000000 1.000000 0.000000 0.000000
25.000000 1.184729 9.746431 -1.831666 0.662330 0.000000 0.000000 0.000000 1.000000 0.000000 0.000000
25.000000 1.190521 9.846430 -1.893442 0.608351 0.000000 0.000000 0.000000 1.000000 0.000000 0.000000
25.000000 1.192168 9.889888 -1.871250 0.567954 0.000000 0.000000 0.000000 1.000000 0.000000 0.000000
25.000000 1.194666 9.671098 -1.846291 0.606910 0.000000 0.000000 0.000000 1.000000 0.000000 0.000000
25.000000 1.200589 9.765351 -1.904679 0.556406 0.000000 0.000000 0.000000 1.000000 0.000000 0.000000
25.000000 1.202067 9.807199 -1.883439 0.518189 0.000000 0.000000 0.000000 1.000000 0.000000 0.000000
25.000000 1.204772 9.599756 -1.859738 0.552305 0.000000 0.000000 0.000000 1.000000 0.000000 0.000000
25.000000 1.210536 9.691481 -1.917756 0.497551 0.000000 0.000000 0.000000 1.000000 0.000000 0.000000
25.000000 1.212116 9.737688 -1.894054 0.455706 0.000000 0.000000 0.000000 1.000000 0.000000 0.000000
25.000000 1.214803 9.513544 -1.867939 0.498574 0.000000 0.000000 0.000000 1.000000 0.000000 0.000000
25.000000 1.220688 9.613267 -1.930955 0.442196 0.000000 0.000000 0.000000 1.000000 0.000000 0.000000
25.000000 1.222099 9.659336 -1.907257 0.400558 0.000000 0.000000 0.000000 1.000000 0.000000 0.000000
25.000000 1.224674 9.449975 -1.882644 0.436823 0.000000 0.000000 0.000000 1.000000 0.000000 0.000000
25.000000 1.230615 9.549776 -1.946575 0.376333 0.000000 0.000000 0.000000 1.000000 0.000000 0.000000
25.000000 1.232069 9.587243 -1.926673 0.338131 0.000000 0.000000 0.000000 1.000000 0.000000 0.000000
25.000000 1.234704 9.382895 -1.902197 0.377015 0.000000 0.000000 0.000000 1.000000 0.000000 0.000000
25.000000 1.240875 9.469916 -1.958733 0.321362 0.000000 0.000000 0.000000 1.000000 0.000000 0.000000
25.000000 1.242135 9.508777 -1.938176 0.283462 0.000000 0.000000 0.000000 1.000000 0.000000 0.000000
25.000000 1.244647 9.313955 -1.914573 0.321394 0.000000 0.000000 0.000000 1.000000 0.000000 0.000000
25.000000 1.250654 9.400776 -1.971836 0.262588 0.000000 0.000000 0.000000 1.000000 0.000000 0.000000
25.000000 1.252020 9.443180 -1.949149 0.220328 0.000000 0.000000 0.000000 1.000000 0.000000 0.000000
25.000000 1.254729 9.233200 -1.923420 0.261436 0.000000 0.000000 0.000000 1.000000 0.000000 0.000000
25.000000 1.260638 9.327880 -1.986116 0.197789 0.000000 0.000000 0.000000 1.000000 0.000000 0.000000
25.000000 1.262062 9.371489 -1.962984 0.157119 0.000000 0.000000 0.000000 1.000000 0.000000 0.000000
25.000000 1.264709 9.153827 -1.935884 0.205389 0.000000 0.000000 0.000000 1.000000 0.000000 0.000000
25.000000 1.270663 9.252493 -2.001403 0.141076 0.000000 0.000000 0.000000 1.000000 0.000000 0.000000
25.000000 1.272121 9.304898 -1.973951 0.095654 0.000000 0.000000 0.000000 1.000000 0.000000 0.000000
25.000000 1.274705 9.082022 -1.945955 0.143413 0.000000 0.000000 0.000000 1.000000 0.000000 0.000000
25.000000 1.280665 9.181763 -2.012772 0.076533 0.000000 0.000000 0.000000 1.000000 0.000000 0.000000
25.000000 1.282075 9.220026 -1.991762 0.036876 0.000000 0.000000 0.000000 1.000000 0.000000 0.000000
25.000000 1.284754 9.027569 -1.967245 0.076648 0.000000 0.000000 0.000000 1.000000 0.000000 0.000000
25.000000 1.290648 9.113199 -2.025180 0.017233 0.000000 0.000000 0.000000 1.000000 0.000000 0.000000
25.000000 1.292174 9.153193 -2.004903 -0.009473 0.000000 0.000000 0.000000 1.000000 0.000000 0.000000
25.000000 1.294724 8.959982 -1.979494 0.056358 0.000000 0.000000 0.000000 1.000000 0.000000 0.000000
25.000000 1.300847 9.059049 -2.039025 0.036842 0.000000 0.000000 0.000000 1.000000 0.000000 0.000000
25.000000 1.302064 9.117020 -2.014901 0.035166 0.000000 0.000000 0.000000 1.000000 0.000000 0.000000
25.000000 1.304758 8.914417 -1.987973 0.104354 0.000000 0.000000 0.000000 1.000000 0.000000 0.000000
25.000000 1.310683 9.012830 -2.047229 0.085764 0.000000 0.000000 0.000000 1.000000 0.000000 0.000000
25.000000 1.312178 9.072166 -2.022259 0.081983 0.000000 0.000000 0.000000 1.000000 0.000000 0.000000
25.000000 1.314713 8.862187 -1.994355 0.150955 0.000000 0.000000 0.000000 1.000000 0.000000 0.000000
25.000000 1.320845 8.969361 -2.059217 0.130919 0.000000 0.000000 0.000000 1.000000 0.000000 0.000000
25.000000 1.322073 9.030172 -2.033585 0.127221 0.000000 0.000000 0.000000 1.000000 0.000000 0.000000
25.000000 1.324722 8.826957 -2.006340 0.193570 0.000000 0.000000 0.000000 1.000000 0.000000 0.000000
25.000000 1.330695 8.931460 -2.069624 0.175403 0.000000 0.000000 0.000000 1.000000 0.000000 0.000000
25.000000 1.332137 8.992347 -2.044002 0.172358 0.000000 0.000000 0.000000 1.000000 0.000000 0.000000
25.000000 1.334707 8.785486 -2.016085 0.238299 0.000000 0.000000 0.000000 1.000000 0.000000 0.000000
25.000000 1.340818 8.890165 -2.079995 0.218725 0.000000 0.000000 0.000000 1.000000 0.000000 0.000000
25.000000 1.342094 8.947546 -2.055754 0.215558 0.000000 0.000000 0.000000 1.000000 0.000000 0.000000
25.000000 1.344748 8.741541 -2.027732 0.281747 0.000000 0.000000 0.000000 1.000000 0.000000 0.000000
25.000000 1.350760 8.843095 -2.089722 0.264994 0.000000 0.000000 0.000000 1.000000 0.000000 0.000000
25.000000 1.352181 8.905598 -2.063159 0.261022 0.000000 0.000000 0.000000 1.000000 0.000000 0.000000
25.000000 1.354764 8.702732 -2.035357 0.323948 0.000000 0.000000 0.000000 1.000000 0.000000 0.000000
25.000000 1.360817 8.807206 -2.099816 0.303760 0.000000 0.000000 0.000000 1.000000 0.000000 0.000000
25.000000 1.362086 8.864087 -2.075587 0.299855 0.000000 0.000000 0.000000 1.000000 0.000000 0.000000
25.000000 1.364743 8.650113 -2.046095 0.366240 0.000000 0.000000 0.000000 1.000000 0.000000 0.000000
25.000000 1.370696 8.757430 -2.112410 0.347517 0.000000 0.000000 0.000000 1.000000 0.000000 0.000000
25.000000 1.372045 8.820797 -2.085060 0.340702 0.000000 0.000000 0.000000 1.000000 0.000000 0.000000
25.000000 1.374768 8.598149 -2.054226 0.409081 0.000000 0.000000 0.000000 1.000000 0.000000 0.000000
25.000000 1.380797 8.713514 -2.126193 0.387526 0.000000 0.000000 0.000000 1.000000 0.000000 0.000000
25.000000 1.382084 8.772573 -2.100462 0.379514 0.000000 0.000000 0.000000 1.000000 0.000000 0.000000
25.000000 1.384706 8.575905 -2.072991 0.439862 0.000000 0.000000 0.000000 1.000000 0.000000 0.000000
25.000000 1.390746 8.673350 -2.133235 0.426550 0.000000 0.000000 0.000000 1.000000 0.000000 0.000000
25.000000 1.392185 8.730434 -2.108498 0.420077 0.000000 0.000000 0.000000 1.000000 0.000000 0.000000
25.000000 1.394761 8.530590 -2.080452 0.480740 0.000000 0.000000 0.000000 1.000000 0.000000 0.000000
25.000000 1.400731 8.633764 -2.144897 0.464773 0.000000 0.000000 0.000000 1.000000 0.000000 0.000000
25.000000 1.402110 8.695735 -2.117791 0.456649 0.000000 0.000000 0.000000 1.000000 0.000000 0.000000
25.000000 1.404737 8.488206 -2.088362 0.518056 0.000000 0.000000 0.000000 1.000000 0.000000 0.000000
25.000000 1.410726 8.586406 -2.150279 0.500480 0.000000 0.000000 0.000000 1.000000 0.000000 0.000000
25.000000 1.412068 8.647757 -2.123235 0.491362 0.000000 0.000000 0.000000 1.000000 0.000000 0.000000
25.000000 1.414797 8.431642 -2.092448 0.556616 0.000000 0.000000 0.000000 1.000000 0.000000 0.000000
25.000000 1.420733 8.545728 -2.164648 0.537297 0.000000 0.000000 0.000000 1.000000 0.000000 0.000000
25.000000 1.422106 8.610286 -2.136129 0.527457 0.000000 0.000000 0.000000 1.000000 0.000000 0.000000
25.000000 1.424734 8.398729 -2.105755 0.588480 0.000000 0.000000 0.000000 1.000000 0.000000 0.000000
25.000000 1.430758 8.505371 -2.173509 0.570063 0.000000 0.000000 0.000000 1.000000 0.000000 0.000000
25.000000 1.432152 8.555344 -2.151490 0.562444 0.000000 0.000000 0.000000 1.000000 0.000000 0.000000
25.000000 1.434744 8.361762 -2.123581 0.620035 0.000000 0.000000 0.000000 1.000000 0.000000 0.000000
25.000000 1.440845 8.464740 -2.189276 0.604020 0.000000 0.000000 0.000000 1.000000 0.000000 0.000000
25.000000 1.442200 8.528982 -2.160504 0.592098 0.000000 0.000000 0.000000 1.000000 0.000000 0.000000
25.000000 1.444762 8.310020 -2.128478 0.656409 0.000000 0.000000 0.000000 1.000000 0.000000 0.000000
25.000000 1.450604 8.415221 -2.196081 0.638021 0.000000 0.000000 0.000000 1.000000 0.000000 0.000000
25.000000 1.452105 8.481385 -2.166179 0.623339 0.000000 0.000000 0.000000 1.000000 0.000000 0.000000
25.000000 1.454807 8.265306 -2.134643 0.685070 0.000000 0.000000 0.000000 1.000000 0.000000 0.000000
25.000000 1.460922 8.376396 -2.205880 0.668873 0.000000 0.000000 0.000000 1.000000 0.000000 0.000000
25.000000 1.462262 8.440633 -2.177043 0.656592 0.000000 0.000000 0.000000 1.000000 0.000000 0.000000
25.000000 1.464770 8.221610 -2.144793 0.716937 0.000000 0.000000 0.000000 1.000000 0.000000 0.000000
25.000000 1.470666 8.329713 -2.214780 0.698701 0.000000 0.000000 0.000000 1.000000 0.000000 0.000000
25.000000 1.472062 8.387608 -2.188950 0.689834 0.000000 0.000000 0.000000 1.000000 0.000000 0.000000
25.000000 1.474797 8.186211 -2.158902 0.745654 0.000000 0.000000 0.000000 1.000000 0.000000 0.000000
25.000000 1.480834 8.292122 -2.227943 0.726466 0.000000 0.000000 0.000000 1.000000 0.000000 0.000000
25.000000 1.482250 8.350142 -2.201976 0.717088 0.000000 0.000000 0.000000 1.000000 0.000000 0.000000
25.000000 1.484816 8.146269 -2.171316 0.772641 0.000000 0.000000 0.000000 1.000000 0.000000 0.000000
25.000000 1.490686 8.249625 -2.239059 0.753534 0.000000 0.000000 0.000000 1.000000 0.000000 0.000000
25.000000 1.492147 8.310211 -2.211645 0.741411 0.000000 0.000000 0.000000 1.000000 0.000000 0.000000
25.000000 1.494929 8.105828 -2.180785 0.797558 0.000000 0.000000 0.000000 1.000000 0.000000 0.000000
25.000000 1.500755 8.210021 -2.249294 0.779338 0.000000 0.000000 0.000000 1.000000 0.000000 0.000000
25.000000 1.502304 8.279727 -2.217517 0.764344 0.000000 0.000000 0.000000 1.000000 0.000000 0.000000
25.000000 1.504979 8.038308 -2.180784 0.829053 0.000000 0.000000 0.000000 1.000000 0.000000 0.000000
25.000000 1.510717 8.160764 -2.261643 0.807255 0.000000 0.000000 0.000000 1.000000 0.000000 0.000000
25.000000 1.512123 8.231898 -2.229685 0.796278 0.000000 0.000000 0.000000 1.000000 0.000000 0.000000
25.000000 1.514870 8.002774 -2.194509 0.856353 0.000000 0.000000 0.000000 1.000000 0.000000 0.000000
25.000000 1.520820 8.119407 -2.272268 0.833075 0.000000 0.000000 0.000000 1.000000 0.000000 0.000000
25.000000 1.522076 8.186485 -2.241804 0.820260 0.000000 0.000000 0.000000 1.000000 0.000000 0.000000
25.000000 1.524849 7.967945 -2.208025 0.877306 0.000000 0.000000 0.000000 1.000000 0.000000 0.000000
25.000000 1.530990 8.077558 -2.281254 0.856609 0.000000 0.000000 0.000000 1.000000 0.000000 0.000000
25.000000 1.532170 8.137126 -2.253941 0.842766 0.000000 0.000000 0.000000 1.000000 0.000000 0.000000
25.000000 1.534777 7.941168 -2.223573 0.894380 0.000000 0.000000 0.000000 1.000000 0.000000 0.000000
25.000000 1.541018 8.045646 -2.293414 0.876923 0.000000 0.000000 0.000000 1.000000 0.000000 0.000000
25.000000 1.542257 8.112063 -2.262747 0.860481 0.000000 0.000000 0.000000 1.000000 0.000000 0.000000
25.000000 1.544874 7.894635 -2.228736 0.917240 0.000000 0.000000 0.000000 1.000000 0.000000 0.000000
25.000000 1.550900 8.002008 -2.300537 0.900341 0.000000 0.000000 0.000000 1.000000 0.000000 0.000000
25.000000 1.552161 8.068074 -2.270169 0.885110 0.000000 0.000000 0.000000 1.000000 0.000000 0.000000
25.000000 1.554785 7.846302 -2.235376 0.942372 0.000000 0.000000 0.000000 1.000000 0.000000 0.000000
25.000000 1.560979 7.954162 -2.308266 0.923431 0.000000 0.000000 0.000000 1.000000 0.000000 0.000000
25.000000 1.562138 8.016827 -2.279323 0.909316 0.000000 0.000000 0.000000 1.000000 0.000000 0.000000
25.000000 1.564821 7.794201 -2.243891 0.968050 0.000000 0.000000 0.000000 1.000000 0.000000 0.000000
25.000000 1.570904 7.910337 -2.323183 0.944699 0.000000 0.000000 0.000000 1.000000 0.000000 0.000000
25.000000 1.572174 7.968599 -2.296033 0.929098 0.000000 0.000000 0.000000 1.000000 0.000000 0.000000
25.000000 1.575086 7.762276 -2.263036 0.980660 0.000000 0.000000 0.000000 1.000000 0.000000 0.000000
25.000000 1.581020 7.866774 -2.334221 0.962397 0.000000 0.000000 0.000000 1.000000 0.000000 0.000000
25.000000 1.582208 7.928717 -2.305254 0.944746 0.000000 0.000000 0.000000 1.000000 0.000000 0.000000
25.000000 1.584827 7.724906 -2.272608 0.995540 0.000000 0.000000 0.000000 1.000000 0.000000 0.000000
25.000000 1.590847 7.830459 -2.344662 0.978549 0.000000 0.000000 0.000000 1.000000 0.000000 0.000000
25.000000 1.592123 7.904217 -2.310058 0.957820 0.000000 0.000000 0.000000 1.000000 0.000000 0.000000
25.000000 1.594785 7.670555 -2.272307 1.017092 0.000000 0.000000 0.000000 1.000000 0.000000 0.000000
25.000000 1.600982 7.786784 -2.352279 0.996409 0.000000 0.000000 0.000000 1.000000 0.000000 0.000000
25.000000 1.602197 7.849896 -2.322671 0.978892 0.000000 0.000000 0.000000 1.000000 0.000000 0.000000
25.000000 1.604867 7.644893 -2.289300 1.029261 0.000000 0.000000 0.000000 1.000000 0.000000 0.000000
25.000000 1.610707 7.752501 -2.363795 1.008963 0.000000 0.000000 0.000000 1.000000 0.000000 0.000000
25.000000 1.612146 7.821447 -2.331546 0.991766 0.000000 0.000000 0.000000 1.000000 0.000000 0.000000
25.000000 1.614806 7.584019 -2.292393 1.053366 0.000000 0.000000 0.000000 1.000000 0.000000 0.000000
25.000000 1.620807 7.703446 -2.375818 1.028937 0.000000 0.000000 0.000000 1.000000 0.000000 0.000000
25.000000 1.622153 7.769130 -2.344626 1.008227 0.000000 0.000000 0.000000 1.000000 0.000000 0.000000
25.000000 1.624820 7.547267 -2.307964 1.062141 0.000000 0.000000 0.000000 1.000000 0.000000 0.000000
25.000000 1.630889 7.656574 -2.384518 1.040665 0.000000 0.000000 0.000000 1.000000 0.000000 0.000000
25.000000 1.632142 7.726667 -2.351215 1.019336 0.000000 0.000000 0.000000 1.000000 0.000000 0.000000
25.000000 1.634860 7.506744 -2.314613 1.073179 0.000000 0.000000 0.000000 1.000000 0.000000 0.000000
25.000000 1.640815 7.622400 -2.396049 1.049637 0.000000 0.000000 0.000000 1.000000 0.000000 0.000000
25.000000 1.642167 7.694351 -2.362004 1.029584 0.000000 0.000000 0.000000 1.000000 0.000000 0.000000
25.000000 1.644817 7.461874 -2.322896 1.087860 0.000000 0.000000 0.000000 1.000000 0.000000 0.000000
25.000000 1.650747 7.576154 -2.403816 1.063906 0.000000 0.000000 0.000000 1.000000 0.000000 0.000000
25.000000 1.652273 7.643714 -2.371743 1.044650 0.000000 0.000000 0.000000 1.000000 0.000000 0.000000
25.000000 1.654834 7.432345 -2.335965 1.095701 0.000000 0.000000 0.000000 1.000000 0.000000 0.000000
25.000000 1.660809 7.542331 -2.414462 1.070527 0.000000 0.000000 0.000000 1.000000 0.000000 0.000000
25.000000 1.662377 7.606078 -2.383983 1.050589 0.000000 0.000000 0.000000 1.000000 0.000000 0.000000
25.000000 1.665040 7.387166 -2.346645 1.105676 0.000000 0.000000 0.000000 1.000000 0.000000 0.000000
25.000000 1.670766 7.494645 -2.423524 1.082740 0.000000 0.000000 0.000000 1.000000 0.000000 0.000000
25.000000 1.672271 7.559969 -2.392083 1.061265 0.000000 0.000000 0.000000 1.000000 0.000000 0.000000
25.000000 1.674980 7.342902 -2.354807 1.115794 0.000000 0.000000 0.000000 1.000000 0.000000 0.000000
25.000000 1.680871 7.455455 -2.435457 1.092764 0.000000 0.000000 0.000000 1.000000 0.000000 0.000000
25.000000 1.682240 7.524826 -2.402044 1.069602 0.000000 0.000000 0.000000 1.000000 0.000000 0.000000
25.000000 1.684835 7.289616 -2.361485 1.125694 0.000000 0.000000 0.000000 1.000000 0.000000 0.000000
25.000000 1.690762 7.415435 -2.452421 1.097610 0.000000 0.000000 0.000000 1.000000 0.000000 0.000000
25.000000 1.692247 7.485688 -2.418486 1.073174 0.000000 0.000000 0.000000 1.000000 0.000000 0.000000
25.000000 1.695009 7.263168 -2.379830 1.127360 0.000000 0.000000 0.000000 1.000000 0.000000 0.000000
25.000000 1.701020 7.369774 -2.457019 1.105158 0.000000 0.000000 0.000000 1.000000 0.000000 0.000000
25.000000 1.702291 7.440488 -2.422806 1.081774 0.000000 0.000000 0.000000 1.000000 0.000000 0.000000
25.000000 1.705036 7.208263 -2.382025 1.137976 0.000000 0.000000 0.000000 1.000000 0.000000 0.000000
25.000000 1.711003 7.324594 -2.466513 1.113209 0.000000 0.000000 0.000000 1.000000 0.000000 0.000000
25.000000 1.712161 7.391558 -2.434206 1.091045 0.000000 0.000000 0.000000 1.000000 0.000000 0.000000
25.000000 1.714926 7.174664 -2.396095 1.141074 0.000000 0.000000 0.000000 1.000000 0.000000 0.000000
25.000000 1.720859 7.284142 -2.476404 1.115741 0.000000 0.000000 0.000000 1.000000 0.000000 0.000000
25.000000 1.722216 7.357278 -2.440880 1.091420 0.000000 0.000000 0.000000 1.000000 0.000000 0.000000
25.000000 1.724881 7.126174 -2.399735 1.148046 0.000000 0.000000 0.000000 1.000000 0.000000 0.000000
25.000000 1.730806 7.247691 -2.489058 1.120445 0.000000 0.000000 0.000000 1.000000 0.000000 0.000000
25.000000 1.732207 7.312833 -2.457374 1.097469 0.000000 0.000000 0.000000 1.000000 0.000000 0.000000
25.000000 1.734952 7.100464 -2.419459 1.146106 0.000000 0.000000 0.000000 1.000000 0.000000 0.000000
25.000000 1.740823 7.205884 -2.497685 1.120062 0.000000 0.000000 0.000000 1.000000 0.000000 0.000000
25.000000 1.742227 7.270843 -2.465770 1.095643 0.000000 0.000000 0.000000 1.000000 0.000000 0.000000
25.000000 1.745016 7.055791 -2.426960 1.148534 0.000000 0.000000 0.000000 1.000000 0.000000 0.000000
25.000000 1.750807 7.164661 -2.508132 1.121716 0.000000 0.000000 0.000000 1.000000 0.000000 0.000000
25.000000 1.752337 7.235264 -2.473554 1.097318 0.000000 0.000000 0.000000 1.000000 0.000000 0.000000
25.000000 1.754900 6.998482 -2.430342 1.155875 0.000000 0.000000 0.000000 1.000000 0.000000 0.000000
25.000000 1.760879 7.119487 -2.521431 1.122907 0.000000 0.000000 0.000000 1.000000 0.000000 0.000000
25.000000 1.762262 7.189697 -2.486607 1.094341 0.000000 0.000000 0.000000 1.000000 0.000000 0.000000
25.000000 1.764890 6.962681 -2.445153 1.147358 0.000000 0.000000 0.000000 1.000000 0.000000 0.000000
25.000000 1.770842 7.078271 -2.531958 1.119072 0.000000 0.000000 0.000000 1.000000 0.000000 0.000000
25.000000 1.772299 7.145420 -2.498985 1.094946 0.000000 0.000000 0.000000 1.000000 0.000000 0.000000
25.000000 1.774899 6.933098 -2.459810 1.145654 0.000000 0.000000 0.000000 1.000000 0.000000 0.000000
25.000000 1.780854 7.039550 -2.540212 1.118741 0.000000 0.000000 0.000000 1.000000 0.000000 0.000000
25.000000 1.782434 7.104937 -2.507801 1.093003 0.000000 0.000000 0.000000 1.000000 0.000000 0.000000
25.000000 1.784983 6.888457 -2.467659 1.143592 0.000000 0.000000 0.000000 1.000000 0.000000 0.000000
25.000000 1.790820 6.998778 -2.551386 1.115251 0.000000 0.000000 0.000000 1.000000 0.000000 0.000000
25.000000 1.792388 7.071219 -2.515598 1.088412 0.000000 0.000000 0.000000 1.000000 0.000000 0.000000
25.000000 1.794959 6.844823 -2.473294 1.142565 0.000000 0.000000 0.000000 1.000000 0.000000 0.000000
25.000000 1.800862 6.958802 -2.560682 1.110482 0.000000 0.000000 0.000000 1.000000 0.000000 0.000000
25.000000 1.802256 7.028924 -2.525725 1.082721 0.000000 0.000000 0.000000 1.000000 0.000000 0.000000
25.000000 1.805026 6.805731 -2.483655 1.136905 0.000000 0.000000 0.000000 1.000000 0.000000 0.000000
25.000000 1.810935 6.915832 -2.568423 1.105707 0.000000 0.000000 0.000000 1.000000 0.000000 0.000000
25.000000 1.812290 6.990266 -2.531475 1.078479 0.000000 0.000000 0.000000 1.000000 0.000000 0.000000
25.000000 1.815105 6.744680 -2.484805 1.137162 0.000000 0.000000 0.000000 1.000000 0.000000 0.000000
25.000000 1.820916 6.871160 -2.582605 1.100602 0.000000 0.000000 0.000000 1.000000 0.000000 0.000000
25.000000 1.822267 6.944286 -2.546504 1.074965 0.000000 0.000000 0.000000 1.000000 0.000000 0.000000
25.000000 1.825224 6.708746 -2.501484 1.129344 0.000000 0.000000 0.000000 1.000000 0.000000 0.000000
25.000000 1.830809 6.830465 -2.595938 1.094501 0.000000 0.000000 0.000000 1.000000 0.000000 0.000000
25.000000 1.832330 6.899943 -2.561491 1.068800 0.000000 0.000000 0.000000 1.000000 0.000000 0.000000
25.000000 1.834967 6.684343 -2.520013 1.119332 0.000000 0.000000 0.000000 1.000000 0.000000 0.000000
25.000000 1.840893 6.793258 -2.605331 1.086312 0.000000 0.000000 0.000000 1.000000 0.000000 0.000000
25.000000 1.842225 6.870952 -2.566550 1.057347 0.000000 0.000000 0.000000 1.000000 0.000000 0.000000
25.000000 1.845015 6.643296 -2.522268 1.112884 0.000000 0.000000 0.000000 1.000000 0.000000 0.000000
25.000000 1.850809 6.754753 -2.610399 1.075839 0.000000 0.000000 0.000000 1.000000 0.000000 0.000000
25.000000 1.852349 6.828240 -2.573274 1.045055 0.000000 0.000000 0.000000 1.000000 0.000000 0.000000
25.000000 1.855022 6.598232 -2.528385 1.103999 0.000000 0.000000 0.000000 1.000000 0.000000 0.000000
25.000000 1.860906 6.713883 -2.619568 1.069723 0.000000 0.000000 0.000000 1.000000 0.000000 0.000000
25.000000 1.862290 6.778346 -2.586699 1.040556 0.000000 0.000000 0.000000 1.000000 0.000000 0.000000
25.000000 1.865180 6.563782 -2.544523 1.094134 0.000000 0.000000 0.000000 1.000000 0.000000 0.000000
25.000000 1.870875 6.673523 -2.632098 1.058080 0.000000 0.000000 0.000000 1.000000 0.000000 0.000000
25.000000 1.872292 6.744733 -2.595677 1.026054 0.000000 0.000000 0.000000 1.000000 0.000000 0.000000
25.000000 1.875115 6.524511 -2.551985 1.081802 0.000000 0.000000 0.000000 1.000000 0.000000 0.000000
25.000000 1.880921 6.635446 -2.640973 1.044229 0.000000 0.000000 0.000000 1.000000 0.000000 0.000000
25.000000 1.882359 6.704827 -2.605435 1.012757 0.000000 0.000000 0.000000 1.000000 0.000000 0.000000
25.000000 1.885124 6.480876 -2.560721 1.070659 0.000000 0.000000 0.000000 1.000000 0.000000 0.000000
25.000000 1.890885 6.599154 -2.655754 1.032004 0.000000 0.000000 0.000000 1.000000 0.000000 0.000000
25.000000 1.892292 6.676048 -2.616395 0.997378 0.000000 0.000000 0.000000 1.000000 0.000000 0.000000
25.000000 1.894995 6.450554 -2.571161 1.053080 0.000000 0.000000 0.000000 1.000000 0.000000 0.000000
25.000000 1.900932 6.556726 -2.657195 1.015632 0.000000 0.000000 0.000000 1.000000 0.000000 0.000000
25.000000 1.902321 6.626798 -2.621358 0.985381 0.000000 0.000000 0.000000 1.000000 0.000000 0.000000
25.000000 1.905162 6.417518 -2.578991 1.040202 0.000000 0.000000 0.000000 1.000000 0.000000 0.000000
25.000000 1.910851 6.524598 -2.666512 1.000485 0.000000 0.000000 0.000000 1.000000 0.000000 0.000000
25.000000 1.912482 6.585847 -2.634589 0.970049 0.000000 0.000000 0.000000 1.000000 0.000000 0.000000
25.000000 1.920982 6.571855 -2.632818 0.959772 0.000000 0.000000 0.000000 1.000000 0.000000 0.000000
25.000000 1.922308 6.542054 -2.645828 0.953135 0.000000 0.000000 0.000000 1.000000 0.000000 0.000000
25.000000 1.930843 6.532303 -2.644894 0.942011 0.000000 0.000000 0.000000 1.000000 0.000000 0.000000
25.000000 1.932353 6.502438 -2.658122 0.937056 0.000000 0.000000 0.000000 1.000000 0.000000 0.000000
25.000000 1.941004 6.486624 -2.655981 0.926837 0.000000 0.000000 0.000000 1.000000 0.000000 0.000000
25.000000 1.942321 6.462715 -2.666173 0.919487 0.000000 0.000000 0.000000 1.000000 0.000000 0.000000
25.000000 1.950926 6.452137 -2.665231 0.906303 0.000000 0.000000 0.000000 1.000000 0.000000 0.000000
25.000000 1.952341 6.431304 -2.673886 0.898156 0.000000 0.000000 0.000000 1.000000 0.000000 0.000000
25.000000 1.960918 6.419383 -2.672804 0.883434 0.000000 0.000000 0.000000 1.000000 0.000000 0.000000
25.000000 1.962293 6.392982 -2.683926 0.874664 0.000000 0.000000 0.000000 1.000000 0.000000 0.000000
25.000000 1.970946 6.383998 -2.683375 0.860131 0.000000 0.000000 0.000000 1.000000 0.000000 0.000000
25.000000 1.972317 6.355353 -2.695563 0.851768 0.000000 0.000000 0.000000 1.000000 0.000000 0.000000
25.000000 1.981068 6.342553 -2.694413 0.835556 0.000000 0.000000 0.000000 1.000000 0.000000 0.000000
25.000000 1.982354 6.308004 -2.709633 0.829975 0.000000 0.000000 0.000000 1.000000 0.000000 0.000000
25.000000 1.991014 6.296081 -2.708397 0.816764 0.000000 0.000000 0.000000 1.000000 0.000000 0.000000
25.000000 1.992314 6.273929 -2.717157 0.805359 0.000000 0.000000 0.000000 1.000000 0.000000 0.000000
25.000000 2.001063 6.259699 -2.715283 0.794516 0.000000 0.000000 0.000000 1.000000 0.000000 0.000000
25.000000 2.002363 6.234803 -2.725558 0.785036 0.000000 0.000000 0.000000 1.000000 0.000000 0.000000
25.000000 2.010916 6.222807 -2.724616 0.767867 0.000000 0.000000 0.000000 1.000000 0.000000 0.000000
25.000000 2.012352 6.201117 -2.733043 0.755851 0.000000 0.000000 0.000000 1.000000 0.000000 0.000000
25.000000 2.021025 6.176891 -2.729080 0.746529 0.000000 0.000000 0.000000 1.000000 0.000000 0.000000
25.000000 2.022407 6.142295 -2.743801 0.736991 0.000000 0.000000 0.000000 1.000000 0.000000 0.000000
25.000000 2.030959 6.143645 -2.746264 0.709982 0.000000 0.000000 0.000000 1.000000 0.000000 0.000000
25.000000 2.032403 6.118604 -2.756363 0.699584 0.000000 0.000000 0.000000 1.000000 0.000000 0.000000
25.000000 2.041141 6.100406 -2.753526 0.690339 0.000000 0.000000 0.000000 1.000000 0.000000 0.000000
25.000000 2.042650 6.073100 -2.764592 0.679221 0.000000 0.000000 0.000000 1.000000 0.000000 0.000000
25.000000 2.050887 6.052891 -2.761806 0.664325 0.000000 0.000000 0.000000 1.000000 0.000000 0.000000
25.000000 2.052395 6.031994 -2.769303 0.648858 0.000000 0.000000 0.000000 1.000000 0.000000 0.000000
25.000000 2.060909 6.027315 -2.770165 0.627120 0.000000 0.000000 0.000000 1.000000 0.000000 0.000000
25.000000 2.062382 6.000425 -2.780942 0.615865 0.000000 0.000000 0.000000 1.000000 0.000000 0.000000
25.000000 2.070953 5.980049 -2.778189 0.599801 0.000000 0.000000 0.000000 1.000000 0.000000 0.000000
25.000000 2.072397 5.946263 -2.792169 0.589024 0.000000 0.000000 0.000000 1.000000 0.000000 0.000000
25.000000 2.080957 5.933022 -2.790794 0.573446 0.000000 0.000000 0.000000 1.000000 0.000000 0.000000
25.000000 2.082645 5.905683 -2.801570 0.561039 0.000000 0.000000 0.000000 1.000000 0.000000 0.000000
25.000000 2.090936 5.905836 -2.803662 0.536421 0.000000 0.000000 0.000000 1.000000 0.000000 0.000000
25.000000 2.092597 5.878516 -2.814059 0.521962 0.000000 0.000000 0.000000 1.000000 0.000000 0.000000
25.000000 2.101030 5.857483 -2.811174 0.505251 0.000000 0.000000 0.000000 1.000000 0.000000 0.000000
25.000000 2.102406 5.833646 -2.819728 0.489333 0.000000 0.000000 0.000000 1.000000 0.000000 0.000000
25.000000 2.110969 5.825171 -2.820000 0.465551 0.000000 0.000000 0.000000 1.000000 0.000000 0.000000
25.000000 2.112417 5.799169 -2.829683 0.451100 0.000000 0.000000 0.000000 1.000000 0.000000 0.000000
25.000000 2.121002 5.798096 -2.831714 0.424516 0.000000 0.000000 0.000000 1.000000 0.000000 0.000000
25.000000 2.122674 5.771597 -2.841599 0.410521 0.000000 0.000000 0.000000 1.000000 0.000000 0.000000
25.000000 2.130967 5.762566 -2.841567 0.388895 0.000000 0.000000 0.000000 1.000000 0.000000 0.000000
25.000000 2.132485 5.729721 -2.854383 0.375548 0.000000 0.000000 0.000000 1.000000 0.000000 0.000000
25.000000 2.141098 5.712379 -2.852354 0.357015 0.000000 0.000000 0.000000 1.000000 0.000000 0.000000
25.000000 2.142459 5.687449 -2.860831 0.339151 0.000000 0.000000 0.000000 1.000000 0.000000 0.000000
25.000000 2.150940 5.685389 -2.862802 0.311198 0.000000 0.000000 0.000000 1.000000 0.000000 0.000000
25.000000 2.152514 5.661983 -2.870580 0.293896 0.000000 0.000000 0.000000 1.000000 0.000000 0.000000
25.000000 2.161021 5.649254 -2.870025 0.269291 0.000000 0.000000 0.000000 1.000000 0.000000 0.000000
25.000000 2.162517 5.620868 -2.880191 0.253422 0.000000 0.000000 0.000000 1.000000 0.000000 0.000000
25.000000 2.171154 5.595486 -2.876113 0.238592 0.000000 0.000000 0.000000 1.000000 0.000000 0.000000
25.000000 2.172490 5.563861 -2.887824 0.223251 0.000000 0.000000 0.000000 1.000000 0.000000 0.000000
25.000000 2.181005 5.556075 -2.888091 0.201226 0.000000 0.000000 0.000000 1.000000 0.000000 0.000000
25.000000 2.182635 5.527544 -2.898039 0.183886 0.000000 0.000000 0.000000 1.000000 0.000000 0.000000
25.000000 2.190943 5.517361 -2.898214 0.157110 0.000000 0.000000 0.000000 1.000000 0.000000 0.000000
25.000000 2.192572 5.496654 -2.904057 0.136971 0.000000 0.000000 0.000000 1.000000 0.000000 0.000000
25.000000 2.201043 5.484720 -2.903485 0.114427 0.000000 0.000000 0.000000 1.000000 0.000000 0.000000
25.000000 2.202669 5.453316 -2.914524 0.096812 0.000000 0.000000 0.000000 1.000000 0.000000 0.000000
25.000000 2.211052 5.456721 -2.918231 0.063225 0.000000 0.000000 0.000000 1.000000 0.000000 0.000000
25.000000 2.212645 5.428883 -2.927451 0.045122 0.000000 0.000000 0.000000 1.000000 0.000000 0.000000
25.000000 2.221075 5.405694 -2.924236 0.024838 0.000000 0.000000 0.000000 1.000000 0.000000 0.000000
25.000000 2.222424 5.378621 -2.933220 0.007719 0.000000 0.000000 0.000000 1.000000 0.000000 0.000000
25.000000 2.230972 5.369582 -2.932883 -0.010470 0.000000 0.000000 0.000000 1.000000 0.000000 0.000000
25.000000 2.232480 5.336271 -2.947120 -0.013764 0.000000 0.000000 0.000000 1.000000 0.000000 0.000000
25.000000 2.241093 5.316303 -2.940790 0.007892 0.000000 0.000000 0.000000 1.000000 0.000000 0.000000
25.000000 2.242468 5.303699 -2.949458 0.025007 0.000000 0.000000 0.000000 1.000000 0.000000 0.000000
25.000000 2.250993 5.292444 -2.946009 0.035738 0.000000 0.000000 0.000000 1.000000 0.000000 0.000000
25.000000 2.252416 5.270106 -2.959014 0.052439 0.000000 0.000000 0.000000 1.000000 0.000000 0.000000
25.000000 2.261088 5.264531 -2.957034 0.060632 0.000000 0.000000 0.000000 1.000000 0.000000 0.000000
25.000000 2.262755 5.235358 -2.973858 0.081433 0.000000 0.000000 0.000000 1.000000 0.000000 0.000000
25.000000 2.271048 5.230429 -2.971812 0.091739 0.000000 0.000000 0.000000 1.000000 0.000000 0.000000
25.000000 2.272469 5.203404 -2.987552 0.111839 0.000000 0.000000 0.000000 1.000000 0.000000 0.000000
25.000000 2.281158 5.183009 -2.981550 0.127119 0.000000 0.000000 0.000000 1.000000 0.000000 0.000000
25.000000 2.282449 5.164091 -2.992324 0.139636 0.000000 0.000000 0.000000 1.000000 0.000000 0.000000
25.000000 2.291162 5.154795 -2.989480 0.147618 0.000000 0.000000 0.000000 1.000000 0.000000 0.000000
25.000000 2.292449 5.132585 -3.002493 0.164285 0.000000 0.000000 0.000000 1.000000 0.000000 0.000000
25.000000 2.301053 5.113926 -2.996864 0.179047 0.000000 0.000000 0.000000 1.000000 0.000000 0.000000
25.000000 2.302695 5.097820 -3.007205 0.196155 0.000000 0.000000 0.000000 1.000000 0.000000 0.000000
25.000000 2.311053 5.075113 -3.000615 0.210965 0.000000 0.000000 0.000000 1.000000 0.000000 0.000000
25.000000 2.312465 5.049840 -3.014875 0.226294 0.000000 0.000000 0.000000 1.000000 0.000000 0.000000
25.000000 2.321166 5.042529 -3.012215 0.236652 0.000000 0.000000 0.000000 1.000000 0.000000 0.000000
25.000000 2.322448 5.012879 -3.028808 0.253774 0.000000 0.000000 0.000000 1.000000 0.000000 0.000000
25.000000 2.330975 5.006146 -3.026502 0.261591 0.000000 0.000000 0.000000 1.000000 0.000000 0.000000
25.000000 2.332506 4.985739 -3.037975 0.273621 0.000000 0.000000 0.000000 1.000000 0.000000 0.000000
25.000000 2.341098 4.978618 -3.035769 0.279279 0.000000 0.000000 0.000000 1.000000 0.000000 0.000000
25.000000 2.342485 4.955154 -3.049185 0.294318 0.000000 0.000000 0.000000 1.000000 0.000000 0.000000
25.000000 2.351031 4.947192 -3.046813 0.299484 0.000000 0.000000 0.000000 1.000000 0.000000 0.000000
25.000000 2.352480 4.923151 -3.060445 0.314124 0.000000 0.000000 0.000000 1.000000 0.000000 0.000000
25.000000 2.361201 4.901886 -3.054010 0.328516 0.000000 0.000000 0.000000 1.000000 0.000000 0.000000
25.000000 2.362772 4.883990 -3.064543 0.341463 0.000000 0.000000 0.000000 1.000000 0.000000 0.000000
25.000000 2.371129 4.874287 -3.061712 0.346776 0.000000 0.000000 0.000000 1.000000 0.000000 0.000000
25.000000 2.372647 4.846264 -3.077054 0.360276 0.000000 0.000000 0.000000 1.000000 0.000000 0.000000
25.000000 2.381105 4.835419 -3.073706 0.367875 0.000000 0.000000 0.000000 1.000000 0.000000 0.000000
25.000000 2.382500 4.812581 -3.086428 0.380021 0.000000 0.000000 0.000000 1.000000 0.000000 0.000000
25.000000 2.391016 4.797807 -3.082149 0.387164 0.000000 0.000000 0.000000 1.000000 0.000000 0.000000
25.000000 2.392546 4.777153 -3.093543 0.397363 0.000000 0.000000 0.000000 1.000000 0.000000 0.000000
25.000000 2.401088 4.763445 -3.089558 0.403910 0.000000 0.000000 0.000000 1.000000 0.000000 0.000000
25.000000 2.402502 4.744463 -3.099726 0.411419 0.000000 0.000000 0.000000 1.000000 0.000000 0.000000
25.000000 2.411034 4.728714 -3.095281 0.417340 0.000000 0.000000 0.000000 1.000000 0.000000 0.000000
25.000000 2.412549 4.705767 -3.108085 0.429195 0.000000 0.000000 0.000000 1.000000 0.000000 0.000000
25.000000 2.421117 4.699059 -3.106141 0.432120 0.000000 0.000000 0.000000 1.000000 0.000000 0.000000
25.000000 2.422492 4.670516 -3.121557 0.443850 0.000000 0.000000 0.000000 1.000000 0.000000 0.000000
25.000000 2.431130 4.659022 -3.118278 0.448059 0.000000 0.000000 0.000000 1.000000 0.000000 0.000000
25.000000 2.432531 4.633619 -3.131831 0.457412 0.000000 0.000000 0.000000 1.000000 0.000000 0.000000
25.000000 2.441195 4.618620 -3.127515 0.462991 0.000000 0.000000 0.000000 1.000000 0.000000 0.000000
25.000000 2.442524 4.602292 -3.136351 0.469605 0.000000 0.000000 0.000000 1.000000 0.000000 0.000000
25.000000 2.451088 4.592373 -3.133671 0.471413 0.000000 0.000000 0.000000 1.000000 0.000000 0.000000
25.000000 2.452534 4.567651 -3.147143 0.481850 0.000000 0.000000 0.000000 1.000000 0.000000 0.000000
25.000000 2.461182 4.551536 -3.142529 0.487095 0.000000 0.000000 0.000000 1.000000 0.000000 0.000000
25.000000 2.462650 4.529556 -3.154521 0.496308 0.000000 0.000000 0.000000 1.000000 0.000000 0.000000
25.000000 2.471142 4.521953 -3.152466 0.497444 0.000000 0.000000 0.000000 1.000000 0.000000 0.000000
25.000000 2.472565 4.492544 -3.167844 0.505891 0.000000 0.000000 0.000000 1.000000 0.000000 0.000000
25.000000 2.481170 4.483716 -3.165432 0.507279 0.000000 0.000000 0.000000 1.000000 0.000000 0.000000
25.000000 2.482653 4.460702 -3.177420 0.513537 0.000000 0.000000 0.000000 1.000000 0.000000 0.000000
25.000000 2.491066 4.444408 -3.172963 0.515883 0.000000 0.000000 0.000000 1.000000 0.000000 0.000000
25.000000 2.492544 4.431608 -3.179483 0.518456 0.000000 0.000000 0.000000 1.000000 0.000000 0.000000
25.000000 2.501154 4.421508 -3.177155 0.515573 0.000000 0.000000 0.000000 1.000000 0.000000 0.000000
25.000000 2.502520 4.408638 -3.183447 0.516680 0.000000 0.000000 0.000000 1.000000 0.000000 0.000000
25.000000 2.511027 4.386561 -3.177335 0.520226 0.000000 0.000000 0.000000 1.000000 0.000000 0.000000
25.000000 3.515753 nan nan nan 0.000000 0.000000 0.000000 1.000000 0.000000 0.000000
26.000000 3.521871 19.832276 -0.078970 0.248939 0.000000 0.000000 0.000000 1.000000 0.000000 0.000000
26.000000 3.523167 19.764091 -0.102492 0.277689 0.000000 0.000000 0.000000 1.000000 0.000000 0.000000
26.000000 3.525787 19.770247 -0.102419 0.300414 0.000000 0.000000 0.000000 1.000000 0.000000 0.000000
26.000000 3.531481 19.733761 -0.091820 0.320741 0.000000 0.000000 0.000000 1.000000 0.000000 0.000000
26.000000 3.533209 19.664428 -0.115802 0.349066 0.000000 0.000000 0.000000 1.000000 0.000000 0.000000
26.000000 3.535762 19.662549 -0.115708 0.369389 0.000000 0.000000 0.000000 1.000000 0.000000 0.000000
26.000000 3.541599 19.675791 -0.119522 0.372172 0.000000 0.000000 0.000000 1.000000 0.000000 0.000000
26.000000 3.543341 19.619898 -0.138723 0.397172 0.000000 0.000000 0.000000 1.000000 0.000000 0.000000
26.000000 3.545805 19.586777 -0.138331 0.429272 0.000000 0.000000 0.000000 1.000000 0.000000 0.000000
26.000000 3.551508 19.583590 -0.137598 0.432087 0.000000 0.000000 0.000000 1.000000 0.000000 0.000000
26.000000 3.553264 19.535685 -0.154004 0.454565 0.000000 0.000000 0.000000 1.000000 0.000000 0.000000
26.000000 3.555745 19.483732 -0.153357 0.488978 0.000000 0.000000 0.000000 1.000000 0.000000 0.000000
26.000000 3.561625 19.462868 -0.147056 0.503676 0.000000 0.000000 0.000000 1.000000 0.000000 0.000000
26.000000 3.563530 19.386894 -0.173419 0.533414 0.000000 0.000000 0.000000 1.000000 0.000000 0.000000
26.000000 3.565946 19.395939 -0.173374 0.550190 0.000000 0.000000 0.000000 1.000000 0.000000 0.000000
26.000000 3.571694 19.386005 -0.170437 0.558807 0.000000 0.000000 0.000000 1.000000 0.000000 0.000000
26.000000 3.573074 19.319880 -0.193223 0.582220 0.000000 0.000000 0.000000 1.000000 0.000000 0.000000
26.000000 3.575764 19.326489 -0.193248 0.605367 0.000000 0.000000 0.000000 1.000000 0.000000 0.000000
26.000000 3.581659 19.303953 -0.186712 0.617507 0.000000 0.000000 0.000000 1.000000 0.000000 0.000000
26.000000 3.583171 19.251685 -0.204676 0.636807 0.000000 0.000000 0.000000 1.000000 0.000000 0.000000
26.000000 3.585837 19.196044 -0.204183 0.670647 0.000000 0.000000 0.000000 1.000000 0.000000 0.000000
26.000000 3.591611 19.177657 -0.198603 0.686680 0.000000 0.000000 0.000000 1.000000 0.000000 0.000000
26.000000 3.592993 19.115469 -0.220141 0.706100 0.000000 0.000000 0.000000 1.000000 0.000000 0.000000
26.000000 3.595755 19.097956 -0.220010 0.723886 0.000000 0.000000 0.000000 1.000000 0.000000 0.000000
26.000000 3.601713 19.092030 -0.218122 0.734319 0.000000 0.000000 0.000000 1.000000 0.000000 0.000000
26.000000 3.603248 19.036740 -0.237317 0.753933 0.000000 0.000000 0.000000 1.000000 0.000000 0.000000
26.000000 3.605886 19.001151 -0.237009 0.777857 0.000000 0.000000 0.000000 1.000000 0.000000 0.000000
26.000000 3.611609 18.998604 -0.235995 0.791919 0.000000 0.000000 0.000000 1.000000 0.000000 0.000000
26.000000 3.613090 18.977617 -0.243429 0.804265 0.000000 0.000000 0.000000 1.000000 0.000000 0.000000
26.000000 3.615743 18.904879 -0.242942 0.832163 0.000000 0.000000 0.000000 1.000000 0.000000 0.000000
26.000000 3.621690 18.915259 -0.245912 0.842916 0.000000 0.000000 0.000000 1.000000 0.000000 0.000000
26.000000 3.623201 18.858973 -0.265458 0.859822 0.000000 0.000000 0.000000 1.000000 0.000000 0.000000
26.000000 3.625922 18.855060 -0.265494 0.878417 0.000000 0.000000 0.000000 1.000000 0.000000 0.000000
26.000000 3.631521 18.817439 -0.253990 0.898210 0.000000 0.000000 0.000000 1.000000 0.000000 0.000000
26.000000 3.633096 18.749366 -0.277729 0.916965 0.000000 0.000000 0.000000 1.000000 0.000000 0.000000
26.000000 3.635785 18.745342 -0.277878 0.935763 0.000000 0.000000 0.000000 1.000000 0.000000 0.000000
26.000000 3.641660 18.716790 -0.269092 0.954851 0.000000 0.000000 0.000000 1.000000 0.000000 0.000000
26.000000 3.643215 18.648030 -0.293067 0.972247 0.000000 0.000000 0.000000 1.000000 0.000000 0.000000
26.000000 3.646074 18.639081 -0.293055 0.988292 0.000000 0.000000 0.000000 1.000000 0.000000 0.000000
26.000000 3.651584 18.631305 -0.290484 1.002135 0.000000 0.000000 0.000000 1.000000 0.000000 0.000000
26.000000 3.653087 18.585460 -0.306567 1.017089 0.000000 0.000000 0.000000 1.000000 0.000000 0.000000
26.000000 3.655809 18.561247 -0.306457 1.037768 0.000000 0.000000 0.000000 1.000000 0.000000 0.000000
26.000000 3.661650 18.550355 -0.303087 1.050439 0.000000 0.000000 0.000000 1.000000 0.000000 0.000000
26.000000 3.663215 18.483976 -0.326203 1.064490 0.000000 0.000000 0.000000 1.000000 0.000000 0.000000
26.000000 3.665950 18.486449 -0.326384 1.081763 0.000000 0.000000 0.000000 1.000000 0.000000 0.000000
26.000000 3.671651 18.445295 -0.313606 1.101343 0.000000 0.000000 0.000000 1.000000 0.000000 0.000000
26.000000 3.673001 18.382389 -0.335660 1.117992 0.000000 0.000000 0.000000 1.000000 0.000000 0.000000
26.000000 3.675893 18.371180 -0.335541 1.134145 0.000000 0.000000 0.000000 1.000000 0.000000 0.000000
26.000000 3.681615 18.355797 -0.330621 1.147302 0.000000 0.000000 0.000000 1.000000 0.000000 0.000000
26.000000 3.683107 18.299975 -0.350259 1.161824 0.000000 0.000000 0.000000 1.000000 0.000000 0.000000
26.000000 3.685925 18.276626 -0.350176 1.183024 0.000000 0.000000 0.000000 1.000000 0.000000 0.000000
26.000000 3.691635 18.265760 -0.346961 1.191921 0.000000 0.000000 0.000000 1.000000 0.000000 0.000000
26.000000 3.693135 18.208760 -0.366765 1.199232 0.000000 0.000000 0.000000 1.000000 0.000000 0.000000
26.000000 3.695758 18.188222 -0.366641 1.222261 0.000000 0.000000 0.000000 1.000000 0.000000 0.000000
26.000000 3.701602 18.173978 -0.362008 1.240384 0.000000 0.000000 0.000000 1.000000 0.000000 0.000000
26.000000 3.703174 18.131076 -0.377156 1.252632 0.000000 0.000000 0.000000 1.000000 0.000000 0.000000
26.000000 3.705993 18.069755 -0.376349 1.275098 0.000000 0.000000 0.000000 1.000000 0.000000 0.000000
26.000000 3.711659 18.074138 -0.377628 1.284633 0.000000 0.000000 0.000000 1.000000 0.000000 0.000000
26.000000 3.713161 18.030255 -0.393120 1.295384 0.000000 0.000000 0.000000 1.000000 0.000000 0.000000
26.000000 3.715764 17.994509 -0.392738 1.316211 0.000000 0.000000 0.000000 1.000000 0.000000 0.000000
26.000000 3.721669 17.987886 -0.390720 1.324943 0.000000 0.000000 0.000000 1.000000 0.000000 0.000000
26.000000 3.723217 17.932229 -0.410252 1.333129 0.000000 0.000000 0.000000 1.000000 0.000000 0.000000
26.000000 3.725908 17.913123 -0.410152 1.355202 0.000000 0.000000 0.000000 1.000000 0.000000 0.000000
26.000000 3.731627 17.897965 -0.405221 1.372208 0.000000 0.000000 0.000000 1.000000 0.000000 0.000000
26.000000 3.733128 17.857271 -0.419618 1.381034 0.000000 0.000000 0.000000 1.000000 0.000000 0.000000
26.000000 3.735795 17.812070 -0.419063 1.403488 0.000000 0.000000 0.000000 1.000000 0.000000 0.000000
26.000000 3.741696 17.806976 -0.417430 1.414820 0.000000 0.000000 0.000000 1.000000 0.000000 0.000000
26.000000 3.743345 17.758478 -0.434560 1.422044 0.000000 0.000000 0.000000 1.000000 0.000000 0.000000
26.000000 3.745898 17.713437 -0.433919 1.441238 0.000000 0.000000 0.000000 1.000000 0.000000 0.000000
26.000000 3.751575 17.723673 -0.437182 1.448848 0.000000 0.000000 0.000000 1.000000 0.000000 0.000000
26.000000 3.753283 17.674650 -0.454554 1.456861 0.000000 0.000000 0.000000 1.000000 0.000000 0.000000
26.000000 3.755886 17.644227 -0.454301 1.479884 0.000000 0.000000 0.000000 1.000000 0.000000 0.000000
26.000000 3.761689 17.629732 -0.449641 1.494602 0.000000 0.000000 0.000000 1.000000 0.000000 0.000000
26.000000 3.763252 17.582754 -0.466242 1.498103 0.000000 0.000000 0.000000 1.000000 0.000000 0.000000
26.000000 3.765846 17.533043 -0.465638 1.522667 0.000000 0.000000 0.000000 1.000000 0.000000 0.000000
26.000000 3.771778 17.533964 -0.466090 1.532259 0.000000 0.000000 0.000000 1.000000 0.000000 0.000000
26.000000 3.773172 17.482938 -0.484087 1.533120 0.000000 0.000000 0.000000 1.000000 0.000000 0.000000
26.000000 3.775861 17.458123 -0.483861 1.551068 0.000000 0.000000 0.000000 1.000000 0.000000 0.000000
26.000000 3.781713 17.464164 -0.485820 1.561781 0.000000 0.000000 0.000000 1.000000 0.000000 0.000000
26.000000 3.783248 17.423156 -0.500396 1.567322 0.000000 0.000000 0.000000 1.000000 0.000000 0.000000
26.000000 3.785921 17.379295 -0.499756 1.590119 0.000000 0.000000 0.000000 1.000000 0.000000 0.000000
26.000000 3.791673 17.360302 -0.493394 1.607439 0.000000 0.000000 0.000000 1.000000 0.000000 0.000000
26.000000 3.793192 17.290938 -0.518210 1.612491 0.000000 0.000000 0.000000 1.000000 0.000000 0.000000
26.000000 3.795830 17.306146 -0.519002 1.622718 0.000000 0.000000 0.000000 1.000000 0.000000 0.000000
26.000000 3.801652 17.282461 -0.511194 1.638030 0.000000 0.000000 0.000000 1.000000 0.000000 0.000000
26.000000 3.803264 17.248301 -0.523323 1.638344 0.000000 0.000000 0.000000 1.000000 0.000000 0.000000
26.000000 3.805985 17.174774 -0.522069 1.664392 0.000000 0.000000 0.000000 1.000000 0.000000 0.000000
26.000000 3.811654 17.184827 -0.525601 1.671570 0.000000 0.000000 0.000000 1.000000 0.000000 0.000000
26.000000 3.813204 17.140042 -0.541491 1.669809 0.000000 0.000000 0.000000 1.000000 0.000000 0.000000
26.000000 3.816070 17.086649 -0.540599 1.692024 0.000000 0.000000 0.000000 1.000000 0.000000 0.000000
26.000000 3.821714 17.090448 -0.541914 1.702661 0.000000 0.000000 0.000000 1.000000 0.000000 0.000000
26.000000 3.823422 17.061286 -0.552313 1.704071 0.000000 0.000000 0.000000 1.000000 0.000000 0.000000
26.000000 3.825993 16.982918 -0.550713 1.728490 0.000000 0.000000 0.000000 1.000000 0.000000 0.000000
26.000000 3.831693 16.998514 -0.556022 1.735360 0.000000 0.000000 0.000000 1.000000 0.000000 0.000000
26.000000 3.833175 16.963129 -0.568700 1.736300 0.000000 0.000000 0.000000 1.000000 0.000000 0.000000
26.000000 3.835831 16.907773 -0.567676 1.758102 0.000000 0.000000 0.000000 1.000000 0.000000 0.000000
26.000000 3.841758 16.919219 -0.571560 1.768373 0.000000 0.000000 0.000000 1.000000 0.000000 0.000000
26.000000 3.843390 16.904941 -0.576645 1.765956 0.000000 0.000000 0.000000 1.000000 0.000000 0.000000
26.000000 3.845952 16.803841 -0.574496 1.791215 0.000000 0.000000 0.000000 1.000000 0.000000 0.000000
26.000000 3.851749 16.832058 -0.584114 1.798635 0.000000 0.000000 0.000000 1.000000 0.000000 0.000000
26.000000 3.853195 16.812282 -0.591219 1.796192 0.000000 0.000000 0.000000 1.000000 0.000000 0.000000
26.000000 3.855889 16.706258 -0.588843 1.817339 0.000000 0.000000 0.000000 1.000000 0.000000 0.000000
26.000000 3.861732 16.733914 -0.598237 1.824349 0.000000 0.000000 0.000000 1.000000 0.000000 0.000000
26.000000 3.863294 16.710160 -0.606878 1.822683 0.000000 0.000000 0.000000 1.000000 0.000000 0.000000
26.000000 3.865997 16.627133 -0.605176 1.842530 0.000000 0.000000 0.000000 1.000000 0.000000 0.000000
26.000000 3.871718 16.646141 -0.611817 1.849561 0.000000 0.000000 0.000000 1.000000 0.000000 0.000000
26.000000 3.873283 16.627272 -0.618565 1.844319 0.000000 0.000000 0.000000 1.000000 0.000000 0.000000
26.000000 3.875950 16.534410 -0.616486 1.868737 0.000000 0.000000 0.000000 1.000000 0.000000 0.000000
26.000000 3.881857 16.557395 -0.624529 1.876321 0.000000 0.000000 0.000000 1.000000 0.000000 0.000000
26.000000 3.883349 16.521929 -0.637361 1.873985 0.000000 0.000000 0.000000 1.000000 0.000000 0.000000
26.000000 3.885931 16.433932 -0.635273 1.896304 0.000000 0.000000 0.000000 1.000000 0.000000 0.000000
26.000000 3.891825 16.462285 -0.645135 1.904551 0.000000 0.000000 0.000000 1.000000 0.000000 0.000000
26.000000 3.893208 16.436780 -0.654428 1.899765 0.000000 0.000000 0.000000 1.000000 0.000000 0.000000
26.000000 3.896052 16.385689 -0.653497 1.916221 0.000000 0.000000 0.000000 1.000000 0.000000 0.000000
26.000000 3.901770 16.389276 -0.654841 1.926530 0.000000 0.000000 0.000000 1.000000 0.000000 0.000000
26.000000 3.903267 16.371235 -0.661313 1.920299 0.000000 0.000000 0.000000 1.000000 0.000000 0.000000
26.000000 3.906043 16.268874 -0.658660 1.941017 0.000000 0.000000 0.000000 1.000000 0.000000 0.000000
26.000000 3.911757 16.295477 -0.668072 1.945595 0.000000 0.000000 0.000000 1.000000 0.000000 0.000000
26.000000 3.913270 16.269214 -0.677660 1.942309 0.000000 0.000000 0.000000 1.000000 0.000000 0.000000
26.000000 3.915930 16.195185 -0.675860 1.961592 0.000000 0.000000 0.000000 1.000000 0.000000 0.000000
26.000000 3.921777 16.225859 -0.686856 1.966307 0.000000 0.000000 0.000000 1.000000 0.000000 0.000000
26.000000 3.923298 16.209300 -0.692817 1.958359 0.000000 0.000000 0.000000 1.000000 0.000000 0.000000
26.000000 3.925996 16.102208 -0.689952 1.980023 0.000000 0.000000 0.000000 1.000000 0.000000 0.000000
26.000000 3.931687 16.125270 -0.698128 1.988645 0.000000 0.000000 0.000000 1.000000 0.000000 0.000000
26.000000 3.933253 16.095553 -0.709065 1.984769 0.000000 0.000000 0.000000 1.000000 0.000000 0.000000
26.000000 3.935997 16.034412 -0.707634 2.001232 0.000000 0.000000 0.000000 1.000000 0.000000 0.000000
26.000000 3.941930 16.046012 -0.711878 2.009551 0.000000 0.000000 0.000000 1.000000 0.000000 0.000000
26.000000 3.943295 16.028788 -0.718119 2.000142 0.000000 0.000000 0.000000 1.000000 0.000000 0.000000
26.000000 3.946111 15.930783 -0.715477 2.021235 0.000000 0.000000 0.000000 1.000000 0.000000 0.000000
26.000000 3.951729 15.952940 -0.723438 2.031064 0.000000 0.000000 0.000000 1.000000 0.000000 0.000000
26.000000 3.953212 15.936824 -0.729366 2.020946 0.000000 0.000000 0.000000 1.000000 0.000000 0.000000
26.000000 3.956005 15.831905 -0.726522 2.037651 0.000000 0.000000 0.000000 1.000000 0.000000 0.000000
26.000000 3.961753 15.874337 -0.741927 2.043188 0.000000 0.000000 0.000000 1.000000 0.000000 0.000000
26.000000 3.963277 15.861906 -0.746492 2.033154 0.000000 0.000000 0.000000 1.000000 0.000000 0.000000
26.000000 3.965942 15.753030 -0.743407 2.051003 0.000000 0.000000 0.000000 1.000000 0.000000 0.000000
26.000000 3.971815 15.787251 -0.755977 2.055663 0.000000 0.000000 0.000000 1.000000 0.000000 0.000000
26.000000 3.973227 15.774797 -0.760505 2.047000 0.000000 0.000000 0.000000 1.000000 0.000000 0.000000
26.000000 3.975912 15.658341 -0.757011 2.071559 0.000000 0.000000 0.000000 1.000000 0.000000 0.000000
26.000000 3.981745 15.696605 -0.771281 2.074470 0.000000 0.000000 0.000000 1.000000 0.000000 0.000000
26.000000 3.983354 15.679049 -0.777633 2.061134 0.000000 0.000000 0.000000 1.000000 0.000000 0.000000
26.000000 3.985994 15.584921 -0.774855 2.081476 0.000000 0.000000 0.000000 1.000000 0.000000 0.000000
26.000000 3.991745 15.604908 -0.782282 2.090083 0.000000 0.000000 0.000000 1.000000 0.000000 0.000000
26.000000 3.993330 15.594392 -0.786104 2.077712 0.000000 0.000000 0.000000 1.000000 0.000000 0.000000
26.000000 3.996140 15.483996 -0.782733 2.097573 0.000000 0.000000 0.000000 1.000000 0.000000 0.000000
26.000000 4.001723 15.526637 -0.798613 2.103325 0.000000 0.000000 0.000000 1.000000 0.000000 0.000000
26.000000 4.003350 15.528527 -0.797819 2.088774 0.000000 0.000000 0.000000 1.000000 0.000000 0.000000
26.000000 4.005967 15.395280 -0.793591 2.109253 0.000000 0.000000 0.000000 1.000000 0.000000 0.000000
26.000000 4.011785 15.443995 -0.811847 2.113480 0.000000 0.000000 0.000000 1.000000 0.000000 0.000000
26.000000 4.013309 15.444380 -0.811613 2.098228 0.000000 0.000000 0.000000 1.000000 0.000000 0.000000
26.000000 4.015972 15.301084 -0.806956 2.120243 0.000000 0.000000 0.000000 1.000000 0.000000 0.000000
26.000000 4.021774 15.355026 -0.827335 2.123632 0.000000 0.000000 0.000000 1.000000 0.000000 0.000000
26.000000 4.023318 15.351166 -0.828663 2.108153 0.000000 0.000000 0.000000 1.000000 0.000000 0.000000
26.000000 4.026025 15.219291 -0.824320 2.131305 0.000000 0.000000 0.000000 1.000000 0.000000 0.000000
26.000000 4.031695 15.261897 -0.840496 2.138136 0.000000 0.000000 0.000000 1.000000 0.000000 0.000000
26.000000 4.033193 15.249740 -0.844958 2.121137 0.000000 0.000000 0.000000 1.000000 0.000000 0.000000
26.000000 4.035898 15.153350 -0.841957 2.137946 0.000000 0.000000 0.000000 1.000000 0.000000 0.000000
26.000000 4.041944 15.184322 -0.853793 2.146180 0.000000 0.000000 0.000000 1.000000 0.000000 0.000000
26.000000 4.043327 15.170034 -0.859054 2.129139 0.000000 0.000000 0.000000 1.000000 0.000000 0.000000
26.000000 4.046041 15.047542 -0.854881 2.146196 0.000000 0.000000 0.000000 1.000000 0.000000 0.000000
26.000000 4.051816 15.083604 -0.868636 2.153857 0.000000 0.000000 0.000000 1.000000 0.000000 0.000000
26.000000 4.053399 15.081560 -0.869345 2.139867 0.000000 0.000000 0.000000 1.000000 0.000000 0.000000
26.000000 4.056049 14.970337 -0.865474 2.155391 0.000000 0.000000 0.000000 1.000000 0.000000 0.000000
26.000000 4.061894 15.003399 -0.878282 2.159300 0.000000 0.000000 0.000000 1.000000 0.000000 0.000000
26.000000 4.063371 14.987093 -0.884342 2.145621 0.000000 0.000000 0.000000 1.000000 0.000000 0.000000
26.000000 4.066050 14.885732 -0.880759 2.162429 0.000000 0.000000 0.000000 1.000000 0.000000 0.000000
26.000000 4.071874 14.928653 -0.897626 2.162728 0.000000 0.000000 0.000000 1.000000 0.000000 0.000000
26.000000 4.073299 14.930151 -0.896813 2.144677 0.000000 0.000000 0.000000 1.000000 0.000000 0.000000
26.000000 4.075983 14.773165 -0.890708 2.165927 0.000000 0.000000 0.000000 1.000000 0.000000 0.000000
26.000000 4.081926 14.838570 -0.916362 2.162980 0.000000 0.000000 0.000000 1.000000 0.000000 0.000000
26.000000 4.083349 14.852303 -0.910976 2.146661 0.000000 0.000000 0.000000 1.000000 0.000000 0.000000
26.000000 4.086041 14.699208 -0.904968 2.169631 0.000000 0.000000 0.000000 1.000000 0.000000 0.000000
26.000000 4.091944 14.756817 -0.927680 2.169746 0.000000 0.000000 0.000000 1.000000 0.000000 0.000000
26.000000 4.093439 14.767260 -0.923516 2.151617 0.000000 0.000000 0.000000 1.000000 0.000000 0.000000
26.000000 4.096147 14.629269 -0.918099 2.171164 0.000000 0.000000 0.000000 1.000000 0.000000 0.000000
26.000000 4.101980 14.680513 -0.938497 2.170195 0.000000 0.000000 0.000000 1.000000 0.000000 0.000000
26.000000 4.103484 14.677786 -0.939313 2.151183 0.000000 0.000000 0.000000 1.000000 0.000000 0.000000
26.000000 4.106172 14.536550 -0.933668 2.171646 0.000000 0.000000 0.000000 1.000000 0.000000 0.000000
26.000000 4.111747 14.587107 -0.953818 2.173621 0.000000 0.000000 0.000000 1.000000 0.000000 0.000000
26.000000 4.113368 14.593834 -0.951044 2.155325 0.000000 0.000000 0.000000 1.000000 0.000000 0.000000
26.000000 4.115965 14.443580 -0.944827 2.173950 0.000000 0.000000 0.000000 1.000000 0.000000 0.000000
26.000000 4.122041 14.504238 -0.969212 2.170993 0.000000 0.000000 0.000000 1.000000 0.000000 0.000000
26.000000 4.123399 14.511125 -0.966355 2.153302 0.000000 0.000000 0.000000 1.000000 0.000000 0.000000
26.000000 4.126050 14.367585 -0.960301 2.173809 0.000000 0.000000 0.000000 1.000000 0.000000 0.000000
26.000000 4.131932 14.421359 -0.982040 2.173073 0.000000 0.000000 0.000000 1.000000 0.000000 0.000000
26.000000 4.133279 14.432131 -0.977652 2.152084 0.000000 0.000000 0.000000 1.000000 0.000000 0.000000
26.000000 4.135988 14.282281 -0.971305 2.172454 0.000000 0.000000 0.000000 1.000000 0.000000 0.000000
26.000000 4.142013 14.334827 -0.992470 2.176398 0.000000 0.000000 0.000000 1.000000 0.000000 0.000000
26.000000 4.143399 14.343469 -0.988979 2.156952 0.000000 0.000000 0.000000 1.000000 0.000000 0.000000
26.000000 4.146045 14.200082 -0.982885 2.173570 0.000000 0.000000 0.000000 1.000000 0.000000 0.000000
26.000000 4.151911 14.252550 -1.004310 2.173493 0.000000 0.000000 0.000000 1.000000 0.000000 0.000000
26.000000 4.153287 14.264257 -0.999522 2.151465 0.000000 0.000000 0.000000 1.000000 0.000000 0.000000
26.000000 4.155966 14.103006 -0.992437 2.171450 0.000000 0.000000 0.000000 1.000000 0.000000 0.000000
26.000000 4.161950 14.169280 -1.019715 2.168277 0.000000 0.000000 0.000000 1.000000 0.000000 0.000000
26.000000 4.163409 14.181213 -1.014774 2.144908 0.000000 0.000000 0.000000 1.000000 0.000000 0.000000
26.000000 4.166085 14.020912 -1.007580 2.164970 0.000000 0.000000 0.000000 1.000000 0.000000 0.000000
26.000000 4.171957 14.089005 -1.035671 2.163287 0.000000 0.000000 0.000000 1.000000 0.000000 0.000000
26.000000 4.173514 14.101673 -1.030475 2.140358 0.000000 0.000000 0.000000 1.000000 0.000000 0.000000
26.000000 4.176048 13.945685 -1.023388 2.158485 0.000000 0.000000 0.000000 1.000000 0.000000 0.000000
26.000000 4.182217 14.011571 -1.050625 2.158631 0.000000 0.000000 0.000000 1.000000 0.000000 0.000000
26.000000 4.183347 14.028213 -1.043914 2.136576 0.000000 0.000000 0.000000 1.000000 0.000000 0.000000
26.000000 4.186207 13.865209 -1.036355 2.155366 0.000000 0.000000 0.000000 1.000000 0.000000 0.000000
26.000000 4.192006 13.922790 -1.060513 2.152520 0.000000 0.000000 0.000000 1.000000 0.000000 0.000000
26.000000 4.193340 13.928624 -1.057870 2.128997 0.000000 0.000000 0.000000 1.000000 0.000000 0.000000
26.000000 4.196132 13.773884 -1.050493 2.144999 0.000000 0.000000 0.000000 1.000000 0.000000 0.000000
26.000000 4.201866 13.840431 -1.078506 2.140063 0.000000 0.000000 0.000000 1.000000 0.000000 0.000000
26.000000 4.203352 13.863333 -1.069223 2.117030 0.000000 0.000000 0.000000 1.000000 0.000000 0.000000
26.000000 4.206191 13.688377 -1.060665 2.137131 0.000000 0.000000 0.000000 1.000000 0.000000 0.000000
26.000000 4.211793 13.755956 -1.089313 2.131748 0.000000 0.000000 0.000000 1.000000 0.000000 0.000000
26.000000 4.213396 13.763073 -1.086168 2.110209 0.000000 0.000000 0.000000 1.000000 0.000000 0.000000
26.000000 4.216086 13.607525 -1.078430 2.127409 0.000000 0.000000 0.000000 1.000000 0.000000 0.000000
26.000000 4.221950 13.672202 -1.105954 2.123009 0.000000 0.000000 0.000000 1.000000 0.000000 0.000000
26.000000 4.223365 13.690549 -1.098400 2.099388 0.000000 0.000000 0.000000 1.000000 0.000000 0.000000
26.000000 4.226195 13.524053 -1.090044 2.117771 0.000000 0.000000 0.000000 1.000000 0.000000 0.000000
26.000000 4.231993 13.590314 -1.118514 2.112128 0.000000 0.000000 0.000000 1.000000 0.000000 0.000000
26.000000 4.233397 13.599903 -1.114295 2.087190 0.000000 0.000000 0.000000 1.000000 0.000000 0.000000
26.000000 4.235947 13.452185 -1.106821 2.104391 0.000000 0.000000 0.000000 1.000000 0.000000 0.000000
26.000000 4.241927 13.510216 -1.131729 2.103463 0.000000 0.000000 0.000000 1.000000 0.000000 0.000000
26.000000 4.243462 13.522524 -1.126475 2.077160 0.000000 0.000000 0.000000 1.000000 0.000000 0.000000
26.000000 4.246106 13.376487 -1.119123 2.091376 0.000000 0.000000 0.000000 1.000000 0.000000 0.000000
26.000000 4.251851 13.425092 -1.140234 2.089726 0.000000 0.000000 0.000000 1.000000 0.000000 0.000000
26.000000 4.253345 13.432728 -1.136736 2.065515 0.000000 0.000000 0.000000 1.000000 0.000000 0.000000
26.000000 4.256111 13.273094 -1.128270 2.080915 0.000000 0.000000 0.000000 1.000000 0.000000 0.000000
26.000000 4.261912 13.346080 -1.160273 2.070743 0.000000 0.000000 0.000000 1.000000 0.000000 0.000000
26.000000 4.263442 13.368998 -1.150670 2.045812 0.000000 0.000000 0.000000 1.000000 0.000000 0.000000
26.000000 4.266326 13.196690 -1.141267 2.065382 0.000000 0.000000 0.000000 1.000000 0.000000 0.000000
26.000000 4.271919 13.264655 -1.171226 2.056575 0.000000 0.000000 0.000000 1.000000 0.000000 0.000000
26.000000 4.273453 13.285712 -1.162294 2.029098 0.000000 0.000000 0.000000 1.000000 0.000000 0.000000
26.000000 4.276189 13.113071 -1.152898 2.050214 0.000000 0.000000 0.000000 1.000000 0.000000 0.000000
26.000000 4.281866 13.186226 -1.185297 2.043008 0.000000 0.000000 0.000000 1.000000 0.000000 0.000000
26.000000 4.283435 13.207591 -1.176146 2.015021 0.000000 0.000000 0.000000 1.000000 0.000000 0.000000
26.000000 4.286083 13.043243 -1.166998 2.033818 0.000000 0.000000 0.000000 1.000000 0.000000 0.000000
26.000000 4.291850 13.105914 -1.195100 2.024189 0.000000 0.000000 0.000000 1.000000 0.000000 0.000000
26.000000 4.293353 13.130058 -1.184740 1.995507 0.000000 0.000000 0.000000 1.000000 0.000000 0.000000
26.000000 4.296105 12.945052 -1.174193 2.018833 0.000000 0.000000 0.000000 1.000000 0.000000 0.000000
26.000000 4.301915 13.023350 -1.209292 2.008929 0.000000 0.000000 0.000000 1.000000 0.000000 0.000000
26.000000 4.303648 13.045340 -1.199803 1.980464 0.000000 0.000000 0.000000 1.000000 0.000000 0.000000
26.000000 4.306104 12.853449 -1.188703 2.002205 0.000000 0.000000 0.000000 1.000000 0.000000 0.000000
26.000000 4.311883 12.934285 -1.225277 1.989794 0.000000 0.000000 0.000000 1.000000 0.000000 0.000000
26.000000 4.313571 12.963904 -1.212624 1.959994 0.000000 0.000000 0.000000 1.000000 0.000000 0.000000
26.000000 4.316054 12.773425 -1.201408 1.983382 0.000000 0.000000 0.000000 1.000000 0.000000 0.000000
26.000000 4.321942 12.856242 -1.239062 1.971293 0.000000 0.000000 0.000000 1.000000 0.000000 0.000000
26.000000 4.323418 12.881411 -1.228117 1.939523 0.000000 0.000000 0.000000 1.000000 0.000000 0.000000
26.000000 4.326152 12.714957 -1.218357 1.958506 0.000000 0.000000 0.000000 1.000000 0.000000 0.000000
26.000000 4.331936 12.786593 -1.251225 1.947498 0.000000 0.000000 0.000000 1.000000 0.000000 0.000000
26.000000 4.333303 12.804320 -1.243200 1.917600 0.000000 0.000000 0.000000 1.000000 0.000000 0.000000
26.000000 4.336210 12.626722 -1.232425 1.940368 0.000000 0.000000 0.000000 1.000000 0.000000 0.000000
26.000000 4.341947 12.705192 -1.268704 1.926739 0.000000 0.000000 0.000000 1.000000 0.000000 0.000000
26.000000 4.343326 12.739342 -1.253968 1.895988 0.000000 0.000000 0.000000 1.000000 0.000000 0.000000
26.000000 4.346077 12.540650 -1.241522 1.920906 0.000000 0.000000 0.000000 1.000000 0.000000 0.000000
26.000000 4.351944 12.616917 -1.276807 1.908350 0.000000 0.000000 0.000000 1.000000 0.000000 0.000000
26.000000 4.353443 12.638173 -1.267342 1.876783 0.000000 0.000000 0.000000 1.000000 0.000000 0.000000
26.000000 4.355979 12.449769 -1.255714 1.895245 0.000000 0.000000 0.000000 1.000000 0.000000 0.000000
26.000000 4.361911 12.530384 -1.293147 1.884070 0.000000 0.000000 0.000000 1.000000 0.000000 0.000000
26.000000 4.363531 12.558882 -1.280753 1.855564 0.000000 0.000000 0.000000 1.000000 0.000000 0.000000
26.000000 4.366128 12.380522 -1.269396 1.872411 0.000000 0.000000 0.000000 1.000000 0.000000 0.000000
26.000000 4.371949 12.459905 -1.306601 1.857503 0.000000 0.000000 0.000000 1.000000 0.000000 0.000000
26.000000 4.373430 12.481083 -1.297059 1.824614 0.000000 0.000000 0.000000 1.000000 0.000000 0.000000
26.000000 4.376054 12.315810 -1.286742 1.840160 0.000000 0.000000 0.000000 1.000000 0.000000 0.000000
26.000000 4.381979 12.376006 -1.315014 1.833413 0.000000 0.000000 0.000000 1.000000 0.000000 0.000000
26.000000 4.383506 12.391767 -1.307609 1.802193 0.000000 0.000000 0.000000 1.000000 0.000000 0.000000
26.000000 4.386130 12.232577 -1.297448 1.816120 0.000000 0.000000 0.000000 1.000000 0.000000 0.000000
26.000000 4.391959 12.300558 -1.329549 1.806533 0.000000 0.000000 0.000000 1.000000 0.000000 0.000000
26.000000 4.393412 12.320720 -1.320355 1.775577 0.000000 0.000000 0.000000 1.000000 0.000000 0.000000
26.000000 4.396018 12.132252 -1.307999 1.793946 0.000000 0.000000 0.000000 1.000000 0.000000 0.000000
26.000000 4.401954 12.206469 -1.343292 1.782890 0.000000 0.000000 0.000000 1.000000 0.000000 0.000000
26.000000 4.403499 12.239505 -1.328703 1.749897 0.000000 0.000000 0.000000 1.000000 0.000000 0.000000
26.000000 4.406132 12.045752 -1.315784 1.767785 0.000000 0.000000 0.000000 1.000000 0.000000 0.000000
26.000000 4.411951 12.130916 -1.356562 1.752913 0.000000 0.000000 0.000000 1.000000 0.000000 0.000000
26.000000 4.413379 12.162940 -1.342431 1.723691 0.000000 0.000000 0.000000 1.000000 0.000000 0.000000
26.000000 4.416029 11.981086 -1.330018 1.741408 0.000000 0.000000 0.000000 1.000000 0.000000 0.000000
26.000000 4.421963 12.059841 -1.368386 1.721628 0.000000 0.000000 0.000000 1.000000 0.000000 0.000000
26.000000 4.423494 12.087639 -1.355699 1.689022 0.000000 0.000000 0.000000 1.000000 0.000000 0.000000
26.000000 4.426180 11.904364 -1.342979 1.706199 0.000000 0.000000 0.000000 1.000000 0.000000 0.000000
26.000000 4.431959 11.979762 -1.379785 1.688307 0.000000 0.000000 0.000000 1.000000 0.000000 0.000000
26.000000 4.433428 12.008092 -1.367068 1.661440 0.000000 0.000000 0.000000 1.000000 0.000000 0.000000
26.000000 4.436186 11.824250 -1.353981 1.679389 0.000000 0.000000 0.000000 1.000000 0.000000 0.000000
26.000000 4.441931 11.899620 -1.391026 1.659970 0.000000 0.000000 0.000000 1.000000 0.000000 0.000000
26.000000 4.443549 11.931798 -1.376573 1.629143 0.000000 0.000000 0.000000 1.000000 0.000000 0.000000
26.000000 4.446319 11.737540 -1.362756 1.645687 0.000000 0.000000 0.000000 1.000000 0.000000 0.000000
26.000000 4.451923 11.822451 -1.404688 1.624486 0.000000 0.000000 0.000000 1.000000 0.000000 0.000000
26.000000 4.453558 11.856997 -1.389269 1.596746 0.000000 0.000000 0.000000 1.000000 0.000000 0.000000
26.000000 4.456090 11.661950 -1.375004 1.616661 0.000000 0.000000 0.000000 1.000000 0.000000 0.000000
26.000000 4.462012 11.742601 -1.415182 1.594682 0.000000 0.000000 0.000000 1.000000 0.000000 0.000000
26.000000 4.463708 11.770756 -1.402295 1.565894 0.000000 0.000000 0.000000 1.000000 0.000000 0.000000
26.000000 4.466327 11.562756 -1.386927 1.588651 0.000000 0.000000 0.000000 1.000000 0.000000 0.000000
26.000000 4.471980 11.656628 -1.434079 1.563159 0.000000 0.000000 0.000000 1.000000 0.000000 0.000000
26.000000 4.473469 11.696595 -1.415959 1.529416 0.000000 0.000000 0.000000 1.000000 0.000000 0.000000
26.000000 4.476185 11.494542 -1.400814 1.551019 0.000000 0.000000 0.000000 1.000000 0.000000 0.000000
26.000000 4.481966 11.582440 -1.445210 1.526723 0.000000 0.000000 0.000000 1.000000 0.000000 0.000000
26.000000 4.483593 11.615723 -1.429911 1.495295 0.000000 0.000000 0.000000 1.000000 0.000000 0.000000
26.000000 4.486234 11.414863 -1.414650 1.517674 0.000000 0.000000 0.000000 1.000000 0.000000 0.000000
26.000000 4.491957 11.501626 -1.458961 1.491614 0.000000 0.000000 0.000000 1.000000 0.000000 0.000000
26.000000 4.493630 11.539473 -1.441482 1.457046 0.000000 0.000000 0.000000 1.000000 0.000000 0.000000
26.000000 4.496117 11.334701 -1.425679 1.479228 0.000000 0.000000 0.000000 1.000000 0.000000 0.000000
26.000000 4.502018 11.425744 -1.472364 1.451993 0.000000 0.000000 0.000000 1.000000 0.000000 0.000000
26.000000 4.503512 11.470590 -1.451965 1.418056 0.000000 0.000000 0.000000 1.000000 0.000000 0.000000
26.000000 4.506194 11.258250 -1.435370 1.445131 0.000000 0.000000 0.000000 1.000000 0.000000 0.000000
26.000000 4.512013 11.352553 -1.484130 1.416405 0.000000 0.000000 0.000000 1.000000 0.000000 0.000000
26.000000 4.513404 11.382180 -1.469847 1.381403 0.000000 0.000000 0.000000 1.000000 0.000000 0.000000
26.000000 4.516228 11.198622 -1.455379 1.402693 0.000000 0.000000 0.000000 1.000000 0.000000 0.000000
26.000000 4.521997 11.273292 -1.494486 1.377333 0.000000 0.000000 0.000000 1.000000 0.000000 0.000000
26.000000 4.523534 11.294878 -1.483589 1.345031 0.000000 0.000000 0.000000 1.000000 0.000000 0.000000
26.000000 4.526171 11.124208 -1.469930 1.365435 0.000000 0.000000 0.000000 1.000000 0.000000 0.000000
26.000000 4.532002 11.198112 -1.509021 1.338770 0.000000 0.000000 0.000000 1.000000 0.000000 0.000000
26.000000 4.533658 11.228717 -1.494088 1.303186 0.000000 0.000000 0.000000 1.000000 0.000000 0.000000
26.000000 4.536108 11.039978 -1.478739 1.326561 0.000000 0.000000 0.000000 1.000000 0.000000 0.000000
26.000000 4.541997 11.119405 -1.520952 1.297958 0.000000 0.000000 0.000000 1.000000 0.000000 0.000000
26.000000 4.543548 11.150503 -1.505849 1.264805 0.000000 0.000000 0.000000 1.000000 0.000000 0.000000
26.000000 4.546475 10.958701 -1.489893 1.286670 0.000000 0.000000 0.000000 1.000000 0.000000 0.000000
26.000000 4.551986 11.042443 -1.534693 1.254563 0.000000 0.000000 0.000000 1.000000 0.000000 0.000000
26.000000 4.553473 11.077558 -1.517821 1.219601 0.000000 0.000000 0.000000 1.000000 0.000000 0.000000
26.000000 4.556147 10.874904 -1.500899 1.242347 0.000000 0.000000 0.000000 1.000000 0.000000 0.000000
26.000000 4.562020 10.959760 -1.546457 1.211316 0.000000 0.000000 0.000000 1.000000 0.000000 0.000000
26.000000 4.563573 10.997718 -1.528355 1.177538 0.000000 0.000000 0.000000 1.000000 0.000000 0.000000
26.000000 4.566136 10.803359 -1.511879 1.200904 0.000000 0.000000 0.000000 1.000000 0.000000 0.000000
26.000000 4.571970 10.886506 -1.556858 1.169586 0.000000 0.000000 0.000000 1.000000 0.000000 0.000000
26.000000 4.573417 10.919486 -1.540634 1.133609 0.000000 0.000000 0.000000 1.000000 0.000000 0.000000
26.000000 4.576169 10.716622 -1.523310 1.155171 0.000000 0.000000 0.000000 1.000000 0.000000 0.000000
26.000000 4.581991 10.807152 -1.572689 1.119764 0.000000 0.000000 0.000000 1.000000 0.000000 0.000000
26.000000 4.583576 10.836422 -1.557991 1.085059 0.000000 0.000000 0.000000 1.000000 0.000000 0.000000
26.000000 4.586272 10.654104 -1.542219 1.107391 0.000000 0.000000 0.000000 1.000000 0.000000 0.000000
26.000000 4.592042 10.727028 -1.582224 1.079697 0.000000 0.000000 0.000000 1.000000 0.000000 0.000000
26.000000 4.593467 10.772140 -1.560822 1.046268 0.000000 0.000000 0.000000 1.000000 0.000000 0.000000
26.000000 4.596083 10.554201 -1.541454 1.077103 0.000000 0.000000 0.000000 1.000000 0.000000 0.000000
26.000000 4.601987 10.648777 -1.594103 1.036036 0.000000 0.000000 0.000000 1.000000 0.000000 0.000000
26.000000 4.603634 10.695569 -1.571474 0.998123 0.000000 0.000000 0.000000 1.000000 0.000000 0.000000
26.000000 4.606195 10.473109 -1.551455 1.031174 0.000000 0.000000 0.000000 1.000000 0.000000 0.000000
26.000000 4.611956 10.572435 -1.606828 0.990189 0.000000 0.000000 0.000000 1.000000 0.000000 0.000000
26.000000 4.613775 10.615736 -1.585670 0.953029 0.000000 0.000000 0.000000 1.000000 0.000000 0.000000
26.000000 4.616143 10.406636 -1.566698 0.984144 0.000000 0.000000 0.000000 1.000000 0.000000 0.000000
26.000000 4.622027 10.501849 -1.620543 0.941465 0.000000 0.000000 0.000000 1.000000 0.000000 0.000000
26.000000 4.623839 10.550702 -1.596545 0.900481 0.000000 0.000000 0.000000 1.000000 0.000000 0.000000
26.000000 4.626223 10.322600 -1.575459 0.934922 0.000000 0.000000 0.000000 1.000000 0.000000 0.000000
26.000000 4.632065 10.418619 -1.629714 0.893776 0.000000 0.000000 0.000000 1.000000 0.000000 0.000000
26.000000 4.633524 10.455317 -1.611281 0.857644 0.000000 0.000000 0.000000 1.000000 0.000000 0.000000
26.000000 4.636158 10.265877 -1.593811 0.884417 0.000000 0.000000 0.000000 1.000000 0.000000 0.000000
26.000000 4.642040 10.349528 -1.642167 0.843001 0.000000 0.000000 0.000000 1.000000 0.000000 0.000000
26.000000 4.643582 10.388020 -1.622388 0.803646 0.000000 0.000000 0.000000 1.000000 0.000000 0.000000
26.000000 4.646149 10.191351 -1.603765 0.834869 0.000000 0.000000 0.000000 1.000000 0.000000 0.000000
26.000000 4.651985 10.277947 -1.654043 0.791755 0.000000 0.000000 0.000000 1.000000 0.000000 0.000000
26.000000 4.653615 10.318411 -1.633424 0.752844 0.000000 0.000000 0.000000 1.000000 0.000000 0.000000
26.000000 4.656251 10.105920 -1.613061 0.785030 0.000000 0.000000 0.000000 1.000000 0.000000 0.000000
26.000000 4.662010 10.192382 -1.663390 0.742524 0.000000 0.000000 0.000000 1.000000 0.000000 0.000000
26.000000 4.663532 10.232387 -1.643059 0.704666 0.000000 0.000000 0.000000 1.000000 0.000000 0.000000
26.000000 4.666229 10.035560 -1.624171 0.731184 0.000000 0.000000 0.000000 1.000000 0.000000 0.000000
26.000000 4.672203 10.122888 -1.675507 0.686590 0.000000 0.000000 0.000000 1.000000 0.000000 0.000000
26.000000 4.673529 10.156763 -1.657733 0.650001 0.000000 0.000000 0.000000 1.000000 0.000000 0.000000
26.000000 4.676177 9.961756 -1.638697 0.678335 0.000000 0.000000 0.000000 1.000000 0.000000 0.000000
26.000000 4.682165 10.047106 -1.689598 0.631664 0.000000 0.000000 0.000000 1.000000 0.000000 0.000000
26.000000 4.683598 10.088126 -1.668551 0.594704 0.000000 0.000000 0.000000 1.000000 0.000000 0.000000
26.000000 4.686192 9.888825 -1.648648 0.627751 0.000000 0.000000 0.000000 1.000000 0.000000 0.000000
26.000000 4.692059 9.971387 -1.698531 0.579591 0.000000 0.000000 0.000000 1.000000 0.000000 0.000000
26.000000 4.693719 10.003759 -1.681246 0.545148 0.000000 0.000000 0.000000 1.000000 0.000000 0.000000
26.000000 4.696196 9.810466 -1.661644 0.577132 0.000000 0.000000 0.000000 1.000000 0.000000 0.000000
26.000000 4.702217 9.894869 -1.713193 0.525985 0.000000 0.000000 0.000000 1.000000 0.000000 0.000000
26.000000 4.703632 9.939071 -1.690424 0.487989 0.000000 0.000000 0.000000 1.000000 0.000000 0.000000
26.000000 4.706255 9.723780 -1.668301 0.526021 0.000000 0.000000 0.000000 1.000000 0.000000 0.000000
26.000000 4.712297 9.818846 -1.726505 0.469901 0.000000 0.000000 0.000000 1.000000 0.000000 0.000000
26.000000 4.713548 9.858558 -1.705336 0.429580 0.000000 0.000000 0.000000 1.000000 0.000000 0.000000
26.000000 4.716257 9.669596 -1.685867 0.462033 0.000000 0.000000 0.000000 1.000000 0.000000 0.000000
26.000000 4.722219 9.748158 -1.734738 0.412502 0.000000 0.000000 0.000000 1.000000 0.000000 0.000000
26.000000 4.723691 9.783658 -1.715285 0.373053 0.000000 0.000000 0.000000 1.000000 0.000000 0.000000
26.000000 4.726308 9.588897 -1.694920 0.405387 0.000000 0.000000 0.000000 1.000000 0.000000 0.000000
26.000000 4.732296 9.676261 -1.749645 0.349318 0.000000 0.000000 0.000000 1.000000 0.000000 0.000000
26.000000 4.733762 9.725385 -1.724057 0.307756 0.000000 0.000000 0.000000 1.000000 0.000000 0.000000
26.000000 4.736247 9.514144 -1.701624 0.348393 0.000000 0.000000 0.000000 1.000000 0.000000 0.000000
26.000000 4.742034 9.600578 -1.756172 0.292338 0.000000 0.000000 0.000000 1.000000 0.000000 0.000000
26.000000 4.743696 9.638966 -1.735392 0.254673 0.000000 0.000000 0.000000 1.000000 0.000000 0.000000
26.000000 4.746341 9.427888 -1.712617 0.296135 0.000000 0.000000 0.000000 1.000000 0.000000 0.000000
26.000000 4.752192 9.518973 -1.770467 0.236932 0.000000 0.000000 0.000000 1.000000 0.000000 0.000000
26.000000 4.753613 9.558452 -1.748976 0.197805 0.000000 0.000000 0.000000 1.000000 0.000000 0.000000
26.000000 4.756202 9.360589 -1.727430 0.234810 0.000000 0.000000 0.000000 1.000000 0.000000 0.000000
26.000000 4.762101 9.452794 -1.786739 0.172233 0.000000 0.000000 0.000000 1.000000 0.000000 0.000000
26.000000 4.763558 9.494152 -1.764247 0.132870 0.000000 0.000000 0.000000 1.000000 0.000000 0.000000
26.000000 4.766335 9.290917 -1.741682 0.176747 0.000000 0.000000 0.000000 1.000000 0.000000 0.000000
26.000000 4.772261 9.376910 -1.797972 0.114594 0.000000 0.000000 0.000000 1.000000 0.000000 0.000000
26.000000 4.773715 9.415426 -1.776202 0.072713 0.000000 0.000000 0.000000 1.000000 0.000000 0.000000
26.000000 4.776278 9.229888 -1.755384 0.110428 0.000000 0.000000 0.000000 1.000000 0.000000 0.000000
26.000000 4.782062 9.308714 -1.807697 0.050197 0.000000 0.000000 0.000000 1.000000 0.000000 0.000000
26.000000 4.783623 9.348668 -1.785394 0.009535 0.000000 0.000000 0.000000 1.000000 0.000000 0.000000
26.000000 4.786277 9.151725 -1.763065 0.050204 0.000000 0.000000 0.000000 1.000000 0.000000 0.000000
26.000000 4.792305 9.237371 -1.815441 0.013054 0.000000 0.000000 0.000000 1.000000 0.000000 0.000000
26.000000 4.793557 9.289680 -1.792195 0.003969 0.000000 0.000000 0.000000 1.000000 0.000000 0.000000
26.000000 4.796615 9.098748 -1.770054 0.066085 0.000000 0.000000 0.000000 1.000000 0.000000 0.000000
26.000000 4.802095 9.187328 -1.820769 0.053462 0.000000 0.000000 0.000000 1.000000 0.000000 0.000000
26.000000 4.803754 9.237539 -1.799587 0.052921 0.000000 0.000000 0.000000 1.000000 0.000000 0.000000
26.000000 4.806505 9.057252 -1.778642 0.111414 0.000000 0.000000 0.000000 1.000000 0.000000 0.000000
26.000000 4.812320 9.144182 -1.828497 0.100488 0.000000 0.000000 0.000000 1.000000 0.000000 0.000000
26.000000 4.813618 9.197470 -1.806005 0.101016 0.000000 0.000000 0.000000 1.000000 0.000000 0.000000
26.000000 4.816337 9.006518 -1.783489 0.161330 0.000000 0.000000 0.000000 1.000000 0.000000 0.000000
26.000000 4.822296 9.105182 -1.840971 0.144110 0.000000 0.000000 0.000000 1.000000 0.000000 0.000000
26.000000 4.823677 9.165342 -1.815484 0.144547 0.000000 0.000000 0.000000 1.000000 0.000000 0.000000
26.000000 4.826246 8.972930 -1.792596 0.207159 0.000000 0.000000 0.000000 1.000000 0.000000 0.000000
26.000000 4.832101 9.060558 -1.844006 0.191477 0.000000 0.000000 0.000000 1.000000 0.000000 0.000000
26.000000 4.833583 9.110275 -1.822790 0.191481 0.000000 0.000000 0.000000 1.000000 0.000000 0.000000
26.000000 4.836261 8.933223 -1.801561 0.250215 0.000000 0.000000 0.000000 1.000000 0.000000 0.000000
26.000000 4.842147 9.013572 -1.848579 0.238159 0.000000 0.000000 0.000000 1.000000 0.000000 0.000000
26.000000 4.843682 9.067352 -1.825068 0.233991 0.000000 0.000000 0.000000 1.000000 0.000000 0.000000
26.000000 4.846423 8.879377 -1.802628 0.294334 0.000000 0.000000 0.000000 1.000000 0.000000 0.000000
26.000000 4.852098 8.965846 -1.853265 0.282927 0.000000 0.000000 0.000000 1.000000 0.000000 0.000000
26.000000 4.853571 9.015391 -1.831678 0.280025 0.000000 0.000000 0.000000 1.000000 0.000000 0.000000
26.000000 4.856290 8.825723 -1.808921 0.338775 0.000000 0.000000 0.000000 1.000000 0.000000 0.000000
26.000000 4.862098 8.920706 -1.865045 0.324669 0.000000 0.000000 0.000000 1.000000 0.000000 0.000000
26.000000 4.863631 8.979592 -1.838977 0.318386 0.000000 0.000000 0.000000 1.000000 0.000000 0.000000
26.000000 4.866307 8.768801 -1.813627 0.386572 0.000000 0.000000 0.000000 1.000000 0.000000 0.000000
26.000000 4.872192 8.873595 -1.876061 0.371287 0.000000 0.000000 0.000000 1.000000 0.000000 0.000000
26.000000 4.873578 8.943375 -1.844391 0.358817 0.000000 0.000000 0.000000 1.000000 0.000000 0.000000
26.000000 4.876333 8.740082 -1.819763 0.420983 0.000000 0.000000 0.000000 1.000000 0.000000 0.000000
26.000000 4.882064 8.838478 -1.878792 0.404413 0.000000 0.000000 0.000000 1.000000 0.000000 0.000000
26.000000 4.883653 8.899811 -1.851279 0.396808 0.000000 0.000000 0.000000 1.000000 0.000000 0.000000
26.000000 4.886341 8.680130 -1.824387 0.465361 0.000000 0.000000 0.000000 1.000000 0.000000 0.000000
26.000000 4.892066 8.783236 -1.886616 0.447813 0.000000 0.000000 0.000000 1.000000 0.000000 0.000000
26.000000 4.893621 8.847713 -1.857363 0.437771 0.000000 0.000000 0.000000 1.000000 0.000000 0.000000
26.000000 4.896306 8.638557 -1.831673 0.502415 0.000000 0.000000 0.000000 1.000000 0.000000 0.000000
26.000000 4.902121 8.737619 -1.891321 0.488242 0.000000 0.000000 0.000000 1.000000 0.000000 0.000000
26.000000 4.903610 8.798601 -1.863653 0.479106 0.000000 0.000000 0.000000 1.000000 0.000000 0.000000
26.000000 4.906400 8.588566 -1.837747 0.541551 0.000000 0.000000 0.000000 1.000000 0.000000 0.000000
26.000000 4.912128 8.694488 -1.902001 0.525082 0.000000 0.000000 0.000000 1.000000 0.000000 0.000000
26.000000 4.913718 8.759668 -1.872111 0.512881 0.000000 0.000000 0.000000 1.000000 0.000000 0.000000
26.000000 4.916314 8.547240 -1.845876 0.577028 0.000000 0.000000 0.000000 1.000000 0.000000 0.000000
26.000000 4.922087 8.652564 -1.909977 0.562171 0.000000 0.000000 0.000000 1.000000 0.000000 0.000000
26.000000 4.923706 8.709075 -1.883924 0.551098 0.000000 0.000000 0.000000 1.000000 0.000000 0.000000
26.000000 4.926387 8.531787 -1.861799 0.605070 0.000000 0.000000 0.000000 1.000000 0.000000 0.000000
26.000000 4.932154 8.614570 -1.912359 0.593639 0.000000 0.000000 0.000000 1.000000 0.000000 0.000000
26.000000 4.933684 8.678344 -1.882481 0.578452 0.000000 0.000000 0.000000 1.000000 0.000000 0.000000
26.000000 4.936335 8.467556 -1.856045 0.639801 0.000000 0.000000 0.000000 1.000000 0.000000 0.000000
26.000000 4.942163 8.566197 -1.916310 0.626490 0.000000 0.000000 0.000000 1.000000 0.000000 0.000000
26.000000 4.943807 8.627506 -1.888226 0.617449 0.000000 0.000000 0.000000 1.000000 0.000000 0.000000
26.000000 4.946401 8.423268 -1.862433 0.674453 0.000000 0.000000 0.000000 1.000000 0.000000 0.000000
26.000000 4.952261 8.522326 -1.923336 0.659763 0.000000 0.000000 0.000000 1.000000 0.000000 0.000000
26.000000 4.953603 8.576684 -1.898460 0.651935 0.000000 0.000000 0.000000 1.000000 0.000000 0.000000
26.000000 4.956379 8.383075 -1.873898 0.704017 0.000000 0.000000 0.000000 1.000000 0.000000 0.000000
26.000000 4.962294 8.479572 -1.933593 0.689201 0.000000 0.000000 0.000000 1.000000 0.000000 0.000000
26.000000 4.963645 8.545981 -1.902880 0.678226 0.000000 0.000000 0.000000 1.000000 0.000000 0.000000
26.000000 4.966354 8.334773 -1.875871 0.737523 0.000000 0.000000 0.000000 1.000000 0.000000 0.000000
26.000000 4.972242 8.437965 -1.940196 0.720714 0.000000 0.000000 0.000000 1.000000 0.000000 0.000000
26.000000 4.973608 8.500636 -1.910801 0.707162 0.000000 0.000000 0.000000 1.000000 0.000000 0.000000
26.000000 4.976315 8.290610 -1.883894 0.767560 0.000000 0.000000 0.000000 1.000000 0.000000 0.000000
26.000000 4.982263 8.387712 -1.944406 0.754643 0.000000 0.000000 0.000000 1.000000 0.000000 0.000000
26.000000 4.983640 8.449294 -1.915259 0.740220 0.000000 0.000000 0.000000 1.000000 0.000000 0.000000
26.000000 4.986358 8.250531 -1.889608 0.795066 0.000000 0.000000 0.000000 1.000000 0.000000 0.000000
26.000000 4.992249 8.348667 -1.951107 0.780555 0.000000 0.000000 0.000000 1.000000 0.000000 0.000000
26.000000 4.993542 8.406537 -1.923872 0.768516 0.000000 0.000000 0.000000 1.000000 0.000000 0.000000
26.000000 4.996359 8.208644 -1.898150 0.821755 0.000000 0.000000 0.000000 1.000000 0.000000 0.000000
26.000000 5.002247 8.301774 -1.956634 0.808578 0.000000 0.000000 0.000000 1.000000 0.000000 0.000000
26.000000 5.003718 8.359995 -1.929067 0.795324 0.000000 0.000000 0.000000 1.000000 0.000000 0.000000
26.000000 5.006550 8.134709 -1.899672 0.851654 0.000000 0.000000 0.000000 1.000000 0.000000 0.000000
26.000000 5.012146 8.242971 -1.968041 0.835542 0.000000 0.000000 0.000000 1.000000 0.000000 0.000000
26.000000 5.013649 8.316943 -1.933354 0.822877 0.000000 0.000000 0.000000 1.000000 0.000000 0.000000
26.000000 5.016328 8.084010 -1.902709 0.880316 0.000000 0.000000 0.000000 1.000000 0.000000 0.000000
26.000000 5.022125 8.196297 -1.974263 0.861136 0.000000 0.000000 0.000000 1.000000 0.000000 0.000000
26.000000 5.023775 8.272107 -1.938462 0.846696 0.000000 0.000000 0.000000 1.000000 0.000000 0.000000
26.000000 5.026467 8.038200 -1.907581 0.902903 0.000000 0.000000 0.000000 1.000000 0.000000 0.000000
26.000000 5.032158 8.153491 -1.980988 0.885296 0.000000 0.000000 0.000000 1.000000 0.000000 0.000000
26.000000 5.033816 8.226341 -1.946717 0.872621 0.000000 0.000000 0.000000 1.000000 0.000000 0.000000
26.000000 5.036358 8.019464 -1.919351 0.924422 0.000000 0.000000 0.000000 1.000000 0.000000 0.000000
26.000000 5.042206 8.124061 -1.986462 0.908019 0.000000 0.000000 0.000000 1.000000 0.000000 0.000000
26.000000 5.043754 8.191741 -1.953769 0.889775 0.000000 0.000000 0.000000 1.000000 0.000000 0.000000
26.000000 5.046357 7.959005 -1.922741 0.946475 0.000000 0.000000 0.000000 1.000000 0.000000 0.000000
26.000000 5.052235 8.072150 -1.995391 0.929913 0.000000 0.000000 0.000000 1.000000 0.000000 0.000000
26.000000 5.053979 8.150725 -1.957818 0.912906 0.000000 0.000000 0.000000 1.000000 0.000000 0.000000
26.000000 5.056392 7.907046 -1.925124 0.970620 0.000000 0.000000 0.000000 1.000000 0.000000 0.000000
26.000000 5.062203 8.025572 -2.002037 0.949943 0.000000 0.000000 0.000000 1.000000 0.000000 0.000000
26.000000 5.063718 8.097890 -1.967374 0.934225 0.000000 0.000000 0.000000 1.000000 0.000000 0.000000
26.000000 5.066448 7.876613 -1.937467 0.989192 0.000000 0.000000 0.000000 1.000000 0.000000 0.000000
26.000000 5.072302 7.986593 -2.008624 0.973747 0.000000 0.000000 0.000000 1.000000 0.000000 0.000000
26.000000 5.073679 8.053660 -1.976240 0.957243 0.000000 0.000000 0.000000 1.000000 0.000000 0.000000
26.000000 5.076343 7.842225 -1.947575 1.010064 0.000000 0.000000 0.000000 1.000000 0.000000 0.000000
26.000000 5.082247 7.947361 -2.016039 0.995057 0.000000 0.000000 0.000000 1.000000 0.000000 0.000000
26.000000 5.083755 8.017391 -1.981691 0.974305 0.000000 0.000000 0.000000 1.000000 0.000000 0.000000
26.000000 5.086417 7.796247 -1.951519 1.030644 0.000000 0.000000 0.000000 1.000000 0.000000 0.000000
26.000000 5.092236 7.900888 -2.020174 1.014660 0.000000 0.000000 0.000000 1.000000 0.000000 0.000000
26.000000 5.093789 7.959096 -1.991193 0.994023 0.000000 0.000000 0.000000 1.000000 0.000000 0.000000
26.000000 5.096595 7.754897 -1.963181 1.043619 0.000000 0.000000 0.000000 1.000000 0.000000 0.000000
26.000000 5.102221 7.850863 -2.026303 1.029461 0.000000 0.000000 0.000000 1.000000 0.000000 0.000000
26.000000 5.103666 7.921870 -1.991468 1.011057 0.000000 0.000000 0.000000 1.000000 0.000000 0.000000
26.000000 5.106387 7.686969 -1.958735 1.065550 0.000000 0.000000 0.000000 1.000000 0.000000 0.000000
26.000000 5.112247 7.813795 -2.044035 1.035542 0.000000 0.000000 0.000000 1.000000 0.000000 0.000000
26.000000 5.113649 7.901016 -2.001504 1.015821 0.000000 0.000000 0.000000 1.000000 0.000000 0.000000
26.000000 5.116317 7.659610 -1.967503 1.080761 0.000000 0.000000 0.000000 1.000000 0.000000 0.000000
26.000000 5.122267 7.777999 -2.046948 1.057043 0.000000 0.000000 0.000000 1.000000 0.000000 0.000000
26.000000 5.123707 7.847565 -2.012498 1.037128 0.000000 0.000000 0.000000 1.000000 0.000000 0.000000
26.000000 5.126335 7.617507 -1.979932 1.092753 0.000000 0.000000 0.000000 1.000000 0.000000 0.000000
26.000000 5.132208 7.725360 -2.053103 1.067480 0.000000 0.000000 0.000000 1.000000 0.000000 0.000000
26.000000 5.133632 7.798006 -2.017086 1.047586 0.000000 0.000000 0.000000 1.000000 0.000000 0.000000
26.000000 5.136345 7.574071 -1.985130 1.102680 0.000000 0.000000 0.000000 1.000000 0.000000 0.000000
26.000000 5.142243 7.685587 -2.060909 1.077436 0.000000 0.000000 0.000000 1.000000 0.000000 0.000000
26.000000 5.143821 7.763864 -2.022208 1.057495 0.000000 0.000000 0.000000 1.000000 0.000000 0.000000
26.000000 5.146336 7.534884 -1.989346 1.115773 0.000000 0.000000 0.000000 1.000000 0.000000 0.000000
26.000000 5.152236 7.641417 -2.062393 1.089857 0.000000 0.000000 0.000000 1.000000 0.000000 0.000000
26.000000 5.153701 7.710250 -2.027727 1.067967 0.000000 0.000000 0.000000 1.000000 0.000000 0.000000
26.000000 5.156760 7.483398 -1.995000 1.125785 0.000000 0.000000 0.000000 1.000000 0.000000 0.000000
26.000000 5.162262 7.590853 -2.068430 1.103101 0.000000 0.000000 0.000000 1.000000 0.000000 0.000000
26.000000 5.163800 7.657157 -2.035343 1.085116 0.000000 0.000000 0.000000 1.000000 0.000000 0.000000
26.000000 5.166477 7.453106 -2.005685 1.135568 0.000000 0.000000 0.000000 1.000000 0.000000 0.000000
26.000000 5.172266 7.554022 -2.074894 1.113837 0.000000 0.000000 0.000000 1.000000 0.000000 0.000000
26.000000 5.173810 7.612450 -2.045459 1.095177 0.000000 0.000000 0.000000 1.000000 0.000000 0.000000
26.000000 5.176629 7.406900 -2.015561 1.143568 0.000000 0.000000 0.000000 1.000000 0.000000 0.000000
26.000000 5.182268 7.506786 -2.084108 1.123839 0.000000 0.000000 0.000000 1.000000 0.000000 0.000000
26.000000 5.183799 7.581055 -2.046700 1.101344 0.000000 0.000000 0.000000 1.000000 0.000000 0.000000
26.000000 5.186485 7.368198 -2.015633 1.149662 0.000000 0.000000 0.000000 1.000000 0.000000 0.000000
26.000000 5.192240 7.467751 -2.084628 1.126789 0.000000 0.000000 0.000000 1.000000 0.000000 0.000000
26.000000 5.193643 7.532570 -2.051764 1.106002 0.000000 0.000000 0.000000 1.000000 0.000000 0.000000
26.000000 5.196452 7.308729 -2.018853 1.158443 0.000000 0.000000 0.000000 1.000000 0.000000 0.000000
26.000000 5.202250 7.410998 -2.089951 1.135846 0.000000 0.000000 0.000000 1.000000 0.000000 0.000000
26.000000 5.203781 7.475037 -2.057700 1.118543 0.000000 0.000000 0.000000 1.000000 0.000000 0.000000
26.000000 5.206527 7.300485 -2.031765 1.161797 0.000000 0.000000 0.000000 1.000000 0.000000 0.000000
26.000000 5.212299 7.386782 -2.091721 1.143903 0.000000 0.000000 0.000000 1.000000 0.000000 0.000000
26.000000 5.213654 7.441844 -2.063542 1.124917 0.000000 0.000000 0.000000 1.000000 0.000000 0.000000
26.000000 5.216432 7.251214 -2.035258 1.168742 0.000000 0.000000 0.000000 1.000000 0.000000 0.000000
26.000000 5.222219 7.347420 -2.102959 1.145419 0.000000 0.000000 0.000000 1.000000 0.000000 0.000000
26.000000 5.223860 7.401596 -2.074876 1.124250 0.000000 0.000000 0.000000 1.000000 0.000000 0.000000
26.000000 5.226466 7.214479 -2.046889 1.169056 0.000000 0.000000 0.000000 1.000000 0.000000 0.000000
26.000000 5.232265 7.300444 -2.107204 1.151046 0.000000 0.000000 0.000000 1.000000 0.000000 0.000000
26.000000 5.233957 7.360886 -2.075767 1.127166 0.000000 0.000000 0.000000 1.000000 0.000000 0.000000
26.000000 5.236485 7.170062 -2.047206 1.172260 0.000000 0.000000 0.000000 1.000000 0.000000 0.000000
26.000000 5.242270 7.259264 -2.110162 1.152817 0.000000 0.000000 0.000000 1.000000 0.000000 0.000000
26.000000 5.243800 7.312413 -2.082455 1.132184 0.000000 0.000000 0.000000 1.000000 0.000000 0.000000
26.000000 5.246519 7.125102 -2.054093 1.178495 0.000000 0.000000 0.000000 1.000000 0.000000 0.000000
26.000000 5.252249 7.216417 -2.118907 1.157994 0.000000 0.000000 0.000000 1.000000 0.000000 0.000000
26.000000 5.253901 7.278435 -2.086515 1.134157 0.000000 0.000000 0.000000 1.000000 0.000000 0.000000
26.000000 5.256467 7.072739 -2.055203 1.184865 0.000000 0.000000 0.000000 1.000000 0.000000 0.000000
26.000000 5.262278 7.170499 -2.125839 1.157561 0.000000 0.000000 0.000000 1.000000 0.000000 0.000000
26.000000 5.263823 7.222176 -2.098167 1.133233 0.000000 0.000000 0.000000 1.000000 0.000000 0.000000
26.000000 5.266558 7.048632 -2.071483 1.176159 0.000000 0.000000 0.000000 1.000000 0.000000 0.000000
26.000000 5.272270 7.136062 -2.134490 1.153697 0.000000 0.000000 0.000000 1.000000 0.000000 0.000000
26.000000 5.273932 7.196811 -2.102436 1.129008 0.000000 0.000000 0.000000 1.000000 0.000000 0.000000
26.000000 5.276514 6.991594 -2.070701 1.181117 0.000000 0.000000 0.000000 1.000000 0.000000 0.000000
26.000000 5.282300 7.091795 -2.143278 1.155172 0.000000 0.000000 0.000000 1.000000 0.000000 0.000000
26.000000 5.284010 7.152515 -2.110852 1.127579 0.000000 0.000000 0.000000 1.000000 0.000000 0.000000
26.000000 5.286464 6.951897 -2.079747 1.178069 0.000000 0.000000 0.000000 1.000000 0.000000 0.000000
26.000000 5.292293 7.045643 -2.148157 1.152973 0.000000 0.000000 0.000000 1.000000 0.000000 0.000000
26.000000 5.293799 7.107992 -2.114716 1.125064 0.000000 0.000000 0.000000 1.000000 0.000000 0.000000
26.000000 5.296565 6.914301 -2.084371 1.174942 0.000000 0.000000 0.000000 1.000000 0.000000 0.000000
26.000000 5.302276 7.008258 -2.153225 1.148984 0.000000 0.000000 0.000000 1.000000 0.000000 0.000000
26.000000 5.304014 7.064181 -2.123038 1.122499 0.000000 0.000000 0.000000 1.000000 0.000000 0.000000
26.000000 5.306513 6.865143 -2.091703 1.172246 0.000000 0.000000 0.000000 1.000000 0.000000 0.000000
26.000000 5.312248 6.962580 -2.163551 1.144476 0.000000 0.000000 0.000000 1.000000 0.000000 0.000000
26.000000 5.313912 7.022107 -2.131353 1.116254 0.000000 0.000000 0.000000 1.000000 0.000000 0.000000
26.000000 5.316552 6.827011 -2.100454 1.165045 0.000000 0.000000 0.000000 1.000000 0.000000 0.000000
26.000000 5.322284 6.919892 -2.169103 1.139145 0.000000 0.000000 0.000000 1.000000 0.000000 0.000000
26.000000 5.324063 6.983567 -2.134804 1.110895 0.000000 0.000000 0.000000 1.000000 0.000000 0.000000
26.000000 5.326692 6.780782 -2.102464 1.162118 0.000000 0.000000 0.000000 1.000000 0.000000 0.000000
26.000000 5.332343 6.876007 -2.173205 1.134799 0.000000 0.000000 0.000000 1.000000 0.000000 0.000000
26.000000 5.333929 6.932176 -2.142545 1.106909 0.000000 0.000000 0.000000 1.000000 0.000000 0.000000
26.000000 5.336460 6.744507 -2.112549 1.152013 0.000000 0.000000 0.000000 1.000000 0.000000 0.000000
26.000000 5.342314 6.834377 -2.179389 1.127016 0.000000 0.000000 0.000000 1.000000 0.000000 0.000000
26.000000 5.344130 6.896046 -2.146069 1.099775 0.000000 0.000000 0.000000 1.000000 0.000000 0.000000
26.000000 5.346718 6.701873 -2.114813 1.145222 0.000000 0.000000 0.000000 1.000000 0.000000 0.000000
26.000000 5.352416 6.795060 -2.184463 1.117984 0.000000 0.000000 0.000000 1.000000 0.000000 0.000000
26.000000 5.353815 6.850751 -2.154140 1.091263 0.000000 0.000000 0.000000 1.000000 0.000000 0.000000
26.000000 5.356561 6.637499 -2.119715 1.136805 0.000000 0.000000 0.000000 1.000000 0.000000 0.000000
26.000000 5.362292 6.738828 -2.195659 1.107445 0.000000 0.000000 0.000000 1.000000 0.000000 0.000000
26.000000 5.363783 6.809939 -2.157636 1.079514 0.000000 0.000000 0.000000 1.000000 0.000000 0.000000
26.000000 5.366453 6.605146 -2.124414 1.127756 0.000000 0.000000 0.000000 1.000000 0.000000 0.000000
26.000000 5.372430 6.706549 -2.200944 1.097915 0.000000 0.000000 0.000000 1.000000 0.000000 0.000000
26.000000 5.373779 6.771786 -2.165451 1.068904 0.000000 0.000000 0.000000 1.000000 0.000000 0.000000
26.000000 5.376678 6.577310 -2.133578 1.115811 0.000000 0.000000 0.000000 1.000000 0.000000 0.000000
26.000000 5.382338 6.666842 -2.201590 1.088009 0.000000 0.000000 0.000000 1.000000 0.000000 0.000000
26.000000 5.383790 6.715969 -2.174293 1.061981 0.000000 0.000000 0.000000 1.000000 0.000000 0.000000
26.000000 5.386760 6.533959 -2.144342 1.103871 0.000000 0.000000 0.000000 1.000000 0.000000 0.000000
26.000000 5.392347 6.619800 -2.209521 1.078607 0.000000 0.000000 0.000000 1.000000 0.000000 0.000000
26.000000 5.393762 6.674581 -2.179077 1.049432 0.000000 0.000000 0.000000 1.000000 0.000000 0.000000
26.000000 5.396569 6.493866 -2.149403 1.089252 0.000000 0.000000 0.000000 1.000000 0.000000 0.000000
26.000000 5.402318 6.577242 -2.213390 1.062701 0.000000 0.000000 0.000000 1.000000 0.000000 0.000000
26.000000 5.403852 6.631290 -2.183099 1.033542 0.000000 0.000000 0.000000 1.000000 0.000000 0.000000
26.000000 5.406549 6.451332 -2.153190 1.075858 0.000000 0.000000 0.000000 1.000000 0.000000 0.000000
26.000000 5.412434 6.535703 -2.218545 1.046946 0.000000 0.000000 0.000000 1.000000 0.000000 0.000000
26.000000 5.413779 6.579800 -2.193341 1.020047 0.000000 0.000000 0.000000 1.000000 0.000000 0.000000
26.000000 5.416578 6.411547 -2.165136 1.060865 0.000000 0.000000 0.000000 1.000000 0.000000 0.000000
26.000000 5.422331 6.495040 -2.230206 1.031862 0.000000 0.000000 0.000000 1.000000 0.000000 0.000000
26.000000 5.423820 6.544197 -2.202170 1.003063 0.000000 0.000000 0.000000 1.000000 0.000000 0.000000
26.000000 5.426587 6.377592 -2.173994 1.042680 0.000000 0.000000 0.000000 1.000000 0.000000 0.000000
26.000000 5.432446 6.454980 -2.234988 1.012965 0.000000 0.000000 0.000000 1.000000 0.000000 0.000000
26.000000 5.433746 6.517687 -2.199800 0.981526 0.000000 0.000000 0.000000 1.000000 0.000000 0.000000
26.000000 5.436551 6.329731 -2.167768 1.028547 0.000000 0.000000 0.000000 1.000000 0.000000 0.000000
26.000000 5.442362 6.418107 -2.237833 0.993266 0.000000 0.000000 0.000000 1.000000 0.000000 0.000000
26.000000 5.443870 6.472501 -2.206946 0.963996 0.000000 0.000000 0.000000 1.000000 0.000000 0.000000
26.000000 5.446651 6.280213 -2.173924 1.012991 0.000000 0.000000 0.000000 1.000000 0.000000 0.000000
26.000000 5.452464 6.369853 -2.245647 0.975543 0.000000 0.000000 0.000000 1.000000 0.000000 0.000000
26.000000 5.453793 6.422828 -2.215079 0.944299 0.000000 0.000000 0.000000 1.000000 0.000000 0.000000
26.000000 5.456499 6.239592 -2.183428 0.991973 0.000000 0.000000 0.000000 1.000000 0.000000 0.000000
26.000000 5.462308 6.328136 -2.254163 0.957135 0.000000 0.000000 0.000000 1.000000 0.000000 0.000000
26.000000 5.463867 6.382994 -2.222664 0.926171 0.000000 0.000000 0.000000 1.000000 0.000000 0.000000
26.000000 5.466604 6.197510 -2.190410 0.973365 0.000000 0.000000 0.000000 1.000000 0.000000 0.000000
26.000000 5.472337 6.287949 -2.263102 0.936556 0.000000 0.000000 0.000000 1.000000 0.000000 0.000000
26.000000 5.473768 6.342822 -2.231546 0.905472 0.000000 0.000000 0.000000 1.000000 0.000000 0.000000
26.000000 5.476534 6.158040 -2.199210 0.953942 0.000000 0.000000 0.000000 1.000000 0.000000 0.000000
26.000000 5.482378 6.242454 -2.267755 0.917867 0.000000 0.000000 0.000000 1.000000 0.000000 0.000000
26.000000 5.483877 6.299255 -2.234624 0.883584 0.000000 0.000000 0.000000 1.000000 0.000000 0.000000
26.000000 5.486547 6.126224 -2.204217 0.928455 0.000000 0.000000 0.000000 1.000000 0.000000 0.000000
26.000000 5.492342 6.205604 -2.269430 0.891645 0.000000 0.000000 0.000000 1.000000 0.000000 0.000000
26.000000 5.493757 6.259107 -2.238024 0.859108 0.000000 0.000000 0.000000 1.000000 0.000000 0.000000
26.000000 5.496586 6.075062 -2.205347 0.908506 0.000000 0.000000 0.000000 1.000000 0.000000 0.000000
26.000000 5.502380 6.162205 -2.276778 0.869720 0.000000 0.000000 0.000000 1.000000 0.000000 0.000000
26.000000 5.503886 6.221061 -2.242645 0.836643 0.000000 0.000000 0.000000 1.000000 0.000000 0.000000
26.000000 5.506615 6.022834 -2.207315 0.890098 0.000000 0.000000 0.000000 1.000000 0.000000 0.000000
26.000000 5.512464 6.119970 -2.287693 0.845020 0.000000 0.000000 0.000000 1.000000 0.000000 0.000000
26.000000 5.513834 6.181444 -2.251879 0.810523 0.000000 0.000000 0.000000 1.000000 0.000000 0.000000
26.000000 5.516483 5.991365 -2.217594 0.863979 0.000000 0.000000 0.000000 1.000000 0.000000 0.000000
26.000000 5.522371 6.079217 -2.291268 0.819692 0.000000 0.000000 0.000000 1.000000 0.000000 0.000000
26.000000 5.523858 6.134992 -2.258270 0.786079 0.000000 0.000000 0.000000 1.000000 0.000000 0.000000
26.000000 5.526573 5.947645 -2.224217 0.838343 0.000000 0.000000 0.000000 1.000000 0.000000 0.000000
26.000000 5.532496 6.036183 -2.298677 0.793654 0.000000 0.000000 0.000000 1.000000 0.000000 0.000000
26.000000 5.533886 6.096725 -2.263096 0.758662 0.000000 0.000000 0.000000 1.000000 0.000000 0.000000
26.000000 5.536727 5.922601 -2.231369 0.809236 0.000000 0.000000 0.000000 1.000000 0.000000 0.000000
26.000000 5.542362 5.999276 -2.296855 0.767382 0.000000 0.000000 0.000000 1.000000 0.000000 0.000000
26.000000 5.543960 6.046181 -2.267865 0.732675 0.000000 0.000000 0.000000 1.000000 0.000000 0.000000
26.000000 5.546550 5.903217 -2.241735 0.769039 0.000000 0.000000 0.000000 1.000000 0.000000 0.000000
26.000000 5.552432 5.971433 -2.300279 0.729965 0.000000 0.000000 0.000000 1.000000 0.000000 0.000000
26.000000 5.553911 6.010287 -2.276564 0.702804 0.000000 0.000000 0.000000 1.000000 0.000000 0.000000
26.000000 5.562453 5.996794 -2.275662 0.685212 0.000000 0.000000 0.000000 1.000000 0.000000 0.000000
26.000000 5.563861 5.977616 -2.283171 0.670864 0.000000 0.000000 0.000000 1.000000 0.000000 0.000000
26.000000 5.572416 5.949343 -2.279549 0.657404 0.000000 0.000000 0.000000 1.000000 0.000000 0.000000
26.000000 5.573786 5.923410 -2.290425 0.643122 0.000000 0.000000 0.000000 1.000000 0.000000 0.000000
26.000000 5.582429 5.903200 -2.288414 0.625392 0.000000 0.000000 0.000000 1.000000 0.000000 0.000000
26.000000 5.583899 5.890538 -2.291954 0.606953 0.000000 0.000000 0.000000 1.000000 0.000000 0.000000
26.000000 5.592527 5.868104 -2.289341 0.592379 0.000000 0.000000 0.000000 1.000000 0.000000 0.000000
26.000000 5.593845 5.849696 -2.296454 0.578718 0.000000 0.000000 0.000000 1.000000 0.000000 0.000000
26.000000 5.602461 5.829700 -2.294285 0.563356 0.000000 0.000000 0.000000 1.000000 0.000000 0.000000
26.000000 5.603915 5.802130 -2.305452 0.546369 0.000000 0.000000 0.000000 1.000000 0.000000 0.000000
26.000000 5.612476 5.785081 -2.304038 0.527346 0.000000 0.000000 0.000000 1.000000 0.000000 0.000000
26.000000 5.613816 5.761569 -2.313451 0.512421 0.000000 0.000000 0.000000 1.000000 0.000000 0.000000
26.000000 5.622374 5.748603 -2.312887 0.490949 0.000000 0.000000 0.000000 1.000000 0.000000 0.000000
26.000000 5.624049 5.726205 -2.321202 0.473082 0.000000 0.000000 0.000000 1.000000 0.000000 0.000000
26.000000 5.632522 5.705404 -2.319244 0.452573 0.000000 0.000000 0.000000 1.000000 0.000000 0.000000
26.000000 5.633872 5.688110 -2.324728 0.433496 0.000000 0.000000 0.000000 1.000000 0.000000 0.000000
26.000000 5.642432 5.660567 -2.321052 0.420659 0.000000 0.000000 0.000000 1.000000 0.000000 0.000000
26.000000 5.643850 5.638795 -2.329105 0.403629 0.000000 0.000000 0.000000 1.000000 0.000000 0.000000
26.000000 5.652542 5.616790 -2.326814 0.384640 0.000000 0.000000 0.000000 1.000000 0.000000 0.000000
26.000000 5.653923 5.598117 -2.332709 0.364396 0.000000 0.000000 0.000000 1.000000 0.000000 0.000000
26.000000 5.662411 5.581791 -2.331727 0.340693 0.000000 0.000000 0.000000 1.000000 0.000000 0.000000
26.000000 5.663902 5.558400 -2.340079 0.321587 0.000000 0.000000 0.000000 1.000000 0.000000 0.000000
26.000000 5.672468 5.548005 -2.340094 0.297994 0.000000 0.000000 0.000000 1.000000 0.000000 0.000000
26.000000 5.674046 5.522601 -2.349619 0.280239 0.000000 0.000000 0.000000 1.000000 0.000000 0.000000
26.000000 5.682427 5.502809 -2.347728 0.260490 0.000000 0.000000 0.000000 1.000000 0.000000 0.000000
26.000000 5.684082 5.485564 -2.352558 0.239514 0.000000 0.000000 0.000000 1.000000 0.000000 0.000000
26.000000 5.692556 5.462181 -2.350012 0.220186 0.000000 0.000000 0.000000 1.000000 0.000000 0.000000
26.000000 5.693995 5.438979 -2.357891 0.200027 0.000000 0.000000 0.000000 1.000000 0.000000 0.000000
26.000000 5.702412 5.420410 -2.356428 0.177268 0.000000 0.000000 0.000000 1.000000 0.000000 0.000000
26.000000 5.703978 5.399134 -2.363197 0.156753 0.000000 0.000000 0.000000 1.000000 0.000000 0.000000
26.000000 5.712535 5.386346 -2.362993 0.130532 0.000000 0.000000 0.000000 1.000000 0.000000 0.000000
26.000000 5.713979 5.366091 -2.368833 0.108344 0.000000 0.000000 0.000000 1.000000 0.000000 0.000000
26.000000 5.722435 5.354081 -2.368747 0.082306 0.000000 0.000000 0.000000 1.000000 0.000000 0.000000
26.000000 5.724111 5.324985 -2.379359 0.062669 0.000000 0.000000 0.000000 1.000000 0.000000 0.000000
26.000000 5.732510 5.293828 -2.375008 0.048459 0.000000 0.000000 0.000000 1.000000 0.000000 0.000000
26.000000 5.734010 5.282068 -2.376397 0.025582 0.000000 0.000000 0.000000 1.000000 0.000000 0.000000
26.000000 5.742430 5.267408 -2.375581 0.003050 0.000000 0.000000 0.000000 1.000000 0.000000 0.000000
26.000000 5.744035 5.245344 -2.384819 -0.005173 0.000000 0.000000 0.000000 1.000000 0.000000 0.000000
26.000000 5.752500 5.220504 -2.378764 0.016195 0.000000 0.000000 0.000000 1.000000 0.000000 0.000000
26.000000 5.753975 5.206882 -2.388530 0.031714 0.000000 0.000000 0.000000 1.000000 0.000000 0.000000
26.000000 5.762418 5.183891 -2.382977 0.050441 0.000000 0.000000 0.000000 1.000000 0.000000 0.000000
26.000000 5.764146 5.160648 -2.398032 0.068340 0.000000 0.000000 0.000000 1.000000 0.000000 0.000000
26.000000 5.772527 5.140513 -2.393006 0.086258 0.000000 0.000000 0.000000 1.000000 0.000000 0.000000
26.000000 5.774162 5.121749 -2.405819 0.104044 0.000000 0.000000 0.000000 1.000000 0.000000 0.000000
26.000000 5.782477 5.111949 -2.403125 0.115629 0.000000 0.000000 0.000000 1.000000 0.000000 0.000000
26.000000 5.784181 5.104672 -2.409106 0.127805 0.000000 0.000000 0.000000 1.000000 0.000000 0.000000
26.000000 5.792557 5.083868 -2.404120 0.143105 0.000000 0.000000 0.000000 1.000000 0.000000 0.000000
26.000000 5.794126 5.059924 -2.419791 0.161868 0.000000 0.000000 0.000000 1.000000 0.000000 0.000000
26.000000 5.802499 5.041327 -2.414963 0.179645 0.000000 0.000000 0.000000 1.000000 0.000000 0.000000
26.000000 5.804025 5.030772 -2.422136 0.189276 0.000000 0.000000 0.000000 1.000000 0.000000 0.000000
26.000000 5.812528 5.012989 -2.418033 0.199716 0.000000 0.000000 0.000000 1.000000 0.000000 0.000000
26.000000 5.814078 4.985296 -2.435622 0.218205 0.000000 0.000000 0.000000 1.000000 0.000000 0.000000
26.000000 5.822672 4.963944 -2.430417 0.233564 0.000000 0.000000 0.000000 1.000000 0.000000 0.000000
26.000000 5.824055 4.954423 -2.438070 0.248270 0.000000 0.000000 0.000000 1.000000 0.000000 0.000000
26.000000 5.832687 4.933039 -2.432759 0.264600 0.000000 0.000000 0.000000 1.000000 0.000000 0.000000
26.000000 5.834046 4.922186 -2.440330 0.275202 0.000000 0.000000 0.000000 1.000000 0.000000 0.000000
26.000000 5.842542 4.897683 -2.434499 0.290494 0.000000 0.000000 0.000000 1.000000 0.000000 0.000000
26.000000 5.844131 4.878473 -2.446890 0.303754 0.000000 0.000000 0.000000 1.000000 0.000000 0.000000
26.000000 5.852714 4.856943 -2.441594 0.318854 0.000000 0.000000 0.000000 1.000000 0.000000 0.000000
26.000000 5.854200 4.837292 -2.454327 0.332551 0.000000 0.000000 0.000000 1.000000 0.000000 0.000000
26.000000 5.862649 4.822480 -2.450543 0.344322 0.000000 0.000000 0.000000 1.000000 0.000000 0.000000
26.000000 5.864107 4.807940 -2.460186 0.355546 0.000000 0.000000 0.000000 1.000000 0.000000 0.000000
26.000000 5.872697 4.789180 -2.455516 0.368670 0.000000 0.000000 0.000000 1.000000 0.000000 0.000000
26.000000 5.874012 4.771952 -2.467114 0.382743 0.000000 0.000000 0.000000 1.000000 0.000000 0.000000
26.000000 5.882532 4.749395 -2.461819 0.394270 0.000000 0.000000 0.000000 1.000000 0.000000 0.000000
26.000000 5.884258 4.735293 -2.470787 0.402845 0.000000 0.000000 0.000000 1.000000 0.000000 0.000000
26.000000 5.892731 4.714519 -2.465878 0.413561 0.000000 0.000000 0.000000 1.000000 0.000000 0.000000
26.000000 5.894150 4.700649 -2.474925 0.423057 0.000000 0.000000 0.000000 1.000000 0.000000 0.000000
26.000000 5.902684 4.681489 -2.470361 0.433098 0.000000 0.000000 0.000000 1.000000 0.000000 0.000000
26.000000 5.904141 4.663586 -2.481642 0.443115 0.000000 0.000000 0.000000 1.000000 0.000000 0.000000
26.000000 5.912644 4.642638 -2.476512 0.455384 0.000000 0.000000 0.000000 1.000000 0.000000 0.000000
26.000000 5.914077 4.620372 -2.490325 0.466496 0.000000 0.000000 0.000000 1.000000 0.000000 0.000000
26.000000 5.922607 4.603112 -2.486072 0.476537 0.000000 0.000000 0.000000 1.000000 0.000000 0.000000
26.000000 5.924088 4.591456 -2.493425 0.482916 0.000000 0.000000 0.000000 1.000000 0.000000 0.000000
26.000000 5.932664 4.568206 -2.488129 0.491069 0.000000 0.000000 0.000000 1.000000 0.000000 0.000000
26.000000 5.934064 4.547505 -2.500941 0.500865 0.000000 0.000000 0.000000 1.000000 0.000000 0.000000
26.000000 5.942526 4.533251 -2.497461 0.508312 0.000000 0.000000 0.000000 1.000000 0.000000 0.000000
26.000000 5.944121 4.518833 -2.506548 0.515908 0.000000 0.000000 0.000000 1.000000 0.000000 0.000000
26.000000 5.952703 4.496550 -2.501328 0.524666 0.000000 0.000000 0.000000 1.000000 0.000000 0.000000
26.000000 5.954083 4.481661 -2.510336 0.530388 0.000000 0.000000 0.000000 1.000000 0.000000 0.000000
26.000000 5.962581 4.466013 -2.506544 0.537796 0.000000 0.000000 0.000000 1.000000 0.000000 0.000000
26.000000 5.964141 4.445321 -2.519258 0.546629 0.000000 0.000000 0.000000 1.000000 0.000000 0.000000
26.000000 5.972850 4.426181 -2.514781 0.553447 0.000000 0.000000 0.000000 1.000000 0.000000 0.000000
26.000000 5.974265 4.407691 -2.526003 0.560455 0.000000 0.000000 0.000000 1.000000 0.000000 0.000000
26.000000 5.982569 4.384670 -2.520598 0.568493 0.000000 0.000000 0.000000 1.000000 0.000000 0.000000
26.000000 5.984171 4.372732 -2.527792 0.572629 0.000000 0.000000 0.000000 1.000000 0.000000 0.000000
26.000000 5.992668 4.353712 -2.523362 0.578665 0.000000 0.000000 0.000000 1.000000 0.000000 0.000000
26.000000 5.994214 4.337085 -2.533243 0.583573 0.000000 0.000000 0.000000 1.000000 0.000000 0.000000
26.000000 6.002693 4.315805 -2.528427 0.588414 0.000000 0.000000 0.000000 1.000000 0.000000 0.000000
26.000000 6.004077 4.296496 -2.540060 0.594784 0.000000 0.000000 0.000000 1.000000 0.000000 0.000000
26.000000 6.012771 4.284798 -2.537525 0.595973 0.000000 0.000000 0.000000 1.000000 0.000000 0.000000
26.000000 6.014054 4.269174 -2.546542 0.599013 0.000000 0.000000 0.000000 1.000000 0.000000 0.000000
26.000000 6.022646 4.252259 -2.542733 0.602145 0.000000 0.000000 0.000000 1.000000 0.000000 0.000000
26.000000 6.024093 4.230826 -2.555874 0.610154 0.000000 0.000000 0.000000 1.000000 0.000000 0.000000
26.000000 6.032711 4.208661 -2.550826 0.614471 0.000000 0.000000 0.000000 1.000000 0.000000 0.000000
26.000000 6.034117 4.193468 -2.559587 0.617199 0.000000 0.000000 0.000000 1.000000 0.000000 0.000000
26.000000 6.042661 4.180383 -2.556821 0.617192 0.000000 0.000000 0.000000 1.000000 0.000000 0.000000
26.000000 6.044178 4.167203 -2.564079 0.617781 0.000000 0.000000 0.000000 1.000000 0.000000 0.000000
26.000000 6.052765 4.147780 -2.559769 0.619865 0.000000 0.000000 0.000000 1.000000 0.000000 0.000000
26.000000 6.054105 4.125512 -2.572848 0.624847 0.000000 0.000000 0.000000 1.000000 0.000000 0.000000
26.000000 6.062728 4.103248 -2.567456 0.631838 0.000000 0.000000 0.000000 1.000000 0.000000 0.000000
26.000000 6.064135 4.084411 -2.578079 0.633628 0.000000 0.000000 0.000000 1.000000 0.000000 0.000000
26.000000 6.072710 4.067984 -2.574623 0.632763 0.000000 0.000000 0.000000 1.000000 0.000000 0.000000
26.000000 6.074188 4.054530 -2.581989 0.632891 0.000000 0.000000 0.000000 1.000000 0.000000 0.000000
26.000000 6.082621 4.038148 -2.578490 0.632454 0.000000 0.000000 0.000000 1.000000 0.000000 0.000000
26.000000 6.084298 4.019833 -2.589035 0.635146 0.000000 0.000000 0.000000 1.000000 0.000000 0.000000
26.000000 6.092663 4.004836 -2.585770 0.635221 0.000000 0.000000 0.000000 1.000000 0.000000 0.000000
26.000000 6.094257 3.986030 -2.595737 0.633622 0.000000 0.000000 0.000000 1.000000 0.000000 0.000000
26.000000 6.102625 3.954709 -2.588374 0.639276 0.000000 0.000000 0.000000 1.000000 0.000000 0.000000
26.000000 6.104210 3.935004 -2.599637 0.641430 0.000000 0.000000 0.000000 1.000000 0.000000 0.000000
26.000000 6.112654 3.914379 -2.594638 0.646463 0.000000 0.000000 0.000000 1.000000 0.000000 0.000000
26.000000 6.114316 3.896121 -2.604863 0.647233 0.000000 0.000000 0.000000 1.000000 0.000000 0.000000
26.000000 6.122683 3.881914 -2.602154 0.642557 0.000000 0.000000 0.000000 1.000000 0.000000 0.000000
26.000000 6.124153 3.872557 -2.606468 0.638432 0.000000 0.000000 0.000000 1.000000 0.000000 0.000000
26.000000 6.132721 3.855917 -2.603030 0.635759 0.000000 0.000000 0.000000 1.000000 0.000000 0.000000
26.000000 6.134043 3.835524 -2.614427 0.636460 0.000000 0.000000 0.000000 1.000000 0.000000 0.000000
26.000000 6.142630 3.812239 -2.609291 0.635868 0.000000 0.000000 0.000000 1.000000 0.000000 0.000000
26.000000 6.144254 3.799169 -2.616073 0.633765 0.000000 0.000000 0.000000 1.000000 0.000000 0.000000
26.000000 6.152920 3.781568 -2.612378 0.631200 0.000000 0.000000 0.000000 1.000000 0.000000 0.000000
26.000000 6.154120 3.756548 -2.625930 0.629810 0.000000 0.000000 0.000000 1.000000 0.000000 0.000000
26.000000 6.162657 3.742181 -2.623158 0.624905 0.000000 0.000000 0.000000 1.000000 0.000000 0.000000
26.000000 6.164138 3.724397 -2.632718 0.623557 0.000000 0.000000 0.000000 1.000000 0.000000 0.000000
26.000000 6.172757 3.712664 -2.630607 0.617838 0.000000 0.000000 0.000000 1.000000 0.000000 0.000000
26.000000 6.174188 3.695896 -2.638898 0.613164 0.000000 0.000000 0.000000 1.000000 0.000000 0.000000
26.000000 6.182704 3.673274 -2.634026 0.610304 0.000000 0.000000 0.000000 1.000000 0.000000 0.000000
26.000000 6.184199 3.654087 -2.644007 0.607225 0.000000 0.000000 0.000000 1.000000 0.000000 0.000000
26.000000 6.192787 3.636049 -2.640342 0.602457 0.000000 0.000000 0.000000 1.000000 0.000000 0.000000
26.000000 6.194121 3.622221 -2.646807 0.596884 0.000000 0.000000 0.000000 1.000000 0.000000 0.000000
26.000000 6.202760 3.602887 -2.642952 0.590924 0.000000 0.000000 0.000000 1.000000 0.000000 0.000000
26.000000 6.204093 3.582645 -2.653296 0.586845 0.000000 0.000000 0.000000 1.000000 0.000000 0.000000
26.000000 6.212904 3.567207 -2.650118 0.582940 0.000000 0.000000 0.000000 1.000000 0.000000 0.000000
26.000000 6.214130 3.548324 -2.659473 0.577711 0.000000 0.000000 0.000000 1.000000 0.000000 0.000000
26.000000 6.222760 3.534968 -2.657279 0.568517 0.000000 0.000000 0.000000 1.000000 0.000000 0.000000
26.000000 6.224356 3.515859 -2.667055 0.564706 0.000000 0.000000 0.000000 1.000000 0.000000 0.000000
26.000000 6.232768 3.501304 -2.664314 0.558141 0.000000 0.000000 0.000000 1.000000 0.000000 0.000000
26.000000 6.234161 3.483002 -2.673190 0.552312 0.000000 0.000000 0.000000 1.000000 0.000000 0.000000
26.000000 6.242691 3.458749 -2.667869 0.548738 0.000000 0.000000 0.000000 1.000000 0.000000 0.000000
26.000000 6.244168 3.444473 -2.673791 0.539732 0.000000 0.000000 0.000000 1.000000 0.000000 0.000000
26.000000 6.252741 3.429154 -2.671199 0.529688 0.000000 0.000000 0.000000 1.000000 0.000000 0.000000
26.000000 6.254302 3.408124 -2.681594 0.523912 0.000000 0.000000 0.000000 1.000000 0.000000 0.000000
26.000000 6.262677 3.393743 -2.679125 0.514728 0.000000 0.000000 0.000000 1.000000 0.000000 0.000000
26.000000 6.264165 3.376083 -2.687231 0.507217 0.000000 0.000000 0.000000 1.000000 0.000000 0.000000
26.000000 6.272775 3.360967 -2.684725 0.496617 0.000000 0.000000 0.000000 1.000000 0.000000 0.000000
26.000000 6.274359 3.339957 -2.695182 0.491329 0.000000 0.000000 0.000000 1.000000 0.000000 0.000000
26.000000 6.282732 3.322762 -2.691923 0.483179 0.000000 0.000000 0.000000 1.000000 0.000000 0.000000
26.000000 6.284332 3.306431 -2.698608 0.472954 0.000000 0.000000 0.000000 1.000000 0.000000 0.000000
26.000000 6.293003 3.287099 -2.694979 0.463340 0.000000 0.000000 0.000000 1.000000 0.000000 0.000000
26.000000 6.294307 3.270151 -2.702374 0.454785 0.000000 0.000000 0.000000 1.000000 0.000000 0.000000
26.000000 6.302896 3.252322 -2.699080 0.445352 0.000000 0.000000 0.000000 1.000000 0.000000 0.000000
26.000000 6.304386 3.234151 -2.708714 0.443419 0.000000 0.000000 0.000000 1.000000 0.000000 0.000000
26.000000 6.313025 3.221656 -2.707272 0.428689 0.000000 0.000000 0.000000 1.000000 0.000000 0.000000
26.000000 11.799291 nan nan nan 0.000000 0.000000 0.000000 1.000000 0.000000 0.000000
27.000000 11.805122 19.807931 -0.043613 0.262982 0.000000 0.000000 0.000000 1.000000 0.000000 0.000000
27.000000 11.806499 19.752845 -0.062671 0.281320 0.000000 0.000000 0.000000 1.000000 0.000000 0.000000
27.000000 11.809343 19.804089 -0.063110 0.293299 0.000000 0.000000 0.000000 1.000000 0.000000 0.000000
27.000000 11.815050 19.733517 -0.043012 0.324869 0.000000 0.000000 0.000000 1.000000 0.000000 0.000000
27.000000 11.816447 19.659466 -0.068641 0.350189 0.000000 0.000000 0.000000 1.000000 0.000000 0.000000
27.000000 11.819328 19.755579 -0.068682 0.347260 0.000000 0.000000 0.000000 1.000000 0.000000 0.000000
27.000000 11.826479 19.751303 -0.067147 0.373383 0.000000 0.000000 0.000000 1.000000 0.000000 0.000000
27.000000 11.829424 19.603894 -0.067616 0.427596 0.000000 0.000000 0.000000 1.000000 0.000000 0.000000
27.000000 11.835072 19.553359 -0.053382 0.440678 0.000000 0.000000 0.000000 1.000000 0.000000 0.000000
27.000000 11.836500 19.508795 -0.068841 0.460542 0.000000 0.000000 0.000000 1.000000 0.000000 0.000000
27.000000 11.839268 19.485206 -0.068504 0.484496 0.000000 0.000000 0.000000 1.000000 0.000000 0.000000
27.000000 11.845125 19.449186 -0.058087 0.497766 0.000000 0.000000 0.000000 1.000000 0.000000 0.000000
27.000000 11.846472 19.421504 -0.067995 0.518935 0.000000 0.000000 0.000000 1.000000 0.000000 0.000000
27.000000 11.849386 19.367521 -0.067810 0.550395 0.000000 0.000000 0.000000 1.000000 0.000000 0.000000
27.000000 11.855110 19.349204 -0.062500 0.562567 0.000000 0.000000 0.000000 1.000000 0.000000 0.000000
27.000000 11.856474 19.327088 -0.070317 0.576438 0.000000 0.000000 0.000000 1.000000 0.000000 0.000000
27.000000 11.859273 19.281855 -0.070266 0.605480 0.000000 0.000000 0.000000 1.000000 0.000000 0.000000
27.000000 11.865190 19.243489 -0.058876 0.630002 0.000000 0.000000 0.000000 1.000000 0.000000 0.000000
27.000000 11.866457 19.213035 -0.069806 0.646010 0.000000 0.000000 0.000000 1.000000 0.000000 0.000000
27.000000 11.869405 19.210030 -0.070032 0.663151 0.000000 0.000000 0.000000 1.000000 0.000000 0.000000
27.000000 11.875132 19.150280 -0.052677 0.686775 0.000000 0.000000 0.000000 1.000000 0.000000 0.000000
27.000000 11.876416 19.112664 -0.066025 0.703868 0.000000 0.000000 0.000000 1.000000 0.000000 0.000000
27.000000 11.879318 19.083364 -0.065950 0.726504 0.000000 0.000000 0.000000 1.000000 0.000000 0.000000
27.000000 11.885299 19.046458 -0.055116 0.743225 0.000000 0.000000 0.000000 1.000000 0.000000 0.000000
27.000000 11.886651 19.023525 -0.063421 0.760795 0.000000 0.000000 0.000000 1.000000 0.000000 0.000000
27.000000 11.889430 18.992679 -0.063302 0.785401 0.000000 0.000000 0.000000 1.000000 0.000000 0.000000
27.000000 11.895319 18.955251 -0.052399 0.799245 0.000000 0.000000 0.000000 1.000000 0.000000 0.000000
27.000000 11.896521 18.912377 -0.067586 0.812329 0.000000 0.000000 0.000000 1.000000 0.000000 0.000000
27.000000 11.899301 18.926786 -0.067877 0.832931 0.000000 0.000000 0.000000 1.000000 0.000000 0.000000
27.000000 11.905214 18.860577 -0.048905 0.848835 0.000000 0.000000 0.000000 1.000000 0.000000 0.000000
27.000000 11.906474 18.794670 -0.072005 0.861063 0.000000 0.000000 0.000000 1.000000 0.000000 0.000000
27.000000 11.909376 18.827209 -0.072063 0.879940 0.000000 0.000000 0.000000 1.000000 0.000000 0.000000
27.000000 11.915147 18.766880 -0.054374 0.899907 0.000000 0.000000 0.000000 1.000000 0.000000 0.000000
27.000000 11.916485 18.708454 -0.075190 0.915739 0.000000 0.000000 0.000000 1.000000 0.000000 0.000000
27.000000 11.919288 18.764914 -0.075482 0.928099 0.000000 0.000000 0.000000 1.000000 0.000000 0.000000
27.000000 11.925174 18.673515 -0.048571 0.956010 0.000000 0.000000 0.000000 1.000000 0.000000 0.000000
27.000000 11.926466 18.616182 -0.069086 0.969391 0.000000 0.000000 0.000000 1.000000 0.000000 0.000000
27.000000 11.929395 18.615624 -0.069285 0.985619 0.000000 0.000000 0.000000 1.000000 0.000000 0.000000
27.000000 11.935287 18.567965 -0.055166 1.004400 0.000000 0.000000 0.000000 1.000000 0.000000 0.000000
27.000000 11.936507 18.530850 -0.068491 1.014110 0.000000 0.000000 0.000000 1.000000 0.000000 0.000000
27.000000 11.939318 18.564444 -0.069049 1.035822 0.000000 0.000000 0.000000 1.000000 0.000000 0.000000
27.000000 11.945292 18.480037 -0.044149 1.066672 0.000000 0.000000 0.000000 1.000000 0.000000 0.000000
27.000000 11.946451 18.432925 -0.061007 1.075149 0.000000 0.000000 0.000000 1.000000 0.000000 0.000000
27.000000 11.949437 18.431009 -0.061099 1.090650 0.000000 0.000000 0.000000 1.000000 0.000000 0.000000
27.000000 11.955381 18.387625 -0.048271 1.103653 0.000000 0.000000 0.000000 1.000000 0.000000 0.000000
27.000000 11.956503 18.366119 -0.056066 1.115893 0.000000 0.000000 0.000000 1.000000 0.000000 0.000000
27.000000 11.959281 18.320608 -0.055873 1.140934 0.000000 0.000000 0.000000 1.000000 0.000000 0.000000
27.000000 11.965192 18.295579 -0.048360 1.151635 0.000000 0.000000 0.000000 1.000000 0.000000 0.000000
27.000000 11.966502 18.254845 -0.063186 1.162750 0.000000 0.000000 0.000000 1.000000 0.000000 0.000000
27.000000 11.969505 18.254255 -0.063443 1.181589 0.000000 0.000000 0.000000 1.000000 0.000000 0.000000
27.000000 11.975150 18.207120 -0.049324 1.201216 0.000000 0.000000 0.000000 1.000000 0.000000 0.000000
27.000000 11.976493 18.191113 -0.055147 1.208048 0.000000 0.000000 0.000000 1.000000 0.000000 0.000000
27.000000 11.979642 18.131566 -0.055177 1.233356 0.000000 0.000000 0.000000 1.000000 0.000000 0.000000
27.000000 11.985270 18.102172 -0.046143 1.252257 0.000000 0.000000 0.000000 1.000000 0.000000 0.000000
27.000000 11.986756 18.072250 -0.057249 1.264722 0.000000 0.000000 0.000000 1.000000 0.000000 0.000000
27.000000 11.989520 18.052463 -0.057423 1.283346 0.000000 0.000000 0.000000 1.000000 0.000000 0.000000
27.000000 11.995159 18.014368 -0.045857 1.301303 0.000000 0.000000 0.000000 1.000000 0.000000 0.000000
27.000000 11.996623 17.979614 -0.058636 1.308047 0.000000 0.000000 0.000000 1.000000 0.000000 0.000000
27.000000 11.999312 17.972148 -0.058950 1.324061 0.000000 0.000000 0.000000 1.000000 0.000000 0.000000
27.000000 12.005171 17.927795 -0.045590 1.340776 0.000000 0.000000 0.000000 1.000000 0.000000 0.000000
27.000000 12.006649 17.898884 -0.056133 1.343163 0.000000 0.000000 0.000000 1.000000 0.000000 0.000000
27.000000 12.009445 17.864472 -0.056396 1.363899 0.000000 0.000000 0.000000 1.000000 0.000000 0.000000
27.000000 12.015067 17.826442 -0.044732 1.384605 0.000000 0.000000 0.000000 1.000000 0.000000 0.000000
27.000000 12.016595 17.791822 -0.057583 1.391825 0.000000 0.000000 0.000000 1.000000 0.000000 0.000000
27.000000 12.019315 17.769243 -0.057839 1.408611 0.000000 0.000000 0.000000 1.000000 0.000000 0.000000
27.000000 12.025289 17.729439 -0.045682 1.425487 0.000000 0.000000 0.000000 1.000000 0.000000 0.000000
27.000000 12.026673 17.704457 -0.054935 1.430430 0.000000 0.000000 0.000000 1.000000 0.000000 0.000000
27.000000 12.029567 17.674727 -0.055162 1.450622 0.000000 0.000000 0.000000 1.000000 0.000000 0.000000
27.000000 12.035180 17.646339 -0.046443 1.466957 0.000000 0.000000 0.000000 1.000000 0.000000 0.000000
27.000000 12.036511 17.625053 -0.054350 1.470159 0.000000 0.000000 0.000000 1.000000 0.000000 0.000000
27.000000 12.039373 17.576924 -0.054609 1.492227 0.000000 0.000000 0.000000 1.000000 0.000000 0.000000
27.000000 12.045235 17.545481 -0.044845 1.511823 0.000000 0.000000 0.000000 1.000000 0.000000 0.000000
27.000000 12.046514 17.514958 -0.056283 1.514430 0.000000 0.000000 0.000000 1.000000 0.000000 0.000000
27.000000 12.049433 17.500407 -0.056709 1.529000 0.000000 0.000000 0.000000 1.000000 0.000000 0.000000
27.000000 12.055162 17.461940 -0.044883 1.546367 0.000000 0.000000 0.000000 1.000000 0.000000 0.000000
27.000000 12.056595 17.441000 -0.052653 1.546487 0.000000 0.000000 0.000000 1.000000 0.000000 0.000000
27.000000 12.059359 17.389744 -0.052941 1.568486 0.000000 0.000000 0.000000 1.000000 0.000000 0.000000
27.000000 12.065229 17.360176 -0.043729 1.586889 0.000000 0.000000 0.000000 1.000000 0.000000 0.000000
27.000000 12.066504 17.337379 -0.052306 1.587273 0.000000 0.000000 0.000000 1.000000 0.000000 0.000000
27.000000 12.069481 17.301632 -0.052714 1.605566 0.000000 0.000000 0.000000 1.000000 0.000000 0.000000
27.000000 12.075228 17.272203 -0.043625 1.621729 0.000000 0.000000 0.000000 1.000000 0.000000 0.000000
27.000000 12.076580 17.252428 -0.050986 1.618399 0.000000 0.000000 0.000000 1.000000 0.000000 0.000000
27.000000 12.079321 17.198417 -0.051379 1.639623 0.000000 0.000000 0.000000 1.000000 0.000000 0.000000
27.000000 12.085401 17.182513 -0.046333 1.658487 0.000000 0.000000 0.000000 1.000000 0.000000 0.000000
27.000000 12.086674 17.168795 -0.051554 1.659724 0.000000 0.000000 0.000000 1.000000 0.000000 0.000000
27.000000 12.089504 17.119473 -0.051849 1.678675 0.000000 0.000000 0.000000 1.000000 0.000000 0.000000
27.000000 12.095224 17.091985 -0.043148 1.696688 0.000000 0.000000 0.000000 1.000000 0.000000 0.000000
27.000000 12.096627 17.076515 -0.049059 1.696171 0.000000 0.000000 0.000000 1.000000 0.000000 0.000000
27.000000 12.099396 17.023178 -0.049386 1.712456 0.000000 0.000000 0.000000 1.000000 0.000000 0.000000
27.000000 12.105273 17.005905 -0.043834 1.729270 0.000000 0.000000 0.000000 1.000000 0.000000 0.000000
27.000000 12.106731 16.993308 -0.048698 1.729153 0.000000 0.000000 0.000000 1.000000 0.000000 0.000000
27.000000 12.109469 16.918999 -0.049036 1.748931 0.000000 0.000000 0.000000 1.000000 0.000000 0.000000
27.000000 12.115321 16.901083 -0.043323 1.764955 0.000000 0.000000 0.000000 1.000000 0.000000 0.000000
27.000000 12.116598 16.882240 -0.050543 1.760910 0.000000 0.000000 0.000000 1.000000 0.000000 0.000000
27.000000 12.119398 16.833186 -0.051044 1.777350 0.000000 0.000000 0.000000 1.000000 0.000000 0.000000
27.000000 12.125316 16.820884 -0.047081 1.795358 0.000000 0.000000 0.000000 1.000000 0.000000 0.000000
27.000000 12.126696 16.811173 -0.050799 1.790137 0.000000 0.000000 0.000000 1.000000 0.000000 0.000000
27.000000 12.129465 16.771426 -0.051311 1.805173 0.000000 0.000000 0.000000 1.000000 0.000000 0.000000
27.000000 12.135217 16.731663 -0.038609 1.826141 0.000000 0.000000 0.000000 1.000000 0.000000 0.000000
27.000000 12.136640 16.715569 -0.044803 1.819916 0.000000 0.000000 0.000000 1.000000 0.000000 0.000000
27.000000 12.139445 16.660422 -0.045276 1.833264 0.000000 0.000000 0.000000 1.000000 0.000000 0.000000
27.000000 12.145335 16.646684 -0.040840 1.848680 0.000000 0.000000 0.000000 1.000000 0.000000 0.000000
27.000000 12.146735 16.637014 -0.044582 1.846446 0.000000 0.000000 0.000000 1.000000 0.000000 0.000000
27.000000 12.149523 16.553196 -0.044892 1.867067 0.000000 0.000000 0.000000 1.000000 0.000000 0.000000
27.000000 12.155281 16.554782 -0.045454 1.877089 0.000000 0.000000 0.000000 1.000000 0.000000 0.000000
27.000000 12.156586 16.555643 -0.045012 1.870985 0.000000 0.000000 0.000000 1.000000 0.000000 0.000000
27.000000 12.159415 16.461114 -0.045221 1.890116 0.000000 0.000000 0.000000 1.000000 0.000000 0.000000
27.000000 12.165273 16.457244 -0.043862 1.902701 0.000000 0.000000 0.000000 1.000000 0.000000 0.000000
27.000000 12.166812 16.456220 -0.044290 1.898194 0.000000 0.000000 0.000000 1.000000 0.000000 0.000000
27.000000 12.169493 16.377439 -0.044722 1.916083 0.000000 0.000000 0.000000 1.000000 0.000000 0.000000
27.000000 12.175277 16.369494 -0.042144 1.930168 0.000000 0.000000 0.000000 1.000000 0.000000 0.000000
27.000000 12.176585 16.369776 -0.041964 1.923744 0.000000 0.000000 0.000000 1.000000 0.000000 0.000000
27.000000 12.179472 16.288692 -0.042309 1.941663 0.000000 0.000000 0.000000 1.000000 0.000000 0.000000
27.000000 12.185386 16.287571 -0.041984 1.951794 0.000000 0.000000 0.000000 1.000000 0.000000 0.000000
27.000000 12.186739 16.287384 -0.041942 1.941373 0.000000 0.000000 0.000000 1.000000 0.000000 0.000000
27.000000 12.189657 16.167131 -0.042362 1.963061 0.000000 0.000000 0.000000 1.000000 0.000000 0.000000
27.000000 12.195178 16.188877 -0.049366 1.976034 0.000000 0.000000 0.000000 1.000000 0.000000 0.000000
27.000000 12.196668 16.209513 -0.041166 1.966371 0.000000 0.000000 0.000000 1.000000 0.000000 0.000000
27.000000 12.199438 16.094825 -0.041669 1.988891 0.000000 0.000000 0.000000 1.000000 0.000000 0.000000
27.000000 12.205286 16.096444 -0.042139 2.005222 0.000000 0.000000 0.000000 1.000000 0.000000 0.000000
27.000000 12.206697 16.091286 -0.044152 1.995485 0.000000 0.000000 0.000000 1.000000 0.000000 0.000000
27.000000 12.209653 16.010556 -0.044658 2.009288 0.000000 0.000000 0.000000 1.000000 0.000000 0.000000
27.000000 12.215254 16.014847 -0.046033 2.022152 0.000000 0.000000 0.000000 1.000000 0.000000 0.000000
27.000000 12.216632 16.029807 -0.039979 2.011214 0.000000 0.000000 0.000000 1.000000 0.000000 0.000000
27.000000 12.219459 15.908517 -0.040422 2.032214 0.000000 0.000000 0.000000 1.000000 0.000000 0.000000
27.000000 12.225336 15.918863 -0.043885 2.042372 0.000000 0.000000 0.000000 1.000000 0.000000 0.000000
27.000000 12.226715 15.926546 -0.040667 2.031344 0.000000 0.000000 0.000000 1.000000 0.000000 0.000000
27.000000 12.229532 15.828100 -0.041073 2.050010 0.000000 0.000000 0.000000 1.000000 0.000000 0.000000
27.000000 12.235191 15.837826 -0.044210 2.063273 0.000000 0.000000 0.000000 1.000000 0.000000 0.000000
27.000000 12.236640 15.848765 -0.039764 2.051772 0.000000 0.000000 0.000000 1.000000 0.000000 0.000000
27.000000 12.239435 15.727119 -0.040234 2.068722 0.000000 0.000000 0.000000 1.000000 0.000000 0.000000
27.000000 12.245374 15.741729 -0.045076 2.078979 0.000000 0.000000 0.000000 1.000000 0.000000 0.000000
27.000000 12.246753 15.752318 -0.040702 2.066821 0.000000 0.000000 0.000000 1.000000 0.000000 0.000000
27.000000 12.249530 15.620484 -0.041105 2.085042 0.000000 0.000000 0.000000 1.000000 0.000000 0.000000
27.000000 12.255360 15.636969 -0.046484 2.097331 0.000000 0.000000 0.000000 1.000000 0.000000 0.000000
27.000000 12.256609 15.648253 -0.041891 2.085266 0.000000 0.000000 0.000000 1.000000 0.000000 0.000000
27.000000 12.259495 15.567322 -0.042544 2.099040 0.000000 0.000000 0.000000 1.000000 0.000000 0.000000
27.000000 12.265336 15.570695 -0.043660 2.113657 0.000000 0.000000 0.000000 1.000000 0.000000 0.000000
27.000000 12.266749 15.572955 -0.042617 2.098615 0.000000 0.000000 0.000000 1.000000 0.000000 0.000000
27.000000 12.269503 15.478700 -0.043248 2.114062 0.000000 0.000000 0.000000 1.000000 0.000000 0.000000
27.000000 12.275492 15.474404 -0.041814 2.128557 0.000000 0.000000 0.000000 1.000000 0.000000 0.000000
27.000000 12.276686 15.481415 -0.038782 2.113897 0.000000 0.000000 0.000000 1.000000 0.000000 0.000000
27.000000 12.279389 15.383772 -0.039354 2.131048 0.000000 0.000000 0.000000 1.000000 0.000000 0.000000
27.000000 12.285402 15.397911 -0.044105 2.144172 0.000000 0.000000 0.000000 1.000000 0.000000 0.000000
27.000000 12.286748 15.411677 -0.038319 2.128457 0.000000 0.000000 0.000000 1.000000 0.000000 0.000000
27.000000 12.289625 15.291807 -0.038882 2.144929 0.000000 0.000000 0.000000 1.000000 0.000000 0.000000
27.000000 12.295294 15.304054 -0.042988 2.157441 0.000000 0.000000 0.000000 1.000000 0.000000 0.000000
27.000000 12.296721 15.314106 -0.038733 2.143048 0.000000 0.000000 0.000000 1.000000 0.000000 0.000000
27.000000 12.299493 15.203607 -0.039256 2.156978 0.000000 0.000000 0.000000 1.000000 0.000000 0.000000
27.000000 12.305485 15.216509 -0.043599 2.168048 0.000000 0.000000 0.000000 1.000000 0.000000 0.000000
27.000000 12.306803 15.227971 -0.038742 2.153549 0.000000 0.000000 0.000000 1.000000 0.000000 0.000000
27.000000 12.309599 15.111288 -0.039291 2.169121 0.000000 0.000000 0.000000 1.000000 0.000000 0.000000
27.000000 12.315424 15.128021 -0.045012 2.179377 0.000000 0.000000 0.000000 1.000000 0.000000 0.000000
27.000000 12.316634 15.143158 -0.038548 2.162665 0.000000 0.000000 0.000000 1.000000 0.000000 0.000000
27.000000 12.319643 15.035287 -0.039102 2.176400 0.000000 0.000000 0.000000 1.000000 0.000000 0.000000
27.000000 12.325394 15.042899 -0.041654 2.188488 0.000000 0.000000 0.000000 1.000000 0.000000 0.000000
27.000000 12.326741 15.051034 -0.038128 2.172603 0.000000 0.000000 0.000000 1.000000 0.000000 0.000000
27.000000 12.329579 14.930351 -0.038749 2.188378 0.000000 0.000000 0.000000 1.000000 0.000000 0.000000
27.000000 12.335492 14.955234 -0.047393 2.197205 0.000000 0.000000 0.000000 1.000000 0.000000 0.000000
27.000000 12.336696 14.975440 -0.038667 2.176680 0.000000 0.000000 0.000000 1.000000 0.000000 0.000000
27.000000 12.339621 14.845554 -0.039295 2.193922 0.000000 0.000000 0.000000 1.000000 0.000000 0.000000
27.000000 12.345535 14.863865 -0.045631 2.205432 0.000000 0.000000 0.000000 1.000000 0.000000 0.000000
27.000000 12.346735 14.875331 -0.040586 2.184555 0.000000 0.000000 0.000000 1.000000 0.000000 0.000000
27.000000 12.349593 14.738619 -0.041232 2.198532 0.000000 0.000000 0.000000 1.000000 0.000000 0.000000
27.000000 12.355510 14.763273 -0.049664 2.211969 0.000000 0.000000 0.000000 1.000000 0.000000 0.000000
27.000000 12.356690 14.785207 -0.040278 2.193596 0.000000 0.000000 0.000000 1.000000 0.000000 0.000000
27.000000 12.359479 14.667770 -0.040948 2.204571 0.000000 0.000000 0.000000 1.000000 0.000000 0.000000
27.000000 12.365490 14.686352 -0.047355 2.216376 0.000000 0.000000 0.000000 1.000000 0.000000 0.000000
27.000000 12.367119 14.705863 -0.038894 2.197326 0.000000 0.000000 0.000000 1.000000 0.000000 0.000000
27.000000 12.369558 14.583053 -0.039546 2.210469 0.000000 0.000000 0.000000 1.000000 0.000000 0.000000
27.000000 12.375474 14.599495 -0.045203 2.223287 0.000000 0.000000 0.000000 1.000000 0.000000 0.000000
27.000000 12.376916 14.612467 -0.039514 2.205455 0.000000 0.000000 0.000000 1.000000 0.000000 0.000000
27.000000 12.379616 14.498269 -0.040185 2.218153 0.000000 0.000000 0.000000 1.000000 0.000000 0.000000
27.000000 12.385483 14.511610 -0.045019 2.225425 0.000000 0.000000 0.000000 1.000000 0.000000 0.000000
27.000000 12.386903 14.523854 -0.039384 2.202933 0.000000 0.000000 0.000000 1.000000 0.000000 0.000000
27.000000 12.389695 14.410354 -0.040003 2.217249 0.000000 0.000000 0.000000 1.000000 0.000000 0.000000
27.000000 12.395399 14.431236 -0.047429 2.226023 0.000000 0.000000 0.000000 1.000000 0.000000 0.000000
27.000000 12.396832 14.450334 -0.038904 2.205612 0.000000 0.000000 0.000000 1.000000 0.000000 0.000000
27.000000 12.399524 14.321430 -0.039529 2.223032 0.000000 0.000000 0.000000 1.000000 0.000000 0.000000
27.000000 12.405583 14.341140 -0.046621 2.231356 0.000000 0.000000 0.000000 1.000000 0.000000 0.000000
27.000000 12.406811 14.353662 -0.040820 2.207496 0.000000 0.000000 0.000000 1.000000 0.000000 0.000000
27.000000 12.409644 14.233312 -0.041463 2.219365 0.000000 0.000000 0.000000 1.000000 0.000000 0.000000
27.000000 12.415334 14.252081 -0.048162 2.228224 0.000000 0.000000 0.000000 1.000000 0.000000 0.000000
27.000000 12.416898 14.271029 -0.039630 2.207809 0.000000 0.000000 0.000000 1.000000 0.000000 0.000000
27.000000 12.419549 14.148151 -0.040179 2.219932 0.000000 0.000000 0.000000 1.000000 0.000000 0.000000
27.000000 12.425392 14.172042 -0.048702 2.227678 0.000000 0.000000 0.000000 1.000000 0.000000 0.000000
27.000000 12.426844 14.195182 -0.038332 2.206616 0.000000 0.000000 0.000000 1.000000 0.000000 0.000000
27.000000 12.429661 14.065011 -0.038971 2.219947 0.000000 0.000000 0.000000 1.000000 0.000000 0.000000
27.000000 12.435457 14.093938 -0.049400 2.227134 0.000000 0.000000 0.000000 1.000000 0.000000 0.000000
27.000000 12.436725 14.114245 -0.040167 2.205431 0.000000 0.000000 0.000000 1.000000 0.000000 0.000000
27.000000 12.439698 13.973384 -0.040708 2.218739 0.000000 0.000000 0.000000 1.000000 0.000000 0.000000
27.000000 12.445442 13.994228 -0.048247 2.225283 0.000000 0.000000 0.000000 1.000000 0.000000 0.000000
27.000000 12.446828 14.013527 -0.039416 2.204174 0.000000 0.000000 0.000000 1.000000 0.000000 0.000000
27.000000 12.449655 13.887082 -0.040031 2.217842 0.000000 0.000000 0.000000 1.000000 0.000000 0.000000
27.000000 12.455563 13.917857 -0.051218 2.224783 0.000000 0.000000 0.000000 1.000000 0.000000 0.000000
27.000000 12.456741 13.944773 -0.038937 2.200871 0.000000 0.000000 0.000000 1.000000 0.000000 0.000000
27.000000 12.459496 13.809248 -0.039561 2.213545 0.000000 0.000000 0.000000 1.000000 0.000000 0.000000
27.000000 12.465667 13.834263 -0.048681 2.220429 0.000000 0.000000 0.000000 1.000000 0.000000 0.000000
27.000000 12.466842 13.854529 -0.039270 2.195559 0.000000 0.000000 0.000000 1.000000 0.000000 0.000000
27.000000 12.469626 13.720770 -0.039951 2.206468 0.000000 0.000000 0.000000 1.000000 0.000000 0.000000
27.000000 12.475471 13.739158 -0.046614 2.215484 0.000000 0.000000 0.000000 1.000000 0.000000 0.000000
27.000000 12.476849 13.759225 -0.037271 2.191521 0.000000 0.000000 0.000000 1.000000 0.000000 0.000000
27.000000 12.479606 13.636740 -0.037962 2.200120 0.000000 0.000000 0.000000 1.000000 0.000000 0.000000
27.000000 12.485504 13.663485 -0.047778 2.206542 0.000000 0.000000 0.000000 1.000000 0.000000 0.000000
27.000000 12.486799 13.690074 -0.035443 2.182442 0.000000 0.000000 0.000000 1.000000 0.000000 0.000000
27.000000 12.489672 13.532233 -0.036040 2.195693 0.000000 0.000000 0.000000 1.000000 0.000000 0.000000
27.000000 12.495460 13.576225 -0.052400 2.196922 0.000000 0.000000 0.000000 1.000000 0.000000 0.000000
27.000000 12.496928 13.608026 -0.037590 2.171188 0.000000 0.000000 0.000000 1.000000 0.000000 0.000000
27.000000 12.499567 13.459215 -0.038201 2.185350 0.000000 0.000000 0.000000 1.000000 0.000000 0.000000
27.000000 12.505531 13.492219 -0.050518 2.189066 0.000000 0.000000 0.000000 1.000000 0.000000 0.000000
27.000000 12.506931 13.506506 -0.043514 2.163370 0.000000 0.000000 0.000000 1.000000 0.000000 0.000000
27.000000 12.509736 13.389441 -0.044209 2.172814 0.000000 0.000000 0.000000 1.000000 0.000000 0.000000
27.000000 12.515858 13.401125 -0.048479 2.182358 0.000000 0.000000 0.000000 1.000000 0.000000 0.000000
27.000000 12.516746 13.413337 -0.042425 2.157322 0.000000 0.000000 0.000000 1.000000 0.000000 0.000000
27.000000 12.519580 13.298471 -0.043068 2.161528 0.000000 0.000000 0.000000 1.000000 0.000000 0.000000
27.000000 12.525433 13.319678 -0.050991 2.166103 0.000000 0.000000 0.000000 1.000000 0.000000 0.000000
27.000000 12.526848 13.334799 -0.043611 2.143268 0.000000 0.000000 0.000000 1.000000 0.000000 0.000000
27.000000 12.529656 13.214022 -0.044211 2.152199 0.000000 0.000000 0.000000 1.000000 0.000000 0.000000
27.000000 12.535519 13.241205 -0.054532 2.154789 0.000000 0.000000 0.000000 1.000000 0.000000 0.000000
27.000000 12.536790 13.267854 -0.041747 2.130889 0.000000 0.000000 0.000000 1.000000 0.000000 0.000000
27.000000 12.539630 13.132782 -0.042193 2.142635 0.000000 0.000000 0.000000 1.000000 0.000000 0.000000
27.000000 12.545449 13.160566 -0.052824 2.142722 0.000000 0.000000 0.000000 1.000000 0.000000 0.000000
27.000000 12.546894 13.180006 -0.043224 2.116703 0.000000 0.000000 0.000000 1.000000 0.000000 0.000000
27.000000 12.549673 13.037231 -0.043720 2.126090 0.000000 0.000000 0.000000 1.000000 0.000000 0.000000
27.000000 12.555451 13.068683 -0.055746 2.126388 0.000000 0.000000 0.000000 1.000000 0.000000 0.000000
27.000000 12.556775 13.090880 -0.044878 2.101597 0.000000 0.000000 0.000000 1.000000 0.000000 0.000000
27.000000 12.559640 12.973168 -0.045452 2.110360 0.000000 0.000000 0.000000 1.000000 0.000000 0.000000
27.000000 12.565532 12.989544 -0.051688 2.115198 0.000000 0.000000 0.000000 1.000000 0.000000 0.000000
27.000000 12.566902 13.007172 -0.042864 2.090476 0.000000 0.000000 0.000000 1.000000 0.000000 0.000000
27.000000 12.569673 12.871430 -0.043417 2.100224 0.000000 0.000000 0.000000 1.000000 0.000000 0.000000
27.000000 12.575431 12.893832 -0.052100 2.101723 0.000000 0.000000 0.000000 1.000000 0.000000 0.000000
27.000000 12.576778 12.908634 -0.044431 2.075034 0.000000 0.000000 0.000000 1.000000 0.000000 0.000000
27.000000 12.579605 12.797917 -0.045032 2.080453 0.000000 0.000000 0.000000 1.000000 0.000000 0.000000
27.000000 12.585498 12.816355 -0.052315 2.080550 0.000000 0.000000 0.000000 1.000000 0.000000 0.000000
27.000000 12.586893 12.830874 -0.044672 2.054334 0.000000 0.000000 0.000000 1.000000 0.000000 0.000000
27.000000 12.589744 12.711069 -0.045234 2.064867 0.000000 0.000000 0.000000 1.000000 0.000000 0.000000
27.000000 12.595408 12.734333 -0.054390 2.065739 0.000000 0.000000 0.000000 1.000000 0.000000 0.000000
27.000000 12.596858 12.752426 -0.044973 2.037613 0.000000 0.000000 0.000000 1.000000 0.000000 0.000000
27.000000 12.599596 12.623488 -0.045529 2.046997 0.000000 0.000000 0.000000 1.000000 0.000000 0.000000
27.000000 12.605528 12.648581 -0.055367 2.048114 0.000000 0.000000 0.000000 1.000000 0.000000 0.000000
27.000000 12.606893 12.669202 -0.044755 2.020161 0.000000 0.000000 0.000000 1.000000 0.000000 0.000000
27.000000 12.609726 12.538932 -0.045346 2.028720 0.000000 0.000000 0.000000 1.000000 0.000000 0.000000
27.000000 12.615456 12.566447 -0.056346 2.026505 0.000000 0.000000 0.000000 1.000000 0.000000 0.000000
27.000000 12.616814 12.586597 -0.045713 1.996017 0.000000 0.000000 0.000000 1.000000 0.000000 0.000000
27.000000 12.619621 12.469014 -0.046303 2.003195 0.000000 0.000000 0.000000 1.000000 0.000000 0.000000
27.000000 12.625528 12.487517 -0.053748 2.002962 0.000000 0.000000 0.000000 1.000000 0.000000 0.000000
27.000000 12.626923 12.503642 -0.045026 1.974541 0.000000 0.000000 0.000000 1.000000 0.000000 0.000000
27.000000 12.629755 12.389477 -0.045579 1.980932 0.000000 0.000000 0.000000 1.000000 0.000000 0.000000
27.000000 12.635408 12.405482 -0.051947 1.982379 0.000000 0.000000 0.000000 1.000000 0.000000 0.000000
27.000000 12.636829 12.418067 -0.045028 1.957557 0.000000 0.000000 0.000000 1.000000 0.000000 0.000000
27.000000 12.639582 12.296065 -0.045535 1.965068 0.000000 0.000000 0.000000 1.000000 0.000000 0.000000
27.000000 12.645539 12.322350 -0.056214 1.961346 0.000000 0.000000 0.000000 1.000000 0.000000 0.000000
27.000000 12.646906 12.341205 -0.046008 1.931894 0.000000 0.000000 0.000000 1.000000 0.000000 0.000000
27.000000 12.649730 12.219316 -0.046533 1.938855 0.000000 0.000000 0.000000 1.000000 0.000000 0.000000
27.000000 12.655470 12.237415 -0.053921 1.937447 0.000000 0.000000 0.000000 1.000000 0.000000 0.000000
27.000000 12.656906 12.259590 -0.042121 1.909431 0.000000 0.000000 0.000000 1.000000 0.000000 0.000000
27.000000 12.659648 12.117324 -0.042562 1.918495 0.000000 0.000000 0.000000 1.000000 0.000000 0.000000
27.000000 12.665554 12.150158 -0.055812 1.915034 0.000000 0.000000 0.000000 1.000000 0.000000 0.000000
27.000000 12.666934 12.170648 -0.044856 1.887884 0.000000 0.000000 0.000000 1.000000 0.000000 0.000000
27.000000 12.669711 12.047662 -0.045295 1.889769 0.000000 0.000000 0.000000 1.000000 0.000000 0.000000
27.000000 12.675463 12.069331 -0.054149 1.885900 0.000000 0.000000 0.000000 1.000000 0.000000 0.000000
27.000000 12.676834 12.086680 -0.044708 1.860621 0.000000 0.000000 0.000000 1.000000 0.000000 0.000000
27.000000 12.679735 11.979116 -0.045253 1.865426 0.000000 0.000000 0.000000 1.000000 0.000000 0.000000
27.000000 12.685513 11.996543 -0.052444 1.864034 0.000000 0.000000 0.000000 1.000000 0.000000 0.000000
27.000000 12.687144 12.011903 -0.043631 1.833724 0.000000 0.000000 0.000000 1.000000 0.000000 0.000000
27.000000 12.689836 11.889970 -0.044255 1.838457 0.000000 0.000000 0.000000 1.000000 0.000000 0.000000
27.000000 12.695488 11.916160 -0.055095 1.834966 0.000000 0.000000 0.000000 1.000000 0.000000 0.000000
27.000000 12.696893 11.932401 -0.045777 1.805400 0.000000 0.000000 0.000000 1.000000 0.000000 0.000000
27.000000 12.699549 11.805778 -0.046309 1.812020 0.000000 0.000000 0.000000 1.000000 0.000000 0.000000
27.000000 12.705511 11.825452 -0.054450 1.810412 0.000000 0.000000 0.000000 1.000000 0.000000 0.000000
27.000000 12.706943 11.841828 -0.045039 1.780813 0.000000 0.000000 0.000000 1.000000 0.000000 0.000000
27.000000 12.709741 11.714497 -0.045621 1.786076 0.000000 0.000000 0.000000 1.000000 0.000000 0.000000
27.000000 12.715439 11.740316 -0.056311 1.783587 0.000000 0.000000 0.000000 1.000000 0.000000 0.000000
27.000000 12.716903 11.777429 -0.036289 1.745374 0.000000 0.000000 0.000000 1.000000 0.000000 0.000000
27.000000 12.719629 11.606679 -0.037138 1.756309 0.000000 0.000000 0.000000 1.000000 0.000000 0.000000
27.000000 12.725604 11.656602 -0.057560 1.755097 0.000000 0.000000 0.000000 1.000000 0.000000 0.000000
27.000000 12.726982 11.692629 -0.038154 1.719908 0.000000 0.000000 0.000000 1.000000 0.000000 0.000000
27.000000 12.729745 11.528258 -0.038890 1.727413 0.000000 0.000000 0.000000 1.000000 0.000000 0.000000
27.000000 12.735483 11.572554 -0.057333 1.721866 0.000000 0.000000 0.000000 1.000000 0.000000 0.000000
27.000000 12.736911 11.616045 -0.033903 1.684070 0.000000 0.000000 0.000000 1.000000 0.000000 0.000000
27.000000 12.739642 11.435926 -0.034749 1.699339 0.000000 0.000000 0.000000 1.000000 0.000000 0.000000
27.000000 12.745560 11.491099 -0.057979 1.691409 0.000000 0.000000 0.000000 1.000000 0.000000 0.000000
27.000000 12.747006 11.529343 -0.036819 1.652869 0.000000 0.000000 0.000000 1.000000 0.000000 0.000000
27.000000 12.749864 11.367614 -0.037513 1.665568 0.000000 0.000000 0.000000 1.000000 0.000000 0.000000
27.000000 12.755522 11.417839 -0.058805 1.656799 0.000000 0.000000 0.000000 1.000000 0.000000 0.000000
27.000000 12.757057 11.444169 -0.043769 1.624152 0.000000 0.000000 0.000000 1.000000 0.000000 0.000000
27.000000 12.759746 11.298048 -0.044208 1.632761 0.000000 0.000000 0.000000 1.000000 0.000000 0.000000
27.000000 12.765543 11.335812 -0.060499 1.622221 0.000000 0.000000 0.000000 1.000000 0.000000 0.000000
27.000000 12.766952 11.370797 -0.041151 1.591624 0.000000 0.000000 0.000000 1.000000 0.000000 0.000000
27.000000 12.769847 11.219241 -0.041484 1.603430 0.000000 0.000000 0.000000 1.000000 0.000000 0.000000
27.000000 12.775486 11.260394 -0.059482 1.589155 0.000000 0.000000 0.000000 1.000000 0.000000 0.000000
27.000000 12.776924 11.286238 -0.044452 1.557027 0.000000 0.000000 0.000000 1.000000 0.000000 0.000000
27.000000 12.779598 11.130456 -0.044709 1.565752 0.000000 0.000000 0.000000 1.000000 0.000000 0.000000
27.000000 12.785626 11.176539 -0.065102 1.546856 0.000000 0.000000 0.000000 1.000000 0.000000 0.000000
27.000000 12.786940 11.216540 -0.042794 1.514417 0.000000 0.000000 0.000000 1.000000 0.000000 0.000000
27.000000 12.789750 11.057730 -0.043019 1.528859 0.000000 0.000000 0.000000 1.000000 0.000000 0.000000
27.000000 12.795545 11.103252 -0.063404 1.509003 0.000000 0.000000 0.000000 1.000000 0.000000 0.000000
27.000000 12.796934 11.131180 -0.046914 1.475766 0.000000 0.000000 0.000000 1.000000 0.000000 0.000000
27.000000 12.799743 10.994570 -0.047226 1.488888 0.000000 0.000000 0.000000 1.000000 0.000000 0.000000
27.000000 12.805565 11.026252 -0.061375 1.477481 0.000000 0.000000 0.000000 1.000000 0.000000 0.000000
27.000000 12.806961 11.052990 -0.045388 1.442593 0.000000 0.000000 0.000000 1.000000 0.000000 0.000000
27.000000 12.809883 10.882376 -0.045748 1.455694 0.000000 0.000000 0.000000 1.000000 0.000000 0.000000
27.000000 12.815579 10.923965 -0.064374 1.440212 0.000000 0.000000 0.000000 1.000000 0.000000 0.000000
27.000000 12.817064 10.943021 -0.052507 1.410839 0.000000 0.000000 0.000000 1.000000 0.000000 0.000000
27.000000 12.819673 10.832799 -0.052742 1.414148 0.000000 0.000000 0.000000 1.000000 0.000000 0.000000
27.000000 12.825624 10.849335 -0.060819 1.400020 0.000000 0.000000 0.000000 1.000000 0.000000 0.000000
27.000000 12.826990 10.851838 -0.057509 1.374417 0.000000 0.000000 0.000000 1.000000 0.000000 0.000000
27.000000 12.829772 10.761760 -0.057716 1.376181 0.000000 0.000000 0.000000 1.000000 0.000000 0.000000
27.000000 12.835495 10.768920 -0.061746 1.364212 0.000000 0.000000 0.000000 1.000000 0.000000 0.000000
27.000000 12.836917 10.771178 -0.058424 1.337501 0.000000 0.000000 0.000000 1.000000 0.000000 0.000000
27.000000 12.839660 10.683770 -0.058594 1.335444 0.000000 0.000000 0.000000 1.000000 0.000000 0.000000
27.000000 12.845596 10.691334 -0.063057 1.319959 0.000000 0.000000 0.000000 1.000000 0.000000 0.000000
27.000000 12.846939 10.693088 -0.059631 1.289376 0.000000 0.000000 0.000000 1.000000 0.000000 0.000000
27.000000 12.849790 10.610708 -0.059888 1.282957 0.000000 0.000000 0.000000 1.000000 0.000000 0.000000
27.000000 12.855540 10.611190 -0.060910 1.272647 0.000000 0.000000 0.000000 1.000000 0.000000 0.000000
27.000000 12.856876 10.613510 -0.057310 1.242466 0.000000 0.000000 0.000000 1.000000 0.000000 0.000000
27.000000 12.859666 10.531086 -0.057932 1.240757 0.000000 0.000000 0.000000 1.000000 0.000000 0.000000
27.000000 12.865528 10.538294 -0.062119 1.230240 0.000000 0.000000 0.000000 1.000000 0.000000 0.000000
27.000000 12.866956 10.545703 -0.055173 1.195222 0.000000 0.000000 0.000000 1.000000 0.000000 0.000000
27.000000 12.869804 10.432173 -0.055563 1.201396 0.000000 0.000000 0.000000 1.000000 0.000000 0.000000
27.000000 12.875493 10.455855 -0.067084 1.186671 0.000000 0.000000 0.000000 1.000000 0.000000 0.000000
27.000000 12.876897 10.478600 -0.052055 1.150569 0.000000 0.000000 0.000000 1.000000 0.000000 0.000000
27.000000 12.879661 10.353855 -0.052432 1.160256 0.000000 0.000000 0.000000 1.000000 0.000000 0.000000
27.000000 12.885617 10.373582 -0.062297 1.145923 0.000000 0.000000 0.000000 1.000000 0.000000 0.000000
27.000000 12.887029 10.402171 -0.044424 1.114599 0.000000 0.000000 0.000000 1.000000 0.000000 0.000000
27.000000 12.889729 10.262524 -0.044341 1.124519 0.000000 0.000000 0.000000 1.000000 0.000000 0.000000
27.000000 12.895579 10.293449 -0.059703 1.099947 0.000000 0.000000 0.000000 1.000000 0.000000 0.000000
27.000000 12.896987 10.307071 -0.050036 1.073481 0.000000 0.000000 0.000000 1.000000 0.000000 0.000000
27.000000 12.899781 10.165800 -0.050054 1.087266 0.000000 0.000000 0.000000 1.000000 0.000000 0.000000
27.000000 12.905662 10.203381 -0.069005 1.058028 0.000000 0.000000 0.000000 1.000000 0.000000 0.000000
27.000000 12.907040 10.226805 -0.053508 1.027967 0.000000 0.000000 0.000000 1.000000 0.000000 0.000000
27.000000 12.909727 10.116147 -0.053233 1.036110 0.000000 0.000000 0.000000 1.000000 0.000000 0.000000
27.000000 12.915568 10.134647 -0.063958 1.006338 0.000000 0.000000 0.000000 1.000000 0.000000 0.000000
27.000000 12.917001 10.146152 -0.054633 0.976254 0.000000 0.000000 0.000000 1.000000 0.000000 0.000000
27.000000 12.919639 10.049210 -0.054532 0.980790 0.000000 0.000000 0.000000 1.000000 0.000000 0.000000
27.000000 12.925590 10.061955 -0.062522 0.954888 0.000000 0.000000 0.000000 1.000000 0.000000 0.000000
27.000000 12.927005 10.058626 -0.061012 0.925389 0.000000 0.000000 0.000000 1.000000 0.000000 0.000000
27.000000 12.929834 9.971026 -0.061113 0.928580 0.000000 0.000000 0.000000 1.000000 0.000000 0.000000
27.000000 12.935508 9.974346 -0.064435 0.910145 0.000000 0.000000 0.000000 1.000000 0.000000 0.000000
27.000000 12.936935 9.968532 -0.064141 0.879713 0.000000 0.000000 0.000000 1.000000 0.000000 0.000000
27.000000 12.939770 9.901136 -0.064408 0.876620 0.000000 0.000000 0.000000 1.000000 0.000000 0.000000
27.000000 12.945606 9.900336 -0.066002 0.858402 0.000000 0.000000 0.000000 1.000000 0.000000 0.000000
27.000000 12.947101 9.919521 -0.051801 0.823337 0.000000 0.000000 0.000000 1.000000 0.000000 0.000000
27.000000 12.949883 9.806760 -0.051809 0.831864 0.000000 0.000000 0.000000 1.000000 0.000000 0.000000
27.000000 12.955633 9.829803 -0.064864 0.803038 0.000000 0.000000 0.000000 1.000000 0.000000 0.000000
27.000000 12.956888 9.846767 -0.051774 0.769045 0.000000 0.000000 0.000000 1.000000 0.000000 0.000000
27.000000 12.959903 9.728669 -0.051698 0.780419 0.000000 0.000000 0.000000 1.000000 0.000000 0.000000
27.000000 12.965607 9.748972 -0.063601 0.751833 0.000000 0.000000 0.000000 1.000000 0.000000 0.000000
27.000000 12.967105 9.753807 -0.057057 0.719525 0.000000 0.000000 0.000000 1.000000 0.000000 0.000000
27.000000 12.969880 9.673694 -0.057066 0.719313 0.000000 0.000000 0.000000 1.000000 0.000000 0.000000
27.000000 12.975587 9.675148 -0.060071 0.696954 0.000000 0.000000 0.000000 1.000000 0.000000 0.000000
27.000000 12.976879 9.681631 -0.052486 0.663262 0.000000 0.000000 0.000000 1.000000 0.000000 0.000000
27.000000 12.979808 9.574901 -0.052665 0.670872 0.000000 0.000000 0.000000 1.000000 0.000000 0.000000
27.000000 12.985686 9.591827 -0.062930 0.645947 0.000000 0.000000 0.000000 1.000000 0.000000 0.000000
27.000000 12.986935 9.596929 -0.056622 0.619130 0.000000 0.000000 0.000000 1.000000 0.000000 0.000000
27.000000 12.989879 9.500856 -0.056346 0.626428 0.000000 0.000000 0.000000 1.000000 0.000000 0.000000
27.000000 12.995551 9.512956 -0.065305 0.593591 0.000000 0.000000 0.000000 1.000000 0.000000 0.000000
27.000000 12.997030 9.507314 -0.063710 0.558765 0.000000 0.000000 0.000000 1.000000 0.000000 0.000000
27.000000 12.999810 9.441144 -0.063905 0.556522 0.000000 0.000000 0.000000 1.000000 0.000000 0.000000
27.000000 13.005654 9.441340 -0.066571 0.534604 0.000000 0.000000 0.000000 1.000000 0.000000 0.000000
27.000000 13.007001 9.434063 -0.066346 0.504310 0.000000 0.000000 0.000000 1.000000 0.000000 0.000000
27.000000 13.009827 9.361499 -0.066408 0.505163 0.000000 0.000000 0.000000 1.000000 0.000000 0.000000
27.000000 13.015605 9.358162 -0.068072 0.478904 0.000000 0.000000 0.000000 1.000000 0.000000 0.000000
27.000000 13.017090 9.376131 -0.053788 0.447966 0.000000 0.000000 0.000000 1.000000 0.000000 0.000000
27.000000 13.019806 9.265624 -0.053207 0.461441 0.000000 0.000000 0.000000 1.000000 0.000000 0.000000
27.000000 13.025690 9.283087 -0.065693 0.420548 0.000000 0.000000 0.000000 1.000000 0.000000 0.000000
27.000000 13.026999 9.274654 -0.065502 0.388211 0.000000 0.000000 0.000000 1.000000 0.000000 0.000000
27.000000 13.029809 9.215921 -0.065473 0.384373 0.000000 0.000000 0.000000 1.000000 0.000000 0.000000
27.000000 13.035614 9.208158 -0.065029 0.359319 0.000000 0.000000 0.000000 1.000000 0.000000 0.000000
27.000000 13.037014 9.199646 -0.065102 0.328729 0.000000 0.000000 0.000000 1.000000 0.000000 0.000000
27.000000 13.039804 9.132843 -0.065055 0.326245 0.000000 0.000000 0.000000 1.000000 0.000000 0.000000
27.000000 13.045650 9.128058 -0.066559 0.296752 0.000000 0.000000 0.000000 1.000000 0.000000 0.000000
27.000000 13.046991 9.121562 -0.065351 0.266641 0.000000 0.000000 0.000000 1.000000 0.000000 0.000000
27.000000 13.049910 9.055474 -0.065250 0.270940 0.000000 0.000000 0.000000 1.000000 0.000000 0.000000
27.000000 13.055624 9.054362 -0.068744 0.240014 0.000000 0.000000 0.000000 1.000000 0.000000 0.000000
27.000000 13.056964 9.055439 -0.063031 0.208953 0.000000 0.000000 0.000000 1.000000 0.000000 0.000000
27.000000 13.059781 8.968652 -0.062562 0.218365 0.000000 0.000000 0.000000 1.000000 0.000000 0.000000
27.000000 13.065711 8.975169 -0.070500 0.178997 0.000000 0.000000 0.000000 1.000000 0.000000 0.000000
27.000000 13.066999 8.975119 -0.064948 0.145446 0.000000 0.000000 0.000000 1.000000 0.000000 0.000000
27.000000 13.069926 8.899651 -0.064670 0.152346 0.000000 0.000000 0.000000 1.000000 0.000000 0.000000
27.000000 13.075609 8.895610 -0.067339 0.118296 0.000000 0.000000 0.000000 1.000000 0.000000 0.000000
27.000000 13.077055 8.889872 -0.065060 0.087033 0.000000 0.000000 0.000000 1.000000 0.000000 0.000000
27.000000 13.079839 8.827400 -0.064736 0.090563 0.000000 0.000000 0.000000 1.000000 0.000000 0.000000
27.000000 13.085726 8.821439 -0.066577 0.056558 0.000000 0.000000 0.000000 1.000000 0.000000 0.000000
27.000000 13.086994 8.811650 -0.066624 0.026504 0.000000 0.000000 0.000000 1.000000 0.000000 0.000000
27.000000 13.090071 8.762858 -0.066264 0.022178 0.000000 0.000000 0.000000 1.000000 0.000000 0.000000
27.000000 13.095630 8.760568 -0.066418 0.010587 0.000000 0.000000 0.000000 1.000000 0.000000 0.000000
27.000000 13.096961 8.771694 -0.060703 0.013290 0.000000 0.000000 0.000000 1.000000 0.000000 0.000000
27.000000 13.099825 8.702142 -0.060364 0.041228 0.000000 0.000000 0.000000 1.000000 0.000000 0.000000
27.000000 13.105845 8.712902 -0.063998 0.049418 0.000000 0.000000 0.000000 1.000000 0.000000 0.000000
27.000000 13.107062 8.713658 -0.066241 0.065016 0.000000 0.000000 0.000000 1.000000 0.000000 0.000000
27.000000 13.109870 8.667424 -0.066046 0.086487 0.000000 0.000000 0.000000 1.000000 0.000000 0.000000
27.000000 13.115685 8.672128 -0.066593 0.097811 0.000000 0.000000 0.000000 1.000000 0.000000 0.000000
27.000000 13.117145 8.679498 -0.064649 0.110198 0.000000 0.000000 0.000000 1.000000 0.000000 0.000000
27.000000 13.119766 8.630209 -0.064443 0.132049 0.000000 0.000000 0.000000 1.000000 0.000000 0.000000
27.000000 13.125678 8.628845 -0.062274 0.143140 0.000000 0.000000 0.000000 1.000000 0.000000 0.000000
27.000000 13.127155 8.635407 -0.060496 0.154193 0.000000 0.000000 0.000000 1.000000 0.000000 0.000000
27.000000 13.129858 8.563131 -0.060195 0.182391 0.000000 0.000000 0.000000 1.000000 0.000000 0.000000
27.000000 13.135675 8.576017 -0.064829 0.191080 0.000000 0.000000 0.000000 1.000000 0.000000 0.000000
27.000000 13.136943 8.587010 -0.060855 0.203533 0.000000 0.000000 0.000000 1.000000 0.000000 0.000000
27.000000 13.139799 8.520869 -0.060535 0.227818 0.000000 0.000000 0.000000 1.000000 0.000000 0.000000
27.000000 13.145684 8.534424 -0.065746 0.234453 0.000000 0.000000 0.000000 1.000000 0.000000 0.000000
27.000000 13.146992 8.546968 -0.060270 0.242819 0.000000 0.000000 0.000000 1.000000 0.000000 0.000000
27.000000 13.149909 8.473437 -0.060178 0.270589 0.000000 0.000000 0.000000 1.000000 0.000000 0.000000
27.000000 13.155787 8.491734 -0.067581 0.278731 0.000000 0.000000 0.000000 1.000000 0.000000 0.000000
27.000000 13.156981 8.505935 -0.060753 0.284769 0.000000 0.000000 0.000000 1.000000 0.000000 0.000000
27.000000 13.159818 8.434346 -0.060677 0.311572 0.000000 0.000000 0.000000 1.000000 0.000000 0.000000
27.000000 13.165779 8.445931 -0.065175 0.318702 0.000000 0.000000 0.000000 1.000000 0.000000 0.000000
27.000000 13.167061 8.472432 -0.051054 0.323725 0.000000 0.000000 0.000000 1.000000 0.000000 0.000000
27.000000 13.169924 8.381440 -0.050594 0.356252 0.000000 0.000000 0.000000 1.000000 0.000000 0.000000
27.000000 13.175735 8.406741 -0.062190 0.356603 0.000000 0.000000 0.000000 1.000000 0.000000 0.000000
27.000000 13.177023 8.416556 -0.058034 0.364259 0.000000 0.000000 0.000000 1.000000 0.000000 0.000000
27.000000 13.179894 8.345555 -0.057947 0.389610 0.000000 0.000000 0.000000 1.000000 0.000000 0.000000
27.000000 13.185714 8.355982 -0.061473 0.399708 0.000000 0.000000 0.000000 1.000000 0.000000 0.000000
27.000000 13.186992 8.359944 -0.060505 0.406401 0.000000 0.000000 0.000000 1.000000 0.000000 0.000000
27.000000 13.189909 8.306670 -0.060602 0.425817 0.000000 0.000000 0.000000 1.000000 0.000000 0.000000
27.000000 13.195766 8.316410 -0.063661 0.437680 0.000000 0.000000 0.000000 1.000000 0.000000 0.000000
27.000000 13.197094 8.336706 -0.052986 0.442420 0.000000 0.000000 0.000000 1.000000 0.000000 0.000000
27.000000 13.199820 8.248227 -0.052739 0.470404 0.000000 0.000000 0.000000 1.000000 0.000000 0.000000
27.000000 13.205781 8.270037 -0.062461 0.473971 0.000000 0.000000 0.000000 1.000000 0.000000 0.000000
27.000000 13.207249 8.290193 -0.051595 0.476916 0.000000 0.000000 0.000000 1.000000 0.000000 0.000000
27.000000 13.209968 8.205742 -0.051542 0.503920 0.000000 0.000000 0.000000 1.000000 0.000000 0.000000
27.000000 13.215672 8.228456 -0.061715 0.508500 0.000000 0.000000 0.000000 1.000000 0.000000 0.000000
27.000000 13.217094 8.249423 -0.050663 0.514262 0.000000 0.000000 0.000000 1.000000 0.000000 0.000000
27.000000 13.219846 8.153478 -0.050347 0.546013 0.000000 0.000000 0.000000 1.000000 0.000000 0.000000
27.000000 13.225796 8.175051 -0.060359 0.547418 0.000000 0.000000 0.000000 1.000000 0.000000 0.000000
27.000000 13.227347 8.200695 -0.045934 0.549093 0.000000 0.000000 0.000000 1.000000 0.000000 0.000000
27.000000 13.229882 8.093333 -0.045725 0.583020 0.000000 0.000000 0.000000 1.000000 0.000000 0.000000
27.000000 13.235677 8.132106 -0.064420 0.581618 0.000000 0.000000 0.000000 1.000000 0.000000 0.000000
27.000000 13.237170 8.156369 -0.051097 0.585419 0.000000 0.000000 0.000000 1.000000 0.000000 0.000000
27.000000 13.239928 8.074608 -0.050872 0.611158 0.000000 0.000000 0.000000 1.000000 0.000000 0.000000
27.000000 13.245782 8.093472 -0.059373 0.614656 0.000000 0.000000 0.000000 1.000000 0.000000 0.000000
27.000000 13.247202 8.105191 -0.053346 0.618447 0.000000 0.000000 0.000000 1.000000 0.000000 0.000000
27.000000 13.250049 8.026897 -0.053267 0.641213 0.000000 0.000000 0.000000 1.000000 0.000000 0.000000
27.000000 13.255750 8.047613 -0.063093 0.642464 0.000000 0.000000 0.000000 1.000000 0.000000 0.000000
27.000000 13.257154 8.066414 -0.052321 0.643159 0.000000 0.000000 0.000000 1.000000 0.000000 0.000000
27.000000 13.259830 7.991215 -0.052194 0.667431 0.000000 0.000000 0.000000 1.000000 0.000000 0.000000
27.000000 13.265804 8.000445 -0.055528 0.675594 0.000000 0.000000 0.000000 1.000000 0.000000 0.000000
27.000000 13.267264 8.012692 -0.049143 0.679484 0.000000 0.000000 0.000000 1.000000 0.000000 0.000000
27.000000 13.269975 7.934301 -0.049051 0.701563 0.000000 0.000000 0.000000 1.000000 0.000000 0.000000
27.000000 13.275765 7.957272 -0.059748 0.704553 0.000000 0.000000 0.000000 1.000000 0.000000 0.000000
27.000000 13.277082 7.976308 -0.049257 0.708109 0.000000 0.000000 0.000000 1.000000 0.000000 0.000000
27.000000 13.279854 7.897465 -0.049063 0.730314 0.000000 0.000000 0.000000 1.000000 0.000000 0.000000
27.000000 13.285759 7.916970 -0.058269 0.731827 0.000000 0.000000 0.000000 1.000000 0.000000 0.000000
27.000000 13.287234 7.929572 -0.051271 0.733424 0.000000 0.000000 0.000000 1.000000 0.000000 0.000000
27.000000 13.289973 7.849662 -0.051299 0.757584 0.000000 0.000000 0.000000 1.000000 0.000000 0.000000
27.000000 13.295800 7.869632 -0.060505 0.762337 0.000000 0.000000 0.000000 1.000000 0.000000 0.000000
27.000000 13.297227 7.883251 -0.052543 0.761881 0.000000 0.000000 0.000000 1.000000 0.000000 0.000000
27.000000 13.299996 7.815235 -0.052553 0.780463 0.000000 0.000000 0.000000 1.000000 0.000000 0.000000
27.000000 13.305765 7.824942 -0.056449 0.786965 0.000000 0.000000 0.000000 1.000000 0.000000 0.000000
27.000000 13.307241 7.832792 -0.052078 0.787539 0.000000 0.000000 0.000000 1.000000 0.000000 0.000000
27.000000 13.309980 7.760368 -0.052198 0.808885 0.000000 0.000000 0.000000 1.000000 0.000000 0.000000
27.000000 13.315730 7.778800 -0.060632 0.814567 0.000000 0.000000 0.000000 1.000000 0.000000 0.000000
27.000000 13.317112 7.795281 -0.050650 0.812561 0.000000 0.000000 0.000000 1.000000 0.000000 0.000000
27.000000 13.319941 7.723135 -0.050713 0.833442 0.000000 0.000000 0.000000 1.000000 0.000000 0.000000
27.000000 13.325842 7.739529 -0.057929 0.840434 0.000000 0.000000 0.000000 1.000000 0.000000 0.000000
27.000000 13.327253 7.752890 -0.050022 0.839530 0.000000 0.000000 0.000000 1.000000 0.000000 0.000000
27.000000 13.330046 7.677718 -0.050122 0.859234 0.000000 0.000000 0.000000 1.000000 0.000000 0.000000
27.000000 13.335844 7.695411 -0.058442 0.863192 0.000000 0.000000 0.000000 1.000000 0.000000 0.000000
27.000000 13.337140 7.710241 -0.049069 0.858954 0.000000 0.000000 0.000000 1.000000 0.000000 0.000000
27.000000 13.339916 7.630221 -0.049166 0.879081 0.000000 0.000000 0.000000 1.000000 0.000000 0.000000
27.000000 13.345840 7.648667 -0.057567 0.885098 0.000000 0.000000 0.000000 1.000000 0.000000 0.000000
27.000000 13.347152 7.660717 -0.050243 0.882925 0.000000 0.000000 0.000000 1.000000 0.000000 0.000000
27.000000 13.349990 7.605304 -0.050454 0.895267 0.000000 0.000000 0.000000 1.000000 0.000000 0.000000
27.000000 13.355712 7.610354 -0.051653 0.905330 0.000000 0.000000 0.000000 1.000000 0.000000 0.000000
27.000000 13.357353 7.618214 -0.046527 0.900723 0.000000 0.000000 0.000000 1.000000 0.000000 0.000000
27.000000 13.360011 7.542847 -0.046929 0.918948 0.000000 0.000000 0.000000 1.000000 0.000000 0.000000
27.000000 13.365819 7.564776 -0.057092 0.926517 0.000000 0.000000 0.000000 1.000000 0.000000 0.000000
27.000000 13.367302 7.575937 -0.050042 0.923136 0.000000 0.000000 0.000000 1.000000 0.000000 0.000000
27.000000 13.370170 7.514911 -0.050268 0.937813 0.000000 0.000000 0.000000 1.000000 0.000000 0.000000
27.000000 13.375826 7.522435 -0.053107 0.945526 0.000000 0.000000 0.000000 1.000000 0.000000 0.000000
27.000000 13.377320 7.528545 -0.049008 0.941556 0.000000 0.000000 0.000000 1.000000 0.000000 0.000000
27.000000 13.380099 7.459574 -0.049236 0.957842 0.000000 0.000000 0.000000 1.000000 0.000000 0.000000
27.000000 13.385903 7.474063 -0.055964 0.963024 0.000000 0.000000 0.000000 1.000000 0.000000 0.000000
27.000000 13.387333 7.482667 -0.050493 0.960560 0.000000 0.000000 0.000000 1.000000 0.000000 0.000000
27.000000 13.390128 7.422226 -0.050593 0.975423 0.000000 0.000000 0.000000 1.000000 0.000000 0.000000
27.000000 13.395945 7.426419 -0.051756 0.982745 0.000000 0.000000 0.000000 1.000000 0.000000 0.000000
27.000000 13.397199 7.431607 -0.048129 0.978141 0.000000 0.000000 0.000000 1.000000 0.000000 0.000000
27.000000 13.399851 7.386652 -0.048469 0.987066 0.000000 0.000000 0.000000 1.000000 0.000000 0.000000
27.000000 13.405869 7.395013 -0.051857 0.994303 0.000000 0.000000 0.000000 1.000000 0.000000 0.000000
27.000000 13.407201 7.398486 -0.049385 0.990714 0.000000 0.000000 0.000000 1.000000 0.000000 0.000000
27.000000 13.410027 7.332380 -0.049558 1.005069 0.000000 0.000000 0.000000 1.000000 0.000000 0.000000
27.000000 13.415869 7.344838 -0.055048 1.011667 0.000000 0.000000 0.000000 1.000000 0.000000 0.000000
27.000000 13.417210 7.355186 -0.048289 1.007520 0.000000 0.000000 0.000000 1.000000 0.000000 0.000000
27.000000 13.419904 7.290723 -0.048539 1.021415 0.000000 0.000000 0.000000 1.000000 0.000000 0.000000
27.000000 13.425927 7.301130 -0.053345 1.026049 0.000000 0.000000 0.000000 1.000000 0.000000 0.000000
27.000000 13.427455 7.307532 -0.048638 1.020057 0.000000 0.000000 0.000000 1.000000 0.000000 0.000000
27.000000 13.429967 7.247111 -0.048848 1.032734 0.000000 0.000000 0.000000 1.000000 0.000000 0.000000
27.000000 13.435899 7.258674 -0.054011 1.038793 0.000000 0.000000 0.000000 1.000000 0.000000 0.000000
27.000000 13.437243 7.263594 -0.050426 1.033486 0.000000 0.000000 0.000000 1.000000 0.000000 0.000000
27.000000 13.439911 7.209130 -0.050810 1.044998 0.000000 0.000000 0.000000 1.000000 0.000000 0.000000
27.000000 13.445826 7.212334 -0.051367 1.054151 0.000000 0.000000 0.000000 1.000000 0.000000 0.000000
27.000000 13.447248 7.220735 -0.045156 1.046548 0.000000 0.000000 0.000000 1.000000 0.000000 0.000000
27.000000 13.450092 7.156755 -0.045442 1.059497 0.000000 0.000000 0.000000 1.000000 0.000000 0.000000
27.000000 13.455847 7.176218 -0.055349 1.061518 0.000000 0.000000 0.000000 1.000000 0.000000 0.000000
27.000000 13.457101 7.187586 -0.047096 1.052955 0.000000 0.000000 0.000000 1.000000 0.000000 0.000000
27.000000 13.459968 7.119044 -0.047333 1.066635 0.000000 0.000000 0.000000 1.000000 0.000000 0.000000
27.000000 13.465964 7.131051 -0.053075 1.070709 0.000000 0.000000 0.000000 1.000000 0.000000 0.000000
27.000000 13.467199 7.141304 -0.045810 1.064199 0.000000 0.000000 0.000000 1.000000 0.000000 0.000000
27.000000 13.470058 7.067999 -0.045966 1.079057 0.000000 0.000000 0.000000 1.000000 0.000000 0.000000
27.000000 13.475816 7.082789 -0.053583 1.080050 0.000000 0.000000 0.000000 1.000000 0.000000 0.000000
27.000000 13.477108 7.091958 -0.046820 1.072671 0.000000 0.000000 0.000000 1.000000 0.000000 0.000000
27.000000 13.480003 7.038275 -0.047020 1.082101 0.000000 0.000000 0.000000 1.000000 0.000000 0.000000
27.000000 13.485926 7.041068 -0.047615 1.088413 0.000000 0.000000 0.000000 1.000000 0.000000 0.000000
27.000000 13.487273 7.040026 -0.047991 1.084908 0.000000 0.000000 0.000000 1.000000 0.000000 0.000000
27.000000 13.490028 6.992549 -0.048202 1.091018 0.000000 0.000000 0.000000 1.000000 0.000000 0.000000
27.000000 13.495845 6.997340 -0.050153 1.095049 0.000000 0.000000 0.000000 1.000000 0.000000 0.000000
27.000000 13.497261 7.003865 -0.045044 1.087446 0.000000 0.000000 0.000000 1.000000 0.000000 0.000000
27.000000 13.500056 6.945110 -0.045322 1.097299 0.000000 0.000000 0.000000 1.000000 0.000000 0.000000
27.000000 13.505963 6.959259 -0.052759 1.097976 0.000000 0.000000 0.000000 1.000000 0.000000 0.000000
27.000000 13.507217 6.966873 -0.046628 1.088866 0.000000 0.000000 0.000000 1.000000 0.000000 0.000000
27.000000 13.510095 6.908400 -0.046896 1.100409 0.000000 0.000000 0.000000 1.000000 0.000000 0.000000
27.000000 13.515953 6.915726 -0.050412 1.103675 0.000000 0.000000 0.000000 1.000000 0.000000 0.000000
27.000000 13.517232 6.930812 -0.039589 1.095814 0.000000 0.000000 0.000000 1.000000 0.000000 0.000000
27.000000 13.519965 6.847755 -0.039619 1.114389 0.000000 0.000000 0.000000 1.000000 0.000000 0.000000
27.000000 13.526035 6.864052 -0.049020 1.109217 0.000000 0.000000 0.000000 1.000000 0.000000 0.000000
27.000000 13.527350 6.865892 -0.046693 1.101625 0.000000 0.000000 0.000000 1.000000 0.000000 0.000000
27.000000 13.530129 6.828786 -0.046843 1.107012 0.000000 0.000000 0.000000 1.000000 0.000000 0.000000
27.000000 13.535983 6.829185 -0.046722 1.109488 0.000000 0.000000 0.000000 1.000000 0.000000 0.000000
27.000000 13.537392 6.825663 -0.048171 1.103265 0.000000 0.000000 0.000000 1.000000 0.000000 0.000000
27.000000 13.540209 6.775598 -0.048391 1.110807 0.000000 0.000000 0.000000 1.000000 0.000000 0.000000
27.000000 13.545967 6.781260 -0.051132 1.113066 0.000000 0.000000 0.000000 1.000000 0.000000 0.000000
27.000000 13.547314 6.788658 -0.044863 1.102658 0.000000 0.000000 0.000000 1.000000 0.000000 0.000000
27.000000 13.550210 6.731251 -0.045181 1.112563 0.000000 0.000000 0.000000 1.000000 0.000000 0.000000
27.000000 13.555923 6.737699 -0.048507 1.114283 0.000000 0.000000 0.000000 1.000000 0.000000 0.000000
27.000000 13.557203 6.742863 -0.043450 1.102918 0.000000 0.000000 0.000000 1.000000 0.000000 0.000000
27.000000 13.560056 6.696382 -0.043759 1.109433 0.000000 0.000000 0.000000 1.000000 0.000000 0.000000
27.000000 13.565906 6.701703 -0.046360 1.111763 0.000000 0.000000 0.000000 1.000000 0.000000 0.000000
27.000000 13.567465 6.714174 -0.036849 1.102618 0.000000 0.000000 0.000000 1.000000 0.000000 0.000000
27.000000 13.570136 6.643883 -0.036917 1.115444 0.000000 0.000000 0.000000 1.000000 0.000000 0.000000
27.000000 13.575906 6.653632 -0.042852 1.110620 0.000000 0.000000 0.000000 1.000000 0.000000 0.000000
27.000000 13.577303 6.661112 -0.036332 1.100340 0.000000 0.000000 0.000000 1.000000 0.000000 0.000000
27.000000 13.580133 6.598209 -0.036467 1.111799 0.000000 0.000000 0.000000 1.000000 0.000000 0.000000
27.000000 13.585861 6.610628 -0.043788 1.107714 0.000000 0.000000 0.000000 1.000000 0.000000 0.000000
27.000000 13.587242 6.620350 -0.036019 1.099044 0.000000 0.000000 0.000000 1.000000 0.000000 0.000000
27.000000 13.590218 6.545918 -0.036053 1.114825 0.000000 0.000000 0.000000 1.000000 0.000000 0.000000
27.000000 13.596089 6.563390 -0.046714 1.106795 0.000000 0.000000 0.000000 1.000000 0.000000 0.000000
27.000000 13.597434 6.573395 -0.038160 1.094834 0.000000 0.000000 0.000000 1.000000 0.000000 0.000000
27.000000 13.600271 6.515845 -0.038253 1.104159 0.000000 0.000000 0.000000 1.000000 0.000000 0.000000
27.000000 13.605888 6.533545 -0.048713 1.098261 0.000000 0.000000 0.000000 1.000000 0.000000 0.000000
27.000000 13.607367 6.543042 -0.041067 1.089480 0.000000 0.000000 0.000000 1.000000 0.000000 0.000000
27.000000 13.610163 6.469066 -0.041064 1.103061 0.000000 0.000000 0.000000 1.000000 0.000000 0.000000
27.000000 13.615859 6.478951 -0.047331 1.096905 0.000000 0.000000 0.000000 1.000000 0.000000 0.000000
27.000000 13.617405 6.494142 -0.035345 1.085297 0.000000 0.000000 0.000000 1.000000 0.000000 0.000000
27.000000 13.620026 6.430682 -0.035361 1.096130 0.000000 0.000000 0.000000 1.000000 0.000000 0.000000
27.000000 13.625904 6.441608 -0.042494 1.088105 0.000000 0.000000 0.000000 1.000000 0.000000 0.000000
27.000000 13.627485 6.448479 -0.036007 1.076700 0.000000 0.000000 0.000000 1.000000 0.000000 0.000000
27.000000 13.630191 6.388544 -0.036129 1.087581 0.000000 0.000000 0.000000 1.000000 0.000000 0.000000
27.000000 13.635876 6.399913 -0.043379 1.081044 0.000000 0.000000 0.000000 1.000000 0.000000 0.000000
27.000000 13.637407 6.406752 -0.036949 1.070178 0.000000 0.000000 0.000000 1.000000 0.000000 0.000000
27.000000 13.640075 6.332767 -0.036963 1.084688 0.000000 0.000000 0.000000 1.000000 0.000000 0.000000
27.000000 13.645908 6.350457 -0.048260 1.074313 0.000000 0.000000 0.000000 1.000000 0.000000 0.000000
27.000000 13.647383 6.360778 -0.039272 1.062342 0.000000 0.000000 0.000000 1.000000 0.000000 0.000000
27.000000 13.650235 6.308391 -0.039262 1.069820 0.000000 0.000000 0.000000 1.000000 0.000000 0.000000
27.000000 13.655945 6.310260 -0.041448 1.062079 0.000000 0.000000 0.000000 1.000000 0.000000 0.000000
27.000000 13.657377 6.312336 -0.038309 1.052507 0.000000 0.000000 0.000000 1.000000 0.000000 0.000000
27.000000 13.660055 6.260060 -0.038329 1.062776 0.000000 0.000000 0.000000 1.000000 0.000000 0.000000
27.000000 13.665958 6.266708 -0.043368 1.054187 0.000000 0.000000 0.000000 1.000000 0.000000 0.000000
27.000000 13.667516 6.275872 -0.034752 1.040813 0.000000 0.000000 0.000000 1.000000 0.000000 0.000000
27.000000 13.670089 6.220364 -0.034780 1.051298 0.000000 0.000000 0.000000 1.000000 0.000000 0.000000
27.000000 13.675868 6.230525 -0.041877 1.041921 0.000000 0.000000 0.000000 1.000000 0.000000 0.000000
27.000000 13.677463 6.236510 -0.035665 1.030061 0.000000 0.000000 0.000000 1.000000 0.000000 0.000000
27.000000 13.680089 6.180303 -0.035665 1.039563 0.000000 0.000000 0.000000 1.000000 0.000000 0.000000
27.000000 13.686034 6.188085 -0.041574 1.029349 0.000000 0.000000 0.000000 1.000000 0.000000 0.000000
27.000000 13.687507 6.193972 -0.035391 1.017611 0.000000 0.000000 0.000000 1.000000 0.000000 0.000000
27.000000 13.690169 6.137196 -0.035295 1.025741 0.000000 0.000000 0.000000 1.000000 0.000000 0.000000
27.000000 13.695888 6.142134 -0.039797 1.014104 0.000000 0.000000 0.000000 1.000000 0.000000 0.000000
27.000000 13.697391 6.140297 -0.039158 1.004238 0.000000 0.000000 0.000000 1.000000 0.000000 0.000000
27.000000 13.700090 6.104590 -0.039190 1.008224 0.000000 0.000000 0.000000 1.000000 0.000000 0.000000
27.000000 13.705977 6.101484 -0.038662 1.000792 0.000000 0.000000 0.000000 1.000000 0.000000 0.000000
27.000000 13.707523 6.104554 -0.034472 0.990169 0.000000 0.000000 0.000000 1.000000 0.000000 0.000000
27.000000 13.710197 6.044725 -0.034344 1.001228 0.000000 0.000000 0.000000 1.000000 0.000000 0.000000
27.000000 13.715975 6.057099 -0.043759 0.985425 0.000000 0.000000 0.000000 1.000000 0.000000 0.000000
27.000000 13.717308 6.065721 -0.035674 0.974628 0.000000 0.000000 0.000000 1.000000 0.000000 0.000000
27.000000 13.720084 6.019942 -0.035408 0.981841 0.000000 0.000000 0.000000 1.000000 0.000000 0.000000
27.000000 13.725970 6.022922 -0.039465 0.966425 0.000000 0.000000 0.000000 1.000000 0.000000 0.000000
27.000000 13.727375 6.024562 -0.036177 0.956011 0.000000 0.000000 0.000000 1.000000 0.000000 0.000000
27.000000 13.730125 5.977627 -0.035989 0.963460 0.000000 0.000000 0.000000 1.000000 0.000000 0.000000
27.000000 13.735932 5.977832 -0.038305 0.949584 0.000000 0.000000 0.000000 1.000000 0.000000 0.000000
27.000000 13.737310 5.975768 -0.037536 0.939304 0.000000 0.000000 0.000000 1.000000 0.000000 0.000000
27.000000 13.740775 5.935049 -0.037382 0.944860 0.000000 0.000000 0.000000 1.000000 0.000000 0.000000
27.000000 13.745928 5.930982 -0.037195 0.931865 0.000000 0.000000 0.000000 1.000000 0.000000 0.000000
27.000000 13.747522 5.929574 -0.035797 0.920969 0.000000 0.000000 0.000000 1.000000 0.000000 0.000000
27.000000 13.750225 5.886331 -0.035662 0.929150 0.000000 0.000000 0.000000 1.000000 0.000000 0.000000
27.000000 13.756083 5.886992 -0.038395 0.914978 0.000000 0.000000 0.000000 1.000000 0.000000 0.000000
27.000000 13.757315 5.885426 -0.036811 0.902737 0.000000 0.000000 0.000000 1.000000 0.000000 0.000000
27.000000 13.760182 5.845611 -0.036669 0.908411 0.000000 0.000000 0.000000 1.000000 0.000000 0.000000
27.000000 13.766048 5.848616 -0.040964 0.892775 0.000000 0.000000 0.000000 1.000000 0.000000 0.000000
27.000000 13.767383 5.853991 -0.034403 0.879647 0.000000 0.000000 0.000000 1.000000 0.000000 0.000000
27.000000 13.770212 5.805934 -0.034191 0.888482 0.000000 0.000000 0.000000 1.000000 0.000000 0.000000
27.000000 13.775937 5.807816 -0.038043 0.871754 0.000000 0.000000 0.000000 1.000000 0.000000 0.000000
27.000000 13.777372 5.808625 -0.034686 0.859214 0.000000 0.000000 0.000000 1.000000 0.000000 0.000000
27.000000 13.780316 5.769737 -0.034487 0.864725 0.000000 0.000000 0.000000 1.000000 0.000000 0.000000
27.000000 13.785937 5.765874 -0.034846 0.849503 0.000000 0.000000 0.000000 1.000000 0.000000 0.000000
27.000000 13.787715 5.761343 -0.035249 0.837456 0.000000 0.000000 0.000000 1.000000 0.000000 0.000000
27.000000 13.790250 5.727588 -0.035082 0.840151 0.000000 0.000000 0.000000 1.000000 0.000000 0.000000
27.000000 13.796306 5.720293 -0.033566 0.824647 0.000000 0.000000 0.000000 1.000000 0.000000 0.000000
27.000000 13.797445 5.715773 -0.034344 0.815106 0.000000 0.000000 0.000000 1.000000 0.000000 0.000000
27.000000 13.800205 5.685636 -0.034078 0.820782 0.000000 0.000000 0.000000 1.000000 0.000000 0.000000
27.000000 13.806051 5.683783 -0.036076 0.803101 0.000000 0.000000 0.000000 1.000000 0.000000 0.000000
27.000000 13.807357 5.680618 -0.035137 0.789762 0.000000 0.000000 0.000000 1.000000 0.000000 0.000000
27.000000 13.810128 5.649930 -0.034931 0.792625 0.000000 0.000000 0.000000 1.000000 0.000000 0.000000
27.000000 13.815942 5.644514 -0.035060 0.774160 0.000000 0.000000 0.000000 1.000000 0.000000 0.000000
27.000000 13.817582 5.643755 -0.032792 0.763212 0.000000 0.000000 0.000000 1.000000 0.000000 0.000000
27.000000 13.820092 5.593567 -0.032321 0.774258 0.000000 0.000000 0.000000 1.000000 0.000000 0.000000
27.000000 13.825963 5.595112 -0.037544 0.749204 0.000000 0.000000 0.000000 1.000000 0.000000 0.000000
27.000000 13.827552 5.598585 -0.031922 0.736655 0.000000 0.000000 0.000000 1.000000 0.000000 0.000000
27.000000 13.830177 5.556115 -0.031440 0.746372 0.000000 0.000000 0.000000 1.000000 0.000000 0.000000
27.000000 13.836001 5.553637 -0.034064 0.723210 0.000000 0.000000 0.000000 1.000000 0.000000 0.000000
27.000000 13.837428 5.554021 -0.030389 0.709698 0.000000 0.000000 0.000000 1.000000 0.000000 0.000000
27.000000 13.840239 5.509706 -0.030008 0.718886 0.000000 0.000000 0.000000 1.000000 0.000000 0.000000
27.000000 13.845951 5.512471 -0.036570 0.691173 0.000000 0.000000 0.000000 1.000000 0.000000 0.000000
27.000000 13.847459 5.512242 -0.033196 0.678109 0.000000 0.000000 0.000000 1.000000 0.000000 0.000000
27.000000 13.850294 5.486045 -0.032725 0.685376 0.000000 0.000000 0.000000 1.000000 0.000000 0.000000
27.000000 13.855995 5.479917 -0.033094 0.663791 0.000000 0.000000 0.000000 1.000000 0.000000 0.000000
27.000000 13.857571 5.475680 -0.033087 0.652990 0.000000 0.000000 0.000000 1.000000 0.000000 0.000000
27.000000 13.860338 5.443573 -0.032559 0.657838 0.000000 0.000000 0.000000 1.000000 0.000000 0.000000
27.000000 13.865965 5.440708 -0.035834 0.630454 0.000000 0.000000 0.000000 1.000000 0.000000 0.000000
27.000000 13.867465 5.440588 -0.032760 0.619353 0.000000 0.000000 0.000000 1.000000 0.000000 0.000000
27.000000 13.870278 5.400600 -0.032122 0.629357 0.000000 0.000000 0.000000 1.000000 0.000000 0.000000
27.000000 13.875960 5.393278 -0.032738 0.602657 0.000000 0.000000 0.000000 1.000000 0.000000 0.000000
27.000000 13.877359 5.392881 -0.029538 0.590323 0.000000 0.000000 0.000000 1.000000 0.000000 0.000000
27.000000 13.880348 5.352570 -0.028937 0.600036 0.000000 0.000000 0.000000 1.000000 0.000000 0.000000
27.000000 13.886008 5.352484 -0.034888 0.567624 0.000000 0.000000 0.000000 1.000000 0.000000 0.000000
27.000000 13.887461 5.352374 -0.030970 0.553815 0.000000 0.000000 0.000000 1.000000 0.000000 0.000000
27.000000 13.890378 5.316432 -0.030339 0.564800 0.000000 0.000000 0.000000 1.000000 0.000000 0.000000
27.000000 13.896136 5.313105 -0.033863 0.535697 0.000000 0.000000 0.000000 1.000000 0.000000 0.000000
27.000000 13.897382 5.310561 -0.031753 0.522213 0.000000 0.000000 0.000000 1.000000 0.000000 0.000000
27.000000 13.900402 5.274449 -0.031192 0.532325 0.000000 0.000000 0.000000 1.000000 0.000000 0.000000
27.000000 13.906018 5.270107 -0.034194 0.503319 0.000000 0.000000 0.000000 1.000000 0.000000 0.000000
27.000000 13.907523 5.268666 -0.030661 0.487320 0.000000 0.000000 0.000000 1.000000 0.000000 0.000000
27.000000 13.910258 5.238444 -0.030197 0.496176 0.000000 0.000000 0.000000 1.000000 0.000000 0.000000
27.000000 13.916095 5.230847 -0.031441 0.467203 0.000000 0.000000 0.000000 1.000000 0.000000 0.000000
27.000000 13.917433 5.228187 -0.028989 0.453156 0.000000 0.000000 0.000000 1.000000 0.000000 0.000000
27.000000 13.920159 5.203402 -0.028281 0.461065 0.000000 0.000000 0.000000 1.000000 0.000000 0.000000
27.000000 13.926043 5.191797 -0.027287 0.431316 0.000000 0.000000 0.000000 1.000000 0.000000 0.000000
27.000000 13.927477 5.188451 -0.025604 0.418448 0.000000 0.000000 0.000000 1.000000 0.000000 0.000000
27.000000 13.930234 5.149060 -0.024847 0.430140 0.000000 0.000000 0.000000 1.000000 0.000000 0.000000
27.000000 13.936066 5.144253 -0.029122 0.393859 0.000000 0.000000 0.000000 1.000000 0.000000 0.000000
27.000000 13.937336 5.141026 -0.027667 0.383026 0.000000 0.000000 0.000000 1.000000 0.000000 0.000000
27.000000 13.940327 5.112561 -0.026741 0.393335 0.000000 0.000000 0.000000 1.000000 0.000000 0.000000
27.000000 13.945931 5.107772 -0.031259 0.356019 0.000000 0.000000 0.000000 1.000000 0.000000 0.000000
27.000000 13.947407 5.107319 -0.027178 0.342429 0.000000 0.000000 0.000000 1.000000 0.000000 0.000000
27.000000 13.950380 5.071432 -0.026321 0.354373 0.000000 0.000000 0.000000 1.000000 0.000000 0.000000
27.000000 13.955979 5.068787 -0.032688 0.314644 0.000000 0.000000 0.000000 1.000000 0.000000 0.000000
27.000000 13.957357 5.069134 -0.027375 0.298943 0.000000 0.000000 0.000000 1.000000 0.000000 0.000000
27.000000 13.960140 5.032402 -0.026586 0.314514 0.000000 0.000000 0.000000 1.000000 0.000000 0.000000
27.000000 13.965995 5.031779 -0.034656 0.273130 0.000000 0.000000 0.000000 1.000000 0.000000 0.000000
27.000000 13.967680 5.034587 -0.026293 0.253032 0.000000 0.000000 0.000000 1.000000 0.000000 0.000000
27.000000 13.970186 4.997318 -0.025609 0.272607 0.000000 0.000000 0.000000 1.000000 0.000000 0.000000
27.000000 13.976014 4.992406 -0.030778 0.234136 0.000000 0.000000 0.000000 1.000000 0.000000 0.000000
27.000000 13.980177 4.973053 -0.037452 0.211315 0.000000 0.000000 0.000000 1.000000 0.000000 0.000000
27.000000 13.986001 4.953804 -0.030382 0.192807 0.000000 0.000000 0.000000 1.000000 0.000000 0.000000
27.000000 13.987569 4.950950 -0.026087 0.173213 0.000000 0.000000 0.000000 1.000000 0.000000 0.000000
27.000000 13.990376 4.919215 -0.025460 0.187038 0.000000 0.000000 0.000000 1.000000 0.000000 0.000000
27.000000 13.996023 4.910674 -0.027821 0.152419 0.000000 0.000000 0.000000 1.000000 0.000000 0.000000
27.000000 13.997439 4.901142 -0.029132 0.136623 0.000000 0.000000 0.000000 1.000000 0.000000 0.000000
27.000000 14.000128 4.880228 -0.028387 0.144922 0.000000 0.000000 0.000000 1.000000 0.000000 0.000000
27.000000 14.005996 4.869055 -0.030112 0.106169 0.000000 0.000000 0.000000 1.000000 0.000000 0.000000
27.000000 14.007468 4.860104 -0.030538 0.089433 0.000000 0.000000 0.000000 1.000000 0.000000 0.000000
27.000000 14.010309 4.851178 -0.029739 0.095263 0.000000 0.000000 0.000000 1.000000 0.000000 0.000000
27.000000 14.016029 4.830179 -0.025588 0.057668 0.000000 0.000000 0.000000 1.000000 0.000000 0.000000
27.000000 14.017366 4.816453 -0.029742 0.043270 0.000000 0.000000 0.000000 1.000000 0.000000 0.000000
27.000000 14.020277 4.804804 -0.028849 0.054315 0.000000 0.000000 0.000000 1.000000 0.000000 0.000000
27.000000 14.026057 4.785660 -0.022296 0.032588 0.000000 0.000000 0.000000 1.000000 0.000000 0.000000
27.000000 14.027472 4.777368 -0.028215 0.036495 0.000000 0.000000 0.000000 1.000000 0.000000 0.000000
27.000000 14.030355 4.762817 -0.027596 0.062675 0.000000 0.000000 0.000000 1.000000 0.000000 0.000000
27.000000 14.036006 4.748815 -0.020329 0.059010 0.000000 0.000000 0.000000 1.000000 0.000000 0.000000
27.000000 14.037393 4.739360 -0.029905 0.071784 0.000000 0.000000 0.000000 1.000000 0.000000 0.000000
27.000000 14.040373 4.731685 -0.029345 0.092999 0.000000 0.000000 0.000000 1.000000 0.000000 0.000000
27.000000 14.045950 4.716277 -0.021221 0.089342 0.000000 0.000000 0.000000 1.000000 0.000000 0.000000
27.000000 14.047441 4.705229 -0.031817 0.101650 0.000000 0.000000 0.000000 1.000000 0.000000 0.000000
27.000000 14.050302 4.694215 -0.031321 0.125139 0.000000 0.000000 0.000000 1.000000 0.000000 0.000000
27.000000 14.055944 4.676041 -0.021123 0.123550 0.000000 0.000000 0.000000 1.000000 0.000000 0.000000
27.000000 14.057526 4.667502 -0.029666 0.134868 0.000000 0.000000 0.000000 1.000000 0.000000 0.000000
27.000000 14.060406 4.654001 -0.029105 0.158962 0.000000 0.000000 0.000000 1.000000 0.000000 0.000000
27.000000 14.066040 4.636426 -0.019969 0.153830 0.000000 0.000000 0.000000 1.000000 0.000000 0.000000
27.000000 14.067506 4.626323 -0.029495 0.164807 0.000000 0.000000 0.000000 1.000000 0.000000 0.000000
27.000000 14.070407 4.624421 -0.028975 0.186392 0.000000 0.000000 0.000000 1.000000 0.000000 0.000000
27.000000 14.076006 4.603304 -0.017344 0.183121 0.000000 0.000000 0.000000 1.000000 0.000000 0.000000
27.000000 14.077352 4.590632 -0.028635 0.193763 0.000000 0.000000 0.000000 1.000000 0.000000 0.000000
27.000000 14.080341 4.581326 -0.028070 0.216959 0.000000 0.000000 0.000000 1.000000 0.000000 0.000000
27.000000 14.086090 4.561977 -0.017246 0.214218 0.000000 0.000000 0.000000 1.000000 0.000000 0.000000
27.000000 14.087497 4.548573 -0.029323 0.225190 0.000000 0.000000 0.000000 1.000000 0.000000 0.000000
27.000000 14.090330 4.548610 -0.028829 0.241888 0.000000 0.000000 0.000000 1.000000 0.000000 0.000000
27.000000 14.096039 4.527398 -0.016365 0.241190 0.000000 0.000000 0.000000 1.000000 0.000000 0.000000
27.000000 14.097420 4.511229 -0.030776 0.252907 0.000000 0.000000 0.000000 1.000000 0.000000 0.000000
27.000000 14.100417 4.514963 -0.030411 0.268179 0.000000 0.000000 0.000000 1.000000 0.000000 0.000000
27.000000 14.106054 4.490319 -0.015229 0.270510 0.000000 0.000000 0.000000 1.000000 0.000000 0.000000
27.000000 14.107584 4.475271 -0.028326 0.280233 0.000000 0.000000 0.000000 1.000000 0.000000 0.000000
27.000000 14.110311 4.479274 -0.027943 0.293233 0.000000 0.000000 0.000000 1.000000 0.000000 0.000000
27.000000 14.116076 4.451371 -0.010851 0.294820 0.000000 0.000000 0.000000 1.000000 0.000000 0.000000
27.000000 14.117494 4.433168 -0.027274 0.308226 0.000000 0.000000 0.000000 1.000000 0.000000 0.000000
27.000000 14.120432 4.436648 -0.026767 0.323690 0.000000 0.000000 0.000000 1.000000 0.000000 0.000000
27.000000 14.126021 4.415039 -0.014100 0.322074 0.000000 0.000000 0.000000 1.000000 0.000000 0.000000
27.000000 14.127612 4.401168 -0.026517 0.332227 0.000000 0.000000 0.000000 1.000000 0.000000 0.000000
27.000000 14.130366 4.397183 -0.026087 0.349823 0.000000 0.000000 0.000000 1.000000 0.000000 0.000000
27.000000 14.136045 4.374621 -0.012697 0.348745 0.000000 0.000000 0.000000 1.000000 0.000000 0.000000
27.000000 14.137492 4.360077 -0.025156 0.357059 0.000000 0.000000 0.000000 1.000000 0.000000 0.000000
27.000000 14.140451 4.356831 -0.024788 0.373567 0.000000 0.000000 0.000000 1.000000 0.000000 0.000000
27.000000 14.146042 4.335215 -0.012309 0.370941 0.000000 0.000000 0.000000 1.000000 0.000000 0.000000
27.000000 14.147613 4.315874 -0.028657 0.380429 0.000000 0.000000 0.000000 1.000000 0.000000 0.000000
27.000000 14.150290 4.327077 -0.028323 0.392762 0.000000 0.000000 0.000000 1.000000 0.000000 0.000000
27.000000 14.156044 4.299876 -0.011504 0.394072 0.000000 0.000000 0.000000 1.000000 0.000000 0.000000
27.000000 14.157518 4.278913 -0.029073 0.403230 0.000000 0.000000 0.000000 1.000000 0.000000 0.000000
27.000000 14.160371 4.286398 -0.028756 0.415279 0.000000 0.000000 0.000000 1.000000 0.000000 0.000000
27.000000 14.166111 4.260339 -0.013126 0.414076 0.000000 0.000000 0.000000 1.000000 0.000000 0.000000
27.000000 14.167638 4.242811 -0.027812 0.422219 0.000000 0.000000 0.000000 1.000000 0.000000 0.000000
27.000000 14.170360 4.255957 -0.027474 0.434690 0.000000 0.000000 0.000000 1.000000 0.000000 0.000000
27.000000 14.176050 4.228579 -0.010738 0.434665 0.000000 0.000000 0.000000 1.000000 0.000000 0.000000
27.000000 14.177547 4.212282 -0.023556 0.439125 0.000000 0.000000 0.000000 1.000000 0.000000 0.000000
27.000000 14.180442 4.205766 -0.023270 0.456516 0.000000 0.000000 0.000000 1.000000 0.000000 0.000000
27.000000 14.186083 4.188726 -0.013757 0.452672 0.000000 0.000000 0.000000 1.000000 0.000000 0.000000
27.000000 14.187605 4.176422 -0.023518 0.456720 0.000000 0.000000 0.000000 1.000000 0.000000 0.000000
27.000000 14.190339 4.167933 -0.023217 0.474848 0.000000 0.000000 0.000000 1.000000 0.000000 0.000000
27.000000 14.196093 4.147646 -0.011940 0.469663 0.000000 0.000000 0.000000 1.000000 0.000000 0.000000
27.000000 14.197499 4.127468 -0.028243 0.475875 0.000000 0.000000 0.000000 1.000000 0.000000 0.000000
27.000000 14.200256 4.144969 -0.027942 0.484886 0.000000 0.000000 0.000000 1.000000 0.000000 0.000000
27.000000 14.206107 4.118075 -0.010936 0.486376 0.000000 0.000000 0.000000 1.000000 0.000000 0.000000
27.000000 14.207606 4.100743 -0.025111 0.491992 0.000000 0.000000 0.000000 1.000000 0.000000 0.000000
27.000000 14.210362 4.104097 -0.024871 0.504180 0.000000 0.000000 0.000000 1.000000 0.000000 0.000000
27.000000 14.216122 4.078631 -0.009641 0.501664 0.000000 0.000000 0.000000 1.000000 0.000000 0.000000
27.000000 14.217513 4.058510 -0.025927 0.507512 0.000000 0.000000 0.000000 1.000000 0.000000 0.000000
27.000000 14.220354 4.065745 -0.025596 0.519695 0.000000 0.000000 0.000000 1.000000 0.000000 0.000000
27.000000 14.226088 4.039912 -0.009677 0.518673 0.000000 0.000000 0.000000 1.000000 0.000000 0.000000
27.000000 14.227758 4.020980 -0.025089 0.524069 0.000000 0.000000 0.000000 1.000000 0.000000 0.000000
27.000000 14.230465 4.025394 -0.024801 0.535266 0.000000 0.000000 0.000000 1.000000 0.000000 0.000000
27.000000 14.236107 3.998393 -0.008226 0.533561 0.000000 0.000000 0.000000 1.000000 0.000000 0.000000
27.000000 14.237727 3.980887 -0.022012 0.536995 0.000000 0.000000 0.000000 1.000000 0.000000 0.000000
27.000000 14.240314 3.991495 -0.021779 0.546417 0.000000 0.000000 0.000000 1.000000 0.000000 0.000000
27.000000 14.246188 3.967220 -0.007627 0.541860 0.000000 0.000000 0.000000 1.000000 0.000000 0.000000
27.000000 14.247584 3.945475 -0.024927 0.546391 0.000000 0.000000 0.000000 1.000000 0.000000 0.000000
27.000000 14.250456 3.958994 -0.024635 0.556347 0.000000 0.000000 0.000000 1.000000 0.000000 0.000000
27.000000 14.256216 3.929591 -0.006406 0.554879 0.000000 0.000000 0.000000 1.000000 0.000000 0.000000
27.000000 14.257668 3.905031 -0.026612 0.561505 0.000000 0.000000 0.000000 1.000000 0.000000 0.000000
27.000000 14.260386 3.922931 -0.026257 0.567664 0.000000 0.000000 0.000000 1.000000 0.000000 0.000000
27.000000 14.266180 3.892971 -0.007894 0.564582 0.000000 0.000000 0.000000 1.000000 0.000000 0.000000
27.000000 14.267640 3.873774 -0.023561 0.569840 0.000000 0.000000 0.000000 1.000000 0.000000 0.000000
27.000000 14.270528 3.883163 -0.023125 0.579453 0.000000 0.000000 0.000000 1.000000 0.000000 0.000000
27.000000 14.276091 3.855595 -0.006620 0.574537 0.000000 0.000000 0.000000 1.000000 0.000000 0.000000
27.000000 14.277707 3.834298 -0.024351 0.580974 0.000000 0.000000 0.000000 1.000000 0.000000 0.000000
27.000000 14.280346 3.852202 -0.023877 0.585762 0.000000 0.000000 0.000000 1.000000 0.000000 0.000000
27.000000 14.286171 3.820403 -0.003672 0.584395 0.000000 0.000000 0.000000 1.000000 0.000000 0.000000
27.000000 14.287615 3.797623 -0.022862 0.591051 0.000000 0.000000 0.000000 1.000000 0.000000 0.000000
27.000000 14.290444 3.811359 -0.022488 0.594637 0.000000 0.000000 0.000000 1.000000 0.000000 0.000000
27.000000 14.296153 3.782716 -0.004615 0.591839 0.000000 0.000000 0.000000 1.000000 0.000000 0.000000
27.000000 14.297506 3.761467 -0.022423 0.597737 0.000000 0.000000 0.000000 1.000000 0.000000 0.000000
27.000000 14.300506 3.776818 -0.022065 0.601520 0.000000 0.000000 0.000000 1.000000 0.000000 0.000000
27.000000 14.306089 3.745267 -0.002414 0.598163 0.000000 0.000000 0.000000 1.000000 0.000000 0.000000
27.000000 14.307659 3.719882 -0.023583 0.604480 0.000000 0.000000 0.000000 1.000000 0.000000 0.000000
27.000000 14.310424 3.742953 -0.023186 0.605744 0.000000 0.000000 0.000000 1.000000 0.000000 0.000000
27.000000 14.316120 3.714375 -0.005964 0.600050 0.000000 0.000000 0.000000 1.000000 0.000000 0.000000
27.000000 14.317493 3.692562 -0.023896 0.604997 0.000000 0.000000 0.000000 1.000000 0.000000 0.000000
27.000000 14.320342 3.705428 -0.023474 0.611526 0.000000 0.000000 0.000000 1.000000 0.000000 0.000000
27.000000 14.326375 3.674143 -0.004415 0.605886 0.000000 0.000000 0.000000 1.000000 0.000000 0.000000
27.000000 14.327603 3.651706 -0.022913 0.611067 0.000000 0.000000 0.000000 1.000000 0.000000 0.000000
27.000000 14.330512 3.664941 -0.022415 0.617670 0.000000 0.000000 0.000000 1.000000 0.000000 0.000000
27.000000 14.336094 3.634836 -0.004464 0.610198 0.000000 0.000000 0.000000 1.000000 0.000000 0.000000
27.000000 14.337532 3.613711 -0.021428 0.613531 0.000000 0.000000 0.000000 1.000000 0.000000 0.000000
27.000000 14.340480 3.629525 -0.020995 0.619162 0.000000 0.000000 0.000000 1.000000 0.000000 0.000000
27.000000 14.346084 3.601238 -0.004286 0.611527 0.000000 0.000000 0.000000 1.000000 0.000000 0.000000
27.000000 14.347629 3.578971 -0.021869 0.613694 0.000000 0.000000 0.000000 1.000000 0.000000 0.000000
27.000000 14.350575 3.591067 -0.021503 0.620494 0.000000 0.000000 0.000000 1.000000 0.000000 0.000000
27.000000 14.356117 3.560795 -0.002814 0.615499 0.000000 0.000000 0.000000 1.000000 0.000000 0.000000
27.000000 14.357589 3.535686 -0.023628 0.620474 0.000000 0.000000 0.000000 1.000000 0.000000 0.000000
27.000000 14.360477 3.564429 -0.023215 0.619802 0.000000 0.000000 0.000000 1.000000 0.000000 0.000000
27.000000 14.366234 3.529007 -0.001506 0.612844 0.000000 0.000000 0.000000 1.000000 0.000000 0.000000
27.000000 14.367591 3.506067 -0.019817 0.615730 0.000000 0.000000 0.000000 1.000000 0.000000 0.000000
27.000000 14.370418 3.522150 -0.019300 0.621853 0.000000 0.000000 0.000000 1.000000 0.000000 0.000000
27.000000 14.376228 3.491946 -0.001520 0.612656 0.000000 0.000000 0.000000 1.000000 0.000000 0.000000
27.000000 14.377469 3.468319 -0.020840 0.616721 0.000000 0.000000 0.000000 1.000000 0.000000 0.000000
27.000000 14.380549 3.485547 -0.020327 0.622269 0.000000 0.000000 0.000000 1.000000 0.000000 0.000000
27.000000 14.386162 3.459311 -0.005383 0.612113 0.000000 0.000000 0.000000 1.000000 0.000000 0.000000
27.000000 14.387609 3.439073 -0.020980 0.612624 0.000000 0.000000 0.000000 1.000000 0.000000 0.000000
27.000000 14.390414 3.452825 -0.020572 0.617648 0.000000 0.000000 0.000000 1.000000 0.000000 0.000000
27.000000 14.396150 3.429302 -0.007404 0.607661 0.000000 0.000000 0.000000 1.000000 0.000000 0.000000
27.000000 14.397667 3.411838 -0.020681 0.607804 0.000000 0.000000 0.000000 1.000000 0.000000 0.000000
27.000000 14.400384 3.413185 -0.020247 0.617956 0.000000 0.000000 0.000000 1.000000 0.000000 0.000000
27.000000 14.406179 3.389947 -0.007934 0.605131 0.000000 0.000000 0.000000 1.000000 0.000000 0.000000
27.000000 14.407616 3.372133 -0.021264 0.604806 0.000000 0.000000 0.000000 1.000000 0.000000 0.000000
27.000000 14.410350 3.383625 -0.020729 0.610840 0.000000 0.000000 0.000000 1.000000 0.000000 0.000000
27.000000 14.416289 3.367021 -0.013818 0.594008 0.000000 0.000000 0.000000 1.000000 0.000000 0.000000
27.000000 14.417567 3.355230 -0.021773 0.592190 0.000000 0.000000 0.000000 1.000000 0.000000 0.000000
27.000000 14.420457 3.347612 -0.021201 0.607020 0.000000 0.000000 0.000000 1.000000 0.000000 0.000000
27.000000 14.426199 3.341484 -0.022318 0.586382 0.000000 0.000000 0.000000 1.000000 0.000000 0.000000
27.000000 14.427596 3.340623 -0.019463 0.578271 0.000000 0.000000 0.000000 1.000000 0.000000 0.000000
27.000000 14.430452 3.311189 -0.018983 0.600841 0.000000 0.000000 0.000000 1.000000 0.000000 0.000000
27.000000 14.437574 3.308515 -0.019372 0.589722 0.000000 0.000000 0.000000 1.000000 0.000000 0.000000
27.000000 14.440408 3.274520 -0.018852 0.592613 0.000000 0.000000 0.000000 1.000000 0.000000 0.000000
27.000000 14.447715 3.271419 -0.018564 0.583407 0.000000 0.000000 0.000000 1.000000 0.000000 0.000000
27.000000 14.450369 3.240673 -0.018109 0.586308 0.000000 0.000000 0.000000 1.000000 0.000000 0.000000
27.000000 14.457561 3.240385 -0.020417 0.574158 0.000000 0.000000 0.000000 1.000000 0.000000 0.000000
27.000000 14.460554 3.208772 -0.019865 0.575506 0.000000 0.000000 0.000000 1.000000 0.000000 0.000000
27.000000 14.467653 3.205336 -0.019888 0.563701 0.000000 0.000000 0.000000 1.000000 0.000000 0.000000
27.000000 14.470494 3.172311 -0.019325 0.565603 0.000000 0.000000 0.000000 1.000000 0.000000 0.000000
27.000000 14.477552 3.167262 -0.017970 0.554956 0.000000 0.000000 0.000000 1.000000 0.000000 0.000000
27.000000 14.480553 3.128876 -0.017339 0.557520 0.000000 0.000000 0.000000 1.000000 0.000000 0.000000
27.000000 14.487622 3.124108 -0.015366 0.550935 0.000000 0.000000 0.000000 1.000000 0.000000 0.000000
27.000000 14.490473 3.093008 -0.014853 0.551948 0.000000 0.000000 0.000000 1.000000 0.000000 0.000000
27.000000 18.139355 nan nan nan 0.000000 0.000000 0.000000 1.000000 0.000000 0.000000
28.000000 18.142098 19.894378 -0.060114 0.228149 0.000000 0.000000 0.000000 1.000000 0.000000 0.000000
28.000000 18.147920 19.784576 -0.029209 0.261231 0.000000 0.000000 0.000000 1.000000 0.000000 0.000000
28.000000 18.149259 19.745671 -0.042795 0.281171 0.000000 0.000000 0.000000 1.000000 0.000000 0.000000
28.000000 18.152003 19.822952 -0.042988 0.294710 0.000000 0.000000 0.000000 1.000000 0.000000 0.000000
28.000000 18.157854 19.741598 -0.020067 0.324172 0.000000 0.000000 0.000000 1.000000 0.000000 0.000000
28.000000 18.159265 19.737456 -0.021679 0.335543 0.000000 0.000000 0.000000 1.000000 0.000000 0.000000
28.000000 18.162071 19.688461 -0.021710 0.365400 0.000000 0.000000 0.000000 1.000000 0.000000 0.000000
28.000000 18.167896 19.639258 -0.007961 0.381118 0.000000 0.000000 0.000000 1.000000 0.000000 0.000000
28.000000 18.169192 19.596079 -0.022963 0.399780 0.000000 0.000000 0.000000 1.000000 0.000000 0.000000
28.000000 18.172142 19.634241 -0.022948 0.420816 0.000000 0.000000 0.000000 1.000000 0.000000 0.000000
28.000000 18.177911 19.539010 0.003731 0.444631 0.000000 0.000000 0.000000 1.000000 0.000000 0.000000
28.000000 18.179326 19.496717 -0.010950 0.460197 0.000000 0.000000 0.000000 1.000000 0.000000 0.000000
28.000000 18.182364 19.529259 -0.010827 0.476366 0.000000 0.000000 0.000000 1.000000 0.000000 0.000000
28.000000 18.187779 19.434670 0.016022 0.503377 0.000000 0.000000 0.000000 1.000000 0.000000 0.000000
28.000000 18.189230 19.373159 -0.005672 0.524637 0.000000 0.000000 0.000000 1.000000 0.000000 0.000000
28.000000 18.192014 19.455736 -0.005802 0.532433 0.000000 0.000000 0.000000 1.000000 0.000000 0.000000
28.000000 18.197907 19.338024 0.027771 0.570880 0.000000 0.000000 0.000000 1.000000 0.000000 0.000000
28.000000 18.199400 19.284808 0.008825 0.590626 0.000000 0.000000 0.000000 1.000000 0.000000 0.000000
28.000000 18.202118 19.357023 0.008664 0.598268 0.000000 0.000000 0.000000 1.000000 0.000000 0.000000
28.000000 18.207841 19.250304 0.038960 0.629384 0.000000 0.000000 0.000000 1.000000 0.000000 0.000000
28.000000 18.209347 19.180881 0.014306 0.654357 0.000000 0.000000 0.000000 1.000000 0.000000 0.000000
28.000000 18.212198 19.262356 0.014518 0.663285 0.000000 0.000000 0.000000 1.000000 0.000000 0.000000
28.000000 18.217887 19.130500 0.051856 0.689331 0.000000 0.000000 0.000000 1.000000 0.000000 0.000000
28.000000 18.219455 19.085211 0.035739 0.707449 0.000000 0.000000 0.000000 1.000000 0.000000 0.000000
28.000000 18.222126 19.159094 0.036027 0.718595 0.000000 0.000000 0.000000 1.000000 0.000000 0.000000
28.000000 18.227866 19.036772 0.070933 0.748921 0.000000 0.000000 0.000000 1.000000 0.000000 0.000000
28.000000 18.229330 18.980681 0.050798 0.764221 0.000000 0.000000 0.000000 1.000000 0.000000 0.000000
28.000000 18.232208 19.040856 0.050637 0.774135 0.000000 0.000000 0.000000 1.000000 0.000000 0.000000
28.000000 18.237874 18.952470 0.075798 0.800459 0.000000 0.000000 0.000000 1.000000 0.000000 0.000000
28.000000 18.239330 18.901531 0.057568 0.814233 0.000000 0.000000 0.000000 1.000000 0.000000 0.000000
28.000000 18.242088 18.985515 0.057671 0.823221 0.000000 0.000000 0.000000 1.000000 0.000000 0.000000
28.000000 18.247817 18.870623 0.090391 0.851036 0.000000 0.000000 0.000000 1.000000 0.000000 0.000000
28.000000 18.249265 18.821184 0.072641 0.863478 0.000000 0.000000 0.000000 1.000000 0.000000 0.000000
28.000000 18.252237 18.854074 0.072669 0.877459 0.000000 0.000000 0.000000 1.000000 0.000000 0.000000
28.000000 18.258062 18.759564 0.099989 0.908487 0.000000 0.000000 0.000000 1.000000 0.000000 0.000000
28.000000 18.259415 18.734229 0.090600 0.919923 0.000000 0.000000 0.000000 1.000000 0.000000 0.000000
28.000000 18.262062 18.752127 0.090299 0.934693 0.000000 0.000000 0.000000 1.000000 0.000000 0.000000
28.000000 18.268003 18.662700 0.115999 0.963502 0.000000 0.000000 0.000000 1.000000 0.000000 0.000000
28.000000 18.269250 18.628893 0.103629 0.975455 0.000000 0.000000 0.000000 1.000000 0.000000 0.000000
28.000000 18.271975 18.643098 0.103622 0.989637 0.000000 0.000000 0.000000 1.000000 0.000000 0.000000
28.000000 18.277995 18.571580 0.124200 1.008965 0.000000 0.000000 0.000000 1.000000 0.000000 0.000000
28.000000 18.279323 18.555579 0.118338 1.014472 0.000000 0.000000 0.000000 1.000000 0.000000 0.000000
28.000000 18.282035 18.565718 0.117941 1.036168 0.000000 0.000000 0.000000 1.000000 0.000000 0.000000
28.000000 18.287970 18.486002 0.140890 1.065655 0.000000 0.000000 0.000000 1.000000 0.000000 0.000000
28.000000 18.289210 18.461111 0.131762 1.072287 0.000000 0.000000 0.000000 1.000000 0.000000 0.000000
28.000000 18.292029 18.469753 0.131651 1.086115 0.000000 0.000000 0.000000 1.000000 0.000000 0.000000
28.000000 18.297972 18.389992 0.154849 1.112600 0.000000 0.000000 0.000000 1.000000 0.000000 0.000000
28.000000 18.299246 18.364522 0.145270 1.122245 0.000000 0.000000 0.000000 1.000000 0.000000 0.000000
28.000000 18.302052 18.381212 0.145112 1.132472 0.000000 0.000000 0.000000 1.000000 0.000000 0.000000
28.000000 18.308079 18.313384 0.164768 1.154174 0.000000 0.000000 0.000000 1.000000 0.000000 0.000000
28.000000 18.309292 18.303337 0.160956 1.162205 0.000000 0.000000 0.000000 1.000000 0.000000 0.000000
28.000000 18.312035 18.266999 0.160459 1.186726 0.000000 0.000000 0.000000 1.000000 0.000000 0.000000
28.000000 18.318116 18.202224 0.179138 1.205808 0.000000 0.000000 0.000000 1.000000 0.000000 0.000000
28.000000 18.319229 18.193472 0.175956 1.208114 0.000000 0.000000 0.000000 1.000000 0.000000 0.000000
28.000000 18.322083 18.159728 0.175348 1.233691 0.000000 0.000000 0.000000 1.000000 0.000000 0.000000
28.000000 18.328003 18.114253 0.188546 1.254745 0.000000 0.000000 0.000000 1.000000 0.000000 0.000000
28.000000 18.329195 18.088261 0.178821 1.259710 0.000000 0.000000 0.000000 1.000000 0.000000 0.000000
28.000000 18.332030 18.125563 0.178810 1.270588 0.000000 0.000000 0.000000 1.000000 0.000000 0.000000
28.000000 18.337976 18.035309 0.205021 1.295654 0.000000 0.000000 0.000000 1.000000 0.000000 0.000000
28.000000 18.339349 18.017223 0.198225 1.300106 0.000000 0.000000 0.000000 1.000000 0.000000 0.000000
28.000000 18.342069 17.995512 0.197742 1.319860 0.000000 0.000000 0.000000 1.000000 0.000000 0.000000
28.000000 18.348127 17.932358 0.216221 1.343397 0.000000 0.000000 0.000000 1.000000 0.000000 0.000000
28.000000 18.349209 17.904045 0.205471 1.345842 0.000000 0.000000 0.000000 1.000000 0.000000 0.000000
28.000000 18.352028 17.921660 0.205176 1.354654 0.000000 0.000000 0.000000 1.000000 0.000000 0.000000
28.000000 18.357901 17.860716 0.223029 1.378187 0.000000 0.000000 0.000000 1.000000 0.000000 0.000000
28.000000 18.359287 17.859078 0.222337 1.383763 0.000000 0.000000 0.000000 1.000000 0.000000 0.000000
28.000000 18.362109 17.827932 0.221730 1.406767 0.000000 0.000000 0.000000 1.000000 0.000000 0.000000
28.000000 18.368059 17.765415 0.239905 1.425542 0.000000 0.000000 0.000000 1.000000 0.000000 0.000000
28.000000 18.369264 17.759973 0.237926 1.426590 0.000000 0.000000 0.000000 1.000000 0.000000 0.000000
28.000000 18.372088 17.709276 0.237117 1.451015 0.000000 0.000000 0.000000 1.000000 0.000000 0.000000
28.000000 18.377887 17.666869 0.249596 1.470454 0.000000 0.000000 0.000000 1.000000 0.000000 0.000000
28.000000 18.379313 17.663605 0.248346 1.469226 0.000000 0.000000 0.000000 1.000000 0.000000 0.000000
28.000000 18.382076 17.632249 0.247617 1.483166 0.000000 0.000000 0.000000 1.000000 0.000000 0.000000
28.000000 18.387892 17.577930 0.263654 1.504272 0.000000 0.000000 0.000000 1.000000 0.000000 0.000000
28.000000 18.389203 17.570463 0.260717 1.506179 0.000000 0.000000 0.000000 1.000000 0.000000 0.000000
28.000000 18.392104 17.547123 0.260008 1.523114 0.000000 0.000000 0.000000 1.000000 0.000000 0.000000
28.000000 18.398129 17.490128 0.276791 1.545267 0.000000 0.000000 0.000000 1.000000 0.000000 0.000000
28.000000 18.399411 17.483627 0.274313 1.541879 0.000000 0.000000 0.000000 1.000000 0.000000 0.000000
28.000000 18.402132 17.448688 0.273361 1.558131 0.000000 0.000000 0.000000 1.000000 0.000000 0.000000
28.000000 18.408085 17.388277 0.291120 1.579208 0.000000 0.000000 0.000000 1.000000 0.000000 0.000000
28.000000 18.409421 17.364433 0.281874 1.580016 0.000000 0.000000 0.000000 1.000000 0.000000 0.000000
28.000000 18.412029 17.346163 0.281249 1.596403 0.000000 0.000000 0.000000 1.000000 0.000000 0.000000
28.000000 18.417898 17.304240 0.293589 1.613329 0.000000 0.000000 0.000000 1.000000 0.000000 0.000000
28.000000 18.419302 17.320139 0.299933 1.608610 0.000000 0.000000 0.000000 1.000000 0.000000 0.000000
28.000000 18.422254 17.248769 0.298585 1.631793 0.000000 0.000000 0.000000 1.000000 0.000000 0.000000
28.000000 18.428014 17.219809 0.307225 1.650495 0.000000 0.000000 0.000000 1.000000 0.000000 0.000000
28.000000 18.429243 17.223706 0.308760 1.647074 0.000000 0.000000 0.000000 1.000000 0.000000 0.000000
28.000000 18.432125 17.158306 0.307360 1.665372 0.000000 0.000000 0.000000 1.000000 0.000000 0.000000
28.000000 18.438146 17.126531 0.316843 1.684290 0.000000 0.000000 0.000000 1.000000 0.000000 0.000000
28.000000 18.439478 17.135441 0.320394 1.679536 0.000000 0.000000 0.000000 1.000000 0.000000 0.000000
28.000000 18.442212 17.068981 0.318954 1.697234 0.000000 0.000000 0.000000 1.000000 0.000000 0.000000
28.000000 18.448042 17.032479 0.329955 1.719119 0.000000 0.000000 0.000000 1.000000 0.000000 0.000000
28.000000 18.449313 17.061142 0.341327 1.713692 0.000000 0.000000 0.000000 1.000000 0.000000 0.000000
28.000000 18.452117 16.970999 0.339442 1.733325 0.000000 0.000000 0.000000 1.000000 0.000000 0.000000
28.000000 18.457946 16.948540 0.346226 1.751922 0.000000 0.000000 0.000000 1.000000 0.000000 0.000000
28.000000 18.459514 16.951666 0.347455 1.747221 0.000000 0.000000 0.000000 1.000000 0.000000 0.000000
28.000000 18.462171 16.899489 0.346109 1.760289 0.000000 0.000000 0.000000 1.000000 0.000000 0.000000
28.000000 18.467953 16.862068 0.357433 1.782590 0.000000 0.000000 0.000000 1.000000 0.000000 0.000000
28.000000 18.469319 16.873118 0.361818 1.777430 0.000000 0.000000 0.000000 1.000000 0.000000 0.000000
28.000000 18.472119 16.780246 0.359779 1.793186 0.000000 0.000000 0.000000 1.000000 0.000000 0.000000
28.000000 18.477905 16.767961 0.363522 1.808237 0.000000 0.000000 0.000000 1.000000 0.000000 0.000000
28.000000 18.479454 16.791714 0.373142 1.801741 0.000000 0.000000 0.000000 1.000000 0.000000 0.000000
28.000000 18.482204 16.710028 0.371288 1.819374 0.000000 0.000000 0.000000 1.000000 0.000000 0.000000
28.000000 18.487950 16.689511 0.377486 1.835349 0.000000 0.000000 0.000000 1.000000 0.000000 0.000000
28.000000 18.489362 16.692104 0.378575 1.827864 0.000000 0.000000 0.000000 1.000000 0.000000 0.000000
28.000000 18.492109 16.642897 0.377080 1.842091 0.000000 0.000000 0.000000 1.000000 0.000000 0.000000
28.000000 18.498204 16.596484 0.391068 1.864834 0.000000 0.000000 0.000000 1.000000 0.000000 0.000000
28.000000 18.499436 16.604610 0.394442 1.856924 0.000000 0.000000 0.000000 1.000000 0.000000 0.000000
28.000000 18.502266 16.547865 0.392891 1.869536 0.000000 0.000000 0.000000 1.000000 0.000000 0.000000
28.000000 18.507907 16.510300 0.404284 1.889223 0.000000 0.000000 0.000000 1.000000 0.000000 0.000000
28.000000 18.509315 16.510344 0.404294 1.884137 0.000000 0.000000 0.000000 1.000000 0.000000 0.000000
28.000000 18.512107 16.473101 0.403044 1.895730 0.000000 0.000000 0.000000 1.000000 0.000000 0.000000
28.000000 18.517960 16.422446 0.418372 1.917043 0.000000 0.000000 0.000000 1.000000 0.000000 0.000000
28.000000 18.519450 16.424753 0.419393 1.906564 0.000000 0.000000 0.000000 1.000000 0.000000 0.000000
28.000000 18.522298 16.369118 0.417641 1.918078 0.000000 0.000000 0.000000 1.000000 0.000000 0.000000
28.000000 18.527900 16.334446 0.428148 1.938104 0.000000 0.000000 0.000000 1.000000 0.000000 0.000000
28.000000 18.529557 16.337366 0.429434 1.928698 0.000000 0.000000 0.000000 1.000000 0.000000 0.000000
28.000000 18.532195 16.259113 0.427265 1.943594 0.000000 0.000000 0.000000 1.000000 0.000000 0.000000
28.000000 18.537910 16.233147 0.435160 1.961345 0.000000 0.000000 0.000000 1.000000 0.000000 0.000000
28.000000 18.539617 16.255527 0.444600 1.950508 0.000000 0.000000 0.000000 1.000000 0.000000 0.000000
28.000000 18.542385 16.180634 0.442432 1.967323 0.000000 0.000000 0.000000 1.000000 0.000000 0.000000
28.000000 18.547902 16.162226 0.447877 1.979892 0.000000 0.000000 0.000000 1.000000 0.000000 0.000000
28.000000 18.549377 16.173542 0.452881 1.966410 0.000000 0.000000 0.000000 1.000000 0.000000 0.000000
28.000000 18.552181 16.098327 0.450730 1.983514 0.000000 0.000000 0.000000 1.000000 0.000000 0.000000
28.000000 18.558137 16.065319 0.460803 2.002219 0.000000 0.000000 0.000000 1.000000 0.000000 0.000000
28.000000 18.559652 16.076140 0.465482 1.989407 0.000000 0.000000 0.000000 1.000000 0.000000 0.000000
28.000000 18.562355 15.996320 0.463066 2.003042 0.000000 0.000000 0.000000 1.000000 0.000000 0.000000
28.000000 18.568023 15.968736 0.471537 2.022680 0.000000 0.000000 0.000000 1.000000 0.000000 0.000000
28.000000 18.569272 15.974736 0.474141 2.013363 0.000000 0.000000 0.000000 1.000000 0.000000 0.000000
28.000000 18.572149 15.921943 0.472401 2.022974 0.000000 0.000000 0.000000 1.000000 0.000000 0.000000
28.000000 18.578048 15.887334 0.482964 2.038207 0.000000 0.000000 0.000000 1.000000 0.000000 0.000000
28.000000 18.579725 15.905559 0.490909 2.025120 0.000000 0.000000 0.000000 1.000000 0.000000 0.000000
28.000000 18.582253 15.820508 0.488380 2.039804 0.000000 0.000000 0.000000 1.000000 0.000000 0.000000
28.000000 18.588061 15.799525 0.494878 2.057101 0.000000 0.000000 0.000000 1.000000 0.000000 0.000000
28.000000 18.589314 15.815766 0.501917 2.044899 0.000000 0.000000 0.000000 1.000000 0.000000 0.000000
28.000000 18.592174 15.722003 0.499105 2.056820 0.000000 0.000000 0.000000 1.000000 0.000000 0.000000
28.000000 18.598025 15.704725 0.504523 2.073914 0.000000 0.000000 0.000000 1.000000 0.000000 0.000000
28.000000 18.599590 15.709153 0.506466 2.062459 0.000000 0.000000 0.000000 1.000000 0.000000 0.000000
28.000000 18.602308 15.647309 0.504323 2.069240 0.000000 0.000000 0.000000 1.000000 0.000000 0.000000
28.000000 18.607886 15.620519 0.512646 2.086632 0.000000 0.000000 0.000000 1.000000 0.000000 0.000000
28.000000 18.609457 15.646469 0.524002 2.072158 0.000000 0.000000 0.000000 1.000000 0.000000 0.000000
28.000000 18.612200 15.553534 0.521077 2.083761 0.000000 0.000000 0.000000 1.000000 0.000000 0.000000
28.000000 18.617924 15.534758 0.526964 2.100644 0.000000 0.000000 0.000000 1.000000 0.000000 0.000000
28.000000 18.619387 15.557187 0.536819 2.086848 0.000000 0.000000 0.000000 1.000000 0.000000 0.000000
28.000000 18.622311 15.459527 0.533710 2.097660 0.000000 0.000000 0.000000 1.000000 0.000000 0.000000
28.000000 18.628058 15.451157 0.536390 2.112895 0.000000 0.000000 0.000000 1.000000 0.000000 0.000000
28.000000 18.629311 15.473646 0.546309 2.099877 0.000000 0.000000 0.000000 1.000000 0.000000 0.000000
28.000000 18.632188 15.378075 0.543258 2.109505 0.000000 0.000000 0.000000 1.000000 0.000000 0.000000
28.000000 18.638034 15.369443 0.546011 2.122757 0.000000 0.000000 0.000000 1.000000 0.000000 0.000000
28.000000 18.639460 15.401662 0.560302 2.107601 0.000000 0.000000 0.000000 1.000000 0.000000 0.000000
28.000000 18.642278 15.272328 0.556235 2.122003 0.000000 0.000000 0.000000 1.000000 0.000000 0.000000
28.000000 18.648024 15.280321 0.553804 2.134027 0.000000 0.000000 0.000000 1.000000 0.000000 0.000000
28.000000 18.649369 15.322852 0.572759 2.116281 0.000000 0.000000 0.000000 1.000000 0.000000 0.000000
28.000000 18.652239 15.195021 0.568623 2.129368 0.000000 0.000000 0.000000 1.000000 0.000000 0.000000
28.000000 18.658101 15.186943 0.571302 2.146171 0.000000 0.000000 0.000000 1.000000 0.000000 0.000000
28.000000 18.659452 15.200672 0.577437 2.133601 0.000000 0.000000 0.000000 1.000000 0.000000 0.000000
28.000000 18.662328 15.124699 0.574648 2.140003 0.000000 0.000000 0.000000 1.000000 0.000000 0.000000
28.000000 18.668033 15.099453 0.582643 2.157436 0.000000 0.000000 0.000000 1.000000 0.000000 0.000000
28.000000 18.669307 15.116301 0.590325 2.140920 0.000000 0.000000 0.000000 1.000000 0.000000 0.000000
28.000000 18.672440 15.036209 0.587317 2.147678 0.000000 0.000000 0.000000 1.000000 0.000000 0.000000
28.000000 18.678023 15.017827 0.593196 2.165744 0.000000 0.000000 0.000000 1.000000 0.000000 0.000000
28.000000 18.679627 15.045287 0.605692 2.147603 0.000000 0.000000 0.000000 1.000000 0.000000 0.000000
28.000000 18.682332 14.956046 0.602331 2.154560 0.000000 0.000000 0.000000 1.000000 0.000000 0.000000
28.000000 18.688124 14.941223 0.607024 2.169741 0.000000 0.000000 0.000000 1.000000 0.000000 0.000000
28.000000 18.689385 14.954733 0.613349 2.152424 0.000000 0.000000 0.000000 1.000000 0.000000 0.000000
28.000000 18.692208 14.884608 0.610521 2.159254 0.000000 0.000000 0.000000 1.000000 0.000000 0.000000
28.000000 18.697963 14.858219 0.618854 2.175934 0.000000 0.000000 0.000000 1.000000 0.000000 0.000000
28.000000 18.699444 14.874564 0.626533 2.158300 0.000000 0.000000 0.000000 1.000000 0.000000 0.000000
28.000000 18.702352 14.769396 0.622686 2.167353 0.000000 0.000000 0.000000 1.000000 0.000000 0.000000
28.000000 18.707978 14.761796 0.625141 2.179962 0.000000 0.000000 0.000000 1.000000 0.000000 0.000000
28.000000 18.709419 14.787740 0.637256 2.159331 0.000000 0.000000 0.000000 1.000000 0.000000 0.000000
28.000000 18.712249 14.686165 0.633254 2.169366 0.000000 0.000000 0.000000 1.000000 0.000000 0.000000
28.000000 18.718030 14.673187 0.637477 2.188453 0.000000 0.000000 0.000000 1.000000 0.000000 0.000000
28.000000 18.719521 14.701225 0.650581 2.168254 0.000000 0.000000 0.000000 1.000000 0.000000 0.000000
28.000000 18.722319 14.592860 0.646302 2.177331 0.000000 0.000000 0.000000 1.000000 0.000000 0.000000
28.000000 18.728044 14.584020 0.649109 2.191391 0.000000 0.000000 0.000000 1.000000 0.000000 0.000000
28.000000 18.729385 14.596224 0.655112 2.169614 0.000000 0.000000 0.000000 1.000000 0.000000 0.000000
28.000000 18.732263 14.527183 0.652110 2.172558 0.000000 0.000000 0.000000 1.000000 0.000000 0.000000
28.000000 18.737994 14.504906 0.659268 2.188743 0.000000 0.000000 0.000000 1.000000 0.000000 0.000000
28.000000 18.739602 14.523529 0.668213 2.169098 0.000000 0.000000 0.000000 1.000000 0.000000 0.000000
28.000000 18.742353 14.434353 0.664577 2.174058 0.000000 0.000000 0.000000 1.000000 0.000000 0.000000
28.000000 18.747978 14.420772 0.669054 2.189684 0.000000 0.000000 0.000000 1.000000 0.000000 0.000000
28.000000 18.749660 14.444214 0.680242 2.169211 0.000000 0.000000 0.000000 1.000000 0.000000 0.000000
28.000000 18.752271 14.354352 0.676372 2.174566 0.000000 0.000000 0.000000 1.000000 0.000000 0.000000
28.000000 18.758017 14.344463 0.679518 2.187632 0.000000 0.000000 0.000000 1.000000 0.000000 0.000000
28.000000 18.760059 14.366890 0.690483 2.164823 0.000000 0.000000 0.000000 1.000000 0.000000 0.000000
28.000000 18.762427 14.274385 0.686562 2.171645 0.000000 0.000000 0.000000 1.000000 0.000000 0.000000
28.000000 18.768050 14.257706 0.692032 2.188044 0.000000 0.000000 0.000000 1.000000 0.000000 0.000000
28.000000 18.769500 14.281167 0.703436 2.165604 0.000000 0.000000 0.000000 1.000000 0.000000 0.000000
28.000000 18.772245 14.183679 0.699159 2.171033 0.000000 0.000000 0.000000 1.000000 0.000000 0.000000
28.000000 18.778059 14.165853 0.704918 2.185901 0.000000 0.000000 0.000000 1.000000 0.000000 0.000000
28.000000 18.779613 14.180093 0.712133 2.163168 0.000000 0.000000 0.000000 1.000000 0.000000 0.000000
28.000000 18.782405 14.111817 0.708914 2.165372 0.000000 0.000000 0.000000 1.000000 0.000000 0.000000
28.000000 18.788070 14.082699 0.718378 2.181940 0.000000 0.000000 0.000000 1.000000 0.000000 0.000000
28.000000 18.789454 14.093467 0.723927 2.160887 0.000000 0.000000 0.000000 1.000000 0.000000 0.000000
28.000000 18.792234 14.026070 0.720749 2.161281 0.000000 0.000000 0.000000 1.000000 0.000000 0.000000
28.000000 18.798267 14.005467 0.727447 2.174134 0.000000 0.000000 0.000000 1.000000 0.000000 0.000000
28.000000 18.799443 14.017882 0.733864 2.152530 0.000000 0.000000 0.000000 1.000000 0.000000 0.000000
28.000000 18.802376 13.936121 0.730135 2.154827 0.000000 0.000000 0.000000 1.000000 0.000000 0.000000
28.000000 18.808189 13.915960 0.736761 2.168414 0.000000 0.000000 0.000000 1.000000 0.000000 0.000000
28.000000 18.809336 13.942253 0.749892 2.145389 0.000000 0.000000 0.000000 1.000000 0.000000 0.000000
28.000000 18.812221 13.839827 0.745265 2.149971 0.000000 0.000000 0.000000 1.000000 0.000000 0.000000
28.000000 18.818111 13.842212 0.744599 2.161617 0.000000 0.000000 0.000000 1.000000 0.000000 0.000000
28.000000 18.819517 13.871897 0.759408 2.139181 0.000000 0.000000 0.000000 1.000000 0.000000 0.000000
28.000000 18.822278 13.771778 0.754890 2.141746 0.000000 0.000000 0.000000 1.000000 0.000000 0.000000
28.000000 18.828166 13.755401 0.760247 2.151368 0.000000 0.000000 0.000000 1.000000 0.000000 0.000000
28.000000 18.829468 13.762341 0.764152 2.130708 0.000000 0.000000 0.000000 1.000000 0.000000 0.000000
28.000000 18.832286 13.699877 0.761067 2.130262 0.000000 0.000000 0.000000 1.000000 0.000000 0.000000
28.000000 18.838101 13.675683 0.769023 2.142170 0.000000 0.000000 0.000000 1.000000 0.000000 0.000000
28.000000 18.839464 13.691119 0.777128 2.120130 0.000000 0.000000 0.000000 1.000000 0.000000 0.000000
28.000000 18.842355 13.601156 0.772819 2.124311 0.000000 0.000000 0.000000 1.000000 0.000000 0.000000
28.000000 18.848087 13.589184 0.776716 2.133842 0.000000 0.000000 0.000000 1.000000 0.000000 0.000000
28.000000 18.849399 13.611730 0.788535 2.107984 0.000000 0.000000 0.000000 1.000000 0.000000 0.000000
28.000000 18.852301 13.506075 0.783493 2.114321 0.000000 0.000000 0.000000 1.000000 0.000000 0.000000
28.000000 18.858195 13.505073 0.783844 2.123921 0.000000 0.000000 0.000000 1.000000 0.000000 0.000000
28.000000 18.859597 13.529048 0.796425 2.097444 0.000000 0.000000 0.000000 1.000000 0.000000 0.000000
28.000000 18.862299 13.424904 0.791293 2.103843 0.000000 0.000000 0.000000 1.000000 0.000000 0.000000
28.000000 18.868112 13.414353 0.794628 2.111752 0.000000 0.000000 0.000000 1.000000 0.000000 0.000000
28.000000 18.869462 13.441244 0.808954 2.083503 0.000000 0.000000 0.000000 1.000000 0.000000 0.000000
28.000000 18.872332 13.343086 0.804216 2.088187 0.000000 0.000000 0.000000 1.000000 0.000000 0.000000
28.000000 18.878190 13.336286 0.806423 2.094525 0.000000 0.000000 0.000000 1.000000 0.000000 0.000000
28.000000 18.879465 13.356026 0.817082 2.069665 0.000000 0.000000 0.000000 1.000000 0.000000 0.000000
28.000000 18.882406 13.258549 0.812269 2.073925 0.000000 0.000000 0.000000 1.000000 0.000000 0.000000
28.000000 18.888278 13.248981 0.815442 2.082061 0.000000 0.000000 0.000000 1.000000 0.000000 0.000000
28.000000 18.889479 13.263563 0.823515 2.059308 0.000000 0.000000 0.000000 1.000000 0.000000 0.000000
28.000000 18.892260 13.187384 0.819704 2.058153 0.000000 0.000000 0.000000 1.000000 0.000000 0.000000
28.000000 18.898211 13.168676 0.825928 2.065064 0.000000 0.000000 0.000000 1.000000 0.000000 0.000000
28.000000 18.899548 13.187732 0.836313 2.041754 0.000000 0.000000 0.000000 1.000000 0.000000 0.000000
28.000000 18.902318 13.099791 0.831775 2.045388 0.000000 0.000000 0.000000 1.000000 0.000000 0.000000
28.000000 18.908048 13.084476 0.836813 2.052837 0.000000 0.000000 0.000000 1.000000 0.000000 0.000000
28.000000 18.909422 13.098271 0.844833 2.025335 0.000000 0.000000 0.000000 1.000000 0.000000 0.000000
28.000000 18.912329 13.012157 0.840311 2.025768 0.000000 0.000000 0.000000 1.000000 0.000000 0.000000
28.000000 18.918067 13.001002 0.844091 2.034612 0.000000 0.000000 0.000000 1.000000 0.000000 0.000000
28.000000 18.919570 13.032485 0.861057 2.007660 0.000000 0.000000 0.000000 1.000000 0.000000 0.000000
28.000000 18.922286 12.928055 0.855602 2.011419 0.000000 0.000000 0.000000 1.000000 0.000000 0.000000
28.000000 18.928195 12.921510 0.857745 2.017501 0.000000 0.000000 0.000000 1.000000 0.000000 0.000000
28.000000 18.929519 12.939726 0.868175 1.989343 0.000000 0.000000 0.000000 1.000000 0.000000 0.000000
28.000000 18.932215 12.848118 0.863253 1.990356 0.000000 0.000000 0.000000 1.000000 0.000000 0.000000
28.000000 18.938331 12.837512 0.866829 1.998034 0.000000 0.000000 0.000000 1.000000 0.000000 0.000000
28.000000 18.939510 12.855682 0.877156 1.973340 0.000000 0.000000 0.000000 1.000000 0.000000 0.000000
28.000000 18.942370 12.768793 0.872583 1.971866 0.000000 0.000000 0.000000 1.000000 0.000000 0.000000
28.000000 18.948447 12.754688 0.877320 1.976543 0.000000 0.000000 0.000000 1.000000 0.000000 0.000000
28.000000 18.949566 12.777917 0.890409 1.949592 0.000000 0.000000 0.000000 1.000000 0.000000 0.000000
28.000000 18.952385 12.680122 0.885100 1.950657 0.000000 0.000000 0.000000 1.000000 0.000000 0.000000
28.000000 18.958223 12.671537 0.888034 1.957397 0.000000 0.000000 0.000000 1.000000 0.000000 0.000000
28.000000 18.959692 12.691913 0.899761 1.929756 0.000000 0.000000 0.000000 1.000000 0.000000 0.000000
28.000000 18.962366 12.605784 0.894843 1.930184 0.000000 0.000000 0.000000 1.000000 0.000000 0.000000
28.000000 18.968180 12.595301 0.898344 1.936931 0.000000 0.000000 0.000000 1.000000 0.000000 0.000000
28.000000 18.969531 12.615559 0.910184 1.909400 0.000000 0.000000 0.000000 1.000000 0.000000 0.000000
28.000000 18.972293 12.529023 0.905294 1.910955 0.000000 0.000000 0.000000 1.000000 0.000000 0.000000
28.000000 18.978229 12.515006 0.909950 1.915863 0.000000 0.000000 0.000000 1.000000 0.000000 0.000000
28.000000 18.979736 12.534256 0.921505 1.885331 0.000000 0.000000 0.000000 1.000000 0.000000 0.000000
28.000000 18.982330 12.437832 0.916019 1.885793 0.000000 0.000000 0.000000 1.000000 0.000000 0.000000
28.000000 18.988158 12.431812 0.917948 1.888913 0.000000 0.000000 0.000000 1.000000 0.000000 0.000000
28.000000 18.989665 12.450510 0.929211 1.860867 0.000000 0.000000 0.000000 1.000000 0.000000 0.000000
28.000000 18.992556 12.365138 0.924286 1.861883 0.000000 0.000000 0.000000 1.000000 0.000000 0.000000
28.000000 18.998339 12.351241 0.928989 1.867417 0.000000 0.000000 0.000000 1.000000 0.000000 0.000000
28.000000 18.999675 12.368283 0.939483 1.837836 0.000000 0.000000 0.000000 1.000000 0.000000 0.000000
28.000000 19.002402 12.277912 0.934252 1.834622 0.000000 0.000000 0.000000 1.000000 0.000000 0.000000
28.000000 19.008456 12.265356 0.938510 1.838655 0.000000 0.000000 0.000000 1.000000 0.000000 0.000000
28.000000 19.009515 12.278051 0.946645 1.811770 0.000000 0.000000 0.000000 1.000000 0.000000 0.000000
28.000000 19.012540 12.200374 0.942008 1.808920 0.000000 0.000000 0.000000 1.000000 0.000000 0.000000
28.000000 19.018227 12.177313 0.949853 1.814418 0.000000 0.000000 0.000000 1.000000 0.000000 0.000000
28.000000 19.019588 12.185762 0.955906 1.786308 0.000000 0.000000 0.000000 1.000000 0.000000 0.000000
28.000000 19.022366 12.125313 0.952116 1.780256 0.000000 0.000000 0.000000 1.000000 0.000000 0.000000
28.000000 19.028503 12.101269 0.960341 1.786340 0.000000 0.000000 0.000000 1.000000 0.000000 0.000000
28.000000 19.029550 12.106602 0.964685 1.760158 0.000000 0.000000 0.000000 1.000000 0.000000 0.000000
28.000000 19.032485 12.052832 0.961257 1.753486 0.000000 0.000000 0.000000 1.000000 0.000000 0.000000
28.000000 19.038322 12.029174 0.969126 1.754684 0.000000 0.000000 0.000000 1.000000 0.000000 0.000000
28.000000 19.039516 12.041973 0.977808 1.726563 0.000000 0.000000 0.000000 1.000000 0.000000 0.000000
28.000000 19.042617 11.962882 0.972998 1.727814 0.000000 0.000000 0.000000 1.000000 0.000000 0.000000
28.000000 19.048174 11.951885 0.976480 1.726732 0.000000 0.000000 0.000000 1.000000 0.000000 0.000000
28.000000 19.049754 11.975206 0.991141 1.695005 0.000000 0.000000 0.000000 1.000000 0.000000 0.000000
28.000000 19.052411 11.877565 0.985219 1.697519 0.000000 0.000000 0.000000 1.000000 0.000000 0.000000
28.000000 19.058354 11.869963 0.987472 1.694614 0.000000 0.000000 0.000000 1.000000 0.000000 0.000000
28.000000 19.059926 11.892083 1.001531 1.664699 0.000000 0.000000 0.000000 1.000000 0.000000 0.000000
28.000000 19.062310 11.793356 0.995636 1.666646 0.000000 0.000000 0.000000 1.000000 0.000000 0.000000
28.000000 19.068179 11.789227 0.996453 1.657491 0.000000 0.000000 0.000000 1.000000 0.000000 0.000000
28.000000 19.069518 11.814600 1.012492 1.627670 0.000000 0.000000 0.000000 1.000000 0.000000 0.000000
28.000000 19.072576 11.714602 1.006371 1.636056 0.000000 0.000000 0.000000 1.000000 0.000000 0.000000
28.000000 19.078250 11.713165 1.006553 1.633333 0.000000 0.000000 0.000000 1.000000 0.000000 0.000000
28.000000 19.079830 11.729042 1.017322 1.603913 0.000000 0.000000 0.000000 1.000000 0.000000 0.000000
28.000000 19.082399 11.644898 1.012051 1.602842 0.000000 0.000000 0.000000 1.000000 0.000000 0.000000
28.000000 19.088186 11.632478 1.016118 1.601658 0.000000 0.000000 0.000000 1.000000 0.000000 0.000000
28.000000 19.089550 11.652989 1.029591 1.570762 0.000000 0.000000 0.000000 1.000000 0.000000 0.000000
28.000000 19.092266 11.561937 1.023873 1.567765 0.000000 0.000000 0.000000 1.000000 0.000000 0.000000
28.000000 19.098190 11.545174 1.029427 1.565723 0.000000 0.000000 0.000000 1.000000 0.000000 0.000000
28.000000 19.099672 11.557390 1.038285 1.537126 0.000000 0.000000 0.000000 1.000000 0.000000 0.000000
28.000000 19.102457 11.478525 1.033142 1.535243 0.000000 0.000000 0.000000 1.000000 0.000000 0.000000
28.000000 19.108211 11.466913 1.036714 1.530738 0.000000 0.000000 0.000000 1.000000 0.000000 0.000000
28.000000 19.109600 11.484584 1.048974 1.500246 0.000000 0.000000 0.000000 1.000000 0.000000 0.000000
28.000000 19.112385 11.393197 1.043157 1.501425 0.000000 0.000000 0.000000 1.000000 0.000000 0.000000
28.000000 19.118207 11.385682 1.045306 1.495353 0.000000 0.000000 0.000000 1.000000 0.000000 0.000000
28.000000 19.119832 11.400995 1.056302 1.464725 0.000000 0.000000 0.000000 1.000000 0.000000 0.000000
28.000000 19.122401 11.322065 1.051133 1.462049 0.000000 0.000000 0.000000 1.000000 0.000000 0.000000
28.000000 19.128204 11.300543 1.058420 1.461250 0.000000 0.000000 0.000000 1.000000 0.000000 0.000000
28.000000 19.129630 11.309315 1.065664 1.432112 0.000000 0.000000 0.000000 1.000000 0.000000 0.000000
28.000000 19.132336 11.262151 1.062307 1.423370 0.000000 0.000000 0.000000 1.000000 0.000000 0.000000
28.000000 19.138250 11.239102 1.070170 1.424082 0.000000 0.000000 0.000000 1.000000 0.000000 0.000000
28.000000 19.139665 11.248769 1.078178 1.392668 0.000000 0.000000 0.000000 1.000000 0.000000 0.000000
28.000000 19.142392 11.165028 1.072373 1.391004 0.000000 0.000000 0.000000 1.000000 0.000000 0.000000
28.000000 19.148219 11.146066 1.078701 1.390263 0.000000 0.000000 0.000000 1.000000 0.000000 0.000000
28.000000 19.149764 11.153149 1.085722 1.354856 0.000000 0.000000 0.000000 1.000000 0.000000 0.000000
28.000000 19.152347 11.081312 1.080568 1.349083 0.000000 0.000000 0.000000 1.000000 0.000000 0.000000
28.000000 19.158194 11.067013 1.085360 1.349258 0.000000 0.000000 0.000000 1.000000 0.000000 0.000000
28.000000 19.160097 11.081603 1.096466 1.316959 0.000000 0.000000 0.000000 1.000000 0.000000 0.000000
28.000000 19.162549 11.013955 1.091802 1.308228 0.000000 0.000000 0.000000 1.000000 0.000000 0.000000
28.000000 19.168203 10.987671 1.100714 1.305675 0.000000 0.000000 0.000000 1.000000 0.000000 0.000000
28.000000 19.169845 10.998576 1.109702 1.275050 0.000000 0.000000 0.000000 1.000000 0.000000 0.000000
28.000000 19.172595 10.914001 1.103880 1.270544 0.000000 0.000000 0.000000 1.000000 0.000000 0.000000
28.000000 19.178157 10.900648 1.107841 1.261129 0.000000 0.000000 0.000000 1.000000 0.000000 0.000000
28.000000 19.179623 10.903866 1.112740 1.229632 0.000000 0.000000 0.000000 1.000000 0.000000 0.000000
28.000000 19.182536 10.850112 1.108921 1.221032 0.000000 0.000000 0.000000 1.000000 0.000000 0.000000
28.000000 19.188194 10.827970 1.116095 1.214188 0.000000 0.000000 0.000000 1.000000 0.000000 0.000000
28.000000 19.189572 10.836984 1.124157 1.185992 0.000000 0.000000 0.000000 1.000000 0.000000 0.000000
28.000000 19.192398 10.773641 1.119669 1.184949 0.000000 0.000000 0.000000 1.000000 0.000000 0.000000
28.000000 19.198288 10.747864 1.127607 1.171964 0.000000 0.000000 0.000000 1.000000 0.000000 0.000000
28.000000 19.199882 10.748337 1.131600 1.138493 0.000000 0.000000 0.000000 1.000000 0.000000 0.000000
28.000000 19.202489 10.695609 1.127816 1.136100 0.000000 0.000000 0.000000 1.000000 0.000000 0.000000
28.000000 19.208268 10.669122 1.136541 1.130052 0.000000 0.000000 0.000000 1.000000 0.000000 0.000000
28.000000 19.209710 10.667309 1.138748 1.099311 0.000000 0.000000 0.000000 1.000000 0.000000 0.000000
28.000000 19.212538 10.629311 1.135813 1.090255 0.000000 0.000000 0.000000 1.000000 0.000000 0.000000
28.000000 19.219071 10.599217 1.146025 1.087613 0.000000 0.000000 0.000000 1.000000 0.000000 0.000000
28.000000 19.219964 10.605538 1.153001 1.057040 0.000000 0.000000 0.000000 1.000000 0.000000 0.000000
28.000000 19.222521 10.546618 1.148761 1.049169 0.000000 0.000000 0.000000 1.000000 0.000000 0.000000
28.000000 19.228325 10.516711 1.158514 1.039837 0.000000 0.000000 0.000000 1.000000 0.000000 0.000000
28.000000 19.229626 10.524662 1.166677 1.009134 0.000000 0.000000 0.000000 1.000000 0.000000 0.000000
28.000000 19.232449 10.455322 1.161660 1.006864 0.000000 0.000000 0.000000 1.000000 0.000000 0.000000
28.000000 19.238615 10.439135 1.166417 0.995113 0.000000 0.000000 0.000000 1.000000 0.000000 0.000000
28.000000 19.239807 10.443487 1.172562 0.964159 0.000000 0.000000 0.000000 1.000000 0.000000 0.000000
28.000000 19.242480 10.387356 1.168547 0.955023 0.000000 0.000000 0.000000 1.000000 0.000000 0.000000
28.000000 19.248728 10.362853 1.176428 0.945012 0.000000 0.000000 0.000000 1.000000 0.000000 0.000000
28.000000 19.249655 10.368430 1.183228 0.914778 0.000000 0.000000 0.000000 1.000000 0.000000 0.000000
28.000000 19.252426 10.309323 1.178820 0.907464 0.000000 0.000000 0.000000 1.000000 0.000000 0.000000
28.000000 19.258560 10.283986 1.186646 0.894368 0.000000 0.000000 0.000000 1.000000 0.000000 0.000000
28.000000 19.259783 10.282999 1.189884 0.864159 0.000000 0.000000 0.000000 1.000000 0.000000 0.000000
28.000000 19.262394 10.235347 1.186522 0.854513 0.000000 0.000000 0.000000 1.000000 0.000000 0.000000
28.000000 19.268643 10.205382 1.196122 0.841858 0.000000 0.000000 0.000000 1.000000 0.000000 0.000000
28.000000 19.269634 10.206780 1.200419 0.814670 0.000000 0.000000 0.000000 1.000000 0.000000 0.000000
28.000000 19.272515 10.158544 1.197060 0.803944 0.000000 0.000000 0.000000 1.000000 0.000000 0.000000
28.000000 19.278708 10.137846 1.203090 0.787180 0.000000 0.000000 0.000000 1.000000 0.000000 0.000000
28.000000 19.279851 10.145231 1.211352 0.757397 0.000000 0.000000 0.000000 1.000000 0.000000 0.000000
28.000000 19.282518 10.088965 1.206997 0.754873 0.000000 0.000000 0.000000 1.000000 0.000000 0.000000
28.000000 19.288495 10.061734 1.215447 0.742307 0.000000 0.000000 0.000000 1.000000 0.000000 0.000000
28.000000 19.289719 10.063062 1.220558 0.710858 0.000000 0.000000 0.000000 1.000000 0.000000 0.000000
28.000000 19.292403 10.010438 1.216712 0.703755 0.000000 0.000000 0.000000 1.000000 0.000000 0.000000
28.000000 19.298332 9.977305 1.227099 0.687966 0.000000 0.000000 0.000000 1.000000 0.000000 0.000000
28.000000 19.299794 9.968521 1.225769 0.659992 0.000000 0.000000 0.000000 1.000000 0.000000 0.000000
28.000000 19.302463 9.942025 1.223778 0.649522 0.000000 0.000000 0.000000 1.000000 0.000000 0.000000
28.000000 19.308493 9.902381 1.236789 0.638455 0.000000 0.000000 0.000000 1.000000 0.000000 0.000000
28.000000 19.309642 9.891644 1.234446 0.609574 0.000000 0.000000 0.000000 1.000000 0.000000 0.000000
28.000000 19.312452 9.855051 1.231656 0.599635 0.000000 0.000000 0.000000 1.000000 0.000000 0.000000
28.000000 19.318402 9.821342 1.242152 0.583875 0.000000 0.000000 0.000000 1.000000 0.000000 0.000000
28.000000 19.319934 9.817928 1.244769 0.552519 0.000000 0.000000 0.000000 1.000000 0.000000 0.000000
28.000000 19.322561 9.783166 1.242193 0.542805 0.000000 0.000000 0.000000 1.000000 0.000000 0.000000
28.000000 19.328341 9.750922 1.251801 0.523051 0.000000 0.000000 0.000000 1.000000 0.000000 0.000000
28.000000 19.329716 9.748865 1.255310 0.492853 0.000000 0.000000 0.000000 1.000000 0.000000 0.000000
28.000000 19.332409 9.697809 1.251484 0.490567 0.000000 0.000000 0.000000 1.000000 0.000000 0.000000
28.000000 19.338285 9.669496 1.259817 0.471911 0.000000 0.000000 0.000000 1.000000 0.000000 0.000000
28.000000 19.339745 9.672951 1.267020 0.439061 0.000000 0.000000 0.000000 1.000000 0.000000 0.000000
28.000000 19.342495 9.614831 1.262514 0.434982 0.000000 0.000000 0.000000 1.000000 0.000000 0.000000
28.000000 19.348242 9.591601 1.268681 0.412967 0.000000 0.000000 0.000000 1.000000 0.000000 0.000000
28.000000 19.349770 9.591761 1.273813 0.382061 0.000000 0.000000 0.000000 1.000000 0.000000 0.000000
28.000000 19.352464 9.537933 1.269724 0.378633 0.000000 0.000000 0.000000 1.000000 0.000000 0.000000
28.000000 19.358361 9.511530 1.277081 0.357222 0.000000 0.000000 0.000000 1.000000 0.000000 0.000000
28.000000 19.359908 9.500048 1.274732 0.328817 0.000000 0.000000 0.000000 1.000000 0.000000 0.000000
28.000000 19.362493 9.480073 1.273356 0.315118 0.000000 0.000000 0.000000 1.000000 0.000000 0.000000
28.000000 19.368479 9.436348 1.287170 0.297520 0.000000 0.000000 0.000000 1.000000 0.000000 0.000000
28.000000 19.369858 9.424143 1.284374 0.270478 0.000000 0.000000 0.000000 1.000000 0.000000 0.000000
28.000000 19.372502 9.404580 1.283121 0.258995 0.000000 0.000000 0.000000 1.000000 0.000000 0.000000
28.000000 19.378438 9.365128 1.295043 0.237806 0.000000 0.000000 0.000000 1.000000 0.000000 0.000000
28.000000 19.379664 9.353680 1.293241 0.208092 0.000000 0.000000 0.000000 1.000000 0.000000 0.000000
28.000000 19.382512 9.326839 1.291290 0.198767 0.000000 0.000000 0.000000 1.000000 0.000000 0.000000
28.000000 19.388285 9.285762 1.303418 0.174844 0.000000 0.000000 0.000000 1.000000 0.000000 0.000000
28.000000 19.389785 9.273219 1.300951 0.147106 0.000000 0.000000 0.000000 1.000000 0.000000 0.000000
28.000000 19.392510 9.258816 1.300183 0.139019 0.000000 0.000000 0.000000 1.000000 0.000000 0.000000
28.000000 19.398267 9.213615 1.313680 0.114421 0.000000 0.000000 0.000000 1.000000 0.000000 0.000000
28.000000 19.399825 9.199357 1.310365 0.086053 0.000000 0.000000 0.000000 1.000000 0.000000 0.000000
28.000000 19.402563 9.197055 1.310746 0.072051 0.000000 0.000000 0.000000 1.000000 0.000000 0.000000
28.000000 19.408303 9.146522 1.326299 0.048991 0.000000 0.000000 0.000000 1.000000 0.000000 0.000000
28.000000 19.409816 9.130982 1.321926 0.022260 0.000000 0.000000 0.000000 1.000000 0.000000 0.000000
28.000000 19.412472 9.117476 1.321347 0.010537 0.000000 0.000000 0.000000 1.000000 0.000000 0.000000
28.000000 19.418317 9.083603 1.333252 0.006521 0.000000 0.000000 0.000000 1.000000 0.000000 0.000000
28.000000 19.419804 9.072643 1.326007 0.009359 0.000000 0.000000 0.000000 1.000000 0.000000 0.000000
28.000000 19.422534 9.062831 1.324898 0.018959 0.000000 0.000000 0.000000 1.000000 0.000000 0.000000
28.000000 19.428343 9.032623 1.338123 0.041683 0.000000 0.000000 0.000000 1.000000 0.000000 0.000000
28.000000 19.429722 9.027602 1.332480 0.055153 0.000000 0.000000 0.000000 1.000000 0.000000 0.000000
28.000000 19.432541 8.998974 1.329662 0.072695 0.000000 0.000000 0.000000 1.000000 0.000000 0.000000
28.000000 19.438276 8.977567 1.339205 0.090659 0.000000 0.000000 0.000000 1.000000 0.000000 0.000000
28.000000 19.439839 8.974046 1.334904 0.102225 0.000000 0.000000 0.000000 1.000000 0.000000 0.000000
28.000000 19.442474 8.964273 1.333922 0.112411 0.000000 0.000000 0.000000 1.000000 0.000000 0.000000
28.000000 19.448342 8.934671 1.346734 0.132248 0.000000 0.000000 0.000000 1.000000 0.000000 0.000000
28.000000 19.449737 8.926932 1.339266 0.146285 0.000000 0.000000 0.000000 1.000000 0.000000 0.000000
28.000000 19.452467 8.926168 1.339035 0.153812 0.000000 0.000000 0.000000 1.000000 0.000000 0.000000
28.000000 19.458404 8.889325 1.354945 0.178064 0.000000 0.000000 0.000000 1.000000 0.000000 0.000000
28.000000 19.459846 8.881329 1.347704 0.189183 0.000000 0.000000 0.000000 1.000000 0.000000 0.000000
28.000000 19.462523 8.876278 1.346857 0.197129 0.000000 0.000000 0.000000 1.000000 0.000000 0.000000
28.000000 19.468324 8.847053 1.360025 0.222137 0.000000 0.000000 0.000000 1.000000 0.000000 0.000000
28.000000 19.469740 8.830384 1.346476 0.237700 0.000000 0.000000 0.000000 1.000000 0.000000 0.000000
28.000000 19.472680 8.843875 1.347495 0.239006 0.000000 0.000000 0.000000 1.000000 0.000000 0.000000
28.000000 19.478349 8.799157 1.366365 0.263987 0.000000 0.000000 0.000000 1.000000 0.000000 0.000000
28.000000 19.479857 8.790399 1.358768 0.274513 0.000000 0.000000 0.000000 1.000000 0.000000 0.000000
28.000000 19.482622 8.776258 1.357164 0.285070 0.000000 0.000000 0.000000 1.000000 0.000000 0.000000
28.000000 19.488438 8.749869 1.368751 0.304396 0.000000 0.000000 0.000000 1.000000 0.000000 0.000000
28.000000 19.489929 8.738074 1.359036 0.315977 0.000000 0.000000 0.000000 1.000000 0.000000 0.000000
28.000000 19.492586 8.750251 1.359929 0.319178 0.000000 0.000000 0.000000 1.000000 0.000000 0.000000
28.000000 19.498373 8.707581 1.378092 0.343890 0.000000 0.000000 0.000000 1.000000 0.000000 0.000000
28.000000 19.499995 8.697507 1.369868 0.352616 0.000000 0.000000 0.000000 1.000000 0.000000 0.000000
28.000000 19.502593 8.685770 1.368404 0.361128 0.000000 0.000000 0.000000 1.000000 0.000000 0.000000
28.000000 19.508470 8.664123 1.378716 0.384047 0.000000 0.000000 0.000000 1.000000 0.000000 0.000000
28.000000 19.509735 8.661817 1.375397 0.393069 0.000000 0.000000 0.000000 1.000000 0.000000 0.000000
28.000000 19.512697 8.645796 1.373658 0.399839 0.000000 0.000000 0.000000 1.000000 0.000000 0.000000
28.000000 19.518613 8.617465 1.386047 0.418755 0.000000 0.000000 0.000000 1.000000 0.000000 0.000000
28.000000 19.519923 8.603647 1.374956 0.429789 0.000000 0.000000 0.000000 1.000000 0.000000 0.000000
28.000000 19.522619 8.606113 1.374936 0.433938 0.000000 0.000000 0.000000 1.000000 0.000000 0.000000
28.000000 19.528446 8.569252 1.390954 0.457220 0.000000 0.000000 0.000000 1.000000 0.000000 0.000000
28.000000 19.529678 8.559213 1.382791 0.465000 0.000000 0.000000 0.000000 1.000000 0.000000 0.000000
28.000000 19.532571 8.554520 1.381990 0.469517 0.000000 0.000000 0.000000 1.000000 0.000000 0.000000
28.000000 19.538346 8.522359 1.396063 0.491053 0.000000 0.000000 0.000000 1.000000 0.000000 0.000000
28.000000 19.539937 8.508459 1.385239 0.499638 0.000000 0.000000 0.000000 1.000000 0.000000 0.000000
28.000000 19.542593 8.505233 1.384599 0.504651 0.000000 0.000000 0.000000 1.000000 0.000000 0.000000
28.000000 19.548581 8.474738 1.398431 0.528877 0.000000 0.000000 0.000000 1.000000 0.000000 0.000000
28.000000 19.549829 8.464775 1.390171 0.536724 0.000000 0.000000 0.000000 1.000000 0.000000 0.000000
28.000000 19.552638 8.468120 1.390144 0.536817 0.000000 0.000000 0.000000 1.000000 0.000000 0.000000
28.000000 19.558442 8.430632 1.406541 0.560721 0.000000 0.000000 0.000000 1.000000 0.000000 0.000000
28.000000 19.559914 8.420171 1.397980 0.568780 0.000000 0.000000 0.000000 1.000000 0.000000 0.000000
28.000000 19.562555 8.410344 1.396753 0.573900 0.000000 0.000000 0.000000 1.000000 0.000000 0.000000
28.000000 19.568613 8.378869 1.410749 0.595499 0.000000 0.000000 0.000000 1.000000 0.000000 0.000000
28.000000 19.569764 8.363741 1.399085 0.602849 0.000000 0.000000 0.000000 1.000000 0.000000 0.000000
28.000000 19.572634 8.378509 1.400228 0.598532 0.000000 0.000000 0.000000 1.000000 0.000000 0.000000
28.000000 19.578405 8.339764 1.417338 0.623564 0.000000 0.000000 0.000000 1.000000 0.000000 0.000000
28.000000 19.579971 8.317389 1.400171 0.634213 0.000000 0.000000 0.000000 1.000000 0.000000 0.000000
28.000000 19.582737 8.334849 1.401505 0.630639 0.000000 0.000000 0.000000 1.000000 0.000000 0.000000
28.000000 19.588467 8.292731 1.419749 0.654753 0.000000 0.000000 0.000000 1.000000 0.000000 0.000000
28.000000 19.589724 8.284278 1.413450 0.656824 0.000000 0.000000 0.000000 1.000000 0.000000 0.000000
28.000000 19.592696 8.284293 1.412876 0.660351 0.000000 0.000000 0.000000 1.000000 0.000000 0.000000
28.000000 19.598434 8.250806 1.427784 0.684417 0.000000 0.000000 0.000000 1.000000 0.000000 0.000000
28.000000 19.599957 8.239696 1.419856 0.685243 0.000000 0.000000 0.000000 1.000000 0.000000 0.000000
28.000000 19.602625 8.231721 1.418505 0.688994 0.000000 0.000000 0.000000 1.000000 0.000000 0.000000
28.000000 19.608510 8.201805 1.432005 0.711869 0.000000 0.000000 0.000000 1.000000 0.000000 0.000000
28.000000 19.609742 8.188694 1.421973 0.717110 0.000000 0.000000 0.000000 1.000000 0.000000 0.000000
28.000000 19.612627 8.180834 1.420960 0.718746 0.000000 0.000000 0.000000 1.000000 0.000000 0.000000
28.000000 19.618399 8.150072 1.434689 0.738485 0.000000 0.000000 0.000000 1.000000 0.000000 0.000000
28.000000 19.619980 8.130469 1.419827 0.745211 0.000000 0.000000 0.000000 1.000000 0.000000 0.000000
28.000000 19.622711 8.145299 1.421064 0.738575 0.000000 0.000000 0.000000 1.000000 0.000000 0.000000
28.000000 19.628460 8.106961 1.438099 0.762002 0.000000 0.000000 0.000000 1.000000 0.000000 0.000000
28.000000 19.629824 8.103126 1.434665 0.764758 0.000000 0.000000 0.000000 1.000000 0.000000 0.000000
28.000000 19.632732 8.107888 1.434783 0.762396 0.000000 0.000000 0.000000 1.000000 0.000000 0.000000
28.000000 19.638450 8.076820 1.448762 0.783784 0.000000 0.000000 0.000000 1.000000 0.000000 0.000000
28.000000 19.639912 8.065598 1.440038 0.787969 0.000000 0.000000 0.000000 1.000000 0.000000 0.000000
28.000000 19.642782 8.054948 1.438524 0.791799 0.000000 0.000000 0.000000 1.000000 0.000000 0.000000
28.000000 19.648521 8.022600 1.452794 0.811511 0.000000 0.000000 0.000000 1.000000 0.000000 0.000000
28.000000 19.649892 8.011568 1.444581 0.813836 0.000000 0.000000 0.000000 1.000000 0.000000 0.000000
28.000000 19.652830 8.000322 1.443136 0.816829 0.000000 0.000000 0.000000 1.000000 0.000000 0.000000
28.000000 19.658427 7.966400 1.458272 0.837594 0.000000 0.000000 0.000000 1.000000 0.000000 0.000000
28.000000 19.659857 7.946190 1.443213 0.841468 0.000000 0.000000 0.000000 1.000000 0.000000 0.000000
28.000000 19.662785 7.961827 1.444420 0.835011 0.000000 0.000000 0.000000 1.000000 0.000000 0.000000
28.000000 19.668508 7.925139 1.461128 0.860583 0.000000 0.000000 0.000000 1.000000 0.000000 0.000000
28.000000 19.669973 7.915023 1.453608 0.860703 0.000000 0.000000 0.000000 1.000000 0.000000 0.000000
28.000000 19.672656 7.918587 1.453451 0.856196 0.000000 0.000000 0.000000 1.000000 0.000000 0.000000
28.000000 19.678455 7.886591 1.468372 0.882134 0.000000 0.000000 0.000000 1.000000 0.000000 0.000000
28.000000 19.679976 7.869008 1.455249 0.884066 0.000000 0.000000 0.000000 1.000000 0.000000 0.000000
28.000000 19.682611 7.888977 1.456978 0.871696 0.000000 0.000000 0.000000 1.000000 0.000000 0.000000
28.000000 19.688530 7.846448 1.475829 0.895547 0.000000 0.000000 0.000000 1.000000 0.000000 0.000000
28.000000 19.689914 7.825118 1.459895 0.898874 0.000000 0.000000 0.000000 1.000000 0.000000 0.000000
28.000000 19.692583 7.824479 1.459623 0.892281 0.000000 0.000000 0.000000 1.000000 0.000000 0.000000
28.000000 19.698552 7.789487 1.475547 0.914226 0.000000 0.000000 0.000000 1.000000 0.000000 0.000000
28.000000 19.699816 7.778059 1.466916 0.914681 0.000000 0.000000 0.000000 1.000000 0.000000 0.000000
28.000000 19.702679 7.792792 1.467953 0.906396 0.000000 0.000000 0.000000 1.000000 0.000000 0.000000
28.000000 19.708650 7.750769 1.486517 0.929659 0.000000 0.000000 0.000000 1.000000 0.000000 0.000000
28.000000 19.709752 7.730098 1.471542 0.929928 0.000000 0.000000 0.000000 1.000000 0.000000 0.000000
28.000000 19.712615 7.747951 1.472968 0.923804 0.000000 0.000000 0.000000 1.000000 0.000000 0.000000
28.000000 19.718721 7.715339 1.487639 0.944373 0.000000 0.000000 0.000000 1.000000 0.000000 0.000000
28.000000 19.719810 7.708060 1.482654 0.941863 0.000000 0.000000 0.000000 1.000000 0.000000 0.000000
28.000000 19.722639 7.705715 1.481975 0.940959 0.000000 0.000000 0.000000 1.000000 0.000000 0.000000
28.000000 19.728583 7.672427 1.496887 0.960721 0.000000 0.000000 0.000000 1.000000 0.000000 0.000000
28.000000 19.729815 7.656964 1.485816 0.959218 0.000000 0.000000 0.000000 1.000000 0.000000 0.000000
28.000000 19.732584 7.655354 1.485232 0.956157 0.000000 0.000000 0.000000 1.000000 0.000000 0.000000
28.000000 19.738544 7.615685 1.502853 0.977326 0.000000 0.000000 0.000000 1.000000 0.000000 0.000000
28.000000 19.739814 7.594443 1.487456 0.976356 0.000000 0.000000 0.000000 1.000000 0.000000 0.000000
28.000000 19.742654 7.598927 1.487596 0.969422 0.000000 0.000000 0.000000 1.000000 0.000000 0.000000
28.000000 19.748690 7.558580 1.505522 0.989955 0.000000 0.000000 0.000000 1.000000 0.000000 0.000000
28.000000 19.749803 7.540013 1.491638 0.991256 0.000000 0.000000 0.000000 1.000000 0.000000 0.000000
28.000000 19.752636 7.568739 1.494544 0.979506 0.000000 0.000000 0.000000 1.000000 0.000000 0.000000
28.000000 19.758537 7.520481 1.515646 1.000321 0.000000 0.000000 0.000000 1.000000 0.000000 0.000000
28.000000 19.759825 7.494068 1.495783 1.003173 0.000000 0.000000 0.000000 1.000000 0.000000 0.000000
28.000000 19.762596 7.544761 1.501214 0.984840 0.000000 0.000000 0.000000 1.000000 0.000000 0.000000
28.000000 19.768519 7.492006 1.524387 1.007871 0.000000 0.000000 0.000000 1.000000 0.000000 0.000000
28.000000 19.769791 7.468340 1.506314 1.011215 0.000000 0.000000 0.000000 1.000000 0.000000 0.000000
28.000000 19.772647 7.461524 1.505395 1.006855 0.000000 0.000000 0.000000 1.000000 0.000000 0.000000
28.000000 19.778571 7.425458 1.521719 1.025841 0.000000 0.000000 0.000000 1.000000 0.000000 0.000000
28.000000 19.779892 7.402758 1.504370 1.027978 0.000000 0.000000 0.000000 1.000000 0.000000 0.000000
28.000000 19.782591 7.424019 1.506535 1.014124 0.000000 0.000000 0.000000 1.000000 0.000000 0.000000
28.000000 19.788558 7.382899 1.524819 1.032884 0.000000 0.000000 0.000000 1.000000 0.000000 0.000000
28.000000 19.789798 7.362781 1.509742 1.033177 0.000000 0.000000 0.000000 1.000000 0.000000 0.000000
28.000000 19.792646 7.378918 1.511354 1.022343 0.000000 0.000000 0.000000 1.000000 0.000000 0.000000
28.000000 19.798509 7.340347 1.528500 1.039593 0.000000 0.000000 0.000000 1.000000 0.000000 0.000000
28.000000 19.799837 7.323713 1.515975 1.039979 0.000000 0.000000 0.000000 1.000000 0.000000 0.000000
28.000000 19.802644 7.327493 1.516316 1.032417 0.000000 0.000000 0.000000 1.000000 0.000000 0.000000
28.000000 19.808592 7.296069 1.530346 1.046123 0.000000 0.000000 0.000000 1.000000 0.000000 0.000000
28.000000 19.809809 7.282117 1.520295 1.043120 0.000000 0.000000 0.000000 1.000000 0.000000 0.000000
28.000000 19.812666 7.301893 1.522356 1.029862 0.000000 0.000000 0.000000 1.000000 0.000000 0.000000
28.000000 19.818523 7.257663 1.542179 1.050128 0.000000 0.000000 0.000000 1.000000 0.000000 0.000000
28.000000 19.819867 7.227992 1.519362 1.052930 0.000000 0.000000 0.000000 1.000000 0.000000 0.000000
28.000000 19.822800 7.260242 1.522889 1.036068 0.000000 0.000000 0.000000 1.000000 0.000000 0.000000
28.000000 19.828573 7.204621 1.547323 1.056484 0.000000 0.000000 0.000000 1.000000 0.000000 0.000000
28.000000 19.829847 7.179543 1.528345 1.057125 0.000000 0.000000 0.000000 1.000000 0.000000 0.000000
28.000000 19.832741 7.197422 1.530283 1.045724 0.000000 0.000000 0.000000 1.000000 0.000000 0.000000
28.000000 19.838521 7.157642 1.548086 1.062573 0.000000 0.000000 0.000000 1.000000 0.000000 0.000000
28.000000 19.839964 7.134800 1.530688 1.062956 0.000000 0.000000 0.000000 1.000000 0.000000 0.000000
28.000000 19.842697 7.162025 1.533709 1.047963 0.000000 0.000000 0.000000 1.000000 0.000000 0.000000
28.000000 19.848595 7.115088 1.554437 1.065170 0.000000 0.000000 0.000000 1.000000 0.000000 0.000000
28.000000 19.849844 7.095791 1.540308 1.062171 0.000000 0.000000 0.000000 1.000000 0.000000 0.000000
28.000000 19.852728 7.121975 1.543243 1.047013 0.000000 0.000000 0.000000 1.000000 0.000000 0.000000
28.000000 19.858642 7.076497 1.563410 1.064136 0.000000 0.000000 0.000000 1.000000 0.000000 0.000000
28.000000 19.859892 7.051624 1.544704 1.062828 0.000000 0.000000 0.000000 1.000000 0.000000 0.000000
28.000000 19.862689 7.065601 1.546209 1.050528 0.000000 0.000000 0.000000 1.000000 0.000000 0.000000
28.000000 19.868657 7.025204 1.564351 1.067107 0.000000 0.000000 0.000000 1.000000 0.000000 0.000000
28.000000 19.869867 7.003967 1.548630 1.063775 0.000000 0.000000 0.000000 1.000000 0.000000 0.000000
28.000000 19.872825 7.024514 1.550834 1.049103 0.000000 0.000000 0.000000 1.000000 0.000000 0.000000
28.000000 19.878628 6.976858 1.572109 1.067619 0.000000 0.000000 0.000000 1.000000 0.000000 0.000000
28.000000 19.879865 6.943807 1.546360 1.070370 0.000000 0.000000 0.000000 1.000000 0.000000 0.000000
28.000000 19.882710 6.992842 1.552153 1.049630 0.000000 0.000000 0.000000 1.000000 0.000000 0.000000
28.000000 19.888623 6.940721 1.575157 1.066477 0.000000 0.000000 0.000000 1.000000 0.000000 0.000000
28.000000 19.889812 6.909393 1.551674 1.063439 0.000000 0.000000 0.000000 1.000000 0.000000 0.000000
28.000000 19.892687 6.954980 1.556898 1.041856 0.000000 0.000000 0.000000 1.000000 0.000000 0.000000
28.000000 19.898487 6.898626 1.582136 1.063538 0.000000 0.000000 0.000000 1.000000 0.000000 0.000000
28.000000 19.899894 6.869570 1.560124 1.061402 0.000000 0.000000 0.000000 1.000000 0.000000 0.000000
28.000000 19.902792 6.904341 1.564093 1.043327 0.000000 0.000000 0.000000 1.000000 0.000000 0.000000
28.000000 19.908628 6.853963 1.586405 1.060323 0.000000 0.000000 0.000000 1.000000 0.000000 0.000000
28.000000 19.909838 6.820367 1.560902 1.058522 0.000000 0.000000 0.000000 1.000000 0.000000 0.000000
28.000000 19.912843 6.874480 1.567290 1.036246 0.000000 0.000000 0.000000 1.000000 0.000000 0.000000
28.000000 19.918504 6.808353 1.596801 1.059494 0.000000 0.000000 0.000000 1.000000 0.000000 0.000000
28.000000 19.919976 6.769649 1.566962 1.058725 0.000000 0.000000 0.000000 1.000000 0.000000 0.000000
28.000000 19.922732 6.821001 1.573060 1.034616 0.000000 0.000000 0.000000 1.000000 0.000000 0.000000
28.000000 19.928558 6.763374 1.598513 1.052243 0.000000 0.000000 0.000000 1.000000 0.000000 0.000000
28.000000 19.929929 6.726796 1.570597 1.050268 0.000000 0.000000 0.000000 1.000000 0.000000 0.000000
28.000000 19.932667 6.775556 1.576424 1.029120 0.000000 0.000000 0.000000 1.000000 0.000000 0.000000
28.000000 19.938550 6.720140 1.600637 1.043504 0.000000 0.000000 0.000000 1.000000 0.000000 0.000000
28.000000 19.939922 6.693408 1.581075 1.037989 0.000000 0.000000 0.000000 1.000000 0.000000 0.000000
28.000000 19.942704 6.721427 1.584266 1.026560 0.000000 0.000000 0.000000 1.000000 0.000000 0.000000
28.000000 19.948611 6.672903 1.605561 1.040183 0.000000 0.000000 0.000000 1.000000 0.000000 0.000000
28.000000 19.949903 6.637062 1.578466 1.036737 0.000000 0.000000 0.000000 1.000000 0.000000 0.000000
28.000000 19.952770 6.699542 1.586096 1.013313 0.000000 0.000000 0.000000 1.000000 0.000000 0.000000
28.000000 19.958515 6.633248 1.615093 1.029804 0.000000 0.000000 0.000000 1.000000 0.000000 0.000000
28.000000 19.959976 6.596070 1.586954 1.026118 0.000000 0.000000 0.000000 1.000000 0.000000 0.000000
28.000000 19.962723 6.641221 1.592438 1.008217 0.000000 0.000000 0.000000 1.000000 0.000000 0.000000
28.000000 19.968560 6.585788 1.616739 1.022139 0.000000 0.000000 0.000000 1.000000 0.000000 0.000000
28.000000 19.969986 6.545226 1.585495 1.020309 0.000000 0.000000 0.000000 1.000000 0.000000 0.000000
28.000000 19.972746 6.609429 1.593543 0.995159 0.000000 0.000000 0.000000 1.000000 0.000000 0.000000
28.000000 19.978594 6.541002 1.623487 1.010631 0.000000 0.000000 0.000000 1.000000 0.000000 0.000000
28.000000 19.980201 6.501019 1.593110 1.006166 0.000000 0.000000 0.000000 1.000000 0.000000 0.000000
28.000000 19.982637 6.556583 1.600034 0.982750 0.000000 0.000000 0.000000 1.000000 0.000000 0.000000
28.000000 19.988587 6.497349 1.626312 0.998860 0.000000 0.000000 0.000000 1.000000 0.000000 0.000000
28.000000 19.989885 6.463269 1.600282 0.995107 0.000000 0.000000 0.000000 1.000000 0.000000 0.000000
28.000000 19.992726 6.508719 1.605989 0.974383 0.000000 0.000000 0.000000 1.000000 0.000000 0.000000
28.000000 19.998597 6.451087 1.631396 0.988258 0.000000 0.000000 0.000000 1.000000 0.000000 0.000000
28.000000 19.999958 6.413235 1.602298 0.984811 0.000000 0.000000 0.000000 1.000000 0.000000 0.000000
28.000000 20.002709 6.466059 1.609031 0.961602 0.000000 0.000000 0.000000 1.000000 0.000000 0.000000
28.000000 20.008641 6.406578 1.635290 0.975559 0.000000 0.000000 0.000000 1.000000 0.000000 0.000000
28.000000 20.010038 6.367894 1.605397 0.972366 0.000000 0.000000 0.000000 1.000000 0.000000 0.000000
28.000000 20.012733 6.420824 1.612215 0.948467 0.000000 0.000000 0.000000 1.000000 0.000000 0.000000
28.000000 20.018593 6.359586 1.639358 0.963005 0.000000 0.000000 0.000000 1.000000 0.000000 0.000000
28.000000 20.019935 6.322040 1.610503 0.958534 0.000000 0.000000 0.000000 1.000000 0.000000 0.000000
28.000000 20.022734 6.376381 1.617430 0.934549 0.000000 0.000000 0.000000 1.000000 0.000000 0.000000
28.000000 20.028710 6.321302 1.641620 0.946206 0.000000 0.000000 0.000000 1.000000 0.000000 0.000000
28.000000 20.029978 6.296125 1.623803 0.936412 0.000000 0.000000 0.000000 1.000000 0.000000 0.000000
28.000000 20.032719 6.332955 1.628505 0.918912 0.000000 0.000000 0.000000 1.000000 0.000000 0.000000
28.000000 20.038648 6.280327 1.651553 0.929416 0.000000 0.000000 0.000000 1.000000 0.000000 0.000000
28.000000 20.039914 6.240466 1.620920 0.924624 0.000000 0.000000 0.000000 1.000000 0.000000 0.000000
28.000000 20.042749 6.297178 1.628345 0.900277 0.000000 0.000000 0.000000 1.000000 0.000000 0.000000
28.000000 20.048716 6.238499 1.654020 0.911027 0.000000 0.000000 0.000000 1.000000 0.000000 0.000000
28.000000 20.049952 6.200113 1.624703 0.905479 0.000000 0.000000 0.000000 1.000000 0.000000 0.000000
28.000000 20.052750 6.249413 1.631183 0.883748 0.000000 0.000000 0.000000 1.000000 0.000000 0.000000
28.000000 20.058670 6.195246 1.654977 0.893974 0.000000 0.000000 0.000000 1.000000 0.000000 0.000000
28.000000 20.060144 6.164013 1.631328 0.888440 0.000000 0.000000 0.000000 1.000000 0.000000 0.000000
28.000000 20.062742 6.204388 1.636841 0.868021 0.000000 0.000000 0.000000 1.000000 0.000000 0.000000
28.000000 20.068713 6.137787 1.665884 0.877751 0.000000 0.000000 0.000000 1.000000 0.000000 0.000000
28.000000 20.069999 6.095381 1.633053 0.872815 0.000000 0.000000 0.000000 1.000000 0.000000 0.000000
28.000000 20.072768 6.166941 1.642733 0.842627 0.000000 0.000000 0.000000 1.000000 0.000000 0.000000
28.000000 20.078624 6.099510 1.672778 0.857346 0.000000 0.000000 0.000000 1.000000 0.000000 0.000000
28.000000 20.079920 6.050394 1.633508 0.855950 0.000000 0.000000 0.000000 1.000000 0.000000 0.000000
28.000000 20.082742 6.133140 1.644657 0.821294 0.000000 0.000000 0.000000 1.000000 0.000000 0.000000
28.000000 20.088729 6.059510 1.677402 0.836944 0.000000 0.000000 0.000000 1.000000 0.000000 0.000000
28.000000 20.089942 6.015325 1.642663 0.833341 0.000000 0.000000 0.000000 1.000000 0.000000 0.000000
28.000000 20.092768 6.076572 1.651190 0.803958 0.000000 0.000000 0.000000 1.000000 0.000000 0.000000
28.000000 20.098663 6.014225 1.678662 0.814045 0.000000 0.000000 0.000000 1.000000 0.000000 0.000000
28.000000 20.099996 5.973098 1.646083 0.811316 0.000000 0.000000 0.000000 1.000000 0.000000 0.000000
28.000000 20.102807 6.038222 1.655199 0.780711 0.000000 0.000000 0.000000 1.000000 0.000000 0.000000
28.000000 20.108649 5.968145 1.686029 0.791506 0.000000 0.000000 0.000000 1.000000 0.000000 0.000000
28.000000 20.109952 5.923975 1.651146 0.787958 0.000000 0.000000 0.000000 1.000000 0.000000 0.000000
28.000000 20.112760 6.001670 1.661979 0.754575 0.000000 0.000000 0.000000 1.000000 0.000000 0.000000
28.000000 20.118599 5.931613 1.692945 0.766689 0.000000 0.000000 0.000000 1.000000 0.000000 0.000000
28.000000 20.119984 5.886372 1.656868 0.764359 0.000000 0.000000 0.000000 1.000000 0.000000 0.000000
28.000000 20.122778 5.953611 1.666404 0.733866 0.000000 0.000000 0.000000 1.000000 0.000000 0.000000
28.000000 20.128719 5.885915 1.695709 0.740537 0.000000 0.000000 0.000000 1.000000 0.000000 0.000000
28.000000 20.129989 5.839516 1.658991 0.737279 0.000000 0.000000 0.000000 1.000000 0.000000 0.000000
28.000000 20.132751 5.913842 1.669536 0.706810 0.000000 0.000000 0.000000 1.000000 0.000000 0.000000
28.000000 20.138603 5.848777 1.697637 0.712724 0.000000 0.000000 0.000000 1.000000 0.000000 0.000000
28.000000 20.139992 5.802292 1.661135 0.708092 0.000000 0.000000 0.000000 1.000000 0.000000 0.000000
28.000000 20.142770 5.866984 1.670402 0.679199 0.000000 0.000000 0.000000 1.000000 0.000000 0.000000
28.000000 20.148682 5.798647 1.700054 0.685815 0.000000 0.000000 0.000000 1.000000 0.000000 0.000000
28.000000 20.149956 5.752102 1.662699 0.684438 0.000000 0.000000 0.000000 1.000000 0.000000 0.000000
28.000000 20.152772 5.836080 1.674915 0.649568 0.000000 0.000000 0.000000 1.000000 0.000000 0.000000
28.000000 20.158677 5.759770 1.707960 0.655929 0.000000 0.000000 0.000000 1.000000 0.000000 0.000000
28.000000 20.159977 5.719575 1.676325 0.652460 0.000000 0.000000 0.000000 1.000000 0.000000 0.000000
28.000000 20.162966 5.779149 1.685121 0.627538 0.000000 0.000000 0.000000 1.000000 0.000000 0.000000
28.000000 20.168822 5.711965 1.713790 0.630176 0.000000 0.000000 0.000000 1.000000 0.000000 0.000000
28.000000 20.169937 5.661450 1.673086 0.628797 0.000000 0.000000 0.000000 1.000000 0.000000 0.000000
28.000000 20.173019 5.752002 1.686375 0.592341 0.000000 0.000000 0.000000 1.000000 0.000000 0.000000
28.000000 20.178661 5.676247 1.719051 0.597704 0.000000 0.000000 0.000000 1.000000 0.000000 0.000000
28.000000 20.179993 5.628147 1.680871 0.594003 0.000000 0.000000 0.000000 1.000000 0.000000 0.000000
28.000000 20.182849 5.697119 1.691067 0.564705 0.000000 0.000000 0.000000 1.000000 0.000000 0.000000
28.000000 20.188813 5.628205 1.720588 0.568087 0.000000 0.000000 0.000000 1.000000 0.000000 0.000000
28.000000 20.189993 5.577052 1.679050 0.567651 0.000000 0.000000 0.000000 1.000000 0.000000 0.000000
28.000000 20.192804 5.671008 1.693061 0.529595 0.000000 0.000000 0.000000 1.000000 0.000000 0.000000
28.000000 20.198774 5.586545 1.729422 0.534544 0.000000 0.000000 0.000000 1.000000 0.000000 0.000000
28.000000 20.200035 5.532315 1.685467 0.533648 0.000000 0.000000 0.000000 1.000000 0.000000 0.000000
28.000000 20.202794 5.624120 1.699253 0.496846 0.000000 0.000000 0.000000 1.000000 0.000000 0.000000
28.000000 20.208869 5.546777 1.732325 0.499816 0.000000 0.000000 0.000000 1.000000 0.000000 0.000000
28.000000 20.210018 5.495964 1.690655 0.501007 0.000000 0.000000 0.000000 1.000000 0.000000 0.000000
28.000000 20.212820 5.576993 1.703048 0.469024 0.000000 0.000000 0.000000 1.000000 0.000000 0.000000
28.000000 20.218674 5.502986 1.734214 0.468153 0.000000 0.000000 0.000000 1.000000 0.000000 0.000000
28.000000 20.220044 5.452705 1.693687 0.466472 0.000000 0.000000 0.000000 1.000000 0.000000 0.000000
28.000000 20.222894 5.539680 1.706985 0.431014 0.000000 0.000000 0.000000 1.000000 0.000000 0.000000
28.000000 20.228781 5.462115 1.740049 0.432920 0.000000 0.000000 0.000000 1.000000 0.000000 0.000000
28.000000 20.229973 5.410134 1.697643 0.432689 0.000000 0.000000 0.000000 1.000000 0.000000 0.000000
28.000000 20.232780 5.497558 1.711083 0.396944 0.000000 0.000000 0.000000 1.000000 0.000000 0.000000
28.000000 20.238740 5.421967 1.742966 0.396603 0.000000 0.000000 0.000000 1.000000 0.000000 0.000000
28.000000 20.240014 5.371475 1.702267 0.394786 0.000000 0.000000 0.000000 1.000000 0.000000 0.000000
28.000000 20.242845 5.461315 1.716230 0.357278 0.000000 0.000000 0.000000 1.000000 0.000000 0.000000
28.000000 20.248748 5.376033 1.752681 0.359925 0.000000 0.000000 0.000000 1.000000 0.000000 0.000000
28.000000 20.250016 5.326175 1.712224 0.358920 0.000000 0.000000 0.000000 1.000000 0.000000 0.000000
28.000000 20.252825 5.406974 1.724858 0.326674 0.000000 0.000000 0.000000 1.000000 0.000000 0.000000
28.000000 20.258701 5.337331 1.753484 0.321807 0.000000 0.000000 0.000000 1.000000 0.000000 0.000000
28.000000 20.259976 5.283352 1.709338 0.322109 0.000000 0.000000 0.000000 1.000000 0.000000 0.000000
28.000000 20.262792 5.375377 1.723868 0.284935 0.000000 0.000000 0.000000 1.000000 0.000000 0.000000
28.000000 20.268763 5.306946 1.752250 0.281271 0.000000 0.000000 0.000000 1.000000 0.000000 0.000000
28.000000 20.270027 5.264202 1.718053 0.278997 0.000000 0.000000 0.000000 1.000000 0.000000 0.000000
28.000000 20.273035 5.328559 1.728455 0.250229 0.000000 0.000000 0.000000 1.000000 0.000000 0.000000
28.000000 20.278733 5.260497 1.755929 0.241996 0.000000 0.000000 0.000000 1.000000 0.000000 0.000000
28.000000 20.280025 5.215744 1.720593 0.238489 0.000000 0.000000 0.000000 1.000000 0.000000 0.000000
28.000000 20.282845 5.297245 1.733557 0.206888 0.000000 0.000000 0.000000 1.000000 0.000000 0.000000
28.000000 20.288769 5.231270 1.759170 0.193374 0.000000 0.000000 0.000000 1.000000 0.000000 0.000000
28.000000 20.290070 5.193811 1.731549 0.185650 0.000000 0.000000 0.000000 1.000000 0.000000 0.000000
28.000000 20.292824 5.254121 1.741414 0.165725 0.000000 0.000000 0.000000 1.000000 0.000000 0.000000
28.000000 20.298808 5.210172 1.755756 0.140223 0.000000 0.000000 0.000000 1.000000 0.000000 0.000000
28.000000 20.300036 5.178032 1.732506 0.133451 0.000000 0.000000 0.000000 1.000000 0.000000 0.000000
28.000000 20.302910 5.230701 1.741274 0.119093 0.000000 0.000000 0.000000 1.000000 0.000000 0.000000
28.000000 20.310065 5.193563 1.755561 0.103647 0.000000 0.000000 0.000000 1.000000 0.000000 0.000000
28.000000 20.312879 5.162041 1.752941 0.085912 0.000000 0.000000 0.000000 1.000000 0.000000 0.000000
28.000000 20.320045 5.156919 1.751786 0.059853 0.000000 0.000000 0.000000 1.000000 0.000000 0.000000
28.000000 20.323118 5.132946 1.750224 0.040714 0.000000 0.000000 0.000000 1.000000 0.000000 0.000000
28.000000 20.330016 5.112420 1.757732 0.029934 0.000000 0.000000 0.000000 1.000000 0.000000 0.000000
28.000000 20.333001 5.092735 1.755228 0.030115 0.000000 0.000000 0.000000 1.000000 0.000000 0.000000
28.000000 20.340117 5.074516 1.765581 0.047527 0.000000 0.000000 0.000000 1.000000 0.000000 0.000000
28.000000 20.342952 5.057214 1.762037 0.065140 0.000000 0.000000 0.000000 1.000000 0.000000 0.000000
28.000000 20.350096 5.040657 1.771472 0.081078 0.000000 0.000000 0.000000 1.000000 0.000000 0.000000
28.000000 20.353041 5.011730 1.766402 0.098681 0.000000 0.000000 0.000000 1.000000 0.000000 0.000000
28.000000 20.360058 5.002511 1.771748 0.108068 0.000000 0.000000 0.000000 1.000000 0.000000 0.000000
28.000000 20.363006 4.972332 1.766386 0.127100 0.000000 0.000000 0.000000 1.000000 0.000000 0.000000
28.000000 20.370122 4.955533 1.775822 0.141751 0.000000 0.000000 0.000000 1.000000 0.000000 0.000000
28.000000 20.373075 4.932475 1.771643 0.157042 0.000000 0.000000 0.000000 1.000000 0.000000 0.000000
28.000000 20.380271 4.910674 1.783359 0.171925 0.000000 0.000000 0.000000 1.000000 0.000000 0.000000
28.000000 20.382979 4.897750 1.780856 0.182355 0.000000 0.000000 0.000000 1.000000 0.000000 0.000000
28.000000 20.390137 4.879341 1.791091 0.197269 0.000000 0.000000 0.000000 1.000000 0.000000 0.000000
28.000000 20.393003 4.852335 1.786156 0.214714 0.000000 0.000000 0.000000 1.000000 0.000000 0.000000
28.000000 20.400185 4.839590 1.792926 0.222587 0.000000 0.000000 0.000000 1.000000 0.000000 0.000000
28.000000 20.402992 4.820956 1.789520 0.234387 0.000000 0.000000 0.000000 1.000000 0.000000 0.000000
28.000000 20.410138 4.800381 1.800293 0.245776 0.000000 0.000000 0.000000 1.000000 0.000000 0.000000
28.000000 20.412886 4.771379 1.795174 0.261228 0.000000 0.000000 0.000000 1.000000 0.000000 0.000000
28.000000 20.420220 4.764839 1.799569 0.271865 0.000000 0.000000 0.000000 1.000000 0.000000 0.000000
28.000000 20.422936 4.737885 1.794805 0.286165 0.000000 0.000000 0.000000 1.000000 0.000000 0.000000
28.000000 20.430183 4.723417 1.802346 0.293506 0.000000 0.000000 0.000000 1.000000 0.000000 0.000000
28.000000 20.433044 4.711961 1.800007 0.303489 0.000000 0.000000 0.000000 1.000000 0.000000 0.000000
28.000000 20.440333 4.696729 1.808130 0.312496 0.000000 0.000000 0.000000 1.000000 0.000000 0.000000
28.000000 20.442986 4.659993 1.801776 0.329185 0.000000 0.000000 0.000000 1.000000 0.000000 0.000000
28.000000 20.450162 4.640187 1.812284 0.340119 0.000000 0.000000 0.000000 1.000000 0.000000 0.000000
28.000000 20.453011 4.620067 1.808761 0.349474 0.000000 0.000000 0.000000 1.000000 0.000000 0.000000
28.000000 20.460347 4.605052 1.816656 0.357088 0.000000 0.000000 0.000000 1.000000 0.000000 0.000000
28.000000 20.462957 4.583269 1.812733 0.368328 0.000000 0.000000 0.000000 1.000000 0.000000 0.000000
28.000000 20.470319 4.566323 1.821685 0.377042 0.000000 0.000000 0.000000 1.000000 0.000000 0.000000
28.000000 20.473134 4.538006 1.816702 0.389749 0.000000 0.000000 0.000000 1.000000 0.000000 0.000000
28.000000 20.480179 4.519802 1.826274 0.398519 0.000000 0.000000 0.000000 1.000000 0.000000 0.000000
28.000000 20.483102 4.502733 1.823272 0.405903 0.000000 0.000000 0.000000 1.000000 0.000000 0.000000
28.000000 20.490282 4.490654 1.829803 0.412929 0.000000 0.000000 0.000000 1.000000 0.000000 0.000000
28.000000 20.493140 4.461690 1.824684 0.425448 0.000000 0.000000 0.000000 1.000000 0.000000 0.000000
28.000000 20.500211 4.443902 1.833828 0.432066 0.000000 0.000000 0.000000 1.000000 0.000000 0.000000
28.000000 20.503056 4.426336 1.830764 0.438886 0.000000 0.000000 0.000000 1.000000 0.000000 0.000000
28.000000 20.510174 4.409472 1.839478 0.445332 0.000000 0.000000 0.000000 1.000000 0.000000 0.000000
28.000000 20.513017 4.404736 1.838611 0.447617 0.000000 0.000000 0.000000 1.000000 0.000000 0.000000
28.000000 20.520215 4.392228 1.845020 0.451968 0.000000 0.000000 0.000000 1.000000 0.000000 0.000000
28.000000 20.522946 4.349174 1.837629 0.466163 0.000000 0.000000 0.000000 1.000000 0.000000 0.000000
28.000000 20.530334 4.330563 1.847026 0.471247 0.000000 0.000000 0.000000 1.000000 0.000000 0.000000
28.000000 20.533283 4.310319 1.843600 0.477009 0.000000 0.000000 0.000000 1.000000 0.000000 0.000000
28.000000 20.540326 4.300976 1.848722 0.482393 0.000000 0.000000 0.000000 1.000000 0.000000 0.000000
28.000000 20.543059 4.279096 1.844793 0.491265 0.000000 0.000000 0.000000 1.000000 0.000000 0.000000
28.000000 20.550153 4.259201 1.854784 0.495906 0.000000 0.000000 0.000000 1.000000 0.000000 0.000000
28.000000 20.553183 4.241098 1.851826 0.499311 0.000000 0.000000 0.000000 1.000000 0.000000 0.000000
28.000000 20.560107 4.227359 1.858822 0.503103 0.000000 0.000000 0.000000 1.000000 0.000000 0.000000
28.000000 20.563062 4.202503 1.854624 0.509193 0.000000 0.000000 0.000000 1.000000 0.000000 0.000000
28.000000 20.570159 4.185496 1.863287 0.513735 0.000000 0.000000 0.000000 1.000000 0.000000 0.000000
28.000000 20.573099 4.153152 1.857627 0.523682 0.000000 0.000000 0.000000 1.000000 0.000000 0.000000
28.000000 20.580122 4.127556 1.870816 0.531194 0.000000 0.000000 0.000000 1.000000 0.000000 0.000000
28.000000 20.582955 4.111861 1.868197 0.534123 0.000000 0.000000 0.000000 1.000000 0.000000 0.000000
28.000000 20.590233 4.100256 1.873614 0.533458 0.000000 0.000000 0.000000 1.000000 0.000000 0.000000
28.000000 20.593077 4.078966 1.870027 0.537687 0.000000 0.000000 0.000000 1.000000 0.000000 0.000000
28.000000 20.600329 4.062939 1.878229 0.541708 0.000000 0.000000 0.000000 1.000000 0.000000 0.000000
28.000000 20.603013 4.038368 1.874132 0.545732 0.000000 0.000000 0.000000 1.000000 0.000000 0.000000
28.000000 20.610239 4.021693 1.882123 0.545970 0.000000 0.000000 0.000000 1.000000 0.000000 0.000000
28.000000 20.613161 4.000760 1.878502 0.550767 0.000000 0.000000 0.000000 1.000000 0.000000 0.000000
28.000000 20.620132 3.987893 1.884451 0.549234 0.000000 0.000000 0.000000 1.000000 0.000000 0.000000
28.000000 20.623092 3.965234 1.880842 0.550463 0.000000 0.000000 0.000000 1.000000 0.000000 0.000000
28.000000 20.630130 3.949890 1.888426 0.551987 0.000000 0.000000 0.000000 1.000000 0.000000 0.000000
28.000000 20.633279 3.931075 1.885376 0.553429 0.000000 0.000000 0.000000 1.000000 0.000000 0.000000
28.000000 20.640198 3.913508 1.893908 0.554014 0.000000 0.000000 0.000000 1.000000 0.000000 0.000000
28.000000 20.643225 3.888013 1.889640 0.557283 0.000000 0.000000 0.000000 1.000000 0.000000 0.000000
28.000000 20.650215 3.874037 1.896274 0.556556 0.000000 0.000000 0.000000 1.000000 0.000000 0.000000
28.000000 20.653196 3.852833 1.892825 0.557849 0.000000 0.000000 0.000000 1.000000 0.000000 0.000000
28.000000 20.660165 3.834137 1.901628 0.556223 0.000000 0.000000 0.000000 1.000000 0.000000 0.000000
28.000000 20.662966 3.811896 1.898157 0.555567 0.000000 0.000000 0.000000 1.000000 0.000000 0.000000
28.000000 20.670250 3.798186 1.904531 0.553770 0.000000 0.000000 0.000000 1.000000 0.000000 0.000000
28.000000 20.673131 3.775644 1.900781 0.555666 0.000000 0.000000 0.000000 1.000000 0.000000 0.000000
28.000000 20.680173 3.755646 1.910159 0.553336 0.000000 0.000000 0.000000 1.000000 0.000000 0.000000
28.000000 20.683016 3.736880 1.907316 0.551369 0.000000 0.000000 0.000000 1.000000 0.000000 0.000000
28.000000 20.690236 3.722472 1.914071 0.549615 0.000000 0.000000 0.000000 1.000000 0.000000 0.000000
28.000000 20.693108 3.698600 1.910093 0.551170 0.000000 0.000000 0.000000 1.000000 0.000000 0.000000
28.000000 20.700179 3.680662 1.918560 0.549206 0.000000 0.000000 0.000000 1.000000 0.000000 0.000000
28.000000 20.703106 3.660107 1.915457 0.546495 0.000000 0.000000 0.000000 1.000000 0.000000 0.000000
28.000000 20.710315 3.642938 1.923286 0.542724 0.000000 0.000000 0.000000 1.000000 0.000000 0.000000
28.000000 20.713129 3.619655 1.919629 0.541089 0.000000 0.000000 0.000000 1.000000 0.000000 0.000000
28.000000 20.720200 3.602235 1.927624 0.537508 0.000000 0.000000 0.000000 1.000000 0.000000 0.000000
28.000000 20.723083 3.579005 1.923816 0.537501 0.000000 0.000000 0.000000 1.000000 0.000000 0.000000
28.000000 20.730211 3.562646 1.931119 0.532593 0.000000 0.000000 0.000000 1.000000 0.000000 0.000000
28.000000 20.733297 3.544135 1.928455 0.528102 0.000000 0.000000 0.000000 1.000000 0.000000 0.000000
28.000000 20.740190 3.532673 1.933312 0.522981 0.000000 0.000000 0.000000 1.000000 0.000000 0.000000
28.000000 20.743062 3.511377 1.930013 0.520399 0.000000 0.000000 0.000000 1.000000 0.000000 0.000000
28.000000 20.750239 3.491281 1.939142 0.515305 0.000000 0.000000 0.000000 1.000000 0.000000 0.000000
28.000000 20.753231 3.475157 1.937099 0.507914 0.000000 0.000000 0.000000 1.000000 0.000000 0.000000
28.000000 20.760195 3.457572 1.945043 0.503200 0.000000 0.000000 0.000000 1.000000 0.000000 0.000000
28.000000 20.763039 3.435121 1.941619 0.499358 0.000000 0.000000 0.000000 1.000000 0.000000 0.000000
28.000000 20.770310 3.420300 1.947802 0.492072 0.000000 0.000000 0.000000 1.000000 0.000000 0.000000
28.000000 20.773135 3.394922 1.943683 0.490409 0.000000 0.000000 0.000000 1.000000 0.000000 0.000000
28.000000 20.780208 3.374507 1.952943 0.484883 0.000000 0.000000 0.000000 1.000000 0.000000 0.000000
28.000000 20.783092 3.356448 1.950520 0.477679 0.000000 0.000000 0.000000 1.000000 0.000000 0.000000
28.000000 20.790455 3.347608 1.954196 0.473287 0.000000 0.000000 0.000000 1.000000 0.000000 0.000000
28.000000 20.793173 3.329617 1.951791 0.465887 0.000000 0.000000 0.000000 1.000000 0.000000 0.000000
28.000000 28.602274 nan nan nan 0.000000 0.000000 0.000000 1.000000 0.000000 0.000000
29.000000 28.603691 19.807421 -0.050978 0.249598 0.000000 0.000000 0.000000 1.000000 0.000000 0.000000
29.000000 28.606599 19.816427 -0.051142 0.263517 0.000000 0.000000 0.000000 1.000000 0.000000 0.000000
29.000000 28.612243 19.738748 -0.028989 0.293919 0.000000 0.000000 0.000000 1.000000 0.000000 0.000000
29.000000 28.613705 19.697844 -0.043442 0.316363 0.000000 0.000000 0.000000 1.000000 0.000000 0.000000
29.000000 28.616499 19.801908 -0.043357 0.308950 0.000000 0.000000 0.000000 1.000000 0.000000 0.000000
29.000000 28.622242 19.704497 -0.015787 0.333831 0.000000 0.000000 0.000000 1.000000 0.000000 0.000000
29.000000 28.623763 19.648098 -0.035719 0.365084 0.000000 0.000000 0.000000 1.000000 0.000000 0.000000
29.000000 28.626632 19.742881 -0.035823 0.378646 0.000000 0.000000 0.000000 1.000000 0.000000 0.000000
29.000000 28.632303 19.617026 -0.000645 0.409026 0.000000 0.000000 0.000000 1.000000 0.000000 0.000000
29.000000 28.633596 19.561314 -0.019885 0.426871 0.000000 0.000000 0.000000 1.000000 0.000000 0.000000
29.000000 28.636489 19.607082 -0.019780 0.442891 0.000000 0.000000 0.000000 1.000000 0.000000 0.000000
29.000000 28.642298 19.501528 0.009987 0.469806 0.000000 0.000000 0.000000 1.000000 0.000000 0.000000
29.000000 28.643745 19.449285 -0.008371 0.491134 0.000000 0.000000 0.000000 1.000000 0.000000 0.000000
29.000000 28.646473 19.493803 -0.008338 0.507394 0.000000 0.000000 0.000000 1.000000 0.000000 0.000000
29.000000 28.652457 19.393624 0.020158 0.538638 0.000000 0.000000 0.000000 1.000000 0.000000 0.000000
29.000000 28.653787 19.348438 0.004172 0.553734 0.000000 0.000000 0.000000 1.000000 0.000000 0.000000
29.000000 28.656517 19.415461 0.003927 0.561748 0.000000 0.000000 0.000000 1.000000 0.000000 0.000000
29.000000 28.662264 19.307131 0.034746 0.596982 0.000000 0.000000 0.000000 1.000000 0.000000 0.000000
29.000000 28.663718 19.246976 0.013383 0.618496 0.000000 0.000000 0.000000 1.000000 0.000000 0.000000
29.000000 28.666508 19.341935 0.013463 0.621929 0.000000 0.000000 0.000000 1.000000 0.000000 0.000000
29.000000 28.672266 19.213907 0.049902 0.656108 0.000000 0.000000 0.000000 1.000000 0.000000 0.000000
29.000000 28.673605 19.163935 0.032022 0.674670 0.000000 0.000000 0.000000 1.000000 0.000000 0.000000
29.000000 28.676481 19.207042 0.031761 0.693269 0.000000 0.000000 0.000000 1.000000 0.000000 0.000000
29.000000 28.682297 19.113360 0.058282 0.722191 0.000000 0.000000 0.000000 1.000000 0.000000 0.000000
29.000000 28.683805 19.071737 0.043567 0.733564 0.000000 0.000000 0.000000 1.000000 0.000000 0.000000
29.000000 28.686674 19.126525 0.043716 0.742474 0.000000 0.000000 0.000000 1.000000 0.000000 0.000000
29.000000 28.692258 19.021436 0.073753 0.770332 0.000000 0.000000 0.000000 1.000000 0.000000 0.000000
29.000000 28.693681 18.976351 0.057478 0.786160 0.000000 0.000000 0.000000 1.000000 0.000000 0.000000
29.000000 28.696547 19.013589 0.057323 0.800658 0.000000 0.000000 0.000000 1.000000 0.000000 0.000000
29.000000 28.702329 18.916574 0.084861 0.825449 0.000000 0.000000 0.000000 1.000000 0.000000 0.000000
29.000000 28.703868 18.870651 0.068449 0.837677 0.000000 0.000000 0.000000 1.000000 0.000000 0.000000
29.000000 28.706720 18.942306 0.068524 0.851943 0.000000 0.000000 0.000000 1.000000 0.000000 0.000000
29.000000 28.712305 18.826232 0.101668 0.883658 0.000000 0.000000 0.000000 1.000000 0.000000 0.000000
29.000000 28.713584 18.792811 0.089571 0.895338 0.000000 0.000000 0.000000 1.000000 0.000000 0.000000
29.000000 28.716592 18.804441 0.089520 0.912645 0.000000 0.000000 0.000000 1.000000 0.000000 0.000000
29.000000 28.722274 18.721307 0.113477 0.939467 0.000000 0.000000 0.000000 1.000000 0.000000 0.000000
29.000000 28.723690 18.689136 0.101604 0.954494 0.000000 0.000000 0.000000 1.000000 0.000000 0.000000
29.000000 28.726553 18.689727 0.101428 0.973785 0.000000 0.000000 0.000000 1.000000 0.000000 0.000000
29.000000 28.732271 18.625705 0.119854 0.995799 0.000000 0.000000 0.000000 1.000000 0.000000 0.000000
29.000000 28.733636 18.622156 0.118531 0.999806 0.000000 0.000000 0.000000 1.000000 0.000000 0.000000
29.000000 28.736474 18.628988 0.118228 1.018217 0.000000 0.000000 0.000000 1.000000 0.000000 0.000000
29.000000 28.742290 18.554695 0.139529 1.042591 0.000000 0.000000 0.000000 1.000000 0.000000 0.000000
29.000000 28.743807 18.542884 0.135182 1.051166 0.000000 0.000000 0.000000 1.000000 0.000000 0.000000
29.000000 28.746665 18.500485 0.134847 1.077096 0.000000 0.000000 0.000000 1.000000 0.000000 0.000000
29.000000 28.752267 18.448136 0.150016 1.096878 0.000000 0.000000 0.000000 1.000000 0.000000 0.000000
29.000000 28.753733 18.431449 0.143783 1.103797 0.000000 0.000000 0.000000 1.000000 0.000000 0.000000
29.000000 28.756458 18.405010 0.143275 1.124923 0.000000 0.000000 0.000000 1.000000 0.000000 0.000000
29.000000 28.762287 18.345385 0.160647 1.151196 0.000000 0.000000 0.000000 1.000000 0.000000 0.000000
29.000000 28.763780 18.334226 0.156384 1.158248 0.000000 0.000000 0.000000 1.000000 0.000000 0.000000
29.000000 28.766470 18.344871 0.156137 1.172779 0.000000 0.000000 0.000000 1.000000 0.000000 0.000000
29.000000 28.772457 18.275426 0.176128 1.193386 0.000000 0.000000 0.000000 1.000000 0.000000 0.000000
29.000000 28.773723 18.250136 0.166802 1.197203 0.000000 0.000000 0.000000 1.000000 0.000000 0.000000
29.000000 28.776484 18.259743 0.166614 1.211591 0.000000 0.000000 0.000000 1.000000 0.000000 0.000000
29.000000 28.782384 18.177162 0.190684 1.239760 0.000000 0.000000 0.000000 1.000000 0.000000 0.000000
29.000000 28.783829 18.156343 0.182735 1.249408 0.000000 0.000000 0.000000 1.000000 0.000000 0.000000
29.000000 28.786550 18.159906 0.182475 1.264540 0.000000 0.000000 0.000000 1.000000 0.000000 0.000000
29.000000 28.792507 18.084626 0.204360 1.288798 0.000000 0.000000 0.000000 1.000000 0.000000 0.000000
29.000000 28.794082 18.073510 0.200132 1.293939 0.000000 0.000000 0.000000 1.000000 0.000000 0.000000
29.000000 28.796505 18.047314 0.199594 1.313932 0.000000 0.000000 0.000000 1.000000 0.000000 0.000000
29.000000 28.802377 17.991241 0.216018 1.338033 0.000000 0.000000 0.000000 1.000000 0.000000 0.000000
29.000000 28.803883 17.984431 0.213380 1.338816 0.000000 0.000000 0.000000 1.000000 0.000000 0.000000
29.000000 28.806515 17.966538 0.212609 1.357215 0.000000 0.000000 0.000000 1.000000 0.000000 0.000000
29.000000 28.812295 17.905940 0.230125 1.379848 0.000000 0.000000 0.000000 1.000000 0.000000 0.000000
29.000000 28.813676 17.877512 0.219449 1.382462 0.000000 0.000000 0.000000 1.000000 0.000000 0.000000
29.000000 28.816495 17.893456 0.219347 1.395613 0.000000 0.000000 0.000000 1.000000 0.000000 0.000000
29.000000 28.822350 17.817978 0.241435 1.419685 0.000000 0.000000 0.000000 1.000000 0.000000 0.000000
29.000000 28.823689 17.805662 0.236676 1.423916 0.000000 0.000000 0.000000 1.000000 0.000000 0.000000
29.000000 28.826526 17.774116 0.235953 1.444056 0.000000 0.000000 0.000000 1.000000 0.000000 0.000000
29.000000 28.832351 17.726606 0.249873 1.465331 0.000000 0.000000 0.000000 1.000000 0.000000 0.000000
29.000000 28.833583 17.713951 0.245030 1.465674 0.000000 0.000000 0.000000 1.000000 0.000000 0.000000
29.000000 28.836493 17.726776 0.244824 1.474000 0.000000 0.000000 0.000000 1.000000 0.000000 0.000000
29.000000 28.842358 17.650351 0.267329 1.499676 0.000000 0.000000 0.000000 1.000000 0.000000 0.000000
29.000000 28.843665 17.645457 0.265302 1.506374 0.000000 0.000000 0.000000 1.000000 0.000000 0.000000
29.000000 28.846599 17.562800 0.263933 1.535086 0.000000 0.000000 0.000000 1.000000 0.000000 0.000000
29.000000 28.852284 17.533155 0.272643 1.553765 0.000000 0.000000 0.000000 1.000000 0.000000 0.000000
29.000000 28.853578 17.545725 0.277560 1.550090 0.000000 0.000000 0.000000 1.000000 0.000000 0.000000
29.000000 28.856552 17.527165 0.276932 1.564474 0.000000 0.000000 0.000000 1.000000 0.000000 0.000000
29.000000 28.862310 17.470346 0.293692 1.587015 0.000000 0.000000 0.000000 1.000000 0.000000 0.000000
29.000000 28.863618 17.450877 0.286080 1.586777 0.000000 0.000000 0.000000 1.000000 0.000000 0.000000
29.000000 28.866564 17.421729 0.285140 1.602384 0.000000 0.000000 0.000000 1.000000 0.000000 0.000000
29.000000 28.872297 17.364180 0.302049 1.624304 0.000000 0.000000 0.000000 1.000000 0.000000 0.000000
29.000000 28.873573 17.358308 0.299819 1.623087 0.000000 0.000000 0.000000 1.000000 0.000000 0.000000
29.000000 28.876577 17.342931 0.299191 1.640210 0.000000 0.000000 0.000000 1.000000 0.000000 0.000000
29.000000 28.882319 17.277011 0.318564 1.660915 0.000000 0.000000 0.000000 1.000000 0.000000 0.000000
29.000000 28.883651 17.271739 0.316600 1.657462 0.000000 0.000000 0.000000 1.000000 0.000000 0.000000
29.000000 28.886510 17.240629 0.315713 1.675296 0.000000 0.000000 0.000000 1.000000 0.000000 0.000000
29.000000 28.892459 17.181834 0.332983 1.693712 0.000000 0.000000 0.000000 1.000000 0.000000 0.000000
29.000000 28.893686 17.179804 0.332294 1.692850 0.000000 0.000000 0.000000 1.000000 0.000000 0.000000
29.000000 28.896584 17.138814 0.331399 1.713238 0.000000 0.000000 0.000000 1.000000 0.000000 0.000000
29.000000 28.902376 17.089843 0.345987 1.733942 0.000000 0.000000 0.000000 1.000000 0.000000 0.000000
29.000000 28.903657 17.081881 0.342767 1.733870 0.000000 0.000000 0.000000 1.000000 0.000000 0.000000
29.000000 28.906596 17.050425 0.341875 1.746361 0.000000 0.000000 0.000000 1.000000 0.000000 0.000000
29.000000 28.912431 17.005237 0.355427 1.768116 0.000000 0.000000 0.000000 1.000000 0.000000 0.000000
29.000000 28.913684 17.006578 0.355881 1.765967 0.000000 0.000000 0.000000 1.000000 0.000000 0.000000
29.000000 28.916679 16.970542 0.354809 1.777293 0.000000 0.000000 0.000000 1.000000 0.000000 0.000000
29.000000 28.922390 16.920370 0.369781 1.797938 0.000000 0.000000 0.000000 1.000000 0.000000 0.000000
29.000000 28.923731 16.904069 0.363208 1.796050 0.000000 0.000000 0.000000 1.000000 0.000000 0.000000
29.000000 28.926579 16.902108 0.362625 1.806112 0.000000 0.000000 0.000000 1.000000 0.000000 0.000000
29.000000 28.932397 16.842226 0.380485 1.829524 0.000000 0.000000 0.000000 1.000000 0.000000 0.000000
29.000000 28.933717 16.841704 0.380307 1.824173 0.000000 0.000000 0.000000 1.000000 0.000000 0.000000
29.000000 28.936526 16.782001 0.378794 1.838450 0.000000 0.000000 0.000000 1.000000 0.000000 0.000000
29.000000 28.942424 16.732918 0.393531 1.859325 0.000000 0.000000 0.000000 1.000000 0.000000 0.000000
29.000000 28.943906 16.735036 0.394377 1.854679 0.000000 0.000000 0.000000 1.000000 0.000000 0.000000
29.000000 28.946576 16.675317 0.392747 1.870249 0.000000 0.000000 0.000000 1.000000 0.000000 0.000000
29.000000 28.952342 16.645514 0.401570 1.884929 0.000000 0.000000 0.000000 1.000000 0.000000 0.000000
29.000000 28.953952 16.636721 0.398137 1.876276 0.000000 0.000000 0.000000 1.000000 0.000000 0.000000
29.000000 28.956588 16.612356 0.397110 1.888865 0.000000 0.000000 0.000000 1.000000 0.000000 0.000000
29.000000 28.962360 16.563844 0.411700 1.911531 0.000000 0.000000 0.000000 1.000000 0.000000 0.000000
29.000000 28.963704 16.585266 0.420540 1.903192 0.000000 0.000000 0.000000 1.000000 0.000000 0.000000
29.000000 28.966588 16.509844 0.418438 1.923809 0.000000 0.000000 0.000000 1.000000 0.000000 0.000000
29.000000 28.972451 16.483220 0.426364 1.942476 0.000000 0.000000 0.000000 1.000000 0.000000 0.000000
29.000000 28.973630 16.497228 0.432290 1.930856 0.000000 0.000000 0.000000 1.000000 0.000000 0.000000
29.000000 28.976606 16.417633 0.430149 1.947039 0.000000 0.000000 0.000000 1.000000 0.000000 0.000000
29.000000 28.982404 16.379871 0.441609 1.968363 0.000000 0.000000 0.000000 1.000000 0.000000 0.000000
29.000000 28.983721 16.394370 0.447616 1.961312 0.000000 0.000000 0.000000 1.000000 0.000000 0.000000
29.000000 28.986532 16.322738 0.445636 1.973920 0.000000 0.000000 0.000000 1.000000 0.000000 0.000000
29.000000 28.992476 16.304129 0.451365 1.991828 0.000000 0.000000 0.000000 1.000000 0.000000 0.000000
29.000000 28.993681 16.316812 0.456623 1.982809 0.000000 0.000000 0.000000 1.000000 0.000000 0.000000
29.000000 28.996583 16.232666 0.454251 1.994310 0.000000 0.000000 0.000000 1.000000 0.000000 0.000000
29.000000 29.002474 16.198675 0.464743 2.017802 0.000000 0.000000 0.000000 1.000000 0.000000 0.000000
29.000000 29.003771 16.210358 0.469526 2.010960 0.000000 0.000000 0.000000 1.000000 0.000000 0.000000
29.000000 29.006584 16.166645 0.467905 2.018526 0.000000 0.000000 0.000000 1.000000 0.000000 0.000000
29.000000 29.012524 16.126982 0.479942 2.038414 0.000000 0.000000 0.000000 1.000000 0.000000 0.000000
29.000000 29.013664 16.120916 0.477448 2.027862 0.000000 0.000000 0.000000 1.000000 0.000000 0.000000
29.000000 29.016626 16.058203 0.475361 2.038900 0.000000 0.000000 0.000000 1.000000 0.000000 0.000000
29.000000 29.022424 16.025044 0.485552 2.061984 0.000000 0.000000 0.000000 1.000000 0.000000 0.000000
29.000000 29.023725 16.046257 0.494549 2.049528 0.000000 0.000000 0.000000 1.000000 0.000000 0.000000
29.000000 29.026697 15.982936 0.492360 2.059197 0.000000 0.000000 0.000000 1.000000 0.000000 0.000000
29.000000 29.032422 15.948165 0.502967 2.079733 0.000000 0.000000 0.000000 1.000000 0.000000 0.000000
29.000000 29.033693 15.960628 0.508346 2.069283 0.000000 0.000000 0.000000 1.000000 0.000000 0.000000
29.000000 29.036654 15.870247 0.505665 2.081880 0.000000 0.000000 0.000000 1.000000 0.000000 0.000000
29.000000 29.042423 15.848051 0.512586 2.100813 0.000000 0.000000 0.000000 1.000000 0.000000 0.000000
29.000000 29.043727 15.868914 0.521487 2.091242 0.000000 0.000000 0.000000 1.000000 0.000000 0.000000
29.000000 29.046572 15.798126 0.519090 2.102368 0.000000 0.000000 0.000000 1.000000 0.000000 0.000000
29.000000 29.052548 15.775652 0.525926 2.118442 0.000000 0.000000 0.000000 1.000000 0.000000 0.000000
29.000000 29.053662 15.793040 0.533560 2.105053 0.000000 0.000000 0.000000 1.000000 0.000000 0.000000
29.000000 29.056602 15.705327 0.530773 2.118327 0.000000 0.000000 0.000000 1.000000 0.000000 0.000000
29.000000 29.062564 15.682257 0.537882 2.135257 0.000000 0.000000 0.000000 1.000000 0.000000 0.000000
29.000000 29.063817 15.691991 0.542182 2.121851 0.000000 0.000000 0.000000 1.000000 0.000000 0.000000
29.000000 29.066586 15.612989 0.539411 2.133840 0.000000 0.000000 0.000000 1.000000 0.000000 0.000000
29.000000 29.072528 15.588789 0.546833 2.152218 0.000000 0.000000 0.000000 1.000000 0.000000 0.000000
29.000000 29.073713 15.611180 0.556754 2.134711 0.000000 0.000000 0.000000 1.000000 0.000000 0.000000
29.000000 29.076620 15.536723 0.554071 2.144182 0.000000 0.000000 0.000000 1.000000 0.000000 0.000000
29.000000 29.082487 15.515762 0.560527 2.161499 0.000000 0.000000 0.000000 1.000000 0.000000 0.000000
29.000000 29.083778 15.535965 0.569495 2.147769 0.000000 0.000000 0.000000 1.000000 0.000000 0.000000
29.000000 29.086586 15.444539 0.566312 2.163256 0.000000 0.000000 0.000000 1.000000 0.000000 0.000000
29.000000 29.092539 15.422104 0.573223 2.181542 0.000000 0.000000 0.000000 1.000000 0.000000 0.000000
29.000000 29.093790 15.442887 0.582546 2.164112 0.000000 0.000000 0.000000 1.000000 0.000000 0.000000
29.000000 29.096663 15.358786 0.579427 2.176160 0.000000 0.000000 0.000000 1.000000 0.000000 0.000000
29.000000 29.102499 15.339755 0.585289 2.194219 0.000000 0.000000 0.000000 1.000000 0.000000 0.000000
29.000000 29.103828 15.360824 0.594804 2.176219 0.000000 0.000000 0.000000 1.000000 0.000000 0.000000
29.000000 29.106785 15.265402 0.591366 2.187311 0.000000 0.000000 0.000000 1.000000 0.000000 0.000000
29.000000 29.112533 15.256599 0.594094 2.202751 0.000000 0.000000 0.000000 1.000000 0.000000 0.000000
29.000000 29.113788 15.287715 0.608104 2.185500 0.000000 0.000000 0.000000 1.000000 0.000000 0.000000
29.000000 29.116647 15.183341 0.604326 2.199924 0.000000 0.000000 0.000000 1.000000 0.000000 0.000000
29.000000 29.122478 15.171946 0.607834 2.215706 0.000000 0.000000 0.000000 1.000000 0.000000 0.000000
29.000000 29.123886 15.194705 0.618221 2.198100 0.000000 0.000000 0.000000 1.000000 0.000000 0.000000
29.000000 29.126644 15.096286 0.614561 2.211121 0.000000 0.000000 0.000000 1.000000 0.000000 0.000000
29.000000 29.132528 15.075354 0.621063 2.227869 0.000000 0.000000 0.000000 1.000000 0.000000 0.000000
29.000000 29.133822 15.098174 0.631553 2.209361 0.000000 0.000000 0.000000 1.000000 0.000000 0.000000
29.000000 29.136671 15.007813 0.628083 2.219330 0.000000 0.000000 0.000000 1.000000 0.000000 0.000000
29.000000 29.142504 14.987075 0.634614 2.237281 0.000000 0.000000 0.000000 1.000000 0.000000 0.000000
29.000000 29.144007 15.004882 0.642834 2.218886 0.000000 0.000000 0.000000 1.000000 0.000000 0.000000
29.000000 29.146661 14.918306 0.639392 2.224822 0.000000 0.000000 0.000000 1.000000 0.000000 0.000000
29.000000 29.152478 14.902070 0.644588 2.243330 0.000000 0.000000 0.000000 1.000000 0.000000 0.000000
29.000000 29.153694 14.922201 0.653854 2.225549 0.000000 0.000000 0.000000 1.000000 0.000000 0.000000
29.000000 29.156612 14.836450 0.650333 2.231350 0.000000 0.000000 0.000000 1.000000 0.000000 0.000000
29.000000 29.162616 14.822142 0.654916 2.249856 0.000000 0.000000 0.000000 1.000000 0.000000 0.000000
29.000000 29.163780 14.840917 0.663658 2.230005 0.000000 0.000000 0.000000 1.000000 0.000000 0.000000
29.000000 29.166641 14.752596 0.659921 2.236177 0.000000 0.000000 0.000000 1.000000 0.000000 0.000000
29.000000 29.172600 14.738072 0.664487 2.253019 0.000000 0.000000 0.000000 1.000000 0.000000 0.000000
29.000000 29.173656 14.764549 0.676913 2.233372 0.000000 0.000000 0.000000 1.000000 0.000000 0.000000
29.000000 29.176675 14.668514 0.672956 2.244266 0.000000 0.000000 0.000000 1.000000 0.000000 0.000000
29.000000 29.182506 14.658612 0.676068 2.259686 0.000000 0.000000 0.000000 1.000000 0.000000 0.000000
29.000000 29.183733 14.688095 0.689984 2.238028 0.000000 0.000000 0.000000 1.000000 0.000000 0.000000
29.000000 29.186642 14.577405 0.685541 2.246150 0.000000 0.000000 0.000000 1.000000 0.000000 0.000000
29.000000 29.192618 14.564830 0.689639 2.262688 0.000000 0.000000 0.000000 1.000000 0.000000 0.000000
29.000000 29.193701 14.590208 0.701601 2.243085 0.000000 0.000000 0.000000 1.000000 0.000000 0.000000
29.000000 29.196659 14.499145 0.697592 2.249922 0.000000 0.000000 0.000000 1.000000 0.000000 0.000000
29.000000 29.202472 14.483956 0.702485 2.268973 0.000000 0.000000 0.000000 1.000000 0.000000 0.000000
29.000000 29.203765 14.506350 0.713200 2.246816 0.000000 0.000000 0.000000 1.000000 0.000000 0.000000
29.000000 29.206659 14.421419 0.709386 2.249474 0.000000 0.000000 0.000000 1.000000 0.000000 0.000000
29.000000 29.212597 14.405075 0.714639 2.265880 0.000000 0.000000 0.000000 1.000000 0.000000 0.000000
29.000000 29.213849 14.426098 0.724787 2.244907 0.000000 0.000000 0.000000 1.000000 0.000000 0.000000
29.000000 29.216624 14.339164 0.720845 2.250424 0.000000 0.000000 0.000000 1.000000 0.000000 0.000000
29.000000 29.222595 14.329901 0.723780 2.264361 0.000000 0.000000 0.000000 1.000000 0.000000 0.000000
29.000000 29.223955 14.359783 0.738248 2.242396 0.000000 0.000000 0.000000 1.000000 0.000000 0.000000
29.000000 29.226840 14.246538 0.733432 2.250241 0.000000 0.000000 0.000000 1.000000 0.000000 0.000000
29.000000 29.232642 14.235189 0.737208 2.266015 0.000000 0.000000 0.000000 1.000000 0.000000 0.000000
29.000000 29.233907 14.253675 0.746188 2.246402 0.000000 0.000000 0.000000 1.000000 0.000000 0.000000
29.000000 29.236652 14.176624 0.742455 2.249622 0.000000 0.000000 0.000000 1.000000 0.000000 0.000000
29.000000 29.242671 14.154911 0.749382 2.265005 0.000000 0.000000 0.000000 1.000000 0.000000 0.000000
29.000000 29.243846 14.175223 0.759520 2.241733 0.000000 0.000000 0.000000 1.000000 0.000000 0.000000
29.000000 29.246707 14.080013 0.755143 2.247429 0.000000 0.000000 0.000000 1.000000 0.000000 0.000000
29.000000 29.252551 14.063410 0.760537 2.262664 0.000000 0.000000 0.000000 1.000000 0.000000 0.000000
29.000000 29.253686 14.084963 0.771242 2.240802 0.000000 0.000000 0.000000 1.000000 0.000000 0.000000
29.000000 29.256685 13.986882 0.766688 2.245171 0.000000 0.000000 0.000000 1.000000 0.000000 0.000000
29.000000 29.262599 13.985935 0.767073 2.258080 0.000000 0.000000 0.000000 1.000000 0.000000 0.000000
29.000000 29.263852 14.018133 0.782956 2.235842 0.000000 0.000000 0.000000 1.000000 0.000000 0.000000
29.000000 29.266704 13.905507 0.777768 2.242535 0.000000 0.000000 0.000000 1.000000 0.000000 0.000000
29.000000 29.272601 13.891249 0.782443 2.256678 0.000000 0.000000 0.000000 1.000000 0.000000 0.000000
29.000000 29.273916 13.911411 0.792654 2.232951 0.000000 0.000000 0.000000 1.000000 0.000000 0.000000
29.000000 29.276736 13.836163 0.788805 2.233857 0.000000 0.000000 0.000000 1.000000 0.000000 0.000000
29.000000 29.282579 13.815743 0.795476 2.249749 0.000000 0.000000 0.000000 1.000000 0.000000 0.000000
29.000000 29.283975 13.831608 0.803659 2.227102 0.000000 0.000000 0.000000 1.000000 0.000000 0.000000
29.000000 29.286940 13.759030 0.799882 2.228739 0.000000 0.000000 0.000000 1.000000 0.000000 0.000000
29.000000 29.292579 13.732375 0.808518 2.243365 0.000000 0.000000 0.000000 1.000000 0.000000 0.000000
29.000000 29.293810 13.744771 0.815187 2.218197 0.000000 0.000000 0.000000 1.000000 0.000000 0.000000
29.000000 29.296815 13.681188 0.811643 2.220110 0.000000 0.000000 0.000000 1.000000 0.000000 0.000000
29.000000 29.302546 13.651536 0.821319 2.238252 0.000000 0.000000 0.000000 1.000000 0.000000 0.000000
29.000000 29.304115 13.666825 0.829456 2.212035 0.000000 0.000000 0.000000 1.000000 0.000000 0.000000
29.000000 29.306766 13.583025 0.825061 2.212156 0.000000 0.000000 0.000000 1.000000 0.000000 0.000000
29.000000 29.312695 13.559922 0.832624 2.226516 0.000000 0.000000 0.000000 1.000000 0.000000 0.000000
29.000000 29.314074 13.575760 0.841053 2.202885 0.000000 0.000000 0.000000 1.000000 0.000000 0.000000
29.000000 29.316753 13.505344 0.837327 2.201301 0.000000 0.000000 0.000000 1.000000 0.000000 0.000000
29.000000 29.322607 13.485802 0.843756 2.212962 0.000000 0.000000 0.000000 1.000000 0.000000 0.000000
29.000000 29.324028 13.508490 0.855611 2.190271 0.000000 0.000000 0.000000 1.000000 0.000000 0.000000
29.000000 29.326966 13.410077 0.850615 2.193167 0.000000 0.000000 0.000000 1.000000 0.000000 0.000000
29.000000 29.332612 13.398578 0.854414 2.202800 0.000000 0.000000 0.000000 1.000000 0.000000 0.000000
29.000000 29.333944 13.412037 0.861772 2.179549 0.000000 0.000000 0.000000 1.000000 0.000000 0.000000
29.000000 29.336712 13.341469 0.857929 2.178348 0.000000 0.000000 0.000000 1.000000 0.000000 0.000000
29.000000 29.342563 13.317400 0.865885 2.190798 0.000000 0.000000 0.000000 1.000000 0.000000 0.000000
29.000000 29.344078 13.335881 0.875853 2.166043 0.000000 0.000000 0.000000 1.000000 0.000000 0.000000
29.000000 29.346705 13.240194 0.870727 2.168398 0.000000 0.000000 0.000000 1.000000 0.000000 0.000000
29.000000 29.352705 13.234488 0.872661 2.179200 0.000000 0.000000 0.000000 1.000000 0.000000 0.000000
29.000000 29.353851 13.257281 0.884948 2.152162 0.000000 0.000000 0.000000 1.000000 0.000000 0.000000
29.000000 29.357033 13.161724 0.879761 2.152847 0.000000 0.000000 0.000000 1.000000 0.000000 0.000000
29.000000 29.362745 13.149464 0.883891 2.164635 0.000000 0.000000 0.000000 1.000000 0.000000 0.000000
29.000000 29.364044 13.173884 0.897067 2.138026 0.000000 0.000000 0.000000 1.000000 0.000000 0.000000
29.000000 29.366849 13.085084 0.892162 2.136996 0.000000 0.000000 0.000000 1.000000 0.000000 0.000000
29.000000 29.372695 13.074809 0.895662 2.147989 0.000000 0.000000 0.000000 1.000000 0.000000 0.000000
29.000000 29.373923 13.086454 0.902371 2.122473 0.000000 0.000000 0.000000 1.000000 0.000000 0.000000
29.000000 29.376792 13.007291 0.897843 2.119560 0.000000 0.000000 0.000000 1.000000 0.000000 0.000000
29.000000 29.382586 12.987109 0.904680 2.133101 0.000000 0.000000 0.000000 1.000000 0.000000 0.000000
29.000000 29.384002 13.004658 0.914425 2.108733 0.000000 0.000000 0.000000 1.000000 0.000000 0.000000
29.000000 29.386855 12.928878 0.910047 2.106130 0.000000 0.000000 0.000000 1.000000 0.000000 0.000000
29.000000 29.392841 12.906799 0.917321 2.114264 0.000000 0.000000 0.000000 1.000000 0.000000 0.000000
29.000000 29.393980 12.928296 0.929409 2.087907 0.000000 0.000000 0.000000 1.000000 0.000000 0.000000
29.000000 29.396753 12.840821 0.924480 2.089532 0.000000 0.000000 0.000000 1.000000 0.000000 0.000000
29.000000 29.402693 12.827007 0.929094 2.097448 0.000000 0.000000 0.000000 1.000000 0.000000 0.000000
29.000000 29.404004 12.845762 0.939805 2.070491 0.000000 0.000000 0.000000 1.000000 0.000000 0.000000
29.000000 29.406727 12.756900 0.934619 2.071179 0.000000 0.000000 0.000000 1.000000 0.000000 0.000000
29.000000 29.412689 12.738566 0.940783 2.081579 0.000000 0.000000 0.000000 1.000000 0.000000 0.000000
29.000000 29.414045 12.756604 0.951272 2.052843 0.000000 0.000000 0.000000 1.000000 0.000000 0.000000
29.000000 29.416763 12.677553 0.946510 2.049770 0.000000 0.000000 0.000000 1.000000 0.000000 0.000000
29.000000 29.422778 12.663603 0.951145 2.057220 0.000000 0.000000 0.000000 1.000000 0.000000 0.000000
29.000000 29.423978 12.677081 0.959336 2.030073 0.000000 0.000000 0.000000 1.000000 0.000000 0.000000
29.000000 29.426826 12.593868 0.954349 2.030215 0.000000 0.000000 0.000000 1.000000 0.000000 0.000000
29.000000 29.432922 12.575212 0.960669 2.040226 0.000000 0.000000 0.000000 1.000000 0.000000 0.000000
29.000000 29.433951 12.597499 0.973447 2.014638 0.000000 0.000000 0.000000 1.000000 0.000000 0.000000
29.000000 29.436830 12.514960 0.968606 2.011403 0.000000 0.000000 0.000000 1.000000 0.000000 0.000000
29.000000 29.442739 12.497841 0.974299 2.015350 0.000000 0.000000 0.000000 1.000000 0.000000 0.000000
29.000000 29.444127 12.512950 0.983454 1.989234 0.000000 0.000000 0.000000 1.000000 0.000000 0.000000
29.000000 29.446757 12.432891 0.978645 1.986502 0.000000 0.000000 0.000000 1.000000 0.000000 0.000000
29.000000 29.452662 12.419914 0.983002 1.991456 0.000000 0.000000 0.000000 1.000000 0.000000 0.000000
29.000000 29.453929 12.438171 0.993890 1.965118 0.000000 0.000000 0.000000 1.000000 0.000000 0.000000
29.000000 29.456778 12.354383 0.988651 1.966621 0.000000 0.000000 0.000000 1.000000 0.000000 0.000000
29.000000 29.462627 12.337237 0.994283 1.971749 0.000000 0.000000 0.000000 1.000000 0.000000 0.000000
29.000000 29.464186 12.350902 1.003051 1.943478 0.000000 0.000000 0.000000 1.000000 0.000000 0.000000
29.000000 29.466790 12.272684 0.998295 1.940990 0.000000 0.000000 0.000000 1.000000 0.000000 0.000000
29.000000 29.472608 12.248943 1.006294 1.945898 0.000000 0.000000 0.000000 1.000000 0.000000 0.000000
29.000000 29.474089 12.261619 1.014452 1.918339 0.000000 0.000000 0.000000 1.000000 0.000000 0.000000
29.000000 29.476699 12.191964 1.009970 1.913461 0.000000 0.000000 0.000000 1.000000 0.000000 0.000000
29.000000 29.482604 12.172075 1.016746 1.920509 0.000000 0.000000 0.000000 1.000000 0.000000 0.000000
29.000000 29.484072 12.192251 1.029124 1.890251 0.000000 0.000000 0.000000 1.000000 0.000000 0.000000
29.000000 29.486806 12.104472 1.023448 1.887601 0.000000 0.000000 0.000000 1.000000 0.000000 0.000000
29.000000 29.492855 12.091168 1.027913 1.892859 0.000000 0.000000 0.000000 1.000000 0.000000 0.000000
29.000000 29.494134 12.117179 1.043673 1.861814 0.000000 0.000000 0.000000 1.000000 0.000000 0.000000
29.000000 29.496771 12.022272 1.037521 1.862920 0.000000 0.000000 0.000000 1.000000 0.000000 0.000000
29.000000 29.502612 12.009759 1.041765 1.868928 0.000000 0.000000 0.000000 1.000000 0.000000 0.000000
29.000000 29.504099 12.025999 1.052171 1.840706 0.000000 0.000000 0.000000 1.000000 0.000000 0.000000
29.000000 29.506800 11.937839 1.046416 1.839967 0.000000 0.000000 0.000000 1.000000 0.000000 0.000000
29.000000 29.512681 11.927565 1.049747 1.841666 0.000000 0.000000 0.000000 1.000000 0.000000 0.000000
29.000000 29.513934 11.941338 1.059067 1.811854 0.000000 0.000000 0.000000 1.000000 0.000000 0.000000
29.000000 29.516817 11.873435 1.054469 1.808578 0.000000 0.000000 0.000000 1.000000 0.000000 0.000000
29.000000 29.522691 11.855930 1.060245 1.810540 0.000000 0.000000 0.000000 1.000000 0.000000 0.000000
29.000000 29.524080 11.872751 1.071427 1.779596 0.000000 0.000000 0.000000 1.000000 0.000000 0.000000
29.000000 29.526891 11.791113 1.065934 1.779386 0.000000 0.000000 0.000000 1.000000 0.000000 0.000000
29.000000 29.532794 11.773614 1.071540 1.778175 0.000000 0.000000 0.000000 1.000000 0.000000 0.000000
29.000000 29.534075 11.795449 1.085910 1.743944 0.000000 0.000000 0.000000 1.000000 0.000000 0.000000
29.000000 29.537025 11.710180 1.080144 1.745137 0.000000 0.000000 0.000000 1.000000 0.000000 0.000000
29.000000 29.542812 11.700532 1.083074 1.742943 0.000000 0.000000 0.000000 1.000000 0.000000 0.000000
29.000000 29.544021 11.722123 1.097207 1.712138 0.000000 0.000000 0.000000 1.000000 0.000000 0.000000
29.000000 29.546956 11.627676 1.090874 1.716493 0.000000 0.000000 0.000000 1.000000 0.000000 0.000000
29.000000 29.552753 11.621139 1.092667 1.712096 0.000000 0.000000 0.000000 1.000000 0.000000 0.000000
29.000000 29.554053 11.640627 1.105780 1.681097 0.000000 0.000000 0.000000 1.000000 0.000000 0.000000
29.000000 29.557010 11.549647 1.099642 1.684042 0.000000 0.000000 0.000000 1.000000 0.000000 0.000000
29.000000 29.562608 11.527699 1.106781 1.681404 0.000000 0.000000 0.000000 1.000000 0.000000 0.000000
29.000000 29.564029 11.541049 1.116632 1.649607 0.000000 0.000000 0.000000 1.000000 0.000000 0.000000
29.000000 29.566949 11.472427 1.111785 1.647735 0.000000 0.000000 0.000000 1.000000 0.000000 0.000000
29.000000 29.572712 11.468319 1.112928 1.646077 0.000000 0.000000 0.000000 1.000000 0.000000 0.000000
29.000000 29.573982 11.489363 1.126922 1.616483 0.000000 0.000000 0.000000 1.000000 0.000000 0.000000
29.000000 29.576802 11.401346 1.120913 1.614756 0.000000 0.000000 0.000000 1.000000 0.000000 0.000000
29.000000 29.582673 11.387407 1.125323 1.610153 0.000000 0.000000 0.000000 1.000000 0.000000 0.000000
29.000000 29.584165 11.407480 1.138921 1.580864 0.000000 0.000000 0.000000 1.000000 0.000000 0.000000
29.000000 29.586840 11.318782 1.132668 1.583959 0.000000 0.000000 0.000000 1.000000 0.000000 0.000000
29.000000 29.592771 11.304770 1.137107 1.581010 0.000000 0.000000 0.000000 1.000000 0.000000 0.000000
29.000000 29.593961 11.319414 1.148098 1.547205 0.000000 0.000000 0.000000 1.000000 0.000000 0.000000
29.000000 29.596823 11.237668 1.142257 1.543587 0.000000 0.000000 0.000000 1.000000 0.000000 0.000000
29.000000 29.602654 11.217604 1.148780 1.540000 0.000000 0.000000 0.000000 1.000000 0.000000 0.000000
29.000000 29.604015 11.229013 1.157764 1.510334 0.000000 0.000000 0.000000 1.000000 0.000000 0.000000
29.000000 29.606889 11.160245 1.152882 1.505715 0.000000 0.000000 0.000000 1.000000 0.000000 0.000000
29.000000 29.612880 11.139491 1.159780 1.503067 0.000000 0.000000 0.000000 1.000000 0.000000 0.000000
29.000000 29.614028 11.150517 1.168537 1.473201 0.000000 0.000000 0.000000 1.000000 0.000000 0.000000
29.000000 29.616867 11.084565 1.163567 1.468860 0.000000 0.000000 0.000000 1.000000 0.000000 0.000000
29.000000 29.622744 11.070596 1.167965 1.465235 0.000000 0.000000 0.000000 1.000000 0.000000 0.000000
29.000000 29.624052 11.075911 1.173849 1.432822 0.000000 0.000000 0.000000 1.000000 0.000000 0.000000
29.000000 29.626849 11.015591 1.169298 1.425986 0.000000 0.000000 0.000000 1.000000 0.000000 0.000000
29.000000 29.632835 10.987246 1.178746 1.423576 0.000000 0.000000 0.000000 1.000000 0.000000 0.000000
29.000000 29.634011 10.999469 1.188648 1.392361 0.000000 0.000000 0.000000 1.000000 0.000000 0.000000
29.000000 29.637142 10.926543 1.183200 1.390459 0.000000 0.000000 0.000000 1.000000 0.000000 0.000000
29.000000 29.642721 10.900442 1.192104 1.390883 0.000000 0.000000 0.000000 1.000000 0.000000 0.000000
29.000000 29.644062 10.907615 1.198993 1.360091 0.000000 0.000000 0.000000 1.000000 0.000000 0.000000
29.000000 29.646919 10.868446 1.195850 1.346998 0.000000 0.000000 0.000000 1.000000 0.000000 0.000000
29.000000 29.652742 10.833029 1.207971 1.347575 0.000000 0.000000 0.000000 1.000000 0.000000 0.000000
29.000000 29.654050 10.838997 1.214386 1.315788 0.000000 0.000000 0.000000 1.000000 0.000000 0.000000
29.000000 29.656832 10.773203 1.209315 1.307187 0.000000 0.000000 0.000000 1.000000 0.000000 0.000000
29.000000 29.662706 10.748718 1.217306 1.301654 0.000000 0.000000 0.000000 1.000000 0.000000 0.000000
29.000000 29.664091 10.746270 1.218827 1.271842 0.000000 0.000000 0.000000 1.000000 0.000000 0.000000
29.000000 29.666892 10.684600 1.213956 1.267726 0.000000 0.000000 0.000000 1.000000 0.000000 0.000000
29.000000 29.672833 10.660025 1.221990 1.263140 0.000000 0.000000 0.000000 1.000000 0.000000 0.000000
29.000000 29.674172 10.675517 1.234839 1.226329 0.000000 0.000000 0.000000 1.000000 0.000000 0.000000
29.000000 29.676875 10.611141 1.229726 1.220159 0.000000 0.000000 0.000000 1.000000 0.000000 0.000000
29.000000 29.682663 10.593070 1.235326 1.212499 0.000000 0.000000 0.000000 1.000000 0.000000 0.000000
29.000000 29.684272 10.592494 1.238196 1.182549 0.000000 0.000000 0.000000 1.000000 0.000000 0.000000
29.000000 29.686873 10.527655 1.233004 1.181633 0.000000 0.000000 0.000000 1.000000 0.000000 0.000000
29.000000 29.692766 10.496362 1.243213 1.175067 0.000000 0.000000 0.000000 1.000000 0.000000 0.000000
29.000000 29.693967 10.500460 1.249380 1.141960 0.000000 0.000000 0.000000 1.000000 0.000000 0.000000
29.000000 29.697034 10.450308 1.245285 1.138718 0.000000 0.000000 0.000000 1.000000 0.000000 0.000000
29.000000 29.702727 10.421579 1.254414 1.129406 0.000000 0.000000 0.000000 1.000000 0.000000 0.000000
29.000000 29.704087 10.422683 1.259052 1.095383 0.000000 0.000000 0.000000 1.000000 0.000000 0.000000
29.000000 29.707099 10.383040 1.255687 1.090907 0.000000 0.000000 0.000000 1.000000 0.000000 0.000000
29.000000 29.712778 10.348023 1.267285 1.085750 0.000000 0.000000 0.000000 1.000000 0.000000 0.000000
29.000000 29.714049 10.353020 1.274508 1.049391 0.000000 0.000000 0.000000 1.000000 0.000000 0.000000
29.000000 29.717006 10.304084 1.270304 1.044237 0.000000 0.000000 0.000000 1.000000 0.000000 0.000000
29.000000 29.722732 10.279291 1.277970 1.034357 0.000000 0.000000 0.000000 1.000000 0.000000 0.000000
29.000000 29.724067 10.286895 1.287112 0.996929 0.000000 0.000000 0.000000 1.000000 0.000000 0.000000
29.000000 29.726938 10.219341 1.281348 0.999647 0.000000 0.000000 0.000000 1.000000 0.000000 0.000000
29.000000 29.732796 10.202282 1.286160 0.988217 0.000000 0.000000 0.000000 1.000000 0.000000 0.000000
29.000000 29.734071 10.211521 1.296614 0.949330 0.000000 0.000000 0.000000 1.000000 0.000000 0.000000
29.000000 29.737240 10.158766 1.292179 0.944777 0.000000 0.000000 0.000000 1.000000 0.000000 0.000000
29.000000 29.742797 10.125177 1.302961 0.934845 0.000000 0.000000 0.000000 1.000000 0.000000 0.000000
29.000000 29.744138 10.118459 1.302953 0.903797 0.000000 0.000000 0.000000 1.000000 0.000000 0.000000
29.000000 29.747071 10.067065 1.298915 0.895321 0.000000 0.000000 0.000000 1.000000 0.000000 0.000000
29.000000 29.752808 10.035961 1.308896 0.883697 0.000000 0.000000 0.000000 1.000000 0.000000 0.000000
29.000000 29.754070 10.037562 1.313736 0.853588 0.000000 0.000000 0.000000 1.000000 0.000000 0.000000
29.000000 29.757218 9.981064 1.309261 0.843268 0.000000 0.000000 0.000000 1.000000 0.000000 0.000000
29.000000 29.762797 9.958531 1.316125 0.829696 0.000000 0.000000 0.000000 1.000000 0.000000 0.000000
29.000000 29.764140 9.966615 1.324848 0.800804 0.000000 0.000000 0.000000 1.000000 0.000000 0.000000
29.000000 29.766965 9.919589 1.320937 0.793755 0.000000 0.000000 0.000000 1.000000 0.000000 0.000000
29.000000 29.772906 9.888527 1.330545 0.779433 0.000000 0.000000 0.000000 1.000000 0.000000 0.000000
29.000000 29.774127 9.887062 1.334068 0.748279 0.000000 0.000000 0.000000 1.000000 0.000000 0.000000
29.000000 29.777111 9.837024 1.329917 0.743994 0.000000 0.000000 0.000000 1.000000 0.000000 0.000000
29.000000 29.782737 9.811066 1.337669 0.728747 0.000000 0.000000 0.000000 1.000000 0.000000 0.000000
29.000000 29.784262 9.816828 1.346028 0.695012 0.000000 0.000000 0.000000 1.000000 0.000000 0.000000
29.000000 29.786959 9.782951 1.343193 0.685347 0.000000 0.000000 0.000000 1.000000 0.000000 0.000000
29.000000 29.792808 9.742768 1.356079 0.672478 0.000000 0.000000 0.000000 1.000000 0.000000 0.000000
29.000000 29.794102 9.731536 1.353627 0.642427 0.000000 0.000000 0.000000 1.000000 0.000000 0.000000
29.000000 29.797088 9.692050 1.350374 0.633173 0.000000 0.000000 0.000000 1.000000 0.000000 0.000000
29.000000 29.802745 9.660996 1.359768 0.616432 0.000000 0.000000 0.000000 1.000000 0.000000 0.000000
29.000000 29.804051 9.667023 1.368567 0.583052 0.000000 0.000000 0.000000 1.000000 0.000000 0.000000
29.000000 29.807358 9.601761 1.363033 0.581519 0.000000 0.000000 0.000000 1.000000 0.000000 0.000000
29.000000 29.812845 9.579673 1.368843 0.560223 0.000000 0.000000 0.000000 1.000000 0.000000 0.000000
29.000000 29.814070 9.588245 1.379576 0.525914 0.000000 0.000000 0.000000 1.000000 0.000000 0.000000
29.000000 29.817274 9.522718 1.373941 0.526957 0.000000 0.000000 0.000000 1.000000 0.000000 0.000000
29.000000 29.822712 9.508622 1.376585 0.502419 0.000000 0.000000 0.000000 1.000000 0.000000 0.000000
29.000000 29.824183 9.518761 1.388589 0.467538 0.000000 0.000000 0.000000 1.000000 0.000000 0.000000
29.000000 29.827185 9.484925 1.385883 0.459592 0.000000 0.000000 0.000000 1.000000 0.000000 0.000000
29.000000 29.832809 9.448243 1.396868 0.439602 0.000000 0.000000 0.000000 1.000000 0.000000 0.000000
29.000000 29.834103 9.442872 1.398528 0.409937 0.000000 0.000000 0.000000 1.000000 0.000000 0.000000
29.000000 29.837140 9.389541 1.393966 0.409031 0.000000 0.000000 0.000000 1.000000 0.000000 0.000000
29.000000 29.842735 9.358436 1.402702 0.386566 0.000000 0.000000 0.000000 1.000000 0.000000 0.000000
29.000000 29.844163 9.351287 1.403420 0.356971 0.000000 0.000000 0.000000 1.000000 0.000000 0.000000
29.000000 29.847131 9.351142 1.403869 0.340224 0.000000 0.000000 0.000000 1.000000 0.000000 0.000000
29.000000 29.852752 9.295414 1.421595 0.321575 0.000000 0.000000 0.000000 1.000000 0.000000 0.000000
29.000000 29.854117 9.283487 1.419365 0.292430 0.000000 0.000000 0.000000 1.000000 0.000000 0.000000
29.000000 29.857064 9.235344 1.415235 0.291357 0.000000 0.000000 0.000000 1.000000 0.000000 0.000000
29.000000 29.862739 9.205416 1.423136 0.265543 0.000000 0.000000 0.000000 1.000000 0.000000 0.000000
29.000000 29.864102 9.195662 1.422469 0.236250 0.000000 0.000000 0.000000 1.000000 0.000000 0.000000
29.000000 29.866993 9.163662 1.419842 0.232708 0.000000 0.000000 0.000000 1.000000 0.000000 0.000000
29.000000 29.872865 9.129269 1.429250 0.206840 0.000000 0.000000 0.000000 1.000000 0.000000 0.000000
29.000000 29.874278 9.127862 1.434701 0.173536 0.000000 0.000000 0.000000 1.000000 0.000000 0.000000
29.000000 29.877050 9.107997 1.433380 0.163555 0.000000 0.000000 0.000000 1.000000 0.000000 0.000000
29.000000 29.882771 9.064655 1.446212 0.140192 0.000000 0.000000 0.000000 1.000000 0.000000 0.000000
29.000000 29.884264 9.051861 1.443455 0.112679 0.000000 0.000000 0.000000 1.000000 0.000000 0.000000
29.000000 29.887112 9.044608 1.443273 0.099262 0.000000 0.000000 0.000000 1.000000 0.000000 0.000000
29.000000 29.892798 8.994870 1.458043 0.074149 0.000000 0.000000 0.000000 1.000000 0.000000 0.000000
29.000000 29.894035 8.979646 1.454044 0.046764 0.000000 0.000000 0.000000 1.000000 0.000000 0.000000
29.000000 29.897104 8.977887 1.454548 0.034025 0.000000 0.000000 0.000000 1.000000 0.000000 0.000000
29.000000 29.902827 8.924107 1.471037 0.011717 0.000000 0.000000 0.000000 1.000000 0.000000 0.000000
29.000000 29.904033 8.902462 1.461219 -0.005917 0.000000 0.000000 0.000000 1.000000 0.000000 0.000000
29.000000 29.907051 8.890745 1.459597 0.009324 0.000000 0.000000 0.000000 1.000000 0.000000 0.000000
29.000000 29.912835 8.865486 1.470586 0.030456 0.000000 0.000000 0.000000 1.000000 0.000000 0.000000
29.000000 29.914070 8.859064 1.464247 0.042634 0.000000 0.000000 0.000000 1.000000 0.000000 0.000000
29.000000 29.917156 8.844756 1.462350 0.061535 0.000000 0.000000 0.000000 1.000000 0.000000 0.000000
29.000000 29.922832 8.814971 1.475178 0.084764 0.000000 0.000000 0.000000 1.000000 0.000000 0.000000
29.000000 29.924087 8.815114 1.473950 0.091698 0.000000 0.000000 0.000000 1.000000 0.000000 0.000000
29.000000 29.927052 8.826373 1.474715 0.097161 0.000000 0.000000 0.000000 1.000000 0.000000 0.000000
29.000000 29.932962 8.776682 1.495470 0.127700 0.000000 0.000000 0.000000 1.000000 0.000000 0.000000
29.000000 29.934085 8.763050 1.483875 0.142129 0.000000 0.000000 0.000000 1.000000 0.000000 0.000000
29.000000 29.937168 8.759044 1.483095 0.152127 0.000000 0.000000 0.000000 1.000000 0.000000 0.000000
29.000000 29.942860 8.722575 1.498725 0.178096 0.000000 0.000000 0.000000 1.000000 0.000000 0.000000
29.000000 29.944066 8.715456 1.491641 0.190957 0.000000 0.000000 0.000000 1.000000 0.000000 0.000000
29.000000 29.946998 8.716716 1.491510 0.198346 0.000000 0.000000 0.000000 1.000000 0.000000 0.000000
29.000000 29.952875 8.679906 1.507251 0.223359 0.000000 0.000000 0.000000 1.000000 0.000000 0.000000
29.000000 29.954134 8.669466 1.497834 0.236742 0.000000 0.000000 0.000000 1.000000 0.000000 0.000000
29.000000 29.957151 8.663716 1.496911 0.245912 0.000000 0.000000 0.000000 1.000000 0.000000 0.000000
29.000000 29.962744 8.631123 1.511062 0.270111 0.000000 0.000000 0.000000 1.000000 0.000000 0.000000
29.000000 29.964110 8.626737 1.506142 0.280502 0.000000 0.000000 0.000000 1.000000 0.000000 0.000000
29.000000 29.967101 8.614868 1.504443 0.293178 0.000000 0.000000 0.000000 1.000000 0.000000 0.000000
29.000000 29.972949 8.585124 1.517374 0.316222 0.000000 0.000000 0.000000 1.000000 0.000000 0.000000
29.000000 29.974065 8.580683 1.512807 0.324749 0.000000 0.000000 0.000000 1.000000 0.000000 0.000000
29.000000 29.977140 8.567987 1.511162 0.335760 0.000000 0.000000 0.000000 1.000000 0.000000 0.000000
29.000000 29.982945 8.529609 1.527516 0.360627 0.000000 0.000000 0.000000 1.000000 0.000000 0.000000
29.000000 29.984111 8.517639 1.517453 0.371382 0.000000 0.000000 0.000000 1.000000 0.000000 0.000000
29.000000 29.987024 8.549612 1.520450 0.367903 0.000000 0.000000 0.000000 1.000000 0.000000 0.000000
29.000000 29.992957 8.498598 1.542060 0.399439 0.000000 0.000000 0.000000 1.000000 0.000000 0.000000
29.000000 29.994098 8.476023 1.524115 0.413961 0.000000 0.000000 0.000000 1.000000 0.000000 0.000000
29.000000 29.997304 8.480713 1.524137 0.418461 0.000000 0.000000 0.000000 1.000000 0.000000 0.000000
29.000000 30.002860 8.443543 1.540279 0.445455 0.000000 0.000000 0.000000 1.000000 0.000000 0.000000
29.000000 30.004137 8.431503 1.530321 0.454725 0.000000 0.000000 0.000000 1.000000 0.000000 0.000000
29.000000 30.007115 8.436128 1.530329 0.459288 0.000000 0.000000 0.000000 1.000000 0.000000 0.000000
29.000000 30.012932 8.398191 1.546826 0.486746 0.000000 0.000000 0.000000 1.000000 0.000000 0.000000
29.000000 30.014118 8.383585 1.535075 0.496028 0.000000 0.000000 0.000000 1.000000 0.000000 0.000000
29.000000 30.017229 8.397503 1.536161 0.495631 0.000000 0.000000 0.000000 1.000000 0.000000 0.000000
29.000000 30.022997 8.350452 1.555796 0.521117 0.000000 0.000000 0.000000 1.000000 0.000000 0.000000
29.000000 30.024186 8.340213 1.547467 0.528253 0.000000 0.000000 0.000000 1.000000 0.000000 0.000000
29.000000 30.027046 8.354983 1.548665 0.530356 0.000000 0.000000 0.000000 1.000000 0.000000 0.000000
29.000000 30.033078 8.307928 1.568674 0.558962 0.000000 0.000000 0.000000 1.000000 0.000000 0.000000
29.000000 30.034097 8.293753 1.556866 0.569944 0.000000 0.000000 0.000000 1.000000 0.000000 0.000000
29.000000 30.037214 8.297819 1.557061 0.572147 0.000000 0.000000 0.000000 1.000000 0.000000 0.000000
29.000000 30.042837 8.260180 1.573488 0.597765 0.000000 0.000000 0.000000 1.000000 0.000000 0.000000
29.000000 30.044101 8.248155 1.563345 0.606640 0.000000 0.000000 0.000000 1.000000 0.000000 0.000000
29.000000 30.047060 8.260290 1.564343 0.603690 0.000000 0.000000 0.000000 1.000000 0.000000 0.000000
29.000000 30.053100 8.216905 1.583017 0.630959 0.000000 0.000000 0.000000 1.000000 0.000000 0.000000
29.000000 30.054088 8.195831 1.566108 0.642958 0.000000 0.000000 0.000000 1.000000 0.000000 0.000000
29.000000 30.057143 8.217424 1.568171 0.638877 0.000000 0.000000 0.000000 1.000000 0.000000 0.000000
29.000000 30.062938 8.166445 1.590054 0.669593 0.000000 0.000000 0.000000 1.000000 0.000000 0.000000
29.000000 30.064148 8.151178 1.577789 0.677042 0.000000 0.000000 0.000000 1.000000 0.000000 0.000000
29.000000 30.067203 8.151201 1.577294 0.677560 0.000000 0.000000 0.000000 1.000000 0.000000 0.000000
29.000000 30.073013 8.117197 1.592246 0.702279 0.000000 0.000000 0.000000 1.000000 0.000000 0.000000
29.000000 30.074146 8.109181 1.585494 0.707584 0.000000 0.000000 0.000000 1.000000 0.000000 0.000000
29.000000 30.077365 8.122959 1.586715 0.705084 0.000000 0.000000 0.000000 1.000000 0.000000 0.000000
29.000000 30.083000 8.077003 1.606724 0.734789 0.000000 0.000000 0.000000 1.000000 0.000000 0.000000
29.000000 30.084143 8.058149 1.591326 0.745288 0.000000 0.000000 0.000000 1.000000 0.000000 0.000000
29.000000 30.087241 8.064668 1.591682 0.743642 0.000000 0.000000 0.000000 1.000000 0.000000 0.000000
29.000000 30.093065 8.026241 1.608566 0.769908 0.000000 0.000000 0.000000 1.000000 0.000000 0.000000
29.000000 30.094221 8.013043 1.598040 0.774978 0.000000 0.000000 0.000000 1.000000 0.000000 0.000000
29.000000 30.097400 8.008780 1.597183 0.774051 0.000000 0.000000 0.000000 1.000000 0.000000 0.000000
29.000000 30.102949 7.973497 1.613002 0.800496 0.000000 0.000000 0.000000 1.000000 0.000000 0.000000
29.000000 30.104232 7.955033 1.598184 0.808308 0.000000 0.000000 0.000000 1.000000 0.000000 0.000000
29.000000 30.107286 7.973534 1.599808 0.802841 0.000000 0.000000 0.000000 1.000000 0.000000 0.000000
29.000000 30.112939 7.925383 1.620913 0.834471 0.000000 0.000000 0.000000 1.000000 0.000000 0.000000
29.000000 30.114280 7.917298 1.614417 0.836315 0.000000 0.000000 0.000000 1.000000 0.000000 0.000000
29.000000 30.117126 7.927600 1.615132 0.830620 0.000000 0.000000 0.000000 1.000000 0.000000 0.000000
29.000000 30.122837 7.888669 1.632302 0.857395 0.000000 0.000000 0.000000 1.000000 0.000000 0.000000
29.000000 30.124364 7.860588 1.610691 0.864378 0.000000 0.000000 0.000000 1.000000 0.000000 0.000000
29.000000 30.127065 7.883349 1.613040 0.853267 0.000000 0.000000 0.000000 1.000000 0.000000 0.000000
29.000000 30.132933 7.842935 1.630826 0.878973 0.000000 0.000000 0.000000 1.000000 0.000000 0.000000
29.000000 30.134077 7.826977 1.617720 0.886587 0.000000 0.000000 0.000000 1.000000 0.000000 0.000000
29.000000 30.137191 7.849680 1.619925 0.881095 0.000000 0.000000 0.000000 1.000000 0.000000 0.000000
29.000000 30.142884 7.800914 1.640911 0.908480 0.000000 0.000000 0.000000 1.000000 0.000000 0.000000
29.000000 30.144130 7.791478 1.633611 0.909840 0.000000 0.000000 0.000000 1.000000 0.000000 0.000000
29.000000 30.147118 7.782483 1.632015 0.913309 0.000000 0.000000 0.000000 1.000000 0.000000 0.000000
29.000000 30.152988 7.741432 1.649874 0.938409 0.000000 0.000000 0.000000 1.000000 0.000000 0.000000
29.000000 30.154191 7.728049 1.639860 0.938769 0.000000 0.000000 0.000000 1.000000 0.000000 0.000000
29.000000 30.157416 7.734418 1.640187 0.935393 0.000000 0.000000 0.000000 1.000000 0.000000 0.000000
29.000000 30.162876 7.695612 1.657453 0.961745 0.000000 0.000000 0.000000 1.000000 0.000000 0.000000
29.000000 30.164074 7.679268 1.644645 0.964823 0.000000 0.000000 0.000000 1.000000 0.000000 0.000000
29.000000 30.167228 7.700700 1.646684 0.957427 0.000000 0.000000 0.000000 1.000000 0.000000 0.000000
29.000000 30.172948 7.655723 1.666201 0.983659 0.000000 0.000000 0.000000 1.000000 0.000000 0.000000
29.000000 30.174087 7.634371 1.649932 0.986079 0.000000 0.000000 0.000000 1.000000 0.000000 0.000000
29.000000 30.177206 7.662150 1.652820 0.977598 0.000000 0.000000 0.000000 1.000000 0.000000 0.000000
29.000000 30.182869 7.614201 1.673495 1.003527 0.000000 0.000000 0.000000 1.000000 0.000000 0.000000
29.000000 30.184199 7.596573 1.660039 1.005192 0.000000 0.000000 0.000000 1.000000 0.000000 0.000000
29.000000 30.187111 7.620215 1.662636 0.995511 0.000000 0.000000 0.000000 1.000000 0.000000 0.000000
29.000000 30.192938 7.567974 1.685335 1.023608 0.000000 0.000000 0.000000 1.000000 0.000000 0.000000
29.000000 30.194125 7.543388 1.666051 1.027970 0.000000 0.000000 0.000000 1.000000 0.000000 0.000000
29.000000 30.197248 7.571967 1.669111 1.016239 0.000000 0.000000 0.000000 1.000000 0.000000 0.000000
29.000000 30.202921 7.520326 1.691651 1.045385 0.000000 0.000000 0.000000 1.000000 0.000000 0.000000
29.000000 30.204104 7.491853 1.669450 1.049736 0.000000 0.000000 0.000000 1.000000 0.000000 0.000000
29.000000 30.207167 7.528970 1.673663 1.034729 0.000000 0.000000 0.000000 1.000000 0.000000 0.000000
29.000000 30.213018 7.473574 1.698001 1.066229 0.000000 0.000000 0.000000 1.000000 0.000000 0.000000
29.000000 30.214107 7.449844 1.679296 1.069564 0.000000 0.000000 0.000000 1.000000 0.000000 0.000000
29.000000 30.217298 7.481372 1.682776 1.055051 0.000000 0.000000 0.000000 1.000000 0.000000 0.000000
29.000000 30.222902 7.431455 1.704783 1.084346 0.000000 0.000000 0.000000 1.000000 0.000000 0.000000
29.000000 30.224206 7.405841 1.684792 1.086888 0.000000 0.000000 0.000000 1.000000 0.000000 0.000000
29.000000 30.227095 7.445775 1.689396 1.069910 0.000000 0.000000 0.000000 1.000000 0.000000 0.000000
29.000000 30.233034 7.388092 1.714540 1.100295 0.000000 0.000000 0.000000 1.000000 0.000000 0.000000
29.000000 30.234247 7.362590 1.694836 1.101180 0.000000 0.000000 0.000000 1.000000 0.000000 0.000000
29.000000 30.237226 7.394726 1.698371 1.087173 0.000000 0.000000 0.000000 1.000000 0.000000 0.000000
29.000000 30.242969 7.336674 1.723657 1.117806 0.000000 0.000000 0.000000 1.000000 0.000000 0.000000
29.000000 30.244210 7.299078 1.694463 1.120665 0.000000 0.000000 0.000000 1.000000 0.000000 0.000000
29.000000 30.247085 7.357293 1.701407 1.099082 0.000000 0.000000 0.000000 1.000000 0.000000 0.000000
29.000000 30.253045 7.289023 1.731211 1.134197 0.000000 0.000000 0.000000 1.000000 0.000000 0.000000
29.000000 30.254189 7.251560 1.701640 1.138502 0.000000 0.000000 0.000000 1.000000 0.000000 0.000000
29.000000 30.257540 7.300877 1.707718 1.114825 0.000000 0.000000 0.000000 1.000000 0.000000 0.000000
29.000000 30.262936 7.243628 1.732861 1.143966 0.000000 0.000000 0.000000 1.000000 0.000000 0.000000
29.000000 30.264309 7.210156 1.706036 1.149284 0.000000 0.000000 0.000000 1.000000 0.000000 0.000000
29.000000 30.267265 7.262350 1.712503 1.126602 0.000000 0.000000 0.000000 1.000000 0.000000 0.000000
29.000000 30.273061 7.201096 1.739616 1.159168 0.000000 0.000000 0.000000 1.000000 0.000000 0.000000
29.000000 30.274227 7.171456 1.715895 1.162219 0.000000 0.000000 0.000000 1.000000 0.000000 0.000000
29.000000 30.277280 7.222772 1.722178 1.138632 0.000000 0.000000 0.000000 1.000000 0.000000 0.000000
29.000000 30.282959 7.156717 1.751080 1.171098 0.000000 0.000000 0.000000 1.000000 0.000000 0.000000
29.000000 30.284220 7.120684 1.722609 1.173391 0.000000 0.000000 0.000000 1.000000 0.000000 0.000000
29.000000 30.287233 7.179392 1.729902 1.148864 0.000000 0.000000 0.000000 1.000000 0.000000 0.000000
29.000000 30.293018 7.108473 1.760845 1.182396 0.000000 0.000000 0.000000 1.000000 0.000000 0.000000
29.000000 30.294206 7.066183 1.727184 1.186217 0.000000 0.000000 0.000000 1.000000 0.000000 0.000000
29.000000 30.297343 7.124632 1.734573 1.160997 0.000000 0.000000 0.000000 1.000000 0.000000 0.000000
29.000000 30.303018 7.061306 1.762174 1.189701 0.000000 0.000000 0.000000 1.000000 0.000000 0.000000
29.000000 30.304211 7.034414 1.741034 1.189814 0.000000 0.000000 0.000000 1.000000 0.000000 0.000000
29.000000 30.307241 7.070754 1.745587 1.172155 0.000000 0.000000 0.000000 1.000000 0.000000 0.000000
29.000000 30.313250 7.016627 1.769463 1.198781 0.000000 0.000000 0.000000 1.000000 0.000000 0.000000
29.000000 30.314222 6.986270 1.745385 1.199462 0.000000 0.000000 0.000000 1.000000 0.000000 0.000000
29.000000 30.317388 7.031563 1.751186 1.177641 0.000000 0.000000 0.000000 1.000000 0.000000 0.000000
29.000000 30.322998 6.978869 1.774573 1.204346 0.000000 0.000000 0.000000 1.000000 0.000000 0.000000
29.000000 30.324246 6.947901 1.749893 1.205086 0.000000 0.000000 0.000000 1.000000 0.000000 0.000000
29.000000 30.327260 6.988265 1.754928 1.185732 0.000000 0.000000 0.000000 1.000000 0.000000 0.000000
29.000000 30.333066 6.928675 1.780829 1.211159 0.000000 0.000000 0.000000 1.000000 0.000000 0.000000
29.000000 30.334337 6.901974 1.760329 1.207881 0.000000 0.000000 0.000000 1.000000 0.000000 0.000000
29.000000 30.337286 6.941143 1.765325 1.190376 0.000000 0.000000 0.000000 1.000000 0.000000 0.000000
29.000000 30.343115 6.889458 1.788280 1.216256 0.000000 0.000000 0.000000 1.000000 0.000000 0.000000
29.000000 30.344557 6.858685 1.763999 1.214830 0.000000 0.000000 0.000000 1.000000 0.000000 0.000000
29.000000 30.347167 6.903220 1.769773 1.192565 0.000000 0.000000 0.000000 1.000000 0.000000 0.000000
29.000000 30.353198 6.842243 1.796421 1.218442 0.000000 0.000000 0.000000 1.000000 0.000000 0.000000
29.000000 30.354271 6.812594 1.772929 1.217761 0.000000 0.000000 0.000000 1.000000 0.000000 0.000000
29.000000 30.357316 6.847925 1.777639 1.199111 0.000000 0.000000 0.000000 1.000000 0.000000 0.000000
29.000000 30.363075 6.787569 1.804000 1.223157 0.000000 0.000000 0.000000 1.000000 0.000000 0.000000
29.000000 30.364413 6.755051 1.777713 1.224674 0.000000 0.000000 0.000000 1.000000 0.000000 0.000000
29.000000 30.367223 6.808569 1.785029 1.201407 0.000000 0.000000 0.000000 1.000000 0.000000 0.000000
29.000000 30.373071 6.748723 1.811077 1.223976 0.000000 0.000000 0.000000 1.000000 0.000000 0.000000
29.000000 30.374260 6.707713 1.777974 1.225444 0.000000 0.000000 0.000000 1.000000 0.000000 0.000000
29.000000 30.377260 6.777028 1.787306 1.199724 0.000000 0.000000 0.000000 1.000000 0.000000 0.000000
29.000000 30.382973 6.710426 1.816324 1.225775 0.000000 0.000000 0.000000 1.000000 0.000000 0.000000
29.000000 30.384578 6.679504 1.792100 1.222571 0.000000 0.000000 0.000000 1.000000 0.000000 0.000000
29.000000 30.387267 6.718302 1.797219 1.205253 0.000000 0.000000 0.000000 1.000000 0.000000 0.000000
29.000000 30.393118 6.658908 1.823099 1.228075 0.000000 0.000000 0.000000 1.000000 0.000000 0.000000
29.000000 30.394374 6.620541 1.792448 1.227086 0.000000 0.000000 0.000000 1.000000 0.000000 0.000000
29.000000 30.397339 6.683235 1.801104 1.202578 0.000000 0.000000 0.000000 1.000000 0.000000 0.000000
29.000000 30.403029 6.617770 1.829851 1.228338 0.000000 0.000000 0.000000 1.000000 0.000000 0.000000
29.000000 30.404323 6.580826 1.800180 1.226875 0.000000 0.000000 0.000000 1.000000 0.000000 0.000000
29.000000 30.407272 6.640861 1.808457 1.201168 0.000000 0.000000 0.000000 1.000000 0.000000 0.000000
29.000000 30.413106 6.570578 1.839115 1.226868 0.000000 0.000000 0.000000 1.000000 0.000000 0.000000
29.000000 30.414335 6.524260 1.801657 1.226480 0.000000 0.000000 0.000000 1.000000 0.000000 0.000000
29.000000 30.417378 6.597872 1.811969 1.197209 0.000000 0.000000 0.000000 1.000000 0.000000 0.000000
29.000000 30.423025 6.529028 1.842123 1.222644 0.000000 0.000000 0.000000 1.000000 0.000000 0.000000
29.000000 30.424297 6.502430 1.821308 1.218064 0.000000 0.000000 0.000000 1.000000 0.000000 0.000000
29.000000 30.427320 6.542907 1.826940 1.198670 0.000000 0.000000 0.000000 1.000000 0.000000 0.000000
29.000000 30.433122 6.484655 1.852317 1.218894 0.000000 0.000000 0.000000 1.000000 0.000000 0.000000
29.000000 30.434315 6.452963 1.827360 1.214300 0.000000 0.000000 0.000000 1.000000 0.000000 0.000000
29.000000 30.437308 6.492770 1.832954 1.195063 0.000000 0.000000 0.000000 1.000000 0.000000 0.000000
29.000000 30.443057 6.437092 1.857236 1.214059 0.000000 0.000000 0.000000 1.000000 0.000000 0.000000
29.000000 30.444330 6.396000 1.824152 1.211383 0.000000 0.000000 0.000000 1.000000 0.000000 0.000000
29.000000 30.447232 6.453501 1.832256 1.188177 0.000000 0.000000 0.000000 1.000000 0.000000 0.000000
29.000000 30.453106 6.381744 1.863649 1.212885 0.000000 0.000000 0.000000 1.000000 0.000000 0.000000
29.000000 30.454345 6.337840 1.828215 1.209838 0.000000 0.000000 0.000000 1.000000 0.000000 0.000000
29.000000 30.457353 6.421366 1.840256 1.178689 0.000000 0.000000 0.000000 1.000000 0.000000 0.000000
29.000000 30.463034 6.343508 1.874116 1.203420 0.000000 0.000000 0.000000 1.000000 0.000000 0.000000
29.000000 30.464329 6.296919 1.836554 1.199750 0.000000 0.000000 0.000000 1.000000 0.000000 0.000000
29.000000 30.467309 6.371499 1.847422 1.170261 0.000000 0.000000 0.000000 1.000000 0.000000 0.000000
29.000000 30.473097 6.300932 1.878571 1.195661 0.000000 0.000000 0.000000 1.000000 0.000000 0.000000
29.000000 30.474500 6.265912 1.850559 1.190469 0.000000 0.000000 0.000000 1.000000 0.000000 0.000000
29.000000 30.477388 6.319218 1.858384 1.164205 0.000000 0.000000 0.000000 1.000000 0.000000 0.000000
29.000000 30.483184 6.257144 1.885885 1.186821 0.000000 0.000000 0.000000 1.000000 0.000000 0.000000
29.000000 30.484375 6.211760 1.848076 1.187233 0.000000 0.000000 0.000000 1.000000 0.000000 0.000000
29.000000 30.487310 6.293787 1.860394 1.152747 0.000000 0.000000 0.000000 1.000000 0.000000 0.000000
29.000000 30.493196 6.207994 1.897922 1.178772 0.000000 0.000000 0.000000 1.000000 0.000000 0.000000
29.000000 30.494421 6.157338 1.855809 1.178433 0.000000 0.000000 0.000000 1.000000 0.000000 0.000000
29.000000 30.497432 6.232878 1.867168 1.146708 0.000000 0.000000 0.000000 1.000000 0.000000 0.000000
29.000000 30.503003 6.160993 1.898690 1.168783 0.000000 0.000000 0.000000 1.000000 0.000000 0.000000
29.000000 30.504491 6.114000 1.860085 1.165717 0.000000 0.000000 0.000000 1.000000 0.000000 0.000000
29.000000 30.507316 6.192931 1.872024 1.132228 0.000000 0.000000 0.000000 1.000000 0.000000 0.000000
29.000000 30.513082 6.117964 1.905439 1.159024 0.000000 0.000000 0.000000 1.000000 0.000000 0.000000
29.000000 30.514321 6.075393 1.870546 1.154271 0.000000 0.000000 0.000000 1.000000 0.000000 0.000000
29.000000 30.517366 6.149852 1.881767 1.119864 0.000000 0.000000 0.000000 1.000000 0.000000 0.000000
29.000000 30.523072 6.073131 1.915651 1.145093 0.000000 0.000000 0.000000 1.000000 0.000000 0.000000
29.000000 30.524389 6.020607 1.871564 1.144961 0.000000 0.000000 0.000000 1.000000 0.000000 0.000000
29.000000 30.527302 6.104163 1.884493 1.109943 0.000000 0.000000 0.000000 1.000000 0.000000 0.000000
29.000000 30.533225 6.024745 1.919531 1.133922 0.000000 0.000000 0.000000 1.000000 0.000000 0.000000
29.000000 30.534423 5.976291 1.878937 1.132514 0.000000 0.000000 0.000000 1.000000 0.000000 0.000000
29.000000 30.537415 6.057748 1.891691 1.096156 0.000000 0.000000 0.000000 1.000000 0.000000 0.000000
29.000000 30.543100 5.979963 1.925996 1.118815 0.000000 0.000000 0.000000 1.000000 0.000000 0.000000
29.000000 30.544388 5.938422 1.891857 1.113871 0.000000 0.000000 0.000000 1.000000 0.000000 0.000000
29.000000 30.547302 6.017357 1.904163 1.079355 0.000000 0.000000 0.000000 1.000000 0.000000 0.000000
29.000000 30.553169 5.939664 1.938315 1.101866 0.000000 0.000000 0.000000 1.000000 0.000000 0.000000
29.000000 30.554372 5.888162 1.895676 1.097156 0.000000 0.000000 0.000000 1.000000 0.000000 0.000000
29.000000 30.557431 5.978971 1.910050 1.057316 0.000000 0.000000 0.000000 1.000000 0.000000 0.000000
29.000000 30.563101 5.896115 1.946608 1.081518 0.000000 0.000000 0.000000 1.000000 0.000000 0.000000
29.000000 30.564330 5.839464 1.897964 1.083716 0.000000 0.000000 0.000000 1.000000 0.000000 0.000000
29.000000 30.567342 5.932164 1.912785 1.046042 0.000000 0.000000 0.000000 1.000000 0.000000 0.000000
29.000000 30.573218 5.851143 1.948166 1.065928 0.000000 0.000000 0.000000 1.000000 0.000000 0.000000
29.000000 30.574362 5.797831 1.903263 1.064006 0.000000 0.000000 0.000000 1.000000 0.000000 0.000000
29.000000 30.577488 5.895803 1.918998 1.024794 0.000000 0.000000 0.000000 1.000000 0.000000 0.000000
29.000000 30.583202 5.809568 1.956651 1.045770 0.000000 0.000000 0.000000 1.000000 0.000000 0.000000
29.000000 30.584379 5.763431 1.918247 1.042028 0.000000 0.000000 0.000000 1.000000 0.000000 0.000000
29.000000 30.587310 5.831996 1.929419 1.012397 0.000000 0.000000 0.000000 1.000000 0.000000 0.000000
29.000000 30.593184 5.759566 1.960980 1.028767 0.000000 0.000000 0.000000 1.000000 0.000000 0.000000
29.000000 30.594386 5.709379 1.918764 1.025701 0.000000 0.000000 0.000000 1.000000 0.000000 0.000000
29.000000 30.597419 5.805387 1.934486 0.985942 0.000000 0.000000 0.000000 1.000000 0.000000 0.000000
29.000000 30.603129 5.722961 1.970329 1.003983 0.000000 0.000000 0.000000 1.000000 0.000000 0.000000
29.000000 30.604443 5.669250 1.924865 1.001898 0.000000 0.000000 0.000000 1.000000 0.000000 0.000000
29.000000 30.607335 5.762431 1.940235 0.964237 0.000000 0.000000 0.000000 1.000000 0.000000 0.000000
29.000000 30.613176 5.680937 1.975674 0.981671 0.000000 0.000000 0.000000 1.000000 0.000000 0.000000
29.000000 30.614379 5.628948 1.931587 0.979677 0.000000 0.000000 0.000000 1.000000 0.000000 0.000000
29.000000 30.617372 5.716328 1.946142 0.943845 0.000000 0.000000 0.000000 1.000000 0.000000 0.000000
29.000000 30.623115 5.636089 1.980829 0.958927 0.000000 0.000000 0.000000 1.000000 0.000000 0.000000
29.000000 30.624417 5.584037 1.936895 0.955836 0.000000 0.000000 0.000000 1.000000 0.000000 0.000000
29.000000 30.627392 5.671241 1.951487 0.920467 0.000000 0.000000 0.000000 1.000000 0.000000 0.000000
29.000000 30.633170 5.597050 1.983849 0.936276 0.000000 0.000000 0.000000 1.000000 0.000000 0.000000
29.000000 30.634429 5.553597 1.947641 0.931197 0.000000 0.000000 0.000000 1.000000 0.000000 0.000000
29.000000 30.637480 5.630097 1.960681 0.895945 0.000000 0.000000 0.000000 1.000000 0.000000 0.000000
29.000000 30.643142 5.567638 1.987566 0.906145 0.000000 0.000000 0.000000 1.000000 0.000000 0.000000
29.000000 30.644413 5.528550 1.955444 0.899694 0.000000 0.000000 0.000000 1.000000 0.000000 0.000000
29.000000 30.647367 5.594298 1.966704 0.868152 0.000000 0.000000 0.000000 1.000000 0.000000 0.000000
29.000000 30.653232 5.527482 1.994581 0.872856 0.000000 0.000000 0.000000 1.000000 0.000000 0.000000
29.000000 30.654661 5.488535 1.962684 0.867706 0.000000 0.000000 0.000000 1.000000 0.000000 0.000000
29.000000 30.657475 5.550791 1.973540 0.843867 0.000000 0.000000 0.000000 1.000000 0.000000 0.000000
29.000000 30.663145 5.497227 1.995202 0.842166 0.000000 0.000000 0.000000 1.000000 0.000000 0.000000
29.000000 30.664477 5.466791 1.971546 0.833537 0.000000 0.000000 0.000000 1.000000 0.000000 0.000000
29.000000 30.667356 5.503133 1.978010 0.817548 0.000000 0.000000 0.000000 1.000000 0.000000 0.000000
29.000000 30.674447 5.482518 1.985364 0.803848 0.000000 0.000000 0.000000 1.000000 0.000000 0.000000
29.000000 30.677505 5.463546 1.983715 0.788899 0.000000 0.000000 0.000000 1.000000 0.000000 0.000000
29.000000 30.684636 5.439696 1.992459 0.775518 0.000000 0.000000 0.000000 1.000000 0.000000 0.000000
29.000000 30.687310 5.424801 1.991522 0.759084 0.000000 0.000000 0.000000 1.000000 0.000000 0.000000
29.000000 30.694408 5.393578 2.003566 0.747468 0.000000 0.000000 0.000000 1.000000 0.000000 0.000000
29.000000 30.697449 5.369166 2.000968 0.734055 0.000000 0.000000 0.000000 1.000000 0.000000 0.000000
29.000000 30.704583 5.356495 2.004572 0.716974 0.000000 0.000000 0.000000 1.000000 0.000000 0.000000
29.000000 30.707412 5.333652 2.002318 0.702088 0.000000 0.000000 0.000000 1.000000 0.000000 0.000000
29.000000 30.714636 5.308465 2.011461 0.687285 0.000000 0.000000 0.000000 1.000000 0.000000 0.000000
29.000000 30.717499 5.298211 2.011433 0.668060 0.000000 0.000000 0.000000 1.000000 0.000000 0.000000
29.000000 30.724490 5.280706 2.017024 0.650684 0.000000 0.000000 0.000000 1.000000 0.000000 0.000000
29.000000 30.727352 5.258771 2.015115 0.632993 0.000000 0.000000 0.000000 1.000000 0.000000 0.000000
29.000000 30.734455 5.230486 2.025604 0.618891 0.000000 0.000000 0.000000 1.000000 0.000000 0.000000
29.000000 30.737521 5.215203 2.024769 0.600219 0.000000 0.000000 0.000000 1.000000 0.000000 0.000000
29.000000 30.744694 5.192880 2.032668 0.585848 0.000000 0.000000 0.000000 1.000000 0.000000 0.000000
29.000000 30.747360 5.167125 2.029976 0.570286 0.000000 0.000000 0.000000 1.000000 0.000000 0.000000
29.000000 30.754446 5.145615 2.037041 0.551677 0.000000 0.000000 0.000000 1.000000 0.000000 0.000000
29.000000 30.757449 5.129996 2.036301 0.531087 0.000000 0.000000 0.000000 1.000000 0.000000 0.000000
29.000000 30.764698 5.111188 2.042154 0.512190 0.000000 0.000000 0.000000 1.000000 0.000000 0.000000
29.000000 30.767397 5.088163 2.040045 0.494458 0.000000 0.000000 0.000000 1.000000 0.000000 0.000000
29.000000 30.774704 5.059290 2.050614 0.479602 0.000000 0.000000 0.000000 1.000000 0.000000 0.000000
29.000000 30.777488 5.043796 2.050004 0.457534 0.000000 0.000000 0.000000 1.000000 0.000000 0.000000
29.000000 30.784486 5.021117 2.057469 0.439043 0.000000 0.000000 0.000000 1.000000 0.000000 0.000000
29.000000 30.787394 5.013164 2.058157 0.415434 0.000000 0.000000 0.000000 1.000000 0.000000 0.000000
29.000000 30.794746 4.992971 2.064483 0.396509 0.000000 0.000000 0.000000 1.000000 0.000000 0.000000
29.000000 30.797481 4.962226 2.061056 0.379745 0.000000 0.000000 0.000000 1.000000 0.000000 0.000000
29.000000 30.804410 4.942129 2.067144 0.359532 0.000000 0.000000 0.000000 1.000000 0.000000 0.000000
29.000000 30.807482 4.923064 2.065763 0.340062 0.000000 0.000000 0.000000 1.000000 0.000000 0.000000
29.000000 30.814518 4.898822 2.073688 0.320498 0.000000 0.000000 0.000000 1.000000 0.000000 0.000000
29.000000 30.817520 4.882873 2.073034 0.298231 0.000000 0.000000 0.000000 1.000000 0.000000 0.000000
29.000000 30.824456 4.857207 2.081603 0.279180 0.000000 0.000000 0.000000 1.000000 0.000000 0.000000
29.000000 30.827526 4.850986 2.083080 0.249756 0.000000 0.000000 0.000000 1.000000 0.000000 0.000000
29.000000 30.834456 4.826133 2.091545 0.233537 0.000000 0.000000 0.000000 1.000000 0.000000 0.000000
29.000000 30.837537 4.797572 2.088380 0.217043 0.000000 0.000000 0.000000 1.000000 0.000000 0.000000
29.000000 30.844605 4.778187 2.093673 0.194224 0.000000 0.000000 0.000000 1.000000 0.000000 0.000000
29.000000 30.847461 4.762272 2.093223 0.169431 0.000000 0.000000 0.000000 1.000000 0.000000 0.000000
29.000000 30.854429 4.738309 2.100496 0.147281 0.000000 0.000000 0.000000 1.000000 0.000000 0.000000
29.000000 30.857656 4.713139 2.098306 0.125628 0.000000 0.000000 0.000000 1.000000 0.000000 0.000000
29.000000 30.864446 4.691848 2.104367 0.103228 0.000000 0.000000 0.000000 1.000000 0.000000 0.000000
29.000000 30.867417 4.680746 2.104871 0.076413 0.000000 0.000000 0.000000 1.000000 0.000000 0.000000
29.000000 30.874458 4.656157 2.112590 0.056450 0.000000 0.000000 0.000000 1.000000 0.000000 0.000000
29.000000 30.877664 4.644086 2.112970 0.029250 0.000000 0.000000 0.000000 1.000000 0.000000 0.000000
29.000000 30.884489 4.630071 2.118362 0.025931 0.000000 0.000000 0.000000 1.000000 0.000000 0.000000
29.000000 30.887399 4.603777 2.112869 0.040396 0.000000 0.000000 0.000000 1.000000 0.000000 0.000000
29.000000 30.894635 4.582457 2.124725 0.060778 0.000000 0.000000 0.000000 1.000000 0.000000 0.000000
29.000000 30.897847 4.563723 2.120031 0.079950 0.000000 0.000000 0.000000 1.000000 0.000000 0.000000
29.000000 30.904432 4.540313 2.132825 0.100562 0.000000 0.000000 0.000000 1.000000 0.000000 0.000000
29.000000 30.907552 4.523969 2.128751 0.116671 0.000000 0.000000 0.000000 1.000000 0.000000 0.000000
29.000000 30.914604 4.507465 2.137939 0.132265 0.000000 0.000000 0.000000 1.000000 0.000000 0.000000
29.000000 30.917706 4.495451 2.134773 0.145902 0.000000 0.000000 0.000000 1.000000 0.000000 0.000000
29.000000 30.924471 4.479462 2.144073 0.163747 0.000000 0.000000 0.000000 1.000000 0.000000 0.000000
29.000000 30.927611 4.453617 2.137891 0.185340 0.000000 0.000000 0.000000 1.000000 0.000000 0.000000
29.000000 30.934682 4.430726 2.150142 0.203014 0.000000 0.000000 0.000000 1.000000 0.000000 0.000000
29.000000 30.937539 4.413843 2.146027 0.217631 0.000000 0.000000 0.000000 1.000000 0.000000 0.000000
29.000000 30.944515 4.398924 2.154785 0.234558 0.000000 0.000000 0.000000 1.000000 0.000000 0.000000
29.000000 30.947397 4.381145 2.150430 0.249964 0.000000 0.000000 0.000000 1.000000 0.000000 0.000000
29.000000 30.954644 4.366356 2.158388 0.261405 0.000000 0.000000 0.000000 1.000000 0.000000 0.000000
29.000000 30.957489 4.345212 2.153414 0.277019 0.000000 0.000000 0.000000 1.000000 0.000000 0.000000
29.000000 30.964453 4.333863 2.160397 0.291958 0.000000 0.000000 0.000000 1.000000 0.000000 0.000000
29.000000 30.967383 4.323357 2.157582 0.303595 0.000000 0.000000 0.000000 1.000000 0.000000 0.000000
29.000000 30.974511 4.300646 2.170051 0.322471 0.000000 0.000000 0.000000 1.000000 0.000000 0.000000
29.000000 30.977514 4.279695 2.165004 0.338661 0.000000 0.000000 0.000000 1.000000 0.000000 0.000000
29.000000 30.984577 4.266330 2.172091 0.347835 0.000000 0.000000 0.000000 1.000000 0.000000 0.000000
29.000000 30.987462 4.250584 2.168359 0.359083 0.000000 0.000000 0.000000 1.000000 0.000000 0.000000
29.000000 30.994506 4.227506 2.180753 0.375848 0.000000 0.000000 0.000000 1.000000 0.000000 0.000000
29.000000 30.997511 4.209721 2.176442 0.389291 0.000000 0.000000 0.000000 1.000000 0.000000 0.000000
29.000000 31.004541 4.199847 2.181868 0.397269 0.000000 0.000000 0.000000 1.000000 0.000000 0.000000
29.000000 31.007441 4.182350 2.177745 0.408970 0.000000 0.000000 0.000000 1.000000 0.000000 0.000000
29.000000 31.014602 4.186325 2.176546 0.412937 0.000000 0.000000 0.000000 1.000000 0.000000 0.000000
29.000000 31.017566 4.168665 2.172264 0.426166 0.000000 0.000000 0.000000 1.000000 0.000000 0.000000
29.000000 31.024543 4.157709 2.178257 0.434614 0.000000 0.000000 0.000000 1.000000 0.000000 0.000000
29.000000 31.027421 4.139481 2.174100 0.445072 0.000000 0.000000 0.000000 1.000000 0.000000 0.000000
29.000000 36.855845 nan nan nan 0.000000 0.000000 0.000000 1.000000 0.000000 0.000000
30.000000 36.857048 19.805312 -0.058814 0.248463 0.000000 0.000000 0.000000 1.000000 0.000000 0.000000
30.000000 36.859957 19.822873 -0.059147 0.249028 0.000000 0.000000 0.000000 1.000000 0.000000 0.000000
30.000000 36.865916 19.743576 -0.036156 0.285673 0.000000 0.000000 0.000000 1.000000 0.000000 0.000000
30.000000 36.867120 19.709525 -0.048476 0.307873 0.000000 0.000000 0.000000 1.000000 0.000000 0.000000
30.000000 36.870121 19.841099 -0.048918 0.297668 0.000000 0.000000 0.000000 1.000000 0.000000 0.000000
30.000000 36.877019 19.793762 -0.035267 0.338358 0.000000 0.000000 0.000000 1.000000 0.000000 0.000000
30.000000 36.880052 19.724344 -0.035778 0.372158 0.000000 0.000000 0.000000 1.000000 0.000000 0.000000
30.000000 36.885871 19.622474 -0.007057 0.394054 0.000000 0.000000 0.000000 1.000000 0.000000 0.000000
30.000000 36.887202 19.561074 -0.028547 0.417717 0.000000 0.000000 0.000000 1.000000 0.000000 0.000000
30.000000 36.890147 19.592441 -0.028613 0.433800 0.000000 0.000000 0.000000 1.000000 0.000000 0.000000
30.000000 36.895886 19.517016 -0.007165 0.460048 0.000000 0.000000 0.000000 1.000000 0.000000 0.000000
30.000000 36.897020 19.487004 -0.017887 0.481001 0.000000 0.000000 0.000000 1.000000 0.000000 0.000000
30.000000 36.900033 19.445818 -0.017840 0.511900 0.000000 0.000000 0.000000 1.000000 0.000000 0.000000
30.000000 36.905842 19.390333 -0.001979 0.533337 0.000000 0.000000 0.000000 1.000000 0.000000 0.000000
30.000000 36.907249 19.349585 -0.016297 0.545257 0.000000 0.000000 0.000000 1.000000 0.000000 0.000000
30.000000 36.910176 19.405836 -0.016734 0.558707 0.000000 0.000000 0.000000 1.000000 0.000000 0.000000
30.000000 36.915768 19.317131 0.008577 0.593045 0.000000 0.000000 0.000000 1.000000 0.000000 0.000000
30.000000 36.917137 19.279806 -0.004516 0.600944 0.000000 0.000000 0.000000 1.000000 0.000000 0.000000
30.000000 36.920051 19.297083 -0.004852 0.613473 0.000000 0.000000 0.000000 1.000000 0.000000 0.000000
30.000000 36.925892 19.206707 0.020956 0.642554 0.000000 0.000000 0.000000 1.000000 0.000000 0.000000
30.000000 36.927177 19.137492 -0.003550 0.662720 0.000000 0.000000 0.000000 1.000000 0.000000 0.000000
30.000000 36.930176 19.211483 -0.003681 0.673204 0.000000 0.000000 0.000000 1.000000 0.000000 0.000000
30.000000 36.935861 19.093983 0.029989 0.707883 0.000000 0.000000 0.000000 1.000000 0.000000 0.000000
30.000000 36.937054 19.050182 0.014280 0.726481 0.000000 0.000000 0.000000 1.000000 0.000000 0.000000
30.000000 36.940037 19.104725 0.014279 0.739492 0.000000 0.000000 0.000000 1.000000 0.000000 0.000000
30.000000 36.945882 19.018615 0.038818 0.761348 0.000000 0.000000 0.000000 1.000000 0.000000 0.000000
30.000000 36.947242 18.992176 0.029429 0.771595 0.000000 0.000000 0.000000 1.000000 0.000000 0.000000
30.000000 36.950114 19.006488 0.029366 0.791161 0.000000 0.000000 0.000000 1.000000 0.000000 0.000000
30.000000 36.955832 18.923173 0.053300 0.816763 0.000000 0.000000 0.000000 1.000000 0.000000 0.000000
30.000000 36.957110 18.875772 0.036212 0.834507 0.000000 0.000000 0.000000 1.000000 0.000000 0.000000
30.000000 36.960042 18.919638 0.036257 0.848249 0.000000 0.000000 0.000000 1.000000 0.000000 0.000000
30.000000 36.965908 18.831529 0.061555 0.871510 0.000000 0.000000 0.000000 1.000000 0.000000 0.000000
30.000000 36.967182 18.788634 0.046144 0.881804 0.000000 0.000000 0.000000 1.000000 0.000000 0.000000
30.000000 36.970073 18.842214 0.045963 0.894537 0.000000 0.000000 0.000000 1.000000 0.000000 0.000000
30.000000 36.975857 18.743558 0.074349 0.924315 0.000000 0.000000 0.000000 1.000000 0.000000 0.000000
30.000000 36.976997 18.695201 0.056873 0.937254 0.000000 0.000000 0.000000 1.000000 0.000000 0.000000
30.000000 36.980064 18.717181 0.056816 0.951864 0.000000 0.000000 0.000000 1.000000 0.000000 0.000000
30.000000 36.985901 18.623391 0.084104 0.981789 0.000000 0.000000 0.000000 1.000000 0.000000 0.000000
30.000000 36.987579 18.590122 0.071842 0.993203 0.000000 0.000000 0.000000 1.000000 0.000000 0.000000
30.000000 36.990252 18.592998 0.071516 1.008472 0.000000 0.000000 0.000000 1.000000 0.000000 0.000000
30.000000 36.995819 18.527968 0.090478 1.034283 0.000000 0.000000 0.000000 1.000000 0.000000 0.000000
30.000000 36.997216 18.509744 0.083726 1.042123 0.000000 0.000000 0.000000 1.000000 0.000000 0.000000
30.000000 37.000049 18.518556 0.083496 1.056495 0.000000 0.000000 0.000000 1.000000 0.000000 0.000000
30.000000 37.005946 18.449845 0.103435 1.078551 0.000000 0.000000 0.000000 1.000000 0.000000 0.000000
30.000000 37.007255 18.420533 0.092676 1.086661 0.000000 0.000000 0.000000 1.000000 0.000000 0.000000
30.000000 37.010135 18.399952 0.092296 1.108667 0.000000 0.000000 0.000000 1.000000 0.000000 0.000000
30.000000 37.015951 18.345456 0.108275 1.133065 0.000000 0.000000 0.000000 1.000000 0.000000 0.000000
30.000000 37.017117 18.326511 0.101214 1.139920 0.000000 0.000000 0.000000 1.000000 0.000000 0.000000
30.000000 37.020099 18.319247 0.100974 1.152741 0.000000 0.000000 0.000000 1.000000 0.000000 0.000000
30.000000 37.025876 18.260886 0.118112 1.173282 0.000000 0.000000 0.000000 1.000000 0.000000 0.000000
30.000000 37.027212 18.242412 0.111162 1.181540 0.000000 0.000000 0.000000 1.000000 0.000000 0.000000
30.000000 37.030143 18.268613 0.110914 1.197581 0.000000 0.000000 0.000000 1.000000 0.000000 0.000000
30.000000 37.035889 18.182542 0.136104 1.227754 0.000000 0.000000 0.000000 1.000000 0.000000 0.000000
30.000000 37.037205 18.155146 0.125879 1.233857 0.000000 0.000000 0.000000 1.000000 0.000000 0.000000
30.000000 37.040069 18.139511 0.125432 1.251562 0.000000 0.000000 0.000000 1.000000 0.000000 0.000000
30.000000 37.046183 18.074542 0.144379 1.271752 0.000000 0.000000 0.000000 1.000000 0.000000 0.000000
30.000000 37.047243 18.038614 0.131032 1.276597 0.000000 0.000000 0.000000 1.000000 0.000000 0.000000
30.000000 37.050186 18.059290 0.130889 1.289114 0.000000 0.000000 0.000000 1.000000 0.000000 0.000000
30.000000 37.055899 17.993997 0.150113 1.311736 0.000000 0.000000 0.000000 1.000000 0.000000 0.000000
30.000000 37.057082 17.986318 0.147160 1.318516 0.000000 0.000000 0.000000 1.000000 0.000000 0.000000
30.000000 37.060077 17.928508 0.146580 1.342549 0.000000 0.000000 0.000000 1.000000 0.000000 0.000000
30.000000 37.066129 17.899437 0.155174 1.357623 0.000000 0.000000 0.000000 1.000000 0.000000 0.000000
30.000000 37.067270 17.879672 0.147686 1.363929 0.000000 0.000000 0.000000 1.000000 0.000000 0.000000
30.000000 37.070170 17.873818 0.147400 1.379957 0.000000 0.000000 0.000000 1.000000 0.000000 0.000000
30.000000 37.076025 17.807787 0.166928 1.401564 0.000000 0.000000 0.000000 1.000000 0.000000 0.000000
30.000000 37.077064 17.783757 0.157831 1.402817 0.000000 0.000000 0.000000 1.000000 0.000000 0.000000
30.000000 37.080146 17.787071 0.157339 1.416565 0.000000 0.000000 0.000000 1.000000 0.000000 0.000000
30.000000 37.085992 17.724254 0.175880 1.439847 0.000000 0.000000 0.000000 1.000000 0.000000 0.000000
30.000000 37.087207 17.714349 0.172163 1.441593 0.000000 0.000000 0.000000 1.000000 0.000000 0.000000
30.000000 37.090209 17.667475 0.171488 1.463734 0.000000 0.000000 0.000000 1.000000 0.000000 0.000000
30.000000 37.095910 17.625915 0.183919 1.484788 0.000000 0.000000 0.000000 1.000000 0.000000 0.000000
30.000000 37.097125 17.606190 0.176340 1.484674 0.000000 0.000000 0.000000 1.000000 0.000000 0.000000
30.000000 37.100350 17.600419 0.175600 1.501080 0.000000 0.000000 0.000000 1.000000 0.000000 0.000000
30.000000 37.105961 17.535121 0.194863 1.525169 0.000000 0.000000 0.000000 1.000000 0.000000 0.000000
30.000000 37.107256 17.519609 0.189060 1.524513 0.000000 0.000000 0.000000 1.000000 0.000000 0.000000
30.000000 37.110244 17.501788 0.188664 1.540944 0.000000 0.000000 0.000000 1.000000 0.000000 0.000000
30.000000 37.115938 17.438868 0.207496 1.562543 0.000000 0.000000 0.000000 1.000000 0.000000 0.000000
30.000000 37.117114 17.405554 0.194569 1.566273 0.000000 0.000000 0.000000 1.000000 0.000000 0.000000
30.000000 37.120145 17.416114 0.194308 1.573208 0.000000 0.000000 0.000000 1.000000 0.000000 0.000000
30.000000 37.125987 17.354146 0.212948 1.595638 0.000000 0.000000 0.000000 1.000000 0.000000 0.000000
30.000000 37.127175 17.351623 0.211891 1.597031 0.000000 0.000000 0.000000 1.000000 0.000000 0.000000
30.000000 37.130252 17.315454 0.211015 1.617065 0.000000 0.000000 0.000000 1.000000 0.000000 0.000000
30.000000 37.135906 17.264156 0.226308 1.638336 0.000000 0.000000 0.000000 1.000000 0.000000 0.000000
30.000000 37.137121 17.251558 0.221504 1.634352 0.000000 0.000000 0.000000 1.000000 0.000000 0.000000
30.000000 37.140256 17.218175 0.220618 1.653202 0.000000 0.000000 0.000000 1.000000 0.000000 0.000000
30.000000 37.146181 17.176329 0.233150 1.674363 0.000000 0.000000 0.000000 1.000000 0.000000 0.000000
30.000000 37.147225 17.166545 0.229400 1.669788 0.000000 0.000000 0.000000 1.000000 0.000000 0.000000
30.000000 37.150193 17.120900 0.228483 1.684053 0.000000 0.000000 0.000000 1.000000 0.000000 0.000000
30.000000 37.155922 17.079225 0.241136 1.704515 0.000000 0.000000 0.000000 1.000000 0.000000 0.000000
30.000000 37.157155 17.075311 0.239544 1.703519 0.000000 0.000000 0.000000 1.000000 0.000000 0.000000
30.000000 37.160096 17.003719 0.238339 1.720422 0.000000 0.000000 0.000000 1.000000 0.000000 0.000000
30.000000 37.165882 16.973315 0.247673 1.739920 0.000000 0.000000 0.000000 1.000000 0.000000 0.000000
30.000000 37.167263 16.988868 0.253755 1.737576 0.000000 0.000000 0.000000 1.000000 0.000000 0.000000
30.000000 37.170273 16.911637 0.252462 1.754109 0.000000 0.000000 0.000000 1.000000 0.000000 0.000000
30.000000 37.175904 16.890095 0.259092 1.770344 0.000000 0.000000 0.000000 1.000000 0.000000 0.000000
30.000000 37.177185 16.892994 0.260190 1.768837 0.000000 0.000000 0.000000 1.000000 0.000000 0.000000
30.000000 37.180207 16.810504 0.258777 1.787342 0.000000 0.000000 0.000000 1.000000 0.000000 0.000000
30.000000 37.185939 16.794312 0.263806 1.804162 0.000000 0.000000 0.000000 1.000000 0.000000 0.000000
30.000000 37.187308 16.813849 0.271588 1.798481 0.000000 0.000000 0.000000 1.000000 0.000000 0.000000
30.000000 37.190203 16.750550 0.270297 1.813653 0.000000 0.000000 0.000000 1.000000 0.000000 0.000000
30.000000 37.195949 16.727105 0.277497 1.831341 0.000000 0.000000 0.000000 1.000000 0.000000 0.000000
30.000000 37.197147 16.734580 0.280507 1.824674 0.000000 0.000000 0.000000 1.000000 0.000000 0.000000
30.000000 37.200248 16.667025 0.279052 1.840724 0.000000 0.000000 0.000000 1.000000 0.000000 0.000000
30.000000 37.206152 16.636028 0.288553 1.860516 0.000000 0.000000 0.000000 1.000000 0.000000 0.000000
30.000000 37.207279 16.633140 0.287410 1.853934 0.000000 0.000000 0.000000 1.000000 0.000000 0.000000
30.000000 37.210225 16.563732 0.285933 1.868082 0.000000 0.000000 0.000000 1.000000 0.000000 0.000000
30.000000 37.216094 16.532665 0.295527 1.887609 0.000000 0.000000 0.000000 1.000000 0.000000 0.000000
30.000000 37.217151 16.534312 0.296175 1.883141 0.000000 0.000000 0.000000 1.000000 0.000000 0.000000
30.000000 37.220199 16.463727 0.294639 1.900355 0.000000 0.000000 0.000000 1.000000 0.000000 0.000000
30.000000 37.225927 16.446138 0.299928 1.913347 0.000000 0.000000 0.000000 1.000000 0.000000 0.000000
30.000000 37.227251 16.448642 0.301140 1.901515 0.000000 0.000000 0.000000 1.000000 0.000000 0.000000
30.000000 37.230275 16.399980 0.299769 1.918727 0.000000 0.000000 0.000000 1.000000 0.000000 0.000000
30.000000 37.235924 16.353668 0.313951 1.940411 0.000000 0.000000 0.000000 1.000000 0.000000 0.000000
30.000000 37.237189 16.344184 0.310190 1.932691 0.000000 0.000000 0.000000 1.000000 0.000000 0.000000
30.000000 37.240197 16.283130 0.308875 1.944623 0.000000 0.000000 0.000000 1.000000 0.000000 0.000000
30.000000 37.246023 16.268244 0.313588 1.960147 0.000000 0.000000 0.000000 1.000000 0.000000 0.000000
30.000000 37.247414 16.294854 0.324526 1.951419 0.000000 0.000000 0.000000 1.000000 0.000000 0.000000
30.000000 37.250177 16.185104 0.322223 1.972239 0.000000 0.000000 0.000000 1.000000 0.000000 0.000000
30.000000 37.255917 16.184436 0.322339 1.984730 0.000000 0.000000 0.000000 1.000000 0.000000 0.000000
30.000000 37.257135 16.198376 0.328286 1.971688 0.000000 0.000000 0.000000 1.000000 0.000000 0.000000
30.000000 37.260180 16.124167 0.326513 1.988813 0.000000 0.000000 0.000000 1.000000 0.000000 0.000000
30.000000 37.265920 16.098263 0.334574 2.008237 0.000000 0.000000 0.000000 1.000000 0.000000 0.000000
30.000000 37.267514 16.122457 0.344722 1.995853 0.000000 0.000000 0.000000 1.000000 0.000000 0.000000
30.000000 37.270238 16.020251 0.342446 2.013354 0.000000 0.000000 0.000000 1.000000 0.000000 0.000000
30.000000 37.275965 16.006160 0.346876 2.030541 0.000000 0.000000 0.000000 1.000000 0.000000 0.000000
30.000000 37.277270 16.026725 0.355538 2.018653 0.000000 0.000000 0.000000 1.000000 0.000000 0.000000
30.000000 37.280149 15.907976 0.352958 2.035586 0.000000 0.000000 0.000000 1.000000 0.000000 0.000000
30.000000 37.285964 15.912066 0.351712 2.048327 0.000000 0.000000 0.000000 1.000000 0.000000 0.000000
30.000000 37.287275 15.939161 0.363180 2.035417 0.000000 0.000000 0.000000 1.000000 0.000000 0.000000
30.000000 37.290223 15.818522 0.360545 2.052044 0.000000 0.000000 0.000000 1.000000 0.000000 0.000000
30.000000 37.296029 15.816648 0.361270 2.068172 0.000000 0.000000 0.000000 1.000000 0.000000 0.000000
30.000000 37.297337 15.847155 0.374144 2.056972 0.000000 0.000000 0.000000 1.000000 0.000000 0.000000
30.000000 37.300317 15.751347 0.371781 2.071836 0.000000 0.000000 0.000000 1.000000 0.000000 0.000000
30.000000 37.306003 15.741852 0.374759 2.087026 0.000000 0.000000 0.000000 1.000000 0.000000 0.000000
30.000000 37.307406 15.753540 0.379852 2.072115 0.000000 0.000000 0.000000 1.000000 0.000000 0.000000
30.000000 37.310287 15.676320 0.377751 2.083524 0.000000 0.000000 0.000000 1.000000 0.000000 0.000000
30.000000 37.316060 15.655882 0.384262 2.103011 0.000000 0.000000 0.000000 1.000000 0.000000 0.000000
30.000000 37.317299 15.651362 0.382385 2.089496 0.000000 0.000000 0.000000 1.000000 0.000000 0.000000
30.000000 37.320208 15.604106 0.380730 2.094725 0.000000 0.000000 0.000000 1.000000 0.000000 0.000000
30.000000 37.325997 15.565288 0.393060 2.117001 0.000000 0.000000 0.000000 1.000000 0.000000 0.000000
30.000000 37.327319 15.575040 0.397306 2.103626 0.000000 0.000000 0.000000 1.000000 0.000000 0.000000
30.000000 37.330408 15.487748 0.394941 2.114266 0.000000 0.000000 0.000000 1.000000 0.000000 0.000000
30.000000 37.336076 15.470835 0.400337 2.130992 0.000000 0.000000 0.000000 1.000000 0.000000 0.000000
30.000000 37.337259 15.487673 0.407708 2.116521 0.000000 0.000000 0.000000 1.000000 0.000000 0.000000
30.000000 37.340315 15.392926 0.405204 2.127982 0.000000 0.000000 0.000000 1.000000 0.000000 0.000000
30.000000 37.346143 15.388745 0.406621 2.143544 0.000000 0.000000 0.000000 1.000000 0.000000 0.000000
30.000000 37.347284 15.408389 0.415198 2.129544 0.000000 0.000000 0.000000 1.000000 0.000000 0.000000
30.000000 37.350391 15.307090 0.412504 2.141080 0.000000 0.000000 0.000000 1.000000 0.000000 0.000000
30.000000 37.355994 15.297915 0.415477 2.155941 0.000000 0.000000 0.000000 1.000000 0.000000 0.000000
30.000000 37.357268 15.322531 0.426306 2.142046 0.000000 0.000000 0.000000 1.000000 0.000000 0.000000
30.000000 37.360387 15.212428 0.423455 2.155310 0.000000 0.000000 0.000000 1.000000 0.000000 0.000000
30.000000 37.366074 15.209851 0.424360 2.168899 0.000000 0.000000 0.000000 1.000000 0.000000 0.000000
30.000000 37.367742 15.224677 0.430952 2.153170 0.000000 0.000000 0.000000 1.000000 0.000000 0.000000
30.000000 37.370342 15.131661 0.428280 2.162434 0.000000 0.000000 0.000000 1.000000 0.000000 0.000000
30.000000 37.376004 15.119790 0.432201 2.180135 0.000000 0.000000 0.000000 1.000000 0.000000 0.000000
30.000000 37.377273 15.143401 0.442673 2.164377 0.000000 0.000000 0.000000 1.000000 0.000000 0.000000
30.000000 37.380193 15.035131 0.439651 2.174486 0.000000 0.000000 0.000000 1.000000 0.000000 0.000000
30.000000 37.386078 15.036397 0.439381 2.189960 0.000000 0.000000 0.000000 1.000000 0.000000 0.000000
30.000000 37.387373 15.055849 0.448051 2.174270 0.000000 0.000000 0.000000 1.000000 0.000000 0.000000
30.000000 37.390250 14.946514 0.444899 2.184956 0.000000 0.000000 0.000000 1.000000 0.000000 0.000000
30.000000 37.396046 14.940863 0.446772 2.200007 0.000000 0.000000 0.000000 1.000000 0.000000 0.000000
30.000000 37.397357 14.940469 0.446779 2.181961 0.000000 0.000000 0.000000 1.000000 0.000000 0.000000
30.000000 37.400280 14.886734 0.444698 2.187381 0.000000 0.000000 0.000000 1.000000 0.000000 0.000000
30.000000 37.406066 14.855326 0.454909 2.208785 0.000000 0.000000 0.000000 1.000000 0.000000 0.000000
30.000000 37.407346 14.873983 0.463461 2.188726 0.000000 0.000000 0.000000 1.000000 0.000000 0.000000
30.000000 37.410430 14.782034 0.460523 2.197978 0.000000 0.000000 0.000000 1.000000 0.000000 0.000000
30.000000 37.416111 14.773285 0.463409 2.214884 0.000000 0.000000 0.000000 1.000000 0.000000 0.000000
30.000000 37.417242 14.789560 0.470922 2.196817 0.000000 0.000000 0.000000 1.000000 0.000000 0.000000
30.000000 37.420449 14.699707 0.468150 2.203666 0.000000 0.000000 0.000000 1.000000 0.000000 0.000000
30.000000 37.426095 14.690071 0.471395 2.218740 0.000000 0.000000 0.000000 1.000000 0.000000 0.000000
30.000000 37.427476 14.707856 0.479575 2.201022 0.000000 0.000000 0.000000 1.000000 0.000000 0.000000
30.000000 37.430263 14.614318 0.476628 2.207334 0.000000 0.000000 0.000000 1.000000 0.000000 0.000000
30.000000 37.436092 14.610562 0.477844 2.218352 0.000000 0.000000 0.000000 1.000000 0.000000 0.000000
30.000000 37.437215 14.642222 0.492483 2.198766 0.000000 0.000000 0.000000 1.000000 0.000000 0.000000
30.000000 37.440344 14.521239 0.488878 2.211772 0.000000 0.000000 0.000000 1.000000 0.000000 0.000000
30.000000 37.446071 14.525688 0.487472 2.223190 0.000000 0.000000 0.000000 1.000000 0.000000 0.000000
30.000000 37.447299 14.547564 0.497696 2.203305 0.000000 0.000000 0.000000 1.000000 0.000000 0.000000
30.000000 37.450323 14.440271 0.494305 2.211993 0.000000 0.000000 0.000000 1.000000 0.000000 0.000000
30.000000 37.456049 14.436906 0.495498 2.225813 0.000000 0.000000 0.000000 1.000000 0.000000 0.000000
30.000000 37.457231 14.455831 0.504416 2.205461 0.000000 0.000000 0.000000 1.000000 0.000000 0.000000
30.000000 37.460344 14.363249 0.501263 2.212338 0.000000 0.000000 0.000000 1.000000 0.000000 0.000000
30.000000 37.466118 14.354683 0.504141 2.227335 0.000000 0.000000 0.000000 1.000000 0.000000 0.000000
30.000000 37.467453 14.369536 0.511290 2.205899 0.000000 0.000000 0.000000 1.000000 0.000000 0.000000
30.000000 37.470335 14.275971 0.508126 2.210501 0.000000 0.000000 0.000000 1.000000 0.000000 0.000000
30.000000 37.476105 14.269387 0.510423 2.225038 0.000000 0.000000 0.000000 1.000000 0.000000 0.000000
30.000000 37.477320 14.295431 0.522719 2.204802 0.000000 0.000000 0.000000 1.000000 0.000000 0.000000
30.000000 37.480451 14.188443 0.519123 2.212885 0.000000 0.000000 0.000000 1.000000 0.000000 0.000000
30.000000 37.486195 14.185967 0.520050 2.227236 0.000000 0.000000 0.000000 1.000000 0.000000 0.000000
30.000000 37.487525 14.206213 0.529775 2.205171 0.000000 0.000000 0.000000 1.000000 0.000000 0.000000
30.000000 37.490504 14.100372 0.526110 2.211606 0.000000 0.000000 0.000000 1.000000 0.000000 0.000000
30.000000 37.496239 14.090342 0.529506 2.225800 0.000000 0.000000 0.000000 1.000000 0.000000 0.000000
30.000000 37.497438 14.110721 0.539397 2.204447 0.000000 0.000000 0.000000 1.000000 0.000000 0.000000
30.000000 37.500494 14.003595 0.535742 2.211296 0.000000 0.000000 0.000000 1.000000 0.000000 0.000000
30.000000 37.506323 14.001737 0.536508 2.224816 0.000000 0.000000 0.000000 1.000000 0.000000 0.000000
30.000000 37.507290 14.021901 0.546272 2.204604 0.000000 0.000000 0.000000 1.000000 0.000000 0.000000
30.000000 37.510492 13.927429 0.542854 2.209939 0.000000 0.000000 0.000000 1.000000 0.000000 0.000000
30.000000 37.516162 13.920850 0.545088 2.222044 0.000000 0.000000 0.000000 1.000000 0.000000 0.000000
30.000000 37.517341 13.937239 0.553318 2.196953 0.000000 0.000000 0.000000 1.000000 0.000000 0.000000
30.000000 37.520313 13.858828 0.550222 2.199950 0.000000 0.000000 0.000000 1.000000 0.000000 0.000000
30.000000 37.526208 13.840979 0.556310 2.216538 0.000000 0.000000 0.000000 1.000000 0.000000 0.000000
30.000000 37.527223 13.858084 0.564852 2.193867 0.000000 0.000000 0.000000 1.000000 0.000000 0.000000
30.000000 37.530496 13.759392 0.561245 2.197096 0.000000 0.000000 0.000000 1.000000 0.000000 0.000000
30.000000 37.536216 13.751419 0.563981 2.208023 0.000000 0.000000 0.000000 1.000000 0.000000 0.000000
30.000000 37.537390 13.763308 0.570117 2.186097 0.000000 0.000000 0.000000 1.000000 0.000000 0.000000
30.000000 37.540454 13.672836 0.566710 2.189995 0.000000 0.000000 0.000000 1.000000 0.000000 0.000000
30.000000 37.546279 13.663801 0.569796 2.201042 0.000000 0.000000 0.000000 1.000000 0.000000 0.000000
30.000000 37.547298 13.684698 0.580329 2.178449 0.000000 0.000000 0.000000 1.000000 0.000000 0.000000
30.000000 37.550385 13.574397 0.576362 2.184070 0.000000 0.000000 0.000000 1.000000 0.000000 0.000000
30.000000 37.556310 13.587931 0.571753 2.188737 0.000000 0.000000 0.000000 1.000000 0.000000 0.000000
30.000000 37.557213 13.616109 0.585888 2.165703 0.000000 0.000000 0.000000 1.000000 0.000000 0.000000
30.000000 37.560359 13.502771 0.581744 2.175747 0.000000 0.000000 0.000000 1.000000 0.000000 0.000000
30.000000 37.566121 13.507841 0.579936 2.181688 0.000000 0.000000 0.000000 1.000000 0.000000 0.000000
30.000000 37.567317 13.537788 0.595143 2.155710 0.000000 0.000000 0.000000 1.000000 0.000000 0.000000
30.000000 37.570383 13.417979 0.590835 2.162816 0.000000 0.000000 0.000000 1.000000 0.000000 0.000000
30.000000 37.576139 13.416316 0.591365 2.168066 0.000000 0.000000 0.000000 1.000000 0.000000 0.000000
30.000000 37.577343 13.422919 0.595216 2.145498 0.000000 0.000000 0.000000 1.000000 0.000000 0.000000
30.000000 37.580304 13.348527 0.592171 2.148217 0.000000 0.000000 0.000000 1.000000 0.000000 0.000000
30.000000 37.586181 13.333760 0.597167 2.157148 0.000000 0.000000 0.000000 1.000000 0.000000 0.000000
30.000000 37.587286 13.364600 0.613005 2.131130 0.000000 0.000000 0.000000 1.000000 0.000000 0.000000
30.000000 37.590392 13.245616 0.608458 2.141399 0.000000 0.000000 0.000000 1.000000 0.000000 0.000000
30.000000 37.596188 13.251174 0.606608 2.150307 0.000000 0.000000 0.000000 1.000000 0.000000 0.000000
30.000000 37.597369 13.270167 0.616698 2.122549 0.000000 0.000000 0.000000 1.000000 0.000000 0.000000
30.000000 37.600257 13.166169 0.612454 2.125721 0.000000 0.000000 0.000000 1.000000 0.000000 0.000000
30.000000 37.606263 13.160649 0.614392 2.136028 0.000000 0.000000 0.000000 1.000000 0.000000 0.000000
30.000000 37.607328 13.179253 0.624333 2.110904 0.000000 0.000000 0.000000 1.000000 0.000000 0.000000
30.000000 37.610334 13.086592 0.620634 2.111528 0.000000 0.000000 0.000000 1.000000 0.000000 0.000000
30.000000 37.616220 13.082909 0.621814 2.115168 0.000000 0.000000 0.000000 1.000000 0.000000 0.000000
30.000000 37.617346 13.096041 0.629147 2.091358 0.000000 0.000000 0.000000 1.000000 0.000000 0.000000
30.000000 37.620251 13.012057 0.625658 2.096019 0.000000 0.000000 0.000000 1.000000 0.000000 0.000000
30.000000 37.626159 12.996629 0.631004 2.105321 0.000000 0.000000 0.000000 1.000000 0.000000 0.000000
30.000000 37.627490 13.021961 0.644546 2.077439 0.000000 0.000000 0.000000 1.000000 0.000000 0.000000
30.000000 37.630228 12.911642 0.640078 2.080108 0.000000 0.000000 0.000000 1.000000 0.000000 0.000000
30.000000 37.636159 12.914248 0.639212 2.085913 0.000000 0.000000 0.000000 1.000000 0.000000 0.000000
30.000000 37.637370 12.936286 0.651088 2.060329 0.000000 0.000000 0.000000 1.000000 0.000000 0.000000
30.000000 37.640249 12.821311 0.646386 2.064707 0.000000 0.000000 0.000000 1.000000 0.000000 0.000000
30.000000 37.646220 12.826569 0.644598 2.070607 0.000000 0.000000 0.000000 1.000000 0.000000 0.000000
30.000000 37.647359 12.846102 0.655302 2.045156 0.000000 0.000000 0.000000 1.000000 0.000000 0.000000
30.000000 37.650328 12.752550 0.651339 2.045851 0.000000 0.000000 0.000000 1.000000 0.000000 0.000000
30.000000 37.656189 12.748131 0.652907 2.052028 0.000000 0.000000 0.000000 1.000000 0.000000 0.000000
30.000000 37.657343 12.769177 0.664460 2.026858 0.000000 0.000000 0.000000 1.000000 0.000000 0.000000
30.000000 37.660270 12.661857 0.660026 2.028717 0.000000 0.000000 0.000000 1.000000 0.000000 0.000000
30.000000 37.666188 12.666583 0.658377 2.031972 0.000000 0.000000 0.000000 1.000000 0.000000 0.000000
30.000000 37.667445 12.691045 0.671784 2.005275 0.000000 0.000000 0.000000 1.000000 0.000000 0.000000
30.000000 37.670306 12.591570 0.667412 2.008852 0.000000 0.000000 0.000000 1.000000 0.000000 0.000000
30.000000 37.676139 12.585489 0.669444 2.013853 0.000000 0.000000 0.000000 1.000000 0.000000 0.000000
30.000000 37.677357 12.605004 0.680665 1.984292 0.000000 0.000000 0.000000 1.000000 0.000000 0.000000
30.000000 37.680316 12.491924 0.675746 1.989917 0.000000 0.000000 0.000000 1.000000 0.000000 0.000000
30.000000 37.686161 12.488909 0.676773 1.995448 0.000000 0.000000 0.000000 1.000000 0.000000 0.000000
30.000000 37.687510 12.502028 0.684722 1.967036 0.000000 0.000000 0.000000 1.000000 0.000000 0.000000
30.000000 37.690319 12.430108 0.681322 1.964307 0.000000 0.000000 0.000000 1.000000 0.000000 0.000000
30.000000 37.696170 12.419282 0.685078 1.969409 0.000000 0.000000 0.000000 1.000000 0.000000 0.000000
30.000000 37.697367 12.432201 0.692975 1.942051 0.000000 0.000000 0.000000 1.000000 0.000000 0.000000
30.000000 37.700466 12.345624 0.689018 1.942705 0.000000 0.000000 0.000000 1.000000 0.000000 0.000000
30.000000 37.706168 12.334780 0.692855 1.948638 0.000000 0.000000 0.000000 1.000000 0.000000 0.000000
30.000000 37.707354 12.349828 0.701966 1.919146 0.000000 0.000000 0.000000 1.000000 0.000000 0.000000
30.000000 37.710374 12.248867 0.697275 1.920597 0.000000 0.000000 0.000000 1.000000 0.000000 0.000000
30.000000 37.716500 12.250546 0.696561 1.923678 0.000000 0.000000 0.000000 1.000000 0.000000 0.000000
30.000000 37.717546 12.265374 0.705732 1.893948 0.000000 0.000000 0.000000 1.000000 0.000000 0.000000
30.000000 37.720546 12.172767 0.701396 1.895731 0.000000 0.000000 0.000000 1.000000 0.000000 0.000000
30.000000 37.726241 12.166702 0.703454 1.899566 0.000000 0.000000 0.000000 1.000000 0.000000 0.000000
30.000000 37.727605 12.175236 0.709430 1.869617 0.000000 0.000000 0.000000 1.000000 0.000000 0.000000
30.000000 37.730574 12.103921 0.705773 1.869668 0.000000 0.000000 0.000000 1.000000 0.000000 0.000000
30.000000 37.736293 12.088694 0.710999 1.874173 0.000000 0.000000 0.000000 1.000000 0.000000 0.000000
30.000000 37.737358 12.108523 0.723147 1.843130 0.000000 0.000000 0.000000 1.000000 0.000000 0.000000
30.000000 37.740555 12.011695 0.718606 1.848270 0.000000 0.000000 0.000000 1.000000 0.000000 0.000000
30.000000 37.746227 12.000364 0.722571 1.852359 0.000000 0.000000 0.000000 1.000000 0.000000 0.000000
30.000000 37.747497 12.012724 0.730738 1.821751 0.000000 0.000000 0.000000 1.000000 0.000000 0.000000
30.000000 37.750369 11.927150 0.726448 1.822451 0.000000 0.000000 0.000000 1.000000 0.000000 0.000000
30.000000 37.756214 11.921587 0.728223 1.824507 0.000000 0.000000 0.000000 1.000000 0.000000 0.000000
30.000000 37.757361 11.943453 0.741791 1.790031 0.000000 0.000000 0.000000 1.000000 0.000000 0.000000
30.000000 37.760359 11.845750 0.737055 1.790284 0.000000 0.000000 0.000000 1.000000 0.000000 0.000000
30.000000 37.766328 11.840808 0.738704 1.792024 0.000000 0.000000 0.000000 1.000000 0.000000 0.000000
30.000000 37.767571 11.857587 0.749252 1.764177 0.000000 0.000000 0.000000 1.000000 0.000000 0.000000
30.000000 37.770528 11.773625 0.745145 1.763692 0.000000 0.000000 0.000000 1.000000 0.000000 0.000000
30.000000 37.776197 11.766421 0.747560 1.764023 0.000000 0.000000 0.000000 1.000000 0.000000 0.000000
30.000000 37.777328 11.788046 0.760928 1.733778 0.000000 0.000000 0.000000 1.000000 0.000000 0.000000
30.000000 37.780460 11.683515 0.755863 1.735237 0.000000 0.000000 0.000000 1.000000 0.000000 0.000000
30.000000 37.786248 11.680425 0.756722 1.733521 0.000000 0.000000 0.000000 1.000000 0.000000 0.000000
30.000000 37.787504 11.701187 0.769772 1.703209 0.000000 0.000000 0.000000 1.000000 0.000000 0.000000
30.000000 37.790411 11.590956 0.764399 1.706116 0.000000 0.000000 0.000000 1.000000 0.000000 0.000000
30.000000 37.796251 11.602365 0.759764 1.698970 0.000000 0.000000 0.000000 1.000000 0.000000 0.000000
30.000000 37.797309 11.621167 0.771869 1.670248 0.000000 0.000000 0.000000 1.000000 0.000000 0.000000
30.000000 37.800502 11.529055 0.767459 1.671043 0.000000 0.000000 0.000000 1.000000 0.000000 0.000000
30.000000 37.806227 11.520901 0.770068 1.666744 0.000000 0.000000 0.000000 1.000000 0.000000 0.000000
30.000000 37.807512 11.539774 0.782251 1.637688 0.000000 0.000000 0.000000 1.000000 0.000000 0.000000
30.000000 37.810556 11.446486 0.777598 1.637990 0.000000 0.000000 0.000000 1.000000 0.000000 0.000000
30.000000 37.816262 11.448894 0.776355 1.633365 0.000000 0.000000 0.000000 1.000000 0.000000 0.000000
30.000000 37.817351 11.465975 0.787683 1.603985 0.000000 0.000000 0.000000 1.000000 0.000000 0.000000
30.000000 37.820603 11.367219 0.782780 1.603501 0.000000 0.000000 0.000000 1.000000 0.000000 0.000000
30.000000 37.826212 11.361266 0.784694 1.600663 0.000000 0.000000 0.000000 1.000000 0.000000 0.000000
30.000000 37.827500 11.380892 0.797495 1.570699 0.000000 0.000000 0.000000 1.000000 0.000000 0.000000
30.000000 37.830451 11.278223 0.792220 1.571416 0.000000 0.000000 0.000000 1.000000 0.000000 0.000000
30.000000 37.836171 11.274586 0.792868 1.563142 0.000000 0.000000 0.000000 1.000000 0.000000 0.000000
30.000000 37.837389 11.296164 0.807259 1.531220 0.000000 0.000000 0.000000 1.000000 0.000000 0.000000
30.000000 37.840589 11.194695 0.802101 1.536661 0.000000 0.000000 0.000000 1.000000 0.000000 0.000000
30.000000 37.846164 11.192788 0.802422 1.532392 0.000000 0.000000 0.000000 1.000000 0.000000 0.000000
30.000000 37.847449 11.206897 0.812465 1.502669 0.000000 0.000000 0.000000 1.000000 0.000000 0.000000
30.000000 37.850431 11.118945 0.807831 1.501066 0.000000 0.000000 0.000000 1.000000 0.000000 0.000000
30.000000 37.856326 11.121126 0.806537 1.494704 0.000000 0.000000 0.000000 1.000000 0.000000 0.000000
30.000000 37.857448 11.134344 0.816291 1.463816 0.000000 0.000000 0.000000 1.000000 0.000000 0.000000
30.000000 37.860379 11.046972 0.811631 1.462165 0.000000 0.000000 0.000000 1.000000 0.000000 0.000000
30.000000 37.866238 11.032262 0.816890 1.462140 0.000000 0.000000 0.000000 1.000000 0.000000 0.000000
30.000000 37.867607 11.036134 0.821459 1.430805 0.000000 0.000000 0.000000 1.000000 0.000000 0.000000
30.000000 37.870672 10.968992 0.817584 1.421862 0.000000 0.000000 0.000000 1.000000 0.000000 0.000000
30.000000 37.876209 10.953432 0.822990 1.420096 0.000000 0.000000 0.000000 1.000000 0.000000 0.000000
30.000000 37.877534 10.957168 0.827713 1.388598 0.000000 0.000000 0.000000 1.000000 0.000000 0.000000
30.000000 37.880401 10.884495 0.823548 1.385003 0.000000 0.000000 0.000000 1.000000 0.000000 0.000000
30.000000 37.886232 10.873421 0.827025 1.379576 0.000000 0.000000 0.000000 1.000000 0.000000 0.000000
30.000000 37.887450 10.889237 0.838921 1.346173 0.000000 0.000000 0.000000 1.000000 0.000000 0.000000
30.000000 37.890481 10.818476 0.835012 1.343483 0.000000 0.000000 0.000000 1.000000 0.000000 0.000000
30.000000 37.896224 10.802203 0.840353 1.336257 0.000000 0.000000 0.000000 1.000000 0.000000 0.000000
30.000000 37.897340 10.810111 0.847690 1.305435 0.000000 0.000000 0.000000 1.000000 0.000000 0.000000
30.000000 37.900473 10.723936 0.843016 1.304928 0.000000 0.000000 0.000000 1.000000 0.000000 0.000000
30.000000 37.906247 10.715453 0.845356 1.294935 0.000000 0.000000 0.000000 1.000000 0.000000 0.000000
30.000000 37.907606 10.725949 0.854380 1.262353 0.000000 0.000000 0.000000 1.000000 0.000000 0.000000
30.000000 37.910463 10.647937 0.850015 1.259452 0.000000 0.000000 0.000000 1.000000 0.000000 0.000000
30.000000 37.916289 10.639097 0.852390 1.248673 0.000000 0.000000 0.000000 1.000000 0.000000 0.000000
30.000000 37.917388 10.646151 0.859432 1.218467 0.000000 0.000000 0.000000 1.000000 0.000000 0.000000
30.000000 37.920363 10.585126 0.855901 1.217209 0.000000 0.000000 0.000000 1.000000 0.000000 0.000000
30.000000 37.926196 10.568101 0.861155 1.205811 0.000000 0.000000 0.000000 1.000000 0.000000 0.000000
30.000000 37.927520 10.569403 0.865593 1.170744 0.000000 0.000000 0.000000 1.000000 0.000000 0.000000
30.000000 37.930511 10.499532 0.861541 1.169418 0.000000 0.000000 0.000000 1.000000 0.000000 0.000000
30.000000 37.936265 10.473299 0.870891 1.166486 0.000000 0.000000 0.000000 1.000000 0.000000 0.000000
30.000000 37.937443 10.476058 0.875519 1.136710 0.000000 0.000000 0.000000 1.000000 0.000000 0.000000
30.000000 37.940643 10.415626 0.871953 1.130782 0.000000 0.000000 0.000000 1.000000 0.000000 0.000000
30.000000 37.946221 10.401455 0.876507 1.122885 0.000000 0.000000 0.000000 1.000000 0.000000 0.000000
30.000000 37.947541 10.403881 0.881024 1.093467 0.000000 0.000000 0.000000 1.000000 0.000000 0.000000
30.000000 37.950682 10.343744 0.877621 1.084867 0.000000 0.000000 0.000000 1.000000 0.000000 0.000000
30.000000 37.956212 10.319780 0.885716 1.074720 0.000000 0.000000 0.000000 1.000000 0.000000 0.000000
30.000000 37.957460 10.324085 0.891485 1.044869 0.000000 0.000000 0.000000 1.000000 0.000000 0.000000
30.000000 37.960463 10.256896 0.887665 1.038543 0.000000 0.000000 0.000000 1.000000 0.000000 0.000000
30.000000 37.966240 10.236814 0.894094 1.025686 0.000000 0.000000 0.000000 1.000000 0.000000 0.000000
30.000000 37.967467 10.242785 0.900997 0.995888 0.000000 0.000000 0.000000 1.000000 0.000000 0.000000
30.000000 37.970551 10.176373 0.897220 0.991367 0.000000 0.000000 0.000000 1.000000 0.000000 0.000000
30.000000 37.976284 10.159446 0.902459 0.978254 0.000000 0.000000 0.000000 1.000000 0.000000 0.000000
30.000000 37.977393 10.165107 0.909308 0.947847 0.000000 0.000000 0.000000 1.000000 0.000000 0.000000
30.000000 37.980562 10.101367 0.905569 0.942435 0.000000 0.000000 0.000000 1.000000 0.000000 0.000000
30.000000 37.986270 10.085274 0.910253 0.927112 0.000000 0.000000 0.000000 1.000000 0.000000 0.000000
30.000000 37.987545 10.091636 0.917783 0.896339 0.000000 0.000000 0.000000 1.000000 0.000000 0.000000
30.000000 37.990649 10.019023 0.913591 0.894761 0.000000 0.000000 0.000000 1.000000 0.000000 0.000000
30.000000 37.996260 10.007239 0.916594 0.878300 0.000000 0.000000 0.000000 1.000000 0.000000 0.000000
30.000000 37.997419 10.008429 0.920946 0.849296 0.000000 0.000000 0.000000 1.000000 0.000000 0.000000
30.000000 38.000409 9.944863 0.917242 0.844913 0.000000 0.000000 0.000000 1.000000 0.000000 0.000000
30.000000 38.006309 9.928287 0.922035 0.828675 0.000000 0.000000 0.000000 1.000000 0.000000 0.000000
30.000000 38.007541 9.932967 0.928798 0.797622 0.000000 0.000000 0.000000 1.000000 0.000000 0.000000
30.000000 38.010486 9.864061 0.924803 0.792800 0.000000 0.000000 0.000000 1.000000 0.000000 0.000000
30.000000 38.016328 9.849390 0.928782 0.775120 0.000000 0.000000 0.000000 1.000000 0.000000 0.000000
30.000000 38.017451 9.851889 0.934110 0.746036 0.000000 0.000000 0.000000 1.000000 0.000000 0.000000
30.000000 38.020460 9.806166 0.931428 0.737368 0.000000 0.000000 0.000000 1.000000 0.000000 0.000000
30.000000 38.026204 9.781381 0.939187 0.720412 0.000000 0.000000 0.000000 1.000000 0.000000 0.000000
30.000000 38.027635 9.781028 0.943136 0.690574 0.000000 0.000000 0.000000 1.000000 0.000000 0.000000
30.000000 38.030430 9.712614 0.939143 0.687798 0.000000 0.000000 0.000000 1.000000 0.000000 0.000000
30.000000 38.036346 9.694751 0.944101 0.668341 0.000000 0.000000 0.000000 1.000000 0.000000 0.000000
30.000000 38.037451 9.694498 0.947808 0.641578 0.000000 0.000000 0.000000 1.000000 0.000000 0.000000
30.000000 38.040522 9.638826 0.944617 0.637447 0.000000 0.000000 0.000000 1.000000 0.000000 0.000000
30.000000 38.046242 9.617392 0.950750 0.616505 0.000000 0.000000 0.000000 1.000000 0.000000 0.000000
30.000000 38.047617 9.615074 0.953643 0.587702 0.000000 0.000000 0.000000 1.000000 0.000000 0.000000
30.000000 38.050515 9.566995 0.950815 0.582689 0.000000 0.000000 0.000000 1.000000 0.000000 0.000000
30.000000 38.057096 9.539333 0.959221 0.561896 0.000000 0.000000 0.000000 1.000000 0.000000 0.000000
30.000000 38.057621 9.535395 0.961540 0.531759 0.000000 0.000000 0.000000 1.000000 0.000000 0.000000
30.000000 38.060489 9.496702 0.959359 0.524210 0.000000 0.000000 0.000000 1.000000 0.000000 0.000000
30.000000 38.066398 9.467637 0.968124 0.501700 0.000000 0.000000 0.000000 1.000000 0.000000 0.000000
30.000000 38.067776 9.465166 0.971400 0.472023 0.000000 0.000000 0.000000 1.000000 0.000000 0.000000
30.000000 38.070619 9.415592 0.968476 0.470145 0.000000 0.000000 0.000000 1.000000 0.000000 0.000000
30.000000 38.076317 9.390547 0.975528 0.446384 0.000000 0.000000 0.000000 1.000000 0.000000 0.000000
30.000000 38.077585 9.388724 0.979634 0.414581 0.000000 0.000000 0.000000 1.000000 0.000000 0.000000
30.000000 38.080550 9.333517 0.976373 0.412228 0.000000 0.000000 0.000000 1.000000 0.000000 0.000000
30.000000 38.086364 9.310156 0.982688 0.387410 0.000000 0.000000 0.000000 1.000000 0.000000 0.000000
30.000000 38.087579 9.308419 0.986699 0.357210 0.000000 0.000000 0.000000 1.000000 0.000000 0.000000
30.000000 38.090573 9.252936 0.983427 0.355021 0.000000 0.000000 0.000000 1.000000 0.000000 0.000000
30.000000 38.096306 9.233351 0.988207 0.329355 0.000000 0.000000 0.000000 1.000000 0.000000 0.000000
30.000000 38.097502 9.227524 0.989493 0.301251 0.000000 0.000000 0.000000 1.000000 0.000000 0.000000
30.000000 38.100614 9.195026 0.987786 0.290791 0.000000 0.000000 0.000000 1.000000 0.000000 0.000000
30.000000 38.106333 9.163341 0.997379 0.267300 0.000000 0.000000 0.000000 1.000000 0.000000 0.000000
30.000000 38.107608 9.154279 0.996606 0.240349 0.000000 0.000000 0.000000 1.000000 0.000000 0.000000
30.000000 38.110501 9.111491 0.994135 0.234262 0.000000 0.000000 0.000000 1.000000 0.000000 0.000000
30.000000 38.116523 9.083491 1.001697 0.205940 0.000000 0.000000 0.000000 1.000000 0.000000 0.000000
30.000000 38.117493 9.078111 1.004074 0.175176 0.000000 0.000000 0.000000 1.000000 0.000000 0.000000
30.000000 38.120500 9.036101 1.001685 0.171187 0.000000 0.000000 0.000000 1.000000 0.000000 0.000000
30.000000 38.126482 9.005784 1.010402 0.145602 0.000000 0.000000 0.000000 1.000000 0.000000 0.000000
30.000000 38.127611 9.001340 1.012840 0.118290 0.000000 0.000000 0.000000 1.000000 0.000000 0.000000
30.000000 38.130484 8.978032 1.011878 0.106824 0.000000 0.000000 0.000000 1.000000 0.000000 0.000000
30.000000 38.136491 8.945715 1.020679 0.075350 0.000000 0.000000 0.000000 1.000000 0.000000 0.000000
30.000000 38.137532 8.940743 1.023229 0.046867 0.000000 0.000000 0.000000 1.000000 0.000000 0.000000
30.000000 38.140534 8.879649 1.019570 0.051164 0.000000 0.000000 0.000000 1.000000 0.000000 0.000000
30.000000 38.146398 8.860491 1.023080 0.018055 0.000000 0.000000 0.000000 1.000000 0.000000 0.000000
30.000000 38.147568 8.850987 1.022077 -0.005186 0.000000 0.000000 0.000000 1.000000 0.000000 0.000000
30.000000 38.150555 8.828360 1.020394 0.005273 0.000000 0.000000 0.000000 1.000000 0.000000 0.000000
30.000000 38.156527 8.806818 1.030997 0.025096 0.000000 0.000000 0.000000 1.000000 0.000000 0.000000
30.000000 38.157513 8.802916 1.025638 0.040950 0.000000 0.000000 0.000000 1.000000 0.000000 0.000000
30.000000 38.160569 8.779106 1.023702 0.058677 0.000000 0.000000 0.000000 1.000000 0.000000 0.000000
30.000000 38.166372 8.758632 1.033863 0.079375 0.000000 0.000000 0.000000 1.000000 0.000000 0.000000
30.000000 38.167554 8.758004 1.031303 0.091113 0.000000 0.000000 0.000000 1.000000 0.000000 0.000000
30.000000 38.170585 8.744212 1.030086 0.104824 0.000000 0.000000 0.000000 1.000000 0.000000 0.000000
30.000000 38.176481 8.724114 1.039890 0.123606 0.000000 0.000000 0.000000 1.000000 0.000000 0.000000
30.000000 38.177522 8.722450 1.036760 0.135171 0.000000 0.000000 0.000000 1.000000 0.000000 0.000000
30.000000 38.180552 8.692998 1.034454 0.153840 0.000000 0.000000 0.000000 1.000000 0.000000 0.000000
30.000000 38.186428 8.672615 1.044648 0.174418 0.000000 0.000000 0.000000 1.000000 0.000000 0.000000
30.000000 38.187604 8.668456 1.039784 0.186453 0.000000 0.000000 0.000000 1.000000 0.000000 0.000000
30.000000 38.190526 8.648502 1.038059 0.200574 0.000000 0.000000 0.000000 1.000000 0.000000 0.000000
30.000000 38.196594 8.625060 1.049763 0.223966 0.000000 0.000000 0.000000 1.000000 0.000000 0.000000
30.000000 38.197491 8.624942 1.047913 0.232838 0.000000 0.000000 0.000000 1.000000 0.000000 0.000000
30.000000 38.200570 8.592749 1.045252 0.247868 0.000000 0.000000 0.000000 1.000000 0.000000 0.000000
30.000000 38.206525 8.584412 1.050701 0.267453 0.000000 0.000000 0.000000 1.000000 0.000000 0.000000
30.000000 38.207779 8.594372 1.055501 0.274504 0.000000 0.000000 0.000000 1.000000 0.000000 0.000000
30.000000 38.210555 8.545887 1.051578 0.295561 0.000000 0.000000 0.000000 1.000000 0.000000 0.000000
30.000000 38.216450 8.538454 1.056431 0.313573 0.000000 0.000000 0.000000 1.000000 0.000000 0.000000
30.000000 38.217532 8.538482 1.055007 0.320627 0.000000 0.000000 0.000000 1.000000 0.000000 0.000000
30.000000 38.220600 8.513182 1.052743 0.334144 0.000000 0.000000 0.000000 1.000000 0.000000 0.000000
30.000000 38.226407 8.489954 1.064420 0.357886 0.000000 0.000000 0.000000 1.000000 0.000000 0.000000
30.000000 38.227660 8.490387 1.063248 0.364909 0.000000 0.000000 0.000000 1.000000 0.000000 0.000000
30.000000 38.230594 8.460445 1.060582 0.380087 0.000000 0.000000 0.000000 1.000000 0.000000 0.000000
30.000000 38.236505 8.445380 1.068778 0.401405 0.000000 0.000000 0.000000 1.000000 0.000000 0.000000
30.000000 38.237567 8.447389 1.069017 0.406002 0.000000 0.000000 0.000000 1.000000 0.000000 0.000000
30.000000 38.240616 8.405563 1.065431 0.423044 0.000000 0.000000 0.000000 1.000000 0.000000 0.000000
30.000000 38.246446 8.397685 1.070630 0.442616 0.000000 0.000000 0.000000 1.000000 0.000000 0.000000
30.000000 38.247638 8.395619 1.067631 0.450974 0.000000 0.000000 0.000000 1.000000 0.000000 0.000000
30.000000 38.250582 8.389801 1.066874 0.456979 0.000000 0.000000 0.000000 1.000000 0.000000 0.000000
30.000000 38.256521 8.363772 1.079533 0.478753 0.000000 0.000000 0.000000 1.000000 0.000000 0.000000
30.000000 38.257545 8.357144 1.073401 0.488488 0.000000 0.000000 0.000000 1.000000 0.000000 0.000000
30.000000 38.260611 8.333413 1.071392 0.499253 0.000000 0.000000 0.000000 1.000000 0.000000 0.000000
30.000000 38.266364 8.312327 1.081900 0.518424 0.000000 0.000000 0.000000 1.000000 0.000000 0.000000
30.000000 38.267618 8.304579 1.075315 0.526029 0.000000 0.000000 0.000000 1.000000 0.000000 0.000000
30.000000 38.270589 8.292040 1.073832 0.535615 0.000000 0.000000 0.000000 1.000000 0.000000 0.000000
30.000000 38.276599 8.264438 1.087493 0.561147 0.000000 0.000000 0.000000 1.000000 0.000000 0.000000
30.000000 38.277586 8.262849 1.085433 0.565709 0.000000 0.000000 0.000000 1.000000 0.000000 0.000000
30.000000 38.280650 8.240628 1.083374 0.574310 0.000000 0.000000 0.000000 1.000000 0.000000 0.000000
30.000000 38.286425 8.220851 1.093450 0.594415 0.000000 0.000000 0.000000 1.000000 0.000000 0.000000
30.000000 38.287661 8.211995 1.085794 0.604041 0.000000 0.000000 0.000000 1.000000 0.000000 0.000000
30.000000 38.290631 8.200731 1.084625 0.611323 0.000000 0.000000 0.000000 1.000000 0.000000 0.000000
30.000000 38.296480 8.178069 1.096080 0.632990 0.000000 0.000000 0.000000 1.000000 0.000000 0.000000
30.000000 38.297583 8.171640 1.090430 0.639572 0.000000 0.000000 0.000000 1.000000 0.000000 0.000000
30.000000 38.300690 8.152976 1.088666 0.645052 0.000000 0.000000 0.000000 1.000000 0.000000 0.000000
30.000000 38.306465 8.131447 1.099720 0.666660 0.000000 0.000000 0.000000 1.000000 0.000000 0.000000
30.000000 38.307643 8.130530 1.097622 0.673669 0.000000 0.000000 0.000000 1.000000 0.000000 0.000000
30.000000 38.310634 8.100497 1.094844 0.685829 0.000000 0.000000 0.000000 1.000000 0.000000 0.000000
30.000000 38.316465 8.085761 1.102719 0.704357 0.000000 0.000000 0.000000 1.000000 0.000000 0.000000
30.000000 38.317649 8.083669 1.100701 0.706538 0.000000 0.000000 0.000000 1.000000 0.000000 0.000000
30.000000 38.320625 8.069006 1.099095 0.712723 0.000000 0.000000 0.000000 1.000000 0.000000 0.000000
30.000000 38.326538 8.044821 1.111256 0.735251 0.000000 0.000000 0.000000 1.000000 0.000000 0.000000
30.000000 38.327700 8.033541 1.102497 0.740833 0.000000 0.000000 0.000000 1.000000 0.000000 0.000000
30.000000 38.330628 8.026757 1.101680 0.740993 0.000000 0.000000 0.000000 1.000000 0.000000 0.000000
30.000000 38.336567 7.995767 1.117244 0.767413 0.000000 0.000000 0.000000 1.000000 0.000000 0.000000
30.000000 38.337591 7.991097 1.112305 0.775588 0.000000 0.000000 0.000000 1.000000 0.000000 0.000000
30.000000 38.340631 7.963412 1.109753 0.781634 0.000000 0.000000 0.000000 1.000000 0.000000 0.000000
30.000000 38.346519 7.950458 1.116810 0.798077 0.000000 0.000000 0.000000 1.000000 0.000000 0.000000
30.000000 38.347655 7.949300 1.115285 0.800798 0.000000 0.000000 0.000000 1.000000 0.000000 0.000000
30.000000 38.350597 7.931849 1.113481 0.806512 0.000000 0.000000 0.000000 1.000000 0.000000 0.000000
30.000000 38.356544 7.912266 1.123775 0.827920 0.000000 0.000000 0.000000 1.000000 0.000000 0.000000
30.000000 38.357593 7.908871 1.120752 0.830016 0.000000 0.000000 0.000000 1.000000 0.000000 0.000000
30.000000 38.360595 7.891459 1.118946 0.832201 0.000000 0.000000 0.000000 1.000000 0.000000 0.000000
30.000000 38.366510 7.867087 1.131383 0.854796 0.000000 0.000000 0.000000 1.000000 0.000000 0.000000
30.000000 38.367910 7.860194 1.125694 0.858472 0.000000 0.000000 0.000000 1.000000 0.000000 0.000000
30.000000 38.370651 7.847835 1.124225 0.860455 0.000000 0.000000 0.000000 1.000000 0.000000 0.000000
30.000000 38.376559 7.824000 1.136432 0.883207 0.000000 0.000000 0.000000 1.000000 0.000000 0.000000
30.000000 38.377645 7.806474 1.123215 0.888491 0.000000 0.000000 0.000000 1.000000 0.000000 0.000000
30.000000 38.380759 7.817304 1.123612 0.884078 0.000000 0.000000 0.000000 1.000000 0.000000 0.000000
30.000000 38.386525 7.777151 1.143000 0.911066 0.000000 0.000000 0.000000 1.000000 0.000000 0.000000
30.000000 38.387726 7.758022 1.128509 0.917419 0.000000 0.000000 0.000000 1.000000 0.000000 0.000000
30.000000 38.390774 7.764189 1.128677 0.913565 0.000000 0.000000 0.000000 1.000000 0.000000 0.000000
30.000000 38.396622 7.727814 1.146244 0.936958 0.000000 0.000000 0.000000 1.000000 0.000000 0.000000
30.000000 38.397640 7.713491 1.135445 0.940513 0.000000 0.000000 0.000000 1.000000 0.000000 0.000000
30.000000 38.400683 7.706324 1.134409 0.940481 0.000000 0.000000 0.000000 1.000000 0.000000 0.000000
30.000000 38.406591 7.678366 1.148710 0.965486 0.000000 0.000000 0.000000 1.000000 0.000000 0.000000
30.000000 38.407733 7.669072 1.141720 0.965888 0.000000 0.000000 0.000000 1.000000 0.000000 0.000000
30.000000 38.410639 7.667476 1.141093 0.960077 0.000000 0.000000 0.000000 1.000000 0.000000 0.000000
30.000000 38.416641 7.645133 1.153133 0.985266 0.000000 0.000000 0.000000 1.000000 0.000000 0.000000
30.000000 38.417672 7.633131 1.143458 0.990315 0.000000 0.000000 0.000000 1.000000 0.000000 0.000000
30.000000 38.420726 7.633886 1.143098 0.985007 0.000000 0.000000 0.000000 1.000000 0.000000 0.000000
30.000000 38.426429 7.601770 1.159211 1.010052 0.000000 0.000000 0.000000 1.000000 0.000000 0.000000
30.000000 38.427783 7.581208 1.143888 1.013055 0.000000 0.000000 0.000000 1.000000 0.000000 0.000000
30.000000 38.430702 7.590031 1.144102 1.004839 0.000000 0.000000 0.000000 1.000000 0.000000 0.000000
30.000000 38.436630 7.556243 1.161182 1.032238 0.000000 0.000000 0.000000 1.000000 0.000000 0.000000
30.000000 38.437708 7.547834 1.154795 1.032240 0.000000 0.000000 0.000000 1.000000 0.000000 0.000000
30.000000 38.440675 7.519891 1.151890 1.033554 0.000000 0.000000 0.000000 1.000000 0.000000 0.000000
30.000000 38.446518 7.503681 1.160565 1.051456 0.000000 0.000000 0.000000 1.000000 0.000000 0.000000
30.000000 38.447737 7.496176 1.155434 1.048346 0.000000 0.000000 0.000000 1.000000 0.000000 0.000000
30.000000 38.450638 7.499032 1.155127 1.043652 0.000000 0.000000 0.000000 1.000000 0.000000 0.000000
30.000000 38.456629 7.471107 1.169033 1.064756 0.000000 0.000000 0.000000 1.000000 0.000000 0.000000
30.000000 38.457686 7.467911 1.166999 1.061716 0.000000 0.000000 0.000000 1.000000 0.000000 0.000000
30.000000 38.460670 7.429443 1.163101 1.071145 0.000000 0.000000 0.000000 1.000000 0.000000 0.000000
30.000000 38.466455 7.420601 1.168533 1.088017 0.000000 0.000000 0.000000 1.000000 0.000000 0.000000
30.000000 38.467792 7.415078 1.164888 1.084312 0.000000 0.000000 0.000000 1.000000 0.000000 0.000000
30.000000 38.470668 7.411268 1.163984 1.082314 0.000000 0.000000 0.000000 1.000000 0.000000 0.000000
30.000000 38.476605 7.372611 1.182414 1.103154 0.000000 0.000000 0.000000 1.000000 0.000000 0.000000
30.000000 38.477685 7.356949 1.171085 1.103526 0.000000 0.000000 0.000000 1.000000 0.000000 0.000000
30.000000 38.480744 7.364801 1.171438 1.101262 0.000000 0.000000 0.000000 1.000000 0.000000 0.000000
30.000000 38.486520 7.331342 1.188031 1.123515 0.000000 0.000000 0.000000 1.000000 0.000000 0.000000
30.000000 38.487815 7.317396 1.178089 1.120793 0.000000 0.000000 0.000000 1.000000 0.000000 0.000000
30.000000 38.490748 7.318963 1.177717 1.113153 0.000000 0.000000 0.000000 1.000000 0.000000 0.000000
30.000000 38.496647 7.285849 1.194301 1.136610 0.000000 0.000000 0.000000 1.000000 0.000000 0.000000
30.000000 38.497754 7.255308 1.171442 1.139735 0.000000 0.000000 0.000000 1.000000 0.000000 0.000000
30.000000 38.500808 7.295417 1.174570 1.121830 0.000000 0.000000 0.000000 1.000000 0.000000 0.000000
30.000000 38.506556 7.244610 1.199207 1.149268 0.000000 0.000000 0.000000 1.000000 0.000000 0.000000
30.000000 38.507822 7.216806 1.178453 1.151086 0.000000 0.000000 0.000000 1.000000 0.000000 0.000000
30.000000 38.510631 7.229469 1.179030 1.142184 0.000000 0.000000 0.000000 1.000000 0.000000 0.000000
30.000000 38.516760 7.196618 1.195194 1.162678 0.000000 0.000000 0.000000 1.000000 0.000000 0.000000
30.000000 38.517713 7.183574 1.186226 1.158371 0.000000 0.000000 0.000000 1.000000 0.000000 0.000000
30.000000 38.520660 7.181536 1.185549 1.154583 0.000000 0.000000 0.000000 1.000000 0.000000 0.000000
30.000000 38.526571 7.153145 1.199660 1.173210 0.000000 0.000000 0.000000 1.000000 0.000000 0.000000
30.000000 38.527829 7.138654 1.189301 1.170798 0.000000 0.000000 0.000000 1.000000 0.000000 0.000000
30.000000 38.530659 7.142560 1.189232 1.165762 0.000000 0.000000 0.000000 1.000000 0.000000 0.000000
30.000000 38.536825 7.111642 1.204379 1.183447 0.000000 0.000000 0.000000 1.000000 0.000000 0.000000
30.000000 38.537751 7.096083 1.193474 1.179490 0.000000 0.000000 0.000000 1.000000 0.000000 0.000000
30.000000 38.540637 7.094803 1.192832 1.176347 0.000000 0.000000 0.000000 1.000000 0.000000 0.000000
30.000000 38.546539 7.065338 1.207471 1.195128 0.000000 0.000000 0.000000 1.000000 0.000000 0.000000
30.000000 38.547809 7.055749 1.201008 1.190608 0.000000 0.000000 0.000000 1.000000 0.000000 0.000000
30.000000 38.550685 7.056912 1.200722 1.185903 0.000000 0.000000 0.000000 1.000000 0.000000 0.000000
30.000000 38.556570 7.027046 1.215407 1.202729 0.000000 0.000000 0.000000 1.000000 0.000000 0.000000
30.000000 38.557747 7.009943 1.203361 1.198256 0.000000 0.000000 0.000000 1.000000 0.000000 0.000000
30.000000 38.560690 7.017051 1.203446 1.192708 0.000000 0.000000 0.000000 1.000000 0.000000 0.000000
30.000000 38.566537 6.983304 1.220016 1.211971 0.000000 0.000000 0.000000 1.000000 0.000000 0.000000
30.000000 38.567827 6.963323 1.206029 1.206467 0.000000 0.000000 0.000000 1.000000 0.000000 0.000000
30.000000 38.570894 6.971053 1.206213 1.199776 0.000000 0.000000 0.000000 1.000000 0.000000 0.000000
30.000000 38.576705 6.933240 1.224726 1.219867 0.000000 0.000000 0.000000 1.000000 0.000000 0.000000
30.000000 38.577765 6.920772 1.216340 1.213836 0.000000 0.000000 0.000000 1.000000 0.000000 0.000000
30.000000 38.581076 6.908568 1.214773 1.211629 0.000000 0.000000 0.000000 1.000000 0.000000 0.000000
30.000000 38.586558 6.882585 1.227715 1.226890 0.000000 0.000000 0.000000 1.000000 0.000000 0.000000
30.000000 38.587873 6.866693 1.216623 1.221374 0.000000 0.000000 0.000000 1.000000 0.000000 0.000000
30.000000 38.590725 6.877307 1.217180 1.212472 0.000000 0.000000 0.000000 1.000000 0.000000 0.000000
30.000000 38.596647 6.844264 1.233571 1.230783 0.000000 0.000000 0.000000 1.000000 0.000000 0.000000
30.000000 38.597898 6.824379 1.219286 1.226162 0.000000 0.000000 0.000000 1.000000 0.000000 0.000000
30.000000 38.600762 6.831546 1.219484 1.217966 0.000000 0.000000 0.000000 1.000000 0.000000 0.000000
30.000000 38.606486 6.801213 1.234660 1.235730 0.000000 0.000000 0.000000 1.000000 0.000000 0.000000
30.000000 38.607868 6.778539 1.218191 1.231424 0.000000 0.000000 0.000000 1.000000 0.000000 0.000000
30.000000 38.610863 6.804689 1.220284 1.216553 0.000000 0.000000 0.000000 1.000000 0.000000 0.000000
30.000000 38.616650 6.761319 1.241470 1.236230 0.000000 0.000000 0.000000 1.000000 0.000000 0.000000
30.000000 38.617812 6.744936 1.230204 1.228941 0.000000 0.000000 0.000000 1.000000 0.000000 0.000000
30.000000 38.620823 6.753162 1.230561 1.218670 0.000000 0.000000 0.000000 1.000000 0.000000 0.000000
30.000000 38.626497 6.718659 1.247911 1.238327 0.000000 0.000000 0.000000 1.000000 0.000000 0.000000
30.000000 38.627912 6.699264 1.233946 1.232681 0.000000 0.000000 0.000000 1.000000 0.000000 0.000000
30.000000 38.630688 6.713853 1.234906 1.219354 0.000000 0.000000 0.000000 1.000000 0.000000 0.000000
30.000000 38.636626 6.672829 1.255200 1.239463 0.000000 0.000000 0.000000 1.000000 0.000000 0.000000
30.000000 38.637770 6.649410 1.237698 1.236919 0.000000 0.000000 0.000000 1.000000 0.000000 0.000000
30.000000 38.640876 6.653577 1.237820 1.227448 0.000000 0.000000 0.000000 1.000000 0.000000 0.000000
30.000000 38.646639 6.622460 1.253231 1.241952 0.000000 0.000000 0.000000 1.000000 0.000000 0.000000
30.000000 38.648241 6.607549 1.242798 1.235643 0.000000 0.000000 0.000000 1.000000 0.000000 0.000000
30.000000 38.650871 6.607432 1.242476 1.226571 0.000000 0.000000 0.000000 1.000000 0.000000 0.000000
30.000000 38.656538 6.579715 1.256222 1.239522 0.000000 0.000000 0.000000 1.000000 0.000000 0.000000
30.000000 38.657848 6.564052 1.245250 1.233049 0.000000 0.000000 0.000000 1.000000 0.000000 0.000000
30.000000 38.660983 6.586616 1.247234 1.217487 0.000000 0.000000 0.000000 1.000000 0.000000 0.000000
30.000000 38.666517 6.548328 1.265901 1.232192 0.000000 0.000000 0.000000 1.000000 0.000000 0.000000
30.000000 38.667911 6.526571 1.250092 1.226712 0.000000 0.000000 0.000000 1.000000 0.000000 0.000000
30.000000 38.670791 6.544409 1.251482 1.214695 0.000000 0.000000 0.000000 1.000000 0.000000 0.000000
30.000000 38.676681 6.501725 1.272391 1.232115 0.000000 0.000000 0.000000 1.000000 0.000000 0.000000
30.000000 38.678055 6.476515 1.254162 1.225107 0.000000 0.000000 0.000000 1.000000 0.000000 0.000000
30.000000 38.680983 6.495161 1.255646 1.211027 0.000000 0.000000 0.000000 1.000000 0.000000 0.000000
30.000000 38.686539 6.454724 1.275461 1.227123 0.000000 0.000000 0.000000 1.000000 0.000000 0.000000
30.000000 38.688061 6.422935 1.251601 1.223091 0.000000 0.000000 0.000000 1.000000 0.000000 0.000000
30.000000 38.690917 6.462758 1.255209 1.205199 0.000000 0.000000 0.000000 1.000000 0.000000 0.000000
30.000000 38.696625 6.414463 1.278697 1.222584 0.000000 0.000000 0.000000 1.000000 0.000000 0.000000
30.000000 38.697839 6.391586 1.262529 1.214190 0.000000 0.000000 0.000000 1.000000 0.000000 0.000000
30.000000 38.701027 6.416872 1.264824 1.198235 0.000000 0.000000 0.000000 1.000000 0.000000 0.000000
30.000000 38.706606 6.376003 1.284866 1.213457 0.000000 0.000000 0.000000 1.000000 0.000000 0.000000
30.000000 38.708088 6.345804 1.262200 1.208739 0.000000 0.000000 0.000000 1.000000 0.000000 0.000000
30.000000 38.710915 6.375629 1.264894 1.191760 0.000000 0.000000 0.000000 1.000000 0.000000 0.000000
30.000000 38.716576 6.331388 1.286563 1.207840 0.000000 0.000000 0.000000 1.000000 0.000000 0.000000
30.000000 38.717840 6.312195 1.273599 1.196797 0.000000 0.000000 0.000000 1.000000 0.000000 0.000000
30.000000 38.721027 6.314235 1.273367 1.186951 0.000000 0.000000 0.000000 1.000000 0.000000 0.000000
30.000000 38.726637 6.279473 1.290420 1.199957 0.000000 0.000000 0.000000 1.000000 0.000000 0.000000
30.000000 38.728046 6.257981 1.274888 1.193409 0.000000 0.000000 0.000000 1.000000 0.000000 0.000000
30.000000 38.730984 6.282040 1.277188 1.179116 0.000000 0.000000 0.000000 1.000000 0.000000 0.000000
30.000000 38.736604 6.232702 1.300929 1.192224 0.000000 0.000000 0.000000 1.000000 0.000000 0.000000
30.000000 38.737950 6.197034 1.274230 1.185762 0.000000 0.000000 0.000000 1.000000 0.000000 0.000000
30.000000 38.740792 6.233235 1.277691 1.166818 0.000000 0.000000 0.000000 1.000000 0.000000 0.000000
30.000000 38.746607 6.187851 1.299998 1.182348 0.000000 0.000000 0.000000 1.000000 0.000000 0.000000
30.000000 38.747914 6.157754 1.277452 1.176347 0.000000 0.000000 0.000000 1.000000 0.000000 0.000000
30.000000 38.750968 6.192879 1.280861 1.157239 0.000000 0.000000 0.000000 1.000000 0.000000 0.000000
30.000000 38.756680 6.147320 1.302917 1.169794 0.000000 0.000000 0.000000 1.000000 0.000000 0.000000
30.000000 38.757850 6.119773 1.282719 1.162403 0.000000 0.000000 0.000000 1.000000 0.000000 0.000000
30.000000 38.761065 6.153630 1.286073 1.144819 0.000000 0.000000 0.000000 1.000000 0.000000 0.000000
30.000000 38.766541 6.108222 1.307997 1.156449 0.000000 0.000000 0.000000 1.000000 0.000000 0.000000
30.000000 38.767907 6.079789 1.287163 1.148533 0.000000 0.000000 0.000000 1.000000 0.000000 0.000000
30.000000 38.770819 6.111978 1.290333 1.131336 0.000000 0.000000 0.000000 1.000000 0.000000 0.000000
30.000000 38.776806 6.064253 1.313347 1.143098 0.000000 0.000000 0.000000 1.000000 0.000000 0.000000
30.000000 38.777817 6.034801 1.291718 1.135106 0.000000 0.000000 0.000000 1.000000 0.000000 0.000000
30.000000 38.781095 6.070138 1.295286 1.117127 0.000000 0.000000 0.000000 1.000000 0.000000 0.000000
30.000000 38.786633 6.023357 1.317832 1.128137 0.000000 0.000000 0.000000 1.000000 0.000000 0.000000
30.000000 38.787892 5.991353 1.293898 1.121321 0.000000 0.000000 0.000000 1.000000 0.000000 0.000000
30.000000 38.790811 6.026925 1.297549 1.103027 0.000000 0.000000 0.000000 1.000000 0.000000 0.000000
30.000000 38.796649 5.977069 1.321503 1.113584 0.000000 0.000000 0.000000 1.000000 0.000000 0.000000
30.000000 38.797839 5.942595 1.295533 1.106977 0.000000 0.000000 0.000000 1.000000 0.000000 0.000000
30.000000 38.800789 5.984762 1.299966 1.086299 0.000000 0.000000 0.000000 1.000000 0.000000 0.000000
30.000000 38.806560 5.935549 1.323579 1.095945 0.000000 0.000000 0.000000 1.000000 0.000000 0.000000
30.000000 38.807904 5.908697 1.304009 1.087676 0.000000 0.000000 0.000000 1.000000 0.000000 0.000000
30.000000 38.810727 5.950252 1.308389 1.068580 0.000000 0.000000 0.000000 1.000000 0.000000 0.000000
30.000000 38.816653 5.897264 1.334135 1.081230 0.000000 0.000000 0.000000 1.000000 0.000000 0.000000
30.000000 38.817831 5.861045 1.306471 1.075158 0.000000 0.000000 0.000000 1.000000 0.000000 0.000000
30.000000 38.820784 5.911034 1.311832 1.050827 0.000000 0.000000 0.000000 1.000000 0.000000 0.000000
30.000000 38.826615 5.850466 1.340941 1.062413 0.000000 0.000000 0.000000 1.000000 0.000000 0.000000
30.000000 38.827959 5.811278 1.311254 1.054828 0.000000 0.000000 0.000000 1.000000 0.000000 0.000000
30.000000 38.830817 5.859863 1.316433 1.032478 0.000000 0.000000 0.000000 1.000000 0.000000 0.000000
30.000000 38.836682 5.810524 1.339984 1.040864 0.000000 0.000000 0.000000 1.000000 0.000000 0.000000
30.000000 38.837889 5.775423 1.313510 1.033822 0.000000 0.000000 0.000000 1.000000 0.000000 0.000000
30.000000 38.840819 5.829935 1.319487 1.010796 0.000000 0.000000 0.000000 1.000000 0.000000 0.000000
30.000000 38.846682 5.778463 1.343878 1.017754 0.000000 0.000000 0.000000 1.000000 0.000000 0.000000
30.000000 38.847977 5.745271 1.319178 1.009675 0.000000 0.000000 0.000000 1.000000 0.000000 0.000000
30.000000 38.850880 5.783736 1.323383 0.992005 0.000000 0.000000 0.000000 1.000000 0.000000 0.000000
30.000000 38.856739 5.732202 1.347924 0.999460 0.000000 0.000000 0.000000 1.000000 0.000000 0.000000
30.000000 38.857920 5.697260 1.321835 0.990811 0.000000 0.000000 0.000000 1.000000 0.000000 0.000000
30.000000 38.860870 5.744614 1.327090 0.968310 0.000000 0.000000 0.000000 1.000000 0.000000 0.000000
30.000000 38.866665 5.682444 1.357124 0.979649 0.000000 0.000000 0.000000 1.000000 0.000000 0.000000
30.000000 38.867955 5.642863 1.326229 0.975367 0.000000 0.000000 0.000000 1.000000 0.000000 0.000000
30.000000 38.870934 5.704754 1.333401 0.947045 0.000000 0.000000 0.000000 1.000000 0.000000 0.000000
30.000000 38.876699 5.644555 1.362521 0.957216 0.000000 0.000000 0.000000 1.000000 0.000000 0.000000
30.000000 38.877898 5.604835 1.331461 0.952174 0.000000 0.000000 0.000000 1.000000 0.000000 0.000000
30.000000 38.881002 5.664316 1.338448 0.919913 0.000000 0.000000 0.000000 1.000000 0.000000 0.000000
30.000000 38.886579 5.597854 1.370623 0.930795 0.000000 0.000000 0.000000 1.000000 0.000000 0.000000
30.000000 38.888040 5.553757 1.335460 0.927854 0.000000 0.000000 0.000000 1.000000 0.000000 0.000000
30.000000 38.890873 5.615105 1.342504 0.899242 0.000000 0.000000 0.000000 1.000000 0.000000 0.000000
30.000000 38.896713 5.554531 1.371324 0.906333 0.000000 0.000000 0.000000 1.000000 0.000000 0.000000
30.000000 38.897889 5.507803 1.334612 0.901644 0.000000 0.000000 0.000000 1.000000 0.000000 0.000000
30.000000 38.900831 5.580859 1.343038 0.872257 0.000000 0.000000 0.000000 1.000000 0.000000 0.000000
30.000000 38.906707 5.512568 1.375527 0.880044 0.000000 0.000000 0.000000 1.000000 0.000000 0.000000
30.000000 38.908018 5.464192 1.337636 0.874885 0.000000 0.000000 0.000000 1.000000 0.000000 0.000000
30.000000 38.910806 5.540736 1.346539 0.845573 0.000000 0.000000 0.000000 1.000000 0.000000 0.000000
30.000000 38.916696 5.473229 1.378442 0.851629 0.000000 0.000000 0.000000 1.000000 0.000000 0.000000
30.000000 38.917890 5.431789 1.346841 0.844128 0.000000 0.000000 0.000000 1.000000 0.000000 0.000000
30.000000 38.920858 5.496561 1.354639 0.817047 0.000000 0.000000 0.000000 1.000000 0.000000 0.000000
30.000000 38.926671 5.432234 1.384900 0.821074 0.000000 0.000000 0.000000 1.000000 0.000000 0.000000
30.000000 38.927883 5.384070 1.346348 0.818971 0.000000 0.000000 0.000000 1.000000 0.000000 0.000000
30.000000 38.930857 5.447549 1.354086 0.791910 0.000000 0.000000 0.000000 1.000000 0.000000 0.000000
30.000000 38.936723 5.387167 1.382546 0.795310 0.000000 0.000000 0.000000 1.000000 0.000000 0.000000
30.000000 38.937954 5.351679 1.355265 0.789249 0.000000 0.000000 0.000000 1.000000 0.000000 0.000000
30.000000 38.941038 5.408430 1.362230 0.763767 0.000000 0.000000 0.000000 1.000000 0.000000 0.000000
30.000000 38.946604 5.347439 1.390605 0.765000 0.000000 0.000000 0.000000 1.000000 0.000000 0.000000
30.000000 38.947930 5.299376 1.352542 0.760848 0.000000 0.000000 0.000000 1.000000 0.000000 0.000000
30.000000 38.950866 5.370483 1.361173 0.731727 0.000000 0.000000 0.000000 1.000000 0.000000 0.000000
30.000000 38.956736 5.305713 1.391591 0.734890 0.000000 0.000000 0.000000 1.000000 0.000000 0.000000
30.000000 38.957966 5.261465 1.357389 0.727826 0.000000 0.000000 0.000000 1.000000 0.000000 0.000000
30.000000 38.961037 5.336455 1.366566 0.696155 0.000000 0.000000 0.000000 1.000000 0.000000 0.000000
30.000000 38.966649 5.267509 1.399187 0.700972 0.000000 0.000000 0.000000 1.000000 0.000000 0.000000
30.000000 38.967958 5.225335 1.366398 0.695042 0.000000 0.000000 0.000000 1.000000 0.000000 0.000000
30.000000 38.970914 5.280785 1.373414 0.669530 0.000000 0.000000 0.000000 1.000000 0.000000 0.000000
30.000000 38.976723 5.219719 1.401626 0.668894 0.000000 0.000000 0.000000 1.000000 0.000000 0.000000
30.000000 38.977908 5.174054 1.365323 0.665354 0.000000 0.000000 0.000000 1.000000 0.000000 0.000000
30.000000 38.980846 5.249116 1.374839 0.633211 0.000000 0.000000 0.000000 1.000000 0.000000 0.000000
30.000000 38.986773 5.182478 1.405824 0.633557 0.000000 0.000000 0.000000 1.000000 0.000000 0.000000
30.000000 38.987937 5.138142 1.370452 0.630733 0.000000 0.000000 0.000000 1.000000 0.000000 0.000000
30.000000 38.991032 5.206483 1.379270 0.601327 0.000000 0.000000 0.000000 1.000000 0.000000 0.000000
30.000000 38.996747 5.138668 1.410400 0.598977 0.000000 0.000000 0.000000 1.000000 0.000000 0.000000
30.000000 38.997916 5.091733 1.373079 0.595538 0.000000 0.000000 0.000000 1.000000 0.000000 0.000000
30.000000 39.001049 5.170434 1.383155 0.564066 0.000000 0.000000 0.000000 1.000000 0.000000 0.000000
30.000000 39.006782 5.103687 1.413820 0.562241 0.000000 0.000000 0.000000 1.000000 0.000000 0.000000
30.000000 39.008041 5.056851 1.376671 0.558501 0.000000 0.000000 0.000000 1.000000 0.000000 0.000000
30.000000 39.010917 5.128956 1.386051 0.528306 0.000000 0.000000 0.000000 1.000000 0.000000 0.000000
30.000000 39.016781 5.061386 1.416790 0.524370 0.000000 0.000000 0.000000 1.000000 0.000000 0.000000
30.000000 39.017888 5.015691 1.380915 0.519614 0.000000 0.000000 0.000000 1.000000 0.000000 0.000000
30.000000 39.020855 5.086004 1.390181 0.489930 0.000000 0.000000 0.000000 1.000000 0.000000 0.000000
30.000000 39.026769 5.016410 1.422009 0.486750 0.000000 0.000000 0.000000 1.000000 0.000000 0.000000
30.000000 39.028065 4.970984 1.385583 0.484749 0.000000 0.000000 0.000000 1.000000 0.000000 0.000000
30.000000 39.030886 5.042671 1.395216 0.454628 0.000000 0.000000 0.000000 1.000000 0.000000 0.000000
30.000000 39.036831 4.979736 1.423461 0.448216 0.000000 0.000000 0.000000 1.000000 0.000000 0.000000
30.000000 39.037937 4.937930 1.390384 0.444774 0.000000 0.000000 0.000000 1.000000 0.000000 0.000000
30.000000 39.040872 5.006277 1.399633 0.414689 0.000000 0.000000 0.000000 1.000000 0.000000 0.000000
30.000000 39.046757 4.945153 1.426780 0.407013 0.000000 0.000000 0.000000 1.000000 0.000000 0.000000
30.000000 39.047952 4.902956 1.393658 0.402699 0.000000 0.000000 0.000000 1.000000 0.000000 0.000000
30.000000 39.050922 4.970216 1.402795 0.372925 0.000000 0.000000 0.000000 1.000000 0.000000 0.000000
30.000000 39.056795 4.914191 1.426763 0.360851 0.000000 0.000000 0.000000 1.000000 0.000000 0.000000
30.000000 39.058129 4.875441 1.396869 0.356106 0.000000 0.000000 0.000000 1.000000 0.000000 0.000000
30.000000 39.061003 4.928650 1.404388 0.333023 0.000000 0.000000 0.000000 1.000000 0.000000 0.000000
30.000000 39.066716 4.880168 1.423315 0.311957 0.000000 0.000000 0.000000 1.000000 0.000000 0.000000
30.000000 39.068012 4.855480 1.407416 0.300411 0.000000 0.000000 0.000000 1.000000 0.000000 0.000000
30.000000 39.070929 4.885506 1.411819 0.291715 0.000000 0.000000 0.000000 1.000000 0.000000 0.000000
30.000000 39.077935 4.870558 1.415897 0.268793 0.000000 0.000000 0.000000 1.000000 0.000000 0.000000
30.000000 39.080885 4.851791 1.415508 0.247189 0.000000 0.000000 0.000000 1.000000 0.000000 0.000000
30.000000 39.088082 4.832162 1.422241 0.227553 0.000000 0.000000 0.000000 1.000000 0.000000 0.000000
30.000000 39.090954 4.803195 1.420574 0.208935 0.000000 0.000000 0.000000 1.000000 0.000000 0.000000
30.000000 39.097925 4.791299 1.422747 0.183846 0.000000 0.000000 0.000000 1.000000 0.000000 0.000000
30.000000 39.101027 4.766910 1.421725 0.162755 0.000000 0.000000 0.000000 1.000000 0.000000 0.000000
30.000000 39.108024 4.753795 1.424291 0.136738 0.000000 0.000000 0.000000 1.000000 0.000000 0.000000
30.000000 39.110944 4.735240 1.424032 0.113509 0.000000 0.000000 0.000000 1.000000 0.000000 0.000000
30.000000 39.117908 4.713749 1.431085 0.090871 0.000000 0.000000 0.000000 1.000000 0.000000 0.000000
30.000000 39.121166 4.691023 1.430280 0.069370 0.000000 0.000000 0.000000 1.000000 0.000000 0.000000
30.000000 39.128020 4.678658 1.432373 0.043152 0.000000 0.000000 0.000000 1.000000 0.000000 0.000000
30.000000 39.130923 4.655074 1.431105 0.027244 0.000000 0.000000 0.000000 1.000000 0.000000 0.000000
30.000000 39.138003 4.636058 1.441762 0.037213 0.000000 0.000000 0.000000 1.000000 0.000000 0.000000
30.000000 39.141052 4.615329 1.438185 0.056919 0.000000 0.000000 0.000000 1.000000 0.000000 0.000000
30.000000 39.148111 4.608123 1.443862 0.071349 0.000000 0.000000 0.000000 1.000000 0.000000 0.000000
30.000000 39.150950 4.576646 1.439067 0.092015 0.000000 0.000000 0.000000 1.000000 0.000000 0.000000
30.000000 39.157918 4.562354 1.448224 0.106584 0.000000 0.000000 0.000000 1.000000 0.000000 0.000000
30.000000 39.161085 4.530451 1.443207 0.129234 0.000000 0.000000 0.000000 1.000000 0.000000 0.000000
30.000000 39.167902 4.523826 1.448241 0.141021 0.000000 0.000000 0.000000 1.000000 0.000000 0.000000
30.000000 39.170959 4.502107 1.444661 0.158567 0.000000 0.000000 0.000000 1.000000 0.000000 0.000000
30.000000 39.177964 4.488214 1.453422 0.171500 0.000000 0.000000 0.000000 1.000000 0.000000 0.000000
30.000000 39.181067 4.463502 1.449403 0.190249 0.000000 0.000000 0.000000 1.000000 0.000000 0.000000
30.000000 39.188033 4.446696 1.460030 0.205912 0.000000 0.000000 0.000000 1.000000 0.000000 0.000000
30.000000 39.190935 4.420162 1.455886 0.223160 0.000000 0.000000 0.000000 1.000000 0.000000 0.000000
30.000000 39.198009 4.412153 1.461459 0.233808 0.000000 0.000000 0.000000 1.000000 0.000000 0.000000
30.000000 39.201138 4.390152 1.457847 0.250376 0.000000 0.000000 0.000000 1.000000 0.000000 0.000000
30.000000 39.208171 4.379383 1.464880 0.261604 0.000000 0.000000 0.000000 1.000000 0.000000 0.000000
30.000000 39.210918 4.348069 1.460091 0.279849 0.000000 0.000000 0.000000 1.000000 0.000000 0.000000
30.000000 39.218036 4.337812 1.466774 0.290241 0.000000 0.000000 0.000000 1.000000 0.000000 0.000000
30.000000 39.221042 4.311748 1.462578 0.308043 0.000000 0.000000 0.000000 1.000000 0.000000 0.000000
30.000000 39.228121 4.299876 1.470129 0.318756 0.000000 0.000000 0.000000 1.000000 0.000000 0.000000
30.000000 39.230989 4.272124 1.465809 0.335270 0.000000 0.000000 0.000000 1.000000 0.000000 0.000000
30.000000 39.238083 4.253095 1.477280 0.348043 0.000000 0.000000 0.000000 1.000000 0.000000 0.000000
30.000000 39.241107 4.237457 1.474634 0.359940 0.000000 0.000000 0.000000 1.000000 0.000000 0.000000
30.000000 39.248044 4.228332 1.480581 0.368920 0.000000 0.000000 0.000000 1.000000 0.000000 0.000000
30.000000 39.250970 4.194366 1.475483 0.385454 0.000000 0.000000 0.000000 1.000000 0.000000 0.000000
30.000000 39.258073 4.186372 1.480480 0.391773 0.000000 0.000000 0.000000 1.000000 0.000000 0.000000
30.000000 39.261011 4.163796 1.476891 0.405349 0.000000 0.000000 0.000000 1.000000 0.000000 0.000000
30.000000 39.268034 4.150638 1.485097 0.415490 0.000000 0.000000 0.000000 1.000000 0.000000 0.000000
30.000000 39.271145 4.121232 1.480393 0.433129 0.000000 0.000000 0.000000 1.000000 0.000000 0.000000
30.000000 39.278027 4.106846 1.488944 0.441272 0.000000 0.000000 0.000000 1.000000 0.000000 0.000000
30.000000 39.281332 4.084471 1.485608 0.451016 0.000000 0.000000 0.000000 1.000000 0.000000 0.000000
30.000000 39.288143 4.070649 1.494233 0.461327 0.000000 0.000000 0.000000 1.000000 0.000000 0.000000
30.000000 39.291078 4.043838 1.490022 0.475541 0.000000 0.000000 0.000000 1.000000 0.000000 0.000000
30.000000 39.298066 4.035345 1.495394 0.482220 0.000000 0.000000 0.000000 1.000000 0.000000 0.000000
30.000000 39.301313 4.009304 1.491484 0.493319 0.000000 0.000000 0.000000 1.000000 0.000000 0.000000
30.000000 39.308120 3.992264 1.501369 0.500729 0.000000 0.000000 0.000000 1.000000 0.000000 0.000000
30.000000 39.310997 3.969930 1.497820 0.512535 0.000000 0.000000 0.000000 1.000000 0.000000 0.000000
30.000000 39.318061 3.959320 1.504336 0.519359 0.000000 0.000000 0.000000 1.000000 0.000000 0.000000
30.000000 39.321164 3.939062 1.501073 0.530429 0.000000 0.000000 0.000000 1.000000 0.000000 0.000000
30.000000 39.328222 3.929377 1.506732 0.534688 0.000000 0.000000 0.000000 1.000000 0.000000 0.000000
30.000000 39.331371 3.901546 1.502613 0.544692 0.000000 0.000000 0.000000 1.000000 0.000000 0.000000
30.000000 39.338124 3.885866 1.511800 0.551535 0.000000 0.000000 0.000000 1.000000 0.000000 0.000000
30.000000 39.341224 3.859293 1.507693 0.563030 0.000000 0.000000 0.000000 1.000000 0.000000 0.000000
30.000000 39.348110 3.851453 1.512244 0.566079 0.000000 0.000000 0.000000 1.000000 0.000000 0.000000
30.000000 39.351068 3.825905 1.508466 0.574642 0.000000 0.000000 0.000000 1.000000 0.000000 0.000000
30.000000 39.358325 3.810891 1.516928 0.578671 0.000000 0.000000 0.000000 1.000000 0.000000 0.000000
30.000000 39.361329 3.790550 1.513760 0.587330 0.000000 0.000000 0.000000 1.000000 0.000000 0.000000
30.000000 39.368132 3.781271 1.519235 0.591285 0.000000 0.000000 0.000000 1.000000 0.000000 0.000000
30.000000 39.371056 3.757049 1.515674 0.598549 0.000000 0.000000 0.000000 1.000000 0.000000 0.000000
30.000000 39.378095 3.741670 1.524575 0.603836 0.000000 0.000000 0.000000 1.000000 0.000000 0.000000
30.000000 39.381167 3.713128 1.520296 0.613084 0.000000 0.000000 0.000000 1.000000 0.000000 0.000000
30.000000 39.388086 3.695497 1.530174 0.616837 0.000000 0.000000 0.000000 1.000000 0.000000 0.000000
30.000000 39.391244 3.672817 1.526793 0.623558 0.000000 0.000000 0.000000 1.000000 0.000000 0.000000
30.000000 39.398875 3.663705 1.531720 0.624265 0.000000 0.000000 0.000000 1.000000 0.000000 0.000000
30.000000 39.401360 3.636147 1.527616 0.632169 0.000000 0.000000 0.000000 1.000000 0.000000 0.000000
30.000000 39.408231 3.625519 1.533456 0.633462 0.000000 0.000000 0.000000 1.000000 0.000000 0.000000
30.000000 39.411062 3.603515 1.530123 0.640303 0.000000 0.000000 0.000000 1.000000 0.000000 0.000000
30.000000 39.418193 3.587306 1.539148 0.642819 0.000000 0.000000 0.000000 1.000000 0.000000 0.000000
30.000000 39.421289 3.565662 1.535935 0.648372 0.000000 0.000000 0.000000 1.000000 0.000000 0.000000
30.000000 39.428150 3.553499 1.542649 0.649757 0.000000 0.000000 0.000000 1.000000 0.000000 0.000000
30.000000 39.431191 3.525462 1.538657 0.654419 0.000000 0.000000 0.000000 1.000000 0.000000 0.000000
30.000000 39.438193 3.510318 1.547097 0.656529 0.000000 0.000000 0.000000 1.000000 0.000000 0.000000
30.000000 39.441457 3.492009 1.544441 0.659957 0.000000 0.000000 0.000000 1.000000 0.000000 0.000000
30.000000 39.448124 3.480370 1.550283 0.657439 0.000000 0.000000 0.000000 1.000000 0.000000 0.000000
30.000000 39.451202 3.452216 1.546081 0.664021 0.000000 0.000000 0.000000 1.000000 0.000000 0.000000
30.000000 39.458126 3.440777 1.552137 0.663348 0.000000 0.000000 0.000000 1.000000 0.000000 0.000000
30.000000 39.461117 3.419504 1.549131 0.665939 0.000000 0.000000 0.000000 1.000000 0.000000 0.000000
30.000000 39.468265 3.411436 1.553183 0.664051 0.000000 0.000000 0.000000 1.000000 0.000000 0.000000
30.000000 39.471082 3.386559 1.549682 0.666714 0.000000 0.000000 0.000000 1.000000 0.000000 0.000000
30.000000 39.478101 3.371314 1.558001 0.667163 0.000000 0.000000 0.000000 1.000000 0.000000 0.000000
30.000000 39.481167 3.347480 1.554600 0.670011 0.000000 0.000000 0.000000 1.000000 0.000000 0.000000
30.000000 39.488267 3.331977 1.562680 0.668009 0.000000 0.000000 0.000000 1.000000 0.000000 0.000000
30.000000 39.491112 3.304148 1.558479 0.673953 0.000000 0.000000 0.000000 1.000000 0.000000 0.000000
30.000000 39.498086 3.291644 1.565049 0.672460 0.000000 0.000000 0.000000 1.000000 0.000000 0.000000
30.000000 39.501211 3.272611 1.562564 0.671383 0.000000 0.000000 0.000000 1.000000 0.000000 0.000000
30.000000 39.508142 3.261041 1.568309 0.667966 0.000000 0.000000 0.000000 1.000000 0.000000 0.000000
30.000000 39.511059 3.232309 1.564108 0.671814 0.000000 0.000000 0.000000 1.000000 0.000000 0.000000
30.000000 39.518154 3.220590 1.569786 0.667369 0.000000 0.000000 0.000000 1.000000 0.000000 0.000000
30.000000 39.521163 3.202649 1.567542 0.664819 0.000000 0.000000 0.000000 1.000000 0.000000 0.000000
30.000000 39.528159 3.186776 1.575806 0.662197 0.000000 0.000000 0.000000 1.000000 0.000000 0.000000
30.000000 39.531117 3.163741 1.572586 0.662940 0.000000 0.000000 0.000000 1.000000 0.000000 0.000000
30.000000 39.538222 3.150845 1.579126 0.659682 0.000000 0.000000 0.000000 1.000000 0.000000 0.000000
30.000000 39.541170 3.126875 1.575855 0.659209 0.000000 0.000000 0.000000 1.000000 0.000000 0.000000
30.000000 39.548433 3.113650 1.582207 0.653719 0.000000 0.000000 0.000000 1.000000 0.000000 0.000000
30.000000 39.551083 3.092239 1.579273 0.653270 0.000000 0.000000 0.000000 1.000000 0.000000 0.000000
30.000000 39.558237 3.079864 1.585228 0.648085 0.000000 0.000000 0.000000 1.000000 0.000000 0.000000
30.000000 39.561268 3.054704 1.581684 0.648560 0.000000 0.000000 0.000000 1.000000 0.000000 0.000000
30.000000 39.568298 3.039968 1.589077 0.644040 0.000000 0.000000 0.000000 1.000000 0.000000 0.000000
30.000000 39.571176 3.023176 1.587188 0.638260 0.000000 0.000000 0.000000 1.000000 0.000000 0.000000
30.000000 39.578122 3.006935 1.595516 0.634385 0.000000 0.000000 0.000000 1.000000 0.000000 0.000000
30.000000 39.581195 2.980475 1.591921 0.632644 0.000000 0.000000 0.000000 1.000000 0.000000 0.000000
30.000000 39.588099 2.971004 1.596848 0.630846 0.000000 0.000000 0.000000 1.000000 0.000000 0.000000
30.000000 39.591169 2.946550 1.593538 0.628851 0.000000 0.000000 0.000000 1.000000 0.000000 0.000000
30.000000 45.829694 nan nan nan 0.000000 0.000000 0.000000 1.000000 0.000000 0.000000
31.000000 45.830811 19.818020 -0.076789 0.250179 0.000000 0.000000 0.000000 1.000000 0.000000 0.000000
31.000000 45.833871 19.886230 -0.077246 0.243043 0.000000 0.000000 0.000000 1.000000 0.000000 0.000000
31.000000 45.839663 19.788525 -0.049387 0.276616 0.000000 0.000000 0.000000 1.000000 0.000000 0.000000
31.000000 45.840731 19.729666 -0.069983 0.303751 0.000000 0.000000 0.000000 1.000000 0.000000 0.000000
31.000000 45.843828 19.766844 -0.070075 0.313998 0.000000 0.000000 0.000000 1.000000 0.000000 0.000000
31.000000 45.849849 19.727130 -0.058566 0.334974 0.000000 0.000000 0.000000 1.000000 0.000000 0.000000
31.000000 45.850821 19.673893 -0.077233 0.363203 0.000000 0.000000 0.000000 1.000000 0.000000 0.000000
31.000000 45.853947 19.675903 -0.077007 0.379667 0.000000 0.000000 0.000000 1.000000 0.000000 0.000000
31.000000 45.859676 19.623440 -0.061858 0.398981 0.000000 0.000000 0.000000 1.000000 0.000000 0.000000
31.000000 45.860729 19.591364 -0.073253 0.418671 0.000000 0.000000 0.000000 1.000000 0.000000 0.000000
31.000000 45.863832 19.534371 -0.073260 0.447613 0.000000 0.000000 0.000000 1.000000 0.000000 0.000000
31.000000 45.869679 19.517239 -0.068116 0.466225 0.000000 0.000000 0.000000 1.000000 0.000000 0.000000
31.000000 45.870842 19.481222 -0.080850 0.487350 0.000000 0.000000 0.000000 1.000000 0.000000 0.000000
31.000000 45.873909 19.441317 -0.080731 0.514439 0.000000 0.000000 0.000000 1.000000 0.000000 0.000000
31.000000 45.879689 19.417753 -0.073863 0.529172 0.000000 0.000000 0.000000 1.000000 0.000000 0.000000
31.000000 45.880715 19.381697 -0.086481 0.544238 0.000000 0.000000 0.000000 1.000000 0.000000 0.000000
31.000000 45.883812 19.352526 -0.086541 0.569238 0.000000 0.000000 0.000000 1.000000 0.000000 0.000000
31.000000 45.889872 19.318172 -0.076647 0.585696 0.000000 0.000000 0.000000 1.000000 0.000000 0.000000
31.000000 45.890826 19.280862 -0.089666 0.600653 0.000000 0.000000 0.000000 1.000000 0.000000 0.000000
31.000000 45.893846 19.278642 -0.089805 0.626760 0.000000 0.000000 0.000000 1.000000 0.000000 0.000000
31.000000 45.899689 19.225781 -0.074475 0.650483 0.000000 0.000000 0.000000 1.000000 0.000000 0.000000
31.000000 45.900792 19.183560 -0.089226 0.662472 0.000000 0.000000 0.000000 1.000000 0.000000 0.000000
31.000000 45.903823 19.174163 -0.089400 0.682164 0.000000 0.000000 0.000000 1.000000 0.000000 0.000000
31.000000 45.909781 19.133437 -0.077276 0.707682 0.000000 0.000000 0.000000 1.000000 0.000000 0.000000
31.000000 45.910937 19.092280 -0.091964 0.727079 0.000000 0.000000 0.000000 1.000000 0.000000 0.000000
31.000000 45.913880 19.062834 -0.092023 0.749903 0.000000 0.000000 0.000000 1.000000 0.000000 0.000000
31.000000 45.919677 19.028847 -0.082085 0.766413 0.000000 0.000000 0.000000 1.000000 0.000000 0.000000
31.000000 45.920891 19.008367 -0.089340 0.777083 0.000000 0.000000 0.000000 1.000000 0.000000 0.000000
31.000000 45.923931 18.972242 -0.089320 0.801779 0.000000 0.000000 0.000000 1.000000 0.000000 0.000000
31.000000 45.929792 18.935345 -0.078423 0.820167 0.000000 0.000000 0.000000 1.000000 0.000000 0.000000
31.000000 45.930861 18.887154 -0.095528 0.836596 0.000000 0.000000 0.000000 1.000000 0.000000 0.000000
31.000000 45.934040 18.885687 -0.095635 0.855125 0.000000 0.000000 0.000000 1.000000 0.000000 0.000000
31.000000 45.939868 18.842644 -0.083016 0.871514 0.000000 0.000000 0.000000 1.000000 0.000000 0.000000
31.000000 45.940791 18.799519 -0.098313 0.887371 0.000000 0.000000 0.000000 1.000000 0.000000 0.000000
31.000000 45.943825 18.790379 -0.098332 0.911370 0.000000 0.000000 0.000000 1.000000 0.000000 0.000000
31.000000 45.949932 18.743461 -0.084579 0.927524 0.000000 0.000000 0.000000 1.000000 0.000000 0.000000
31.000000 45.950880 18.693512 -0.102254 0.939919 0.000000 0.000000 0.000000 1.000000 0.000000 0.000000
31.000000 45.954010 18.720940 -0.102630 0.961875 0.000000 0.000000 0.000000 1.000000 0.000000 0.000000
31.000000 45.959905 18.655813 -0.083322 0.989801 0.000000 0.000000 0.000000 1.000000 0.000000 0.000000
31.000000 45.960806 18.602049 -0.102459 1.000654 0.000000 0.000000 0.000000 1.000000 0.000000 0.000000
31.000000 45.963894 18.632276 -0.102793 1.011320 0.000000 0.000000 0.000000 1.000000 0.000000 0.000000
31.000000 45.969924 18.565076 -0.082832 1.033265 0.000000 0.000000 0.000000 1.000000 0.000000 0.000000
31.000000 45.970951 18.516102 -0.100398 1.049068 0.000000 0.000000 0.000000 1.000000 0.000000 0.000000
31.000000 45.974016 18.515586 -0.100494 1.070059 0.000000 0.000000 0.000000 1.000000 0.000000 0.000000
31.000000 45.979751 18.467168 -0.086098 1.087510 0.000000 0.000000 0.000000 1.000000 0.000000 0.000000
31.000000 45.980787 18.432057 -0.098673 1.097452 0.000000 0.000000 0.000000 1.000000 0.000000 0.000000
31.000000 45.983903 18.413089 -0.098787 1.120582 0.000000 0.000000 0.000000 1.000000 0.000000 0.000000
31.000000 45.989849 18.369317 -0.085689 1.139251 0.000000 0.000000 0.000000 1.000000 0.000000 0.000000
31.000000 45.991002 18.333581 -0.098583 1.151740 0.000000 0.000000 0.000000 1.000000 0.000000 0.000000
31.000000 45.993893 18.330171 -0.098694 1.173903 0.000000 0.000000 0.000000 1.000000 0.000000 0.000000
31.000000 45.999714 18.280303 -0.083756 1.192333 0.000000 0.000000 0.000000 1.000000 0.000000 0.000000
31.000000 46.000873 18.243292 -0.097088 1.199623 0.000000 0.000000 0.000000 1.000000 0.000000 0.000000
31.000000 46.003808 18.204744 -0.097135 1.219946 0.000000 0.000000 0.000000 1.000000 0.000000 0.000000
31.000000 46.009827 18.182714 -0.090264 1.238635 0.000000 0.000000 0.000000 1.000000 0.000000 0.000000
31.000000 46.010942 18.155055 -0.100455 1.249059 0.000000 0.000000 0.000000 1.000000 0.000000 0.000000
31.000000 46.013884 18.121707 -0.100564 1.265828 0.000000 0.000000 0.000000 1.000000 0.000000 0.000000
31.000000 46.019702 18.095615 -0.092595 1.280616 0.000000 0.000000 0.000000 1.000000 0.000000 0.000000
31.000000 46.020952 18.075292 -0.100038 1.288362 0.000000 0.000000 0.000000 1.000000 0.000000 0.000000
31.000000 46.024061 18.033597 -0.100174 1.313396 0.000000 0.000000 0.000000 1.000000 0.000000 0.000000
31.000000 46.029809 18.001750 -0.090590 1.328665 0.000000 0.000000 0.000000 1.000000 0.000000 0.000000
31.000000 46.030899 17.971329 -0.101583 1.331881 0.000000 0.000000 0.000000 1.000000 0.000000 0.000000
31.000000 46.033933 17.938913 -0.101756 1.354105 0.000000 0.000000 0.000000 1.000000 0.000000 0.000000
31.000000 46.039662 17.908314 -0.092285 1.375029 0.000000 0.000000 0.000000 1.000000 0.000000 0.000000
31.000000 46.040962 17.877626 -0.103608 1.382800 0.000000 0.000000 0.000000 1.000000 0.000000 0.000000
31.000000 46.044077 17.838507 -0.103710 1.400507 0.000000 0.000000 0.000000 1.000000 0.000000 0.000000
31.000000 46.049781 17.809787 -0.094927 1.413698 0.000000 0.000000 0.000000 1.000000 0.000000 0.000000
31.000000 46.051005 17.785170 -0.103954 1.419114 0.000000 0.000000 0.000000 1.000000 0.000000 0.000000
31.000000 46.053970 17.759914 -0.104172 1.442306 0.000000 0.000000 0.000000 1.000000 0.000000 0.000000
31.000000 46.059662 17.734795 -0.096425 1.460667 0.000000 0.000000 0.000000 1.000000 0.000000 0.000000
31.000000 46.061047 17.714713 -0.103796 1.461655 0.000000 0.000000 0.000000 1.000000 0.000000 0.000000
31.000000 46.064039 17.648105 -0.103924 1.484240 0.000000 0.000000 0.000000 1.000000 0.000000 0.000000
31.000000 46.069836 17.633957 -0.099475 1.500786 0.000000 0.000000 0.000000 1.000000 0.000000 0.000000
31.000000 46.070981 17.628862 -0.101395 1.504932 0.000000 0.000000 0.000000 1.000000 0.000000 0.000000
31.000000 46.073958 17.556609 -0.101351 1.529049 0.000000 0.000000 0.000000 1.000000 0.000000 0.000000
31.000000 46.079672 17.539292 -0.095957 1.542219 0.000000 0.000000 0.000000 1.000000 0.000000 0.000000
31.000000 46.080929 17.489786 -0.114376 1.549339 0.000000 0.000000 0.000000 1.000000 0.000000 0.000000
31.000000 46.084072 17.488935 -0.114632 1.561713 0.000000 0.000000 0.000000 1.000000 0.000000 0.000000
31.000000 46.089773 17.449316 -0.102268 1.577987 0.000000 0.000000 0.000000 1.000000 0.000000 0.000000
31.000000 46.090994 17.418089 -0.113911 1.581829 0.000000 0.000000 0.000000 1.000000 0.000000 0.000000
31.000000 46.094206 17.385109 -0.114136 1.601121 0.000000 0.000000 0.000000 1.000000 0.000000 0.000000
31.000000 46.099768 17.354834 -0.104724 1.616653 0.000000 0.000000 0.000000 1.000000 0.000000 0.000000
31.000000 46.100872 17.324822 -0.115892 1.620354 0.000000 0.000000 0.000000 1.000000 0.000000 0.000000
31.000000 46.104146 17.329000 -0.116247 1.639347 0.000000 0.000000 0.000000 1.000000 0.000000 0.000000
31.000000 46.109774 17.293641 -0.105246 1.656508 0.000000 0.000000 0.000000 1.000000 0.000000 0.000000
31.000000 46.111006 17.274392 -0.112352 1.654824 0.000000 0.000000 0.000000 1.000000 0.000000 0.000000
31.000000 46.114003 17.184454 -0.112307 1.679730 0.000000 0.000000 0.000000 1.000000 0.000000 0.000000
31.000000 46.119825 17.169509 -0.107407 1.698589 0.000000 0.000000 0.000000 1.000000 0.000000 0.000000
31.000000 46.120890 17.166392 -0.108672 1.698552 0.000000 0.000000 0.000000 1.000000 0.000000 0.000000
31.000000 46.123997 17.087733 -0.108738 1.715455 0.000000 0.000000 0.000000 1.000000 0.000000 0.000000
31.000000 46.129760 17.081556 -0.106584 1.731503 0.000000 0.000000 0.000000 1.000000 0.000000 0.000000
31.000000 46.131022 17.069246 -0.111362 1.733870 0.000000 0.000000 0.000000 1.000000 0.000000 0.000000
31.000000 46.133983 17.006976 -0.111458 1.748747 0.000000 0.000000 0.000000 1.000000 0.000000 0.000000
31.000000 46.139783 16.987491 -0.105104 1.765203 0.000000 0.000000 0.000000 1.000000 0.000000 0.000000
31.000000 46.141067 16.969557 -0.112014 1.766862 0.000000 0.000000 0.000000 1.000000 0.000000 0.000000
31.000000 46.143941 16.921362 -0.112197 1.780322 0.000000 0.000000 0.000000 1.000000 0.000000 0.000000
31.000000 46.150042 16.917157 -0.110713 1.794999 0.000000 0.000000 0.000000 1.000000 0.000000 0.000000
31.000000 46.151002 16.903383 -0.116031 1.794124 0.000000 0.000000 0.000000 1.000000 0.000000 0.000000
31.000000 46.154027 16.829286 -0.116207 1.812625 0.000000 0.000000 0.000000 1.000000 0.000000 0.000000
31.000000 46.159948 16.810941 -0.110278 1.829355 0.000000 0.000000 0.000000 1.000000 0.000000 0.000000
31.000000 46.160936 16.795644 -0.116122 1.826051 0.000000 0.000000 0.000000 1.000000 0.000000 0.000000
31.000000 46.163904 16.747729 -0.116395 1.841508 0.000000 0.000000 0.000000 1.000000 0.000000 0.000000
31.000000 46.169921 16.724981 -0.109041 1.858315 0.000000 0.000000 0.000000 1.000000 0.000000 0.000000
31.000000 46.171028 16.707169 -0.115867 1.854877 0.000000 0.000000 0.000000 1.000000 0.000000 0.000000
31.000000 46.174076 16.649249 -0.116149 1.873504 0.000000 0.000000 0.000000 1.000000 0.000000 0.000000
31.000000 46.179841 16.637492 -0.112383 1.888782 0.000000 0.000000 0.000000 1.000000 0.000000 0.000000
31.000000 46.180979 16.609409 -0.123141 1.881873 0.000000 0.000000 0.000000 1.000000 0.000000 0.000000
31.000000 46.183946 16.554971 -0.123479 1.897127 0.000000 0.000000 0.000000 1.000000 0.000000 0.000000
31.000000 46.189898 16.529985 -0.115308 1.916288 0.000000 0.000000 0.000000 1.000000 0.000000 0.000000
31.000000 46.191042 16.516953 -0.120338 1.910457 0.000000 0.000000 0.000000 1.000000 0.000000 0.000000
31.000000 46.193981 16.464891 -0.120618 1.923650 0.000000 0.000000 0.000000 1.000000 0.000000 0.000000
31.000000 46.199833 16.450915 -0.116041 1.938229 0.000000 0.000000 0.000000 1.000000 0.000000 0.000000
31.000000 46.200968 16.442029 -0.119455 1.932992 0.000000 0.000000 0.000000 1.000000 0.000000 0.000000
31.000000 46.203975 16.382415 -0.119701 1.950940 0.000000 0.000000 0.000000 1.000000 0.000000 0.000000
31.000000 46.209882 16.362836 -0.113222 1.969592 0.000000 0.000000 0.000000 1.000000 0.000000 0.000000
31.000000 46.211064 16.352104 -0.117406 1.963410 0.000000 0.000000 0.000000 1.000000 0.000000 0.000000
31.000000 46.214027 16.276538 -0.117667 1.981349 0.000000 0.000000 0.000000 1.000000 0.000000 0.000000
31.000000 46.219854 16.272776 -0.116433 1.996397 0.000000 0.000000 0.000000 1.000000 0.000000 0.000000
31.000000 46.221138 16.265165 -0.119343 1.986067 0.000000 0.000000 0.000000 1.000000 0.000000 0.000000
31.000000 46.224007 16.193992 -0.119587 1.999275 0.000000 0.000000 0.000000 1.000000 0.000000 0.000000
31.000000 46.229806 16.189304 -0.117976 2.013748 0.000000 0.000000 0.000000 1.000000 0.000000 0.000000
31.000000 46.231009 16.185320 -0.119527 2.007132 0.000000 0.000000 0.000000 1.000000 0.000000 0.000000
31.000000 46.234279 16.073951 -0.119491 2.025632 0.000000 0.000000 0.000000 1.000000 0.000000 0.000000
31.000000 46.239853 16.078127 -0.120738 2.039623 0.000000 0.000000 0.000000 1.000000 0.000000 0.000000
31.000000 46.241159 16.080287 -0.119919 2.031466 0.000000 0.000000 0.000000 1.000000 0.000000 0.000000
31.000000 46.243951 16.005159 -0.120253 2.047718 0.000000 0.000000 0.000000 1.000000 0.000000 0.000000
31.000000 46.249936 16.013588 -0.123118 2.060293 0.000000 0.000000 0.000000 1.000000 0.000000 0.000000
31.000000 46.251093 16.020931 -0.120069 2.047327 0.000000 0.000000 0.000000 1.000000 0.000000 0.000000
31.000000 46.254019 15.922802 -0.120183 2.066006 0.000000 0.000000 0.000000 1.000000 0.000000 0.000000
31.000000 46.259940 15.922657 -0.120057 2.081335 0.000000 0.000000 0.000000 1.000000 0.000000 0.000000
31.000000 46.260954 15.920167 -0.121031 2.072603 0.000000 0.000000 0.000000 1.000000 0.000000 0.000000
31.000000 46.264041 15.840832 -0.121252 2.087829 0.000000 0.000000 0.000000 1.000000 0.000000 0.000000
31.000000 46.269830 15.833166 -0.118644 2.102791 0.000000 0.000000 0.000000 1.000000 0.000000 0.000000
31.000000 46.271109 15.826723 -0.121166 2.091291 0.000000 0.000000 0.000000 1.000000 0.000000 0.000000
31.000000 46.274061 15.732521 -0.121389 2.107179 0.000000 0.000000 0.000000 1.000000 0.000000 0.000000
31.000000 46.279836 15.736762 -0.122745 2.122448 0.000000 0.000000 0.000000 1.000000 0.000000 0.000000
31.000000 46.280988 15.746212 -0.118906 2.109786 0.000000 0.000000 0.000000 1.000000 0.000000 0.000000
31.000000 46.283995 15.636584 -0.119011 2.125078 0.000000 0.000000 0.000000 1.000000 0.000000 0.000000
31.000000 46.289951 15.657685 -0.126096 2.135774 0.000000 0.000000 0.000000 1.000000 0.000000 0.000000
31.000000 46.291086 15.665542 -0.122881 2.122420 0.000000 0.000000 0.000000 1.000000 0.000000 0.000000
31.000000 46.294047 15.566603 -0.123162 2.140707 0.000000 0.000000 0.000000 1.000000 0.000000 0.000000
31.000000 46.299886 15.568320 -0.123736 2.156838 0.000000 0.000000 0.000000 1.000000 0.000000 0.000000
31.000000 46.301000 15.569617 -0.123103 2.141004 0.000000 0.000000 0.000000 1.000000 0.000000 0.000000
31.000000 46.304023 15.464839 -0.123343 2.157183 0.000000 0.000000 0.000000 1.000000 0.000000 0.000000
31.000000 46.309926 15.479027 -0.128218 2.169177 0.000000 0.000000 0.000000 1.000000 0.000000 0.000000
31.000000 46.311095 15.492320 -0.122676 2.154193 0.000000 0.000000 0.000000 1.000000 0.000000 0.000000
31.000000 46.314058 15.367740 -0.122685 2.174066 0.000000 0.000000 0.000000 1.000000 0.000000 0.000000
31.000000 46.319850 15.384101 -0.128318 2.184297 0.000000 0.000000 0.000000 1.000000 0.000000 0.000000
31.000000 46.321026 15.398191 -0.122433 2.169375 0.000000 0.000000 0.000000 1.000000 0.000000 0.000000
31.000000 46.324043 15.283109 -0.122459 2.186549 0.000000 0.000000 0.000000 1.000000 0.000000 0.000000
31.000000 46.329837 15.309947 -0.131722 2.194358 0.000000 0.000000 0.000000 1.000000 0.000000 0.000000
31.000000 46.331126 15.329133 -0.123732 2.179160 0.000000 0.000000 0.000000 1.000000 0.000000 0.000000
31.000000 46.334161 15.195430 -0.123656 2.198716 0.000000 0.000000 0.000000 1.000000 0.000000 0.000000
31.000000 46.339830 15.217515 -0.131364 2.205686 0.000000 0.000000 0.000000 1.000000 0.000000 0.000000
31.000000 46.341065 15.219556 -0.130356 2.191301 0.000000 0.000000 0.000000 1.000000 0.000000 0.000000
31.000000 46.344038 15.123940 -0.130475 2.208272 0.000000 0.000000 0.000000 1.000000 0.000000 0.000000
31.000000 46.349971 15.126105 -0.131253 2.220198 0.000000 0.000000 0.000000 1.000000 0.000000 0.000000
31.000000 46.351144 15.128763 -0.129992 2.203750 0.000000 0.000000 0.000000 1.000000 0.000000 0.000000
31.000000 46.354141 15.029281 -0.130133 2.217531 0.000000 0.000000 0.000000 1.000000 0.000000 0.000000
31.000000 46.359920 15.034162 -0.131799 2.229800 0.000000 0.000000 0.000000 1.000000 0.000000 0.000000
31.000000 46.360959 15.039899 -0.129298 2.213688 0.000000 0.000000 0.000000 1.000000 0.000000 0.000000
31.000000 46.364067 14.943100 -0.129503 2.226915 0.000000 0.000000 0.000000 1.000000 0.000000 0.000000
31.000000 46.369909 14.959451 -0.135225 2.237667 0.000000 0.000000 0.000000 1.000000 0.000000 0.000000
31.000000 46.371132 14.972606 -0.129591 2.219810 0.000000 0.000000 0.000000 1.000000 0.000000 0.000000
31.000000 46.374099 14.848576 -0.129659 2.236842 0.000000 0.000000 0.000000 1.000000 0.000000 0.000000
31.000000 46.379961 14.863524 -0.134926 2.247694 0.000000 0.000000 0.000000 1.000000 0.000000 0.000000
31.000000 46.381052 14.871313 -0.131482 2.228070 0.000000 0.000000 0.000000 1.000000 0.000000 0.000000
31.000000 46.384007 14.759470 -0.131678 2.242871 0.000000 0.000000 0.000000 1.000000 0.000000 0.000000
31.000000 46.390041 14.779247 -0.138671 2.254097 0.000000 0.000000 0.000000 1.000000 0.000000 0.000000
31.000000 46.391141 14.790011 -0.133951 2.233156 0.000000 0.000000 0.000000 1.000000 0.000000 0.000000
31.000000 46.394087 14.672950 -0.134073 2.245582 0.000000 0.000000 0.000000 1.000000 0.000000 0.000000
31.000000 46.399914 14.695546 -0.142087 2.254829 0.000000 0.000000 0.000000 1.000000 0.000000 0.000000
31.000000 46.401043 14.712333 -0.134824 2.235371 0.000000 0.000000 0.000000 1.000000 0.000000 0.000000
31.000000 46.404052 14.589977 -0.134945 2.253260 0.000000 0.000000 0.000000 1.000000 0.000000 0.000000
31.000000 46.409943 14.619638 -0.145553 2.263273 0.000000 0.000000 0.000000 1.000000 0.000000 0.000000
31.000000 46.411120 14.645446 -0.134397 2.242413 0.000000 0.000000 0.000000 1.000000 0.000000 0.000000
31.000000 46.414158 14.499535 -0.134195 2.258227 0.000000 0.000000 0.000000 1.000000 0.000000 0.000000
31.000000 46.419836 14.523760 -0.142796 2.266229 0.000000 0.000000 0.000000 1.000000 0.000000 0.000000
31.000000 46.421205 14.536293 -0.137333 2.248532 0.000000 0.000000 0.000000 1.000000 0.000000 0.000000
31.000000 46.424247 14.415146 -0.137373 2.261946 0.000000 0.000000 0.000000 1.000000 0.000000 0.000000
31.000000 46.430082 14.431452 -0.143171 2.272708 0.000000 0.000000 0.000000 1.000000 0.000000 0.000000
31.000000 46.431085 14.450019 -0.135065 2.253310 0.000000 0.000000 0.000000 1.000000 0.000000 0.000000
31.000000 46.434263 14.317292 -0.134946 2.263918 0.000000 0.000000 0.000000 1.000000 0.000000 0.000000
31.000000 46.439873 14.348817 -0.146207 2.271029 0.000000 0.000000 0.000000 1.000000 0.000000 0.000000
31.000000 46.441034 14.369523 -0.137225 2.252708 0.000000 0.000000 0.000000 1.000000 0.000000 0.000000
31.000000 46.444129 14.232711 -0.137172 2.265584 0.000000 0.000000 0.000000 1.000000 0.000000 0.000000
31.000000 46.449921 14.258548 -0.146541 2.272576 0.000000 0.000000 0.000000 1.000000 0.000000 0.000000
31.000000 46.451176 14.278351 -0.137777 2.252560 0.000000 0.000000 0.000000 1.000000 0.000000 0.000000
31.000000 46.454325 14.149569 -0.137728 2.267282 0.000000 0.000000 0.000000 1.000000 0.000000 0.000000
31.000000 46.459992 14.173278 -0.146277 2.276969 0.000000 0.000000 0.000000 1.000000 0.000000 0.000000
31.000000 46.461111 14.189807 -0.138925 2.256405 0.000000 0.000000 0.000000 1.000000 0.000000 0.000000
31.000000 46.464287 14.058117 -0.138887 2.267524 0.000000 0.000000 0.000000 1.000000 0.000000 0.000000
31.000000 46.470067 14.093510 -0.151995 2.269100 0.000000 0.000000 0.000000 1.000000 0.000000 0.000000
31.000000 46.471362 14.116596 -0.141610 2.247775 0.000000 0.000000 0.000000 1.000000 0.000000 0.000000
31.000000 46.474164 13.975682 -0.141271 2.262084 0.000000 0.000000 0.000000 1.000000 0.000000 0.000000
31.000000 46.479921 14.004647 -0.151843 2.267155 0.000000 0.000000 0.000000 1.000000 0.000000 0.000000
31.000000 46.481097 14.017079 -0.146211 2.246050 0.000000 0.000000 0.000000 1.000000 0.000000 0.000000
31.000000 46.484287 13.902054 -0.146288 2.253873 0.000000 0.000000 0.000000 1.000000 0.000000 0.000000
31.000000 46.489791 13.921152 -0.153155 2.264941 0.000000 0.000000 0.000000 1.000000 0.000000 0.000000
31.000000 46.491355 13.932385 -0.148045 2.243961 0.000000 0.000000 0.000000 1.000000 0.000000 0.000000
31.000000 46.494379 13.819555 -0.148203 2.252361 0.000000 0.000000 0.000000 1.000000 0.000000 0.000000
31.000000 46.499928 13.840781 -0.156069 2.260463 0.000000 0.000000 0.000000 1.000000 0.000000 0.000000
31.000000 46.501103 13.863354 -0.145774 2.235158 0.000000 0.000000 0.000000 1.000000 0.000000 0.000000
31.000000 46.504181 13.728361 -0.145728 2.247349 0.000000 0.000000 0.000000 1.000000 0.000000 0.000000
31.000000 46.510040 13.749084 -0.153380 2.256066 0.000000 0.000000 0.000000 1.000000 0.000000 0.000000
31.000000 46.511192 13.764626 -0.146179 2.232670 0.000000 0.000000 0.000000 1.000000 0.000000 0.000000
31.000000 46.514281 13.646104 -0.146230 2.241732 0.000000 0.000000 0.000000 1.000000 0.000000 0.000000
31.000000 46.519851 13.664729 -0.153035 2.252054 0.000000 0.000000 0.000000 1.000000 0.000000 0.000000
31.000000 46.521136 13.679501 -0.146200 2.229533 0.000000 0.000000 0.000000 1.000000 0.000000 0.000000
31.000000 46.524065 13.555632 -0.146214 2.236593 0.000000 0.000000 0.000000 1.000000 0.000000 0.000000
31.000000 46.530048 13.581449 -0.155887 2.242109 0.000000 0.000000 0.000000 1.000000 0.000000 0.000000
31.000000 46.531126 13.602279 -0.146225 2.217832 0.000000 0.000000 0.000000 1.000000 0.000000 0.000000
31.000000 46.534167 13.461120 -0.146086 2.228668 0.000000 0.000000 0.000000 1.000000 0.000000 0.000000
31.000000 46.539888 13.492284 -0.157817 2.233680 0.000000 0.000000 0.000000 1.000000 0.000000 0.000000
31.000000 46.541206 13.509417 -0.149753 2.209637 0.000000 0.000000 0.000000 1.000000 0.000000 0.000000
31.000000 46.544289 13.381005 -0.149680 2.218405 0.000000 0.000000 0.000000 1.000000 0.000000 0.000000
31.000000 46.550125 13.409498 -0.160522 2.222043 0.000000 0.000000 0.000000 1.000000 0.000000 0.000000
31.000000 46.551278 13.428313 -0.151629 2.199588 0.000000 0.000000 0.000000 1.000000 0.000000 0.000000
31.000000 46.554200 13.299317 -0.151422 2.211075 0.000000 0.000000 0.000000 1.000000 0.000000 0.000000
31.000000 46.559897 13.330616 -0.163452 2.212346 0.000000 0.000000 0.000000 1.000000 0.000000 0.000000
31.000000 46.561078 13.343941 -0.156872 2.185445 0.000000 0.000000 0.000000 1.000000 0.000000 0.000000
31.000000 46.564101 13.243272 -0.156965 2.190353 0.000000 0.000000 0.000000 1.000000 0.000000 0.000000
31.000000 46.570113 13.252387 -0.160400 2.197524 0.000000 0.000000 0.000000 1.000000 0.000000 0.000000
31.000000 46.571365 13.260050 -0.156457 2.175163 0.000000 0.000000 0.000000 1.000000 0.000000 0.000000
31.000000 46.574203 13.144647 -0.156372 2.182706 0.000000 0.000000 0.000000 1.000000 0.000000 0.000000
31.000000 46.579996 13.159099 -0.161919 2.187665 0.000000 0.000000 0.000000 1.000000 0.000000 0.000000
31.000000 46.581301 13.171337 -0.155820 2.163409 0.000000 0.000000 0.000000 1.000000 0.000000 0.000000
31.000000 46.584172 13.057070 -0.155820 2.172211 0.000000 0.000000 0.000000 1.000000 0.000000 0.000000
31.000000 46.590051 13.085268 -0.166833 2.174344 0.000000 0.000000 0.000000 1.000000 0.000000 0.000000
31.000000 46.591190 13.107392 -0.156007 2.144514 0.000000 0.000000 0.000000 1.000000 0.000000 0.000000
31.000000 46.594148 12.962736 -0.155773 2.154604 0.000000 0.000000 0.000000 1.000000 0.000000 0.000000
31.000000 46.600013 12.999496 -0.170017 2.157232 0.000000 0.000000 0.000000 1.000000 0.000000 0.000000
31.000000 46.601101 13.027751 -0.156508 2.131088 0.000000 0.000000 0.000000 1.000000 0.000000 0.000000
31.000000 46.604079 12.882837 -0.156216 2.141238 0.000000 0.000000 0.000000 1.000000 0.000000 0.000000
31.000000 46.610010 12.917328 -0.169855 2.139339 0.000000 0.000000 0.000000 1.000000 0.000000 0.000000
31.000000 46.611372 12.947223 -0.155317 2.109581 0.000000 0.000000 0.000000 1.000000 0.000000 0.000000
31.000000 46.614170 12.792557 -0.154950 2.122020 0.000000 0.000000 0.000000 1.000000 0.000000 0.000000
31.000000 46.619878 12.829915 -0.169658 2.121954 0.000000 0.000000 0.000000 1.000000 0.000000 0.000000
31.000000 46.621186 12.858409 -0.155800 2.095145 0.000000 0.000000 0.000000 1.000000 0.000000 0.000000
31.000000 46.624110 12.702917 -0.155405 2.108585 0.000000 0.000000 0.000000 1.000000 0.000000 0.000000
31.000000 46.630027 12.743687 -0.171522 2.108160 0.000000 0.000000 0.000000 1.000000 0.000000 0.000000
31.000000 46.631297 12.767576 -0.159666 2.079385 0.000000 0.000000 0.000000 1.000000 0.000000 0.000000
31.000000 46.634226 12.630523 -0.159440 2.087309 0.000000 0.000000 0.000000 1.000000 0.000000 0.000000
31.000000 46.640051 12.662176 -0.172141 2.085479 0.000000 0.000000 0.000000 1.000000 0.000000 0.000000
31.000000 46.641052 12.678785 -0.163620 2.061254 0.000000 0.000000 0.000000 1.000000 0.000000 0.000000
31.000000 46.644128 12.549385 -0.163153 2.069555 0.000000 0.000000 0.000000 1.000000 0.000000 0.000000
31.000000 46.650000 12.582213 -0.176337 2.065865 0.000000 0.000000 0.000000 1.000000 0.000000 0.000000
31.000000 46.651154 12.611508 -0.161892 2.039610 0.000000 0.000000 0.000000 1.000000 0.000000 0.000000
31.000000 46.654221 12.465666 -0.161392 2.047960 0.000000 0.000000 0.000000 1.000000 0.000000 0.000000
31.000000 46.660020 12.501280 -0.175837 2.042422 0.000000 0.000000 0.000000 1.000000 0.000000 0.000000
31.000000 46.661071 12.525344 -0.163681 2.015681 0.000000 0.000000 0.000000 1.000000 0.000000 0.000000
31.000000 46.664183 12.393794 -0.163366 2.026500 0.000000 0.000000 0.000000 1.000000 0.000000 0.000000
31.000000 46.669981 12.422854 -0.175327 2.022569 0.000000 0.000000 0.000000 1.000000 0.000000 0.000000
31.000000 46.671224 12.442128 -0.165175 1.993966 0.000000 0.000000 0.000000 1.000000 0.000000 0.000000
31.000000 46.674205 12.299358 -0.164693 2.005920 0.000000 0.000000 0.000000 1.000000 0.000000 0.000000
31.000000 46.680026 12.331952 -0.178039 2.002307 0.000000 0.000000 0.000000 1.000000 0.000000 0.000000
31.000000 46.681085 12.358101 -0.164615 1.972350 0.000000 0.000000 0.000000 1.000000 0.000000 0.000000
31.000000 46.684147 12.214044 -0.164194 1.981515 0.000000 0.000000 0.000000 1.000000 0.000000 0.000000
31.000000 46.689983 12.249822 -0.178834 1.978020 0.000000 0.000000 0.000000 1.000000 0.000000 0.000000
31.000000 46.691249 12.268724 -0.168833 1.949587 0.000000 0.000000 0.000000 1.000000 0.000000 0.000000
31.000000 46.694196 12.140596 -0.168544 1.956289 0.000000 0.000000 0.000000 1.000000 0.000000 0.000000
31.000000 46.699988 12.165890 -0.179026 1.953766 0.000000 0.000000 0.000000 1.000000 0.000000 0.000000
31.000000 46.701127 12.186038 -0.168332 1.925864 0.000000 0.000000 0.000000 1.000000 0.000000 0.000000
31.000000 46.704221 12.046061 -0.167873 1.935795 0.000000 0.000000 0.000000 1.000000 0.000000 0.000000
31.000000 46.710009 12.096526 -0.188898 1.926481 0.000000 0.000000 0.000000 1.000000 0.000000 0.000000
31.000000 46.711293 12.133389 -0.170081 1.897076 0.000000 0.000000 0.000000 1.000000 0.000000 0.000000
31.000000 46.714254 11.964621 -0.169131 1.909297 0.000000 0.000000 0.000000 1.000000 0.000000 0.000000
31.000000 46.719968 12.012984 -0.189173 1.900631 0.000000 0.000000 0.000000 1.000000 0.000000 0.000000
31.000000 46.721075 12.045654 -0.172459 1.871554 0.000000 0.000000 0.000000 1.000000 0.000000 0.000000
31.000000 46.724169 11.885590 -0.171938 1.883870 0.000000 0.000000 0.000000 1.000000 0.000000 0.000000
31.000000 46.730012 11.927745 -0.189565 1.878957 0.000000 0.000000 0.000000 1.000000 0.000000 0.000000
31.000000 46.731201 11.957814 -0.173720 1.846902 0.000000 0.000000 0.000000 1.000000 0.000000 0.000000
31.000000 46.734221 11.815605 -0.173231 1.855645 0.000000 0.000000 0.000000 1.000000 0.000000 0.000000
31.000000 46.740035 11.850131 -0.187880 1.848859 0.000000 0.000000 0.000000 1.000000 0.000000 0.000000
31.000000 46.741068 11.881596 -0.171225 1.816600 0.000000 0.000000 0.000000 1.000000 0.000000 0.000000
31.000000 46.744198 11.728026 -0.170628 1.827906 0.000000 0.000000 0.000000 1.000000 0.000000 0.000000
31.000000 46.750027 11.768360 -0.187753 1.820250 0.000000 0.000000 0.000000 1.000000 0.000000 0.000000
31.000000 46.751210 11.795183 -0.173267 1.788583 0.000000 0.000000 0.000000 1.000000 0.000000 0.000000
31.000000 46.754271 11.651627 -0.172778 1.798796 0.000000 0.000000 0.000000 1.000000 0.000000 0.000000
31.000000 46.760022 11.683487 -0.186347 1.793952 0.000000 0.000000 0.000000 1.000000 0.000000 0.000000
31.000000 46.761418 11.712399 -0.170710 1.761081 0.000000 0.000000 0.000000 1.000000 0.000000 0.000000
31.000000 46.764202 11.561755 -0.170079 1.765922 0.000000 0.000000 0.000000 1.000000 0.000000 0.000000
31.000000 46.769994 11.599444 -0.186132 1.757938 0.000000 0.000000 0.000000 1.000000 0.000000 0.000000
31.000000 46.771256 11.621849 -0.173852 1.729211 0.000000 0.000000 0.000000 1.000000 0.000000 0.000000
31.000000 46.774228 11.472514 -0.173209 1.733092 0.000000 0.000000 0.000000 1.000000 0.000000 0.000000
31.000000 46.780078 11.509545 -0.189031 1.725459 0.000000 0.000000 0.000000 1.000000 0.000000 0.000000
31.000000 46.781121 11.537688 -0.173872 1.696628 0.000000 0.000000 0.000000 1.000000 0.000000 0.000000
31.000000 46.784274 11.395885 -0.173325 1.701170 0.000000 0.000000 0.000000 1.000000 0.000000 0.000000
31.000000 46.790034 11.434731 -0.190253 1.690432 0.000000 0.000000 0.000000 1.000000 0.000000 0.000000
31.000000 46.791178 11.475359 -0.168668 1.660543 0.000000 0.000000 0.000000 1.000000 0.000000 0.000000
31.000000 46.794282 11.298414 -0.167595 1.673315 0.000000 0.000000 0.000000 1.000000 0.000000 0.000000
31.000000 46.799995 11.357196 -0.193263 1.655927 0.000000 0.000000 0.000000 1.000000 0.000000 0.000000
31.000000 46.801167 11.392344 -0.174344 1.627216 0.000000 0.000000 0.000000 1.000000 0.000000 0.000000
31.000000 46.804234 11.234942 -0.173465 1.638880 0.000000 0.000000 0.000000 1.000000 0.000000 0.000000
31.000000 46.810044 11.282126 -0.194482 1.621794 0.000000 0.000000 0.000000 1.000000 0.000000 0.000000
31.000000 46.811182 11.321381 -0.173078 1.589320 0.000000 0.000000 0.000000 1.000000 0.000000 0.000000
31.000000 46.814382 11.148674 -0.172041 1.606204 0.000000 0.000000 0.000000 1.000000 0.000000 0.000000
31.000000 46.820068 11.203569 -0.196532 1.587528 0.000000 0.000000 0.000000 1.000000 0.000000 0.000000
31.000000 46.821145 11.250129 -0.171143 1.551087 0.000000 0.000000 0.000000 1.000000 0.000000 0.000000
31.000000 46.824183 11.056874 -0.169968 1.569393 0.000000 0.000000 0.000000 1.000000 0.000000 0.000000
31.000000 46.830096 11.116806 -0.196894 1.547860 0.000000 0.000000 0.000000 1.000000 0.000000 0.000000
31.000000 46.831248 11.146377 -0.180015 1.515903 0.000000 0.000000 0.000000 1.000000 0.000000 0.000000
31.000000 46.834348 11.004173 -0.179186 1.528331 0.000000 0.000000 0.000000 1.000000 0.000000 0.000000
31.000000 46.840061 11.042736 -0.196734 1.513285 0.000000 0.000000 0.000000 1.000000 0.000000 0.000000
31.000000 46.841149 11.071981 -0.179855 1.479687 0.000000 0.000000 0.000000 1.000000 0.000000 0.000000
31.000000 46.844175 10.921256 -0.179047 1.491867 0.000000 0.000000 0.000000 1.000000 0.000000 0.000000
31.000000 46.850036 10.963283 -0.198451 1.473476 0.000000 0.000000 0.000000 1.000000 0.000000 0.000000
31.000000 46.851235 10.983609 -0.185690 1.437914 0.000000 0.000000 0.000000 1.000000 0.000000 0.000000
31.000000 46.854254 10.848997 -0.184947 1.444764 0.000000 0.000000 0.000000 1.000000 0.000000 0.000000
31.000000 46.860133 10.880116 -0.199191 1.432741 0.000000 0.000000 0.000000 1.000000 0.000000 0.000000
31.000000 46.861109 10.904607 -0.184729 1.401537 0.000000 0.000000 0.000000 1.000000 0.000000 0.000000
31.000000 46.864330 10.769164 -0.184033 1.407970 0.000000 0.000000 0.000000 1.000000 0.000000 0.000000
31.000000 46.870114 10.800921 -0.198718 1.394921 0.000000 0.000000 0.000000 1.000000 0.000000 0.000000
31.000000 46.871256 10.818181 -0.187814 1.364664 0.000000 0.000000 0.000000 1.000000 0.000000 0.000000
31.000000 46.874259 10.692005 -0.187133 1.369148 0.000000 0.000000 0.000000 1.000000 0.000000 0.000000
31.000000 46.880118 10.722423 -0.201662 1.351956 0.000000 0.000000 0.000000 1.000000 0.000000 0.000000
31.000000 46.881161 10.752489 -0.183736 1.316878 0.000000 0.000000 0.000000 1.000000 0.000000 0.000000
31.000000 46.884246 10.599937 -0.182830 1.330077 0.000000 0.000000 0.000000 1.000000 0.000000 0.000000
31.000000 46.890099 10.640991 -0.202351 1.309749 0.000000 0.000000 0.000000 1.000000 0.000000 0.000000
31.000000 46.891296 10.667288 -0.186180 1.275792 0.000000 0.000000 0.000000 1.000000 0.000000 0.000000
31.000000 46.894317 10.532173 -0.185245 1.285728 0.000000 0.000000 0.000000 1.000000 0.000000 0.000000
31.000000 46.900077 10.565764 -0.201614 1.264632 0.000000 0.000000 0.000000 1.000000 0.000000 0.000000
31.000000 46.901150 10.593909 -0.184429 1.230960 0.000000 0.000000 0.000000 1.000000 0.000000 0.000000
31.000000 46.904217 10.447446 -0.183392 1.243562 0.000000 0.000000 0.000000 1.000000 0.000000 0.000000
31.000000 46.910055 10.493499 -0.205837 1.216133 0.000000 0.000000 0.000000 1.000000 0.000000 0.000000
31.000000 46.911268 10.521188 -0.188393 1.179162 0.000000 0.000000 0.000000 1.000000 0.000000 0.000000
31.000000 46.914309 10.369540 -0.187291 1.194769 0.000000 0.000000 0.000000 1.000000 0.000000 0.000000
31.000000 46.920102 10.401823 -0.203162 1.175259 0.000000 0.000000 0.000000 1.000000 0.000000 0.000000
31.000000 46.921187 10.415922 -0.193087 1.143549 0.000000 0.000000 0.000000 1.000000 0.000000 0.000000
31.000000 46.924359 10.298687 -0.192382 1.151710 0.000000 0.000000 0.000000 1.000000 0.000000 0.000000
31.000000 46.930151 10.324660 -0.205607 1.132504 0.000000 0.000000 0.000000 1.000000 0.000000 0.000000
31.000000 46.931366 10.344029 -0.192538 1.099564 0.000000 0.000000 0.000000 1.000000 0.000000 0.000000
31.000000 46.934294 10.218638 -0.191580 1.108530 0.000000 0.000000 0.000000 1.000000 0.000000 0.000000
31.000000 46.940116 10.241766 -0.204013 1.084478 0.000000 0.000000 0.000000 1.000000 0.000000 0.000000
31.000000 46.941223 10.259133 -0.191786 1.051641 0.000000 0.000000 0.000000 1.000000 0.000000 0.000000
31.000000 46.944263 10.148888 -0.190927 1.058801 0.000000 0.000000 0.000000 1.000000 0.000000 0.000000
31.000000 46.950207 10.172892 -0.203940 1.033413 0.000000 0.000000 0.000000 1.000000 0.000000 0.000000
31.000000 46.951289 10.187342 -0.193083 1.000483 0.000000 0.000000 0.000000 1.000000 0.000000 0.000000
31.000000 46.954315 10.069185 -0.192121 1.009456 0.000000 0.000000 0.000000 1.000000 0.000000 0.000000
31.000000 46.960183 10.092502 -0.204961 0.983594 0.000000 0.000000 0.000000 1.000000 0.000000 0.000000
31.000000 46.961242 10.110627 -0.191969 0.949510 0.000000 0.000000 0.000000 1.000000 0.000000 0.000000
31.000000 46.964319 9.987457 -0.190939 0.959515 0.000000 0.000000 0.000000 1.000000 0.000000 0.000000
31.000000 46.970215 10.009175 -0.202944 0.935436 0.000000 0.000000 0.000000 1.000000 0.000000 0.000000
31.000000 46.971288 10.029180 -0.189035 0.902553 0.000000 0.000000 0.000000 1.000000 0.000000 0.000000
31.000000 46.974320 9.900318 -0.187928 0.912157 0.000000 0.000000 0.000000 1.000000 0.000000 0.000000
31.000000 46.980192 9.933608 -0.205606 0.883140 0.000000 0.000000 0.000000 1.000000 0.000000 0.000000
31.000000 46.981222 9.957221 -0.189582 0.849122 0.000000 0.000000 0.000000 1.000000 0.000000 0.000000
31.000000 46.984302 9.827245 -0.188455 0.859549 0.000000 0.000000 0.000000 1.000000 0.000000 0.000000
31.000000 46.990201 9.860139 -0.206271 0.828667 0.000000 0.000000 0.000000 1.000000 0.000000 0.000000
31.000000 46.991299 9.872353 -0.196220 0.796765 0.000000 0.000000 0.000000 1.000000 0.000000 0.000000
31.000000 46.994353 9.758735 -0.195203 0.805776 0.000000 0.000000 0.000000 1.000000 0.000000 0.000000
31.000000 47.000101 9.782770 -0.209039 0.776596 0.000000 0.000000 0.000000 1.000000 0.000000 0.000000
31.000000 47.001178 9.803534 -0.194265 0.744099 0.000000 0.000000 0.000000 1.000000 0.000000 0.000000
31.000000 47.004342 9.676310 -0.192983 0.759308 0.000000 0.000000 0.000000 1.000000 0.000000 0.000000
31.000000 47.010103 9.705738 -0.209892 0.724981 0.000000 0.000000 0.000000 1.000000 0.000000 0.000000
31.000000 47.011355 9.725677 -0.195068 0.690132 0.000000 0.000000 0.000000 1.000000 0.000000 0.000000
31.000000 47.014389 9.592244 -0.193699 0.708310 0.000000 0.000000 0.000000 1.000000 0.000000 0.000000
31.000000 47.020120 9.625346 -0.212554 0.672576 0.000000 0.000000 0.000000 1.000000 0.000000 0.000000
31.000000 47.021201 9.638533 -0.201201 0.638327 0.000000 0.000000 0.000000 1.000000 0.000000 0.000000
31.000000 47.024364 9.540143 -0.200130 0.645160 0.000000 0.000000 0.000000 1.000000 0.000000 0.000000
31.000000 47.030164 9.553246 -0.209478 0.614186 0.000000 0.000000 0.000000 1.000000 0.000000 0.000000
31.000000 47.031308 9.571604 -0.195475 0.581258 0.000000 0.000000 0.000000 1.000000 0.000000 0.000000
31.000000 47.034384 9.443934 -0.194074 0.597210 0.000000 0.000000 0.000000 1.000000 0.000000 0.000000
31.000000 47.040106 9.475564 -0.212778 0.558607 0.000000 0.000000 0.000000 1.000000 0.000000 0.000000
31.000000 47.041274 9.498781 -0.195543 0.521865 0.000000 0.000000 0.000000 1.000000 0.000000 0.000000
31.000000 47.044376 9.378908 -0.194251 0.537682 0.000000 0.000000 0.000000 1.000000 0.000000 0.000000
31.000000 47.050088 9.406635 -0.211299 0.499523 0.000000 0.000000 0.000000 1.000000 0.000000 0.000000
31.000000 47.051413 9.420489 -0.198987 0.464163 0.000000 0.000000 0.000000 1.000000 0.000000 0.000000
31.000000 47.054429 9.311922 -0.197702 0.475390 0.000000 0.000000 0.000000 1.000000 0.000000 0.000000
31.000000 47.060200 9.326260 -0.208163 0.441714 0.000000 0.000000 0.000000 1.000000 0.000000 0.000000
31.000000 47.061283 9.337340 -0.197740 0.409788 0.000000 0.000000 0.000000 1.000000 0.000000 0.000000
31.000000 47.064342 9.222247 -0.196417 0.422928 0.000000 0.000000 0.000000 1.000000 0.000000 0.000000
31.000000 47.070146 9.244944 -0.211603 0.382930 0.000000 0.000000 0.000000 1.000000 0.000000 0.000000
31.000000 47.071489 9.258924 -0.198972 0.348078 0.000000 0.000000 0.000000 1.000000 0.000000 0.000000
31.000000 47.074385 9.139414 -0.197493 0.364764 0.000000 0.000000 0.000000 1.000000 0.000000 0.000000
31.000000 47.080199 9.169761 -0.216498 0.323034 0.000000 0.000000 0.000000 1.000000 0.000000 0.000000
31.000000 47.081330 9.189340 -0.200829 0.288517 0.000000 0.000000 0.000000 1.000000 0.000000 0.000000
31.000000 47.084527 9.064554 -0.199147 0.304996 0.000000 0.000000 0.000000 1.000000 0.000000 0.000000
31.000000 47.090117 9.095486 -0.219176 0.257890 0.000000 0.000000 0.000000 1.000000 0.000000 0.000000
31.000000 47.091463 9.116342 -0.202557 0.223007 0.000000 0.000000 0.000000 1.000000 0.000000 0.000000
31.000000 47.094489 8.994007 -0.200883 0.243756 0.000000 0.000000 0.000000 1.000000 0.000000 0.000000
31.000000 47.100225 9.018420 -0.217826 0.199130 0.000000 0.000000 0.000000 1.000000 0.000000 0.000000
31.000000 47.101497 9.022652 -0.210387 0.167798 0.000000 0.000000 0.000000 1.000000 0.000000 0.000000
31.000000 47.104464 8.943277 -0.209139 0.175242 0.000000 0.000000 0.000000 1.000000 0.000000 0.000000
31.000000 47.110188 8.942212 -0.213633 0.136975 0.000000 0.000000 0.000000 1.000000 0.000000 0.000000
31.000000 47.111394 8.949879 -0.204144 0.105190 0.000000 0.000000 0.000000 1.000000 0.000000 0.000000
31.000000 47.114404 8.851243 -0.202632 0.119244 0.000000 0.000000 0.000000 1.000000 0.000000 0.000000
31.000000 47.120166 8.880086 -0.222732 0.068107 0.000000 0.000000 0.000000 1.000000 0.000000 0.000000
31.000000 47.121305 8.903130 -0.203994 0.031018 0.000000 0.000000 0.000000 1.000000 0.000000 0.000000
31.000000 47.124495 8.764955 -0.201857 0.058307 0.000000 0.000000 0.000000 1.000000 0.000000 0.000000
31.000000 47.130167 8.793759 -0.220283 0.019149 0.000000 0.000000 0.000000 1.000000 0.000000 0.000000
31.000000 47.131526 8.811349 -0.207785 0.002124 0.000000 0.000000 0.000000 1.000000 0.000000 0.000000
31.000000 47.134580 8.720666 -0.206563 0.035040 0.000000 0.000000 0.000000 1.000000 0.000000 0.000000
31.000000 47.140214 8.749885 -0.219725 0.036867 0.000000 0.000000 0.000000 1.000000 0.000000 0.000000
31.000000 47.141399 8.776553 -0.206679 0.044291 0.000000 0.000000 0.000000 1.000000 0.000000 0.000000
31.000000 47.144380 8.672362 -0.205363 0.087887 0.000000 0.000000 0.000000 1.000000 0.000000 0.000000
31.000000 47.150196 8.699900 -0.217854 0.090861 0.000000 0.000000 0.000000 1.000000 0.000000 0.000000
31.000000 47.151565 8.723974 -0.205559 0.095132 0.000000 0.000000 0.000000 1.000000 0.000000 0.000000
31.000000 47.154500 8.631483 -0.204360 0.133781 0.000000 0.000000 0.000000 1.000000 0.000000 0.000000
31.000000 47.160204 8.651125 -0.212967 0.138307 0.000000 0.000000 0.000000 1.000000 0.000000 0.000000
31.000000 47.161530 8.672644 -0.201830 0.141371 0.000000 0.000000 0.000000 1.000000 0.000000 0.000000
31.000000 47.164441 8.586048 -0.200874 0.178607 0.000000 0.000000 0.000000 1.000000 0.000000 0.000000
31.000000 47.170172 8.606284 -0.209553 0.185556 0.000000 0.000000 0.000000 1.000000 0.000000 0.000000
31.000000 47.171461 8.626603 -0.198914 0.187867 0.000000 0.000000 0.000000 1.000000 0.000000 0.000000
31.000000 47.174437 8.527224 -0.197832 0.227089 0.000000 0.000000 0.000000 1.000000 0.000000 0.000000
31.000000 47.180130 8.553970 -0.209511 0.234397 0.000000 0.000000 0.000000 1.000000 0.000000 0.000000
31.000000 47.181376 8.569471 -0.202111 0.240405 0.000000 0.000000 0.000000 1.000000 0.000000 0.000000
31.000000 47.184442 8.494585 -0.201290 0.269478 0.000000 0.000000 0.000000 1.000000 0.000000 0.000000
31.000000 47.190171 8.518841 -0.211673 0.277520 0.000000 0.000000 0.000000 1.000000 0.000000 0.000000
31.000000 47.191584 8.550952 -0.194113 0.276712 0.000000 0.000000 0.000000 1.000000 0.000000 0.000000
31.000000 47.194444 8.432513 -0.192973 0.318031 0.000000 0.000000 0.000000 1.000000 0.000000 0.000000
31.000000 47.200264 8.467901 -0.209331 0.322196 0.000000 0.000000 0.000000 1.000000 0.000000 0.000000
31.000000 47.201430 8.486678 -0.199474 0.324502 0.000000 0.000000 0.000000 1.000000 0.000000 0.000000
31.000000 47.204496 8.395229 -0.198566 0.358347 0.000000 0.000000 0.000000 1.000000 0.000000 0.000000
31.000000 47.210227 8.419868 -0.209499 0.365207 0.000000 0.000000 0.000000 1.000000 0.000000 0.000000
31.000000 47.211549 8.451514 -0.191876 0.364016 0.000000 0.000000 0.000000 1.000000 0.000000 0.000000
31.000000 47.214735 8.358391 -0.190919 0.397963 0.000000 0.000000 0.000000 1.000000 0.000000 0.000000
31.000000 47.220217 8.378794 -0.199625 0.406123 0.000000 0.000000 0.000000 1.000000 0.000000 0.000000
31.000000 47.221328 8.396926 -0.190097 0.408731 0.000000 0.000000 0.000000 1.000000 0.000000 0.000000
31.000000 47.224509 8.299167 -0.189144 0.442143 0.000000 0.000000 0.000000 1.000000 0.000000 0.000000
31.000000 47.230235 8.329866 -0.203266 0.447191 0.000000 0.000000 0.000000 1.000000 0.000000 0.000000
31.000000 47.231617 8.352188 -0.191361 0.450040 0.000000 0.000000 0.000000 1.000000 0.000000 0.000000
31.000000 47.234475 8.265103 -0.190448 0.480437 0.000000 0.000000 0.000000 1.000000 0.000000 0.000000
31.000000 47.240213 8.286386 -0.199841 0.487071 0.000000 0.000000 0.000000 1.000000 0.000000 0.000000
31.000000 47.241503 8.303874 -0.190503 0.489106 0.000000 0.000000 0.000000 1.000000 0.000000 0.000000
31.000000 47.244450 8.214181 -0.189617 0.518122 0.000000 0.000000 0.000000 1.000000 0.000000 0.000000
31.000000 47.250278 8.241684 -0.202164 0.523900 0.000000 0.000000 0.000000 1.000000 0.000000 0.000000
31.000000 47.251393 8.266546 -0.188347 0.523905 0.000000 0.000000 0.000000 1.000000 0.000000 0.000000
31.000000 47.254428 8.169814 -0.187491 0.556057 0.000000 0.000000 0.000000 1.000000 0.000000 0.000000
31.000000 47.260291 8.193540 -0.198286 0.562438 0.000000 0.000000 0.000000 1.000000 0.000000 0.000000
31.000000 47.261369 8.215864 -0.185379 0.559654 0.000000 0.000000 0.000000 1.000000 0.000000 0.000000
31.000000 47.264607 8.120072 -0.184564 0.590393 0.000000 0.000000 0.000000 1.000000 0.000000 0.000000
31.000000 47.270322 8.144598 -0.195256 0.600270 0.000000 0.000000 0.000000 1.000000 0.000000 0.000000
31.000000 47.271350 8.163958 -0.184471 0.599874 0.000000 0.000000 0.000000 1.000000 0.000000 0.000000
31.000000 47.274634 8.079094 -0.183888 0.625255 0.000000 0.000000 0.000000 1.000000 0.000000 0.000000
31.000000 47.280498 8.103623 -0.194949 0.633153 0.000000 0.000000 0.000000 1.000000 0.000000 0.000000
31.000000 47.281323 8.124808 -0.182910 0.632312 0.000000 0.000000 0.000000 1.000000 0.000000 0.000000
31.000000 47.284434 8.024961 -0.182042 0.663486 0.000000 0.000000 0.000000 1.000000 0.000000 0.000000
31.000000 47.290282 8.053202 -0.195181 0.669663 0.000000 0.000000 0.000000 1.000000 0.000000 0.000000
31.000000 47.291610 8.074721 -0.182692 0.667210 0.000000 0.000000 0.000000 1.000000 0.000000 0.000000
31.000000 47.294590 7.989595 -0.182055 0.692332 0.000000 0.000000 0.000000 1.000000 0.000000 0.000000
31.000000 47.300330 8.012882 -0.192840 0.698363 0.000000 0.000000 0.000000 1.000000 0.000000 0.000000
31.000000 47.301495 8.027979 -0.184364 0.698763 0.000000 0.000000 0.000000 1.000000 0.000000 0.000000
31.000000 47.304636 7.953738 -0.183736 0.722729 0.000000 0.000000 0.000000 1.000000 0.000000 0.000000
31.000000 47.310269 7.966710 -0.188828 0.733058 0.000000 0.000000 0.000000 1.000000 0.000000 0.000000
31.000000 47.311435 7.987063 -0.177020 0.731384 0.000000 0.000000 0.000000 1.000000 0.000000 0.000000
31.000000 47.314590 7.889900 -0.176244 0.759607 0.000000 0.000000 0.000000 1.000000 0.000000 0.000000
31.000000 47.320192 7.919122 -0.189932 0.766292 0.000000 0.000000 0.000000 1.000000 0.000000 0.000000
31.000000 47.321429 7.941773 -0.176800 0.764862 0.000000 0.000000 0.000000 1.000000 0.000000 0.000000
31.000000 47.324434 7.858146 -0.176148 0.787763 0.000000 0.000000 0.000000 1.000000 0.000000 0.000000
31.000000 47.330221 7.876882 -0.184881 0.792791 0.000000 0.000000 0.000000 1.000000 0.000000 0.000000
31.000000 47.331471 7.902147 -0.169456 0.787209 0.000000 0.000000 0.000000 1.000000 0.000000 0.000000
31.000000 47.334500 7.787002 -0.168547 0.820957 0.000000 0.000000 0.000000 1.000000 0.000000 0.000000
31.000000 47.340285 7.825645 -0.187419 0.825274 0.000000 0.000000 0.000000 1.000000 0.000000 0.000000
31.000000 47.341370 7.851500 -0.171793 0.820244 0.000000 0.000000 0.000000 1.000000 0.000000 0.000000
31.000000 47.344479 7.761866 -0.171223 0.843636 0.000000 0.000000 0.000000 1.000000 0.000000 0.000000
31.000000 47.350493 7.786989 -0.183161 0.849465 0.000000 0.000000 0.000000 1.000000 0.000000 0.000000
31.000000 47.351586 7.810711 -0.168553 0.843604 0.000000 0.000000 0.000000 1.000000 0.000000 0.000000
31.000000 47.354627 7.705530 -0.167820 0.872365 0.000000 0.000000 0.000000 1.000000 0.000000 0.000000
31.000000 47.360521 7.738399 -0.183814 0.877512 0.000000 0.000000 0.000000 1.000000 0.000000 0.000000
31.000000 47.361370 7.764785 -0.167614 0.871744 0.000000 0.000000 0.000000 1.000000 0.000000 0.000000
31.000000 47.364603 7.671526 -0.167022 0.896697 0.000000 0.000000 0.000000 1.000000 0.000000 0.000000
31.000000 47.370379 7.696068 -0.178608 0.903654 0.000000 0.000000 0.000000 1.000000 0.000000 0.000000
31.000000 47.371435 7.722872 -0.161753 0.895497 0.000000 0.000000 0.000000 1.000000 0.000000 0.000000
31.000000 47.374599 7.600718 -0.160975 0.927446 0.000000 0.000000 0.000000 1.000000 0.000000 0.000000
31.000000 47.380415 7.641653 -0.181506 0.930590 0.000000 0.000000 0.000000 1.000000 0.000000 0.000000
31.000000 47.381415 7.665060 -0.166592 0.922005 0.000000 0.000000 0.000000 1.000000 0.000000 0.000000
31.000000 47.384651 7.584186 -0.166259 0.940491 0.000000 0.000000 0.000000 1.000000 0.000000 0.000000
31.000000 47.390372 7.606690 -0.176694 0.948959 0.000000 0.000000 0.000000 1.000000 0.000000 0.000000
31.000000 47.391398 7.621881 -0.167154 0.943718 0.000000 0.000000 0.000000 1.000000 0.000000 0.000000
31.000000 47.394596 7.532080 -0.166691 0.965210 0.000000 0.000000 0.000000 1.000000 0.000000 0.000000
31.000000 47.400469 7.551969 -0.175922 0.973137 0.000000 0.000000 0.000000 1.000000 0.000000 0.000000
31.000000 47.401400 7.570882 -0.163955 0.967379 0.000000 0.000000 0.000000 1.000000 0.000000 0.000000
31.000000 47.404590 7.489324 -0.163548 0.988728 0.000000 0.000000 0.000000 1.000000 0.000000 0.000000
31.000000 47.410281 7.515226 -0.176290 0.994045 0.000000 0.000000 0.000000 1.000000 0.000000 0.000000
31.000000 47.411469 7.531082 -0.166018 0.987643 0.000000 0.000000 0.000000 1.000000 0.000000 0.000000
31.000000 47.414525 7.455594 -0.165703 1.008061 0.000000 0.000000 0.000000 1.000000 0.000000 0.000000
31.000000 47.420300 7.467979 -0.171245 1.015853 0.000000 0.000000 0.000000 1.000000 0.000000 0.000000
31.000000 47.421400 7.488452 -0.157577 1.006285 0.000000 0.000000 0.000000 1.000000 0.000000 0.000000
31.000000 47.424663 7.393011 -0.156975 1.029651 0.000000 0.000000 0.000000 1.000000 0.000000 0.000000
31.000000 47.430353 7.418697 -0.169762 1.033837 0.000000 0.000000 0.000000 1.000000 0.000000 0.000000
31.000000 47.431489 7.437970 -0.157591 1.029344 0.000000 0.000000 0.000000 1.000000 0.000000 0.000000
31.000000 47.434603 7.351778 -0.157017 1.050475 0.000000 0.000000 0.000000 1.000000 0.000000 0.000000
31.000000 47.440321 7.378528 -0.170695 1.052442 0.000000 0.000000 0.000000 1.000000 0.000000 0.000000
31.000000 47.441399 7.398654 -0.157343 1.043635 0.000000 0.000000 0.000000 1.000000 0.000000 0.000000
31.000000 47.444571 7.308045 -0.156845 1.063972 0.000000 0.000000 0.000000 1.000000 0.000000 0.000000
31.000000 47.450302 7.336333 -0.171362 1.066233 0.000000 0.000000 0.000000 1.000000 0.000000 0.000000
31.000000 47.451509 7.348721 -0.163300 1.061532 0.000000 0.000000 0.000000 1.000000 0.000000 0.000000
31.000000 47.454534 7.279069 -0.162967 1.079547 0.000000 0.000000 0.000000 1.000000 0.000000 0.000000
31.000000 47.460444 7.288569 -0.166843 1.088477 0.000000 0.000000 0.000000 1.000000 0.000000 0.000000
31.000000 47.461387 7.308598 -0.153119 1.077284 0.000000 0.000000 0.000000 1.000000 0.000000 0.000000
31.000000 47.464662 7.218127 -0.152741 1.096496 0.000000 0.000000 0.000000 1.000000 0.000000 0.000000
31.000000 47.470299 7.237901 -0.162430 1.102281 0.000000 0.000000 0.000000 1.000000 0.000000 0.000000
31.000000 47.471491 7.253854 -0.151672 1.094565 0.000000 0.000000 0.000000 1.000000 0.000000 0.000000
31.000000 47.474494 7.168355 -0.151270 1.113692 0.000000 0.000000 0.000000 1.000000 0.000000 0.000000
31.000000 47.480327 7.192902 -0.163881 1.116764 0.000000 0.000000 0.000000 1.000000 0.000000 0.000000
31.000000 47.481376 7.212643 -0.150224 1.105646 0.000000 0.000000 0.000000 1.000000 0.000000 0.000000
31.000000 47.484508 7.125529 -0.149874 1.124185 0.000000 0.000000 0.000000 1.000000 0.000000 0.000000
31.000000 47.490340 7.150919 -0.162733 1.128916 0.000000 0.000000 0.000000 1.000000 0.000000 0.000000
31.000000 47.491599 7.169481 -0.150036 1.119308 0.000000 0.000000 0.000000 1.000000 0.000000 0.000000
31.000000 47.494514 7.088140 -0.149778 1.136607 0.000000 0.000000 0.000000 1.000000 0.000000 0.000000
31.000000 47.500308 7.108287 -0.160115 1.140246 0.000000 0.000000 0.000000 1.000000 0.000000 0.000000
31.000000 47.501410 7.122551 -0.149954 1.130708 0.000000 0.000000 0.000000 1.000000 0.000000 0.000000
31.000000 47.504535 7.041727 -0.149579 1.148609 0.000000 0.000000 0.000000 1.000000 0.000000 0.000000
31.000000 47.510306 7.062488 -0.160446 1.150703 0.000000 0.000000 0.000000 1.000000 0.000000 0.000000
31.000000 47.511489 7.079313 -0.148277 1.138550 0.000000 0.000000 0.000000 1.000000 0.000000 0.000000
31.000000 47.514513 7.000183 -0.148074 1.156741 0.000000 0.000000 0.000000 1.000000 0.000000 0.000000
31.000000 47.520336 7.017810 -0.157093 1.161076 0.000000 0.000000 0.000000 1.000000 0.000000 0.000000
31.000000 47.521440 7.030950 -0.147293 1.149872 0.000000 0.000000 0.000000 1.000000 0.000000 0.000000
31.000000 47.524553 6.947489 -0.146930 1.167872 0.000000 0.000000 0.000000 1.000000 0.000000 0.000000
31.000000 47.530387 6.969101 -0.158202 1.170775 0.000000 0.000000 0.000000 1.000000 0.000000 0.000000
31.000000 47.531517 6.980636 -0.149588 1.160295 0.000000 0.000000 0.000000 1.000000 0.000000 0.000000
31.000000 47.534566 6.904487 -0.149384 1.175366 0.000000 0.000000 0.000000 1.000000 0.000000 0.000000
31.000000 47.540437 6.922547 -0.158662 1.179483 0.000000 0.000000 0.000000 1.000000 0.000000 0.000000
31.000000 47.541490 6.934722 -0.149479 1.168347 0.000000 0.000000 0.000000 1.000000 0.000000 0.000000
31.000000 47.544528 6.870319 -0.149332 1.179214 0.000000 0.000000 0.000000 1.000000 0.000000 0.000000
31.000000 47.550416 6.880986 -0.154300 1.185309 0.000000 0.000000 0.000000 1.000000 0.000000 0.000000
31.000000 47.551552 6.885353 -0.150268 1.174956 0.000000 0.000000 0.000000 1.000000 0.000000 0.000000
31.000000 47.554611 6.832235 -0.150463 1.184278 0.000000 0.000000 0.000000 1.000000 0.000000 0.000000
31.000000 47.560419 6.839238 -0.153322 1.192696 0.000000 0.000000 0.000000 1.000000 0.000000 0.000000
31.000000 47.561428 6.848997 -0.145395 1.180411 0.000000 0.000000 0.000000 1.000000 0.000000 0.000000
31.000000 47.564525 6.772004 -0.145129 1.194222 0.000000 0.000000 0.000000 1.000000 0.000000 0.000000
31.000000 47.570310 6.787424 -0.153204 1.196893 0.000000 0.000000 0.000000 1.000000 0.000000 0.000000
31.000000 47.571515 6.792661 -0.148315 1.185182 0.000000 0.000000 0.000000 1.000000 0.000000 0.000000
31.000000 47.574553 6.741047 -0.148441 1.192441 0.000000 0.000000 0.000000 1.000000 0.000000 0.000000
31.000000 47.580407 6.746032 -0.150127 1.200778 0.000000 0.000000 0.000000 1.000000 0.000000 0.000000
31.000000 47.581451 6.753334 -0.143700 1.187761 0.000000 0.000000 0.000000 1.000000 0.000000 0.000000
31.000000 47.584541 6.682288 -0.143715 1.200596 0.000000 0.000000 0.000000 1.000000 0.000000 0.000000
31.000000 47.590358 6.697175 -0.151163 1.206803 0.000000 0.000000 0.000000 1.000000 0.000000 0.000000
31.000000 47.591535 6.707031 -0.142744 1.191719 0.000000 0.000000 0.000000 1.000000 0.000000 0.000000
31.000000 47.594565 6.646834 -0.142941 1.201662 0.000000 0.000000 0.000000 1.000000 0.000000 0.000000
31.000000 47.600500 6.661372 -0.150738 1.204895 0.000000 0.000000 0.000000 1.000000 0.000000 0.000000
31.000000 47.601441 6.661241 -0.148699 1.190320 0.000000 0.000000 0.000000 1.000000 0.000000 0.000000
31.000000 47.604575 6.615079 -0.148919 1.197318 0.000000 0.000000 0.000000 1.000000 0.000000 0.000000
31.000000 47.610367 6.613090 -0.146867 1.205645 0.000000 0.000000 0.000000 1.000000 0.000000 0.000000
31.000000 47.611583 6.625140 -0.136822 1.190771 0.000000 0.000000 0.000000 1.000000 0.000000 0.000000
31.000000 47.614526 6.559019 -0.136747 1.203199 0.000000 0.000000 0.000000 1.000000 0.000000 0.000000
31.000000 47.620406 6.570237 -0.142907 1.204596 0.000000 0.000000 0.000000 1.000000 0.000000 0.000000
31.000000 47.621449 6.577801 -0.136016 1.191650 0.000000 0.000000 0.000000 1.000000 0.000000 0.000000
31.000000 47.624591 6.512921 -0.135888 1.204446 0.000000 0.000000 0.000000 1.000000 0.000000 0.000000
31.000000 47.630359 6.530575 -0.145607 1.205599 0.000000 0.000000 0.000000 1.000000 0.000000 0.000000
31.000000 47.631668 6.532247 -0.142695 1.192660 0.000000 0.000000 0.000000 1.000000 0.000000 0.000000
31.000000 47.634593 6.486875 -0.142866 1.196005 0.000000 0.000000 0.000000 1.000000 0.000000 0.000000
31.000000 47.640493 6.482588 -0.139853 1.201382 0.000000 0.000000 0.000000 1.000000 0.000000 0.000000
31.000000 47.641490 6.486143 -0.135522 1.188150 0.000000 0.000000 0.000000 1.000000 0.000000 0.000000
31.000000 47.644573 6.428319 -0.135521 1.197880 0.000000 0.000000 0.000000 1.000000 0.000000 0.000000
31.000000 47.650368 6.436403 -0.139862 1.200048 0.000000 0.000000 0.000000 1.000000 0.000000 0.000000
31.000000 47.651763 6.436681 -0.137624 1.186323 0.000000 0.000000 0.000000 1.000000 0.000000 0.000000
31.000000 47.654556 6.394897 -0.137789 1.188995 0.000000 0.000000 0.000000 1.000000 0.000000 0.000000
31.000000 47.660449 6.396892 -0.138546 1.192223 0.000000 0.000000 0.000000 1.000000 0.000000 0.000000
31.000000 47.661677 6.398352 -0.135560 1.178809 0.000000 0.000000 0.000000 1.000000 0.000000 0.000000
31.000000 47.664602 6.338504 -0.135560 1.187413 0.000000 0.000000 0.000000 1.000000 0.000000 0.000000
31.000000 47.670507 6.346108 -0.139887 1.187990 0.000000 0.000000 0.000000 1.000000 0.000000 0.000000
31.000000 47.671628 6.353892 -0.132682 1.175239 0.000000 0.000000 0.000000 1.000000 0.000000 0.000000
31.000000 47.674550 6.292691 -0.132456 1.185267 0.000000 0.000000 0.000000 1.000000 0.000000 0.000000
31.000000 47.680803 6.302461 -0.138325 1.183056 0.000000 0.000000 0.000000 1.000000 0.000000 0.000000
31.000000 47.681556 6.301201 -0.136996 1.168971 0.000000 0.000000 0.000000 1.000000 0.000000 0.000000
31.000000 47.684556 6.261868 -0.137273 1.172648 0.000000 0.000000 0.000000 1.000000 0.000000 0.000000
31.000000 47.690445 6.259122 -0.135515 1.175686 0.000000 0.000000 0.000000 1.000000 0.000000 0.000000
31.000000 47.691705 6.256362 -0.134782 1.160008 0.000000 0.000000 0.000000 1.000000 0.000000 0.000000
31.000000 47.694593 6.210319 -0.134905 1.165104 0.000000 0.000000 0.000000 1.000000 0.000000 0.000000
31.000000 47.700523 6.213502 -0.136602 1.166797 0.000000 0.000000 0.000000 1.000000 0.000000 0.000000
31.000000 47.701532 6.209400 -0.136983 1.151862 0.000000 0.000000 0.000000 1.000000 0.000000 0.000000
31.000000 47.704736 6.178787 -0.137383 1.152748 0.000000 0.000000 0.000000 1.000000 0.000000 0.000000
31.000000 47.710645 6.170070 -0.132049 1.157139 0.000000 0.000000 0.000000 1.000000 0.000000 0.000000
31.000000 47.711719 6.164567 -0.133104 1.141518 0.000000 0.000000 0.000000 1.000000 0.000000 0.000000
31.000000 47.714820 6.131914 -0.133374 1.143536 0.000000 0.000000 0.000000 1.000000 0.000000 0.000000
31.000000 47.720732 6.130333 -0.132193 1.146601 0.000000 0.000000 0.000000 1.000000 0.000000 0.000000
31.000000 47.721492 6.131500 -0.129067 1.132565 0.000000 0.000000 0.000000 1.000000 0.000000 0.000000
31.000000 47.724569 6.086306 -0.129147 1.138205 0.000000 0.000000 0.000000 1.000000 0.000000 0.000000
31.000000 47.730378 6.085911 -0.129242 1.137299 0.000000 0.000000 0.000000 1.000000 0.000000 0.000000
31.000000 47.731616 6.084322 -0.127349 1.120042 0.000000 0.000000 0.000000 1.000000 0.000000 0.000000
31.000000 47.734633 6.040389 -0.127517 1.123950 0.000000 0.000000 0.000000 1.000000 0.000000 0.000000
31.000000 47.740555 6.042729 -0.129382 1.121826 0.000000 0.000000 0.000000 1.000000 0.000000 0.000000
31.000000 47.741603 6.039433 -0.128740 1.105476 0.000000 0.000000 0.000000 1.000000 0.000000 0.000000
31.000000 47.744600 6.003769 -0.128948 1.108104 0.000000 0.000000 0.000000 1.000000 0.000000 0.000000
31.000000 47.750446 6.003753 -0.129220 1.107537 0.000000 0.000000 0.000000 1.000000 0.000000 0.000000
31.000000 47.751616 5.997167 -0.130966 1.091932 0.000000 0.000000 0.000000 1.000000 0.000000 0.000000
31.000000 47.754583 5.970360 -0.131294 1.091210 0.000000 0.000000 0.000000 1.000000 0.000000 0.000000
31.000000 47.760664 5.958119 -0.124186 1.093202 0.000000 0.000000 0.000000 1.000000 0.000000 0.000000
31.000000 47.761511 5.947147 -0.129379 1.080844 0.000000 0.000000 0.000000 1.000000 0.000000 0.000000
31.000000 47.764606 5.918512 -0.129498 1.081796 0.000000 0.000000 0.000000 1.000000 0.000000 0.000000
31.000000 47.770446 5.905970 -0.122682 1.080384 0.000000 0.000000 0.000000 1.000000 0.000000 0.000000
31.000000 47.771624 5.907039 -0.118971 1.064765 0.000000 0.000000 0.000000 1.000000 0.000000 0.000000
31.000000 47.774623 5.866589 -0.118917 1.070285 0.000000 0.000000 0.000000 1.000000 0.000000 0.000000
31.000000 47.780558 5.866786 -0.120256 1.063579 0.000000 0.000000 0.000000 1.000000 0.000000 0.000000
31.000000 47.781545 5.856389 -0.124656 1.049327 0.000000 0.000000 0.000000 1.000000 0.000000 0.000000
31.000000 47.784633 5.833287 -0.124853 1.048703 0.000000 0.000000 0.000000 1.000000 0.000000 0.000000
31.000000 47.790559 5.824644 -0.120735 1.044599 0.000000 0.000000 0.000000 1.000000 0.000000 0.000000
31.000000 47.791642 5.821061 -0.120275 1.030060 0.000000 0.000000 0.000000 1.000000 0.000000 0.000000
31.000000 47.794715 5.785277 -0.120159 1.034005 0.000000 0.000000 0.000000 1.000000 0.000000 0.000000
31.000000 47.800622 5.783316 -0.120585 1.025184 0.000000 0.000000 0.000000 1.000000 0.000000 0.000000
31.000000 47.801537 5.771911 -0.125846 1.012392 0.000000 0.000000 0.000000 1.000000 0.000000 0.000000
31.000000 47.804624 5.748546 -0.125912 1.012762 0.000000 0.000000 0.000000 1.000000 0.000000 0.000000
31.000000 47.810655 5.737028 -0.119926 1.009406 0.000000 0.000000 0.000000 1.000000 0.000000 0.000000
31.000000 47.811631 5.731416 -0.120886 0.994832 0.000000 0.000000 0.000000 1.000000 0.000000 0.000000
31.000000 47.814695 5.705490 -0.120946 0.994816 0.000000 0.000000 0.000000 1.000000 0.000000 0.000000
31.000000 47.820563 5.694070 -0.115683 0.987625 0.000000 0.000000 0.000000 1.000000 0.000000 0.000000
31.000000 47.821579 5.687899 -0.116590 0.971652 0.000000 0.000000 0.000000 1.000000 0.000000 0.000000
31.000000 47.824780 5.648519 -0.116466 0.977037 0.000000 0.000000 0.000000 1.000000 0.000000 0.000000
31.000000 47.830574 5.643504 -0.115192 0.968089 0.000000 0.000000 0.000000 1.000000 0.000000 0.000000
31.000000 47.831678 5.631848 -0.120218 0.953518 0.000000 0.000000 0.000000 1.000000 0.000000 0.000000
31.000000 47.834635 5.618706 -0.120399 0.950148 0.000000 0.000000 0.000000 1.000000 0.000000 0.000000
31.000000 47.840708 5.604884 -0.113329 0.945282 0.000000 0.000000 0.000000 1.000000 0.000000 0.000000
31.000000 47.841547 5.596739 -0.115916 0.930943 0.000000 0.000000 0.000000 1.000000 0.000000 0.000000
31.000000 47.844609 5.577129 -0.115899 0.928172 0.000000 0.000000 0.000000 1.000000 0.000000 0.000000
31.000000 47.850599 5.570875 -0.114173 0.917443 0.000000 0.000000 0.000000 1.000000 0.000000 0.000000
31.000000 47.851720 5.558229 -0.120086 0.904227 0.000000 0.000000 0.000000 1.000000 0.000000 0.000000
31.000000 47.854718 5.538192 -0.120110 0.902804 0.000000 0.000000 0.000000 1.000000 0.000000 0.000000
31.000000 47.860621 5.523255 -0.113036 0.894042 0.000000 0.000000 0.000000 1.000000 0.000000 0.000000
31.000000 47.861817 5.515973 -0.114668 0.878880 0.000000 0.000000 0.000000 1.000000 0.000000 0.000000
31.000000 47.864637 5.491776 -0.114591 0.881534 0.000000 0.000000 0.000000 1.000000 0.000000 0.000000
31.000000 47.870576 5.479761 -0.109452 0.871611 0.000000 0.000000 0.000000 1.000000 0.000000 0.000000
31.000000 47.871710 5.472838 -0.109918 0.851865 0.000000 0.000000 0.000000 1.000000 0.000000 0.000000
31.000000 47.874596 5.435851 -0.109940 0.856541 0.000000 0.000000 0.000000 1.000000 0.000000 0.000000
31.000000 47.880976 5.433077 -0.110646 0.844671 0.000000 0.000000 0.000000 1.000000 0.000000 0.000000
31.000000 47.881603 5.427042 -0.110687 0.826293 0.000000 0.000000 0.000000 1.000000 0.000000 0.000000
31.000000 47.884759 5.401550 -0.110676 0.827435 0.000000 0.000000 0.000000 1.000000 0.000000 0.000000
31.000000 47.890836 5.397457 -0.110773 0.814422 0.000000 0.000000 0.000000 1.000000 0.000000 0.000000
31.000000 47.891651 5.394532 -0.108776 0.797094 0.000000 0.000000 0.000000 1.000000 0.000000 0.000000
31.000000 47.894716 5.360153 -0.108603 0.802733 0.000000 0.000000 0.000000 1.000000 0.000000 0.000000
31.000000 47.900759 5.351132 -0.106144 0.787955 0.000000 0.000000 0.000000 1.000000 0.000000 0.000000
31.000000 47.901552 5.337599 -0.111579 0.771175 0.000000 0.000000 0.000000 1.000000 0.000000 0.000000
31.000000 47.904665 5.325549 -0.111653 0.770624 0.000000 0.000000 0.000000 1.000000 0.000000 0.000000
31.000000 47.910621 5.307420 -0.103286 0.759232 0.000000 0.000000 0.000000 1.000000 0.000000 0.000000
31.000000 47.911752 5.295148 -0.107791 0.742936 0.000000 0.000000 0.000000 1.000000 0.000000 0.000000
31.000000 47.914694 5.272083 -0.107597 0.746288 0.000000 0.000000 0.000000 1.000000 0.000000 0.000000
31.000000 47.920626 5.258136 -0.102522 0.730076 0.000000 0.000000 0.000000 1.000000 0.000000 0.000000
31.000000 47.921664 5.248090 -0.105144 0.712653 0.000000 0.000000 0.000000 1.000000 0.000000 0.000000
31.000000 47.924673 5.232643 -0.105020 0.714277 0.000000 0.000000 0.000000 1.000000 0.000000 0.000000
31.000000 47.930569 5.218774 -0.100035 0.698078 0.000000 0.000000 0.000000 1.000000 0.000000 0.000000
31.000000 47.931877 5.203305 -0.107025 0.683413 0.000000 0.000000 0.000000 1.000000 0.000000 0.000000
31.000000 47.934697 5.193067 -0.106825 0.682255 0.000000 0.000000 0.000000 1.000000 0.000000 0.000000
31.000000 47.940618 5.178337 -0.101211 0.666270 0.000000 0.000000 0.000000 1.000000 0.000000 0.000000
31.000000 47.941656 5.164383 -0.107386 0.652476 0.000000 0.000000 0.000000 1.000000 0.000000 0.000000
31.000000 47.944724 5.161931 -0.107327 0.649631 0.000000 0.000000 0.000000 1.000000 0.000000 0.000000
31.000000 47.950671 5.141693 -0.098664 0.633128 0.000000 0.000000 0.000000 1.000000 0.000000 0.000000
31.000000 47.951738 5.123032 -0.107412 0.616926 0.000000 0.000000 0.000000 1.000000 0.000000 0.000000
31.000000 47.954699 5.117193 -0.107314 0.615525 0.000000 0.000000 0.000000 1.000000 0.000000 0.000000
31.000000 47.960788 5.096480 -0.098141 0.600205 0.000000 0.000000 0.000000 1.000000 0.000000 0.000000
31.000000 47.961659 5.081976 -0.104011 0.584349 0.000000 0.000000 0.000000 1.000000 0.000000 0.000000
31.000000 47.964756 5.075385 -0.103784 0.581425 0.000000 0.000000 0.000000 1.000000 0.000000 0.000000
31.000000 47.970494 5.056780 -0.096661 0.561756 0.000000 0.000000 0.000000 1.000000 0.000000 0.000000
31.000000 47.971825 5.045089 -0.100206 0.544914 0.000000 0.000000 0.000000 1.000000 0.000000 0.000000
31.000000 47.974741 5.024698 -0.099856 0.548362 0.000000 0.000000 0.000000 1.000000 0.000000 0.000000
31.000000 47.981038 5.008669 -0.094621 0.527143 0.000000 0.000000 0.000000 1.000000 0.000000 0.000000
31.000000 47.981731 4.992205 -0.101951 0.512326 0.000000 0.000000 0.000000 1.000000 0.000000 0.000000
31.000000 47.984691 5.000307 -0.101789 0.506262 0.000000 0.000000 0.000000 1.000000 0.000000 0.000000
31.000000 47.990573 4.975224 -0.090592 0.488100 0.000000 0.000000 0.000000 1.000000 0.000000 0.000000
31.000000 47.991855 4.955735 -0.100326 0.474721 0.000000 0.000000 0.000000 1.000000 0.000000 0.000000
31.000000 47.994781 4.954205 -0.100089 0.474408 0.000000 0.000000 0.000000 1.000000 0.000000 0.000000
31.000000 48.000795 4.931832 -0.091389 0.452350 0.000000 0.000000 0.000000 1.000000 0.000000 0.000000
31.000000 48.001876 4.912028 -0.100127 0.434792 0.000000 0.000000 0.000000 1.000000 0.000000 0.000000
31.000000 48.005115 4.912771 -0.099935 0.433795 0.000000 0.000000 0.000000 1.000000 0.000000 0.000000
31.000000 48.010639 4.889147 -0.090401 0.412433 0.000000 0.000000 0.000000 1.000000 0.000000 0.000000
31.000000 48.011895 4.872788 -0.096640 0.395138 0.000000 0.000000 0.000000 1.000000 0.000000 0.000000
31.000000 48.014734 4.869201 -0.096276 0.395826 0.000000 0.000000 0.000000 1.000000 0.000000 0.000000
31.000000 48.020773 4.850552 -0.091050 0.367998 0.000000 0.000000 0.000000 1.000000 0.000000 0.000000
31.000000 48.021813 4.834852 -0.096645 0.350850 0.000000 0.000000 0.000000 1.000000 0.000000 0.000000
31.000000 48.024748 4.827144 -0.096086 0.353731 0.000000 0.000000 0.000000 1.000000 0.000000 0.000000
31.000000 48.030612 4.806307 -0.089098 0.327855 0.000000 0.000000 0.000000 1.000000 0.000000 0.000000
31.000000 48.032020 4.796887 -0.091048 0.313790 0.000000 0.000000 0.000000 1.000000 0.000000 0.000000
31.000000 48.034877 4.777998 -0.090297 0.322307 0.000000 0.000000 0.000000 1.000000 0.000000 0.000000
31.000000 48.040811 4.762308 -0.088013 0.288966 0.000000 0.000000 0.000000 1.000000 0.000000 0.000000
31.000000 48.041743 4.747460 -0.093194 0.273290 0.000000 0.000000 0.000000 1.000000 0.000000 0.000000
31.000000 48.044710 4.746404 -0.092611 0.276441 0.000000 0.000000 0.000000 1.000000 0.000000 0.000000
31.000000 48.050548 4.722570 -0.084363 0.248694 0.000000 0.000000 0.000000 1.000000 0.000000 0.000000
31.000000 48.051985 4.705782 -0.091150 0.234000 0.000000 0.000000 0.000000 1.000000 0.000000 0.000000
31.000000 48.054792 4.699344 -0.090497 0.238165 0.000000 0.000000 0.000000 1.000000 0.000000 0.000000
31.000000 48.060593 4.679638 -0.085677 0.206165 0.000000 0.000000 0.000000 1.000000 0.000000 0.000000
31.000000 48.061612 4.669253 -0.087021 0.188773 0.000000 0.000000 0.000000 1.000000 0.000000 0.000000
31.000000 48.064804 4.661256 -0.086235 0.193003 0.000000 0.000000 0.000000 1.000000 0.000000 0.000000
31.000000 48.070709 4.641235 -0.081917 0.157915 0.000000 0.000000 0.000000 1.000000 0.000000 0.000000
31.000000 48.071662 4.627606 -0.086212 0.143425 0.000000 0.000000 0.000000 1.000000 0.000000 0.000000
31.000000 48.074833 4.617385 -0.085316 0.150421 0.000000 0.000000 0.000000 1.000000 0.000000 0.000000
31.000000 48.080801 4.597192 -0.081806 0.111557 0.000000 0.000000 0.000000 1.000000 0.000000 0.000000
31.000000 48.081625 4.587771 -0.082683 0.096548 0.000000 0.000000 0.000000 1.000000 0.000000 0.000000
31.000000 48.084855 4.576556 -0.081593 0.106982 0.000000 0.000000 0.000000 1.000000 0.000000 0.000000
31.000000 48.090629 4.559231 -0.080327 0.065972 0.000000 0.000000 0.000000 1.000000 0.000000 0.000000
31.000000 48.091927 4.544707 -0.085000 0.051510 0.000000 0.000000 0.000000 1.000000 0.000000 0.000000
31.000000 48.094882 4.539520 -0.084026 0.057215 0.000000 0.000000 0.000000 1.000000 0.000000 0.000000
31.000000 48.100748 4.518453 -0.077808 0.028329 0.000000 0.000000 0.000000 1.000000 0.000000 0.000000
31.000000 48.101634 4.506877 -0.084517 0.027300 0.000000 0.000000 0.000000 1.000000 0.000000 0.000000
31.000000 48.104850 4.495434 -0.083963 0.055730 0.000000 0.000000 0.000000 1.000000 0.000000 0.000000
31.000000 48.110663 4.474778 -0.071661 0.056484 0.000000 0.000000 0.000000 1.000000 0.000000 0.000000
31.000000 48.111919 4.464081 -0.082631 0.070727 0.000000 0.000000 0.000000 1.000000 0.000000 0.000000
31.000000 48.114840 4.464625 -0.082014 0.092733 0.000000 0.000000 0.000000 1.000000 0.000000 0.000000
31.000000 48.120720 4.438864 -0.066871 0.091756 0.000000 0.000000 0.000000 1.000000 0.000000 0.000000
31.000000 48.121631 4.427605 -0.077382 0.102936 0.000000 0.000000 0.000000 1.000000 0.000000 0.000000
31.000000 48.124877 4.417299 -0.076736 0.127647 0.000000 0.000000 0.000000 1.000000 0.000000 0.000000
31.000000 48.130641 4.398168 -0.066082 0.124231 0.000000 0.000000 0.000000 1.000000 0.000000 0.000000
31.000000 48.131767 4.390487 -0.073980 0.135078 0.000000 0.000000 0.000000 1.000000 0.000000 0.000000
31.000000 48.134856 4.371964 -0.073347 0.164959 0.000000 0.000000 0.000000 1.000000 0.000000 0.000000
31.000000 48.140731 4.359207 -0.067026 0.159663 0.000000 0.000000 0.000000 1.000000 0.000000 0.000000
31.000000 48.141796 4.350477 -0.075494 0.169725 0.000000 0.000000 0.000000 1.000000 0.000000 0.000000
31.000000 48.144854 4.346517 -0.074959 0.192331 0.000000 0.000000 0.000000 1.000000 0.000000 0.000000
31.000000 48.150737 4.325890 -0.063528 0.188217 0.000000 0.000000 0.000000 1.000000 0.000000 0.000000
31.000000 48.151709 4.313540 -0.074261 0.197085 0.000000 0.000000 0.000000 1.000000 0.000000 0.000000
31.000000 48.154735 4.303584 -0.073765 0.223332 0.000000 0.000000 0.000000 1.000000 0.000000 0.000000
31.000000 48.160749 4.281045 -0.060189 0.223333 0.000000 0.000000 0.000000 1.000000 0.000000 0.000000
31.000000 48.161693 4.271371 -0.069371 0.233278 0.000000 0.000000 0.000000 1.000000 0.000000 0.000000
31.000000 48.165094 4.263698 -0.068738 0.255479 0.000000 0.000000 0.000000 1.000000 0.000000 0.000000
31.000000 48.170730 4.244487 -0.057585 0.252876 0.000000 0.000000 0.000000 1.000000 0.000000 0.000000
31.000000 48.171725 4.230967 -0.070260 0.264518 0.000000 0.000000 0.000000 1.000000 0.000000 0.000000
31.000000 48.174897 4.229910 -0.069794 0.282922 0.000000 0.000000 0.000000 1.000000 0.000000 0.000000
31.000000 48.180813 4.205011 -0.054691 0.282266 0.000000 0.000000 0.000000 1.000000 0.000000 0.000000
31.000000 48.181654 4.189001 -0.069184 0.293899 0.000000 0.000000 0.000000 1.000000 0.000000 0.000000
31.000000 48.185070 4.189994 -0.068651 0.311441 0.000000 0.000000 0.000000 1.000000 0.000000 0.000000
31.000000 48.190687 4.164016 -0.052890 0.310192 0.000000 0.000000 0.000000 1.000000 0.000000 0.000000
31.000000 48.191907 4.146248 -0.068933 0.322386 0.000000 0.000000 0.000000 1.000000 0.000000 0.000000
31.000000 48.194976 4.156964 -0.068476 0.335962 0.000000 0.000000 0.000000 1.000000 0.000000 0.000000
31.000000 48.200816 4.132524 -0.054195 0.332387 0.000000 0.000000 0.000000 1.000000 0.000000 0.000000
31.000000 48.201716 4.123175 -0.062161 0.338583 0.000000 0.000000 0.000000 1.000000 0.000000 0.000000
31.000000 48.205087 4.108832 -0.061623 0.363624 0.000000 0.000000 0.000000 1.000000 0.000000 0.000000
31.000000 48.210691 4.089335 -0.050319 0.360419 0.000000 0.000000 0.000000 1.000000 0.000000 0.000000
31.000000 48.211769 4.074490 -0.063653 0.370411 0.000000 0.000000 0.000000 1.000000 0.000000 0.000000
31.000000 48.214791 4.079883 -0.063200 0.385980 0.000000 0.000000 0.000000 1.000000 0.000000 0.000000
31.000000 48.220742 4.055214 -0.048196 0.384341 0.000000 0.000000 0.000000 1.000000 0.000000 0.000000
31.000000 48.221699 4.041208 -0.060775 0.393797 0.000000 0.000000 0.000000 1.000000 0.000000 0.000000
31.000000 48.224850 4.046295 -0.060328 0.410064 0.000000 0.000000 0.000000 1.000000 0.000000 0.000000
31.000000 48.230747 4.013991 -0.039708 0.411549 0.000000 0.000000 0.000000 1.000000 0.000000 0.000000
31.000000 48.231953 3.990784 -0.059999 0.423148 0.000000 0.000000 0.000000 1.000000 0.000000 0.000000
31.000000 48.234812 3.998861 -0.059523 0.434883 0.000000 0.000000 0.000000 1.000000 0.000000 0.000000
31.000000 48.240827 3.972396 -0.042871 0.434409 0.000000 0.000000 0.000000 1.000000 0.000000 0.000000
31.000000 48.241811 3.952585 -0.060534 0.445217 0.000000 0.000000 0.000000 1.000000 0.000000 0.000000
31.000000 48.244782 3.965852 -0.060200 0.454500 0.000000 0.000000 0.000000 1.000000 0.000000 0.000000
31.000000 48.250906 3.935432 -0.040799 0.455054 0.000000 0.000000 0.000000 1.000000 0.000000 0.000000
31.000000 48.251760 3.916074 -0.057580 0.464120 0.000000 0.000000 0.000000 1.000000 0.000000 0.000000
31.000000 48.254853 3.927445 -0.057239 0.475882 0.000000 0.000000 0.000000 1.000000 0.000000 0.000000
31.000000 48.260744 3.898908 -0.039510 0.474357 0.000000 0.000000 0.000000 1.000000 0.000000 0.000000
31.000000 48.261698 3.880723 -0.054879 0.481742 0.000000 0.000000 0.000000 1.000000 0.000000 0.000000
31.000000 48.264797 3.895174 -0.054544 0.493529 0.000000 0.000000 0.000000 1.000000 0.000000 0.000000
31.000000 48.270856 3.864926 -0.035458 0.492927 0.000000 0.000000 0.000000 1.000000 0.000000 0.000000
31.000000 48.271821 3.848415 -0.049583 0.500380 0.000000 0.000000 0.000000 1.000000 0.000000 0.000000
31.000000 48.274805 3.847015 -0.049065 0.517593 0.000000 0.000000 0.000000 1.000000 0.000000 0.000000
31.000000 48.280825 3.818663 -0.031295 0.515724 0.000000 0.000000 0.000000 1.000000 0.000000 0.000000
31.000000 48.282114 3.798149 -0.048687 0.522926 0.000000 0.000000 0.000000 1.000000 0.000000 0.000000
31.000000 48.284853 3.804763 -0.048340 0.533619 0.000000 0.000000 0.000000 1.000000 0.000000 0.000000
31.000000 48.290796 3.783613 -0.035967 0.528636 0.000000 0.000000 0.000000 1.000000 0.000000 0.000000
31.000000 48.291901 3.769492 -0.047921 0.534418 0.000000 0.000000 0.000000 1.000000 0.000000 0.000000
31.000000 48.294854 3.771358 -0.047515 0.549600 0.000000 0.000000 0.000000 1.000000 0.000000 0.000000
31.000000 48.301018 3.745307 -0.031645 0.545763 0.000000 0.000000 0.000000 1.000000 0.000000 0.000000
31.000000 48.301785 3.726719 -0.047007 0.551111 0.000000 0.000000 0.000000 1.000000 0.000000 0.000000
31.000000 48.304834 3.734832 -0.046738 0.565004 0.000000 0.000000 0.000000 1.000000 0.000000 0.000000
31.000000 48.310834 3.706195 -0.028668 0.563484 0.000000 0.000000 0.000000 1.000000 0.000000 0.000000
31.000000 48.311923 3.688418 -0.043284 0.568449 0.000000 0.000000 0.000000 1.000000 0.000000 0.000000
31.000000 48.314871 3.695940 -0.042884 0.581422 0.000000 0.000000 0.000000 1.000000 0.000000 0.000000
31.000000 48.320999 3.669610 -0.026853 0.576991 0.000000 0.000000 0.000000 1.000000 0.000000 0.000000
31.000000 48.321872 3.652521 -0.040997 0.581939 0.000000 0.000000 0.000000 1.000000 0.000000 0.000000
31.000000 48.324887 3.659100 -0.040566 0.594254 0.000000 0.000000 0.000000 1.000000 0.000000 0.000000
31.000000 48.330871 3.628060 -0.020646 0.592589 0.000000 0.000000 0.000000 1.000000 0.000000 0.000000
31.000000 48.331995 3.602256 -0.042865 0.600699 0.000000 0.000000 0.000000 1.000000 0.000000 0.000000
31.000000 48.334882 3.624336 -0.042536 0.604179 0.000000 0.000000 0.000000 1.000000 0.000000 0.000000
31.000000 48.340888 3.591053 -0.020657 0.604113 0.000000 0.000000 0.000000 1.000000 0.000000 0.000000
31.000000 48.341783 3.567175 -0.041485 0.612402 0.000000 0.000000 0.000000 1.000000 0.000000 0.000000
31.000000 48.344890 3.587631 -0.041140 0.617041 0.000000 0.000000 0.000000 1.000000 0.000000 0.000000
31.000000 48.350819 3.553621 -0.019117 0.615313 0.000000 0.000000 0.000000 1.000000 0.000000 0.000000
31.000000 48.352015 3.529009 -0.040185 0.622455 0.000000 0.000000 0.000000 1.000000 0.000000 0.000000
31.000000 48.354912 3.557860 -0.039911 0.625929 0.000000 0.000000 0.000000 1.000000 0.000000 0.000000
31.000000 48.360885 3.519063 -0.014217 0.626280 0.000000 0.000000 0.000000 1.000000 0.000000 0.000000
31.000000 48.361975 3.492619 -0.036200 0.631479 0.000000 0.000000 0.000000 1.000000 0.000000 0.000000
31.000000 48.365054 3.514849 -0.035877 0.635808 0.000000 0.000000 0.000000 1.000000 0.000000 0.000000
31.000000 48.370957 3.478512 -0.012111 0.634384 0.000000 0.000000 0.000000 1.000000 0.000000 0.000000
31.000000 48.371918 3.454311 -0.032888 0.641336 0.000000 0.000000 0.000000 1.000000 0.000000 0.000000
31.000000 48.374943 3.472091 -0.032423 0.647964 0.000000 0.000000 0.000000 1.000000 0.000000 0.000000
31.000000 48.380817 3.445151 -0.015865 0.642207 0.000000 0.000000 0.000000 1.000000 0.000000 0.000000
31.000000 48.381941 3.425466 -0.032256 0.646301 0.000000 0.000000 0.000000 1.000000 0.000000 0.000000
31.000000 48.385158 3.433092 -0.031839 0.654672 0.000000 0.000000 0.000000 1.000000 0.000000 0.000000
31.000000 48.390732 3.409906 -0.017766 0.648799 0.000000 0.000000 0.000000 1.000000 0.000000 0.000000
31.000000 48.391917 3.393068 -0.031435 0.651079 0.000000 0.000000 0.000000 1.000000 0.000000 0.000000
31.000000 48.394898 3.403342 -0.031196 0.658867 0.000000 0.000000 0.000000 1.000000 0.000000 0.000000
31.000000 48.400745 3.375913 -0.014435 0.652736 0.000000 0.000000 0.000000 1.000000 0.000000 0.000000
31.000000 48.401833 3.355826 -0.030524 0.654915 0.000000 0.000000 0.000000 1.000000 0.000000 0.000000
31.000000 48.404838 3.360932 -0.030126 0.667000 0.000000 0.000000 0.000000 1.000000 0.000000 0.000000
31.000000 48.410746 3.351505 -0.027248 0.653718 0.000000 0.000000 0.000000 1.000000 0.000000 0.000000
31.000000 48.411881 3.347376 -0.028366 0.649361 0.000000 0.000000 0.000000 1.000000 0.000000 0.000000
31.000000 48.414921 3.329678 -0.027971 0.669138 0.000000 0.000000 0.000000 1.000000 0.000000 0.000000
31.000000 48.421806 3.326117 -0.026229 0.665354 0.000000 0.000000 0.000000 1.000000 0.000000 0.000000
31.000000 48.425069 3.288679 -0.025942 0.675242 0.000000 0.000000 0.000000 1.000000 0.000000 0.000000
31.000000 48.431930 3.283118 -0.022926 0.670749 0.000000 0.000000 0.000000 1.000000 0.000000 0.000000
31.000000 48.434919 3.244756 -0.022604 0.679989 0.000000 0.000000 0.000000 1.000000 0.000000 0.000000
31.000000 48.441795 3.243481 -0.023379 0.671763 0.000000 0.000000 0.000000 1.000000 0.000000 0.000000
31.000000 48.444885 3.212055 -0.023098 0.679193 0.000000 0.000000 0.000000 1.000000 0.000000 0.000000
31.000000 48.451900 3.208354 -0.021414 0.674528 0.000000 0.000000 0.000000 1.000000 0.000000 0.000000
31.000000 48.454941 3.176521 -0.021040 0.679790 0.000000 0.000000 0.000000 1.000000 0.000000 0.000000
31.000000 48.461817 3.172892 -0.019704 0.673715 0.000000 0.000000 0.000000 1.000000 0.000000 0.000000
31.000000 48.465055 3.141895 -0.019345 0.678806 0.000000 0.000000 0.000000 1.000000 0.000000 0.000000
31.000000 48.471950 3.135561 -0.016119 0.672513 0.000000 0.000000 0.000000 1.000000 0.000000 0.000000
31.000000 48.474900 3.104442 -0.015832 0.679307 0.000000 0.000000 0.000000 1.000000 0.000000 0.000000
31.000000 48.481849 3.103771 -0.017093 0.670889 0.000000 0.000000 0.000000 1.000000 0.000000 0.000000
31.000000 48.485028 3.069805 -0.016621 0.674768 0.000000 0.000000 0.000000 1.000000 0.000000 0.000000
31.000000 48.491876 3.064595 -0.014604 0.666491 0.000000 0.000000 0.000000 1.000000 0.000000 0.000000
31.000000 48.494922 3.031020 -0.014188 0.671411 0.000000 0.000000 0.000000 1.000000 0.000000 0.000000
31.000000 48.501878 3.026061 -0.012204 0.663818 0.000000 0.000000 0.000000 1.000000 0.000000 0.000000
31.000000 48.505013 2.996922 -0.011796 0.666916 0.000000 0.000000 0.000000 1.000000 0.000000 0.000000
31.000000 48.511904 2.992343 -0.010176 0.658902 0.000000 0.000000 0.000000 1.000000 0.000000 0.000000
31.000000 48.514943 2.974779 -0.009816 0.658235 0.000000 0.000000 0.000000 1.000000 0.000000 0.000000
31.000000 48.521822 2.968442 -0.007155 0.648986 0.000000 0.000000 0.000000 1.000000 0.000000 0.000000
31.000000 48.525014 2.945873 -0.006674 0.647998 0.000000 0.000000 0.000000 1.000000 0.000000 0.000000
31.000000 48.531919 2.940270 -0.003817 0.642249 0.000000 0.000000 0.000000 1.000000 0.000000 0.000000
31.000000 62.086566 nan nan nan 0.000000 0.000000 0.000000 1.000000 0.000000 0.000000
32.000000 62.087653 19.821426 -0.081968 0.244794 0.000000 0.000000 0.000000 1.000000 0.000000 0.000000
32.000000 62.091088 19.885449 -0.082371 0.247495 0.000000 0.000000 0.000000 1.000000 0.000000 0.000000
32.000000 62.096610 19.781192 -0.052732 0.282983 0.000000 0.000000 0.000000 1.000000 0.000000 0.000000
32.000000 62.097540 19.730202 -0.070581 0.308910 0.000000 0.000000 0.000000 1.000000 0.000000 0.000000
32.000000 62.100818 19.789442 -0.070713 0.320702 0.000000 0.000000 0.000000 1.000000 0.000000 0.000000
32.000000 62.106615 19.720906 -0.051141 0.347794 0.000000 0.000000 0.000000 1.000000 0.000000 0.000000
32.000000 62.107643 19.663402 -0.071188 0.373320 0.000000 0.000000 0.000000 1.000000 0.000000 0.000000
32.000000 62.110900 19.705446 -0.071218 0.385692 0.000000 0.000000 0.000000 1.000000 0.000000 0.000000
32.000000 62.116666 19.630926 -0.049988 0.409599 0.000000 0.000000 0.000000 1.000000 0.000000 0.000000
32.000000 62.117524 19.583061 -0.066701 0.430581 0.000000 0.000000 0.000000 1.000000 0.000000 0.000000
32.000000 62.121083 19.557741 -0.066683 0.455198 0.000000 0.000000 0.000000 1.000000 0.000000 0.000000
32.000000 62.126548 19.523540 -0.056840 0.472443 0.000000 0.000000 0.000000 1.000000 0.000000 0.000000
32.000000 62.127675 19.479876 -0.072162 0.495148 0.000000 0.000000 0.000000 1.000000 0.000000 0.000000
32.000000 62.130774 19.486170 -0.072112 0.519064 0.000000 0.000000 0.000000 1.000000 0.000000 0.000000
32.000000 62.136617 19.432231 -0.056646 0.539247 0.000000 0.000000 0.000000 1.000000 0.000000 0.000000
32.000000 62.137562 19.392012 -0.070724 0.556708 0.000000 0.000000 0.000000 1.000000 0.000000 0.000000
32.000000 62.140775 19.397364 -0.070820 0.579237 0.000000 0.000000 0.000000 1.000000 0.000000 0.000000
32.000000 62.146610 19.320739 -0.048642 0.609276 0.000000 0.000000 0.000000 1.000000 0.000000 0.000000
32.000000 62.147674 19.259172 -0.070269 0.627787 0.000000 0.000000 0.000000 1.000000 0.000000 0.000000
32.000000 62.150815 19.300286 -0.070674 0.640807 0.000000 0.000000 0.000000 1.000000 0.000000 0.000000
32.000000 62.156675 19.231504 -0.050743 0.669715 0.000000 0.000000 0.000000 1.000000 0.000000 0.000000
32.000000 62.157546 19.213862 -0.057102 0.683960 0.000000 0.000000 0.000000 1.000000 0.000000 0.000000
32.000000 62.160837 19.167083 -0.057059 0.710787 0.000000 0.000000 0.000000 1.000000 0.000000 0.000000
32.000000 62.166651 19.133812 -0.047307 0.728601 0.000000 0.000000 0.000000 1.000000 0.000000 0.000000
32.000000 62.167681 19.107467 -0.056791 0.746986 0.000000 0.000000 0.000000 1.000000 0.000000 0.000000
32.000000 62.170911 19.081181 -0.056690 0.771185 0.000000 0.000000 0.000000 1.000000 0.000000 0.000000
32.000000 62.176707 19.041183 -0.044984 0.788464 0.000000 0.000000 0.000000 1.000000 0.000000 0.000000
32.000000 62.177595 19.006990 -0.057151 0.800769 0.000000 0.000000 0.000000 1.000000 0.000000 0.000000
32.000000 62.180773 19.012405 -0.057470 0.820289 0.000000 0.000000 0.000000 1.000000 0.000000 0.000000
32.000000 62.186666 18.954640 -0.040628 0.845394 0.000000 0.000000 0.000000 1.000000 0.000000 0.000000
32.000000 62.187713 18.903002 -0.058944 0.860037 0.000000 0.000000 0.000000 1.000000 0.000000 0.000000
32.000000 62.191021 18.920132 -0.059250 0.880088 0.000000 0.000000 0.000000 1.000000 0.000000 0.000000
32.000000 62.196679 18.857807 -0.040973 0.907496 0.000000 0.000000 0.000000 1.000000 0.000000 0.000000
32.000000 62.197754 18.809737 -0.058122 0.921797 0.000000 0.000000 0.000000 1.000000 0.000000 0.000000
32.000000 62.200878 18.848436 -0.058471 0.937472 0.000000 0.000000 0.000000 1.000000 0.000000 0.000000
32.000000 62.206558 18.772163 -0.036171 0.964263 0.000000 0.000000 0.000000 1.000000 0.000000 0.000000
32.000000 62.207711 18.710104 -0.058285 0.978521 0.000000 0.000000 0.000000 1.000000 0.000000 0.000000
32.000000 62.210831 18.764998 -0.058587 0.989611 0.000000 0.000000 0.000000 1.000000 0.000000 0.000000
32.000000 62.216646 18.674854 -0.031991 1.020681 0.000000 0.000000 0.000000 1.000000 0.000000 0.000000
32.000000 62.217586 18.623939 -0.050360 1.036122 0.000000 0.000000 0.000000 1.000000 0.000000 0.000000
32.000000 62.221163 18.639537 -0.050652 1.052059 0.000000 0.000000 0.000000 1.000000 0.000000 0.000000
32.000000 62.226577 18.575399 -0.031738 1.075727 0.000000 0.000000 0.000000 1.000000 0.000000 0.000000
32.000000 62.227647 18.524226 -0.050125 1.085879 0.000000 0.000000 0.000000 1.000000 0.000000 0.000000
32.000000 62.230818 18.578110 -0.050503 1.095056 0.000000 0.000000 0.000000 1.000000 0.000000 0.000000
32.000000 62.236676 18.502232 -0.027989 1.123255 0.000000 0.000000 0.000000 1.000000 0.000000 0.000000
32.000000 62.237679 18.463499 -0.042059 1.135452 0.000000 0.000000 0.000000 1.000000 0.000000 0.000000
32.000000 62.240847 18.452089 -0.042366 1.156989 0.000000 0.000000 0.000000 1.000000 0.000000 0.000000
32.000000 62.246644 18.405970 -0.028618 1.180637 0.000000 0.000000 0.000000 1.000000 0.000000 0.000000
32.000000 62.247934 18.375383 -0.039731 1.188762 0.000000 0.000000 0.000000 1.000000 0.000000 0.000000
32.000000 62.250772 18.369569 -0.040108 1.209401 0.000000 0.000000 0.000000 1.000000 0.000000 0.000000
32.000000 62.256832 18.326976 -0.027583 1.227531 0.000000 0.000000 0.000000 1.000000 0.000000 0.000000
32.000000 62.257589 18.300895 -0.036931 1.232820 0.000000 0.000000 0.000000 1.000000 0.000000 0.000000
32.000000 62.261018 18.269587 -0.037074 1.256796 0.000000 0.000000 0.000000 1.000000 0.000000 0.000000
32.000000 62.266624 18.224480 -0.023486 1.278921 0.000000 0.000000 0.000000 1.000000 0.000000 0.000000
32.000000 62.267754 18.194035 -0.034706 1.290174 0.000000 0.000000 0.000000 1.000000 0.000000 0.000000
32.000000 62.270885 18.180639 -0.034985 1.310950 0.000000 0.000000 0.000000 1.000000 0.000000 0.000000
32.000000 62.276703 18.133588 -0.020820 1.333928 0.000000 0.000000 0.000000 1.000000 0.000000 0.000000
32.000000 62.277620 18.090794 -0.036531 1.341624 0.000000 0.000000 0.000000 1.000000 0.000000 0.000000
32.000000 62.280861 18.084097 -0.036886 1.356999 0.000000 0.000000 0.000000 1.000000 0.000000 0.000000
32.000000 62.286707 18.032183 -0.021244 1.378755 0.000000 0.000000 0.000000 1.000000 0.000000 0.000000
32.000000 62.287824 17.998334 -0.033722 1.387662 0.000000 0.000000 0.000000 1.000000 0.000000 0.000000
32.000000 62.290917 18.025177 -0.034010 1.402152 0.000000 0.000000 0.000000 1.000000 0.000000 0.000000
32.000000 62.296767 17.962225 -0.014952 1.427476 0.000000 0.000000 0.000000 1.000000 0.000000 0.000000
32.000000 62.297667 17.924937 -0.028771 1.433994 0.000000 0.000000 0.000000 1.000000 0.000000 0.000000
32.000000 62.301298 17.900669 -0.029125 1.449897 0.000000 0.000000 0.000000 1.000000 0.000000 0.000000
32.000000 62.306690 17.864947 -0.018227 1.470010 0.000000 0.000000 0.000000 1.000000 0.000000 0.000000
32.000000 62.307774 17.858767 -0.020584 1.475689 0.000000 0.000000 0.000000 1.000000 0.000000 0.000000
32.000000 62.311011 17.800355 -0.020893 1.501773 0.000000 0.000000 0.000000 1.000000 0.000000 0.000000
32.000000 62.316696 17.769285 -0.011376 1.522870 0.000000 0.000000 0.000000 1.000000 0.000000 0.000000
32.000000 62.317729 17.729992 -0.026033 1.526280 0.000000 0.000000 0.000000 1.000000 0.000000 0.000000
32.000000 62.321042 17.732797 -0.026591 1.540266 0.000000 0.000000 0.000000 1.000000 0.000000 0.000000
32.000000 62.326626 17.692655 -0.014388 1.562185 0.000000 0.000000 0.000000 1.000000 0.000000 0.000000
32.000000 62.327788 17.654694 -0.028501 1.563686 0.000000 0.000000 0.000000 1.000000 0.000000 0.000000
32.000000 62.330895 17.655525 -0.028968 1.577821 0.000000 0.000000 0.000000 1.000000 0.000000 0.000000
32.000000 62.336729 17.601381 -0.012402 1.601231 0.000000 0.000000 0.000000 1.000000 0.000000 0.000000
32.000000 62.337718 17.598039 -0.013651 1.603004 0.000000 0.000000 0.000000 1.000000 0.000000 0.000000
32.000000 62.340886 17.531032 -0.013976 1.627234 0.000000 0.000000 0.000000 1.000000 0.000000 0.000000
32.000000 62.346608 17.507532 -0.006624 1.647852 0.000000 0.000000 0.000000 1.000000 0.000000 0.000000
32.000000 62.347749 17.499786 -0.009634 1.650656 0.000000 0.000000 0.000000 1.000000 0.000000 0.000000
32.000000 62.350890 17.448586 -0.010073 1.670128 0.000000 0.000000 0.000000 1.000000 0.000000 0.000000
32.000000 62.356774 17.432681 -0.005113 1.688265 0.000000 0.000000 0.000000 1.000000 0.000000 0.000000
32.000000 62.357796 17.420211 -0.009850 1.688299 0.000000 0.000000 0.000000 1.000000 0.000000 0.000000
32.000000 62.361022 17.350702 -0.010321 1.709022 0.000000 0.000000 0.000000 1.000000 0.000000 0.000000
32.000000 62.366643 17.332396 -0.004606 1.727292 0.000000 0.000000 0.000000 1.000000 0.000000 0.000000
32.000000 62.367755 17.326110 -0.007015 1.727491 0.000000 0.000000 0.000000 1.000000 0.000000 0.000000
32.000000 62.370895 17.277790 -0.007426 1.745573 0.000000 0.000000 0.000000 1.000000 0.000000 0.000000
32.000000 62.376756 17.256081 -0.000537 1.766621 0.000000 0.000000 0.000000 1.000000 0.000000 0.000000
32.000000 62.377696 17.245173 -0.004800 1.767532 0.000000 0.000000 0.000000 1.000000 0.000000 0.000000
32.000000 62.381010 17.182723 -0.005320 1.784655 0.000000 0.000000 0.000000 1.000000 0.000000 0.000000
32.000000 62.386697 17.159826 0.001799 1.801302 0.000000 0.000000 0.000000 1.000000 0.000000 0.000000
32.000000 62.388033 17.143718 -0.004338 1.799192 0.000000 0.000000 0.000000 1.000000 0.000000 0.000000
32.000000 62.390971 17.075642 -0.004867 1.819963 0.000000 0.000000 0.000000 1.000000 0.000000 0.000000
32.000000 62.396777 17.063356 -0.000969 1.838641 0.000000 0.000000 0.000000 1.000000 0.000000 0.000000
32.000000 62.397738 17.058802 -0.002740 1.836478 0.000000 0.000000 0.000000 1.000000 0.000000 0.000000
32.000000 62.401014 16.978717 -0.003231 1.856007 0.000000 0.000000 0.000000 1.000000 0.000000 0.000000
32.000000 62.406707 16.967129 0.000442 1.871677 0.000000 0.000000 0.000000 1.000000 0.000000 0.000000
32.000000 62.407868 16.976551 0.004076 1.867159 0.000000 0.000000 0.000000 1.000000 0.000000 0.000000
32.000000 62.411010 16.890742 0.003486 1.890175 0.000000 0.000000 0.000000 1.000000 0.000000 0.000000
32.000000 62.416795 16.883922 0.005649 1.907354 0.000000 0.000000 0.000000 1.000000 0.000000 0.000000
32.000000 62.417867 16.880664 0.004397 1.903687 0.000000 0.000000 0.000000 1.000000 0.000000 0.000000
32.000000 62.420999 16.811413 0.003868 1.922573 0.000000 0.000000 0.000000 1.000000 0.000000 0.000000
32.000000 62.426712 16.812340 0.003585 1.936671 0.000000 0.000000 0.000000 1.000000 0.000000 0.000000
32.000000 62.428041 16.823295 0.007863 1.930331 0.000000 0.000000 0.000000 1.000000 0.000000 0.000000
32.000000 62.431072 16.720429 0.007213 1.954876 0.000000 0.000000 0.000000 1.000000 0.000000 0.000000
32.000000 62.436800 16.715697 0.008705 1.971508 0.000000 0.000000 0.000000 1.000000 0.000000 0.000000
32.000000 62.437853 16.729418 0.014097 1.963421 0.000000 0.000000 0.000000 1.000000 0.000000 0.000000
32.000000 62.441093 16.631535 0.013439 1.984947 0.000000 0.000000 0.000000 1.000000 0.000000 0.000000
32.000000 62.446711 16.639134 0.011036 1.999212 0.000000 0.000000 0.000000 1.000000 0.000000 0.000000
32.000000 62.447882 16.645887 0.013698 1.993105 0.000000 0.000000 0.000000 1.000000 0.000000 0.000000
32.000000 62.450980 16.557255 0.013023 2.015528 0.000000 0.000000 0.000000 1.000000 0.000000 0.000000
32.000000 62.456829 16.543969 0.017195 2.031763 0.000000 0.000000 0.000000 1.000000 0.000000 0.000000
32.000000 62.457887 16.537266 0.014628 2.024141 0.000000 0.000000 0.000000 1.000000 0.000000 0.000000
32.000000 62.461097 16.466181 0.013947 2.043789 0.000000 0.000000 0.000000 1.000000 0.000000 0.000000
32.000000 62.466708 16.464523 0.014382 2.057745 0.000000 0.000000 0.000000 1.000000 0.000000 0.000000
32.000000 62.467905 16.464411 0.014438 2.049543 0.000000 0.000000 0.000000 1.000000 0.000000 0.000000
32.000000 62.470941 16.372964 0.013858 2.069199 0.000000 0.000000 0.000000 1.000000 0.000000 0.000000
32.000000 62.476720 16.361015 0.017763 2.085800 0.000000 0.000000 0.000000 1.000000 0.000000 0.000000
32.000000 62.477839 16.370114 0.021350 2.078031 0.000000 0.000000 0.000000 1.000000 0.000000 0.000000
32.000000 62.481101 16.280181 0.020543 2.098354 0.000000 0.000000 0.000000 1.000000 0.000000 0.000000
32.000000 62.486757 16.284181 0.019207 2.113954 0.000000 0.000000 0.000000 1.000000 0.000000 0.000000
32.000000 62.487825 16.297707 0.024662 2.102320 0.000000 0.000000 0.000000 1.000000 0.000000 0.000000
32.000000 62.490949 16.206052 0.023873 2.121795 0.000000 0.000000 0.000000 1.000000 0.000000 0.000000
32.000000 62.496824 16.203518 0.024616 2.136033 0.000000 0.000000 0.000000 1.000000 0.000000 0.000000
32.000000 62.497779 16.204393 0.025052 2.125515 0.000000 0.000000 0.000000 1.000000 0.000000 0.000000
32.000000 62.501126 16.103734 0.024349 2.143058 0.000000 0.000000 0.000000 1.000000 0.000000 0.000000
32.000000 62.506687 16.115646 0.020568 2.157225 0.000000 0.000000 0.000000 1.000000 0.000000 0.000000
32.000000 62.507779 16.129009 0.025892 2.147073 0.000000 0.000000 0.000000 1.000000 0.000000 0.000000
32.000000 62.511038 16.036291 0.024978 2.165702 0.000000 0.000000 0.000000 1.000000 0.000000 0.000000
32.000000 62.516931 16.027172 0.027940 2.184818 0.000000 0.000000 0.000000 1.000000 0.000000 0.000000
32.000000 62.517688 16.025839 0.027431 2.173372 0.000000 0.000000 0.000000 1.000000 0.000000 0.000000
32.000000 62.521150 15.959353 0.026562 2.188890 0.000000 0.000000 0.000000 1.000000 0.000000 0.000000
32.000000 62.526720 15.943013 0.031802 2.205848 0.000000 0.000000 0.000000 1.000000 0.000000 0.000000
32.000000 62.527856 15.935862 0.029012 2.192466 0.000000 0.000000 0.000000 1.000000 0.000000 0.000000
32.000000 62.530998 15.855417 0.028134 2.209450 0.000000 0.000000 0.000000 1.000000 0.000000 0.000000
32.000000 62.536887 15.851572 0.029416 2.228185 0.000000 0.000000 0.000000 1.000000 0.000000 0.000000
32.000000 62.537741 15.855703 0.031109 2.215726 0.000000 0.000000 0.000000 1.000000 0.000000 0.000000
32.000000 62.541107 15.771209 0.030249 2.228788 0.000000 0.000000 0.000000 1.000000 0.000000 0.000000
32.000000 62.546747 15.778768 0.027743 2.242184 0.000000 0.000000 0.000000 1.000000 0.000000 0.000000
32.000000 62.547859 15.801193 0.036950 2.228351 0.000000 0.000000 0.000000 1.000000 0.000000 0.000000
32.000000 62.550963 15.674087 0.036057 2.246405 0.000000 0.000000 0.000000 1.000000 0.000000 0.000000
32.000000 62.556726 15.685133 0.032506 2.261238 0.000000 0.000000 0.000000 1.000000 0.000000 0.000000
32.000000 62.557748 15.699328 0.038283 2.248547 0.000000 0.000000 0.000000 1.000000 0.000000 0.000000
32.000000 62.561140 15.598783 0.037254 2.264104 0.000000 0.000000 0.000000 1.000000 0.000000 0.000000
32.000000 62.566766 15.598773 0.037213 2.279633 0.000000 0.000000 0.000000 1.000000 0.000000 0.000000
32.000000 62.567847 15.607687 0.040965 2.265813 0.000000 0.000000 0.000000 1.000000 0.000000 0.000000
32.000000 62.570961 15.509473 0.040085 2.280942 0.000000 0.000000 0.000000 1.000000 0.000000 0.000000
32.000000 62.576785 15.515102 0.038288 2.296488 0.000000 0.000000 0.000000 1.000000 0.000000 0.000000
32.000000 62.577740 15.525323 0.042497 2.283237 0.000000 0.000000 0.000000 1.000000 0.000000 0.000000
32.000000 62.581188 15.417211 0.041489 2.297033 0.000000 0.000000 0.000000 1.000000 0.000000 0.000000
32.000000 62.586780 15.422990 0.039615 2.312511 0.000000 0.000000 0.000000 1.000000 0.000000 0.000000
32.000000 62.587820 15.433849 0.044130 2.297906 0.000000 0.000000 0.000000 1.000000 0.000000 0.000000
32.000000 62.591288 15.349988 0.043116 2.310388 0.000000 0.000000 0.000000 1.000000 0.000000 0.000000
32.000000 62.596783 15.357264 0.040646 2.324940 0.000000 0.000000 0.000000 1.000000 0.000000 0.000000
32.000000 62.597843 15.369104 0.045663 2.309025 0.000000 0.000000 0.000000 1.000000 0.000000 0.000000
32.000000 62.601116 15.259530 0.044635 2.324829 0.000000 0.000000 0.000000 1.000000 0.000000 0.000000
32.000000 62.606762 15.261786 0.043917 2.340864 0.000000 0.000000 0.000000 1.000000 0.000000 0.000000
32.000000 62.608028 15.270602 0.047637 2.325974 0.000000 0.000000 0.000000 1.000000 0.000000 0.000000
32.000000 62.610945 15.176445 0.046639 2.337604 0.000000 0.000000 0.000000 1.000000 0.000000 0.000000
32.000000 62.616795 15.172743 0.047894 2.351982 0.000000 0.000000 0.000000 1.000000 0.000000 0.000000
32.000000 62.618006 15.176804 0.049668 2.337238 0.000000 0.000000 0.000000 1.000000 0.000000 0.000000
32.000000 62.621103 15.088742 0.048686 2.349656 0.000000 0.000000 0.000000 1.000000 0.000000 0.000000
32.000000 62.626764 15.093517 0.047023 2.362217 0.000000 0.000000 0.000000 1.000000 0.000000 0.000000
32.000000 62.628112 15.104076 0.051598 2.345248 0.000000 0.000000 0.000000 1.000000 0.000000 0.000000
32.000000 62.631002 15.003737 0.050562 2.359166 0.000000 0.000000 0.000000 1.000000 0.000000 0.000000
32.000000 62.636897 15.005332 0.049995 2.372624 0.000000 0.000000 0.000000 1.000000 0.000000 0.000000
32.000000 62.637809 15.024791 0.058368 2.354574 0.000000 0.000000 0.000000 1.000000 0.000000 0.000000
32.000000 62.641120 14.910384 0.057238 2.369640 0.000000 0.000000 0.000000 1.000000 0.000000 0.000000
32.000000 62.646806 14.919841 0.054013 2.383085 0.000000 0.000000 0.000000 1.000000 0.000000 0.000000
32.000000 62.647937 14.933493 0.059924 2.365728 0.000000 0.000000 0.000000 1.000000 0.000000 0.000000
32.000000 62.651000 14.829978 0.058809 2.378362 0.000000 0.000000 0.000000 1.000000 0.000000 0.000000
32.000000 62.656804 14.846195 0.053200 2.389180 0.000000 0.000000 0.000000 1.000000 0.000000 0.000000
32.000000 62.657855 14.867075 0.062279 2.370179 0.000000 0.000000 0.000000 1.000000 0.000000 0.000000
32.000000 62.661127 14.744339 0.061076 2.386472 0.000000 0.000000 0.000000 1.000000 0.000000 0.000000
32.000000 62.666783 14.756918 0.056673 2.397469 0.000000 0.000000 0.000000 1.000000 0.000000 0.000000
32.000000 62.667881 14.771473 0.063113 2.376596 0.000000 0.000000 0.000000 1.000000 0.000000 0.000000
32.000000 62.671055 14.660685 0.061950 2.388513 0.000000 0.000000 0.000000 1.000000 0.000000 0.000000
32.000000 62.676833 14.668589 0.059214 2.400452 0.000000 0.000000 0.000000 1.000000 0.000000 0.000000
32.000000 62.677888 14.687954 0.067715 2.380962 0.000000 0.000000 0.000000 1.000000 0.000000 0.000000
32.000000 62.681206 14.578111 0.066460 2.395397 0.000000 0.000000 0.000000 1.000000 0.000000 0.000000
32.000000 62.686788 14.589520 0.062510 2.409605 0.000000 0.000000 0.000000 1.000000 0.000000 0.000000
32.000000 62.688026 14.605468 0.069572 2.388463 0.000000 0.000000 0.000000 1.000000 0.000000 0.000000
32.000000 62.691114 14.487722 0.068262 2.400116 0.000000 0.000000 0.000000 1.000000 0.000000 0.000000
32.000000 62.696842 14.504118 0.062608 2.413582 0.000000 0.000000 0.000000 1.000000 0.000000 0.000000
32.000000 62.697936 14.520795 0.069981 2.393868 0.000000 0.000000 0.000000 1.000000 0.000000 0.000000
32.000000 62.701329 14.404823 0.068758 2.402199 0.000000 0.000000 0.000000 1.000000 0.000000 0.000000
32.000000 62.706773 14.417141 0.064612 2.415925 0.000000 0.000000 0.000000 1.000000 0.000000 0.000000
32.000000 62.708045 14.438830 0.074138 2.395663 0.000000 0.000000 0.000000 1.000000 0.000000 0.000000
32.000000 62.711101 14.320027 0.072723 2.404446 0.000000 0.000000 0.000000 1.000000 0.000000 0.000000
32.000000 62.716935 14.334736 0.067583 2.416616 0.000000 0.000000 0.000000 1.000000 0.000000 0.000000
32.000000 62.717993 14.350950 0.074877 2.396444 0.000000 0.000000 0.000000 1.000000 0.000000 0.000000
32.000000 62.721177 14.239470 0.073599 2.407491 0.000000 0.000000 0.000000 1.000000 0.000000 0.000000
32.000000 62.726773 14.251311 0.069524 2.421321 0.000000 0.000000 0.000000 1.000000 0.000000 0.000000
32.000000 62.727970 14.265688 0.076007 2.398016 0.000000 0.000000 0.000000 1.000000 0.000000 0.000000
32.000000 62.731030 14.162644 0.074585 2.404463 0.000000 0.000000 0.000000 1.000000 0.000000 0.000000
32.000000 62.736835 14.174992 0.070211 2.416490 0.000000 0.000000 0.000000 1.000000 0.000000 0.000000
32.000000 62.737905 14.195719 0.079644 2.392688 0.000000 0.000000 0.000000 1.000000 0.000000 0.000000
32.000000 62.741127 14.057583 0.078200 2.403778 0.000000 0.000000 0.000000 1.000000 0.000000 0.000000
32.000000 62.746828 14.083859 0.068948 2.414108 0.000000 0.000000 0.000000 1.000000 0.000000 0.000000
32.000000 62.747971 14.103637 0.077918 2.391947 0.000000 0.000000 0.000000 1.000000 0.000000 0.000000
32.000000 62.751022 14.007104 0.076561 2.399938 0.000000 0.000000 0.000000 1.000000 0.000000 0.000000
32.000000 62.756835 14.008206 0.076265 2.415650 0.000000 0.000000 0.000000 1.000000 0.000000 0.000000
32.000000 62.757874 14.023981 0.083526 2.392703 0.000000 0.000000 0.000000 1.000000 0.000000 0.000000
32.000000 62.761109 13.904491 0.082074 2.400537 0.000000 0.000000 0.000000 1.000000 0.000000 0.000000
32.000000 62.766828 13.921296 0.076148 2.412186 0.000000 0.000000 0.000000 1.000000 0.000000 0.000000
32.000000 62.768025 13.938683 0.084166 2.389928 0.000000 0.000000 0.000000 1.000000 0.000000 0.000000
32.000000 62.771063 13.826130 0.082797 2.396276 0.000000 0.000000 0.000000 1.000000 0.000000 0.000000
32.000000 62.776936 13.846666 0.075396 2.403367 0.000000 0.000000 0.000000 1.000000 0.000000 0.000000
32.000000 62.777965 13.869287 0.085897 2.380921 0.000000 0.000000 0.000000 1.000000 0.000000 0.000000
32.000000 62.781186 13.755427 0.084562 2.391616 0.000000 0.000000 0.000000 1.000000 0.000000 0.000000
32.000000 62.786836 13.764224 0.081431 2.402205 0.000000 0.000000 0.000000 1.000000 0.000000 0.000000
32.000000 62.788064 13.773803 0.086066 2.379291 0.000000 0.000000 0.000000 1.000000 0.000000 0.000000
32.000000 62.791132 13.667380 0.084666 2.386821 0.000000 0.000000 0.000000 1.000000 0.000000 0.000000
32.000000 62.796895 13.673537 0.082428 2.396902 0.000000 0.000000 0.000000 1.000000 0.000000 0.000000
32.000000 62.797842 13.688612 0.089679 2.370968 0.000000 0.000000 0.000000 1.000000 0.000000 0.000000
32.000000 62.801324 13.589660 0.088273 2.377176 0.000000 0.000000 0.000000 1.000000 0.000000 0.000000
32.000000 62.806818 13.596510 0.085766 2.386916 0.000000 0.000000 0.000000 1.000000 0.000000 0.000000
32.000000 62.807987 13.615620 0.094918 2.361399 0.000000 0.000000 0.000000 1.000000 0.000000 0.000000
32.000000 62.811244 13.494158 0.093403 2.371187 0.000000 0.000000 0.000000 1.000000 0.000000 0.000000
32.000000 62.816914 13.513521 0.086483 2.382950 0.000000 0.000000 0.000000 1.000000 0.000000 0.000000
32.000000 62.818114 13.535474 0.096885 2.355778 0.000000 0.000000 0.000000 1.000000 0.000000 0.000000
32.000000 62.821318 13.403298 0.095135 2.362156 0.000000 0.000000 0.000000 1.000000 0.000000 0.000000
32.000000 62.826889 13.436902 0.082872 2.370454 0.000000 0.000000 0.000000 1.000000 0.000000 0.000000
32.000000 62.828051 13.464998 0.096230 2.342970 0.000000 0.000000 0.000000 1.000000 0.000000 0.000000
32.000000 62.831151 13.328402 0.094529 2.352419 0.000000 0.000000 0.000000 1.000000 0.000000 0.000000
32.000000 62.836987 13.353374 0.085331 2.359821 0.000000 0.000000 0.000000 1.000000 0.000000 0.000000
32.000000 62.838017 13.373976 0.095368 2.331991 0.000000 0.000000 0.000000 1.000000 0.000000 0.000000
32.000000 62.841260 13.256511 0.093855 2.337439 0.000000 0.000000 0.000000 1.000000 0.000000 0.000000
32.000000 62.846893 13.271691 0.088410 2.347884 0.000000 0.000000 0.000000 1.000000 0.000000 0.000000
32.000000 62.848053 13.300650 0.102221 2.323440 0.000000 0.000000 0.000000 1.000000 0.000000 0.000000
32.000000 62.851103 13.156885 0.100544 2.331272 0.000000 0.000000 0.000000 1.000000 0.000000 0.000000
32.000000 62.857000 13.183587 0.090751 2.338216 0.000000 0.000000 0.000000 1.000000 0.000000 0.000000
32.000000 62.858142 13.214485 0.105590 2.312581 0.000000 0.000000 0.000000 1.000000 0.000000 0.000000
32.000000 62.861341 13.079581 0.103926 2.319503 0.000000 0.000000 0.000000 1.000000 0.000000 0.000000
32.000000 62.866877 13.102123 0.095599 2.325905 0.000000 0.000000 0.000000 1.000000 0.000000 0.000000
32.000000 62.867877 13.118888 0.103959 2.299923 0.000000 0.000000 0.000000 1.000000 0.000000 0.000000
32.000000 62.871233 13.009381 0.102413 2.303917 0.000000 0.000000 0.000000 1.000000 0.000000 0.000000
32.000000 62.877022 13.021706 0.097959 2.313812 0.000000 0.000000 0.000000 1.000000 0.000000 0.000000
32.000000 62.877908 13.041418 0.107739 2.287057 0.000000 0.000000 0.000000 1.000000 0.000000 0.000000
32.000000 62.881272 12.918806 0.106120 2.288432 0.000000 0.000000 0.000000 1.000000 0.000000 0.000000
32.000000 62.887015 12.951096 0.093901 2.288621 0.000000 0.000000 0.000000 1.000000 0.000000 0.000000
32.000000 62.888119 12.986185 0.111130 2.261496 0.000000 0.000000 0.000000 1.000000 0.000000 0.000000
32.000000 62.891110 12.837252 0.109396 2.274453 0.000000 0.000000 0.000000 1.000000 0.000000 0.000000
32.000000 62.897116 12.867394 0.097977 2.277098 0.000000 0.000000 0.000000 1.000000 0.000000 0.000000
32.000000 62.897922 12.895097 0.111843 2.248598 0.000000 0.000000 0.000000 1.000000 0.000000 0.000000
32.000000 62.901285 12.765595 0.110257 2.253919 0.000000 0.000000 0.000000 1.000000 0.000000 0.000000
32.000000 62.906920 12.790310 0.100905 2.256118 0.000000 0.000000 0.000000 1.000000 0.000000 0.000000
32.000000 62.908039 12.813449 0.112570 2.230298 0.000000 0.000000 0.000000 1.000000 0.000000 0.000000
32.000000 62.911312 12.679047 0.110903 2.237871 0.000000 0.000000 0.000000 1.000000 0.000000 0.000000
32.000000 62.917042 12.707006 0.100153 2.238036 0.000000 0.000000 0.000000 1.000000 0.000000 0.000000
32.000000 62.917946 12.740563 0.117055 2.208142 0.000000 0.000000 0.000000 1.000000 0.000000 0.000000
32.000000 62.921269 12.604735 0.115343 2.216865 0.000000 0.000000 0.000000 1.000000 0.000000 0.000000
32.000000 62.927007 12.632824 0.104629 2.219507 0.000000 0.000000 0.000000 1.000000 0.000000 0.000000
32.000000 62.927995 12.647133 0.112303 2.190645 0.000000 0.000000 0.000000 1.000000 0.000000 0.000000
32.000000 62.931178 12.532250 0.110673 2.192468 0.000000 0.000000 0.000000 1.000000 0.000000 0.000000
32.000000 62.937029 12.550455 0.103696 2.195852 0.000000 0.000000 0.000000 1.000000 0.000000 0.000000
32.000000 62.937976 12.567112 0.112497 2.170162 0.000000 0.000000 0.000000 1.000000 0.000000 0.000000
32.000000 62.941317 12.449890 0.110897 2.177629 0.000000 0.000000 0.000000 1.000000 0.000000 0.000000
32.000000 62.947080 12.463523 0.105502 2.179716 0.000000 0.000000 0.000000 1.000000 0.000000 0.000000
32.000000 62.947901 12.482981 0.115957 2.149679 0.000000 0.000000 0.000000 1.000000 0.000000 0.000000
32.000000 62.951191 12.370154 0.114393 2.154983 0.000000 0.000000 0.000000 1.000000 0.000000 0.000000
32.000000 62.957165 12.386005 0.108141 2.156206 0.000000 0.000000 0.000000 1.000000 0.000000 0.000000
32.000000 62.958005 12.412304 0.121984 2.125614 0.000000 0.000000 0.000000 1.000000 0.000000 0.000000
32.000000 62.961273 12.283393 0.120252 2.132684 0.000000 0.000000 0.000000 1.000000 0.000000 0.000000
32.000000 62.967060 12.306222 0.111368 2.134556 0.000000 0.000000 0.000000 1.000000 0.000000 0.000000
32.000000 62.968058 12.326894 0.122479 2.104577 0.000000 0.000000 0.000000 1.000000 0.000000 0.000000
32.000000 62.971477 12.200433 0.120710 2.108927 0.000000 0.000000 0.000000 1.000000 0.000000 0.000000
32.000000 62.977151 12.224445 0.111260 2.109128 0.000000 0.000000 0.000000 1.000000 0.000000 0.000000
32.000000 62.978033 12.249703 0.124766 2.078190 0.000000 0.000000 0.000000 1.000000 0.000000 0.000000
32.000000 62.981336 12.125546 0.123001 2.083646 0.000000 0.000000 0.000000 1.000000 0.000000 0.000000
32.000000 62.987046 12.147739 0.114152 2.082939 0.000000 0.000000 0.000000 1.000000 0.000000 0.000000
32.000000 62.987940 12.174032 0.128330 2.051606 0.000000 0.000000 0.000000 1.000000 0.000000 0.000000
32.000000 62.991137 12.048911 0.126592 2.057860 0.000000 0.000000 0.000000 1.000000 0.000000 0.000000
32.000000 62.997160 12.073825 0.116588 2.055286 0.000000 0.000000 0.000000 1.000000 0.000000 0.000000
32.000000 62.998037 12.095430 0.128526 2.025154 0.000000 0.000000 0.000000 1.000000 0.000000 0.000000
32.000000 63.001319 11.962080 0.126871 2.029185 0.000000 0.000000 0.000000 1.000000 0.000000 0.000000
32.000000 63.006995 11.987876 0.116604 2.026063 0.000000 0.000000 0.000000 1.000000 0.000000 0.000000
32.000000 63.008059 12.009098 0.128228 1.997985 0.000000 0.000000 0.000000 1.000000 0.000000 0.000000
32.000000 63.011213 11.885919 0.126541 2.000070 0.000000 0.000000 0.000000 1.000000 0.000000 0.000000
32.000000 63.017179 11.907578 0.117793 1.997087 0.000000 0.000000 0.000000 1.000000 0.000000 0.000000
32.000000 63.018454 11.938696 0.134508 1.968914 0.000000 0.000000 0.000000 1.000000 0.000000 0.000000
32.000000 63.021231 11.803790 0.132841 1.974157 0.000000 0.000000 0.000000 1.000000 0.000000 0.000000
32.000000 63.026986 11.832045 0.121450 1.969100 0.000000 0.000000 0.000000 1.000000 0.000000 0.000000
32.000000 63.028095 11.859499 0.136333 1.942408 0.000000 0.000000 0.000000 1.000000 0.000000 0.000000
32.000000 63.031224 11.723253 0.134655 1.946218 0.000000 0.000000 0.000000 1.000000 0.000000 0.000000
32.000000 63.037065 11.756522 0.121107 1.938121 0.000000 0.000000 0.000000 1.000000 0.000000 0.000000
32.000000 63.038126 11.777864 0.133174 1.908231 0.000000 0.000000 0.000000 1.000000 0.000000 0.000000
32.000000 63.041255 11.658949 0.131415 1.911806 0.000000 0.000000 0.000000 1.000000 0.000000 0.000000
32.000000 63.046981 11.675036 0.124851 1.911157 0.000000 0.000000 0.000000 1.000000 0.000000 0.000000
32.000000 63.047913 11.684548 0.131046 1.882147 0.000000 0.000000 0.000000 1.000000 0.000000 0.000000
32.000000 63.051307 11.587676 0.129481 1.881791 0.000000 0.000000 0.000000 1.000000 0.000000 0.000000
32.000000 63.057175 11.596723 0.125690 1.881409 0.000000 0.000000 0.000000 1.000000 0.000000 0.000000
32.000000 63.057946 11.609547 0.133646 1.852428 0.000000 0.000000 0.000000 1.000000 0.000000 0.000000
32.000000 63.061326 11.505893 0.132167 1.849940 0.000000 0.000000 0.000000 1.000000 0.000000 0.000000
32.000000 63.067211 11.517156 0.127451 1.846750 0.000000 0.000000 0.000000 1.000000 0.000000 0.000000
32.000000 63.068020 11.543091 0.141898 1.821552 0.000000 0.000000 0.000000 1.000000 0.000000 0.000000
32.000000 63.071302 11.425621 0.140412 1.822961 0.000000 0.000000 0.000000 1.000000 0.000000 0.000000
32.000000 63.077256 11.448264 0.130626 1.810719 0.000000 0.000000 0.000000 1.000000 0.000000 0.000000
32.000000 63.078020 11.458123 0.137385 1.780313 0.000000 0.000000 0.000000 1.000000 0.000000 0.000000
32.000000 63.081455 11.351132 0.135750 1.783211 0.000000 0.000000 0.000000 1.000000 0.000000 0.000000
32.000000 63.087262 11.366235 0.129089 1.776445 0.000000 0.000000 0.000000 1.000000 0.000000 0.000000
32.000000 63.087986 11.376820 0.136209 1.749263 0.000000 0.000000 0.000000 1.000000 0.000000 0.000000
32.000000 63.091463 11.284154 0.135007 1.749600 0.000000 0.000000 0.000000 1.000000 0.000000 0.000000
32.000000 63.097107 11.287847 0.132971 1.741773 0.000000 0.000000 0.000000 1.000000 0.000000 0.000000
32.000000 63.098012 11.294475 0.137987 1.715718 0.000000 0.000000 0.000000 1.000000 0.000000 0.000000
32.000000 63.101323 11.215300 0.136842 1.711624 0.000000 0.000000 0.000000 1.000000 0.000000 0.000000
32.000000 63.106992 11.211605 0.137963 1.706655 0.000000 0.000000 0.000000 1.000000 0.000000 0.000000
32.000000 63.107975 11.217206 0.142412 1.681347 0.000000 0.000000 0.000000 1.000000 0.000000 0.000000
32.000000 63.111263 11.128250 0.141043 1.680519 0.000000 0.000000 0.000000 1.000000 0.000000 0.000000
32.000000 63.117038 11.130289 0.139961 1.677959 0.000000 0.000000 0.000000 1.000000 0.000000 0.000000
32.000000 63.117985 11.136175 0.144786 1.648887 0.000000 0.000000 0.000000 1.000000 0.000000 0.000000
32.000000 63.121325 11.040528 0.143228 1.644356 0.000000 0.000000 0.000000 1.000000 0.000000 0.000000
32.000000 63.127013 11.048235 0.139460 1.636377 0.000000 0.000000 0.000000 1.000000 0.000000 0.000000
32.000000 63.127979 11.053997 0.144435 1.607325 0.000000 0.000000 0.000000 1.000000 0.000000 0.000000
32.000000 63.131269 10.972960 0.143255 1.599360 0.000000 0.000000 0.000000 1.000000 0.000000 0.000000
32.000000 63.137123 10.975703 0.141397 1.588499 0.000000 0.000000 0.000000 1.000000 0.000000 0.000000
32.000000 63.137988 10.988776 0.149986 1.563547 0.000000 0.000000 0.000000 1.000000 0.000000 0.000000
32.000000 63.141379 10.887655 0.148703 1.563984 0.000000 0.000000 0.000000 1.000000 0.000000 0.000000
32.000000 63.147063 10.900457 0.142405 1.548790 0.000000 0.000000 0.000000 1.000000 0.000000 0.000000
32.000000 63.147996 10.930550 0.160670 1.514102 0.000000 0.000000 0.000000 1.000000 0.000000 0.000000
32.000000 63.151331 10.790196 0.158605 1.525053 0.000000 0.000000 0.000000 1.000000 0.000000 0.000000
32.000000 63.157118 10.829849 0.141058 1.508811 0.000000 0.000000 0.000000 1.000000 0.000000 0.000000
32.000000 63.158010 10.863854 0.161712 1.472135 0.000000 0.000000 0.000000 1.000000 0.000000 0.000000
32.000000 63.161334 10.701774 0.159511 1.486298 0.000000 0.000000 0.000000 1.000000 0.000000 0.000000
32.000000 63.166985 10.749328 0.138645 1.468915 0.000000 0.000000 0.000000 1.000000 0.000000 0.000000
32.000000 63.168019 10.782913 0.159138 1.431601 0.000000 0.000000 0.000000 1.000000 0.000000 0.000000
32.000000 63.171257 10.643672 0.157030 1.439813 0.000000 0.000000 0.000000 1.000000 0.000000 0.000000
32.000000 63.177088 10.668252 0.145617 1.424842 0.000000 0.000000 0.000000 1.000000 0.000000 0.000000
32.000000 63.177985 10.689999 0.159949 1.390822 0.000000 0.000000 0.000000 1.000000 0.000000 0.000000
32.000000 63.181306 10.581927 0.158410 1.394267 0.000000 0.000000 0.000000 1.000000 0.000000 0.000000
32.000000 63.187056 10.599555 0.149932 1.379338 0.000000 0.000000 0.000000 1.000000 0.000000 0.000000
32.000000 63.188063 10.621768 0.164562 1.344884 0.000000 0.000000 0.000000 1.000000 0.000000 0.000000
32.000000 63.191235 10.502664 0.162791 1.348094 0.000000 0.000000 0.000000 1.000000 0.000000 0.000000
32.000000 63.197138 10.520325 0.154305 1.333710 0.000000 0.000000 0.000000 1.000000 0.000000 0.000000
32.000000 63.198012 10.533268 0.163739 1.304209 0.000000 0.000000 0.000000 1.000000 0.000000 0.000000
32.000000 63.201476 10.427754 0.162178 1.307194 0.000000 0.000000 0.000000 1.000000 0.000000 0.000000
32.000000 63.206994 10.441376 0.154939 1.288770 0.000000 0.000000 0.000000 1.000000 0.000000 0.000000
32.000000 63.207997 10.457872 0.166730 1.257103 0.000000 0.000000 0.000000 1.000000 0.000000 0.000000
32.000000 63.211320 10.347504 0.165291 1.261662 0.000000 0.000000 0.000000 1.000000 0.000000 0.000000
32.000000 63.217086 10.373207 0.152403 1.235475 0.000000 0.000000 0.000000 1.000000 0.000000 0.000000
32.000000 63.217992 10.393798 0.166678 1.202318 0.000000 0.000000 0.000000 1.000000 0.000000 0.000000
32.000000 63.221335 10.263169 0.165003 1.213960 0.000000 0.000000 0.000000 1.000000 0.000000 0.000000
32.000000 63.227188 10.283885 0.154900 1.196689 0.000000 0.000000 0.000000 1.000000 0.000000 0.000000
32.000000 63.227997 10.304495 0.168914 1.165173 0.000000 0.000000 0.000000 1.000000 0.000000 0.000000
32.000000 63.231282 10.199091 0.167326 1.167858 0.000000 0.000000 0.000000 1.000000 0.000000 0.000000
32.000000 63.237084 10.215739 0.158585 1.148073 0.000000 0.000000 0.000000 1.000000 0.000000 0.000000
32.000000 63.238065 10.244581 0.177633 1.113116 0.000000 0.000000 0.000000 1.000000 0.000000 0.000000
32.000000 63.241356 10.123391 0.175937 1.120961 0.000000 0.000000 0.000000 1.000000 0.000000 0.000000
32.000000 63.247064 10.139617 0.167352 1.100868 0.000000 0.000000 0.000000 1.000000 0.000000 0.000000
32.000000 63.248140 10.149561 0.175922 1.069702 0.000000 0.000000 0.000000 1.000000 0.000000 0.000000
32.000000 63.251318 10.047759 0.174444 1.070391 0.000000 0.000000 0.000000 1.000000 0.000000 0.000000
32.000000 63.257135 10.055357 0.169358 1.049462 0.000000 0.000000 0.000000 1.000000 0.000000 0.000000
32.000000 63.258166 10.065946 0.178480 1.018017 0.000000 0.000000 0.000000 1.000000 0.000000 0.000000
32.000000 63.261330 9.976418 0.177146 1.018552 0.000000 0.000000 0.000000 1.000000 0.000000 0.000000
32.000000 63.267093 9.986150 0.171181 0.998482 0.000000 0.000000 0.000000 1.000000 0.000000 0.000000
32.000000 63.268101 9.993559 0.178683 0.966587 0.000000 0.000000 0.000000 1.000000 0.000000 0.000000
32.000000 63.271306 9.896696 0.177208 0.967208 0.000000 0.000000 0.000000 1.000000 0.000000 0.000000
32.000000 63.277075 9.910177 0.169286 0.943924 0.000000 0.000000 0.000000 1.000000 0.000000 0.000000
32.000000 63.278033 9.928518 0.183134 0.910268 0.000000 0.000000 0.000000 1.000000 0.000000 0.000000
32.000000 63.281375 9.818838 0.181550 0.917407 0.000000 0.000000 0.000000 1.000000 0.000000 0.000000
32.000000 63.287040 9.831944 0.173545 0.892450 0.000000 0.000000 0.000000 1.000000 0.000000 0.000000
32.000000 63.288064 9.847548 0.186100 0.858818 0.000000 0.000000 0.000000 1.000000 0.000000 0.000000
32.000000 63.291287 9.745196 0.184577 0.867093 0.000000 0.000000 0.000000 1.000000 0.000000 0.000000
32.000000 63.297143 9.760316 0.175307 0.839275 0.000000 0.000000 0.000000 1.000000 0.000000 0.000000
32.000000 63.298036 9.776094 0.188429 0.803720 0.000000 0.000000 0.000000 1.000000 0.000000 0.000000
32.000000 63.301395 9.669136 0.187009 0.811254 0.000000 0.000000 0.000000 1.000000 0.000000 0.000000
32.000000 63.307098 9.689364 0.175331 0.780588 0.000000 0.000000 0.000000 1.000000 0.000000 0.000000
32.000000 63.308107 9.704354 0.187638 0.748812 0.000000 0.000000 0.000000 1.000000 0.000000 0.000000
32.000000 63.311247 9.602567 0.186324 0.755856 0.000000 0.000000 0.000000 1.000000 0.000000 0.000000
32.000000 63.317286 9.617777 0.176707 0.725210 0.000000 0.000000 0.000000 1.000000 0.000000 0.000000
32.000000 63.318044 9.635233 0.190718 0.691698 0.000000 0.000000 0.000000 1.000000 0.000000 0.000000
32.000000 63.321402 9.519774 0.189221 0.701513 0.000000 0.000000 0.000000 1.000000 0.000000 0.000000
32.000000 63.327049 9.539199 0.177677 0.670130 0.000000 0.000000 0.000000 1.000000 0.000000 0.000000
32.000000 63.328197 9.556523 0.191686 0.636625 0.000000 0.000000 0.000000 1.000000 0.000000 0.000000
32.000000 63.331268 9.454569 0.190230 0.644753 0.000000 0.000000 0.000000 1.000000 0.000000 0.000000
32.000000 63.337196 9.467295 0.181342 0.613184 0.000000 0.000000 0.000000 1.000000 0.000000 0.000000
32.000000 63.338080 9.471024 0.187897 0.581622 0.000000 0.000000 0.000000 1.000000 0.000000 0.000000
32.000000 63.341514 9.388504 0.186911 0.584511 0.000000 0.000000 0.000000 1.000000 0.000000 0.000000
32.000000 63.347123 9.389830 0.183074 0.554265 0.000000 0.000000 0.000000 1.000000 0.000000 0.000000
32.000000 63.348222 9.405723 0.196732 0.520426 0.000000 0.000000 0.000000 1.000000 0.000000 0.000000
32.000000 63.351256 9.296930 0.195314 0.530625 0.000000 0.000000 0.000000 1.000000 0.000000 0.000000
32.000000 63.357187 9.310865 0.185446 0.495748 0.000000 0.000000 0.000000 1.000000 0.000000 0.000000
32.000000 63.358239 9.318318 0.194275 0.464379 0.000000 0.000000 0.000000 1.000000 0.000000 0.000000
32.000000 63.361421 9.232715 0.193239 0.469560 0.000000 0.000000 0.000000 1.000000 0.000000 0.000000
32.000000 63.367099 9.241533 0.185616 0.435724 0.000000 0.000000 0.000000 1.000000 0.000000 0.000000
32.000000 63.368242 9.248660 0.194402 0.404102 0.000000 0.000000 0.000000 1.000000 0.000000 0.000000
32.000000 63.371280 9.164010 0.193381 0.408547 0.000000 0.000000 0.000000 1.000000 0.000000 0.000000
32.000000 63.377221 9.171277 0.186102 0.372695 0.000000 0.000000 0.000000 1.000000 0.000000 0.000000
32.000000 63.378112 9.187333 0.200311 0.339539 0.000000 0.000000 0.000000 1.000000 0.000000 0.000000
32.000000 63.381419 9.087598 0.199225 0.348867 0.000000 0.000000 0.000000 1.000000 0.000000 0.000000
32.000000 63.387218 9.096839 0.190844 0.310965 0.000000 0.000000 0.000000 1.000000 0.000000 0.000000
32.000000 63.388079 9.104808 0.200117 0.281228 0.000000 0.000000 0.000000 1.000000 0.000000 0.000000
32.000000 63.391299 9.019834 0.199205 0.286751 0.000000 0.000000 0.000000 1.000000 0.000000 0.000000
32.000000 63.397257 9.025207 0.192172 0.247290 0.000000 0.000000 0.000000 1.000000 0.000000 0.000000
32.000000 63.398137 9.032059 0.201176 0.216829 0.000000 0.000000 0.000000 1.000000 0.000000 0.000000
32.000000 63.401465 8.950651 0.200432 0.222145 0.000000 0.000000 0.000000 1.000000 0.000000 0.000000
32.000000 63.407121 8.950802 0.195889 0.184758 0.000000 0.000000 0.000000 1.000000 0.000000 0.000000
32.000000 63.408103 8.957125 0.204376 0.155984 0.000000 0.000000 0.000000 1.000000 0.000000 0.000000
32.000000 63.411351 8.867246 0.203514 0.161997 0.000000 0.000000 0.000000 1.000000 0.000000 0.000000
32.000000 63.417181 8.875570 0.194613 0.118848 0.000000 0.000000 0.000000 1.000000 0.000000 0.000000
32.000000 63.418051 8.876654 0.199953 0.092624 0.000000 0.000000 0.000000 1.000000 0.000000 0.000000
32.000000 63.421421 8.811439 0.199467 0.096270 0.000000 0.000000 0.000000 1.000000 0.000000 0.000000
32.000000 63.427107 8.806944 0.196180 0.054916 0.000000 0.000000 0.000000 1.000000 0.000000 0.000000
32.000000 63.428182 8.809477 0.203512 0.022849 0.000000 0.000000 0.000000 1.000000 0.000000 0.000000
32.000000 63.431448 8.747023 0.203042 0.025380 0.000000 0.000000 0.000000 1.000000 0.000000 0.000000
32.000000 63.437116 8.745810 0.202212 0.011872 0.000000 0.000000 0.000000 1.000000 0.000000 0.000000
32.000000 63.438132 8.752560 0.205602 0.014680 0.000000 0.000000 0.000000 1.000000 0.000000 0.000000
32.000000 63.441661 8.710347 0.204781 0.039280 0.000000 0.000000 0.000000 1.000000 0.000000 0.000000
32.000000 63.447150 8.703163 0.210199 0.057523 0.000000 0.000000 0.000000 1.000000 0.000000 0.000000
32.000000 63.448092 8.710733 0.212617 0.068282 0.000000 0.000000 0.000000 1.000000 0.000000 0.000000
32.000000 63.451382 8.652515 0.211626 0.096192 0.000000 0.000000 0.000000 1.000000 0.000000 0.000000
32.000000 63.457180 8.659596 0.210506 0.111270 0.000000 0.000000 0.000000 1.000000 0.000000 0.000000
32.000000 63.458068 8.675049 0.217782 0.119095 0.000000 0.000000 0.000000 1.000000 0.000000 0.000000
32.000000 63.461452 8.591197 0.216363 0.147893 0.000000 0.000000 0.000000 1.000000 0.000000 0.000000
32.000000 63.467174 8.611216 0.209232 0.159608 0.000000 0.000000 0.000000 1.000000 0.000000 0.000000
32.000000 63.468133 8.628139 0.216639 0.171713 0.000000 0.000000 0.000000 1.000000 0.000000 0.000000
32.000000 63.471381 8.571042 0.215579 0.195295 0.000000 0.000000 0.000000 1.000000 0.000000 0.000000
32.000000 63.477369 8.577578 0.214682 0.210395 0.000000 0.000000 0.000000 1.000000 0.000000 0.000000
32.000000 63.478261 8.586200 0.217708 0.220726 0.000000 0.000000 0.000000 1.000000 0.000000 0.000000
32.000000 63.481474 8.522267 0.216404 0.247911 0.000000 0.000000 0.000000 1.000000 0.000000 0.000000
32.000000 63.487171 8.526830 0.216351 0.263873 0.000000 0.000000 0.000000 1.000000 0.000000 0.000000
32.000000 63.488162 8.541323 0.223378 0.271072 0.000000 0.000000 0.000000 1.000000 0.000000 0.000000
32.000000 63.491498 8.479138 0.222151 0.297592 0.000000 0.000000 0.000000 1.000000 0.000000 0.000000
32.000000 63.497321 8.488824 0.219532 0.311159 0.000000 0.000000 0.000000 1.000000 0.000000 0.000000
32.000000 63.498156 8.505078 0.227846 0.316776 0.000000 0.000000 0.000000 1.000000 0.000000 0.000000
32.000000 63.501686 8.420849 0.226194 0.348228 0.000000 0.000000 0.000000 1.000000 0.000000 0.000000
32.000000 63.507134 8.439398 0.219278 0.359361 0.000000 0.000000 0.000000 1.000000 0.000000 0.000000
32.000000 63.508218 8.459399 0.229923 0.364302 0.000000 0.000000 0.000000 1.000000 0.000000 0.000000
32.000000 63.511354 8.380177 0.228369 0.393276 0.000000 0.000000 0.000000 1.000000 0.000000 0.000000
32.000000 63.517204 8.400970 0.220546 0.405066 0.000000 0.000000 0.000000 1.000000 0.000000 0.000000
32.000000 63.518222 8.409761 0.224076 0.413247 0.000000 0.000000 0.000000 1.000000 0.000000 0.000000
32.000000 63.521661 8.360706 0.222945 0.431899 0.000000 0.000000 0.000000 1.000000 0.000000 0.000000
32.000000 63.527336 8.360080 0.225594 0.450687 0.000000 0.000000 0.000000 1.000000 0.000000 0.000000
32.000000 63.528140 8.369712 0.229923 0.457203 0.000000 0.000000 0.000000 1.000000 0.000000 0.000000
32.000000 63.531384 8.319052 0.228710 0.476298 0.000000 0.000000 0.000000 1.000000 0.000000 0.000000
32.000000 63.537453 8.319697 0.230576 0.493832 0.000000 0.000000 0.000000 1.000000 0.000000 0.000000
32.000000 63.538221 8.329045 0.235225 0.497444 0.000000 0.000000 0.000000 1.000000 0.000000 0.000000
32.000000 63.541621 8.257831 0.233550 0.521801 0.000000 0.000000 0.000000 1.000000 0.000000 0.000000
32.000000 63.547140 8.271468 0.229467 0.538990 0.000000 0.000000 0.000000 1.000000 0.000000 0.000000
32.000000 63.548232 8.283360 0.235294 0.544535 0.000000 0.000000 0.000000 1.000000 0.000000 0.000000
32.000000 63.551627 8.224918 0.233891 0.563614 0.000000 0.000000 0.000000 1.000000 0.000000 0.000000
32.000000 63.557349 8.231571 0.232771 0.579199 0.000000 0.000000 0.000000 1.000000 0.000000 0.000000
32.000000 63.558154 8.239743 0.236459 0.584928 0.000000 0.000000 0.000000 1.000000 0.000000 0.000000
32.000000 63.561564 8.190086 0.235288 0.601744 0.000000 0.000000 0.000000 1.000000 0.000000 0.000000
32.000000 63.567276 8.191195 0.237090 0.619947 0.000000 0.000000 0.000000 1.000000 0.000000 0.000000
32.000000 63.568211 8.208592 0.246967 0.620861 0.000000 0.000000 0.000000 1.000000 0.000000 0.000000
32.000000 63.571445 8.122339 0.244804 0.648292 0.000000 0.000000 0.000000 1.000000 0.000000 0.000000
32.000000 63.577397 8.145805 0.235494 0.661452 0.000000 0.000000 0.000000 1.000000 0.000000 0.000000
32.000000 63.578232 8.167194 0.248357 0.659297 0.000000 0.000000 0.000000 1.000000 0.000000 0.000000
32.000000 63.581513 8.097573 0.246610 0.680024 0.000000 0.000000 0.000000 1.000000 0.000000 0.000000
32.000000 63.587361 8.108825 0.243371 0.696047 0.000000 0.000000 0.000000 1.000000 0.000000 0.000000
32.000000 63.588202 8.115375 0.246060 0.702042 0.000000 0.000000 0.000000 1.000000 0.000000 0.000000
32.000000 63.591461 8.053429 0.244583 0.720664 0.000000 0.000000 0.000000 1.000000 0.000000 0.000000
32.000000 63.597391 8.064575 0.241273 0.735429 0.000000 0.000000 0.000000 1.000000 0.000000 0.000000
32.000000 63.598447 8.080246 0.250157 0.736962 0.000000 0.000000 0.000000 1.000000 0.000000 0.000000
32.000000 63.601635 8.011042 0.248398 0.757095 0.000000 0.000000 0.000000 1.000000 0.000000 0.000000
32.000000 63.607408 8.021104 0.245712 0.773502 0.000000 0.000000 0.000000 1.000000 0.000000 0.000000
32.000000 63.608186 8.039469 0.256588 0.773009 0.000000 0.000000 0.000000 1.000000 0.000000 0.000000
32.000000 63.611505 7.966924 0.254721 0.792831 0.000000 0.000000 0.000000 1.000000 0.000000 0.000000
32.000000 63.617541 7.982856 0.248796 0.805490 0.000000 0.000000 0.000000 1.000000 0.000000 0.000000
32.000000 63.618173 7.996569 0.256729 0.806324 0.000000 0.000000 0.000000 1.000000 0.000000 0.000000
32.000000 63.621587 7.922450 0.254855 0.828463 0.000000 0.000000 0.000000 1.000000 0.000000 0.000000
32.000000 63.627407 7.935348 0.250598 0.843365 0.000000 0.000000 0.000000 1.000000 0.000000 0.000000
32.000000 63.628429 7.943199 0.254947 0.843815 0.000000 0.000000 0.000000 1.000000 0.000000 0.000000
32.000000 63.631653 7.888780 0.253327 0.858778 0.000000 0.000000 0.000000 1.000000 0.000000 0.000000
32.000000 63.637296 7.890204 0.254717 0.876499 0.000000 0.000000 0.000000 1.000000 0.000000 0.000000
32.000000 63.638279 7.897006 0.258395 0.877813 0.000000 0.000000 0.000000 1.000000 0.000000 0.000000
32.000000 63.641462 7.844516 0.256935 0.892759 0.000000 0.000000 0.000000 1.000000 0.000000 0.000000
32.000000 63.647184 7.851326 0.255336 0.906493 0.000000 0.000000 0.000000 1.000000 0.000000 0.000000
32.000000 63.648352 7.861815 0.261579 0.906170 0.000000 0.000000 0.000000 1.000000 0.000000 0.000000
32.000000 63.651588 7.802582 0.259954 0.923336 0.000000 0.000000 0.000000 1.000000 0.000000 0.000000
32.000000 63.657284 7.811651 0.257328 0.937550 0.000000 0.000000 0.000000 1.000000 0.000000 0.000000
32.000000 63.658367 7.826357 0.266533 0.934854 0.000000 0.000000 0.000000 1.000000 0.000000 0.000000
32.000000 63.661773 7.765117 0.264780 0.951045 0.000000 0.000000 0.000000 1.000000 0.000000 0.000000
32.000000 63.667253 7.772671 0.263196 0.967874 0.000000 0.000000 0.000000 1.000000 0.000000 0.000000
32.000000 63.668417 7.782745 0.269002 0.968499 0.000000 0.000000 0.000000 1.000000 0.000000 0.000000
32.000000 63.671707 7.713511 0.267176 0.984273 0.000000 0.000000 0.000000 1.000000 0.000000 0.000000
32.000000 63.677294 7.724931 0.263463 0.998127 0.000000 0.000000 0.000000 1.000000 0.000000 0.000000
32.000000 63.678452 7.743424 0.275021 0.995544 0.000000 0.000000 0.000000 1.000000 0.000000 0.000000
32.000000 63.681719 7.655587 0.272604 1.017775 0.000000 0.000000 0.000000 1.000000 0.000000 0.000000
32.000000 63.687210 7.677847 0.263205 1.028923 0.000000 0.000000 0.000000 1.000000 0.000000 0.000000
32.000000 63.688275 7.683312 0.266529 1.027169 0.000000 0.000000 0.000000 1.000000 0.000000 0.000000
32.000000 63.691558 7.647405 0.265266 1.034325 0.000000 0.000000 0.000000 1.000000 0.000000 0.000000
32.000000 63.697320 7.644728 0.268614 1.051777 0.000000 0.000000 0.000000 1.000000 0.000000 0.000000
32.000000 63.698324 7.652372 0.273433 1.049280 0.000000 0.000000 0.000000 1.000000 0.000000 0.000000
32.000000 63.701700 7.610149 0.272010 1.057846 0.000000 0.000000 0.000000 1.000000 0.000000 0.000000
32.000000 63.707287 7.608412 0.274942 1.075524 0.000000 0.000000 0.000000 1.000000 0.000000 0.000000
32.000000 63.708490 7.623626 0.284790 1.071652 0.000000 0.000000 0.000000 1.000000 0.000000 0.000000
32.000000 63.711654 7.533312 0.282343 1.091492 0.000000 0.000000 0.000000 1.000000 0.000000 0.000000
32.000000 63.717315 7.550429 0.275522 1.103283 0.000000 0.000000 0.000000 1.000000 0.000000 0.000000
32.000000 63.718469 7.555004 0.278160 1.102128 0.000000 0.000000 0.000000 1.000000 0.000000 0.000000
32.000000 63.721612 7.498692 0.276381 1.113087 0.000000 0.000000 0.000000 1.000000 0.000000 0.000000
32.000000 63.727257 7.516643 0.269543 1.128460 0.000000 0.000000 0.000000 1.000000 0.000000 0.000000
32.000000 63.728292 7.537469 0.283159 1.122950 0.000000 0.000000 0.000000 1.000000 0.000000 0.000000
32.000000 63.731477 7.477064 0.281228 1.132733 0.000000 0.000000 0.000000 1.000000 0.000000 0.000000
32.000000 63.737403 7.483814 0.279788 1.148144 0.000000 0.000000 0.000000 1.000000 0.000000 0.000000
32.000000 63.738421 7.492005 0.284838 1.146814 0.000000 0.000000 0.000000 1.000000 0.000000 0.000000
32.000000 63.741711 7.418807 0.282825 1.160125 0.000000 0.000000 0.000000 1.000000 0.000000 0.000000
32.000000 63.747316 7.434241 0.276657 1.170745 0.000000 0.000000 0.000000 1.000000 0.000000 0.000000
32.000000 63.748267 7.451933 0.288300 1.166157 0.000000 0.000000 0.000000 1.000000 0.000000 0.000000
32.000000 63.751562 7.381159 0.286137 1.181143 0.000000 0.000000 0.000000 1.000000 0.000000 0.000000
32.000000 63.757405 7.390947 0.282764 1.193592 0.000000 0.000000 0.000000 1.000000 0.000000 0.000000
32.000000 63.758348 7.404899 0.292640 1.185410 0.000000 0.000000 0.000000 1.000000 0.000000 0.000000
32.000000 63.761581 7.345375 0.290672 1.196597 0.000000 0.000000 0.000000 1.000000 0.000000 0.000000
32.000000 63.767288 7.351500 0.289493 1.212172 0.000000 0.000000 0.000000 1.000000 0.000000 0.000000
32.000000 63.768278 7.359326 0.294971 1.206543 0.000000 0.000000 0.000000 1.000000 0.000000 0.000000
32.000000 63.771588 7.299874 0.292927 1.217447 0.000000 0.000000 0.000000 1.000000 0.000000 0.000000
32.000000 63.777354 7.311772 0.288375 1.229360 0.000000 0.000000 0.000000 1.000000 0.000000 0.000000
32.000000 63.778368 7.314662 0.290801 1.223341 0.000000 0.000000 0.000000 1.000000 0.000000 0.000000
32.000000 63.781633 7.275859 0.289286 1.229839 0.000000 0.000000 0.000000 1.000000 0.000000 0.000000
32.000000 63.787330 7.272028 0.293113 1.246714 0.000000 0.000000 0.000000 1.000000 0.000000 0.000000
32.000000 63.788295 7.276709 0.296415 1.242817 0.000000 0.000000 0.000000 1.000000 0.000000 0.000000
32.000000 63.791483 7.213996 0.294443 1.255396 0.000000 0.000000 0.000000 1.000000 0.000000 0.000000
32.000000 63.797351 7.220114 0.292719 1.266760 0.000000 0.000000 0.000000 1.000000 0.000000 0.000000
32.000000 63.798357 7.222517 0.294968 1.259809 0.000000 0.000000 0.000000 1.000000 0.000000 0.000000
32.000000 63.801630 7.187470 0.293538 1.263301 0.000000 0.000000 0.000000 1.000000 0.000000 0.000000
32.000000 63.807294 7.181823 0.298464 1.281134 0.000000 0.000000 0.000000 1.000000 0.000000 0.000000
32.000000 63.808269 7.185629 0.301753 1.272637 0.000000 0.000000 0.000000 1.000000 0.000000 0.000000
32.000000 63.811502 7.127516 0.299572 1.280683 0.000000 0.000000 0.000000 1.000000 0.000000 0.000000
32.000000 63.817375 7.138026 0.295980 1.295311 0.000000 0.000000 0.000000 1.000000 0.000000 0.000000
32.000000 63.818344 7.148667 0.303700 1.288164 0.000000 0.000000 0.000000 1.000000 0.000000 0.000000
32.000000 63.821632 7.087672 0.301656 1.298069 0.000000 0.000000 0.000000 1.000000 0.000000 0.000000
32.000000 63.827260 7.096624 0.298814 1.311672 0.000000 0.000000 0.000000 1.000000 0.000000 0.000000
32.000000 63.828382 7.104801 0.305116 1.302536 0.000000 0.000000 0.000000 1.000000 0.000000 0.000000
32.000000 63.831732 7.054497 0.303135 1.307712 0.000000 0.000000 0.000000 1.000000 0.000000 0.000000
32.000000 63.837356 7.061540 0.301567 1.324355 0.000000 0.000000 0.000000 1.000000 0.000000 0.000000
32.000000 63.838377 7.069900 0.308382 1.312209 0.000000 0.000000 0.000000 1.000000 0.000000 0.000000
32.000000 63.841825 7.011868 0.306045 1.317218 0.000000 0.000000 0.000000 1.000000 0.000000 0.000000
32.000000 63.847282 7.020858 0.303147 1.331760 0.000000 0.000000 0.000000 1.000000 0.000000 0.000000
32.000000 63.848430 7.028433 0.309363 1.321303 0.000000 0.000000 0.000000 1.000000 0.000000 0.000000
32.000000 63.851523 6.981497 0.307532 1.324798 0.000000 0.000000 0.000000 1.000000 0.000000 0.000000
32.000000 63.857376 6.977736 0.311480 1.341751 0.000000 0.000000 0.000000 1.000000 0.000000 0.000000
32.000000 63.858465 6.983617 0.316328 1.332553 0.000000 0.000000 0.000000 1.000000 0.000000 0.000000
32.000000 63.861759 6.926047 0.314118 1.339070 0.000000 0.000000 0.000000 1.000000 0.000000 0.000000
32.000000 63.867354 6.928878 0.314343 1.353394 0.000000 0.000000 0.000000 1.000000 0.000000 0.000000
32.000000 63.868294 6.926036 0.313151 1.345840 0.000000 0.000000 0.000000 1.000000 0.000000 0.000000
32.000000 63.871518 6.884536 0.311441 1.348301 0.000000 0.000000 0.000000 1.000000 0.000000 0.000000
32.000000 63.877442 6.886943 0.311686 1.360846 0.000000 0.000000 0.000000 1.000000 0.000000 0.000000
32.000000 63.878340 6.884887 0.311022 1.353581 0.000000 0.000000 0.000000 1.000000 0.000000 0.000000
32.000000 63.881628 6.865960 0.309899 1.351930 0.000000 0.000000 0.000000 1.000000 0.000000 0.000000
32.000000 63.887339 6.862173 0.313235 1.364411 0.000000 0.000000 0.000000 1.000000 0.000000 0.000000
32.000000 63.888367 6.874377 0.323213 1.351374 0.000000 0.000000 0.000000 1.000000 0.000000 0.000000
32.000000 63.891553 6.813405 0.321038 1.359762 0.000000 0.000000 0.000000 1.000000 0.000000 0.000000
32.000000 63.897425 6.816432 0.320758 1.370491 0.000000 0.000000 0.000000 1.000000 0.000000 0.000000
32.000000 63.898367 6.820746 0.324849 1.360680 0.000000 0.000000 0.000000 1.000000 0.000000 0.000000
32.000000 63.901811 6.762137 0.322714 1.367770 0.000000 0.000000 0.000000 1.000000 0.000000 0.000000
32.000000 63.907341 6.763605 0.323285 1.378866 0.000000 0.000000 0.000000 1.000000 0.000000 0.000000
32.000000 63.908526 6.766075 0.326081 1.369363 0.000000 0.000000 0.000000 1.000000 0.000000 0.000000
32.000000 63.911477 6.732588 0.324549 1.370879 0.000000 0.000000 0.000000 1.000000 0.000000 0.000000
32.000000 63.917430 6.738316 0.322900 1.381975 0.000000 0.000000 0.000000 1.000000 0.000000 0.000000
32.000000 63.918350 6.743158 0.327766 1.369406 0.000000 0.000000 0.000000 1.000000 0.000000 0.000000
32.000000 63.921632 6.686221 0.325517 1.375129 0.000000 0.000000 0.000000 1.000000 0.000000 0.000000
32.000000 63.927307 6.689940 0.324683 1.384906 0.000000 0.000000 0.000000 1.000000 0.000000 0.000000
32.000000 63.928481 6.702070 0.334766 1.372100 0.000000 0.000000 0.000000 1.000000 0.000000 0.000000
32.000000 63.931593 6.642805 0.332656 1.379251 0.000000 0.000000 0.000000 1.000000 0.000000 0.000000
32.000000 63.937441 6.650140 0.329473 1.384503 0.000000 0.000000 0.000000 1.000000 0.000000 0.000000
32.000000 63.938520 6.649642 0.330374 1.374910 0.000000 0.000000 0.000000 1.000000 0.000000 0.000000
32.000000 63.941639 6.621745 0.329093 1.374835 0.000000 0.000000 0.000000 1.000000 0.000000 0.000000
32.000000 63.947313 6.607258 0.337748 1.384974 0.000000 0.000000 0.000000 1.000000 0.000000 0.000000
32.000000 63.948558 6.603668 0.336919 1.373172 0.000000 0.000000 0.000000 1.000000 0.000000 0.000000
32.000000 63.951603 6.560238 0.335111 1.377814 0.000000 0.000000 0.000000 1.000000 0.000000 0.000000
32.000000 63.957333 6.568664 0.331465 1.384596 0.000000 0.000000 0.000000 1.000000 0.000000 0.000000
32.000000 63.958387 6.582983 0.343386 1.370727 0.000000 0.000000 0.000000 1.000000 0.000000 0.000000
32.000000 63.961634 6.515820 0.340943 1.382088 0.000000 0.000000 0.000000 1.000000 0.000000 0.000000
32.000000 63.967321 6.530407 0.333494 1.384365 0.000000 0.000000 0.000000 1.000000 0.000000 0.000000
32.000000 63.968403 6.535453 0.338833 1.371952 0.000000 0.000000 0.000000 1.000000 0.000000 0.000000
32.000000 63.971583 6.489867 0.337071 1.377599 0.000000 0.000000 0.000000 1.000000 0.000000 0.000000
32.000000 63.977427 6.490428 0.337372 1.383140 0.000000 0.000000 0.000000 1.000000 0.000000 0.000000
32.000000 63.978440 6.493152 0.341446 1.368305 0.000000 0.000000 0.000000 1.000000 0.000000 0.000000
32.000000 63.981806 6.446589 0.339548 1.371355 0.000000 0.000000 0.000000 1.000000 0.000000 0.000000
32.000000 63.987325 6.444854 0.341391 1.379321 0.000000 0.000000 0.000000 1.000000 0.000000 0.000000
32.000000 63.988376 6.444853 0.343248 1.366134 0.000000 0.000000 0.000000 1.000000 0.000000 0.000000
32.000000 63.991607 6.412317 0.341672 1.366025 0.000000 0.000000 0.000000 1.000000 0.000000 0.000000
32.000000 63.997443 6.401419 0.348410 1.375265 0.000000 0.000000 0.000000 1.000000 0.000000 0.000000
32.000000 63.998315 6.400444 0.349747 1.361905 0.000000 0.000000 0.000000 1.000000 0.000000 0.000000
32.000000 64.001727 6.357022 0.347935 1.365756 0.000000 0.000000 0.000000 1.000000 0.000000 0.000000
32.000000 64.007385 6.363743 0.344938 1.370716 0.000000 0.000000 0.000000 1.000000 0.000000 0.000000
32.000000 64.008330 6.370021 0.351486 1.356440 0.000000 0.000000 0.000000 1.000000 0.000000 0.000000
32.000000 64.011627 6.317971 0.349440 1.360641 0.000000 0.000000 0.000000 1.000000 0.000000 0.000000
32.000000 64.017493 6.323744 0.346859 1.364711 0.000000 0.000000 0.000000 1.000000 0.000000 0.000000
32.000000 64.018334 6.324114 0.349204 1.350518 0.000000 0.000000 0.000000 1.000000 0.000000 0.000000
32.000000 64.021711 6.293122 0.347673 1.348922 0.000000 0.000000 0.000000 1.000000 0.000000 0.000000
32.000000 64.027427 6.284315 0.353399 1.358013 0.000000 0.000000 0.000000 1.000000 0.000000 0.000000
32.000000 64.028363 6.272619 0.346648 1.347277 0.000000 0.000000 0.000000 1.000000 0.000000 0.000000
32.000000 64.031614 6.257650 0.345687 1.340190 0.000000 0.000000 0.000000 1.000000 0.000000 0.000000
32.000000 64.037387 6.240968 0.355688 1.349539 0.000000 0.000000 0.000000 1.000000 0.000000 0.000000
32.000000 64.038349 6.237486 0.355094 1.337070 0.000000 0.000000 0.000000 1.000000 0.000000 0.000000
32.000000 64.041711 6.204618 0.353574 1.336429 0.000000 0.000000 0.000000 1.000000 0.000000 0.000000
32.000000 64.047358 6.195998 0.359208 1.344933 0.000000 0.000000 0.000000 1.000000 0.000000 0.000000
32.000000 64.048385 6.188834 0.355858 1.332931 0.000000 0.000000 0.000000 1.000000 0.000000 0.000000
32.000000 64.051672 6.173962 0.354880 1.325033 0.000000 0.000000 0.000000 1.000000 0.000000 0.000000
32.000000 64.057469 6.167905 0.359095 1.332697 0.000000 0.000000 0.000000 1.000000 0.000000 0.000000
32.000000 64.058662 6.161546 0.356490 1.319382 0.000000 0.000000 0.000000 1.000000 0.000000 0.000000
32.000000 64.061716 6.139375 0.355258 1.310975 0.000000 0.000000 0.000000 1.000000 0.000000 0.000000
32.000000 64.067337 6.125859 0.363565 1.319371 0.000000 0.000000 0.000000 1.000000 0.000000 0.000000
32.000000 64.068502 6.117637 0.359593 1.306500 0.000000 0.000000 0.000000 1.000000 0.000000 0.000000
32.000000 64.071675 6.085851 0.357988 1.303615 0.000000 0.000000 0.000000 1.000000 0.000000 0.000000
32.000000 64.077578 6.081187 0.361317 1.310546 0.000000 0.000000 0.000000 1.000000 0.000000 0.000000
32.000000 64.078428 6.082056 0.364532 1.294271 0.000000 0.000000 0.000000 1.000000 0.000000 0.000000
32.000000 64.081797 6.048516 0.362933 1.290562 0.000000 0.000000 0.000000 1.000000 0.000000 0.000000
32.000000 64.087511 6.040585 0.367969 1.296773 0.000000 0.000000 0.000000 1.000000 0.000000 0.000000
32.000000 64.088344 6.033809 0.365467 1.281626 0.000000 0.000000 0.000000 1.000000 0.000000 0.000000
32.000000 64.091718 6.015006 0.364192 1.275139 0.000000 0.000000 0.000000 1.000000 0.000000 0.000000
32.000000 64.097518 5.997244 0.374553 1.282672 0.000000 0.000000 0.000000 1.000000 0.000000 0.000000
32.000000 64.098416 5.983564 0.366868 1.269811 0.000000 0.000000 0.000000 1.000000 0.000000 0.000000
32.000000 64.101960 5.970904 0.366038 1.262670 0.000000 0.000000 0.000000 1.000000 0.000000 0.000000
32.000000 64.107514 5.955924 0.374626 1.267215 0.000000 0.000000 0.000000 1.000000 0.000000 0.000000
32.000000 64.108350 5.946097 0.369827 1.253608 0.000000 0.000000 0.000000 1.000000 0.000000 0.000000
32.000000 64.112000 5.932735 0.368949 1.246065 0.000000 0.000000 0.000000 1.000000 0.000000 0.000000
32.000000 64.117579 5.920410 0.375857 1.248845 0.000000 0.000000 0.000000 1.000000 0.000000 0.000000
32.000000 64.118436 5.908801 0.369542 1.236864 0.000000 0.000000 0.000000 1.000000 0.000000 0.000000
32.000000 64.121831 5.898254 0.368907 1.228194 0.000000 0.000000 0.000000 1.000000 0.000000 0.000000
32.000000 64.127537 5.883591 0.376822 1.228725 0.000000 0.000000 0.000000 1.000000 0.000000 0.000000
32.000000 64.128731 5.879075 0.376172 1.214301 0.000000 0.000000 0.000000 1.000000 0.000000 0.000000
32.000000 64.131842 5.851888 0.374892 1.213294 0.000000 0.000000 0.000000 1.000000 0.000000 0.000000
32.000000 64.137559 5.839409 0.381462 1.213306 0.000000 0.000000 0.000000 1.000000 0.000000 0.000000
32.000000 64.138422 5.832821 0.379927 1.195921 0.000000 0.000000 0.000000 1.000000 0.000000 0.000000
32.000000 64.141940 5.803612 0.378483 1.195509 0.000000 0.000000 0.000000 1.000000 0.000000 0.000000
32.000000 64.147422 5.796172 0.382174 1.194691 0.000000 0.000000 0.000000 1.000000 0.000000 0.000000
32.000000 64.148477 5.790984 0.381061 1.181131 0.000000 0.000000 0.000000 1.000000 0.000000 0.000000
32.000000 64.151825 5.776592 0.380378 1.177472 0.000000 0.000000 0.000000 1.000000 0.000000 0.000000
32.000000 64.157547 5.761837 0.387638 1.173485 0.000000 0.000000 0.000000 1.000000 0.000000 0.000000
32.000000 64.158401 5.745562 0.378423 1.159997 0.000000 0.000000 0.000000 1.000000 0.000000 0.000000
32.000000 64.161734 5.739120 0.377946 1.153096 0.000000 0.000000 0.000000 1.000000 0.000000 0.000000
32.000000 64.167443 5.718166 0.389186 1.153072 0.000000 0.000000 0.000000 1.000000 0.000000 0.000000
32.000000 64.168448 5.704923 0.382256 1.138989 0.000000 0.000000 0.000000 1.000000 0.000000 0.000000
32.000000 64.171830 5.691346 0.381506 1.133266 0.000000 0.000000 0.000000 1.000000 0.000000 0.000000
32.000000 64.177446 5.676654 0.388988 1.130831 0.000000 0.000000 0.000000 1.000000 0.000000 0.000000
32.000000 64.178440 5.667441 0.385234 1.115957 0.000000 0.000000 0.000000 1.000000 0.000000 0.000000
32.000000 64.181735 5.656603 0.384618 1.109846 0.000000 0.000000 0.000000 1.000000 0.000000 0.000000
32.000000 64.187455 5.642330 0.391710 1.106278 0.000000 0.000000 0.000000 1.000000 0.000000 0.000000
32.000000 64.188447 5.631575 0.386563 1.093002 0.000000 0.000000 0.000000 1.000000 0.000000 0.000000
32.000000 64.191694 5.629248 0.386294 1.085513 0.000000 0.000000 0.000000 1.000000 0.000000 0.000000
32.000000 64.197554 5.606859 0.397883 1.082500 0.000000 0.000000 0.000000 1.000000 0.000000 0.000000
32.000000 64.198417 5.593227 0.390841 1.068452 0.000000 0.000000 0.000000 1.000000 0.000000 0.000000
32.000000 64.201791 5.567283 0.389788 1.067480 0.000000 0.000000 0.000000 1.000000 0.000000 0.000000
32.000000 64.207453 5.561073 0.391733 1.058957 0.000000 0.000000 0.000000 1.000000 0.000000 0.000000
32.000000 64.208468 5.560985 0.395642 1.040419 0.000000 0.000000 0.000000 1.000000 0.000000 0.000000
32.000000 64.211686 5.534148 0.394514 1.039275 0.000000 0.000000 0.000000 1.000000 0.000000 0.000000
32.000000 64.217536 5.525044 0.398222 1.031988 0.000000 0.000000 0.000000 1.000000 0.000000 0.000000
32.000000 64.218461 5.516665 0.395419 1.016277 0.000000 0.000000 0.000000 1.000000 0.000000 0.000000
32.000000 64.221806 5.500740 0.394667 1.011943 0.000000 0.000000 0.000000 1.000000 0.000000 0.000000
32.000000 64.227516 5.485342 0.401778 1.004642 0.000000 0.000000 0.000000 1.000000 0.000000 0.000000
32.000000 64.228467 5.473143 0.396234 0.989077 0.000000 0.000000 0.000000 1.000000 0.000000 0.000000
32.000000 64.231729 5.459710 0.395638 0.984368 0.000000 0.000000 0.000000 1.000000 0.000000 0.000000
32.000000 64.237518 5.443035 0.403532 0.977352 0.000000 0.000000 0.000000 1.000000 0.000000 0.000000
32.000000 64.238371 5.428211 0.395382 0.964937 0.000000 0.000000 0.000000 1.000000 0.000000 0.000000
32.000000 64.241817 5.428653 0.395341 0.956761 0.000000 0.000000 0.000000 1.000000 0.000000 0.000000
32.000000 64.247437 5.405578 0.406615 0.949026 0.000000 0.000000 0.000000 1.000000 0.000000 0.000000
32.000000 64.248429 5.389805 0.398456 0.933808 0.000000 0.000000 0.000000 1.000000 0.000000 0.000000
32.000000 64.251740 5.389533 0.398378 0.925228 0.000000 0.000000 0.000000 1.000000 0.000000 0.000000
32.000000 64.257654 5.366365 0.409988 0.919081 0.000000 0.000000 0.000000 1.000000 0.000000 0.000000
32.000000 64.258502 5.352713 0.403260 0.904393 0.000000 0.000000 0.000000 1.000000 0.000000 0.000000
32.000000 64.261827 5.350979 0.403091 0.896619 0.000000 0.000000 0.000000 1.000000 0.000000 0.000000
32.000000 64.267462 5.325360 0.415612 0.888246 0.000000 0.000000 0.000000 1.000000 0.000000 0.000000
32.000000 64.268522 5.305125 0.404017 0.874121 0.000000 0.000000 0.000000 1.000000 0.000000 0.000000
32.000000 64.271790 5.311538 0.404254 0.864398 0.000000 0.000000 0.000000 1.000000 0.000000 0.000000
32.000000 64.277537 5.285159 0.417266 0.856144 0.000000 0.000000 0.000000 1.000000 0.000000 0.000000
32.000000 64.278653 5.268270 0.408406 0.840882 0.000000 0.000000 0.000000 1.000000 0.000000 0.000000
32.000000 64.281787 5.268829 0.408366 0.833023 0.000000 0.000000 0.000000 1.000000 0.000000 0.000000
32.000000 64.287523 5.251480 0.415815 0.821609 0.000000 0.000000 0.000000 1.000000 0.000000 0.000000
32.000000 64.288454 5.240236 0.411051 0.807657 0.000000 0.000000 0.000000 1.000000 0.000000 0.000000
32.000000 64.291752 5.233776 0.410982 0.803151 0.000000 0.000000 0.000000 1.000000 0.000000 0.000000
32.000000 64.297611 5.213603 0.419339 0.787639 0.000000 0.000000 0.000000 1.000000 0.000000 0.000000
32.000000 64.298501 5.202454 0.414995 0.772744 0.000000 0.000000 0.000000 1.000000 0.000000 0.000000
32.000000 64.301778 5.195378 0.414974 0.768540 0.000000 0.000000 0.000000 1.000000 0.000000 0.000000
32.000000 64.307537 5.172904 0.424675 0.753351 0.000000 0.000000 0.000000 1.000000 0.000000 0.000000
32.000000 64.308537 5.156942 0.416399 0.739702 0.000000 0.000000 0.000000 1.000000 0.000000 0.000000
32.000000 64.311826 5.152380 0.416396 0.734811 0.000000 0.000000 0.000000 1.000000 0.000000 0.000000
32.000000 64.317580 5.131267 0.425237 0.719364 0.000000 0.000000 0.000000 1.000000 0.000000 0.000000
32.000000 64.318502 5.114641 0.416586 0.705511 0.000000 0.000000 0.000000 1.000000 0.000000 0.000000
32.000000 64.321983 5.125995 0.417237 0.695022 0.000000 0.000000 0.000000 1.000000 0.000000 0.000000
32.000000 64.327541 5.094866 0.431992 0.681799 0.000000 0.000000 0.000000 1.000000 0.000000 0.000000
32.000000 64.328516 5.071495 0.417943 0.669467 0.000000 0.000000 0.000000 1.000000 0.000000 0.000000
32.000000 64.331892 5.086818 0.418734 0.658048 0.000000 0.000000 0.000000 1.000000 0.000000 0.000000
32.000000 64.337600 5.057616 0.431875 0.642101 0.000000 0.000000 0.000000 1.000000 0.000000 0.000000
32.000000 64.338672 5.033943 0.417468 0.631124 0.000000 0.000000 0.000000 1.000000 0.000000 0.000000
32.000000 64.341870 5.055724 0.418648 0.619908 0.000000 0.000000 0.000000 1.000000 0.000000 0.000000
32.000000 64.347532 5.020000 0.435587 0.604961 0.000000 0.000000 0.000000 1.000000 0.000000 0.000000
32.000000 64.348567 4.997435 0.422433 0.592457 0.000000 0.000000 0.000000 1.000000 0.000000 0.000000
32.000000 64.351824 5.010962 0.423299 0.583440 0.000000 0.000000 0.000000 1.000000 0.000000 0.000000
32.000000 64.357566 4.981320 0.436334 0.565681 0.000000 0.000000 0.000000 1.000000 0.000000 0.000000
32.000000 64.358646 4.957728 0.422280 0.553860 0.000000 0.000000 0.000000 1.000000 0.000000 0.000000
32.000000 64.361897 4.973691 0.423315 0.543012 0.000000 0.000000 0.000000 1.000000 0.000000 0.000000
32.000000 64.367593 4.939251 0.438812 0.524201 0.000000 0.000000 0.000000 1.000000 0.000000 0.000000
32.000000 64.368514 4.919237 0.428146 0.510228 0.000000 0.000000 0.000000 1.000000 0.000000 0.000000
32.000000 64.371794 4.929019 0.428945 0.503151 0.000000 0.000000 0.000000 1.000000 0.000000 0.000000
32.000000 64.377585 4.902642 0.439385 0.481523 0.000000 0.000000 0.000000 1.000000 0.000000 0.000000
32.000000 64.378624 4.885608 0.430540 0.469688 0.000000 0.000000 0.000000 1.000000 0.000000 0.000000
32.000000 64.381871 4.888833 0.431221 0.466770 0.000000 0.000000 0.000000 1.000000 0.000000 0.000000
32.000000 64.387555 4.863783 0.439775 0.439233 0.000000 0.000000 0.000000 1.000000 0.000000 0.000000
32.000000 64.388534 4.844600 0.429765 0.426487 0.000000 0.000000 0.000000 1.000000 0.000000 0.000000
32.000000 64.391814 4.869349 0.431374 0.417100 0.000000 0.000000 0.000000 1.000000 0.000000 0.000000
32.000000 64.397672 4.832117 0.447647 0.394888 0.000000 0.000000 0.000000 1.000000 0.000000 0.000000
32.000000 64.398703 4.805037 0.431048 0.384398 0.000000 0.000000 0.000000 1.000000 0.000000 0.000000
32.000000 64.401911 4.833810 0.432844 0.371232 0.000000 0.000000 0.000000 1.000000 0.000000 0.000000
32.000000 64.407587 4.795450 0.449498 0.347942 0.000000 0.000000 0.000000 1.000000 0.000000 0.000000
32.000000 64.408569 4.771198 0.435224 0.337214 0.000000 0.000000 0.000000 1.000000 0.000000 0.000000
32.000000 64.411804 4.784709 0.436418 0.332135 0.000000 0.000000 0.000000 1.000000 0.000000 0.000000
32.000000 64.417591 4.751400 0.449615 0.305820 0.000000 0.000000 0.000000 1.000000 0.000000 0.000000
32.000000 64.418674 4.729983 0.438133 0.293161 0.000000 0.000000 0.000000 1.000000 0.000000 0.000000
32.000000 64.421963 4.748959 0.439541 0.287297 0.000000 0.000000 0.000000 1.000000 0.000000 0.000000
32.000000 64.427549 4.710741 0.456498 0.266506 0.000000 0.000000 0.000000 1.000000 0.000000 0.000000
32.000000 64.428598 4.686451 0.442369 0.255107 0.000000 0.000000 0.000000 1.000000 0.000000 0.000000
32.000000 64.431931 4.707963 0.443873 0.245200 0.000000 0.000000 0.000000 1.000000 0.000000 0.000000
32.000000 64.437567 4.678862 0.454117 0.216519 0.000000 0.000000 0.000000 1.000000 0.000000 0.000000
32.000000 64.438646 4.652316 0.438718 0.204412 0.000000 0.000000 0.000000 1.000000 0.000000 0.000000
32.000000 64.441945 4.685870 0.440822 0.189887 0.000000 0.000000 0.000000 1.000000 0.000000 0.000000
32.000000 64.447505 4.640653 0.460917 0.165943 0.000000 0.000000 0.000000 1.000000 0.000000 0.000000
32.000000 64.448585 4.609538 0.441014 0.158014 0.000000 0.000000 0.000000 1.000000 0.000000 0.000000
32.000000 64.451979 4.646473 0.443472 0.142342 0.000000 0.000000 0.000000 1.000000 0.000000 0.000000
32.000000 64.457598 4.602214 0.462120 0.113932 0.000000 0.000000 0.000000 1.000000 0.000000 0.000000
32.000000 64.458630 4.578905 0.448500 0.105394 0.000000 0.000000 0.000000 1.000000 0.000000 0.000000
32.000000 64.461939 4.602895 0.450518 0.098643 0.000000 0.000000 0.000000 1.000000 0.000000 0.000000
32.000000 64.467648 4.564784 0.464352 0.063867 0.000000 0.000000 0.000000 1.000000 0.000000 0.000000
32.000000 64.468552 4.537077 0.447705 0.054943 0.000000 0.000000 0.000000 1.000000 0.000000 0.000000
32.000000 64.471841 4.570052 0.450090 0.045942 0.000000 0.000000 0.000000 1.000000 0.000000 0.000000
32.000000 64.477601 4.533181 0.467432 0.030937 0.000000 0.000000 0.000000 1.000000 0.000000 0.000000
32.000000 64.478669 4.510976 0.446981 0.046586 0.000000 0.000000 0.000000 1.000000 0.000000 0.000000
32.000000 64.481958 4.535348 0.448435 0.061887 0.000000 0.000000 0.000000 1.000000 0.000000 0.000000
32.000000 64.487603 4.498811 0.469642 0.067333 0.000000 0.000000 0.000000 1.000000 0.000000 0.000000
32.000000 64.488633 4.475258 0.446905 0.085982 0.000000 0.000000 0.000000 1.000000 0.000000 0.000000
32.000000 64.491856 4.496527 0.448148 0.098661 0.000000 0.000000 0.000000 1.000000 0.000000 0.000000
32.000000 64.497648 4.456983 0.472049 0.108287 0.000000 0.000000 0.000000 1.000000 0.000000 0.000000
32.000000 64.498714 4.433002 0.448315 0.128503 0.000000 0.000000 0.000000 1.000000 0.000000 0.000000
32.000000 64.501910 4.458641 0.449758 0.137893 0.000000 0.000000 0.000000 1.000000 0.000000 0.000000
32.000000 64.507546 4.417454 0.474977 0.148731 0.000000 0.000000 0.000000 1.000000 0.000000 0.000000
32.000000 64.508575 4.390896 0.448777 0.170040 0.000000 0.000000 0.000000 1.000000 0.000000 0.000000
32.000000 64.511966 4.425580 0.450615 0.174625 0.000000 0.000000 0.000000 1.000000 0.000000 0.000000
32.000000 64.517787 4.381387 0.477749 0.186038 0.000000 0.000000 0.000000 1.000000 0.000000 0.000000
32.000000 64.518662 4.352752 0.450163 0.206230 0.000000 0.000000 0.000000 1.000000 0.000000 0.000000
32.000000 64.522067 4.387921 0.451921 0.211163 0.000000 0.000000 0.000000 1.000000 0.000000 0.000000
32.000000 64.527598 4.347709 0.476476 0.220892 0.000000 0.000000 0.000000 1.000000 0.000000 0.000000
32.000000 64.528712 4.318884 0.448686 0.241169 0.000000 0.000000 0.000000 1.000000 0.000000 0.000000
32.000000 64.532012 4.356518 0.450609 0.246059 0.000000 0.000000 0.000000 1.000000 0.000000 0.000000
32.000000 64.537674 4.314775 0.476170 0.255798 0.000000 0.000000 0.000000 1.000000 0.000000 0.000000
32.000000 64.538770 4.288055 0.450558 0.273917 0.000000 0.000000 0.000000 1.000000 0.000000 0.000000
32.000000 64.541984 4.317774 0.452130 0.280909 0.000000 0.000000 0.000000 1.000000 0.000000 0.000000
32.000000 64.547584 4.284400 0.472432 0.287763 0.000000 0.000000 0.000000 1.000000 0.000000 0.000000
32.000000 64.548645 4.262955 0.451789 0.302637 0.000000 0.000000 0.000000 1.000000 0.000000 0.000000
32.000000 64.551868 4.287303 0.453040 0.310942 0.000000 0.000000 0.000000 1.000000 0.000000 0.000000
32.000000 64.557632 4.244613 0.479565 0.321771 0.000000 0.000000 0.000000 1.000000 0.000000 0.000000
32.000000 64.558671 4.215249 0.451301 0.341048 0.000000 0.000000 0.000000 1.000000 0.000000 0.000000
32.000000 64.561938 4.247657 0.453059 0.345869 0.000000 0.000000 0.000000 1.000000 0.000000 0.000000
32.000000 64.567641 4.206821 0.478222 0.354298 0.000000 0.000000 0.000000 1.000000 0.000000 0.000000
32.000000 64.568666 4.178895 0.451659 0.371141 0.000000 0.000000 0.000000 1.000000 0.000000 0.000000
32.000000 64.572085 4.215421 0.453496 0.373571 0.000000 0.000000 0.000000 1.000000 0.000000 0.000000
32.000000 64.577732 4.171378 0.480887 0.383630 0.000000 0.000000 0.000000 1.000000 0.000000 0.000000
32.000000 64.578694 4.144762 0.455534 0.399768 0.000000 0.000000 0.000000 1.000000 0.000000 0.000000
32.000000 64.582134 4.175992 0.457147 0.406009 0.000000 0.000000 0.000000 1.000000 0.000000 0.000000
32.000000 64.587666 4.138434 0.480742 0.415366 0.000000 0.000000 0.000000 1.000000 0.000000 0.000000
32.000000 64.588638 4.109098 0.452307 0.433925 0.000000 0.000000 0.000000 1.000000 0.000000 0.000000
32.000000 64.591865 4.142439 0.454115 0.436328 0.000000 0.000000 0.000000 1.000000 0.000000 0.000000
32.000000 64.597666 4.100239 0.480723 0.446098 0.000000 0.000000 0.000000 1.000000 0.000000 0.000000
32.000000 64.598882 4.072381 0.453860 0.462821 0.000000 0.000000 0.000000 1.000000 0.000000 0.000000
32.000000 64.602073 4.107171 0.455684 0.463615 0.000000 0.000000 0.000000 1.000000 0.000000 0.000000
32.000000 64.607561 4.064125 0.482951 0.473796 0.000000 0.000000 0.000000 1.000000 0.000000 0.000000
32.000000 64.608696 4.035022 0.455338 0.489269 0.000000 0.000000 0.000000 1.000000 0.000000 0.000000
32.000000 64.611815 4.074506 0.457331 0.487834 0.000000 0.000000 0.000000 1.000000 0.000000 0.000000
32.000000 64.617615 4.030794 0.485232 0.498840 0.000000 0.000000 0.000000 1.000000 0.000000 0.000000
32.000000 64.618606 3.998411 0.454540 0.515315 0.000000 0.000000 0.000000 1.000000 0.000000 0.000000
32.000000 64.621927 4.039183 0.456521 0.514614 0.000000 0.000000 0.000000 1.000000 0.000000 0.000000
32.000000 64.627664 3.994658 0.484785 0.524896 0.000000 0.000000 0.000000 1.000000 0.000000 0.000000
32.000000 64.628804 3.963184 0.455818 0.537942 0.000000 0.000000 0.000000 1.000000 0.000000 0.000000
32.000000 64.631803 4.004579 0.457716 0.538760 0.000000 0.000000 0.000000 1.000000 0.000000 0.000000
32.000000 64.637583 3.971407 0.479039 0.548002 0.000000 0.000000 0.000000 1.000000 0.000000 0.000000
32.000000 64.638847 3.948037 0.457765 0.557000 0.000000 0.000000 0.000000 1.000000 0.000000 0.000000
32.000000 64.641964 3.965980 0.458618 0.563513 0.000000 0.000000 0.000000 1.000000 0.000000 0.000000
32.000000 64.647638 3.937332 0.477083 0.571113 0.000000 0.000000 0.000000 1.000000 0.000000 0.000000
32.000000 64.648606 3.919448 0.460196 0.580048 0.000000 0.000000 0.000000 1.000000 0.000000 0.000000
32.000000 64.651864 3.931771 0.460835 0.588064 0.000000 0.000000 0.000000 1.000000 0.000000 0.000000
32.000000 64.657899 3.905823 0.475903 0.587277 0.000000 0.000000 0.000000 1.000000 0.000000 0.000000
32.000000 64.658773 3.884278 0.456414 0.595563 0.000000 0.000000 0.000000 1.000000 0.000000 0.000000
32.000000 64.661983 3.901419 0.457346 0.605577 0.000000 0.000000 0.000000 1.000000 0.000000 0.000000
32.000000 64.667627 3.877305 0.471656 0.606003 0.000000 0.000000 0.000000 1.000000 0.000000 0.000000
32.000000 64.668810 3.863434 0.459247 0.611411 0.000000 0.000000 0.000000 1.000000 0.000000 0.000000
32.000000 64.671920 3.863840 0.459362 0.626739 0.000000 0.000000 0.000000 1.000000 0.000000 0.000000
32.000000 64.678888 3.861611 0.461266 0.629656 0.000000 0.000000 0.000000 1.000000 0.000000 0.000000
32.000000 64.681934 3.832611 0.459730 0.644192 0.000000 0.000000 0.000000 1.000000 0.000000 0.000000
32.000000 64.688733 3.826228 0.464681 0.649625 0.000000 0.000000 0.000000 1.000000 0.000000 0.000000
32.000000 64.691929 3.793622 0.462995 0.664840 0.000000 0.000000 0.000000 1.000000 0.000000 0.000000
32.000000 64.698884 3.797491 0.460737 0.665797 0.000000 0.000000 0.000000 1.000000 0.000000 0.000000
32.000000 64.702089 3.764973 0.459084 0.680587 0.000000 0.000000 0.000000 1.000000 0.000000 0.000000
32.000000 64.708681 3.758853 0.463663 0.684647 0.000000 0.000000 0.000000 1.000000 0.000000 0.000000
32.000000 64.711932 3.726922 0.462061 0.698415 0.000000 0.000000 0.000000 1.000000 0.000000 0.000000
32.000000 64.718618 3.722062 0.465345 0.699597 0.000000 0.000000 0.000000 1.000000 0.000000 0.000000
32.000000 64.721955 3.694158 0.463927 0.711788 0.000000 0.000000 0.000000 1.000000 0.000000 0.000000
32.000000 64.728735 3.691832 0.465422 0.711888 0.000000 0.000000 0.000000 1.000000 0.000000 0.000000
32.000000 64.731873 3.657617 0.463704 0.726319 0.000000 0.000000 0.000000 1.000000 0.000000 0.000000
32.000000 64.738644 3.653983 0.466346 0.728141 0.000000 0.000000 0.000000 1.000000 0.000000 0.000000
32.000000 64.741995 3.625303 0.464873 0.740696 0.000000 0.000000 0.000000 1.000000 0.000000 0.000000
32.000000 64.748584 3.619840 0.468974 0.744090 0.000000 0.000000 0.000000 1.000000 0.000000 0.000000
32.000000 64.751925 3.586514 0.467383 0.756112 0.000000 0.000000 0.000000 1.000000 0.000000 0.000000
32.000000 64.758648 3.585704 0.467535 0.754064 0.000000 0.000000 0.000000 1.000000 0.000000 0.000000
32.000000 64.762005 3.551651 0.465917 0.766201 0.000000 0.000000 0.000000 1.000000 0.000000 0.000000
32.000000 64.768628 3.551939 0.465603 0.765489 0.000000 0.000000 0.000000 1.000000 0.000000 0.000000
32.000000 64.771989 3.525473 0.464311 0.775577 0.000000 0.000000 0.000000 1.000000 0.000000 0.000000
32.000000 64.778685 3.521885 0.466212 0.773238 0.000000 0.000000 0.000000 1.000000 0.000000 0.000000
32.000000 64.782214 3.488262 0.464711 0.783314 0.000000 0.000000 0.000000 1.000000 0.000000 0.000000
32.000000 64.788620 3.484113 0.467228 0.782337 0.000000 0.000000 0.000000 1.000000 0.000000 0.000000
32.000000 64.792014 3.450282 0.465639 0.793785 0.000000 0.000000 0.000000 1.000000 0.000000 0.000000
32.000000 64.798781 3.443663 0.470061 0.794372 0.000000 0.000000 0.000000 1.000000 0.000000 0.000000
32.000000 64.802036 3.417257 0.468830 0.802889 0.000000 0.000000 0.000000 1.000000 0.000000 0.000000
32.000000 64.809185 3.414327 0.470634 0.802282 0.000000 0.000000 0.000000 1.000000 0.000000 0.000000
32.000000 64.811967 3.381252 0.469094 0.812785 0.000000 0.000000 0.000000 1.000000 0.000000 0.000000
32.000000 64.818775 3.379949 0.468932 0.807207 0.000000 0.000000 0.000000 1.000000 0.000000 0.000000
32.000000 64.822039 3.352194 0.467867 0.811782 0.000000 0.000000 0.000000 1.000000 0.000000 0.000000
32.000000 64.828642 3.352906 0.466295 0.805793 0.000000 0.000000 0.000000 1.000000 0.000000 0.000000
32.000000 64.831930 3.324236 0.465107 0.812274 0.000000 0.000000 0.000000 1.000000 0.000000 0.000000
32.000000 64.838719 3.321393 0.466251 0.808327 0.000000 0.000000 0.000000 1.000000 0.000000 0.000000
32.000000 64.842071 3.291635 0.464957 0.816168 0.000000 0.000000 0.000000 1.000000 0.000000 0.000000
32.000000 64.848698 3.280038 0.472741 0.816730 0.000000 0.000000 0.000000 1.000000 0.000000 0.000000
32.000000 64.852019 3.245459 0.471251 0.824992 0.000000 0.000000 0.000000 1.000000 0.000000 0.000000
32.000000 64.858748 3.243340 0.471765 0.820231 0.000000 0.000000 0.000000 1.000000 0.000000 0.000000
32.000000 64.862072 3.212478 0.470479 0.826747 0.000000 0.000000 0.000000 1.000000 0.000000 0.000000
32.000000 64.868838 3.212508 0.469140 0.819763 0.000000 0.000000 0.000000 1.000000 0.000000 0.000000
32.000000 64.872041 3.187500 0.468241 0.822437 0.000000 0.000000 0.000000 1.000000 0.000000 0.000000
32.000000 64.878823 3.183877 0.469526 0.816476 0.000000 0.000000 0.000000 1.000000 0.000000 0.000000
32.000000 64.882040 3.154061 0.468341 0.821726 0.000000 0.000000 0.000000 1.000000 0.000000 0.000000
32.000000 64.888809 3.145368 0.473095 0.816087 0.000000 0.000000 0.000000 1.000000 0.000000 0.000000
32.000000 64.891996 3.113477 0.471795 0.822161 0.000000 0.000000 0.000000 1.000000 0.000000 0.000000
32.000000 64.898985 3.108745 0.473867 0.816320 0.000000 0.000000 0.000000 1.000000 0.000000 0.000000
32.000000 64.902062 3.084904 0.473044 0.818051 0.000000 0.000000 0.000000 1.000000 0.000000 0.000000
32.000000 64.908719 3.078903 0.475849 0.811552 0.000000 0.000000 0.000000 1.000000 0.000000 0.000000
32.000000 64.912207 3.045592 0.474606 0.815527 0.000000 0.000000 0.000000 1.000000 0.000000 0.000000
32.000000 64.918827 3.043547 0.474907 0.809976 0.000000 0.000000 0.000000 1.000000 0.000000 0.000000
32.000000 64.922082 3.014782 0.473820 0.813475 0.000000 0.000000 0.000000 1.000000 0.000000 0.000000
32.000000 64.928813 3.010951 0.474574 0.804074 0.000000 0.000000 0.000000 1.000000 0.000000 0.000000
32.000000 64.932070 2.981168 0.473479 0.807255 0.000000 0.000000 0.000000 1.000000 0.000000 0.000000
32.000000 64.938829 2.977502 0.474147 0.797947 0.000000 0.000000 0.000000 1.000000 0.000000 0.000000
32.000000 64.942125 2.951229 0.473278 0.799031 0.000000 0.000000 0.000000 1.000000 0.000000 0.000000
32.000000 64.948783 2.944571 0.476133 0.790441 0.000000 0.000000 0.000000 1.000000 0.000000 0.000000
32.000000 64.952063 2.914532 0.475160 0.791208 0.000000 0.000000 0.000000 1.000000 0.000000 0.000000
32.000000 64.958817 2.910497 0.476193 0.782544 0.000000 0.000000 0.000000 1.000000 0.000000 0.000000
32.000000 64.962205 2.882058 0.475257 0.783434 0.000000 0.000000 0.000000 1.000000 0.000000 0.000000
32.000000 64.968848 2.873533 0.479479 0.775367 0.000000 0.000000 0.000000 1.000000 0.000000 0.000000
32.000000 64.972094 2.843567 0.478444 0.777018 0.000000 0.000000 0.000000 1.000000 0.000000 0.000000
32.000000 64.978917 2.843765 0.475788 0.764531 0.000000 0.000000 0.000000 1.000000 0.000000 0.000000
32.000000 64.982194 2.814049 0.474785 0.766024 0.000000 0.000000 0.000000 1.000000 0.000000 0.000000
32.000000 64.988814 2.809051 0.476085 0.755411 0.000000 0.000000 0.000000 1.000000 0.000000 0.000000
32.000000 64.992251 2.786987 0.475604 0.751769 0.000000 0.000000 0.000000 1.000000 0.000000 0.000000
32.000000 64.998842 2.779648 0.478530 0.741253 0.000000 0.000000 0.000000 1.000000 0.000000 0.000000
32.000000 65.002132 2.749023 0.477601 0.740810 0.000000 0.000000 0.000000 1.000000 0.000000 0.000000
32.000000 65.008779 2.740537 0.482300 0.735169 0.000000 0.000000 0.000000 1.000000 0.000000 0.000000
32.000000 65.012237 2.707743 0.481202 0.735841 0.000000 0.000000 0.000000 1.000000 0.000000 0.000000
32.000000 65.019054 2.708300 0.478979 0.727245 0.000000 0.000000 0.000000 1.000000 0.000000 0.000000
32.000000 65.022187 2.684641 0.478375 0.723805 0.000000 0.000000 0.000000 1.000000 0.000000 0.000000
