8.000000 91.236613 23.285070 -0.201738 0.326944 0.000000 0.000000 0.000000 1.000000 0.000000 0.000000
8.000000 91.239352 23.243466 -0.190501 0.363829 0.000000 0.000000 0.000000 1.000000 0.000000 0.000000
8.000000 91.243630 23.171936 -0.211261 0.384753 0.000000 0.000000 0.000000 1.000000 0.000000 0.000000
8.000000 91.246688 23.388459 -0.212568 0.402523 0.000000 0.000000 0.000000 1.000000 0.000000 0.000000
8.000000 91.249287 23.180373 -0.160597 0.448018 0.000000 0.000000 0.000000 1.000000 0.000000 0.000000
8.000000 91.253499 23.047740 -0.199828 0.492215 0.000000 0.000000 0.000000 1.000000 0.000000 0.000000
8.000000 91.256675 23.223804 -0.200325 0.507040 0.000000 0.000000 0.000000 1.000000 0.000000 0.000000
8.000000 91.261719 23.041891 -0.154754 0.530565 0.000000 0.000000 0.000000 1.000000 0.000000 0.000000
8.000000 91.263601 22.920165 -0.190864 0.569553 0.000000 0.000000 0.000000 1.000000 0.000000 0.000000
8.000000 91.266848 23.063406 -0.191058 0.586704 0.000000 0.000000 0.000000 1.000000 0.000000 0.000000
8.000000 91.269413 22.863647 -0.140457 0.621897 0.000000 0.000000 0.000000 1.000000 0.000000 0.000000
8.000000 91.273492 22.751926 -0.174042 0.675538 0.000000 0.000000 0.000000 1.000000 0.000000 0.000000
8.000000 91.276477 22.901493 -0.174050 0.693950 0.000000 0.000000 0.000000 1.000000 0.000000 0.000000
8.000000 91.279200 22.725616 -0.129597 0.712094 0.000000 0.000000 0.000000 1.000000 0.000000 0.000000
8.000000 91.283582 22.615904 -0.162567 0.754325 0.000000 0.000000 0.000000 1.000000 0.000000 0.000000
8.000000 91.286684 22.819443 -0.162555 0.755461 0.000000 0.000000 0.000000 1.000000 0.000000 0.000000
8.000000 91.289129 22.623793 -0.112828 0.771577 0.000000 0.000000 0.000000 1.000000 0.000000 0.000000
8.000000 91.293606 22.500763 -0.150129 0.821124 0.000000 0.000000 0.000000 1.000000 0.000000 0.000000
8.000000 91.296482 22.643886 -0.149754 0.829800 0.000000 0.000000 0.000000 1.000000 0.000000 0.000000
8.000000 91.299179 22.468060 -0.104648 0.851639 0.000000 0.000000 0.000000 1.000000 0.000000 0.000000
8.000000 91.303586 22.355049 -0.139290 0.895187 0.000000 0.000000 0.000000 1.000000 0.000000 0.000000
8.000000 91.306573 22.562606 -0.139991 0.904405 0.000000 0.000000 0.000000 1.000000 0.000000 0.000000
8.000000 91.309107 22.367314 -0.090271 0.937649 0.000000 0.000000 0.000000 1.000000 0.000000 0.000000
8.000000 91.309340 22.115053 -0.154844 0.978381 0.000000 0.000000 0.000000 1.000000 0.000000 0.000000
8.000000 91.313553 22.130131 -0.135645 1.007942 0.000000 0.000000 0.000000 1.000000 0.000000 0.000000
8.000000 91.316523 22.417481 -0.125525 0.982686 0.000000 0.000000 0.000000 1.000000 0.000000 0.000000
8.000000 91.319132 22.236473 -0.079208 1.006027 0.000000 0.000000 0.000000 1.000000 0.000000 0.000000
8.000000 91.319295 21.991927 -0.142937 1.046161 0.000000 0.000000 0.000000 1.000000 0.000000 0.000000
8.000000 91.323623 21.998851 -0.122214 1.070696 0.000000 0.000000 0.000000 1.000000 0.000000 0.000000
8.000000 91.326600 22.296259 -0.112620 1.054252 0.000000 0.000000 0.000000 1.000000 0.000000 0.000000
8.000000 91.329097 22.127377 -0.069439 1.083050 0.000000 0.000000 0.000000 1.000000 0.000000 0.000000
8.000000 91.329292 21.891649 -0.135165 1.114349 0.000000 0.000000 0.000000 1.000000 0.000000 0.000000
8.000000 91.333534 21.916166 -0.120144 1.144343 0.000000 0.000000 0.000000 1.000000 0.000000 0.000000
8.000000 91.336500 22.161123 -0.105392 1.122416 0.000000 0.000000 0.000000 1.000000 0.000000 0.000000
8.000000 91.339234 21.733947 -0.041260 1.171176 0.000000 0.000000 0.000000 1.000000 0.000000 0.000000
8.000000 91.339270 21.788217 -0.112586 1.186588 0.000000 0.000000 0.000000 1.000000 0.000000 0.000000
8.000000 91.343633 21.860241 -0.093509 1.196264 0.000000 0.000000 0.000000 1.000000 0.000000 0.000000
8.000000 91.346685 22.053046 -0.093709 1.204948 0.000000 0.000000 0.000000 1.000000 0.000000 0.000000
8.000000 91.349275 21.676326 -0.045411 1.255834 0.000000 0.000000 0.000000 1.000000 0.000000 0.000000
8.000000 91.349543 21.680546 -0.100797 1.251390 0.000000 0.000000 0.000000 1.000000 0.000000 0.000000
8.000000 91.353594 21.759151 -0.078060 1.259609 0.000000 0.000000 0.000000 1.000000 0.000000 0.000000
8.000000 91.356554 21.922594 -0.078259 1.274290 0.000000 0.000000 0.000000 1.000000 0.000000 0.000000
8.000000 91.359092 21.585221 -0.045153 1.323325 0.000000 0.000000 0.000000 1.000000 0.000000 0.000000
8.000000 91.359439 21.566194 -0.094018 1.314861 0.000000 0.000000 0.000000 1.000000 0.000000 0.000000
8.000000 91.363684 21.579099 -0.087911 1.332904 0.000000 0.000000 0.000000 1.000000 0.000000 0.000000
8.000000 91.366626 21.909379 -0.088746 1.327009 0.000000 0.000000 0.000000 1.000000 0.000000 0.000000
8.000000 91.369381 21.649745 -0.021512 1.367158 0.000000 0.000000 0.000000 1.000000 0.000000 0.000000
8.000000 91.369395 21.459448 -0.082905 1.380462 0.000000 0.000000 0.000000 1.000000 0.000000 0.000000
8.000000 91.373567 21.478584 -0.071074 1.399060 0.000000 0.000000 0.000000 1.000000 0.000000 0.000000
8.000000 91.376518 21.691303 -0.053541 1.402182 0.000000 0.000000 0.000000 1.000000 0.000000 0.000000
8.000000 91.379334 21.523237 -0.009922 1.434916 0.000000 0.000000 0.000000 1.000000 0.000000 0.000000
8.000000 91.383692 21.428958 -0.039958 1.458863 0.000000 0.000000 0.000000 1.000000 0.000000 0.000000
8.000000 91.386587 21.567717 -0.039899 1.468403 0.000000 0.000000 0.000000 1.000000 0.000000 0.000000
8.000000 91.389211 21.260788 -0.014551 1.507720 0.000000 0.000000 0.000000 1.000000 0.000000 0.000000
8.000000 91.389230 21.231181 -0.056796 1.502356 0.000000 0.000000 0.000000 1.000000 0.000000 0.000000
8.000000 91.393545 21.289422 -0.032011 1.518617 0.000000 0.000000 0.000000 1.000000 0.000000 0.000000
8.000000 91.396559 21.463628 -0.032216 1.533346 0.000000 0.000000 0.000000 1.000000 0.000000 0.000000
8.000000 91.399241 21.290187 0.012899 1.562579 0.000000 0.000000 0.000000 1.000000 0.000000 0.000000
8.000000 91.399326 21.124828 -0.047933 1.561537 0.000000 0.000000 0.000000 1.000000 0.000000 0.000000
8.000000 91.403641 21.174768 -0.042908 1.587802 0.000000 0.000000 0.000000 1.000000 0.000000 0.000000
8.000000 91.406596 21.325071 -0.016196 1.604179 0.000000 0.000000 0.000000 1.000000 0.000000 0.000000
8.000000 91.407627 20.993501 0.075600 1.647941 0.000000 0.000000 0.000000 1.000000 0.000000 0.000000
8.000000 91.409241 20.885029 -0.041040 1.623050 0.000000 0.000000 0.000000 1.000000 0.000000 0.000000
8.000000 91.409289 21.021166 -0.031426 1.624518 0.000000 0.000000 0.000000 1.000000 0.000000 0.000000
8.000000 91.413576 21.078721 -0.040499 1.645189 0.000000 0.000000 0.000000 1.000000 0.000000 0.000000
8.000000 91.416512 21.295792 -0.025602 1.650607 0.000000 0.000000 0.000000 1.000000 0.000000 0.000000
8.000000 91.417665 20.913475 0.078755 1.705868 0.000000 0.000000 0.000000 1.000000 0.000000 0.000000
8.000000 91.419174 20.814743 -0.024118 1.683519 0.000000 0.000000 0.000000 1.000000 0.000000 0.000000
8.000000 91.419319 20.917420 -0.022368 1.681334 0.000000 0.000000 0.000000 1.000000 0.000000 0.000000
8.000000 91.423698 20.965316 -0.016333 1.704884 0.000000 0.000000 0.000000 1.000000 0.000000 0.000000
8.000000 91.426611 21.075404 0.011938 1.730385 0.000000 0.000000 0.000000 1.000000 0.000000 0.000000
8.000000 91.427596 20.812277 0.086553 1.765811 0.000000 0.000000 0.000000 1.000000 0.000000 0.000000
8.000000 91.429250 20.706894 -0.019729 1.739248 0.000000 0.000000 0.000000 1.000000 0.000000 0.000000
8.000000 91.429333 20.810202 -0.016621 1.739715 0.000000 0.000000 0.000000 1.000000 0.000000 0.000000
8.000000 91.433531 20.851083 -0.007716 1.762371 0.000000 0.000000 0.000000 1.000000 0.000000 0.000000
8.000000 91.436487 20.843861 0.019629 1.792211 0.000000 0.000000 0.000000 1.000000 0.000000 0.000000
8.000000 91.437648 20.659617 0.072339 1.813384 0.000000 0.000000 0.000000 1.000000 0.000000 0.000000
8.000000 91.439243 20.596090 0.000997 1.802629 0.000000 0.000000 0.000000 1.000000 0.000000 0.000000
8.000000 91.443670 20.743836 0.028882 1.824740 0.000000 0.000000 0.000000 1.000000 0.000000 0.000000
8.000000 91.446551 20.845559 0.029184 1.843123 0.000000 0.000000 0.000000 1.000000 0.000000 0.000000
8.000000 91.447586 20.582823 0.102625 1.875456 0.000000 0.000000 0.000000 1.000000 0.000000 0.000000
8.000000 91.449252 20.505389 0.022175 1.860540 0.000000 0.000000 0.000000 1.000000 0.000000 0.000000
8.000000 91.449410 20.588633 0.015226 1.849905 0.000000 0.000000 0.000000 1.000000 0.000000 0.000000
8.000000 91.453576 20.653306 0.013604 1.870589 0.000000 0.000000 0.000000 1.000000 0.000000 0.000000
8.000000 91.456554 20.708954 0.043818 1.902555 0.000000 0.000000 0.000000 1.000000 0.000000 0.000000
8.000000 91.457849 20.469522 0.111019 1.935192 0.000000 0.000000 0.000000 1.000000 0.000000 0.000000
8.000000 91.459198 20.392956 0.032162 1.921500 0.000000 0.000000 0.000000 1.000000 0.000000 0.000000
8.000000 91.459275 20.488541 0.028063 1.906360 0.000000 0.000000 0.000000 1.000000 0.000000 0.000000
8.000000 91.463660 20.549547 0.027887 1.923995 0.000000 0.000000 0.000000 1.000000 0.000000 0.000000
8.000000 91.466607 20.556025 0.059633 1.959676 0.000000 0.000000 0.000000 1.000000 0.000000 0.000000
8.000000 91.467603 20.351169 0.117109 1.986668 0.000000 0.000000 0.000000 1.000000 0.000000 0.000000
8.000000 91.469177 20.260859 0.031880 1.968948 0.000000 0.000000 0.000000 1.000000 0.000000 0.000000
8.000000 91.469318 20.369767 0.038409 1.953470 0.000000 0.000000 0.000000 1.000000 0.000000 0.000000
8.000000 91.473577 20.439643 0.036276 1.976180 0.000000 0.000000 0.000000 1.000000 0.000000 0.000000
8.000000 91.476533 20.471488 0.065963 2.013179 0.000000 0.000000 0.000000 1.000000 0.000000 0.000000
8.000000 91.477679 20.237724 0.134072 2.040750 0.000000 0.000000 0.000000 1.000000 0.000000 0.000000
8.000000 91.479279 20.130777 0.027837 2.020598 0.000000 0.000000 0.000000 1.000000 0.000000 0.000000
8.000000 91.483654 20.348530 0.073706 2.035013 0.000000 0.000000 0.000000 1.000000 0.000000 0.000000
8.000000 91.486578 20.352302 0.073557 2.062260 0.000000 0.000000 0.000000 1.000000 0.000000 0.000000
8.000000 91.487617 20.133329 0.137856 2.088081 0.000000 0.000000 0.000000 1.000000 0.000000 0.000000
8.000000 91.489333 20.071367 0.072530 2.075402 0.000000 0.000000 0.000000 1.000000 0.000000 0.000000
8.000000 91.489456 20.151518 0.062473 2.061317 0.000000 0.000000 0.000000 1.000000 0.000000 0.000000
8.000000 91.493613 20.222908 0.059299 2.079539 0.000000 0.000000 0.000000 1.000000 0.000000 0.000000
8.000000 91.496533 20.217088 0.090321 2.128354 0.000000 0.000000 0.000000 1.000000 0.000000 0.000000
8.000000 91.497686 20.018492 0.150813 2.152525 0.000000 0.000000 0.000000 1.000000 0.000000 0.000000
8.000000 91.499216 19.944899 0.079959 2.132485 0.000000 0.000000 0.000000 1.000000 0.000000 0.000000
8.000000 91.499325 20.040761 0.073894 2.112444 0.000000 0.000000 0.000000 1.000000 0.000000 0.000000
8.000000 91.500879 20.147862 0.019362 2.169379 0.000000 0.000000 0.000000 1.000000 0.000000 0.000000
8.000000 91.503680 20.028183 0.106347 2.179591 0.000000 0.000000 0.000000 1.000000 0.000000 0.000000
8.000000 91.506695 20.116280 0.098798 2.168835 0.000000 0.000000 0.000000 1.000000 0.000000 0.000000
8.000000 91.507599 19.910910 0.158831 2.196234 0.000000 0.000000 0.000000 1.000000 0.000000 0.000000
8.000000 91.509256 19.831558 0.083959 2.180532 0.000000 0.000000 0.000000 1.000000 0.000000 0.000000
8.000000 91.509430 19.940509 0.084007 2.157198 0.000000 0.000000 0.000000 1.000000 0.000000 0.000000
8.000000 91.510927 20.065045 0.024511 2.217849 0.000000 0.000000 0.000000 1.000000 0.000000 0.000000
8.000000 91.513578 19.937463 0.118839 2.229623 0.000000 0.000000 0.000000 1.000000 0.000000 0.000000
8.000000 91.516518 20.005472 0.111977 2.222524 0.000000 0.000000 0.000000 1.000000 0.000000 0.000000
8.000000 91.517932 19.806562 0.170696 2.247792 0.000000 0.000000 0.000000 1.000000 0.000000 0.000000
8.000000 91.519274 19.726050 0.094987 2.232079 0.000000 0.000000 0.000000 1.000000 0.000000 0.000000
8.000000 91.519286 19.836352 0.093934 2.207304 0.000000 0.000000 0.000000 1.000000 0.000000 0.000000
8.000000 91.520811 19.957761 0.035125 2.263338 0.000000 0.000000 0.000000 1.000000 0.000000 0.000000
8.000000 91.523728 19.834435 0.125044 2.276143 0.000000 0.000000 0.000000 1.000000 0.000000 0.000000
8.000000 91.526661 19.892377 0.118217 2.268736 0.000000 0.000000 0.000000 1.000000 0.000000 0.000000
8.000000 91.527609 19.682433 0.180541 2.292435 0.000000 0.000000 0.000000 1.000000 0.000000 0.000000
8.000000 91.529279 19.585685 0.083770 2.279832 0.000000 0.000000 0.000000 1.000000 0.000000 0.000000
8.000000 91.529361 19.757785 0.095616 2.258134 0.000000 0.000000 0.000000 1.000000 0.000000 0.000000
8.000000 91.530722 19.835457 0.050256 2.308490 0.000000 0.000000 0.000000 1.000000 0.000000 0.000000
8.000000 91.533632 19.710164 0.138935 2.323242 0.000000 0.000000 0.000000 1.000000 0.000000 0.000000
8.000000 91.536597 19.723754 0.131011 2.318398 0.000000 0.000000 0.000000 1.000000 0.000000 0.000000
8.000000 91.537680 19.565086 0.180747 2.334455 0.000000 0.000000 0.000000 1.000000 0.000000 0.000000
8.000000 91.539251 19.519788 0.130444 2.323643 0.000000 0.000000 0.000000 1.000000 0.000000 0.000000
8.000000 91.539291 19.610204 0.119770 2.296932 0.000000 0.000000 0.000000 1.000000 0.000000 0.000000
8.000000 91.540817 19.725500 0.060584 2.355028 0.000000 0.000000 0.000000 1.000000 0.000000 0.000000
8.000000 91.543717 19.598927 0.147937 2.375209 0.000000 0.000000 0.000000 1.000000 0.000000 0.000000
8.000000 91.546670 19.641145 0.140161 2.364752 0.000000 0.000000 0.000000 1.000000 0.000000 0.000000
8.000000 91.547606 19.451480 0.197251 2.384520 0.000000 0.000000 0.000000 1.000000 0.000000 0.000000
8.000000 91.549192 19.375358 0.122550 2.372698 0.000000 0.000000 0.000000 1.000000 0.000000 0.000000
8.000000 91.549552 19.514470 0.126465 2.342703 0.000000 0.000000 0.000000 1.000000 0.000000 0.000000
8.000000 91.550924 19.593136 0.078045 2.393318 0.000000 0.000000 0.000000 1.000000 0.000000 0.000000
8.000000 91.553612 19.485381 0.146552 2.417452 0.000000 0.000000 0.000000 1.000000 0.000000 0.000000
8.000000 91.556519 19.582012 0.138266 2.404121 0.000000 0.000000 0.000000 1.000000 0.000000 0.000000
8.000000 91.557656 19.356576 0.204488 2.433491 0.000000 0.000000 0.000000 1.000000 0.000000 0.000000
8.000000 91.559203 19.281231 0.138775 2.418386 0.000000 0.000000 0.000000 1.000000 0.000000 0.000000
8.000000 91.559402 19.392602 0.139245 2.381301 0.000000 0.000000 0.000000 1.000000 0.000000 0.000000
8.000000 91.560798 19.495031 0.082642 2.436818 0.000000 0.000000 0.000000 1.000000 0.000000 0.000000
8.000000 91.563713 19.376487 0.160315 2.466147 0.000000 0.000000 0.000000 1.000000 0.000000 0.000000
8.000000 91.566582 19.445619 0.153172 2.452716 0.000000 0.000000 0.000000 1.000000 0.000000 0.000000
8.000000 91.567646 19.239946 0.216541 2.467499 0.000000 0.000000 0.000000 1.000000 0.000000 0.000000
8.000000 91.569290 19.167909 0.171313 2.396268 0.000000 0.000000 0.000000 1.000000 0.000000 0.000000
8.000000 91.569311 19.300455 0.152399 2.424502 0.000000 0.000000 0.000000 1.000000 0.000000 0.000000
8.000000 91.570868 19.260268 0.164941 2.499149 0.000000 0.000000 0.000000 1.000000 0.000000 0.000000
8.000000 91.573665 19.239222 0.182293 2.506196 0.000000 0.000000 0.000000 1.000000 0.000000 0.000000
8.000000 91.576549 19.288457 0.175394 2.497377 0.000000 0.000000 0.000000 1.000000 0.000000 0.000000
8.000000 91.577697 19.130848 0.224106 2.513377 0.000000 0.000000 0.000000 1.000000 0.000000 0.000000
8.000000 91.579273 19.074657 0.164055 2.505702 0.000000 0.000000 0.000000 1.000000 0.000000 0.000000
8.000000 91.579412 19.195319 0.161261 2.473318 0.000000 0.000000 0.000000 1.000000 0.000000 0.000000
8.000000 91.580794 19.245103 0.120860 2.516183 0.000000 0.000000 0.000000 1.000000 0.000000 0.000000
8.000000 91.583736 19.134567 0.190669 2.547647 0.000000 0.000000 0.000000 1.000000 0.000000 0.000000
8.000000 91.586698 19.106018 0.182967 2.540611 0.000000 0.000000 0.000000 1.000000 0.000000 0.000000
8.000000 91.587658 18.992408 0.219536 2.549157 0.000000 0.000000 0.000000 1.000000 0.000000 0.000000
8.000000 91.589278 18.956642 0.174555 2.544739 0.000000 0.000000 0.000000 1.000000 0.000000 0.000000
8.000000 91.589408 19.085758 0.175657 2.507252 0.000000 0.000000 0.000000 1.000000 0.000000 0.000000
8.000000 91.590695 19.124232 0.136791 2.552199 0.000000 0.000000 0.000000 1.000000 0.000000 0.000000
8.000000 91.593619 19.018523 0.199755 2.591185 0.000000 0.000000 0.000000 1.000000 0.000000 0.000000
8.000000 91.596594 19.076819 0.192465 2.581454 0.000000 0.000000 0.000000 1.000000 0.000000 0.000000
8.000000 91.597724 18.908470 0.245806 2.595299 0.000000 0.000000 0.000000 1.000000 0.000000 0.000000
8.000000 91.599262 18.866871 0.197221 2.585630 0.000000 0.000000 0.000000 1.000000 0.000000 0.000000
8.000000 91.599352 18.973250 0.188088 2.548956 0.000000 0.000000 0.000000 1.000000 0.000000 0.000000
8.000000 91.600747 19.010384 0.149330 2.590331 0.000000 0.000000 0.000000 1.000000 0.000000 0.000000
8.000000 91.603749 18.905537 0.212669 2.632981 0.000000 0.000000 0.000000 1.000000 0.000000 0.000000
8.000000 91.606659 18.951839 0.206620 2.623187 0.000000 0.000000 0.000000 1.000000 0.000000 0.000000
8.000000 91.607760 18.810476 0.250476 2.636004 0.000000 0.000000 0.000000 1.000000 0.000000 0.000000
8.000000 91.609235 18.756067 0.199393 2.625925 0.000000 0.000000 0.000000 1.000000 0.000000 0.000000
8.000000 91.609557 18.863127 0.198439 2.586069 0.000000 0.000000 0.000000 1.000000 0.000000 0.000000
8.000000 91.610792 18.889430 0.163927 2.629727 0.000000 0.000000 0.000000 1.000000 0.000000 0.000000
8.000000 91.613653 18.786343 0.223933 2.672288 0.000000 0.000000 0.000000 1.000000 0.000000 0.000000
8.000000 91.616679 18.829122 0.217025 2.662643 0.000000 0.000000 0.000000 1.000000 0.000000 0.000000
8.000000 91.617727 18.695506 0.259324 2.675556 0.000000 0.000000 0.000000 1.000000 0.000000 0.000000
8.000000 91.619370 18.663138 0.219788 2.669386 0.000000 0.000000 0.000000 1.000000 0.000000 0.000000
8.000000 91.619493 18.745341 0.206549 2.630901 0.000000 0.000000 0.000000 1.000000 0.000000 0.000000
8.000000 91.621013 18.785157 0.168133 2.671651 0.000000 0.000000 0.000000 1.000000 0.000000 0.000000
8.000000 91.623673 18.679952 0.229946 2.711368 0.000000 0.000000 0.000000 1.000000 0.000000 0.000000
8.000000 91.627115 18.721274 0.222906 2.699679 0.000000 0.000000 0.000000 1.000000 0.000000 0.000000
8.000000 91.627908 18.590296 0.265233 2.708832 0.000000 0.000000 0.000000 1.000000 0.000000 0.000000
8.000000 91.629312 18.522779 0.224685 2.634416 0.000000 0.000000 0.000000 1.000000 0.000000 0.000000
8.000000 91.629328 18.638514 0.215963 2.663320 0.000000 0.000000 0.000000 1.000000 0.000000 0.000000
8.000000 91.630793 18.587017 0.226404 2.748031 0.000000 0.000000 0.000000 1.000000 0.000000 0.000000
8.000000 91.633656 18.560493 0.245112 2.745515 0.000000 0.000000 0.000000 1.000000 0.000000 0.000000
8.000000 91.636712 18.505545 0.237310 2.733681 0.000000 0.000000 0.000000 1.000000 0.000000 0.000000
8.000000 91.637688 18.435662 0.261078 2.734898 0.000000 0.000000 0.000000 1.000000 0.000000 0.000000
8.000000 91.639298 18.432795 0.237133 2.737335 0.000000 0.000000 0.000000 1.000000 0.000000 0.000000
8.000000 91.639389 18.532354 0.228817 2.695352 0.000000 0.000000 0.000000 1.000000 0.000000 0.000000
8.000000 91.640843 18.537020 0.199731 2.730130 0.000000 0.000000 0.000000 1.000000 0.000000 0.000000
8.000000 91.643726 18.447676 0.248401 2.779267 0.000000 0.000000 0.000000 1.000000 0.000000 0.000000
8.000000 91.646757 18.498856 0.242582 2.774804 0.000000 0.000000 0.000000 1.000000 0.000000 0.000000
8.000000 91.647621 18.360202 0.287969 2.785668 0.000000 0.000000 0.000000 1.000000 0.000000 0.000000
8.000000 91.649366 18.298431 0.252657 2.708504 0.000000 0.000000 0.000000 1.000000 0.000000 0.000000
8.000000 91.649388 18.430924 0.237573 2.734400 0.000000 0.000000 0.000000 1.000000 0.000000 0.000000
8.000000 91.650768 18.363038 0.238935 2.816167 0.000000 0.000000 0.000000 1.000000 0.000000 0.000000
8.000000 91.653692 18.324954 0.266842 2.812478 0.000000 0.000000 0.000000 1.000000 0.000000 0.000000
8.000000 91.656750 18.374986 0.260516 2.805960 0.000000 0.000000 0.000000 1.000000 0.000000 0.000000
8.000000 91.657684 18.262940 0.296928 2.819279 0.000000 0.000000 0.000000 1.000000 0.000000 0.000000
8.000000 91.659365 18.199558 0.259080 2.741061 0.000000 0.000000 0.000000 1.000000 0.000000 0.000000
8.000000 91.659378 18.318115 0.248910 2.761373 0.000000 0.000000 0.000000 1.000000 0.000000 0.000000
8.000000 91.660885 18.253453 0.253017 2.850053 0.000000 0.000000 0.000000 1.000000 0.000000 0.000000
8.000000 91.663790 18.222169 0.275291 2.849179 0.000000 0.000000 0.000000 1.000000 0.000000 0.000000
8.000000 91.666737 18.258348 0.268287 2.841383 0.000000 0.000000 0.000000 1.000000 0.000000 0.000000
8.000000 91.667649 18.153835 0.302132 2.855526 0.000000 0.000000 0.000000 1.000000 0.000000 0.000000
8.000000 91.669270 18.127788 0.270517 2.848666 0.000000 0.000000 0.000000 1.000000 0.000000 0.000000
8.000000 91.669402 18.214756 0.261400 2.797500 0.000000 0.000000 0.000000 1.000000 0.000000 0.000000
8.000000 91.670826 18.210740 0.232888 2.832130 0.000000 0.000000 0.000000 1.000000 0.000000 0.000000
8.000000 91.673661 18.115102 0.281996 2.881068 0.000000 0.000000 0.000000 1.000000 0.000000 0.000000
8.000000 91.676645 18.143144 0.274276 2.870743 0.000000 0.000000 0.000000 1.000000 0.000000 0.000000
8.000000 91.677857 18.036516 0.308927 2.884199 0.000000 0.000000 0.000000 1.000000 0.000000 0.000000
8.000000 91.679235 17.996538 0.272614 2.872814 0.000000 0.000000 0.000000 1.000000 0.000000 0.000000
8.000000 91.679256 18.096374 0.274007 2.823834 0.000000 0.000000 0.000000 1.000000 0.000000 0.000000
8.000000 91.680854 18.101432 0.245824 2.863808 0.000000 0.000000 0.000000 1.000000 0.000000 0.000000
8.000000 91.683780 18.005739 0.295868 2.913353 0.000000 0.000000 0.000000 1.000000 0.000000 0.000000
8.000000 91.686736 17.999298 0.288510 2.901450 0.000000 0.000000 0.000000 1.000000 0.000000 0.000000
8.000000 91.687729 17.904189 0.320684 2.905614 0.000000 0.000000 0.000000 1.000000 0.000000 0.000000
8.000000 91.689259 17.913729 0.300513 2.906177 0.000000 0.000000 0.000000 1.000000 0.000000 0.000000
8.000000 91.689443 17.991951 0.279659 2.858907 0.000000 0.000000 0.000000 1.000000 0.000000 0.000000
8.000000 91.690959 18.001508 0.247627 2.894447 0.000000 0.000000 0.000000 1.000000 0.000000 0.000000
8.000000 91.693688 17.900026 0.300690 2.944410 0.000000 0.000000 0.000000 1.000000 0.000000 0.000000
8.000000 91.696738 17.933506 0.293332 2.932209 0.000000 0.000000 0.000000 1.000000 0.000000 0.000000
8.000000 91.697672 17.827005 0.327620 2.945457 0.000000 0.000000 0.000000 1.000000 0.000000 0.000000
8.000000 91.699398 17.777245 0.298154 2.868287 0.000000 0.000000 0.000000 1.000000 0.000000 0.000000
8.000000 91.699655 17.883818 0.292988 2.888890 0.000000 0.000000 0.000000 1.000000 0.000000 0.000000
8.000000 91.700798 17.811464 0.294050 2.982444 0.000000 0.000000 0.000000 1.000000 0.000000 0.000000
8.000000 91.703820 17.783377 0.311808 2.975940 0.000000 0.000000 0.000000 1.000000 0.000000 0.000000
8.000000 91.706802 17.810530 0.304644 2.961609 0.000000 0.000000 0.000000 1.000000 0.000000 0.000000
8.000000 91.707704 17.719703 0.333763 2.973348 0.000000 0.000000 0.000000 1.000000 0.000000 0.000000
8.000000 91.709390 17.713221 0.312210 2.972393 0.000000 0.000000 0.000000 1.000000 0.000000 0.000000
8.000000 91.709409 17.782834 0.297831 2.920335 0.000000 0.000000 0.000000 1.000000 0.000000 0.000000
8.000000 91.710904 17.768212 0.273705 2.951473 0.000000 0.000000 0.000000 1.000000 0.000000 0.000000
8.000000 91.713702 17.674987 0.320647 3.001759 0.000000 0.000000 0.000000 1.000000 0.000000 0.000000
8.000000 91.716693 17.695138 0.313508 2.989208 0.000000 0.000000 0.000000 1.000000 0.000000 0.000000
8.000000 91.717694 17.605751 0.343130 2.998643 0.000000 0.000000 0.000000 1.000000 0.000000 0.000000
8.000000 91.719304 17.558429 0.316451 2.926396 0.000000 0.000000 0.000000 1.000000 0.000000 0.000000
8.000000 91.719358 17.658996 0.307752 2.936256 0.000000 0.000000 0.000000 1.000000 0.000000 0.000000
8.000000 91.720915 17.588351 0.305484 3.029801 0.000000 0.000000 0.000000 1.000000 0.000000 0.000000
8.000000 91.723817 17.557551 0.327008 3.036189 0.000000 0.000000 0.000000 1.000000 0.000000 0.000000
8.000000 91.726794 17.595347 0.320234 3.018573 0.000000 0.000000 0.000000 1.000000 0.000000 0.000000
8.000000 91.727665 17.488640 0.355698 3.023400 0.000000 0.000000 0.000000 1.000000 0.000000 0.000000
8.000000 91.729403 17.514618 0.346563 3.023440 0.000000 0.000000 0.000000 1.000000 0.000000 0.000000
8.000000 91.729561 17.566589 0.317953 2.969882 0.000000 0.000000 0.000000 1.000000 0.000000 0.000000
8.000000 91.730922 17.555818 0.291016 3.000393 0.000000 0.000000 0.000000 1.000000 0.000000 0.000000
8.000000 91.733777 17.467947 0.333003 3.058442 0.000000 0.000000 0.000000 1.000000 0.000000 0.000000
8.000000 91.736681 17.464116 0.326465 3.040552 0.000000 0.000000 0.000000 1.000000 0.000000 0.000000
8.000000 91.737677 17.362600 0.358309 3.047649 0.000000 0.000000 0.000000 1.000000 0.000000 0.000000
8.000000 91.739356 17.331793 0.339143 2.978026 0.000000 0.000000 0.000000 1.000000 0.000000 0.000000
8.000000 91.739389 17.453017 0.328325 2.995020 0.000000 0.000000 0.000000 1.000000 0.000000 0.000000
8.000000 91.740839 17.379113 0.324308 3.080555 0.000000 0.000000 0.000000 1.000000 0.000000 0.000000
8.000000 91.743805 17.357236 0.337360 3.074533 0.000000 0.000000 0.000000 1.000000 0.000000 0.000000
8.000000 91.746690 17.415970 0.332122 3.065894 0.000000 0.000000 0.000000 1.000000 0.000000 0.000000
8.000000 91.747708 17.291268 0.372354 3.078835 0.000000 0.000000 0.000000 1.000000 0.000000 0.000000
8.000000 91.749395 17.309497 0.364071 3.075816 0.000000 0.000000 0.000000 1.000000 0.000000 0.000000
8.000000 91.749421 17.351405 0.337802 3.019537 0.000000 0.000000 0.000000 1.000000 0.000000 0.000000
8.000000 91.750930 17.321622 0.318352 3.037355 0.000000 0.000000 0.000000 1.000000 0.000000 0.000000
8.000000 91.753777 17.257669 0.345738 3.091473 0.000000 0.000000 0.000000 1.000000 0.000000 0.000000
8.000000 91.756643 17.292251 0.340412 3.085450 0.000000 0.000000 0.000000 1.000000 0.000000 0.000000
8.000000 91.757737 17.177938 0.377136 3.099688 0.000000 0.000000 0.000000 1.000000 0.000000 0.000000
8.000000 91.759381 17.204498 0.373602 3.098895 0.000000 0.000000 0.000000 1.000000 0.000000 0.000000
8.000000 91.759582 17.238190 0.347761 3.048544 0.000000 0.000000 0.000000 1.000000 0.000000 0.000000
8.000000 91.761183 17.226102 0.326657 3.071658 0.000000 0.000000 0.000000 1.000000 0.000000 0.000000
8.000000 91.763761 17.153748 0.360240 3.118974 0.000000 0.000000 0.000000 1.000000 0.000000 0.000000
8.000000 91.766691 17.161212 0.353800 3.115953 0.000000 0.000000 0.000000 1.000000 0.000000 0.000000
8.000000 91.767941 17.065093 0.386175 3.128841 0.000000 0.000000 0.000000 1.000000 0.000000 0.000000
8.000000 91.769460 17.028953 0.367102 3.050074 0.000000 0.000000 0.000000 1.000000 0.000000 0.000000
8.000000 91.769475 17.151055 0.356524 3.070214 0.000000 0.000000 0.000000 1.000000 0.000000 0.000000
8.000000 91.770899 17.065463 0.346981 3.157387 0.000000 0.000000 0.000000 1.000000 0.000000 0.000000
8.000000 91.773851 17.026731 0.369915 3.140247 0.000000 0.000000 0.000000 1.000000 0.000000 0.000000
8.000000 91.776639 17.061516 0.363009 3.129696 0.000000 0.000000 0.000000 1.000000 0.000000 0.000000
8.000000 91.777762 16.962548 0.395907 3.143213 0.000000 0.000000 0.000000 1.000000 0.000000 0.000000
8.000000 91.779372 16.927703 0.377546 3.067672 0.000000 0.000000 0.000000 1.000000 0.000000 0.000000
8.000000 91.779556 17.045519 0.367337 3.086683 0.000000 0.000000 0.000000 1.000000 0.000000 0.000000
8.000000 91.780914 16.940469 0.346491 3.160038 0.000000 0.000000 0.000000 1.000000 0.000000 0.000000
8.000000 91.783781 16.900471 0.372129 3.145538 0.000000 0.000000 0.000000 1.000000 0.000000 0.000000
8.000000 91.786737 16.875808 0.368083 3.145326 0.000000 0.000000 0.000000 1.000000 0.000000 0.000000
8.000000 91.787694 16.791863 0.394356 3.158065 0.000000 0.000000 0.000000 1.000000 0.000000 0.000000
8.000000 91.789409 16.832282 0.387819 3.167775 0.000000 0.000000 0.000000 1.000000 0.000000 0.000000
8.000000 91.789430 16.928937 0.379534 3.109782 0.000000 0.000000 0.000000 1.000000 0.000000 0.000000
8.000000 91.790933 16.784605 0.393734 3.092145 0.000000 0.000000 0.000000 1.000000 0.000000 0.000000
8.000000 91.793753 16.796567 0.377342 3.153969 0.000000 0.000000 0.000000 1.000000 0.000000 0.000000
8.000000 91.796676 16.820592 0.377316 3.176281 0.000000 0.000000 0.000000 1.000000 0.000000 0.000000
8.000000 91.797764 16.732626 0.409512 3.180632 0.000000 0.000000 0.000000 1.000000 0.000000 0.000000
8.000000 91.799311 16.707510 0.399328 3.102139 0.000000 0.000000 0.000000 1.000000 0.000000 0.000000
8.000000 91.799423 16.825878 0.389446 3.129743 0.000000 0.000000 0.000000 1.000000 0.000000 0.000000
8.000000 91.800958 16.722675 0.367712 3.197025 0.000000 0.000000 0.000000 1.000000 0.000000 0.000000
8.000000 91.803796 16.686820 0.390457 3.180953 0.000000 0.000000 0.000000 1.000000 0.000000 0.000000
8.000000 91.806909 16.727761 0.388943 3.191881 0.000000 0.000000 0.000000 1.000000 0.000000 0.000000
8.000000 91.807706 16.640435 0.418544 3.203583 0.000000 0.000000 0.000000 1.000000 0.000000 0.000000
8.000000 91.809377 16.679445 0.419701 3.199509 0.000000 0.000000 0.000000 1.000000 0.000000 0.000000
8.000000 91.809436 16.719567 0.395330 3.142487 0.000000 0.000000 0.000000 1.000000 0.000000 0.000000
8.000000 91.813725 16.844607 0.373322 3.128807 0.000000 0.000000 0.000000 1.000000 0.000000 0.000000
8.000000 91.816992 16.625776 0.393485 3.203732 0.000000 0.000000 0.000000 1.000000 0.000000 0.000000
8.000000 91.817762 16.527904 0.425811 3.221075 0.000000 0.000000 0.000000 1.000000 0.000000 0.000000
8.000000 91.819399 16.525606 0.405692 3.213871 0.000000 0.000000 0.000000 1.000000 0.000000 0.000000
8.000000 91.819476 16.620719 0.405804 3.157346 0.000000 0.000000 0.000000 1.000000 0.000000 0.000000
8.000000 91.823769 16.738635 0.385726 3.146101 0.000000 0.000000 0.000000 1.000000 0.000000 0.000000
8.000000 91.826930 16.495205 0.403766 3.220519 0.000000 0.000000 0.000000 1.000000 0.000000 0.000000
8.000000 91.827725 16.405288 0.434816 3.232832 0.000000 0.000000 0.000000 1.000000 0.000000 0.000000
8.000000 91.829474 16.525855 0.467503 3.235923 0.000000 0.000000 0.000000 1.000000 0.000000 0.000000
8.000000 91.829571 16.515624 0.413626 3.180594 0.000000 0.000000 0.000000 1.000000 0.000000 0.000000
8.000000 91.833748 16.655962 0.383607 3.158884 0.000000 0.000000 0.000000 1.000000 0.000000 0.000000
8.000000 91.837081 16.436223 0.399808 3.222624 0.000000 0.000000 0.000000 1.000000 0.000000 0.000000
8.000000 91.837864 16.308059 0.442494 3.232671 0.000000 0.000000 0.000000 1.000000 0.000000 0.000000
8.000000 91.839327 16.292246 0.435994 3.167259 0.000000 0.000000 0.000000 1.000000 0.000000 0.000000
8.000000 91.839536 16.418019 0.422920 3.195413 0.000000 0.000000 0.000000 1.000000 0.000000 0.000000
8.000000 91.843779 16.367957 0.420749 3.239926 0.000000 0.000000 0.000000 1.000000 0.000000 0.000000
8.000000 91.846838 16.308850 0.418544 3.247856 0.000000 0.000000 0.000000 1.000000 0.000000 0.000000
8.000000 91.847899 16.210989 0.451217 3.264994 0.000000 0.000000 0.000000 1.000000 0.000000 0.000000
8.000000 91.849491 16.193793 0.442576 3.191115 0.000000 0.000000 0.000000 1.000000 0.000000 0.000000
8.000000 91.849544 16.297741 0.435805 3.208917 0.000000 0.000000 0.000000 1.000000 0.000000 0.000000
8.000000 91.853789 16.249602 0.435028 3.251228 0.000000 0.000000 0.000000 1.000000 0.000000 0.000000
8.000000 91.856868 16.178241 0.432380 3.256104 0.000000 0.000000 0.000000 1.000000 0.000000 0.000000
8.000000 91.857763 16.104503 0.457103 3.275724 0.000000 0.000000 0.000000 1.000000 0.000000 0.000000
8.000000 91.859297 16.097090 0.452458 3.202939 0.000000 0.000000 0.000000 1.000000 0.000000 0.000000
8.000000 91.859499 16.208096 0.444568 3.221135 0.000000 0.000000 0.000000 1.000000 0.000000 0.000000
8.000000 91.863811 16.163150 0.445602 3.263990 0.000000 0.000000 0.000000 1.000000 0.000000 0.000000
8.000000 91.866994 16.061729 0.442198 3.270985 0.000000 0.000000 0.000000 1.000000 0.000000 0.000000
8.000000 91.867718 16.003477 0.463041 3.287880 0.000000 0.000000 0.000000 1.000000 0.000000 0.000000
8.000000 91.869381 15.999166 0.460887 3.213561 0.000000 0.000000 0.000000 1.000000 0.000000 0.000000
8.000000 91.869478 16.101584 0.454842 3.232173 0.000000 0.000000 0.000000 1.000000 0.000000 0.000000
8.000000 91.873746 16.068258 0.460263 3.270256 0.000000 0.000000 0.000000 1.000000 0.000000 0.000000
8.000000 91.876752 15.925257 0.455637 3.282306 0.000000 0.000000 0.000000 1.000000 0.000000 0.000000
8.000000 91.877770 15.889376 0.469866 3.301928 0.000000 0.000000 0.000000 1.000000 0.000000 0.000000
8.000000 91.879347 15.893825 0.472311 3.227553 0.000000 0.000000 0.000000 1.000000 0.000000 0.000000
8.000000 91.879415 15.998849 0.464806 3.244118 0.000000 0.000000 0.000000 1.000000 0.000000 0.000000
8.000000 91.883850 15.932940 0.455234 3.282807 0.000000 0.000000 0.000000 1.000000 0.000000 0.000000
8.000000 91.887091 15.878579 0.452818 3.280850 0.000000 0.000000 0.000000 1.000000 0.000000 0.000000
8.000000 91.887758 15.784970 0.484178 3.299340 0.000000 0.000000 0.000000 1.000000 0.000000 0.000000
8.000000 91.889409 15.982109 0.557657 3.307388 0.000000 0.000000 0.000000 1.000000 0.000000 0.000000
8.000000 91.889470 15.885825 0.477187 3.253166 0.000000 0.000000 0.000000 1.000000 0.000000 0.000000
8.000000 91.893751 15.980329 0.459700 3.228155 0.000000 0.000000 0.000000 1.000000 0.000000 0.000000
8.000000 91.896886 15.732560 0.473011 3.305018 0.000000 0.000000 0.000000 1.000000 0.000000 0.000000
8.000000 91.897781 15.687513 0.490020 3.321871 0.000000 0.000000 0.000000 1.000000 0.000000 0.000000
8.000000 91.899396 15.691812 0.492337 3.248763 0.000000 0.000000 0.000000 1.000000 0.000000 0.000000
8.000000 91.899603 15.787066 0.487043 3.264999 0.000000 0.000000 0.000000 1.000000 0.000000 0.000000
8.000000 91.903822 15.716024 0.474721 3.306661 0.000000 0.000000 0.000000 1.000000 0.000000 0.000000
8.000000 91.906860 15.651865 0.471969 3.310838 0.000000 0.000000 0.000000 1.000000 0.000000 0.000000
8.000000 91.907757 15.584207 0.495985 3.328227 0.000000 0.000000 0.000000 1.000000 0.000000 0.000000
8.000000 91.909451 15.590256 0.498970 3.254732 0.000000 0.000000 0.000000 1.000000 0.000000 0.000000
8.000000 91.909503 15.674537 0.496766 3.271039 0.000000 0.000000 0.000000 1.000000 0.000000 0.000000
8.000000 91.913799 15.571340 0.470773 3.315083 0.000000 0.000000 0.000000 1.000000 0.000000 0.000000
8.000000 91.916720 15.596170 0.469940 3.313109 0.000000 0.000000 0.000000 1.000000 0.000000 0.000000
8.000000 91.917849 15.478143 0.508802 3.339317 0.000000 0.000000 0.000000 1.000000 0.000000 0.000000
8.000000 91.919459 15.590672 0.537919 3.338253 0.000000 0.000000 0.000000 1.000000 0.000000 0.000000
8.000000 91.919460 15.598549 0.499464 3.275894 0.000000 0.000000 0.000000 1.000000 0.000000 0.000000
8.000000 91.923858 15.696901 0.477349 3.244918 0.000000 0.000000 0.000000 1.000000 0.000000 0.000000
8.000000 91.926872 15.462264 0.486092 3.318030 0.000000 0.000000 0.000000 1.000000 0.000000 0.000000
8.000000 91.927745 15.362756 0.520284 3.342006 0.000000 0.000000 0.000000 1.000000 0.000000 0.000000
8.000000 91.929391 15.365933 0.522323 3.268194 0.000000 0.000000 0.000000 1.000000 0.000000 0.000000
8.000000 91.929687 15.506996 0.504666 3.281061 0.000000 0.000000 0.000000 1.000000 0.000000 0.000000
8.000000 91.933839 15.486094 0.511521 3.312772 0.000000 0.000000 0.000000 1.000000 0.000000 0.000000
8.000000 91.936693 15.246976 0.504382 3.327564 0.000000 0.000000 0.000000 1.000000 0.000000 0.000000
8.000000 91.937970 15.250549 0.507326 3.334536 0.000000 0.000000 0.000000 1.000000 0.000000 0.000000
8.000000 91.939347 15.288536 0.526304 3.267949 0.000000 0.000000 0.000000 1.000000 0.000000 0.000000
8.000000 91.939390 15.385009 0.517499 3.278507 0.000000 0.000000 0.000000 1.000000 0.000000 0.000000
8.000000 91.943865 15.361405 0.521378 3.312531 0.000000 0.000000 0.000000 1.000000 0.000000 0.000000
8.000000 91.946741 15.204123 0.516411 3.326855 0.000000 0.000000 0.000000 1.000000 0.000000 0.000000
8.000000 91.947774 15.162096 0.530778 3.346714 0.000000 0.000000 0.000000 1.000000 0.000000 0.000000
8.000000 91.949406 15.165014 0.530820 3.283106 0.000000 0.000000 0.000000 1.000000 0.000000 0.000000
8.000000 91.949429 15.273167 0.518816 3.284500 0.000000 0.000000 0.000000 1.000000 0.000000 0.000000
8.000000 91.953810 15.260870 0.526812 3.316229 0.000000 0.000000 0.000000 1.000000 0.000000 0.000000
8.000000 91.956741 15.112298 0.521938 3.334107 0.000000 0.000000 0.000000 1.000000 0.000000 0.000000
8.000000 91.957805 15.062339 0.539903 3.352693 0.000000 0.000000 0.000000 1.000000 0.000000 0.000000
8.000000 91.959348 15.097441 0.537033 3.341927 0.000000 0.000000 0.000000 1.000000 0.000000 0.000000
8.000000 91.959422 15.157738 0.529758 3.286579 0.000000 0.000000 0.000000 1.000000 0.000000 0.000000
8.000000 91.963791 15.214571 0.523740 3.270391 0.000000 0.000000 0.000000 1.000000 0.000000 0.000000
8.000000 91.966883 15.000644 0.534896 3.339797 0.000000 0.000000 0.000000 1.000000 0.000000 0.000000
8.000000 91.968009 14.970593 0.546969 3.355319 0.000000 0.000000 0.000000 1.000000 0.000000 0.000000
8.000000 91.969388 14.982627 0.546300 3.341744 0.000000 0.000000 0.000000 1.000000 0.000000 0.000000
8.000000 91.969421 15.033892 0.546932 3.287070 0.000000 0.000000 0.000000 1.000000 0.000000 0.000000
8.000000 91.973807 15.120496 0.530911 3.267749 0.000000 0.000000 0.000000 1.000000 0.000000 0.000000
8.000000 91.976807 14.906631 0.538702 3.338033 0.000000 0.000000 0.000000 1.000000 0.000000 0.000000
8.000000 91.977857 14.858724 0.557520 3.355742 0.000000 0.000000 0.000000 1.000000 0.000000 0.000000
8.000000 91.979390 14.860654 0.559935 3.283574 0.000000 0.000000 0.000000 1.000000 0.000000 0.000000
8.000000 91.979432 14.929668 0.560122 3.299027 0.000000 0.000000 0.000000 1.000000 0.000000 0.000000
8.000000 91.983837 14.864528 0.547738 3.340547 0.000000 0.000000 0.000000 1.000000 0.000000 0.000000
8.000000 91.986796 14.827347 0.545553 3.341425 0.000000 0.000000 0.000000 1.000000 0.000000 0.000000
8.000000 91.987778 14.771652 0.567983 3.348446 0.000000 0.000000 0.000000 1.000000 0.000000 0.000000
8.000000 91.989489 15.063670 0.691526 3.349505 0.000000 0.000000 0.000000 1.000000 0.000000 0.000000
8.000000 91.989509 14.849967 0.570992 3.301061 0.000000 0.000000 0.000000 1.000000 0.000000 0.000000
8.000000 91.993853 14.982428 0.544485 3.276475 0.000000 0.000000 0.000000 1.000000 0.000000 0.000000
8.000000 91.996830 14.700608 0.553022 3.346521 0.000000 0.000000 0.000000 1.000000 0.000000 0.000000
8.000000 91.997965 14.657312 0.570375 3.356296 0.000000 0.000000 0.000000 1.000000 0.000000 0.000000
8.000000 91.999421 14.664525 0.574797 3.285652 0.000000 0.000000 0.000000 1.000000 0.000000 0.000000
8.000000 91.999455 14.746875 0.572248 3.302921 0.000000 0.000000 0.000000 1.000000 0.000000 0.000000
8.000000 92.003893 14.695874 0.566191 3.341634 0.000000 0.000000 0.000000 1.000000 0.000000 0.000000
8.000000 92.006972 14.597873 0.562360 3.338376 0.000000 0.000000 0.000000 1.000000 0.000000 0.000000
8.000000 92.007788 14.551417 0.579575 3.350157 0.000000 0.000000 0.000000 1.000000 0.000000 0.000000
8.000000 92.009405 14.798693 0.678409 3.357092 0.000000 0.000000 0.000000 1.000000 0.000000 0.000000
8.000000 92.009575 14.642373 0.580760 3.300538 0.000000 0.000000 0.000000 1.000000 0.000000 0.000000
8.000000 92.013918 14.745960 0.562907 3.274135 0.000000 0.000000 0.000000 1.000000 0.000000 0.000000
8.000000 92.016760 14.480708 0.574092 3.343102 0.000000 0.000000 0.000000 1.000000 0.000000 0.000000
8.000000 92.017841 14.452707 0.586171 3.350218 0.000000 0.000000 0.000000 1.000000 0.000000 0.000000
8.000000 92.019380 14.476728 0.597064 3.281868 0.000000 0.000000 0.000000 1.000000 0.000000 0.000000
8.000000 92.019395 14.532928 0.600024 3.293718 0.000000 0.000000 0.000000 1.000000 0.000000 0.000000
8.000000 92.023900 14.460593 0.583311 3.335812 0.000000 0.000000 0.000000 1.000000 0.000000 0.000000
8.000000 92.026993 14.404153 0.580601 3.334798 0.000000 0.000000 0.000000 1.000000 0.000000 0.000000
8.000000 92.027825 14.342757 0.605303 3.338637 0.000000 0.000000 0.000000 1.000000 0.000000 0.000000
8.000000 92.029536 14.345040 0.609355 3.268995 0.000000 0.000000 0.000000 1.000000 0.000000 0.000000
8.000000 92.029838 14.452501 0.601748 3.296875 0.000000 0.000000 0.000000 1.000000 0.000000 0.000000
8.000000 92.033833 14.389668 0.590312 3.337357 0.000000 0.000000 0.000000 1.000000 0.000000 0.000000
8.000000 92.036760 14.252607 0.584943 3.341883 0.000000 0.000000 0.000000 1.000000 0.000000 0.000000
8.000000 92.037930 14.208702 0.604929 3.345161 0.000000 0.000000 0.000000 1.000000 0.000000 0.000000
8.000000 92.039401 14.242961 0.622821 3.270650 0.000000 0.000000 0.000000 1.000000 0.000000 0.000000
8.000000 92.039628 14.349475 0.616178 3.298183 0.000000 0.000000 0.000000 1.000000 0.000000 0.000000
8.000000 92.043908 14.286156 0.605042 3.335192 0.000000 0.000000 0.000000 1.000000 0.000000 0.000000
8.000000 92.047088 14.203156 0.601169 3.326620 0.000000 0.000000 0.000000 1.000000 0.000000 0.000000
8.000000 92.047827 14.156833 0.620074 3.335361 0.000000 0.000000 0.000000 1.000000 0.000000 0.000000
8.000000 92.049569 14.158120 0.622728 3.268040 0.000000 0.000000 0.000000 1.000000 0.000000 0.000000
8.000000 92.049713 14.237760 0.621044 3.290011 0.000000 0.000000 0.000000 1.000000 0.000000 0.000000
8.000000 92.053827 14.181385 0.611705 3.324657 0.000000 0.000000 0.000000 1.000000 0.000000 0.000000
8.000000 92.056874 14.102356 0.607960 3.319193 0.000000 0.000000 0.000000 1.000000 0.000000 0.000000
8.000000 92.057897 14.058655 0.625257 3.331663 0.000000 0.000000 0.000000 1.000000 0.000000 0.000000
8.000000 92.059485 14.066170 0.629447 3.264612 0.000000 0.000000 0.000000 1.000000 0.000000 0.000000
8.000000 92.059518 14.124671 0.633136 3.283786 0.000000 0.000000 0.000000 1.000000 0.000000 0.000000
8.000000 92.063878 14.062327 0.621575 3.322020 0.000000 0.000000 0.000000 1.000000 0.000000 0.000000
8.000000 92.066979 14.011761 0.618852 3.309882 0.000000 0.000000 0.000000 1.000000 0.000000 0.000000
8.000000 92.067864 13.953837 0.640052 3.322220 0.000000 0.000000 0.000000 1.000000 0.000000 0.000000
8.000000 92.069474 14.137145 0.708640 3.323497 0.000000 0.000000 0.000000 1.000000 0.000000 0.000000
8.000000 92.069509 14.042565 0.639856 3.267447 0.000000 0.000000 0.000000 1.000000 0.000000 0.000000
8.000000 92.071026 13.822372 0.670898 3.249126 0.000000 0.000000 0.000000 1.000000 0.000000 0.000000
8.000000 92.073841 13.869751 0.634888 3.300804 0.000000 0.000000 0.000000 1.000000 0.000000 0.000000
8.000000 92.076848 13.873435 0.632451 3.308163 0.000000 0.000000 0.000000 1.000000 0.000000 0.000000
8.000000 92.077911 13.850406 0.644797 3.306171 0.000000 0.000000 0.000000 1.000000 0.000000 0.000000
8.000000 92.079380 13.860323 0.651929 3.239120 0.000000 0.000000 0.000000 1.000000 0.000000 0.000000
8.000000 92.079498 13.964858 0.644491 3.263040 0.000000 0.000000 0.000000 1.000000 0.000000 0.000000
8.000000 92.081010 13.845090 0.603224 3.328797 0.000000 0.000000 0.000000 1.000000 0.000000 0.000000
8.000000 92.083911 13.764331 0.645479 3.298977 0.000000 0.000000 0.000000 1.000000 0.000000 0.000000
8.000000 92.086830 13.748396 0.640394 3.302534 0.000000 0.000000 0.000000 1.000000 0.000000 0.000000
8.000000 92.087798 13.744804 0.646300 3.302307 0.000000 0.000000 0.000000 1.000000 0.000000 0.000000
8.000000 92.089458 14.025259 0.765098 3.305604 0.000000 0.000000 0.000000 1.000000 0.000000 0.000000
8.000000 92.089567 13.835222 0.659140 3.257394 0.000000 0.000000 0.000000 1.000000 0.000000 0.000000
8.000000 92.091093 13.643190 0.681443 3.247336 0.000000 0.000000 0.000000 1.000000 0.000000 0.000000
8.000000 92.093860 13.663194 0.656762 3.293038 0.000000 0.000000 0.000000 1.000000 0.000000 0.000000
8.000000 92.096844 13.659274 0.651004 3.286579 0.000000 0.000000 0.000000 1.000000 0.000000 0.000000
8.000000 92.097888 13.653687 0.655285 3.292381 0.000000 0.000000 0.000000 1.000000 0.000000 0.000000
8.000000 92.099453 13.874473 0.748332 3.301094 0.000000 0.000000 0.000000 1.000000 0.000000 0.000000
8.000000 92.099462 13.737913 0.667975 3.247525 0.000000 0.000000 0.000000 1.000000 0.000000 0.000000
8.000000 92.101040 13.545783 0.689211 3.239233 0.000000 0.000000 0.000000 1.000000 0.000000 0.000000
8.000000 92.103889 13.553274 0.670679 3.284860 0.000000 0.000000 0.000000 1.000000 0.000000 0.000000
8.000000 92.106883 13.580465 0.665416 3.272948 0.000000 0.000000 0.000000 1.000000 0.000000 0.000000
8.000000 92.107827 13.561093 0.673957 3.280810 0.000000 0.000000 0.000000 1.000000 0.000000 0.000000
8.000000 92.109453 13.752209 0.753244 3.288319 0.000000 0.000000 0.000000 1.000000 0.000000 0.000000
8.000000 92.109605 13.631670 0.679423 3.234416 0.000000 0.000000 0.000000 1.000000 0.000000 0.000000
8.000000 92.111049 13.447268 0.699050 3.227800 0.000000 0.000000 0.000000 1.000000 0.000000 0.000000
8.000000 92.113835 13.455638 0.679208 3.270578 0.000000 0.000000 0.000000 1.000000 0.000000 0.000000
8.000000 92.116808 13.474809 0.672845 3.260269 0.000000 0.000000 0.000000 1.000000 0.000000 0.000000
8.000000 92.117903 13.450891 0.683100 3.271645 0.000000 0.000000 0.000000 1.000000 0.000000 0.000000
8.000000 92.119484 13.714477 0.781949 3.279789 0.000000 0.000000 0.000000 1.000000 0.000000 0.000000
8.000000 92.119524 13.552349 0.679464 3.226251 0.000000 0.000000 0.000000 1.000000 0.000000 0.000000
8.000000 92.121040 13.366755 0.700095 3.214317 0.000000 0.000000 0.000000 1.000000 0.000000 0.000000
8.000000 92.123886 13.367598 0.686781 3.255220 0.000000 0.000000 0.000000 1.000000 0.000000 0.000000
8.000000 92.126914 13.369089 0.680849 3.247381 0.000000 0.000000 0.000000 1.000000 0.000000 0.000000
8.000000 92.127862 13.327394 0.699105 3.249301 0.000000 0.000000 0.000000 1.000000 0.000000 0.000000
8.000000 92.129457 13.645786 0.821481 3.255703 0.000000 0.000000 0.000000 1.000000 0.000000 0.000000
8.000000 92.129538 13.432243 0.695374 3.209821 0.000000 0.000000 0.000000 1.000000 0.000000 0.000000
8.000000 92.131038 13.248710 0.716095 3.198392 0.000000 0.000000 0.000000 1.000000 0.000000 0.000000
8.000000 92.133837 13.271764 0.690286 3.239759 0.000000 0.000000 0.000000 1.000000 0.000000 0.000000
8.000000 92.136848 13.251157 0.683776 3.228859 0.000000 0.000000 0.000000 1.000000 0.000000 0.000000
8.000000 92.137901 13.224158 0.694712 3.234162 0.000000 0.000000 0.000000 1.000000 0.000000 0.000000
8.000000 92.139440 13.464975 0.787189 3.245798 0.000000 0.000000 0.000000 1.000000 0.000000 0.000000
8.000000 92.139600 13.337937 0.706409 3.195293 0.000000 0.000000 0.000000 1.000000 0.000000 0.000000
8.000000 92.141156 13.155226 0.726630 3.187631 0.000000 0.000000 0.000000 1.000000 0.000000 0.000000
8.000000 92.143864 13.184818 0.695562 3.228352 0.000000 0.000000 0.000000 1.000000 0.000000 0.000000
8.000000 92.146904 13.191151 0.688914 3.216872 0.000000 0.000000 0.000000 1.000000 0.000000 0.000000
8.000000 92.147849 13.154388 0.704080 3.224711 0.000000 0.000000 0.000000 1.000000 0.000000 0.000000
8.000000 92.149463 13.329875 0.777399 3.230636 0.000000 0.000000 0.000000 1.000000 0.000000 0.000000
8.000000 92.150021 13.228177 0.713846 3.180189 0.000000 0.000000 0.000000 1.000000 0.000000 0.000000
8.000000 92.151139 13.067528 0.728099 3.178666 0.000000 0.000000 0.000000 1.000000 0.000000 0.000000
8.000000 92.153868 13.063937 0.713632 3.216673 0.000000 0.000000 0.000000 1.000000 0.000000 0.000000
8.000000 92.157017 13.067335 0.705528 3.199586 0.000000 0.000000 0.000000 1.000000 0.000000 0.000000
8.000000 92.157939 13.062911 0.709272 3.206302 0.000000 0.000000 0.000000 1.000000 0.000000 0.000000
8.000000 92.159486 13.251166 0.787745 3.216166 0.000000 0.000000 0.000000 1.000000 0.000000 0.000000
8.000000 92.160025 13.144003 0.722073 3.166146 0.000000 0.000000 0.000000 1.000000 0.000000 0.000000
8.000000 92.161005 12.958108 0.740826 3.164343 0.000000 0.000000 0.000000 1.000000 0.000000 0.000000
8.000000 92.163927 12.966521 0.717970 3.202630 0.000000 0.000000 0.000000 1.000000 0.000000 0.000000
8.000000 92.166932 12.991736 0.709858 3.179089 0.000000 0.000000 0.000000 1.000000 0.000000 0.000000
8.000000 92.167862 12.952614 0.724891 3.189952 0.000000 0.000000 0.000000 1.000000 0.000000 0.000000
8.000000 92.169488 13.086781 0.776285 3.194129 0.000000 0.000000 0.000000 1.000000 0.000000 0.000000
8.000000 92.169670 13.030767 0.732175 3.143561 0.000000 0.000000 0.000000 1.000000 0.000000 0.000000
8.000000 92.171167 12.863850 0.748808 3.147680 0.000000 0.000000 0.000000 1.000000 0.000000 0.000000
8.000000 92.173869 12.864079 0.730688 3.181756 0.000000 0.000000 0.000000 1.000000 0.000000 0.000000
8.000000 92.176807 12.866567 0.721350 3.159562 0.000000 0.000000 0.000000 1.000000 0.000000 0.000000
8.000000 92.177892 12.842892 0.731858 3.166831 0.000000 0.000000 0.000000 1.000000 0.000000 0.000000
8.000000 92.179534 12.872046 0.743596 3.113399 0.000000 0.000000 0.000000 1.000000 0.000000 0.000000
8.000000 92.179536 12.969671 0.737633 3.131115 0.000000 0.000000 0.000000 1.000000 0.000000 0.000000
8.000000 92.181231 12.855735 0.696459 3.203341 0.000000 0.000000 0.000000 1.000000 0.000000 0.000000
8.000000 92.183892 12.769381 0.735148 3.166249 0.000000 0.000000 0.000000 1.000000 0.000000 0.000000
8.000000 92.186923 12.727604 0.724195 3.142017 0.000000 0.000000 0.000000 1.000000 0.000000 0.000000
8.000000 92.187860 12.697621 0.737165 3.143334 0.000000 0.000000 0.000000 1.000000 0.000000 0.000000
8.000000 92.189523 12.985168 0.843971 3.157217 0.000000 0.000000 0.000000 1.000000 0.000000 0.000000
8.000000 92.189657 12.830996 0.746733 3.110269 0.000000 0.000000 0.000000 1.000000 0.000000 0.000000
8.000000 92.191267 12.674455 0.758847 3.113022 0.000000 0.000000 0.000000 1.000000 0.000000 0.000000
8.000000 92.193895 12.666002 0.744233 3.148019 0.000000 0.000000 0.000000 1.000000 0.000000 0.000000
8.000000 92.196850 12.713290 0.736039 3.120051 0.000000 0.000000 0.000000 1.000000 0.000000 0.000000
8.000000 92.197980 12.674828 0.750490 3.133205 0.000000 0.000000 0.000000 1.000000 0.000000 0.000000
8.000000 92.199512 12.786653 0.797502 3.141969 0.000000 0.000000 0.000000 1.000000 0.000000 0.000000
8.000000 92.200246 12.737467 0.759181 3.086734 0.000000 0.000000 0.000000 1.000000 0.000000 0.000000
8.000000 92.201143 12.576077 0.770679 3.090054 0.000000 0.000000 0.000000 1.000000 0.000000 0.000000
8.000000 92.204134 12.564392 0.756066 3.125967 0.000000 0.000000 0.000000 1.000000 0.000000 0.000000
8.000000 92.206835 12.581141 0.745753 3.099202 0.000000 0.000000 0.000000 1.000000 0.000000 0.000000
8.000000 92.207883 12.554688 0.757026 3.109379 0.000000 0.000000 0.000000 1.000000 0.000000 0.000000
8.000000 92.209498 12.718686 0.819165 3.116200 0.000000 0.000000 0.000000 1.000000 0.000000 0.000000
8.000000 92.209780 12.653849 0.770782 3.068863 0.000000 0.000000 0.000000 1.000000 0.000000 0.000000
8.000000 92.211159 12.460229 0.793594 3.061586 0.000000 0.000000 0.000000 1.000000 0.000000 0.000000
8.000000 92.213951 12.489512 0.761964 3.094700 0.000000 0.000000 0.000000 1.000000 0.000000 0.000000
8.000000 92.216847 12.484756 0.753225 3.080608 0.000000 0.000000 0.000000 1.000000 0.000000 0.000000
8.000000 92.217925 12.452658 0.767009 3.089824 0.000000 0.000000 0.000000 1.000000 0.000000 0.000000
8.000000 92.219532 12.635525 0.827324 3.089894 0.000000 0.000000 0.000000 1.000000 0.000000 0.000000
8.000000 92.219655 12.573276 0.772216 3.040909 0.000000 0.000000 0.000000 1.000000 0.000000 0.000000
8.000000 92.221128 12.347996 0.801487 3.043634 0.000000 0.000000 0.000000 1.000000 0.000000 0.000000
8.000000 92.223947 12.362833 0.775283 3.079019 0.000000 0.000000 0.000000 1.000000 0.000000 0.000000
8.000000 92.226938 12.365751 0.765806 3.056413 0.000000 0.000000 0.000000 1.000000 0.000000 0.000000
8.000000 92.227896 12.348878 0.774524 3.059915 0.000000 0.000000 0.000000 1.000000 0.000000 0.000000
8.000000 92.229519 12.585599 0.860214 3.069582 0.000000 0.000000 0.000000 1.000000 0.000000 0.000000
8.000000 92.229621 12.473366 0.783715 3.024706 0.000000 0.000000 0.000000 1.000000 0.000000 0.000000
8.000000 92.231174 12.274281 0.805888 3.022628 0.000000 0.000000 0.000000 1.000000 0.000000 0.000000
8.000000 92.233959 12.289103 0.778731 3.054346 0.000000 0.000000 0.000000 1.000000 0.000000 0.000000
8.000000 92.236850 12.247289 0.766235 3.037782 0.000000 0.000000 0.000000 1.000000 0.000000 0.000000
8.000000 92.237912 12.230515 0.776151 3.042055 0.000000 0.000000 0.000000 1.000000 0.000000 0.000000
8.000000 92.239583 12.443367 0.857654 3.048618 0.000000 0.000000 0.000000 1.000000 0.000000 0.000000
8.000000 92.239764 12.353516 0.794363 2.998475 0.000000 0.000000 0.000000 1.000000 0.000000 0.000000
8.000000 92.241075 12.160537 0.812917 2.992799 0.000000 0.000000 0.000000 1.000000 0.000000 0.000000
8.000000 92.243966 12.174569 0.786370 3.029115 0.000000 0.000000 0.000000 1.000000 0.000000 0.000000
8.000000 92.246942 12.171671 0.776070 3.009051 0.000000 0.000000 0.000000 1.000000 0.000000 0.000000
8.000000 92.247927 12.157482 0.783332 3.017016 0.000000 0.000000 0.000000 1.000000 0.000000 0.000000
8.000000 92.249521 12.278772 0.834249 3.025053 0.000000 0.000000 0.000000 1.000000 0.000000 0.000000
8.000000 92.249567 12.251725 0.808512 2.973333 0.000000 0.000000 0.000000 1.000000 0.000000 0.000000
8.000000 92.251078 12.067666 0.825599 2.968629 0.000000 0.000000 0.000000 1.000000 0.000000 0.000000
8.000000 92.253950 12.085386 0.797444 3.005091 0.000000 0.000000 0.000000 1.000000 0.000000 0.000000
8.000000 92.256916 12.090227 0.787736 2.982289 0.000000 0.000000 0.000000 1.000000 0.000000 0.000000
8.000000 92.257915 12.074921 0.794752 2.989647 0.000000 0.000000 0.000000 1.000000 0.000000 0.000000
8.000000 92.259552 12.096186 0.802322 2.940330 0.000000 0.000000 0.000000 1.000000 0.000000 0.000000
8.000000 92.259623 12.133424 0.810188 2.952726 0.000000 0.000000 0.000000 1.000000 0.000000 0.000000
8.000000 92.261164 12.059182 0.786463 3.012288 0.000000 0.000000 0.000000 1.000000 0.000000 0.000000
8.000000 92.264010 12.002342 0.805555 2.972985 0.000000 0.000000 0.000000 1.000000 0.000000 0.000000
8.000000 92.266918 11.995742 0.795554 2.954246 0.000000 0.000000 0.000000 1.000000 0.000000 0.000000
8.000000 92.267894 11.971919 0.805499 2.964358 0.000000 0.000000 0.000000 1.000000 0.000000 0.000000
8.000000 92.269649 12.016930 0.820774 2.912725 0.000000 0.000000 0.000000 1.000000 0.000000 0.000000
8.000000 92.269830 12.103612 0.818170 2.922347 0.000000 0.000000 0.000000 1.000000 0.000000 0.000000
8.000000 92.271154 11.986280 0.771744 2.990186 0.000000 0.000000 0.000000 1.000000 0.000000 0.000000
8.000000 92.273961 11.891636 0.811222 2.951070 0.000000 0.000000 0.000000 1.000000 0.000000 0.000000
8.000000 92.276906 11.911965 0.801775 2.925910 0.000000 0.000000 0.000000 1.000000 0.000000 0.000000
8.000000 92.277888 11.842613 0.829391 2.934863 0.000000 0.000000 0.000000 1.000000 0.000000 0.000000
8.000000 92.279535 11.828124 0.825769 2.878527 0.000000 0.000000 0.000000 1.000000 0.000000 0.000000
8.000000 92.279568 11.949066 0.816984 2.898030 0.000000 0.000000 0.000000 1.000000 0.000000 0.000000
8.000000 92.281277 11.865954 0.789734 2.966465 0.000000 0.000000 0.000000 1.000000 0.000000 0.000000
8.000000 92.284026 11.772615 0.827275 2.926314 0.000000 0.000000 0.000000 1.000000 0.000000 0.000000
8.000000 92.286945 11.739877 0.814348 2.897531 0.000000 0.000000 0.000000 1.000000 0.000000 0.000000
8.000000 92.287890 11.719527 0.823764 2.898226 0.000000 0.000000 0.000000 1.000000 0.000000 0.000000
8.000000 92.289560 11.954778 0.903361 2.911391 0.000000 0.000000 0.000000 1.000000 0.000000 0.000000
8.000000 92.289601 11.866431 0.836985 2.869728 0.000000 0.000000 0.000000 1.000000 0.000000 0.000000
8.000000 92.291156 11.670952 0.859120 2.862907 0.000000 0.000000 0.000000 1.000000 0.000000 0.000000
8.000000 92.293969 11.690343 0.831347 2.891156 0.000000 0.000000 0.000000 1.000000 0.000000 0.000000
8.000000 92.296912 11.701971 0.821532 2.870141 0.000000 0.000000 0.000000 1.000000 0.000000 0.000000
8.000000 92.297933 11.684269 0.829865 2.878336 0.000000 0.000000 0.000000 1.000000 0.000000 0.000000
8.000000 92.299550 11.745680 0.850891 2.828425 0.000000 0.000000 0.000000 1.000000 0.000000 0.000000
8.000000 92.299827 11.792034 0.857579 2.837444 0.000000 0.000000 0.000000 1.000000 0.000000 0.000000
8.000000 92.301083 11.674311 0.809821 2.903465 0.000000 0.000000 0.000000 1.000000 0.000000 0.000000
8.000000 92.303984 11.586345 0.843413 2.860462 0.000000 0.000000 0.000000 1.000000 0.000000 0.000000
8.000000 92.307172 11.616862 0.833756 2.834152 0.000000 0.000000 0.000000 1.000000 0.000000 0.000000
8.000000 92.307920 11.600312 0.840491 2.844891 0.000000 0.000000 0.000000 1.000000 0.000000 0.000000
8.000000 92.309546 11.674821 0.871192 2.854393 0.000000 0.000000 0.000000 1.000000 0.000000 0.000000
8.000000 92.309672 11.672743 0.858973 2.807475 0.000000 0.000000 0.000000 1.000000 0.000000 0.000000
8.000000 92.311085 11.492694 0.876954 2.797907 0.000000 0.000000 0.000000 1.000000 0.000000 0.000000
8.000000 92.314021 11.512438 0.849164 2.825880 0.000000 0.000000 0.000000 1.000000 0.000000 0.000000
8.000000 92.316892 11.502529 0.838307 2.806340 0.000000 0.000000 0.000000 1.000000 0.000000 0.000000
8.000000 92.318109 11.484914 0.845877 2.815360 0.000000 0.000000 0.000000 1.000000 0.000000 0.000000
8.000000 92.319589 11.548553 0.866804 2.773098 0.000000 0.000000 0.000000 1.000000 0.000000 0.000000
8.000000 92.319731 11.611426 0.867831 2.778716 0.000000 0.000000 0.000000 1.000000 0.000000 0.000000
8.000000 92.321153 11.497307 0.819048 2.838110 0.000000 0.000000 0.000000 1.000000 0.000000 0.000000
8.000000 92.323968 11.408375 0.853556 2.799531 0.000000 0.000000 0.000000 1.000000 0.000000 0.000000
8.000000 92.326982 11.425330 0.843567 2.774223 0.000000 0.000000 0.000000 1.000000 0.000000 0.000000
8.000000 92.327923 11.367603 0.867726 2.780548 0.000000 0.000000 0.000000 1.000000 0.000000 0.000000
8.000000 92.329692 11.386731 0.875693 2.729901 0.000000 0.000000 0.000000 1.000000 0.000000 0.000000
8.000000 92.329946 11.471509 0.874020 2.744246 0.000000 0.000000 0.000000 1.000000 0.000000 0.000000
8.000000 92.331139 11.374029 0.835305 2.803854 0.000000 0.000000 0.000000 1.000000 0.000000 0.000000
8.000000 92.333991 11.295889 0.864059 2.765915 0.000000 0.000000 0.000000 1.000000 0.000000 0.000000
8.000000 92.336915 11.298104 0.854087 2.741398 0.000000 0.000000 0.000000 1.000000 0.000000 0.000000
8.000000 92.337915 11.245494 0.876774 2.743060 0.000000 0.000000 0.000000 1.000000 0.000000 0.000000
8.000000 92.339576 11.300515 0.896671 2.693622 0.000000 0.000000 0.000000 1.000000 0.000000 0.000000
8.000000 92.339732 11.386903 0.895046 2.707178 0.000000 0.000000 0.000000 1.000000 0.000000 0.000000
8.000000 92.341128 11.279701 0.850432 2.766693 0.000000 0.000000 0.000000 1.000000 0.000000 0.000000
8.000000 92.344051 11.215177 0.870733 2.726766 0.000000 0.000000 0.000000 1.000000 0.000000 0.000000
8.000000 92.346923 11.221660 0.860221 2.704714 0.000000 0.000000 0.000000 1.000000 0.000000 0.000000
8.000000 92.347920 11.204395 0.867356 2.714041 0.000000 0.000000 0.000000 1.000000 0.000000 0.000000
8.000000 92.349557 11.282221 0.898376 2.724527 0.000000 0.000000 0.000000 1.000000 0.000000 0.000000
8.000000 92.349684 11.288996 0.891098 2.679019 0.000000 0.000000 0.000000 1.000000 0.000000 0.000000
8.000000 92.351182 11.100864 0.909946 2.670711 0.000000 0.000000 0.000000 1.000000 0.000000 0.000000
8.000000 92.354122 11.116487 0.882250 2.696553 0.000000 0.000000 0.000000 1.000000 0.000000 0.000000
8.000000 92.356945 11.121816 0.870423 2.672593 0.000000 0.000000 0.000000 1.000000 0.000000 0.000000
8.000000 92.357955 11.101565 0.878699 2.683410 0.000000 0.000000 0.000000 1.000000 0.000000 0.000000
8.000000 92.359661 11.186886 0.908488 2.691572 0.000000 0.000000 0.000000 1.000000 0.000000 0.000000
8.000000 92.359707 11.191608 0.896540 2.644798 0.000000 0.000000 0.000000 1.000000 0.000000 0.000000
8.000000 92.361141 11.005376 0.915359 2.635799 0.000000 0.000000 0.000000 1.000000 0.000000 0.000000
8.000000 92.364062 11.022385 0.887292 2.660512 0.000000 0.000000 0.000000 1.000000 0.000000 0.000000
8.000000 92.366924 11.040690 0.876206 2.634170 0.000000 0.000000 0.000000 1.000000 0.000000 0.000000
8.000000 92.368419 11.010449 0.888345 2.644462 0.000000 0.000000 0.000000 1.000000 0.000000 0.000000
8.000000 92.369561 11.064959 0.899305 2.640753 0.000000 0.000000 0.000000 1.000000 0.000000 0.000000
8.000000 92.369720 11.107977 0.905005 2.596850 0.000000 0.000000 0.000000 1.000000 0.000000 0.000000
8.000000 92.371152 10.877997 0.937320 2.598174 0.000000 0.000000 0.000000 1.000000 0.000000 0.000000
8.000000 92.373933 10.925933 0.892069 2.622187 0.000000 0.000000 0.000000 1.000000 0.000000 0.000000
8.000000 92.376935 10.943674 0.879741 2.594244 0.000000 0.000000 0.000000 1.000000 0.000000 0.000000
8.000000 92.378004 10.898175 0.901411 2.597272 0.000000 0.000000 0.000000 1.000000 0.000000 0.000000
8.000000 92.379540 11.042806 0.956244 2.603874 0.000000 0.000000 0.000000 1.000000 0.000000 0.000000
8.000000 92.379607 10.999668 0.920160 2.569064 0.000000 0.000000 0.000000 1.000000 0.000000 0.000000
8.000000 92.381179 10.787145 0.944712 2.558900 0.000000 0.000000 0.000000 1.000000 0.000000 0.000000
8.000000 92.383989 10.825390 0.904765 2.583550 0.000000 0.000000 0.000000 1.000000 0.000000 0.000000
8.000000 92.386933 10.792748 0.889863 2.565983 0.000000 0.000000 0.000000 1.000000 0.000000 0.000000
8.000000 92.387930 10.788372 0.897042 2.564062 0.000000 0.000000 0.000000 1.000000 0.000000 0.000000
8.000000 92.389543 10.932969 0.949906 2.566202 0.000000 0.000000 0.000000 1.000000 0.000000 0.000000
8.000000 92.389684 10.915196 0.927294 2.530924 0.000000 0.000000 0.000000 1.000000 0.000000 0.000000
8.000000 92.391148 10.678997 0.958123 2.521287 0.000000 0.000000 0.000000 1.000000 0.000000 0.000000
8.000000 92.393962 10.735185 0.909393 2.546666 0.000000 0.000000 0.000000 1.000000 0.000000 0.000000
8.000000 92.396933 10.704581 0.894897 2.522560 0.000000 0.000000 0.000000 1.000000 0.000000 0.000000
8.000000 92.397961 10.688648 0.903216 2.523676 0.000000 0.000000 0.000000 1.000000 0.000000 0.000000
8.000000 92.399584 10.819268 0.943841 2.528953 0.000000 0.000000 0.000000 1.000000 0.000000 0.000000
8.000000 92.399597 10.822708 0.929320 2.488988 0.000000 0.000000 0.000000 1.000000 0.000000 0.000000
8.000000 92.401164 10.596955 0.958077 2.484609 0.000000 0.000000 0.000000 1.000000 0.000000 0.000000
8.000000 92.404001 10.638298 0.915082 2.508092 0.000000 0.000000 0.000000 1.000000 0.000000 0.000000
8.000000 92.407290 10.662380 0.902103 2.477290 0.000000 0.000000 0.000000 1.000000 0.000000 0.000000
8.000000 92.407981 10.624096 0.916906 2.490625 0.000000 0.000000 0.000000 1.000000 0.000000 0.000000
8.000000 92.409689 10.692780 0.937881 2.497116 0.000000 0.000000 0.000000 1.000000 0.000000 0.000000
8.000000 92.409730 10.726325 0.942361 2.451843 0.000000 0.000000 0.000000 1.000000 0.000000 0.000000
8.000000 92.411194 10.582921 0.950304 2.475835 0.000000 0.000000 0.000000 1.000000 0.000000 0.000000
8.000000 92.414046 10.547643 0.931758 2.490907 0.000000 0.000000 0.000000 1.000000 0.000000 0.000000
8.000000 92.416911 10.563690 0.909598 2.434864 0.000000 0.000000 0.000000 1.000000 0.000000 0.000000
8.000000 92.417964 10.528942 0.922974 2.445064 0.000000 0.000000 0.000000 1.000000 0.000000 0.000000
8.000000 92.419681 10.614327 0.948368 2.413563 0.000000 0.000000 0.000000 1.000000 0.000000 0.000000
8.000000 92.419787 10.644944 0.953524 2.406740 0.000000 0.000000 0.000000 1.000000 0.000000 0.000000
8.000000 92.421191 10.536650 0.902020 2.460244 0.000000 0.000000 0.000000 1.000000 0.000000 0.000000
8.000000 92.424159 10.453873 0.928694 2.424162 0.000000 0.000000 0.000000 1.000000 0.000000 0.000000
8.000000 92.427003 10.464927 0.915029 2.394572 0.000000 0.000000 0.000000 1.000000 0.000000 0.000000
8.000000 92.427976 10.404165 0.942849 2.398748 0.000000 0.000000 0.000000 1.000000 0.000000 0.000000
8.000000 92.429713 10.575551 0.997294 2.403962 0.000000 0.000000 0.000000 1.000000 0.000000 0.000000
8.000000 92.429742 10.536320 0.956792 2.370987 0.000000 0.000000 0.000000 1.000000 0.000000 0.000000
8.000000 92.431406 10.290418 0.988837 2.363077 0.000000 0.000000 0.000000 1.000000 0.000000 0.000000
8.000000 92.434041 10.337821 0.941395 2.385437 0.000000 0.000000 0.000000 1.000000 0.000000 0.000000
8.000000 92.437098 10.365438 0.927321 2.350106 0.000000 0.000000 0.000000 1.000000 0.000000 0.000000
8.000000 92.437972 10.340882 0.938258 2.356075 0.000000 0.000000 0.000000 1.000000 0.000000 0.000000
8.000000 92.439566 10.414909 0.962765 2.361454 0.000000 0.000000 0.000000 1.000000 0.000000 0.000000
8.000000 92.439630 10.459321 0.977549 2.322375 0.000000 0.000000 0.000000 1.000000 0.000000 0.000000
8.000000 92.441160 10.149236 1.023079 2.312129 0.000000 0.000000 0.000000 1.000000 0.000000 0.000000
8.000000 92.444105 10.262819 0.942068 2.343662 0.000000 0.000000 0.000000 1.000000 0.000000 0.000000
8.000000 92.447015 10.285782 0.927540 2.310597 0.000000 0.000000 0.000000 1.000000 0.000000 0.000000
8.000000 92.447949 10.248101 0.943054 2.321425 0.000000 0.000000 0.000000 1.000000 0.000000 0.000000
8.000000 92.449684 10.292754 0.955588 2.322803 0.000000 0.000000 0.000000 1.000000 0.000000 0.000000
8.000000 92.449707 10.358062 0.981083 2.279604 0.000000 0.000000 0.000000 1.000000 0.000000 0.000000
8.000000 92.451185 10.084474 1.020009 2.270433 0.000000 0.000000 0.000000 1.000000 0.000000 0.000000
8.000000 92.454008 10.175835 0.950856 2.296782 0.000000 0.000000 0.000000 1.000000 0.000000 0.000000
8.000000 92.456972 10.187125 0.935762 2.262757 0.000000 0.000000 0.000000 1.000000 0.000000 0.000000
8.000000 92.457991 10.141179 0.953986 2.272905 0.000000 0.000000 0.000000 1.000000 0.000000 0.000000
8.000000 92.459623 10.230034 0.980168 2.245821 0.000000 0.000000 0.000000 1.000000 0.000000 0.000000
8.000000 92.459637 10.258795 0.984900 2.238885 0.000000 0.000000 0.000000 1.000000 0.000000 0.000000
8.000000 92.461293 10.177207 0.944187 2.273559 0.000000 0.000000 0.000000 1.000000 0.000000 0.000000
8.000000 92.464037 10.132185 0.950141 2.235753 0.000000 0.000000 0.000000 1.000000 0.000000 0.000000
8.000000 92.467031 10.119640 0.936635 2.211104 0.000000 0.000000 0.000000 1.000000 0.000000 0.000000
8.000000 92.467973 10.041734 0.965882 2.228414 0.000000 0.000000 0.000000 1.000000 0.000000 0.000000
8.000000 92.469656 10.131199 0.990508 2.204805 0.000000 0.000000 0.000000 1.000000 0.000000 0.000000
8.000000 92.469730 10.174694 0.990306 2.192840 0.000000 0.000000 0.000000 1.000000 0.000000 0.000000
8.000000 92.471164 10.075067 0.938648 2.235870 0.000000 0.000000 0.000000 1.000000 0.000000 0.000000
8.000000 92.474036 9.995140 0.959842 2.196599 0.000000 0.000000 0.000000 1.000000 0.000000 0.000000
8.000000 92.477024 10.019135 0.943927 2.167431 0.000000 0.000000 0.000000 1.000000 0.000000 0.000000
8.000000 92.477989 9.951925 0.974940 2.180291 0.000000 0.000000 0.000000 1.000000 0.000000 0.000000
8.000000 92.479607 10.070230 1.009175 2.179022 0.000000 0.000000 0.000000 1.000000 0.000000 0.000000
8.000000 92.479645 10.088084 1.003644 2.145656 0.000000 0.000000 0.000000 1.000000 0.000000 0.000000
8.000000 92.481171 9.794466 1.048390 2.131975 0.000000 0.000000 0.000000 1.000000 0.000000 0.000000
8.000000 92.484125 9.897205 0.976485 2.158638 0.000000 0.000000 0.000000 1.000000 0.000000 0.000000
8.000000 92.487117 9.886807 0.961197 2.135309 0.000000 0.000000 0.000000 1.000000 0.000000 0.000000
8.000000 92.487964 9.827613 0.987553 2.144876 0.000000 0.000000 0.000000 1.000000 0.000000 0.000000
8.000000 92.489671 9.927099 1.018807 2.113251 0.000000 0.000000 0.000000 1.000000 0.000000 0.000000
8.000000 92.489714 9.991769 1.015508 2.105996 0.000000 0.000000 0.000000 1.000000 0.000000 0.000000
8.000000 92.491287 9.893374 0.966891 2.159758 0.000000 0.000000 0.000000 1.000000 0.000000 0.000000
8.000000 92.494061 9.820544 0.983680 2.124999 0.000000 0.000000 0.000000 1.000000 0.000000 0.000000
8.000000 92.497018 9.795902 0.962862 2.086812 0.000000 0.000000 0.000000 1.000000 0.000000 0.000000
8.000000 92.498370 9.753799 0.981918 2.087562 0.000000 0.000000 0.000000 1.000000 0.000000 0.000000
8.000000 92.499574 9.872228 1.018531 2.063912 0.000000 0.000000 0.000000 1.000000 0.000000 0.000000
8.000000 92.499637 9.899170 1.021446 2.053274 0.000000 0.000000 0.000000 1.000000 0.000000 0.000000
8.000000 92.501375 9.794876 0.966391 2.100498 0.000000 0.000000 0.000000 1.000000 0.000000 0.000000
8.000000 92.504092 9.706167 0.993863 2.067567 0.000000 0.000000 0.000000 1.000000 0.000000 0.000000
8.000000 92.507001 9.720112 0.978823 2.037848 0.000000 0.000000 0.000000 1.000000 0.000000 0.000000
8.000000 92.508008 9.690607 0.992791 2.043505 0.000000 0.000000 0.000000 1.000000 0.000000 0.000000
8.000000 92.509723 9.733419 0.998214 2.034990 0.000000 0.000000 0.000000 1.000000 0.000000 0.000000
8.000000 92.509765 9.794638 1.017272 1.994167 0.000000 0.000000 0.000000 1.000000 0.000000 0.000000
8.000000 92.511493 9.597603 1.044088 1.992898 0.000000 0.000000 0.000000 1.000000 0.000000 0.000000
8.000000 92.513993 9.640085 1.002252 2.012865 0.000000 0.000000 0.000000 1.000000 0.000000 0.000000
8.000000 92.517023 9.623870 0.986539 1.990727 0.000000 0.000000 0.000000 1.000000 0.000000 0.000000
8.000000 92.517980 9.593062 1.002028 1.993973 0.000000 0.000000 0.000000 1.000000 0.000000 0.000000
8.000000 92.519610 9.675802 1.027947 1.958797 0.000000 0.000000 0.000000 1.000000 0.000000 0.000000
8.000000 92.519619 9.701434 1.035641 1.953021 0.000000 0.000000 0.000000 1.000000 0.000000 0.000000
8.000000 92.521332 9.595935 0.981750 2.003874 0.000000 0.000000 0.000000 1.000000 0.000000 0.000000
8.000000 92.524065 9.512790 1.005180 1.966771 0.000000 0.000000 0.000000 1.000000 0.000000 0.000000
8.000000 92.527040 9.525595 0.991148 1.941483 0.000000 0.000000 0.000000 1.000000 0.000000 0.000000
8.000000 92.528004 9.482033 1.014699 1.943054 0.000000 0.000000 0.000000 1.000000 0.000000 0.000000
8.000000 92.529699 9.588295 1.045952 1.938992 0.000000 0.000000 0.000000 1.000000 0.000000 0.000000
8.000000 92.529718 9.620823 1.048494 1.900530 0.000000 0.000000 0.000000 1.000000 0.000000 0.000000
8.000000 92.531537 9.177153 1.118609 1.869566 0.000000 0.000000 0.000000 1.000000 0.000000 0.000000
8.000000 92.534230 9.377330 1.002538 1.923791 0.000000 0.000000 0.000000 1.000000 0.000000 0.000000
8.000000 92.536990 9.448207 0.995341 1.885136 0.000000 0.000000 0.000000 1.000000 0.000000 0.000000
8.000000 92.537986 9.386911 1.023844 1.885889 0.000000 0.000000 0.000000 1.000000 0.000000 0.000000
8.000000 92.539665 9.494261 1.049749 1.882896 0.000000 0.000000 0.000000 1.000000 0.000000 0.000000
8.000000 92.539709 9.528688 1.051965 1.846515 0.000000 0.000000 0.000000 1.000000 0.000000 0.000000
8.000000 92.541265 9.233114 1.097119 1.828342 0.000000 0.000000 0.000000 1.000000 0.000000 0.000000
8.000000 92.544213 9.359803 1.016032 1.860006 0.000000 0.000000 0.000000 1.000000 0.000000 0.000000
8.000000 92.547152 9.367850 1.002715 1.834283 0.000000 0.000000 0.000000 1.000000 0.000000 0.000000
8.000000 92.548020 9.322298 1.024906 1.837406 0.000000 0.000000 0.000000 1.000000 0.000000 0.000000
8.000000 92.549701 9.383888 1.043451 1.835325 0.000000 0.000000 0.000000 1.000000 0.000000 0.000000
8.000000 92.549853 9.428549 1.056775 1.796441 0.000000 0.000000 0.000000 1.000000 0.000000 0.000000
8.000000 92.551474 9.228463 1.077666 1.808468 0.000000 0.000000 0.000000 1.000000 0.000000 0.000000
8.000000 92.554183 9.245660 1.031831 1.828731 0.000000 0.000000 0.000000 1.000000 0.000000 0.000000
8.000000 92.557075 9.277996 1.008762 1.772025 0.000000 0.000000 0.000000 1.000000 0.000000 0.000000
8.000000 92.558021 9.219529 1.034244 1.777366 0.000000 0.000000 0.000000 1.000000 0.000000 0.000000
8.000000 92.559625 9.291670 1.053913 1.780858 0.000000 0.000000 0.000000 1.000000 0.000000 0.000000
8.000000 92.559647 9.328060 1.065146 1.750389 0.000000 0.000000 0.000000 1.000000 0.000000 0.000000
8.000000 92.561207 9.076455 1.102045 1.734403 0.000000 0.000000 0.000000 1.000000 0.000000 0.000000
8.000000 92.564092 9.184993 1.026812 1.756366 0.000000 0.000000 0.000000 1.000000 0.000000 0.000000
8.000000 92.567072 9.188165 1.009914 1.727978 0.000000 0.000000 0.000000 1.000000 0.000000 0.000000
8.000000 92.568364 9.131955 1.038963 1.731001 0.000000 0.000000 0.000000 1.000000 0.000000 0.000000
8.000000 92.569824 9.207914 1.065304 1.696389 0.000000 0.000000 0.000000 1.000000 0.000000 0.000000
8.000000 92.569888 9.243272 1.067611 1.686812 0.000000 0.000000 0.000000 1.000000 0.000000 0.000000
8.000000 92.571385 9.109669 0.989487 1.737085 0.000000 0.000000 0.000000 1.000000 0.000000 0.000000
8.000000 92.574055 9.010510 1.025551 1.709512 0.000000 0.000000 0.000000 1.000000 0.000000 0.000000
8.000000 92.577061 9.105273 1.022022 1.671199 0.000000 0.000000 0.000000 1.000000 0.000000 0.000000
8.000000 92.578027 9.052569 1.048377 1.671419 0.000000 0.000000 0.000000 1.000000 0.000000 0.000000
8.000000 92.579538 9.121753 1.071827 1.643429 0.000000 0.000000 0.000000 1.000000 0.000000 0.000000
8.000000 92.579833 9.146703 1.075241 1.635366 0.000000 0.000000 0.000000 1.000000 0.000000 0.000000
8.000000 92.581228 9.015874 0.997351 1.683295 0.000000 0.000000 0.000000 1.000000 0.000000 0.000000
8.000000 92.584098 8.916435 1.032317 1.654268 0.000000 0.000000 0.000000 1.000000 0.000000 0.000000
8.000000 92.587056 9.014184 1.028235 1.612509 0.000000 0.000000 0.000000 1.000000 0.000000 0.000000
8.000000 92.588030 8.943278 1.063722 1.613103 0.000000 0.000000 0.000000 1.000000 0.000000 0.000000
8.000000 92.589758 9.028869 1.093129 1.584178 0.000000 0.000000 0.000000 1.000000 0.000000 0.000000
8.000000 92.589880 9.067506 1.092583 1.573723 0.000000 0.000000 0.000000 1.000000 0.000000 0.000000
8.000000 92.591247 8.931028 1.008787 1.620135 0.000000 0.000000 0.000000 1.000000 0.000000 0.000000
8.000000 92.594074 8.840180 1.039497 1.592334 0.000000 0.000000 0.000000 1.000000 0.000000 0.000000
8.000000 92.597318 8.915074 1.033922 1.552669 0.000000 0.000000 0.000000 1.000000 0.000000 0.000000
8.000000 92.598243 8.857775 1.059006 1.557089 0.000000 0.000000 0.000000 1.000000 0.000000 0.000000
8.000000 92.599765 8.964777 1.089369 1.537306 0.000000 0.000000 0.000000 1.000000 0.000000 0.000000
8.000000 92.599782 8.966838 1.096563 1.520278 0.000000 0.000000 0.000000 1.000000 0.000000 0.000000
8.000000 92.601241 8.827381 1.010581 1.568274 0.000000 0.000000 0.000000 1.000000 0.000000 0.000000
8.000000 92.604151 8.718281 1.047921 1.535033 0.000000 0.000000 0.000000 1.000000 0.000000 0.000000
8.000000 92.607166 8.829435 1.043444 1.495961 0.000000 0.000000 0.000000 1.000000 0.000000 0.000000
8.000000 92.608050 8.772106 1.072427 1.505250 0.000000 0.000000 0.000000 1.000000 0.000000 0.000000
8.000000 92.609862 8.859964 1.100445 1.477233 0.000000 0.000000 0.000000 1.000000 0.000000 0.000000
8.000000 92.609887 8.880595 1.104695 1.464068 0.000000 0.000000 0.000000 1.000000 0.000000 0.000000
8.000000 92.611279 8.744969 1.019688 1.507876 0.000000 0.000000 0.000000 1.000000 0.000000 0.000000
8.000000 92.614071 8.662966 1.047594 1.480425 0.000000 0.000000 0.000000 1.000000 0.000000 0.000000
8.000000 92.617159 8.760939 1.046961 1.443457 0.000000 0.000000 0.000000 1.000000 0.000000 0.000000
8.000000 92.618215 8.690216 1.082336 1.446530 0.000000 0.000000 0.000000 1.000000 0.000000 0.000000
8.000000 92.619680 8.779104 1.111615 1.417565 0.000000 0.000000 0.000000 1.000000 0.000000 0.000000
8.000000 92.619759 8.786704 1.120956 1.408923 0.000000 0.000000 0.000000 1.000000 0.000000 0.000000
8.000000 92.621246 8.639812 1.029534 1.458891 0.000000 0.000000 0.000000 1.000000 0.000000 0.000000
8.000000 92.624102 8.546167 1.062206 1.427739 0.000000 0.000000 0.000000 1.000000 0.000000 0.000000
8.000000 92.627151 8.642140 1.062006 1.391275 0.000000 0.000000 0.000000 1.000000 0.000000 0.000000
8.000000 92.628076 8.586122 1.091580 1.390646 0.000000 0.000000 0.000000 1.000000 0.000000 0.000000
8.000000 92.629798 8.657049 1.116255 1.363333 0.000000 0.000000 0.000000 1.000000 0.000000 0.000000
8.000000 92.629865 8.691069 1.119829 1.361078 0.000000 0.000000 0.000000 1.000000 0.000000 0.000000
8.000000 92.631405 8.561207 1.036339 1.399142 0.000000 0.000000 0.000000 1.000000 0.000000 0.000000
8.000000 92.634023 8.471348 1.066042 1.363822 0.000000 0.000000 0.000000 1.000000 0.000000 0.000000
8.000000 92.637101 8.553882 1.066123 1.328363 0.000000 0.000000 0.000000 1.000000 0.000000 0.000000
8.000000 92.638004 8.501585 1.097102 1.318736 0.000000 0.000000 0.000000 1.000000 0.000000 0.000000
8.000000 92.639687 8.590007 1.129690 1.292415 0.000000 0.000000 0.000000 1.000000 0.000000 0.000000
8.000000 92.639774 8.608023 1.136339 1.290950 0.000000 0.000000 0.000000 1.000000 0.000000 0.000000
8.000000 92.641256 8.466271 1.045194 1.336141 0.000000 0.000000 0.000000 1.000000 0.000000 0.000000
8.000000 92.644131 8.378272 1.075630 1.305146 0.000000 0.000000 0.000000 1.000000 0.000000 0.000000
8.000000 92.647056 8.433520 1.074214 1.277793 0.000000 0.000000 0.000000 1.000000 0.000000 0.000000
8.000000 92.648066 8.401492 1.095525 1.266790 0.000000 0.000000 0.000000 1.000000 0.000000 0.000000
8.000000 92.649744 8.496062 1.128459 1.243980 0.000000 0.000000 0.000000 1.000000 0.000000 0.000000
8.000000 92.649871 8.508151 1.133975 1.236575 0.000000 0.000000 0.000000 1.000000 0.000000 0.000000
8.000000 92.651459 8.376845 1.046363 1.273408 0.000000 0.000000 0.000000 1.000000 0.000000 0.000000
8.000000 92.654096 8.291336 1.075898 1.242511 0.000000 0.000000 0.000000 1.000000 0.000000 0.000000
8.000000 92.656997 8.384178 1.078166 1.208944 0.000000 0.000000 0.000000 1.000000 0.000000 0.000000
8.000000 92.658059 8.322614 1.111296 1.209339 0.000000 0.000000 0.000000 1.000000 0.000000 0.000000
8.000000 92.659786 8.392819 1.136392 1.184111 0.000000 0.000000 0.000000 1.000000 0.000000 0.000000
8.000000 92.659936 8.405881 1.140223 1.172678 0.000000 0.000000 0.000000 1.000000 0.000000 0.000000
8.000000 92.661320 8.388742 1.134395 1.188949 0.000000 0.000000 0.000000 1.000000 0.000000 0.000000
8.000000 92.664154 8.381656 1.114846 1.160774 0.000000 0.000000 0.000000 1.000000 0.000000 0.000000
8.000000 92.667109 8.297551 1.088745 1.146001 0.000000 0.000000 0.000000 1.000000 0.000000 0.000000
8.000000 92.668060 8.238449 1.118534 1.147670 0.000000 0.000000 0.000000 1.000000 0.000000 0.000000
8.000000 92.669920 8.337232 1.148928 1.129672 0.000000 0.000000 0.000000 1.000000 0.000000 0.000000
8.000000 92.670009 8.330836 1.153979 1.108513 0.000000 0.000000 0.000000 1.000000 0.000000 0.000000
8.000000 92.671243 8.252745 1.102684 1.137025 0.000000 0.000000 0.000000 1.000000 0.000000 0.000000
8.000000 92.674105 8.204608 1.109337 1.112224 0.000000 0.000000 0.000000 1.000000 0.000000 0.000000
8.000000 92.677062 8.194515 1.094966 1.088524 0.000000 0.000000 0.000000 1.000000 0.000000 0.000000
8.000000 92.678065 8.147828 1.122684 1.082120 0.000000 0.000000 0.000000 1.000000 0.000000 0.000000
8.000000 92.679935 8.189088 1.140756 1.075269 0.000000 0.000000 0.000000 1.000000 0.000000 0.000000
8.000000 92.680053 8.223393 1.156028 1.050466 0.000000 0.000000 0.000000 1.000000 0.000000 0.000000
8.000000 92.681251 7.985011 1.190077 1.034065 0.000000 0.000000 0.000000 1.000000 0.000000 0.000000
8.000000 92.684081 8.090150 1.118447 1.063472 0.000000 0.000000 0.000000 1.000000 0.000000 0.000000
8.000000 92.687126 8.091832 1.101907 1.030030 0.000000 0.000000 0.000000 1.000000 0.000000 0.000000
8.000000 92.688061 8.043433 1.131998 1.019512 0.000000 0.000000 0.000000 1.000000 0.000000 0.000000
8.000000 92.689841 8.116505 1.160280 0.994806 0.000000 0.000000 0.000000 1.000000 0.000000 0.000000
8.000000 92.689946 8.135535 1.163012 0.987130 0.000000 0.000000 0.000000 1.000000 0.000000 0.000000
8.000000 92.691269 8.059840 1.109545 1.005009 0.000000 0.000000 0.000000 1.000000 0.000000 0.000000
8.000000 92.694255 8.021929 1.114254 0.977161 0.000000 0.000000 0.000000 1.000000 0.000000 0.000000
8.000000 92.697053 8.020497 1.108418 0.959879 0.000000 0.000000 0.000000 1.000000 0.000000 0.000000
8.000000 92.698061 7.960496 1.139997 0.958314 0.000000 0.000000 0.000000 1.000000 0.000000 0.000000
8.000000 92.699748 8.032175 1.163697 0.931400 0.000000 0.000000 0.000000 1.000000 0.000000 0.000000
8.000000 92.699968 8.052594 1.166428 0.916012 0.000000 0.000000 0.000000 1.000000 0.000000 0.000000
8.000000 92.701216 7.979330 1.118146 0.943513 0.000000 0.000000 0.000000 1.000000 0.000000 0.000000
8.000000 92.704184 7.933044 1.125076 0.918072 0.000000 0.000000 0.000000 1.000000 0.000000 0.000000
8.000000 92.707191 7.934451 1.114846 0.894675 0.000000 0.000000 0.000000 1.000000 0.000000 0.000000
8.000000 92.708079 7.886619 1.142597 0.888843 0.000000 0.000000 0.000000 1.000000 0.000000 0.000000
8.000000 92.709810 7.977575 1.172856 0.866968 0.000000 0.000000 0.000000 1.000000 0.000000 0.000000
8.000000 92.709990 7.972886 1.179945 0.850383 0.000000 0.000000 0.000000 1.000000 0.000000 0.000000
8.000000 92.711203 7.900280 1.131079 0.876500 0.000000 0.000000 0.000000 1.000000 0.000000 0.000000
8.000000 92.714102 7.860013 1.133514 0.849814 0.000000 0.000000 0.000000 1.000000 0.000000 0.000000
8.000000 92.717081 7.849792 1.121434 0.824297 0.000000 0.000000 0.000000 1.000000 0.000000 0.000000
8.000000 92.718353 7.791684 1.153254 0.818222 0.000000 0.000000 0.000000 1.000000 0.000000 0.000000
8.000000 92.719723 7.867273 1.179589 0.803139 0.000000 0.000000 0.000000 1.000000 0.000000 0.000000
8.000000 92.719942 7.861488 1.179443 0.780425 0.000000 0.000000 0.000000 1.000000 0.000000 0.000000
8.000000 92.721307 7.789786 1.128919 0.809048 0.000000 0.000000 0.000000 1.000000 0.000000 0.000000
8.000000 92.724076 7.737025 1.140536 0.793370 0.000000 0.000000 0.000000 1.000000 0.000000 0.000000
8.000000 92.727153 7.764214 1.129033 0.754665 0.000000 0.000000 0.000000 1.000000 0.000000 0.000000
8.000000 92.728141 7.687747 1.171015 0.752566 0.000000 0.000000 0.000000 1.000000 0.000000 0.000000
8.000000 92.729799 7.767833 1.199697 0.727831 0.000000 0.000000 0.000000 1.000000 0.000000 0.000000
8.000000 92.730046 7.790991 1.199425 0.711729 0.000000 0.000000 0.000000 1.000000 0.000000 0.000000
8.000000 92.731253 7.710163 1.140417 0.735225 0.000000 0.000000 0.000000 1.000000 0.000000 0.000000
8.000000 92.734141 7.678537 1.141331 0.712181 0.000000 0.000000 0.000000 1.000000 0.000000 0.000000
8.000000 92.737070 7.670394 1.132334 0.688661 0.000000 0.000000 0.000000 1.000000 0.000000 0.000000
8.000000 92.738101 7.596470 1.171946 0.686075 0.000000 0.000000 0.000000 1.000000 0.000000 0.000000
8.000000 92.739687 7.692319 1.203438 0.666840 0.000000 0.000000 0.000000 1.000000 0.000000 0.000000
8.000000 92.739930 7.697214 1.205832 0.646854 0.000000 0.000000 0.000000 1.000000 0.000000 0.000000
8.000000 92.741452 7.623161 1.150302 0.666694 0.000000 0.000000 0.000000 1.000000 0.000000 0.000000
8.000000 92.744119 7.598108 1.147697 0.644006 0.000000 0.000000 0.000000 1.000000 0.000000 0.000000
8.000000 92.747136 7.597109 1.139000 0.621721 0.000000 0.000000 0.000000 1.000000 0.000000 0.000000
8.000000 92.748112 7.536767 1.174958 0.616041 0.000000 0.000000 0.000000 1.000000 0.000000 0.000000
8.000000 92.749771 7.625595 1.206686 0.595837 0.000000 0.000000 0.000000 1.000000 0.000000 0.000000
8.000000 92.750087 7.612137 1.212603 0.575716 0.000000 0.000000 0.000000 1.000000 0.000000 0.000000
8.000000 92.751276 7.518754 1.144832 0.608548 0.000000 0.000000 0.000000 1.000000 0.000000 0.000000
8.000000 92.754091 7.465913 1.157282 0.587141 0.000000 0.000000 0.000000 1.000000 0.000000 0.000000
8.000000 92.757069 7.495609 1.151364 0.557538 0.000000 0.000000 0.000000 1.000000 0.000000 0.000000
8.000000 92.758093 7.451024 1.179072 0.550842 0.000000 0.000000 0.000000 1.000000 0.000000 0.000000
8.000000 92.759732 7.553487 1.212663 0.533128 0.000000 0.000000 0.000000 1.000000 0.000000 0.000000
8.000000 92.759861 7.526637 1.220110 0.506385 0.000000 0.000000 0.000000 1.000000 0.000000 0.000000
8.000000 92.761455 7.454660 1.166435 0.529923 0.000000 0.000000 0.000000 1.000000 0.000000 0.000000
8.000000 92.764186 7.419134 1.168212 0.508161 0.000000 0.000000 0.000000 1.000000 0.000000 0.000000
8.000000 92.767173 7.411314 1.157149 0.483955 0.000000 0.000000 0.000000 1.000000 0.000000 0.000000
8.000000 92.768121 7.358225 1.189577 0.475426 0.000000 0.000000 0.000000 1.000000 0.000000 0.000000
8.000000 92.769762 7.426070 1.215794 0.459646 0.000000 0.000000 0.000000 1.000000 0.000000 0.000000
8.000000 92.769832 7.421882 1.216705 0.442245 0.000000 0.000000 0.000000 1.000000 0.000000 0.000000
8.000000 92.771484 7.360720 1.168180 0.458401 0.000000 0.000000 0.000000 1.000000 0.000000 0.000000
8.000000 92.774444 7.325984 1.170475 0.437734 0.000000 0.000000 0.000000 1.000000 0.000000 0.000000
8.000000 92.777113 7.336062 1.161827 0.410546 0.000000 0.000000 0.000000 1.000000 0.000000 0.000000
8.000000 92.778098 7.274470 1.201267 0.403217 0.000000 0.000000 0.000000 1.000000 0.000000 0.000000
8.000000 92.779720 7.302637 1.212769 0.384430 0.000000 0.000000 0.000000 1.000000 0.000000 0.000000
8.000000 92.779773 7.351363 1.239044 0.359565 0.000000 0.000000 0.000000 1.000000 0.000000 0.000000
8.000000 92.781394 6.953672 1.308640 0.303519 0.000000 0.000000 0.000000 1.000000 0.000000 0.000000
8.000000 92.784192 7.236546 1.172703 0.365692 0.000000 0.000000 0.000000 1.000000 0.000000 0.000000
8.000000 92.787103 7.233702 1.165651 0.339962 0.000000 0.000000 0.000000 1.000000 0.000000 0.000000
8.000000 92.788105 7.150757 1.211009 0.339471 0.000000 0.000000 0.000000 1.000000 0.000000 0.000000
8.000000 92.789745 7.256274 1.244829 0.316160 0.000000 0.000000 0.000000 1.000000 0.000000 0.000000
8.000000 92.789818 7.263539 1.244753 0.285935 0.000000 0.000000 0.000000 1.000000 0.000000 0.000000
8.000000 92.791452 7.157995 1.160788 0.317044 0.000000 0.000000 0.000000 1.000000 0.000000 0.000000
8.000000 92.794219 7.118830 1.172040 0.300372 0.000000 0.000000 0.000000 1.000000 0.000000 0.000000
8.000000 92.797273 7.156703 1.173740 0.269890 0.000000 0.000000 0.000000 1.000000 0.000000 0.000000
8.000000 92.798103 7.105902 1.206177 0.259586 0.000000 0.000000 0.000000 1.000000 0.000000 0.000000
8.000000 92.799763 7.210071 1.241975 0.247378 0.000000 0.000000 0.000000 1.000000 0.000000 0.000000
8.000000 92.799770 7.174875 1.247503 0.218763 0.000000 0.000000 0.000000 1.000000 0.000000 0.000000
8.000000 92.801388 7.108021 1.193557 0.239582 0.000000 0.000000 0.000000 1.000000 0.000000 0.000000
8.000000 92.804210 7.083697 1.189067 0.221118 0.000000 0.000000 0.000000 1.000000 0.000000 0.000000
8.000000 92.807121 7.085594 1.176903 0.191838 0.000000 0.000000 0.000000 1.000000 0.000000 0.000000
8.000000 92.808137 7.017037 1.219330 0.187925 0.000000 0.000000 0.000000 1.000000 0.000000 0.000000
8.000000 92.809762 7.096315 1.249930 0.165543 0.000000 0.000000 0.000000 1.000000 0.000000 0.000000
8.000000 92.809886 7.083294 1.253246 0.140146 0.000000 0.000000 0.000000 1.000000 0.000000 0.000000
8.000000 92.811520 7.011831 1.193628 0.158354 0.000000 0.000000 0.000000 1.000000 0.000000 0.000000
8.000000 92.814299 6.994484 1.192129 0.142182 0.000000 0.000000 0.000000 1.000000 0.000000 0.000000
8.000000 92.817129 6.986816 1.187764 0.124549 0.000000 0.000000 0.000000 1.000000 0.000000 0.000000
8.000000 92.818180 6.937027 1.223396 0.110633 0.000000 0.000000 0.000000 1.000000 0.000000 0.000000
8.000000 92.819735 7.018873 1.257266 0.100694 0.000000 0.000000 0.000000 1.000000 0.000000 0.000000
8.000000 92.819804 6.972660 1.257313 0.067320 0.000000 0.000000 0.000000 1.000000 0.000000 0.000000
8.000000 92.821402 6.891362 1.185089 0.087449 0.000000 0.000000 0.000000 1.000000 0.000000 0.000000
8.000000 92.824206 6.866693 1.192279 0.081780 0.000000 0.000000 0.000000 1.000000 0.000000 0.000000
8.000000 92.827166 6.910611 1.192650 0.044764 0.000000 0.000000 0.000000 1.000000 0.000000 0.000000
8.000000 92.828198 6.857802 1.236224 0.024306 0.000000 0.000000 0.000000 1.000000 0.000000 0.000000
8.000000 92.829814 6.866331 1.258154 -0.007326 0.000000 0.000000 0.000000 1.000000 0.000000 0.000000
8.000000 92.829839 6.889112 1.255660 -0.009777 0.000000 0.000000 0.000000 1.000000 0.000000 0.000000
8.000000 92.831436 6.815624 1.196144 0.015497 0.000000 0.000000 0.000000 1.000000 0.000000 0.000000
8.000000 92.834181 6.823061 1.193175 0.014151 0.000000 0.000000 0.000000 1.000000 0.000000 0.000000
8.000000 92.837102 6.831515 1.196345 0.013688 0.000000 0.000000 0.000000 1.000000 0.000000 0.000000
8.000000 92.838125 6.763983 1.239851 0.026382 0.000000 0.000000 0.000000 1.000000 0.000000 0.000000
8.000000 92.839746 6.823588 1.265492 0.015625 0.000000 0.000000 0.000000 1.000000 0.000000 0.000000
8.000000 92.839821 6.848069 1.261074 0.010522 0.000000 0.000000 0.000000 1.000000 0.000000 0.000000
8.000000 92.841386 6.796326 1.220494 0.032449 0.000000 0.000000 0.000000 1.000000 0.000000 0.000000
8.000000 92.844167 6.841208 1.202759 0.044266 0.000000 0.000000 0.000000 1.000000 0.000000 0.000000
8.000000 92.847146 6.797500 1.199053 0.062787 0.000000 0.000000 0.000000 1.000000 0.000000 0.000000
8.000000 92.848491 6.736737 1.237418 0.077265 0.000000 0.000000 0.000000 1.000000 0.000000 0.000000
8.000000 92.849864 6.781098 1.253373 0.070815 0.000000 0.000000 0.000000 1.000000 0.000000 0.000000
8.000000 92.850076 6.797778 1.262063 0.061975 0.000000 0.000000 0.000000 1.000000 0.000000 0.000000
8.000000 92.851461 6.574204 1.300363 0.045116 0.000000 0.000000 0.000000 1.000000 0.000000 0.000000
8.000000 92.854170 6.776395 1.206946 0.105997 0.000000 0.000000 0.000000 1.000000 0.000000 0.000000
8.000000 92.857162 6.743912 1.201370 0.116942 0.000000 0.000000 0.000000 1.000000 0.000000 0.000000
8.000000 92.858176 6.686587 1.236744 0.131201 0.000000 0.000000 0.000000 1.000000 0.000000 0.000000
8.000000 92.859759 6.772759 1.265314 0.128954 0.000000 0.000000 0.000000 1.000000 0.000000 0.000000
8.000000 92.859888 6.749425 1.268224 0.112035 0.000000 0.000000 0.000000 1.000000 0.000000 0.000000
8.000000 92.861399 6.696338 1.228778 0.140953 0.000000 0.000000 0.000000 1.000000 0.000000 0.000000
8.000000 92.864240 6.736525 1.209221 0.153470 0.000000 0.000000 0.000000 1.000000 0.000000 0.000000
8.000000 92.867122 6.707237 1.199821 0.160450 0.000000 0.000000 0.000000 1.000000 0.000000 0.000000
8.000000 92.868170 6.647603 1.237930 0.175364 0.000000 0.000000 0.000000 1.000000 0.000000 0.000000
8.000000 92.869883 6.683252 1.250536 0.165677 0.000000 0.000000 0.000000 1.000000 0.000000 0.000000
8.000000 92.869945 6.719603 1.272392 0.146351 0.000000 0.000000 0.000000 1.000000 0.000000 0.000000
8.000000 92.871517 6.276037 1.346910 0.098672 0.000000 0.000000 0.000000 1.000000 0.000000 0.000000
8.000000 92.874222 6.633634 1.195017 0.206906 0.000000 0.000000 0.000000 1.000000 0.000000 0.000000
8.000000 92.877098 6.662588 1.203763 0.208034 0.000000 0.000000 0.000000 1.000000 0.000000 0.000000
8.000000 92.878138 6.596851 1.248351 0.222072 0.000000 0.000000 0.000000 1.000000 0.000000 0.000000
8.000000 92.879755 6.649752 1.273282 0.207856 0.000000 0.000000 0.000000 1.000000 0.000000 0.000000
8.000000 92.879876 6.667241 1.272052 0.205013 0.000000 0.000000 0.000000 1.000000 0.000000 0.000000
8.000000 92.881416 6.565830 1.191306 0.245298 0.000000 0.000000 0.000000 1.000000 0.000000 0.000000
8.000000 92.884161 6.579471 1.194337 0.255034 0.000000 0.000000 0.000000 1.000000 0.000000 0.000000
8.000000 92.887152 6.594786 1.204041 0.255718 0.000000 0.000000 0.000000 1.000000 0.000000 0.000000
8.000000 92.888155 6.515986 1.255344 0.265740 0.000000 0.000000 0.000000 1.000000 0.000000 0.000000
8.000000 92.889859 6.617526 1.285567 0.259706 0.000000 0.000000 0.000000 1.000000 0.000000 0.000000
8.000000 92.889859 6.614447 1.269215 0.248382 0.000000 0.000000 0.000000 1.000000 0.000000 0.000000
8.000000 92.891520 6.226177 1.331439 0.203690 0.000000 0.000000 0.000000 1.000000 0.000000 0.000000
8.000000 92.894170 6.536996 1.202993 0.299200 0.000000 0.000000 0.000000 1.000000 0.000000 0.000000
8.000000 92.897222 6.543218 1.211622 0.304073 0.000000 0.000000 0.000000 1.000000 0.000000 0.000000
8.000000 92.898135 6.496903 1.243039 0.308128 0.000000 0.000000 0.000000 1.000000 0.000000 0.000000
8.000000 92.899832 6.555531 1.265987 0.306811 0.000000 0.000000 0.000000 1.000000 0.000000 0.000000
8.000000 92.899860 6.562673 1.265784 0.295319 0.000000 0.000000 0.000000 1.000000 0.000000 0.000000
8.000000 92.901426 6.216213 1.318884 0.258628 0.000000 0.000000 0.000000 1.000000 0.000000 0.000000
8.000000 92.904189 6.489259 1.204425 0.346757 0.000000 0.000000 0.000000 1.000000 0.000000 0.000000
8.000000 92.907251 6.516510 1.212897 0.347235 0.000000 0.000000 0.000000 1.000000 0.000000 0.000000
8.000000 92.908148 6.463333 1.248489 0.358188 0.000000 0.000000 0.000000 1.000000 0.000000 0.000000
8.000000 92.909862 6.580035 1.285860 0.357900 0.000000 0.000000 0.000000 1.000000 0.000000 0.000000
8.000000 92.909920 6.548874 1.291187 0.341637 0.000000 0.000000 0.000000 1.000000 0.000000 0.000000
8.000000 92.911538 6.482312 1.234498 0.361845 0.000000 0.000000 0.000000 1.000000 0.000000 0.000000
8.000000 92.914235 6.521205 1.217965 0.366951 0.000000 0.000000 0.000000 1.000000 0.000000 0.000000
8.000000 92.917210 6.479104 1.215100 0.387609 0.000000 0.000000 0.000000 1.000000 0.000000 0.000000
8.000000 92.918180 6.421511 1.253040 0.401153 0.000000 0.000000 0.000000 1.000000 0.000000 0.000000
8.000000 92.919784 6.462071 1.268469 0.392249 0.000000 0.000000 0.000000 1.000000 0.000000 0.000000
8.000000 92.919871 6.491175 1.288367 0.379302 0.000000 0.000000 0.000000 1.000000 0.000000 0.000000
8.000000 92.921420 5.985664 1.375039 0.326575 0.000000 0.000000 0.000000 1.000000 0.000000 0.000000
8.000000 92.924205 6.384837 1.206769 0.435364 0.000000 0.000000 0.000000 1.000000 0.000000 0.000000
8.000000 92.927153 6.431721 1.216885 0.428974 0.000000 0.000000 0.000000 1.000000 0.000000 0.000000
8.000000 92.928192 6.385234 1.249506 0.436858 0.000000 0.000000 0.000000 1.000000 0.000000 0.000000
8.000000 92.929865 6.434444 1.272981 0.435271 0.000000 0.000000 0.000000 1.000000 0.000000 0.000000
8.000000 92.929911 6.438895 1.274426 0.427642 0.000000 0.000000 0.000000 1.000000 0.000000 0.000000
8.000000 92.931536 6.042129 1.337082 0.382188 0.000000 0.000000 0.000000 1.000000 0.000000 0.000000
8.000000 92.934214 6.348257 1.210429 0.471932 0.000000 0.000000 0.000000 1.000000 0.000000 0.000000
8.000000 92.937155 6.380413 1.220184 0.469042 0.000000 0.000000 0.000000 1.000000 0.000000 0.000000
8.000000 92.938246 6.316489 1.258783 0.483403 0.000000 0.000000 0.000000 1.000000 0.000000 0.000000
8.000000 92.939875 6.384351 1.278767 0.481928 0.000000 0.000000 0.000000 1.000000 0.000000 0.000000
8.000000 92.939968 6.388837 1.272230 0.467838 0.000000 0.000000 0.000000 1.000000 0.000000 0.000000
8.000000 92.941413 6.012518 1.330276 0.425500 0.000000 0.000000 0.000000 1.000000 0.000000 0.000000
8.000000 92.944208 6.301415 1.211728 0.512586 0.000000 0.000000 0.000000 1.000000 0.000000 0.000000
8.000000 92.947164 6.334388 1.221929 0.512102 0.000000 0.000000 0.000000 1.000000 0.000000 0.000000
8.000000 92.948271 6.280730 1.254956 0.525708 0.000000 0.000000 0.000000 1.000000 0.000000 0.000000
8.000000 92.949921 6.330649 1.271542 0.523923 0.000000 0.000000 0.000000 1.000000 0.000000 0.000000
8.000000 92.949951 6.341909 1.273293 0.509447 0.000000 0.000000 0.000000 1.000000 0.000000 0.000000
8.000000 92.951460 5.970154 1.330873 0.468389 0.000000 0.000000 0.000000 1.000000 0.000000 0.000000
8.000000 92.954370 6.258250 1.211393 0.552481 0.000000 0.000000 0.000000 1.000000 0.000000 0.000000
8.000000 92.957592 6.302224 1.221183 0.547789 0.000000 0.000000 0.000000 1.000000 0.000000 0.000000
8.000000 92.958294 6.238918 1.258736 0.566236 0.000000 0.000000 0.000000 1.000000 0.000000 0.000000
8.000000 92.959821 6.276883 1.272329 0.563094 0.000000 0.000000 0.000000 1.000000 0.000000 0.000000
8.000000 92.959847 6.307622 1.290133 0.540676 0.000000 0.000000 0.000000 1.000000 0.000000 0.000000
8.000000 92.961391 6.020781 1.333186 0.506661 0.000000 0.000000 0.000000 1.000000 0.000000 0.000000
8.000000 92.964264 6.273640 1.223413 0.572976 0.000000 0.000000 0.000000 1.000000 0.000000 0.000000
8.000000 92.967182 6.261411 1.222281 0.581640 0.000000 0.000000 0.000000 1.000000 0.000000 0.000000
8.000000 92.968384 6.194620 1.263081 0.599856 0.000000 0.000000 0.000000 1.000000 0.000000 0.000000
8.000000 92.969942 6.265370 1.287026 0.592791 0.000000 0.000000 0.000000 1.000000 0.000000 0.000000
8.000000 92.969956 6.256722 1.288647 0.581549 0.000000 0.000000 0.000000 1.000000 0.000000 0.000000
8.000000 92.971464 6.165539 1.212892 0.616503 0.000000 0.000000 0.000000 1.000000 0.000000 0.000000
8.000000 92.974340 6.170359 1.216726 0.624280 0.000000 0.000000 0.000000 1.000000 0.000000 0.000000
8.000000 92.977184 6.217317 1.225321 0.619291 0.000000 0.000000 0.000000 1.000000 0.000000 0.000000
8.000000 92.978276 6.159128 1.265526 0.631327 0.000000 0.000000 0.000000 1.000000 0.000000 0.000000
8.000000 92.979872 6.215610 1.291520 0.628325 0.000000 0.000000 0.000000 1.000000 0.000000 0.000000
8.000000 92.979941 6.214407 1.286547 0.619799 0.000000 0.000000 0.000000 1.000000 0.000000 0.000000
8.000000 92.981344 5.966696 1.321955 0.596196 0.000000 0.000000 0.000000 1.000000 0.000000 0.000000
8.000000 92.984311 6.171663 1.229008 0.653766 0.000000 0.000000 0.000000 1.000000 0.000000 0.000000
8.000000 92.987248 6.167424 1.225591 0.656254 0.000000 0.000000 0.000000 1.000000 0.000000 0.000000
8.000000 92.988461 6.090631 1.275201 0.672926 0.000000 0.000000 0.000000 1.000000 0.000000 0.000000
8.000000 92.989989 6.166450 1.300968 0.667031 0.000000 0.000000 0.000000 1.000000 0.000000 0.000000
8.000000 92.989990 6.191443 1.317699 0.654197 0.000000 0.000000 0.000000 1.000000 0.000000 0.000000
8.000000 92.991496 5.781436 1.387120 0.613254 0.000000 0.000000 0.000000 1.000000 0.000000 0.000000
8.000000 92.994438 6.127411 1.233656 0.690316 0.000000 0.000000 0.000000 1.000000 0.000000 0.000000
8.000000 92.997160 6.125637 1.229771 0.687981 0.000000 0.000000 0.000000 1.000000 0.000000 0.000000
8.000000 92.998353 6.057628 1.269270 0.705869 0.000000 0.000000 0.000000 1.000000 0.000000 0.000000
8.000000 92.999846 6.102226 1.285047 0.705447 0.000000 0.000000 0.000000 1.000000 0.000000 0.000000
8.000000 92.999902 6.138998 1.316561 0.693087 0.000000 0.000000 0.000000 1.000000 0.000000 0.000000
8.000000 93.001421 5.784635 1.377561 0.658699 0.000000 0.000000 0.000000 1.000000 0.000000 0.000000
8.000000 93.004433 6.092330 1.238932 0.722034 0.000000 0.000000 0.000000 1.000000 0.000000 0.000000
8.000000 93.007210 6.077592 1.231663 0.723574 0.000000 0.000000 0.000000 1.000000 0.000000 0.000000
8.000000 93.008257 6.005328 1.275534 0.742173 0.000000 0.000000 0.000000 1.000000 0.000000 0.000000
8.000000 93.009960 6.069217 1.294214 0.737986 0.000000 0.000000 0.000000 1.000000 0.000000 0.000000
8.000000 93.009972 6.070995 1.285347 0.723802 0.000000 0.000000 0.000000 1.000000 0.000000 0.000000
8.000000 93.011513 5.853245 1.316919 0.696683 0.000000 0.000000 0.000000 1.000000 0.000000 0.000000
8.000000 93.014229 6.043223 1.236892 0.745288 0.000000 0.000000 0.000000 1.000000 0.000000 0.000000
8.000000 93.017190 6.030775 1.236852 0.754832 0.000000 0.000000 0.000000 1.000000 0.000000 0.000000
8.000000 93.018239 5.967202 1.275244 0.772359 0.000000 0.000000 0.000000 1.000000 0.000000 0.000000
8.000000 93.019866 6.006047 1.287191 0.766242 0.000000 0.000000 0.000000 1.000000 0.000000 0.000000
8.000000 93.019920 6.050245 1.323646 0.752210 0.000000 0.000000 0.000000 1.000000 0.000000 0.000000
8.000000 93.021390 5.610891 1.401632 0.705655 0.000000 0.000000 0.000000 1.000000 0.000000 0.000000
8.000000 93.024294 5.997399 1.236050 0.781310 0.000000 0.000000 0.000000 1.000000 0.000000 0.000000
8.000000 93.027164 5.986008 1.233749 0.786421 0.000000 0.000000 0.000000 1.000000 0.000000 0.000000
8.000000 93.029919 5.929356 1.263180 0.812153 0.000000 0.000000 0.000000 1.000000 0.000000 0.000000
8.000000 93.030066 5.995611 1.317097 0.788504 0.000000 0.000000 0.000000 1.000000 0.000000 0.000000
8.000000 93.031503 5.736696 1.359166 0.760740 0.000000 0.000000 0.000000 1.000000 0.000000 0.000000
8.000000 93.034395 5.982622 1.247517 0.808236 0.000000 0.000000 0.000000 1.000000 0.000000 0.000000
8.000000 93.037153 5.941194 1.237474 0.814554 0.000000 0.000000 0.000000 1.000000 0.000000 0.000000
8.000000 93.038287 5.864522 1.286144 0.827157 0.000000 0.000000 0.000000 1.000000 0.000000 0.000000
8.000000 93.039857 5.968468 1.320117 0.820890 0.000000 0.000000 0.000000 1.000000 0.000000 0.000000
8.000000 93.039860 5.961456 1.323956 0.815864 0.000000 0.000000 0.000000 1.000000 0.000000 0.000000
8.000000 93.041458 5.899023 1.270133 0.835791 0.000000 0.000000 0.000000 1.000000 0.000000 0.000000
8.000000 93.044291 5.938890 1.246931 0.831934 0.000000 0.000000 0.000000 1.000000 0.000000 0.000000
8.000000 93.047162 5.909214 1.240374 0.838584 0.000000 0.000000 0.000000 1.000000 0.000000 0.000000
8.000000 93.048440 5.827631 1.287416 0.860142 0.000000 0.000000 0.000000 1.000000 0.000000 0.000000
8.000000 93.049990 5.890789 1.306704 0.860854 0.000000 0.000000 0.000000 1.000000 0.000000 0.000000
8.000000 93.050006 5.919968 1.324767 0.838912 0.000000 0.000000 0.000000 1.000000 0.000000 0.000000
8.000000 93.051541 5.625815 1.369138 0.804048 0.000000 0.000000 0.000000 1.000000 0.000000 0.000000
8.000000 93.054258 5.894247 1.251129 0.861944 0.000000 0.000000 0.000000 1.000000 0.000000 0.000000
8.000000 93.057190 5.854984 1.243914 0.873905 0.000000 0.000000 0.000000 1.000000 0.000000 0.000000
8.000000 93.058610 5.784717 1.287948 0.889680 0.000000 0.000000 0.000000 1.000000 0.000000 0.000000
8.000000 93.059929 5.848032 1.309544 0.886694 0.000000 0.000000 0.000000 1.000000 0.000000 0.000000
8.000000 93.059963 5.841809 1.293316 0.870705 0.000000 0.000000 0.000000 1.000000 0.000000 0.000000
8.000000 93.061424 5.727020 1.302218 0.868150 0.000000 0.000000 0.000000 1.000000 0.000000 0.000000
8.000000 93.064212 5.815186 1.253120 0.903643 0.000000 0.000000 0.000000 1.000000 0.000000 0.000000
8.000000 93.067184 5.806153 1.243881 0.903569 0.000000 0.000000 0.000000 1.000000 0.000000 0.000000
8.000000 93.068427 5.754685 1.280004 0.915012 0.000000 0.000000 0.000000 1.000000 0.000000 0.000000
8.000000 93.069963 5.888858 1.319915 0.905204 0.000000 0.000000 0.000000 1.000000 0.000000 0.000000
8.000000 93.069970 5.843083 1.332278 0.889329 0.000000 0.000000 0.000000 1.000000 0.000000 0.000000
8.000000 93.071551 5.758253 1.261896 0.924809 0.000000 0.000000 0.000000 1.000000 0.000000 0.000000
8.000000 93.074285 5.772681 1.252528 0.922518 0.000000 0.000000 0.000000 1.000000 0.000000 0.000000
8.000000 93.077198 5.762053 1.248718 0.930182 0.000000 0.000000 0.000000 1.000000 0.000000 0.000000
8.000000 93.078297 5.719685 1.282801 0.935050 0.000000 0.000000 0.000000 1.000000 0.000000 0.000000
8.000000 93.079930 5.757777 1.302773 0.910490 0.000000 0.000000 0.000000 1.000000 0.000000 0.000000
8.000000 93.079930 5.768953 1.311716 0.920982 0.000000 0.000000 0.000000 1.000000 0.000000 0.000000
8.000000 93.081463 5.707139 1.266349 0.955829 0.000000 0.000000 0.000000 1.000000 0.000000 0.000000
8.000000 93.084275 5.724480 1.252302 0.947024 0.000000 0.000000 0.000000 1.000000 0.000000 0.000000
8.000000 93.087188 5.718348 1.247859 0.952818 0.000000 0.000000 0.000000 1.000000 0.000000 0.000000
8.000000 93.088402 5.652856 1.289930 0.972243 0.000000 0.000000 0.000000 1.000000 0.000000 0.000000
8.000000 93.090000 5.701611 1.307780 0.943372 0.000000 0.000000 0.000000 1.000000 0.000000 0.000000
8.000000 93.090018 5.727138 1.313488 0.942248 0.000000 0.000000 0.000000 1.000000 0.000000 0.000000
8.000000 93.091547 5.660224 1.261243 0.973934 0.000000 0.000000 0.000000 1.000000 0.000000 0.000000
8.000000 93.094290 5.679666 1.249914 0.966985 0.000000 0.000000 0.000000 1.000000 0.000000 0.000000
8.000000 93.097196 5.678520 1.250307 0.975970 0.000000 0.000000 0.000000 1.000000 0.000000 0.000000
8.000000 93.098326 5.626621 1.287708 0.986791 0.000000 0.000000 0.000000 1.000000 0.000000 0.000000
8.000000 93.099886 5.775859 1.331910 0.984997 0.000000 0.000000 0.000000 1.000000 0.000000 0.000000
8.000000 93.099962 5.707471 1.345849 0.969203 0.000000 0.000000 0.000000 1.000000 0.000000 0.000000
8.000000 93.101590 5.617491 1.266901 1.000194 0.000000 0.000000 0.000000 1.000000 0.000000 0.000000
8.000000 93.104310 5.637709 1.254471 0.996981 0.000000 0.000000 0.000000 1.000000 0.000000 0.000000
8.000000 93.107207 5.634083 1.251578 0.998496 0.000000 0.000000 0.000000 1.000000 0.000000 0.000000
8.000000 93.108353 5.566065 1.295423 1.012769 0.000000 0.000000 0.000000 1.000000 0.000000 0.000000
8.000000 93.109984 5.583571 1.306994 0.983336 0.000000 0.000000 0.000000 1.000000 0.000000 0.000000
8.000000 93.110200 5.617466 1.309798 0.985880 0.000000 0.000000 0.000000 1.000000 0.000000 0.000000
8.000000 93.111561 5.574522 1.277613 1.009040 0.000000 0.000000 0.000000 1.000000 0.000000 0.000000
8.000000 93.114273 5.613113 1.258851 1.006809 0.000000 0.000000 0.000000 1.000000 0.000000 0.000000
8.000000 93.117205 5.589815 1.256515 1.020175 0.000000 0.000000 0.000000 1.000000 0.000000 0.000000
8.000000 93.118324 5.535781 1.293580 1.031476 0.000000 0.000000 0.000000 1.000000 0.000000 0.000000
8.000000 93.120043 5.566061 1.308478 1.008200 0.000000 0.000000 0.000000 1.000000 0.000000 0.000000
8.000000 93.120096 5.582662 1.311810 1.007825 0.000000 0.000000 0.000000 1.000000 0.000000 0.000000
8.000000 93.121430 5.543092 1.283663 1.035550 0.000000 0.000000 0.000000 1.000000 0.000000 0.000000
8.000000 93.124274 5.574341 1.264181 1.034596 0.000000 0.000000 0.000000 1.000000 0.000000 0.000000
8.000000 93.127311 5.551687 1.255065 1.038860 0.000000 0.000000 0.000000 1.000000 0.000000 0.000000
8.000000 93.128466 5.483927 1.298080 1.056440 0.000000 0.000000 0.000000 1.000000 0.000000 0.000000
8.000000 93.130190 5.530167 1.315047 1.030062 0.000000 0.000000 0.000000 1.000000 0.000000 0.000000
8.000000 93.130256 5.545667 1.322541 1.030865 0.000000 0.000000 0.000000 1.000000 0.000000 0.000000
8.000000 93.131502 5.473807 1.265548 1.066186 0.000000 0.000000 0.000000 1.000000 0.000000 0.000000
8.000000 93.134255 5.488166 1.256201 1.058997 0.000000 0.000000 0.000000 1.000000 0.000000 0.000000
8.000000 93.137253 5.507569 1.258398 1.056451 0.000000 0.000000 0.000000 1.000000 0.000000 0.000000
8.000000 93.138347 5.444036 1.303198 1.064610 0.000000 0.000000 0.000000 1.000000 0.000000 0.000000
8.000000 93.139915 5.477002 1.321484 1.039547 0.000000 0.000000 0.000000 1.000000 0.000000 0.000000
8.000000 93.140130 5.505648 1.324918 1.048062 0.000000 0.000000 0.000000 1.000000 0.000000 0.000000
8.000000 93.141387 5.452733 1.285014 1.079654 0.000000 0.000000 0.000000 1.000000 0.000000 0.000000
8.000000 93.144421 5.479628 1.267070 1.074469 0.000000 0.000000 0.000000 1.000000 0.000000 0.000000
8.000000 93.147400 5.456883 1.259549 1.078425 0.000000 0.000000 0.000000 1.000000 0.000000 0.000000
8.000000 93.148382 5.398251 1.297759 1.090620 0.000000 0.000000 0.000000 1.000000 0.000000 0.000000
8.000000 93.150045 5.423943 1.310088 1.064250 0.000000 0.000000 0.000000 1.000000 0.000000 0.000000
8.000000 93.150214 5.446598 1.316029 1.068663 0.000000 0.000000 0.000000 1.000000 0.000000 0.000000
8.000000 93.151530 5.400648 1.283702 1.100625 0.000000 0.000000 0.000000 1.000000 0.000000 0.000000
8.000000 93.154319 5.425040 1.267190 1.095198 0.000000 0.000000 0.000000 1.000000 0.000000 0.000000
8.000000 93.157306 5.418013 1.261712 1.096949 0.000000 0.000000 0.000000 1.000000 0.000000 0.000000
8.000000 93.158335 5.349906 1.307115 1.111701 0.000000 0.000000 0.000000 1.000000 0.000000 0.000000
8.000000 93.159835 5.405154 1.328104 1.088435 0.000000 0.000000 0.000000 1.000000 0.000000 0.000000
8.000000 93.159909 5.411043 1.335258 1.088851 0.000000 0.000000 0.000000 1.000000 0.000000 0.000000
8.000000 93.161446 5.389600 1.323974 1.111513 0.000000 0.000000 0.000000 1.000000 0.000000 0.000000
8.000000 93.164342 5.441642 1.282051 1.096620 0.000000 0.000000 0.000000 1.000000 0.000000 0.000000
8.000000 93.167301 5.383385 1.257615 1.102283 0.000000 0.000000 0.000000 1.000000 0.000000 0.000000
8.000000 93.168501 5.314656 1.303012 1.123595 0.000000 0.000000 0.000000 1.000000 0.000000 0.000000
8.000000 93.169909 5.421150 1.334870 1.111532 0.000000 0.000000 0.000000 1.000000 0.000000 0.000000
8.000000 93.170072 5.377802 1.347774 1.101865 0.000000 0.000000 0.000000 1.000000 0.000000 0.000000
8.000000 93.171588 5.308256 1.289043 1.133746 0.000000 0.000000 0.000000 1.000000 0.000000 0.000000
8.000000 93.174317 5.335276 1.269876 1.127385 0.000000 0.000000 0.000000 1.000000 0.000000 0.000000
8.000000 93.177404 5.332125 1.263077 1.127165 0.000000 0.000000 0.000000 1.000000 0.000000 0.000000
8.000000 93.178659 5.251525 1.311474 1.153642 0.000000 0.000000 0.000000 1.000000 0.000000 0.000000
8.000000 93.179863 5.387578 1.346708 1.143921 0.000000 0.000000 0.000000 1.000000 0.000000 0.000000
8.000000 93.180041 5.342288 1.358315 1.123791 0.000000 0.000000 0.000000 1.000000 0.000000 0.000000
8.000000 93.181445 5.266527 1.289590 1.147952 0.000000 0.000000 0.000000 1.000000 0.000000 0.000000
8.000000 93.184335 5.291263 1.272324 1.138575 0.000000 0.000000 0.000000 1.000000 0.000000 0.000000
8.000000 93.187361 5.287371 1.268357 1.140827 0.000000 0.000000 0.000000 1.000000 0.000000 0.000000
8.000000 93.188625 5.225287 1.315843 1.146148 0.000000 0.000000 0.000000 1.000000 0.000000 0.000000
8.000000 93.190092 5.289690 1.349322 1.141431 0.000000 0.000000 0.000000 1.000000 0.000000 0.000000
8.000000 93.190127 5.297637 1.357800 1.133814 0.000000 0.000000 0.000000 1.000000 0.000000 0.000000
8.000000 93.191626 4.926087 1.414531 1.093652 0.000000 0.000000 0.000000 1.000000 0.000000 0.000000
8.000000 93.194372 5.249819 1.274575 1.153390 0.000000 0.000000 0.000000 1.000000 0.000000 0.000000
8.000000 93.197356 5.245476 1.269187 1.152980 0.000000 0.000000 0.000000 1.000000 0.000000 0.000000
8.000000 93.198401 5.182198 1.310150 1.168441 0.000000 0.000000 0.000000 1.000000 0.000000 0.000000
8.000000 93.199981 5.221437 1.328714 1.168046 0.000000 0.000000 0.000000 1.000000 0.000000 0.000000
8.000000 93.200018 5.254445 1.358553 1.151262 0.000000 0.000000 0.000000 1.000000 0.000000 0.000000
8.000000 93.201544 4.872736 1.417519 1.115044 0.000000 0.000000 0.000000 1.000000 0.000000 0.000000
8.000000 93.204305 5.191366 1.277045 1.173806 0.000000 0.000000 0.000000 1.000000 0.000000 0.000000
8.000000 93.207278 5.202198 1.271175 1.165597 0.000000 0.000000 0.000000 1.000000 0.000000 0.000000
8.000000 93.208420 5.131707 1.315529 1.184266 0.000000 0.000000 0.000000 1.000000 0.000000 0.000000
8.000000 93.210050 5.156088 1.326384 1.156506 0.000000 0.000000 0.000000 1.000000 0.000000 0.000000
8.000000 93.210152 5.182966 1.332177 1.160788 0.000000 0.000000 0.000000 1.000000 0.000000 0.000000
8.000000 93.211565 5.135715 1.296368 1.189628 0.000000 0.000000 0.000000 1.000000 0.000000 0.000000
8.000000 93.214401 5.158973 1.278002 1.178113 0.000000 0.000000 0.000000 1.000000 0.000000 0.000000
8.000000 93.217461 5.156410 1.272602 1.178127 0.000000 0.000000 0.000000 1.000000 0.000000 0.000000
8.000000 93.218600 5.094300 1.313293 1.194401 0.000000 0.000000 0.000000 1.000000 0.000000 0.000000
8.000000 93.219975 5.130096 1.329011 1.190702 0.000000 0.000000 0.000000 1.000000 0.000000 0.000000
8.000000 93.219976 5.161730 1.354867 1.171113 0.000000 0.000000 0.000000 1.000000 0.000000 0.000000
8.000000 93.221572 4.585276 1.444503 1.120655 0.000000 0.000000 0.000000 1.000000 0.000000 0.000000
8.000000 93.224364 5.019099 1.264143 1.213262 0.000000 0.000000 0.000000 1.000000 0.000000 0.000000
8.000000 93.227469 5.113774 1.274440 1.189544 0.000000 0.000000 0.000000 1.000000 0.000000 0.000000
8.000000 93.228494 5.035449 1.330079 1.203277 0.000000 0.000000 0.000000 1.000000 0.000000 0.000000
8.000000 93.230094 5.105597 1.360476 1.196875 0.000000 0.000000 0.000000 1.000000 0.000000 0.000000
8.000000 93.230116 5.108697 1.361611 1.188983 0.000000 0.000000 0.000000 1.000000 0.000000 0.000000
8.000000 93.231812 4.547446 1.450751 1.126053 0.000000 0.000000 0.000000 1.000000 0.000000 0.000000
8.000000 93.234449 5.002146 1.268763 1.211277 0.000000 0.000000 0.000000 1.000000 0.000000 0.000000
8.000000 93.237490 5.061868 1.279221 1.200648 0.000000 0.000000 0.000000 1.000000 0.000000 0.000000
8.000000 93.238580 4.996782 1.324053 1.212164 0.000000 0.000000 0.000000 1.000000 0.000000 0.000000
8.000000 93.240023 5.020222 1.337761 1.181648 0.000000 0.000000 0.000000 1.000000 0.000000 0.000000
8.000000 93.240063 5.050679 1.343375 1.189839 0.000000 0.000000 0.000000 1.000000 0.000000 0.000000
8.000000 93.241632 4.998801 1.302813 1.220574 0.000000 0.000000 0.000000 1.000000 0.000000 0.000000
8.000000 93.244352 5.024880 1.284325 1.209836 0.000000 0.000000 0.000000 1.000000 0.000000 0.000000
8.000000 93.247330 5.024219 1.280415 1.208289 0.000000 0.000000 0.000000 1.000000 0.000000 0.000000
8.000000 93.248450 4.964568 1.319645 1.221668 0.000000 0.000000 0.000000 1.000000 0.000000 0.000000
8.000000 93.250106 4.993925 1.336754 1.221852 0.000000 0.000000 0.000000 1.000000 0.000000 0.000000
8.000000 93.250111 5.007559 1.344480 1.201180 0.000000 0.000000 0.000000 1.000000 0.000000 0.000000
8.000000 93.251590 4.791784 1.369106 1.178834 0.000000 0.000000 0.000000 1.000000 0.000000 0.000000
8.000000 93.254427 4.973646 1.285117 1.222001 0.000000 0.000000 0.000000 1.000000 0.000000 0.000000
8.000000 93.257412 4.987523 1.279861 1.211602 0.000000 0.000000 0.000000 1.000000 0.000000 0.000000
8.000000 93.259314 4.909153 1.328111 1.233211 0.000000 0.000000 0.000000 1.000000 0.000000 0.000000
8.000000 93.260045 4.929084 1.337013 1.207611 0.000000 0.000000 0.000000 1.000000 0.000000 0.000000
8.000000 93.260079 4.961444 1.340983 1.212195 0.000000 0.000000 0.000000 1.000000 0.000000 0.000000
8.000000 93.261503 4.872572 1.263474 1.252822 0.000000 0.000000 0.000000 1.000000 0.000000 0.000000
8.000000 93.264363 4.849466 1.270673 1.241525 0.000000 0.000000 0.000000 1.000000 0.000000 0.000000
8.000000 93.267362 4.940363 1.282336 1.221030 0.000000 0.000000 0.000000 1.000000 0.000000 0.000000
8.000000 93.268495 4.878350 1.324380 1.237527 0.000000 0.000000 0.000000 1.000000 0.000000 0.000000
8.000000 93.270112 4.905256 1.337813 1.230286 0.000000 0.000000 0.000000 1.000000 0.000000 0.000000
8.000000 93.270117 4.937831 1.364531 1.209844 0.000000 0.000000 0.000000 1.000000 0.000000 0.000000
8.000000 93.271796 4.618211 1.412318 1.183446 0.000000 0.000000 0.000000 1.000000 0.000000 0.000000
8.000000 93.274365 4.894715 1.289001 1.234208 0.000000 0.000000 0.000000 1.000000 0.000000 0.000000
8.000000 93.277438 4.900761 1.281461 1.225235 0.000000 0.000000 0.000000 1.000000 0.000000 0.000000
8.000000 93.278794 4.822061 1.334568 1.241216 0.000000 0.000000 0.000000 1.000000 0.000000 0.000000
8.000000 93.279977 4.856032 1.351090 1.220188 0.000000 0.000000 0.000000 1.000000 0.000000 0.000000
8.000000 93.280018 4.895096 1.350072 1.226361 0.000000 0.000000 0.000000 1.000000 0.000000 0.000000
8.000000 93.281644 4.852912 1.314887 1.250509 0.000000 0.000000 0.000000 1.000000 0.000000 0.000000
8.000000 93.284362 4.860791 1.298943 1.236815 0.000000 0.000000 0.000000 1.000000 0.000000 0.000000
8.000000 93.287387 4.853058 1.287245 1.230593 0.000000 0.000000 0.000000 1.000000 0.000000 0.000000
8.000000 93.288691 4.783789 1.335361 1.245181 0.000000 0.000000 0.000000 1.000000 0.000000 0.000000
8.000000 93.290048 4.838363 1.354658 1.235320 0.000000 0.000000 0.000000 1.000000 0.000000 0.000000
8.000000 93.290087 4.857668 1.367672 1.219803 0.000000 0.000000 0.000000 1.000000 0.000000 0.000000
8.000000 93.291791 4.499688 1.423413 1.190318 0.000000 0.000000 0.000000 1.000000 0.000000 0.000000
8.000000 93.294337 4.798762 1.292446 1.242859 0.000000 0.000000 0.000000 1.000000 0.000000 0.000000
8.000000 93.297334 4.809022 1.286355 1.230244 0.000000 0.000000 0.000000 1.000000 0.000000 0.000000
8.000000 93.298496 4.731029 1.334780 1.249460 0.000000 0.000000 0.000000 1.000000 0.000000 0.000000
8.000000 93.299940 4.744882 1.342305 1.223334 0.000000 0.000000 0.000000 1.000000 0.000000 0.000000
8.000000 93.300037 4.810079 1.336151 1.221459 0.000000 0.000000 0.000000 1.000000 0.000000 0.000000
8.000000 93.301759 4.765328 1.299870 1.252583 0.000000 0.000000 0.000000 1.000000 0.000000 0.000000
8.000000 93.304386 4.767260 1.290061 1.246814 0.000000 0.000000 0.000000 1.000000 0.000000 0.000000
8.000000 93.307399 4.776688 1.281426 1.232349 0.000000 0.000000 0.000000 1.000000 0.000000 0.000000
8.000000 93.308592 4.695933 1.332384 1.252514 0.000000 0.000000 0.000000 1.000000 0.000000 0.000000
8.000000 93.310128 4.733105 1.345962 1.232886 0.000000 0.000000 0.000000 1.000000 0.000000 0.000000
8.000000 93.311709 4.279326 1.419028 1.190729 0.000000 0.000000 0.000000 1.000000 0.000000 0.000000
8.000000 93.314348 4.620378 1.280011 1.265742 0.000000 0.000000 0.000000 1.000000 0.000000 0.000000
8.000000 93.317372 4.723004 1.292672 1.236917 0.000000 0.000000 0.000000 1.000000 0.000000 0.000000
8.000000 93.318632 4.650917 1.340662 1.254301 0.000000 0.000000 0.000000 1.000000 0.000000 0.000000
8.000000 93.320019 4.719744 1.362512 1.232479 0.000000 0.000000 0.000000 1.000000 0.000000 0.000000
8.000000 93.321554 4.218105 1.443864 1.179252 0.000000 0.000000 0.000000 1.000000 0.000000 0.000000
8.000000 93.324377 4.608676 1.284492 1.259477 0.000000 0.000000 0.000000 1.000000 0.000000 0.000000
8.000000 93.327328 4.682043 1.293123 1.239342 0.000000 0.000000 0.000000 1.000000 0.000000 0.000000
8.000000 93.328540 4.618408 1.339207 1.249779 0.000000 0.000000 0.000000 1.000000 0.000000 0.000000
8.000000 93.330136 4.695490 1.365753 1.232034 0.000000 0.000000 0.000000 1.000000 0.000000 0.000000
8.000000 93.331610 4.460086 1.404484 1.204773 0.000000 0.000000 0.000000 1.000000 0.000000 0.000000
8.000000 93.334342 4.672227 1.307076 1.235857 0.000000 0.000000 0.000000 1.000000 0.000000 0.000000
8.000000 93.337349 4.632749 1.292564 1.236359 0.000000 0.000000 0.000000 1.000000 0.000000 0.000000
8.000000 93.338485 4.545196 1.346718 1.260125 0.000000 0.000000 0.000000 1.000000 0.000000 0.000000
8.000000 93.340072 4.629652 1.369106 1.238131 0.000000 0.000000 0.000000 1.000000 0.000000 0.000000
8.000000 93.341514 4.105725 1.454317 1.172161 0.000000 0.000000 0.000000 1.000000 0.000000 0.000000
8.000000 93.344424 4.523036 1.287163 1.254127 0.000000 0.000000 0.000000 1.000000 0.000000 0.000000
8.000000 93.347304 4.592685 1.297093 1.236429 0.000000 0.000000 0.000000 1.000000 0.000000 0.000000
8.000000 93.348562 4.521922 1.342729 1.256272 0.000000 0.000000 0.000000 1.000000 0.000000 0.000000
8.000000 93.350168 4.514053 1.345359 1.223201 0.000000 0.000000 0.000000 1.000000 0.000000 0.000000
8.000000 93.351633 4.509488 1.344901 1.222412 0.000000 0.000000 0.000000 1.000000 0.000000 0.000000
8.000000 93.354341 4.528962 1.293110 1.239878 0.000000 0.000000 0.000000 1.000000 0.000000 0.000000
8.000000 93.357350 4.557916 1.297589 1.231175 0.000000 0.000000 0.000000 1.000000 0.000000 0.000000
8.000000 93.358515 4.480488 1.346260 1.250910 0.000000 0.000000 0.000000 1.000000 0.000000 0.000000
8.000000 93.360046 4.646597 1.387048 1.248265 0.000000 0.000000 0.000000 1.000000 0.000000 0.000000
8.000000 93.361594 4.121391 1.474112 1.180602 0.000000 0.000000 0.000000 1.000000 0.000000 0.000000
8.000000 93.364532 4.508857 1.309557 1.238191 0.000000 0.000000 0.000000 1.000000 0.000000 0.000000
8.000000 93.367390 4.507107 1.301762 1.232592 0.000000 0.000000 0.000000 1.000000 0.000000 0.000000
8.000000 93.368576 4.444728 1.344139 1.248211 0.000000 0.000000 0.000000 1.000000 0.000000 0.000000
8.000000 93.370085 4.524219 1.367411 1.230146 0.000000 0.000000 0.000000 1.000000 0.000000 0.000000
8.000000 93.371641 4.225018 1.415782 1.195728 0.000000 0.000000 0.000000 1.000000 0.000000 0.000000
8.000000 93.374360 4.459194 1.310087 1.236935 0.000000 0.000000 0.000000 1.000000 0.000000 0.000000
8.000000 93.377333 4.468520 1.301977 1.223285 0.000000 0.000000 0.000000 1.000000 0.000000 0.000000
8.000000 93.378451 4.375076 1.360674 1.250291 0.000000 0.000000 0.000000 1.000000 0.000000 0.000000
8.000000 93.380052 4.419584 1.374402 1.221988 0.000000 0.000000 0.000000 1.000000 0.000000 0.000000
8.000000 93.381525 4.280699 1.396422 1.196622 0.000000 0.000000 0.000000 1.000000 0.000000 0.000000
8.000000 93.384402 4.448701 1.315591 1.224221 0.000000 0.000000 0.000000 1.000000 0.000000 0.000000
8.000000 93.387335 4.432647 1.302606 1.216579 0.000000 0.000000 0.000000 1.000000 0.000000 0.000000
8.000000 93.388587 4.345248 1.359557 1.238992 0.000000 0.000000 0.000000 1.000000 0.000000 0.000000
8.000000 93.390110 4.429687 1.383741 1.217051 0.000000 0.000000 0.000000 1.000000 0.000000 0.000000
8.000000 93.391640 4.135941 1.431767 1.171806 0.000000 0.000000 0.000000 1.000000 0.000000 0.000000
8.000000 93.394459 4.405675 1.315144 1.213606 0.000000 0.000000 0.000000 1.000000 0.000000 0.000000
8.000000 93.397359 4.385117 1.305419 1.211590 0.000000 0.000000 0.000000 1.000000 0.000000 0.000000
8.000000 93.398511 4.305757 1.356943 1.231791 0.000000 0.000000 0.000000 1.000000 0.000000 0.000000
8.000000 93.400038 4.323083 1.365787 1.206327 0.000000 0.000000 0.000000 1.000000 0.000000 0.000000
8.000000 93.401498 3.879911 1.436251 1.161450 0.000000 0.000000 0.000000 1.000000 0.000000 0.000000
8.000000 93.404634 4.605198 1.369765 1.158405 0.000000 0.000000 0.000000 1.000000 0.000000 0.000000
8.000000 93.407357 4.348316 1.306612 1.203006 0.000000 0.000000 0.000000 1.000000 0.000000 0.000000
8.000000 93.408618 4.272200 1.357277 1.219696 0.000000 0.000000 0.000000 1.000000 0.000000 0.000000
8.000000 93.410133 4.274611 1.364006 1.195029 0.000000 0.000000 0.000000 1.000000 0.000000 0.000000
8.000000 93.411674 3.880276 1.427865 1.146720 0.000000 0.000000 0.000000 1.000000 0.000000 0.000000
8.000000 93.414711 4.229524 1.295271 1.214207 0.000000 0.000000 0.000000 1.000000 0.000000 0.000000
8.000000 93.417379 4.297105 1.309466 1.197935 0.000000 0.000000 0.000000 1.000000 0.000000 0.000000
8.000000 93.418519 4.220895 1.361715 1.213526 0.000000 0.000000 0.000000 1.000000 0.000000 0.000000
8.000000 93.420015 4.347543 1.396603 1.202117 0.000000 0.000000 0.000000 1.000000 0.000000 0.000000
8.000000 93.421535 3.649795 1.510801 1.118397 0.000000 0.000000 0.000000 1.000000 0.000000 0.000000
8.000000 93.424457 4.181515 1.299782 1.207938 0.000000 0.000000 0.000000 1.000000 0.000000 0.000000
8.000000 93.427383 4.258896 1.309827 1.184149 0.000000 0.000000 0.000000 1.000000 0.000000 0.000000
8.000000 93.428617 4.167014 1.374214 1.204634 0.000000 0.000000 0.000000 1.000000 0.000000 0.000000
8.000000 93.430102 4.139469 1.377864 1.165664 0.000000 0.000000 0.000000 1.000000 0.000000 0.000000
8.000000 93.431612 4.131828 1.378844 1.158063 0.000000 0.000000 0.000000 1.000000 0.000000 0.000000
8.000000 93.434649 4.244220 1.323630 1.175416 0.000000 0.000000 0.000000 1.000000 0.000000 0.000000
8.000000 93.437334 4.222654 1.312039 1.172939 0.000000 0.000000 0.000000 1.000000 0.000000 0.000000
8.000000 93.438572 4.140533 1.366373 1.195461 0.000000 0.000000 0.000000 1.000000 0.000000 0.000000
8.000000 93.439998 4.274792 1.400668 1.181889 0.000000 0.000000 0.000000 1.000000 0.000000 0.000000
8.000000 93.441525 3.842144 1.471766 1.114866 0.000000 0.000000 0.000000 1.000000 0.000000 0.000000
8.000000 93.444469 4.196560 1.322973 1.164020 0.000000 0.000000 0.000000 1.000000 0.000000 0.000000
8.000000 93.447398 4.177902 1.313597 1.161856 0.000000 0.000000 0.000000 1.000000 0.000000 0.000000
8.000000 93.448589 4.100058 1.365352 1.182181 0.000000 0.000000 0.000000 1.000000 0.000000 0.000000
8.000000 93.450140 4.227318 1.398052 1.169638 0.000000 0.000000 0.000000 1.000000 0.000000 0.000000
8.000000 93.451686 3.883124 1.454303 1.118019 0.000000 0.000000 0.000000 1.000000 0.000000 0.000000
8.000000 93.454592 4.161026 1.331461 1.155305 0.000000 0.000000 0.000000 1.000000 0.000000 0.000000
8.000000 93.457392 4.133349 1.317278 1.150551 0.000000 0.000000 0.000000 1.000000 0.000000 0.000000
8.000000 93.458577 4.064981 1.363849 1.165795 0.000000 0.000000 0.000000 1.000000 0.000000 0.000000
8.000000 93.460095 4.113184 1.379869 1.142729 0.000000 0.000000 0.000000 1.000000 0.000000 0.000000
8.000000 93.461580 3.839878 1.424387 1.095173 0.000000 0.000000 0.000000 1.000000 0.000000 0.000000
8.000000 93.464468 4.103585 1.318517 1.135973 0.000000 0.000000 0.000000 1.000000 0.000000 0.000000
8.000000 93.467399 4.095762 1.316073 1.137112 0.000000 0.000000 0.000000 1.000000 0.000000 0.000000
8.000000 93.468646 4.015102 1.372305 1.155515 0.000000 0.000000 0.000000 1.000000 0.000000 0.000000
8.000000 93.470046 4.106606 1.399771 1.140781 0.000000 0.000000 0.000000 1.000000 0.000000 0.000000
8.000000 93.471652 3.299600 1.530576 1.045622 0.000000 0.000000 0.000000 1.000000 0.000000 0.000000
8.000000 93.474512 3.923940 1.294185 1.157519 0.000000 0.000000 0.000000 1.000000 0.000000 0.000000
8.000000 93.477453 4.051899 1.318869 1.121774 0.000000 0.000000 0.000000 1.000000 0.000000 0.000000
8.000000 93.478600 3.979026 1.372660 1.134610 0.000000 0.000000 0.000000 1.000000 0.000000 0.000000
8.000000 93.480127 4.081254 1.404374 1.119636 0.000000 0.000000 0.000000 1.000000 0.000000 0.000000
8.000000 93.481756 3.398768 1.514282 1.045762 0.000000 0.000000 0.000000 1.000000 0.000000 0.000000
8.000000 93.484441 3.916916 1.309481 1.140042 0.000000 0.000000 0.000000 1.000000 0.000000 0.000000
8.000000 93.487363 4.009381 1.321948 1.106133 0.000000 0.000000 0.000000 1.000000 0.000000 0.000000
8.000000 93.488641 3.929896 1.375924 1.126044 0.000000 0.000000 0.000000 1.000000 0.000000 0.000000
8.000000 93.490263 3.925216 1.380411 1.089694 0.000000 0.000000 0.000000 1.000000 0.000000 0.000000
8.000000 93.491719 4.199866 1.335847 1.107206 0.000000 0.000000 0.000000 1.000000 0.000000 0.000000
8.000000 93.494675 3.876835 1.301620 1.114291 0.000000 0.000000 0.000000 1.000000 0.000000 0.000000
8.000000 93.497392 3.961448 1.322261 1.092032 0.000000 0.000000 0.000000 1.000000 0.000000 0.000000
8.000000 93.498673 3.896455 1.370462 1.100824 0.000000 0.000000 0.000000 1.000000 0.000000 0.000000
8.000000 93.500078 3.938832 1.388454 1.078094 0.000000 0.000000 0.000000 1.000000 0.000000 0.000000
8.000000 93.501765 3.429426 1.470136 1.017187 0.000000 0.000000 0.000000 1.000000 0.000000 0.000000
8.000000 93.504527 3.854342 1.308902 1.097728 0.000000 0.000000 0.000000 1.000000 0.000000 0.000000
8.000000 93.507436 3.927005 1.323963 1.073078 0.000000 0.000000 0.000000 1.000000 0.000000 0.000000
8.000000 93.508707 3.848003 1.378865 1.088439 0.000000 0.000000 0.000000 1.000000 0.000000 0.000000
8.000000 93.510060 3.886246 1.394242 1.065466 0.000000 0.000000 0.000000 1.000000 0.000000 0.000000
8.000000 93.511748 3.349839 1.480153 0.999266 0.000000 0.000000 0.000000 1.000000 0.000000 0.000000
8.000000 93.514647 3.799162 1.309017 1.083138 0.000000 0.000000 0.000000 1.000000 0.000000 0.000000
8.000000 93.517450 3.886384 1.325345 1.054623 0.000000 0.000000 0.000000 1.000000 0.000000 0.000000
8.000000 93.518598 3.811572 1.380691 1.067636 0.000000 0.000000 0.000000 1.000000 0.000000 0.000000
8.000000 93.519961 3.856399 1.399801 1.042169 0.000000 0.000000 0.000000 1.000000 0.000000 0.000000
8.000000 93.521708 3.383563 1.475518 0.983134 0.000000 0.000000 0.000000 1.000000 0.000000 0.000000
8.000000 93.524533 3.787670 1.316707 1.055704 0.000000 0.000000 0.000000 1.000000 0.000000 0.000000
8.000000 93.527381 3.847946 1.324787 1.032176 0.000000 0.000000 0.000000 1.000000 0.000000 0.000000
8.000000 93.528953 3.765469 1.385843 1.048374 0.000000 0.000000 0.000000 1.000000 0.000000 0.000000
8.000000 93.530264 3.755624 1.393887 1.011821 0.000000 0.000000 0.000000 1.000000 0.000000 0.000000
8.000000 93.531766 3.289319 1.467483 0.955988 0.000000 0.000000 0.000000 1.000000 0.000000 0.000000
8.000000 93.534599 3.711257 1.309995 1.043727 0.000000 0.000000 0.000000 1.000000 0.000000 0.000000
8.000000 93.537365 3.801010 1.329702 1.013316 0.000000 0.000000 0.000000 1.000000 0.000000 0.000000
8.000000 93.538627 3.712310 1.394203 1.028358 0.000000 0.000000 0.000000 1.000000 0.000000 0.000000
8.000000 93.540058 3.758539 1.414219 1.001179 0.000000 0.000000 0.000000 1.000000 0.000000 0.000000
8.000000 93.541631 3.127466 1.515115 0.923030 0.000000 0.000000 0.000000 1.000000 0.000000 0.000000
8.000000 93.544519 3.665677 1.313669 1.025093 0.000000 0.000000 0.000000 1.000000 0.000000 0.000000
8.000000 93.547432 3.751172 1.333171 0.999318 0.000000 0.000000 0.000000 1.000000 0.000000 0.000000
8.000000 93.548904 3.692170 1.380963 1.004279 0.000000 0.000000 0.000000 1.000000 0.000000 0.000000
8.000000 93.550395 3.729571 1.399991 0.975549 0.000000 0.000000 0.000000 1.000000 0.000000 0.000000
8.000000 93.551810 3.524967 1.432053 0.951523 0.000000 0.000000 0.000000 1.000000 0.000000 0.000000
8.000000 93.554687 3.718153 1.343569 0.986112 0.000000 0.000000 0.000000 1.000000 0.000000 0.000000
8.000000 93.557431 3.715795 1.332929 0.973300 0.000000 0.000000 0.000000 1.000000 0.000000 0.000000
8.000000 93.558522 3.644054 1.388162 0.985639 0.000000 0.000000 0.000000 1.000000 0.000000 0.000000
8.000000 93.560023 3.754704 1.422099 0.971574 0.000000 0.000000 0.000000 1.000000 0.000000 0.000000
8.000000 93.561611 3.249141 1.504324 0.893778 0.000000 0.000000 0.000000 1.000000 0.000000 0.000000
8.000000 93.564434 3.680170 1.333725 0.952785 0.000000 0.000000 0.000000 1.000000 0.000000 0.000000
8.000000 93.567407 3.683577 1.331522 0.946961 0.000000 0.000000 0.000000 1.000000 0.000000 0.000000
8.000000 93.568723 3.610563 1.388282 0.959681 0.000000 0.000000 0.000000 1.000000 0.000000 0.000000
8.000000 93.570153 3.661430 1.410127 0.938081 0.000000 0.000000 0.000000 1.000000 0.000000 0.000000
8.000000 93.571668 3.297567 1.468897 0.882296 0.000000 0.000000 0.000000 1.000000 0.000000 0.000000
8.000000 93.574427 3.637433 1.334458 0.931561 0.000000 0.000000 0.000000 1.000000 0.000000 0.000000
8.000000 93.577439 3.633846 1.332292 0.922683 0.000000 0.000000 0.000000 1.000000 0.000000 0.000000
8.000000 93.578548 3.552909 1.393636 0.932183 0.000000 0.000000 0.000000 1.000000 0.000000 0.000000
8.000000 93.580045 3.566471 1.407797 0.899688 0.000000 0.000000 0.000000 1.000000 0.000000 0.000000
8.000000 93.581593 3.314570 1.447933 0.860402 0.000000 0.000000 0.000000 1.000000 0.000000 0.000000
8.000000 93.584433 3.587866 1.340271 0.908742 0.000000 0.000000 0.000000 1.000000 0.000000 0.000000
8.000000 93.587425 3.598113 1.341136 0.896615 0.000000 0.000000 0.000000 1.000000 0.000000 0.000000
8.000000 93.588757 3.532966 1.397359 0.894826 0.000000 0.000000 0.000000 1.000000 0.000000 0.000000
8.000000 93.590121 3.537279 1.414097 0.862586 0.000000 0.000000 0.000000 1.000000 0.000000 0.000000
8.000000 93.591769 3.282062 1.454496 0.833978 0.000000 0.000000 0.000000 1.000000 0.000000 0.000000
8.000000 93.594628 3.554859 1.341364 0.881164 0.000000 0.000000 0.000000 1.000000 0.000000 0.000000
8.000000 93.597404 3.541450 1.334226 0.871729 0.000000 0.000000 0.000000 1.000000 0.000000 0.000000
8.000000 93.598681 3.467292 1.392209 0.878226 0.000000 0.000000 0.000000 1.000000 0.000000 0.000000
8.000000 93.600068 3.486428 1.408109 0.848952 0.000000 0.000000 0.000000 1.000000 0.000000 0.000000
8.000000 93.601755 3.269348 1.442594 0.816577 0.000000 0.000000 0.000000 1.000000 0.000000 0.000000
8.000000 93.604408 3.509407 1.343308 0.856157 0.000000 0.000000 0.000000 1.000000 0.000000 0.000000
8.000000 93.607470 3.500640 1.337437 0.845042 0.000000 0.000000 0.000000 1.000000 0.000000 0.000000
8.000000 93.608706 3.434566 1.389821 0.848645 0.000000 0.000000 0.000000 1.000000 0.000000 0.000000
8.000000 93.610181 3.459247 1.406127 0.816667 0.000000 0.000000 0.000000 1.000000 0.000000 0.000000
8.000000 93.611799 3.316522 1.428614 0.789988 0.000000 0.000000 0.000000 1.000000 0.000000 0.000000
8.000000 93.614639 3.487372 1.352497 0.817376 0.000000 0.000000 0.000000 1.000000 0.000000 0.000000
8.000000 93.617482 3.468393 1.341709 0.811818 0.000000 0.000000 0.000000 1.000000 0.000000 0.000000
8.000000 93.618737 3.399961 1.396439 0.821932 0.000000 0.000000 0.000000 1.000000 0.000000 0.000000
8.000000 93.620088 3.448303 1.418031 0.806066 0.000000 0.000000 0.000000 1.000000 0.000000 0.000000
8.000000 93.621831 3.148521 1.466151 0.761580 0.000000 0.000000 0.000000 1.000000 0.000000 0.000000
8.000000 93.624555 3.431111 1.349940 0.798227 0.000000 0.000000 0.000000 1.000000 0.000000 0.000000
8.000000 93.627454 3.432363 1.344314 0.782314 0.000000 0.000000 0.000000 1.000000 0.000000 0.000000
8.000000 93.628952 3.332058 1.420058 0.801068 0.000000 0.000000 0.000000 1.000000 0.000000 0.000000
8.000000 93.630150 3.250611 1.415309 0.749968 0.000000 0.000000 0.000000 1.000000 0.000000 0.000000
8.000000 93.631778 3.187166 1.425256 0.727063 0.000000 0.000000 0.000000 1.000000 0.000000 0.000000
8.000000 93.634427 3.394227 1.342984 0.761715 0.000000 0.000000 0.000000 1.000000 0.000000 0.000000
8.000000 93.637452 3.395010 1.341336 0.754684 0.000000 0.000000 0.000000 1.000000 0.000000 0.000000
8.000000 93.638687 3.306699 1.412653 0.769712 0.000000 0.000000 0.000000 1.000000 0.000000 0.000000
8.000000 93.640205 3.330181 1.432125 0.737226 0.000000 0.000000 0.000000 1.000000 0.000000 0.000000
8.000000 93.641725 2.999035 1.485331 0.676664 0.000000 0.000000 0.000000 1.000000 0.000000 0.000000
8.000000 93.644772 3.361498 1.345798 0.729273 0.000000 0.000000 0.000000 1.000000 0.000000 0.000000
8.000000 93.647422 3.355184 1.344954 0.726324 0.000000 0.000000 0.000000 1.000000 0.000000 0.000000
8.000000 93.648658 3.288061 1.401436 0.733089 0.000000 0.000000 0.000000 1.000000 0.000000 0.000000
8.000000 93.650306 3.313991 1.420260 0.704859 0.000000 0.000000 0.000000 1.000000 0.000000 0.000000
8.000000 93.651825 2.722016 1.514028 0.623728 0.000000 0.000000 0.000000 1.000000 0.000000 0.000000
8.000000 93.654897 3.242462 1.326263 0.722628 0.000000 0.000000 0.000000 1.000000 0.000000 0.000000
8.000000 93.657482 3.314538 1.347557 0.694775 0.000000 0.000000 0.000000 1.000000 0.000000 0.000000
8.000000 93.659137 3.239685 1.407146 0.705039 0.000000 0.000000 0.000000 1.000000 0.000000 0.000000
8.000000 93.660079 3.181828 1.407003 0.664772 0.000000 0.000000 0.000000 1.000000 0.000000 0.000000
8.000000 93.661750 3.098398 1.420320 0.624619 0.000000 0.000000 0.000000 1.000000 0.000000 0.000000
8.000000 93.664925 3.304545 1.349883 0.648897 0.000000 0.000000 0.000000 1.000000 0.000000 0.000000
8.000000 93.667535 3.268973 1.352818 0.664127 0.000000 0.000000 0.000000 1.000000 0.000000 0.000000
8.000000 93.668699 3.201179 1.411169 0.667764 0.000000 0.000000 0.000000 1.000000 0.000000 0.000000
8.000000 93.670311 3.211288 1.428072 0.634446 0.000000 0.000000 0.000000 1.000000 0.000000 0.000000
8.000000 93.671932 2.581248 1.527367 0.548652 0.000000 0.000000 0.000000 1.000000 0.000000 0.000000
8.000000 93.674759 3.148280 1.324852 0.660199 0.000000 0.000000 0.000000 1.000000 0.000000 0.000000
8.000000 93.677487 3.231142 1.350390 0.625126 0.000000 0.000000 0.000000 1.000000 0.000000 0.000000
8.000000 93.679245 3.144428 1.419189 0.636273 0.000000 0.000000 0.000000 1.000000 0.000000 0.000000
8.000000 93.680298 3.116318 1.426412 0.590175 0.000000 0.000000 0.000000 1.000000 0.000000 0.000000
8.000000 93.681817 2.629988 1.502451 0.513793 0.000000 0.000000 0.000000 1.000000 0.000000 0.000000
8.000000 93.684772 3.125820 1.329159 0.615944 0.000000 0.000000 0.000000 1.000000 0.000000 0.000000
8.000000 93.687437 3.189698 1.353480 0.593494 0.000000 0.000000 0.000000 1.000000 0.000000 0.000000
8.000000 93.688686 3.115500 1.420992 0.595310 0.000000 0.000000 0.000000 1.000000 0.000000 0.000000
8.000000 93.690386 3.073878 1.431473 0.546478 0.000000 0.000000 0.000000 1.000000 0.000000 0.000000
8.000000 93.691949 2.892866 1.460185 0.508963 0.000000 0.000000 0.000000 1.000000 0.000000 0.000000
8.000000 93.694606 3.166473 1.357625 0.556567 0.000000 0.000000 0.000000 1.000000 0.000000 0.000000
8.000000 93.697444 3.145115 1.356851 0.560097 0.000000 0.000000 0.000000 1.000000 0.000000 0.000000
8.000000 93.698615 3.078429 1.417855 0.561781 0.000000 0.000000 0.000000 1.000000 0.000000 0.000000
8.000000 93.700391 3.101708 1.440191 0.532914 0.000000 0.000000 0.000000 1.000000 0.000000 0.000000
8.000000 93.701946 2.490864 1.537181 0.441970 0.000000 0.000000 0.000000 1.000000 0.000000 0.000000
8.000000 93.707474 3.096017 1.333925 0.527827 0.000000 0.000000 0.000000 1.000000 0.000000 0.000000
8.000000 93.708883 3.040718 1.417189 0.528037 0.000000 0.000000 0.000000 1.000000 0.000000 0.000000
8.000000 93.710323 3.042691 1.433908 0.495453 0.000000 0.000000 0.000000 1.000000 0.000000 0.000000
8.000000 93.712085 2.731564 1.483450 0.433795 0.000000 0.000000 0.000000 1.000000 0.000000 0.000000
8.000000 93.717471 3.063963 1.358551 0.479028 0.000000 0.000000 0.000000 1.000000 0.000000 0.000000
8.000000 93.718748 2.997753 1.420805 0.491657 0.000000 0.000000 0.000000 1.000000 0.000000 0.000000
8.000000 93.721849 2.780112 1.392276 0.436357 0.000000 0.000000 0.000000 1.000000 0.000000 0.000000
8.000000 93.727483 2.996452 1.343513 0.453987 0.000000 0.000000 0.000000 1.000000 0.000000 0.000000
8.000000 93.728964 2.945457 1.433726 0.449415 0.000000 0.000000 0.000000 1.000000 0.000000 0.000000
8.000000 93.730213 2.904443 1.443485 0.405224 0.000000 0.000000 0.000000 1.000000 0.000000 0.000000
8.000000 93.731944 2.601967 1.490846 0.358232 0.000000 0.000000 0.000000 1.000000 0.000000 0.000000
8.000000 93.737670 2.954077 1.369399 0.418538 0.000000 0.000000 0.000000 1.000000 0.000000 0.000000
8.000000 93.738573 2.911908 1.434731 0.411194 0.000000 0.000000 0.000000 1.000000 0.000000 0.000000
8.000000 93.740217 2.919922 1.457796 0.382589 0.000000 0.000000 0.000000 1.000000 0.000000 0.000000
8.000000 93.741757 2.386943 1.542109 0.305729 0.000000 0.000000 0.000000 1.000000 0.000000 0.000000
8.000000 93.747491 2.913355 1.366276 0.382062 0.000000 0.000000 0.000000 1.000000 0.000000 0.000000
8.000000 93.748902 2.877022 1.433440 0.376554 0.000000 0.000000 0.000000 1.000000 0.000000 0.000000
8.000000 93.750270 2.883464 1.450118 0.340098 0.000000 0.000000 0.000000 1.000000 0.000000 0.000000
8.000000 93.751904 2.419852 1.522698 0.266843 0.000000 0.000000 0.000000 1.000000 0.000000 0.000000
8.000000 93.757626 2.906432 1.354863 0.349378 0.000000 0.000000 0.000000 1.000000 0.000000 0.000000
8.000000 93.758595 2.859791 1.431538 0.340793 0.000000 0.000000 0.000000 1.000000 0.000000 0.000000
8.000000 93.760259 2.818895 1.447674 0.295868 0.000000 0.000000 0.000000 1.000000 0.000000 0.000000
8.000000 93.762033 2.568369 1.487328 0.249919 0.000000 0.000000 0.000000 1.000000 0.000000 0.000000
8.000000 93.768712 2.705191 1.436114 0.263347 0.000000 0.000000 0.000000 1.000000 0.000000 0.000000
8.000000 93.770311 2.745391 1.443757 0.246889 0.000000 0.000000 0.000000 1.000000 0.000000 0.000000
8.000000 93.771903 2.441067 1.491080 0.197138 0.000000 0.000000 0.000000 1.000000 0.000000 0.000000
8.000000 93.778649 2.602296 1.430865 0.216854 0.000000 0.000000 0.000000 1.000000 0.000000 0.000000
8.000000 93.780178 2.749845 1.460541 0.215953 0.000000 0.000000 0.000000 1.000000 0.000000 0.000000
8.000000 93.781868 2.399906 1.515914 0.150721 0.000000 0.000000 0.000000 1.000000 0.000000 0.000000
8.000000 93.788926 2.622459 1.432880 0.172275 0.000000 0.000000 0.000000 1.000000 0.000000 0.000000
8.000000 93.790215 2.596513 1.427352 0.147700 0.000000 0.000000 0.000000 1.000000 0.000000 0.000000
8.000000 93.791951 2.609709 1.425541 0.139719 0.000000 0.000000 0.000000 1.000000 0.000000 0.000000
8.000000 93.798787 2.584803 1.435698 0.123802 0.000000 0.000000 0.000000 1.000000 0.000000 0.000000
8.000000 93.800158 2.643339 1.447182 0.111407 0.000000 0.000000 0.000000 1.000000 0.000000 0.000000
8.000000 93.801779 2.420523 1.482181 0.068373 0.000000 0.000000 0.000000 1.000000 0.000000 0.000000
8.000000 93.810029 2.540025 1.438073 0.077529 0.000000 0.000000 0.000000 1.000000 0.000000 0.000000
8.000000 93.810439 2.566787 1.443199 0.060085 0.000000 0.000000 0.000000 1.000000 0.000000 0.000000
8.000000 93.811882 2.506410 1.452882 0.035293 0.000000 0.000000 0.000000 1.000000 0.000000 0.000000
8.000000 93.818634 2.520929 1.447850 0.026745 0.000000 0.000000 0.000000 1.000000 0.000000 0.000000
8.000000 93.820114 2.561064 1.455572 0.018049 0.000000 0.000000 0.000000 1.000000 0.000000 0.000000
8.000000 93.821873 2.381066 1.483971 -0.024172 0.000000 0.000000 0.000000 1.000000 0.000000 0.000000
8.000000 93.828727 2.482661 1.445927 -0.009251 0.000000 0.000000 0.000000 1.000000 0.000000 0.000000
8.000000 93.830147 2.517795 1.452947 0.004369 0.000000 0.000000 0.000000 1.000000 0.000000 0.000000
8.000000 93.831922 2.210888 1.499389 -0.021525 0.000000 0.000000 0.000000 1.000000 0.000000 0.000000
8.000000 93.838661 2.345471 1.447627 0.020999 0.000000 0.000000 0.000000 1.000000 0.000000 0.000000
8.000000 93.840142 2.398793 1.458314 0.031882 0.000000 0.000000 0.000000 1.000000 0.000000 0.000000
8.000000 93.841951 2.211489 1.486734 0.013313 0.000000 0.000000 0.000000 1.000000 0.000000 0.000000
8.000000 93.848814 2.345535 1.435247 0.060339 0.000000 0.000000 0.000000 1.000000 0.000000 0.000000
8.000000 93.850270 2.396762 1.445733 0.077525 0.000000 0.000000 0.000000 1.000000 0.000000 0.000000
8.000000 93.852107 2.383916 1.447662 0.077793 0.000000 0.000000 0.000000 1.000000 0.000000 0.000000
8.000000 93.858737 2.381286 1.447926 0.097462 0.000000 0.000000 0.000000 1.000000 0.000000 0.000000
8.000000 93.860107 2.386264 1.449307 0.109926 0.000000 0.000000 0.000000 1.000000 0.000000 0.000000
8.000000 93.861950 2.174738 1.482007 0.078539 0.000000 0.000000 0.000000 1.000000 0.000000 0.000000
8.000000 93.868831 2.281983 1.441313 0.122050 0.000000 0.000000 0.000000 1.000000 0.000000 0.000000
8.000000 93.870203 2.405225 1.466387 0.155973 0.000000 0.000000 0.000000 1.000000 0.000000 0.000000
8.000000 93.871871 2.157496 1.505088 0.112711 0.000000 0.000000 0.000000 1.000000 0.000000 0.000000
8.000000 93.878953 2.272783 1.461546 0.149879 0.000000 0.000000 0.000000 1.000000 0.000000 0.000000
8.000000 93.880384 2.253668 1.458184 0.160177 0.000000 0.000000 0.000000 1.000000 0.000000 0.000000
8.000000 93.881876 2.098827 1.481350 0.148593 0.000000 0.000000 0.000000 1.000000 0.000000 0.000000
8.000000 93.888697 2.237957 1.428112 0.204918 0.000000 0.000000 0.000000 1.000000 0.000000 0.000000
8.000000 93.890354 2.296757 1.439921 0.217982 0.000000 0.000000 0.000000 1.000000 0.000000 0.000000
8.000000 93.891919 2.042348 1.478432 0.177705 0.000000 0.000000 0.000000 1.000000 0.000000 0.000000
8.000000 93.900217 2.029419 1.482063 0.190896 0.000000 0.000000 0.000000 1.000000 0.000000 0.000000
8.000000 93.901885 2.096251 1.471741 0.202238 0.000000 0.000000 0.000000 1.000000 0.000000 0.000000
8.000000 93.910279 2.108896 1.467298 0.221431 0.000000 0.000000 0.000000 1.000000 0.000000 0.000000
8.000000 93.912052 2.137704 1.463126 0.245703 0.000000 0.000000 0.000000 1.000000 0.000000 0.000000
8.000000 93.920330 2.170981 1.450620 0.261740 0.000000 0.000000 0.000000 1.000000 0.000000 0.000000
8.000000 93.940227 2.128547 1.433603 0.304858 0.000000 0.000000 0.000000 1.000000 0.000000 0.000000
8.000000 93.941761 1.788304 1.483790 0.278062 0.000000 0.000000 0.000000 1.000000 0.000000 0.000000
8.000000 93.950297 1.630108 1.539343 0.281820 0.000000 0.000000 0.000000 1.000000 0.000000 0.000000
8.000000 93.951928 1.639860 1.537523 0.294719 0.000000 0.000000 0.000000 1.000000 0.000000 0.000000
8.000000 93.960284 1.629852 1.540742 0.306864 0.000000 0.000000 0.000000 1.000000 0.000000 0.000000
8.000000 93.961922 1.499313 1.560566 0.301361 0.000000 0.000000 0.000000 1.000000 0.000000 0.000000
8.000000 93.970332 1.683216 1.492933 0.335369 0.000000 0.000000 0.000000 1.000000 0.000000 0.000000
8.000000 93.972094 1.637035 1.499306 0.342465 0.000000 0.000000 0.000000 1.000000 0.000000 0.000000
8.000000 93.980246 1.632568 1.500161 0.351885 0.000000 0.000000 0.000000 1.000000 0.000000 0.000000
8.000000 93.981776 1.626444 1.500196 0.365258 0.000000 0.000000 0.000000 1.000000 0.000000 0.000000
8.000000 93.990323 1.693266 1.475559 0.376907 0.000000 0.000000 0.000000 1.000000 0.000000 0.000000
8.000000 93.992167 1.814982 1.457765 0.383104 0.000000 0.000000 0.000000 1.000000 0.000000 0.000000
8.000000 94.000306 1.801304 1.462572 0.392917 0.000000 0.000000 0.000000 1.000000 0.000000 0.000000
8.000000 94.001964 1.692928 1.478793 0.392823 0.000000 0.000000 0.000000 1.000000 0.000000 0.000000
8.000000 94.010277 1.781184 1.446175 0.421955 0.000000 0.000000 0.000000 1.000000 0.000000 0.000000
8.000000 94.011975 1.796112 1.443839 0.437415 0.000000 0.000000 0.000000 1.000000 0.000000 0.000000
8.000000 94.020271 1.769823 1.453336 0.447151 0.000000 0.000000 0.000000 1.000000 0.000000 0.000000
8.000000 94.022104 1.628165 1.474676 0.443237 0.000000 0.000000 0.000000 1.000000 0.000000 0.000000
8.000000 94.030343 1.642552 1.469172 0.459547 0.000000 0.000000 0.000000 1.000000 0.000000 0.000000
8.000000 94.031953 1.703348 1.459904 0.479814 0.000000 0.000000 0.000000 1.000000 0.000000 0.000000
8.000000 94.040265 1.760385 1.438950 0.497142 0.000000 0.000000 0.000000 1.000000 0.000000 0.000000
8.000000 94.041877 1.301725 1.507821 0.449761 0.000000 0.000000 0.000000 1.000000 0.000000 0.000000
8.000000 94.050343 1.352435 1.488990 0.466280 0.000000 0.000000 0.000000 1.000000 0.000000 0.000000
8.000000 94.051939 1.674667 1.440498 0.508203 0.000000 0.000000 0.000000 1.000000 0.000000 0.000000
8.000000 94.060232 1.722942 1.423014 0.522374 0.000000 0.000000 0.000000 1.000000 0.000000 0.000000
8.000000 94.071904 1.242756 1.533260 0.489585 0.000000 0.000000 0.000000 1.000000 0.000000 0.000000
8.000000 94.080328 1.416470 1.470280 0.519596 0.000000 0.000000 0.000000 1.000000 0.000000 0.000000
8.000000 94.082037 1.226403 1.498666 0.501266 0.000000 0.000000 0.000000 1.000000 0.000000 0.000000
8.000000 94.090407 1.096592 1.545469 0.482281 0.000000 0.000000 0.000000 1.000000 0.000000 0.000000
8.000000 94.092103 1.309979 1.513348 0.506324 0.000000 0.000000 0.000000 1.000000 0.000000 0.000000
8.000000 94.100332 1.318357 1.510304 0.517633 0.000000 0.000000 0.000000 1.000000 0.000000 0.000000
8.000000 94.101829 1.197998 1.528483 0.511932 0.000000 0.000000 0.000000 1.000000 0.000000 0.000000
8.000000 94.110395 1.258539 1.506554 0.527323 0.000000 0.000000 0.000000 1.000000 0.000000 0.000000
8.000000 94.111939 1.141401 1.524164 0.517764 0.000000 0.000000 0.000000 1.000000 0.000000 0.000000
8.000000 94.120387 1.282658 1.473248 0.540499 0.000000 0.000000 0.000000 1.000000 0.000000 0.000000
8.000000 94.122077 1.397953 1.455987 0.556704 0.000000 0.000000 0.000000 1.000000 0.000000 0.000000
8.000000 94.130447 1.458353 1.434240 0.571406 0.000000 0.000000 0.000000 1.000000 0.000000 0.000000
8.000000 94.132017 0.995229 1.503154 0.524716 0.000000 0.000000 0.000000 1.000000 0.000000 0.000000
8.000000 94.140408 0.946437 1.520571 0.518384 0.000000 0.000000 0.000000 1.000000 0.000000 0.000000
8.000000 94.141896 1.220582 1.479606 0.554134 0.000000 0.000000 0.000000 1.000000 0.000000 0.000000
8.000000 94.150437 1.225375 1.477694 0.559984 0.000000 0.000000 0.000000 1.000000 0.000000 0.000000
8.000000 94.151989 0.688914 1.557451 0.502766 0.000000 0.000000 0.000000 1.000000 0.000000 0.000000
8.000000 94.160312 0.771620 1.527846 0.517477 0.000000 0.000000 0.000000 1.000000 0.000000 0.000000
8.000000 94.161897 1.220885 1.461324 0.559552 0.000000 0.000000 0.000000 1.000000 0.000000 0.000000
8.000000 94.170597 1.190199 1.472465 0.560458 0.000000 0.000000 0.000000 1.000000 0.000000 0.000000
8.000000 94.171961 0.716758 1.542986 0.515205 0.000000 0.000000 0.000000 1.000000 0.000000 0.000000
8.000000 94.180331 0.685854 1.553968 0.510946 0.000000 0.000000 0.000000 1.000000 0.000000 0.000000
8.000000 94.181891 0.603314 1.566220 0.503114 0.000000 0.000000 0.000000 1.000000 0.000000 0.000000
8.000000 94.190326 0.876724 1.469221 0.541373 0.000000 0.000000 0.000000 1.000000 0.000000 0.000000
8.000000 94.192018 0.790095 1.481898 0.532385 0.000000 0.000000 0.000000 1.000000 0.000000 0.000000
8.000000 94.200361 0.501645 1.584190 0.488718 0.000000 0.000000 0.000000 1.000000 0.000000 0.000000
8.000000 94.201872 0.340213 1.608468 0.464985 0.000000 0.000000 0.000000 1.000000 0.000000 0.000000
8.000000 94.210439 0.394317 1.589241 0.476028 0.000000 0.000000 0.000000 1.000000 0.000000 0.000000
8.000000 94.211972 0.309637 1.601864 0.467277 0.000000 0.000000 0.000000 1.000000 0.000000 0.000000
8.000000 94.220381 0.266168 1.617243 0.459108 0.000000 0.000000 0.000000 1.000000 0.000000 0.000000
8.000000 94.221855 0.276125 1.615764 0.458420 0.000000 0.000000 0.000000 1.000000 0.000000 0.000000
8.000000 94.230460 0.464989 1.549260 0.484774 0.000000 0.000000 0.000000 1.000000 0.000000 0.000000
8.000000 94.232029 0.506579 1.543181 0.486368 0.000000 0.000000 0.000000 1.000000 0.000000 0.000000
8.000000 94.240595 0.333672 1.604262 0.459509 0.000000 0.000000 0.000000 1.000000 0.000000 0.000000
8.000000 94.241939 0.643672 1.558140 0.490049 0.000000 0.000000 0.000000 1.000000 0.000000 0.000000
8.000000 94.250494 0.811223 1.498747 0.510082 0.000000 0.000000 0.000000 1.000000 0.000000 0.000000
8.000000 94.252061 0.765989 1.505573 0.496654 0.000000 0.000000 0.000000 1.000000 0.000000 0.000000
8.000000 94.260470 0.795755 1.495016 0.500617 0.000000 0.000000 0.000000 1.000000 0.000000 0.000000
8.000000 94.261965 0.767705 1.499162 0.497068 0.000000 0.000000 0.000000 1.000000 0.000000 0.000000
8.000000 94.270426 0.788464 1.491797 0.500515 0.000000 0.000000 0.000000 1.000000 0.000000 0.000000
8.000000 94.272055 0.629715 1.515292 0.470760 0.000000 0.000000 0.000000 1.000000 0.000000 0.000000
8.000000 94.280438 0.663884 1.503219 0.474973 0.000000 0.000000 0.000000 1.000000 0.000000 0.000000
8.000000 94.281950 0.583531 1.515064 0.469323 0.000000 0.000000 0.000000 1.000000 0.000000 0.000000
8.000000 94.290525 0.485964 1.549573 0.449409 0.000000 0.000000 0.000000 1.000000 0.000000 0.000000
8.000000 94.292151 0.408776 1.561108 0.432443 0.000000 0.000000 0.000000 1.000000 0.000000 0.000000
8.000000 94.300539 0.395036 1.566069 0.423324 0.000000 0.000000 0.000000 1.000000 0.000000 0.000000
8.000000 94.301912 0.352452 1.572386 0.417407 0.000000 0.000000 0.000000 1.000000 0.000000 0.000000
8.000000 94.310525 0.493768 1.522667 0.436254 0.000000 0.000000 0.000000 1.000000 0.000000 0.000000
8.000000 94.312075 0.471040 1.526042 0.431517 0.000000 0.000000 0.000000 1.000000 0.000000 0.000000
8.000000 94.320511 0.524188 1.507349 0.438641 0.000000 0.000000 0.000000 1.000000 0.000000 0.000000
8.000000 94.321901 0.281696 1.543123 0.396365 0.000000 0.000000 0.000000 1.000000 0.000000 0.000000
8.000000 94.330532 0.409662 1.498400 0.408184 0.000000 0.000000 0.000000 1.000000 0.000000 0.000000
8.000000 94.332019 0.333011 1.509661 0.393101 0.000000 0.000000 0.000000 1.000000 0.000000 0.000000
8.000000 94.340386 0.220964 1.549114 0.363530 0.000000 0.000000 0.000000 1.000000 0.000000 0.000000
8.000000 94.341969 0.270819 1.541875 0.363063 0.000000 0.000000 0.000000 1.000000 0.000000 0.000000
8.000000 94.350568 0.367917 1.508445 0.361928 0.000000 0.000000 0.000000 1.000000 0.000000 0.000000
8.000000 94.362049 0.083772 1.549231 0.320910 0.000000 0.000000 0.000000 1.000000 0.000000 0.000000
8.000000 94.370389 0.120002 1.536805 0.317175 0.000000 0.000000 0.000000 1.000000 0.000000 0.000000
8.000000 94.372049 0.196906 1.525871 0.309975 0.000000 0.000000 0.000000 1.000000 0.000000 0.000000
8.000000 94.380411 0.283610 1.495783 0.313742 0.000000 0.000000 0.000000 1.000000 0.000000 0.000000
8.000000 94.381964 0.312025 1.491650 0.318036 0.000000 0.000000 0.000000 1.000000 0.000000 0.000000
8.000000 94.390466 0.289905 1.499854 0.298821 0.000000 0.000000 0.000000 1.000000 0.000000 0.000000
8.000000 94.392262 0.182131 1.515721 0.268063 0.000000 0.000000 0.000000 1.000000 0.000000 0.000000
8.000000 94.400599 0.219121 1.502862 0.272657 0.000000 0.000000 0.000000 1.000000 0.000000 0.000000
8.000000 94.401948 0.035874 1.529714 0.236565 0.000000 0.000000 0.000000 1.000000 0.000000 0.000000
8.000000 94.410806 -0.061556 1.563547 0.219869 0.000000 0.000000 0.000000 1.000000 0.000000 0.000000
8.000000 94.412225 -0.037738 1.560586 0.211872 0.000000 0.000000 0.000000 1.000000 0.000000 0.000000
8.000000 94.420539 0.067270 1.524524 0.214538 0.000000 0.000000 0.000000 1.000000 0.000000 0.000000
8.000000 94.421968 0.095833 1.520677 0.209114 0.000000 0.000000 0.000000 1.000000 0.000000 0.000000
8.000000 94.430621 0.183711 1.490598 0.201978 0.000000 0.000000 0.000000 1.000000 0.000000 0.000000
8.000000 94.432139 -0.214982 1.548306 0.140081 0.000000 0.000000 0.000000 1.000000 0.000000 0.000000
8.000000 94.440421 -0.241477 1.557506 0.127285 0.000000 0.000000 0.000000 1.000000 0.000000 0.000000
8.000000 94.442070 -0.267647 1.561221 0.114319 0.000000 0.000000 0.000000 1.000000 0.000000 0.000000
8.000000 94.450468 -0.168069 1.527033 0.114843 0.000000 0.000000 0.000000 1.000000 0.000000 0.000000
8.000000 94.452111 -0.069224 1.512642 0.110312 0.000000 0.000000 0.000000 1.000000 0.000000 0.000000
8.000000 94.460492 -0.062065 1.510386 0.099934 0.000000 0.000000 0.000000 1.000000 0.000000 0.000000
8.000000 94.472020 0.059428 1.466110 0.081191 0.000000 0.000000 0.000000 1.000000 0.000000 0.000000
8.000000 94.480510 -0.046552 1.503117 0.044250 0.000000 0.000000 0.000000 1.000000 0.000000 0.000000
8.000000 94.482101 -0.358892 1.548055 -0.008241 0.000000 0.000000 0.000000 1.000000 0.000000 0.000000
8.000000 94.490582 -0.135796 1.471579 0.025931 0.000000 0.000000 0.000000 1.000000 0.000000 0.000000
8.000000 94.492291 -0.169555 1.476685 0.009078 0.000000 0.000000 0.000000 1.000000 0.000000 0.000000
8.000000 94.510675 -0.345696 1.542308 -0.032886 0.000000 0.000000 0.000000 1.000000 0.000000 0.000000
8.000000 94.512090 -0.488599 1.561908 -0.038649 0.000000 0.000000 0.000000 1.000000 0.000000 0.000000
8.000000 94.520479 -0.311026 1.500516 0.002354 0.000000 0.000000 0.000000 1.000000 0.000000 0.000000
8.000000 94.521981 -0.316259 1.500600 0.011015 0.000000 0.000000 0.000000 1.000000 0.000000 0.000000
8.000000 94.530520 -0.319072 1.501187 0.017556 0.000000 0.000000 0.000000 1.000000 0.000000 0.000000
8.000000 94.532244 -0.433771 1.516780 0.016132 0.000000 0.000000 0.000000 1.000000 0.000000 0.000000
8.000000 94.540578 -0.425364 1.512864 0.036825 0.000000 0.000000 0.000000 1.000000 0.000000 0.000000
8.000000 94.542183 -0.576272 1.533036 0.038385 0.000000 0.000000 0.000000 1.000000 0.000000 0.000000
8.000000 94.550520 -0.584742 1.535768 0.043830 0.000000 0.000000 0.000000 1.000000 0.000000 0.000000
8.000000 94.562161 -0.494675 1.513751 0.093592 0.000000 0.000000 0.000000 1.000000 0.000000 0.000000
8.000000 94.570567 -0.495822 1.513428 0.109005 0.000000 0.000000 0.000000 1.000000 0.000000 0.000000
8.000000 94.572237 -0.533448 1.517972 0.117503 0.000000 0.000000 0.000000 1.000000 0.000000 0.000000
8.000000 94.580521 -0.548069 1.522744 0.120834 0.000000 0.000000 0.000000 1.000000 0.000000 0.000000
8.000000 94.582107 -0.384140 1.499240 0.149412 0.000000 0.000000 0.000000 1.000000 0.000000 0.000000
8.000000 94.590582 -0.314807 1.474876 0.175467 0.000000 0.000000 0.000000 1.000000 0.000000 0.000000
8.000000 94.602166 -0.515197 1.511750 0.177577 0.000000 0.000000 0.000000 1.000000 0.000000 0.000000
8.000000 94.610548 -0.533716 1.516971 0.192294 0.000000 0.000000 0.000000 1.000000 0.000000 0.000000
8.000000 94.622120 -0.731222 1.552004 0.193864 0.000000 0.000000 0.000000 1.000000 0.000000 0.000000
8.000000 94.630585 -0.686452 1.536672 0.211136 0.000000 0.000000 0.000000 1.000000 0.000000 0.000000
8.000000 94.632284 -0.649548 1.531370 0.217884 0.000000 0.000000 0.000000 1.000000 0.000000 0.000000
8.000000 94.640571 -0.599174 1.513943 0.232633 0.000000 0.000000 0.000000 1.000000 0.000000 0.000000
8.000000 94.642049 -0.717466 1.530161 0.228543 0.000000 0.000000 0.000000 1.000000 0.000000 0.000000
8.000000 94.650620 -0.869340 1.580956 0.219900 0.000000 0.000000 0.000000 1.000000 0.000000 0.000000
8.000000 94.662230 -0.712710 1.540808 0.269841 0.000000 0.000000 0.000000 1.000000 0.000000 0.000000
8.000000 94.670617 -0.702049 1.536756 0.279990 0.000000 0.000000 0.000000 1.000000 0.000000 0.000000
8.000000 94.672234 -1.191007 1.605451 0.229502 0.000000 0.000000 0.000000 1.000000 0.000000 0.000000
8.000000 94.680565 -1.236319 1.620432 0.232333 0.000000 0.000000 0.000000 1.000000 0.000000 0.000000
8.000000 94.682308 -0.875899 1.569944 0.271788 0.000000 0.000000 0.000000 1.000000 0.000000 0.000000
8.000000 94.690638 -0.709653 1.513865 0.294677 0.000000 0.000000 0.000000 1.000000 0.000000 0.000000
8.000000 94.692298 -1.055172 1.561686 0.264595 0.000000 0.000000 0.000000 1.000000 0.000000 0.000000
8.000000 94.700565 -0.982025 1.537117 0.276937 0.000000 0.000000 0.000000 1.000000 0.000000 0.000000
8.000000 94.702224 -1.052297 1.546959 0.271999 0.000000 0.000000 0.000000 1.000000 0.000000 0.000000
8.000000 94.710567 -1.169430 1.585825 0.268057 0.000000 0.000000 0.000000 1.000000 0.000000 0.000000
8.000000 94.712187 -1.152069 1.583091 0.275375 0.000000 0.000000 0.000000 1.000000 0.000000 0.000000
8.000000 94.720554 -1.158992 1.585222 0.278380 0.000000 0.000000 0.000000 1.000000 0.000000 0.000000
8.000000 94.722120 -1.382237 1.616419 0.257991 0.000000 0.000000 0.000000 1.000000 0.000000 0.000000
8.000000 94.730734 -1.397883 1.621549 0.260343 0.000000 0.000000 0.000000 1.000000 0.000000 0.000000
8.000000 94.732223 -1.541683 1.641794 0.244770 0.000000 0.000000 0.000000 1.000000 0.000000 0.000000
8.000000 94.740626 -1.515335 1.632958 0.251549 0.000000 0.000000 0.000000 1.000000 0.000000 0.000000
8.000000 94.742152 -1.563441 1.639708 0.254126 0.000000 0.000000 0.000000 1.000000 0.000000 0.000000
8.000000 94.750571 -1.602237 1.652633 0.253580 0.000000 0.000000 0.000000 1.000000 0.000000 0.000000
8.000000 94.752248 -1.170043 1.592093 0.298495 0.000000 0.000000 0.000000 1.000000 0.000000 0.000000
8.000000 94.760725 -1.079592 1.561631 0.312721 0.000000 0.000000 0.000000 1.000000 0.000000 0.000000
8.000000 94.762145 -1.416586 1.608506 0.276023 0.000000 0.000000 0.000000 1.000000 0.000000 0.000000
8.000000 94.770741 -1.381064 1.596651 0.281404 0.000000 0.000000 0.000000 1.000000 0.000000 0.000000
8.000000 94.772306 -1.564504 1.622239 0.266201 0.000000 0.000000 0.000000 1.000000 0.000000 0.000000
8.000000 94.780617 -1.567683 1.623230 0.271327 0.000000 0.000000 0.000000 1.000000 0.000000 0.000000
8.000000 94.782330 -1.413966 1.601890 0.285955 0.000000 0.000000 0.000000 1.000000 0.000000 0.000000
8.000000 94.790550 -1.408778 1.600227 0.285531 0.000000 0.000000 0.000000 1.000000 0.000000 0.000000
8.000000 94.792346 -1.293397 1.584413 0.295498 0.000000 0.000000 0.000000 1.000000 0.000000 0.000000
8.000000 94.800647 -1.259919 1.572754 0.305169 0.000000 0.000000 0.000000 1.000000 0.000000 0.000000
8.000000 94.802163 -1.359706 1.588779 0.279986 0.000000 0.000000 0.000000 1.000000 0.000000 0.000000
8.000000 94.810584 -1.339897 1.582457 0.281118 0.000000 0.000000 0.000000 1.000000 0.000000 0.000000
8.000000 94.822181 -1.349006 1.578813 0.286051 0.000000 0.000000 0.000000 1.000000 0.000000 0.000000
8.000000 94.840590 -1.415997 1.593404 0.273703 0.000000 0.000000 0.000000 1.000000 0.000000 0.000000
8.000000 94.842187 -1.478256 1.602397 0.263521 0.000000 0.000000 0.000000 1.000000 0.000000 0.000000
8.000000 94.850564 -1.465033 1.598229 0.263416 0.000000 0.000000 0.000000 1.000000 0.000000 0.000000
8.000000 94.852299 -1.425109 1.591699 0.278345 0.000000 0.000000 0.000000 1.000000 0.000000 0.000000
8.000000 94.860512 -1.306283 1.552306 0.292505 0.000000 0.000000 0.000000 1.000000 0.000000 0.000000
8.000000 94.862113 -1.430133 1.570580 0.264892 0.000000 0.000000 0.000000 1.000000 0.000000 0.000000
8.000000 94.870667 -1.545631 1.608454 0.252783 0.000000 0.000000 0.000000 1.000000 0.000000 0.000000
8.000000 94.872280 -1.463310 1.564965 0.248224 0.000000 0.000000 0.000000 1.000000 0.000000 0.000000
8.000000 94.880609 -1.525960 1.585818 0.238509 0.000000 0.000000 0.000000 1.000000 0.000000 0.000000
8.000000 94.882428 -1.545763 1.589238 0.230273 0.000000 0.000000 0.000000 1.000000 0.000000 0.000000
8.000000 94.900528 -1.530408 1.574861 0.224328 0.000000 0.000000 0.000000 1.000000 0.000000 0.000000
8.000000 94.902223 -1.604236 1.585852 0.205425 0.000000 0.000000 0.000000 1.000000 0.000000 0.000000
8.000000 94.910706 -1.471542 1.542360 0.219675 0.000000 0.000000 0.000000 1.000000 0.000000 0.000000
8.000000 94.912356 -1.492674 1.545892 0.210900 0.000000 0.000000 0.000000 1.000000 0.000000 0.000000
8.000000 94.920608 -1.594041 1.579544 0.195240 0.000000 0.000000 0.000000 1.000000 0.000000 0.000000
8.000000 94.922232 -1.644371 1.587286 0.182638 0.000000 0.000000 0.000000 1.000000 0.000000 0.000000
8.000000 94.930599 -1.612466 1.577679 0.178292 0.000000 0.000000 0.000000 1.000000 0.000000 0.000000
8.000000 94.932386 -1.688107 1.588898 0.161509 0.000000 0.000000 0.000000 1.000000 0.000000 0.000000
8.000000 94.940603 -1.655010 1.578424 0.161948 0.000000 0.000000 0.000000 1.000000 0.000000 0.000000
8.000000 94.942306 -1.798043 1.599198 0.135097 0.000000 0.000000 0.000000 1.000000 0.000000 0.000000
8.000000 94.950721 -1.775342 1.592515 0.131452 0.000000 0.000000 0.000000 1.000000 0.000000 0.000000
8.000000 94.972384 -1.749840 1.573718 0.095754 0.000000 0.000000 0.000000 1.000000 0.000000 0.000000
8.000000 94.980658 -1.755051 1.576353 0.084648 0.000000 0.000000 0.000000 1.000000 0.000000 0.000000
8.000000 94.982340 -1.812402 1.585151 0.067277 0.000000 0.000000 0.000000 1.000000 0.000000 0.000000
8.000000 94.990777 -1.782532 1.576284 0.058966 0.000000 0.000000 0.000000 1.000000 0.000000 0.000000
8.000000 94.992440 -1.901840 1.593420 0.032856 0.000000 0.000000 0.000000 1.000000 0.000000 0.000000
8.000000 95.000776 -1.897723 1.592212 0.031832 0.000000 0.000000 0.000000 1.000000 0.000000 0.000000
8.000000 95.032442 -2.006708 1.600022 -0.013899 0.000000 0.000000 0.000000 1.000000 0.000000 0.000000
8.000000 95.040666 -1.993245 1.594644 -0.004753 0.000000 0.000000 0.000000 1.000000 0.000000 0.000000
8.000000 95.042370 -2.032373 1.598652 -0.000247 0.000000 0.000000 0.000000 1.000000 0.000000 0.000000
8.000000 95.050772 -2.006063 1.588270 0.016450 0.000000 0.000000 0.000000 1.000000 0.000000 0.000000
8.000000 95.052591 -2.032333 1.590162 0.023635 0.000000 0.000000 0.000000 1.000000 0.000000 0.000000
8.000000 95.060725 -2.052847 1.595846 0.028140 0.000000 0.000000 0.000000 1.000000 0.000000 0.000000
8.000000 95.062330 -2.104524 1.601693 0.029734 0.000000 0.000000 0.000000 1.000000 0.000000 0.000000
8.000000 95.070752 -2.064026 1.586881 0.046843 0.000000 0.000000 0.000000 1.000000 0.000000 0.000000
8.000000 95.072418 -2.081579 1.587749 0.053950 0.000000 0.000000 0.000000 1.000000 0.000000 0.000000
8.000000 95.080693 -2.103833 1.593891 0.058531 0.000000 0.000000 0.000000 1.000000 0.000000 0.000000
