8.000000 104.794888 23.302115 -0.222338 0.242491 0.000000 0.000000 0.000000 1.000000 0.000000 0.000000
8.000000 104.798214 23.277029 -0.229710 0.261620 0.000000 0.000000 0.000000 1.000000 0.000000 0.000000
8.000000 104.803956 23.626526 -0.232797 0.256659 0.000000 0.000000 0.000000 1.000000 0.000000 0.000000
8.000000 104.804751 23.433242 -0.184609 0.322985 0.000000 0.000000 0.000000 1.000000 0.000000 0.000000
8.000000 104.813904 23.365971 -0.205083 0.366641 0.000000 0.000000 0.000000 1.000000 0.000000 0.000000
8.000000 104.814889 23.306790 -0.189857 0.390031 0.000000 0.000000 0.000000 1.000000 0.000000 0.000000
8.000000 104.817994 23.145594 -0.237047 0.422264 0.000000 0.000000 0.000000 1.000000 0.000000 0.000000
8.000000 104.824075 23.315347 -0.238267 0.444046 0.000000 0.000000 0.000000 1.000000 0.000000 0.000000
8.000000 104.824803 23.179601 -0.204463 0.470968 0.000000 0.000000 0.000000 1.000000 0.000000 0.000000
8.000000 104.828357 23.065813 -0.237754 0.500031 0.000000 0.000000 0.000000 1.000000 0.000000 0.000000
8.000000 104.833925 23.257627 -0.239264 0.530495 0.000000 0.000000 0.000000 1.000000 0.000000 0.000000
8.000000 104.834916 23.076631 -0.193877 0.575819 0.000000 0.000000 0.000000 1.000000 0.000000 0.000000
8.000000 104.838095 22.870543 -0.254833 0.633502 0.000000 0.000000 0.000000 1.000000 0.000000 0.000000
8.000000 104.844002 23.080112 -0.256157 0.665298 0.000000 0.000000 0.000000 1.000000 0.000000 0.000000
8.000000 104.844870 22.881324 -0.206045 0.693694 0.000000 0.000000 0.000000 1.000000 0.000000 0.000000
8.000000 104.848212 22.729810 -0.250804 0.723340 0.000000 0.000000 0.000000 1.000000 0.000000 0.000000
8.000000 104.854031 22.950934 -0.252473 0.750117 0.000000 0.000000 0.000000 1.000000 0.000000 0.000000
8.000000 104.854896 22.734190 -0.197687 0.779207 0.000000 0.000000 0.000000 1.000000 0.000000 0.000000
8.000000 104.858150 22.545472 -0.253822 0.810160 0.000000 0.000000 0.000000 1.000000 0.000000 0.000000
8.000000 104.863955 22.792066 -0.255511 0.828018 0.000000 0.000000 0.000000 1.000000 0.000000 0.000000
8.000000 104.864814 22.606623 -0.208207 0.854195 0.000000 0.000000 0.000000 1.000000 0.000000 0.000000
8.000000 104.868196 22.469140 -0.249246 0.878920 0.000000 0.000000 0.000000 1.000000 0.000000 0.000000
8.000000 104.873967 22.669682 -0.250878 0.902065 0.000000 0.000000 0.000000 1.000000 0.000000 0.000000
8.000000 104.874975 22.483114 -0.203141 0.935299 0.000000 0.000000 0.000000 1.000000 0.000000 0.000000
8.000000 104.878074 22.305919 -0.256477 0.960482 0.000000 0.000000 0.000000 1.000000 0.000000 0.000000
8.000000 104.881339 22.106694 -0.246414 1.009572 0.000000 0.000000 0.000000 1.000000 0.000000 0.000000
8.000000 104.883968 22.168373 -0.208828 1.045372 0.000000 0.000000 0.000000 1.000000 0.000000 0.000000
8.000000 104.884847 22.355086 -0.209524 1.009437 0.000000 0.000000 0.000000 1.000000 0.000000 0.000000
8.000000 104.888114 22.223938 -0.248980 1.040305 0.000000 0.000000 0.000000 1.000000 0.000000 0.000000
8.000000 104.891400 22.021749 -0.246722 1.096136 0.000000 0.000000 0.000000 1.000000 0.000000 0.000000
8.000000 104.893892 22.072510 -0.214526 1.121064 0.000000 0.000000 0.000000 1.000000 0.000000 0.000000
8.000000 104.894937 22.228217 -0.208114 1.094915 0.000000 0.000000 0.000000 1.000000 0.000000 0.000000
8.000000 104.898081 22.121092 -0.240507 1.122897 0.000000 0.000000 0.000000 1.000000 0.000000 0.000000
8.000000 104.901404 21.919450 -0.242810 1.170717 0.000000 0.000000 0.000000 1.000000 0.000000 0.000000
8.000000 104.903965 21.986509 -0.220533 1.199199 0.000000 0.000000 0.000000 1.000000 0.000000 0.000000
8.000000 104.904889 22.119313 -0.208477 1.165700 0.000000 0.000000 0.000000 1.000000 0.000000 0.000000
8.000000 104.908170 21.992262 -0.246965 1.187404 0.000000 0.000000 0.000000 1.000000 0.000000 0.000000
8.000000 104.911504 21.805609 -0.245661 1.236872 0.000000 0.000000 0.000000 1.000000 0.000000 0.000000
8.000000 104.913930 21.869039 -0.220723 1.264527 0.000000 0.000000 0.000000 1.000000 0.000000 0.000000
8.000000 104.914926 21.979096 -0.205167 1.243136 0.000000 0.000000 0.000000 1.000000 0.000000 0.000000
8.000000 104.918027 21.850511 -0.244562 1.262257 0.000000 0.000000 0.000000 1.000000 0.000000 0.000000
8.000000 104.921542 21.686817 -0.242966 1.297182 0.000000 0.000000 0.000000 1.000000 0.000000 0.000000
8.000000 104.924142 21.794377 -0.229872 1.342193 0.000000 0.000000 0.000000 1.000000 0.000000 0.000000
8.000000 104.924856 21.867145 -0.203103 1.322706 0.000000 0.000000 0.000000 1.000000 0.000000 0.000000
8.000000 104.928179 21.708204 -0.252084 1.339383 0.000000 0.000000 0.000000 1.000000 0.000000 0.000000
8.000000 104.931449 21.586204 -0.249242 1.366915 0.000000 0.000000 0.000000 1.000000 0.000000 0.000000
8.000000 104.933907 21.678907 -0.235107 1.405082 0.000000 0.000000 0.000000 1.000000 0.000000 0.000000
8.000000 104.934980 21.737814 -0.210367 1.389669 0.000000 0.000000 0.000000 1.000000 0.000000 0.000000
8.000000 104.938093 21.613483 -0.248765 1.407880 0.000000 0.000000 0.000000 1.000000 0.000000 0.000000
8.000000 104.941448 21.492416 -0.248227 1.436454 0.000000 0.000000 0.000000 1.000000 0.000000 0.000000
8.000000 104.944114 21.592249 -0.237908 1.474389 0.000000 0.000000 0.000000 1.000000 0.000000 0.000000
8.000000 104.944852 21.627974 -0.206499 1.459844 0.000000 0.000000 0.000000 1.000000 0.000000 0.000000
8.000000 104.948153 21.517738 -0.240599 1.478225 0.000000 0.000000 0.000000 1.000000 0.000000 0.000000
8.000000 104.951484 21.393713 -0.246858 1.506504 0.000000 0.000000 0.000000 1.000000 0.000000 0.000000
8.000000 104.953951 21.503796 -0.245270 1.542169 0.000000 0.000000 0.000000 1.000000 0.000000 0.000000
8.000000 104.955000 21.529975 -0.210245 1.521338 0.000000 0.000000 0.000000 1.000000 0.000000 0.000000
8.000000 104.958089 21.423759 -0.243043 1.538992 0.000000 0.000000 0.000000 1.000000 0.000000 0.000000
8.000000 104.961562 21.292493 -0.249715 1.574426 0.000000 0.000000 0.000000 1.000000 0.000000 0.000000
8.000000 104.963918 21.406215 -0.250455 1.609097 0.000000 0.000000 0.000000 1.000000 0.000000 0.000000
8.000000 104.964889 21.389626 -0.204786 1.597080 0.000000 0.000000 0.000000 1.000000 0.000000 0.000000
8.000000 104.968163 21.282547 -0.238131 1.614742 0.000000 0.000000 0.000000 1.000000 0.000000 0.000000
8.000000 104.971636 21.199802 -0.247069 1.639263 0.000000 0.000000 0.000000 1.000000 0.000000 0.000000
8.000000 104.973909 21.318224 -0.258276 1.672751 0.000000 0.000000 0.000000 1.000000 0.000000 0.000000
8.000000 104.974973 21.261289 -0.208869 1.664499 0.000000 0.000000 0.000000 1.000000 0.000000 0.000000
8.000000 104.978115 21.157419 -0.241368 1.679484 0.000000 0.000000 0.000000 1.000000 0.000000 0.000000
8.000000 104.981443 21.082113 -0.249178 1.701749 0.000000 0.000000 0.000000 1.000000 0.000000 0.000000
8.000000 104.983973 21.212011 -0.258368 1.737820 0.000000 0.000000 0.000000 1.000000 0.000000 0.000000
8.000000 104.984883 21.164663 -0.207957 1.728844 0.000000 0.000000 0.000000 1.000000 0.000000 0.000000
8.000000 104.988218 21.061218 -0.240440 1.744541 0.000000 0.000000 0.000000 1.000000 0.000000 0.000000
8.000000 104.991487 20.981585 -0.250073 1.766108 0.000000 0.000000 0.000000 1.000000 0.000000 0.000000
8.000000 104.993918 21.114598 -0.262637 1.799973 0.000000 0.000000 0.000000 1.000000 0.000000 0.000000
8.000000 104.995006 21.040778 -0.205926 1.790262 0.000000 0.000000 0.000000 1.000000 0.000000 0.000000
8.000000 104.998088 20.932123 -0.240193 1.804756 0.000000 0.000000 0.000000 1.000000 0.000000 0.000000
8.000000 105.001353 20.880009 -0.251417 1.823765 0.000000 0.000000 0.000000 1.000000 0.000000 0.000000
8.000000 105.003995 21.030394 -0.274394 1.860280 0.000000 0.000000 0.000000 1.000000 0.000000 0.000000
8.000000 105.004894 20.940604 -0.217376 1.849907 0.000000 0.000000 0.000000 1.000000 0.000000 0.000000
8.000000 105.008119 20.878931 -0.236640 1.858985 0.000000 0.000000 0.000000 1.000000 0.000000 0.000000
8.000000 105.011677 20.778157 -0.249588 1.883194 0.000000 0.000000 0.000000 1.000000 0.000000 0.000000
8.000000 105.013941 20.936342 -0.276988 1.918498 0.000000 0.000000 0.000000 1.000000 0.000000 0.000000
8.000000 105.015016 20.811345 -0.210510 1.915633 0.000000 0.000000 0.000000 1.000000 0.000000 0.000000
8.000000 105.015878 20.495477 -0.292847 1.911579 0.000000 0.000000 0.000000 1.000000 0.000000 0.000000
8.000000 105.018117 20.568144 -0.224423 1.937405 0.000000 0.000000 0.000000 1.000000 0.000000 0.000000
8.000000 105.021499 20.683338 -0.248572 1.940642 0.000000 0.000000 0.000000 1.000000 0.000000 0.000000
8.000000 105.023983 20.855813 -0.281713 1.980330 0.000000 0.000000 0.000000 1.000000 0.000000 0.000000
8.000000 105.024929 20.695199 -0.210113 1.980248 0.000000 0.000000 0.000000 1.000000 0.000000 0.000000
8.000000 105.025977 20.415406 -0.281766 1.971697 0.000000 0.000000 0.000000 1.000000 0.000000 0.000000
8.000000 105.028216 20.469318 -0.227650 1.989078 0.000000 0.000000 0.000000 1.000000 0.000000 0.000000
8.000000 105.031465 20.556745 -0.249505 1.992828 0.000000 0.000000 0.000000 1.000000 0.000000 0.000000
8.000000 105.033933 20.739984 -0.289708 2.033966 0.000000 0.000000 0.000000 1.000000 0.000000 0.000000
8.000000 105.035010 20.557067 -0.216652 2.037762 0.000000 0.000000 0.000000 1.000000 0.000000 0.000000
8.000000 105.035892 20.297067 -0.282975 2.029549 0.000000 0.000000 0.000000 1.000000 0.000000 0.000000
8.000000 105.038132 20.355983 -0.227206 2.050252 0.000000 0.000000 0.000000 1.000000 0.000000 0.000000
8.000000 105.041424 20.459295 -0.253004 2.052181 0.000000 0.000000 0.000000 1.000000 0.000000 0.000000
8.000000 105.043926 20.648104 -0.297233 2.090387 0.000000 0.000000 0.000000 1.000000 0.000000 0.000000
8.000000 105.044879 20.436915 -0.216002 2.097130 0.000000 0.000000 0.000000 1.000000 0.000000 0.000000
8.000000 105.045999 20.200312 -0.271473 2.082653 0.000000 0.000000 0.000000 1.000000 0.000000 0.000000
8.000000 105.048265 20.250434 -0.220759 2.101075 0.000000 0.000000 0.000000 1.000000 0.000000 0.000000
8.000000 105.051453 20.348616 -0.250843 2.105847 0.000000 0.000000 0.000000 1.000000 0.000000 0.000000
8.000000 105.053967 20.560294 -0.301966 2.145804 0.000000 0.000000 0.000000 1.000000 0.000000 0.000000
8.000000 105.054988 20.382898 -0.228640 2.154615 0.000000 0.000000 0.000000 1.000000 0.000000 0.000000
8.000000 105.055026 20.301474 -0.248142 2.178729 0.000000 0.000000 0.000000 1.000000 0.000000 0.000000
8.000000 105.055911 20.201425 -0.147356 2.167995 0.000000 0.000000 0.000000 1.000000 0.000000 0.000000
8.000000 105.058089 20.120394 -0.223023 2.160406 0.000000 0.000000 0.000000 1.000000 0.000000 0.000000
8.000000 105.061461 20.253048 -0.252283 2.159129 0.000000 0.000000 0.000000 1.000000 0.000000 0.000000
8.000000 105.063988 20.470703 -0.312146 2.198751 0.000000 0.000000 0.000000 1.000000 0.000000 0.000000
8.000000 105.064972 20.198678 -0.218994 2.213825 0.000000 0.000000 0.000000 1.000000 0.000000 0.000000
8.000000 105.065137 20.164861 -0.222075 2.234103 0.000000 0.000000 0.000000 1.000000 0.000000 0.000000
8.000000 105.066074 20.103089 -0.154739 2.230118 0.000000 0.000000 0.000000 1.000000 0.000000 0.000000
8.000000 105.068208 20.028605 -0.224045 2.214331 0.000000 0.000000 0.000000 1.000000 0.000000 0.000000
8.000000 105.071595 20.169275 -0.253392 2.207736 0.000000 0.000000 0.000000 1.000000 0.000000 0.000000
8.000000 105.073909 20.408210 -0.321141 2.249205 0.000000 0.000000 0.000000 1.000000 0.000000 0.000000
8.000000 105.074993 20.093206 -0.216395 2.266465 0.000000 0.000000 0.000000 1.000000 0.000000 0.000000
8.000000 105.075161 20.047558 -0.223647 2.286251 0.000000 0.000000 0.000000 1.000000 0.000000 0.000000
8.000000 105.075903 19.993026 -0.164324 2.286263 0.000000 0.000000 0.000000 1.000000 0.000000 0.000000
8.000000 105.078177 19.921530 -0.227954 2.269460 0.000000 0.000000 0.000000 1.000000 0.000000 0.000000
8.000000 105.081417 20.037338 -0.251524 2.263201 0.000000 0.000000 0.000000 1.000000 0.000000 0.000000
8.000000 105.084040 20.288028 -0.317301 2.307061 0.000000 0.000000 0.000000 1.000000 0.000000 0.000000
8.000000 105.084864 19.990700 -0.216393 2.323950 0.000000 0.000000 0.000000 1.000000 0.000000 0.000000
8.000000 105.085216 19.931018 -0.229277 2.344455 0.000000 0.000000 0.000000 1.000000 0.000000 0.000000
8.000000 105.086218 19.874321 -0.169174 2.339751 0.000000 0.000000 0.000000 1.000000 0.000000 0.000000
8.000000 105.088267 19.805804 -0.230325 2.322843 0.000000 0.000000 0.000000 1.000000 0.000000 0.000000
8.000000 105.091466 19.948246 -0.255825 2.313543 0.000000 0.000000 0.000000 1.000000 0.000000 0.000000
8.000000 105.094100 20.207484 -0.326726 2.356047 0.000000 0.000000 0.000000 1.000000 0.000000 0.000000
8.000000 105.095059 19.872249 -0.216591 2.371739 0.000000 0.000000 0.000000 1.000000 0.000000 0.000000
8.000000 105.095111 19.819758 -0.225851 2.392761 0.000000 0.000000 0.000000 1.000000 0.000000 0.000000
8.000000 105.095906 19.758487 -0.160570 2.389672 0.000000 0.000000 0.000000 1.000000 0.000000 0.000000
8.000000 105.098182 19.684891 -0.226414 2.371705 0.000000 0.000000 0.000000 1.000000 0.000000 0.000000
8.000000 105.104190 19.789799 -0.236537 2.405098 0.000000 0.000000 0.000000 1.000000 0.000000 0.000000
8.000000 105.104938 19.775831 -0.233070 2.414266 0.000000 0.000000 0.000000 1.000000 0.000000 0.000000
8.000000 105.105287 19.724335 -0.241440 2.437685 0.000000 0.000000 0.000000 1.000000 0.000000 0.000000
8.000000 105.105978 19.645790 -0.162155 2.437609 0.000000 0.000000 0.000000 1.000000 0.000000 0.000000
8.000000 105.108269 19.573427 -0.225121 2.422444 0.000000 0.000000 0.000000 1.000000 0.000000 0.000000
8.000000 105.111375 19.748617 -0.254016 2.409650 0.000000 0.000000 0.000000 1.000000 0.000000 0.000000
8.000000 105.113909 20.030171 -0.342549 2.451633 0.000000 0.000000 0.000000 1.000000 0.000000 0.000000
8.000000 105.114937 19.548726 -0.192104 2.508353 0.000000 0.000000 0.000000 1.000000 0.000000 0.000000
8.000000 105.114973 19.594072 -0.230211 2.493829 0.000000 0.000000 0.000000 1.000000 0.000000 0.000000
8.000000 105.115904 19.407832 -0.284915 2.455706 0.000000 0.000000 0.000000 1.000000 0.000000 0.000000
8.000000 105.118120 19.468354 -0.230706 2.470524 0.000000 0.000000 0.000000 1.000000 0.000000 0.000000
8.000000 105.121438 19.662172 -0.260769 2.457078 0.000000 0.000000 0.000000 1.000000 0.000000 0.000000
8.000000 105.124002 19.969157 -0.351893 2.500922 0.000000 0.000000 0.000000 1.000000 0.000000 0.000000
8.000000 105.124927 19.534737 -0.218426 2.523391 0.000000 0.000000 0.000000 1.000000 0.000000 0.000000
8.000000 105.125076 19.475728 -0.230795 2.543379 0.000000 0.000000 0.000000 1.000000 0.000000 0.000000
8.000000 105.125987 19.415226 -0.167772 2.534337 0.000000 0.000000 0.000000 1.000000 0.000000 0.000000
8.000000 105.128255 19.349056 -0.228766 2.517268 0.000000 0.000000 0.000000 1.000000 0.000000 0.000000
8.000000 105.131542 19.569398 -0.262183 2.505138 0.000000 0.000000 0.000000 1.000000 0.000000 0.000000
8.000000 105.133939 19.874370 -0.358726 2.546033 0.000000 0.000000 0.000000 1.000000 0.000000 0.000000
8.000000 105.135055 19.414005 -0.222256 2.574295 0.000000 0.000000 0.000000 1.000000 0.000000 0.000000
8.000000 105.135110 19.363302 -0.232810 2.593868 0.000000 0.000000 0.000000 1.000000 0.000000 0.000000
8.000000 105.136041 19.307390 -0.176306 2.588652 0.000000 0.000000 0.000000 1.000000 0.000000 0.000000
8.000000 105.138180 19.232686 -0.237568 2.566967 0.000000 0.000000 0.000000 1.000000 0.000000 0.000000
8.000000 105.141485 19.468720 -0.263148 2.547617 0.000000 0.000000 0.000000 1.000000 0.000000 0.000000
8.000000 105.144126 19.802534 -0.367429 2.596093 0.000000 0.000000 0.000000 1.000000 0.000000 0.000000
8.000000 105.144950 19.301320 -0.223668 2.621314 0.000000 0.000000 0.000000 1.000000 0.000000 0.000000
8.000000 105.145218 19.253704 -0.232502 2.637735 0.000000 0.000000 0.000000 1.000000 0.000000 0.000000
8.000000 105.146008 19.193221 -0.171420 2.631598 0.000000 0.000000 0.000000 1.000000 0.000000 0.000000
8.000000 105.148237 19.122428 -0.231648 2.611340 0.000000 0.000000 0.000000 1.000000 0.000000 0.000000
8.000000 105.151499 19.362770 -0.261948 2.593685 0.000000 0.000000 0.000000 1.000000 0.000000 0.000000
8.000000 105.154006 19.670514 -0.368334 2.633839 0.000000 0.000000 0.000000 1.000000 0.000000 0.000000
8.000000 105.154991 19.099858 -0.204191 2.693793 0.000000 0.000000 0.000000 1.000000 0.000000 0.000000
8.000000 105.155016 19.146887 -0.243245 2.677861 0.000000 0.000000 0.000000 1.000000 0.000000 0.000000
8.000000 105.156004 18.970339 -0.292431 2.638123 0.000000 0.000000 0.000000 1.000000 0.000000 0.000000
8.000000 105.158159 19.034615 -0.236106 2.653326 0.000000 0.000000 0.000000 1.000000 0.000000 0.000000
8.000000 105.161466 19.278080 -0.266732 2.639977 0.000000 0.000000 0.000000 1.000000 0.000000 0.000000
8.000000 105.164238 19.559454 -0.366450 2.674735 0.000000 0.000000 0.000000 1.000000 0.000000 0.000000
8.000000 105.164911 19.066077 -0.231275 2.703961 0.000000 0.000000 0.000000 1.000000 0.000000 0.000000
8.000000 105.165205 19.024979 -0.237367 2.728235 0.000000 0.000000 0.000000 1.000000 0.000000 0.000000
8.000000 105.166030 18.971139 -0.181672 2.722682 0.000000 0.000000 0.000000 1.000000 0.000000 0.000000
8.000000 105.168269 18.905464 -0.237498 2.698857 0.000000 0.000000 0.000000 1.000000 0.000000 0.000000
8.000000 105.171508 19.167773 -0.266779 2.680383 0.000000 0.000000 0.000000 1.000000 0.000000 0.000000
8.000000 105.174382 19.413475 -0.359551 2.707859 0.000000 0.000000 0.000000 1.000000 0.000000 0.000000
8.000000 105.175066 18.943157 -0.232689 2.745923 0.000000 0.000000 0.000000 1.000000 0.000000 0.000000
8.000000 105.175103 18.913675 -0.236071 2.774761 0.000000 0.000000 0.000000 1.000000 0.000000 0.000000
8.000000 105.175984 18.867058 -0.189008 2.772078 0.000000 0.000000 0.000000 1.000000 0.000000 0.000000
8.000000 105.178153 18.800334 -0.241547 2.748725 0.000000 0.000000 0.000000 1.000000 0.000000 0.000000
8.000000 105.181509 19.072668 -0.268082 2.723475 0.000000 0.000000 0.000000 1.000000 0.000000 0.000000
8.000000 105.184363 19.382647 -0.375732 2.760336 0.000000 0.000000 0.000000 1.000000 0.000000 0.000000
8.000000 105.184951 18.838704 -0.226809 2.799168 0.000000 0.000000 0.000000 1.000000 0.000000 0.000000
8.000000 105.185176 18.796234 -0.236532 2.816916 0.000000 0.000000 0.000000 1.000000 0.000000 0.000000
8.000000 105.186135 18.749427 -0.191187 2.806356 0.000000 0.000000 0.000000 1.000000 0.000000 0.000000
8.000000 105.188267 18.699840 -0.232418 2.786652 0.000000 0.000000 0.000000 1.000000 0.000000 0.000000
8.000000 105.191513 18.948786 -0.262461 2.761549 0.000000 0.000000 0.000000 1.000000 0.000000 0.000000
8.000000 105.194169 19.281984 -0.380174 2.797826 0.000000 0.000000 0.000000 1.000000 0.000000 0.000000
8.000000 105.195070 18.721011 -0.227230 2.837155 0.000000 0.000000 0.000000 1.000000 0.000000 0.000000
8.000000 105.195105 18.681417 -0.235295 2.857528 0.000000 0.000000 0.000000 1.000000 0.000000 0.000000
8.000000 105.195952 18.643729 -0.196516 2.849249 0.000000 0.000000 0.000000 1.000000 0.000000 0.000000
8.000000 105.198391 18.577335 -0.248061 2.822833 0.000000 0.000000 0.000000 1.000000 0.000000 0.000000
8.000000 105.201459 18.890822 -0.273211 2.796428 0.000000 0.000000 0.000000 1.000000 0.000000 0.000000
8.000000 105.204230 19.220801 -0.391054 2.837621 0.000000 0.000000 0.000000 1.000000 0.000000 0.000000
8.000000 105.204949 18.652939 -0.241955 2.881168 0.000000 0.000000 0.000000 1.000000 0.000000 0.000000
8.000000 105.205170 18.603802 -0.254050 2.902114 0.000000 0.000000 0.000000 1.000000 0.000000 0.000000
8.000000 105.206188 18.526312 -0.185618 2.886998 0.000000 0.000000 0.000000 1.000000 0.000000 0.000000
8.000000 105.208344 18.459577 -0.237715 2.865218 0.000000 0.000000 0.000000 1.000000 0.000000 0.000000
8.000000 105.211413 18.775569 -0.270374 2.835755 0.000000 0.000000 0.000000 1.000000 0.000000 0.000000
8.000000 105.214107 19.133809 -0.401090 2.873687 0.000000 0.000000 0.000000 1.000000 0.000000 0.000000
8.000000 105.215033 18.502538 -0.232442 2.918139 0.000000 0.000000 0.000000 1.000000 0.000000 0.000000
8.000000 105.215054 18.462398 -0.240630 2.939068 0.000000 0.000000 0.000000 1.000000 0.000000 0.000000
8.000000 105.215955 18.417578 -0.196814 2.930138 0.000000 0.000000 0.000000 1.000000 0.000000 0.000000
8.000000 105.218403 18.366333 -0.237570 2.904577 0.000000 0.000000 0.000000 1.000000 0.000000 0.000000
8.000000 105.221492 18.670202 -0.266982 2.874787 0.000000 0.000000 0.000000 1.000000 0.000000 0.000000
8.000000 105.224195 19.022139 -0.396194 2.912677 0.000000 0.000000 0.000000 1.000000 0.000000 0.000000
8.000000 105.224944 18.395262 -0.230664 2.958418 0.000000 0.000000 0.000000 1.000000 0.000000 0.000000
8.000000 105.225202 18.348201 -0.241863 2.979183 0.000000 0.000000 0.000000 1.000000 0.000000 0.000000
8.000000 105.226053 18.305765 -0.200504 2.966997 0.000000 0.000000 0.000000 1.000000 0.000000 0.000000
8.000000 105.228431 18.259792 -0.236776 2.938333 0.000000 0.000000 0.000000 1.000000 0.000000 0.000000
8.000000 105.231497 18.556272 -0.266775 2.905590 0.000000 0.000000 0.000000 1.000000 0.000000 0.000000
8.000000 105.234119 18.950213 -0.409697 2.948026 0.000000 0.000000 0.000000 1.000000 0.000000 0.000000
8.000000 105.234961 18.181558 -0.198858 3.023680 0.000000 0.000000 0.000000 1.000000 0.000000 0.000000
8.000000 105.235051 18.244114 -0.245559 3.011541 0.000000 0.000000 0.000000 1.000000 0.000000 0.000000
8.000000 105.235996 18.094525 -0.289348 2.976897 0.000000 0.000000 0.000000 1.000000 0.000000 0.000000
8.000000 105.238353 18.138135 -0.248330 2.977898 0.000000 0.000000 0.000000 1.000000 0.000000 0.000000
8.000000 105.241540 18.510298 -0.274742 2.943389 0.000000 0.000000 0.000000 1.000000 0.000000 0.000000
8.000000 105.244099 18.835122 -0.404772 2.981992 0.000000 0.000000 0.000000 1.000000 0.000000 0.000000
8.000000 105.244966 18.171042 -0.236869 3.035749 0.000000 0.000000 0.000000 1.000000 0.000000 0.000000
8.000000 105.245090 18.130619 -0.246508 3.055658 0.000000 0.000000 0.000000 1.000000 0.000000 0.000000
8.000000 105.246054 18.077247 -0.198194 3.037893 0.000000 0.000000 0.000000 1.000000 0.000000 0.000000
8.000000 105.248286 18.014222 -0.245490 3.008381 0.000000 0.000000 0.000000 1.000000 0.000000 0.000000
8.000000 105.251523 18.385807 -0.274435 2.976604 0.000000 0.000000 0.000000 1.000000 0.000000 0.000000
8.000000 105.254454 18.728760 -0.408795 3.015458 0.000000 0.000000 0.000000 1.000000 0.000000 0.000000
8.000000 105.255046 18.097402 -0.249959 3.055243 0.000000 0.000000 0.000000 1.000000 0.000000 0.000000
8.000000 105.255065 18.035534 -0.264649 3.079480 0.000000 0.000000 0.000000 1.000000 0.000000 0.000000
8.000000 105.255983 17.971415 -0.206211 3.071281 0.000000 0.000000 0.000000 1.000000 0.000000 0.000000
8.000000 105.258235 17.911119 -0.251295 3.037736 0.000000 0.000000 0.000000 1.000000 0.000000 0.000000
8.000000 105.261523 18.263813 -0.277378 3.008925 0.000000 0.000000 0.000000 1.000000 0.000000 0.000000
8.000000 105.264440 18.599229 -0.407985 3.049070 0.000000 0.000000 0.000000 1.000000 0.000000 0.000000
8.000000 105.265026 17.951145 -0.244171 3.097995 0.000000 0.000000 0.000000 1.000000 0.000000 0.000000
8.000000 105.265253 17.912677 -0.252538 3.117674 0.000000 0.000000 0.000000 1.000000 0.000000 0.000000
8.000000 105.266162 17.870081 -0.212927 3.109051 0.000000 0.000000 0.000000 1.000000 0.000000 0.000000
8.000000 105.268271 17.806084 -0.257199 3.075940 0.000000 0.000000 0.000000 1.000000 0.000000 0.000000
8.000000 105.271642 18.177382 -0.278459 3.042972 0.000000 0.000000 0.000000 1.000000 0.000000 0.000000
8.000000 105.274062 18.438977 -0.394256 3.078669 0.000000 0.000000 0.000000 1.000000 0.000000 0.000000
8.000000 105.275078 17.833378 -0.247571 3.130211 0.000000 0.000000 0.000000 1.000000 0.000000 0.000000
8.000000 105.275107 17.799143 -0.254754 3.151823 0.000000 0.000000 0.000000 1.000000 0.000000 0.000000
8.000000 105.276016 17.753145 -0.213451 3.142332 0.000000 0.000000 0.000000 1.000000 0.000000 0.000000
8.000000 105.278200 17.687336 -0.258266 3.109768 0.000000 0.000000 0.000000 1.000000 0.000000 0.000000
8.000000 105.281427 18.061664 -0.280101 3.076242 0.000000 0.000000 0.000000 1.000000 0.000000 0.000000
8.000000 105.284218 18.285950 -0.387924 3.107000 0.000000 0.000000 0.000000 1.000000 0.000000 0.000000
8.000000 105.284993 17.718818 -0.252497 3.157378 0.000000 0.000000 0.000000 1.000000 0.000000 0.000000
8.000000 105.285174 17.693974 -0.256475 3.178526 0.000000 0.000000 0.000000 1.000000 0.000000 0.000000
8.000000 105.286059 17.646374 -0.214613 3.168966 0.000000 0.000000 0.000000 1.000000 0.000000 0.000000
8.000000 105.288335 17.580418 -0.258185 3.134464 0.000000 0.000000 0.000000 1.000000 0.000000 0.000000
8.000000 105.291454 17.909787 -0.277607 3.102678 0.000000 0.000000 0.000000 1.000000 0.000000 0.000000
8.000000 105.294035 18.209931 -0.398818 3.143008 0.000000 0.000000 0.000000 1.000000 0.000000 0.000000
8.000000 105.295034 17.538236 -0.226011 3.213978 0.000000 0.000000 0.000000 1.000000 0.000000 0.000000
8.000000 105.295234 17.581275 -0.256792 3.202620 0.000000 0.000000 0.000000 1.000000 0.000000 0.000000
8.000000 105.296021 17.390429 -0.311160 3.174466 0.000000 0.000000 0.000000 1.000000 0.000000 0.000000
8.000000 105.298207 17.448148 -0.254332 3.159385 0.000000 0.000000 0.000000 1.000000 0.000000 0.000000
8.000000 105.301493 17.824070 -0.272665 3.115943 0.000000 0.000000 0.000000 1.000000 0.000000 0.000000
8.000000 105.304077 18.128632 -0.405680 3.161277 0.000000 0.000000 0.000000 1.000000 0.000000 0.000000
8.000000 105.305127 17.482964 -0.252799 3.213100 0.000000 0.000000 0.000000 1.000000 0.000000 0.000000
8.000000 105.305293 17.476222 -0.250263 3.224715 0.000000 0.000000 0.000000 1.000000 0.000000 0.000000
8.000000 105.306091 17.431150 -0.211029 3.217792 0.000000 0.000000 0.000000 1.000000 0.000000 0.000000
8.000000 105.308497 17.352796 -0.260001 3.180494 0.000000 0.000000 0.000000 1.000000 0.000000 0.000000
8.000000 105.311664 17.738268 -0.273881 3.148048 0.000000 0.000000 0.000000 1.000000 0.000000 0.000000
8.000000 105.314142 17.960635 -0.381389 3.190476 0.000000 0.000000 0.000000 1.000000 0.000000 0.000000
8.000000 105.315097 17.398220 -0.252990 3.235390 0.000000 0.000000 0.000000 1.000000 0.000000 0.000000
8.000000 105.315127 17.360437 -0.261412 3.251019 0.000000 0.000000 0.000000 1.000000 0.000000 0.000000
8.000000 105.316146 17.310057 -0.218483 3.246399 0.000000 0.000000 0.000000 1.000000 0.000000 0.000000
8.000000 105.318230 17.248305 -0.255702 3.205645 0.000000 0.000000 0.000000 1.000000 0.000000 0.000000
8.000000 105.321670 17.575242 -0.269963 3.169330 0.000000 0.000000 0.000000 1.000000 0.000000 0.000000
8.000000 105.324106 17.774709 -0.368964 3.204012 0.000000 0.000000 0.000000 1.000000 0.000000 0.000000
8.000000 105.324970 17.277919 -0.254866 3.253029 0.000000 0.000000 0.000000 1.000000 0.000000 0.000000
8.000000 105.325320 17.242294 -0.263109 3.275164 0.000000 0.000000 0.000000 1.000000 0.000000 0.000000
8.000000 105.326035 17.204731 -0.230551 3.273838 0.000000 0.000000 0.000000 1.000000 0.000000 0.000000
8.000000 105.328363 17.146787 -0.264721 3.238240 0.000000 0.000000 0.000000 1.000000 0.000000 0.000000
8.000000 105.331781 17.505262 -0.279586 3.198937 0.000000 0.000000 0.000000 1.000000 0.000000 0.000000
8.000000 105.335023 17.272760 -0.229029 3.212783 0.000000 0.000000 0.000000 1.000000 0.000000 0.000000
8.000000 105.335074 17.134576 -0.259433 3.292957 0.000000 0.000000 0.000000 1.000000 0.000000 0.000000
8.000000 105.336051 17.098171 -0.230134 3.292454 0.000000 0.000000 0.000000 1.000000 0.000000 0.000000
8.000000 105.338302 17.047753 -0.256164 3.257342 0.000000 0.000000 0.000000 1.000000 0.000000 0.000000
8.000000 105.341480 17.313460 -0.264862 3.216748 0.000000 0.000000 0.000000 1.000000 0.000000 0.000000
8.000000 105.345166 17.186967 -0.235005 3.242125 0.000000 0.000000 0.000000 1.000000 0.000000 0.000000
8.000000 105.346145 16.847044 -0.329190 3.297579 0.000000 0.000000 0.000000 1.000000 0.000000 0.000000
8.000000 105.348548 16.914800 -0.272076 3.287680 0.000000 0.000000 0.000000 1.000000 0.000000 0.000000
8.000000 105.351579 17.325912 -0.286797 3.249010 0.000000 0.000000 0.000000 1.000000 0.000000 0.000000
8.000000 105.354081 17.402123 -0.359328 3.275689 0.000000 0.000000 0.000000 1.000000 0.000000 0.000000
8.000000 105.355178 16.964616 -0.263075 3.326624 0.000000 0.000000 0.000000 1.000000 0.000000 0.000000
8.000000 105.356049 16.717909 -0.337443 3.318660 0.000000 0.000000 0.000000 1.000000 0.000000 0.000000
8.000000 105.358353 16.801809 -0.267040 3.300674 0.000000 0.000000 0.000000 1.000000 0.000000 0.000000
8.000000 105.361521 17.141468 -0.274698 3.262995 0.000000 0.000000 0.000000 1.000000 0.000000 0.000000
8.000000 105.364206 17.267484 -0.352793 3.300019 0.000000 0.000000 0.000000 1.000000 0.000000 0.000000
8.000000 105.365076 16.844527 -0.260418 3.351617 0.000000 0.000000 0.000000 1.000000 0.000000 0.000000
8.000000 105.366119 16.646631 -0.323797 3.347594 0.000000 0.000000 0.000000 1.000000 0.000000 0.000000
8.000000 105.368419 16.718831 -0.269649 3.340014 0.000000 0.000000 0.000000 1.000000 0.000000 0.000000
8.000000 105.371561 17.133233 -0.285520 3.296723 0.000000 0.000000 0.000000 1.000000 0.000000 0.000000
8.000000 105.374076 17.146983 -0.348717 3.318658 0.000000 0.000000 0.000000 1.000000 0.000000 0.000000
8.000000 105.375104 16.725919 -0.258000 3.371048 0.000000 0.000000 0.000000 1.000000 0.000000 0.000000
8.000000 105.376056 16.539281 -0.320977 3.368466 0.000000 0.000000 0.000000 1.000000 0.000000 0.000000
8.000000 105.378286 16.616191 -0.267696 3.361871 0.000000 0.000000 0.000000 1.000000 0.000000 0.000000
8.000000 105.381652 17.012697 -0.282992 3.316768 0.000000 0.000000 0.000000 1.000000 0.000000 0.000000
8.000000 105.384138 17.033297 -0.352484 3.343839 0.000000 0.000000 0.000000 1.000000 0.000000 0.000000
8.000000 105.384944 16.611606 -0.265425 3.395982 0.000000 0.000000 0.000000 1.000000 0.000000 0.000000
8.000000 105.386157 16.419618 -0.328821 3.387161 0.000000 0.000000 0.000000 1.000000 0.000000 0.000000
8.000000 105.388361 16.525946 -0.258595 3.385147 0.000000 0.000000 0.000000 1.000000 0.000000 0.000000
8.000000 105.391685 16.910243 -0.278306 3.340208 0.000000 0.000000 0.000000 1.000000 0.000000 0.000000
8.000000 105.394095 16.890790 -0.346839 3.363195 0.000000 0.000000 0.000000 1.000000 0.000000 0.000000
8.000000 105.395061 16.461760 -0.259717 3.417234 0.000000 0.000000 0.000000 1.000000 0.000000 0.000000
8.000000 105.396099 16.362153 -0.290963 3.402794 0.000000 0.000000 0.000000 1.000000 0.000000 0.000000
8.000000 105.398381 16.403171 -0.260683 3.400115 0.000000 0.000000 0.000000 1.000000 0.000000 0.000000
8.000000 105.401546 16.805432 -0.279266 3.359217 0.000000 0.000000 0.000000 1.000000 0.000000 0.000000
8.000000 105.404154 16.819755 -0.349752 3.387228 0.000000 0.000000 0.000000 1.000000 0.000000 0.000000
8.000000 105.405002 16.418572 -0.268993 3.443640 0.000000 0.000000 0.000000 1.000000 0.000000 0.000000
8.000000 105.406193 16.205107 -0.328545 3.427613 0.000000 0.000000 0.000000 1.000000 0.000000 0.000000
8.000000 105.408331 16.287428 -0.258819 3.414818 0.000000 0.000000 0.000000 1.000000 0.000000 0.000000
8.000000 105.411626 16.697228 -0.277251 3.372676 0.000000 0.000000 0.000000 1.000000 0.000000 0.000000
8.000000 105.414108 16.677708 -0.339144 3.397566 0.000000 0.000000 0.000000 1.000000 0.000000 0.000000
8.000000 105.415069 16.304221 -0.264996 3.457685 0.000000 0.000000 0.000000 1.000000 0.000000 0.000000
8.000000 105.416357 16.132101 -0.316265 3.451126 0.000000 0.000000 0.000000 1.000000 0.000000 0.000000
8.000000 105.418368 16.200210 -0.260638 3.436063 0.000000 0.000000 0.000000 1.000000 0.000000 0.000000
8.000000 105.421655 16.576529 -0.276300 3.389676 0.000000 0.000000 0.000000 1.000000 0.000000 0.000000
8.000000 105.424051 16.500616 -0.321193 3.407504 0.000000 0.000000 0.000000 1.000000 0.000000 0.000000
8.000000 105.425052 16.196692 -0.264188 3.469499 0.000000 0.000000 0.000000 1.000000 0.000000 0.000000
8.000000 105.426163 16.061233 -0.303011 3.471292 0.000000 0.000000 0.000000 1.000000 0.000000 0.000000
8.000000 105.428319 16.116095 -0.256741 3.457486 0.000000 0.000000 0.000000 1.000000 0.000000 0.000000
8.000000 105.431631 16.474185 -0.274222 3.410951 0.000000 0.000000 0.000000 1.000000 0.000000 0.000000
8.000000 105.434148 16.371059 -0.308258 3.418701 0.000000 0.000000 0.000000 1.000000 0.000000 0.000000
8.000000 105.435039 16.106319 -0.256420 3.479550 0.000000 0.000000 0.000000 1.000000 0.000000 0.000000
8.000000 105.436361 15.945148 -0.303214 3.487977 0.000000 0.000000 0.000000 1.000000 0.000000 0.000000
8.000000 105.438360 15.994581 -0.257991 3.473493 0.000000 0.000000 0.000000 1.000000 0.000000 0.000000
8.000000 105.441645 16.451120 -0.275273 3.424602 0.000000 0.000000 0.000000 1.000000 0.000000 0.000000
8.000000 105.444109 16.251643 -0.297297 3.435283 0.000000 0.000000 0.000000 1.000000 0.000000 0.000000
8.000000 105.444983 16.013678 -0.262125 3.499569 0.000000 0.000000 0.000000 1.000000 0.000000 0.000000
8.000000 105.446177 15.889775 -0.291407 3.500965 0.000000 0.000000 0.000000 1.000000 0.000000 0.000000
8.000000 105.448521 15.909987 -0.257472 3.479286 0.000000 0.000000 0.000000 1.000000 0.000000 0.000000
8.000000 105.451753 16.244483 -0.272599 3.434710 0.000000 0.000000 0.000000 1.000000 0.000000 0.000000
8.000000 105.454150 16.250162 -0.332903 3.462895 0.000000 0.000000 0.000000 1.000000 0.000000 0.000000
8.000000 105.455068 15.925830 -0.267649 3.516451 0.000000 0.000000 0.000000 1.000000 0.000000 0.000000
8.000000 105.456118 15.635195 -0.357553 3.507429 0.000000 0.000000 0.000000 1.000000 0.000000 0.000000
8.000000 105.458397 15.766795 -0.261127 3.494817 0.000000 0.000000 0.000000 1.000000 0.000000 0.000000
8.000000 105.461586 16.191270 -0.278692 3.448210 0.000000 0.000000 0.000000 1.000000 0.000000 0.000000
8.000000 105.464286 16.097897 -0.324258 3.473063 0.000000 0.000000 0.000000 1.000000 0.000000 0.000000
8.000000 105.464996 15.777140 -0.262691 3.541127 0.000000 0.000000 0.000000 1.000000 0.000000 0.000000
8.000000 105.466228 15.723416 -0.261395 3.529855 0.000000 0.000000 0.000000 1.000000 0.000000 0.000000
8.000000 105.468424 15.672191 -0.263940 3.512879 0.000000 0.000000 0.000000 1.000000 0.000000 0.000000
8.000000 105.471759 16.192030 -0.285493 3.467870 0.000000 0.000000 0.000000 1.000000 0.000000 0.000000
8.000000 105.474090 15.958159 -0.305854 3.482518 0.000000 0.000000 0.000000 1.000000 0.000000 0.000000
8.000000 105.475096 15.685459 -0.260291 3.549784 0.000000 0.000000 0.000000 1.000000 0.000000 0.000000
8.000000 105.476245 15.610139 -0.274481 3.546241 0.000000 0.000000 0.000000 1.000000 0.000000 0.000000
8.000000 105.478321 15.592637 -0.265153 3.529531 0.000000 0.000000 0.000000 1.000000 0.000000 0.000000
8.000000 105.481582 16.034769 -0.284904 3.480632 0.000000 0.000000 0.000000 1.000000 0.000000 0.000000
8.000000 105.484161 15.889805 -0.314083 3.493103 0.000000 0.000000 0.000000 1.000000 0.000000 0.000000
8.000000 105.485043 15.609644 -0.256709 3.556115 0.000000 0.000000 0.000000 1.000000 0.000000 0.000000
8.000000 105.486215 15.473019 -0.290016 3.555451 0.000000 0.000000 0.000000 1.000000 0.000000 0.000000
8.000000 105.488345 15.477374 -0.264077 3.539131 0.000000 0.000000 0.000000 1.000000 0.000000 0.000000
8.000000 105.491593 15.938935 -0.286304 3.488746 0.000000 0.000000 0.000000 1.000000 0.000000 0.000000
8.000000 105.494089 15.801186 -0.321602 3.503697 0.000000 0.000000 0.000000 1.000000 0.000000 0.000000
8.000000 105.495139 15.503048 -0.260258 3.567282 0.000000 0.000000 0.000000 1.000000 0.000000 0.000000
8.000000 105.496131 15.381808 -0.284759 3.560114 0.000000 0.000000 0.000000 1.000000 0.000000 0.000000
8.000000 105.498366 15.332627 -0.283193 3.540552 0.000000 0.000000 0.000000 1.000000 0.000000 0.000000
8.000000 105.501796 15.876320 -0.300161 3.496214 0.000000 0.000000 0.000000 1.000000 0.000000 0.000000
8.000000 105.504218 15.637485 -0.312941 3.518890 0.000000 0.000000 0.000000 1.000000 0.000000 0.000000
8.000000 105.505060 15.383211 -0.269392 3.566489 0.000000 0.000000 0.000000 1.000000 0.000000 0.000000
8.000000 105.506152 15.106411 -0.359495 3.553424 0.000000 0.000000 0.000000 1.000000 0.000000 0.000000
8.000000 105.508355 15.239550 -0.268548 3.546534 0.000000 0.000000 0.000000 1.000000 0.000000 0.000000
8.000000 105.511625 15.776321 -0.283982 3.500292 0.000000 0.000000 0.000000 1.000000 0.000000 0.000000
8.000000 105.514123 15.547174 -0.296255 3.522650 0.000000 0.000000 0.000000 1.000000 0.000000 0.000000
8.000000 105.515123 15.302852 -0.254038 3.584228 0.000000 0.000000 0.000000 1.000000 0.000000 0.000000
8.000000 105.516077 15.158343 -0.288960 3.578361 0.000000 0.000000 0.000000 1.000000 0.000000 0.000000
8.000000 105.518352 15.149755 -0.266742 3.560675 0.000000 0.000000 0.000000 1.000000 0.000000 0.000000
8.000000 105.521768 15.681907 -0.285558 3.510306 0.000000 0.000000 0.000000 1.000000 0.000000 0.000000
8.000000 105.524419 15.459777 -0.300371 3.526755 0.000000 0.000000 0.000000 1.000000 0.000000 0.000000
8.000000 105.525057 15.196433 -0.248333 3.590422 0.000000 0.000000 0.000000 1.000000 0.000000 0.000000
8.000000 105.526292 15.139413 -0.251436 3.584590 0.000000 0.000000 0.000000 1.000000 0.000000 0.000000
8.000000 105.528679 15.057438 -0.268893 3.562695 0.000000 0.000000 0.000000 1.000000 0.000000 0.000000
8.000000 105.531646 15.584185 -0.287047 3.511288 0.000000 0.000000 0.000000 1.000000 0.000000 0.000000
8.000000 105.534137 15.327065 -0.295927 3.527310 0.000000 0.000000 0.000000 1.000000 0.000000 0.000000
8.000000 105.535123 15.100137 -0.256472 3.593274 0.000000 0.000000 0.000000 1.000000 0.000000 0.000000
8.000000 105.536137 15.034170 -0.258430 3.589391 0.000000 0.000000 0.000000 1.000000 0.000000 0.000000
8.000000 105.538365 14.956532 -0.268470 3.566810 0.000000 0.000000 0.000000 1.000000 0.000000 0.000000
8.000000 105.541803 15.474181 -0.282870 3.521264 0.000000 0.000000 0.000000 1.000000 0.000000 0.000000
8.000000 105.544135 15.091128 -0.267182 3.537832 0.000000 0.000000 0.000000 1.000000 0.000000 0.000000
8.000000 105.545038 14.965013 -0.264513 3.600735 0.000000 0.000000 0.000000 1.000000 0.000000 0.000000
8.000000 105.546233 14.995063 -0.223559 3.590289 0.000000 0.000000 0.000000 1.000000 0.000000 0.000000
8.000000 105.548432 14.830641 -0.272023 3.562286 0.000000 0.000000 0.000000 1.000000 0.000000 0.000000
8.000000 105.551652 15.294510 -0.284309 3.522785 0.000000 0.000000 0.000000 1.000000 0.000000 0.000000
8.000000 105.554137 15.007676 -0.279292 3.543561 0.000000 0.000000 0.000000 1.000000 0.000000 0.000000
8.000000 105.556143 14.793458 -0.237330 3.587701 0.000000 0.000000 0.000000 1.000000 0.000000 0.000000
8.000000 105.558351 14.702782 -0.277214 3.560319 0.000000 0.000000 0.000000 1.000000 0.000000 0.000000
8.000000 105.561694 15.188468 -0.289249 3.517217 0.000000 0.000000 0.000000 1.000000 0.000000 0.000000
8.000000 105.564164 14.955979 -0.293415 3.541623 0.000000 0.000000 0.000000 1.000000 0.000000 0.000000
8.000000 105.565058 14.767053 -0.262069 3.604151 0.000000 0.000000 0.000000 1.000000 0.000000 0.000000
8.000000 105.566336 14.811527 -0.220864 3.597057 0.000000 0.000000 0.000000 1.000000 0.000000 0.000000
8.000000 105.568426 14.647572 -0.274928 3.574662 0.000000 0.000000 0.000000 1.000000 0.000000 0.000000
8.000000 105.571647 15.176447 -0.292797 3.527777 0.000000 0.000000 0.000000 1.000000 0.000000 0.000000
8.000000 105.574095 14.742487 -0.268481 3.536527 0.000000 0.000000 0.000000 1.000000 0.000000 0.000000
8.000000 105.575152 14.647049 -0.271827 3.602308 0.000000 0.000000 0.000000 1.000000 0.000000 0.000000
8.000000 105.576177 14.744065 -0.204439 3.597995 0.000000 0.000000 0.000000 1.000000 0.000000 0.000000
8.000000 105.578351 14.550031 -0.269662 3.579473 0.000000 0.000000 0.000000 1.000000 0.000000 0.000000
8.000000 105.581676 15.088221 -0.290502 3.536659 0.000000 0.000000 0.000000 1.000000 0.000000 0.000000
8.000000 105.584175 14.597729 -0.259542 3.543149 0.000000 0.000000 0.000000 1.000000 0.000000 0.000000
8.000000 105.585051 14.538048 -0.276946 3.607188 0.000000 0.000000 0.000000 1.000000 0.000000 0.000000
8.000000 105.586173 14.673758 -0.192198 3.598955 0.000000 0.000000 0.000000 1.000000 0.000000 0.000000
8.000000 105.588385 14.445363 -0.271379 3.575997 0.000000 0.000000 0.000000 1.000000 0.000000 0.000000
8.000000 105.591681 14.990244 -0.291437 3.530150 0.000000 0.000000 0.000000 1.000000 0.000000 0.000000
8.000000 105.594131 14.504680 -0.263210 3.540105 0.000000 0.000000 0.000000 1.000000 0.000000 0.000000
8.000000 105.595173 14.429160 -0.276304 3.604582 0.000000 0.000000 0.000000 1.000000 0.000000 0.000000
8.000000 105.596209 14.521023 -0.215302 3.598468 0.000000 0.000000 0.000000 1.000000 0.000000 0.000000
8.000000 105.598364 14.321610 -0.286722 3.582209 0.000000 0.000000 0.000000 1.000000 0.000000 0.000000
8.000000 105.601719 14.989944 -0.308365 3.533301 0.000000 0.000000 0.000000 1.000000 0.000000 0.000000
8.000000 105.604194 14.366238 -0.254602 3.534956 0.000000 0.000000 0.000000 1.000000 0.000000 0.000000
8.000000 105.605103 14.327394 -0.279188 3.601527 0.000000 0.000000 0.000000 1.000000 0.000000 0.000000
8.000000 105.606260 14.491701 -0.186425 3.597346 0.000000 0.000000 0.000000 1.000000 0.000000 0.000000
8.000000 105.608371 14.274283 -0.264140 3.577915 0.000000 0.000000 0.000000 1.000000 0.000000 0.000000
8.000000 105.611660 14.788468 -0.286424 3.530039 0.000000 0.000000 0.000000 1.000000 0.000000 0.000000
8.000000 105.614168 14.294389 -0.258826 3.535191 0.000000 0.000000 0.000000 1.000000 0.000000 0.000000
8.000000 105.615118 14.238861 -0.277021 3.601903 0.000000 0.000000 0.000000 1.000000 0.000000 0.000000
8.000000 105.616181 14.338998 -0.209407 3.600734 0.000000 0.000000 0.000000 1.000000 0.000000 0.000000
8.000000 105.618335 14.170516 -0.259730 3.577566 0.000000 0.000000 0.000000 1.000000 0.000000 0.000000
8.000000 105.621706 14.658198 -0.280281 3.523029 0.000000 0.000000 0.000000 1.000000 0.000000 0.000000
8.000000 105.624157 14.191590 -0.260334 3.532659 0.000000 0.000000 0.000000 1.000000 0.000000 0.000000
8.000000 105.625071 14.129316 -0.278034 3.595853 0.000000 0.000000 0.000000 1.000000 0.000000 0.000000
8.000000 105.626245 14.153336 -0.243343 3.593295 0.000000 0.000000 0.000000 1.000000 0.000000 0.000000
8.000000 105.628424 14.055184 -0.262759 3.581092 0.000000 0.000000 0.000000 1.000000 0.000000 0.000000
8.000000 105.631691 14.649841 -0.288327 3.523476 0.000000 0.000000 0.000000 1.000000 0.000000 0.000000
8.000000 105.634164 14.089640 -0.261251 3.533276 0.000000 0.000000 0.000000 1.000000 0.000000 0.000000
8.000000 105.635149 14.009616 -0.278084 3.596573 0.000000 0.000000 0.000000 1.000000 0.000000 0.000000
8.000000 105.636238 14.008869 -0.260963 3.588528 0.000000 0.000000 0.000000 1.000000 0.000000 0.000000
8.000000 105.638397 13.962510 -0.260455 3.569898 0.000000 0.000000 0.000000 1.000000 0.000000 0.000000
8.000000 105.641724 14.469677 -0.279423 3.508535 0.000000 0.000000 0.000000 1.000000 0.000000 0.000000
8.000000 105.644156 13.996437 -0.263894 3.526551 0.000000 0.000000 0.000000 1.000000 0.000000 0.000000
8.000000 105.646250 13.863129 -0.257675 3.585527 0.000000 0.000000 0.000000 1.000000 0.000000 0.000000
8.000000 105.648382 13.828909 -0.270217 3.566960 0.000000 0.000000 0.000000 1.000000 0.000000 0.000000
8.000000 105.651726 14.427589 -0.289519 3.513134 0.000000 0.000000 0.000000 1.000000 0.000000 0.000000
8.000000 105.654176 13.791746 -0.244110 3.526859 0.000000 0.000000 0.000000 1.000000 0.000000 0.000000
8.000000 105.656224 13.732613 -0.265524 3.582600 0.000000 0.000000 0.000000 1.000000 0.000000 0.000000
8.000000 105.658408 13.715534 -0.268449 3.559343 0.000000 0.000000 0.000000 1.000000 0.000000 0.000000
8.000000 105.661726 14.310797 -0.286912 3.498060 0.000000 0.000000 0.000000 1.000000 0.000000 0.000000
8.000000 105.664157 13.733487 -0.250119 3.510461 0.000000 0.000000 0.000000 1.000000 0.000000 0.000000
8.000000 105.665125 13.715357 -0.286377 3.572012 0.000000 0.000000 0.000000 1.000000 0.000000 0.000000
8.000000 105.666339 13.638111 -0.297074 3.575684 0.000000 0.000000 0.000000 1.000000 0.000000 0.000000
8.000000 105.668422 13.617693 -0.276561 3.552225 0.000000 0.000000 0.000000 1.000000 0.000000 0.000000
8.000000 105.671720 14.202560 -0.288233 3.485480 0.000000 0.000000 0.000000 1.000000 0.000000 0.000000
8.000000 105.674532 13.616255 -0.244869 3.500903 0.000000 0.000000 0.000000 1.000000 0.000000 0.000000
8.000000 105.676258 13.570527 -0.269388 3.563957 0.000000 0.000000 0.000000 1.000000 0.000000 0.000000
8.000000 105.678379 13.533265 -0.280272 3.542079 0.000000 0.000000 0.000000 1.000000 0.000000 0.000000
8.000000 105.681684 14.129959 -0.291388 3.475321 0.000000 0.000000 0.000000 1.000000 0.000000 0.000000
8.000000 105.685088 13.703146 -0.220413 3.493375 0.000000 0.000000 0.000000 1.000000 0.000000 0.000000
8.000000 105.686347 13.524421 -0.269872 3.558706 0.000000 0.000000 0.000000 1.000000 0.000000 0.000000
8.000000 105.688498 13.462816 -0.274185 3.528591 0.000000 0.000000 0.000000 1.000000 0.000000 0.000000
8.000000 105.691733 13.999312 -0.284412 3.458134 0.000000 0.000000 0.000000 1.000000 0.000000 0.000000
8.000000 105.694181 13.459226 -0.255509 3.483320 0.000000 0.000000 0.000000 1.000000 0.000000 0.000000
8.000000 105.695209 13.425848 -0.289861 3.550855 0.000000 0.000000 0.000000 1.000000 0.000000 0.000000
8.000000 105.695360 13.414285 -0.294580 3.553559 0.000000 0.000000 0.000000 1.000000 0.000000 0.000000
8.000000 105.698473 13.356240 -0.270843 3.527586 0.000000 0.000000 0.000000 1.000000 0.000000 0.000000
8.000000 105.701671 13.934197 -0.288962 3.461375 0.000000 0.000000 0.000000 1.000000 0.000000 0.000000
8.000000 105.704440 13.269539 -0.223896 3.471323 0.000000 0.000000 0.000000 1.000000 0.000000 0.000000
8.000000 105.705070 13.336368 -0.285655 3.540119 0.000000 0.000000 0.000000 1.000000 0.000000 0.000000
8.000000 105.705348 13.327741 -0.289865 3.560113 0.000000 0.000000 0.000000 1.000000 0.000000 0.000000
8.000000 105.706295 13.255224 -0.252124 3.541581 0.000000 0.000000 0.000000 1.000000 0.000000 0.000000
8.000000 105.708416 13.193422 -0.274011 3.507291 0.000000 0.000000 0.000000 1.000000 0.000000 0.000000
8.000000 105.711632 13.732832 -0.281758 3.449432 0.000000 0.000000 0.000000 1.000000 0.000000 0.000000
8.000000 105.714257 13.247576 -0.251475 3.476253 0.000000 0.000000 0.000000 1.000000 0.000000 0.000000
8.000000 105.715181 13.234184 -0.287100 3.534988 0.000000 0.000000 0.000000 1.000000 0.000000 0.000000
8.000000 105.715275 13.231577 -0.288031 3.535531 0.000000 0.000000 0.000000 1.000000 0.000000 0.000000
8.000000 105.716228 13.183013 -0.262562 3.529343 0.000000 0.000000 0.000000 1.000000 0.000000 0.000000
8.000000 105.718409 13.146066 -0.271027 3.496462 0.000000 0.000000 0.000000 1.000000 0.000000 0.000000
8.000000 105.721684 13.524894 -0.277005 3.438257 0.000000 0.000000 0.000000 1.000000 0.000000 0.000000
8.000000 105.724260 13.227996 -0.277037 3.470884 0.000000 0.000000 0.000000 1.000000 0.000000 0.000000
8.000000 105.725074 13.142690 -0.282034 3.530273 0.000000 0.000000 0.000000 1.000000 0.000000 0.000000
8.000000 105.725337 13.120736 -0.291696 3.530275 0.000000 0.000000 0.000000 1.000000 0.000000 0.000000
8.000000 105.726243 13.068525 -0.264611 3.524706 0.000000 0.000000 0.000000 1.000000 0.000000 0.000000
8.000000 105.728482 13.028352 -0.274515 3.493518 0.000000 0.000000 0.000000 1.000000 0.000000 0.000000
8.000000 105.731709 13.523457 -0.280343 3.430519 0.000000 0.000000 0.000000 1.000000 0.000000 0.000000
8.000000 105.734270 13.070276 -0.256159 3.458542 0.000000 0.000000 0.000000 1.000000 0.000000 0.000000
8.000000 105.735188 13.026050 -0.279084 3.520877 0.000000 0.000000 0.000000 1.000000 0.000000 0.000000
8.000000 105.735297 13.010093 -0.286256 3.522709 0.000000 0.000000 0.000000 1.000000 0.000000 0.000000
8.000000 105.736225 12.974184 -0.267515 3.509094 0.000000 0.000000 0.000000 1.000000 0.000000 0.000000
8.000000 105.738418 12.946586 -0.274630 3.479327 0.000000 0.000000 0.000000 1.000000 0.000000 0.000000
8.000000 105.741746 13.491749 -0.281239 3.424039 0.000000 0.000000 0.000000 1.000000 0.000000 0.000000
8.000000 105.744266 12.904786 -0.234597 3.447312 0.000000 0.000000 0.000000 1.000000 0.000000 0.000000
8.000000 105.745123 12.929640 -0.285341 3.508189 0.000000 0.000000 0.000000 1.000000 0.000000 0.000000
8.000000 105.745434 12.933369 -0.284070 3.508280 0.000000 0.000000 0.000000 1.000000 0.000000 0.000000
8.000000 105.746581 12.876325 -0.255117 3.489938 0.000000 0.000000 0.000000 1.000000 0.000000 0.000000
8.000000 105.748491 12.838537 -0.268063 3.464024 0.000000 0.000000 0.000000 1.000000 0.000000 0.000000
8.000000 105.751712 13.370517 -0.280756 3.409172 0.000000 0.000000 0.000000 1.000000 0.000000 0.000000
8.000000 105.754302 12.794996 -0.240376 3.425181 0.000000 0.000000 0.000000 1.000000 0.000000 0.000000
8.000000 105.755230 12.850519 -0.301476 3.496108 0.000000 0.000000 0.000000 1.000000 0.000000 0.000000
8.000000 105.755370 12.857739 -0.300052 3.502034 0.000000 0.000000 0.000000 1.000000 0.000000 0.000000
8.000000 105.756201 12.772024 -0.258103 3.471024 0.000000 0.000000 0.000000 1.000000 0.000000 0.000000
8.000000 105.758445 12.739253 -0.269959 3.446360 0.000000 0.000000 0.000000 1.000000 0.000000 0.000000
8.000000 105.761803 13.228937 -0.282509 3.398175 0.000000 0.000000 0.000000 1.000000 0.000000 0.000000
8.000000 105.764339 12.762702 -0.255407 3.417115 0.000000 0.000000 0.000000 1.000000 0.000000 0.000000
8.000000 105.765118 12.736389 -0.280615 3.478474 0.000000 0.000000 0.000000 1.000000 0.000000 0.000000
8.000000 105.765419 12.731036 -0.283707 3.481627 0.000000 0.000000 0.000000 1.000000 0.000000 0.000000
8.000000 105.766244 12.688793 -0.262794 3.465324 0.000000 0.000000 0.000000 1.000000 0.000000 0.000000
8.000000 105.768496 12.648745 -0.275108 3.437728 0.000000 0.000000 0.000000 1.000000 0.000000 0.000000
8.000000 105.771715 13.191742 -0.285429 3.378976 0.000000 0.000000 0.000000 1.000000 0.000000 0.000000
8.000000 105.774432 12.643075 -0.248055 3.397153 0.000000 0.000000 0.000000 1.000000 0.000000 0.000000
8.000000 105.775213 12.637305 -0.284344 3.461676 0.000000 0.000000 0.000000 1.000000 0.000000 0.000000
8.000000 105.775394 12.629435 -0.288247 3.468586 0.000000 0.000000 0.000000 1.000000 0.000000 0.000000
8.000000 105.776239 12.583002 -0.264850 3.449996 0.000000 0.000000 0.000000 1.000000 0.000000 0.000000
8.000000 105.778424 12.567360 -0.267362 3.421381 0.000000 0.000000 0.000000 1.000000 0.000000 0.000000
8.000000 105.781791 13.016333 -0.277601 3.369729 0.000000 0.000000 0.000000 1.000000 0.000000 0.000000
8.000000 105.784207 12.546404 -0.248689 3.385004 0.000000 0.000000 0.000000 1.000000 0.000000 0.000000
8.000000 105.785176 12.533513 -0.277072 3.442576 0.000000 0.000000 0.000000 1.000000 0.000000 0.000000
8.000000 105.785506 12.524942 -0.281184 3.449626 0.000000 0.000000 0.000000 1.000000 0.000000 0.000000
8.000000 105.786281 12.494424 -0.265683 3.433683 0.000000 0.000000 0.000000 1.000000 0.000000 0.000000
8.000000 105.788517 12.470563 -0.270778 3.403249 0.000000 0.000000 0.000000 1.000000 0.000000 0.000000
8.000000 105.791758 12.900316 -0.282379 3.348324 0.000000 0.000000 0.000000 1.000000 0.000000 0.000000
8.000000 105.794225 12.472036 -0.261666 3.362144 0.000000 0.000000 0.000000 1.000000 0.000000 0.000000
8.000000 105.795275 12.441879 -0.281796 3.422873 0.000000 0.000000 0.000000 1.000000 0.000000 0.000000
8.000000 105.795407 12.447329 -0.279522 3.431737 0.000000 0.000000 0.000000 1.000000 0.000000 0.000000
8.000000 105.796222 12.403328 -0.257290 3.408237 0.000000 0.000000 0.000000 1.000000 0.000000 0.000000
8.000000 105.798482 12.386461 -0.260906 3.376417 0.000000 0.000000 0.000000 1.000000 0.000000 0.000000
8.000000 105.801727 12.801151 -0.272199 3.327631 0.000000 0.000000 0.000000 1.000000 0.000000 0.000000
8.000000 105.804172 12.278002 -0.236846 3.336901 0.000000 0.000000 0.000000 1.000000 0.000000 0.000000
8.000000 105.805190 12.328632 -0.290724 3.391820 0.000000 0.000000 0.000000 1.000000 0.000000 0.000000
8.000000 105.805488 12.342206 -0.283816 3.405248 0.000000 0.000000 0.000000 1.000000 0.000000 0.000000
8.000000 105.806287 12.276439 -0.250363 3.389092 0.000000 0.000000 0.000000 1.000000 0.000000 0.000000
8.000000 105.808739 12.241809 -0.261706 3.361376 0.000000 0.000000 0.000000 1.000000 0.000000 0.000000
8.000000 105.811721 12.750412 -0.275996 3.305700 0.000000 0.000000 0.000000 1.000000 0.000000 0.000000
8.000000 105.814241 12.260227 -0.248714 3.317451 0.000000 0.000000 0.000000 1.000000 0.000000 0.000000
8.000000 105.815224 12.245999 -0.277505 3.378323 0.000000 0.000000 0.000000 1.000000 0.000000 0.000000
8.000000 105.815400 12.240090 -0.279384 3.394657 0.000000 0.000000 0.000000 1.000000 0.000000 0.000000
8.000000 105.816237 12.211169 -0.263377 3.375555 0.000000 0.000000 0.000000 1.000000 0.000000 0.000000
8.000000 105.818507 12.195129 -0.265198 3.336677 0.000000 0.000000 0.000000 1.000000 0.000000 0.000000
8.000000 105.821749 12.647476 -0.269669 3.286341 0.000000 0.000000 0.000000 1.000000 0.000000 0.000000
8.000000 105.824231 12.090286 -0.225250 3.301113 0.000000 0.000000 0.000000 1.000000 0.000000 0.000000
8.000000 105.825182 12.142177 -0.281913 3.358505 0.000000 0.000000 0.000000 1.000000 0.000000 0.000000
8.000000 105.825459 12.139604 -0.282719 3.373076 0.000000 0.000000 0.000000 1.000000 0.000000 0.000000
8.000000 105.826274 12.100596 -0.262443 3.351654 0.000000 0.000000 0.000000 1.000000 0.000000 0.000000
8.000000 105.828594 12.081261 -0.265592 3.314121 0.000000 0.000000 0.000000 1.000000 0.000000 0.000000
8.000000 105.831752 12.540492 -0.272525 3.260951 0.000000 0.000000 0.000000 1.000000 0.000000 0.000000
8.000000 105.834189 12.045294 -0.240824 3.277833 0.000000 0.000000 0.000000 1.000000 0.000000 0.000000
8.000000 105.835260 12.052189 -0.279514 3.337540 0.000000 0.000000 0.000000 1.000000 0.000000 0.000000
8.000000 105.835336 12.047725 -0.281024 3.351396 0.000000 0.000000 0.000000 1.000000 0.000000 0.000000
8.000000 105.836256 12.016380 -0.264421 3.333410 0.000000 0.000000 0.000000 1.000000 0.000000 0.000000
8.000000 105.838548 11.999004 -0.264716 3.293063 0.000000 0.000000 0.000000 1.000000 0.000000 0.000000
8.000000 105.841734 12.410529 -0.266227 3.240573 0.000000 0.000000 0.000000 1.000000 0.000000 0.000000
8.000000 105.844238 11.924212 -0.231846 3.258562 0.000000 0.000000 0.000000 1.000000 0.000000 0.000000
8.000000 105.845161 11.956945 -0.280197 3.313676 0.000000 0.000000 0.000000 1.000000 0.000000 0.000000
8.000000 105.845473 11.947469 -0.284338 3.326069 0.000000 0.000000 0.000000 1.000000 0.000000 0.000000
8.000000 105.847501 11.907557 -0.264003 3.307640 0.000000 0.000000 0.000000 1.000000 0.000000 0.000000
8.000000 105.848612 11.857688 -0.278190 3.268762 0.000000 0.000000 0.000000 1.000000 0.000000 0.000000
8.000000 105.851795 12.349196 -0.278079 3.214675 0.000000 0.000000 0.000000 1.000000 0.000000 0.000000
8.000000 105.854329 11.775904 -0.225109 3.225387 0.000000 0.000000 0.000000 1.000000 0.000000 0.000000
8.000000 105.855255 11.841737 -0.284834 3.275269 0.000000 0.000000 0.000000 1.000000 0.000000 0.000000
8.000000 105.855391 11.850045 -0.280263 3.289016 0.000000 0.000000 0.000000 1.000000 0.000000 0.000000
8.000000 105.856153 11.816438 -0.262734 3.270529 0.000000 0.000000 0.000000 1.000000 0.000000 0.000000
8.000000 105.858517 11.809213 -0.261742 3.238805 0.000000 0.000000 0.000000 1.000000 0.000000 0.000000
8.000000 105.861735 12.233371 -0.268541 3.189863 0.000000 0.000000 0.000000 1.000000 0.000000 0.000000
8.000000 105.864301 11.705667 -0.232600 3.202488 0.000000 0.000000 0.000000 1.000000 0.000000 0.000000
8.000000 105.865169 11.748586 -0.286298 3.260160 0.000000 0.000000 0.000000 1.000000 0.000000 0.000000
8.000000 105.865400 11.752960 -0.284017 3.273520 0.000000 0.000000 0.000000 1.000000 0.000000 0.000000
8.000000 105.868601 11.655225 -0.249437 3.237494 0.000000 0.000000 0.000000 1.000000 0.000000 0.000000
8.000000 105.869039 11.700551 -0.266922 3.218120 0.000000 0.000000 0.000000 1.000000 0.000000 0.000000
8.000000 105.871747 11.824644 -0.226388 3.189824 0.000000 0.000000 0.000000 1.000000 0.000000 0.000000
8.000000 105.874280 11.627968 -0.233422 3.174363 0.000000 0.000000 0.000000 1.000000 0.000000 0.000000
8.000000 105.875315 11.658425 -0.282732 3.232381 0.000000 0.000000 0.000000 1.000000 0.000000 0.000000
8.000000 105.875363 11.654812 -0.284248 3.245645 0.000000 0.000000 0.000000 1.000000 0.000000 0.000000
8.000000 105.876284 11.622234 -0.267768 3.227620 0.000000 0.000000 0.000000 1.000000 0.000000 0.000000
8.000000 105.878525 11.599858 -0.269530 3.189711 0.000000 0.000000 0.000000 1.000000 0.000000 0.000000
8.000000 105.881788 12.037051 -0.268686 3.134912 0.000000 0.000000 0.000000 1.000000 0.000000 0.000000
8.000000 105.884281 11.503858 -0.226635 3.148455 0.000000 0.000000 0.000000 1.000000 0.000000 0.000000
8.000000 105.885205 11.555058 -0.283328 3.203947 0.000000 0.000000 0.000000 1.000000 0.000000 0.000000
8.000000 105.885442 11.558193 -0.282131 3.215445 0.000000 0.000000 0.000000 1.000000 0.000000 0.000000
8.000000 105.886503 11.530542 -0.268660 3.196728 0.000000 0.000000 0.000000 1.000000 0.000000 0.000000
8.000000 105.888619 11.502307 -0.273380 3.162240 0.000000 0.000000 0.000000 1.000000 0.000000 0.000000
8.000000 105.891805 11.945372 -0.271863 3.109210 0.000000 0.000000 0.000000 1.000000 0.000000 0.000000
8.000000 105.894263 11.434614 -0.230207 3.122325 0.000000 0.000000 0.000000 1.000000 0.000000 0.000000
8.000000 105.895313 11.471381 -0.279174 3.174289 0.000000 0.000000 0.000000 1.000000 0.000000 0.000000
8.000000 105.895418 11.469131 -0.279927 3.187604 0.000000 0.000000 0.000000 1.000000 0.000000 0.000000
8.000000 105.896319 11.415438 -0.253508 3.166518 0.000000 0.000000 0.000000 1.000000 0.000000 0.000000
8.000000 105.898664 11.380922 -0.262082 3.131106 0.000000 0.000000 0.000000 1.000000 0.000000 0.000000
8.000000 105.901800 11.822142 -0.266175 3.077506 0.000000 0.000000 0.000000 1.000000 0.000000 0.000000
8.000000 105.904311 11.287614 -0.225931 3.083380 0.000000 0.000000 0.000000 1.000000 0.000000 0.000000
8.000000 105.905166 11.376472 -0.297033 3.131302 0.000000 0.000000 0.000000 1.000000 0.000000 0.000000
8.000000 105.905486 11.400289 -0.284619 3.146315 0.000000 0.000000 0.000000 1.000000 0.000000 0.000000
8.000000 105.906238 11.326692 -0.248689 3.125966 0.000000 0.000000 0.000000 1.000000 0.000000 0.000000
8.000000 105.908646 11.277549 -0.265877 3.096456 0.000000 0.000000 0.000000 1.000000 0.000000 0.000000
8.000000 105.911788 11.707130 -0.268578 3.052603 0.000000 0.000000 0.000000 1.000000 0.000000 0.000000
8.000000 105.914280 11.210096 -0.233036 3.068834 0.000000 0.000000 0.000000 1.000000 0.000000 0.000000
8.000000 105.915313 11.256392 -0.289504 3.120786 0.000000 0.000000 0.000000 1.000000 0.000000 0.000000
8.000000 105.915439 11.271645 -0.281474 3.130082 0.000000 0.000000 0.000000 1.000000 0.000000 0.000000
8.000000 105.916299 11.247758 -0.269063 3.111454 0.000000 0.000000 0.000000 1.000000 0.000000 0.000000
8.000000 105.918526 11.221704 -0.271982 3.072774 0.000000 0.000000 0.000000 1.000000 0.000000 0.000000
8.000000 105.921806 11.654652 -0.269571 3.017084 0.000000 0.000000 0.000000 1.000000 0.000000 0.000000
8.000000 105.924393 11.128278 -0.229238 3.029122 0.000000 0.000000 0.000000 1.000000 0.000000 0.000000
8.000000 105.925164 11.172256 -0.284094 3.085055 0.000000 0.000000 0.000000 1.000000 0.000000 0.000000
8.000000 105.925458 11.183477 -0.279325 3.094399 0.000000 0.000000 0.000000 1.000000 0.000000 0.000000
8.000000 105.926608 11.145446 -0.261821 3.074246 0.000000 0.000000 0.000000 1.000000 0.000000 0.000000
8.000000 105.928600 11.120447 -0.263482 3.039712 0.000000 0.000000 0.000000 1.000000 0.000000 0.000000
8.000000 105.931856 11.488770 -0.258488 2.988683 0.000000 0.000000 0.000000 1.000000 0.000000 0.000000
8.000000 105.934374 11.031525 -0.224326 3.001842 0.000000 0.000000 0.000000 1.000000 0.000000 0.000000
8.000000 105.935316 11.087204 -0.281521 3.050737 0.000000 0.000000 0.000000 1.000000 0.000000 0.000000
8.000000 105.935425 11.080581 -0.285625 3.060742 0.000000 0.000000 0.000000 1.000000 0.000000 0.000000
8.000000 105.936389 11.045486 -0.269516 3.041655 0.000000 0.000000 0.000000 1.000000 0.000000 0.000000
8.000000 105.938501 11.019298 -0.272830 3.010397 0.000000 0.000000 0.000000 1.000000 0.000000 0.000000
8.000000 105.941822 11.406955 -0.268378 2.960217 0.000000 0.000000 0.000000 1.000000 0.000000 0.000000
8.000000 105.944340 10.934347 -0.230045 2.970083 0.000000 0.000000 0.000000 1.000000 0.000000 0.000000
8.000000 105.945205 10.986072 -0.284120 3.018121 0.000000 0.000000 0.000000 1.000000 0.000000 0.000000
8.000000 105.945911 10.984367 -0.285304 3.031140 0.000000 0.000000 0.000000 1.000000 0.000000 0.000000
8.000000 105.946288 10.918149 -0.254381 3.006477 0.000000 0.000000 0.000000 1.000000 0.000000 0.000000
8.000000 105.948594 10.877080 -0.266674 2.975086 0.000000 0.000000 0.000000 1.000000 0.000000 0.000000
8.000000 105.951746 11.298826 -0.268964 2.925089 0.000000 0.000000 0.000000 1.000000 0.000000 0.000000
8.000000 105.954491 10.856879 -0.236874 2.931316 0.000000 0.000000 0.000000 1.000000 0.000000 0.000000
8.000000 105.955281 10.910257 -0.289745 2.977947 0.000000 0.000000 0.000000 1.000000 0.000000 0.000000
8.000000 105.955575 10.910000 -0.290148 2.993398 0.000000 0.000000 0.000000 1.000000 0.000000 0.000000
8.000000 105.956286 10.865727 -0.268988 2.968295 0.000000 0.000000 0.000000 1.000000 0.000000 0.000000
8.000000 105.958469 10.839754 -0.272865 2.930515 0.000000 0.000000 0.000000 1.000000 0.000000 0.000000
8.000000 105.961778 11.156927 -0.266195 2.888683 0.000000 0.000000 0.000000 1.000000 0.000000 0.000000
8.000000 105.964347 10.770054 -0.232835 2.896747 0.000000 0.000000 0.000000 1.000000 0.000000 0.000000
8.000000 105.965208 10.809290 -0.275547 2.941884 0.000000 0.000000 0.000000 1.000000 0.000000 0.000000
8.000000 105.965474 10.799405 -0.281157 2.959975 0.000000 0.000000 0.000000 1.000000 0.000000 0.000000
8.000000 105.966229 10.770057 -0.267237 2.941979 0.000000 0.000000 0.000000 1.000000 0.000000 0.000000
8.000000 105.968649 10.729569 -0.273784 2.904796 0.000000 0.000000 0.000000 1.000000 0.000000 0.000000
8.000000 105.971843 11.082038 -0.265514 2.853088 0.000000 0.000000 0.000000 1.000000 0.000000 0.000000
8.000000 105.974519 10.666522 -0.233477 2.863816 0.000000 0.000000 0.000000 1.000000 0.000000 0.000000
8.000000 105.975365 10.704266 -0.280773 2.908922 0.000000 0.000000 0.000000 1.000000 0.000000 0.000000
8.000000 105.975461 10.697835 -0.284356 2.921121 0.000000 0.000000 0.000000 1.000000 0.000000 0.000000
8.000000 105.976218 10.663407 -0.268246 2.904654 0.000000 0.000000 0.000000 1.000000 0.000000 0.000000
8.000000 105.978560 10.629400 -0.271741 2.869316 0.000000 0.000000 0.000000 1.000000 0.000000 0.000000
8.000000 105.981792 10.958823 -0.262481 2.818720 0.000000 0.000000 0.000000 1.000000 0.000000 0.000000
8.000000 105.984327 10.561322 -0.232232 2.829089 0.000000 0.000000 0.000000 1.000000 0.000000 0.000000
8.000000 105.985264 10.611182 -0.284316 2.872026 0.000000 0.000000 0.000000 1.000000 0.000000 0.000000
8.000000 105.985544 10.612836 -0.283752 2.884075 0.000000 0.000000 0.000000 1.000000 0.000000 0.000000
8.000000 105.986423 10.576291 -0.266783 2.868693 0.000000 0.000000 0.000000 1.000000 0.000000 0.000000
8.000000 105.988532 10.531699 -0.273753 2.833242 0.000000 0.000000 0.000000 1.000000 0.000000 0.000000
8.000000 105.991862 10.858778 -0.260963 2.783421 0.000000 0.000000 0.000000 1.000000 0.000000 0.000000
8.000000 105.994469 10.460928 -0.226705 2.793496 0.000000 0.000000 0.000000 1.000000 0.000000 0.000000
8.000000 105.995395 10.525359 -0.284570 2.834800 0.000000 0.000000 0.000000 1.000000 0.000000 0.000000
8.000000 105.995440 10.516504 -0.289729 2.849377 0.000000 0.000000 0.000000 1.000000 0.000000 0.000000
8.000000 105.996306 10.461743 -0.264853 2.829870 0.000000 0.000000 0.000000 1.000000 0.000000 0.000000
8.000000 105.998590 10.419842 -0.270985 2.793554 0.000000 0.000000 0.000000 1.000000 0.000000 0.000000
8.000000 106.001822 10.762061 -0.256762 2.742865 0.000000 0.000000 0.000000 1.000000 0.000000 0.000000
8.000000 106.004403 10.318481 -0.218456 2.754007 0.000000 0.000000 0.000000 1.000000 0.000000 0.000000
8.000000 106.005223 10.433599 -0.304435 2.786137 0.000000 0.000000 0.000000 1.000000 0.000000 0.000000
8.000000 106.005653 10.460530 -0.288548 2.798063 0.000000 0.000000 0.000000 1.000000 0.000000 0.000000
8.000000 106.006314 10.379191 -0.249710 2.781643 0.000000 0.000000 0.000000 1.000000 0.000000 0.000000
8.000000 106.008633 10.316270 -0.269474 2.750335 0.000000 0.000000 0.000000 1.000000 0.000000 0.000000
8.000000 106.011863 10.671268 -0.264762 2.705076 0.000000 0.000000 0.000000 1.000000 0.000000 0.000000
8.000000 106.014399 10.275587 -0.235882 2.714856 0.000000 0.000000 0.000000 1.000000 0.000000 0.000000
8.000000 106.015501 10.320550 -0.287529 2.760654 0.000000 0.000000 0.000000 1.000000 0.000000 0.000000
8.000000 106.015895 10.328933 -0.284141 2.771496 0.000000 0.000000 0.000000 1.000000 0.000000 0.000000
8.000000 106.016208 10.291241 -0.267408 2.751581 0.000000 0.000000 0.000000 1.000000 0.000000 0.000000
8.000000 106.018513 10.249487 -0.275429 2.719420 0.000000 0.000000 0.000000 1.000000 0.000000 0.000000
8.000000 106.021791 10.614870 -0.264527 2.667361 0.000000 0.000000 0.000000 1.000000 0.000000 0.000000
8.000000 106.024369 10.176900 -0.228870 2.676103 0.000000 0.000000 0.000000 1.000000 0.000000 0.000000
8.000000 106.025293 10.229908 -0.286654 2.717312 0.000000 0.000000 0.000000 1.000000 0.000000 0.000000
8.000000 106.025586 10.235526 -0.283937 2.725581 0.000000 0.000000 0.000000 1.000000 0.000000 0.000000
8.000000 106.026249 10.202833 -0.268953 2.709398 0.000000 0.000000 0.000000 1.000000 0.000000 0.000000
8.000000 106.028595 10.155855 -0.272957 2.668843 0.000000 0.000000 0.000000 1.000000 0.000000 0.000000
8.000000 106.031877 10.386810 -0.256208 2.621990 0.000000 0.000000 0.000000 1.000000 0.000000 0.000000
8.000000 106.034368 10.085071 -0.232843 2.631126 0.000000 0.000000 0.000000 1.000000 0.000000 0.000000
8.000000 106.035293 10.149172 -0.287291 2.667448 0.000000 0.000000 0.000000 1.000000 0.000000 0.000000
8.000000 106.035485 10.153273 -0.285431 2.684148 0.000000 0.000000 0.000000 1.000000 0.000000 0.000000
8.000000 106.036243 10.116193 -0.268222 2.669198 0.000000 0.000000 0.000000 1.000000 0.000000 0.000000
8.000000 106.038528 10.056492 -0.279453 2.632175 0.000000 0.000000 0.000000 1.000000 0.000000 0.000000
8.000000 106.041804 10.338541 -0.263106 2.584150 0.000000 0.000000 0.000000 1.000000 0.000000 0.000000
8.000000 106.044465 9.982033 -0.231028 2.590411 0.000000 0.000000 0.000000 1.000000 0.000000 0.000000
8.000000 106.045251 10.048041 -0.288016 2.626518 0.000000 0.000000 0.000000 1.000000 0.000000 0.000000
8.000000 106.045557 10.048853 -0.287768 2.643175 0.000000 0.000000 0.000000 1.000000 0.000000 0.000000
8.000000 106.046316 9.989271 -0.260825 2.627287 0.000000 0.000000 0.000000 1.000000 0.000000 0.000000
8.000000 106.048721 9.909919 -0.281581 2.593283 0.000000 0.000000 0.000000 1.000000 0.000000 0.000000
8.000000 106.051848 10.258649 -0.266050 2.541011 0.000000 0.000000 0.000000 1.000000 0.000000 0.000000
8.000000 106.054359 9.868988 -0.231139 2.549540 0.000000 0.000000 0.000000 1.000000 0.000000 0.000000
8.000000 106.055407 9.955796 -0.302671 2.584949 0.000000 0.000000 0.000000 1.000000 0.000000 0.000000
8.000000 106.055503 9.972257 -0.293769 2.597793 0.000000 0.000000 0.000000 1.000000 0.000000 0.000000
8.000000 106.056588 9.910559 -0.265495 2.573226 0.000000 0.000000 0.000000 1.000000 0.000000 0.000000
8.000000 106.058607 9.865943 -0.278758 2.541498 0.000000 0.000000 0.000000 1.000000 0.000000 0.000000
8.000000 106.061853 10.193815 -0.268171 2.498501 0.000000 0.000000 0.000000 1.000000 0.000000 0.000000
8.000000 106.064555 9.793912 -0.230637 2.501629 0.000000 0.000000 0.000000 1.000000 0.000000 0.000000
8.000000 106.065263 9.874167 -0.297040 2.534284 0.000000 0.000000 0.000000 1.000000 0.000000 0.000000
8.000000 106.065639 9.880034 -0.293009 2.551533 0.000000 0.000000 0.000000 1.000000 0.000000 0.000000
8.000000 106.066360 9.834343 -0.271057 2.536928 0.000000 0.000000 0.000000 1.000000 0.000000 0.000000
8.000000 106.068589 9.778459 -0.279835 2.497425 0.000000 0.000000 0.000000 1.000000 0.000000 0.000000
8.000000 106.071851 10.014429 -0.260565 2.453205 0.000000 0.000000 0.000000 1.000000 0.000000 0.000000
8.000000 106.074702 9.707761 -0.234331 2.462241 0.000000 0.000000 0.000000 1.000000 0.000000 0.000000
8.000000 106.075365 9.769734 -0.290824 2.490890 0.000000 0.000000 0.000000 1.000000 0.000000 0.000000
8.000000 106.075525 9.777185 -0.285158 2.505189 0.000000 0.000000 0.000000 1.000000 0.000000 0.000000
8.000000 106.076227 9.742991 -0.267637 2.492446 0.000000 0.000000 0.000000 1.000000 0.000000 0.000000
8.000000 106.078591 9.691540 -0.274159 2.452103 0.000000 0.000000 0.000000 1.000000 0.000000 0.000000
8.000000 106.081893 9.948968 -0.244472 2.408593 0.000000 0.000000 0.000000 1.000000 0.000000 0.000000
8.000000 106.084412 9.545071 -0.198618 2.416442 0.000000 0.000000 0.000000 1.000000 0.000000 0.000000
8.000000 106.085272 9.676732 -0.292750 2.441789 0.000000 0.000000 0.000000 1.000000 0.000000 0.000000
8.000000 106.085511 9.683264 -0.289011 2.455840 0.000000 0.000000 0.000000 1.000000 0.000000 0.000000
8.000000 106.086296 9.642741 -0.270277 2.442470 0.000000 0.000000 0.000000 1.000000 0.000000 0.000000
8.000000 106.088617 9.592691 -0.275908 2.406800 0.000000 0.000000 0.000000 1.000000 0.000000 0.000000
8.000000 106.091849 9.844220 -0.244742 2.363555 0.000000 0.000000 0.000000 1.000000 0.000000 0.000000
8.000000 106.094539 9.454102 -0.196327 2.367865 0.000000 0.000000 0.000000 1.000000 0.000000 0.000000
8.000000 106.095350 9.591485 -0.289609 2.392645 0.000000 0.000000 0.000000 1.000000 0.000000 0.000000
8.000000 106.095469 9.596358 -0.287050 2.412619 0.000000 0.000000 0.000000 1.000000 0.000000 0.000000
8.000000 106.096538 9.553165 -0.266656 2.390327 0.000000 0.000000 0.000000 1.000000 0.000000 0.000000
8.000000 106.098724 9.508410 -0.273848 2.350942 0.000000 0.000000 0.000000 1.000000 0.000000 0.000000
8.000000 106.101804 9.736873 -0.242670 2.316414 0.000000 0.000000 0.000000 1.000000 0.000000 0.000000
8.000000 106.104381 9.350449 -0.193683 2.323225 0.000000 0.000000 0.000000 1.000000 0.000000 0.000000
8.000000 106.105330 9.496962 -0.294086 2.343202 0.000000 0.000000 0.000000 1.000000 0.000000 0.000000
8.000000 106.105611 9.507444 -0.288301 2.357002 0.000000 0.000000 0.000000 1.000000 0.000000 0.000000
8.000000 106.106436 9.445509 -0.260563 2.336591 0.000000 0.000000 0.000000 1.000000 0.000000 0.000000
8.000000 106.108669 9.413626 -0.266193 2.307794 0.000000 0.000000 0.000000 1.000000 0.000000 0.000000
8.000000 106.111880 9.637029 -0.249608 2.271793 0.000000 0.000000 0.000000 1.000000 0.000000 0.000000
8.000000 106.114473 9.308677 -0.219854 2.276556 0.000000 0.000000 0.000000 1.000000 0.000000 0.000000
8.000000 106.115402 9.402825 -0.293872 2.301156 0.000000 0.000000 0.000000 1.000000 0.000000 0.000000
8.000000 106.115777 9.411679 -0.288605 2.313798 0.000000 0.000000 0.000000 1.000000 0.000000 0.000000
8.000000 106.116467 9.366714 -0.268161 2.302388 0.000000 0.000000 0.000000 1.000000 0.000000 0.000000
8.000000 106.118734 9.316539 -0.277258 2.274721 0.000000 0.000000 0.000000 1.000000 0.000000 0.000000
8.000000 106.122224 9.637067 -0.255668 2.220641 0.000000 0.000000 0.000000 1.000000 0.000000 0.000000
8.000000 106.124397 9.211723 -0.213776 2.220202 0.000000 0.000000 0.000000 1.000000 0.000000 0.000000
8.000000 106.125224 9.316126 -0.297856 2.246175 0.000000 0.000000 0.000000 1.000000 0.000000 0.000000
8.000000 106.125581 9.325555 -0.291240 2.261578 0.000000 0.000000 0.000000 1.000000 0.000000 0.000000
8.000000 106.126535 9.283386 -0.270928 2.252419 0.000000 0.000000 0.000000 1.000000 0.000000 0.000000
8.000000 106.128668 9.229832 -0.280555 2.222478 0.000000 0.000000 0.000000 1.000000 0.000000 0.000000
8.000000 106.131933 9.492408 -0.255805 2.176442 0.000000 0.000000 0.000000 1.000000 0.000000 0.000000
8.000000 106.134416 9.109747 -0.214056 2.175928 0.000000 0.000000 0.000000 1.000000 0.000000 0.000000
8.000000 106.135407 9.224141 -0.299690 2.192736 0.000000 0.000000 0.000000 1.000000 0.000000 0.000000
8.000000 106.135466 9.235028 -0.291622 2.206350 0.000000 0.000000 0.000000 1.000000 0.000000 0.000000
8.000000 106.136275 9.194825 -0.271854 2.200030 0.000000 0.000000 0.000000 1.000000 0.000000 0.000000
8.000000 106.138754 9.130592 -0.285715 2.171317 0.000000 0.000000 0.000000 1.000000 0.000000 0.000000
8.000000 106.142002 9.403748 -0.261551 2.123193 0.000000 0.000000 0.000000 1.000000 0.000000 0.000000
8.000000 106.144486 9.039717 -0.222416 2.123667 0.000000 0.000000 0.000000 1.000000 0.000000 0.000000
8.000000 106.145256 9.131312 -0.297568 2.140344 0.000000 0.000000 0.000000 1.000000 0.000000 0.000000
8.000000 106.145623 9.134587 -0.292220 2.155800 0.000000 0.000000 0.000000 1.000000 0.000000 0.000000
8.000000 106.146547 9.066526 -0.259384 2.143947 0.000000 0.000000 0.000000 1.000000 0.000000 0.000000
8.000000 106.148944 9.012910 -0.274534 2.116040 0.000000 0.000000 0.000000 1.000000 0.000000 0.000000
8.000000 106.151968 9.298340 -0.260269 2.068584 0.000000 0.000000 0.000000 1.000000 0.000000 0.000000
8.000000 106.154440 8.967135 -0.228266 2.066251 0.000000 0.000000 0.000000 1.000000 0.000000 0.000000
8.000000 106.155457 8.951121 -0.246850 2.096272 0.000000 0.000000 0.000000 1.000000 0.000000 0.000000
8.000000 106.155495 9.049113 -0.288995 2.101529 0.000000 0.000000 0.000000 1.000000 0.000000 0.000000
8.000000 106.156271 9.167934 -0.202092 2.084149 0.000000 0.000000 0.000000 1.000000 0.000000 0.000000
8.000000 106.158674 8.893525 -0.277443 2.062826 0.000000 0.000000 0.000000 1.000000 0.000000 0.000000
8.000000 106.162198 9.191859 -0.259895 2.017680 0.000000 0.000000 0.000000 1.000000 0.000000 0.000000
8.000000 106.164455 8.847069 -0.221664 2.017503 0.000000 0.000000 0.000000 1.000000 0.000000 0.000000
8.000000 106.165452 8.946973 -0.300279 2.037667 0.000000 0.000000 0.000000 1.000000 0.000000 0.000000
8.000000 106.165551 8.965493 -0.288805 2.050852 0.000000 0.000000 0.000000 1.000000 0.000000 0.000000
8.000000 106.166555 8.917396 -0.266713 2.040783 0.000000 0.000000 0.000000 1.000000 0.000000 0.000000
8.000000 106.168912 8.842419 -0.285229 2.012547 0.000000 0.000000 0.000000 1.000000 0.000000 0.000000
8.000000 106.172117 9.084875 -0.264264 1.966755 0.000000 0.000000 0.000000 1.000000 0.000000 0.000000
8.000000 106.174493 8.773526 -0.232504 1.965751 0.000000 0.000000 0.000000 1.000000 0.000000 0.000000
8.000000 106.175463 8.854128 -0.299653 1.985845 0.000000 0.000000 0.000000 1.000000 0.000000 0.000000
8.000000 106.175509 8.870345 -0.288926 1.999544 0.000000 0.000000 0.000000 1.000000 0.000000 0.000000
8.000000 106.176213 8.837728 -0.272731 1.991923 0.000000 0.000000 0.000000 1.000000 0.000000 0.000000
8.000000 106.178580 8.765262 -0.287307 1.960228 0.000000 0.000000 0.000000 1.000000 0.000000 0.000000
8.000000 106.182183 8.986984 -0.263039 1.913857 0.000000 0.000000 0.000000 1.000000 0.000000 0.000000
8.000000 106.184366 8.708165 -0.235909 1.916533 0.000000 0.000000 0.000000 1.000000 0.000000 0.000000
8.000000 106.185377 8.772208 -0.296587 1.929777 0.000000 0.000000 0.000000 1.000000 0.000000 0.000000
8.000000 106.185615 8.774077 -0.291873 1.939665 0.000000 0.000000 0.000000 1.000000 0.000000 0.000000
8.000000 106.186357 8.730379 -0.269970 1.934769 0.000000 0.000000 0.000000 1.000000 0.000000 0.000000
8.000000 106.188801 8.659595 -0.286351 1.906633 0.000000 0.000000 0.000000 1.000000 0.000000 0.000000
8.000000 106.191998 8.895339 -0.262083 1.860421 0.000000 0.000000 0.000000 1.000000 0.000000 0.000000
8.000000 106.194394 8.599039 -0.230848 1.861532 0.000000 0.000000 0.000000 1.000000 0.000000 0.000000
8.000000 106.195401 8.679038 -0.299392 1.883950 0.000000 0.000000 0.000000 1.000000 0.000000 0.000000
8.000000 106.195521 8.696641 -0.288956 1.896539 0.000000 0.000000 0.000000 1.000000 0.000000 0.000000
8.000000 106.196275 8.645523 -0.266341 1.883577 0.000000 0.000000 0.000000 1.000000 0.000000 0.000000
8.000000 106.198830 8.554031 -0.289159 1.851767 0.000000 0.000000 0.000000 1.000000 0.000000 0.000000
8.000000 106.202040 8.810122 -0.263762 1.800157 0.000000 0.000000 0.000000 1.000000 0.000000 0.000000
8.000000 106.204545 8.511703 -0.240256 1.809934 0.000000 0.000000 0.000000 1.000000 0.000000 0.000000
8.000000 106.205439 8.574419 -0.310900 1.833418 0.000000 0.000000 0.000000 1.000000 0.000000 0.000000
8.000000 106.205525 8.605112 -0.291384 1.832547 0.000000 0.000000 0.000000 1.000000 0.000000 0.000000
8.000000 106.206356 8.531641 -0.259577 1.813011 0.000000 0.000000 0.000000 1.000000 0.000000 0.000000
8.000000 106.208690 8.469770 -0.280844 1.789727 0.000000 0.000000 0.000000 1.000000 0.000000 0.000000
8.000000 106.212032 8.749350 -0.259983 1.742598 0.000000 0.000000 0.000000 1.000000 0.000000 0.000000
8.000000 106.214461 8.415729 -0.224361 1.743548 0.000000 0.000000 0.000000 1.000000 0.000000 0.000000
8.000000 106.215504 8.496563 -0.299566 1.767055 0.000000 0.000000 0.000000 1.000000 0.000000 0.000000
8.000000 106.215520 8.513561 -0.290175 1.774697 0.000000 0.000000 0.000000 1.000000 0.000000 0.000000
8.000000 106.216523 8.463972 -0.269323 1.758413 0.000000 0.000000 0.000000 1.000000 0.000000 0.000000
8.000000 106.218614 8.389411 -0.289156 1.731411 0.000000 0.000000 0.000000 1.000000 0.000000 0.000000
8.000000 106.222162 8.612126 -0.260927 1.688940 0.000000 0.000000 0.000000 1.000000 0.000000 0.000000
8.000000 106.224433 8.303184 -0.219641 1.684166 0.000000 0.000000 0.000000 1.000000 0.000000 0.000000
8.000000 106.225379 8.411786 -0.301650 1.692949 0.000000 0.000000 0.000000 1.000000 0.000000 0.000000
8.000000 106.225583 8.426300 -0.292458 1.704107 0.000000 0.000000 0.000000 1.000000 0.000000 0.000000
8.000000 106.226479 8.369039 -0.267438 1.691936 0.000000 0.000000 0.000000 1.000000 0.000000 0.000000
8.000000 106.228635 8.307834 -0.286979 1.672695 0.000000 0.000000 0.000000 1.000000 0.000000 0.000000
8.000000 106.231973 8.567241 -0.262588 1.625946 0.000000 0.000000 0.000000 1.000000 0.000000 0.000000
8.000000 106.234447 8.238269 -0.224803 1.624568 0.000000 0.000000 0.000000 1.000000 0.000000 0.000000
8.000000 106.235541 8.260951 -0.264647 1.647825 0.000000 0.000000 0.000000 1.000000 0.000000 0.000000
8.000000 106.235556 8.332947 -0.289284 1.652959 0.000000 0.000000 0.000000 1.000000 0.000000 0.000000
8.000000 106.236576 8.409105 -0.235089 1.637401 0.000000 0.000000 0.000000 1.000000 0.000000 0.000000
8.000000 106.238649 8.211855 -0.286913 1.610139 0.000000 0.000000 0.000000 1.000000 0.000000 0.000000
8.000000 106.242141 8.431221 -0.261145 1.564346 0.000000 0.000000 0.000000 1.000000 0.000000 0.000000
8.000000 106.244376 8.172056 -0.235674 1.569574 0.000000 0.000000 0.000000 1.000000 0.000000 0.000000
8.000000 106.245608 8.193358 -0.276386 1.592810 0.000000 0.000000 0.000000 1.000000 0.000000 0.000000
8.000000 106.245708 8.234076 -0.287958 1.600397 0.000000 0.000000 0.000000 1.000000 0.000000 0.000000
8.000000 106.246571 8.338927 -0.221757 1.579836 0.000000 0.000000 0.000000 1.000000 0.000000 0.000000
8.000000 106.248667 8.155350 -0.281481 1.554205 0.000000 0.000000 0.000000 1.000000 0.000000 0.000000
8.000000 106.252036 8.360197 -0.280124 1.509691 0.000000 0.000000 0.000000 1.000000 0.000000 0.000000
8.000000 106.254452 8.121137 -0.268281 1.500572 0.000000 0.000000 0.000000 1.000000 0.000000 0.000000
8.000000 106.255488 8.092263 -0.270530 1.526249 0.000000 0.000000 0.000000 1.000000 0.000000 0.000000
8.000000 106.255600 8.160764 -0.293710 1.533083 0.000000 0.000000 0.000000 1.000000 0.000000 0.000000
8.000000 106.256310 8.286733 -0.207259 1.506632 0.000000 0.000000 0.000000 1.000000 0.000000 0.000000
8.000000 106.258639 8.064236 -0.277486 1.485078 0.000000 0.000000 0.000000 1.000000 0.000000 0.000000
8.000000 106.261900 8.249706 -0.258223 1.456007 0.000000 0.000000 0.000000 1.000000 0.000000 0.000000
8.000000 106.264446 7.936149 -0.220804 1.450361 0.000000 0.000000 0.000000 1.000000 0.000000 0.000000
8.000000 106.265520 8.041216 -0.306724 1.462595 0.000000 0.000000 0.000000 1.000000 0.000000 0.000000
8.000000 106.265728 8.066707 -0.292048 1.470325 0.000000 0.000000 0.000000 1.000000 0.000000 0.000000
8.000000 106.266433 8.023570 -0.273672 1.451866 0.000000 0.000000 0.000000 1.000000 0.000000 0.000000
8.000000 106.268710 7.984279 -0.284704 1.429556 0.000000 0.000000 0.000000 1.000000 0.000000 0.000000
8.000000 106.272075 8.216589 -0.263912 1.380093 0.000000 0.000000 0.000000 1.000000 0.000000 0.000000
8.000000 106.274753 7.915539 -0.238623 1.378908 0.000000 0.000000 0.000000 1.000000 0.000000 0.000000
8.000000 106.275515 7.950639 -0.287782 1.399302 0.000000 0.000000 0.000000 1.000000 0.000000 0.000000
8.000000 106.275634 7.982479 -0.293341 1.403317 0.000000 0.000000 0.000000 1.000000 0.000000 0.000000
8.000000 106.276325 8.061511 -0.237419 1.388215 0.000000 0.000000 0.000000 1.000000 0.000000 0.000000
8.000000 106.278654 7.898951 -0.283767 1.366551 0.000000 0.000000 0.000000 1.000000 0.000000 0.000000
8.000000 106.282030 8.087579 -0.258309 1.328008 0.000000 0.000000 0.000000 1.000000 0.000000 0.000000
8.000000 106.284425 7.793337 -0.226826 1.325798 0.000000 0.000000 0.000000 1.000000 0.000000 0.000000
8.000000 106.285433 7.871582 -0.303116 1.339895 0.000000 0.000000 0.000000 1.000000 0.000000 0.000000
8.000000 106.285548 7.887955 -0.294764 1.339377 0.000000 0.000000 0.000000 1.000000 0.000000 0.000000
8.000000 106.286450 7.831901 -0.273401 1.318231 0.000000 0.000000 0.000000 1.000000 0.000000 0.000000
8.000000 106.288743 7.802350 -0.284069 1.303327 0.000000 0.000000 0.000000 1.000000 0.000000 0.000000
8.000000 106.292015 8.014964 -0.264801 1.258572 0.000000 0.000000 0.000000 1.000000 0.000000 0.000000
8.000000 106.294767 7.735287 -0.239501 1.256674 0.000000 0.000000 0.000000 1.000000 0.000000 0.000000
8.000000 106.295605 7.785795 -0.301692 1.275585 0.000000 0.000000 0.000000 1.000000 0.000000 0.000000
8.000000 106.295606 7.800884 -0.293526 1.273814 0.000000 0.000000 0.000000 1.000000 0.000000 0.000000
8.000000 106.296470 7.740779 -0.270291 1.250587 0.000000 0.000000 0.000000 1.000000 0.000000 0.000000
8.000000 106.298675 7.704693 -0.287479 1.235929 0.000000 0.000000 0.000000 1.000000 0.000000 0.000000
8.000000 106.302148 7.884020 -0.266353 1.203205 0.000000 0.000000 0.000000 1.000000 0.000000 0.000000
8.000000 106.304445 7.598966 -0.231546 1.197745 0.000000 0.000000 0.000000 1.000000 0.000000 0.000000
8.000000 106.305516 7.682402 -0.308280 1.207065 0.000000 0.000000 0.000000 1.000000 0.000000 0.000000
8.000000 106.305555 7.705605 -0.294472 1.208264 0.000000 0.000000 0.000000 1.000000 0.000000 0.000000
8.000000 106.306437 7.652646 -0.272225 1.175387 0.000000 0.000000 0.000000 1.000000 0.000000 0.000000
8.000000 106.308739 7.669526 -0.278902 1.160596 0.000000 0.000000 0.000000 1.000000 0.000000 0.000000
8.000000 106.312029 7.834241 -0.265268 1.135135 0.000000 0.000000 0.000000 1.000000 0.000000 0.000000
8.000000 106.314745 7.544214 -0.235596 1.130853 0.000000 0.000000 0.000000 1.000000 0.000000 0.000000
8.000000 106.315451 7.604624 -0.304203 1.146524 0.000000 0.000000 0.000000 1.000000 0.000000 0.000000
8.000000 106.315622 7.622290 -0.294631 1.143963 0.000000 0.000000 0.000000 1.000000 0.000000 0.000000
8.000000 106.316344 7.569413 -0.274903 1.126720 0.000000 0.000000 0.000000 1.000000 0.000000 0.000000
8.000000 106.318636 7.538152 -0.287591 1.116246 0.000000 0.000000 0.000000 1.000000 0.000000 0.000000
8.000000 106.322042 7.711510 -0.265794 1.079730 0.000000 0.000000 0.000000 1.000000 0.000000 0.000000
8.000000 106.324528 7.454288 -0.234743 1.074050 0.000000 0.000000 0.000000 1.000000 0.000000 0.000000
8.000000 106.325429 7.526554 -0.304577 1.078320 0.000000 0.000000 0.000000 1.000000 0.000000 0.000000
8.000000 106.325561 7.537688 -0.297152 1.078350 0.000000 0.000000 0.000000 1.000000 0.000000 0.000000
8.000000 106.326438 7.485905 -0.276461 1.066464 0.000000 0.000000 0.000000 1.000000 0.000000 0.000000
8.000000 106.328777 7.443301 -0.289651 1.053652 0.000000 0.000000 0.000000 1.000000 0.000000 0.000000
8.000000 106.331930 7.622278 -0.268834 1.010794 0.000000 0.000000 0.000000 1.000000 0.000000 0.000000
8.000000 106.334484 7.370020 -0.241172 1.002578 0.000000 0.000000 0.000000 1.000000 0.000000 0.000000
8.000000 106.335459 7.433706 -0.304812 1.009095 0.000000 0.000000 0.000000 1.000000 0.000000 0.000000
8.000000 106.335626 7.450279 -0.293255 1.011169 0.000000 0.000000 0.000000 1.000000 0.000000 0.000000
8.000000 106.336592 7.399781 -0.272035 0.998281 0.000000 0.000000 0.000000 1.000000 0.000000 0.000000
8.000000 106.338678 7.355494 -0.288577 0.983940 0.000000 0.000000 0.000000 1.000000 0.000000 0.000000
8.000000 106.342078 7.523937 -0.266712 0.945725 0.000000 0.000000 0.000000 1.000000 0.000000 0.000000
8.000000 106.344465 7.281431 -0.237054 0.939337 0.000000 0.000000 0.000000 1.000000 0.000000 0.000000
8.000000 106.345468 7.353736 -0.306678 0.940797 0.000000 0.000000 0.000000 1.000000 0.000000 0.000000
8.000000 106.345676 7.363491 -0.298230 0.944647 0.000000 0.000000 0.000000 1.000000 0.000000 0.000000
8.000000 106.346418 7.306723 -0.273919 0.934409 0.000000 0.000000 0.000000 1.000000 0.000000 0.000000
8.000000 106.348741 7.257230 -0.291074 0.920309 0.000000 0.000000 0.000000 1.000000 0.000000 0.000000
8.000000 106.351937 7.442318 -0.275294 0.873561 0.000000 0.000000 0.000000 1.000000 0.000000 0.000000
8.000000 106.354495 7.221052 -0.256094 0.868776 0.000000 0.000000 0.000000 1.000000 0.000000 0.000000
8.000000 106.355469 7.258408 -0.307976 0.874085 0.000000 0.000000 0.000000 1.000000 0.000000 0.000000
8.000000 106.355667 7.264897 -0.300095 0.872418 0.000000 0.000000 0.000000 1.000000 0.000000 0.000000
8.000000 106.356319 7.197034 -0.270955 0.853276 0.000000 0.000000 0.000000 1.000000 0.000000 0.000000
8.000000 106.358668 7.178130 -0.286557 0.841896 0.000000 0.000000 0.000000 1.000000 0.000000 0.000000
8.000000 106.362183 7.345613 -0.273253 0.805923 0.000000 0.000000 0.000000 1.000000 0.000000 0.000000
8.000000 106.364534 7.126965 -0.246394 0.798863 0.000000 0.000000 0.000000 1.000000 0.000000 0.000000
8.000000 106.365384 7.178139 -0.302482 0.801016 0.000000 0.000000 0.000000 1.000000 0.000000 0.000000
8.000000 106.365748 7.185857 -0.295855 0.800194 0.000000 0.000000 0.000000 1.000000 0.000000 0.000000
8.000000 106.366387 7.143696 -0.278135 0.787251 0.000000 0.000000 0.000000 1.000000 0.000000 0.000000
8.000000 106.368760 7.108658 -0.291406 0.773430 0.000000 0.000000 0.000000 1.000000 0.000000 0.000000
8.000000 106.371989 7.264881 -0.271565 0.733988 0.000000 0.000000 0.000000 1.000000 0.000000 0.000000
8.000000 106.374456 7.041547 -0.247433 0.727504 0.000000 0.000000 0.000000 1.000000 0.000000 0.000000
8.000000 106.375477 7.088895 -0.298020 0.732082 0.000000 0.000000 0.000000 1.000000 0.000000 0.000000
8.000000 106.375487 7.104072 -0.299906 0.728589 0.000000 0.000000 0.000000 1.000000 0.000000 0.000000
8.000000 106.376515 7.144120 -0.262798 0.717249 0.000000 0.000000 0.000000 1.000000 0.000000 0.000000
8.000000 106.378731 7.027723 -0.292196 0.706661 0.000000 0.000000 0.000000 1.000000 0.000000 0.000000
8.000000 106.382139 7.199409 -0.274522 0.662233 0.000000 0.000000 0.000000 1.000000 0.000000 0.000000
8.000000 106.384437 6.962186 -0.249897 0.652748 0.000000 0.000000 0.000000 1.000000 0.000000 0.000000
8.000000 106.385533 7.010197 -0.308252 0.655715 0.000000 0.000000 0.000000 1.000000 0.000000 0.000000
8.000000 106.385681 7.014161 -0.302862 0.656686 0.000000 0.000000 0.000000 1.000000 0.000000 0.000000
8.000000 106.386580 6.962243 -0.280768 0.645258 0.000000 0.000000 0.000000 1.000000 0.000000 0.000000
8.000000 106.388738 6.940196 -0.292002 0.636394 0.000000 0.000000 0.000000 1.000000 0.000000 0.000000
8.000000 106.392030 7.107645 -0.274681 0.592414 0.000000 0.000000 0.000000 1.000000 0.000000 0.000000
8.000000 106.394652 6.871837 -0.250663 0.582832 0.000000 0.000000 0.000000 1.000000 0.000000 0.000000
8.000000 106.395559 6.922068 -0.311176 0.585336 0.000000 0.000000 0.000000 1.000000 0.000000 0.000000
8.000000 106.395689 6.929984 -0.303217 0.585372 0.000000 0.000000 0.000000 1.000000 0.000000 0.000000
8.000000 106.396389 6.856209 -0.273111 0.570592 0.000000 0.000000 0.000000 1.000000 0.000000 0.000000
8.000000 106.398868 6.835322 -0.289392 0.565696 0.000000 0.000000 0.000000 1.000000 0.000000 0.000000
8.000000 106.402049 7.015607 -0.275695 0.520240 0.000000 0.000000 0.000000 1.000000 0.000000 0.000000
8.000000 106.404536 6.778798 -0.248852 0.509033 0.000000 0.000000 0.000000 1.000000 0.000000 0.000000
8.000000 106.405420 6.835935 -0.313606 0.502729 0.000000 0.000000 0.000000 1.000000 0.000000 0.000000
8.000000 106.405662 6.840100 -0.305281 0.502469 0.000000 0.000000 0.000000 1.000000 0.000000 0.000000
8.000000 106.406438 6.790315 -0.281928 0.488908 0.000000 0.000000 0.000000 1.000000 0.000000 0.000000
8.000000 106.408798 6.785955 -0.291931 0.479705 0.000000 0.000000 0.000000 1.000000 0.000000 0.000000
8.000000 106.412039 6.915366 -0.274216 0.448796 0.000000 0.000000 0.000000 1.000000 0.000000 0.000000
8.000000 106.414512 6.692839 -0.247271 0.439588 0.000000 0.000000 0.000000 1.000000 0.000000 0.000000
8.000000 106.415533 6.742531 -0.307629 0.437007 0.000000 0.000000 0.000000 1.000000 0.000000 0.000000
8.000000 106.415680 6.747643 -0.300183 0.435651 0.000000 0.000000 0.000000 1.000000 0.000000 0.000000
8.000000 106.416369 6.702089 -0.279927 0.423994 0.000000 0.000000 0.000000 1.000000 0.000000 0.000000
8.000000 106.418795 6.682242 -0.293482 0.415002 0.000000 0.000000 0.000000 1.000000 0.000000 0.000000
8.000000 106.422246 6.838881 -0.278309 0.372262 0.000000 0.000000 0.000000 1.000000 0.000000 0.000000
8.000000 106.424466 6.619292 -0.254773 0.361756 0.000000 0.000000 0.000000 1.000000 0.000000 0.000000
8.000000 106.425455 6.660056 -0.309932 0.360541 0.000000 0.000000 0.000000 1.000000 0.000000 0.000000
8.000000 106.425532 6.662214 -0.303840 0.359886 0.000000 0.000000 0.000000 1.000000 0.000000 0.000000
8.000000 106.426645 6.611756 -0.281218 0.344593 0.000000 0.000000 0.000000 1.000000 0.000000 0.000000
8.000000 106.428865 6.610240 -0.292798 0.337510 0.000000 0.000000 0.000000 1.000000 0.000000 0.000000
8.000000 106.432049 6.752741 -0.279821 0.300710 0.000000 0.000000 0.000000 1.000000 0.000000 0.000000
8.000000 106.434463 6.535942 -0.255818 0.290111 0.000000 0.000000 0.000000 1.000000 0.000000 0.000000
8.000000 106.435481 6.579778 -0.313661 0.284887 0.000000 0.000000 0.000000 1.000000 0.000000 0.000000
8.000000 106.435658 6.581795 -0.307265 0.281401 0.000000 0.000000 0.000000 1.000000 0.000000 0.000000
8.000000 106.436383 6.528363 -0.284110 0.269224 0.000000 0.000000 0.000000 1.000000 0.000000 0.000000
8.000000 106.438787 6.519720 -0.294892 0.263430 0.000000 0.000000 0.000000 1.000000 0.000000 0.000000
8.000000 106.442135 6.669004 -0.278620 0.221193 0.000000 0.000000 0.000000 1.000000 0.000000 0.000000
8.000000 106.444581 6.457552 -0.256522 0.212524 0.000000 0.000000 0.000000 1.000000 0.000000 0.000000
8.000000 106.445467 6.495873 -0.313928 0.208048 0.000000 0.000000 0.000000 1.000000 0.000000 0.000000
8.000000 106.445706 6.498811 -0.305451 0.203664 0.000000 0.000000 0.000000 1.000000 0.000000 0.000000
8.000000 106.446459 6.434507 -0.276896 0.182939 0.000000 0.000000 0.000000 1.000000 0.000000 0.000000
8.000000 106.448814 6.449355 -0.291087 0.178813 0.000000 0.000000 0.000000 1.000000 0.000000 0.000000
8.000000 106.452107 6.598369 -0.280245 0.142436 0.000000 0.000000 0.000000 1.000000 0.000000 0.000000
8.000000 106.454678 6.367166 -0.252913 0.131107 0.000000 0.000000 0.000000 1.000000 0.000000 0.000000
8.000000 106.455617 6.420573 -0.321192 0.122651 0.000000 0.000000 0.000000 1.000000 0.000000 0.000000
8.000000 106.455693 6.428133 -0.308610 0.120244 0.000000 0.000000 0.000000 1.000000 0.000000 0.000000
8.000000 106.456450 6.328322 -0.267102 0.110077 0.000000 0.000000 0.000000 1.000000 0.000000 0.000000
8.000000 106.458771 6.333354 -0.283983 0.119450 0.000000 0.000000 0.000000 1.000000 0.000000 0.000000
8.000000 106.462119 6.497289 -0.277671 0.075316 0.000000 0.000000 0.000000 1.000000 0.000000 0.000000
8.000000 106.464540 6.283157 -0.253859 0.063415 0.000000 0.000000 0.000000 1.000000 0.000000 0.000000
8.000000 106.465519 6.322753 -0.311294 0.055923 0.000000 0.000000 0.000000 1.000000 0.000000 0.000000
8.000000 106.465747 6.327984 -0.301334 0.049217 0.000000 0.000000 0.000000 1.000000 0.000000 0.000000
8.000000 106.466542 6.285946 -0.282070 0.040675 0.000000 0.000000 0.000000 1.000000 0.000000 0.000000
8.000000 106.469000 6.276072 -0.296294 0.037111 0.000000 0.000000 0.000000 1.000000 0.000000 0.000000
8.000000 106.472075 6.402328 -0.282118 0.001115 0.000000 0.000000 0.000000 1.000000 0.000000 0.000000
8.000000 106.474644 6.243502 -0.268435 0.002439 0.000000 0.000000 0.000000 1.000000 0.000000 0.000000
8.000000 106.475567 6.260925 -0.315338 0.013317 0.000000 0.000000 0.000000 1.000000 0.000000 0.000000
8.000000 106.475751 6.264106 -0.307836 0.016003 0.000000 0.000000 0.000000 1.000000 0.000000 0.000000
8.000000 106.476483 6.212378 -0.284574 0.009218 0.000000 0.000000 0.000000 1.000000 0.000000 0.000000
8.000000 106.478728 6.265384 -0.288705 0.024909 0.000000 0.000000 0.000000 1.000000 0.000000 0.000000
8.000000 106.482121 6.290994 -0.277063 0.032927 0.000000 0.000000 0.000000 1.000000 0.000000 0.000000
8.000000 106.484582 6.206260 -0.270992 0.052739 0.000000 0.000000 0.000000 1.000000 0.000000 0.000000
8.000000 106.485555 6.214445 -0.316498 0.068842 0.000000 0.000000 0.000000 1.000000 0.000000 0.000000
8.000000 106.485797 6.218731 -0.307191 0.071090 0.000000 0.000000 0.000000 1.000000 0.000000 0.000000
8.000000 106.486500 6.177752 -0.287119 0.067312 0.000000 0.000000 0.000000 1.000000 0.000000 0.000000
8.000000 106.488921 6.228115 -0.289821 0.080847 0.000000 0.000000 0.000000 1.000000 0.000000 0.000000
8.000000 106.492072 6.242650 -0.274539 0.092213 0.000000 0.000000 0.000000 1.000000 0.000000 0.000000
8.000000 106.494937 6.154571 -0.267538 0.112999 0.000000 0.000000 0.000000 1.000000 0.000000 0.000000
8.000000 106.495641 6.172105 -0.320246 0.124087 0.000000 0.000000 0.000000 1.000000 0.000000 0.000000
8.000000 106.495649 6.169582 -0.315559 0.126170 0.000000 0.000000 0.000000 1.000000 0.000000 0.000000
8.000000 106.496620 6.107394 -0.287587 0.108393 0.000000 0.000000 0.000000 1.000000 0.000000 0.000000
8.000000 106.498728 6.202144 -0.285528 0.124775 0.000000 0.000000 0.000000 1.000000 0.000000 0.000000
8.000000 106.502216 6.209786 -0.283911 0.142358 0.000000 0.000000 0.000000 1.000000 0.000000 0.000000
8.000000 106.504570 6.129721 -0.277428 0.158427 0.000000 0.000000 0.000000 1.000000 0.000000 0.000000
8.000000 106.505643 6.130889 -0.311059 0.178982 0.000000 0.000000 0.000000 1.000000 0.000000 0.000000
8.000000 106.505706 6.129497 -0.308603 0.185505 0.000000 0.000000 0.000000 1.000000 0.000000 0.000000
8.000000 106.506488 6.086691 -0.289960 0.185051 0.000000 0.000000 0.000000 1.000000 0.000000 0.000000
8.000000 106.508913 6.115459 -0.299123 0.200871 0.000000 0.000000 0.000000 1.000000 0.000000 0.000000
8.000000 106.512076 6.160677 -0.287015 0.200788 0.000000 0.000000 0.000000 1.000000 0.000000 0.000000
8.000000 106.514789 6.078281 -0.278791 0.219734 0.000000 0.000000 0.000000 1.000000 0.000000 0.000000
8.000000 106.515607 6.089438 -0.322246 0.233684 0.000000 0.000000 0.000000 1.000000 0.000000 0.000000
8.000000 106.516180 6.094474 -0.313680 0.233562 0.000000 0.000000 0.000000 1.000000 0.000000 0.000000
8.000000 106.516673 6.056467 -0.296431 0.234826 0.000000 0.000000 0.000000 1.000000 0.000000 0.000000
8.000000 106.518822 6.089767 -0.301863 0.250352 0.000000 0.000000 0.000000 1.000000 0.000000 0.000000
8.000000 106.522138 6.107918 -0.286837 0.259040 0.000000 0.000000 0.000000 1.000000 0.000000 0.000000
8.000000 106.524694 6.028991 -0.276688 0.277302 0.000000 0.000000 0.000000 1.000000 0.000000 0.000000
8.000000 106.525517 6.050732 -0.324128 0.287494 0.000000 0.000000 0.000000 1.000000 0.000000 0.000000
8.000000 106.525696 6.053288 -0.317692 0.289969 0.000000 0.000000 0.000000 1.000000 0.000000 0.000000
8.000000 106.526626 6.005001 -0.296562 0.285545 0.000000 0.000000 0.000000 1.000000 0.000000 0.000000
8.000000 106.528858 6.047848 -0.300507 0.299319 0.000000 0.000000 0.000000 1.000000 0.000000 0.000000
8.000000 106.532121 6.078234 -0.290269 0.303727 0.000000 0.000000 0.000000 1.000000 0.000000 0.000000
8.000000 106.534704 6.000249 -0.285635 0.323797 0.000000 0.000000 0.000000 1.000000 0.000000 0.000000
8.000000 106.535575 5.997747 -0.314841 0.347636 0.000000 0.000000 0.000000 1.000000 0.000000 0.000000
8.000000 106.535609 6.010865 -0.318213 0.343626 0.000000 0.000000 0.000000 1.000000 0.000000 0.000000
8.000000 106.536949 6.031506 -0.290391 0.337830 0.000000 0.000000 0.000000 1.000000 0.000000 0.000000
8.000000 106.538835 6.011540 -0.301277 0.353246 0.000000 0.000000 0.000000 1.000000 0.000000 0.000000
8.000000 106.542183 6.040578 -0.287452 0.359945 0.000000 0.000000 0.000000 1.000000 0.000000 0.000000
8.000000 106.544633 5.941896 -0.276499 0.378434 0.000000 0.000000 0.000000 1.000000 0.000000 0.000000
8.000000 106.545555 5.970093 -0.330198 0.392632 0.000000 0.000000 0.000000 1.000000 0.000000 0.000000
8.000000 106.545723 5.979761 -0.320899 0.393707 0.000000 0.000000 0.000000 1.000000 0.000000 0.000000
8.000000 106.546636 5.914184 -0.295069 0.384403 0.000000 0.000000 0.000000 1.000000 0.000000 0.000000
8.000000 106.548891 5.954754 -0.304325 0.400512 0.000000 0.000000 0.000000 1.000000 0.000000 0.000000
8.000000 106.552107 6.000568 -0.296175 0.403100 0.000000 0.000000 0.000000 1.000000 0.000000 0.000000
8.000000 106.554671 5.912507 -0.287286 0.422642 0.000000 0.000000 0.000000 1.000000 0.000000 0.000000
8.000000 106.555597 5.906323 -0.314786 0.448601 0.000000 0.000000 0.000000 1.000000 0.000000 0.000000
8.000000 106.555658 5.927823 -0.322313 0.446080 0.000000 0.000000 0.000000 1.000000 0.000000 0.000000
8.000000 106.556713 5.965557 -0.286012 0.432022 0.000000 0.000000 0.000000 1.000000 0.000000 0.000000
8.000000 106.558832 5.933605 -0.304764 0.443838 0.000000 0.000000 0.000000 1.000000 0.000000 0.000000
8.000000 106.562245 5.958749 -0.293445 0.452416 0.000000 0.000000 0.000000 1.000000 0.000000 0.000000
8.000000 106.564672 5.876214 -0.284881 0.473435 0.000000 0.000000 0.000000 1.000000 0.000000 0.000000
8.000000 106.565655 5.887457 -0.326656 0.492936 0.000000 0.000000 0.000000 1.000000 0.000000 0.000000
8.000000 106.565658 5.891072 -0.322070 0.493936 0.000000 0.000000 0.000000 1.000000 0.000000 0.000000
8.000000 106.566565 5.853433 -0.307003 0.490648 0.000000 0.000000 0.000000 1.000000 0.000000 0.000000
8.000000 106.568969 5.880228 -0.311760 0.502051 0.000000 0.000000 0.000000 1.000000 0.000000 0.000000
8.000000 106.572089 5.944986 -0.304525 0.491468 0.000000 0.000000 0.000000 1.000000 0.000000 0.000000
8.000000 106.574815 5.853339 -0.304964 0.510777 0.000000 0.000000 0.000000 1.000000 0.000000 0.000000
8.000000 106.575590 5.844808 -0.334524 0.540694 0.000000 0.000000 0.000000 1.000000 0.000000 0.000000
8.000000 106.575629 5.854534 -0.325002 0.543271 0.000000 0.000000 0.000000 1.000000 0.000000 0.000000
8.000000 106.576724 5.820021 -0.310097 0.541801 0.000000 0.000000 0.000000 1.000000 0.000000 0.000000
8.000000 106.578823 5.837671 -0.316333 0.550244 0.000000 0.000000 0.000000 1.000000 0.000000 0.000000
8.000000 106.582248 5.887265 -0.302917 0.545330 0.000000 0.000000 0.000000 1.000000 0.000000 0.000000
8.000000 106.584690 5.798084 -0.297684 0.565469 0.000000 0.000000 0.000000 1.000000 0.000000 0.000000
8.000000 106.585528 5.802224 -0.334250 0.590143 0.000000 0.000000 0.000000 1.000000 0.000000 0.000000
8.000000 106.585705 5.813000 -0.325641 0.588770 0.000000 0.000000 0.000000 1.000000 0.000000 0.000000
8.000000 106.586578 5.773825 -0.310823 0.582537 0.000000 0.000000 0.000000 1.000000 0.000000 0.000000
8.000000 106.588953 5.800707 -0.316038 0.592874 0.000000 0.000000 0.000000 1.000000 0.000000 0.000000
8.000000 106.592116 5.832274 -0.298193 0.596729 0.000000 0.000000 0.000000 1.000000 0.000000 0.000000
8.000000 106.594745 5.740751 -0.287834 0.619196 0.000000 0.000000 0.000000 1.000000 0.000000 0.000000
8.000000 106.595718 5.762997 -0.338057 0.635042 0.000000 0.000000 0.000000 1.000000 0.000000 0.000000
8.000000 106.595734 5.768083 -0.331591 0.634829 0.000000 0.000000 0.000000 1.000000 0.000000 0.000000
8.000000 106.596556 5.706358 -0.307769 0.629920 0.000000 0.000000 0.000000 1.000000 0.000000 0.000000
8.000000 106.598809 5.733687 -0.315911 0.644503 0.000000 0.000000 0.000000 1.000000 0.000000 0.000000
8.000000 106.602209 5.797773 -0.308910 0.637765 0.000000 0.000000 0.000000 1.000000 0.000000 0.000000
8.000000 106.604659 5.700334 -0.302100 0.655265 0.000000 0.000000 0.000000 1.000000 0.000000 0.000000
8.000000 106.605702 5.685423 -0.317490 0.683052 0.000000 0.000000 0.000000 1.000000 0.000000 0.000000
8.000000 106.605747 5.729329 -0.330103 0.681610 0.000000 0.000000 0.000000 1.000000 0.000000 0.000000
8.000000 106.606593 5.764431 -0.290537 0.671685 0.000000 0.000000 0.000000 1.000000 0.000000 0.000000
8.000000 106.608809 5.700085 -0.314966 0.682985 0.000000 0.000000 0.000000 1.000000 0.000000 0.000000
8.000000 106.612153 5.741261 -0.310783 0.685583 0.000000 0.000000 0.000000 1.000000 0.000000 0.000000
8.000000 106.614763 5.650812 -0.301195 0.699863 0.000000 0.000000 0.000000 1.000000 0.000000 0.000000
8.000000 106.615609 5.674099 -0.341404 0.719254 0.000000 0.000000 0.000000 1.000000 0.000000 0.000000
8.000000 106.615727 5.693999 -0.326649 0.722754 0.000000 0.000000 0.000000 1.000000 0.000000 0.000000
8.000000 106.616740 5.662779 -0.313998 0.721899 0.000000 0.000000 0.000000 1.000000 0.000000 0.000000
8.000000 106.618866 5.665274 -0.323643 0.728915 0.000000 0.000000 0.000000 1.000000 0.000000 0.000000
8.000000 106.622278 5.709228 -0.307121 0.726393 0.000000 0.000000 0.000000 1.000000 0.000000 0.000000
8.000000 106.624625 5.621801 -0.297855 0.747351 0.000000 0.000000 0.000000 1.000000 0.000000 0.000000
8.000000 106.625640 5.640050 -0.341241 0.767164 0.000000 0.000000 0.000000 1.000000 0.000000 0.000000
8.000000 106.625666 5.654047 -0.330720 0.764154 0.000000 0.000000 0.000000 1.000000 0.000000 0.000000
8.000000 106.626656 5.613456 -0.316193 0.761540 0.000000 0.000000 0.000000 1.000000 0.000000 0.000000
8.000000 106.628882 5.617599 -0.325228 0.771173 0.000000 0.000000 0.000000 1.000000 0.000000 0.000000
8.000000 106.632097 5.668274 -0.308879 0.766534 0.000000 0.000000 0.000000 1.000000 0.000000 0.000000
8.000000 106.634842 5.581515 -0.298514 0.786891 0.000000 0.000000 0.000000 1.000000 0.000000 0.000000
8.000000 106.635675 5.600895 -0.336051 0.802524 0.000000 0.000000 0.000000 1.000000 0.000000 0.000000
8.000000 106.635679 5.615286 -0.336041 0.802422 0.000000 0.000000 0.000000 1.000000 0.000000 0.000000
8.000000 106.636619 5.641560 -0.301501 0.801569 0.000000 0.000000 0.000000 1.000000 0.000000 0.000000
8.000000 106.638863 5.577251 -0.324245 0.811201 0.000000 0.000000 0.000000 1.000000 0.000000 0.000000
8.000000 106.642170 5.658798 -0.314692 0.799906 0.000000 0.000000 0.000000 1.000000 0.000000 0.000000
8.000000 106.644554 5.551706 -0.305837 0.820367 0.000000 0.000000 0.000000 1.000000 0.000000 0.000000
8.000000 106.645563 5.564616 -0.347323 0.845258 0.000000 0.000000 0.000000 1.000000 0.000000 0.000000
8.000000 106.645728 5.579047 -0.337200 0.841988 0.000000 0.000000 0.000000 1.000000 0.000000 0.000000
8.000000 106.646607 5.538103 -0.323166 0.838520 0.000000 0.000000 0.000000 1.000000 0.000000 0.000000
8.000000 106.648912 5.548009 -0.329744 0.848929 0.000000 0.000000 0.000000 1.000000 0.000000 0.000000
8.000000 106.652190 5.623054 -0.314426 0.835884 0.000000 0.000000 0.000000 1.000000 0.000000 0.000000
8.000000 106.654759 5.504631 -0.304692 0.855147 0.000000 0.000000 0.000000 1.000000 0.000000 0.000000
8.000000 106.655632 5.513311 -0.339013 0.877939 0.000000 0.000000 0.000000 1.000000 0.000000 0.000000
8.000000 106.655758 5.530340 -0.339312 0.881131 0.000000 0.000000 0.000000 1.000000 0.000000 0.000000
8.000000 106.656616 5.561758 -0.303310 0.879416 0.000000 0.000000 0.000000 1.000000 0.000000 0.000000
8.000000 106.658803 5.501696 -0.325824 0.886357 0.000000 0.000000 0.000000 1.000000 0.000000 0.000000
8.000000 106.662258 5.569496 -0.314600 0.878557 0.000000 0.000000 0.000000 1.000000 0.000000 0.000000
8.000000 106.664741 5.460025 -0.304206 0.897585 0.000000 0.000000 0.000000 1.000000 0.000000 0.000000
8.000000 106.665604 5.478774 -0.346423 0.924415 0.000000 0.000000 0.000000 1.000000 0.000000 0.000000
8.000000 106.665758 5.488968 -0.342785 0.922851 0.000000 0.000000 0.000000 1.000000 0.000000 0.000000
8.000000 106.666843 5.442322 -0.328891 0.908646 0.000000 0.000000 0.000000 1.000000 0.000000 0.000000
8.000000 106.669071 5.471074 -0.333082 0.918515 0.000000 0.000000 0.000000 1.000000 0.000000 0.000000
8.000000 106.672123 5.512234 -0.317592 0.919456 0.000000 0.000000 0.000000 1.000000 0.000000 0.000000
8.000000 106.674801 5.413926 -0.306110 0.941691 0.000000 0.000000 0.000000 1.000000 0.000000 0.000000
8.000000 106.675589 5.440353 -0.348326 0.956737 0.000000 0.000000 0.000000 1.000000 0.000000 0.000000
8.000000 106.675731 5.450535 -0.344419 0.957190 0.000000 0.000000 0.000000 1.000000 0.000000 0.000000
8.000000 106.676701 5.476574 -0.315014 0.955873 0.000000 0.000000 0.000000 1.000000 0.000000 0.000000
8.000000 106.679011 5.420353 -0.335496 0.960291 0.000000 0.000000 0.000000 1.000000 0.000000 0.000000
8.000000 106.682297 5.484771 -0.321016 0.952085 0.000000 0.000000 0.000000 1.000000 0.000000 0.000000
8.000000 106.684685 5.379211 -0.311024 0.973330 0.000000 0.000000 0.000000 1.000000 0.000000 0.000000
8.000000 106.685595 5.398576 -0.354950 0.997415 0.000000 0.000000 0.000000 1.000000 0.000000 0.000000
8.000000 106.685681 5.415928 -0.344308 0.990946 0.000000 0.000000 0.000000 1.000000 0.000000 0.000000
8.000000 106.686609 5.382391 -0.334367 0.980784 0.000000 0.000000 0.000000 1.000000 0.000000 0.000000
8.000000 106.688971 5.403884 -0.338285 0.988769 0.000000 0.000000 0.000000 1.000000 0.000000 0.000000
8.000000 106.692065 5.444222 -0.324381 0.987754 0.000000 0.000000 0.000000 1.000000 0.000000 0.000000
8.000000 106.694919 5.343967 -0.316098 1.009215 0.000000 0.000000 0.000000 1.000000 0.000000 0.000000
8.000000 106.695703 5.361339 -0.354292 1.028597 0.000000 0.000000 0.000000 1.000000 0.000000 0.000000
8.000000 106.695771 5.363038 -0.349460 1.030193 0.000000 0.000000 0.000000 1.000000 0.000000 0.000000
8.000000 106.696485 5.409429 -0.302718 1.023894 0.000000 0.000000 0.000000 1.000000 0.000000 0.000000
8.000000 106.698813 5.329448 -0.333956 1.029234 0.000000 0.000000 0.000000 1.000000 0.000000 0.000000
8.000000 106.702339 5.397225 -0.326035 1.023143 0.000000 0.000000 0.000000 1.000000 0.000000 0.000000
8.000000 106.704637 5.290895 -0.313472 1.039936 0.000000 0.000000 0.000000 1.000000 0.000000 0.000000
8.000000 106.705617 5.319128 -0.357935 1.060280 0.000000 0.000000 0.000000 1.000000 0.000000 0.000000
8.000000 106.705789 5.331564 -0.350807 1.060224 0.000000 0.000000 0.000000 1.000000 0.000000 0.000000
8.000000 106.706693 5.278532 -0.333172 1.043749 0.000000 0.000000 0.000000 1.000000 0.000000 0.000000
8.000000 106.708986 5.317582 -0.336011 1.051256 0.000000 0.000000 0.000000 1.000000 0.000000 0.000000
8.000000 106.712167 5.351397 -0.326235 1.055124 0.000000 0.000000 0.000000 1.000000 0.000000 0.000000
8.000000 106.714892 5.258428 -0.317851 1.076867 0.000000 0.000000 0.000000 1.000000 0.000000 0.000000
8.000000 106.715697 5.274617 -0.357336 1.101108 0.000000 0.000000 0.000000 1.000000 0.000000 0.000000
8.000000 106.715868 5.283106 -0.352743 1.098886 0.000000 0.000000 0.000000 1.000000 0.000000 0.000000
8.000000 106.716725 5.239950 -0.339075 1.090887 0.000000 0.000000 0.000000 1.000000 0.000000 0.000000
8.000000 106.718851 5.246283 -0.346086 1.098051 0.000000 0.000000 0.000000 1.000000 0.000000 0.000000
8.000000 106.722245 5.309964 -0.330415 1.089284 0.000000 0.000000 0.000000 1.000000 0.000000 0.000000
8.000000 106.724893 5.217961 -0.318352 1.109769 0.000000 0.000000 0.000000 1.000000 0.000000 0.000000
8.000000 106.725635 5.234638 -0.356144 1.131927 0.000000 0.000000 0.000000 1.000000 0.000000 0.000000
8.000000 106.725868 5.244661 -0.351078 1.126851 0.000000 0.000000 0.000000 1.000000 0.000000 0.000000
8.000000 106.726616 5.207284 -0.340261 1.117975 0.000000 0.000000 0.000000 1.000000 0.000000 0.000000
8.000000 106.728996 5.222119 -0.344182 1.126178 0.000000 0.000000 0.000000 1.000000 0.000000 0.000000
8.000000 106.732152 5.278906 -0.330002 1.118864 0.000000 0.000000 0.000000 1.000000 0.000000 0.000000
8.000000 106.734842 5.175058 -0.320691 1.139597 0.000000 0.000000 0.000000 1.000000 0.000000 0.000000
8.000000 106.735724 5.194913 -0.356738 1.156811 0.000000 0.000000 0.000000 1.000000 0.000000 0.000000
8.000000 106.735774 5.208513 -0.354443 1.158436 0.000000 0.000000 0.000000 1.000000 0.000000 0.000000
8.000000 106.736670 5.241363 -0.325042 1.152498 0.000000 0.000000 0.000000 1.000000 0.000000 0.000000
8.000000 106.738831 5.190318 -0.347112 1.153208 0.000000 0.000000 0.000000 1.000000 0.000000 0.000000
8.000000 106.742288 5.247869 -0.334132 1.146204 0.000000 0.000000 0.000000 1.000000 0.000000 0.000000
8.000000 106.744644 5.144772 -0.325574 1.167600 0.000000 0.000000 0.000000 1.000000 0.000000 0.000000
8.000000 106.745636 5.156622 -0.362052 1.193969 0.000000 0.000000 0.000000 1.000000 0.000000 0.000000
8.000000 106.745787 5.168412 -0.356109 1.187189 0.000000 0.000000 0.000000 1.000000 0.000000 0.000000
8.000000 106.746675 5.117268 -0.341259 1.179491 0.000000 0.000000 0.000000 1.000000 0.000000 0.000000
8.000000 106.748966 5.115765 -0.351349 1.190626 0.000000 0.000000 0.000000 1.000000 0.000000 0.000000
8.000000 106.752249 5.183825 -0.338603 1.181071 0.000000 0.000000 0.000000 1.000000 0.000000 0.000000
8.000000 106.754727 5.082175 -0.323521 1.196298 0.000000 0.000000 0.000000 1.000000 0.000000 0.000000
8.000000 106.755661 5.092416 -0.351026 1.213552 0.000000 0.000000 0.000000 1.000000 0.000000 0.000000
8.000000 106.755687 5.129354 -0.361007 1.219612 0.000000 0.000000 0.000000 1.000000 0.000000 0.000000
8.000000 106.756881 5.174541 -0.314596 1.213701 0.000000 0.000000 0.000000 1.000000 0.000000 0.000000
8.000000 106.758842 5.074105 -0.347653 1.216094 0.000000 0.000000 0.000000 1.000000 0.000000 0.000000
8.000000 106.762297 5.144793 -0.338489 1.207185 0.000000 0.000000 0.000000 1.000000 0.000000 0.000000
8.000000 106.764711 5.054448 -0.329505 1.228344 0.000000 0.000000 0.000000 1.000000 0.000000 0.000000
8.000000 106.765607 5.071062 -0.366512 1.252721 0.000000 0.000000 0.000000 1.000000 0.000000 0.000000
8.000000 106.765696 5.084367 -0.359116 1.247874 0.000000 0.000000 0.000000 1.000000 0.000000 0.000000
8.000000 106.766779 5.052670 -0.350342 1.239565 0.000000 0.000000 0.000000 1.000000 0.000000 0.000000
8.000000 106.768961 5.045470 -0.357490 1.242435 0.000000 0.000000 0.000000 1.000000 0.000000 0.000000
8.000000 106.772287 5.098465 -0.338818 1.234637 0.000000 0.000000 0.000000 1.000000 0.000000 0.000000
8.000000 106.774851 5.007867 -0.327077 1.256322 0.000000 0.000000 0.000000 1.000000 0.000000 0.000000
8.000000 106.775709 5.032441 -0.369844 1.276084 0.000000 0.000000 0.000000 1.000000 0.000000 0.000000
8.000000 106.775763 5.044950 -0.362058 1.270687 0.000000 0.000000 0.000000 1.000000 0.000000 0.000000
8.000000 106.776621 5.006990 -0.350662 1.263390 0.000000 0.000000 0.000000 1.000000 0.000000 0.000000
8.000000 106.778891 5.006130 -0.357980 1.269105 0.000000 0.000000 0.000000 1.000000 0.000000 0.000000
8.000000 106.782299 5.058258 -0.342509 1.262851 0.000000 0.000000 0.000000 1.000000 0.000000 0.000000
8.000000 106.784662 4.966669 -0.330222 1.282319 0.000000 0.000000 0.000000 1.000000 0.000000 0.000000
8.000000 106.785655 4.989204 -0.369177 1.303109 0.000000 0.000000 0.000000 1.000000 0.000000 0.000000
8.000000 106.785818 4.999374 -0.364176 1.299195 0.000000 0.000000 0.000000 1.000000 0.000000 0.000000
8.000000 106.786757 4.959282 -0.352702 1.293425 0.000000 0.000000 0.000000 1.000000 0.000000 0.000000
8.000000 106.788939 4.953412 -0.359470 1.300320 0.000000 0.000000 0.000000 1.000000 0.000000 0.000000
8.000000 106.792301 5.032981 -0.344291 1.284038 0.000000 0.000000 0.000000 1.000000 0.000000 0.000000
8.000000 106.794764 4.932628 -0.333427 1.303674 0.000000 0.000000 0.000000 1.000000 0.000000 0.000000
8.000000 106.795881 4.950491 -0.370086 1.327984 0.000000 0.000000 0.000000 1.000000 0.000000 0.000000
8.000000 106.795895 4.959152 -0.366443 1.325115 0.000000 0.000000 0.000000 1.000000 0.000000 0.000000
8.000000 106.796635 4.903376 -0.349496 1.308550 0.000000 0.000000 0.000000 1.000000 0.000000 0.000000
8.000000 106.798938 4.921021 -0.356362 1.314197 0.000000 0.000000 0.000000 1.000000 0.000000 0.000000
8.000000 106.802243 4.968328 -0.346943 1.312670 0.000000 0.000000 0.000000 1.000000 0.000000 0.000000
8.000000 106.804667 4.882665 -0.334463 1.330106 0.000000 0.000000 0.000000 1.000000 0.000000 0.000000
8.000000 106.805730 4.909084 -0.372910 1.350154 0.000000 0.000000 0.000000 1.000000 0.000000 0.000000
8.000000 106.805839 4.919520 -0.368350 1.348759 0.000000 0.000000 0.000000 1.000000 0.000000 0.000000
8.000000 106.806703 4.899250 -0.363584 1.340128 0.000000 0.000000 0.000000 1.000000 0.000000 0.000000
8.000000 106.808974 4.894778 -0.367944 1.340500 0.000000 0.000000 0.000000 1.000000 0.000000 0.000000
8.000000 106.812261 4.942204 -0.352254 1.332099 0.000000 0.000000 0.000000 1.000000 0.000000 0.000000
8.000000 106.814785 4.857419 -0.342048 1.349553 0.000000 0.000000 0.000000 1.000000 0.000000 0.000000
8.000000 106.815758 4.873065 -0.373417 1.370789 0.000000 0.000000 0.000000 1.000000 0.000000 0.000000
8.000000 106.815769 4.880388 -0.370334 1.368628 0.000000 0.000000 0.000000 1.000000 0.000000 0.000000
8.000000 106.816735 4.838528 -0.358000 1.361517 0.000000 0.000000 0.000000 1.000000 0.000000 0.000000
8.000000 106.819003 4.827218 -0.366999 1.366269 0.000000 0.000000 0.000000 1.000000 0.000000 0.000000
8.000000 106.822374 4.888205 -0.350164 1.356671 0.000000 0.000000 0.000000 1.000000 0.000000 0.000000
8.000000 106.824652 4.807960 -0.336518 1.376381 0.000000 0.000000 0.000000 1.000000 0.000000 0.000000
8.000000 106.825655 4.835461 -0.377100 1.393649 0.000000 0.000000 0.000000 1.000000 0.000000 0.000000
8.000000 106.825722 4.842343 -0.373239 1.393078 0.000000 0.000000 0.000000 1.000000 0.000000 0.000000
8.000000 106.826848 4.805179 -0.361505 1.386152 0.000000 0.000000 0.000000 1.000000 0.000000 0.000000
8.000000 106.828994 4.799938 -0.368270 1.388643 0.000000 0.000000 0.000000 1.000000 0.000000 0.000000
8.000000 106.832165 4.851496 -0.355408 1.380580 0.000000 0.000000 0.000000 1.000000 0.000000 0.000000
8.000000 106.834829 4.768360 -0.344891 1.397289 0.000000 0.000000 0.000000 1.000000 0.000000 0.000000
8.000000 106.835770 4.788641 -0.378408 1.416141 0.000000 0.000000 0.000000 1.000000 0.000000 0.000000
8.000000 106.835859 4.797791 -0.374031 1.412737 0.000000 0.000000 0.000000 1.000000 0.000000 0.000000
8.000000 106.836694 4.768027 -0.366100 1.409975 0.000000 0.000000 0.000000 1.000000 0.000000 0.000000
8.000000 106.838961 4.746264 -0.372700 1.413200 0.000000 0.000000 0.000000 1.000000 0.000000 0.000000
8.000000 106.842395 4.807240 -0.355724 1.398676 0.000000 0.000000 0.000000 1.000000 0.000000 0.000000
8.000000 106.844671 4.728160 -0.345075 1.415290 0.000000 0.000000 0.000000 1.000000 0.000000 0.000000
8.000000 106.845662 4.753174 -0.380989 1.433900 0.000000 0.000000 0.000000 1.000000 0.000000 0.000000
8.000000 106.846027 4.762960 -0.377445 1.429777 0.000000 0.000000 0.000000 1.000000 0.000000 0.000000
8.000000 106.847927 4.710352 -0.362577 1.410733 0.000000 0.000000 0.000000 1.000000 0.000000 0.000000
8.000000 106.848979 4.727888 -0.369161 1.415207 0.000000 0.000000 0.000000 1.000000 0.000000 0.000000
8.000000 106.852247 4.758977 -0.359675 1.418455 0.000000 0.000000 0.000000 1.000000 0.000000 0.000000
8.000000 106.854766 4.665182 -0.343815 1.431681 0.000000 0.000000 0.000000 1.000000 0.000000 0.000000
8.000000 106.855792 4.702456 -0.386062 1.448424 0.000000 0.000000 0.000000 1.000000 0.000000 0.000000
8.000000 106.855905 4.718208 -0.377224 1.449828 0.000000 0.000000 0.000000 1.000000 0.000000 0.000000
8.000000 106.856633 4.659904 -0.359185 1.438236 0.000000 0.000000 0.000000 1.000000 0.000000 0.000000
8.000000 106.859074 4.652786 -0.370810 1.443011 0.000000 0.000000 0.000000 1.000000 0.000000 0.000000
8.000000 106.862407 4.707113 -0.359461 1.437902 0.000000 0.000000 0.000000 1.000000 0.000000 0.000000
8.000000 106.864689 4.641651 -0.344782 1.453819 0.000000 0.000000 0.000000 1.000000 0.000000 0.000000
8.000000 106.865732 4.672381 -0.382303 1.467602 0.000000 0.000000 0.000000 1.000000 0.000000 0.000000
8.000000 106.865918 4.682060 -0.377521 1.466036 0.000000 0.000000 0.000000 1.000000 0.000000 0.000000
8.000000 106.866679 4.655420 -0.370407 1.462209 0.000000 0.000000 0.000000 1.000000 0.000000 0.000000
8.000000 106.868995 4.626388 -0.379931 1.463045 0.000000 0.000000 0.000000 1.000000 0.000000 0.000000
8.000000 106.872454 4.668682 -0.364867 1.454409 0.000000 0.000000 0.000000 1.000000 0.000000 0.000000
8.000000 106.874780 4.613875 -0.355075 1.469772 0.000000 0.000000 0.000000 1.000000 0.000000 0.000000
8.000000 106.875843 4.624191 -0.376168 1.482463 0.000000 0.000000 0.000000 1.000000 0.000000 0.000000
8.000000 106.875895 4.638299 -0.378556 1.484930 0.000000 0.000000 0.000000 1.000000 0.000000 0.000000
8.000000 106.876806 4.651084 -0.362817 1.486338 0.000000 0.000000 0.000000 1.000000 0.000000 0.000000
8.000000 106.878965 4.570664 -0.385115 1.482326 0.000000 0.000000 0.000000 1.000000 0.000000 0.000000
8.000000 106.882338 4.620212 -0.368370 1.473361 0.000000 0.000000 0.000000 1.000000 0.000000 0.000000
8.000000 106.884740 4.561681 -0.353663 1.487709 0.000000 0.000000 0.000000 1.000000 0.000000 0.000000
8.000000 106.885732 4.589844 -0.387457 1.500053 0.000000 0.000000 0.000000 1.000000 0.000000 0.000000
8.000000 106.885782 4.597922 -0.384462 1.497038 0.000000 0.000000 0.000000 1.000000 0.000000 0.000000
8.000000 106.886648 4.551391 -0.371434 1.492947 0.000000 0.000000 0.000000 1.000000 0.000000 0.000000
8.000000 106.888991 4.520102 -0.383939 1.498985 0.000000 0.000000 0.000000 1.000000 0.000000 0.000000
8.000000 106.892222 4.576601 -0.369179 1.488436 0.000000 0.000000 0.000000 1.000000 0.000000 0.000000
8.000000 106.894747 4.522402 -0.355594 1.502978 0.000000 0.000000 0.000000 1.000000 0.000000 0.000000
8.000000 106.895689 4.553139 -0.392004 1.509957 0.000000 0.000000 0.000000 1.000000 0.000000 0.000000
8.000000 106.896072 4.562142 -0.384283 1.509846 0.000000 0.000000 0.000000 1.000000 0.000000 0.000000
8.000000 106.896706 4.506373 -0.365012 1.503483 0.000000 0.000000 0.000000 1.000000 0.000000 0.000000
8.000000 106.898987 4.489523 -0.379402 1.506517 0.000000 0.000000 0.000000 1.000000 0.000000 0.000000
8.000000 106.902344 4.546374 -0.371036 1.500066 0.000000 0.000000 0.000000 1.000000 0.000000 0.000000
8.000000 106.904721 4.478469 -0.357160 1.513083 0.000000 0.000000 0.000000 1.000000 0.000000 0.000000
8.000000 106.905833 4.511374 -0.394084 1.525780 0.000000 0.000000 0.000000 1.000000 0.000000 0.000000
8.000000 106.905894 4.524899 -0.386483 1.524263 0.000000 0.000000 0.000000 1.000000 0.000000 0.000000
8.000000 106.906734 4.469633 -0.369948 1.514044 0.000000 0.000000 0.000000 1.000000 0.000000 0.000000
8.000000 106.908995 4.454594 -0.383360 1.519249 0.000000 0.000000 0.000000 1.000000 0.000000 0.000000
8.000000 106.912221 4.491449 -0.373028 1.518705 0.000000 0.000000 0.000000 1.000000 0.000000 0.000000
8.000000 106.914906 4.439870 -0.358291 1.531880 0.000000 0.000000 0.000000 1.000000 0.000000 0.000000
8.000000 106.915756 4.463680 -0.388146 1.538338 0.000000 0.000000 0.000000 1.000000 0.000000 0.000000
8.000000 106.915912 4.473729 -0.389988 1.542471 0.000000 0.000000 0.000000 1.000000 0.000000 0.000000
8.000000 106.916621 4.492210 -0.371254 1.541509 0.000000 0.000000 0.000000 1.000000 0.000000 0.000000
8.000000 106.919031 4.423473 -0.390157 1.535962 0.000000 0.000000 0.000000 1.000000 0.000000 0.000000
8.000000 106.922523 4.468335 -0.375933 1.526172 0.000000 0.000000 0.000000 1.000000 0.000000 0.000000
8.000000 106.924693 4.404155 -0.364451 1.538562 0.000000 0.000000 0.000000 1.000000 0.000000 0.000000
8.000000 106.925859 4.433286 -0.395712 1.542170 0.000000 0.000000 0.000000 1.000000 0.000000 0.000000
8.000000 106.925901 4.435860 -0.390017 1.547881 0.000000 0.000000 0.000000 1.000000 0.000000 0.000000
8.000000 106.926701 4.455165 -0.369141 1.551404 0.000000 0.000000 0.000000 1.000000 0.000000 0.000000
8.000000 106.929073 4.376401 -0.392215 1.544759 0.000000 0.000000 0.000000 1.000000 0.000000 0.000000
8.000000 106.932296 4.419623 -0.377251 1.536353 0.000000 0.000000 0.000000 1.000000 0.000000 0.000000
8.000000 106.934774 4.361899 -0.364091 1.548784 0.000000 0.000000 0.000000 1.000000 0.000000 0.000000
8.000000 106.935743 4.383227 -0.392556 1.556445 0.000000 0.000000 0.000000 1.000000 0.000000 0.000000
8.000000 106.935919 4.394881 -0.394519 1.562379 0.000000 0.000000 0.000000 1.000000 0.000000 0.000000
8.000000 106.936615 4.418231 -0.369064 1.562983 0.000000 0.000000 0.000000 1.000000 0.000000 0.000000
8.000000 106.938982 4.329468 -0.392956 1.557675 0.000000 0.000000 0.000000 1.000000 0.000000 0.000000
8.000000 106.942401 4.387951 -0.379154 1.544619 0.000000 0.000000 0.000000 1.000000 0.000000 0.000000
8.000000 106.944770 4.325276 -0.365926 1.556277 0.000000 0.000000 0.000000 1.000000 0.000000 0.000000
8.000000 106.945713 4.349958 -0.395239 1.570439 0.000000 0.000000 0.000000 1.000000 0.000000 0.000000
8.000000 106.945767 4.358144 -0.392928 1.568528 0.000000 0.000000 0.000000 1.000000 0.000000 0.000000
8.000000 106.946637 4.294034 -0.374621 1.558639 0.000000 0.000000 0.000000 1.000000 0.000000 0.000000
8.000000 106.949036 4.269175 -0.391806 1.567165 0.000000 0.000000 0.000000 1.000000 0.000000 0.000000
8.000000 106.952228 4.348108 -0.386495 1.554106 0.000000 0.000000 0.000000 1.000000 0.000000 0.000000
8.000000 106.954992 4.289952 -0.371026 1.562552 0.000000 0.000000 0.000000 1.000000 0.000000 0.000000
8.000000 106.955794 4.315601 -0.401074 1.566163 0.000000 0.000000 0.000000 1.000000 0.000000 0.000000
8.000000 106.955823 4.319058 -0.400961 1.573228 0.000000 0.000000 0.000000 1.000000 0.000000 0.000000
8.000000 106.956573 4.358339 -0.360182 1.570972 0.000000 0.000000 0.000000 1.000000 0.000000 0.000000
8.000000 106.959031 4.251532 -0.393063 1.568566 0.000000 0.000000 0.000000 1.000000 0.000000 0.000000
8.000000 106.962326 4.305698 -0.385123 1.560336 0.000000 0.000000 0.000000 1.000000 0.000000 0.000000
8.000000 106.964690 4.248531 -0.373114 1.571713 0.000000 0.000000 0.000000 1.000000 0.000000 0.000000
8.000000 106.965739 4.259603 -0.393825 1.582420 0.000000 0.000000 0.000000 1.000000 0.000000 0.000000
8.000000 106.965741 4.276265 -0.397970 1.589463 0.000000 0.000000 0.000000 1.000000 0.000000 0.000000
8.000000 106.966717 4.292199 -0.381207 1.590364 0.000000 0.000000 0.000000 1.000000 0.000000 0.000000
8.000000 106.969172 4.209393 -0.404151 1.582463 0.000000 0.000000 0.000000 1.000000 0.000000 0.000000
8.000000 106.972436 4.265515 -0.388457 1.569033 0.000000 0.000000 0.000000 1.000000 0.000000 0.000000
8.000000 106.974760 4.205143 -0.372902 1.578474 0.000000 0.000000 0.000000 1.000000 0.000000 0.000000
8.000000 106.975750 4.224963 -0.400272 1.585571 0.000000 0.000000 0.000000 1.000000 0.000000 0.000000
8.000000 106.975807 4.239600 -0.405549 1.591973 0.000000 0.000000 0.000000 1.000000 0.000000 0.000000
8.000000 106.976608 4.253882 -0.387154 1.594806 0.000000 0.000000 0.000000 1.000000 0.000000 0.000000
8.000000 106.979105 4.168752 -0.405258 1.588199 0.000000 0.000000 0.000000 1.000000 0.000000 0.000000
8.000000 106.982523 4.227741 -0.386959 1.571918 0.000000 0.000000 0.000000 1.000000 0.000000 0.000000
8.000000 106.984743 4.169344 -0.372130 1.582938 0.000000 0.000000 0.000000 1.000000 0.000000 0.000000
8.000000 106.985742 4.199497 -0.404526 1.594960 0.000000 0.000000 0.000000 1.000000 0.000000 0.000000
8.000000 106.985747 4.204680 -0.405238 1.593935 0.000000 0.000000 0.000000 1.000000 0.000000 0.000000
8.000000 106.986631 4.160823 -0.394091 1.588008 0.000000 0.000000 0.000000 1.000000 0.000000 0.000000
8.000000 106.989138 4.130384 -0.404901 1.592986 0.000000 0.000000 0.000000 1.000000 0.000000 0.000000
8.000000 106.992204 4.184761 -0.391256 1.581247 0.000000 0.000000 0.000000 1.000000 0.000000 0.000000
8.000000 106.994777 4.120143 -0.374581 1.588493 0.000000 0.000000 0.000000 1.000000 0.000000 0.000000
8.000000 106.995743 4.149664 -0.405912 1.589316 0.000000 0.000000 0.000000 1.000000 0.000000 0.000000
8.000000 106.995872 4.166452 -0.409766 1.594661 0.000000 0.000000 0.000000 1.000000 0.000000 0.000000
8.000000 106.996611 4.211790 -0.358219 1.593370 0.000000 0.000000 0.000000 1.000000 0.000000 0.000000
8.000000 106.999086 4.065795 -0.402468 1.596078 0.000000 0.000000 0.000000 1.000000 0.000000 0.000000
8.000000 107.002380 4.140583 -0.399658 1.585341 0.000000 0.000000 0.000000 1.000000 0.000000 0.000000
8.000000 107.004763 4.090367 -0.383533 1.591855 0.000000 0.000000 0.000000 1.000000 0.000000 0.000000
8.000000 107.005763 4.115170 -0.407576 1.602930 0.000000 0.000000 0.000000 1.000000 0.000000 0.000000
8.000000 107.005777 4.120605 -0.408963 1.602685 0.000000 0.000000 0.000000 1.000000 0.000000 0.000000
8.000000 107.006645 4.042959 -0.387220 1.584676 0.000000 0.000000 0.000000 1.000000 0.000000 0.000000
8.000000 107.009311 4.036814 -0.401287 1.592080 0.000000 0.000000 0.000000 1.000000 0.000000 0.000000
8.000000 107.012325 4.104974 -0.398284 1.583289 0.000000 0.000000 0.000000 1.000000 0.000000 0.000000
8.000000 107.014977 4.049210 -0.383385 1.591764 0.000000 0.000000 0.000000 1.000000 0.000000 0.000000
8.000000 107.015782 4.062626 -0.404265 1.599364 0.000000 0.000000 0.000000 1.000000 0.000000 0.000000
8.000000 107.015832 4.083700 -0.410640 1.606942 0.000000 0.000000 0.000000 1.000000 0.000000 0.000000
8.000000 107.016618 4.100003 -0.393395 1.607237 0.000000 0.000000 0.000000 1.000000 0.000000 0.000000
8.000000 107.019067 4.016079 -0.414708 1.598293 0.000000 0.000000 0.000000 1.000000 0.000000 0.000000
8.000000 107.022359 4.054380 -0.398523 1.588335 0.000000 0.000000 0.000000 1.000000 0.000000 0.000000
8.000000 107.024837 4.013726 -0.384390 1.596571 0.000000 0.000000 0.000000 1.000000 0.000000 0.000000
8.000000 107.025704 4.034930 -0.410453 1.600246 0.000000 0.000000 0.000000 1.000000 0.000000 0.000000
8.000000 107.025748 4.040993 -0.412529 1.606018 0.000000 0.000000 0.000000 1.000000 0.000000 0.000000
8.000000 107.026707 4.054443 -0.395227 1.608963 0.000000 0.000000 0.000000 1.000000 0.000000 0.000000
8.000000 107.029273 3.966927 -0.417045 1.603335 0.000000 0.000000 0.000000 1.000000 0.000000 0.000000
8.000000 107.032329 4.029270 -0.401832 1.587469 0.000000 0.000000 0.000000 1.000000 0.000000 0.000000
8.000000 107.034889 3.969811 -0.385530 1.595616 0.000000 0.000000 0.000000 1.000000 0.000000 0.000000
8.000000 107.035856 3.993900 -0.414445 1.599349 0.000000 0.000000 0.000000 1.000000 0.000000 0.000000
8.000000 107.035860 4.001011 -0.415300 1.606821 0.000000 0.000000 0.000000 1.000000 0.000000 0.000000
8.000000 107.036601 4.022534 -0.391584 1.608120 0.000000 0.000000 0.000000 1.000000 0.000000 0.000000
8.000000 107.039043 3.930746 -0.417461 1.601856 0.000000 0.000000 0.000000 1.000000 0.000000 0.000000
8.000000 107.042306 3.990237 -0.407135 1.587464 0.000000 0.000000 0.000000 1.000000 0.000000 0.000000
8.000000 107.044777 3.943383 -0.393809 1.593901 0.000000 0.000000 0.000000 1.000000 0.000000 0.000000
8.000000 107.045817 3.958400 -0.410961 1.605347 0.000000 0.000000 0.000000 1.000000 0.000000 0.000000
8.000000 107.045869 3.968178 -0.408098 1.600253 0.000000 0.000000 0.000000 1.000000 0.000000 0.000000
8.000000 107.046657 3.915044 -0.394722 1.591687 0.000000 0.000000 0.000000 1.000000 0.000000 0.000000
8.000000 107.049247 3.875345 -0.412642 1.598704 0.000000 0.000000 0.000000 1.000000 0.000000 0.000000
8.000000 107.052265 3.946714 -0.406175 1.584134 0.000000 0.000000 0.000000 1.000000 0.000000 0.000000
8.000000 107.054879 3.898862 -0.392151 1.591180 0.000000 0.000000 0.000000 1.000000 0.000000 0.000000
8.000000 107.055839 3.923922 -0.420424 1.592689 0.000000 0.000000 0.000000 1.000000 0.000000 0.000000
8.000000 107.055845 3.923550 -0.419874 1.596584 0.000000 0.000000 0.000000 1.000000 0.000000 0.000000
8.000000 107.056882 3.942644 -0.388520 1.605171 0.000000 0.000000 0.000000 1.000000 0.000000 0.000000
8.000000 107.058997 3.814744 -0.418668 1.607178 0.000000 0.000000 0.000000 1.000000 0.000000 0.000000
8.000000 107.062347 3.939093 -0.401253 1.576810 0.000000 0.000000 0.000000 1.000000 0.000000 0.000000
8.000000 107.064818 3.838819 -0.376021 1.588215 0.000000 0.000000 0.000000 1.000000 0.000000 0.000000
8.000000 107.065818 3.876901 -0.418470 1.599018 0.000000 0.000000 0.000000 1.000000 0.000000 0.000000
8.000000 107.065908 3.882476 -0.418689 1.595434 0.000000 0.000000 0.000000 1.000000 0.000000 0.000000
8.000000 107.066675 3.854770 -0.413242 1.592154 0.000000 0.000000 0.000000 1.000000 0.000000 0.000000
8.000000 107.069169 3.811248 -0.424394 1.594902 0.000000 0.000000 0.000000 1.000000 0.000000 0.000000
8.000000 107.072306 3.863282 -0.407145 1.580764 0.000000 0.000000 0.000000 1.000000 0.000000 0.000000
8.000000 107.074952 3.810511 -0.390063 1.588091 0.000000 0.000000 0.000000 1.000000 0.000000 0.000000
8.000000 107.075881 3.845205 -0.423427 1.584458 0.000000 0.000000 0.000000 1.000000 0.000000 0.000000
8.000000 107.076168 3.848579 -0.420038 1.590005 0.000000 0.000000 0.000000 1.000000 0.000000 0.000000
8.000000 107.076646 3.856723 -0.407293 1.596805 0.000000 0.000000 0.000000 1.000000 0.000000 0.000000
8.000000 107.079217 3.783238 -0.425480 1.591036 0.000000 0.000000 0.000000 1.000000 0.000000 0.000000
8.000000 107.082328 3.831739 -0.409445 1.578405 0.000000 0.000000 0.000000 1.000000 0.000000 0.000000
8.000000 107.084762 3.766980 -0.390567 1.582268 0.000000 0.000000 0.000000 1.000000 0.000000 0.000000
8.000000 107.085806 3.796521 -0.423047 1.581761 0.000000 0.000000 0.000000 1.000000 0.000000 0.000000
8.000000 107.085821 3.797478 -0.422774 1.590573 0.000000 0.000000 0.000000 1.000000 0.000000 0.000000
8.000000 107.086761 3.804911 -0.413981 1.594599 0.000000 0.000000 0.000000 1.000000 0.000000 0.000000
8.000000 107.089242 3.747139 -0.428969 1.586532 0.000000 0.000000 0.000000 1.000000 0.000000 0.000000
8.000000 107.092256 3.802019 -0.414023 1.570349 0.000000 0.000000 0.000000 1.000000 0.000000 0.000000
8.000000 107.094851 3.746972 -0.399645 1.577034 0.000000 0.000000 0.000000 1.000000 0.000000 0.000000
8.000000 107.095775 3.778010 -0.434056 1.577241 0.000000 0.000000 0.000000 1.000000 0.000000 0.000000
8.000000 107.095911 3.756167 -0.425873 1.582365 0.000000 0.000000 0.000000 1.000000 0.000000 0.000000
8.000000 107.096630 3.800224 -0.378347 1.578923 0.000000 0.000000 0.000000 1.000000 0.000000 0.000000
8.000000 107.099129 3.669110 -0.422807 1.578350 0.000000 0.000000 0.000000 1.000000 0.000000 0.000000
8.000000 107.102370 3.755227 -0.419871 1.562900 0.000000 0.000000 0.000000 1.000000 0.000000 0.000000
8.000000 107.104825 3.703641 -0.402602 1.569605 0.000000 0.000000 0.000000 1.000000 0.000000 0.000000
8.000000 107.105866 3.737342 -0.434616 1.565229 0.000000 0.000000 0.000000 1.000000 0.000000 0.000000
8.000000 107.106040 3.726287 -0.426241 1.568676 0.000000 0.000000 0.000000 1.000000 0.000000 0.000000
8.000000 107.106705 3.773021 -0.373601 1.566824 0.000000 0.000000 0.000000 1.000000 0.000000 0.000000
8.000000 107.109253 3.636914 -0.419014 1.568968 0.000000 0.000000 0.000000 1.000000 0.000000 0.000000
8.000000 107.112384 3.711890 -0.413535 1.558619 0.000000 0.000000 0.000000 1.000000 0.000000 0.000000
8.000000 107.114992 3.658169 -0.390423 1.562686 0.000000 0.000000 0.000000 1.000000 0.000000 0.000000
8.000000 107.115795 3.702399 -0.434609 1.555940 0.000000 0.000000 0.000000 1.000000 0.000000 0.000000
8.000000 107.115918 3.685452 -0.429291 1.562794 0.000000 0.000000 0.000000 1.000000 0.000000 0.000000
8.000000 107.116688 3.682867 -0.426382 1.572425 0.000000 0.000000 0.000000 1.000000 0.000000 0.000000
8.000000 107.119147 3.622242 -0.438158 1.565988 0.000000 0.000000 0.000000 1.000000 0.000000 0.000000
8.000000 107.122415 3.678611 -0.420595 1.548009 0.000000 0.000000 0.000000 1.000000 0.000000 0.000000
8.000000 107.125807 3.487945 -0.385476 1.530251 0.000000 0.000000 0.000000 1.000000 0.000000 0.000000
8.000000 107.126102 3.645723 -0.433875 1.553890 0.000000 0.000000 0.000000 1.000000 0.000000 0.000000
8.000000 107.126713 3.663770 -0.413000 1.554916 0.000000 0.000000 0.000000 1.000000 0.000000 0.000000
8.000000 107.129112 3.587668 -0.434431 1.550496 0.000000 0.000000 0.000000 1.000000 0.000000 0.000000
8.000000 107.132282 3.626511 -0.422852 1.541851 0.000000 0.000000 0.000000 1.000000 0.000000 0.000000
8.000000 107.135784 3.461568 -0.391885 1.521052 0.000000 0.000000 0.000000 1.000000 0.000000 0.000000
8.000000 107.135939 3.604842 -0.434567 1.540312 0.000000 0.000000 0.000000 1.000000 0.000000 0.000000
8.000000 107.136662 3.610775 -0.423183 1.548461 0.000000 0.000000 0.000000 1.000000 0.000000 0.000000
8.000000 107.139127 3.550008 -0.439277 1.545494 0.000000 0.000000 0.000000 1.000000 0.000000 0.000000
8.000000 107.142386 3.486932 -0.417570 1.570337 0.000000 0.000000 0.000000 1.000000 0.000000 0.000000
8.000000 107.145760 3.574700 -0.416724 1.555332 0.000000 0.000000 0.000000 1.000000 0.000000 0.000000
8.000000 107.145849 3.563631 -0.440709 1.531596 0.000000 0.000000 0.000000 1.000000 0.000000 0.000000
8.000000 107.146712 3.523488 -0.428507 1.527239 0.000000 0.000000 0.000000 1.000000 0.000000 0.000000
8.000000 107.149256 3.505303 -0.439550 1.530588 0.000000 0.000000 0.000000 1.000000 0.000000 0.000000
8.000000 107.152325 3.552417 -0.420768 1.523493 0.000000 0.000000 0.000000 1.000000 0.000000 0.000000
8.000000 107.156111 3.565084 -0.398744 1.518642 0.000000 0.000000 0.000000 1.000000 0.000000 0.000000
8.000000 107.156244 3.532847 -0.434436 1.516739 0.000000 0.000000 0.000000 1.000000 0.000000 0.000000
8.000000 107.156919 3.483180 -0.420435 1.516215 0.000000 0.000000 0.000000 1.000000 0.000000 0.000000
8.000000 107.159207 3.444554 -0.437595 1.525499 0.000000 0.000000 0.000000 1.000000 0.000000 0.000000
8.000000 107.162406 3.530810 -0.423850 1.505121 0.000000 0.000000 0.000000 1.000000 0.000000 0.000000
8.000000 107.165768 3.530181 -0.401625 1.502296 0.000000 0.000000 0.000000 1.000000 0.000000 0.000000
8.000000 107.165889 3.492369 -0.440882 1.505263 0.000000 0.000000 0.000000 1.000000 0.000000 0.000000
8.000000 107.166798 3.461637 -0.433367 1.502798 0.000000 0.000000 0.000000 1.000000 0.000000 0.000000
8.000000 107.169388 3.431182 -0.443013 1.506447 0.000000 0.000000 0.000000 1.000000 0.000000 0.000000
8.000000 107.172303 3.499149 -0.433618 1.486391 0.000000 0.000000 0.000000 1.000000 0.000000 0.000000
8.000000 107.175777 3.317916 -0.403271 1.470223 0.000000 0.000000 0.000000 1.000000 0.000000 0.000000
8.000000 107.176003 3.449117 -0.442910 1.492226 0.000000 0.000000 0.000000 1.000000 0.000000 0.000000
8.000000 107.176771 3.451090 -0.434361 1.500340 0.000000 0.000000 0.000000 1.000000 0.000000 0.000000
8.000000 107.179092 3.390572 -0.447325 1.497978 0.000000 0.000000 0.000000 1.000000 0.000000 0.000000
8.000000 107.182521 3.461035 -0.435964 1.476098 0.000000 0.000000 0.000000 1.000000 0.000000 0.000000
8.000000 107.185763 3.277394 -0.404476 1.460132 0.000000 0.000000 0.000000 1.000000 0.000000 0.000000
8.000000 107.185861 3.408281 -0.444982 1.480050 0.000000 0.000000 0.000000 1.000000 0.000000 0.000000
8.000000 107.186793 3.422582 -0.429150 1.478475 0.000000 0.000000 0.000000 1.000000 0.000000 0.000000
8.000000 107.189242 3.361165 -0.448391 1.475465 0.000000 0.000000 0.000000 1.000000 0.000000 0.000000
8.000000 107.192483 3.417002 -0.431106 1.462372 0.000000 0.000000 0.000000 1.000000 0.000000 0.000000
8.000000 107.195875 3.179509 -0.385590 1.435894 0.000000 0.000000 0.000000 1.000000 0.000000 0.000000
8.000000 107.195941 3.372807 -0.444849 1.459872 0.000000 0.000000 0.000000 1.000000 0.000000 0.000000
8.000000 107.196814 3.400219 -0.413109 1.457983 0.000000 0.000000 0.000000 1.000000 0.000000 0.000000
8.000000 107.199136 3.311831 -0.443847 1.458656 0.000000 0.000000 0.000000 1.000000 0.000000 0.000000
8.000000 107.202455 3.375508 -0.433617 1.446961 0.000000 0.000000 0.000000 1.000000 0.000000 0.000000
8.000000 107.205822 3.366657 -0.412980 1.440640 0.000000 0.000000 0.000000 1.000000 0.000000 0.000000
8.000000 107.205903 3.336790 -0.446739 1.439082 0.000000 0.000000 0.000000 1.000000 0.000000 0.000000
8.000000 107.207097 3.276026 -0.429824 1.429594 0.000000 0.000000 0.000000 1.000000 0.000000 0.000000
8.000000 107.209213 3.273240 -0.443946 1.440421 0.000000 0.000000 0.000000 1.000000 0.000000 0.000000
8.000000 107.212377 3.322610 -0.435729 1.435721 0.000000 0.000000 0.000000 1.000000 0.000000 0.000000
8.000000 107.215858 3.094572 -0.391512 1.405464 0.000000 0.000000 0.000000 1.000000 0.000000 0.000000
8.000000 107.215961 3.290926 -0.451552 1.425692 0.000000 0.000000 0.000000 1.000000 0.000000 0.000000
8.000000 107.216974 3.291172 -0.447256 1.431868 0.000000 0.000000 0.000000 1.000000 0.000000 0.000000
8.000000 107.219254 3.249181 -0.455875 1.428292 0.000000 0.000000 0.000000 1.000000 0.000000 0.000000
8.000000 107.222670 3.299954 -0.438471 1.412096 0.000000 0.000000 0.000000 1.000000 0.000000 0.000000
8.000000 107.225810 3.282859 -0.420470 1.405929 0.000000 0.000000 0.000000 1.000000 0.000000 0.000000
8.000000 107.225933 3.254975 -0.452300 1.404229 0.000000 0.000000 0.000000 1.000000 0.000000 0.000000
8.000000 107.226842 3.218120 -0.443509 1.401158 0.000000 0.000000 0.000000 1.000000 0.000000 0.000000
8.000000 107.229345 3.196252 -0.455433 1.410045 0.000000 0.000000 0.000000 1.000000 0.000000 0.000000
8.000000 107.232314 3.250298 -0.450531 1.396679 0.000000 0.000000 0.000000 1.000000 0.000000 0.000000
8.000000 107.235773 3.123172 -0.425979 1.373463 0.000000 0.000000 0.000000 1.000000 0.000000 0.000000
8.000000 107.235965 3.218307 -0.453512 1.381002 0.000000 0.000000 0.000000 1.000000 0.000000 0.000000
8.000000 107.236901 3.220418 -0.442171 1.391969 0.000000 0.000000 0.000000 1.000000 0.000000 0.000000
8.000000 107.239130 3.159485 -0.456567 1.393041 0.000000 0.000000 0.000000 1.000000 0.000000 0.000000
8.000000 107.242542 3.237935 -0.442451 1.369750 0.000000 0.000000 0.000000 1.000000 0.000000 0.000000
8.000000 107.245914 3.010625 -0.401069 1.337127 0.000000 0.000000 0.000000 1.000000 0.000000 0.000000
8.000000 107.245985 3.185316 -0.452897 1.356569 0.000000 0.000000 0.000000 1.000000 0.000000 0.000000
8.000000 107.246848 3.216751 -0.417320 1.353985 0.000000 0.000000 0.000000 1.000000 0.000000 0.000000
8.000000 107.249269 3.138123 -0.452427 1.357062 0.000000 0.000000 0.000000 1.000000 0.000000 0.000000
8.000000 107.252332 3.191374 -0.448912 1.351113 0.000000 0.000000 0.000000 1.000000 0.000000 0.000000
8.000000 107.255872 2.995236 -0.409848 1.324969 0.000000 0.000000 0.000000 1.000000 0.000000 0.000000
8.000000 107.255934 3.144190 -0.455195 1.340222 0.000000 0.000000 0.000000 1.000000 0.000000 0.000000
8.000000 107.256807 3.159377 -0.424364 1.350014 0.000000 0.000000 0.000000 1.000000 0.000000 0.000000
8.000000 107.259248 3.053374 -0.452544 1.358595 0.000000 0.000000 0.000000 1.000000 0.000000 0.000000
8.000000 107.262460 3.156481 -0.457968 1.329538 0.000000 0.000000 0.000000 1.000000 0.000000 0.000000
8.000000 107.265846 3.023599 -0.436092 1.309585 0.000000 0.000000 0.000000 1.000000 0.000000 0.000000
8.000000 107.265851 3.102193 -0.458592 1.318599 0.000000 0.000000 0.000000 1.000000 0.000000 0.000000
8.000000 107.266892 3.115521 -0.442560 1.319272 0.000000 0.000000 0.000000 1.000000 0.000000 0.000000
8.000000 107.269235 3.059745 -0.462771 1.317333 0.000000 0.000000 0.000000 1.000000 0.000000 0.000000
8.000000 107.272410 3.120143 -0.448676 1.301877 0.000000 0.000000 0.000000 1.000000 0.000000 0.000000
8.000000 107.275935 2.857653 -0.402128 1.268246 0.000000 0.000000 0.000000 1.000000 0.000000 0.000000
8.000000 107.275971 3.063970 -0.464913 1.291450 0.000000 0.000000 0.000000 1.000000 0.000000 0.000000
8.000000 107.276767 3.080606 -0.443047 1.291814 0.000000 0.000000 0.000000 1.000000 0.000000 0.000000
8.000000 107.279140 3.027149 -0.461512 1.294023 0.000000 0.000000 0.000000 1.000000 0.000000 0.000000
8.000000 107.282576 3.061455 -0.448366 1.288874 0.000000 0.000000 0.000000 1.000000 0.000000 0.000000
8.000000 107.286006 3.051730 -0.432004 1.275335 0.000000 0.000000 0.000000 1.000000 0.000000 0.000000
8.000000 107.286237 3.026682 -0.465540 1.267724 0.000000 0.000000 0.000000 1.000000 0.000000 0.000000
8.000000 107.289162 3.031534 -0.473129 1.262185 0.000000 0.000000 0.000000 1.000000 0.000000 0.000000
8.000000 107.289206 2.979680 -0.469142 1.275309 0.000000 0.000000 0.000000 1.000000 0.000000 0.000000
8.000000 107.292498 3.015599 -0.453530 1.265888 0.000000 0.000000 0.000000 1.000000 0.000000 0.000000
8.000000 107.295978 2.914888 -0.445062 1.234446 0.000000 0.000000 0.000000 1.000000 0.000000 0.000000
8.000000 107.296070 2.995978 -0.467971 1.241300 0.000000 0.000000 0.000000 1.000000 0.000000 0.000000
8.000000 107.296794 3.046443 -0.416077 1.226998 0.000000 0.000000 0.000000 1.000000 0.000000 0.000000
8.000000 107.299115 2.962690 -0.459906 1.230143 0.000000 0.000000 0.000000 1.000000 0.000000 0.000000
8.000000 107.302459 3.011767 -0.468915 1.226708 0.000000 0.000000 0.000000 1.000000 0.000000 0.000000
8.000000 107.305966 2.970361 -0.452069 1.220286 0.000000 0.000000 0.000000 1.000000 0.000000 0.000000
8.000000 107.306072 2.954956 -0.471189 1.217637 0.000000 0.000000 0.000000 1.000000 0.000000 0.000000
8.000000 107.306815 2.876055 -0.449755 1.205727 0.000000 0.000000 0.000000 1.000000 0.000000 0.000000
8.000000 107.309158 2.895785 -0.460423 1.221758 0.000000 0.000000 0.000000 1.000000 0.000000 0.000000
8.000000 107.312392 2.982790 -0.466173 1.199917 0.000000 0.000000 0.000000 1.000000 0.000000 0.000000
8.000000 107.316119 2.935453 -0.452999 1.184976 0.000000 0.000000 0.000000 1.000000 0.000000 0.000000
8.000000 107.316153 2.919159 -0.474500 1.182311 0.000000 0.000000 0.000000 1.000000 0.000000 0.000000
8.000000 107.316853 2.884827 -0.463868 1.184732 0.000000 0.000000 0.000000 1.000000 0.000000 0.000000
8.000000 107.319252 2.870277 -0.473376 1.192703 0.000000 0.000000 0.000000 1.000000 0.000000 0.000000
8.000000 107.322499 2.932161 -0.466359 1.173832 0.000000 0.000000 0.000000 1.000000 0.000000 0.000000
8.000000 107.325995 2.910542 -0.455973 1.157669 0.000000 0.000000 0.000000 1.000000 0.000000 0.000000
8.000000 107.326022 2.891027 -0.482016 1.154900 0.000000 0.000000 0.000000 1.000000 0.000000 0.000000
8.000000 107.326898 2.837752 -0.464371 1.154604 0.000000 0.000000 0.000000 1.000000 0.000000 0.000000
8.000000 107.329200 2.840208 -0.472338 1.163409 0.000000 0.000000 0.000000 1.000000 0.000000 0.000000
8.000000 107.332415 2.908902 -0.466200 1.143743 0.000000 0.000000 0.000000 1.000000 0.000000 0.000000
8.000000 107.335997 2.701111 -0.429942 1.110091 0.000000 0.000000 0.000000 1.000000 0.000000 0.000000
8.000000 107.336875 2.820809 -0.467140 1.123131 0.000000 0.000000 0.000000 1.000000 0.000000 0.000000
8.000000 107.339302 2.808215 -0.477470 1.132879 0.000000 0.000000 0.000000 1.000000 0.000000 0.000000
8.000000 107.342518 2.882135 -0.471540 1.109481 0.000000 0.000000 0.000000 1.000000 0.000000 0.000000
8.000000 107.346042 2.677388 -0.436994 1.078339 0.000000 0.000000 0.000000 1.000000 0.000000 0.000000
8.000000 107.346854 2.771691 -0.466196 1.092020 0.000000 0.000000 0.000000 1.000000 0.000000 0.000000
8.000000 107.349344 2.755863 -0.478723 1.103314 0.000000 0.000000 0.000000 1.000000 0.000000 0.000000
8.000000 107.352375 2.851998 -0.478253 1.070875 0.000000 0.000000 0.000000 1.000000 0.000000 0.000000
8.000000 107.356012 2.647902 -0.446874 1.041696 0.000000 0.000000 0.000000 1.000000 0.000000 0.000000
8.000000 107.356884 2.722766 -0.469939 1.049714 0.000000 0.000000 0.000000 1.000000 0.000000 0.000000
8.000000 107.359311 2.740414 -0.479195 1.062613 0.000000 0.000000 0.000000 1.000000 0.000000 0.000000
8.000000 107.362515 2.796818 -0.484544 1.049089 0.000000 0.000000 0.000000 1.000000 0.000000 0.000000
8.000000 107.366022 2.649605 -0.461009 1.020801 0.000000 0.000000 0.000000 1.000000 0.000000 0.000000
8.000000 107.366860 2.690283 -0.473844 1.022891 0.000000 0.000000 0.000000 1.000000 0.000000 0.000000
8.000000 107.369410 2.699122 -0.480500 1.036112 0.000000 0.000000 0.000000 1.000000 0.000000 0.000000
8.000000 107.372437 2.771185 -0.476426 1.013458 0.000000 0.000000 0.000000 1.000000 0.000000 0.000000
8.000000 107.375976 2.541325 -0.439734 0.976705 0.000000 0.000000 0.000000 1.000000 0.000000 0.000000
8.000000 107.376862 2.648483 -0.472765 0.985020 0.000000 0.000000 0.000000 1.000000 0.000000 0.000000
8.000000 107.379197 2.671843 -0.479242 0.997864 0.000000 0.000000 0.000000 1.000000 0.000000 0.000000
8.000000 107.382884 2.745108 -0.482365 0.975938 0.000000 0.000000 0.000000 1.000000 0.000000 0.000000
8.000000 107.386053 2.525534 -0.450335 0.943570 0.000000 0.000000 0.000000 1.000000 0.000000 0.000000
8.000000 107.386954 2.609189 -0.475952 0.950477 0.000000 0.000000 0.000000 1.000000 0.000000 0.000000
8.000000 107.389405 2.643162 -0.478890 0.962282 0.000000 0.000000 0.000000 1.000000 0.000000 0.000000
8.000000 107.392391 2.697416 -0.480879 0.947525 0.000000 0.000000 0.000000 1.000000 0.000000 0.000000
8.000000 107.396041 2.523186 -0.453688 0.913467 0.000000 0.000000 0.000000 1.000000 0.000000 0.000000
8.000000 107.396850 2.581496 -0.471934 0.910657 0.000000 0.000000 0.000000 1.000000 0.000000 0.000000
8.000000 107.399305 2.605019 -0.483657 0.924515 0.000000 0.000000 0.000000 1.000000 0.000000 0.000000
8.000000 107.402693 2.675854 -0.488483 0.905910 0.000000 0.000000 0.000000 1.000000 0.000000 0.000000
8.000000 107.406093 2.423251 -0.450557 0.865708 0.000000 0.000000 0.000000 1.000000 0.000000 0.000000
8.000000 107.407031 2.516042 -0.479022 0.874258 0.000000 0.000000 0.000000 1.000000 0.000000 0.000000
8.000000 107.409446 2.561958 -0.481502 0.892354 0.000000 0.000000 0.000000 1.000000 0.000000 0.000000
8.000000 107.412560 2.642450 -0.485926 0.867027 0.000000 0.000000 0.000000 1.000000 0.000000 0.000000
8.000000 107.415970 2.374920 -0.448793 0.825081 0.000000 0.000000 0.000000 1.000000 0.000000 0.000000
8.000000 107.416868 2.501363 -0.487416 0.840842 0.000000 0.000000 0.000000 1.000000 0.000000 0.000000
8.000000 107.419312 2.528763 -0.491492 0.856660 0.000000 0.000000 0.000000 1.000000 0.000000 0.000000
8.000000 107.422550 2.603571 -0.492024 0.831449 0.000000 0.000000 0.000000 1.000000 0.000000 0.000000
8.000000 107.426046 2.347708 -0.455751 0.786184 0.000000 0.000000 0.000000 1.000000 0.000000 0.000000
8.000000 107.426936 2.455970 -0.489064 0.795161 0.000000 0.000000 0.000000 1.000000 0.000000 0.000000
8.000000 107.429189 2.515636 -0.489566 0.817807 0.000000 0.000000 0.000000 1.000000 0.000000 0.000000
8.000000 107.432444 2.586018 -0.492829 0.797208 0.000000 0.000000 0.000000 1.000000 0.000000 0.000000
8.000000 107.436092 2.294410 -0.451313 0.750356 0.000000 0.000000 0.000000 1.000000 0.000000 0.000000
8.000000 107.436954 2.433728 -0.493694 0.761500 0.000000 0.000000 0.000000 1.000000 0.000000 0.000000
8.000000 107.442636 2.513378 -0.472571 0.759934 0.000000 0.000000 0.000000 1.000000 0.000000 0.000000
8.000000 107.446030 2.267232 -0.452297 0.704270 0.000000 0.000000 0.000000 1.000000 0.000000 0.000000
8.000000 107.447012 2.390352 -0.489799 0.718317 0.000000 0.000000 0.000000 1.000000 0.000000 0.000000
8.000000 107.452403 2.458470 -0.471310 0.727592 0.000000 0.000000 0.000000 1.000000 0.000000 0.000000
8.000000 107.456023 2.216993 -0.452193 0.671312 0.000000 0.000000 0.000000 1.000000 0.000000 0.000000
8.000000 107.456904 2.308012 -0.480524 0.664620 0.000000 0.000000 0.000000 1.000000 0.000000 0.000000
8.000000 107.462606 2.345942 -0.470509 0.660850 0.000000 0.000000 0.000000 1.000000 0.000000 0.000000
8.000000 107.466218 2.192896 -0.458358 0.619811 0.000000 0.000000 0.000000 1.000000 0.000000 0.000000
8.000000 107.466987 2.324464 -0.498587 0.630612 0.000000 0.000000 0.000000 1.000000 0.000000 0.000000
8.000000 107.472517 2.379193 -0.484090 0.631697 0.000000 0.000000 0.000000 1.000000 0.000000 0.000000
8.000000 107.476042 2.179910 -0.468085 0.580322 0.000000 0.000000 0.000000 1.000000 0.000000 0.000000
8.000000 107.476945 2.271140 -0.495978 0.588107 0.000000 0.000000 0.000000 1.000000 0.000000 0.000000
8.000000 107.482554 2.342070 -0.477505 0.587516 0.000000 0.000000 0.000000 1.000000 0.000000 0.000000
8.000000 107.486158 2.117628 -0.459495 0.528260 0.000000 0.000000 0.000000 1.000000 0.000000 0.000000
8.000000 107.487166 2.232233 -0.494312 0.541095 0.000000 0.000000 0.000000 1.000000 0.000000 0.000000
8.000000 107.492441 2.275668 -0.483022 0.540162 0.000000 0.000000 0.000000 1.000000 0.000000 0.000000
8.000000 107.496142 2.056678 -0.465949 0.479500 0.000000 0.000000 0.000000 1.000000 0.000000 0.000000
8.000000 107.502587 2.057599 -0.466856 0.461293 0.000000 0.000000 0.000000 1.000000 0.000000 0.000000
8.000000 107.506162 2.034599 -0.465819 0.438894 0.000000 0.000000 0.000000 1.000000 0.000000 0.000000
8.000000 107.507051 2.127343 -0.494403 0.444797 0.000000 0.000000 0.000000 1.000000 0.000000 0.000000
8.000000 107.512517 2.174829 -0.482333 0.442287 0.000000 0.000000 0.000000 1.000000 0.000000 0.000000
8.000000 107.516171 1.982009 -0.467321 0.384424 0.000000 0.000000 0.000000 1.000000 0.000000 0.000000
8.000000 107.517220 2.123303 -0.510072 0.398957 0.000000 0.000000 0.000000 1.000000 0.000000 0.000000
8.000000 107.522778 2.195115 -0.491486 0.398850 0.000000 0.000000 0.000000 1.000000 0.000000 0.000000
8.000000 107.526266 1.978963 -0.474540 0.337979 0.000000 0.000000 0.000000 1.000000 0.000000 0.000000
8.000000 107.527062 2.092840 -0.509034 0.353956 0.000000 0.000000 0.000000 1.000000 0.000000 0.000000
8.000000 107.532658 2.154047 -0.493032 0.357743 0.000000 0.000000 0.000000 1.000000 0.000000 0.000000
8.000000 107.535934 1.974003 -0.479233 0.300871 0.000000 0.000000 0.000000 1.000000 0.000000 0.000000
8.000000 107.537230 2.065746 -0.507245 0.308917 0.000000 0.000000 0.000000 1.000000 0.000000 0.000000
8.000000 107.542722 2.097126 -0.500061 0.299689 0.000000 0.000000 0.000000 1.000000 0.000000 0.000000
8.000000 107.546141 1.966516 -0.490071 0.252701 0.000000 0.000000 0.000000 1.000000 0.000000 0.000000
8.000000 107.547172 1.969326 -0.490959 0.266784 0.000000 0.000000 0.000000 1.000000 0.000000 0.000000
8.000000 107.552545 1.960793 -0.494391 0.258288 0.000000 0.000000 0.000000 1.000000 0.000000 0.000000
8.000000 107.556180 1.935484 -0.494368 0.211403 0.000000 0.000000 0.000000 1.000000 0.000000 0.000000
8.000000 107.557099 1.953135 -0.500538 0.207056 0.000000 0.000000 0.000000 1.000000 0.000000 0.000000
8.000000 107.562762 1.967662 -0.497563 0.199151 0.000000 0.000000 0.000000 1.000000 0.000000 0.000000
8.000000 107.566055 1.908039 -0.493568 0.159803 0.000000 0.000000 0.000000 1.000000 0.000000 0.000000
8.000000 107.567339 1.945547 -0.505107 0.159953 0.000000 0.000000 0.000000 1.000000 0.000000 0.000000
8.000000 107.572493 1.946517 -0.505691 0.148506 0.000000 0.000000 0.000000 1.000000 0.000000 0.000000
8.000000 107.576154 1.873197 -0.500342 0.110997 0.000000 0.000000 0.000000 1.000000 0.000000 0.000000
8.000000 107.576977 1.915550 -0.513150 0.111447 0.000000 0.000000 0.000000 1.000000 0.000000 0.000000
8.000000 107.582704 1.975690 -0.497527 0.112603 0.000000 0.000000 0.000000 1.000000 0.000000 0.000000
8.000000 107.586023 1.722084 -0.477712 0.048102 0.000000 0.000000 0.000000 1.000000 0.000000 0.000000
8.000000 107.587064 1.869641 -0.521858 0.060792 0.000000 0.000000 0.000000 1.000000 0.000000 0.000000
8.000000 107.592494 1.899754 -0.515032 0.049013 0.000000 0.000000 0.000000 1.000000 0.000000 0.000000
8.000000 107.596204 1.777069 -0.506269 -0.002867 0.000000 0.000000 0.000000 1.000000 0.000000 0.000000
8.000000 107.597144 1.803278 -0.514635 0.001792 0.000000 0.000000 0.000000 1.000000 0.000000 0.000000
8.000000 107.602636 1.820229 -0.509414 0.018549 0.000000 0.000000 0.000000 1.000000 0.000000 0.000000
8.000000 107.606179 1.733452 -0.502746 0.012931 0.000000 0.000000 0.000000 1.000000 0.000000 0.000000
8.000000 107.607470 1.788340 -0.519401 0.034310 0.000000 0.000000 0.000000 1.000000 0.000000 0.000000
8.000000 107.612472 1.872437 -0.497488 0.073755 0.000000 0.000000 0.000000 1.000000 0.000000 0.000000
8.000000 107.616058 1.634250 -0.479770 0.056108 0.000000 0.000000 0.000000 1.000000 0.000000 0.000000
8.000000 107.617024 1.744748 -0.512436 0.079947 0.000000 0.000000 0.000000 1.000000 0.000000 0.000000
8.000000 107.622570 1.786528 -0.501106 0.104597 0.000000 0.000000 0.000000 1.000000 0.000000 0.000000
8.000000 107.626033 1.644321 -0.490189 0.093289 0.000000 0.000000 0.000000 1.000000 0.000000 0.000000
8.000000 107.627256 1.742118 -0.519070 0.113538 0.000000 0.000000 0.000000 1.000000 0.000000 0.000000
8.000000 107.632500 1.799919 -0.504036 0.144982 0.000000 0.000000 0.000000 1.000000 0.000000 0.000000
8.000000 107.636002 1.608212 -0.489832 0.132000 0.000000 0.000000 0.000000 1.000000 0.000000 0.000000
8.000000 107.637030 1.694200 -0.515217 0.152421 0.000000 0.000000 0.000000 1.000000 0.000000 0.000000
8.000000 107.642590 1.723939 -0.507242 0.179429 0.000000 0.000000 0.000000 1.000000 0.000000 0.000000
8.000000 107.646075 1.437527 -0.485150 0.150550 0.000000 0.000000 0.000000 1.000000 0.000000 0.000000
8.000000 107.647151 1.569241 -0.523757 0.177544 0.000000 0.000000 0.000000 1.000000 0.000000 0.000000
8.000000 107.652507 1.638582 -0.505188 0.200990 0.000000 0.000000 0.000000 1.000000 0.000000 0.000000
8.000000 107.656092 1.542689 -0.497838 0.196020 0.000000 0.000000 0.000000 1.000000 0.000000 0.000000
8.000000 107.656941 1.590430 -0.512010 0.213482 0.000000 0.000000 0.000000 1.000000 0.000000 0.000000
8.000000 107.662614 1.620000 -0.504104 0.237033 0.000000 0.000000 0.000000 1.000000 0.000000 0.000000
8.000000 107.666011 1.492577 -0.494569 0.230849 0.000000 0.000000 0.000000 1.000000 0.000000 0.000000
8.000000 107.667125 1.585800 -0.521950 0.252224 0.000000 0.000000 0.000000 1.000000 0.000000 0.000000
8.000000 107.672545 1.625812 -0.511495 0.279441 0.000000 0.000000 0.000000 1.000000 0.000000 0.000000
8.000000 107.676092 1.465391 -0.499764 0.265113 0.000000 0.000000 0.000000 1.000000 0.000000 0.000000
8.000000 107.682544 1.478752 -0.502044 0.281942 0.000000 0.000000 0.000000 1.000000 0.000000 0.000000
8.000000 107.686017 1.429595 -0.496108 0.293014 0.000000 0.000000 0.000000 1.000000 0.000000 0.000000
8.000000 107.687094 1.496325 -0.515652 0.311976 0.000000 0.000000 0.000000 1.000000 0.000000 0.000000
8.000000 107.692447 1.557583 -0.498956 0.335863 0.000000 0.000000 0.000000 1.000000 0.000000 0.000000
8.000000 107.696068 1.331963 -0.481099 0.309107 0.000000 0.000000 0.000000 1.000000 0.000000 0.000000
8.000000 107.697227 1.433312 -0.510771 0.337499 0.000000 0.000000 0.000000 1.000000 0.000000 0.000000
8.000000 107.702607 1.481020 -0.497781 0.359665 0.000000 0.000000 0.000000 1.000000 0.000000 0.000000
8.000000 107.706050 1.314576 -0.484796 0.344803 0.000000 0.000000 0.000000 1.000000 0.000000 0.000000
8.000000 107.706991 1.424106 -0.516518 0.357298 0.000000 0.000000 0.000000 1.000000 0.000000 0.000000
8.000000 107.712536 1.433530 -0.514879 0.369468 0.000000 0.000000 0.000000 1.000000 0.000000 0.000000
8.000000 107.716084 1.355328 -0.510142 0.381435 0.000000 0.000000 0.000000 1.000000 0.000000 0.000000
8.000000 107.716892 1.387259 -0.519522 0.403822 0.000000 0.000000 0.000000 1.000000 0.000000 0.000000
8.000000 107.722646 1.432158 -0.507028 0.427636 0.000000 0.000000 0.000000 1.000000 0.000000 0.000000
8.000000 107.726012 1.264500 -0.493897 0.404134 0.000000 0.000000 0.000000 1.000000 0.000000 0.000000
8.000000 107.732537 1.291965 -0.500334 0.424082 0.000000 0.000000 0.000000 1.000000 0.000000 0.000000
8.000000 107.736160 1.218216 -0.492659 0.433108 0.000000 0.000000 0.000000 1.000000 0.000000 0.000000
8.000000 107.736921 1.313678 -0.520382 0.454366 0.000000 0.000000 0.000000 1.000000 0.000000 0.000000
8.000000 107.742623 1.356785 -0.508940 0.477517 0.000000 0.000000 0.000000 1.000000 0.000000 0.000000
8.000000 107.746070 1.201307 -0.497587 0.455179 0.000000 0.000000 0.000000 1.000000 0.000000 0.000000
8.000000 107.747015 1.288434 -0.523041 0.475833 0.000000 0.000000 0.000000 1.000000 0.000000 0.000000
8.000000 107.752530 1.341562 -0.508264 0.510421 0.000000 0.000000 0.000000 1.000000 0.000000 0.000000
8.000000 107.756077 1.126835 -0.491832 0.485698 0.000000 0.000000 0.000000 1.000000 0.000000 0.000000
8.000000 107.757208 1.228473 -0.521296 0.503781 0.000000 0.000000 0.000000 1.000000 0.000000 0.000000
8.000000 107.762623 1.277351 -0.508463 0.529262 0.000000 0.000000 0.000000 1.000000 0.000000 0.000000
8.000000 107.766083 1.125793 -0.497110 0.516587 0.000000 0.000000 0.000000 1.000000 0.000000 0.000000
8.000000 107.767053 1.216080 -0.523244 0.532791 0.000000 0.000000 0.000000 1.000000 0.000000 0.000000
8.000000 107.772773 1.266292 -0.510249 0.558651 0.000000 0.000000 0.000000 1.000000 0.000000 0.000000
8.000000 107.776132 1.073404 -0.496033 0.537871 0.000000 0.000000 0.000000 1.000000 0.000000 0.000000
8.000000 107.777319 1.178428 -0.526536 0.553887 0.000000 0.000000 0.000000 1.000000 0.000000 0.000000
8.000000 107.782621 1.205621 -0.519531 0.579790 0.000000 0.000000 0.000000 1.000000 0.000000 0.000000
8.000000 107.786076 1.085289 -0.511371 0.567611 0.000000 0.000000 0.000000 1.000000 0.000000 0.000000
8.000000 107.787293 1.154466 -0.531662 0.578742 0.000000 0.000000 0.000000 1.000000 0.000000 0.000000
8.000000 107.792633 1.227424 -0.512280 0.607775 0.000000 0.000000 0.000000 1.000000 0.000000 0.000000
8.000000 107.796182 1.054496 -0.499341 0.584758 0.000000 0.000000 0.000000 1.000000 0.000000 0.000000
8.000000 107.796995 1.141319 -0.524362 0.607833 0.000000 0.000000 0.000000 1.000000 0.000000 0.000000
8.000000 107.802734 1.143235 -0.522930 0.622930 0.000000 0.000000 0.000000 1.000000 0.000000 0.000000
8.000000 107.806145 1.023890 -0.513607 0.603974 0.000000 0.000000 0.000000 1.000000 0.000000 0.000000
8.000000 107.807143 1.068866 -0.526563 0.618619 0.000000 0.000000 0.000000 1.000000 0.000000 0.000000
8.000000 107.812581 1.127727 -0.511242 0.644913 0.000000 0.000000 0.000000 1.000000 0.000000 0.000000
8.000000 107.816144 0.973705 -0.500169 0.625656 0.000000 0.000000 0.000000 1.000000 0.000000 0.000000
8.000000 107.817059 1.078157 -0.530543 0.639173 0.000000 0.000000 0.000000 1.000000 0.000000 0.000000
8.000000 107.822843 1.097070 -0.525411 0.657870 0.000000 0.000000 0.000000 1.000000 0.000000 0.000000
8.000000 107.826277 0.962720 -0.515299 0.646021 0.000000 0.000000 0.000000 1.000000 0.000000 0.000000
8.000000 107.827021 1.027765 -0.533970 0.660150 0.000000 0.000000 0.000000 1.000000 0.000000 0.000000
8.000000 107.832572 1.083569 -0.519857 0.690903 0.000000 0.000000 0.000000 1.000000 0.000000 0.000000
8.000000 107.836181 0.897745 -0.507999 0.664797 0.000000 0.000000 0.000000 1.000000 0.000000 0.000000
8.000000 107.837090 0.998735 -0.538175 0.674706 0.000000 0.000000 0.000000 1.000000 0.000000 0.000000
8.000000 107.842725 1.028757 -0.529767 0.696739 0.000000 0.000000 0.000000 1.000000 0.000000 0.000000
8.000000 107.846133 0.901099 -0.520558 0.673344 0.000000 0.000000 0.000000 1.000000 0.000000 0.000000
8.000000 107.847092 0.969459 -0.540243 0.692765 0.000000 0.000000 0.000000 1.000000 0.000000 0.000000
8.000000 107.852588 0.961189 -0.541284 0.716874 0.000000 0.000000 0.000000 1.000000 0.000000 0.000000
8.000000 107.856205 0.939943 -0.540067 0.711496 0.000000 0.000000 0.000000 1.000000 0.000000 0.000000
8.000000 107.857014 0.881758 -0.523716 0.705229 0.000000 0.000000 0.000000 1.000000 0.000000 0.000000
8.000000 107.862713 0.855509 -0.530249 0.714842 0.000000 0.000000 0.000000 1.000000 0.000000 0.000000
8.000000 107.866297 0.901131 -0.534077 0.719349 0.000000 0.000000 0.000000 1.000000 0.000000 0.000000
8.000000 107.867391 0.843299 -0.517703 0.718961 0.000000 0.000000 0.000000 1.000000 0.000000 0.000000
8.000000 107.872747 0.774986 -0.534848 0.729535 0.000000 0.000000 0.000000 1.000000 0.000000 0.000000
8.000000 107.876256 0.884593 -0.544281 0.736857 0.000000 0.000000 0.000000 1.000000 0.000000 0.000000
8.000000 107.877076 0.813100 -0.524624 0.727524 0.000000 0.000000 0.000000 1.000000 0.000000 0.000000
8.000000 107.882770 0.777038 -0.533493 0.742797 0.000000 0.000000 0.000000 1.000000 0.000000 0.000000
8.000000 107.886204 0.829807 -0.538240 0.746782 0.000000 0.000000 0.000000 1.000000 0.000000 0.000000
8.000000 107.887048 0.771985 -0.522100 0.745527 0.000000 0.000000 0.000000 1.000000 0.000000 0.000000
8.000000 107.892639 0.709009 -0.537623 0.757295 0.000000 0.000000 0.000000 1.000000 0.000000 0.000000
8.000000 107.896308 0.791932 -0.545373 0.755024 0.000000 0.000000 0.000000 1.000000 0.000000 0.000000
8.000000 107.897481 0.740425 -0.531931 0.733975 0.000000 0.000000 0.000000 1.000000 0.000000 0.000000
8.000000 107.902666 0.743465 -0.532281 0.759328 0.000000 0.000000 0.000000 1.000000 0.000000 0.000000
8.000000 107.906353 0.756077 -0.535706 0.769636 0.000000 0.000000 0.000000 1.000000 0.000000 0.000000
8.000000 107.907030 0.761489 -0.538073 0.763025 0.000000 0.000000 0.000000 1.000000 0.000000 0.000000
8.000000 107.912682 0.767751 -0.536548 0.781907 0.000000 0.000000 0.000000 1.000000 0.000000 0.000000
8.000000 107.916243 0.785012 -0.539555 0.779478 0.000000 0.000000 0.000000 1.000000 0.000000 0.000000
8.000000 107.917093 0.699507 -0.516066 0.773856 0.000000 0.000000 0.000000 1.000000 0.000000 0.000000
8.000000 107.922676 0.603994 -0.539500 0.786897 0.000000 0.000000 0.000000 1.000000 0.000000 0.000000
8.000000 107.926333 0.812269 -0.556384 0.802637 0.000000 0.000000 0.000000 1.000000 0.000000 0.000000
8.000000 107.927106 0.675018 -0.518276 0.785961 0.000000 0.000000 0.000000 1.000000 0.000000 0.000000
8.000000 107.932727 0.694083 -0.513030 0.814726 0.000000 0.000000 0.000000 1.000000 0.000000 0.000000
8.000000 107.936219 0.604953 -0.509031 0.790966 0.000000 0.000000 0.000000 1.000000 0.000000 0.000000
8.000000 107.937151 0.633890 -0.519142 0.788714 0.000000 0.000000 0.000000 1.000000 0.000000 0.000000
8.000000 107.942752 0.566078 -0.535784 0.802621 0.000000 0.000000 0.000000 1.000000 0.000000 0.000000
8.000000 107.946212 0.726867 -0.549585 0.809718 0.000000 0.000000 0.000000 1.000000 0.000000 0.000000
8.000000 107.947006 0.600005 -0.514870 0.793248 0.000000 0.000000 0.000000 1.000000 0.000000 0.000000
8.000000 107.952672 0.532044 -0.531542 0.808059 0.000000 0.000000 0.000000 1.000000 0.000000 0.000000
8.000000 107.956319 0.635897 -0.541316 0.806995 0.000000 0.000000 0.000000 1.000000 0.000000 0.000000
8.000000 107.957117 0.556145 -0.520308 0.787443 0.000000 0.000000 0.000000 1.000000 0.000000 0.000000
8.000000 107.962779 0.481394 -0.539249 0.798475 0.000000 0.000000 0.000000 1.000000 0.000000 0.000000
8.000000 107.966218 0.718434 -0.558562 0.822859 0.000000 0.000000 0.000000 1.000000 0.000000 0.000000
8.000000 107.967182 0.594901 -0.524381 0.813181 0.000000 0.000000 0.000000 1.000000 0.000000 0.000000
8.000000 107.972642 0.502149 -0.547104 0.825920 0.000000 0.000000 0.000000 1.000000 0.000000 0.000000
8.000000 107.976272 0.687079 -0.563344 0.829365 0.000000 0.000000 0.000000 1.000000 0.000000 0.000000
8.000000 107.977155 0.548604 -0.526091 0.809325 0.000000 0.000000 0.000000 1.000000 0.000000 0.000000
8.000000 107.982691 0.459722 -0.547901 0.820327 0.000000 0.000000 0.000000 1.000000 0.000000 0.000000
8.000000 107.986253 0.666950 -0.565162 0.828739 0.000000 0.000000 0.000000 1.000000 0.000000 0.000000
8.000000 107.987487 0.526830 -0.527040 0.808919 0.000000 0.000000 0.000000 1.000000 0.000000 0.000000
8.000000 107.992690 0.423751 -0.552696 0.818484 0.000000 0.000000 0.000000 1.000000 0.000000 0.000000
8.000000 107.996234 0.671219 -0.572683 0.837079 0.000000 0.000000 0.000000 1.000000 0.000000 0.000000
8.000000 107.997152 0.488558 -0.522466 0.803950 0.000000 0.000000 0.000000 1.000000 0.000000 0.000000
8.000000 108.002753 0.533420 -0.511539 0.835484 0.000000 0.000000 0.000000 1.000000 0.000000 0.000000
8.000000 108.006288 0.399194 -0.504679 0.811594 0.000000 0.000000 0.000000 1.000000 0.000000 0.000000
8.000000 108.007119 0.470838 -0.526905 0.801553 0.000000 0.000000 0.000000 1.000000 0.000000 0.000000
8.000000 108.012639 0.370399 -0.552950 0.815386 0.000000 0.000000 0.000000 1.000000 0.000000 0.000000
8.000000 108.016276 0.617133 -0.575056 0.839741 0.000000 0.000000 0.000000 1.000000 0.000000 0.000000
8.000000 108.017153 0.413980 -0.520330 0.808191 0.000000 0.000000 0.000000 1.000000 0.000000 0.000000
8.000000 108.022730 0.301923 -0.548049 0.820838 0.000000 0.000000 0.000000 1.000000 0.000000 0.000000
8.000000 108.026248 0.551862 -0.569327 0.834245 0.000000 0.000000 0.000000 1.000000 0.000000 0.000000
8.000000 108.027052 0.385241 -0.524597 0.808773 0.000000 0.000000 0.000000 1.000000 0.000000 0.000000
8.000000 108.032677 0.247756 -0.558713 0.813935 0.000000 0.000000 0.000000 1.000000 0.000000 0.000000
8.000000 108.036243 0.599484 -0.586940 0.837576 0.000000 0.000000 0.000000 1.000000 0.000000 0.000000
8.000000 108.037119 0.348048 -0.518189 0.804991 0.000000 0.000000 0.000000 1.000000 0.000000 0.000000
8.000000 108.042776 0.216534 -0.550639 0.811561 0.000000 0.000000 0.000000 1.000000 0.000000 0.000000
8.000000 108.046319 0.550919 -0.577425 0.833041 0.000000 0.000000 0.000000 1.000000 0.000000 0.000000
8.000000 108.047186 0.261273 -0.497919 0.794067 0.000000 0.000000 0.000000 1.000000 0.000000 0.000000
8.000000 108.052722 0.086676 -0.541229 0.792833 0.000000 0.000000 0.000000 1.000000 0.000000 0.000000
8.000000 108.056257 0.457671 -0.570865 0.817553 0.000000 0.000000 0.000000 1.000000 0.000000 0.000000
8.000000 108.057212 0.284481 -0.524223 0.780018 0.000000 0.000000 0.000000 1.000000 0.000000 0.000000
8.000000 108.062764 0.181309 -0.550470 0.790968 0.000000 0.000000 0.000000 1.000000 0.000000 0.000000
8.000000 108.066380 0.434902 -0.572024 0.815048 0.000000 0.000000 0.000000 1.000000 0.000000 0.000000
8.000000 108.067217 0.254288 -0.523462 0.784915 0.000000 0.000000 0.000000 1.000000 0.000000 0.000000
8.000000 108.072730 0.115312 -0.558073 0.791279 0.000000 0.000000 0.000000 1.000000 0.000000 0.000000
8.000000 108.076317 0.484550 -0.588460 0.816515 0.000000 0.000000 0.000000 1.000000 0.000000 0.000000
8.000000 108.077191 0.239951 -0.522681 0.779528 0.000000 0.000000 0.000000 1.000000 0.000000 0.000000
8.000000 108.082777 0.235711 -0.523045 0.808086 0.000000 0.000000 0.000000 1.000000 0.000000 0.000000
8.000000 108.086206 0.291282 -0.530602 0.791419 0.000000 0.000000 0.000000 1.000000 0.000000 0.000000
8.000000 108.087201 0.238599 -0.518389 0.777832 0.000000 0.000000 0.000000 1.000000 0.000000 0.000000
8.000000 108.092906 0.074089 -0.558926 0.781308 0.000000 0.000000 0.000000 1.000000 0.000000 0.000000
8.000000 108.097211 0.095903 -0.560228 0.771745 0.000000 0.000000 0.000000 1.000000 0.000000 0.000000
8.000000 108.102764 0.132364 -0.550940 0.770889 0.000000 0.000000 0.000000 1.000000 0.000000 0.000000
8.000000 108.107177 0.049657 -0.544768 0.758194 0.000000 0.000000 0.000000 1.000000 0.000000 0.000000
8.000000 108.112693 0.092709 -0.534028 0.767601 0.000000 0.000000 0.000000 1.000000 0.000000 0.000000
8.000000 108.117426 0.075144 -0.532776 0.767084 0.000000 0.000000 0.000000 1.000000 0.000000 0.000000
8.000000 108.122780 0.123718 -0.520476 0.764174 0.000000 0.000000 0.000000 1.000000 0.000000 0.000000
8.000000 108.127190 0.072890 -0.516551 0.753220 0.000000 0.000000 0.000000 1.000000 0.000000 0.000000
8.000000 108.132753 -0.122545 -0.565523 0.723858 0.000000 0.000000 0.000000 1.000000 0.000000 0.000000
8.000000 108.137492 -0.125990 -0.565187 0.717818 0.000000 0.000000 0.000000 1.000000 0.000000 0.000000
8.000000 108.142857 -0.114940 -0.562419 0.714007 0.000000 0.000000 0.000000 1.000000 0.000000 0.000000
8.000000 108.147151 -0.106526 -0.562965 0.710794 0.000000 0.000000 0.000000 1.000000 0.000000 0.000000
8.000000 108.152770 -0.152230 -0.574422 0.702387 0.000000 0.000000 0.000000 1.000000 0.000000 0.000000
8.000000 108.157185 -0.211750 -0.570080 0.692225 0.000000 0.000000 0.000000 1.000000 0.000000 0.000000
8.000000 108.162860 -0.228496 -0.574295 0.683622 0.000000 0.000000 0.000000 1.000000 0.000000 0.000000
8.000000 108.167258 -0.271720 -0.571086 0.668013 0.000000 0.000000 0.000000 1.000000 0.000000 0.000000
8.000000 108.172799 -0.224661 -0.559402 0.666368 0.000000 0.000000 0.000000 1.000000 0.000000 0.000000
8.000000 108.177232 -0.236270 -0.558497 0.657762 0.000000 0.000000 0.000000 1.000000 0.000000 0.000000
8.000000 108.182827 -0.238208 -0.559015 0.652269 0.000000 0.000000 0.000000 1.000000 0.000000 0.000000
8.000000 108.187199 -0.254495 -0.557807 0.641593 0.000000 0.000000 0.000000 1.000000 0.000000 0.000000
8.000000 108.192831 -0.248471 -0.556389 0.632819 0.000000 0.000000 0.000000 1.000000 0.000000 0.000000
8.000000 108.197227 -0.226812 -0.558013 0.638595 0.000000 0.000000 0.000000 1.000000 0.000000 0.000000
8.000000 108.202904 -0.269466 -0.568677 0.623924 0.000000 0.000000 0.000000 1.000000 0.000000 0.000000
8.000000 108.207255 -0.397809 -0.559443 0.576737 0.000000 0.000000 0.000000 1.000000 0.000000 0.000000
8.000000 108.212868 -0.456173 -0.574069 0.563601 0.000000 0.000000 0.000000 1.000000 0.000000 0.000000
8.000000 108.217206 -0.445658 -0.574645 0.572170 0.000000 0.000000 0.000000 1.000000 0.000000 0.000000
8.000000 108.222901 -0.214925 -0.517463 0.597539 0.000000 0.000000 0.000000 1.000000 0.000000 0.000000
8.000000 108.227227 -0.199083 -0.518636 0.582102 0.000000 0.000000 0.000000 1.000000 0.000000 0.000000
8.000000 108.232923 -0.413983 -0.572089 0.540126 0.000000 0.000000 0.000000 1.000000 0.000000 0.000000
8.000000 108.237662 -0.437050 -0.570635 0.528473 0.000000 0.000000 0.000000 1.000000 0.000000 0.000000
8.000000 108.242886 -0.428364 -0.568832 0.516245 0.000000 0.000000 0.000000 1.000000 0.000000 0.000000
8.000000 108.247241 -0.439414 -0.568342 0.499242 0.000000 0.000000 0.000000 1.000000 0.000000 0.000000
8.000000 108.252856 -0.357534 -0.548308 0.504190 0.000000 0.000000 0.000000 1.000000 0.000000 0.000000
8.000000 108.257200 -0.404305 -0.544965 0.496492 0.000000 0.000000 0.000000 1.000000 0.000000 0.000000
8.000000 108.262906 -0.460671 -0.559226 0.471913 0.000000 0.000000 0.000000 1.000000 0.000000 0.000000
8.000000 108.267190 -0.443349 -0.560451 0.459752 0.000000 0.000000 0.000000 1.000000 0.000000 0.000000
8.000000 108.272774 -0.380710 -0.545098 0.461768 0.000000 0.000000 0.000000 1.000000 0.000000 0.000000
8.000000 108.277218 -0.422133 -0.542350 0.443305 0.000000 0.000000 0.000000 1.000000 0.000000 0.000000
8.000000 108.282876 -0.550770 -0.574623 0.410205 0.000000 0.000000 0.000000 1.000000 0.000000 0.000000
8.000000 108.287260 -0.602284 -0.571134 0.392474 0.000000 0.000000 0.000000 1.000000 0.000000 0.000000
8.000000 108.292798 -0.423595 -0.527268 0.412122 0.000000 0.000000 0.000000 1.000000 0.000000 0.000000
8.000000 108.317264 -0.648748 -0.551734 0.315427 0.000000 0.000000 0.000000 1.000000 0.000000 0.000000
8.000000 108.322869 -0.598589 -0.539897 0.310778 0.000000 0.000000 0.000000 1.000000 0.000000 0.000000
8.000000 108.327248 -0.752128 -0.568911 0.263740 0.000000 0.000000 0.000000 1.000000 0.000000 0.000000
8.000000 108.332832 -0.741014 -0.566384 0.256068 0.000000 0.000000 0.000000 1.000000 0.000000 0.000000
8.000000 108.337292 -0.760092 -0.565282 0.237079 0.000000 0.000000 0.000000 1.000000 0.000000 0.000000
8.000000 108.342915 -0.750201 -0.563352 0.215063 0.000000 0.000000 0.000000 1.000000 0.000000 0.000000
8.000000 108.347234 -0.831315 -0.557354 0.200183 0.000000 0.000000 0.000000 1.000000 0.000000 0.000000
8.000000 108.352773 -0.692070 -0.523311 0.221400 0.000000 0.000000 0.000000 1.000000 0.000000 0.000000
8.000000 108.377656 -0.916943 -0.570535 0.088914 0.000000 0.000000 0.000000 1.000000 0.000000 0.000000
8.000000 108.383035 -0.860743 -0.557175 0.089464 0.000000 0.000000 0.000000 1.000000 0.000000 0.000000
8.000000 108.387388 -0.874981 -0.556957 0.071198 0.000000 0.000000 0.000000 1.000000 0.000000 0.000000
8.000000 108.392761 -0.897525 -0.563582 0.040956 0.000000 0.000000 0.000000 1.000000 0.000000 0.000000
