11.000000 122.716753 23.269139 -0.240896 0.285335 0.000000 0.000000 0.000000 1.000000 0.000000 0.000000
11.000000 122.720036 23.450751 -0.242326 0.274345 0.000000 0.000000 0.000000 1.000000 0.000000 0.000000
11.000000 122.722671 23.300754 -0.204354 0.315291 0.000000 0.000000 0.000000 1.000000 0.000000 0.000000
11.000000 122.726860 23.076536 -0.270591 0.395556 0.000000 0.000000 0.000000 1.000000 0.000000 0.000000
11.000000 122.730145 23.387743 -0.272606 0.396430 0.000000 0.000000 0.000000 1.000000 0.000000 0.000000
11.000000 122.732609 23.170202 -0.217746 0.431253 0.000000 0.000000 0.000000 1.000000 0.000000 0.000000
11.000000 122.736721 23.002068 -0.267222 0.469649 0.000000 0.000000 0.000000 1.000000 0.000000 0.000000
11.000000 122.740098 23.203280 -0.268884 0.481362 0.000000 0.000000 0.000000 1.000000 0.000000 0.000000
11.000000 122.742659 23.061386 -0.233083 0.511696 0.000000 0.000000 0.000000 1.000000 0.000000 0.000000
11.000000 122.746798 22.901083 -0.280280 0.548490 0.000000 0.000000 0.000000 1.000000 0.000000 0.000000
11.000000 122.750262 23.115200 -0.282212 0.565531 0.000000 0.000000 0.000000 1.000000 0.000000 0.000000
11.000000 122.752596 22.976626 -0.247149 0.598324 0.000000 0.000000 0.000000 1.000000 0.000000 0.000000
11.000000 122.756844 22.834377 -0.289003 0.637843 0.000000 0.000000 0.000000 1.000000 0.000000 0.000000
11.000000 122.760029 22.940132 -0.289470 0.663621 0.000000 0.000000 0.000000 1.000000 0.000000 0.000000
11.000000 122.762649 22.778591 -0.248077 0.688318 0.000000 0.000000 0.000000 1.000000 0.000000 0.000000
11.000000 122.766859 22.632275 -0.291464 0.734794 0.000000 0.000000 0.000000 1.000000 0.000000 0.000000
11.000000 122.770336 22.828167 -0.292604 0.747405 0.000000 0.000000 0.000000 1.000000 0.000000 0.000000
11.000000 122.772572 22.668109 -0.251414 0.765669 0.000000 0.000000 0.000000 1.000000 0.000000 0.000000
11.000000 122.776779 22.498322 -0.301978 0.805418 0.000000 0.000000 0.000000 1.000000 0.000000 0.000000
11.000000 122.780201 22.761226 -0.304198 0.806654 0.000000 0.000000 0.000000 1.000000 0.000000 0.000000
11.000000 122.782671 22.566086 -0.253733 0.836130 0.000000 0.000000 0.000000 1.000000 0.000000 0.000000
11.000000 122.786864 22.375972 -0.310540 0.888376 0.000000 0.000000 0.000000 1.000000 0.000000 0.000000
11.000000 122.790239 22.618571 -0.312388 0.900278 0.000000 0.000000 0.000000 1.000000 0.000000 0.000000
11.000000 122.792299 22.098196 -0.231659 0.975027 0.000000 0.000000 0.000000 1.000000 0.000000 0.000000
11.000000 122.792642 22.144322 -0.328714 0.968690 0.000000 0.000000 0.000000 1.000000 0.000000 0.000000
11.000000 122.796777 22.272040 -0.313593 0.953606 0.000000 0.000000 0.000000 1.000000 0.000000 0.000000
11.000000 122.800187 22.486855 -0.315552 0.970204 0.000000 0.000000 0.000000 1.000000 0.000000 0.000000
11.000000 122.802321 22.026761 -0.248128 1.044343 0.000000 0.000000 0.000000 1.000000 0.000000 0.000000
11.000000 122.802683 22.059712 -0.333337 1.037201 0.000000 0.000000 0.000000 1.000000 0.000000 0.000000
11.000000 122.806899 22.175551 -0.316533 1.025061 0.000000 0.000000 0.000000 1.000000 0.000000 0.000000
11.000000 122.810213 22.251097 -0.317057 1.052161 0.000000 0.000000 0.000000 1.000000 0.000000 0.000000
11.000000 122.812196 21.904535 -0.264609 1.108330 0.000000 0.000000 0.000000 1.000000 0.000000 0.000000
11.000000 122.812553 21.945125 -0.331731 1.110886 0.000000 0.000000 0.000000 1.000000 0.000000 0.000000
11.000000 122.816817 22.008414 -0.325033 1.114881 0.000000 0.000000 0.000000 1.000000 0.000000 0.000000
11.000000 122.820041 22.277062 -0.327418 1.112242 0.000000 0.000000 0.000000 1.000000 0.000000 0.000000
11.000000 122.822299 21.795725 -0.254348 1.175907 0.000000 0.000000 0.000000 1.000000 0.000000 0.000000
11.000000 122.822784 21.830901 -0.333229 1.178172 0.000000 0.000000 0.000000 1.000000 0.000000 0.000000
11.000000 122.826901 21.873849 -0.330400 1.186650 0.000000 0.000000 0.000000 1.000000 0.000000 0.000000
11.000000 122.830079 22.077136 -0.332322 1.200181 0.000000 0.000000 0.000000 1.000000 0.000000 0.000000
11.000000 122.832247 21.723890 -0.280313 1.255797 0.000000 0.000000 0.000000 1.000000 0.000000 0.000000
11.000000 122.832855 21.726360 -0.332868 1.247479 0.000000 0.000000 0.000000 1.000000 0.000000 0.000000
11.000000 122.836803 21.770329 -0.326799 1.257772 0.000000 0.000000 0.000000 1.000000 0.000000 0.000000
11.000000 122.840130 21.930738 -0.328259 1.275903 0.000000 0.000000 0.000000 1.000000 0.000000 0.000000
11.000000 122.842309 21.632388 -0.292645 1.324085 0.000000 0.000000 0.000000 1.000000 0.000000 0.000000
11.000000 122.842770 21.618012 -0.339125 1.312959 0.000000 0.000000 0.000000 1.000000 0.000000 0.000000
11.000000 122.846939 21.649684 -0.333761 1.331274 0.000000 0.000000 0.000000 1.000000 0.000000 0.000000
11.000000 122.850273 21.844786 -0.335595 1.348861 0.000000 0.000000 0.000000 1.000000 0.000000 0.000000
11.000000 122.852229 21.532348 -0.299765 1.398690 0.000000 0.000000 0.000000 1.000000 0.000000 0.000000
11.000000 122.852763 21.504345 -0.351730 1.375521 0.000000 0.000000 0.000000 1.000000 0.000000 0.000000
11.000000 122.856865 21.562012 -0.343992 1.389333 0.000000 0.000000 0.000000 1.000000 0.000000 0.000000
11.000000 122.860068 21.734636 -0.345501 1.415313 0.000000 0.000000 0.000000 1.000000 0.000000 0.000000
11.000000 122.862290 21.437351 -0.309925 1.463166 0.000000 0.000000 0.000000 1.000000 0.000000 0.000000
11.000000 122.862885 21.402828 -0.345490 1.452701 0.000000 0.000000 0.000000 1.000000 0.000000 0.000000
11.000000 122.866979 21.395714 -0.346591 1.473397 0.000000 0.000000 0.000000 1.000000 0.000000 0.000000
11.000000 122.870243 21.585799 -0.348793 1.487969 0.000000 0.000000 0.000000 1.000000 0.000000 0.000000
11.000000 122.872242 21.343367 -0.325074 1.533933 0.000000 0.000000 0.000000 1.000000 0.000000 0.000000
11.000000 122.872755 21.288235 -0.351293 1.517595 0.000000 0.000000 0.000000 1.000000 0.000000 0.000000
11.000000 122.876952 21.284760 -0.350692 1.539985 0.000000 0.000000 0.000000 1.000000 0.000000 0.000000
11.000000 122.880169 21.453283 -0.352489 1.552515 0.000000 0.000000 0.000000 1.000000 0.000000 0.000000
11.000000 122.882315 21.241121 -0.335421 1.588657 0.000000 0.000000 0.000000 1.000000 0.000000 0.000000
11.000000 122.882822 21.184341 -0.357205 1.576876 0.000000 0.000000 0.000000 1.000000 0.000000 0.000000
11.000000 122.887157 21.182956 -0.352951 1.601746 0.000000 0.000000 0.000000 1.000000 0.000000 0.000000
11.000000 122.890223 21.307792 -0.354394 1.624358 0.000000 0.000000 0.000000 1.000000 0.000000 0.000000
11.000000 122.892258 21.163194 -0.352057 1.658624 0.000000 0.000000 0.000000 1.000000 0.000000 0.000000
11.000000 122.892817 21.079892 -0.362381 1.639207 0.000000 0.000000 0.000000 1.000000 0.000000 0.000000
11.000000 122.896913 21.083252 -0.356377 1.665366 0.000000 0.000000 0.000000 1.000000 0.000000 0.000000
11.000000 122.900177 21.180738 -0.357359 1.687890 0.000000 0.000000 0.000000 1.000000 0.000000 0.000000
11.000000 122.902319 21.047050 -0.354660 1.716313 0.000000 0.000000 0.000000 1.000000 0.000000 0.000000
11.000000 122.902821 20.969308 -0.370552 1.689777 0.000000 0.000000 0.000000 1.000000 0.000000 0.000000
11.000000 122.907157 20.993573 -0.365058 1.713726 0.000000 0.000000 0.000000 1.000000 0.000000 0.000000
11.000000 122.910174 21.058549 -0.365451 1.750277 0.000000 0.000000 0.000000 1.000000 0.000000 0.000000
11.000000 122.912279 20.954172 -0.368108 1.776535 0.000000 0.000000 0.000000 1.000000 0.000000 0.000000
11.000000 122.912699 20.863216 -0.368865 1.760365 0.000000 0.000000 0.000000 1.000000 0.000000 0.000000
11.000000 122.916910 20.844708 -0.367558 1.790741 0.000000 0.000000 0.000000 1.000000 0.000000 0.000000
11.000000 122.920082 20.857114 -0.367491 1.819668 0.000000 0.000000 0.000000 1.000000 0.000000 0.000000
11.000000 122.922529 20.845147 -0.384574 1.833170 0.000000 0.000000 0.000000 1.000000 0.000000 0.000000
11.000000 122.922816 20.752786 -0.371964 1.819560 0.000000 0.000000 0.000000 1.000000 0.000000 0.000000
11.000000 122.927139 20.709858 -0.376793 1.849655 0.000000 0.000000 0.000000 1.000000 0.000000 0.000000
11.000000 122.930241 20.838362 -0.378607 1.869665 0.000000 0.000000 0.000000 1.000000 0.000000 0.000000
11.000000 122.930756 20.571295 -0.294875 1.898220 0.000000 0.000000 0.000000 1.000000 0.000000 0.000000
11.000000 122.932495 20.497362 -0.349393 1.837338 0.000000 0.000000 0.000000 1.000000 0.000000 0.000000
11.000000 122.932735 20.638147 -0.377397 1.875805 0.000000 0.000000 0.000000 1.000000 0.000000 0.000000
11.000000 122.936960 20.535068 -0.400571 1.916054 0.000000 0.000000 0.000000 1.000000 0.000000 0.000000
11.000000 122.940083 20.756408 -0.403559 1.918290 0.000000 0.000000 0.000000 1.000000 0.000000 0.000000
11.000000 122.940794 20.457174 -0.316077 1.954517 0.000000 0.000000 0.000000 1.000000 0.000000 0.000000
11.000000 122.942363 20.404695 -0.360252 1.906924 0.000000 0.000000 0.000000 1.000000 0.000000 0.000000
11.000000 122.942788 20.532494 -0.385994 1.927608 0.000000 0.000000 0.000000 1.000000 0.000000 0.000000
11.000000 122.947181 20.499491 -0.389236 1.962286 0.000000 0.000000 0.000000 1.000000 0.000000 0.000000
11.000000 122.950243 20.565836 -0.389918 1.989738 0.000000 0.000000 0.000000 1.000000 0.000000 0.000000
11.000000 122.950719 20.357305 -0.325258 2.012117 0.000000 0.000000 0.000000 1.000000 0.000000 0.000000
11.000000 122.952325 20.310777 -0.361796 1.959197 0.000000 0.000000 0.000000 1.000000 0.000000 0.000000
11.000000 122.952871 20.446364 -0.389759 1.979994 0.000000 0.000000 0.000000 1.000000 0.000000 0.000000
11.000000 122.954103 20.413318 -0.382186 2.031873 0.000000 0.000000 0.000000 1.000000 0.000000 0.000000
11.000000 122.956990 20.419680 -0.386153 2.052978 0.000000 0.000000 0.000000 1.000000 0.000000 0.000000
11.000000 122.960241 20.399216 -0.394076 2.058296 0.000000 0.000000 0.000000 1.000000 0.000000 0.000000
11.000000 122.960830 20.230916 -0.336879 2.073880 0.000000 0.000000 0.000000 1.000000 0.000000 0.000000
11.000000 122.962324 20.183616 -0.369690 2.011752 0.000000 0.000000 0.000000 1.000000 0.000000 0.000000
11.000000 122.962879 20.315491 -0.392057 2.038589 0.000000 0.000000 0.000000 1.000000 0.000000 0.000000
11.000000 122.964203 20.285139 -0.381070 2.091609 0.000000 0.000000 0.000000 1.000000 0.000000 0.000000
11.000000 122.967191 20.294256 -0.388486 2.109119 0.000000 0.000000 0.000000 1.000000 0.000000 0.000000
11.000000 122.970284 20.313951 -0.396345 2.106155 0.000000 0.000000 0.000000 1.000000 0.000000 0.000000
11.000000 122.970752 20.125418 -0.335184 2.123586 0.000000 0.000000 0.000000 1.000000 0.000000 0.000000
11.000000 122.972398 20.070343 -0.375339 2.065593 0.000000 0.000000 0.000000 1.000000 0.000000 0.000000
11.000000 122.972817 20.209213 -0.398776 2.094245 0.000000 0.000000 0.000000 1.000000 0.000000 0.000000
11.000000 122.974021 20.170823 -0.390767 2.147220 0.000000 0.000000 0.000000 1.000000 0.000000 0.000000
11.000000 122.976897 20.176577 -0.395859 2.161500 0.000000 0.000000 0.000000 1.000000 0.000000 0.000000
11.000000 122.980110 20.222232 -0.404333 2.159148 0.000000 0.000000 0.000000 1.000000 0.000000 0.000000
11.000000 122.980892 20.026790 -0.341953 2.183010 0.000000 0.000000 0.000000 1.000000 0.000000 0.000000
11.000000 122.982326 19.972019 -0.383166 2.122969 0.000000 0.000000 0.000000 1.000000 0.000000 0.000000
11.000000 122.982836 20.100373 -0.400852 2.147275 0.000000 0.000000 0.000000 1.000000 0.000000 0.000000
11.000000 122.984224 20.057329 -0.392110 2.204793 0.000000 0.000000 0.000000 1.000000 0.000000 0.000000
11.000000 122.987102 20.068216 -0.402072 2.219259 0.000000 0.000000 0.000000 1.000000 0.000000 0.000000
11.000000 122.990301 20.098138 -0.410383 2.213287 0.000000 0.000000 0.000000 1.000000 0.000000 0.000000
11.000000 122.990778 19.913854 -0.351731 2.233340 0.000000 0.000000 0.000000 1.000000 0.000000 0.000000
11.000000 122.992418 19.871412 -0.384539 2.175112 0.000000 0.000000 0.000000 1.000000 0.000000 0.000000
11.000000 122.992774 20.002552 -0.401101 2.197941 0.000000 0.000000 0.000000 1.000000 0.000000 0.000000
11.000000 122.994180 19.941291 -0.399068 2.252844 0.000000 0.000000 0.000000 1.000000 0.000000 0.000000
11.000000 122.996906 19.946684 -0.403372 2.264851 0.000000 0.000000 0.000000 1.000000 0.000000 0.000000
11.000000 123.000229 19.965153 -0.409213 2.268954 0.000000 0.000000 0.000000 1.000000 0.000000 0.000000
11.000000 123.000900 19.802054 -0.355646 2.286769 0.000000 0.000000 0.000000 1.000000 0.000000 0.000000
11.000000 123.002324 19.754502 -0.390563 2.226908 0.000000 0.000000 0.000000 1.000000 0.000000 0.000000
11.000000 123.002981 19.903201 -0.414147 2.249968 0.000000 0.000000 0.000000 1.000000 0.000000 0.000000
11.000000 123.004226 19.835423 -0.414449 2.312436 0.000000 0.000000 0.000000 1.000000 0.000000 0.000000
11.000000 123.007003 19.833346 -0.413741 2.324132 0.000000 0.000000 0.000000 1.000000 0.000000 0.000000
11.000000 123.010253 19.857735 -0.423290 2.314454 0.000000 0.000000 0.000000 1.000000 0.000000 0.000000
11.000000 123.010805 19.667460 -0.360203 2.327775 0.000000 0.000000 0.000000 1.000000 0.000000 0.000000
11.000000 123.012303 19.623806 -0.390755 2.264217 0.000000 0.000000 0.000000 1.000000 0.000000 0.000000
11.000000 123.012759 19.782436 -0.411833 2.295874 0.000000 0.000000 0.000000 1.000000 0.000000 0.000000
11.000000 123.014113 19.703702 -0.412436 2.363318 0.000000 0.000000 0.000000 1.000000 0.000000 0.000000
11.000000 123.016901 19.709252 -0.419136 2.372710 0.000000 0.000000 0.000000 1.000000 0.000000 0.000000
11.000000 123.020246 19.702254 -0.427901 2.362661 0.000000 0.000000 0.000000 1.000000 0.000000 0.000000
11.000000 123.020828 19.546034 -0.376109 2.373372 0.000000 0.000000 0.000000 1.000000 0.000000 0.000000
11.000000 123.022298 19.519310 -0.395507 2.317364 0.000000 0.000000 0.000000 1.000000 0.000000 0.000000
11.000000 123.022997 19.665525 -0.416027 2.339167 0.000000 0.000000 0.000000 1.000000 0.000000 0.000000
11.000000 123.024209 19.589782 -0.417789 2.406100 0.000000 0.000000 0.000000 1.000000 0.000000 0.000000
11.000000 123.026996 19.593216 -0.421044 2.420711 0.000000 0.000000 0.000000 1.000000 0.000000 0.000000
11.000000 123.030392 19.618287 -0.429805 2.415094 0.000000 0.000000 0.000000 1.000000 0.000000 0.000000
11.000000 123.030791 19.459982 -0.377858 2.432937 0.000000 0.000000 0.000000 1.000000 0.000000 0.000000
11.000000 123.032329 19.426923 -0.403202 2.369985 0.000000 0.000000 0.000000 1.000000 0.000000 0.000000
11.000000 123.032731 19.563255 -0.418233 2.386748 0.000000 0.000000 0.000000 1.000000 0.000000 0.000000
11.000000 123.034158 19.468329 -0.425777 2.453349 0.000000 0.000000 0.000000 1.000000 0.000000 0.000000
11.000000 123.036923 19.471781 -0.428575 2.466120 0.000000 0.000000 0.000000 1.000000 0.000000 0.000000
11.000000 123.040259 19.527606 -0.435872 2.463274 0.000000 0.000000 0.000000 1.000000 0.000000 0.000000
11.000000 123.040907 19.353325 -0.378783 2.481729 0.000000 0.000000 0.000000 1.000000 0.000000 0.000000
11.000000 123.042378 19.308278 -0.412131 2.415760 0.000000 0.000000 0.000000 1.000000 0.000000 0.000000
11.000000 123.042834 19.449468 -0.426193 2.436542 0.000000 0.000000 0.000000 1.000000 0.000000 0.000000
11.000000 123.044290 19.374651 -0.424944 2.507189 0.000000 0.000000 0.000000 1.000000 0.000000 0.000000
11.000000 123.046995 19.376603 -0.428405 2.515804 0.000000 0.000000 0.000000 1.000000 0.000000 0.000000
11.000000 123.050279 19.366352 -0.436593 2.509877 0.000000 0.000000 0.000000 1.000000 0.000000 0.000000
11.000000 123.050794 19.234275 -0.391506 2.520205 0.000000 0.000000 0.000000 1.000000 0.000000 0.000000
11.000000 123.052354 19.205050 -0.412561 2.458444 0.000000 0.000000 0.000000 1.000000 0.000000 0.000000
11.000000 123.052852 19.365101 -0.434131 2.477989 0.000000 0.000000 0.000000 1.000000 0.000000 0.000000
11.000000 123.054112 19.254559 -0.447642 2.549742 0.000000 0.000000 0.000000 1.000000 0.000000 0.000000
11.000000 123.056978 19.245017 -0.440987 2.559838 0.000000 0.000000 0.000000 1.000000 0.000000 0.000000
11.000000 123.060254 19.274580 -0.449821 2.555601 0.000000 0.000000 0.000000 1.000000 0.000000 0.000000
11.000000 123.062408 19.557665 -0.529674 2.550108 0.000000 0.000000 0.000000 1.000000 0.000000 0.000000
11.000000 123.063017 19.240988 -0.434118 2.525010 0.000000 0.000000 0.000000 1.000000 0.000000 0.000000
11.000000 123.064164 19.135734 -0.443324 2.597743 0.000000 0.000000 0.000000 1.000000 0.000000 0.000000
11.000000 123.067039 19.130912 -0.441775 2.602302 0.000000 0.000000 0.000000 1.000000 0.000000 0.000000
11.000000 123.070329 19.086187 -0.448931 2.608591 0.000000 0.000000 0.000000 1.000000 0.000000 0.000000
11.000000 123.070782 18.975593 -0.409120 2.621128 0.000000 0.000000 0.000000 1.000000 0.000000 0.000000
11.000000 123.072349 18.962405 -0.419108 2.548330 0.000000 0.000000 0.000000 1.000000 0.000000 0.000000
11.000000 123.072918 19.126809 -0.436995 2.564260 0.000000 0.000000 0.000000 1.000000 0.000000 0.000000
11.000000 123.074177 19.013688 -0.449055 2.640813 0.000000 0.000000 0.000000 1.000000 0.000000 0.000000
11.000000 123.076898 19.011469 -0.449691 2.647301 0.000000 0.000000 0.000000 1.000000 0.000000 0.000000
11.000000 123.080233 19.033518 -0.458773 2.644853 0.000000 0.000000 0.000000 1.000000 0.000000 0.000000
11.000000 123.081114 18.906214 -0.414365 2.660030 0.000000 0.000000 0.000000 1.000000 0.000000 0.000000
11.000000 123.082308 18.884778 -0.429947 2.590624 0.000000 0.000000 0.000000 1.000000 0.000000 0.000000
11.000000 123.082929 19.029781 -0.442061 2.608636 0.000000 0.000000 0.000000 1.000000 0.000000 0.000000
11.000000 123.084187 18.911958 -0.455537 2.684894 0.000000 0.000000 0.000000 1.000000 0.000000 0.000000
11.000000 123.087003 18.909555 -0.456088 2.689619 0.000000 0.000000 0.000000 1.000000 0.000000 0.000000
11.000000 123.090293 18.917535 -0.464083 2.687066 0.000000 0.000000 0.000000 1.000000 0.000000 0.000000
11.000000 123.090802 18.788509 -0.418810 2.698359 0.000000 0.000000 0.000000 1.000000 0.000000 0.000000
11.000000 123.092327 18.771598 -0.430344 2.633245 0.000000 0.000000 0.000000 1.000000 0.000000 0.000000
11.000000 123.092958 18.914318 -0.443506 2.651238 0.000000 0.000000 0.000000 1.000000 0.000000 0.000000
11.000000 123.094096 18.794434 -0.459218 2.727396 0.000000 0.000000 0.000000 1.000000 0.000000 0.000000
11.000000 123.096944 18.789877 -0.458747 2.731033 0.000000 0.000000 0.000000 1.000000 0.000000 0.000000
11.000000 123.100186 18.786135 -0.467449 2.726825 0.000000 0.000000 0.000000 1.000000 0.000000 0.000000
11.000000 123.100936 18.675851 -0.428354 2.738687 0.000000 0.000000 0.000000 1.000000 0.000000 0.000000
11.000000 123.102470 18.659668 -0.440128 2.672402 0.000000 0.000000 0.000000 1.000000 0.000000 0.000000
11.000000 123.102888 18.786838 -0.452125 2.678473 0.000000 0.000000 0.000000 1.000000 0.000000 0.000000
11.000000 123.104282 18.679121 -0.465083 2.756127 0.000000 0.000000 0.000000 1.000000 0.000000 0.000000
11.000000 123.107011 18.682066 -0.468111 2.770390 0.000000 0.000000 0.000000 1.000000 0.000000 0.000000
11.000000 123.110362 18.678111 -0.476028 2.765040 0.000000 0.000000 0.000000 1.000000 0.000000 0.000000
11.000000 123.110769 18.568551 -0.436494 2.771833 0.000000 0.000000 0.000000 1.000000 0.000000 0.000000
11.000000 123.112349 18.555328 -0.444487 2.713006 0.000000 0.000000 0.000000 1.000000 0.000000 0.000000
11.000000 123.112967 18.685470 -0.455135 2.733181 0.000000 0.000000 0.000000 1.000000 0.000000 0.000000
11.000000 123.114022 18.564353 -0.473585 2.804490 0.000000 0.000000 0.000000 1.000000 0.000000 0.000000
11.000000 123.116966 18.562477 -0.474623 2.808088 0.000000 0.000000 0.000000 1.000000 0.000000 0.000000
11.000000 123.120188 18.582343 -0.482224 2.806904 0.000000 0.000000 0.000000 1.000000 0.000000 0.000000
11.000000 123.120909 18.455159 -0.436008 2.814386 0.000000 0.000000 0.000000 1.000000 0.000000 0.000000
11.000000 123.122395 18.440389 -0.444812 2.743911 0.000000 0.000000 0.000000 1.000000 0.000000 0.000000
11.000000 123.122897 18.593897 -0.457426 2.766344 0.000000 0.000000 0.000000 1.000000 0.000000 0.000000
11.000000 123.124166 18.455364 -0.479030 2.846660 0.000000 0.000000 0.000000 1.000000 0.000000 0.000000
11.000000 123.127056 18.440859 -0.471296 2.847167 0.000000 0.000000 0.000000 1.000000 0.000000 0.000000
11.000000 123.130686 18.447775 -0.479386 2.845496 0.000000 0.000000 0.000000 1.000000 0.000000 0.000000
11.000000 123.130825 18.355724 -0.445751 2.857050 0.000000 0.000000 0.000000 1.000000 0.000000 0.000000
11.000000 123.132332 18.345202 -0.454608 2.782106 0.000000 0.000000 0.000000 1.000000 0.000000 0.000000
11.000000 123.132940 18.495599 -0.465388 2.793966 0.000000 0.000000 0.000000 1.000000 0.000000 0.000000
11.000000 123.134149 18.343953 -0.490369 2.880488 0.000000 0.000000 0.000000 1.000000 0.000000 0.000000
11.000000 123.136980 18.331000 -0.483330 2.884212 0.000000 0.000000 0.000000 1.000000 0.000000 0.000000
11.000000 123.140162 18.344723 -0.491507 2.881075 0.000000 0.000000 0.000000 1.000000 0.000000 0.000000
11.000000 123.140900 18.237931 -0.451894 2.888380 0.000000 0.000000 0.000000 1.000000 0.000000 0.000000
11.000000 123.142291 18.224537 -0.460813 2.812665 0.000000 0.000000 0.000000 1.000000 0.000000 0.000000
11.000000 123.142903 18.371169 -0.468379 2.833835 0.000000 0.000000 0.000000 1.000000 0.000000 0.000000
11.000000 123.144269 18.229286 -0.488288 2.923855 0.000000 0.000000 0.000000 1.000000 0.000000 0.000000
11.000000 123.147162 18.224340 -0.487806 2.926072 0.000000 0.000000 0.000000 1.000000 0.000000 0.000000
11.000000 123.150354 18.224474 -0.495855 2.919415 0.000000 0.000000 0.000000 1.000000 0.000000 0.000000
11.000000 123.151120 18.132764 -0.461773 2.925323 0.000000 0.000000 0.000000 1.000000 0.000000 0.000000
11.000000 123.152272 18.130284 -0.464635 2.852070 0.000000 0.000000 0.000000 1.000000 0.000000 0.000000
11.000000 123.153009 18.275927 -0.475009 2.862660 0.000000 0.000000 0.000000 1.000000 0.000000 0.000000
11.000000 123.154298 18.124116 -0.500978 2.952309 0.000000 0.000000 0.000000 1.000000 0.000000 0.000000
11.000000 123.156938 18.105079 -0.490167 2.955673 0.000000 0.000000 0.000000 1.000000 0.000000 0.000000
11.000000 123.160254 18.097063 -0.498801 2.950449 0.000000 0.000000 0.000000 1.000000 0.000000 0.000000
11.000000 123.160887 18.003244 -0.463371 2.957400 0.000000 0.000000 0.000000 1.000000 0.000000 0.000000
11.000000 123.162395 18.004843 -0.462945 2.882169 0.000000 0.000000 0.000000 1.000000 0.000000 0.000000
11.000000 123.163017 18.173305 -0.475712 2.901120 0.000000 0.000000 0.000000 1.000000 0.000000 0.000000
11.000000 123.164221 18.005710 -0.506146 2.993646 0.000000 0.000000 0.000000 1.000000 0.000000 0.000000
11.000000 123.167123 17.989435 -0.498245 2.993256 0.000000 0.000000 0.000000 1.000000 0.000000 0.000000
11.000000 123.170209 18.015934 -0.507526 2.983319 0.000000 0.000000 0.000000 1.000000 0.000000 0.000000
11.000000 123.170823 17.900074 -0.464593 2.988660 0.000000 0.000000 0.000000 1.000000 0.000000 0.000000
11.000000 123.172343 17.893386 -0.468468 2.915537 0.000000 0.000000 0.000000 1.000000 0.000000 0.000000
11.000000 123.172857 18.059931 -0.481980 2.935747 0.000000 0.000000 0.000000 1.000000 0.000000 0.000000
11.000000 123.174063 17.895851 -0.512972 3.025706 0.000000 0.000000 0.000000 1.000000 0.000000 0.000000
11.000000 123.176955 17.873473 -0.500265 3.026567 0.000000 0.000000 0.000000 1.000000 0.000000 0.000000
11.000000 123.180158 17.881255 -0.508510 3.016589 0.000000 0.000000 0.000000 1.000000 0.000000 0.000000
11.000000 123.181077 17.798924 -0.477506 3.021267 0.000000 0.000000 0.000000 1.000000 0.000000 0.000000
11.000000 123.182361 17.799678 -0.478018 2.952071 0.000000 0.000000 0.000000 1.000000 0.000000 0.000000
11.000000 123.182878 17.956187 -0.487384 2.973646 0.000000 0.000000 0.000000 1.000000 0.000000 0.000000
11.000000 123.184450 17.791759 -0.518306 3.061371 0.000000 0.000000 0.000000 1.000000 0.000000 0.000000
11.000000 123.187273 17.779671 -0.514326 3.055839 0.000000 0.000000 0.000000 1.000000 0.000000 0.000000
11.000000 123.190181 17.782542 -0.522572 3.051547 0.000000 0.000000 0.000000 1.000000 0.000000 0.000000
11.000000 123.190896 17.682565 -0.484410 3.057097 0.000000 0.000000 0.000000 1.000000 0.000000 0.000000
11.000000 123.192405 17.688090 -0.480463 2.983877 0.000000 0.000000 0.000000 1.000000 0.000000 0.000000
11.000000 123.192910 17.848169 -0.491281 3.005190 0.000000 0.000000 0.000000 1.000000 0.000000 0.000000
11.000000 123.194133 17.683473 -0.523366 3.092938 0.000000 0.000000 0.000000 1.000000 0.000000 0.000000
11.000000 123.197157 17.672985 -0.520923 3.086989 0.000000 0.000000 0.000000 1.000000 0.000000 0.000000
11.000000 123.200179 17.671771 -0.529589 3.080871 0.000000 0.000000 0.000000 1.000000 0.000000 0.000000
11.000000 123.200892 17.575790 -0.492605 3.085982 0.000000 0.000000 0.000000 1.000000 0.000000 0.000000
11.000000 123.202440 17.591408 -0.483144 3.007498 0.000000 0.000000 0.000000 1.000000 0.000000 0.000000
11.000000 123.203017 17.754547 -0.496246 3.017350 0.000000 0.000000 0.000000 1.000000 0.000000 0.000000
11.000000 123.204266 17.568920 -0.536224 3.112138 0.000000 0.000000 0.000000 1.000000 0.000000 0.000000
11.000000 123.207113 17.557181 -0.532551 3.111712 0.000000 0.000000 0.000000 1.000000 0.000000 0.000000
11.000000 123.210249 17.538243 -0.541880 3.101355 0.000000 0.000000 0.000000 1.000000 0.000000 0.000000
11.000000 123.210857 17.443000 -0.506221 3.110518 0.000000 0.000000 0.000000 1.000000 0.000000 0.000000
11.000000 123.212431 17.477916 -0.485923 3.040628 0.000000 0.000000 0.000000 1.000000 0.000000 0.000000
11.000000 123.212859 17.658951 -0.501566 3.055504 0.000000 0.000000 0.000000 1.000000 0.000000 0.000000
11.000000 123.214258 17.470366 -0.543188 3.147957 0.000000 0.000000 0.000000 1.000000 0.000000 0.000000
11.000000 123.216916 17.452739 -0.537043 3.139844 0.000000 0.000000 0.000000 1.000000 0.000000 0.000000
11.000000 123.220172 17.396628 -0.546050 3.131541 0.000000 0.000000 0.000000 1.000000 0.000000 0.000000
11.000000 123.221167 17.317532 -0.515083 3.138879 0.000000 0.000000 0.000000 1.000000 0.000000 0.000000
11.000000 123.222410 17.356333 -0.492056 3.066986 0.000000 0.000000 0.000000 1.000000 0.000000 0.000000
11.000000 123.222894 17.539581 -0.506323 3.086513 0.000000 0.000000 0.000000 1.000000 0.000000 0.000000
11.000000 123.224365 17.354241 -0.546585 3.177981 0.000000 0.000000 0.000000 1.000000 0.000000 0.000000
11.000000 123.227134 17.331922 -0.536921 3.168685 0.000000 0.000000 0.000000 1.000000 0.000000 0.000000
11.000000 123.230319 17.296444 -0.545062 3.161227 0.000000 0.000000 0.000000 1.000000 0.000000 0.000000
11.000000 123.230881 17.235012 -0.519787 3.164566 0.000000 0.000000 0.000000 1.000000 0.000000 0.000000
11.000000 123.232398 17.266640 -0.500973 3.092295 0.000000 0.000000 0.000000 1.000000 0.000000 0.000000
11.000000 123.232927 17.431242 -0.511995 3.109628 0.000000 0.000000 0.000000 1.000000 0.000000 0.000000
11.000000 123.234188 17.249719 -0.551396 3.202234 0.000000 0.000000 0.000000 1.000000 0.000000 0.000000
11.000000 123.237067 17.238458 -0.549804 3.192825 0.000000 0.000000 0.000000 1.000000 0.000000 0.000000
11.000000 123.240243 17.199560 -0.558679 3.185162 0.000000 0.000000 0.000000 1.000000 0.000000 0.000000
11.000000 123.241054 17.122486 -0.527964 3.191569 0.000000 0.000000 0.000000 1.000000 0.000000 0.000000
11.000000 123.242463 17.163559 -0.503470 3.118825 0.000000 0.000000 0.000000 1.000000 0.000000 0.000000
11.000000 123.242988 17.327735 -0.514635 3.134743 0.000000 0.000000 0.000000 1.000000 0.000000 0.000000
11.000000 123.244368 17.140051 -0.557732 3.223637 0.000000 0.000000 0.000000 1.000000 0.000000 0.000000
11.000000 123.247182 17.111793 -0.544543 3.212608 0.000000 0.000000 0.000000 1.000000 0.000000 0.000000
11.000000 123.250304 17.084194 -0.552753 3.211064 0.000000 0.000000 0.000000 1.000000 0.000000 0.000000
11.000000 123.250858 17.028324 -0.529303 3.219698 0.000000 0.000000 0.000000 1.000000 0.000000 0.000000
11.000000 123.252405 17.053100 -0.514610 3.146420 0.000000 0.000000 0.000000 1.000000 0.000000 0.000000
11.000000 123.252935 17.273160 -0.536590 3.166330 0.000000 0.000000 0.000000 1.000000 0.000000 0.000000
11.000000 123.254161 17.067057 -0.587335 3.255177 0.000000 0.000000 0.000000 1.000000 0.000000 0.000000
11.000000 123.257063 17.002437 -0.551707 3.237148 0.000000 0.000000 0.000000 1.000000 0.000000 0.000000
11.000000 123.260311 16.983676 -0.561209 3.230830 0.000000 0.000000 0.000000 1.000000 0.000000 0.000000
11.000000 123.262450 17.350214 -0.636212 3.196984 0.000000 0.000000 0.000000 1.000000 0.000000 0.000000
11.000000 123.262972 17.111205 -0.529568 3.176699 0.000000 0.000000 0.000000 1.000000 0.000000 0.000000
11.000000 123.264304 16.921165 -0.575220 3.269896 0.000000 0.000000 0.000000 1.000000 0.000000 0.000000
11.000000 123.267327 16.886033 -0.559050 3.258426 0.000000 0.000000 0.000000 1.000000 0.000000 0.000000
11.000000 123.270310 16.854211 -0.569513 3.250396 0.000000 0.000000 0.000000 1.000000 0.000000 0.000000
11.000000 123.271134 16.804263 -0.547606 3.259878 0.000000 0.000000 0.000000 1.000000 0.000000 0.000000
11.000000 123.272403 16.845478 -0.522698 3.189633 0.000000 0.000000 0.000000 1.000000 0.000000 0.000000
11.000000 123.272910 16.979675 -0.530378 3.200156 0.000000 0.000000 0.000000 1.000000 0.000000 0.000000
11.000000 123.274210 16.797775 -0.574253 3.289361 0.000000 0.000000 0.000000 1.000000 0.000000 0.000000
11.000000 123.277032 16.761803 -0.556894 3.279213 0.000000 0.000000 0.000000 1.000000 0.000000 0.000000
11.000000 123.280211 16.728741 -0.565845 3.271153 0.000000 0.000000 0.000000 1.000000 0.000000 0.000000
11.000000 123.281009 16.695797 -0.551307 3.282036 0.000000 0.000000 0.000000 1.000000 0.000000 0.000000
11.000000 123.282481 16.738993 -0.527216 3.216106 0.000000 0.000000 0.000000 1.000000 0.000000 0.000000
11.000000 123.282887 16.884146 -0.538360 3.218569 0.000000 0.000000 0.000000 1.000000 0.000000 0.000000
11.000000 123.284283 16.700505 -0.584512 3.306607 0.000000 0.000000 0.000000 1.000000 0.000000 0.000000
11.000000 123.287192 16.663506 -0.567471 3.295032 0.000000 0.000000 0.000000 1.000000 0.000000 0.000000
11.000000 123.290392 16.646398 -0.577899 3.280690 0.000000 0.000000 0.000000 1.000000 0.000000 0.000000
11.000000 123.290823 16.596759 -0.558621 3.297321 0.000000 0.000000 0.000000 1.000000 0.000000 0.000000
11.000000 123.292395 16.643188 -0.534009 3.233509 0.000000 0.000000 0.000000 1.000000 0.000000 0.000000
11.000000 123.292896 16.778757 -0.542406 3.234586 0.000000 0.000000 0.000000 1.000000 0.000000 0.000000
11.000000 123.294251 16.605647 -0.584730 3.321002 0.000000 0.000000 0.000000 1.000000 0.000000 0.000000
11.000000 123.297056 16.601790 -0.587629 3.314547 0.000000 0.000000 0.000000 1.000000 0.000000 0.000000
11.000000 123.300309 16.566663 -0.595876 3.297393 0.000000 0.000000 0.000000 1.000000 0.000000 0.000000
11.000000 123.300951 16.480204 -0.564197 3.309404 0.000000 0.000000 0.000000 1.000000 0.000000 0.000000
11.000000 123.302440 16.525133 -0.540430 3.254893 0.000000 0.000000 0.000000 1.000000 0.000000 0.000000
11.000000 123.302967 16.649173 -0.549065 3.254154 0.000000 0.000000 0.000000 1.000000 0.000000 0.000000
11.000000 123.304514 16.477470 -0.593749 3.334762 0.000000 0.000000 0.000000 1.000000 0.000000 0.000000
11.000000 123.307313 16.450296 -0.582733 3.324830 0.000000 0.000000 0.000000 1.000000 0.000000 0.000000
11.000000 123.310276 16.385900 -0.591010 3.314502 0.000000 0.000000 0.000000 1.000000 0.000000 0.000000
11.000000 123.310840 16.356838 -0.578462 3.326351 0.000000 0.000000 0.000000 1.000000 0.000000 0.000000
11.000000 123.312465 16.421722 -0.542953 3.268069 0.000000 0.000000 0.000000 1.000000 0.000000 0.000000
11.000000 123.313075 16.551703 -0.551462 3.269744 0.000000 0.000000 0.000000 1.000000 0.000000 0.000000
11.000000 123.314195 16.374051 -0.598161 3.350560 0.000000 0.000000 0.000000 1.000000 0.000000 0.000000
11.000000 123.317057 16.355348 -0.592387 3.340267 0.000000 0.000000 0.000000 1.000000 0.000000 0.000000
11.000000 123.320315 16.392849 -0.602650 3.326421 0.000000 0.000000 0.000000 1.000000 0.000000 0.000000
11.000000 123.321151 16.267047 -0.557014 3.348498 0.000000 0.000000 0.000000 1.000000 0.000000 0.000000
11.000000 123.322484 16.299753 -0.540641 3.288438 0.000000 0.000000 0.000000 1.000000 0.000000 0.000000
11.000000 123.322899 16.460514 -0.553429 3.293547 0.000000 0.000000 0.000000 1.000000 0.000000 0.000000
11.000000 123.324339 16.270638 -0.604879 3.373603 0.000000 0.000000 0.000000 1.000000 0.000000 0.000000
11.000000 123.327105 16.245507 -0.595225 3.360939 0.000000 0.000000 0.000000 1.000000 0.000000 0.000000
11.000000 123.330330 16.196004 -0.602499 3.353771 0.000000 0.000000 0.000000 1.000000 0.000000 0.000000
11.000000 123.330882 16.153815 -0.585692 3.367758 0.000000 0.000000 0.000000 1.000000 0.000000 0.000000
11.000000 123.332476 16.223367 -0.548926 3.305752 0.000000 0.000000 0.000000 1.000000 0.000000 0.000000
11.000000 123.333212 16.359090 -0.558046 3.302451 0.000000 0.000000 0.000000 1.000000 0.000000 0.000000
11.000000 123.334443 16.163297 -0.611769 3.387289 0.000000 0.000000 0.000000 1.000000 0.000000 0.000000
11.000000 123.337069 16.132030 -0.597193 3.381615 0.000000 0.000000 0.000000 1.000000 0.000000 0.000000
11.000000 123.340232 16.080629 -0.603922 3.370796 0.000000 0.000000 0.000000 1.000000 0.000000 0.000000
11.000000 123.341013 16.049795 -0.591302 3.380546 0.000000 0.000000 0.000000 1.000000 0.000000 0.000000
11.000000 123.342464 16.112624 -0.558270 3.324317 0.000000 0.000000 0.000000 1.000000 0.000000 0.000000
11.000000 123.343091 16.246403 -0.567691 3.323206 0.000000 0.000000 0.000000 1.000000 0.000000 0.000000
11.000000 123.344363 16.060544 -0.619237 3.403683 0.000000 0.000000 0.000000 1.000000 0.000000 0.000000
11.000000 123.347255 16.001227 -0.589676 3.389020 0.000000 0.000000 0.000000 1.000000 0.000000 0.000000
11.000000 123.350332 15.937433 -0.597513 3.379915 0.000000 0.000000 0.000000 1.000000 0.000000 0.000000
11.000000 123.350902 15.948166 -0.599703 3.393295 0.000000 0.000000 0.000000 1.000000 0.000000 0.000000
11.000000 123.352472 16.018157 -0.562719 3.338579 0.000000 0.000000 0.000000 1.000000 0.000000 0.000000
11.000000 123.354405 15.819960 -0.534844 3.354871 0.000000 0.000000 0.000000 1.000000 0.000000 0.000000
11.000000 123.357177 15.898416 -0.601169 3.399988 0.000000 0.000000 0.000000 1.000000 0.000000 0.000000
11.000000 123.360246 15.798187 -0.608626 3.383827 0.000000 0.000000 0.000000 1.000000 0.000000 0.000000
11.000000 123.361070 15.812017 -0.613084 3.397519 0.000000 0.000000 0.000000 1.000000 0.000000 0.000000
11.000000 123.362508 15.905203 -0.565020 3.347906 0.000000 0.000000 0.000000 1.000000 0.000000 0.000000
11.000000 123.362999 16.057083 -0.575562 3.351521 0.000000 0.000000 0.000000 1.000000 0.000000 0.000000
11.000000 123.364341 15.847212 -0.635652 3.435839 0.000000 0.000000 0.000000 1.000000 0.000000 0.000000
11.000000 123.367168 15.787301 -0.608581 3.411572 0.000000 0.000000 0.000000 1.000000 0.000000 0.000000
11.000000 123.370322 15.751417 -0.618617 3.396653 0.000000 0.000000 0.000000 1.000000 0.000000 0.000000
11.000000 123.370909 15.718833 -0.605469 3.416241 0.000000 0.000000 0.000000 1.000000 0.000000 0.000000
11.000000 123.372441 15.789319 -0.568932 3.361519 0.000000 0.000000 0.000000 1.000000 0.000000 0.000000
11.000000 123.372861 15.937631 -0.579933 3.363438 0.000000 0.000000 0.000000 1.000000 0.000000 0.000000
11.000000 123.374189 15.730528 -0.640456 3.446048 0.000000 0.000000 0.000000 1.000000 0.000000 0.000000
11.000000 123.377079 15.671359 -0.613219 3.426264 0.000000 0.000000 0.000000 1.000000 0.000000 0.000000
11.000000 123.380289 15.623620 -0.622304 3.411311 0.000000 0.000000 0.000000 1.000000 0.000000 0.000000
11.000000 123.381445 15.617916 -0.619699 3.431186 0.000000 0.000000 0.000000 1.000000 0.000000 0.000000
11.000000 123.382500 15.699792 -0.578506 3.376175 0.000000 0.000000 0.000000 1.000000 0.000000 0.000000
11.000000 123.382905 15.832652 -0.587226 3.369461 0.000000 0.000000 0.000000 1.000000 0.000000 0.000000
11.000000 123.384430 15.627631 -0.647241 3.453792 0.000000 0.000000 0.000000 1.000000 0.000000 0.000000
11.000000 123.387204 15.548231 -0.607982 3.435982 0.000000 0.000000 0.000000 1.000000 0.000000 0.000000
11.000000 123.390312 15.494924 -0.616765 3.422922 0.000000 0.000000 0.000000 1.000000 0.000000 0.000000
11.000000 123.391032 15.515242 -0.623489 3.441148 0.000000 0.000000 0.000000 1.000000 0.000000 0.000000
11.000000 123.392490 15.596423 -0.582580 3.387013 0.000000 0.000000 0.000000 1.000000 0.000000 0.000000
11.000000 123.392904 15.687387 -0.583909 3.381804 0.000000 0.000000 0.000000 1.000000 0.000000 0.000000
11.000000 123.394239 15.510230 -0.633342 3.465541 0.000000 0.000000 0.000000 1.000000 0.000000 0.000000
11.000000 123.397095 15.474877 -0.621164 3.444926 0.000000 0.000000 0.000000 1.000000 0.000000 0.000000
11.000000 123.400276 15.398722 -0.630280 3.429583 0.000000 0.000000 0.000000 1.000000 0.000000 0.000000
11.000000 123.401128 15.397801 -0.629194 3.449622 0.000000 0.000000 0.000000 1.000000 0.000000 0.000000
11.000000 123.402495 15.481692 -0.587014 3.395581 0.000000 0.000000 0.000000 1.000000 0.000000 0.000000
11.000000 123.404411 15.263364 -0.557795 3.407614 0.000000 0.000000 0.000000 1.000000 0.000000 0.000000
11.000000 123.407182 15.352362 -0.627731 3.452636 0.000000 0.000000 0.000000 1.000000 0.000000 0.000000
11.000000 123.410301 15.325769 -0.637108 3.425889 0.000000 0.000000 0.000000 1.000000 0.000000 0.000000
11.000000 123.411241 15.295714 -0.626230 3.441543 0.000000 0.000000 0.000000 1.000000 0.000000 0.000000
11.000000 123.412488 15.377982 -0.585729 3.399112 0.000000 0.000000 0.000000 1.000000 0.000000 0.000000
11.000000 123.412895 15.517240 -0.594758 3.401869 0.000000 0.000000 0.000000 1.000000 0.000000 0.000000
11.000000 123.414315 15.307267 -0.658539 3.482520 0.000000 0.000000 0.000000 1.000000 0.000000 0.000000
11.000000 123.417099 15.259265 -0.639987 3.458081 0.000000 0.000000 0.000000 1.000000 0.000000 0.000000
11.000000 123.420235 15.230327 -0.650247 3.440678 0.000000 0.000000 0.000000 1.000000 0.000000 0.000000
11.000000 123.420999 15.199923 -0.637947 3.460989 0.000000 0.000000 0.000000 1.000000 0.000000 0.000000
11.000000 123.422498 15.292175 -0.591053 3.412471 0.000000 0.000000 0.000000 1.000000 0.000000 0.000000
11.000000 123.422977 15.424607 -0.599641 3.413520 0.000000 0.000000 0.000000 1.000000 0.000000 0.000000
11.000000 123.424384 15.210007 -0.666601 3.490821 0.000000 0.000000 0.000000 1.000000 0.000000 0.000000
11.000000 123.427193 15.139385 -0.635039 3.466370 0.000000 0.000000 0.000000 1.000000 0.000000 0.000000
11.000000 123.430492 15.099231 -0.644346 3.453323 0.000000 0.000000 0.000000 1.000000 0.000000 0.000000
11.000000 123.430916 15.106605 -0.646212 3.472825 0.000000 0.000000 0.000000 1.000000 0.000000 0.000000
11.000000 123.432503 15.210109 -0.593887 3.424102 0.000000 0.000000 0.000000 1.000000 0.000000 0.000000
11.000000 123.432869 15.332006 -0.602082 3.418056 0.000000 0.000000 0.000000 1.000000 0.000000 0.000000
11.000000 123.434283 15.107762 -0.674188 3.494332 0.000000 0.000000 0.000000 1.000000 0.000000 0.000000
11.000000 123.437093 15.026689 -0.636526 3.472762 0.000000 0.000000 0.000000 1.000000 0.000000 0.000000
11.000000 123.440384 14.963337 -0.644935 3.461061 0.000000 0.000000 0.000000 1.000000 0.000000 0.000000
11.000000 123.440979 14.991579 -0.654102 3.475214 0.000000 0.000000 0.000000 1.000000 0.000000 0.000000
11.000000 123.442559 15.102614 -0.597590 3.425532 0.000000 0.000000 0.000000 1.000000 0.000000 0.000000
11.000000 123.443014 15.231401 -0.606352 3.422864 0.000000 0.000000 0.000000 1.000000 0.000000 0.000000
11.000000 123.444377 15.009534 -0.677642 3.499850 0.000000 0.000000 0.000000 1.000000 0.000000 0.000000
11.000000 123.447131 14.943261 -0.648716 3.478418 0.000000 0.000000 0.000000 1.000000 0.000000 0.000000
11.000000 123.450421 14.885545 -0.657338 3.462849 0.000000 0.000000 0.000000 1.000000 0.000000 0.000000
11.000000 123.450898 14.895198 -0.660077 3.478484 0.000000 0.000000 0.000000 1.000000 0.000000 0.000000
11.000000 123.452510 14.988736 -0.613639 3.427902 0.000000 0.000000 0.000000 1.000000 0.000000 0.000000
11.000000 123.452983 15.116240 -0.618533 3.434887 0.000000 0.000000 0.000000 1.000000 0.000000 0.000000
11.000000 123.454282 14.902526 -0.684715 3.513500 0.000000 0.000000 0.000000 1.000000 0.000000 0.000000
11.000000 123.457153 14.828522 -0.653755 3.480450 0.000000 0.000000 0.000000 1.000000 0.000000 0.000000
11.000000 123.460336 14.776940 -0.662957 3.466636 0.000000 0.000000 0.000000 1.000000 0.000000 0.000000
11.000000 123.461383 14.779833 -0.662822 3.484021 0.000000 0.000000 0.000000 1.000000 0.000000 0.000000
11.000000 123.462563 14.848732 -0.628675 3.433417 0.000000 0.000000 0.000000 1.000000 0.000000 0.000000
11.000000 123.462930 14.978787 -0.635953 3.436091 0.000000 0.000000 0.000000 1.000000 0.000000 0.000000
11.000000 123.464295 14.801046 -0.690155 3.509679 0.000000 0.000000 0.000000 1.000000 0.000000 0.000000
11.000000 123.467235 14.737434 -0.664258 3.483252 0.000000 0.000000 0.000000 1.000000 0.000000 0.000000
11.000000 123.470380 14.681257 -0.673145 3.466868 0.000000 0.000000 0.000000 1.000000 0.000000 0.000000
11.000000 123.471041 14.675720 -0.670263 3.484378 0.000000 0.000000 0.000000 1.000000 0.000000 0.000000
11.000000 123.472518 14.781345 -0.618623 3.432444 0.000000 0.000000 0.000000 1.000000 0.000000 0.000000
11.000000 123.472898 14.913438 -0.625168 3.432110 0.000000 0.000000 0.000000 1.000000 0.000000 0.000000
11.000000 123.474225 14.696173 -0.694415 3.509974 0.000000 0.000000 0.000000 1.000000 0.000000 0.000000
11.000000 123.477073 14.617082 -0.658969 3.487119 0.000000 0.000000 0.000000 1.000000 0.000000 0.000000
11.000000 123.480328 14.553482 -0.666010 3.475657 0.000000 0.000000 0.000000 1.000000 0.000000 0.000000
11.000000 123.480990 14.581219 -0.675609 3.486995 0.000000 0.000000 0.000000 1.000000 0.000000 0.000000
11.000000 123.482610 14.696834 -0.618438 3.440345 0.000000 0.000000 0.000000 1.000000 0.000000 0.000000
11.000000 123.482963 14.824827 -0.626112 3.439371 0.000000 0.000000 0.000000 1.000000 0.000000 0.000000
11.000000 123.484358 14.593484 -0.703475 3.511396 0.000000 0.000000 0.000000 1.000000 0.000000 0.000000
11.000000 123.487335 14.521515 -0.673229 3.485396 0.000000 0.000000 0.000000 1.000000 0.000000 0.000000
11.000000 123.491012 14.459823 -0.685025 3.467408 0.000000 0.000000 0.000000 1.000000 0.000000 0.000000
11.000000 123.492470 14.594371 -0.624474 3.444633 0.000000 0.000000 0.000000 1.000000 0.000000 0.000000
11.000000 123.492951 14.703472 -0.630541 3.435676 0.000000 0.000000 0.000000 1.000000 0.000000 0.000000
11.000000 123.494222 14.501095 -0.696968 3.509723 0.000000 0.000000 0.000000 1.000000 0.000000 0.000000
11.000000 123.497198 14.447278 -0.676942 3.487302 0.000000 0.000000 0.000000 1.000000 0.000000 0.000000
11.000000 123.500440 14.382793 -0.686134 3.468747 0.000000 0.000000 0.000000 1.000000 0.000000 0.000000
11.000000 123.501136 14.389350 -0.688580 3.488954 0.000000 0.000000 0.000000 1.000000 0.000000 0.000000
11.000000 123.502681 14.513463 -0.628713 3.447027 0.000000 0.000000 0.000000 1.000000 0.000000 0.000000
11.000000 123.502937 14.611228 -0.633815 3.434991 0.000000 0.000000 0.000000 1.000000 0.000000 0.000000
11.000000 123.504422 14.392650 -0.708518 3.503359 0.000000 0.000000 0.000000 1.000000 0.000000 0.000000
11.000000 123.507161 14.351243 -0.694479 3.483409 0.000000 0.000000 0.000000 1.000000 0.000000 0.000000
11.000000 123.510483 14.232914 -0.700619 3.476318 0.000000 0.000000 0.000000 1.000000 0.000000 0.000000
11.000000 123.510910 14.234988 -0.699221 3.486638 0.000000 0.000000 0.000000 1.000000 0.000000 0.000000
11.000000 123.512543 14.381313 -0.626438 3.440121 0.000000 0.000000 0.000000 1.000000 0.000000 0.000000
11.000000 123.512933 14.525187 -0.637350 3.439792 0.000000 0.000000 0.000000 1.000000 0.000000 0.000000
11.000000 123.514247 14.297027 -0.716273 3.506921 0.000000 0.000000 0.000000 1.000000 0.000000 0.000000
11.000000 123.517076 14.247988 -0.699200 3.482254 0.000000 0.000000 0.000000 1.000000 0.000000 0.000000
11.000000 123.520247 14.186355 -0.707457 3.473904 0.000000 0.000000 0.000000 1.000000 0.000000 0.000000
11.000000 123.520966 14.152446 -0.691990 3.489714 0.000000 0.000000 0.000000 1.000000 0.000000 0.000000
11.000000 123.522531 14.276899 -0.630595 3.440366 0.000000 0.000000 0.000000 1.000000 0.000000 0.000000
11.000000 123.522907 14.421198 -0.641575 3.437734 0.000000 0.000000 0.000000 1.000000 0.000000 0.000000
11.000000 123.524417 14.190918 -0.721809 3.505521 0.000000 0.000000 0.000000 1.000000 0.000000 0.000000
11.000000 123.527332 14.111956 -0.688588 3.482427 0.000000 0.000000 0.000000 1.000000 0.000000 0.000000
11.000000 123.530303 14.054999 -0.696353 3.467288 0.000000 0.000000 0.000000 1.000000 0.000000 0.000000
11.000000 123.530943 14.065176 -0.699415 3.478584 0.000000 0.000000 0.000000 1.000000 0.000000 0.000000
11.000000 123.532510 14.185362 -0.641682 3.434187 0.000000 0.000000 0.000000 1.000000 0.000000 0.000000
11.000000 123.532948 14.315678 -0.649110 3.433602 0.000000 0.000000 0.000000 1.000000 0.000000 0.000000
11.000000 123.534381 14.088999 -0.726660 3.506586 0.000000 0.000000 0.000000 1.000000 0.000000 0.000000
11.000000 123.537124 14.015684 -0.699182 3.475553 0.000000 0.000000 0.000000 1.000000 0.000000 0.000000
11.000000 123.540250 13.968276 -0.709614 3.459965 0.000000 0.000000 0.000000 1.000000 0.000000 0.000000
11.000000 123.541106 13.980784 -0.713895 3.481146 0.000000 0.000000 0.000000 1.000000 0.000000 0.000000
11.000000 123.542550 14.116187 -0.649304 3.436265 0.000000 0.000000 0.000000 1.000000 0.000000 0.000000
11.000000 123.542975 14.215873 -0.651852 3.433100 0.000000 0.000000 0.000000 1.000000 0.000000 0.000000
11.000000 123.544267 14.006704 -0.722350 3.505068 0.000000 0.000000 0.000000 1.000000 0.000000 0.000000
11.000000 123.547216 13.974249 -0.716302 3.475115 0.000000 0.000000 0.000000 1.000000 0.000000 0.000000
11.000000 123.550478 13.884421 -0.725136 3.463656 0.000000 0.000000 0.000000 1.000000 0.000000 0.000000
11.000000 123.550975 13.883423 -0.723227 3.481750 0.000000 0.000000 0.000000 1.000000 0.000000 0.000000
11.000000 123.552510 14.026823 -0.654878 3.425422 0.000000 0.000000 0.000000 1.000000 0.000000 0.000000
11.000000 123.552959 14.120025 -0.655306 3.418773 0.000000 0.000000 0.000000 1.000000 0.000000 0.000000
11.000000 123.554223 13.884942 -0.734978 3.499425 0.000000 0.000000 0.000000 1.000000 0.000000 0.000000
11.000000 123.557061 13.823106 -0.713594 3.471154 0.000000 0.000000 0.000000 1.000000 0.000000 0.000000
11.000000 123.560318 13.780821 -0.724110 3.463525 0.000000 0.000000 0.000000 1.000000 0.000000 0.000000
11.000000 123.561046 13.754307 -0.712008 3.489508 0.000000 0.000000 0.000000 1.000000 0.000000 0.000000
11.000000 123.562526 13.874723 -0.655475 3.430631 0.000000 0.000000 0.000000 1.000000 0.000000 0.000000
11.000000 123.562960 14.043724 -0.666307 3.426720 0.000000 0.000000 0.000000 1.000000 0.000000 0.000000
11.000000 123.564356 13.796750 -0.752415 3.501203 0.000000 0.000000 0.000000 1.000000 0.000000 0.000000
11.000000 123.567146 13.691991 -0.710039 3.466668 0.000000 0.000000 0.000000 1.000000 0.000000 0.000000
11.000000 123.570222 13.668224 -0.720744 3.455796 0.000000 0.000000 0.000000 1.000000 0.000000 0.000000
11.000000 123.570953 13.688350 -0.725216 3.461913 0.000000 0.000000 0.000000 1.000000 0.000000 0.000000
11.000000 123.572571 13.810227 -0.664846 3.407577 0.000000 0.000000 0.000000 1.000000 0.000000 0.000000
11.000000 123.572932 13.907140 -0.664895 3.418911 0.000000 0.000000 0.000000 1.000000 0.000000 0.000000
11.000000 123.574273 13.681346 -0.742604 3.491594 0.000000 0.000000 0.000000 1.000000 0.000000 0.000000
11.000000 123.577097 13.617521 -0.720923 3.459341 0.000000 0.000000 0.000000 1.000000 0.000000 0.000000
11.000000 123.580404 13.560547 -0.729771 3.450142 0.000000 0.000000 0.000000 1.000000 0.000000 0.000000
11.000000 123.581302 13.571329 -0.731068 3.457040 0.000000 0.000000 0.000000 1.000000 0.000000 0.000000
11.000000 123.582530 13.703919 -0.666677 3.404473 0.000000 0.000000 0.000000 1.000000 0.000000 0.000000
11.000000 123.583080 13.829294 -0.670415 3.414884 0.000000 0.000000 0.000000 1.000000 0.000000 0.000000
11.000000 123.584549 13.590560 -0.753812 3.488450 0.000000 0.000000 0.000000 1.000000 0.000000 0.000000
11.000000 123.587180 13.512355 -0.725563 3.454544 0.000000 0.000000 0.000000 1.000000 0.000000 0.000000
11.000000 123.590485 13.459417 -0.734812 3.440538 0.000000 0.000000 0.000000 1.000000 0.000000 0.000000
11.000000 123.590981 13.482759 -0.742554 3.450297 0.000000 0.000000 0.000000 1.000000 0.000000 0.000000
11.000000 123.592588 13.623369 -0.676045 3.402476 0.000000 0.000000 0.000000 1.000000 0.000000 0.000000
11.000000 123.593023 13.720787 -0.675939 3.407702 0.000000 0.000000 0.000000 1.000000 0.000000 0.000000
11.000000 123.594381 13.493883 -0.755415 3.476868 0.000000 0.000000 0.000000 1.000000 0.000000 0.000000
11.000000 123.597346 13.413394 -0.724383 3.447673 0.000000 0.000000 0.000000 1.000000 0.000000 0.000000
11.000000 123.600463 13.326567 -0.730133 3.439597 0.000000 0.000000 0.000000 1.000000 0.000000 0.000000
11.000000 123.601011 13.375320 -0.748624 3.443842 0.000000 0.000000 0.000000 1.000000 0.000000 0.000000
11.000000 123.602737 13.508191 -0.687151 3.386564 0.000000 0.000000 0.000000 1.000000 0.000000 0.000000
11.000000 123.602904 13.623370 -0.688749 3.383909 0.000000 0.000000 0.000000 1.000000 0.000000 0.000000
11.000000 123.604364 13.391828 -0.768489 3.463219 0.000000 0.000000 0.000000 1.000000 0.000000 0.000000
11.000000 123.607220 13.315207 -0.739749 3.438195 0.000000 0.000000 0.000000 1.000000 0.000000 0.000000
11.000000 123.610447 13.263681 -0.747999 3.425395 0.000000 0.000000 0.000000 1.000000 0.000000 0.000000
11.000000 123.610928 13.282529 -0.751963 3.420878 0.000000 0.000000 0.000000 1.000000 0.000000 0.000000
11.000000 123.612577 13.428288 -0.681304 3.370915 0.000000 0.000000 0.000000 1.000000 0.000000 0.000000
11.000000 123.613048 13.521234 -0.680382 3.383764 0.000000 0.000000 0.000000 1.000000 0.000000 0.000000
11.000000 123.614404 13.289050 -0.762579 3.455915 0.000000 0.000000 0.000000 1.000000 0.000000 0.000000
11.000000 123.617115 13.213395 -0.735668 3.425514 0.000000 0.000000 0.000000 1.000000 0.000000 0.000000
11.000000 123.620336 13.150626 -0.743784 3.414598 0.000000 0.000000 0.000000 1.000000 0.000000 0.000000
11.000000 123.621365 13.179961 -0.753468 3.418131 0.000000 0.000000 0.000000 1.000000 0.000000 0.000000
11.000000 123.622563 13.325891 -0.684765 3.369333 0.000000 0.000000 0.000000 1.000000 0.000000 0.000000
11.000000 123.622985 13.409090 -0.682498 3.375268 0.000000 0.000000 0.000000 1.000000 0.000000 0.000000
11.000000 123.624447 13.174020 -0.766855 3.445034 0.000000 0.000000 0.000000 1.000000 0.000000 0.000000
11.000000 123.627217 13.111273 -0.747106 3.412869 0.000000 0.000000 0.000000 1.000000 0.000000 0.000000
11.000000 123.630382 13.054756 -0.755504 3.398771 0.000000 0.000000 0.000000 1.000000 0.000000 0.000000
11.000000 123.631005 13.074412 -0.761872 3.403871 0.000000 0.000000 0.000000 1.000000 0.000000 0.000000
11.000000 123.632568 13.222164 -0.693610 3.355280 0.000000 0.000000 0.000000 1.000000 0.000000 0.000000
11.000000 123.632990 13.313720 -0.691073 3.361715 0.000000 0.000000 0.000000 1.000000 0.000000 0.000000
11.000000 123.634351 13.078214 -0.774880 3.433979 0.000000 0.000000 0.000000 1.000000 0.000000 0.000000
11.000000 123.637141 13.016572 -0.755249 3.403515 0.000000 0.000000 0.000000 1.000000 0.000000 0.000000
11.000000 123.640346 12.971703 -0.763264 3.389976 0.000000 0.000000 0.000000 1.000000 0.000000 0.000000
11.000000 123.641061 12.986461 -0.767457 3.392723 0.000000 0.000000 0.000000 1.000000 0.000000 0.000000
11.000000 123.642587 13.133823 -0.699553 3.343263 0.000000 0.000000 0.000000 1.000000 0.000000 0.000000
11.000000 123.643038 13.216137 -0.697220 3.343452 0.000000 0.000000 0.000000 1.000000 0.000000 0.000000
11.000000 123.644456 12.990646 -0.779285 3.407047 0.000000 0.000000 0.000000 1.000000 0.000000 0.000000
11.000000 123.647317 12.928774 -0.758729 3.378839 0.000000 0.000000 0.000000 1.000000 0.000000 0.000000
11.000000 123.650380 12.883876 -0.765459 3.370783 0.000000 0.000000 0.000000 1.000000 0.000000 0.000000
11.000000 123.650991 12.884232 -0.763537 3.374957 0.000000 0.000000 0.000000 1.000000 0.000000 0.000000
11.000000 123.652562 13.009329 -0.706528 3.320956 0.000000 0.000000 0.000000 1.000000 0.000000 0.000000
11.000000 123.653106 13.130925 -0.708283 3.322498 0.000000 0.000000 0.000000 1.000000 0.000000 0.000000
11.000000 123.654258 12.892812 -0.793453 3.399796 0.000000 0.000000 0.000000 1.000000 0.000000 0.000000
11.000000 123.657169 12.780384 -0.749814 3.371650 0.000000 0.000000 0.000000 1.000000 0.000000 0.000000
11.000000 123.660347 12.721464 -0.758202 3.351905 0.000000 0.000000 0.000000 1.000000 0.000000 0.000000
11.000000 123.661047 12.776872 -0.780328 3.348890 0.000000 0.000000 0.000000 1.000000 0.000000 0.000000
11.000000 123.662560 12.936954 -0.707262 3.311006 0.000000 0.000000 0.000000 1.000000 0.000000 0.000000
11.000000 123.663265 13.049871 -0.709474 3.316708 0.000000 0.000000 0.000000 1.000000 0.000000 0.000000
11.000000 123.664439 12.801693 -0.801941 3.385471 0.000000 0.000000 0.000000 1.000000 0.000000 0.000000
11.000000 123.667228 12.686996 -0.758496 3.353539 0.000000 0.000000 0.000000 1.000000 0.000000 0.000000
11.000000 123.670398 12.646999 -0.768013 3.341395 0.000000 0.000000 0.000000 1.000000 0.000000 0.000000
11.000000 123.670994 12.719390 -0.796319 3.339645 0.000000 0.000000 0.000000 1.000000 0.000000 0.000000
11.000000 123.672618 12.882109 -0.720963 3.295797 0.000000 0.000000 0.000000 1.000000 0.000000 0.000000
11.000000 123.672980 12.923358 -0.713354 3.299854 0.000000 0.000000 0.000000 1.000000 0.000000 0.000000
11.000000 123.674363 12.690957 -0.799132 3.367480 0.000000 0.000000 0.000000 1.000000 0.000000 0.000000
11.000000 123.677129 12.574895 -0.756006 3.332991 0.000000 0.000000 0.000000 1.000000 0.000000 0.000000
11.000000 123.680391 12.528089 -0.765343 3.321266 0.000000 0.000000 0.000000 1.000000 0.000000 0.000000
11.000000 123.681070 12.570219 -0.781125 3.323530 0.000000 0.000000 0.000000 1.000000 0.000000 0.000000
11.000000 123.682596 12.707308 -0.718811 3.275726 0.000000 0.000000 0.000000 1.000000 0.000000 0.000000
11.000000 123.683076 12.805738 -0.717998 3.279079 0.000000 0.000000 0.000000 1.000000 0.000000 0.000000
11.000000 123.684386 12.581221 -0.801223 3.343914 0.000000 0.000000 0.000000 1.000000 0.000000 0.000000
11.000000 123.687242 12.496775 -0.772734 3.312293 0.000000 0.000000 0.000000 1.000000 0.000000 0.000000
11.000000 123.690569 12.455922 -0.781496 3.303392 0.000000 0.000000 0.000000 1.000000 0.000000 0.000000
11.000000 123.690965 12.499598 -0.798964 3.310454 0.000000 0.000000 0.000000 1.000000 0.000000 0.000000
11.000000 123.692582 12.659332 -0.727712 3.265726 0.000000 0.000000 0.000000 1.000000 0.000000 0.000000
11.000000 123.693016 12.714675 -0.722705 3.258664 0.000000 0.000000 0.000000 1.000000 0.000000 0.000000
11.000000 123.694309 12.491329 -0.807058 3.319333 0.000000 0.000000 0.000000 1.000000 0.000000 0.000000
11.000000 123.697268 12.400790 -0.774315 3.291778 0.000000 0.000000 0.000000 1.000000 0.000000 0.000000
11.000000 123.700542 12.322758 -0.779865 3.285033 0.000000 0.000000 0.000000 1.000000 0.000000 0.000000
11.000000 123.701132 12.383059 -0.805376 3.287598 0.000000 0.000000 0.000000 1.000000 0.000000 0.000000
11.000000 123.702584 12.550093 -0.732081 3.243800 0.000000 0.000000 0.000000 1.000000 0.000000 0.000000
11.000000 123.703064 12.639445 -0.730723 3.236881 0.000000 0.000000 0.000000 1.000000 0.000000 0.000000
11.000000 123.704494 12.405603 -0.818529 3.305094 0.000000 0.000000 0.000000 1.000000 0.000000 0.000000
11.000000 123.707260 12.302664 -0.782463 3.274515 0.000000 0.000000 0.000000 1.000000 0.000000 0.000000
11.000000 123.710629 12.224435 -0.790643 3.251639 0.000000 0.000000 0.000000 1.000000 0.000000 0.000000
11.000000 123.711021 12.251880 -0.802955 3.253807 0.000000 0.000000 0.000000 1.000000 0.000000 0.000000
11.000000 123.712610 12.415655 -0.732295 3.221696 0.000000 0.000000 0.000000 1.000000 0.000000 0.000000
11.000000 123.713121 12.509099 -0.731397 3.220394 0.000000 0.000000 0.000000 1.000000 0.000000 0.000000
11.000000 123.714382 12.286583 -0.816571 3.279302 0.000000 0.000000 0.000000 1.000000 0.000000 0.000000
11.000000 123.717173 12.193341 -0.784479 3.248194 0.000000 0.000000 0.000000 1.000000 0.000000 0.000000
11.000000 123.720413 12.151555 -0.792434 3.245570 0.000000 0.000000 0.000000 1.000000 0.000000 0.000000
11.000000 123.721118 12.157543 -0.792888 3.254757 0.000000 0.000000 0.000000 1.000000 0.000000 0.000000
11.000000 123.722670 12.312825 -0.724486 3.207232 0.000000 0.000000 0.000000 1.000000 0.000000 0.000000
11.000000 123.723067 12.433146 -0.728200 3.199856 0.000000 0.000000 0.000000 1.000000 0.000000 0.000000
11.000000 123.724393 12.194521 -0.823933 3.248387 0.000000 0.000000 0.000000 1.000000 0.000000 0.000000
11.000000 123.727260 12.106042 -0.793152 3.217223 0.000000 0.000000 0.000000 1.000000 0.000000 0.000000
11.000000 123.730620 12.072094 -0.799086 3.217831 0.000000 0.000000 0.000000 1.000000 0.000000 0.000000
11.000000 123.731022 12.110474 -0.814963 3.225960 0.000000 0.000000 0.000000 1.000000 0.000000 0.000000
11.000000 123.732619 12.264742 -0.747842 3.185451 0.000000 0.000000 0.000000 1.000000 0.000000 0.000000
11.000000 123.733095 12.319507 -0.741215 3.182830 0.000000 0.000000 0.000000 1.000000 0.000000 0.000000
11.000000 123.734408 12.086722 -0.831880 3.239754 0.000000 0.000000 0.000000 1.000000 0.000000 0.000000
11.000000 123.737152 11.967134 -0.789042 3.203480 0.000000 0.000000 0.000000 1.000000 0.000000 0.000000
11.000000 123.740437 11.957446 -0.797757 3.199714 0.000000 0.000000 0.000000 1.000000 0.000000 0.000000
11.000000 123.741077 11.996432 -0.812011 3.199762 0.000000 0.000000 0.000000 1.000000 0.000000 0.000000
11.000000 123.742603 12.145467 -0.745259 3.155517 0.000000 0.000000 0.000000 1.000000 0.000000 0.000000
11.000000 123.743098 12.222531 -0.741679 3.158588 0.000000 0.000000 0.000000 1.000000 0.000000 0.000000
11.000000 123.744503 11.999035 -0.830476 3.207610 0.000000 0.000000 0.000000 1.000000 0.000000 0.000000
11.000000 123.747267 11.924303 -0.807528 3.173667 0.000000 0.000000 0.000000 1.000000 0.000000 0.000000
11.000000 123.750636 11.883054 -0.813433 3.175805 0.000000 0.000000 0.000000 1.000000 0.000000 0.000000
11.000000 123.750993 11.916032 -0.826415 3.182047 0.000000 0.000000 0.000000 1.000000 0.000000 0.000000
11.000000 123.752629 12.058093 -0.765172 3.131552 0.000000 0.000000 0.000000 1.000000 0.000000 0.000000
11.000000 123.753029 12.120425 -0.757697 3.127110 0.000000 0.000000 0.000000 1.000000 0.000000 0.000000
11.000000 123.754385 11.901628 -0.840478 3.190999 0.000000 0.000000 0.000000 1.000000 0.000000 0.000000
11.000000 123.757181 11.782173 -0.798964 3.156021 0.000000 0.000000 0.000000 1.000000 0.000000 0.000000
11.000000 123.760529 11.776326 -0.808903 3.138565 0.000000 0.000000 0.000000 1.000000 0.000000 0.000000
11.000000 123.762622 11.786745 -0.785208 3.099084 0.000000 0.000000 0.000000 1.000000 0.000000 0.000000
11.000000 123.763044 11.996737 -0.768774 3.107119 0.000000 0.000000 0.000000 1.000000 0.000000 0.000000
11.000000 123.764509 11.805664 -0.840485 3.167507 0.000000 0.000000 0.000000 1.000000 0.000000 0.000000
11.000000 123.767260 11.690174 -0.802786 3.131262 0.000000 0.000000 0.000000 1.000000 0.000000 0.000000
11.000000 123.770469 11.658213 -0.813922 3.119746 0.000000 0.000000 0.000000 1.000000 0.000000 0.000000
11.000000 123.771052 11.681134 -0.818932 3.108763 0.000000 0.000000 0.000000 1.000000 0.000000 0.000000
11.000000 123.772664 11.776902 -0.773362 3.062652 0.000000 0.000000 0.000000 1.000000 0.000000 0.000000
11.000000 123.773084 11.908977 -0.774589 3.082820 0.000000 0.000000 0.000000 1.000000 0.000000 0.000000
11.000000 123.774394 11.715188 -0.848633 3.139828 0.000000 0.000000 0.000000 1.000000 0.000000 0.000000
11.000000 123.777286 11.600847 -0.812662 3.100697 0.000000 0.000000 0.000000 1.000000 0.000000 0.000000
11.000000 123.780466 11.583920 -0.824703 3.092428 0.000000 0.000000 0.000000 1.000000 0.000000 0.000000
11.000000 123.781066 11.580157 -0.819982 3.100302 0.000000 0.000000 0.000000 1.000000 0.000000 0.000000
11.000000 123.782706 11.700500 -0.767622 3.053188 0.000000 0.000000 0.000000 1.000000 0.000000 0.000000
11.000000 123.783143 11.822447 -0.769324 3.052480 0.000000 0.000000 0.000000 1.000000 0.000000 0.000000
11.000000 123.784493 11.613760 -0.851841 3.108586 0.000000 0.000000 0.000000 1.000000 0.000000 0.000000
11.000000 123.787340 11.509332 -0.818833 3.075151 0.000000 0.000000 0.000000 1.000000 0.000000 0.000000
11.000000 123.790519 11.491952 -0.829581 3.063239 0.000000 0.000000 0.000000 1.000000 0.000000 0.000000
11.000000 123.791242 11.489313 -0.825041 3.061968 0.000000 0.000000 0.000000 1.000000 0.000000 0.000000
11.000000 123.792621 11.599260 -0.776526 3.018253 0.000000 0.000000 0.000000 1.000000 0.000000 0.000000
11.000000 123.793055 11.730233 -0.778070 3.026462 0.000000 0.000000 0.000000 1.000000 0.000000 0.000000
11.000000 123.794414 11.523567 -0.860035 3.080403 0.000000 0.000000 0.000000 1.000000 0.000000 0.000000
11.000000 123.797426 11.417547 -0.827859 3.042673 0.000000 0.000000 0.000000 1.000000 0.000000 0.000000
11.000000 123.800433 11.411583 -0.839410 3.031856 0.000000 0.000000 0.000000 1.000000 0.000000 0.000000
11.000000 123.801139 11.390214 -0.826578 3.036967 0.000000 0.000000 0.000000 1.000000 0.000000 0.000000
11.000000 123.802690 11.473118 -0.790529 2.990374 0.000000 0.000000 0.000000 1.000000 0.000000 0.000000
11.000000 123.803167 11.631106 -0.796046 2.993567 0.000000 0.000000 0.000000 1.000000 0.000000 0.000000
11.000000 123.804517 11.437786 -0.871545 3.051799 0.000000 0.000000 0.000000 1.000000 0.000000 0.000000
11.000000 123.807341 11.290033 -0.821070 3.017152 0.000000 0.000000 0.000000 1.000000 0.000000 0.000000
11.000000 123.810504 11.229672 -0.831356 3.000585 0.000000 0.000000 0.000000 1.000000 0.000000 0.000000
11.000000 123.811284 11.307666 -0.865700 2.988358 0.000000 0.000000 0.000000 1.000000 0.000000 0.000000
11.000000 123.812652 11.478680 -0.791885 2.962255 0.000000 0.000000 0.000000 1.000000 0.000000 0.000000
11.000000 123.813148 11.540298 -0.787431 2.966772 0.000000 0.000000 0.000000 1.000000 0.000000 0.000000
11.000000 123.814443 11.327566 -0.873847 3.022112 0.000000 0.000000 0.000000 1.000000 0.000000 0.000000
11.000000 123.817158 11.207184 -0.836075 2.987366 0.000000 0.000000 0.000000 1.000000 0.000000 0.000000
11.000000 123.820423 11.219885 -0.849684 2.971134 0.000000 0.000000 0.000000 1.000000 0.000000 0.000000
11.000000 123.821151 11.238287 -0.854989 2.967903 0.000000 0.000000 0.000000 1.000000 0.000000 0.000000
11.000000 123.822668 11.349895 -0.805981 2.929857 0.000000 0.000000 0.000000 1.000000 0.000000 0.000000
11.000000 123.823116 11.412911 -0.800001 2.935299 0.000000 0.000000 0.000000 1.000000 0.000000 0.000000
11.000000 123.824523 11.222812 -0.875036 2.991145 0.000000 0.000000 0.000000 1.000000 0.000000 0.000000
11.000000 123.827244 11.095788 -0.833828 2.957342 0.000000 0.000000 0.000000 1.000000 0.000000 0.000000
11.000000 123.830535 11.087687 -0.845371 2.945941 0.000000 0.000000 0.000000 1.000000 0.000000 0.000000
11.000000 123.831061 11.116318 -0.856490 2.945389 0.000000 0.000000 0.000000 1.000000 0.000000 0.000000
11.000000 123.832664 11.232989 -0.807071 2.904486 0.000000 0.000000 0.000000 1.000000 0.000000 0.000000
11.000000 123.833134 11.321597 -0.803684 2.904476 0.000000 0.000000 0.000000 1.000000 0.000000 0.000000
11.000000 123.834605 11.128370 -0.881123 2.958009 0.000000 0.000000 0.000000 1.000000 0.000000 0.000000
11.000000 123.837176 11.017477 -0.848727 2.921434 0.000000 0.000000 0.000000 1.000000 0.000000 0.000000
11.000000 123.840426 11.031688 -0.862207 2.909045 0.000000 0.000000 0.000000 1.000000 0.000000 0.000000
11.000000 123.841167 11.024129 -0.856178 2.915595 0.000000 0.000000 0.000000 1.000000 0.000000 0.000000
11.000000 123.842683 11.159177 -0.799580 2.875843 0.000000 0.000000 0.000000 1.000000 0.000000 0.000000
11.000000 123.843103 11.246950 -0.797515 2.870235 0.000000 0.000000 0.000000 1.000000 0.000000 0.000000
11.000000 123.844503 11.052797 -0.878173 2.916769 0.000000 0.000000 0.000000 1.000000 0.000000 0.000000
11.000000 123.847303 10.962181 -0.855265 2.879254 0.000000 0.000000 0.000000 1.000000 0.000000 0.000000
11.000000 123.850558 10.916127 -0.865656 2.875621 0.000000 0.000000 0.000000 1.000000 0.000000 0.000000
11.000000 123.851040 10.925772 -0.867197 2.878986 0.000000 0.000000 0.000000 1.000000 0.000000 0.000000
11.000000 123.852973 11.035068 -0.820757 2.836967 0.000000 0.000000 0.000000 1.000000 0.000000 0.000000
11.000000 123.853143 11.145869 -0.822811 2.830129 0.000000 0.000000 0.000000 1.000000 0.000000 0.000000
11.000000 123.854390 10.953787 -0.901942 2.883759 0.000000 0.000000 0.000000 1.000000 0.000000 0.000000
11.000000 123.857156 10.795156 -0.848867 2.851070 0.000000 0.000000 0.000000 1.000000 0.000000 0.000000
11.000000 123.860456 10.767289 -0.861092 2.836591 0.000000 0.000000 0.000000 1.000000 0.000000 0.000000
11.000000 123.861246 10.831271 -0.889795 2.828264 0.000000 0.000000 0.000000 1.000000 0.000000 0.000000
11.000000 123.862829 10.999306 -0.819056 2.803045 0.000000 0.000000 0.000000 1.000000 0.000000 0.000000
11.000000 123.863128 11.051227 -0.813289 2.803804 0.000000 0.000000 0.000000 1.000000 0.000000 0.000000
11.000000 123.864542 10.852686 -0.896491 2.853673 0.000000 0.000000 0.000000 1.000000 0.000000 0.000000
11.000000 123.867252 10.722461 -0.858448 2.814361 0.000000 0.000000 0.000000 1.000000 0.000000 0.000000
11.000000 123.870559 10.719412 -0.872621 2.803191 0.000000 0.000000 0.000000 1.000000 0.000000 0.000000
11.000000 123.871108 10.728315 -0.874762 2.809682 0.000000 0.000000 0.000000 1.000000 0.000000 0.000000
11.000000 123.872804 10.906039 -0.826759 2.769855 0.000000 0.000000 0.000000 1.000000 0.000000 0.000000
11.000000 123.873111 10.941376 -0.820362 2.765838 0.000000 0.000000 0.000000 1.000000 0.000000 0.000000
11.000000 123.874699 10.751014 -0.900586 2.815397 0.000000 0.000000 0.000000 1.000000 0.000000 0.000000
11.000000 123.877341 10.615531 -0.858549 2.781403 0.000000 0.000000 0.000000 1.000000 0.000000 0.000000
11.000000 123.880470 10.606909 -0.871290 2.772334 0.000000 0.000000 0.000000 1.000000 0.000000 0.000000
11.000000 123.881180 10.642791 -0.886334 2.772654 0.000000 0.000000 0.000000 1.000000 0.000000 0.000000
11.000000 123.882849 10.779158 -0.829915 2.736526 0.000000 0.000000 0.000000 1.000000 0.000000 0.000000
11.000000 123.883316 10.845940 -0.826735 2.726585 0.000000 0.000000 0.000000 1.000000 0.000000 0.000000
11.000000 123.884692 10.655484 -0.907217 2.777075 0.000000 0.000000 0.000000 1.000000 0.000000 0.000000
11.000000 123.887350 10.552836 -0.881972 2.742225 0.000000 0.000000 0.000000 1.000000 0.000000 0.000000
11.000000 123.890602 10.566798 -0.898657 2.725215 0.000000 0.000000 0.000000 1.000000 0.000000 0.000000
11.000000 123.891093 10.550714 -0.888480 2.732463 0.000000 0.000000 0.000000 1.000000 0.000000 0.000000
11.000000 123.892734 10.682373 -0.834314 2.701599 0.000000 0.000000 0.000000 1.000000 0.000000 0.000000
11.000000 123.893197 10.762300 -0.831671 2.698434 0.000000 0.000000 0.000000 1.000000 0.000000 0.000000
11.000000 123.894621 10.578036 -0.910695 2.742647 0.000000 0.000000 0.000000 1.000000 0.000000 0.000000
11.000000 123.897313 10.435900 -0.868543 2.702051 0.000000 0.000000 0.000000 1.000000 0.000000 0.000000
11.000000 123.900458 10.416752 -0.880937 2.691655 0.000000 0.000000 0.000000 1.000000 0.000000 0.000000
11.000000 123.901151 10.457291 -0.898839 2.688765 0.000000 0.000000 0.000000 1.000000 0.000000 0.000000
11.000000 123.902748 10.610486 -0.835806 2.662987 0.000000 0.000000 0.000000 1.000000 0.000000 0.000000
11.000000 123.903156 10.669485 -0.832707 2.656315 0.000000 0.000000 0.000000 1.000000 0.000000 0.000000
11.000000 123.904680 10.478433 -0.915871 2.703323 0.000000 0.000000 0.000000 1.000000 0.000000 0.000000
11.000000 123.907441 10.346479 -0.877408 2.668558 0.000000 0.000000 0.000000 1.000000 0.000000 0.000000
11.000000 123.910564 10.295557 -0.888712 2.654044 0.000000 0.000000 0.000000 1.000000 0.000000 0.000000
11.000000 123.911083 10.329236 -0.903253 2.642984 0.000000 0.000000 0.000000 1.000000 0.000000 0.000000
11.000000 123.912664 10.470243 -0.845372 2.611854 0.000000 0.000000 0.000000 1.000000 0.000000 0.000000
11.000000 123.913186 10.564149 -0.843535 2.610276 0.000000 0.000000 0.000000 1.000000 0.000000 0.000000
11.000000 123.914591 10.371739 -0.925609 2.662464 0.000000 0.000000 0.000000 1.000000 0.000000 0.000000
11.000000 123.917228 10.222988 -0.881141 2.625792 0.000000 0.000000 0.000000 1.000000 0.000000 0.000000
11.000000 123.920465 10.233978 -0.896217 2.613579 0.000000 0.000000 0.000000 1.000000 0.000000 0.000000
11.000000 123.921384 10.281882 -0.916676 2.607263 0.000000 0.000000 0.000000 1.000000 0.000000 0.000000
11.000000 123.922890 10.417572 -0.859641 2.579165 0.000000 0.000000 0.000000 1.000000 0.000000 0.000000
11.000000 123.923198 10.459381 -0.854240 2.574907 0.000000 0.000000 0.000000 1.000000 0.000000 0.000000
11.000000 123.924518 10.286312 -0.929174 2.620619 0.000000 0.000000 0.000000 1.000000 0.000000 0.000000
11.000000 123.927385 10.158683 -0.894712 2.584694 0.000000 0.000000 0.000000 1.000000 0.000000 0.000000
11.000000 123.930559 10.161787 -0.910410 2.567877 0.000000 0.000000 0.000000 1.000000 0.000000 0.000000
11.000000 123.931204 10.177399 -0.917027 2.569774 0.000000 0.000000 0.000000 1.000000 0.000000 0.000000
11.000000 123.932707 10.342914 -0.850867 2.548688 0.000000 0.000000 0.000000 1.000000 0.000000 0.000000
11.000000 123.933165 10.379187 -0.848665 2.530239 0.000000 0.000000 0.000000 1.000000 0.000000 0.000000
11.000000 123.934472 10.194790 -0.931987 2.575227 0.000000 0.000000 0.000000 1.000000 0.000000 0.000000
11.000000 123.937329 10.061552 -0.896031 2.541774 0.000000 0.000000 0.000000 1.000000 0.000000 0.000000
11.000000 123.940492 10.041474 -0.912398 2.523483 0.000000 0.000000 0.000000 1.000000 0.000000 0.000000
11.000000 123.941271 10.072893 -0.928410 2.525148 0.000000 0.000000 0.000000 1.000000 0.000000 0.000000
11.000000 123.942727 10.270202 -0.850984 2.511852 0.000000 0.000000 0.000000 1.000000 0.000000 0.000000
11.000000 123.943197 10.291433 -0.847923 2.490147 0.000000 0.000000 0.000000 1.000000 0.000000 0.000000
11.000000 123.944628 10.097836 -0.937252 2.534333 0.000000 0.000000 0.000000 1.000000 0.000000 0.000000
11.000000 123.947383 9.947228 -0.896110 2.497041 0.000000 0.000000 0.000000 1.000000 0.000000 0.000000
11.000000 123.950581 9.958153 -0.915393 2.482712 0.000000 0.000000 0.000000 1.000000 0.000000 0.000000
11.000000 123.951163 9.992485 -0.931019 2.487437 0.000000 0.000000 0.000000 1.000000 0.000000 0.000000
11.000000 123.952837 10.142246 -0.871733 2.458562 0.000000 0.000000 0.000000 1.000000 0.000000 0.000000
11.000000 123.953111 10.185792 -0.867042 2.442244 0.000000 0.000000 0.000000 1.000000 0.000000 0.000000
11.000000 123.954573 10.006658 -0.946751 2.488759 0.000000 0.000000 0.000000 1.000000 0.000000 0.000000
11.000000 123.957295 9.867187 -0.908152 2.453359 0.000000 0.000000 0.000000 1.000000 0.000000 0.000000
11.000000 123.960483 9.841251 -0.921933 2.433554 0.000000 0.000000 0.000000 1.000000 0.000000 0.000000
11.000000 123.961169 9.865830 -0.935612 2.430988 0.000000 0.000000 0.000000 1.000000 0.000000 0.000000
11.000000 123.962700 10.067240 -0.857834 2.423766 0.000000 0.000000 0.000000 1.000000 0.000000 0.000000
11.000000 123.963201 10.109460 -0.857817 2.404248 0.000000 0.000000 0.000000 1.000000 0.000000 0.000000
11.000000 123.964522 9.917669 -0.949299 2.443353 0.000000 0.000000 0.000000 1.000000 0.000000 0.000000
11.000000 123.967322 9.775628 -0.911287 2.406929 0.000000 0.000000 0.000000 1.000000 0.000000 0.000000
11.000000 123.970671 9.789867 -0.929045 2.393162 0.000000 0.000000 0.000000 1.000000 0.000000 0.000000
11.000000 123.971117 9.797643 -0.927759 2.387591 0.000000 0.000000 0.000000 1.000000 0.000000 0.000000
11.000000 123.972764 9.952054 -0.862610 2.366199 0.000000 0.000000 0.000000 1.000000 0.000000 0.000000
11.000000 123.973184 10.013393 -0.865317 2.356284 0.000000 0.000000 0.000000 1.000000 0.000000 0.000000
11.000000 123.974485 9.822013 -0.956510 2.399376 0.000000 0.000000 0.000000 1.000000 0.000000 0.000000
11.000000 123.977345 9.676799 -0.918194 2.365570 0.000000 0.000000 0.000000 1.000000 0.000000 0.000000
11.000000 123.980605 9.671631 -0.936977 2.348139 0.000000 0.000000 0.000000 1.000000 0.000000 0.000000
11.000000 123.981357 9.700425 -0.950288 2.346369 0.000000 0.000000 0.000000 1.000000 0.000000 0.000000
11.000000 123.982812 9.898830 -0.871822 2.333592 0.000000 0.000000 0.000000 1.000000 0.000000 0.000000
11.000000 123.983150 9.917289 -0.870818 2.310256 0.000000 0.000000 0.000000 1.000000 0.000000 0.000000
11.000000 123.984501 9.732245 -0.960571 2.349139 0.000000 0.000000 0.000000 1.000000 0.000000 0.000000
11.000000 123.987318 9.589795 -0.922137 2.315911 0.000000 0.000000 0.000000 1.000000 0.000000 0.000000
11.000000 123.990593 9.555238 -0.937078 2.312688 0.000000 0.000000 0.000000 1.000000 0.000000 0.000000
11.000000 123.991321 9.597930 -0.955901 2.309266 0.000000 0.000000 0.000000 1.000000 0.000000 0.000000
11.000000 123.992788 9.817007 -0.867944 2.294584 0.000000 0.000000 0.000000 1.000000 0.000000 0.000000
11.000000 123.993219 9.827235 -0.868574 2.265844 0.000000 0.000000 0.000000 1.000000 0.000000 0.000000
11.000000 123.994369 9.653640 -0.957357 2.292609 0.000000 0.000000 0.000000 1.000000 0.000000 0.000000
11.000000 123.997323 9.540673 -0.932818 2.256877 0.000000 0.000000 0.000000 1.000000 0.000000 0.000000
11.000000 124.000515 9.463070 -0.945425 2.254290 0.000000 0.000000 0.000000 1.000000 0.000000 0.000000
11.000000 124.001301 9.497641 -0.961849 2.250275 0.000000 0.000000 0.000000 1.000000 0.000000 0.000000
11.000000 124.002831 9.670708 -0.893831 2.234812 0.000000 0.000000 0.000000 1.000000 0.000000 0.000000
11.000000 124.003169 9.706654 -0.892907 2.216427 0.000000 0.000000 0.000000 1.000000 0.000000 0.000000
11.000000 124.004472 9.547907 -0.967923 2.257505 0.000000 0.000000 0.000000 1.000000 0.000000 0.000000
11.000000 124.007499 9.402451 -0.929120 2.225667 0.000000 0.000000 0.000000 1.000000 0.000000 0.000000
11.000000 124.010710 9.378849 -0.945505 2.209531 0.000000 0.000000 0.000000 1.000000 0.000000 0.000000
11.000000 124.012694 9.333137 -0.887869 2.178804 0.000000 0.000000 0.000000 1.000000 0.000000 0.000000
11.000000 124.013206 9.633574 -0.884324 2.169869 0.000000 0.000000 0.000000 1.000000 0.000000 0.000000
11.000000 124.014417 9.455639 -0.974115 2.204858 0.000000 0.000000 0.000000 1.000000 0.000000 0.000000
11.000000 124.017458 9.310629 -0.933057 2.174200 0.000000 0.000000 0.000000 1.000000 0.000000 0.000000
11.000000 124.020548 9.285489 -0.945766 2.159477 0.000000 0.000000 0.000000 1.000000 0.000000 0.000000
11.000000 124.021538 9.322163 -0.964195 2.146538 0.000000 0.000000 0.000000 1.000000 0.000000 0.000000
11.000000 124.022917 9.509860 -0.890656 2.143097 0.000000 0.000000 0.000000 1.000000 0.000000 0.000000
11.000000 124.023245 9.518508 -0.892352 2.119963 0.000000 0.000000 0.000000 1.000000 0.000000 0.000000
11.000000 124.024553 9.354811 -0.975914 2.154000 0.000000 0.000000 0.000000 1.000000 0.000000 0.000000
11.000000 124.027561 9.218981 -0.939166 2.126929 0.000000 0.000000 0.000000 1.000000 0.000000 0.000000
11.000000 124.030674 9.194098 -0.953894 2.113410 0.000000 0.000000 0.000000 1.000000 0.000000 0.000000
11.000000 124.031192 9.230906 -0.973064 2.105724 0.000000 0.000000 0.000000 1.000000 0.000000 0.000000
11.000000 124.032744 9.425391 -0.898233 2.100516 0.000000 0.000000 0.000000 1.000000 0.000000 0.000000
11.000000 124.033198 9.438070 -0.898502 2.076279 0.000000 0.000000 0.000000 1.000000 0.000000 0.000000
11.000000 124.034430 9.276095 -0.982161 2.106422 0.000000 0.000000 0.000000 1.000000 0.000000 0.000000
11.000000 124.037308 9.131978 -0.943470 2.072794 0.000000 0.000000 0.000000 1.000000 0.000000 0.000000
11.000000 124.040586 9.091743 -0.955753 2.068907 0.000000 0.000000 0.000000 1.000000 0.000000 0.000000
11.000000 124.041227 9.148622 -0.983531 2.055262 0.000000 0.000000 0.000000 1.000000 0.000000 0.000000
11.000000 124.042880 9.347021 -0.905007 2.046252 0.000000 0.000000 0.000000 1.000000 0.000000 0.000000
11.000000 124.043198 9.336386 -0.901235 2.025013 0.000000 0.000000 0.000000 1.000000 0.000000 0.000000
11.000000 124.044616 9.180085 -0.980688 2.057843 0.000000 0.000000 0.000000 1.000000 0.000000 0.000000
11.000000 124.047362 9.041983 -0.947011 2.022272 0.000000 0.000000 0.000000 1.000000 0.000000 0.000000
11.000000 124.050592 9.004580 -0.961536 2.013789 0.000000 0.000000 0.000000 1.000000 0.000000 0.000000
11.000000 124.051181 9.051370 -0.984458 2.000664 0.000000 0.000000 0.000000 1.000000 0.000000 0.000000
11.000000 124.052804 9.274908 -0.896968 1.997130 0.000000 0.000000 0.000000 1.000000 0.000000 0.000000
11.000000 124.053205 9.249412 -0.898239 1.962195 0.000000 0.000000 0.000000 1.000000 0.000000 0.000000
11.000000 124.054523 9.080597 -0.988995 1.993369 0.000000 0.000000 0.000000 1.000000 0.000000 0.000000
11.000000 124.057427 8.948856 -0.953318 1.967781 0.000000 0.000000 0.000000 1.000000 0.000000 0.000000
11.000000 124.060556 8.944665 -0.967833 1.946452 0.000000 0.000000 0.000000 1.000000 0.000000 0.000000
11.000000 124.061179 8.958584 -0.973893 1.931399 0.000000 0.000000 0.000000 1.000000 0.000000 0.000000
11.000000 124.062870 9.104128 -0.917238 1.919877 0.000000 0.000000 0.000000 1.000000 0.000000 0.000000
11.000000 124.063331 9.152967 -0.918029 1.907617 0.000000 0.000000 0.000000 1.000000 0.000000 0.000000
11.000000 124.064510 8.998866 -0.994429 1.948402 0.000000 0.000000 0.000000 1.000000 0.000000 0.000000
11.000000 124.067364 8.845740 -0.954119 1.916441 0.000000 0.000000 0.000000 1.000000 0.000000 0.000000
11.000000 124.070652 8.818221 -0.969898 1.917093 0.000000 0.000000 0.000000 1.000000 0.000000 0.000000
11.000000 124.071342 8.859710 -0.984883 1.902358 0.000000 0.000000 0.000000 1.000000 0.000000 0.000000
11.000000 124.072697 9.040117 -0.910307 1.876141 0.000000 0.000000 0.000000 1.000000 0.000000 0.000000
11.000000 124.073193 9.075898 -0.913025 1.851254 0.000000 0.000000 0.000000 1.000000 0.000000 0.000000
11.000000 124.074570 8.906766 -1.001031 1.890268 0.000000 0.000000 0.000000 1.000000 0.000000 0.000000
11.000000 124.077407 8.767342 -0.963257 1.862711 0.000000 0.000000 0.000000 1.000000 0.000000 0.000000
11.000000 124.080511 8.734631 -0.976000 1.866774 0.000000 0.000000 0.000000 1.000000 0.000000 0.000000
11.000000 124.081271 8.832919 -1.024354 1.842889 0.000000 0.000000 0.000000 1.000000 0.000000 0.000000
11.000000 124.082719 9.083602 -0.923531 1.836828 0.000000 0.000000 0.000000 1.000000 0.000000 0.000000
11.000000 124.083201 8.984307 -0.913616 1.802809 0.000000 0.000000 0.000000 1.000000 0.000000 0.000000
11.000000 124.084626 8.819918 -1.001633 1.835398 0.000000 0.000000 0.000000 1.000000 0.000000 0.000000
11.000000 124.087435 8.685912 -0.965972 1.804074 0.000000 0.000000 0.000000 1.000000 0.000000 0.000000
11.000000 124.090703 8.635202 -0.974736 1.804988 0.000000 0.000000 0.000000 1.000000 0.000000 0.000000
11.000000 124.091167 8.719830 -1.018802 1.779963 0.000000 0.000000 0.000000 1.000000 0.000000 0.000000
11.000000 124.092736 8.952699 -0.927848 1.776762 0.000000 0.000000 0.000000 1.000000 0.000000 0.000000
11.000000 124.093259 8.883678 -0.920749 1.744315 0.000000 0.000000 0.000000 1.000000 0.000000 0.000000
11.000000 124.094558 8.732475 -1.000551 1.779546 0.000000 0.000000 0.000000 1.000000 0.000000 0.000000
11.000000 124.097407 8.610441 -0.972211 1.750533 0.000000 0.000000 0.000000 1.000000 0.000000 0.000000
11.000000 124.100662 8.560669 -0.985059 1.735926 0.000000 0.000000 0.000000 1.000000 0.000000 0.000000
11.000000 124.101333 8.628753 -1.025531 1.714430 0.000000 0.000000 0.000000 1.000000 0.000000 0.000000
11.000000 124.102792 8.834519 -0.950085 1.716587 0.000000 0.000000 0.000000 1.000000 0.000000 0.000000
11.000000 124.103287 8.790179 -0.940428 1.691884 0.000000 0.000000 0.000000 1.000000 0.000000 0.000000
11.000000 124.104603 8.650022 -1.012265 1.726326 0.000000 0.000000 0.000000 1.000000 0.000000 0.000000
11.000000 124.107653 8.510864 -0.979675 1.689061 0.000000 0.000000 0.000000 1.000000 0.000000 0.000000
11.000000 124.111185 8.551125 -0.994109 1.661736 0.000000 0.000000 0.000000 1.000000 0.000000 0.000000
11.000000 124.112835 8.723008 -0.926869 1.657673 0.000000 0.000000 0.000000 1.000000 0.000000 0.000000
11.000000 124.113276 8.713393 -0.928678 1.627325 0.000000 0.000000 0.000000 1.000000 0.000000 0.000000
11.000000 124.114604 8.554963 -1.017649 1.658135 0.000000 0.000000 0.000000 1.000000 0.000000 0.000000
11.000000 124.117326 8.401676 -0.978704 1.624061 0.000000 0.000000 0.000000 1.000000 0.000000 0.000000
11.000000 124.120562 8.391798 -0.994188 1.614602 0.000000 0.000000 0.000000 1.000000 0.000000 0.000000
11.000000 124.121459 8.414156 -1.000161 1.595645 0.000000 0.000000 0.000000 1.000000 0.000000 0.000000
11.000000 124.122962 8.584194 -0.930654 1.585203 0.000000 0.000000 0.000000 1.000000 0.000000 0.000000
11.000000 124.123291 8.615502 -0.933517 1.570941 0.000000 0.000000 0.000000 1.000000 0.000000 0.000000
11.000000 124.124572 8.462852 -1.018048 1.603545 0.000000 0.000000 0.000000 1.000000 0.000000 0.000000
11.000000 124.127341 8.354443 -0.993473 1.576105 0.000000 0.000000 0.000000 1.000000 0.000000 0.000000
11.000000 124.130647 8.303904 -1.003282 1.572624 0.000000 0.000000 0.000000 1.000000 0.000000 0.000000
11.000000 124.131228 8.328790 -1.014035 1.554022 0.000000 0.000000 0.000000 1.000000 0.000000 0.000000
11.000000 124.132824 8.518147 -0.941008 1.542419 0.000000 0.000000 0.000000 1.000000 0.000000 0.000000
11.000000 124.133287 8.510851 -0.939434 1.513629 0.000000 0.000000 0.000000 1.000000 0.000000 0.000000
11.000000 124.134606 8.362888 -1.021683 1.545496 0.000000 0.000000 0.000000 1.000000 0.000000 0.000000
11.000000 124.137343 8.236985 -0.987305 1.516848 0.000000 0.000000 0.000000 1.000000 0.000000 0.000000
11.000000 124.140599 8.191823 -0.993096 1.518566 0.000000 0.000000 0.000000 1.000000 0.000000 0.000000
11.000000 124.141277 8.232869 -1.012156 1.495451 0.000000 0.000000 0.000000 1.000000 0.000000 0.000000
11.000000 124.142950 8.411830 -0.941966 1.483773 0.000000 0.000000 0.000000 1.000000 0.000000 0.000000
11.000000 124.143302 8.418940 -0.944602 1.455457 0.000000 0.000000 0.000000 1.000000 0.000000 0.000000
11.000000 124.144599 8.291844 -1.019483 1.477079 0.000000 0.000000 0.000000 1.000000 0.000000 0.000000
11.000000 124.147434 8.190915 -0.998816 1.447719 0.000000 0.000000 0.000000 1.000000 0.000000 0.000000
11.000000 124.150698 8.118748 -1.006482 1.454831 0.000000 0.000000 0.000000 1.000000 0.000000 0.000000
11.000000 124.151171 8.206142 -1.052784 1.422141 0.000000 0.000000 0.000000 1.000000 0.000000 0.000000
11.000000 124.153038 8.412791 -0.971512 1.422138 0.000000 0.000000 0.000000 1.000000 0.000000 0.000000
11.000000 124.153283 8.308543 -0.961515 1.390643 0.000000 0.000000 0.000000 1.000000 0.000000 0.000000
11.000000 124.154587 8.188132 -1.028264 1.420005 0.000000 0.000000 0.000000 1.000000 0.000000 0.000000
11.000000 124.157371 8.080287 -1.002371 1.394116 0.000000 0.000000 0.000000 1.000000 0.000000 0.000000
11.000000 124.160592 8.035440 -1.010322 1.385670 0.000000 0.000000 0.000000 1.000000 0.000000 0.000000
11.000000 124.161393 8.053604 -1.018833 1.363302 0.000000 0.000000 0.000000 1.000000 0.000000 0.000000
11.000000 124.162816 8.178479 -0.971119 1.346321 0.000000 0.000000 0.000000 1.000000 0.000000 0.000000
11.000000 124.163295 8.217546 -0.971708 1.327598 0.000000 0.000000 0.000000 1.000000 0.000000 0.000000
11.000000 124.164671 8.102994 -1.034459 1.357392 0.000000 0.000000 0.000000 1.000000 0.000000 0.000000
11.000000 124.167691 7.998202 -1.008888 1.331961 0.000000 0.000000 0.000000 1.000000 0.000000 0.000000
11.000000 124.170645 7.942512 -1.014714 1.325996 0.000000 0.000000 0.000000 1.000000 0.000000 0.000000
11.000000 124.171217 7.964849 -1.026244 1.301424 0.000000 0.000000 0.000000 1.000000 0.000000 0.000000
11.000000 124.172962 8.103591 -0.974044 1.285299 0.000000 0.000000 0.000000 1.000000 0.000000 0.000000
11.000000 124.173282 8.128149 -0.973863 1.261566 0.000000 0.000000 0.000000 1.000000 0.000000 0.000000
11.000000 124.174539 8.009232 -1.039507 1.293493 0.000000 0.000000 0.000000 1.000000 0.000000 0.000000
11.000000 124.177541 7.903393 -1.012084 1.269621 0.000000 0.000000 0.000000 1.000000 0.000000 0.000000
11.000000 124.180566 7.846863 -1.016655 1.268994 0.000000 0.000000 0.000000 1.000000 0.000000 0.000000
11.000000 124.181274 7.935916 -1.066865 1.227565 0.000000 0.000000 0.000000 1.000000 0.000000 0.000000
11.000000 124.182878 8.186145 -0.970913 1.244410 0.000000 0.000000 0.000000 1.000000 0.000000 0.000000
11.000000 124.183303 8.051883 -0.964025 1.205193 0.000000 0.000000 0.000000 1.000000 0.000000 0.000000
11.000000 124.184658 7.918494 -1.044910 1.232515 0.000000 0.000000 0.000000 1.000000 0.000000 0.000000
11.000000 124.187601 7.809987 -1.016186 1.208934 0.000000 0.000000 0.000000 1.000000 0.000000 0.000000
11.000000 124.190657 7.758606 -1.020843 1.210214 0.000000 0.000000 0.000000 1.000000 0.000000 0.000000
11.000000 124.191251 7.869963 -1.086585 1.169118 0.000000 0.000000 0.000000 1.000000 0.000000 0.000000
11.000000 124.192954 8.152103 -0.981017 1.193246 0.000000 0.000000 0.000000 1.000000 0.000000 0.000000
11.000000 124.193287 7.958451 -0.968858 1.142858 0.000000 0.000000 0.000000 1.000000 0.000000 0.000000
11.000000 124.194635 7.826128 -1.051074 1.167261 0.000000 0.000000 0.000000 1.000000 0.000000 0.000000
11.000000 124.197584 7.724333 -1.024641 1.141827 0.000000 0.000000 0.000000 1.000000 0.000000 0.000000
11.000000 124.200582 7.677968 -1.027492 1.145714 0.000000 0.000000 0.000000 1.000000 0.000000 0.000000
11.000000 124.201473 7.713968 -1.043811 1.118697 0.000000 0.000000 0.000000 1.000000 0.000000 0.000000
11.000000 124.202901 7.858043 -0.986648 1.104208 0.000000 0.000000 0.000000 1.000000 0.000000 0.000000
11.000000 124.203241 7.860115 -0.988947 1.076624 0.000000 0.000000 0.000000 1.000000 0.000000 0.000000
11.000000 124.204655 7.747516 -1.055125 1.106356 0.000000 0.000000 0.000000 1.000000 0.000000 0.000000
11.000000 124.207531 7.629138 -1.025123 1.082211 0.000000 0.000000 0.000000 1.000000 0.000000 0.000000
11.000000 124.210674 7.582875 -1.033146 1.072931 0.000000 0.000000 0.000000 1.000000 0.000000 0.000000
11.000000 124.211216 7.603541 -1.045522 1.049445 0.000000 0.000000 0.000000 1.000000 0.000000 0.000000
11.000000 124.212974 7.780184 -0.980766 1.054074 0.000000 0.000000 0.000000 1.000000 0.000000 0.000000
11.000000 124.213309 7.761861 -0.987500 1.018451 0.000000 0.000000 0.000000 1.000000 0.000000 0.000000
11.000000 124.214631 7.655973 -1.056211 1.039354 0.000000 0.000000 0.000000 1.000000 0.000000 0.000000
11.000000 124.217649 7.540787 -1.025942 1.017259 0.000000 0.000000 0.000000 1.000000 0.000000 0.000000
11.000000 124.220625 7.506833 -1.033867 1.006869 0.000000 0.000000 0.000000 1.000000 0.000000 0.000000
11.000000 124.221324 7.511673 -1.033801 0.983392 0.000000 0.000000 0.000000 1.000000 0.000000 0.000000
11.000000 124.222953 7.650408 -0.980604 0.973928 0.000000 0.000000 0.000000 1.000000 0.000000 0.000000
11.000000 124.223488 7.675395 -0.989217 0.944849 0.000000 0.000000 0.000000 1.000000 0.000000 0.000000
11.000000 124.224652 7.561224 -1.062141 0.969914 0.000000 0.000000 0.000000 1.000000 0.000000 0.000000
11.000000 124.227682 7.458417 -1.035541 0.949084 0.000000 0.000000 0.000000 1.000000 0.000000 0.000000
11.000000 124.230700 7.402312 -1.040325 0.950920 0.000000 0.000000 0.000000 1.000000 0.000000 0.000000
11.000000 124.231246 7.496876 -1.098003 0.910025 0.000000 0.000000 0.000000 1.000000 0.000000 0.000000
11.000000 124.232852 7.763637 -0.999693 0.935466 0.000000 0.000000 0.000000 1.000000 0.000000 0.000000
11.000000 124.233305 7.583127 -0.993267 0.880305 0.000000 0.000000 0.000000 1.000000 0.000000 0.000000
11.000000 124.234788 7.474018 -1.064216 0.904711 0.000000 0.000000 0.000000 1.000000 0.000000 0.000000
11.000000 124.237460 7.367081 -1.036939 0.884041 0.000000 0.000000 0.000000 1.000000 0.000000 0.000000
11.000000 124.240602 7.327903 -1.044399 0.880541 0.000000 0.000000 0.000000 1.000000 0.000000 0.000000
11.000000 124.241755 7.367294 -1.063266 0.846605 0.000000 0.000000 0.000000 1.000000 0.000000 0.000000
11.000000 124.242876 7.559555 -0.988223 0.849294 0.000000 0.000000 0.000000 1.000000 0.000000 0.000000
11.000000 124.243358 7.504002 -0.993674 0.809746 0.000000 0.000000 0.000000 1.000000 0.000000 0.000000
11.000000 124.244783 7.391188 -1.067282 0.837522 0.000000 0.000000 0.000000 1.000000 0.000000 0.000000
11.000000 124.247691 7.276072 -1.038810 0.817366 0.000000 0.000000 0.000000 1.000000 0.000000 0.000000
11.000000 124.250645 7.244437 -1.050186 0.816069 0.000000 0.000000 0.000000 1.000000 0.000000 0.000000
11.000000 124.251486 7.331515 -1.100137 0.776361 0.000000 0.000000 0.000000 1.000000 0.000000 0.000000
11.000000 124.252971 7.575007 -1.007776 0.794521 0.000000 0.000000 0.000000 1.000000 0.000000 0.000000
11.000000 124.253356 7.402737 -1.003483 0.739723 0.000000 0.000000 0.000000 1.000000 0.000000 0.000000
11.000000 124.254585 7.296363 -1.074402 0.764613 0.000000 0.000000 0.000000 1.000000 0.000000 0.000000
11.000000 124.257428 7.199873 -1.049475 0.747052 0.000000 0.000000 0.000000 1.000000 0.000000 0.000000
11.000000 124.260776 7.161651 -1.056016 0.746016 0.000000 0.000000 0.000000 1.000000 0.000000 0.000000
11.000000 124.261422 7.179723 -1.058100 0.713465 0.000000 0.000000 0.000000 1.000000 0.000000 0.000000
11.000000 124.262855 7.319931 -0.999060 0.697931 0.000000 0.000000 0.000000 1.000000 0.000000 0.000000
11.000000 124.263286 7.314447 -1.007232 0.664745 0.000000 0.000000 0.000000 1.000000 0.000000 0.000000
11.000000 124.264675 7.209021 -1.077415 0.690996 0.000000 0.000000 0.000000 1.000000 0.000000 0.000000
11.000000 124.267500 7.120802 -1.055805 0.674377 0.000000 0.000000 0.000000 1.000000 0.000000 0.000000
11.000000 124.270723 7.064173 -1.061052 0.674272 0.000000 0.000000 0.000000 1.000000 0.000000 0.000000
11.000000 124.271382 7.081860 -1.067417 0.644122 0.000000 0.000000 0.000000 1.000000 0.000000 0.000000
11.000000 124.272867 7.246836 -1.003545 0.640636 0.000000 0.000000 0.000000 1.000000 0.000000 0.000000
11.000000 124.273427 7.214639 -1.012905 0.598388 0.000000 0.000000 0.000000 1.000000 0.000000 0.000000
11.000000 124.274641 7.117910 -1.081860 0.618274 0.000000 0.000000 0.000000 1.000000 0.000000 0.000000
11.000000 124.277557 7.034407 -1.060416 0.602946 0.000000 0.000000 0.000000 1.000000 0.000000 0.000000
11.000000 124.280657 6.991169 -1.064992 0.592137 0.000000 0.000000 0.000000 1.000000 0.000000 0.000000
11.000000 124.281511 7.060467 -1.114694 0.552971 0.000000 0.000000 0.000000 1.000000 0.000000 0.000000
11.000000 124.282890 7.323701 -1.024062 0.586673 0.000000 0.000000 0.000000 1.000000 0.000000 0.000000
11.000000 124.283417 7.122984 -1.019348 0.519225 0.000000 0.000000 0.000000 1.000000 0.000000 0.000000
11.000000 124.284695 7.026031 -1.085904 0.544937 0.000000 0.000000 0.000000 1.000000 0.000000 0.000000
11.000000 124.287549 6.939411 -1.061140 0.532429 0.000000 0.000000 0.000000 1.000000 0.000000 0.000000
11.000000 124.290744 6.888608 -1.064532 0.532927 0.000000 0.000000 0.000000 1.000000 0.000000 0.000000
11.000000 124.291301 6.937095 -1.092611 0.494850 0.000000 0.000000 0.000000 1.000000 0.000000 0.000000
11.000000 124.292970 7.121871 -1.023260 0.500077 0.000000 0.000000 0.000000 1.000000 0.000000 0.000000
11.000000 124.293529 7.040544 -1.027127 0.453244 0.000000 0.000000 0.000000 1.000000 0.000000 0.000000
11.000000 124.294605 6.949748 -1.091571 0.474815 0.000000 0.000000 0.000000 1.000000 0.000000 0.000000
11.000000 124.297467 6.865192 -1.068923 0.459186 0.000000 0.000000 0.000000 1.000000 0.000000 0.000000
11.000000 124.300758 6.807385 -1.071003 0.460243 0.000000 0.000000 0.000000 1.000000 0.000000 0.000000
11.000000 124.301971 6.881759 -1.119459 0.415082 0.000000 0.000000 0.000000 1.000000 0.000000 0.000000
11.000000 124.302945 7.142095 -1.025726 0.444397 0.000000 0.000000 0.000000 1.000000 0.000000 0.000000
11.000000 124.303284 6.957845 -1.025174 0.379252 0.000000 0.000000 0.000000 1.000000 0.000000 0.000000
11.000000 124.304716 6.864718 -1.094161 0.399931 0.000000 0.000000 0.000000 1.000000 0.000000 0.000000
11.000000 124.307547 6.787408 -1.075323 0.386016 0.000000 0.000000 0.000000 1.000000 0.000000 0.000000
11.000000 124.310718 6.738114 -1.080042 0.379088 0.000000 0.000000 0.000000 1.000000 0.000000 0.000000
11.000000 124.311659 6.741222 -1.080225 0.350617 0.000000 0.000000 0.000000 1.000000 0.000000 0.000000
11.000000 124.312806 6.881734 -1.028328 0.341099 0.000000 0.000000 0.000000 1.000000 0.000000 0.000000
11.000000 124.313478 6.866658 -1.035791 0.299381 0.000000 0.000000 0.000000 1.000000 0.000000 0.000000
11.000000 124.314592 6.773809 -1.098810 0.328588 0.000000 0.000000 0.000000 1.000000 0.000000 0.000000
11.000000 124.317474 6.690133 -1.077809 0.314626 0.000000 0.000000 0.000000 1.000000 0.000000 0.000000
11.000000 124.320651 6.651581 -1.084133 0.309019 0.000000 0.000000 0.000000 1.000000 0.000000 0.000000
11.000000 124.321412 6.671570 -1.089452 0.269888 0.000000 0.000000 0.000000 1.000000 0.000000 0.000000
11.000000 124.322894 6.809734 -1.031819 0.266116 0.000000 0.000000 0.000000 1.000000 0.000000 0.000000
11.000000 124.323469 6.772955 -1.042841 0.229248 0.000000 0.000000 0.000000 1.000000 0.000000 0.000000
11.000000 124.324732 6.689518 -1.105228 0.250957 0.000000 0.000000 0.000000 1.000000 0.000000 0.000000
11.000000 124.327655 6.607685 -1.080574 0.240014 0.000000 0.000000 0.000000 1.000000 0.000000 0.000000
11.000000 124.330847 6.562574 -1.082850 0.238582 0.000000 0.000000 0.000000 1.000000 0.000000 0.000000
11.000000 124.331408 6.663405 -1.152485 0.185532 0.000000 0.000000 0.000000 1.000000 0.000000 0.000000
11.000000 124.332967 6.947662 -1.052888 0.228059 0.000000 0.000000 0.000000 1.000000 0.000000 0.000000
11.000000 124.333380 6.683081 -1.046191 0.150397 0.000000 0.000000 0.000000 1.000000 0.000000 0.000000
11.000000 124.334622 6.600997 -1.107502 0.173016 0.000000 0.000000 0.000000 1.000000 0.000000 0.000000
11.000000 124.337478 6.535203 -1.088445 0.164392 0.000000 0.000000 0.000000 1.000000 0.000000 0.000000
11.000000 124.340770 6.477596 -1.089519 0.168778 0.000000 0.000000 0.000000 1.000000 0.000000 0.000000
11.000000 124.341443 6.552393 -1.137041 0.117300 0.000000 0.000000 0.000000 1.000000 0.000000 0.000000
11.000000 124.342854 6.775425 -1.054869 0.136520 0.000000 0.000000 0.000000 1.000000 0.000000 0.000000
11.000000 124.343245 6.597357 -1.053782 0.072266 0.000000 0.000000 0.000000 1.000000 0.000000 0.000000
11.000000 124.344702 6.520803 -1.110071 0.096217 0.000000 0.000000 0.000000 1.000000 0.000000 0.000000
11.000000 124.347578 6.449615 -1.090246 0.087181 0.000000 0.000000 0.000000 1.000000 0.000000 0.000000
11.000000 124.350903 6.399785 -1.093706 0.087566 0.000000 0.000000 0.000000 1.000000 0.000000 0.000000
11.000000 124.351341 6.421785 -1.100130 0.046336 0.000000 0.000000 0.000000 1.000000 0.000000 0.000000
11.000000 124.352832 6.563013 -1.041275 0.042927 0.000000 0.000000 0.000000 1.000000 0.000000 0.000000
11.000000 124.353358 6.508496 -1.053967 -0.001505 0.000000 0.000000 0.000000 1.000000 0.000000 0.000000
11.000000 124.354619 6.431919 -1.115198 0.018612 0.000000 0.000000 0.000000 1.000000 0.000000 0.000000
11.000000 124.357444 6.383747 -1.098895 0.015830 0.000000 0.000000 0.000000 1.000000 0.000000 0.000000
11.000000 124.360698 6.329653 -1.098460 0.031196 0.000000 0.000000 0.000000 1.000000 0.000000 0.000000
11.000000 124.361510 6.334354 -1.094295 0.013280 0.000000 0.000000 0.000000 1.000000 0.000000 0.000000
11.000000 124.362842 6.392220 -1.066551 0.011525 0.000000 0.000000 0.000000 1.000000 0.000000 0.000000
11.000000 124.363304 6.431161 -1.078920 0.007278 0.000000 0.000000 0.000000 1.000000 0.000000 0.000000
11.000000 124.364612 6.371020 -1.119436 0.033700 0.000000 0.000000 0.000000 1.000000 0.000000 0.000000
11.000000 124.367582 6.377126 -1.109473 0.049164 0.000000 0.000000 0.000000 1.000000 0.000000 0.000000
11.000000 124.370806 6.275042 -1.096505 0.092410 0.000000 0.000000 0.000000 1.000000 0.000000 0.000000
11.000000 124.371397 6.291577 -1.098519 0.074010 0.000000 0.000000 0.000000 1.000000 0.000000 0.000000
11.000000 124.372862 6.354120 -1.068490 0.065438 0.000000 0.000000 0.000000 1.000000 0.000000 0.000000
11.000000 124.373346 6.383638 -1.077766 0.056233 0.000000 0.000000 0.000000 1.000000 0.000000 0.000000
11.000000 124.374600 6.320563 -1.118128 0.085794 0.000000 0.000000 0.000000 1.000000 0.000000 0.000000
11.000000 124.377440 6.330199 -1.109159 0.101761 0.000000 0.000000 0.000000 1.000000 0.000000 0.000000
11.000000 124.380708 6.226176 -1.095638 0.148275 0.000000 0.000000 0.000000 1.000000 0.000000 0.000000
11.000000 124.381405 6.327944 -1.163044 0.110281 0.000000 0.000000 0.000000 1.000000 0.000000 0.000000
11.000000 124.382962 6.494423 -1.103112 0.141062 0.000000 0.000000 0.000000 1.000000 0.000000 0.000000
11.000000 124.383337 6.329715 -1.094695 0.109030 0.000000 0.000000 0.000000 1.000000 0.000000 0.000000
11.000000 124.384602 6.282849 -1.120794 0.136055 0.000000 0.000000 0.000000 1.000000 0.000000 0.000000
11.000000 124.387760 6.294237 -1.115886 0.150636 0.000000 0.000000 0.000000 1.000000 0.000000 0.000000
11.000000 124.390868 6.192584 -1.105489 0.194931 0.000000 0.000000 0.000000 1.000000 0.000000 0.000000
11.000000 124.391450 6.218616 -1.115728 0.179061 0.000000 0.000000 0.000000 1.000000 0.000000 0.000000
11.000000 124.393014 6.384961 -1.052283 0.190436 0.000000 0.000000 0.000000 1.000000 0.000000 0.000000
11.000000 124.393441 6.323137 -1.059876 0.155215 0.000000 0.000000 0.000000 1.000000 0.000000 0.000000
11.000000 124.394654 6.232525 -1.125887 0.185190 0.000000 0.000000 0.000000 1.000000 0.000000 0.000000
11.000000 124.397405 6.243041 -1.120115 0.197088 0.000000 0.000000 0.000000 1.000000 0.000000 0.000000
11.000000 124.400670 6.139349 -1.106848 0.241745 0.000000 0.000000 0.000000 1.000000 0.000000 0.000000
11.000000 124.401481 6.200215 -1.145383 0.217161 0.000000 0.000000 0.000000 1.000000 0.000000 0.000000
11.000000 124.402878 6.169006 -1.055264 0.227753 0.000000 0.000000 0.000000 1.000000 0.000000 0.000000
11.000000 124.403410 6.257240 -1.073898 0.215221 0.000000 0.000000 0.000000 1.000000 0.000000 0.000000
11.000000 124.404709 6.186170 -1.128506 0.235792 0.000000 0.000000 0.000000 1.000000 0.000000 0.000000
11.000000 124.407748 6.194973 -1.122664 0.246419 0.000000 0.000000 0.000000 1.000000 0.000000 0.000000
11.000000 124.410760 6.075776 -1.107747 0.292378 0.000000 0.000000 0.000000 1.000000 0.000000 0.000000
11.000000 124.411397 6.116941 -1.127134 0.260343 0.000000 0.000000 0.000000 1.000000 0.000000 0.000000
11.000000 124.413042 6.299578 -1.055091 0.282052 0.000000 0.000000 0.000000 1.000000 0.000000 0.000000
11.000000 124.413471 6.226533 -1.062991 0.256916 0.000000 0.000000 0.000000 1.000000 0.000000 0.000000
11.000000 124.414607 6.138772 -1.128079 0.284814 0.000000 0.000000 0.000000 1.000000 0.000000 0.000000
11.000000 124.417689 6.140400 -1.119777 0.295666 0.000000 0.000000 0.000000 1.000000 0.000000 0.000000
11.000000 124.420702 6.045487 -1.108018 0.339637 0.000000 0.000000 0.000000 1.000000 0.000000 0.000000
11.000000 124.421741 6.040449 -1.092386 0.330500 0.000000 0.000000 0.000000 1.000000 0.000000 0.000000
11.000000 124.422781 6.111179 -1.057855 0.318202 0.000000 0.000000 0.000000 1.000000 0.000000 0.000000
11.000000 124.423502 6.174441 -1.074616 0.307134 0.000000 0.000000 0.000000 1.000000 0.000000 0.000000
11.000000 124.424971 6.092348 -1.134467 0.335195 0.000000 0.000000 0.000000 1.000000 0.000000 0.000000
11.000000 124.427569 6.092358 -1.126143 0.347092 0.000000 0.000000 0.000000 1.000000 0.000000 0.000000
11.000000 124.430950 6.015239 -1.117361 0.381915 0.000000 0.000000 0.000000 1.000000 0.000000 0.000000
11.000000 124.431478 5.983648 -1.082140 0.378949 0.000000 0.000000 0.000000 1.000000 0.000000 0.000000
11.000000 124.433016 6.036086 -1.053109 0.355225 0.000000 0.000000 0.000000 1.000000 0.000000 0.000000
11.000000 124.433365 6.140271 -1.071585 0.346556 0.000000 0.000000 0.000000 1.000000 0.000000 0.000000
11.000000 124.434837 6.050055 -1.135534 0.379109 0.000000 0.000000 0.000000 1.000000 0.000000 0.000000
11.000000 124.437532 6.043942 -1.125384 0.390158 0.000000 0.000000 0.000000 1.000000 0.000000 0.000000
11.000000 124.440879 5.955802 -1.115885 0.431249 0.000000 0.000000 0.000000 1.000000 0.000000 0.000000
11.000000 124.441421 5.931364 -1.085773 0.428889 0.000000 0.000000 0.000000 1.000000 0.000000 0.000000
11.000000 124.442936 6.001324 -1.051219 0.411805 0.000000 0.000000 0.000000 1.000000 0.000000 0.000000
11.000000 124.443395 6.090250 -1.071622 0.398967 0.000000 0.000000 0.000000 1.000000 0.000000 0.000000
11.000000 124.444717 6.003076 -1.137643 0.425139 0.000000 0.000000 0.000000 1.000000 0.000000 0.000000
11.000000 124.447523 5.995531 -1.127335 0.435065 0.000000 0.000000 0.000000 1.000000 0.000000 0.000000
11.000000 124.450811 5.906636 -1.117334 0.473230 0.000000 0.000000 0.000000 1.000000 0.000000 0.000000
11.000000 124.451359 5.949718 -1.145315 0.459417 0.000000 0.000000 0.000000 1.000000 0.000000 0.000000
11.000000 124.453043 6.140940 -1.078795 0.481448 0.000000 0.000000 0.000000 1.000000 0.000000 0.000000
11.000000 124.453460 6.038253 -1.084911 0.437615 0.000000 0.000000 0.000000 1.000000 0.000000 0.000000
11.000000 124.454822 5.956087 -1.144327 0.467660 0.000000 0.000000 0.000000 1.000000 0.000000 0.000000
11.000000 124.457451 5.940219 -1.130435 0.480555 0.000000 0.000000 0.000000 1.000000 0.000000 0.000000
11.000000 124.460862 5.881869 -1.124933 0.505310 0.000000 0.000000 0.000000 1.000000 0.000000 0.000000
11.000000 124.461658 5.891560 -1.124746 0.493734 0.000000 0.000000 0.000000 1.000000 0.000000 0.000000
11.000000 124.463105 6.023795 -1.073612 0.501363 0.000000 0.000000 0.000000 1.000000 0.000000 0.000000
11.000000 124.463518 6.000099 -1.081031 0.481763 0.000000 0.000000 0.000000 1.000000 0.000000 0.000000
11.000000 124.464734 5.919206 -1.139860 0.507927 0.000000 0.000000 0.000000 1.000000 0.000000 0.000000
11.000000 124.467579 5.913573 -1.132527 0.514764 0.000000 0.000000 0.000000 1.000000 0.000000 0.000000
11.000000 124.470806 5.819868 -1.122460 0.555931 0.000000 0.000000 0.000000 1.000000 0.000000 0.000000
11.000000 124.471460 5.826425 -1.123023 0.555707 0.000000 0.000000 0.000000 1.000000 0.000000 0.000000
11.000000 124.473208 5.890628 -1.099295 0.544821 0.000000 0.000000 0.000000 1.000000 0.000000 0.000000
11.000000 124.473353 5.923195 -1.106822 0.526157 0.000000 0.000000 0.000000 1.000000 0.000000 0.000000
11.000000 124.474819 5.869262 -1.143430 0.548121 0.000000 0.000000 0.000000 1.000000 0.000000 0.000000
11.000000 124.477463 5.868329 -1.136267 0.557322 0.000000 0.000000 0.000000 1.000000 0.000000 0.000000
11.000000 124.480809 5.781529 -1.126161 0.596408 0.000000 0.000000 0.000000 1.000000 0.000000 0.000000
11.000000 124.481548 5.747078 -1.090418 0.598810 0.000000 0.000000 0.000000 1.000000 0.000000 0.000000
11.000000 124.482991 5.723877 -1.089192 0.562349 0.000000 0.000000 0.000000 1.000000 0.000000 0.000000
11.000000 124.483351 5.877214 -1.105478 0.564707 0.000000 0.000000 0.000000 1.000000 0.000000 0.000000
11.000000 124.484750 5.818336 -1.145226 0.589274 0.000000 0.000000 0.000000 1.000000 0.000000 0.000000
11.000000 124.487567 5.814698 -1.138329 0.598781 0.000000 0.000000 0.000000 1.000000 0.000000 0.000000
11.000000 124.490824 5.732353 -1.130368 0.632343 0.000000 0.000000 0.000000 1.000000 0.000000 0.000000
11.000000 124.491553 5.703355 -1.099570 0.630793 0.000000 0.000000 0.000000 1.000000 0.000000 0.000000
11.000000 124.493052 5.767171 -1.069699 0.612521 0.000000 0.000000 0.000000 1.000000 0.000000 0.000000
11.000000 124.493329 5.860368 -1.086470 0.601054 0.000000 0.000000 0.000000 1.000000 0.000000 0.000000
11.000000 124.494806 5.771866 -1.150247 0.631600 0.000000 0.000000 0.000000 1.000000 0.000000 0.000000
11.000000 124.497495 5.756153 -1.139294 0.640204 0.000000 0.000000 0.000000 1.000000 0.000000 0.000000
11.000000 124.500796 5.688397 -1.133069 0.671503 0.000000 0.000000 0.000000 1.000000 0.000000 0.000000
11.000000 124.501466 5.666042 -1.108110 0.673385 0.000000 0.000000 0.000000 1.000000 0.000000 0.000000
11.000000 124.503062 5.702008 -1.089368 0.649633 0.000000 0.000000 0.000000 1.000000 0.000000 0.000000
11.000000 124.503344 5.804989 -1.105100 0.638061 0.000000 0.000000 0.000000 1.000000 0.000000 0.000000
11.000000 124.504922 5.736602 -1.152659 0.665674 0.000000 0.000000 0.000000 1.000000 0.000000 0.000000
11.000000 124.507569 5.711963 -1.136921 0.675666 0.000000 0.000000 0.000000 1.000000 0.000000 0.000000
11.000000 124.510776 5.620282 -1.127749 0.713900 0.000000 0.000000 0.000000 1.000000 0.000000 0.000000
11.000000 124.511567 5.644487 -1.139414 0.701776 0.000000 0.000000 0.000000 1.000000 0.000000 0.000000
11.000000 124.512997 5.784500 -1.087696 0.706371 0.000000 0.000000 0.000000 1.000000 0.000000 0.000000
11.000000 124.513330 5.765911 -1.096288 0.680761 0.000000 0.000000 0.000000 1.000000 0.000000 0.000000
11.000000 124.514793 5.692691 -1.149498 0.706509 0.000000 0.000000 0.000000 1.000000 0.000000 0.000000
11.000000 124.517460 5.670033 -1.137889 0.714183 0.000000 0.000000 0.000000 1.000000 0.000000 0.000000
11.000000 124.520878 5.597932 -1.132981 0.742531 0.000000 0.000000 0.000000 1.000000 0.000000 0.000000
11.000000 124.521636 5.626165 -1.147593 0.726365 0.000000 0.000000 0.000000 1.000000 0.000000 0.000000
11.000000 124.522896 5.757640 -1.098098 0.734471 0.000000 0.000000 0.000000 1.000000 0.000000 0.000000
11.000000 124.523372 5.720260 -1.103194 0.715213 0.000000 0.000000 0.000000 1.000000 0.000000 0.000000
11.000000 124.524851 5.652075 -1.151762 0.740100 0.000000 0.000000 0.000000 1.000000 0.000000 0.000000
11.000000 124.527660 5.636150 -1.144603 0.746473 0.000000 0.000000 0.000000 1.000000 0.000000 0.000000
11.000000 124.530978 5.552892 -1.139879 0.781675 0.000000 0.000000 0.000000 1.000000 0.000000 0.000000
11.000000 124.531567 5.569664 -1.143145 0.768748 0.000000 0.000000 0.000000 1.000000 0.000000 0.000000
11.000000 124.532996 5.680986 -1.098138 0.767756 0.000000 0.000000 0.000000 1.000000 0.000000 0.000000
11.000000 124.533471 5.670481 -1.104440 0.752753 0.000000 0.000000 0.000000 1.000000 0.000000 0.000000
11.000000 124.534843 5.598971 -1.156450 0.776229 0.000000 0.000000 0.000000 1.000000 0.000000 0.000000
11.000000 124.537446 5.582684 -1.146777 0.781080 0.000000 0.000000 0.000000 1.000000 0.000000 0.000000
11.000000 124.540764 5.506960 -1.138685 0.811424 0.000000 0.000000 0.000000 1.000000 0.000000 0.000000
11.000000 124.541441 5.514903 -1.138068 0.801199 0.000000 0.000000 0.000000 1.000000 0.000000 0.000000
11.000000 124.542985 5.581677 -1.110166 0.792498 0.000000 0.000000 0.000000 1.000000 0.000000 0.000000
11.000000 124.543360 5.615478 -1.115426 0.785652 0.000000 0.000000 0.000000 1.000000 0.000000 0.000000
11.000000 124.544964 5.559308 -1.153926 0.807086 0.000000 0.000000 0.000000 1.000000 0.000000 0.000000
11.000000 124.547568 5.552924 -1.152052 0.810172 0.000000 0.000000 0.000000 1.000000 0.000000 0.000000
11.000000 124.550878 5.469812 -1.146802 0.841378 0.000000 0.000000 0.000000 1.000000 0.000000 0.000000
11.000000 124.551367 5.475036 -1.143043 0.830165 0.000000 0.000000 0.000000 1.000000 0.000000 0.000000
11.000000 124.553119 5.569556 -1.104583 0.828674 0.000000 0.000000 0.000000 1.000000 0.000000 0.000000
11.000000 124.553444 5.585447 -1.113406 0.817475 0.000000 0.000000 0.000000 1.000000 0.000000 0.000000
11.000000 124.554812 5.516086 -1.165243 0.838467 0.000000 0.000000 0.000000 1.000000 0.000000 0.000000
11.000000 124.557557 5.496953 -1.152449 0.843620 0.000000 0.000000 0.000000 1.000000 0.000000 0.000000
11.000000 124.560766 5.390596 -1.138853 0.882707 0.000000 0.000000 0.000000 1.000000 0.000000 0.000000
11.000000 124.561688 5.358287 -1.104307 0.875601 0.000000 0.000000 0.000000 1.000000 0.000000 0.000000
11.000000 124.563065 5.361402 -1.093685 0.840816 0.000000 0.000000 0.000000 1.000000 0.000000 0.000000
11.000000 124.563381 5.542311 -1.109504 0.847407 0.000000 0.000000 0.000000 1.000000 0.000000 0.000000
11.000000 124.564840 5.469783 -1.162197 0.869381 0.000000 0.000000 0.000000 1.000000 0.000000 0.000000
11.000000 124.567648 5.460275 -1.160252 0.868394 0.000000 0.000000 0.000000 1.000000 0.000000 0.000000
11.000000 124.570884 5.378450 -1.153831 0.902670 0.000000 0.000000 0.000000 1.000000 0.000000 0.000000
11.000000 124.571385 5.387834 -1.154082 0.895622 0.000000 0.000000 0.000000 1.000000 0.000000 0.000000
11.000000 124.573125 5.497397 -1.112279 0.892860 0.000000 0.000000 0.000000 1.000000 0.000000 0.000000
11.000000 124.573416 5.493326 -1.115227 0.879316 0.000000 0.000000 0.000000 1.000000 0.000000 0.000000
11.000000 124.574945 5.423393 -1.166421 0.899782 0.000000 0.000000 0.000000 1.000000 0.000000 0.000000
11.000000 124.577646 5.418926 -1.161361 0.900743 0.000000 0.000000 0.000000 1.000000 0.000000 0.000000
11.000000 124.580747 5.320987 -1.148246 0.939324 0.000000 0.000000 0.000000 1.000000 0.000000 0.000000
11.000000 124.581422 5.323028 -1.141417 0.926902 0.000000 0.000000 0.000000 1.000000 0.000000 0.000000
11.000000 124.583013 5.409734 -1.105135 0.916237 0.000000 0.000000 0.000000 1.000000 0.000000 0.000000
11.000000 124.583389 5.448028 -1.111299 0.908560 0.000000 0.000000 0.000000 1.000000 0.000000 0.000000
11.000000 124.584879 5.375752 -1.164719 0.929191 0.000000 0.000000 0.000000 1.000000 0.000000 0.000000
11.000000 124.587638 5.372218 -1.161580 0.929618 0.000000 0.000000 0.000000 1.000000 0.000000 0.000000
11.000000 124.590884 5.285267 -1.151115 0.966118 0.000000 0.000000 0.000000 1.000000 0.000000 0.000000
11.000000 124.591359 5.290273 -1.146458 0.955631 0.000000 0.000000 0.000000 1.000000 0.000000 0.000000
11.000000 124.593103 5.370361 -1.112817 0.941852 0.000000 0.000000 0.000000 1.000000 0.000000 0.000000
11.000000 124.593377 5.409220 -1.116866 0.934849 0.000000 0.000000 0.000000 1.000000 0.000000 0.000000
11.000000 124.594802 5.338855 -1.169903 0.951562 0.000000 0.000000 0.000000 1.000000 0.000000 0.000000
11.000000 124.597604 5.330268 -1.166522 0.945920 0.000000 0.000000 0.000000 1.000000 0.000000 0.000000
11.000000 124.600786 5.248114 -1.154843 0.985338 0.000000 0.000000 0.000000 1.000000 0.000000 0.000000
11.000000 124.601656 5.252335 -1.150665 0.982272 0.000000 0.000000 0.000000 1.000000 0.000000 0.000000
11.000000 124.603110 5.328848 -1.119816 0.973555 0.000000 0.000000 0.000000 1.000000 0.000000 0.000000
11.000000 124.603449 5.358757 -1.123875 0.966573 0.000000 0.000000 0.000000 1.000000 0.000000 0.000000
11.000000 124.604885 5.287847 -1.174634 0.989488 0.000000 0.000000 0.000000 1.000000 0.000000 0.000000
11.000000 124.607633 5.265223 -1.165552 0.987864 0.000000 0.000000 0.000000 1.000000 0.000000 0.000000
11.000000 124.610814 5.197614 -1.157212 1.012085 0.000000 0.000000 0.000000 1.000000 0.000000 0.000000
11.000000 124.611387 5.213899 -1.162731 0.993028 0.000000 0.000000 0.000000 1.000000 0.000000 0.000000
11.000000 124.613162 5.232545 -1.149556 0.983980 0.000000 0.000000 0.000000 1.000000 0.000000 0.000000
11.000000 124.613460 5.279543 -1.150440 0.997052 0.000000 0.000000 0.000000 1.000000 0.000000 0.000000
11.000000 124.614799 5.240402 -1.174848 1.014633 0.000000 0.000000 0.000000 1.000000 0.000000 0.000000
11.000000 124.617555 5.223211 -1.166480 1.013901 0.000000 0.000000 0.000000 1.000000 0.000000 0.000000
11.000000 124.620775 5.118350 -1.153295 1.057367 0.000000 0.000000 0.000000 1.000000 0.000000 0.000000
11.000000 124.621458 5.147996 -1.167331 1.038505 0.000000 0.000000 0.000000 1.000000 0.000000 0.000000
11.000000 124.623039 5.272111 -1.118883 1.033607 0.000000 0.000000 0.000000 1.000000 0.000000 0.000000
11.000000 124.623502 5.263253 -1.122359 1.019339 0.000000 0.000000 0.000000 1.000000 0.000000 0.000000
11.000000 124.624773 5.190406 -1.176860 1.040202 0.000000 0.000000 0.000000 1.000000 0.000000 0.000000
11.000000 124.627636 5.174747 -1.167954 1.040710 0.000000 0.000000 0.000000 1.000000 0.000000 0.000000
11.000000 124.630901 5.091378 -1.156225 1.075642 0.000000 0.000000 0.000000 1.000000 0.000000 0.000000
11.000000 124.631413 5.105141 -1.160144 1.064382 0.000000 0.000000 0.000000 1.000000 0.000000 0.000000
11.000000 124.633129 5.204104 -1.122133 1.054605 0.000000 0.000000 0.000000 1.000000 0.000000 0.000000
11.000000 124.633524 5.221461 -1.126082 1.040881 0.000000 0.000000 0.000000 1.000000 0.000000 0.000000
11.000000 124.634780 5.151559 -1.176906 1.063421 0.000000 0.000000 0.000000 1.000000 0.000000 0.000000
11.000000 124.637560 5.133327 -1.170282 1.063065 0.000000 0.000000 0.000000 1.000000 0.000000 0.000000
11.000000 124.640737 5.064935 -1.163436 1.090618 0.000000 0.000000 0.000000 1.000000 0.000000 0.000000
11.000000 124.641466 5.128869 -1.212388 1.074578 0.000000 0.000000 0.000000 1.000000 0.000000 0.000000
11.000000 124.642980 5.351629 -1.139129 1.099911 0.000000 0.000000 0.000000 1.000000 0.000000 0.000000
11.000000 124.643482 5.180667 -1.129914 1.065599 0.000000 0.000000 0.000000 1.000000 0.000000 0.000000
11.000000 124.644813 5.104773 -1.185068 1.089588 0.000000 0.000000 0.000000 1.000000 0.000000 0.000000
11.000000 124.647626 5.077143 -1.173727 1.087365 0.000000 0.000000 0.000000 1.000000 0.000000 0.000000
11.000000 124.650909 5.003655 -1.163736 1.120627 0.000000 0.000000 0.000000 1.000000 0.000000 0.000000
11.000000 124.651389 5.034345 -1.184858 1.115022 0.000000 0.000000 0.000000 1.000000 0.000000 0.000000
11.000000 124.653258 5.190082 -1.132761 1.118746 0.000000 0.000000 0.000000 1.000000 0.000000 0.000000
11.000000 124.653418 5.133376 -1.131655 1.091412 0.000000 0.000000 0.000000 1.000000 0.000000 0.000000
11.000000 124.654835 5.062835 -1.183915 1.112507 0.000000 0.000000 0.000000 1.000000 0.000000 0.000000
11.000000 124.657527 5.038742 -1.176588 1.109530 0.000000 0.000000 0.000000 1.000000 0.000000 0.000000
11.000000 124.660814 4.986971 -1.171503 1.128247 0.000000 0.000000 0.000000 1.000000 0.000000 0.000000
11.000000 124.661462 4.988854 -1.171433 1.127038 0.000000 0.000000 0.000000 1.000000 0.000000 0.000000
11.000000 124.663072 5.080186 -1.140580 1.127647 0.000000 0.000000 0.000000 1.000000 0.000000 0.000000
11.000000 124.663418 5.072072 -1.141489 1.114396 0.000000 0.000000 0.000000 1.000000 0.000000 0.000000
11.000000 124.664742 5.012531 -1.184974 1.133336 0.000000 0.000000 0.000000 1.000000 0.000000 0.000000
11.000000 124.667625 4.984746 -1.175120 1.130478 0.000000 0.000000 0.000000 1.000000 0.000000 0.000000
11.000000 124.670868 4.927595 -1.168100 1.152649 0.000000 0.000000 0.000000 1.000000 0.000000 0.000000
11.000000 124.671439 4.879339 -1.126172 1.164606 0.000000 0.000000 0.000000 1.000000 0.000000 0.000000
11.000000 124.673165 4.882351 -1.122400 1.138128 0.000000 0.000000 0.000000 1.000000 0.000000 0.000000
11.000000 124.673394 5.035501 -1.136560 1.132545 0.000000 0.000000 0.000000 1.000000 0.000000 0.000000
11.000000 124.674703 4.966873 -1.188639 1.152416 0.000000 0.000000 0.000000 1.000000 0.000000 0.000000
11.000000 124.677548 4.936351 -1.179603 1.149971 0.000000 0.000000 0.000000 1.000000 0.000000 0.000000
11.000000 124.680823 4.886501 -1.175768 1.171499 0.000000 0.000000 0.000000 1.000000 0.000000 0.000000
11.000000 124.681471 4.824498 -1.119026 1.183624 0.000000 0.000000 0.000000 1.000000 0.000000 0.000000
11.000000 124.683104 4.756857 -1.134570 1.141261 0.000000 0.000000 0.000000 1.000000 0.000000 0.000000
11.000000 124.683492 4.984407 -1.150928 1.150802 0.000000 0.000000 0.000000 1.000000 0.000000 0.000000
11.000000 124.684717 4.926467 -1.192318 1.171988 0.000000 0.000000 0.000000 1.000000 0.000000 0.000000
11.000000 124.687675 4.905064 -1.184866 1.172362 0.000000 0.000000 0.000000 1.000000 0.000000 0.000000
11.000000 124.690866 4.848598 -1.179693 1.193752 0.000000 0.000000 0.000000 1.000000 0.000000 0.000000
11.000000 124.691373 4.862879 -1.186769 1.183989 0.000000 0.000000 0.000000 1.000000 0.000000 0.000000
11.000000 124.693260 4.973513 -1.147091 1.182227 0.000000 0.000000 0.000000 1.000000 0.000000 0.000000
11.000000 124.693509 4.942288 -1.144818 1.169735 0.000000 0.000000 0.000000 1.000000 0.000000 0.000000
11.000000 124.694763 4.881661 -1.190733 1.185196 0.000000 0.000000 0.000000 1.000000 0.000000 0.000000
11.000000 124.697692 4.878901 -1.190923 1.179759 0.000000 0.000000 0.000000 1.000000 0.000000 0.000000
11.000000 124.700823 4.794683 -1.180219 1.207876 0.000000 0.000000 0.000000 1.000000 0.000000 0.000000
11.000000 124.701509 4.810179 -1.192904 1.203655 0.000000 0.000000 0.000000 1.000000 0.000000 0.000000
11.000000 124.703059 4.939302 -1.151105 1.224946 0.000000 0.000000 0.000000 1.000000 0.000000 0.000000
11.000000 124.703436 4.877744 -1.155787 1.205678 0.000000 0.000000 0.000000 1.000000 0.000000 0.000000
11.000000 124.704700 4.838789 -1.192839 1.205978 0.000000 0.000000 0.000000 1.000000 0.000000 0.000000
11.000000 124.707665 4.817338 -1.186347 1.203274 0.000000 0.000000 0.000000 1.000000 0.000000 0.000000
11.000000 124.710842 4.726827 -1.176729 1.228723 0.000000 0.000000 0.000000 1.000000 0.000000 0.000000
11.000000 124.711419 4.735478 -1.180179 1.212378 0.000000 0.000000 0.000000 1.000000 0.000000 0.000000
11.000000 124.713150 4.793853 -1.157054 1.204671 0.000000 0.000000 0.000000 1.000000 0.000000 0.000000
11.000000 124.713438 4.840374 -1.158938 1.206325 0.000000 0.000000 0.000000 1.000000 0.000000 0.000000
11.000000 124.714771 4.791548 -1.192304 1.226424 0.000000 0.000000 0.000000 1.000000 0.000000 0.000000
11.000000 124.717664 4.762694 -1.185588 1.223077 0.000000 0.000000 0.000000 1.000000 0.000000 0.000000
11.000000 124.720798 4.715330 -1.183251 1.240897 0.000000 0.000000 0.000000 1.000000 0.000000 0.000000
11.000000 124.721540 4.729036 -1.189268 1.229919 0.000000 0.000000 0.000000 1.000000 0.000000 0.000000
11.000000 124.723149 4.841083 -1.148357 1.232877 0.000000 0.000000 0.000000 1.000000 0.000000 0.000000
11.000000 124.723511 4.805159 -1.150489 1.218908 0.000000 0.000000 0.000000 1.000000 0.000000 0.000000
11.000000 124.724846 4.745593 -1.195966 1.237948 0.000000 0.000000 0.000000 1.000000 0.000000 0.000000
11.000000 124.727674 4.714214 -1.186528 1.238014 0.000000 0.000000 0.000000 1.000000 0.000000 0.000000
11.000000 124.730840 4.662321 -1.183446 1.259994 0.000000 0.000000 0.000000 1.000000 0.000000 0.000000
11.000000 124.731454 4.679868 -1.195499 1.258184 0.000000 0.000000 0.000000 1.000000 0.000000 0.000000
11.000000 124.733300 4.814656 -1.151012 1.263780 0.000000 0.000000 0.000000 1.000000 0.000000 0.000000
11.000000 124.733560 4.758296 -1.153358 1.236291 0.000000 0.000000 0.000000 1.000000 0.000000 0.000000
11.000000 124.734789 4.698366 -1.201452 1.251809 0.000000 0.000000 0.000000 1.000000 0.000000 0.000000
11.000000 124.737587 4.672226 -1.193704 1.251641 0.000000 0.000000 0.000000 1.000000 0.000000 0.000000
11.000000 124.740828 4.637610 -1.191934 1.262113 0.000000 0.000000 0.000000 1.000000 0.000000 0.000000
11.000000 124.741471 4.643653 -1.198737 1.265246 0.000000 0.000000 0.000000 1.000000 0.000000 0.000000
11.000000 124.742979 4.776342 -1.158126 1.276696 0.000000 0.000000 0.000000 1.000000 0.000000 0.000000
11.000000 124.743620 4.718443 -1.159594 1.249366 0.000000 0.000000 0.000000 1.000000 0.000000 0.000000
11.000000 124.744780 4.658763 -1.205780 1.268289 0.000000 0.000000 0.000000 1.000000 0.000000 0.000000
11.000000 124.747688 4.611702 -1.191002 1.267539 0.000000 0.000000 0.000000 1.000000 0.000000 0.000000
11.000000 124.751698 4.614936 -1.200688 1.272805 0.000000 0.000000 0.000000 1.000000 0.000000 0.000000
11.000000 124.753371 4.736291 -1.169352 1.286884 0.000000 0.000000 0.000000 1.000000 0.000000 0.000000
11.000000 124.753453 4.656834 -1.165848 1.265240 0.000000 0.000000 0.000000 1.000000 0.000000 0.000000
11.000000 124.754762 4.609306 -1.202669 1.278602 0.000000 0.000000 0.000000 1.000000 0.000000 0.000000
11.000000 124.757574 4.579460 -1.195673 1.273413 0.000000 0.000000 0.000000 1.000000 0.000000 0.000000
11.000000 124.763121 4.568578 -1.176485 1.274780 0.000000 0.000000 0.000000 1.000000 0.000000 0.000000
11.000000 124.763559 4.622413 -1.162253 1.274797 0.000000 0.000000 0.000000 1.000000 0.000000 0.000000
11.000000 124.764771 4.566169 -1.205757 1.291929 0.000000 0.000000 0.000000 1.000000 0.000000 0.000000
11.000000 124.767756 4.529204 -1.195056 1.288773 0.000000 0.000000 0.000000 1.000000 0.000000 0.000000
11.000000 124.771492 4.529790 -1.197639 1.289173 0.000000 0.000000 0.000000 1.000000 0.000000 0.000000
11.000000 124.773252 4.626709 -1.167651 1.302318 0.000000 0.000000 0.000000 1.000000 0.000000 0.000000
11.000000 124.773811 4.571985 -1.168087 1.288224 0.000000 0.000000 0.000000 1.000000 0.000000 0.000000
11.000000 124.774773 4.524164 -1.207352 1.299173 0.000000 0.000000 0.000000 1.000000 0.000000 0.000000
11.000000 124.777570 4.493329 -1.199535 1.295071 0.000000 0.000000 0.000000 1.000000 0.000000 0.000000
11.000000 124.781746 4.462894 -1.200431 1.306939 0.000000 0.000000 0.000000 1.000000 0.000000 0.000000
11.000000 124.783153 4.554844 -1.174010 1.313375 0.000000 0.000000 0.000000 1.000000 0.000000 0.000000
11.000000 124.783541 4.521539 -1.174827 1.295894 0.000000 0.000000 0.000000 1.000000 0.000000 0.000000
11.000000 124.784791 4.472310 -1.213378 1.310885 0.000000 0.000000 0.000000 1.000000 0.000000 0.000000
11.000000 124.787714 4.430355 -1.200505 1.307739 0.000000 0.000000 0.000000 1.000000 0.000000 0.000000
11.000000 124.791475 4.414873 -1.200258 1.313111 0.000000 0.000000 0.000000 1.000000 0.000000 0.000000
11.000000 124.793211 4.492858 -1.176212 1.315315 0.000000 0.000000 0.000000 1.000000 0.000000 0.000000
11.000000 124.793713 4.482629 -1.178263 1.300577 0.000000 0.000000 0.000000 1.000000 0.000000 0.000000
11.000000 124.794774 4.437679 -1.212972 1.315700 0.000000 0.000000 0.000000 1.000000 0.000000 0.000000
11.000000 124.797720 4.400326 -1.203145 1.313505 0.000000 0.000000 0.000000 1.000000 0.000000 0.000000
11.000000 124.801533 4.367156 -1.203711 1.324221 0.000000 0.000000 0.000000 1.000000 0.000000 0.000000
11.000000 124.803152 4.430920 -1.185000 1.324247 0.000000 0.000000 0.000000 1.000000 0.000000 0.000000
11.000000 124.803575 4.420272 -1.187415 1.307881 0.000000 0.000000 0.000000 1.000000 0.000000 0.000000
11.000000 124.804811 4.389421 -1.211250 1.319544 0.000000 0.000000 0.000000 1.000000 0.000000 0.000000
11.000000 124.807749 4.360029 -1.205178 1.319462 0.000000 0.000000 0.000000 1.000000 0.000000 0.000000
11.000000 124.811475 4.335028 -1.208440 1.326001 0.000000 0.000000 0.000000 1.000000 0.000000 0.000000
11.000000 124.813167 4.447485 -1.173390 1.338048 0.000000 0.000000 0.000000 1.000000 0.000000 0.000000
11.000000 124.813690 4.393273 -1.175582 1.318478 0.000000 0.000000 0.000000 1.000000 0.000000 0.000000
11.000000 124.814840 4.343844 -1.216357 1.332053 0.000000 0.000000 0.000000 1.000000 0.000000 0.000000
11.000000 124.817737 4.297356 -1.203739 1.330004 0.000000 0.000000 0.000000 1.000000 0.000000 0.000000
11.000000 124.821530 4.316882 -1.200153 1.312508 0.000000 0.000000 0.000000 1.000000 0.000000 0.000000
11.000000 124.823092 4.337168 -1.183302 1.312807 0.000000 0.000000 0.000000 1.000000 0.000000 0.000000
11.000000 124.823569 4.346118 -1.185163 1.318596 0.000000 0.000000 0.000000 1.000000 0.000000 0.000000
11.000000 124.824822 4.302439 -1.217911 1.335318 0.000000 0.000000 0.000000 1.000000 0.000000 0.000000
11.000000 124.827952 4.265637 -1.208438 1.332720 0.000000 0.000000 0.000000 1.000000 0.000000 0.000000
11.000000 124.831504 4.257649 -1.207359 1.330941 0.000000 0.000000 0.000000 1.000000 0.000000 0.000000
11.000000 124.833263 4.297130 -1.191512 1.330305 0.000000 0.000000 0.000000 1.000000 0.000000 0.000000
11.000000 124.833713 4.292393 -1.192815 1.324019 0.000000 0.000000 0.000000 1.000000 0.000000 0.000000
11.000000 124.834847 4.254403 -1.222485 1.336734 0.000000 0.000000 0.000000 1.000000 0.000000 0.000000
11.000000 124.837909 4.211259 -1.208207 1.333486 0.000000 0.000000 0.000000 1.000000 0.000000 0.000000
11.000000 124.841513 4.215688 -1.215933 1.340667 0.000000 0.000000 0.000000 1.000000 0.000000 0.000000
11.000000 124.843311 4.311774 -1.194175 1.350601 0.000000 0.000000 0.000000 1.000000 0.000000 0.000000
11.000000 124.843560 4.248047 -1.192419 1.328923 0.000000 0.000000 0.000000 1.000000 0.000000 0.000000
11.000000 124.844912 4.214913 -1.219525 1.338132 0.000000 0.000000 0.000000 1.000000 0.000000 0.000000
11.000000 124.847928 4.176991 -1.212311 1.332674 0.000000 0.000000 0.000000 1.000000 0.000000 0.000000
11.000000 124.851482 4.154950 -1.219686 1.343839 0.000000 0.000000 0.000000 1.000000 0.000000 0.000000
11.000000 124.853357 4.266839 -1.190364 1.355941 0.000000 0.000000 0.000000 1.000000 0.000000 0.000000
11.000000 124.853667 4.206993 -1.191174 1.333203 0.000000 0.000000 0.000000 1.000000 0.000000 0.000000
11.000000 124.854805 4.169241 -1.223964 1.341304 0.000000 0.000000 0.000000 1.000000 0.000000 0.000000
11.000000 124.857627 4.133896 -1.216955 1.337248 0.000000 0.000000 0.000000 1.000000 0.000000 0.000000
11.000000 124.861492 3.915687 -1.165569 1.378007 0.000000 0.000000 0.000000 1.000000 0.000000 0.000000
11.000000 124.863188 3.818539 -1.163617 1.317968 0.000000 0.000000 0.000000 1.000000 0.000000 0.000000
11.000000 124.863515 4.168590 -1.189018 1.332329 0.000000 0.000000 0.000000 1.000000 0.000000 0.000000
11.000000 124.864846 4.122510 -1.228812 1.341934 0.000000 0.000000 0.000000 1.000000 0.000000 0.000000
11.000000 124.867959 4.092098 -1.220832 1.337462 0.000000 0.000000 0.000000 1.000000 0.000000 0.000000
11.000000 124.871535 3.971487 -1.187678 1.357454 0.000000 0.000000 0.000000 1.000000 0.000000 0.000000
11.000000 124.873155 3.897950 -1.189234 1.322548 0.000000 0.000000 0.000000 1.000000 0.000000 0.000000
11.000000 124.873545 4.104404 -1.204913 1.334010 0.000000 0.000000 0.000000 1.000000 0.000000 0.000000
11.000000 124.874836 4.075227 -1.229728 1.341934 0.000000 0.000000 0.000000 1.000000 0.000000 0.000000
11.000000 124.877806 4.035846 -1.218813 1.339218 0.000000 0.000000 0.000000 1.000000 0.000000 0.000000
11.000000 124.881561 3.898193 -1.190187 1.369815 0.000000 0.000000 0.000000 1.000000 0.000000 0.000000
11.000000 124.883202 3.849388 -1.190543 1.331907 0.000000 0.000000 0.000000 1.000000 0.000000 0.000000
11.000000 124.883588 4.069146 -1.208127 1.331875 0.000000 0.000000 0.000000 1.000000 0.000000 0.000000
11.000000 124.884788 4.039514 -1.234132 1.339028 0.000000 0.000000 0.000000 1.000000 0.000000 0.000000
11.000000 124.887768 3.999971 -1.222502 1.337028 0.000000 0.000000 0.000000 1.000000 0.000000 0.000000
11.000000 124.891739 3.959981 -1.224956 1.355696 0.000000 0.000000 0.000000 1.000000 0.000000 0.000000
11.000000 124.893307 4.027166 -1.210613 1.353059 0.000000 0.000000 0.000000 1.000000 0.000000 0.000000
11.000000 124.893690 4.016085 -1.212200 1.330955 0.000000 0.000000 0.000000 1.000000 0.000000 0.000000
11.000000 124.894776 3.987731 -1.236190 1.338578 0.000000 0.000000 0.000000 1.000000 0.000000 0.000000
11.000000 124.897708 3.958784 -1.229659 1.335019 0.000000 0.000000 0.000000 1.000000 0.000000 0.000000
11.000000 124.901556 3.943787 -1.237491 1.346806 0.000000 0.000000 0.000000 1.000000 0.000000 0.000000
11.000000 124.903182 4.056066 -1.210638 1.351376 0.000000 0.000000 0.000000 1.000000 0.000000 0.000000
11.000000 124.903562 3.988941 -1.209034 1.322195 0.000000 0.000000 0.000000 1.000000 0.000000 0.000000
11.000000 124.904810 3.952380 -1.238858 1.334385 0.000000 0.000000 0.000000 1.000000 0.000000 0.000000
11.000000 124.907754 3.913407 -1.228984 1.331166 0.000000 0.000000 0.000000 1.000000 0.000000 0.000000
11.000000 124.911494 3.828650 -1.209086 1.346323 0.000000 0.000000 0.000000 1.000000 0.000000 0.000000
11.000000 124.913312 3.803718 -1.203655 1.321700 0.000000 0.000000 0.000000 1.000000 0.000000 0.000000
11.000000 124.913724 3.936975 -1.214022 1.323013 0.000000 0.000000 0.000000 1.000000 0.000000 0.000000
11.000000 124.914849 3.905502 -1.241452 1.330343 0.000000 0.000000 0.000000 1.000000 0.000000 0.000000
11.000000 124.917834 3.863834 -1.229590 1.325042 0.000000 0.000000 0.000000 1.000000 0.000000 0.000000
11.000000 124.921604 3.814068 -1.222295 1.340384 0.000000 0.000000 0.000000 1.000000 0.000000 0.000000
11.000000 124.923230 3.845714 -1.211263 1.328632 0.000000 0.000000 0.000000 1.000000 0.000000 0.000000
11.000000 124.923692 3.893761 -1.216699 1.315237 0.000000 0.000000 0.000000 1.000000 0.000000 0.000000
11.000000 124.924881 3.865392 -1.240427 1.324571 0.000000 0.000000 0.000000 1.000000 0.000000 0.000000
11.000000 124.927744 3.816291 -1.229006 1.320029 0.000000 0.000000 0.000000 1.000000 0.000000 0.000000
11.000000 124.931529 3.773466 -1.224087 1.328997 0.000000 0.000000 0.000000 1.000000 0.000000 0.000000
11.000000 124.933304 3.840423 -1.199028 1.325566 0.000000 0.000000 0.000000 1.000000 0.000000 0.000000
11.000000 124.933682 3.864187 -1.205830 1.310571 0.000000 0.000000 0.000000 1.000000 0.000000 0.000000
11.000000 124.934960 3.819941 -1.246888 1.317587 0.000000 0.000000 0.000000 1.000000 0.000000 0.000000
11.000000 124.937812 3.782753 -1.237476 1.312074 0.000000 0.000000 0.000000 1.000000 0.000000 0.000000
11.000000 124.941628 3.707925 -1.225125 1.333100 0.000000 0.000000 0.000000 1.000000 0.000000 0.000000
11.000000 124.943183 3.697949 -1.224246 1.312030 0.000000 0.000000 0.000000 1.000000 0.000000 0.000000
11.000000 124.943662 3.781928 -1.229821 1.304714 0.000000 0.000000 0.000000 1.000000 0.000000 0.000000
11.000000 124.944902 3.766007 -1.243088 1.309798 0.000000 0.000000 0.000000 1.000000 0.000000 0.000000
11.000000 124.947825 3.745121 -1.239273 1.306578 0.000000 0.000000 0.000000 1.000000 0.000000 0.000000
11.000000 124.951504 3.741348 -1.242103 1.308018 0.000000 0.000000 0.000000 1.000000 0.000000 0.000000
11.000000 124.953219 3.743765 -1.242569 1.305906 0.000000 0.000000 0.000000 1.000000 0.000000 0.000000
11.000000 124.953759 3.733869 -1.243504 1.298597 0.000000 0.000000 0.000000 1.000000 0.000000 0.000000
11.000000 124.954806 3.727647 -1.248960 1.301057 0.000000 0.000000 0.000000 1.000000 0.000000 0.000000
11.000000 124.957661 3.685667 -1.237862 1.297712 0.000000 0.000000 0.000000 1.000000 0.000000 0.000000
11.000000 124.961590 3.668699 -1.238573 1.303378 0.000000 0.000000 0.000000 1.000000 0.000000 0.000000
11.000000 124.963194 3.670335 -1.239010 1.295513 0.000000 0.000000 0.000000 1.000000 0.000000 0.000000
11.000000 124.963643 3.693784 -1.240979 1.288316 0.000000 0.000000 0.000000 1.000000 0.000000 0.000000
11.000000 124.964933 3.679074 -1.252172 1.295696 0.000000 0.000000 0.000000 1.000000 0.000000 0.000000
11.000000 124.967741 3.633566 -1.236373 1.293366 0.000000 0.000000 0.000000 1.000000 0.000000 0.000000
11.000000 124.971591 3.650345 -1.237106 1.288046 0.000000 0.000000 0.000000 1.000000 0.000000 0.000000
11.000000 124.973317 3.641282 -1.240016 1.283682 0.000000 0.000000 0.000000 1.000000 0.000000 0.000000
11.000000 124.973778 3.647813 -1.242026 1.278325 0.000000 0.000000 0.000000 1.000000 0.000000 0.000000
11.000000 124.974936 3.636333 -1.253126 1.279947 0.000000 0.000000 0.000000 1.000000 0.000000 0.000000
11.000000 124.977674 3.607585 -1.244368 1.276491 0.000000 0.000000 0.000000 1.000000 0.000000 0.000000
11.000000 124.981600 3.604073 -1.251111 1.285841 0.000000 0.000000 0.000000 1.000000 0.000000 0.000000
11.000000 124.983206 3.683790 -1.235197 1.287817 0.000000 0.000000 0.000000 1.000000 0.000000 0.000000
11.000000 124.983672 3.611873 -1.234218 1.258108 0.000000 0.000000 0.000000 1.000000 0.000000 0.000000
11.000000 124.984953 3.586365 -1.256427 1.266874 0.000000 0.000000 0.000000 1.000000 0.000000 0.000000
11.000000 124.987751 3.559318 -1.246493 1.267413 0.000000 0.000000 0.000000 1.000000 0.000000 0.000000
11.000000 124.991550 3.512755 -1.231889 1.275999 0.000000 0.000000 0.000000 1.000000 0.000000 0.000000
11.000000 124.993351 3.462691 -1.238656 1.250983 0.000000 0.000000 0.000000 1.000000 0.000000 0.000000
11.000000 124.993737 3.561531 -1.245794 1.248945 0.000000 0.000000 0.000000 1.000000 0.000000 0.000000
11.000000 124.994864 3.545558 -1.259532 1.254650 0.000000 0.000000 0.000000 1.000000 0.000000 0.000000
11.000000 124.997765 3.514795 -1.247164 1.253542 0.000000 0.000000 0.000000 1.000000 0.000000 0.000000
11.000000 125.001566 3.501168 -1.252530 1.269378 0.000000 0.000000 0.000000 1.000000 0.000000 0.000000
11.000000 125.003305 3.577612 -1.240277 1.268282 0.000000 0.000000 0.000000 1.000000 0.000000 0.000000
11.000000 125.003582 3.528621 -1.239237 1.239344 0.000000 0.000000 0.000000 1.000000 0.000000 0.000000
11.000000 125.004856 3.504302 -1.261209 1.245438 0.000000 0.000000 0.000000 1.000000 0.000000 0.000000
11.000000 125.007746 3.472146 -1.251657 1.240739 0.000000 0.000000 0.000000 1.000000 0.000000 0.000000
11.000000 125.011754 3.496698 -1.252818 1.231031 0.000000 0.000000 0.000000 1.000000 0.000000 0.000000
11.000000 125.013315 3.507420 -1.248178 1.232257 0.000000 0.000000 0.000000 1.000000 0.000000 0.000000
11.000000 125.013690 3.476590 -1.248572 1.225845 0.000000 0.000000 0.000000 1.000000 0.000000 0.000000
11.000000 125.014883 3.468573 -1.257801 1.224932 0.000000 0.000000 0.000000 1.000000 0.000000 0.000000
11.000000 125.017706 3.448059 -1.253764 1.221209 0.000000 0.000000 0.000000 1.000000 0.000000 0.000000
11.000000 125.021831 3.314172 -1.215718 1.248736 0.000000 0.000000 0.000000 1.000000 0.000000 0.000000
11.000000 125.023197 3.167403 -1.236729 1.198714 0.000000 0.000000 0.000000 1.000000 0.000000 0.000000
11.000000 125.023609 3.425917 -1.254448 1.212537 0.000000 0.000000 0.000000 1.000000 0.000000 0.000000
11.000000 125.024919 3.426148 -1.257696 1.207483 0.000000 0.000000 0.000000 1.000000 0.000000 0.000000
11.000000 125.027767 3.411604 -1.255772 1.204981 0.000000 0.000000 0.000000 1.000000 0.000000 0.000000
11.000000 125.031597 3.373089 -1.251133 1.216561 0.000000 0.000000 0.000000 1.000000 0.000000 0.000000
11.000000 125.033271 3.350048 -1.256642 1.201080 0.000000 0.000000 0.000000 1.000000 0.000000 0.000000
11.000000 125.033733 3.381576 -1.258984 1.192774 0.000000 0.000000 0.000000 1.000000 0.000000 0.000000
11.000000 125.034838 3.384604 -1.256610 1.191728 0.000000 0.000000 0.000000 1.000000 0.000000 0.000000
11.000000 125.037754 3.365045 -1.253401 1.189496 0.000000 0.000000 0.000000 1.000000 0.000000 0.000000
11.000000 125.041622 3.338928 -1.250591 1.195950 0.000000 0.000000 0.000000 1.000000 0.000000 0.000000
11.000000 125.043288 3.360476 -1.241611 1.189664 0.000000 0.000000 0.000000 1.000000 0.000000 0.000000
11.000000 125.043641 3.354762 -1.245310 1.174924 0.000000 0.000000 0.000000 1.000000 0.000000 0.000000
11.000000 125.045213 3.343293 -1.262275 1.167064 0.000000 0.000000 0.000000 1.000000 0.000000 0.000000
11.000000 125.047770 3.345917 -1.263455 1.162050 0.000000 0.000000 0.000000 1.000000 0.000000 0.000000
11.000000 125.051628 3.298455 -1.249173 1.175503 0.000000 0.000000 0.000000 1.000000 0.000000 0.000000
11.000000 125.053393 3.292435 -1.244981 1.168403 0.000000 0.000000 0.000000 1.000000 0.000000 0.000000
11.000000 125.053694 3.305322 -1.250776 1.159979 0.000000 0.000000 0.000000 1.000000 0.000000 0.000000
11.000000 125.054869 3.306190 -1.255720 1.151467 0.000000 0.000000 0.000000 1.000000 0.000000 0.000000
11.000000 125.057752 3.295174 -1.258018 1.148314 0.000000 0.000000 0.000000 1.000000 0.000000 0.000000
11.000000 125.061724 3.313359 -1.266596 1.140338 0.000000 0.000000 0.000000 1.000000 0.000000 0.000000
11.000000 125.063200 3.370207 -1.249888 1.152449 0.000000 0.000000 0.000000 1.000000 0.000000 0.000000
11.000000 125.063578 3.267999 -1.248896 1.136012 0.000000 0.000000 0.000000 1.000000 0.000000 0.000000
11.000000 125.065002 3.262463 -1.258521 1.131331 0.000000 0.000000 0.000000 1.000000 0.000000 0.000000
11.000000 125.067755 3.262920 -1.266405 1.129363 0.000000 0.000000 0.000000 1.000000 0.000000 0.000000
11.000000 125.071579 3.253666 -1.271522 1.128649 0.000000 0.000000 0.000000 1.000000 0.000000 0.000000
11.000000 125.073344 3.300439 -1.255406 1.134184 0.000000 0.000000 0.000000 1.000000 0.000000 0.000000
11.000000 125.073689 3.222367 -1.255633 1.117601 0.000000 0.000000 0.000000 1.000000 0.000000 0.000000
11.000000 125.074981 3.220001 -1.262318 1.112205 0.000000 0.000000 0.000000 1.000000 0.000000 0.000000
11.000000 125.077711 3.211365 -1.263592 1.110620 0.000000 0.000000 0.000000 1.000000 0.000000 0.000000
11.000000 125.081639 3.176087 -1.258839 1.119018 0.000000 0.000000 0.000000 1.000000 0.000000 0.000000
11.000000 125.083273 3.198433 -1.247543 1.116306 0.000000 0.000000 0.000000 1.000000 0.000000 0.000000
11.000000 125.083646 3.178748 -1.253767 1.099518 0.000000 0.000000 0.000000 1.000000 0.000000 0.000000
11.000000 125.084995 3.173598 -1.267017 1.088627 0.000000 0.000000 0.000000 1.000000 0.000000 0.000000
11.000000 125.087843 3.181945 -1.273172 1.087152 0.000000 0.000000 0.000000 1.000000 0.000000 0.000000
11.000000 125.091594 3.135612 -1.259248 1.094430 0.000000 0.000000 0.000000 1.000000 0.000000 0.000000
11.000000 125.093340 3.114873 -1.254007 1.080089 0.000000 0.000000 0.000000 1.000000 0.000000 0.000000
11.000000 125.093704 3.135408 -1.258764 1.073941 0.000000 0.000000 0.000000 1.000000 0.000000 0.000000
11.000000 125.094906 3.128472 -1.270613 1.067491 0.000000 0.000000 0.000000 1.000000 0.000000 0.000000
11.000000 125.097779 3.121591 -1.268648 1.063294 0.000000 0.000000 0.000000 1.000000 0.000000 0.000000
11.000000 125.101644 3.099542 -1.263032 1.072021 0.000000 0.000000 0.000000 1.000000 0.000000 0.000000
11.000000 125.103134 3.110001 -1.259140 1.069011 0.000000 0.000000 0.000000 1.000000 0.000000 0.000000
11.000000 125.103623 3.086432 -1.264555 1.051153 0.000000 0.000000 0.000000 1.000000 0.000000 0.000000
11.000000 125.104990 3.092121 -1.265898 1.040873 0.000000 0.000000 0.000000 1.000000 0.000000 0.000000
11.000000 125.107789 3.084582 -1.269556 1.040428 0.000000 0.000000 0.000000 1.000000 0.000000 0.000000
11.000000 125.111598 3.046031 -1.269055 1.051415 0.000000 0.000000 0.000000 1.000000 0.000000 0.000000
11.000000 125.113291 3.044437 -1.267446 1.040321 0.000000 0.000000 0.000000 1.000000 0.000000 0.000000
11.000000 125.113687 3.044220 -1.269949 1.026892 0.000000 0.000000 0.000000 1.000000 0.000000 0.000000
11.000000 125.114858 3.049818 -1.269068 1.018469 0.000000 0.000000 0.000000 1.000000 0.000000 0.000000
11.000000 125.117736 3.048198 -1.276788 1.014266 0.000000 0.000000 0.000000 1.000000 0.000000 0.000000
11.000000 125.121674 3.000368 -1.277973 1.031872 0.000000 0.000000 0.000000 1.000000 0.000000 0.000000
11.000000 125.123282 3.059117 -1.261158 1.028744 0.000000 0.000000 0.000000 1.000000 0.000000 0.000000
11.000000 125.123718 3.001116 -1.263848 0.999985 0.000000 0.000000 0.000000 1.000000 0.000000 0.000000
11.000000 125.124922 2.999080 -1.271037 0.994143 0.000000 0.000000 0.000000 1.000000 0.000000 0.000000
11.000000 125.127830 3.001610 -1.276408 0.995016 0.000000 0.000000 0.000000 1.000000 0.000000 0.000000
11.000000 125.131609 2.958541 -1.266289 1.001891 0.000000 0.000000 0.000000 1.000000 0.000000 0.000000
11.000000 125.133229 2.912083 -1.269769 0.984216 0.000000 0.000000 0.000000 1.000000 0.000000 0.000000
11.000000 125.133896 2.955886 -1.277432 0.977830 0.000000 0.000000 0.000000 1.000000 0.000000 0.000000
11.000000 125.134959 2.964739 -1.273944 0.969316 0.000000 0.000000 0.000000 1.000000 0.000000 0.000000
11.000000 125.137772 2.954363 -1.275765 0.969622 0.000000 0.000000 0.000000 1.000000 0.000000 0.000000
11.000000 125.141660 2.931813 -1.273665 0.972035 0.000000 0.000000 0.000000 1.000000 0.000000 0.000000
11.000000 125.143217 2.970908 -1.256012 0.966415 0.000000 0.000000 0.000000 1.000000 0.000000 0.000000
11.000000 125.143897 2.925130 -1.260145 0.943064 0.000000 0.000000 0.000000 1.000000 0.000000 0.000000
11.000000 125.144952 2.922814 -1.269346 0.934615 0.000000 0.000000 0.000000 1.000000 0.000000 0.000000
11.000000 125.147803 2.940937 -1.280740 0.935754 0.000000 0.000000 0.000000 1.000000 0.000000 0.000000
11.000000 125.151595 2.876619 -1.265365 0.949181 0.000000 0.000000 0.000000 1.000000 0.000000 0.000000
11.000000 125.153383 2.799576 -1.274996 0.919093 0.000000 0.000000 0.000000 1.000000 0.000000 0.000000
11.000000 125.153758 2.868056 -1.280669 0.915254 0.000000 0.000000 0.000000 1.000000 0.000000 0.000000
11.000000 125.154877 2.879973 -1.272748 0.906377 0.000000 0.000000 0.000000 1.000000 0.000000 0.000000
11.000000 125.157781 2.894996 -1.283682 0.906310 0.000000 0.000000 0.000000 1.000000 0.000000 0.000000
11.000000 125.161655 2.841821 -1.271501 0.916968 0.000000 0.000000 0.000000 1.000000 0.000000 0.000000
11.000000 125.163137 2.819088 -1.266209 0.902358 0.000000 0.000000 0.000000 1.000000 0.000000 0.000000
11.000000 125.163893 2.829713 -1.273409 0.890515 0.000000 0.000000 0.000000 1.000000 0.000000 0.000000
11.000000 125.164928 2.834958 -1.276284 0.878188 0.000000 0.000000 0.000000 1.000000 0.000000 0.000000
11.000000 125.167783 2.855218 -1.286669 0.879576 0.000000 0.000000 0.000000 1.000000 0.000000 0.000000
11.000000 125.171589 2.789931 -1.266029 0.892298 0.000000 0.000000 0.000000 1.000000 0.000000 0.000000
11.000000 125.173361 2.752980 -1.259886 0.866264 0.000000 0.000000 0.000000 1.000000 0.000000 0.000000
11.000000 125.173853 2.791344 -1.269248 0.851176 0.000000 0.000000 0.000000 1.000000 0.000000 0.000000
11.000000 125.174913 2.779915 -1.286463 0.847822 0.000000 0.000000 0.000000 1.000000 0.000000 0.000000
11.000000 125.177783 2.808801 -1.294263 0.853234 0.000000 0.000000 0.000000 1.000000 0.000000 0.000000
11.000000 125.182012 2.767060 -1.274324 0.858547 0.000000 0.000000 0.000000 1.000000 0.000000 0.000000
11.000000 125.183253 2.752339 -1.262970 0.835727 0.000000 0.000000 0.000000 1.000000 0.000000 0.000000
11.000000 125.183870 2.755130 -1.269829 0.815920 0.000000 0.000000 0.000000 1.000000 0.000000 0.000000
11.000000 125.184925 2.739734 -1.288884 0.817499 0.000000 0.000000 0.000000 1.000000 0.000000 0.000000
11.000000 125.187816 2.768721 -1.296096 0.824864 0.000000 0.000000 0.000000 1.000000 0.000000 0.000000
11.000000 125.191752 2.696134 -1.264747 0.837862 0.000000 0.000000 0.000000 1.000000 0.000000 0.000000
11.000000 125.193419 2.622188 -1.263342 0.797058 0.000000 0.000000 0.000000 1.000000 0.000000 0.000000
11.000000 125.193763 2.712323 -1.273545 0.786828 0.000000 0.000000 0.000000 1.000000 0.000000 0.000000
11.000000 125.194915 2.703594 -1.286273 0.785277 0.000000 0.000000 0.000000 1.000000 0.000000 0.000000
11.000000 125.197878 2.727263 -1.295723 0.789248 0.000000 0.000000 0.000000 1.000000 0.000000 0.000000
11.000000 125.201632 2.673016 -1.276378 0.799426 0.000000 0.000000 0.000000 1.000000 0.000000 0.000000
11.000000 125.203197 2.625851 -1.274296 0.770452 0.000000 0.000000 0.000000 1.000000 0.000000 0.000000
11.000000 125.203702 2.662270 -1.281056 0.756873 0.000000 0.000000 0.000000 1.000000 0.000000 0.000000
11.000000 125.207894 2.652868 -1.296596 0.761315 0.000000 0.000000 0.000000 1.000000 0.000000 0.000000
11.000000 125.213321 2.705147 -1.293063 0.742550 0.000000 0.000000 0.000000 1.000000 0.000000 0.000000
11.000000 125.213806 2.621780 -1.283205 0.720597 0.000000 0.000000 0.000000 1.000000 0.000000 0.000000
11.000000 125.214946 2.624148 -1.285987 0.714258 0.000000 0.000000 0.000000 1.000000 0.000000 0.000000
11.000000 125.217824 2.685097 -1.300133 0.725873 0.000000 0.000000 0.000000 1.000000 0.000000 0.000000
11.000000 125.221683 2.651203 -1.280728 0.730386 0.000000 0.000000 0.000000 1.000000 0.000000 0.000000
11.000000 125.223208 2.618912 -1.275856 0.710932 0.000000 0.000000 0.000000 1.000000 0.000000 0.000000
11.000000 125.223711 2.578858 -1.281849 0.688042 0.000000 0.000000 0.000000 1.000000 0.000000 0.000000
11.000000 125.225055 2.579796 -1.290167 0.676210 0.000000 0.000000 0.000000 1.000000 0.000000 0.000000
11.000000 125.231663 2.528506 -1.276184 0.671349 0.000000 0.000000 0.000000 1.000000 0.000000 0.000000
11.000000 125.233329 2.512199 -1.281334 0.662958 0.000000 0.000000 0.000000 1.000000 0.000000 0.000000
11.000000 125.233770 2.533096 -1.286887 0.650463 0.000000 0.000000 0.000000 1.000000 0.000000 0.000000
11.000000 125.241777 2.544956 -1.271810 0.643152 0.000000 0.000000 0.000000 1.000000 0.000000 0.000000
11.000000 125.243261 2.498764 -1.278509 0.634795 0.000000 0.000000 0.000000 1.000000 0.000000 0.000000
11.000000 125.243693 2.492770 -1.285204 0.615148 0.000000 0.000000 0.000000 1.000000 0.000000 0.000000
11.000000 125.245051 2.492857 -1.291001 0.609113 0.000000 0.000000 0.000000 1.000000 0.000000 0.000000
11.000000 125.251881 2.433007 -1.272661 0.602268 0.000000 0.000000 0.000000 1.000000 0.000000 0.000000
11.000000 125.253297 2.365372 -1.293186 0.585787 0.000000 0.000000 0.000000 1.000000 0.000000 0.000000
11.000000 125.253830 2.437939 -1.303401 0.581718 0.000000 0.000000 0.000000 1.000000 0.000000 0.000000
11.000000 125.261663 2.447375 -1.286995 0.575819 0.000000 0.000000 0.000000 1.000000 0.000000 0.000000
11.000000 125.263196 2.383466 -1.294873 0.561895 0.000000 0.000000 0.000000 1.000000 0.000000 0.000000
11.000000 125.263752 2.397097 -1.301877 0.539482 0.000000 0.000000 0.000000 1.000000 0.000000 0.000000
11.000000 125.271632 2.405433 -1.295702 0.529596 0.000000 0.000000 0.000000 1.000000 0.000000 0.000000
11.000000 125.273386 2.420263 -1.287760 0.519211 0.000000 0.000000 0.000000 1.000000 0.000000 0.000000
11.000000 125.273928 2.375505 -1.290304 0.489141 0.000000 0.000000 0.000000 1.000000 0.000000 0.000000
11.000000 125.282254 2.390500 -1.272293 0.479499 0.000000 0.000000 0.000000 1.000000 0.000000 0.000000
11.000000 125.283372 2.296312 -1.293209 0.463811 0.000000 0.000000 0.000000 1.000000 0.000000 0.000000
11.000000 125.283756 2.324047 -1.299420 0.452755 0.000000 0.000000 0.000000 1.000000 0.000000 0.000000
11.000000 125.291624 2.351313 -1.255573 0.443567 0.000000 0.000000 0.000000 1.000000 0.000000 0.000000
11.000000 125.293400 2.172683 -1.290254 0.418697 0.000000 0.000000 0.000000 1.000000 0.000000 0.000000
11.000000 125.294000 2.285367 -1.302890 0.410910 0.000000 0.000000 0.000000 1.000000 0.000000 0.000000
11.000000 125.301701 2.293050 -1.292869 0.403117 0.000000 0.000000 0.000000 1.000000 0.000000 0.000000
11.000000 125.303323 2.243928 -1.299558 0.395819 0.000000 0.000000 0.000000 1.000000 0.000000 0.000000
11.000000 125.303832 2.237652 -1.304625 0.380271 0.000000 0.000000 0.000000 1.000000 0.000000 0.000000
11.000000 125.311669 2.233078 -1.315701 0.375768 0.000000 0.000000 0.000000 1.000000 0.000000 0.000000
11.000000 125.313462 2.284754 -1.301406 0.369529 0.000000 0.000000 0.000000 1.000000 0.000000 0.000000
11.000000 125.321859 2.191893 -1.294423 0.308953 0.000000 0.000000 0.000000 1.000000 0.000000 0.000000
11.000000 125.323381 2.087452 -1.324189 0.267402 0.000000 0.000000 0.000000 1.000000 0.000000 0.000000
11.000000 125.331749 2.095670 -1.324577 0.267867 0.000000 0.000000 0.000000 1.000000 0.000000 0.000000
11.000000 125.333391 2.152904 -1.307505 0.270841 0.000000 0.000000 0.000000 1.000000 0.000000 0.000000
11.000000 125.341795 2.107663 -1.304201 0.244983 0.000000 0.000000 0.000000 1.000000 0.000000 0.000000
11.000000 125.343483 2.046797 -1.322111 0.211901 0.000000 0.000000 0.000000 1.000000 0.000000 0.000000
11.000000 125.351714 2.063453 -1.322292 0.195398 0.000000 0.000000 0.000000 1.000000 0.000000 0.000000
11.000000 125.353516 2.045560 -1.327750 0.171652 0.000000 0.000000 0.000000 1.000000 0.000000 0.000000
11.000000 125.361762 1.961949 -1.322668 0.134725 0.000000 0.000000 0.000000 1.000000 0.000000 0.000000
11.000000 125.363466 2.012797 -1.307406 0.123287 0.000000 0.000000 0.000000 1.000000 0.000000 0.000000
11.000000 125.371925 2.042730 -1.308115 0.107909 0.000000 0.000000 0.000000 1.000000 0.000000 0.000000
11.000000 125.373507 2.028231 -1.312268 0.087355 0.000000 0.000000 0.000000 1.000000 0.000000 0.000000
11.000000 125.381774 1.848538 -1.302058 0.037759 0.000000 0.000000 0.000000 1.000000 0.000000 0.000000
11.000000 125.383238 1.836406 -1.305349 0.014469 0.000000 0.000000 0.000000 1.000000 0.000000 0.000000
11.000000 125.391695 1.815127 -1.304050 0.027539 0.000000 0.000000 0.000000 1.000000 0.000000 0.000000
11.000000 125.393433 1.798522 -1.308164 0.034577 0.000000 0.000000 0.000000 1.000000 0.000000 0.000000
11.000000 125.401757 1.947034 -1.315102 0.075931 0.000000 0.000000 0.000000 1.000000 0.000000 0.000000
11.000000 125.403468 1.923210 -1.320104 0.102564 0.000000 0.000000 0.000000 1.000000 0.000000 0.000000
11.000000 125.411693 1.851241 -1.316407 0.114603 0.000000 0.000000 0.000000 1.000000 0.000000 0.000000
11.000000 125.413369 1.837554 -1.319332 0.132317 0.000000 0.000000 0.000000 1.000000 0.000000 0.000000
11.000000 125.421805 1.759392 -1.315327 0.138261 0.000000 0.000000 0.000000 1.000000 0.000000 0.000000
11.000000 125.423281 1.730155 -1.323097 0.148703 0.000000 0.000000 0.000000 1.000000 0.000000 0.000000
11.000000 125.431962 1.700808 -1.321522 0.159574 0.000000 0.000000 0.000000 1.000000 0.000000 0.000000
11.000000 125.433406 1.675497 -1.328104 0.172616 0.000000 0.000000 0.000000 1.000000 0.000000 0.000000
11.000000 125.441839 1.698520 -1.329146 0.195147 0.000000 0.000000 0.000000 1.000000 0.000000 0.000000
11.000000 125.443326 1.675895 -1.335045 0.202495 0.000000 0.000000 0.000000 1.000000 0.000000 0.000000
11.000000 125.463377 1.592618 -1.340905 0.264431 0.000000 0.000000 0.000000 1.000000 0.000000 0.000000
11.000000 125.481861 1.469246 -1.347104 0.296670 0.000000 0.000000 0.000000 1.000000 0.000000 0.000000
11.000000 125.483340 1.494694 -1.339070 0.317409 0.000000 0.000000 0.000000 1.000000 0.000000 0.000000
11.000000 125.491881 1.456697 -1.337340 0.327238 0.000000 0.000000 0.000000 1.000000 0.000000 0.000000
11.000000 125.493458 1.453387 -1.337874 0.343265 0.000000 0.000000 0.000000 1.000000 0.000000 0.000000
11.000000 125.501977 1.461115 -1.338275 0.368531 0.000000 0.000000 0.000000 1.000000 0.000000 0.000000
11.000000 125.503425 1.436368 -1.344663 0.378442 0.000000 0.000000 0.000000 1.000000 0.000000 0.000000
11.000000 125.511812 1.474440 -1.346231 0.400455 0.000000 0.000000 0.000000 1.000000 0.000000 0.000000
11.000000 125.513391 1.459199 -1.349749 0.410819 0.000000 0.000000 0.000000 1.000000 0.000000 0.000000
11.000000 125.521865 1.451971 -1.349089 0.423025 0.000000 0.000000 0.000000 1.000000 0.000000 0.000000
11.000000 125.523374 1.421732 -1.356758 0.438490 0.000000 0.000000 0.000000 1.000000 0.000000 0.000000
11.000000 125.532046 1.335981 -1.352566 0.440119 0.000000 0.000000 0.000000 1.000000 0.000000 0.000000
11.000000 125.533509 1.358437 -1.345459 0.454861 0.000000 0.000000 0.000000 1.000000 0.000000 0.000000
11.000000 125.541873 1.390322 -1.346623 0.480263 0.000000 0.000000 0.000000 1.000000 0.000000 0.000000
11.000000 125.543324 1.358328 -1.354634 0.494637 0.000000 0.000000 0.000000 1.000000 0.000000 0.000000
11.000000 125.561956 1.307072 -1.359333 0.520655 0.000000 0.000000 0.000000 1.000000 0.000000 0.000000
11.000000 125.563479 1.277841 -1.367270 0.534025 0.000000 0.000000 0.000000 1.000000 0.000000 0.000000
11.000000 125.582111 1.150334 -1.360441 0.546663 0.000000 0.000000 0.000000 1.000000 0.000000 0.000000
11.000000 125.583504 1.142673 -1.362592 0.551016 0.000000 0.000000 0.000000 1.000000 0.000000 0.000000
11.000000 125.591765 1.200986 -1.365411 0.575448 0.000000 0.000000 0.000000 1.000000 0.000000 0.000000
11.000000 125.593519 1.144227 -1.381371 0.581104 0.000000 0.000000 0.000000 1.000000 0.000000 0.000000
11.000000 125.611843 1.084428 -1.378806 0.593389 0.000000 0.000000 0.000000 1.000000 0.000000 0.000000
11.000000 125.613564 1.104013 -1.372819 0.610495 0.000000 0.000000 0.000000 1.000000 0.000000 0.000000
11.000000 125.621986 1.004841 -1.368288 0.609781 0.000000 0.000000 0.000000 1.000000 0.000000 0.000000
11.000000 125.623486 0.936143 -1.387940 0.608284 0.000000 0.000000 0.000000 1.000000 0.000000 0.000000
11.000000 125.631989 0.936907 -1.388041 0.614871 0.000000 0.000000 0.000000 1.000000 0.000000 0.000000
11.000000 125.633594 0.976881 -1.376359 0.631015 0.000000 0.000000 0.000000 1.000000 0.000000 0.000000
11.000000 125.642081 0.919638 -1.373835 0.635036 0.000000 0.000000 0.000000 1.000000 0.000000 0.000000
11.000000 125.643446 0.868264 -1.388486 0.638548 0.000000 0.000000 0.000000 1.000000 0.000000 0.000000
11.000000 125.651920 0.869847 -1.388622 0.641701 0.000000 0.000000 0.000000 1.000000 0.000000 0.000000
11.000000 125.653557 0.782167 -1.413974 0.638472 0.000000 0.000000 0.000000 1.000000 0.000000 0.000000
11.000000 125.662028 0.723393 -1.411536 0.639774 0.000000 0.000000 0.000000 1.000000 0.000000 0.000000
11.000000 125.663462 0.713268 -1.414467 0.644238 0.000000 0.000000 0.000000 1.000000 0.000000 0.000000
11.000000 125.672131 0.791356 -1.418172 0.663243 0.000000 0.000000 0.000000 1.000000 0.000000 0.000000
11.000000 125.673603 0.801863 -1.415106 0.668784 0.000000 0.000000 0.000000 1.000000 0.000000 0.000000
11.000000 125.682025 0.952680 -1.422037 0.694794 0.000000 0.000000 0.000000 1.000000 0.000000 0.000000
11.000000 125.683510 1.025124 -1.400938 0.709341 0.000000 0.000000 0.000000 1.000000 0.000000 0.000000
11.000000 125.693186 0.805774 -1.390834 0.683220 0.000000 0.000000 0.000000 1.000000 0.000000 0.000000
11.000000 125.693550 0.755515 -1.405316 0.686021 0.000000 0.000000 0.000000 1.000000 0.000000 0.000000
11.000000 125.712166 0.666567 -1.405331 0.701765 0.000000 0.000000 0.000000 1.000000 0.000000 0.000000
11.000000 125.713625 0.573529 -1.431965 0.694263 0.000000 0.000000 0.000000 1.000000 0.000000 0.000000
11.000000 125.721990 0.377716 -1.423368 0.676749 0.000000 0.000000 0.000000 1.000000 0.000000 0.000000
11.000000 125.723487 0.387113 -1.420684 0.678467 0.000000 0.000000 0.000000 1.000000 0.000000 0.000000
11.000000 125.731864 0.250922 -1.414697 0.667227 0.000000 0.000000 0.000000 1.000000 0.000000 0.000000
11.000000 125.733611 0.268938 -1.409484 0.674085 0.000000 0.000000 0.000000 1.000000 0.000000 0.000000
11.000000 125.741937 0.721792 -1.429616 0.723023 0.000000 0.000000 0.000000 1.000000 0.000000 0.000000
11.000000 125.743498 0.766875 -1.416714 0.736688 0.000000 0.000000 0.000000 1.000000 0.000000 0.000000
11.000000 125.751877 0.529647 -1.406108 0.710253 0.000000 0.000000 0.000000 1.000000 0.000000 0.000000
11.000000 125.753538 0.530255 -1.406003 0.714798 0.000000 0.000000 0.000000 1.000000 0.000000 0.000000
11.000000 125.761946 0.568245 -1.407867 0.725939 0.000000 0.000000 0.000000 1.000000 0.000000 0.000000
11.000000 125.763557 0.527888 -1.419409 0.721466 0.000000 0.000000 0.000000 1.000000 0.000000 0.000000
11.000000 125.771867 0.421938 -1.414677 0.708314 0.000000 0.000000 0.000000 1.000000 0.000000 0.000000
11.000000 125.773742 0.437967 -1.410130 0.712648 0.000000 0.000000 0.000000 1.000000 0.000000 0.000000
11.000000 125.782008 0.599423 -1.417272 0.729337 0.000000 0.000000 0.000000 1.000000 0.000000 0.000000
11.000000 125.783523 0.660280 -1.399842 0.737293 0.000000 0.000000 0.000000 1.000000 0.000000 0.000000
11.000000 125.792107 0.234061 -1.380663 0.696414 0.000000 0.000000 0.000000 1.000000 0.000000 0.000000
11.000000 125.793572 0.581165 -1.422059 0.719774 0.000000 0.000000 0.000000 1.000000 0.000000 0.000000
11.000000 125.801959 0.404041 -1.414163 0.697325 0.000000 0.000000 0.000000 1.000000 0.000000 0.000000
11.000000 125.803564 0.339063 -1.432625 0.687589 0.000000 0.000000 0.000000 1.000000 0.000000 0.000000
11.000000 125.811939 0.358419 -1.433534 0.693458 0.000000 0.000000 0.000000 1.000000 0.000000 0.000000
11.000000 125.813662 0.236696 -1.468196 0.680487 0.000000 0.000000 0.000000 1.000000 0.000000 0.000000
11.000000 125.822314 0.243972 -1.468605 0.688808 0.000000 0.000000 0.000000 1.000000 0.000000 0.000000
11.000000 125.823730 0.386424 -1.428026 0.709312 0.000000 0.000000 0.000000 1.000000 0.000000 0.000000
11.000000 125.831885 0.507730 -1.433275 0.718860 0.000000 0.000000 0.000000 1.000000 0.000000 0.000000
11.000000 125.833646 0.526799 -1.427796 0.719486 0.000000 0.000000 0.000000 1.000000 0.000000 0.000000
11.000000 125.842254 0.046936 -1.406515 0.660270 0.000000 0.000000 0.000000 1.000000 0.000000 0.000000
11.000000 125.843706 -0.119958 -1.453413 0.632819 0.000000 0.000000 0.000000 1.000000 0.000000 0.000000
11.000000 125.852126 0.063262 -1.461125 0.646061 0.000000 0.000000 0.000000 1.000000 0.000000 0.000000
11.000000 125.853657 0.098800 -1.451084 0.651355 0.000000 0.000000 0.000000 1.000000 0.000000 0.000000
11.000000 125.862040 0.105579 -1.451451 0.659745 0.000000 0.000000 0.000000 1.000000 0.000000 0.000000
11.000000 125.863519 0.088847 -1.456229 0.652509 0.000000 0.000000 0.000000 1.000000 0.000000 0.000000
11.000000 125.872041 0.044891 -1.454245 0.637499 0.000000 0.000000 0.000000 1.000000 0.000000 0.000000
11.000000 125.873654 0.033957 -1.457338 0.633908 0.000000 0.000000 0.000000 1.000000 0.000000 0.000000
11.000000 125.882024 -0.315696 -1.442450 0.593855 0.000000 0.000000 0.000000 1.000000 0.000000 0.000000
11.000000 125.883552 -0.302749 -1.438872 0.592632 0.000000 0.000000 0.000000 1.000000 0.000000 0.000000
11.000000 125.892900 0.174273 -1.459116 0.636977 0.000000 0.000000 0.000000 1.000000 0.000000 0.000000
11.000000 125.893665 0.021574 -1.440066 0.623328 0.000000 0.000000 0.000000 1.000000 0.000000 0.000000
11.000000 125.902271 -0.002106 -1.439005 0.615801 0.000000 0.000000 0.000000 1.000000 0.000000 0.000000
11.000000 125.903544 0.150524 -1.446205 0.618556 0.000000 0.000000 0.000000 1.000000 0.000000 0.000000
11.000000 125.912049 0.025521 -1.440871 0.607658 0.000000 0.000000 0.000000 1.000000 0.000000 0.000000
11.000000 125.913679 0.009955 -1.445281 0.599573 0.000000 0.000000 0.000000 1.000000 0.000000 0.000000
11.000000 125.922191 -0.008729 -1.444419 0.588792 0.000000 0.000000 0.000000 1.000000 0.000000 0.000000
11.000000 125.923616 -0.036488 -1.452246 0.580047 0.000000 0.000000 0.000000 1.000000 0.000000 0.000000
11.000000 125.932407 0.263139 -1.464809 0.603576 0.000000 0.000000 0.000000 1.000000 0.000000 0.000000
11.000000 125.933704 0.104394 -1.509793 0.571631 0.000000 0.000000 0.000000 1.000000 0.000000 0.000000
11.000000 125.941994 -0.021739 -1.504649 0.549900 0.000000 0.000000 0.000000 1.000000 0.000000 0.000000
11.000000 125.943564 0.065995 -1.479807 0.552181 0.000000 0.000000 0.000000 1.000000 0.000000 0.000000
11.000000 125.952017 -0.243997 -1.466817 0.509686 0.000000 0.000000 0.000000 1.000000 0.000000 0.000000
11.000000 125.953723 -0.202896 -1.455373 0.509534 0.000000 0.000000 0.000000 1.000000 0.000000 0.000000
11.000000 125.962013 -0.183199 -1.456342 0.521110 0.000000 0.000000 0.000000 1.000000 0.000000 0.000000
11.000000 125.963793 -0.234141 -1.470717 0.505928 0.000000 0.000000 0.000000 1.000000 0.000000 0.000000
11.000000 125.982075 -0.126307 -1.491428 0.474423 0.000000 0.000000 0.000000 1.000000 0.000000 0.000000
11.000000 125.983690 -0.063764 -1.473882 0.471329 0.000000 0.000000 0.000000 1.000000 0.000000 0.000000
11.000000 125.992120 -0.065946 -1.473783 0.462160 0.000000 0.000000 0.000000 1.000000 0.000000 0.000000
11.000000 125.993892 -0.117854 -1.488502 0.443167 0.000000 0.000000 0.000000 1.000000 0.000000 0.000000
11.000000 126.002078 -0.343706 -1.479244 0.400336 0.000000 0.000000 0.000000 1.000000 0.000000 0.000000
11.000000 126.003525 -0.352963 -1.481970 0.391378 0.000000 0.000000 0.000000 1.000000 0.000000 0.000000
11.000000 126.012146 -0.389656 -1.480456 0.391231 0.000000 0.000000 0.000000 1.000000 0.000000 0.000000
11.000000 126.013820 -0.429218 -1.491631 0.373875 0.000000 0.000000 0.000000 1.000000 0.000000 0.000000
11.000000 126.022130 -0.434521 -1.491284 0.368352 0.000000 0.000000 0.000000 1.000000 0.000000 0.000000
11.000000 126.023552 -0.391189 -1.479268 0.363796 0.000000 0.000000 0.000000 1.000000 0.000000 0.000000
11.000000 126.052227 -0.627670 -1.503070 0.264258 0.000000 0.000000 0.000000 1.000000 0.000000 0.000000
11.000000 126.053798 -0.551212 -1.482156 0.263812 0.000000 0.000000 0.000000 1.000000 0.000000 0.000000
11.000000 126.062263 -0.605461 -1.480689 0.233153 0.000000 0.000000 0.000000 1.000000 0.000000 0.000000
11.000000 126.063552 -0.733106 -1.516757 0.197407 0.000000 0.000000 0.000000 1.000000 0.000000 0.000000
11.000000 126.072057 -0.677837 -1.519028 0.201259 0.000000 0.000000 0.000000 1.000000 0.000000 0.000000
11.000000 126.073853 -0.650088 -1.511628 0.193708 0.000000 0.000000 0.000000 1.000000 0.000000 0.000000
11.000000 126.082108 -0.752464 -1.507781 0.164502 0.000000 0.000000 0.000000 1.000000 0.000000 0.000000
11.000000 126.083675 -0.763655 -1.511200 0.154095 0.000000 0.000000 0.000000 1.000000 0.000000 0.000000
11.000000 126.092400 -0.591126 -1.518751 0.159160 0.000000 0.000000 0.000000 1.000000 0.000000 0.000000
11.000000 126.093778 -0.585760 -1.517957 0.142380 0.000000 0.000000 0.000000 1.000000 0.000000 0.000000
11.000000 126.102178 -0.781921 -1.510246 0.110922 0.000000 0.000000 0.000000 1.000000 0.000000 0.000000
11.000000 126.103661 -0.732382 -1.496774 0.111261 0.000000 0.000000 0.000000 1.000000 0.000000 0.000000
11.000000 126.122047 -0.759850 -1.491071 0.046786 0.000000 0.000000 0.000000 1.000000 0.000000 0.000000
11.000000 126.123615 -0.768458 -1.494234 0.025617 0.000000 0.000000 0.000000 1.000000 0.000000 0.000000
11.000000 126.132256 -0.495024 -1.505308 0.055409 0.000000 0.000000 0.000000 1.000000 0.000000 0.000000
11.000000 126.133711 -0.554610 -1.521848 0.048673 0.000000 0.000000 0.000000 1.000000 0.000000 0.000000
11.000000 126.152241 -0.699079 -1.504895 0.066618 0.000000 0.000000 0.000000 1.000000 0.000000 0.000000
11.000000 126.153626 -0.728138 -1.512210 0.085155 0.000000 0.000000 0.000000 1.000000 0.000000 0.000000
11.000000 126.182550 -0.793083 -1.514651 0.145642 0.000000 0.000000 0.000000 1.000000 0.000000 0.000000
11.000000 126.183541 -0.817533 -1.521085 0.151920 0.000000 0.000000 0.000000 1.000000 0.000000 0.000000
11.000000 126.232232 -0.961392 -1.541667 0.250377 0.000000 0.000000 0.000000 1.000000 0.000000 0.000000
11.000000 126.233643 -0.928561 -1.532549 0.257036 0.000000 0.000000 0.000000 1.000000 0.000000 0.000000
