23.000000 207.453748 23.111647 -0.224927 0.391091 0.000000 0.000000 0.000000 1.000000 0.000000 0.000000
23.000000 207.454574 23.182577 -0.225902 0.420689 0.000000 0.000000 0.000000 1.000000 0.000000 0.000000
23.000000 207.458361 23.089979 -0.202625 0.461539 0.000000 0.000000 0.000000 1.000000 0.000000 0.000000
23.000000 207.463823 22.952470 -0.243351 0.500968 0.000000 0.000000 0.000000 1.000000 0.000000 0.000000
23.000000 207.464454 23.109679 -0.244391 0.513744 0.000000 0.000000 0.000000 1.000000 0.000000 0.000000
23.000000 207.468292 22.970606 -0.208990 0.549906 0.000000 0.000000 0.000000 1.000000 0.000000 0.000000
23.000000 207.473806 22.835751 -0.249101 0.595472 0.000000 0.000000 0.000000 1.000000 0.000000 0.000000
23.000000 207.474549 22.984995 -0.250005 0.612303 0.000000 0.000000 0.000000 1.000000 0.000000 0.000000
23.000000 207.478394 22.806616 -0.204542 0.645489 0.000000 0.000000 0.000000 1.000000 0.000000 0.000000
23.000000 207.483797 22.614072 -0.262030 0.708742 0.000000 0.000000 0.000000 1.000000 0.000000 0.000000
23.000000 207.484447 22.849812 -0.263134 0.721807 0.000000 0.000000 0.000000 1.000000 0.000000 0.000000
23.000000 207.488293 22.642948 -0.210120 0.743943 0.000000 0.000000 0.000000 1.000000 0.000000 0.000000
23.000000 207.493852 22.488787 -0.256217 0.789587 0.000000 0.000000 0.000000 1.000000 0.000000 0.000000
23.000000 207.494559 22.673913 -0.256610 0.787336 0.000000 0.000000 0.000000 1.000000 0.000000 0.000000
23.000000 207.498481 22.526292 -0.218226 0.799371 0.000000 0.000000 0.000000 1.000000 0.000000 0.000000
23.000000 207.503793 22.389091 -0.259589 0.856447 0.000000 0.000000 0.000000 1.000000 0.000000 0.000000
23.000000 207.504471 22.622182 -0.260916 0.866358 0.000000 0.000000 0.000000 1.000000 0.000000 0.000000
23.000000 207.508294 22.421374 -0.209059 0.890360 0.000000 0.000000 0.000000 1.000000 0.000000 0.000000
23.000000 207.511313 22.101090 -0.283242 0.947459 0.000000 0.000000 0.000000 1.000000 0.000000 0.000000
23.000000 207.513790 22.099714 -0.256089 0.975465 0.000000 0.000000 0.000000 1.000000 0.000000 0.000000
23.000000 207.514564 22.462857 -0.255285 0.937560 0.000000 0.000000 0.000000 1.000000 0.000000 0.000000
23.000000 207.518532 22.311722 -0.216209 0.950942 0.000000 0.000000 0.000000 1.000000 0.000000 0.000000
23.000000 207.521362 21.996395 -0.284807 1.008914 0.000000 0.000000 0.000000 1.000000 0.000000 0.000000
23.000000 207.523841 22.012723 -0.257129 1.052114 0.000000 0.000000 0.000000 1.000000 0.000000 0.000000
23.000000 207.524478 22.349679 -0.253882 1.020515 0.000000 0.000000 0.000000 1.000000 0.000000 0.000000
23.000000 207.528342 22.170425 -0.207051 1.048756 0.000000 0.000000 0.000000 1.000000 0.000000 0.000000
23.000000 207.531309 21.900331 -0.275993 1.096169 0.000000 0.000000 0.000000 1.000000 0.000000 0.000000
23.000000 207.533791 21.918603 -0.259036 1.126116 0.000000 0.000000 0.000000 1.000000 0.000000 0.000000
23.000000 207.534549 22.206860 -0.252359 1.098970 0.000000 0.000000 0.000000 1.000000 0.000000 0.000000
23.000000 207.538458 22.043895 -0.209599 1.118521 0.000000 0.000000 0.000000 1.000000 0.000000 0.000000
23.000000 207.541361 21.786828 -0.275568 1.161292 0.000000 0.000000 0.000000 1.000000 0.000000 0.000000
23.000000 207.543799 21.815432 -0.265421 1.193431 0.000000 0.000000 0.000000 1.000000 0.000000 0.000000
23.000000 207.544444 22.110030 -0.261599 1.167073 0.000000 0.000000 0.000000 1.000000 0.000000 0.000000
23.000000 207.548388 21.926946 -0.213243 1.195378 0.000000 0.000000 0.000000 1.000000 0.000000 0.000000
23.000000 207.551360 21.689528 -0.278029 1.234049 0.000000 0.000000 0.000000 1.000000 0.000000 0.000000
23.000000 207.553772 21.705516 -0.270106 1.254066 0.000000 0.000000 0.000000 1.000000 0.000000 0.000000
23.000000 207.554572 22.023020 -0.268687 1.232168 0.000000 0.000000 0.000000 1.000000 0.000000 0.000000
23.000000 207.558463 21.813601 -0.213262 1.268496 0.000000 0.000000 0.000000 1.000000 0.000000 0.000000
23.000000 207.561396 21.592189 -0.274084 1.300969 0.000000 0.000000 0.000000 1.000000 0.000000 0.000000
23.000000 207.563848 21.627518 -0.272556 1.328176 0.000000 0.000000 0.000000 1.000000 0.000000 0.000000
23.000000 207.564491 21.905427 -0.270151 1.303661 0.000000 0.000000 0.000000 1.000000 0.000000 0.000000
23.000000 207.568389 21.721684 -0.221429 1.318944 0.000000 0.000000 0.000000 1.000000 0.000000 0.000000
23.000000 207.571357 21.476079 -0.283942 1.352637 0.000000 0.000000 0.000000 1.000000 0.000000 0.000000
23.000000 207.573783 21.506772 -0.267305 1.389939 0.000000 0.000000 0.000000 1.000000 0.000000 0.000000
23.000000 207.574542 21.728618 -0.256960 1.378904 0.000000 0.000000 0.000000 1.000000 0.000000 0.000000
23.000000 207.578519 21.569386 -0.214400 1.402859 0.000000 0.000000 0.000000 1.000000 0.000000 0.000000
23.000000 207.581418 21.367325 -0.274407 1.428223 0.000000 0.000000 0.000000 1.000000 0.000000 0.000000
23.000000 207.583873 21.406786 -0.268314 1.456238 0.000000 0.000000 0.000000 1.000000 0.000000 0.000000
23.000000 207.584485 21.597373 -0.255525 1.449385 0.000000 0.000000 0.000000 1.000000 0.000000 0.000000
23.000000 207.588359 21.445514 -0.214753 1.470186 0.000000 0.000000 0.000000 1.000000 0.000000 0.000000
23.000000 207.591275 21.255944 -0.273649 1.489921 0.000000 0.000000 0.000000 1.000000 0.000000 0.000000
23.000000 207.593820 21.297301 -0.277188 1.510886 0.000000 0.000000 0.000000 1.000000 0.000000 0.000000
23.000000 207.594586 21.546325 -0.271629 1.498766 0.000000 0.000000 0.000000 1.000000 0.000000 0.000000
23.000000 207.598464 21.338780 -0.215643 1.532900 0.000000 0.000000 0.000000 1.000000 0.000000 0.000000
23.000000 207.601338 21.161053 -0.272573 1.550585 0.000000 0.000000 0.000000 1.000000 0.000000 0.000000
23.000000 207.603965 21.216322 -0.270996 1.580380 0.000000 0.000000 0.000000 1.000000 0.000000 0.000000
23.000000 207.604579 21.341202 -0.253951 1.583924 0.000000 0.000000 0.000000 1.000000 0.000000 0.000000
23.000000 207.608595 21.221073 -0.221437 1.599393 0.000000 0.000000 0.000000 1.000000 0.000000 0.000000
23.000000 207.611359 21.050062 -0.275928 1.614226 0.000000 0.000000 0.000000 1.000000 0.000000 0.000000
23.000000 207.613872 21.095184 -0.269490 1.641431 0.000000 0.000000 0.000000 1.000000 0.000000 0.000000
23.000000 207.614594 21.229407 -0.251504 1.646822 0.000000 0.000000 0.000000 1.000000 0.000000 0.000000
23.000000 207.618594 21.152536 -0.230791 1.653270 0.000000 0.000000 0.000000 1.000000 0.000000 0.000000
23.000000 207.621454 20.965097 -0.285733 1.670593 0.000000 0.000000 0.000000 1.000000 0.000000 0.000000
23.000000 207.623959 21.009010 -0.275742 1.703019 0.000000 0.000000 0.000000 1.000000 0.000000 0.000000
23.000000 207.624529 21.130815 -0.259152 1.708143 0.000000 0.000000 0.000000 1.000000 0.000000 0.000000
23.000000 207.628448 20.986964 -0.219862 1.726345 0.000000 0.000000 0.000000 1.000000 0.000000 0.000000
23.000000 207.631337 20.835746 -0.272467 1.732477 0.000000 0.000000 0.000000 1.000000 0.000000 0.000000
23.000000 207.633805 20.894462 -0.276597 1.755561 0.000000 0.000000 0.000000 1.000000 0.000000 0.000000
23.000000 207.634608 20.981728 -0.261392 1.769369 0.000000 0.000000 0.000000 1.000000 0.000000 0.000000
23.000000 207.638523 20.851844 -0.225811 1.790095 0.000000 0.000000 0.000000 1.000000 0.000000 0.000000
23.000000 207.641461 20.726020 -0.271762 1.789760 0.000000 0.000000 0.000000 1.000000 0.000000 0.000000
23.000000 207.643736 20.587115 -0.239873 1.775329 0.000000 0.000000 0.000000 1.000000 0.000000 0.000000
23.000000 207.643896 20.582761 -0.247757 1.828966 0.000000 0.000000 0.000000 1.000000 0.000000 0.000000
23.000000 207.644506 20.903139 -0.261058 1.814485 0.000000 0.000000 0.000000 1.000000 0.000000 0.000000
23.000000 207.648355 20.756684 -0.220428 1.836728 0.000000 0.000000 0.000000 1.000000 0.000000 0.000000
23.000000 207.651345 20.622108 -0.270825 1.847950 0.000000 0.000000 0.000000 1.000000 0.000000 0.000000
23.000000 207.653769 20.691500 -0.277898 1.870384 0.000000 0.000000 0.000000 1.000000 0.000000 0.000000
23.000000 207.654214 20.469740 -0.247290 1.886162 0.000000 0.000000 0.000000 1.000000 0.000000 0.000000
23.000000 207.654671 20.532585 -0.193665 1.905163 0.000000 0.000000 0.000000 1.000000 0.000000 0.000000
23.000000 207.658465 20.626116 -0.227745 1.903883 0.000000 0.000000 0.000000 1.000000 0.000000 0.000000
23.000000 207.661484 20.508545 -0.270692 1.899141 0.000000 0.000000 0.000000 1.000000 0.000000 0.000000
23.000000 207.663751 20.373935 -0.240180 1.888917 0.000000 0.000000 0.000000 1.000000 0.000000 0.000000
23.000000 207.663922 20.370227 -0.247121 1.941579 0.000000 0.000000 0.000000 1.000000 0.000000 0.000000
23.000000 207.664616 20.639205 -0.259517 1.946510 0.000000 0.000000 0.000000 1.000000 0.000000 0.000000
23.000000 207.668624 20.552917 -0.235814 1.953734 0.000000 0.000000 0.000000 1.000000 0.000000 0.000000
23.000000 207.671392 20.419823 -0.280597 1.949635 0.000000 0.000000 0.000000 1.000000 0.000000 0.000000
23.000000 207.673851 20.480862 -0.281431 1.975721 0.000000 0.000000 0.000000 1.000000 0.000000 0.000000
23.000000 207.674085 20.244003 -0.254351 1.995371 0.000000 0.000000 0.000000 1.000000 0.000000 0.000000
23.000000 207.674561 20.314213 -0.198789 2.020124 0.000000 0.000000 0.000000 1.000000 0.000000 0.000000
23.000000 207.678568 20.404925 -0.232486 2.020838 0.000000 0.000000 0.000000 1.000000 0.000000 0.000000
23.000000 207.681362 20.300926 -0.255966 2.056618 0.000000 0.000000 0.000000 1.000000 0.000000 0.000000
23.000000 207.681503 20.373384 -0.300803 2.063070 0.000000 0.000000 0.000000 1.000000 0.000000 0.000000
23.000000 207.683725 20.155078 -0.239655 1.998405 0.000000 0.000000 0.000000 1.000000 0.000000 0.000000
23.000000 207.683822 20.138592 -0.253215 2.050358 0.000000 0.000000 0.000000 1.000000 0.000000 0.000000
23.000000 207.684542 20.406907 -0.263621 2.051427 0.000000 0.000000 0.000000 1.000000 0.000000 0.000000
23.000000 207.688391 20.291707 -0.231342 2.071824 0.000000 0.000000 0.000000 1.000000 0.000000 0.000000
23.000000 207.691385 20.197480 -0.271870 2.062402 0.000000 0.000000 0.000000 1.000000 0.000000 0.000000
23.000000 207.691590 20.270509 -0.305114 2.116871 0.000000 0.000000 0.000000 1.000000 0.000000 0.000000
23.000000 207.693916 20.186890 -0.251430 2.124692 0.000000 0.000000 0.000000 1.000000 0.000000 0.000000
23.000000 207.694654 20.267560 -0.260578 2.101647 0.000000 0.000000 0.000000 1.000000 0.000000 0.000000
23.000000 207.698538 20.178981 -0.235584 2.113760 0.000000 0.000000 0.000000 1.000000 0.000000 0.000000
23.000000 207.701403 20.086525 -0.273206 2.108749 0.000000 0.000000 0.000000 1.000000 0.000000 0.000000
23.000000 207.703710 19.929639 -0.240720 2.098334 0.000000 0.000000 0.000000 1.000000 0.000000 0.000000
23.000000 207.704064 19.919093 -0.250842 2.152673 0.000000 0.000000 0.000000 1.000000 0.000000 0.000000
23.000000 207.704540 20.153688 -0.261608 2.163051 0.000000 0.000000 0.000000 1.000000 0.000000 0.000000
23.000000 207.708443 20.063906 -0.236400 2.177666 0.000000 0.000000 0.000000 1.000000 0.000000 0.000000
23.000000 207.711376 19.984294 -0.271949 2.159975 0.000000 0.000000 0.000000 1.000000 0.000000 0.000000
23.000000 207.711519 20.031922 -0.298079 2.212742 0.000000 0.000000 0.000000 1.000000 0.000000 0.000000
23.000000 207.713816 19.891992 -0.184951 2.222755 0.000000 0.000000 0.000000 1.000000 0.000000 0.000000
23.000000 207.713938 19.807916 -0.256726 2.204970 0.000000 0.000000 0.000000 1.000000 0.000000 0.000000
23.000000 207.714644 20.023259 -0.266257 2.214244 0.000000 0.000000 0.000000 1.000000 0.000000 0.000000
23.000000 207.718509 19.950895 -0.245892 2.224095 0.000000 0.000000 0.000000 1.000000 0.000000 0.000000
23.000000 207.721404 19.855248 -0.265116 2.266932 0.000000 0.000000 0.000000 1.000000 0.000000 0.000000
23.000000 207.721465 19.926782 -0.301595 2.265825 0.000000 0.000000 0.000000 1.000000 0.000000 0.000000
23.000000 207.723742 19.723500 -0.245828 2.202112 0.000000 0.000000 0.000000 1.000000 0.000000 0.000000
23.000000 207.723987 19.705886 -0.257553 2.257516 0.000000 0.000000 0.000000 1.000000 0.000000 0.000000
23.000000 207.724543 19.923199 -0.265928 2.266407 0.000000 0.000000 0.000000 1.000000 0.000000 0.000000
23.000000 207.728384 19.822948 -0.237430 2.285554 0.000000 0.000000 0.000000 1.000000 0.000000 0.000000
23.000000 207.731516 19.765929 -0.269801 2.261036 0.000000 0.000000 0.000000 1.000000 0.000000 0.000000
23.000000 207.731635 19.798236 -0.295664 2.305161 0.000000 0.000000 0.000000 1.000000 0.000000 0.000000
23.000000 207.733744 19.734522 -0.262901 2.328918 0.000000 0.000000 0.000000 1.000000 0.000000 0.000000
23.000000 207.733849 19.584803 -0.263143 2.308952 0.000000 0.000000 0.000000 1.000000 0.000000 0.000000
23.000000 207.734832 19.643792 -0.216075 2.315531 0.000000 0.000000 0.000000 1.000000 0.000000 0.000000
23.000000 207.738535 19.719422 -0.239995 2.317779 0.000000 0.000000 0.000000 1.000000 0.000000 0.000000
23.000000 207.741415 19.616266 -0.264156 2.370719 0.000000 0.000000 0.000000 1.000000 0.000000 0.000000
23.000000 207.741495 19.680243 -0.294100 2.355840 0.000000 0.000000 0.000000 1.000000 0.000000 0.000000
23.000000 207.743790 19.490453 -0.242461 2.294045 0.000000 0.000000 0.000000 1.000000 0.000000 0.000000
23.000000 207.743931 19.468919 -0.258433 2.353397 0.000000 0.000000 0.000000 1.000000 0.000000 0.000000
23.000000 207.744721 19.715579 -0.268468 2.362045 0.000000 0.000000 0.000000 1.000000 0.000000 0.000000
23.000000 207.748575 19.615176 -0.239658 2.378949 0.000000 0.000000 0.000000 1.000000 0.000000 0.000000
23.000000 207.751415 19.574287 -0.267657 2.349874 0.000000 0.000000 0.000000 1.000000 0.000000 0.000000
23.000000 207.751538 19.570185 -0.285713 2.391239 0.000000 0.000000 0.000000 1.000000 0.000000 0.000000
23.000000 207.753821 19.510299 -0.258969 2.422865 0.000000 0.000000 0.000000 1.000000 0.000000 0.000000
23.000000 207.753844 19.369375 -0.258240 2.396988 0.000000 0.000000 0.000000 1.000000 0.000000 0.000000
23.000000 207.754634 19.427777 -0.216331 2.417006 0.000000 0.000000 0.000000 1.000000 0.000000 0.000000
23.000000 207.758509 19.493065 -0.243350 2.424285 0.000000 0.000000 0.000000 1.000000 0.000000 0.000000
23.000000 207.761421 19.395711 -0.267341 2.457957 0.000000 0.000000 0.000000 1.000000 0.000000 0.000000
23.000000 207.761528 19.452318 -0.290800 2.431956 0.000000 0.000000 0.000000 1.000000 0.000000 0.000000
23.000000 207.763762 19.285999 -0.245894 2.383226 0.000000 0.000000 0.000000 1.000000 0.000000 0.000000
23.000000 207.763895 19.257415 -0.262404 2.446480 0.000000 0.000000 0.000000 1.000000 0.000000 0.000000
23.000000 207.764739 19.448470 -0.269442 2.455918 0.000000 0.000000 0.000000 1.000000 0.000000 0.000000
23.000000 207.768398 19.395624 -0.254353 2.461269 0.000000 0.000000 0.000000 1.000000 0.000000 0.000000
23.000000 207.771387 19.360271 -0.275518 2.432450 0.000000 0.000000 0.000000 1.000000 0.000000 0.000000
23.000000 207.771520 19.328990 -0.282059 2.477815 0.000000 0.000000 0.000000 1.000000 0.000000 0.000000
23.000000 207.773826 19.219105 -0.201891 2.503137 0.000000 0.000000 0.000000 1.000000 0.000000 0.000000
23.000000 207.773833 19.147199 -0.262180 2.485540 0.000000 0.000000 0.000000 1.000000 0.000000 0.000000
23.000000 207.774889 19.354792 -0.271973 2.499609 0.000000 0.000000 0.000000 1.000000 0.000000 0.000000
23.000000 207.778534 19.264924 -0.245830 2.515415 0.000000 0.000000 0.000000 1.000000 0.000000 0.000000
23.000000 207.781432 19.169222 -0.270072 2.550601 0.000000 0.000000 0.000000 1.000000 0.000000 0.000000
23.000000 207.781460 19.214028 -0.284234 2.520875 0.000000 0.000000 0.000000 1.000000 0.000000 0.000000
23.000000 207.783761 19.072812 -0.246262 2.475629 0.000000 0.000000 0.000000 1.000000 0.000000 0.000000
23.000000 207.783930 19.043117 -0.263513 2.534488 0.000000 0.000000 0.000000 1.000000 0.000000 0.000000
23.000000 207.784744 19.160471 -0.269084 2.542607 0.000000 0.000000 0.000000 1.000000 0.000000 0.000000
23.000000 207.788413 19.119246 -0.256937 2.557412 0.000000 0.000000 0.000000 1.000000 0.000000 0.000000
23.000000 207.791492 19.145549 -0.264982 2.525035 0.000000 0.000000 0.000000 1.000000 0.000000 0.000000
23.000000 207.791610 19.090858 -0.274131 2.558993 0.000000 0.000000 0.000000 1.000000 0.000000 0.000000
23.000000 207.793861 18.988483 -0.204103 2.597501 0.000000 0.000000 0.000000 1.000000 0.000000 0.000000
23.000000 207.793869 18.910619 -0.264516 2.576854 0.000000 0.000000 0.000000 1.000000 0.000000 0.000000
23.000000 207.794682 19.068439 -0.271538 2.587607 0.000000 0.000000 0.000000 1.000000 0.000000 0.000000
23.000000 207.798592 19.019405 -0.257159 2.599352 0.000000 0.000000 0.000000 1.000000 0.000000 0.000000
23.000000 207.801486 18.962724 -0.269495 2.629886 0.000000 0.000000 0.000000 1.000000 0.000000 0.000000
23.000000 207.801546 19.009921 -0.287709 2.600012 0.000000 0.000000 0.000000 1.000000 0.000000 0.000000
23.000000 207.803785 18.851022 -0.246761 2.555229 0.000000 0.000000 0.000000 1.000000 0.000000 0.000000
23.000000 207.803979 18.823597 -0.263425 2.614564 0.000000 0.000000 0.000000 1.000000 0.000000 0.000000
23.000000 207.804646 18.989929 -0.270273 2.630135 0.000000 0.000000 0.000000 1.000000 0.000000 0.000000
23.000000 207.808382 18.920824 -0.249993 2.646882 0.000000 0.000000 0.000000 1.000000 0.000000 0.000000
23.000000 207.811557 18.834111 -0.272362 2.679708 0.000000 0.000000 0.000000 1.000000 0.000000 0.000000
23.000000 207.811566 18.874893 -0.282831 2.642083 0.000000 0.000000 0.000000 1.000000 0.000000 0.000000
23.000000 207.813953 19.071061 -0.300542 2.615264 0.000000 0.000000 0.000000 1.000000 0.000000 0.000000
23.000000 207.814139 18.711470 -0.272010 2.652535 0.000000 0.000000 0.000000 1.000000 0.000000 0.000000
23.000000 207.814663 18.771878 -0.233324 2.674809 0.000000 0.000000 0.000000 1.000000 0.000000 0.000000
23.000000 207.818524 18.836384 -0.259039 2.682663 0.000000 0.000000 0.000000 1.000000 0.000000 0.000000
23.000000 207.821530 18.741271 -0.283963 2.717968 0.000000 0.000000 0.000000 1.000000 0.000000 0.000000
23.000000 207.821625 18.765529 -0.281109 2.679475 0.000000 0.000000 0.000000 1.000000 0.000000 0.000000
23.000000 207.823784 18.646692 -0.249243 2.637737 0.000000 0.000000 0.000000 1.000000 0.000000 0.000000
23.000000 207.823946 18.605112 -0.273727 2.697408 0.000000 0.000000 0.000000 1.000000 0.000000 0.000000
23.000000 207.824739 18.781082 -0.279862 2.707928 0.000000 0.000000 0.000000 1.000000 0.000000 0.000000
23.000000 207.828477 18.705032 -0.257230 2.722071 0.000000 0.000000 0.000000 1.000000 0.000000 0.000000
23.000000 207.831507 18.715031 -0.270347 2.679321 0.000000 0.000000 0.000000 1.000000 0.000000 0.000000
23.000000 207.831578 18.640355 -0.274895 2.712925 0.000000 0.000000 0.000000 1.000000 0.000000 0.000000
23.000000 207.833868 18.560873 -0.224812 2.755314 0.000000 0.000000 0.000000 1.000000 0.000000 0.000000
23.000000 207.833901 18.501532 -0.269895 2.731360 0.000000 0.000000 0.000000 1.000000 0.000000 0.000000
23.000000 207.834897 18.649126 -0.275493 2.745376 0.000000 0.000000 0.000000 1.000000 0.000000 0.000000
23.000000 207.838642 18.590684 -0.258090 2.762049 0.000000 0.000000 0.000000 1.000000 0.000000 0.000000
23.000000 207.841512 18.610029 -0.269125 2.717806 0.000000 0.000000 0.000000 1.000000 0.000000 0.000000
23.000000 207.841571 18.515009 -0.270228 2.745724 0.000000 0.000000 0.000000 1.000000 0.000000 0.000000
23.000000 207.843840 18.444774 -0.226779 2.784281 0.000000 0.000000 0.000000 1.000000 0.000000 0.000000
23.000000 207.843897 18.395054 -0.267634 2.760606 0.000000 0.000000 0.000000 1.000000 0.000000 0.000000
23.000000 207.844647 18.547760 -0.275128 2.784106 0.000000 0.000000 0.000000 1.000000 0.000000 0.000000
23.000000 207.848471 18.486409 -0.256891 2.803458 0.000000 0.000000 0.000000 1.000000 0.000000 0.000000
23.000000 207.851476 18.499687 -0.269939 2.756420 0.000000 0.000000 0.000000 1.000000 0.000000 0.000000
23.000000 207.851685 18.416256 -0.272984 2.780548 0.000000 0.000000 0.000000 1.000000 0.000000 0.000000
23.000000 207.853928 18.381766 -0.267876 2.825549 0.000000 0.000000 0.000000 1.000000 0.000000 0.000000
23.000000 207.853966 18.285803 -0.269307 2.797374 0.000000 0.000000 0.000000 1.000000 0.000000 0.000000
23.000000 207.854827 18.334797 -0.239492 2.819078 0.000000 0.000000 0.000000 1.000000 0.000000 0.000000
23.000000 207.858553 18.368192 -0.257032 2.835541 0.000000 0.000000 0.000000 1.000000 0.000000 0.000000
23.000000 207.861532 18.396253 -0.265778 2.785009 0.000000 0.000000 0.000000 1.000000 0.000000 0.000000
23.000000 207.861689 18.284366 -0.264594 2.812406 0.000000 0.000000 0.000000 1.000000 0.000000 0.000000
23.000000 207.863863 18.228177 -0.233876 2.861238 0.000000 0.000000 0.000000 1.000000 0.000000 0.000000
23.000000 207.863952 18.185135 -0.267076 2.837177 0.000000 0.000000 0.000000 1.000000 0.000000 0.000000
23.000000 207.864764 18.270540 -0.271627 2.857625 0.000000 0.000000 0.000000 1.000000 0.000000 0.000000
23.000000 207.868481 18.279449 -0.274703 2.872475 0.000000 0.000000 0.000000 1.000000 0.000000 0.000000
23.000000 207.871463 18.323386 -0.278002 2.823654 0.000000 0.000000 0.000000 1.000000 0.000000 0.000000
23.000000 207.871612 18.183591 -0.271097 2.847128 0.000000 0.000000 0.000000 1.000000 0.000000 0.000000
23.000000 207.873910 18.139686 -0.262177 2.897960 0.000000 0.000000 0.000000 1.000000 0.000000 0.000000
23.000000 207.873927 18.078916 -0.267761 2.871213 0.000000 0.000000 0.000000 1.000000 0.000000 0.000000
23.000000 207.874850 18.116020 -0.247437 2.892281 0.000000 0.000000 0.000000 1.000000 0.000000 0.000000
23.000000 207.878588 18.151532 -0.263792 2.901308 0.000000 0.000000 0.000000 1.000000 0.000000 0.000000
23.000000 207.881552 18.185274 -0.270236 2.848149 0.000000 0.000000 0.000000 1.000000 0.000000 0.000000
23.000000 207.881581 18.064841 -0.267917 2.879100 0.000000 0.000000 0.000000 1.000000 0.000000 0.000000
23.000000 207.883974 18.041326 -0.275389 2.934474 0.000000 0.000000 0.000000 1.000000 0.000000 0.000000
23.000000 207.884401 17.949161 -0.279280 2.902988 0.000000 0.000000 0.000000 1.000000 0.000000 0.000000
23.000000 207.884804 17.981518 -0.259933 2.917163 0.000000 0.000000 0.000000 1.000000 0.000000 0.000000
23.000000 207.888499 18.014508 -0.275136 2.936316 0.000000 0.000000 0.000000 1.000000 0.000000 0.000000
23.000000 207.891407 18.084701 -0.270821 2.885070 0.000000 0.000000 0.000000 1.000000 0.000000 0.000000
23.000000 207.891623 17.955460 -0.269019 2.909943 0.000000 0.000000 0.000000 1.000000 0.000000 0.000000
23.000000 207.893952 17.891019 -0.233741 2.961108 0.000000 0.000000 0.000000 1.000000 0.000000 0.000000
23.000000 207.893969 17.833788 -0.275456 2.934683 0.000000 0.000000 0.000000 1.000000 0.000000 0.000000
23.000000 207.894842 17.961974 -0.281053 2.952211 0.000000 0.000000 0.000000 1.000000 0.000000 0.000000
23.000000 207.898579 17.929234 -0.271165 2.964439 0.000000 0.000000 0.000000 1.000000 0.000000 0.000000
23.000000 207.901649 17.855185 -0.290975 2.997212 0.000000 0.000000 0.000000 1.000000 0.000000 0.000000
23.000000 207.901703 17.846659 -0.264003 2.940641 0.000000 0.000000 0.000000 1.000000 0.000000 0.000000
23.000000 207.903865 17.781641 -0.244310 2.898088 0.000000 0.000000 0.000000 1.000000 0.000000 0.000000
23.000000 207.903946 17.726471 -0.276789 2.960276 0.000000 0.000000 0.000000 1.000000 0.000000 0.000000
23.000000 207.904683 17.856159 -0.282952 2.979399 0.000000 0.000000 0.000000 1.000000 0.000000 0.000000
23.000000 207.908470 17.816915 -0.270957 2.993792 0.000000 0.000000 0.000000 1.000000 0.000000 0.000000
23.000000 207.911517 17.861789 -0.272834 2.941562 0.000000 0.000000 0.000000 1.000000 0.000000 0.000000
23.000000 207.911546 17.735468 -0.269520 2.972916 0.000000 0.000000 0.000000 1.000000 0.000000 0.000000
23.000000 207.913885 17.688750 -0.247211 3.025770 0.000000 0.000000 0.000000 1.000000 0.000000 0.000000
23.000000 207.913955 17.637753 -0.282072 2.993214 0.000000 0.000000 0.000000 1.000000 0.000000 0.000000
23.000000 207.914852 17.762128 -0.285482 3.010281 0.000000 0.000000 0.000000 1.000000 0.000000 0.000000
23.000000 207.918513 17.707145 -0.268581 3.030945 0.000000 0.000000 0.000000 1.000000 0.000000 0.000000
23.000000 207.921621 17.748985 -0.272993 2.974214 0.000000 0.000000 0.000000 1.000000 0.000000 0.000000
23.000000 207.921668 17.616788 -0.269678 2.998750 0.000000 0.000000 0.000000 1.000000 0.000000 0.000000
23.000000 207.923883 17.577121 -0.252474 3.054173 0.000000 0.000000 0.000000 1.000000 0.000000 0.000000
23.000000 207.924004 17.528937 -0.284812 3.025151 0.000000 0.000000 0.000000 1.000000 0.000000 0.000000
23.000000 207.924798 17.650647 -0.287875 3.036915 0.000000 0.000000 0.000000 1.000000 0.000000 0.000000
23.000000 207.928533 17.599429 -0.271944 3.055886 0.000000 0.000000 0.000000 1.000000 0.000000 0.000000
23.000000 207.931534 17.646416 -0.274252 3.002067 0.000000 0.000000 0.000000 1.000000 0.000000 0.000000
23.000000 207.931725 17.514765 -0.271013 3.026088 0.000000 0.000000 0.000000 1.000000 0.000000 0.000000
23.000000 207.933905 17.496509 -0.280639 3.080282 0.000000 0.000000 0.000000 1.000000 0.000000 0.000000
23.000000 207.933962 17.420131 -0.285729 3.049978 0.000000 0.000000 0.000000 1.000000 0.000000 0.000000
23.000000 207.934927 17.465982 -0.260535 3.069525 0.000000 0.000000 0.000000 1.000000 0.000000 0.000000
23.000000 207.938589 17.492065 -0.273635 3.082944 0.000000 0.000000 0.000000 1.000000 0.000000 0.000000
23.000000 207.941602 17.417216 -0.295764 3.111667 0.000000 0.000000 0.000000 1.000000 0.000000 0.000000
23.000000 207.941697 17.407217 -0.271696 3.053960 0.000000 0.000000 0.000000 1.000000 0.000000 0.000000
23.000000 207.943871 17.353306 -0.255614 3.018820 0.000000 0.000000 0.000000 1.000000 0.000000 0.000000
23.000000 207.943988 17.297404 -0.285304 3.074868 0.000000 0.000000 0.000000 1.000000 0.000000 0.000000
23.000000 207.944792 17.423658 -0.289106 3.093237 0.000000 0.000000 0.000000 1.000000 0.000000 0.000000
23.000000 207.948499 17.386543 -0.277664 3.111415 0.000000 0.000000 0.000000 1.000000 0.000000 0.000000
23.000000 207.951577 17.458995 -0.271258 3.047673 0.000000 0.000000 0.000000 1.000000 0.000000 0.000000
23.000000 207.951767 17.263408 -0.256102 3.064124 0.000000 0.000000 0.000000 1.000000 0.000000 0.000000
23.000000 207.954052 17.276533 -0.287547 3.123712 0.000000 0.000000 0.000000 1.000000 0.000000 0.000000
23.000000 207.954185 17.193827 -0.292434 3.093080 0.000000 0.000000 0.000000 1.000000 0.000000 0.000000
23.000000 207.954841 17.246235 -0.264764 3.117874 0.000000 0.000000 0.000000 1.000000 0.000000 0.000000
23.000000 207.958596 17.272053 -0.278923 3.136402 0.000000 0.000000 0.000000 1.000000 0.000000 0.000000
23.000000 207.961529 17.331107 -0.276251 3.077425 0.000000 0.000000 0.000000 1.000000 0.000000 0.000000
23.000000 207.961743 17.177435 -0.268946 3.100305 0.000000 0.000000 0.000000 1.000000 0.000000 0.000000
23.000000 207.963876 17.149382 -0.259518 3.153311 0.000000 0.000000 0.000000 1.000000 0.000000 0.000000
23.000000 207.964113 17.092421 -0.295833 3.118315 0.000000 0.000000 0.000000 1.000000 0.000000 0.000000
23.000000 207.964716 17.204549 -0.298811 3.136202 0.000000 0.000000 0.000000 1.000000 0.000000 0.000000
23.000000 207.968526 17.168634 -0.287636 3.154495 0.000000 0.000000 0.000000 1.000000 0.000000 0.000000
23.000000 207.971581 17.232261 -0.281115 3.097637 0.000000 0.000000 0.000000 1.000000 0.000000 0.000000
23.000000 207.971664 17.083299 -0.272895 3.124550 0.000000 0.000000 0.000000 1.000000 0.000000 0.000000
23.000000 207.973927 17.045487 -0.256749 3.177399 0.000000 0.000000 0.000000 1.000000 0.000000 0.000000
23.000000 207.973967 16.984494 -0.294590 3.143843 0.000000 0.000000 0.000000 1.000000 0.000000 0.000000
23.000000 207.974796 17.098636 -0.297324 3.160866 0.000000 0.000000 0.000000 1.000000 0.000000 0.000000
23.000000 207.978625 17.060843 -0.285453 3.182561 0.000000 0.000000 0.000000 1.000000 0.000000 0.000000
23.000000 207.981486 16.989718 -0.307349 3.209750 0.000000 0.000000 0.000000 1.000000 0.000000 0.000000
23.000000 207.981558 16.952266 -0.265828 3.143273 0.000000 0.000000 0.000000 1.000000 0.000000 0.000000
23.000000 207.983964 16.945270 -0.258980 3.111561 0.000000 0.000000 0.000000 1.000000 0.000000 0.000000
23.000000 207.983989 16.877221 -0.294337 3.167827 0.000000 0.000000 0.000000 1.000000 0.000000 0.000000
23.000000 207.984725 16.958454 -0.297260 3.189162 0.000000 0.000000 0.000000 1.000000 0.000000 0.000000
23.000000 207.988509 16.937301 -0.290796 3.205602 0.000000 0.000000 0.000000 1.000000 0.000000 0.000000
23.000000 207.991627 17.022169 -0.277418 3.141495 0.000000 0.000000 0.000000 1.000000 0.000000 0.000000
23.000000 207.991638 16.828766 -0.262100 3.161229 0.000000 0.000000 0.000000 1.000000 0.000000 0.000000
23.000000 207.993949 16.842149 -0.292533 3.216813 0.000000 0.000000 0.000000 1.000000 0.000000 0.000000
23.000000 207.994006 16.765498 -0.299239 3.186951 0.000000 0.000000 0.000000 1.000000 0.000000 0.000000
23.000000 207.994816 16.812398 -0.276246 3.211435 0.000000 0.000000 0.000000 1.000000 0.000000 0.000000
23.000000 207.998593 16.843926 -0.291363 3.225444 0.000000 0.000000 0.000000 1.000000 0.000000 0.000000
23.000000 208.001467 16.784011 -0.310884 3.241326 0.000000 0.000000 0.000000 1.000000 0.000000 0.000000
23.000000 208.001676 16.727096 -0.260414 3.173293 0.000000 0.000000 0.000000 1.000000 0.000000 0.000000
23.000000 208.003916 16.746789 -0.259937 3.152057 0.000000 0.000000 0.000000 1.000000 0.000000 0.000000
23.000000 208.004186 16.669101 -0.300224 3.206069 0.000000 0.000000 0.000000 1.000000 0.000000 0.000000
23.000000 208.004768 16.760494 -0.303089 3.225104 0.000000 0.000000 0.000000 1.000000 0.000000 0.000000
23.000000 208.008647 16.727462 -0.292602 3.241973 0.000000 0.000000 0.000000 1.000000 0.000000 0.000000
23.000000 208.011583 16.808998 -0.279016 3.180815 0.000000 0.000000 0.000000 1.000000 0.000000 0.000000
23.000000 208.011660 16.614021 -0.262076 3.196743 0.000000 0.000000 0.000000 1.000000 0.000000 0.000000
23.000000 208.014182 16.628445 -0.291117 3.246746 0.000000 0.000000 0.000000 1.000000 0.000000 0.000000
23.000000 208.014236 16.570542 -0.299340 3.221059 0.000000 0.000000 0.000000 1.000000 0.000000 0.000000
23.000000 208.014725 16.599188 -0.287723 3.244787 0.000000 0.000000 0.000000 1.000000 0.000000 0.000000
23.000000 208.018586 16.629740 -0.301681 3.259394 0.000000 0.000000 0.000000 1.000000 0.000000 0.000000
23.000000 208.021480 16.572829 -0.319966 3.281053 0.000000 0.000000 0.000000 1.000000 0.000000 0.000000
23.000000 208.021723 16.494185 -0.255936 3.211518 0.000000 0.000000 0.000000 1.000000 0.000000 0.000000
23.000000 208.024254 16.942033 -0.323155 3.184954 0.000000 0.000000 0.000000 1.000000 0.000000 0.000000
23.000000 208.024428 16.440998 -0.305387 3.235713 0.000000 0.000000 0.000000 1.000000 0.000000 0.000000
23.000000 208.024752 16.489183 -0.283854 3.264059 0.000000 0.000000 0.000000 1.000000 0.000000 0.000000
23.000000 208.028540 16.518130 -0.297511 3.277738 0.000000 0.000000 0.000000 1.000000 0.000000 0.000000
23.000000 208.031539 16.608849 -0.280065 3.218519 0.000000 0.000000 0.000000 1.000000 0.000000 0.000000
23.000000 208.031783 16.389038 -0.258227 3.226939 0.000000 0.000000 0.000000 1.000000 0.000000 0.000000
23.000000 208.033981 16.424185 -0.299468 3.272743 0.000000 0.000000 0.000000 1.000000 0.000000 0.000000
23.000000 208.034016 16.338183 -0.308197 3.249728 0.000000 0.000000 0.000000 1.000000 0.000000 0.000000
23.000000 208.034934 16.381781 -0.290120 3.281434 0.000000 0.000000 0.000000 1.000000 0.000000 0.000000
23.000000 208.038560 16.391054 -0.297928 3.298369 0.000000 0.000000 0.000000 1.000000 0.000000 0.000000
23.000000 208.041504 16.348964 -0.311797 3.309973 0.000000 0.000000 0.000000 1.000000 0.000000 0.000000
23.000000 208.041598 16.281693 -0.257612 3.239566 0.000000 0.000000 0.000000 1.000000 0.000000 0.000000
23.000000 208.043897 16.316146 -0.259967 3.220337 0.000000 0.000000 0.000000 1.000000 0.000000 0.000000
23.000000 208.044106 16.225942 -0.303966 3.266500 0.000000 0.000000 0.000000 1.000000 0.000000 0.000000
23.000000 208.044750 16.365267 -0.305700 3.285714 0.000000 0.000000 0.000000 1.000000 0.000000 0.000000
23.000000 208.048586 16.324441 -0.292600 3.309854 0.000000 0.000000 0.000000 1.000000 0.000000 0.000000
23.000000 208.051502 16.393336 -0.282578 3.246487 0.000000 0.000000 0.000000 1.000000 0.000000 0.000000
23.000000 208.051799 16.182474 -0.262655 3.258978 0.000000 0.000000 0.000000 1.000000 0.000000 0.000000
23.000000 208.053903 16.182871 -0.270007 3.310447 0.000000 0.000000 0.000000 1.000000 0.000000 0.000000
23.000000 208.053965 16.123807 -0.301424 3.272768 0.000000 0.000000 0.000000 1.000000 0.000000 0.000000
23.000000 208.054860 16.173551 -0.301261 3.299473 0.000000 0.000000 0.000000 1.000000 0.000000 0.000000
23.000000 208.058604 16.173796 -0.302054 3.325151 0.000000 0.000000 0.000000 1.000000 0.000000 0.000000
23.000000 208.061594 16.277922 -0.278215 3.258604 0.000000 0.000000 0.000000 1.000000 0.000000 0.000000
23.000000 208.061671 16.058625 -0.257061 3.271519 0.000000 0.000000 0.000000 1.000000 0.000000 0.000000
23.000000 208.063876 16.083945 -0.280467 3.329889 0.000000 0.000000 0.000000 1.000000 0.000000 0.000000
23.000000 208.064070 16.038391 -0.302001 3.290023 0.000000 0.000000 0.000000 1.000000 0.000000 0.000000
23.000000 208.064814 16.072647 -0.299463 3.307857 0.000000 0.000000 0.000000 1.000000 0.000000 0.000000
23.000000 208.068555 16.090264 -0.306084 3.332038 0.000000 0.000000 0.000000 1.000000 0.000000 0.000000
23.000000 208.071486 16.185982 -0.283893 3.272219 0.000000 0.000000 0.000000 1.000000 0.000000 0.000000
23.000000 208.071755 15.948734 -0.258320 3.286525 0.000000 0.000000 0.000000 1.000000 0.000000 0.000000
23.000000 208.073914 15.973354 -0.280741 3.342660 0.000000 0.000000 0.000000 1.000000 0.000000 0.000000
23.000000 208.074028 15.931032 -0.299862 3.300602 0.000000 0.000000 0.000000 1.000000 0.000000 0.000000
23.000000 208.074800 15.971235 -0.296939 3.316616 0.000000 0.000000 0.000000 1.000000 0.000000 0.000000
23.000000 208.078654 15.995038 -0.305680 3.342197 0.000000 0.000000 0.000000 1.000000 0.000000 0.000000
23.000000 208.081562 15.926584 -0.328716 3.363012 0.000000 0.000000 0.000000 1.000000 0.000000 0.000000
23.000000 208.081610 15.829850 -0.256399 3.295014 0.000000 0.000000 0.000000 1.000000 0.000000 0.000000
23.000000 208.084011 15.912792 -0.266837 3.276757 0.000000 0.000000 0.000000 1.000000 0.000000 0.000000
23.000000 208.084052 15.824847 -0.305371 3.315314 0.000000 0.000000 0.000000 1.000000 0.000000 0.000000
23.000000 208.084805 15.806715 -0.302203 3.332120 0.000000 0.000000 0.000000 1.000000 0.000000 0.000000
23.000000 208.088618 15.855084 -0.319390 3.349821 0.000000 0.000000 0.000000 1.000000 0.000000 0.000000
23.000000 208.091455 15.983481 -0.283459 3.289205 0.000000 0.000000 0.000000 1.000000 0.000000 0.000000
23.000000 208.091646 15.709164 -0.251634 3.305525 0.000000 0.000000 0.000000 1.000000 0.000000 0.000000
23.000000 208.093979 15.753023 -0.286001 3.366760 0.000000 0.000000 0.000000 1.000000 0.000000 0.000000
23.000000 208.094027 15.706037 -0.308443 3.329123 0.000000 0.000000 0.000000 1.000000 0.000000 0.000000
23.000000 208.094768 15.777872 -0.307048 3.340829 0.000000 0.000000 0.000000 1.000000 0.000000 0.000000
23.000000 208.098647 15.780216 -0.308369 3.357897 0.000000 0.000000 0.000000 1.000000 0.000000 0.000000
23.000000 208.101593 15.873191 -0.285410 3.299308 0.000000 0.000000 0.000000 1.000000 0.000000 0.000000
23.000000 208.101812 15.622400 -0.257424 3.318246 0.000000 0.000000 0.000000 1.000000 0.000000 0.000000
23.000000 208.103948 15.646023 -0.278307 3.368467 0.000000 0.000000 0.000000 1.000000 0.000000 0.000000
23.000000 208.104111 15.574963 -0.315842 3.329200 0.000000 0.000000 0.000000 1.000000 0.000000 0.000000
23.000000 208.104793 15.710346 -0.317718 3.341877 0.000000 0.000000 0.000000 1.000000 0.000000 0.000000
23.000000 208.108579 15.677923 -0.306861 3.361800 0.000000 0.000000 0.000000 1.000000 0.000000 0.000000
23.000000 208.111521 15.770990 -0.283850 3.306369 0.000000 0.000000 0.000000 1.000000 0.000000 0.000000
23.000000 208.111681 15.498664 -0.252495 3.323085 0.000000 0.000000 0.000000 1.000000 0.000000 0.000000
23.000000 208.113976 15.557086 -0.306837 3.368166 0.000000 0.000000 0.000000 1.000000 0.000000 0.000000
23.000000 208.114037 15.495924 -0.318713 3.345377 0.000000 0.000000 0.000000 1.000000 0.000000 0.000000
23.000000 208.114877 15.549652 -0.296021 3.369007 0.000000 0.000000 0.000000 1.000000 0.000000 0.000000
23.000000 208.118656 15.590812 -0.311718 3.368151 0.000000 0.000000 0.000000 1.000000 0.000000 0.000000
23.000000 208.121619 15.517186 -0.336790 3.394033 0.000000 0.000000 0.000000 1.000000 0.000000 0.000000
23.000000 208.121661 15.395447 -0.252152 3.332521 0.000000 0.000000 0.000000 1.000000 0.000000 0.000000
23.000000 208.124068 15.512424 -0.268706 3.319677 0.000000 0.000000 0.000000 1.000000 0.000000 0.000000
23.000000 208.124166 15.398256 -0.318972 3.352333 0.000000 0.000000 0.000000 1.000000 0.000000 0.000000
23.000000 208.124758 15.497732 -0.316624 3.355289 0.000000 0.000000 0.000000 1.000000 0.000000 0.000000
23.000000 208.128580 15.467060 -0.306256 3.377822 0.000000 0.000000 0.000000 1.000000 0.000000 0.000000
23.000000 208.131544 15.554137 -0.285437 3.323172 0.000000 0.000000 0.000000 1.000000 0.000000 0.000000
23.000000 208.131656 15.297947 -0.257683 3.339145 0.000000 0.000000 0.000000 1.000000 0.000000 0.000000
23.000000 208.134014 15.342274 -0.302091 3.383899 0.000000 0.000000 0.000000 1.000000 0.000000 0.000000
23.000000 208.134174 15.320770 -0.314005 3.360926 0.000000 0.000000 0.000000 1.000000 0.000000 0.000000
23.000000 208.134805 15.342374 -0.306749 3.374614 0.000000 0.000000 0.000000 1.000000 0.000000 0.000000
23.000000 208.138607 15.357242 -0.311820 3.376269 0.000000 0.000000 0.000000 1.000000 0.000000 0.000000
23.000000 208.141590 15.296738 -0.332297 3.407120 0.000000 0.000000 0.000000 1.000000 0.000000 0.000000
23.000000 208.141668 15.184306 -0.254824 3.344732 0.000000 0.000000 0.000000 1.000000 0.000000 0.000000
23.000000 208.144068 15.677629 -0.325457 3.314432 0.000000 0.000000 0.000000 1.000000 0.000000 0.000000
23.000000 208.144670 15.195213 -0.310325 3.361202 0.000000 0.000000 0.000000 1.000000 0.000000 0.000000
23.000000 208.144758 15.203973 -0.310321 3.382890 0.000000 0.000000 0.000000 1.000000 0.000000 0.000000
23.000000 208.148635 15.237177 -0.325177 3.391276 0.000000 0.000000 0.000000 1.000000 0.000000 0.000000
23.000000 208.151577 15.387892 -0.278664 3.329975 0.000000 0.000000 0.000000 1.000000 0.000000 0.000000
23.000000 208.151624 15.075854 -0.242622 3.347633 0.000000 0.000000 0.000000 1.000000 0.000000 0.000000
23.000000 208.153966 15.171104 -0.319481 3.394630 0.000000 0.000000 0.000000 1.000000 0.000000 0.000000
23.000000 208.154890 15.212230 -0.331026 3.373204 0.000000 0.000000 0.000000 1.000000 0.000000 0.000000
23.000000 208.154961 15.136050 -0.301543 3.390348 0.000000 0.000000 0.000000 1.000000 0.000000 0.000000
23.000000 208.158645 15.190520 -0.286946 3.387542 0.000000 0.000000 0.000000 1.000000 0.000000 0.000000
23.000000 208.161640 15.263844 -0.285514 3.343088 0.000000 0.000000 0.000000 1.000000 0.000000 0.000000
23.000000 208.161652 14.962896 -0.251071 3.352893 0.000000 0.000000 0.000000 1.000000 0.000000 0.000000
23.000000 208.164015 15.043529 -0.304274 3.414344 0.000000 0.000000 0.000000 1.000000 0.000000 0.000000
23.000000 208.164188 15.016512 -0.313617 3.375040 0.000000 0.000000 0.000000 1.000000 0.000000 0.000000
23.000000 208.164765 15.039903 -0.309960 3.382864 0.000000 0.000000 0.000000 1.000000 0.000000 0.000000
23.000000 208.168689 15.070516 -0.321256 3.404287 0.000000 0.000000 0.000000 1.000000 0.000000 0.000000
23.000000 208.171567 15.178645 -0.291540 3.348311 0.000000 0.000000 0.000000 1.000000 0.000000 0.000000
23.000000 208.171650 14.871942 -0.256212 3.355827 0.000000 0.000000 0.000000 1.000000 0.000000 0.000000
23.000000 208.173994 14.947883 -0.305805 3.412077 0.000000 0.000000 0.000000 1.000000 0.000000 0.000000
23.000000 208.174047 14.928261 -0.312133 3.372850 0.000000 0.000000 0.000000 1.000000 0.000000 0.000000
23.000000 208.174930 14.929124 -0.308867 3.388488 0.000000 0.000000 0.000000 1.000000 0.000000 0.000000
23.000000 208.178665 14.952797 -0.317818 3.412131 0.000000 0.000000 0.000000 1.000000 0.000000 0.000000
23.000000 208.181628 14.893255 -0.339810 3.426647 0.000000 0.000000 0.000000 1.000000 0.000000 0.000000
23.000000 208.181697 14.762977 -0.256006 3.357244 0.000000 0.000000 0.000000 1.000000 0.000000 0.000000
23.000000 208.184017 15.264962 -0.327665 3.326305 0.000000 0.000000 0.000000 1.000000 0.000000 0.000000
23.000000 208.184294 14.798439 -0.317133 3.380381 0.000000 0.000000 0.000000 1.000000 0.000000 0.000000
23.000000 208.184854 14.805887 -0.321087 3.412796 0.000000 0.000000 0.000000 1.000000 0.000000 0.000000
23.000000 208.188603 14.822761 -0.330413 3.418381 0.000000 0.000000 0.000000 1.000000 0.000000 0.000000
23.000000 208.191533 14.955867 -0.290459 3.350969 0.000000 0.000000 0.000000 1.000000 0.000000 0.000000
23.000000 208.191766 14.667066 -0.259265 3.357501 0.000000 0.000000 0.000000 1.000000 0.000000 0.000000
23.000000 208.194047 14.722713 -0.307405 3.400698 0.000000 0.000000 0.000000 1.000000 0.000000 0.000000
23.000000 208.194215 14.721946 -0.319705 3.380060 0.000000 0.000000 0.000000 1.000000 0.000000 0.000000
23.000000 208.195007 14.745672 -0.315030 3.410701 0.000000 0.000000 0.000000 1.000000 0.000000 0.000000
23.000000 208.198735 14.746562 -0.318236 3.419610 0.000000 0.000000 0.000000 1.000000 0.000000 0.000000
23.000000 208.201645 14.862562 -0.285426 3.355651 0.000000 0.000000 0.000000 1.000000 0.000000 0.000000
23.000000 208.201672 14.582996 -0.256327 3.361518 0.000000 0.000000 0.000000 1.000000 0.000000 0.000000
23.000000 208.204001 14.639526 -0.293516 3.410706 0.000000 0.000000 0.000000 1.000000 0.000000 0.000000
23.000000 208.204196 14.594218 -0.315352 3.375381 0.000000 0.000000 0.000000 1.000000 0.000000 0.000000
23.000000 208.204936 14.623780 -0.315488 3.398048 0.000000 0.000000 0.000000 1.000000 0.000000 0.000000
23.000000 208.208700 14.641504 -0.322341 3.420556 0.000000 0.000000 0.000000 1.000000 0.000000 0.000000
23.000000 208.211604 14.766074 -0.286117 3.356457 0.000000 0.000000 0.000000 1.000000 0.000000 0.000000
23.000000 208.211779 14.442446 -0.249741 3.352593 0.000000 0.000000 0.000000 1.000000 0.000000 0.000000
23.000000 208.214046 14.540193 -0.319504 3.396476 0.000000 0.000000 0.000000 1.000000 0.000000 0.000000
23.000000 208.214240 14.497861 -0.329690 3.378083 0.000000 0.000000 0.000000 1.000000 0.000000 0.000000
23.000000 208.214981 14.529304 -0.320642 3.406821 0.000000 0.000000 0.000000 1.000000 0.000000 0.000000
23.000000 208.218681 14.534367 -0.325484 3.421603 0.000000 0.000000 0.000000 1.000000 0.000000 0.000000
23.000000 208.221688 14.660556 -0.289591 3.356868 0.000000 0.000000 0.000000 1.000000 0.000000 0.000000
23.000000 208.221771 14.352912 -0.257546 3.351002 0.000000 0.000000 0.000000 1.000000 0.000000 0.000000
23.000000 208.223960 14.441447 -0.312064 3.409912 0.000000 0.000000 0.000000 1.000000 0.000000 0.000000
23.000000 208.224168 14.396280 -0.330510 3.378014 0.000000 0.000000 0.000000 1.000000 0.000000 0.000000
23.000000 208.224798 14.438158 -0.328377 3.393610 0.000000 0.000000 0.000000 1.000000 0.000000 0.000000
23.000000 208.228640 14.431591 -0.326255 3.424060 0.000000 0.000000 0.000000 1.000000 0.000000 0.000000
23.000000 208.231642 14.554519 -0.291762 3.358861 0.000000 0.000000 0.000000 1.000000 0.000000 0.000000
23.000000 208.231732 14.243922 -0.259808 3.350858 0.000000 0.000000 0.000000 1.000000 0.000000 0.000000
23.000000 208.234129 14.330311 -0.312459 3.406393 0.000000 0.000000 0.000000 1.000000 0.000000 0.000000
23.000000 208.234177 14.302434 -0.323551 3.376654 0.000000 0.000000 0.000000 1.000000 0.000000 0.000000
23.000000 208.234972 14.323440 -0.321760 3.386405 0.000000 0.000000 0.000000 1.000000 0.000000 0.000000
23.000000 208.238701 14.335286 -0.326162 3.413214 0.000000 0.000000 0.000000 1.000000 0.000000 0.000000
23.000000 208.241739 14.465479 -0.288699 3.354589 0.000000 0.000000 0.000000 1.000000 0.000000 0.000000
23.000000 208.241787 14.146610 -0.256126 3.346407 0.000000 0.000000 0.000000 1.000000 0.000000 0.000000
23.000000 208.243997 14.234417 -0.308913 3.394332 0.000000 0.000000 0.000000 1.000000 0.000000 0.000000
23.000000 208.244082 14.205039 -0.324503 3.366607 0.000000 0.000000 0.000000 1.000000 0.000000 0.000000
23.000000 208.245007 14.218165 -0.325925 3.385929 0.000000 0.000000 0.000000 1.000000 0.000000 0.000000
23.000000 208.248643 14.232490 -0.331300 3.407539 0.000000 0.000000 0.000000 1.000000 0.000000 0.000000
23.000000 208.251712 14.195896 -0.345563 3.422871 0.000000 0.000000 0.000000 1.000000 0.000000 0.000000
23.000000 208.251716 14.037172 -0.250875 3.343470 0.000000 0.000000 0.000000 1.000000 0.000000 0.000000
23.000000 208.254020 14.222105 -0.276483 3.327282 0.000000 0.000000 0.000000 1.000000 0.000000 0.000000
23.000000 208.254081 14.114955 -0.323539 3.365486 0.000000 0.000000 0.000000 1.000000 0.000000 0.000000
23.000000 208.254799 14.100998 -0.323039 3.385794 0.000000 0.000000 0.000000 1.000000 0.000000 0.000000
23.000000 208.258794 14.117668 -0.329399 3.409709 0.000000 0.000000 0.000000 1.000000 0.000000 0.000000
23.000000 208.261615 14.081825 -0.343467 3.422755 0.000000 0.000000 0.000000 1.000000 0.000000 0.000000
23.000000 208.261827 13.943235 -0.260505 3.345286 0.000000 0.000000 0.000000 1.000000 0.000000 0.000000
23.000000 208.264080 14.522731 -0.339198 3.317372 0.000000 0.000000 0.000000 1.000000 0.000000 0.000000
23.000000 208.264093 14.006688 -0.324137 3.366054 0.000000 0.000000 0.000000 1.000000 0.000000 0.000000
23.000000 208.264771 14.018965 -0.322557 3.385408 0.000000 0.000000 0.000000 1.000000 0.000000 0.000000
23.000000 208.268591 14.039869 -0.332908 3.396491 0.000000 0.000000 0.000000 1.000000 0.000000 0.000000
23.000000 208.271580 14.161214 -0.296705 3.335653 0.000000 0.000000 0.000000 1.000000 0.000000 0.000000
23.000000 208.271853 13.840641 -0.264453 3.340562 0.000000 0.000000 0.000000 1.000000 0.000000 0.000000
23.000000 208.274016 13.931015 -0.318638 3.395738 0.000000 0.000000 0.000000 1.000000 0.000000 0.000000
23.000000 208.274146 13.916614 -0.323592 3.359478 0.000000 0.000000 0.000000 1.000000 0.000000 0.000000
23.000000 208.274831 13.914911 -0.321761 3.372176 0.000000 0.000000 0.000000 1.000000 0.000000 0.000000
23.000000 208.278706 13.921631 -0.324344 3.395398 0.000000 0.000000 0.000000 1.000000 0.000000 0.000000
23.000000 208.281734 14.037291 -0.292409 3.332249 0.000000 0.000000 0.000000 1.000000 0.000000 0.000000
23.000000 208.281785 13.762634 -0.269830 3.334557 0.000000 0.000000 0.000000 1.000000 0.000000 0.000000
23.000000 208.284059 13.832390 -0.312927 3.390373 0.000000 0.000000 0.000000 1.000000 0.000000 0.000000
23.000000 208.284137 13.800926 -0.325624 3.353922 0.000000 0.000000 0.000000 1.000000 0.000000 0.000000
23.000000 208.284856 13.793087 -0.323657 3.364922 0.000000 0.000000 0.000000 1.000000 0.000000 0.000000
23.000000 208.288665 13.810754 -0.330434 3.383688 0.000000 0.000000 0.000000 1.000000 0.000000 0.000000
23.000000 208.291686 13.935844 -0.293327 3.321150 0.000000 0.000000 0.000000 1.000000 0.000000 0.000000
23.000000 208.291722 13.668368 -0.271366 3.326152 0.000000 0.000000 0.000000 1.000000 0.000000 0.000000
23.000000 208.293995 13.726180 -0.307500 3.376161 0.000000 0.000000 0.000000 1.000000 0.000000 0.000000
23.000000 208.294045 13.677471 -0.329336 3.338035 0.000000 0.000000 0.000000 1.000000 0.000000 0.000000
23.000000 208.294848 13.736799 -0.329714 3.351981 0.000000 0.000000 0.000000 1.000000 0.000000 0.000000
23.000000 208.298768 13.725392 -0.325345 3.378316 0.000000 0.000000 0.000000 1.000000 0.000000 0.000000
23.000000 208.301747 13.684363 -0.343636 3.382900 0.000000 0.000000 0.000000 1.000000 0.000000 0.000000
23.000000 208.301784 13.512713 -0.247461 3.297656 0.000000 0.000000 0.000000 1.000000 0.000000 0.000000
23.000000 208.304204 14.207568 -0.346357 3.279276 0.000000 0.000000 0.000000 1.000000 0.000000 0.000000
23.000000 208.304383 13.586521 -0.331167 3.327807 0.000000 0.000000 0.000000 1.000000 0.000000 0.000000
23.000000 208.304943 13.618419 -0.319956 3.347459 0.000000 0.000000 0.000000 1.000000 0.000000 0.000000
23.000000 208.308649 13.632511 -0.328742 3.362744 0.000000 0.000000 0.000000 1.000000 0.000000 0.000000
23.000000 208.311672 13.744264 -0.296057 3.301119 0.000000 0.000000 0.000000 1.000000 0.000000 0.000000
23.000000 208.312016 13.429500 -0.266260 3.302640 0.000000 0.000000 0.000000 1.000000 0.000000 0.000000
23.000000 208.314003 13.503491 -0.322176 3.347492 0.000000 0.000000 0.000000 1.000000 0.000000 0.000000
23.000000 208.314134 13.506442 -0.333572 3.319625 0.000000 0.000000 0.000000 1.000000 0.000000 0.000000
23.000000 208.315024 13.524078 -0.330591 3.341819 0.000000 0.000000 0.000000 1.000000 0.000000 0.000000
23.000000 208.318724 13.535000 -0.337727 3.351100 0.000000 0.000000 0.000000 1.000000 0.000000 0.000000
23.000000 208.321716 13.661521 -0.297722 3.286937 0.000000 0.000000 0.000000 1.000000 0.000000 0.000000
23.000000 208.321776 13.350016 -0.268217 3.291180 0.000000 0.000000 0.000000 1.000000 0.000000 0.000000
23.000000 208.324037 13.415776 -0.319265 3.337472 0.000000 0.000000 0.000000 1.000000 0.000000 0.000000
23.000000 208.324120 13.413900 -0.330337 3.311952 0.000000 0.000000 0.000000 1.000000 0.000000 0.000000
23.000000 208.324823 13.430538 -0.326960 3.328898 0.000000 0.000000 0.000000 1.000000 0.000000 0.000000
23.000000 208.328629 13.437612 -0.331735 3.326639 0.000000 0.000000 0.000000 1.000000 0.000000 0.000000
23.000000 208.331585 13.549125 -0.295585 3.264589 0.000000 0.000000 0.000000 1.000000 0.000000 0.000000
23.000000 208.331725 13.213455 -0.260474 3.273523 0.000000 0.000000 0.000000 1.000000 0.000000 0.000000
23.000000 208.334072 13.281277 -0.311702 3.320787 0.000000 0.000000 0.000000 1.000000 0.000000 0.000000
23.000000 208.334079 13.333751 -0.324138 3.295944 0.000000 0.000000 0.000000 1.000000 0.000000 0.000000
23.000000 208.334973 13.316980 -0.337748 3.318409 0.000000 0.000000 0.000000 1.000000 0.000000 0.000000
23.000000 208.338740 13.330052 -0.346148 3.315668 0.000000 0.000000 0.000000 1.000000 0.000000 0.000000
23.000000 208.341586 13.291180 -0.359481 3.324274 0.000000 0.000000 0.000000 1.000000 0.000000 0.000000
23.000000 208.341784 13.137256 -0.270891 3.264926 0.000000 0.000000 0.000000 1.000000 0.000000 0.000000
23.000000 208.344049 13.666505 -0.339394 3.236915 0.000000 0.000000 0.000000 1.000000 0.000000 0.000000
23.000000 208.344164 13.208885 -0.325505 3.278215 0.000000 0.000000 0.000000 1.000000 0.000000 0.000000
23.000000 208.344920 13.209675 -0.329112 3.297304 0.000000 0.000000 0.000000 1.000000 0.000000 0.000000
23.000000 208.348857 13.244865 -0.346734 3.305740 0.000000 0.000000 0.000000 1.000000 0.000000 0.000000
23.000000 208.351642 13.380130 -0.300304 3.244291 0.000000 0.000000 0.000000 1.000000 0.000000 0.000000
23.000000 208.351719 13.029042 -0.263563 3.245316 0.000000 0.000000 0.000000 1.000000 0.000000 0.000000
23.000000 208.353991 13.115872 -0.323739 3.289287 0.000000 0.000000 0.000000 1.000000 0.000000 0.000000
23.000000 208.354032 13.091497 -0.335560 3.270712 0.000000 0.000000 0.000000 1.000000 0.000000 0.000000
23.000000 208.355022 13.120641 -0.328051 3.291173 0.000000 0.000000 0.000000 1.000000 0.000000 0.000000
23.000000 208.358811 13.135334 -0.335792 3.288447 0.000000 0.000000 0.000000 1.000000 0.000000 0.000000
23.000000 208.361683 13.084999 -0.355277 3.299537 0.000000 0.000000 0.000000 1.000000 0.000000 0.000000
23.000000 208.361755 12.915642 -0.259883 3.229796 0.000000 0.000000 0.000000 1.000000 0.000000 0.000000
23.000000 208.364127 13.527981 -0.344769 3.199547 0.000000 0.000000 0.000000 1.000000 0.000000 0.000000
23.000000 208.364419 13.028619 -0.337213 3.247502 0.000000 0.000000 0.000000 1.000000 0.000000 0.000000
23.000000 208.364849 13.036354 -0.338847 3.266028 0.000000 0.000000 0.000000 1.000000 0.000000 0.000000
23.000000 208.368853 13.068938 -0.353557 3.281627 0.000000 0.000000 0.000000 1.000000 0.000000 0.000000
23.000000 208.371691 13.024687 -0.372953 3.296887 0.000000 0.000000 0.000000 1.000000 0.000000 0.000000
23.000000 208.371713 12.812367 -0.258802 3.210734 0.000000 0.000000 0.000000 1.000000 0.000000 0.000000
23.000000 208.374213 13.039208 -0.288130 3.203031 0.000000 0.000000 0.000000 1.000000 0.000000 0.000000
23.000000 208.374278 12.924767 -0.331741 3.235678 0.000000 0.000000 0.000000 1.000000 0.000000 0.000000
23.000000 208.374872 12.909091 -0.328428 3.247439 0.000000 0.000000 0.000000 1.000000 0.000000 0.000000
23.000000 208.378937 12.938991 -0.340313 3.267054 0.000000 0.000000 0.000000 1.000000 0.000000 0.000000
23.000000 208.381688 12.894057 -0.360010 3.275826 0.000000 0.000000 0.000000 1.000000 0.000000 0.000000
23.000000 208.381820 12.718266 -0.265874 3.199817 0.000000 0.000000 0.000000 1.000000 0.000000 0.000000
23.000000 208.384092 12.927564 -0.293266 3.191834 0.000000 0.000000 0.000000 1.000000 0.000000 0.000000
23.000000 208.384191 12.808342 -0.338941 3.217478 0.000000 0.000000 0.000000 1.000000 0.000000 0.000000
23.000000 208.384915 12.830340 -0.336086 3.224887 0.000000 0.000000 0.000000 1.000000 0.000000 0.000000
23.000000 208.388798 12.849234 -0.343634 3.242677 0.000000 0.000000 0.000000 1.000000 0.000000 0.000000
23.000000 208.391690 12.802608 -0.363351 3.254648 0.000000 0.000000 0.000000 1.000000 0.000000 0.000000
23.000000 208.391712 12.620567 -0.265055 3.177807 0.000000 0.000000 0.000000 1.000000 0.000000 0.000000
23.000000 208.394072 13.208177 -0.344677 3.149419 0.000000 0.000000 0.000000 1.000000 0.000000 0.000000
23.000000 208.394285 12.721206 -0.337270 3.198219 0.000000 0.000000 0.000000 1.000000 0.000000 0.000000
23.000000 208.394913 12.716705 -0.344485 3.215885 0.000000 0.000000 0.000000 1.000000 0.000000 0.000000
23.000000 208.398956 12.719121 -0.347420 3.229639 0.000000 0.000000 0.000000 1.000000 0.000000 0.000000
23.000000 208.401691 12.709293 -0.352450 3.232021 0.000000 0.000000 0.000000 1.000000 0.000000 0.000000
23.000000 208.401847 12.562884 -0.275740 3.158171 0.000000 0.000000 0.000000 1.000000 0.000000 0.000000
23.000000 208.404081 13.072266 -0.345489 3.134588 0.000000 0.000000 0.000000 1.000000 0.000000 0.000000
23.000000 208.404200 12.618362 -0.339384 3.180194 0.000000 0.000000 0.000000 1.000000 0.000000 0.000000
23.000000 208.404888 12.631081 -0.339071 3.198467 0.000000 0.000000 0.000000 1.000000 0.000000 0.000000
23.000000 208.408826 12.635365 -0.342712 3.211527 0.000000 0.000000 0.000000 1.000000 0.000000 0.000000
23.000000 208.411685 12.765322 -0.300870 3.150200 0.000000 0.000000 0.000000 1.000000 0.000000 0.000000
23.000000 208.411729 12.411692 -0.269522 3.138311 0.000000 0.000000 0.000000 1.000000 0.000000 0.000000
23.000000 208.414004 12.547356 -0.340698 3.191936 0.000000 0.000000 0.000000 1.000000 0.000000 0.000000
23.000000 208.414072 12.549619 -0.335553 3.157396 0.000000 0.000000 0.000000 1.000000 0.000000 0.000000
23.000000 208.414871 12.515373 -0.331102 3.166345 0.000000 0.000000 0.000000 1.000000 0.000000 0.000000
23.000000 208.418878 12.560657 -0.349532 3.179535 0.000000 0.000000 0.000000 1.000000 0.000000 0.000000
23.000000 208.421755 12.518266 -0.367347 3.192342 0.000000 0.000000 0.000000 1.000000 0.000000 0.000000
23.000000 208.421842 12.344358 -0.275271 3.123369 0.000000 0.000000 0.000000 1.000000 0.000000 0.000000
23.000000 208.424113 12.818238 -0.337997 3.093446 0.000000 0.000000 0.000000 1.000000 0.000000 0.000000
23.000000 208.424495 12.445686 -0.334865 3.138656 0.000000 0.000000 0.000000 1.000000 0.000000 0.000000
23.000000 208.424956 12.443286 -0.342322 3.156496 0.000000 0.000000 0.000000 1.000000 0.000000 0.000000
23.000000 208.428759 12.448633 -0.345603 3.164995 0.000000 0.000000 0.000000 1.000000 0.000000 0.000000
23.000000 208.431740 12.404565 -0.365520 3.175628 0.000000 0.000000 0.000000 1.000000 0.000000 0.000000
23.000000 208.431753 12.216879 -0.268246 3.098388 0.000000 0.000000 0.000000 1.000000 0.000000 0.000000
23.000000 208.434060 12.774345 -0.348720 3.069677 0.000000 0.000000 0.000000 1.000000 0.000000 0.000000
23.000000 208.434216 12.330866 -0.348378 3.112979 0.000000 0.000000 0.000000 1.000000 0.000000 0.000000
23.000000 208.434880 12.330936 -0.352714 3.124994 0.000000 0.000000 0.000000 1.000000 0.000000 0.000000
23.000000 208.438975 12.330641 -0.353135 3.136404 0.000000 0.000000 0.000000 1.000000 0.000000 0.000000
23.000000 208.441702 12.306620 -0.364037 3.148796 0.000000 0.000000 0.000000 1.000000 0.000000 0.000000
23.000000 208.441867 12.139045 -0.277600 3.075680 0.000000 0.000000 0.000000 1.000000 0.000000 0.000000
23.000000 208.444016 12.298336 -0.296984 3.065327 0.000000 0.000000 0.000000 1.000000 0.000000 0.000000
23.000000 208.444061 12.171857 -0.345842 3.091434 0.000000 0.000000 0.000000 1.000000 0.000000 0.000000
23.000000 208.445018 12.242731 -0.345471 3.097689 0.000000 0.000000 0.000000 1.000000 0.000000 0.000000
23.000000 208.448865 12.250661 -0.348580 3.115257 0.000000 0.000000 0.000000 1.000000 0.000000 0.000000
23.000000 208.451683 12.386468 -0.300962 3.056225 0.000000 0.000000 0.000000 1.000000 0.000000 0.000000
23.000000 208.451779 12.007546 -0.264961 3.040810 0.000000 0.000000 0.000000 1.000000 0.000000 0.000000
23.000000 208.454045 12.138007 -0.331417 3.091527 0.000000 0.000000 0.000000 1.000000 0.000000 0.000000
23.000000 208.454127 12.106856 -0.342221 3.063931 0.000000 0.000000 0.000000 1.000000 0.000000 0.000000
23.000000 208.455034 12.089921 -0.339897 3.073468 0.000000 0.000000 0.000000 1.000000 0.000000 0.000000
23.000000 208.458781 12.132113 -0.357053 3.092348 0.000000 0.000000 0.000000 1.000000 0.000000 0.000000
23.000000 208.461698 12.109754 -0.368050 3.102783 0.000000 0.000000 0.000000 1.000000 0.000000 0.000000
23.000000 208.461900 11.930654 -0.277923 3.026311 0.000000 0.000000 0.000000 1.000000 0.000000 0.000000
23.000000 208.464151 12.398957 -0.343569 2.997803 0.000000 0.000000 0.000000 1.000000 0.000000 0.000000
23.000000 208.464158 12.054711 -0.346155 3.040405 0.000000 0.000000 0.000000 1.000000 0.000000 0.000000
23.000000 208.464939 12.056997 -0.352059 3.057410 0.000000 0.000000 0.000000 1.000000 0.000000 0.000000
23.000000 208.468877 12.059664 -0.354091 3.058780 0.000000 0.000000 0.000000 1.000000 0.000000 0.000000
23.000000 208.471709 12.023645 -0.369492 3.068400 0.000000 0.000000 0.000000 1.000000 0.000000 0.000000
23.000000 208.471849 11.846737 -0.278768 2.999747 0.000000 0.000000 0.000000 1.000000 0.000000 0.000000
23.000000 208.474190 12.321594 -0.346088 2.970511 0.000000 0.000000 0.000000 1.000000 0.000000 0.000000
23.000000 208.474348 11.943910 -0.348390 3.014060 0.000000 0.000000 0.000000 1.000000 0.000000 0.000000
23.000000 208.474936 11.953297 -0.350734 3.030364 0.000000 0.000000 0.000000 1.000000 0.000000 0.000000
23.000000 208.478973 11.951561 -0.350874 3.038285 0.000000 0.000000 0.000000 1.000000 0.000000 0.000000
23.000000 208.481672 11.915682 -0.367795 3.046670 0.000000 0.000000 0.000000 1.000000 0.000000 0.000000
23.000000 208.481718 11.746761 -0.282717 2.971997 0.000000 0.000000 0.000000 1.000000 0.000000 0.000000
23.000000 208.484223 11.966541 -0.309865 2.966012 0.000000 0.000000 0.000000 1.000000 0.000000 0.000000
23.000000 208.484314 11.857890 -0.348720 2.987979 0.000000 0.000000 0.000000 1.000000 0.000000 0.000000
23.000000 208.484838 11.817640 -0.344562 2.994972 0.000000 0.000000 0.000000 1.000000 0.000000 0.000000
23.000000 208.488702 11.845068 -0.355816 3.009572 0.000000 0.000000 0.000000 1.000000 0.000000 0.000000
23.000000 208.491646 11.985561 -0.304629 2.956387 0.000000 0.000000 0.000000 1.000000 0.000000 0.000000
23.000000 208.491739 11.610512 -0.270494 2.940943 0.000000 0.000000 0.000000 1.000000 0.000000 0.000000
23.000000 208.494035 11.754181 -0.341260 2.984257 0.000000 0.000000 0.000000 1.000000 0.000000 0.000000
23.000000 208.494233 11.728824 -0.349634 2.949650 0.000000 0.000000 0.000000 1.000000 0.000000 0.000000
23.000000 208.495033 11.699219 -0.347342 2.969774 0.000000 0.000000 0.000000 1.000000 0.000000 0.000000
23.000000 208.498717 11.738799 -0.364007 2.988015 0.000000 0.000000 0.000000 1.000000 0.000000 0.000000
23.000000 208.501687 11.738284 -0.365628 2.981593 0.000000 0.000000 0.000000 1.000000 0.000000 0.000000
23.000000 208.501957 11.566369 -0.283009 2.909570 0.000000 0.000000 0.000000 1.000000 0.000000 0.000000
23.000000 208.504071 11.742919 -0.305063 2.907522 0.000000 0.000000 0.000000 1.000000 0.000000 0.000000
23.000000 208.504126 11.619111 -0.351030 2.926692 0.000000 0.000000 0.000000 1.000000 0.000000 0.000000
23.000000 208.504951 11.634935 -0.349251 2.938405 0.000000 0.000000 0.000000 1.000000 0.000000 0.000000
23.000000 208.508658 11.658808 -0.359223 2.954974 0.000000 0.000000 0.000000 1.000000 0.000000 0.000000
23.000000 208.511655 11.796798 -0.306877 2.900793 0.000000 0.000000 0.000000 1.000000 0.000000 0.000000
23.000000 208.511773 11.419949 -0.271438 2.886038 0.000000 0.000000 0.000000 1.000000 0.000000 0.000000
23.000000 208.514048 11.590025 -0.353669 2.934053 0.000000 0.000000 0.000000 1.000000 0.000000 0.000000
23.000000 208.514225 11.587130 -0.347749 2.897203 0.000000 0.000000 0.000000 1.000000 0.000000 0.000000
23.000000 208.515128 11.495409 -0.339660 2.910694 0.000000 0.000000 0.000000 1.000000 0.000000 0.000000
23.000000 208.518773 11.554923 -0.365148 2.923369 0.000000 0.000000 0.000000 1.000000 0.000000 0.000000
23.000000 208.521702 11.537654 -0.373508 2.925692 0.000000 0.000000 0.000000 1.000000 0.000000 0.000000
23.000000 208.521845 11.340343 -0.278057 2.853565 0.000000 0.000000 0.000000 1.000000 0.000000 0.000000
23.000000 208.524071 11.602089 -0.310948 2.855394 0.000000 0.000000 0.000000 1.000000 0.000000 0.000000
23.000000 208.524210 11.476727 -0.353039 2.866730 0.000000 0.000000 0.000000 1.000000 0.000000 0.000000
23.000000 208.524942 11.409214 -0.346021 2.880262 0.000000 0.000000 0.000000 1.000000 0.000000 0.000000
23.000000 208.528707 11.457737 -0.366764 2.895905 0.000000 0.000000 0.000000 1.000000 0.000000 0.000000
23.000000 208.531675 11.599547 -0.313281 2.839296 0.000000 0.000000 0.000000 1.000000 0.000000 0.000000
23.000000 208.531790 11.253402 -0.284123 2.823974 0.000000 0.000000 0.000000 1.000000 0.000000 0.000000
23.000000 208.534083 11.391106 -0.350724 2.870511 0.000000 0.000000 0.000000 1.000000 0.000000 0.000000
23.000000 208.534166 11.362301 -0.357681 2.837319 0.000000 0.000000 0.000000 1.000000 0.000000 0.000000
23.000000 208.534951 11.338077 -0.352972 2.842773 0.000000 0.000000 0.000000 1.000000 0.000000 0.000000
23.000000 208.538792 11.371295 -0.366964 2.857264 0.000000 0.000000 0.000000 1.000000 0.000000 0.000000
23.000000 208.541728 11.345298 -0.380632 2.863528 0.000000 0.000000 0.000000 1.000000 0.000000 0.000000
23.000000 208.541806 11.112445 -0.270269 2.782143 0.000000 0.000000 0.000000 1.000000 0.000000 0.000000
23.000000 208.544117 11.377096 -0.302852 2.779843 0.000000 0.000000 0.000000 1.000000 0.000000 0.000000
23.000000 208.544259 11.234722 -0.357091 2.798310 0.000000 0.000000 0.000000 1.000000 0.000000 0.000000
23.000000 208.544910 11.276979 -0.357488 2.808488 0.000000 0.000000 0.000000 1.000000 0.000000 0.000000
23.000000 208.548728 11.286314 -0.361217 2.824298 0.000000 0.000000 0.000000 1.000000 0.000000 0.000000
23.000000 208.551682 11.403552 -0.317992 2.772754 0.000000 0.000000 0.000000 1.000000 0.000000 0.000000
23.000000 208.551798 11.066979 -0.289371 2.757328 0.000000 0.000000 0.000000 1.000000 0.000000 0.000000
23.000000 208.554127 11.185590 -0.345724 2.790719 0.000000 0.000000 0.000000 1.000000 0.000000 0.000000
23.000000 208.554240 11.181546 -0.346684 2.758919 0.000000 0.000000 0.000000 1.000000 0.000000 0.000000
23.000000 208.555010 11.128850 -0.345013 2.780661 0.000000 0.000000 0.000000 1.000000 0.000000 0.000000
23.000000 208.558817 11.180053 -0.367214 2.794487 0.000000 0.000000 0.000000 1.000000 0.000000 0.000000
23.000000 208.561711 11.154913 -0.380776 2.795251 0.000000 0.000000 0.000000 1.000000 0.000000 0.000000
23.000000 208.561761 10.948567 -0.284505 2.719387 0.000000 0.000000 0.000000 1.000000 0.000000 0.000000
23.000000 208.564108 11.209412 -0.316543 2.726317 0.000000 0.000000 0.000000 1.000000 0.000000 0.000000
23.000000 208.564216 11.067453 -0.365305 2.739945 0.000000 0.000000 0.000000 1.000000 0.000000 0.000000
23.000000 208.564941 11.087365 -0.361028 2.742816 0.000000 0.000000 0.000000 1.000000 0.000000 0.000000
23.000000 208.568663 11.112488 -0.372470 2.744084 0.000000 0.000000 0.000000 1.000000 0.000000 0.000000
23.000000 208.571755 11.074650 -0.388585 2.747597 0.000000 0.000000 0.000000 1.000000 0.000000 0.000000
23.000000 208.571953 10.844169 -0.278613 2.683780 0.000000 0.000000 0.000000 1.000000 0.000000 0.000000
23.000000 208.574074 11.126969 -0.313563 2.690538 0.000000 0.000000 0.000000 1.000000 0.000000 0.000000
23.000000 208.574288 10.992648 -0.357267 2.697746 0.000000 0.000000 0.000000 1.000000 0.000000 0.000000
23.000000 208.575087 10.973982 -0.350443 2.703280 0.000000 0.000000 0.000000 1.000000 0.000000 0.000000
23.000000 208.578897 11.007989 -0.364988 2.719885 0.000000 0.000000 0.000000 1.000000 0.000000 0.000000
23.000000 208.581713 10.968064 -0.386323 2.725067 0.000000 0.000000 0.000000 1.000000 0.000000 0.000000
23.000000 208.581882 10.737593 -0.279615 2.641511 0.000000 0.000000 0.000000 1.000000 0.000000 0.000000
23.000000 208.584203 11.225308 -0.352416 2.622186 0.000000 0.000000 0.000000 1.000000 0.000000 0.000000
23.000000 208.584632 10.903315 -0.362748 2.664304 0.000000 0.000000 0.000000 1.000000 0.000000 0.000000
23.000000 208.585149 10.877048 -0.380330 2.677110 0.000000 0.000000 0.000000 1.000000 0.000000 0.000000
23.000000 208.588717 10.879370 -0.382922 2.685177 0.000000 0.000000 0.000000 1.000000 0.000000 0.000000
23.000000 208.591689 11.051501 -0.311983 2.626574 0.000000 0.000000 0.000000 1.000000 0.000000 0.000000
23.000000 208.591770 10.652577 -0.277679 2.606625 0.000000 0.000000 0.000000 1.000000 0.000000 0.000000
23.000000 208.594122 10.810220 -0.351173 2.651355 0.000000 0.000000 0.000000 1.000000 0.000000 0.000000
23.000000 208.594151 10.782420 -0.363865 2.624340 0.000000 0.000000 0.000000 1.000000 0.000000 0.000000
23.000000 208.595136 10.758576 -0.364821 2.636706 0.000000 0.000000 0.000000 1.000000 0.000000 0.000000
23.000000 208.598839 10.798894 -0.382660 2.643096 0.000000 0.000000 0.000000 1.000000 0.000000 0.000000
23.000000 208.601739 10.792011 -0.387339 2.644820 0.000000 0.000000 0.000000 1.000000 0.000000 0.000000
23.000000 208.601840 10.534612 -0.270596 2.567104 0.000000 0.000000 0.000000 1.000000 0.000000 0.000000
23.000000 208.604120 10.826826 -0.306481 2.572227 0.000000 0.000000 0.000000 1.000000 0.000000 0.000000
23.000000 208.604170 10.673034 -0.364182 2.582276 0.000000 0.000000 0.000000 1.000000 0.000000 0.000000
23.000000 208.605004 10.686304 -0.364307 2.591918 0.000000 0.000000 0.000000 1.000000 0.000000 0.000000
23.000000 208.608790 10.715907 -0.377206 2.603810 0.000000 0.000000 0.000000 1.000000 0.000000 0.000000
23.000000 208.611779 10.689548 -0.391463 2.608868 0.000000 0.000000 0.000000 1.000000 0.000000 0.000000
23.000000 208.611795 10.442485 -0.278998 2.528993 0.000000 0.000000 0.000000 1.000000 0.000000 0.000000
23.000000 208.614174 10.770964 -0.318744 2.541095 0.000000 0.000000 0.000000 1.000000 0.000000 0.000000
23.000000 208.614234 10.620712 -0.367736 2.547749 0.000000 0.000000 0.000000 1.000000 0.000000 0.000000
23.000000 208.615332 10.576479 -0.360497 2.554883 0.000000 0.000000 0.000000 1.000000 0.000000 0.000000
23.000000 208.618833 10.616660 -0.378818 2.558339 0.000000 0.000000 0.000000 1.000000 0.000000 0.000000
23.000000 208.621758 10.758481 -0.319271 2.502946 0.000000 0.000000 0.000000 1.000000 0.000000 0.000000
23.000000 208.621788 10.376229 -0.285749 2.487483 0.000000 0.000000 0.000000 1.000000 0.000000 0.000000
23.000000 208.624131 10.543041 -0.362407 2.539736 0.000000 0.000000 0.000000 1.000000 0.000000 0.000000
23.000000 208.624295 10.493646 -0.376259 2.508190 0.000000 0.000000 0.000000 1.000000 0.000000 0.000000
23.000000 208.624985 10.500120 -0.371781 2.512703 0.000000 0.000000 0.000000 1.000000 0.000000 0.000000
23.000000 208.628775 10.523196 -0.382067 2.521994 0.000000 0.000000 0.000000 1.000000 0.000000 0.000000
23.000000 208.631810 10.506757 -0.390483 2.523033 0.000000 0.000000 0.000000 1.000000 0.000000 0.000000
23.000000 208.631824 10.285956 -0.290588 2.453013 0.000000 0.000000 0.000000 1.000000 0.000000 0.000000
23.000000 208.634180 10.557403 -0.323075 2.463865 0.000000 0.000000 0.000000 1.000000 0.000000 0.000000
23.000000 208.634325 10.394524 -0.376237 2.466750 0.000000 0.000000 0.000000 1.000000 0.000000 0.000000
23.000000 208.635082 10.379335 -0.369303 2.462922 0.000000 0.000000 0.000000 1.000000 0.000000 0.000000
23.000000 208.639004 10.420664 -0.387713 2.471239 0.000000 0.000000 0.000000 1.000000 0.000000 0.000000
23.000000 208.641777 10.410357 -0.393828 2.481313 0.000000 0.000000 0.000000 1.000000 0.000000 0.000000
23.000000 208.641862 10.195567 -0.297268 2.411323 0.000000 0.000000 0.000000 1.000000 0.000000 0.000000
23.000000 208.644162 10.430176 -0.324850 2.412645 0.000000 0.000000 0.000000 1.000000 0.000000 0.000000
23.000000 208.644261 10.302694 -0.368871 2.419215 0.000000 0.000000 0.000000 1.000000 0.000000 0.000000
23.000000 208.645087 10.296154 -0.366127 2.427127 0.000000 0.000000 0.000000 1.000000 0.000000 0.000000
23.000000 208.648793 10.336258 -0.384457 2.432935 0.000000 0.000000 0.000000 1.000000 0.000000 0.000000
23.000000 208.651901 10.325949 -0.390073 2.433733 0.000000 0.000000 0.000000 1.000000 0.000000 0.000000
23.000000 208.651962 10.095249 -0.287740 2.367652 0.000000 0.000000 0.000000 1.000000 0.000000 0.000000
23.000000 208.654137 10.350092 -0.318387 2.386185 0.000000 0.000000 0.000000 1.000000 0.000000 0.000000
23.000000 208.654367 10.152490 -0.384667 2.388215 0.000000 0.000000 0.000000 1.000000 0.000000 0.000000
23.000000 208.655209 10.220069 -0.380643 2.385619 0.000000 0.000000 0.000000 1.000000 0.000000 0.000000
23.000000 208.658911 10.237505 -0.388696 2.393039 0.000000 0.000000 0.000000 1.000000 0.000000 0.000000
23.000000 208.661830 10.224293 -0.394011 2.392728 0.000000 0.000000 0.000000 1.000000 0.000000 0.000000
23.000000 208.661920 10.023080 -0.302805 2.329249 0.000000 0.000000 0.000000 1.000000 0.000000 0.000000
23.000000 208.664150 10.267319 -0.331305 2.335927 0.000000 0.000000 0.000000 1.000000 0.000000 0.000000
23.000000 208.664316 10.114664 -0.380106 2.336161 0.000000 0.000000 0.000000 1.000000 0.000000 0.000000
23.000000 208.664979 10.127604 -0.374040 2.335395 0.000000 0.000000 0.000000 1.000000 0.000000 0.000000
23.000000 208.668830 10.154476 -0.386359 2.341779 0.000000 0.000000 0.000000 1.000000 0.000000 0.000000
23.000000 208.671810 10.285438 -0.327380 2.298017 0.000000 0.000000 0.000000 1.000000 0.000000 0.000000
23.000000 208.671854 9.909726 -0.292267 2.281124 0.000000 0.000000 0.000000 1.000000 0.000000 0.000000
23.000000 208.674173 10.014851 -0.361157 2.308958 0.000000 0.000000 0.000000 1.000000 0.000000 0.000000
23.000000 208.674337 10.017957 -0.386440 2.288930 0.000000 0.000000 0.000000 1.000000 0.000000 0.000000
23.000000 208.675181 10.049701 -0.381537 2.301097 0.000000 0.000000 0.000000 1.000000 0.000000 0.000000
23.000000 208.678847 10.062201 -0.387061 2.296663 0.000000 0.000000 0.000000 1.000000 0.000000 0.000000
23.000000 208.681803 10.038213 -0.399206 2.301526 0.000000 0.000000 0.000000 1.000000 0.000000 0.000000
23.000000 208.681904 9.815216 -0.300610 2.235846 0.000000 0.000000 0.000000 1.000000 0.000000 0.000000
23.000000 208.684155 10.088839 -0.332728 2.248894 0.000000 0.000000 0.000000 1.000000 0.000000 0.000000
23.000000 208.684321 9.928241 -0.385151 2.248415 0.000000 0.000000 0.000000 1.000000 0.000000 0.000000
23.000000 208.685122 9.907425 -0.379301 2.251504 0.000000 0.000000 0.000000 1.000000 0.000000 0.000000
23.000000 208.688828 9.949334 -0.399140 2.252117 0.000000 0.000000 0.000000 1.000000 0.000000 0.000000
23.000000 208.691807 10.086495 -0.335342 2.208665 0.000000 0.000000 0.000000 1.000000 0.000000 0.000000
23.000000 208.691828 9.716489 -0.300672 2.190391 0.000000 0.000000 0.000000 1.000000 0.000000 0.000000
23.000000 208.694153 9.864811 -0.365455 2.226464 0.000000 0.000000 0.000000 1.000000 0.000000 0.000000
23.000000 208.694257 9.820936 -0.380883 2.196248 0.000000 0.000000 0.000000 1.000000 0.000000 0.000000
23.000000 208.695273 9.837637 -0.380293 2.200550 0.000000 0.000000 0.000000 1.000000 0.000000 0.000000
23.000000 208.699061 9.868216 -0.394797 2.202390 0.000000 0.000000 0.000000 1.000000 0.000000 0.000000
23.000000 208.701864 9.876742 -0.388182 2.205701 0.000000 0.000000 0.000000 1.000000 0.000000 0.000000
23.000000 208.701921 9.658530 -0.291179 2.148225 0.000000 0.000000 0.000000 1.000000 0.000000 0.000000
23.000000 208.704186 9.941596 -0.353896 2.129466 0.000000 0.000000 0.000000 1.000000 0.000000 0.000000
23.000000 208.704458 9.740052 -0.374449 2.146526 0.000000 0.000000 0.000000 1.000000 0.000000 0.000000
23.000000 208.705059 9.744036 -0.372789 2.151730 0.000000 0.000000 0.000000 1.000000 0.000000 0.000000
23.000000 208.708790 9.780616 -0.393561 2.155436 0.000000 0.000000 0.000000 1.000000 0.000000 0.000000
23.000000 208.711876 9.909100 -0.334614 2.113263 0.000000 0.000000 0.000000 1.000000 0.000000 0.000000
23.000000 208.712029 9.531979 -0.300357 2.091618 0.000000 0.000000 0.000000 1.000000 0.000000 0.000000
23.000000 208.714112 9.635491 -0.363183 2.125627 0.000000 0.000000 0.000000 1.000000 0.000000 0.000000
23.000000 208.714185 9.666275 -0.383570 2.106181 0.000000 0.000000 0.000000 1.000000 0.000000 0.000000
23.000000 208.715084 9.674695 -0.384880 2.110811 0.000000 0.000000 0.000000 1.000000 0.000000 0.000000
23.000000 208.719082 9.691275 -0.391913 2.104363 0.000000 0.000000 0.000000 1.000000 0.000000 0.000000
23.000000 208.721804 9.679524 -0.397292 2.109303 0.000000 0.000000 0.000000 1.000000 0.000000 0.000000
23.000000 208.721947 9.478867 -0.309299 2.047590 0.000000 0.000000 0.000000 1.000000 0.000000 0.000000
23.000000 208.724249 9.746726 -0.363037 2.028786 0.000000 0.000000 0.000000 1.000000 0.000000 0.000000
23.000000 208.724526 9.572834 -0.387931 2.059118 0.000000 0.000000 0.000000 1.000000 0.000000 0.000000
23.000000 208.725109 9.582912 -0.389876 2.064450 0.000000 0.000000 0.000000 1.000000 0.000000 0.000000
23.000000 208.729069 9.597625 -0.395726 2.053992 0.000000 0.000000 0.000000 1.000000 0.000000 0.000000
23.000000 208.731854 9.584630 -0.401917 2.055249 0.000000 0.000000 0.000000 1.000000 0.000000 0.000000
23.000000 208.731945 9.351815 -0.301382 1.988684 0.000000 0.000000 0.000000 1.000000 0.000000 0.000000
23.000000 208.734191 9.624581 -0.332672 2.006441 0.000000 0.000000 0.000000 1.000000 0.000000 0.000000
23.000000 208.734204 9.463999 -0.385484 2.007246 0.000000 0.000000 0.000000 1.000000 0.000000 0.000000
23.000000 208.735080 9.452509 -0.381403 2.007111 0.000000 0.000000 0.000000 1.000000 0.000000 0.000000
23.000000 208.739094 9.491640 -0.400335 2.006014 0.000000 0.000000 0.000000 1.000000 0.000000 0.000000
23.000000 208.741838 9.488721 -0.402356 2.009457 0.000000 0.000000 0.000000 1.000000 0.000000 0.000000
23.000000 208.741954 9.184912 -0.273776 1.932720 0.000000 0.000000 0.000000 1.000000 0.000000 0.000000
23.000000 208.744195 9.583578 -0.354842 1.929476 0.000000 0.000000 0.000000 1.000000 0.000000 0.000000
23.000000 208.744527 9.382083 -0.386504 1.957717 0.000000 0.000000 0.000000 1.000000 0.000000 0.000000
23.000000 208.745140 9.391433 -0.386326 1.961747 0.000000 0.000000 0.000000 1.000000 0.000000 0.000000
23.000000 208.748924 9.411902 -0.396392 1.952462 0.000000 0.000000 0.000000 1.000000 0.000000 0.000000
23.000000 208.751867 9.556343 -0.324599 1.904436 0.000000 0.000000 0.000000 1.000000 0.000000 0.000000
23.000000 208.751956 9.106765 -0.279959 1.868501 0.000000 0.000000 0.000000 1.000000 0.000000 0.000000
23.000000 208.754196 9.295080 -0.372456 1.913924 0.000000 0.000000 0.000000 1.000000 0.000000 0.000000
23.000000 208.754385 9.274834 -0.377576 1.896088 0.000000 0.000000 0.000000 1.000000 0.000000 0.000000
23.000000 208.755126 9.280622 -0.374753 1.903865 0.000000 0.000000 0.000000 1.000000 0.000000 0.000000
23.000000 208.759090 9.317515 -0.398663 1.908647 0.000000 0.000000 0.000000 1.000000 0.000000 0.000000
23.000000 208.761933 9.314685 -0.401456 1.903326 0.000000 0.000000 0.000000 1.000000 0.000000 0.000000
23.000000 208.761965 9.061454 -0.296255 1.830212 0.000000 0.000000 0.000000 1.000000 0.000000 0.000000
23.000000 208.764194 9.359856 -0.330450 1.850417 0.000000 0.000000 0.000000 1.000000 0.000000 0.000000
23.000000 208.764218 9.194076 -0.388244 1.847783 0.000000 0.000000 0.000000 1.000000 0.000000 0.000000
23.000000 208.765142 9.217465 -0.388421 1.851293 0.000000 0.000000 0.000000 1.000000 0.000000 0.000000
23.000000 208.769008 9.240480 -0.399657 1.853641 0.000000 0.000000 0.000000 1.000000 0.000000 0.000000
23.000000 208.771799 9.372179 -0.334671 1.809069 0.000000 0.000000 0.000000 1.000000 0.000000 0.000000
23.000000 208.771949 8.960992 -0.295656 1.775702 0.000000 0.000000 0.000000 1.000000 0.000000 0.000000
23.000000 208.774239 9.104876 -0.373905 1.811205 0.000000 0.000000 0.000000 1.000000 0.000000 0.000000
23.000000 208.774344 9.109230 -0.390563 1.792416 0.000000 0.000000 0.000000 1.000000 0.000000 0.000000
23.000000 208.775083 9.135687 -0.384758 1.803185 0.000000 0.000000 0.000000 1.000000 0.000000 0.000000
23.000000 208.779100 9.143210 -0.391660 1.800070 0.000000 0.000000 0.000000 1.000000 0.000000 0.000000
23.000000 208.781870 9.125031 -0.401405 1.795320 0.000000 0.000000 0.000000 1.000000 0.000000 0.000000
23.000000 208.781991 8.842648 -0.283757 1.717919 0.000000 0.000000 0.000000 1.000000 0.000000 0.000000
23.000000 208.784230 9.207537 -0.358978 1.714713 0.000000 0.000000 0.000000 1.000000 0.000000 0.000000
23.000000 208.784527 9.032991 -0.388297 1.739815 0.000000 0.000000 0.000000 1.000000 0.000000 0.000000
23.000000 208.785015 9.027086 -0.394346 1.746740 0.000000 0.000000 0.000000 1.000000 0.000000 0.000000
23.000000 208.788851 9.038797 -0.403441 1.745543 0.000000 0.000000 0.000000 1.000000 0.000000 0.000000
23.000000 208.791868 9.034008 -0.406554 1.738561 0.000000 0.000000 0.000000 1.000000 0.000000 0.000000
23.000000 208.791905 8.724702 -0.279314 1.655732 0.000000 0.000000 0.000000 1.000000 0.000000 0.000000
23.000000 208.794230 9.087782 -0.320537 1.684142 0.000000 0.000000 0.000000 1.000000 0.000000 0.000000
23.000000 208.794268 8.931311 -0.378634 1.685943 0.000000 0.000000 0.000000 1.000000 0.000000 0.000000
23.000000 208.795052 8.905278 -0.381527 1.695594 0.000000 0.000000 0.000000 1.000000 0.000000 0.000000
23.000000 208.798837 8.957795 -0.409136 1.679277 0.000000 0.000000 0.000000 1.000000 0.000000 0.000000
23.000000 208.801831 8.953142 -0.411148 1.674669 0.000000 0.000000 0.000000 1.000000 0.000000 0.000000
23.000000 208.801918 8.656908 -0.289318 1.600791 0.000000 0.000000 0.000000 1.000000 0.000000 0.000000
23.000000 208.804194 8.999107 -0.360048 1.603277 0.000000 0.000000 0.000000 1.000000 0.000000 0.000000
23.000000 208.804503 8.829778 -0.383161 1.625076 0.000000 0.000000 0.000000 1.000000 0.000000 0.000000
23.000000 208.805067 8.829981 -0.382802 1.629379 0.000000 0.000000 0.000000 1.000000 0.000000 0.000000
23.000000 208.808861 8.861793 -0.402878 1.627010 0.000000 0.000000 0.000000 1.000000 0.000000 0.000000
23.000000 208.811813 9.000238 -0.329895 1.581358 0.000000 0.000000 0.000000 1.000000 0.000000 0.000000
23.000000 208.811924 8.572203 -0.287669 1.544614 0.000000 0.000000 0.000000 1.000000 0.000000 0.000000
23.000000 208.814208 8.795245 -0.378758 1.592145 0.000000 0.000000 0.000000 1.000000 0.000000 0.000000
23.000000 208.814322 8.755602 -0.390700 1.567539 0.000000 0.000000 0.000000 1.000000 0.000000 0.000000
23.000000 208.815137 8.759586 -0.388491 1.561181 0.000000 0.000000 0.000000 1.000000 0.000000 0.000000
23.000000 208.818874 8.780264 -0.399752 1.551184 0.000000 0.000000 0.000000 1.000000 0.000000 0.000000
23.000000 208.821852 8.766224 -0.405851 1.556857 0.000000 0.000000 0.000000 1.000000 0.000000 0.000000
23.000000 208.822106 8.498827 -0.294603 1.490027 0.000000 0.000000 0.000000 1.000000 0.000000 0.000000
23.000000 208.824322 8.789977 -0.360210 1.486665 0.000000 0.000000 0.000000 1.000000 0.000000 0.000000
23.000000 208.824330 8.655617 -0.391879 1.509887 0.000000 0.000000 0.000000 1.000000 0.000000 0.000000
23.000000 208.825036 8.674745 -0.391569 1.522403 0.000000 0.000000 0.000000 1.000000 0.000000 0.000000
23.000000 208.828939 8.681636 -0.398648 1.521503 0.000000 0.000000 0.000000 1.000000 0.000000 0.000000
23.000000 208.831945 8.817641 -0.330755 1.464463 0.000000 0.000000 0.000000 1.000000 0.000000 0.000000
23.000000 208.831947 8.411495 -0.296614 1.423157 0.000000 0.000000 0.000000 1.000000 0.000000 0.000000
23.000000 208.834246 8.607207 -0.376415 1.470258 0.000000 0.000000 0.000000 1.000000 0.000000 0.000000
23.000000 208.834347 8.597138 -0.384108 1.455417 0.000000 0.000000 0.000000 1.000000 0.000000 0.000000
23.000000 208.835182 8.580732 -0.386986 1.458872 0.000000 0.000000 0.000000 1.000000 0.000000 0.000000
23.000000 208.838999 8.596454 -0.395627 1.451032 0.000000 0.000000 0.000000 1.000000 0.000000 0.000000
23.000000 208.841918 8.586619 -0.405220 1.442902 0.000000 0.000000 0.000000 1.000000 0.000000 0.000000
23.000000 208.842144 8.302698 -0.294527 1.361179 0.000000 0.000000 0.000000 1.000000 0.000000 0.000000
23.000000 208.844269 8.646013 -0.361622 1.371720 0.000000 0.000000 0.000000 1.000000 0.000000 0.000000
23.000000 208.845043 8.475880 -0.384987 1.404580 0.000000 0.000000 0.000000 1.000000 0.000000 0.000000
23.000000 208.845333 8.490724 -0.389314 1.395494 0.000000 0.000000 0.000000 1.000000 0.000000 0.000000
23.000000 208.848921 8.526714 -0.380465 1.389275 0.000000 0.000000 0.000000 1.000000 0.000000 0.000000
23.000000 208.851929 8.503335 -0.402999 1.389092 0.000000 0.000000 0.000000 1.000000 0.000000 0.000000
23.000000 208.851954 8.267235 -0.308446 1.319609 0.000000 0.000000 0.000000 1.000000 0.000000 0.000000
23.000000 208.854240 8.531354 -0.337141 1.327952 0.000000 0.000000 0.000000 1.000000 0.000000 0.000000
23.000000 208.854308 8.428638 -0.382686 1.324074 0.000000 0.000000 0.000000 1.000000 0.000000 0.000000
23.000000 208.855240 8.405027 -0.391737 1.344438 0.000000 0.000000 0.000000 1.000000 0.000000 0.000000
23.000000 208.859042 8.423752 -0.402384 1.336491 0.000000 0.000000 0.000000 1.000000 0.000000 0.000000
23.000000 208.861814 8.417016 -0.407604 1.322883 0.000000 0.000000 0.000000 1.000000 0.000000 0.000000
23.000000 208.861898 8.150627 -0.303626 1.250170 0.000000 0.000000 0.000000 1.000000 0.000000 0.000000
23.000000 208.864397 8.439637 -0.363583 1.258651 0.000000 0.000000 0.000000 1.000000 0.000000 0.000000
23.000000 208.864519 8.333813 -0.386609 1.275637 0.000000 0.000000 0.000000 1.000000 0.000000 0.000000
23.000000 208.865110 8.326984 -0.389842 1.277970 0.000000 0.000000 0.000000 1.000000 0.000000 0.000000
23.000000 208.868920 8.338212 -0.399312 1.268713 0.000000 0.000000 0.000000 1.000000 0.000000 0.000000
23.000000 208.871882 8.461542 -0.324686 1.225441 0.000000 0.000000 0.000000 1.000000 0.000000 0.000000
23.000000 208.871921 7.984137 -0.271119 1.176008 0.000000 0.000000 0.000000 1.000000 0.000000 0.000000
23.000000 208.874227 8.254945 -0.377964 1.228980 0.000000 0.000000 0.000000 1.000000 0.000000 0.000000
23.000000 208.874297 8.234358 -0.388257 1.217460 0.000000 0.000000 0.000000 1.000000 0.000000 0.000000
23.000000 208.875123 8.218478 -0.390530 1.225037 0.000000 0.000000 0.000000 1.000000 0.000000 0.000000
23.000000 208.879029 8.237031 -0.401859 1.210852 0.000000 0.000000 0.000000 1.000000 0.000000 0.000000
23.000000 208.881812 8.232352 -0.405101 1.196438 0.000000 0.000000 0.000000 1.000000 0.000000 0.000000
23.000000 208.881940 7.980384 -0.307470 1.129910 0.000000 0.000000 0.000000 1.000000 0.000000 0.000000
23.000000 208.884285 8.249137 -0.368795 1.140109 0.000000 0.000000 0.000000 1.000000 0.000000 0.000000
23.000000 208.884319 8.139120 -0.390086 1.154095 0.000000 0.000000 0.000000 1.000000 0.000000 0.000000
23.000000 208.885154 8.124333 -0.391144 1.151932 0.000000 0.000000 0.000000 1.000000 0.000000 0.000000
23.000000 208.889032 8.149109 -0.408179 1.144581 0.000000 0.000000 0.000000 1.000000 0.000000 0.000000
23.000000 208.891935 8.255603 -0.347542 1.102774 0.000000 0.000000 0.000000 1.000000 0.000000 0.000000
23.000000 208.891940 7.920136 -0.315297 1.071599 0.000000 0.000000 0.000000 1.000000 0.000000 0.000000
23.000000 208.894253 8.067387 -0.373709 1.108745 0.000000 0.000000 0.000000 1.000000 0.000000 0.000000
23.000000 208.894285 8.035413 -0.390584 1.094855 0.000000 0.000000 0.000000 1.000000 0.000000 0.000000
23.000000 208.895177 8.064957 -0.396572 1.093534 0.000000 0.000000 0.000000 1.000000 0.000000 0.000000
23.000000 208.899149 8.064579 -0.397705 1.084420 0.000000 0.000000 0.000000 1.000000 0.000000 0.000000
23.000000 208.901939 8.044652 -0.410725 1.072870 0.000000 0.000000 0.000000 1.000000 0.000000 0.000000
23.000000 208.901968 7.810293 -0.320314 0.997755 0.000000 0.000000 0.000000 1.000000 0.000000 0.000000
23.000000 208.904330 8.070416 -0.347805 1.014845 0.000000 0.000000 0.000000 1.000000 0.000000 0.000000
23.000000 208.904464 7.988828 -0.385428 1.018399 0.000000 0.000000 0.000000 1.000000 0.000000 0.000000
23.000000 208.905120 7.952261 -0.394179 1.037140 0.000000 0.000000 0.000000 1.000000 0.000000 0.000000
23.000000 208.908952 7.974307 -0.408006 1.019487 0.000000 0.000000 0.000000 1.000000 0.000000 0.000000
23.000000 208.911971 7.966879 -0.410633 1.009119 0.000000 0.000000 0.000000 1.000000 0.000000 0.000000
23.000000 208.911977 7.674632 -0.295769 0.931392 0.000000 0.000000 0.000000 1.000000 0.000000 0.000000
23.000000 208.914312 8.040234 -0.335354 0.972440 0.000000 0.000000 0.000000 1.000000 0.000000 0.000000
23.000000 208.914425 7.882261 -0.391227 0.962681 0.000000 0.000000 0.000000 1.000000 0.000000 0.000000
23.000000 208.915239 7.870268 -0.394158 0.969370 0.000000 0.000000 0.000000 1.000000 0.000000 0.000000
23.000000 208.919002 7.882030 -0.403645 0.945720 0.000000 0.000000 0.000000 1.000000 0.000000 0.000000
23.000000 208.921896 7.866259 -0.407970 0.933038 0.000000 0.000000 0.000000 1.000000 0.000000 0.000000
23.000000 208.921983 7.632445 -0.314349 0.871268 0.000000 0.000000 0.000000 1.000000 0.000000 0.000000
23.000000 208.924335 7.928546 -0.346108 0.906086 0.000000 0.000000 0.000000 1.000000 0.000000 0.000000
23.000000 208.924463 7.788780 -0.394171 0.899008 0.000000 0.000000 0.000000 1.000000 0.000000 0.000000
23.000000 208.925407 7.784583 -0.395967 0.902165 0.000000 0.000000 0.000000 1.000000 0.000000 0.000000
23.000000 208.929195 7.792075 -0.402184 0.886396 0.000000 0.000000 0.000000 1.000000 0.000000 0.000000
23.000000 208.931871 7.883462 -0.346754 0.840108 0.000000 0.000000 0.000000 1.000000 0.000000 0.000000
23.000000 208.932111 7.526440 -0.311578 0.799125 0.000000 0.000000 0.000000 1.000000 0.000000 0.000000
23.000000 208.934288 7.722073 -0.387019 0.841258 0.000000 0.000000 0.000000 1.000000 0.000000 0.000000
23.000000 208.934345 7.711719 -0.394844 0.829347 0.000000 0.000000 0.000000 1.000000 0.000000 0.000000
23.000000 208.935472 7.682417 -0.397568 0.838570 0.000000 0.000000 0.000000 1.000000 0.000000 0.000000
23.000000 208.939348 7.702457 -0.411032 0.817713 0.000000 0.000000 0.000000 1.000000 0.000000 0.000000
23.000000 208.942032 7.807916 -0.345485 0.769386 0.000000 0.000000 0.000000 1.000000 0.000000 0.000000
23.000000 208.942095 7.429540 -0.307126 0.727630 0.000000 0.000000 0.000000 1.000000 0.000000 0.000000
23.000000 208.944332 7.613148 -0.387793 0.776535 0.000000 0.000000 0.000000 1.000000 0.000000 0.000000
23.000000 208.944622 7.634820 -0.393815 0.760762 0.000000 0.000000 0.000000 1.000000 0.000000 0.000000
23.000000 208.945859 7.617992 -0.398594 0.760074 0.000000 0.000000 0.000000 1.000000 0.000000 0.000000
23.000000 208.949071 7.617703 -0.403373 0.748302 0.000000 0.000000 0.000000 1.000000 0.000000 0.000000
23.000000 208.951861 7.699621 -0.349057 0.706106 0.000000 0.000000 0.000000 1.000000 0.000000 0.000000
23.000000 208.952017 7.393635 -0.315955 0.667304 0.000000 0.000000 0.000000 1.000000 0.000000 0.000000
23.000000 208.954296 7.541661 -0.372425 0.699065 0.000000 0.000000 0.000000 1.000000 0.000000 0.000000
23.000000 208.954453 7.517268 -0.392317 0.696128 0.000000 0.000000 0.000000 1.000000 0.000000 0.000000
23.000000 208.955489 7.532431 -0.403376 0.697543 0.000000 0.000000 0.000000 1.000000 0.000000 0.000000
23.000000 208.959009 7.534277 -0.407291 0.678115 0.000000 0.000000 0.000000 1.000000 0.000000 0.000000
23.000000 208.962042 7.622887 -0.349580 0.631916 0.000000 0.000000 0.000000 1.000000 0.000000 0.000000
23.000000 208.962107 7.260378 -0.312099 0.590201 0.000000 0.000000 0.000000 1.000000 0.000000 0.000000
23.000000 208.964334 7.454940 -0.386081 0.631024 0.000000 0.000000 0.000000 1.000000 0.000000 0.000000
23.000000 208.964423 7.456542 -0.393430 0.621281 0.000000 0.000000 0.000000 1.000000 0.000000 0.000000
23.000000 208.965156 7.433796 -0.399479 0.631168 0.000000 0.000000 0.000000 1.000000 0.000000 0.000000
23.000000 208.968964 7.447988 -0.410953 0.605410 0.000000 0.000000 0.000000 1.000000 0.000000 0.000000
23.000000 208.972039 7.528599 -0.354866 0.561535 0.000000 0.000000 0.000000 1.000000 0.000000 0.000000
23.000000 208.972093 7.201444 -0.319141 0.528481 0.000000 0.000000 0.000000 1.000000 0.000000 0.000000
23.000000 208.974285 7.380253 -0.386943 0.566750 0.000000 0.000000 0.000000 1.000000 0.000000 0.000000
23.000000 208.974390 7.370126 -0.395539 0.553059 0.000000 0.000000 0.000000 1.000000 0.000000 0.000000
23.000000 208.975186 7.344935 -0.399125 0.562803 0.000000 0.000000 0.000000 1.000000 0.000000 0.000000
23.000000 208.978887 7.355264 -0.408488 0.538473 0.000000 0.000000 0.000000 1.000000 0.000000 0.000000
23.000000 208.982046 7.347486 -0.410581 0.519127 0.000000 0.000000 0.000000 1.000000 0.000000 0.000000
23.000000 208.982085 7.107068 -0.319862 0.451367 0.000000 0.000000 0.000000 1.000000 0.000000 0.000000
23.000000 208.984343 7.400650 -0.350677 0.487563 0.000000 0.000000 0.000000 1.000000 0.000000 0.000000
23.000000 208.984499 7.288798 -0.395516 0.480120 0.000000 0.000000 0.000000 1.000000 0.000000 0.000000
23.000000 208.985358 7.263985 -0.402611 0.485493 0.000000 0.000000 0.000000 1.000000 0.000000 0.000000
23.000000 208.988902 7.270600 -0.410089 0.459611 0.000000 0.000000 0.000000 1.000000 0.000000 0.000000
23.000000 208.992046 7.358474 -0.352206 0.412208 0.000000 0.000000 0.000000 1.000000 0.000000 0.000000
23.000000 208.992070 7.009404 -0.317208 0.369673 0.000000 0.000000 0.000000 1.000000 0.000000 0.000000
23.000000 208.994265 7.160987 -0.374986 0.412519 0.000000 0.000000 0.000000 1.000000 0.000000 0.000000
23.000000 208.994395 7.167466 -0.387428 0.415682 0.000000 0.000000 0.000000 1.000000 0.000000 0.000000
23.000000 208.995169 7.181172 -0.400927 0.417479 0.000000 0.000000 0.000000 1.000000 0.000000 0.000000
23.000000 208.998959 7.186846 -0.408509 0.389811 0.000000 0.000000 0.000000 1.000000 0.000000 0.000000
23.000000 209.001939 7.173970 -0.415416 0.365546 0.000000 0.000000 0.000000 1.000000 0.000000 0.000000
23.000000 209.002093 6.895142 -0.313922 0.290156 0.000000 0.000000 0.000000 1.000000 0.000000 0.000000
23.000000 209.004320 7.200202 -0.375576 0.322636 0.000000 0.000000 0.000000 1.000000 0.000000 0.000000
23.000000 209.004440 7.117987 -0.393176 0.338300 0.000000 0.000000 0.000000 1.000000 0.000000 0.000000
23.000000 209.005273 7.097098 -0.394642 0.335084 0.000000 0.000000 0.000000 1.000000 0.000000 0.000000
23.000000 209.008927 7.104508 -0.406822 0.314710 0.000000 0.000000 0.000000 1.000000 0.000000 0.000000
23.000000 209.011931 7.181352 -0.348255 0.266962 0.000000 0.000000 0.000000 1.000000 0.000000 0.000000
23.000000 209.011953 6.790133 -0.304169 0.219971 0.000000 0.000000 0.000000 1.000000 0.000000 0.000000
23.000000 209.014306 6.993784 -0.379972 0.263566 0.000000 0.000000 0.000000 1.000000 0.000000 0.000000
23.000000 209.014379 7.023060 -0.387281 0.263631 0.000000 0.000000 0.000000 1.000000 0.000000 0.000000
23.000000 209.015261 7.007581 -0.401647 0.274630 0.000000 0.000000 0.000000 1.000000 0.000000 0.000000
23.000000 209.018951 7.011326 -0.408798 0.244512 0.000000 0.000000 0.000000 1.000000 0.000000 0.000000
23.000000 209.021991 7.009779 -0.406448 0.217158 0.000000 0.000000 0.000000 1.000000 0.000000 0.000000
23.000000 209.022145 6.788277 -0.326012 0.160855 0.000000 0.000000 0.000000 1.000000 0.000000 0.000000
23.000000 209.024377 7.038235 -0.352275 0.199000 0.000000 0.000000 0.000000 1.000000 0.000000 0.000000
23.000000 209.024425 6.942858 -0.394490 0.189706 0.000000 0.000000 0.000000 1.000000 0.000000 0.000000
23.000000 209.025141 6.928890 -0.404800 0.197817 0.000000 0.000000 0.000000 1.000000 0.000000 0.000000
23.000000 209.028893 6.919859 -0.404754 0.170686 0.000000 0.000000 0.000000 1.000000 0.000000 0.000000
23.000000 209.031851 6.986482 -0.352618 0.121529 0.000000 0.000000 0.000000 1.000000 0.000000 0.000000
23.000000 209.032032 6.673313 -0.318194 0.082886 0.000000 0.000000 0.000000 1.000000 0.000000 0.000000
23.000000 209.034288 6.857875 -0.395606 0.131173 0.000000 0.000000 0.000000 1.000000 0.000000 0.000000
23.000000 209.034313 6.862656 -0.394787 0.117976 0.000000 0.000000 0.000000 1.000000 0.000000 0.000000
23.000000 209.035269 6.841300 -0.399070 0.119494 0.000000 0.000000 0.000000 1.000000 0.000000 0.000000
23.000000 209.039048 6.843135 -0.412770 0.099238 0.000000 0.000000 0.000000 1.000000 0.000000 0.000000
23.000000 209.041944 6.832365 -0.415363 0.067768 0.000000 0.000000 0.000000 1.000000 0.000000 0.000000
23.000000 209.042067 6.546253 -0.312548 -0.004076 0.000000 0.000000 0.000000 1.000000 0.000000 0.000000
23.000000 209.044386 6.830969 -0.373211 0.034193 0.000000 0.000000 0.000000 1.000000 0.000000 0.000000
23.000000 209.044457 6.778899 -0.387962 0.038932 0.000000 0.000000 0.000000 1.000000 0.000000 0.000000
23.000000 209.045288 6.745412 -0.391478 0.035616 0.000000 0.000000 0.000000 1.000000 0.000000 0.000000
23.000000 209.049042 6.755718 -0.409491 0.018106 0.000000 0.000000 0.000000 1.000000 0.000000 0.000000
23.000000 209.052023 6.733646 -0.413386 0.010934 0.000000 0.000000 0.000000 1.000000 0.000000 0.000000
23.000000 209.052029 6.456423 -0.306018 -0.051483 0.000000 0.000000 0.000000 1.000000 0.000000 0.000000
23.000000 209.054310 6.820950 -0.343938 0.010200 0.000000 0.000000 0.000000 1.000000 0.000000 0.000000
23.000000 209.054377 6.742411 -0.388151 0.013455 0.000000 0.000000 0.000000 1.000000 0.000000 0.000000
23.000000 209.055263 6.702059 -0.405202 0.038558 0.000000 0.000000 0.000000 1.000000 0.000000 0.000000
23.000000 209.059199 6.702521 -0.405058 0.040111 0.000000 0.000000 0.000000 1.000000 0.000000 0.000000
23.000000 209.062003 6.680079 -0.414564 0.064041 0.000000 0.000000 0.000000 1.000000 0.000000 0.000000
23.000000 209.062027 6.460570 -0.327327 0.017658 0.000000 0.000000 0.000000 1.000000 0.000000 0.000000
23.000000 209.064365 6.749909 -0.357243 0.070605 0.000000 0.000000 0.000000 1.000000 0.000000 0.000000
23.000000 209.064400 6.675262 -0.391679 0.075514 0.000000 0.000000 0.000000 1.000000 0.000000 0.000000
23.000000 209.065172 6.638701 -0.401238 0.094751 0.000000 0.000000 0.000000 1.000000 0.000000 0.000000
23.000000 209.069211 6.659268 -0.413419 0.088606 0.000000 0.000000 0.000000 1.000000 0.000000 0.000000
23.000000 209.071920 6.704756 -0.371039 0.088729 0.000000 0.000000 0.000000 1.000000 0.000000 0.000000
23.000000 209.072016 6.470560 -0.335857 0.076867 0.000000 0.000000 0.000000 1.000000 0.000000 0.000000
23.000000 209.074330 6.618986 -0.390899 0.121273 0.000000 0.000000 0.000000 1.000000 0.000000 0.000000
23.000000 209.074445 6.625846 -0.397782 0.128105 0.000000 0.000000 0.000000 1.000000 0.000000 0.000000
23.000000 209.075287 6.603994 -0.405565 0.141698 0.000000 0.000000 0.000000 1.000000 0.000000 0.000000
23.000000 209.079224 6.609873 -0.408954 0.140594 0.000000 0.000000 0.000000 1.000000 0.000000 0.000000
23.000000 209.081939 6.593820 -0.416873 0.153890 0.000000 0.000000 0.000000 1.000000 0.000000 0.000000
23.000000 209.082078 6.325187 -0.315749 0.096760 0.000000 0.000000 0.000000 1.000000 0.000000 0.000000
23.000000 209.084400 6.695266 -0.383308 0.148933 0.000000 0.000000 0.000000 1.000000 0.000000 0.000000
23.000000 209.084532 6.595455 -0.396540 0.171657 0.000000 0.000000 0.000000 1.000000 0.000000 0.000000
23.000000 209.085194 6.556853 -0.404053 0.169863 0.000000 0.000000 0.000000 1.000000 0.000000 0.000000
23.000000 209.089165 6.559145 -0.412321 0.186566 0.000000 0.000000 0.000000 1.000000 0.000000 0.000000
23.000000 209.091898 6.614888 -0.365192 0.183164 0.000000 0.000000 0.000000 1.000000 0.000000 0.000000
23.000000 209.091988 6.303007 -0.324138 0.160287 0.000000 0.000000 0.000000 1.000000 0.000000 0.000000
23.000000 209.094382 6.485748 -0.391347 0.209566 0.000000 0.000000 0.000000 1.000000 0.000000 0.000000
23.000000 209.094450 6.533147 -0.391745 0.222369 0.000000 0.000000 0.000000 1.000000 0.000000 0.000000
23.000000 209.095213 6.504494 -0.404940 0.241904 0.000000 0.000000 0.000000 1.000000 0.000000 0.000000
23.000000 209.099082 6.515067 -0.410901 0.240876 0.000000 0.000000 0.000000 1.000000 0.000000 0.000000
23.000000 209.101966 6.511018 -0.410019 0.253982 0.000000 0.000000 0.000000 1.000000 0.000000 0.000000
23.000000 209.102112 6.304328 -0.330517 0.213956 0.000000 0.000000 0.000000 1.000000 0.000000 0.000000
23.000000 209.104576 6.532950 -0.354138 0.254745 0.000000 0.000000 0.000000 1.000000 0.000000 0.000000
23.000000 209.104579 6.483999 -0.388949 0.266492 0.000000 0.000000 0.000000 1.000000 0.000000 0.000000
23.000000 209.105141 6.457540 -0.406647 0.288419 0.000000 0.000000 0.000000 1.000000 0.000000 0.000000
23.000000 209.108983 6.472949 -0.415603 0.285854 0.000000 0.000000 0.000000 1.000000 0.000000 0.000000
23.000000 209.111992 6.530627 -0.367986 0.278460 0.000000 0.000000 0.000000 1.000000 0.000000 0.000000
23.000000 209.112170 6.224750 -0.329096 0.255810 0.000000 0.000000 0.000000 1.000000 0.000000 0.000000
23.000000 209.114427 6.451281 -0.409186 0.317570 0.000000 0.000000 0.000000 1.000000 0.000000 0.000000
23.000000 209.114458 6.446294 -0.396187 0.313942 0.000000 0.000000 0.000000 1.000000 0.000000 0.000000
23.000000 209.115137 6.419169 -0.402330 0.316941 0.000000 0.000000 0.000000 1.000000 0.000000 0.000000
23.000000 209.119179 6.430922 -0.418140 0.327606 0.000000 0.000000 0.000000 1.000000 0.000000 0.000000
23.000000 209.122003 6.486104 -0.369051 0.322253 0.000000 0.000000 0.000000 1.000000 0.000000 0.000000
23.000000 209.122015 6.183918 -0.328157 0.303402 0.000000 0.000000 0.000000 1.000000 0.000000 0.000000
23.000000 209.124501 6.408597 -0.409641 0.361858 0.000000 0.000000 0.000000 1.000000 0.000000 0.000000
23.000000 209.124586 6.386652 -0.397644 0.362087 0.000000 0.000000 0.000000 1.000000 0.000000 0.000000
23.000000 209.125253 6.366262 -0.400039 0.364587 0.000000 0.000000 0.000000 1.000000 0.000000 0.000000
23.000000 209.129071 6.376422 -0.413129 0.378954 0.000000 0.000000 0.000000 1.000000 0.000000 0.000000
23.000000 209.132058 6.366077 -0.416532 0.397932 0.000000 0.000000 0.000000 1.000000 0.000000 0.000000
23.000000 209.132072 6.148720 -0.332698 0.353268 0.000000 0.000000 0.000000 1.000000 0.000000 0.000000
23.000000 209.134371 6.442424 -0.387135 0.384361 0.000000 0.000000 0.000000 1.000000 0.000000 0.000000
23.000000 209.134492 6.344699 -0.398173 0.407145 0.000000 0.000000 0.000000 1.000000 0.000000 0.000000
23.000000 209.135318 6.315895 -0.402514 0.405485 0.000000 0.000000 0.000000 1.000000 0.000000 0.000000
23.000000 209.139116 6.326136 -0.412685 0.420763 0.000000 0.000000 0.000000 1.000000 0.000000 0.000000
23.000000 209.141999 6.388741 -0.364271 0.416768 0.000000 0.000000 0.000000 1.000000 0.000000 0.000000
23.000000 209.142035 6.090092 -0.327677 0.393528 0.000000 0.000000 0.000000 1.000000 0.000000 0.000000
23.000000 209.144378 6.317308 -0.409678 0.450573 0.000000 0.000000 0.000000 1.000000 0.000000 0.000000
23.000000 209.145332 6.269806 -0.407815 0.466137 0.000000 0.000000 0.000000 1.000000 0.000000 0.000000
23.000000 209.149020 6.281783 -0.414493 0.466106 0.000000 0.000000 0.000000 1.000000 0.000000 0.000000
23.000000 209.151925 6.342633 -0.366502 0.458099 0.000000 0.000000 0.000000 1.000000 0.000000 0.000000
23.000000 209.152080 6.101097 -0.335897 0.440526 0.000000 0.000000 0.000000 1.000000 0.000000 0.000000
23.000000 209.154379 6.286357 -0.404529 0.484686 0.000000 0.000000 0.000000 1.000000 0.000000 0.000000
23.000000 209.154403 6.231247 -0.391461 0.493169 0.000000 0.000000 0.000000 1.000000 0.000000 0.000000
23.000000 209.155291 6.213725 -0.392198 0.497747 0.000000 0.000000 0.000000 1.000000 0.000000 0.000000
23.000000 209.159043 6.235999 -0.414739 0.509230 0.000000 0.000000 0.000000 1.000000 0.000000 0.000000
23.000000 209.162003 6.230413 -0.416296 0.521878 0.000000 0.000000 0.000000 1.000000 0.000000 0.000000
23.000000 209.162114 6.000948 -0.330550 0.475288 0.000000 0.000000 0.000000 1.000000 0.000000 0.000000
23.000000 209.164360 6.304565 -0.386959 0.507891 0.000000 0.000000 0.000000 1.000000 0.000000 0.000000
23.000000 209.164473 6.200548 -0.404262 0.535826 0.000000 0.000000 0.000000 1.000000 0.000000 0.000000
23.000000 209.165557 6.186582 -0.408690 0.538485 0.000000 0.000000 0.000000 1.000000 0.000000 0.000000
23.000000 209.169037 6.200309 -0.420838 0.546098 0.000000 0.000000 0.000000 1.000000 0.000000 0.000000
23.000000 209.172021 6.261465 -0.369034 0.542541 0.000000 0.000000 0.000000 1.000000 0.000000 0.000000
23.000000 209.172130 5.949387 -0.328378 0.520874 0.000000 0.000000 0.000000 1.000000 0.000000 0.000000
23.000000 209.174405 6.176399 -0.411849 0.572480 0.000000 0.000000 0.000000 1.000000 0.000000 0.000000
23.000000 209.174573 6.146717 -0.406070 0.576288 0.000000 0.000000 0.000000 1.000000 0.000000 0.000000
23.000000 209.175406 6.138929 -0.406059 0.579008 0.000000 0.000000 0.000000 1.000000 0.000000 0.000000
23.000000 209.179074 6.144934 -0.413807 0.589440 0.000000 0.000000 0.000000 1.000000 0.000000 0.000000
23.000000 209.181995 6.134215 -0.418312 0.605927 0.000000 0.000000 0.000000 1.000000 0.000000 0.000000
23.000000 209.182099 5.894777 -0.328440 0.558136 0.000000 0.000000 0.000000 1.000000 0.000000 0.000000
23.000000 209.184382 6.212455 -0.388939 0.588943 0.000000 0.000000 0.000000 1.000000 0.000000 0.000000
23.000000 209.184661 6.107901 -0.405540 0.613577 0.000000 0.000000 0.000000 1.000000 0.000000 0.000000
23.000000 209.185345 6.092611 -0.406736 0.614001 0.000000 0.000000 0.000000 1.000000 0.000000 0.000000
23.000000 209.189084 6.098550 -0.413571 0.626681 0.000000 0.000000 0.000000 1.000000 0.000000 0.000000
23.000000 209.191964 6.152136 -0.370312 0.624135 0.000000 0.000000 0.000000 1.000000 0.000000 0.000000
23.000000 209.192082 5.870582 -0.335632 0.600067 0.000000 0.000000 0.000000 1.000000 0.000000 0.000000
23.000000 209.194413 6.088957 -0.413371 0.646464 0.000000 0.000000 0.000000 1.000000 0.000000 0.000000
23.000000 209.194488 6.031329 -0.394846 0.653630 0.000000 0.000000 0.000000 1.000000 0.000000 0.000000
23.000000 209.195404 6.021751 -0.388844 0.657214 0.000000 0.000000 0.000000 1.000000 0.000000 0.000000
23.000000 209.199105 6.052785 -0.416910 0.666271 0.000000 0.000000 0.000000 1.000000 0.000000 0.000000
23.000000 209.202035 6.055348 -0.412559 0.677170 0.000000 0.000000 0.000000 1.000000 0.000000 0.000000
23.000000 209.202146 5.845586 -0.334105 0.636230 0.000000 0.000000 0.000000 1.000000 0.000000 0.000000
23.000000 209.204405 6.123019 -0.389636 0.661672 0.000000 0.000000 0.000000 1.000000 0.000000 0.000000
23.000000 209.204634 6.011273 -0.406419 0.689335 0.000000 0.000000 0.000000 1.000000 0.000000 0.000000
23.000000 209.205327 6.004109 -0.406691 0.692497 0.000000 0.000000 0.000000 1.000000 0.000000 0.000000
23.000000 209.209214 6.014458 -0.417012 0.702255 0.000000 0.000000 0.000000 1.000000 0.000000 0.000000
23.000000 209.212034 6.075888 -0.369940 0.691870 0.000000 0.000000 0.000000 1.000000 0.000000 0.000000
23.000000 209.212097 5.803378 -0.339246 0.677533 0.000000 0.000000 0.000000 1.000000 0.000000 0.000000
23.000000 209.214420 5.984510 -0.408730 0.725037 0.000000 0.000000 0.000000 1.000000 0.000000 0.000000
23.000000 209.214678 5.951460 -0.405650 0.728625 0.000000 0.000000 0.000000 1.000000 0.000000 0.000000
23.000000 209.215372 5.947494 -0.404309 0.731036 0.000000 0.000000 0.000000 1.000000 0.000000 0.000000
23.000000 209.219102 5.960548 -0.415585 0.738701 0.000000 0.000000 0.000000 1.000000 0.000000 0.000000
23.000000 209.221992 5.959900 -0.413780 0.751707 0.000000 0.000000 0.000000 1.000000 0.000000 0.000000
23.000000 209.222100 5.748214 -0.335074 0.711663 0.000000 0.000000 0.000000 1.000000 0.000000 0.000000
23.000000 209.224421 6.014228 -0.389020 0.734654 0.000000 0.000000 0.000000 1.000000 0.000000 0.000000
23.000000 209.224624 5.898103 -0.406733 0.764452 0.000000 0.000000 0.000000 1.000000 0.000000 0.000000
23.000000 209.225315 5.902333 -0.403740 0.768197 0.000000 0.000000 0.000000 1.000000 0.000000 0.000000
23.000000 209.229010 5.919189 -0.417214 0.772930 0.000000 0.000000 0.000000 1.000000 0.000000 0.000000
23.000000 209.231973 5.977272 -0.372354 0.762973 0.000000 0.000000 0.000000 1.000000 0.000000 0.000000
23.000000 209.232059 5.700256 -0.341407 0.745619 0.000000 0.000000 0.000000 1.000000 0.000000 0.000000
23.000000 209.234398 5.890694 -0.412329 0.791781 0.000000 0.000000 0.000000 1.000000 0.000000 0.000000
23.000000 209.234485 5.866471 -0.407407 0.792425 0.000000 0.000000 0.000000 1.000000 0.000000 0.000000
23.000000 209.235371 5.849090 -0.410467 0.794575 0.000000 0.000000 0.000000 1.000000 0.000000 0.000000
23.000000 209.239058 5.863306 -0.423506 0.806473 0.000000 0.000000 0.000000 1.000000 0.000000 0.000000
23.000000 209.242038 5.866055 -0.420763 0.818202 0.000000 0.000000 0.000000 1.000000 0.000000 0.000000
23.000000 209.242091 5.605623 -0.326417 0.768780 0.000000 0.000000 0.000000 1.000000 0.000000 0.000000
23.000000 209.244402 5.937182 -0.389521 0.799958 0.000000 0.000000 0.000000 1.000000 0.000000 0.000000
23.000000 209.244587 5.790755 -0.401828 0.833559 0.000000 0.000000 0.000000 1.000000 0.000000 0.000000
23.000000 209.245297 5.780462 -0.397034 0.832568 0.000000 0.000000 0.000000 1.000000 0.000000 0.000000
23.000000 209.249181 5.816686 -0.423626 0.837119 0.000000 0.000000 0.000000 1.000000 0.000000 0.000000
23.000000 209.252109 5.828254 -0.415258 0.846426 0.000000 0.000000 0.000000 1.000000 0.000000 0.000000
23.000000 209.252139 5.598298 -0.332496 0.806821 0.000000 0.000000 0.000000 1.000000 0.000000 0.000000
23.000000 209.254381 5.872209 -0.388478 0.834807 0.000000 0.000000 0.000000 1.000000 0.000000 0.000000
23.000000 209.254418 5.813997 -0.401315 0.839244 0.000000 0.000000 0.000000 1.000000 0.000000 0.000000
23.000000 209.255428 5.779827 -0.408670 0.844705 0.000000 0.000000 0.000000 1.000000 0.000000 0.000000
23.000000 209.259175 5.778549 -0.417060 0.869673 0.000000 0.000000 0.000000 1.000000 0.000000 0.000000
23.000000 209.262030 5.771560 -0.423014 0.878341 0.000000 0.000000 0.000000 1.000000 0.000000 0.000000
23.000000 209.262246 5.508037 -0.329867 0.821847 0.000000 0.000000 0.000000 1.000000 0.000000 0.000000
23.000000 209.264394 5.858146 -0.393061 0.852003 0.000000 0.000000 0.000000 1.000000 0.000000 0.000000
23.000000 209.265106 5.731247 -0.408767 0.882245 0.000000 0.000000 0.000000 1.000000 0.000000 0.000000
23.000000 209.265341 5.724050 -0.409345 0.888121 0.000000 0.000000 0.000000 1.000000 0.000000 0.000000
23.000000 209.269222 5.728704 -0.417652 0.904202 0.000000 0.000000 0.000000 1.000000 0.000000 0.000000
23.000000 209.272059 5.794601 -0.371192 0.886702 0.000000 0.000000 0.000000 1.000000 0.000000 0.000000
23.000000 209.272108 5.520916 -0.344772 0.861957 0.000000 0.000000 0.000000 1.000000 0.000000 0.000000
23.000000 209.274565 5.721950 -0.417159 0.906733 0.000000 0.000000 0.000000 1.000000 0.000000 0.000000
23.000000 209.274641 5.684937 -0.409817 0.911738 0.000000 0.000000 0.000000 1.000000 0.000000 0.000000
23.000000 209.275424 5.678183 -0.409959 0.917373 0.000000 0.000000 0.000000 1.000000 0.000000 0.000000
23.000000 209.279267 5.684027 -0.419139 0.931704 0.000000 0.000000 0.000000 1.000000 0.000000 0.000000
23.000000 209.282065 5.687132 -0.418056 0.934870 0.000000 0.000000 0.000000 1.000000 0.000000 0.000000
23.000000 209.282206 5.472200 -0.342840 0.888040 0.000000 0.000000 0.000000 1.000000 0.000000 0.000000
23.000000 209.284427 5.767333 -0.397282 0.912460 0.000000 0.000000 0.000000 1.000000 0.000000 0.000000
23.000000 209.284730 5.644819 -0.406155 0.938651 0.000000 0.000000 0.000000 1.000000 0.000000 0.000000
23.000000 209.285403 5.630633 -0.404436 0.940460 0.000000 0.000000 0.000000 1.000000 0.000000 0.000000
23.000000 209.289286 5.642495 -0.416874 0.955955 0.000000 0.000000 0.000000 1.000000 0.000000 0.000000
23.000000 209.292084 5.710793 -0.369187 0.939430 0.000000 0.000000 0.000000 1.000000 0.000000 0.000000
23.000000 209.292121 5.425419 -0.342021 0.912555 0.000000 0.000000 0.000000 1.000000 0.000000 0.000000
23.000000 209.294593 5.603790 -0.404721 0.956160 0.000000 0.000000 0.000000 1.000000 0.000000 0.000000
23.000000 209.294684 5.609385 -0.409059 0.963221 0.000000 0.000000 0.000000 1.000000 0.000000 0.000000
23.000000 209.295463 5.583942 -0.414018 0.980286 0.000000 0.000000 0.000000 1.000000 0.000000 0.000000
23.000000 209.299207 5.591712 -0.417755 0.986468 0.000000 0.000000 0.000000 1.000000 0.000000 0.000000
23.000000 209.302060 5.599131 -0.412011 0.990965 0.000000 0.000000 0.000000 1.000000 0.000000 0.000000
23.000000 209.302182 5.379044 -0.334160 0.951894 0.000000 0.000000 0.000000 1.000000 0.000000 0.000000
23.000000 209.304394 5.647077 -0.392279 0.975336 0.000000 0.000000 0.000000 1.000000 0.000000 0.000000
23.000000 209.304720 5.569197 -0.405578 0.983644 0.000000 0.000000 0.000000 1.000000 0.000000 0.000000
23.000000 209.305244 5.545207 -0.407368 0.989133 0.000000 0.000000 0.000000 1.000000 0.000000 0.000000
23.000000 209.309134 5.549142 -0.418725 1.011458 0.000000 0.000000 0.000000 1.000000 0.000000 0.000000
23.000000 209.312103 5.550578 -0.419546 1.014246 0.000000 0.000000 0.000000 1.000000 0.000000 0.000000
23.000000 209.312160 5.314783 -0.338330 0.965474 0.000000 0.000000 0.000000 1.000000 0.000000 0.000000
23.000000 209.314416 5.615189 -0.396154 0.990461 0.000000 0.000000 0.000000 1.000000 0.000000 0.000000
23.000000 209.314582 5.525185 -0.409219 1.005656 0.000000 0.000000 0.000000 1.000000 0.000000 0.000000
23.000000 209.315266 5.503757 -0.413786 1.013964 0.000000 0.000000 0.000000 1.000000 0.000000 0.000000
23.000000 209.319141 5.507032 -0.425514 1.032813 0.000000 0.000000 0.000000 1.000000 0.000000 0.000000
23.000000 209.322157 5.505218 -0.426724 1.035288 0.000000 0.000000 0.000000 1.000000 0.000000 0.000000
23.000000 209.322189 5.267514 -0.343962 0.989742 0.000000 0.000000 0.000000 1.000000 0.000000 0.000000
23.000000 209.324409 5.565407 -0.398104 1.015237 0.000000 0.000000 0.000000 1.000000 0.000000 0.000000
23.000000 209.324766 5.463433 -0.410725 1.037171 0.000000 0.000000 0.000000 1.000000 0.000000 0.000000
23.000000 209.325214 5.457401 -0.411072 1.044359 0.000000 0.000000 0.000000 1.000000 0.000000 0.000000
23.000000 209.329139 5.465872 -0.423014 1.057984 0.000000 0.000000 0.000000 1.000000 0.000000 0.000000
23.000000 209.332179 5.459209 -0.428308 1.064204 0.000000 0.000000 0.000000 1.000000 0.000000 0.000000
23.000000 209.332195 5.243099 -0.352834 1.017997 0.000000 0.000000 0.000000 1.000000 0.000000 0.000000
23.000000 209.334452 5.520330 -0.401146 1.036557 0.000000 0.000000 0.000000 1.000000 0.000000 0.000000
23.000000 209.334500 5.413948 -0.412619 1.062200 0.000000 0.000000 0.000000 1.000000 0.000000 0.000000
23.000000 209.335294 5.396268 -0.417704 1.066971 0.000000 0.000000 0.000000 1.000000 0.000000 0.000000
23.000000 209.339159 5.401763 -0.425456 1.084338 0.000000 0.000000 0.000000 1.000000 0.000000 0.000000
23.000000 209.342092 5.409230 -0.423195 1.086487 0.000000 0.000000 0.000000 1.000000 0.000000 0.000000
23.000000 209.342213 5.193629 -0.350191 1.039298 0.000000 0.000000 0.000000 1.000000 0.000000 0.000000
23.000000 209.344390 5.471880 -0.401244 1.060347 0.000000 0.000000 0.000000 1.000000 0.000000 0.000000
23.000000 209.344584 5.356729 -0.413341 1.087133 0.000000 0.000000 0.000000 1.000000 0.000000 0.000000
23.000000 209.345227 5.355587 -0.411362 1.092249 0.000000 0.000000 0.000000 1.000000 0.000000 0.000000
23.000000 209.349084 5.366589 -0.422822 1.104189 0.000000 0.000000 0.000000 1.000000 0.000000 0.000000
23.000000 209.352073 5.370329 -0.422452 1.105821 0.000000 0.000000 0.000000 1.000000 0.000000 0.000000
23.000000 209.352257 5.157931 -0.350454 1.061998 0.000000 0.000000 0.000000 1.000000 0.000000 0.000000
23.000000 209.354428 5.423537 -0.401192 1.082858 0.000000 0.000000 0.000000 1.000000 0.000000 0.000000
23.000000 209.354595 5.341110 -0.409188 1.094500 0.000000 0.000000 0.000000 1.000000 0.000000 0.000000
23.000000 209.355357 5.317386 -0.412359 1.101759 0.000000 0.000000 0.000000 1.000000 0.000000 0.000000
23.000000 209.359067 5.319859 -0.422840 1.125762 0.000000 0.000000 0.000000 1.000000 0.000000 0.000000
23.000000 209.362122 5.317105 -0.427398 1.128989 0.000000 0.000000 0.000000 1.000000 0.000000 0.000000
23.000000 209.362268 5.086051 -0.349280 1.081559 0.000000 0.000000 0.000000 1.000000 0.000000 0.000000
23.000000 209.364496 5.371267 -0.401305 1.103774 0.000000 0.000000 0.000000 1.000000 0.000000 0.000000
23.000000 209.364876 5.293090 -0.415960 1.119477 0.000000 0.000000 0.000000 1.000000 0.000000 0.000000
23.000000 209.365276 5.281038 -0.419997 1.127192 0.000000 0.000000 0.000000 1.000000 0.000000 0.000000
23.000000 209.369045 5.284777 -0.428033 1.145756 0.000000 0.000000 0.000000 1.000000 0.000000 0.000000
23.000000 209.372282 5.286833 -0.429784 1.146963 0.000000 0.000000 0.000000 1.000000 0.000000 0.000000
23.000000 209.372301 5.050399 -0.350582 1.097606 0.000000 0.000000 0.000000 1.000000 0.000000 0.000000
23.000000 209.374468 5.343190 -0.378903 1.139596 0.000000 0.000000 0.000000 1.000000 0.000000 0.000000
23.000000 209.374611 5.234567 -0.416318 1.142899 0.000000 0.000000 0.000000 1.000000 0.000000 0.000000
23.000000 209.375325 5.224814 -0.421174 1.156817 0.000000 0.000000 0.000000 1.000000 0.000000 0.000000
23.000000 209.379055 5.230730 -0.423472 1.165820 0.000000 0.000000 0.000000 1.000000 0.000000 0.000000
23.000000 209.382091 5.227060 -0.429193 1.166408 0.000000 0.000000 0.000000 1.000000 0.000000 0.000000
23.000000 209.382317 4.978833 -0.346247 1.114717 0.000000 0.000000 0.000000 1.000000 0.000000 0.000000
23.000000 209.384475 5.287424 -0.401816 1.138552 0.000000 0.000000 0.000000 1.000000 0.000000 0.000000
23.000000 209.385099 5.183199 -0.416824 1.162081 0.000000 0.000000 0.000000 1.000000 0.000000 0.000000
23.000000 209.385292 5.184431 -0.414368 1.166780 0.000000 0.000000 0.000000 1.000000 0.000000 0.000000
23.000000 209.389206 5.190285 -0.421669 1.178640 0.000000 0.000000 0.000000 1.000000 0.000000 0.000000
23.000000 209.392209 5.242628 -0.382964 1.165811 0.000000 0.000000 0.000000 1.000000 0.000000 0.000000
23.000000 209.392226 4.988115 -0.358677 1.141436 0.000000 0.000000 0.000000 1.000000 0.000000 0.000000
23.000000 209.394461 5.172594 -0.422811 1.175100 0.000000 0.000000 0.000000 1.000000 0.000000 0.000000
23.000000 209.395080 5.137984 -0.417731 1.181267 0.000000 0.000000 0.000000 1.000000 0.000000 0.000000
23.000000 209.395325 5.129446 -0.418928 1.184561 0.000000 0.000000 0.000000 1.000000 0.000000 0.000000
23.000000 209.399233 5.136298 -0.426407 1.195947 0.000000 0.000000 0.000000 1.000000 0.000000 0.000000
23.000000 209.402144 5.142713 -0.424683 1.195127 0.000000 0.000000 0.000000 1.000000 0.000000 0.000000
23.000000 209.402205 4.942132 -0.358355 1.155966 0.000000 0.000000 0.000000 1.000000 0.000000 0.000000
23.000000 209.404419 5.180660 -0.405493 1.175898 0.000000 0.000000 0.000000 1.000000 0.000000 0.000000
23.000000 209.404685 5.092533 -0.415639 1.191789 0.000000 0.000000 0.000000 1.000000 0.000000 0.000000
23.000000 209.405312 5.087623 -0.413056 1.197250 0.000000 0.000000 0.000000 1.000000 0.000000 0.000000
23.000000 209.409259 5.093058 -0.421973 1.214251 0.000000 0.000000 0.000000 1.000000 0.000000 0.000000
23.000000 209.412119 5.151513 -0.379969 1.197562 0.000000 0.000000 0.000000 1.000000 0.000000 0.000000
23.000000 209.412189 4.875975 -0.355457 1.173494 0.000000 0.000000 0.000000 1.000000 0.000000 0.000000
23.000000 209.414647 5.063321 -0.422919 1.210816 0.000000 0.000000 0.000000 1.000000 0.000000 0.000000
23.000000 209.414869 5.041382 -0.421113 1.211890 0.000000 0.000000 0.000000 1.000000 0.000000 0.000000
23.000000 209.415340 5.047310 -0.418383 1.217075 0.000000 0.000000 0.000000 1.000000 0.000000 0.000000
23.000000 209.419127 5.049412 -0.423271 1.224355 0.000000 0.000000 0.000000 1.000000 0.000000 0.000000
23.000000 209.422230 5.046236 -0.425505 1.226865 0.000000 0.000000 0.000000 1.000000 0.000000 0.000000
23.000000 209.422302 4.849985 -0.358280 1.188299 0.000000 0.000000 0.000000 1.000000 0.000000 0.000000
23.000000 209.424477 5.093175 -0.405368 1.202651 0.000000 0.000000 0.000000 1.000000 0.000000 0.000000
23.000000 209.424739 5.004461 -0.420391 1.222694 0.000000 0.000000 0.000000 1.000000 0.000000 0.000000
23.000000 209.425445 5.004751 -0.419621 1.228311 0.000000 0.000000 0.000000 1.000000 0.000000 0.000000
23.000000 209.429169 5.005309 -0.423356 1.241380 0.000000 0.000000 0.000000 1.000000 0.000000 0.000000
23.000000 209.432177 5.062136 -0.382399 1.222932 0.000000 0.000000 0.000000 1.000000 0.000000 0.000000
23.000000 209.432233 4.792042 -0.358881 1.197581 0.000000 0.000000 0.000000 1.000000 0.000000 0.000000
23.000000 209.434555 4.978827 -0.423818 1.234294 0.000000 0.000000 0.000000 1.000000 0.000000 0.000000
23.000000 209.434816 4.962739 -0.420672 1.235184 0.000000 0.000000 0.000000 1.000000 0.000000 0.000000
23.000000 209.435336 4.963992 -0.419315 1.239243 0.000000 0.000000 0.000000 1.000000 0.000000 0.000000
23.000000 209.439219 4.962460 -0.420515 1.250755 0.000000 0.000000 0.000000 1.000000 0.000000 0.000000
23.000000 209.442095 4.954631 -0.429238 1.253890 0.000000 0.000000 0.000000 1.000000 0.000000 0.000000
23.000000 209.442178 4.743386 -0.359387 1.210490 0.000000 0.000000 0.000000 1.000000 0.000000 0.000000
23.000000 209.444511 4.996517 -0.406869 1.227397 0.000000 0.000000 0.000000 1.000000 0.000000 0.000000
23.000000 209.444597 4.898677 -0.419855 1.249563 0.000000 0.000000 0.000000 1.000000 0.000000 0.000000
23.000000 209.445330 4.906550 -0.415602 1.255445 0.000000 0.000000 0.000000 1.000000 0.000000 0.000000
23.000000 209.449204 4.916212 -0.426042 1.264563 0.000000 0.000000 0.000000 1.000000 0.000000 0.000000
23.000000 209.452133 4.970557 -0.383264 1.251150 0.000000 0.000000 0.000000 1.000000 0.000000 0.000000
23.000000 209.452276 4.722359 -0.358684 1.226698 0.000000 0.000000 0.000000 1.000000 0.000000 0.000000
23.000000 209.454624 4.908700 -0.427749 1.252559 0.000000 0.000000 0.000000 1.000000 0.000000 0.000000
23.000000 209.454699 4.862688 -0.422394 1.255029 0.000000 0.000000 0.000000 1.000000 0.000000 0.000000
23.000000 209.455660 4.862028 -0.416443 1.256728 0.000000 0.000000 0.000000 1.000000 0.000000 0.000000
23.000000 209.459120 4.869226 -0.424135 1.270403 0.000000 0.000000 0.000000 1.000000 0.000000 0.000000
23.000000 209.462082 4.867853 -0.427813 1.276430 0.000000 0.000000 0.000000 1.000000 0.000000 0.000000
23.000000 209.462282 4.704224 -0.373484 1.242933 0.000000 0.000000 0.000000 1.000000 0.000000 0.000000
23.000000 209.464494 4.894070 -0.412379 1.253516 0.000000 0.000000 0.000000 1.000000 0.000000 0.000000
23.000000 209.464654 4.802697 -0.423717 1.274606 0.000000 0.000000 0.000000 1.000000 0.000000 0.000000
23.000000 209.465385 4.816077 -0.416718 1.278111 0.000000 0.000000 0.000000 1.000000 0.000000 0.000000
23.000000 209.469060 4.828312 -0.428198 1.279105 0.000000 0.000000 0.000000 1.000000 0.000000 0.000000
23.000000 209.472184 4.876812 -0.389034 1.263336 0.000000 0.000000 0.000000 1.000000 0.000000 0.000000
23.000000 209.472315 4.629689 -0.365042 1.242612 0.000000 0.000000 0.000000 1.000000 0.000000 0.000000
23.000000 209.474561 4.785352 -0.417416 1.272469 0.000000 0.000000 0.000000 1.000000 0.000000 0.000000
23.000000 209.474691 4.778290 -0.422846 1.274482 0.000000 0.000000 0.000000 1.000000 0.000000 0.000000
23.000000 209.475343 4.775768 -0.426068 1.284287 0.000000 0.000000 0.000000 1.000000 0.000000 0.000000
23.000000 209.479197 4.777742 -0.425765 1.293746 0.000000 0.000000 0.000000 1.000000 0.000000 0.000000
23.000000 209.482306 4.777981 -0.429020 1.290931 0.000000 0.000000 0.000000 1.000000 0.000000 0.000000
23.000000 209.482382 4.589743 -0.368610 1.252353 0.000000 0.000000 0.000000 1.000000 0.000000 0.000000
23.000000 209.484575 4.798233 -0.410876 1.267071 0.000000 0.000000 0.000000 1.000000 0.000000 0.000000
23.000000 209.484879 4.710386 -0.426341 1.288929 0.000000 0.000000 0.000000 1.000000 0.000000 0.000000
23.000000 209.485497 4.729019 -0.419309 1.292394 0.000000 0.000000 0.000000 1.000000 0.000000 0.000000
23.000000 209.489106 4.737329 -0.425764 1.297275 0.000000 0.000000 0.000000 1.000000 0.000000 0.000000
23.000000 209.492275 4.733797 -0.431349 1.299268 0.000000 0.000000 0.000000 1.000000 0.000000 0.000000
23.000000 209.492326 4.549039 -0.371123 1.261201 0.000000 0.000000 0.000000 1.000000 0.000000 0.000000
23.000000 209.494670 4.768259 -0.391568 1.276224 0.000000 0.000000 0.000000 1.000000 0.000000 0.000000
23.000000 209.494733 4.715581 -0.419724 1.276034 0.000000 0.000000 0.000000 1.000000 0.000000 0.000000
23.000000 209.495470 4.696270 -0.430973 1.297687 0.000000 0.000000 0.000000 1.000000 0.000000 0.000000
23.000000 209.499238 4.688852 -0.424366 1.307573 0.000000 0.000000 0.000000 1.000000 0.000000 0.000000
23.000000 209.502156 4.740201 -0.384819 1.288581 0.000000 0.000000 0.000000 1.000000 0.000000 0.000000
23.000000 209.502258 4.482381 -0.361655 1.254581 0.000000 0.000000 0.000000 1.000000 0.000000 0.000000
23.000000 209.504573 4.699871 -0.434509 1.282958 0.000000 0.000000 0.000000 1.000000 0.000000 0.000000
23.000000 209.504757 4.652647 -0.428250 1.293734 0.000000 0.000000 0.000000 1.000000 0.000000 0.000000
23.000000 209.505364 4.652514 -0.427272 1.299098 0.000000 0.000000 0.000000 1.000000 0.000000 0.000000
23.000000 209.509153 4.646298 -0.426547 1.311309 0.000000 0.000000 0.000000 1.000000 0.000000 0.000000
23.000000 209.512238 4.640829 -0.433194 1.309649 0.000000 0.000000 0.000000 1.000000 0.000000 0.000000
23.000000 209.512344 4.432785 -0.365789 1.267786 0.000000 0.000000 0.000000 1.000000 0.000000 0.000000
23.000000 209.514645 4.702092 -0.391061 1.303929 0.000000 0.000000 0.000000 1.000000 0.000000 0.000000
23.000000 209.514688 4.588244 -0.427595 1.304783 0.000000 0.000000 0.000000 1.000000 0.000000 0.000000
23.000000 209.515481 4.606619 -0.431840 1.307630 0.000000 0.000000 0.000000 1.000000 0.000000 0.000000
23.000000 209.519360 4.603427 -0.428854 1.313285 0.000000 0.000000 0.000000 1.000000 0.000000 0.000000
23.000000 209.522223 4.645035 -0.395038 1.297043 0.000000 0.000000 0.000000 1.000000 0.000000 0.000000
23.000000 209.522249 4.424216 -0.374603 1.277970 0.000000 0.000000 0.000000 1.000000 0.000000 0.000000
23.000000 209.524600 4.566790 -0.426680 1.301652 0.000000 0.000000 0.000000 1.000000 0.000000 0.000000
23.000000 209.524832 4.534702 -0.427199 1.306678 0.000000 0.000000 0.000000 1.000000 0.000000 0.000000
23.000000 209.525340 4.553339 -0.421535 1.312688 0.000000 0.000000 0.000000 1.000000 0.000000 0.000000
23.000000 209.529244 4.556534 -0.426233 1.317756 0.000000 0.000000 0.000000 1.000000 0.000000 0.000000
23.000000 209.532113 4.601880 -0.391314 1.299939 0.000000 0.000000 0.000000 1.000000 0.000000 0.000000
23.000000 209.532308 4.368322 -0.371069 1.275908 0.000000 0.000000 0.000000 1.000000 0.000000 0.000000
23.000000 209.534720 4.516240 -0.420254 1.304556 0.000000 0.000000 0.000000 1.000000 0.000000 0.000000
23.000000 209.534800 4.506745 -0.427230 1.308425 0.000000 0.000000 0.000000 1.000000 0.000000 0.000000
23.000000 209.535366 4.507615 -0.431398 1.317216 0.000000 0.000000 0.000000 1.000000 0.000000 0.000000
23.000000 209.539186 4.507688 -0.430783 1.321862 0.000000 0.000000 0.000000 1.000000 0.000000 0.000000
23.000000 209.542224 4.547241 -0.398270 1.306603 0.000000 0.000000 0.000000 1.000000 0.000000 0.000000
23.000000 209.542238 4.343253 -0.379270 1.283954 0.000000 0.000000 0.000000 1.000000 0.000000 0.000000
23.000000 209.544507 4.492311 -0.430930 1.303951 0.000000 0.000000 0.000000 1.000000 0.000000 0.000000
23.000000 209.544843 4.414065 -0.422405 1.321426 0.000000 0.000000 0.000000 1.000000 0.000000 0.000000
23.000000 209.545439 4.444803 -0.407847 1.325580 0.000000 0.000000 0.000000 1.000000 0.000000 0.000000
23.000000 209.549142 4.467297 -0.427549 1.321982 0.000000 0.000000 0.000000 1.000000 0.000000 0.000000
23.000000 209.552140 4.511514 -0.393370 1.301092 0.000000 0.000000 0.000000 1.000000 0.000000 0.000000
23.000000 209.552362 4.284522 -0.374321 1.270817 0.000000 0.000000 0.000000 1.000000 0.000000 0.000000
23.000000 209.554594 4.466918 -0.435849 1.295032 0.000000 0.000000 0.000000 1.000000 0.000000 0.000000
23.000000 209.554744 4.425025 -0.424308 1.299013 0.000000 0.000000 0.000000 1.000000 0.000000 0.000000
23.000000 209.555449 4.423327 -0.420464 1.307011 0.000000 0.000000 0.000000 1.000000 0.000000 0.000000
23.000000 209.559195 4.422452 -0.427340 1.322867 0.000000 0.000000 0.000000 1.000000 0.000000 0.000000
23.000000 209.562200 4.419604 -0.431328 1.319114 0.000000 0.000000 0.000000 1.000000 0.000000 0.000000
23.000000 209.562209 4.256670 -0.379271 1.285619 0.000000 0.000000 0.000000 1.000000 0.000000 0.000000
23.000000 209.564517 4.437871 -0.416377 1.296166 0.000000 0.000000 0.000000 1.000000 0.000000 0.000000
23.000000 209.564762 4.375377 -0.435280 1.314802 0.000000 0.000000 0.000000 1.000000 0.000000 0.000000
23.000000 209.565570 4.387280 -0.434818 1.319707 0.000000 0.000000 0.000000 1.000000 0.000000 0.000000
23.000000 209.569078 4.381870 -0.432335 1.320322 0.000000 0.000000 0.000000 1.000000 0.000000 0.000000
23.000000 209.572172 4.421922 -0.399195 1.301629 0.000000 0.000000 0.000000 1.000000 0.000000 0.000000
23.000000 209.572248 4.200123 -0.379472 1.283089 0.000000 0.000000 0.000000 1.000000 0.000000 0.000000
23.000000 209.574664 4.342282 -0.430132 1.308425 0.000000 0.000000 0.000000 1.000000 0.000000 0.000000
23.000000 209.574744 4.349074 -0.437354 1.306431 0.000000 0.000000 0.000000 1.000000 0.000000 0.000000
23.000000 209.575384 4.353859 -0.440212 1.310727 0.000000 0.000000 0.000000 1.000000 0.000000 0.000000
23.000000 209.579125 4.334635 -0.426332 1.318113 0.000000 0.000000 0.000000 1.000000 0.000000 0.000000
23.000000 209.582098 4.327370 -0.433850 1.316051 0.000000 0.000000 0.000000 1.000000 0.000000 0.000000
23.000000 209.582210 4.154573 -0.378552 1.279694 0.000000 0.000000 0.000000 1.000000 0.000000 0.000000
23.000000 209.584532 4.349872 -0.416837 1.289940 0.000000 0.000000 0.000000 1.000000 0.000000 0.000000
23.000000 209.584875 4.278141 -0.426342 1.304856 0.000000 0.000000 0.000000 1.000000 0.000000 0.000000
23.000000 209.585618 4.281464 -0.420985 1.307121 0.000000 0.000000 0.000000 1.000000 0.000000 0.000000
23.000000 209.589235 4.285654 -0.427089 1.313323 0.000000 0.000000 0.000000 1.000000 0.000000 0.000000
23.000000 209.592142 4.308024 -0.407939 1.307500 0.000000 0.000000 0.000000 1.000000 0.000000 0.000000
23.000000 209.592320 4.156589 -0.393307 1.288434 0.000000 0.000000 0.000000 1.000000 0.000000 0.000000
23.000000 209.594606 4.268727 -0.432920 1.299055 0.000000 0.000000 0.000000 1.000000 0.000000 0.000000
23.000000 209.594704 4.210355 -0.426529 1.311057 0.000000 0.000000 0.000000 1.000000 0.000000 0.000000
23.000000 209.595471 4.231692 -0.415318 1.313816 0.000000 0.000000 0.000000 1.000000 0.000000 0.000000
23.000000 209.599162 4.244866 -0.428038 1.311732 0.000000 0.000000 0.000000 1.000000 0.000000 0.000000
23.000000 209.602217 4.244037 -0.427144 1.312368 0.000000 0.000000 0.000000 1.000000 0.000000 0.000000
23.000000 209.602219 4.158448 -0.397955 1.297816 0.000000 0.000000 0.000000 1.000000 0.000000 0.000000
23.000000 209.604591 4.225015 -0.422049 1.297168 0.000000 0.000000 0.000000 1.000000 0.000000 0.000000
23.000000 209.604821 4.167534 -0.425493 1.304887 0.000000 0.000000 0.000000 1.000000 0.000000 0.000000
23.000000 209.605439 4.182375 -0.412817 1.307023 0.000000 0.000000 0.000000 1.000000 0.000000 0.000000
23.000000 209.609234 4.200028 -0.430572 1.306597 0.000000 0.000000 0.000000 1.000000 0.000000 0.000000
23.000000 209.612193 4.225908 -0.407896 1.295644 0.000000 0.000000 0.000000 1.000000 0.000000 0.000000
23.000000 209.612317 4.043675 -0.390823 1.275500 0.000000 0.000000 0.000000 1.000000 0.000000 0.000000
23.000000 209.614646 4.168223 -0.434862 1.290626 0.000000 0.000000 0.000000 1.000000 0.000000 0.000000
23.000000 209.614717 4.171908 -0.441940 1.289977 0.000000 0.000000 0.000000 1.000000 0.000000 0.000000
23.000000 209.615377 4.179483 -0.445102 1.296575 0.000000 0.000000 0.000000 1.000000 0.000000 0.000000
23.000000 209.619302 4.159473 -0.432131 1.301963 0.000000 0.000000 0.000000 1.000000 0.000000 0.000000
23.000000 209.622253 4.188019 -0.406351 1.287326 0.000000 0.000000 0.000000 1.000000 0.000000 0.000000
23.000000 209.622310 3.986514 -0.387480 1.265692 0.000000 0.000000 0.000000 1.000000 0.000000 0.000000
23.000000 209.624579 4.122003 -0.434036 1.283554 0.000000 0.000000 0.000000 1.000000 0.000000 0.000000
23.000000 209.625085 4.088489 -0.428448 1.288202 0.000000 0.000000 0.000000 1.000000 0.000000 0.000000
23.000000 209.625392 4.107830 -0.419375 1.293558 0.000000 0.000000 0.000000 1.000000 0.000000 0.000000
23.000000 209.629288 4.112886 -0.427962 1.293357 0.000000 0.000000 0.000000 1.000000 0.000000 0.000000
23.000000 209.632152 4.133896 -0.407562 1.281592 0.000000 0.000000 0.000000 1.000000 0.000000 0.000000
23.000000 209.632384 3.948318 -0.389603 1.262207 0.000000 0.000000 0.000000 1.000000 0.000000 0.000000
23.000000 209.634691 4.083220 -0.436182 1.279007 0.000000 0.000000 0.000000 1.000000 0.000000 0.000000
23.000000 209.634855 4.053075 -0.431152 1.282509 0.000000 0.000000 0.000000 1.000000 0.000000 0.000000
23.000000 209.635395 4.059117 -0.424398 1.282806 0.000000 0.000000 0.000000 1.000000 0.000000 0.000000
23.000000 209.639256 4.064564 -0.430985 1.282299 0.000000 0.000000 0.000000 1.000000 0.000000 0.000000
23.000000 209.642236 4.095767 -0.405536 1.265389 0.000000 0.000000 0.000000 1.000000 0.000000 0.000000
23.000000 209.642300 3.897391 -0.389096 1.243954 0.000000 0.000000 0.000000 1.000000 0.000000 0.000000
23.000000 209.644527 4.047105 -0.439244 1.267780 0.000000 0.000000 0.000000 1.000000 0.000000 0.000000
23.000000 209.644877 3.994724 -0.429388 1.277751 0.000000 0.000000 0.000000 1.000000 0.000000 0.000000
23.000000 209.645550 4.015000 -0.416411 1.279610 0.000000 0.000000 0.000000 1.000000 0.000000 0.000000
23.000000 209.649222 4.022334 -0.425831 1.277081 0.000000 0.000000 0.000000 1.000000 0.000000 0.000000
23.000000 209.652147 4.052357 -0.400455 1.257711 0.000000 0.000000 0.000000 1.000000 0.000000 0.000000
23.000000 209.652421 3.844810 -0.383061 1.226405 0.000000 0.000000 0.000000 1.000000 0.000000 0.000000
23.000000 209.654662 4.030198 -0.443109 1.247249 0.000000 0.000000 0.000000 1.000000 0.000000 0.000000
23.000000 209.654746 3.999452 -0.431914 1.250345 0.000000 0.000000 0.000000 1.000000 0.000000 0.000000
23.000000 209.655548 3.990845 -0.429701 1.254954 0.000000 0.000000 0.000000 1.000000 0.000000 0.000000
23.000000 209.659171 3.979776 -0.428310 1.264852 0.000000 0.000000 0.000000 1.000000 0.000000 0.000000
23.000000 209.662226 3.972459 -0.434644 1.256485 0.000000 0.000000 0.000000 1.000000 0.000000 0.000000
23.000000 209.662389 3.835405 -0.392066 1.227992 0.000000 0.000000 0.000000 1.000000 0.000000 0.000000
23.000000 209.664549 3.988714 -0.424950 1.237540 0.000000 0.000000 0.000000 1.000000 0.000000 0.000000
23.000000 209.664901 3.936583 -0.436769 1.249740 0.000000 0.000000 0.000000 1.000000 0.000000 0.000000
23.000000 209.665545 3.945685 -0.432805 1.254511 0.000000 0.000000 0.000000 1.000000 0.000000 0.000000
23.000000 209.669325 3.935373 -0.429507 1.256574 0.000000 0.000000 0.000000 1.000000 0.000000 0.000000
23.000000 209.672245 3.963072 -0.404650 1.235630 0.000000 0.000000 0.000000 1.000000 0.000000 0.000000
23.000000 209.672393 3.775978 -0.388856 1.214312 0.000000 0.000000 0.000000 1.000000 0.000000 0.000000
23.000000 209.674669 3.916938 -0.437848 1.234155 0.000000 0.000000 0.000000 1.000000 0.000000 0.000000
23.000000 209.674841 3.895540 -0.437500 1.237325 0.000000 0.000000 0.000000 1.000000 0.000000 0.000000
23.000000 209.675426 3.905693 -0.434109 1.241896 0.000000 0.000000 0.000000 1.000000 0.000000 0.000000
23.000000 209.679333 3.893518 -0.428449 1.244614 0.000000 0.000000 0.000000 1.000000 0.000000 0.000000
23.000000 209.682336 3.886790 -0.435162 1.233401 0.000000 0.000000 0.000000 1.000000 0.000000 0.000000
23.000000 209.682423 3.759364 -0.396955 1.208012 0.000000 0.000000 0.000000 1.000000 0.000000 0.000000
23.000000 209.684597 3.889773 -0.426076 1.219376 0.000000 0.000000 0.000000 1.000000 0.000000 0.000000
23.000000 209.685089 3.856694 -0.440312 1.227949 0.000000 0.000000 0.000000 1.000000 0.000000 0.000000
23.000000 209.685434 3.863010 -0.436991 1.226956 0.000000 0.000000 0.000000 1.000000 0.000000 0.000000
23.000000 209.689209 3.848486 -0.425851 1.227016 0.000000 0.000000 0.000000 1.000000 0.000000 0.000000
23.000000 209.692192 3.876508 -0.402094 1.208946 0.000000 0.000000 0.000000 1.000000 0.000000 0.000000
23.000000 209.692402 3.671799 -0.385206 1.183158 0.000000 0.000000 0.000000 1.000000 0.000000 0.000000
23.000000 209.694721 3.842255 -0.442092 1.206443 0.000000 0.000000 0.000000 1.000000 0.000000 0.000000
23.000000 209.694721 3.809123 -0.442192 1.216475 0.000000 0.000000 0.000000 1.000000 0.000000 0.000000
23.000000 209.695468 3.819519 -0.438870 1.217788 0.000000 0.000000 0.000000 1.000000 0.000000 0.000000
23.000000 209.699277 3.806027 -0.430370 1.214044 0.000000 0.000000 0.000000 1.000000 0.000000 0.000000
23.000000 209.702327 3.804064 -0.433086 1.197003 0.000000 0.000000 0.000000 1.000000 0.000000 0.000000
23.000000 209.702462 3.682953 -0.397870 1.174151 0.000000 0.000000 0.000000 1.000000 0.000000 0.000000
23.000000 209.704576 3.813312 -0.427808 1.189324 0.000000 0.000000 0.000000 1.000000 0.000000 0.000000
23.000000 209.705528 3.782813 -0.443864 1.199699 0.000000 0.000000 0.000000 1.000000 0.000000 0.000000
23.000000 209.705848 3.746917 -0.408401 1.202545 0.000000 0.000000 0.000000 1.000000 0.000000 0.000000
23.000000 209.709345 3.785821 -0.397262 1.187801 0.000000 0.000000 0.000000 1.000000 0.000000 0.000000
23.000000 209.712267 3.788551 -0.404291 1.178343 0.000000 0.000000 0.000000 1.000000 0.000000 0.000000
23.000000 209.712474 3.591048 -0.387965 1.155333 0.000000 0.000000 0.000000 1.000000 0.000000 0.000000
23.000000 209.714611 3.730391 -0.432710 1.179507 0.000000 0.000000 0.000000 1.000000 0.000000 0.000000
23.000000 209.714687 3.717626 -0.440330 1.182388 0.000000 0.000000 0.000000 1.000000 0.000000 0.000000
23.000000 209.715550 3.736199 -0.445073 1.183667 0.000000 0.000000 0.000000 1.000000 0.000000 0.000000
23.000000 209.719213 3.716789 -0.431049 1.185564 0.000000 0.000000 0.000000 1.000000 0.000000 0.000000
23.000000 209.722486 3.743166 -0.405789 1.162002 0.000000 0.000000 0.000000 1.000000 0.000000 0.000000
23.000000 209.722522 3.563054 -0.390692 1.140928 0.000000 0.000000 0.000000 1.000000 0.000000 0.000000
23.000000 209.724586 3.707478 -0.440176 1.161212 0.000000 0.000000 0.000000 1.000000 0.000000 0.000000
23.000000 209.724728 3.697161 -0.443484 1.163437 0.000000 0.000000 0.000000 1.000000 0.000000 0.000000
23.000000 209.725534 3.701841 -0.444750 1.168349 0.000000 0.000000 0.000000 1.000000 0.000000 0.000000
23.000000 209.729266 3.676501 -0.429463 1.167976 0.000000 0.000000 0.000000 1.000000 0.000000 0.000000
23.000000 209.732302 3.694059 -0.411178 1.144061 0.000000 0.000000 0.000000 1.000000 0.000000 0.000000
23.000000 209.732473 3.518755 -0.396790 1.121508 0.000000 0.000000 0.000000 1.000000 0.000000 0.000000
23.000000 209.734659 3.637104 -0.434558 1.138061 0.000000 0.000000 0.000000 1.000000 0.000000 0.000000
23.000000 209.734687 3.655437 -0.436197 1.143846 0.000000 0.000000 0.000000 1.000000 0.000000 0.000000
23.000000 209.735500 3.641081 -0.442132 1.160293 0.000000 0.000000 0.000000 1.000000 0.000000 0.000000
23.000000 209.739185 3.629808 -0.435718 1.154948 0.000000 0.000000 0.000000 1.000000 0.000000 0.000000
23.000000 209.742345 3.659417 -0.406637 1.122396 0.000000 0.000000 0.000000 1.000000 0.000000 0.000000
23.000000 209.742464 3.456632 -0.390553 1.098142 0.000000 0.000000 0.000000 1.000000 0.000000 0.000000
23.000000 209.744631 3.625258 -0.444634 1.124852 0.000000 0.000000 0.000000 1.000000 0.000000 0.000000
23.000000 209.744744 3.605532 -0.430186 1.122394 0.000000 0.000000 0.000000 1.000000 0.000000 0.000000
23.000000 209.745782 3.608573 -0.417143 1.119460 0.000000 0.000000 0.000000 1.000000 0.000000 0.000000
23.000000 209.749203 3.602865 -0.416963 1.119080 0.000000 0.000000 0.000000 1.000000 0.000000 0.000000
23.000000 209.752426 3.606993 -0.413283 1.105593 0.000000 0.000000 0.000000 1.000000 0.000000 0.000000
23.000000 209.752446 3.477634 -0.403972 1.078255 0.000000 0.000000 0.000000 1.000000 0.000000 0.000000
23.000000 209.754684 3.619259 -0.450293 1.089463 0.000000 0.000000 0.000000 1.000000 0.000000 0.000000
23.000000 209.754732 3.520526 -0.428977 1.113250 0.000000 0.000000 0.000000 1.000000 0.000000 0.000000
23.000000 209.759394 3.553650 -0.407585 1.098898 0.000000 0.000000 0.000000 1.000000 0.000000 0.000000
23.000000 209.762206 3.557894 -0.415833 1.085826 0.000000 0.000000 0.000000 1.000000 0.000000 0.000000
23.000000 209.762305 3.406890 -0.405205 1.066389 0.000000 0.000000 0.000000 1.000000 0.000000 0.000000
23.000000 209.764703 3.485014 -0.430051 1.079526 0.000000 0.000000 0.000000 1.000000 0.000000 0.000000
23.000000 209.764809 3.511174 -0.435347 1.088411 0.000000 0.000000 0.000000 1.000000 0.000000 0.000000
23.000000 209.769320 3.483491 -0.446490 1.092555 0.000000 0.000000 0.000000 1.000000 0.000000 0.000000
23.000000 209.772372 3.526225 -0.406432 1.056295 0.000000 0.000000 0.000000 1.000000 0.000000 0.000000
23.000000 209.772538 3.336179 -0.391744 1.036486 0.000000 0.000000 0.000000 1.000000 0.000000 0.000000
23.000000 209.774590 3.465953 -0.433123 1.061259 0.000000 0.000000 0.000000 1.000000 0.000000 0.000000
23.000000 209.774794 3.473002 -0.439137 1.066404 0.000000 0.000000 0.000000 1.000000 0.000000 0.000000
23.000000 209.779417 3.443449 -0.445750 1.071713 0.000000 0.000000 0.000000 1.000000 0.000000 0.000000
23.000000 209.782251 3.498903 -0.391949 1.037854 0.000000 0.000000 0.000000 1.000000 0.000000 0.000000
23.000000 209.782428 3.174165 -0.362290 0.998613 0.000000 0.000000 0.000000 1.000000 0.000000 0.000000
23.000000 209.784703 3.456799 -0.449785 1.038513 0.000000 0.000000 0.000000 1.000000 0.000000 0.000000
23.000000 209.784764 3.424802 -0.434453 1.043747 0.000000 0.000000 0.000000 1.000000 0.000000 0.000000
23.000000 209.789370 3.409294 -0.429102 1.030988 0.000000 0.000000 0.000000 1.000000 0.000000 0.000000
23.000000 209.792218 3.434153 -0.412353 1.014729 0.000000 0.000000 0.000000 1.000000 0.000000 0.000000
23.000000 209.792434 3.253512 -0.398135 0.995047 0.000000 0.000000 0.000000 1.000000 0.000000 0.000000
23.000000 209.794773 3.411429 -0.450691 1.021235 0.000000 0.000000 0.000000 1.000000 0.000000 0.000000
23.000000 209.794886 3.371571 -0.432697 1.023017 0.000000 0.000000 0.000000 1.000000 0.000000 0.000000
23.000000 209.799212 3.373641 -0.417287 1.007016 0.000000 0.000000 0.000000 1.000000 0.000000 0.000000
23.000000 209.802321 3.362299 -0.442238 0.989971 0.000000 0.000000 0.000000 1.000000 0.000000 0.000000
23.000000 209.802331 3.172163 -0.390401 0.951190 0.000000 0.000000 0.000000 1.000000 0.000000 0.000000
23.000000 209.804747 3.358965 -0.406712 0.972285 0.000000 0.000000 0.000000 1.000000 0.000000 0.000000
23.000000 209.804800 3.371170 -0.427907 0.980068 0.000000 0.000000 0.000000 1.000000 0.000000 0.000000
23.000000 209.809443 3.312560 -0.448913 1.002058 0.000000 0.000000 0.000000 1.000000 0.000000 0.000000
23.000000 209.812238 3.357050 -0.403613 0.966257 0.000000 0.000000 0.000000 1.000000 0.000000 0.000000
23.000000 209.812435 3.101769 -0.380948 0.934084 0.000000 0.000000 0.000000 1.000000 0.000000 0.000000
23.000000 209.814735 3.251123 -0.427999 0.957682 0.000000 0.000000 0.000000 1.000000 0.000000 0.000000
23.000000 209.814860 3.290739 -0.434028 0.974591 0.000000 0.000000 0.000000 1.000000 0.000000 0.000000
23.000000 209.819323 3.272824 -0.450010 0.972735 0.000000 0.000000 0.000000 1.000000 0.000000 0.000000
23.000000 209.822322 3.297108 -0.424970 0.937563 0.000000 0.000000 0.000000 1.000000 0.000000 0.000000
23.000000 209.822355 3.182846 -0.417588 0.923916 0.000000 0.000000 0.000000 1.000000 0.000000 0.000000
23.000000 209.824757 3.284394 -0.451702 0.942345 0.000000 0.000000 0.000000 1.000000 0.000000 0.000000
23.000000 209.824925 3.236705 -0.435579 0.950089 0.000000 0.000000 0.000000 1.000000 0.000000 0.000000
23.000000 209.829312 3.239020 -0.425709 0.933064 0.000000 0.000000 0.000000 1.000000 0.000000 0.000000
23.000000 209.832386 3.274112 -0.409621 0.900901 0.000000 0.000000 0.000000 1.000000 0.000000 0.000000
23.000000 209.832636 3.083500 -0.399399 0.879412 0.000000 0.000000 0.000000 1.000000 0.000000 0.000000
23.000000 209.834742 3.239860 -0.451578 0.913344 0.000000 0.000000 0.000000 1.000000 0.000000 0.000000
23.000000 209.834775 3.229121 -0.437492 0.906227 0.000000 0.000000 0.000000 1.000000 0.000000 0.000000
23.000000 209.839321 3.200326 -0.427177 0.894670 0.000000 0.000000 0.000000 1.000000 0.000000 0.000000
23.000000 209.842285 3.227779 -0.400797 0.882096 0.000000 0.000000 0.000000 1.000000 0.000000 0.000000
23.000000 209.842425 2.946662 -0.376759 0.844963 0.000000 0.000000 0.000000 1.000000 0.000000 0.000000
23.000000 209.844716 3.208117 -0.455973 0.883714 0.000000 0.000000 0.000000 1.000000 0.000000 0.000000
23.000000 209.844749 3.166381 -0.441053 0.895568 0.000000 0.000000 0.000000 1.000000 0.000000 0.000000
23.000000 209.849410 3.129198 -0.444672 0.879799 0.000000 0.000000 0.000000 1.000000 0.000000 0.000000
23.000000 209.852341 3.173374 -0.415314 0.846638 0.000000 0.000000 0.000000 1.000000 0.000000 0.000000
23.000000 209.852623 3.012005 -0.407105 0.822665 0.000000 0.000000 0.000000 1.000000 0.000000 0.000000
23.000000 209.854614 3.104358 -0.436271 0.845347 0.000000 0.000000 0.000000 1.000000 0.000000 0.000000
23.000000 209.854925 3.143828 -0.439639 0.860813 0.000000 0.000000 0.000000 1.000000 0.000000 0.000000
23.000000 209.859389 3.096136 -0.451817 0.865652 0.000000 0.000000 0.000000 1.000000 0.000000 0.000000
23.000000 209.862313 3.136734 -0.405675 0.823554 0.000000 0.000000 0.000000 1.000000 0.000000 0.000000
23.000000 209.862409 2.868044 -0.381256 0.787147 0.000000 0.000000 0.000000 1.000000 0.000000 0.000000
23.000000 209.864760 3.127597 -0.457160 0.823983 0.000000 0.000000 0.000000 1.000000 0.000000 0.000000
23.000000 209.864763 3.116594 -0.433724 0.820110 0.000000 0.000000 0.000000 1.000000 0.000000 0.000000
23.000000 209.869374 3.063708 -0.430584 0.801267 0.000000 0.000000 0.000000 1.000000 0.000000 0.000000
23.000000 209.872320 3.083163 -0.417995 0.785393 0.000000 0.000000 0.000000 1.000000 0.000000 0.000000
23.000000 209.872385 2.930538 -0.408243 0.764730 0.000000 0.000000 0.000000 1.000000 0.000000 0.000000
23.000000 209.874629 3.050199 -0.445690 0.786994 0.000000 0.000000 0.000000 1.000000 0.000000 0.000000
23.000000 209.874930 3.078334 -0.444758 0.794176 0.000000 0.000000 0.000000 1.000000 0.000000 0.000000
23.000000 209.879360 3.015947 -0.449197 0.801512 0.000000 0.000000 0.000000 1.000000 0.000000 0.000000
23.000000 209.882351 3.044991 -0.417901 0.758442 0.000000 0.000000 0.000000 1.000000 0.000000 0.000000
23.000000 209.882461 2.871141 -0.405815 0.729586 0.000000 0.000000 0.000000 1.000000 0.000000 0.000000
23.000000 209.884838 2.976930 -0.438796 0.748687 0.000000 0.000000 0.000000 1.000000 0.000000 0.000000
23.000000 209.884868 3.021703 -0.439875 0.765787 0.000000 0.000000 0.000000 1.000000 0.000000 0.000000
23.000000 209.889343 2.973718 -0.451214 0.771880 0.000000 0.000000 0.000000 1.000000 0.000000 0.000000
23.000000 209.892360 3.012159 -0.408678 0.728340 0.000000 0.000000 0.000000 1.000000 0.000000 0.000000
23.000000 209.892553 2.762271 -0.387851 0.692229 0.000000 0.000000 0.000000 1.000000 0.000000 0.000000
23.000000 209.894683 2.923874 -0.438041 0.716694 0.000000 0.000000 0.000000 1.000000 0.000000 0.000000
23.000000 209.894886 2.982118 -0.439059 0.734791 0.000000 0.000000 0.000000 1.000000 0.000000 0.000000
23.000000 209.899360 2.941665 -0.454259 0.734427 0.000000 0.000000 0.000000 1.000000 0.000000 0.000000
23.000000 209.902344 2.964589 -0.427554 0.688579 0.000000 0.000000 0.000000 1.000000 0.000000 0.000000
23.000000 209.902538 2.852488 -0.421633 0.674847 0.000000 0.000000 0.000000 1.000000 0.000000 0.000000
23.000000 209.904689 2.877839 -0.429775 0.686094 0.000000 0.000000 0.000000 1.000000 0.000000 0.000000
23.000000 209.904800 2.934615 -0.433568 0.703595 0.000000 0.000000 0.000000 1.000000 0.000000 0.000000
23.000000 209.909279 2.906591 -0.451702 0.694124 0.000000 0.000000 0.000000 1.000000 0.000000 0.000000
23.000000 209.912319 2.930077 -0.414378 0.653758 0.000000 0.000000 0.000000 1.000000 0.000000 0.000000
23.000000 209.912490 2.679632 -0.388914 0.625144 0.000000 0.000000 0.000000 1.000000 0.000000 0.000000
23.000000 209.914660 2.890869 -0.454206 0.653663 0.000000 0.000000 0.000000 1.000000 0.000000 0.000000
23.000000 209.914876 2.920050 -0.452273 0.658642 0.000000 0.000000 0.000000 1.000000 0.000000 0.000000
23.000000 209.919312 2.872035 -0.456732 0.656616 0.000000 0.000000 0.000000 1.000000 0.000000 0.000000
23.000000 209.922339 2.885336 -0.435451 0.620973 0.000000 0.000000 0.000000 1.000000 0.000000 0.000000
23.000000 209.922447 2.754041 -0.424476 0.599039 0.000000 0.000000 0.000000 1.000000 0.000000 0.000000
23.000000 209.924733 2.837451 -0.450264 0.609777 0.000000 0.000000 0.000000 1.000000 0.000000 0.000000
23.000000 209.932351 2.959266 -0.417878 0.609567 0.000000 0.000000 0.000000 1.000000 0.000000 0.000000
23.000000 209.932469 2.605183 -0.387404 0.545038 0.000000 0.000000 0.000000 1.000000 0.000000 0.000000
23.000000 209.934698 2.820311 -0.453987 0.581994 0.000000 0.000000 0.000000 1.000000 0.000000 0.000000
23.000000 209.942331 2.929702 -0.425301 0.575892 0.000000 0.000000 0.000000 1.000000 0.000000 0.000000
23.000000 209.942459 2.570190 -0.394576 0.506777 0.000000 0.000000 0.000000 1.000000 0.000000 0.000000
23.000000 209.944707 2.705167 -0.436164 0.527581 0.000000 0.000000 0.000000 1.000000 0.000000 0.000000
23.000000 209.952373 2.687425 -0.441642 0.507393 0.000000 0.000000 0.000000 1.000000 0.000000 0.000000
23.000000 209.952436 2.496685 -0.382847 0.467586 0.000000 0.000000 0.000000 1.000000 0.000000 0.000000
23.000000 209.954678 2.777306 -0.406470 0.495203 0.000000 0.000000 0.000000 1.000000 0.000000 0.000000
23.000000 209.962398 2.685776 -0.431268 0.463291 0.000000 0.000000 0.000000 1.000000 0.000000 0.000000
23.000000 209.962502 2.559465 -0.420379 0.441759 0.000000 0.000000 0.000000 1.000000 0.000000 0.000000
23.000000 209.964761 2.618631 -0.438592 0.453132 0.000000 0.000000 0.000000 1.000000 0.000000 0.000000
23.000000 209.972421 2.752348 -0.403360 0.455800 0.000000 0.000000 0.000000 1.000000 0.000000 0.000000
23.000000 209.972444 2.374715 -0.370802 0.382193 0.000000 0.000000 0.000000 1.000000 0.000000 0.000000
23.000000 209.974699 2.594597 -0.438299 0.418818 0.000000 0.000000 0.000000 1.000000 0.000000 0.000000
23.000000 209.982368 2.685802 -0.414985 0.411484 0.000000 0.000000 0.000000 1.000000 0.000000 0.000000
23.000000 209.982390 2.420668 -0.392535 0.349449 0.000000 0.000000 0.000000 1.000000 0.000000 0.000000
23.000000 209.984825 2.548669 -0.431772 0.370344 0.000000 0.000000 0.000000 1.000000 0.000000 0.000000
23.000000 209.992395 2.529610 -0.438040 0.349279 0.000000 0.000000 0.000000 1.000000 0.000000 0.000000
23.000000 209.992573 2.522476 -0.437696 0.329533 0.000000 0.000000 0.000000 1.000000 0.000000 0.000000
23.000000 209.994747 2.472242 -0.422321 0.321612 0.000000 0.000000 0.000000 1.000000 0.000000 0.000000
23.000000 210.002436 2.512995 -0.411701 0.318145 0.000000 0.000000 0.000000 1.000000 0.000000 0.000000
23.000000 210.002511 2.371798 -0.399719 0.279381 0.000000 0.000000 0.000000 1.000000 0.000000 0.000000
23.000000 210.004863 2.441031 -0.421072 0.286654 0.000000 0.000000 0.000000 1.000000 0.000000 0.000000
23.000000 210.012385 2.466857 -0.414904 0.278595 0.000000 0.000000 0.000000 1.000000 0.000000 0.000000
23.000000 210.012549 2.306926 -0.401366 0.235798 0.000000 0.000000 0.000000 1.000000 0.000000 0.000000
23.000000 210.014709 2.441270 -0.441938 0.247301 0.000000 0.000000 0.000000 1.000000 0.000000 0.000000
23.000000 210.022383 2.509247 -0.423980 0.242543 0.000000 0.000000 0.000000 1.000000 0.000000 0.000000
23.000000 210.022568 2.282708 -0.404650 0.194214 0.000000 0.000000 0.000000 1.000000 0.000000 0.000000
23.000000 210.024874 2.401993 -0.440819 0.203516 0.000000 0.000000 0.000000 1.000000 0.000000 0.000000
23.000000 210.032447 2.412949 -0.438727 0.186848 0.000000 0.000000 0.000000 1.000000 0.000000 0.000000
23.000000 210.032502 2.300546 -0.429310 0.155783 0.000000 0.000000 0.000000 1.000000 0.000000 0.000000
23.000000 210.034891 2.344326 -0.442467 0.159733 0.000000 0.000000 0.000000 1.000000 0.000000 0.000000
23.000000 210.042382 2.317286 -0.450830 0.133026 0.000000 0.000000 0.000000 1.000000 0.000000 0.000000
23.000000 210.042418 2.226153 -0.423047 0.100179 0.000000 0.000000 0.000000 1.000000 0.000000 0.000000
23.000000 210.044996 2.330688 -0.431367 0.105192 0.000000 0.000000 0.000000 1.000000 0.000000 0.000000
23.000000 210.052395 2.263928 -0.450014 0.068856 0.000000 0.000000 0.000000 1.000000 0.000000 0.000000
23.000000 210.052409 2.087227 -0.396350 0.031932 0.000000 0.000000 0.000000 1.000000 0.000000 0.000000
23.000000 210.054971 2.325287 -0.416361 0.072812 0.000000 0.000000 0.000000 1.000000 0.000000 0.000000
23.000000 210.062379 2.217898 -0.446137 0.034293 0.000000 0.000000 0.000000 1.000000 0.000000 0.000000
23.000000 210.062474 2.110373 -0.413459 -0.001098 0.000000 0.000000 0.000000 1.000000 0.000000 0.000000
23.000000 210.064923 2.243474 -0.424501 0.013889 0.000000 0.000000 0.000000 1.000000 0.000000 0.000000
23.000000 210.072418 2.231741 -0.427918 0.021798 0.000000 0.000000 0.000000 1.000000 0.000000 0.000000
23.000000 210.072463 2.094625 -0.417291 0.012337 0.000000 0.000000 0.000000 1.000000 0.000000 0.000000
23.000000 210.074807 2.212147 -0.452895 0.035628 0.000000 0.000000 0.000000 1.000000 0.000000 0.000000
23.000000 210.082537 2.183418 -0.460155 0.048484 0.000000 0.000000 0.000000 1.000000 0.000000 0.000000
23.000000 210.082541 2.019621 -0.411332 0.035285 0.000000 0.000000 0.000000 1.000000 0.000000 0.000000
23.000000 210.085017 2.171993 -0.424225 0.066577 0.000000 0.000000 0.000000 1.000000 0.000000 0.000000
23.000000 210.092452 2.166054 -0.426476 0.091663 0.000000 0.000000 0.000000 1.000000 0.000000 0.000000
23.000000 210.092549 2.011467 -0.415228 0.086237 0.000000 0.000000 0.000000 1.000000 0.000000 0.000000
23.000000 210.094886 2.096861 -0.441065 0.102911 0.000000 0.000000 0.000000 1.000000 0.000000 0.000000
23.000000 210.102464 2.102067 -0.439287 0.116701 0.000000 0.000000 0.000000 1.000000 0.000000 0.000000
23.000000 210.102553 2.066539 -0.428834 0.120615 0.000000 0.000000 0.000000 1.000000 0.000000 0.000000
23.000000 210.104863 2.055532 -0.427933 0.127648 0.000000 0.000000 0.000000 1.000000 0.000000 0.000000
23.000000 210.112430 2.053735 -0.428429 0.144647 0.000000 0.000000 0.000000 1.000000 0.000000 0.000000
23.000000 210.112529 1.980134 -0.422956 0.146485 0.000000 0.000000 0.000000 1.000000 0.000000 0.000000
23.000000 210.114892 2.005023 -0.430574 0.164781 0.000000 0.000000 0.000000 1.000000 0.000000 0.000000
23.000000 210.122465 2.060296 -0.415341 0.199784 0.000000 0.000000 0.000000 1.000000 0.000000 0.000000
23.000000 210.122505 1.839318 -0.397422 0.173593 0.000000 0.000000 0.000000 1.000000 0.000000 0.000000
23.000000 210.124972 1.994856 -0.444147 0.197871 0.000000 0.000000 0.000000 1.000000 0.000000 0.000000
23.000000 210.132475 2.047720 -0.430183 0.224614 0.000000 0.000000 0.000000 1.000000 0.000000 0.000000
23.000000 210.132644 1.858308 -0.415428 0.200996 0.000000 0.000000 0.000000 1.000000 0.000000 0.000000
23.000000 210.134887 1.911148 -0.431551 0.213415 0.000000 0.000000 0.000000 1.000000 0.000000 0.000000
23.000000 210.142492 1.893449 -0.435512 0.232156 0.000000 0.000000 0.000000 1.000000 0.000000 0.000000
23.000000 210.142569 1.871465 -0.429231 0.234932 0.000000 0.000000 0.000000 1.000000 0.000000 0.000000
23.000000 210.144943 1.916900 -0.433032 0.242038 0.000000 0.000000 0.000000 1.000000 0.000000 0.000000
23.000000 210.152467 1.917713 -0.432863 0.254890 0.000000 0.000000 0.000000 1.000000 0.000000 0.000000
23.000000 210.152659 1.858272 -0.428488 0.260016 0.000000 0.000000 0.000000 1.000000 0.000000 0.000000
23.000000 210.154915 1.873108 -0.433147 0.274498 0.000000 0.000000 0.000000 1.000000 0.000000 0.000000
23.000000 210.162643 1.835927 -0.442528 0.282400 0.000000 0.000000 0.000000 1.000000 0.000000 0.000000
23.000000 210.162701 1.671263 -0.393616 0.261864 0.000000 0.000000 0.000000 1.000000 0.000000 0.000000
23.000000 210.165005 1.861101 -0.409601 0.296985 0.000000 0.000000 0.000000 1.000000 0.000000 0.000000
23.000000 210.172477 1.817249 -0.420959 0.305639 0.000000 0.000000 0.000000 1.000000 0.000000 0.000000
23.000000 210.172535 1.681315 -0.410015 0.293100 0.000000 0.000000 0.000000 1.000000 0.000000 0.000000
23.000000 210.174923 1.755312 -0.432133 0.312277 0.000000 0.000000 0.000000 1.000000 0.000000 0.000000
23.000000 210.182550 1.780370 -0.425173 0.330830 0.000000 0.000000 0.000000 1.000000 0.000000 0.000000
23.000000 210.182575 1.661397 -0.415497 0.318517 0.000000 0.000000 0.000000 1.000000 0.000000 0.000000
23.000000 210.185001 1.710349 -0.430106 0.338440 0.000000 0.000000 0.000000 1.000000 0.000000 0.000000
23.000000 210.192376 1.765501 -0.415011 0.365339 0.000000 0.000000 0.000000 1.000000 0.000000 0.000000
23.000000 210.192731 1.512426 -0.394133 0.330878 0.000000 0.000000 0.000000 1.000000 0.000000 0.000000
23.000000 210.195071 1.679695 -0.443794 0.361844 0.000000 0.000000 0.000000 1.000000 0.000000 0.000000
23.000000 210.202440 1.746685 -0.425916 0.389929 0.000000 0.000000 0.000000 1.000000 0.000000 0.000000
23.000000 210.202481 1.556292 -0.410852 0.362646 0.000000 0.000000 0.000000 1.000000 0.000000 0.000000
23.000000 210.204992 1.660430 -0.441966 0.383396 0.000000 0.000000 0.000000 1.000000 0.000000 0.000000
23.000000 210.212473 1.730217 -0.423029 0.414761 0.000000 0.000000 0.000000 1.000000 0.000000 0.000000
23.000000 210.212528 1.518866 -0.405790 0.389456 0.000000 0.000000 0.000000 1.000000 0.000000 0.000000
23.000000 210.214925 1.599147 -0.429635 0.406073 0.000000 0.000000 0.000000 1.000000 0.000000 0.000000
23.000000 210.222526 1.573219 -0.436100 0.416080 0.000000 0.000000 0.000000 1.000000 0.000000 0.000000
23.000000 210.222579 1.493426 -0.412514 0.404976 0.000000 0.000000 0.000000 1.000000 0.000000 0.000000
23.000000 210.225259 1.611652 -0.421757 0.432610 0.000000 0.000000 0.000000 1.000000 0.000000 0.000000
23.000000 210.232494 1.649681 -0.410797 0.458426 0.000000 0.000000 0.000000 1.000000 0.000000 0.000000
23.000000 210.232566 1.383802 -0.388824 0.421059 0.000000 0.000000 0.000000 1.000000 0.000000 0.000000
23.000000 210.234956 1.553675 -0.439039 0.452612 0.000000 0.000000 0.000000 1.000000 0.000000 0.000000
23.000000 210.242537 1.624640 -0.420085 0.472947 0.000000 0.000000 0.000000 1.000000 0.000000 0.000000
23.000000 210.245115 1.583976 -0.416273 0.485566 0.000000 0.000000 0.000000 1.000000 0.000000 0.000000
23.000000 210.252474 1.543567 -0.425746 0.506536 0.000000 0.000000 0.000000 1.000000 0.000000 0.000000
23.000000 210.252715 1.403035 -0.416087 0.477798 0.000000 0.000000 0.000000 1.000000 0.000000 0.000000
23.000000 210.254919 1.466803 -0.436220 0.476342 0.000000 0.000000 0.000000 1.000000 0.000000 0.000000
23.000000 210.262481 1.498112 -0.428254 0.501878 0.000000 0.000000 0.000000 1.000000 0.000000 0.000000
23.000000 210.262547 1.374663 -0.419186 0.492417 0.000000 0.000000 0.000000 1.000000 0.000000 0.000000
23.000000 210.264983 1.434819 -0.437092 0.501672 0.000000 0.000000 0.000000 1.000000 0.000000 0.000000
23.000000 210.272443 1.509255 -0.417475 0.520495 0.000000 0.000000 0.000000 1.000000 0.000000 0.000000
23.000000 210.272597 1.248470 -0.395958 0.484744 0.000000 0.000000 0.000000 1.000000 0.000000 0.000000
23.000000 210.275045 1.398519 -0.440054 0.512522 0.000000 0.000000 0.000000 1.000000 0.000000 0.000000
23.000000 210.282416 1.434667 -0.430688 0.536290 0.000000 0.000000 0.000000 1.000000 0.000000 0.000000
23.000000 210.282555 1.286341 -0.419310 0.522181 0.000000 0.000000 0.000000 1.000000 0.000000 0.000000
23.000000 210.284983 1.343520 -0.436108 0.522573 0.000000 0.000000 0.000000 1.000000 0.000000 0.000000
23.000000 210.292486 1.415174 -0.417744 0.540258 0.000000 0.000000 0.000000 1.000000 0.000000 0.000000
23.000000 210.292580 1.187944 -0.399576 0.515942 0.000000 0.000000 0.000000 1.000000 0.000000 0.000000
23.000000 210.294954 1.345435 -0.442398 0.587331 0.000000 0.000000 0.000000 1.000000 0.000000 0.000000
23.000000 210.302490 1.396026 -0.425770 0.617951 0.000000 0.000000 0.000000 1.000000 0.000000 0.000000
23.000000 210.302586 1.245720 -0.416207 0.551699 0.000000 0.000000 0.000000 1.000000 0.000000 0.000000
23.000000 210.305024 1.286420 -0.429227 0.546663 0.000000 0.000000 0.000000 1.000000 0.000000 0.000000
23.000000 210.312493 1.335002 -0.416986 0.572475 0.000000 0.000000 0.000000 1.000000 0.000000 0.000000
23.000000 210.315013 1.287980 -0.414036 0.584068 0.000000 0.000000 0.000000 1.000000 0.000000 0.000000
23.000000 210.322546 1.277812 -0.416586 0.586964 0.000000 0.000000 0.000000 1.000000 0.000000 0.000000
23.000000 210.322609 1.077208 -0.400283 0.556035 0.000000 0.000000 0.000000 1.000000 0.000000 0.000000
23.000000 210.325023 1.194454 -0.434586 0.575792 0.000000 0.000000 0.000000 1.000000 0.000000 0.000000
23.000000 210.332494 1.263428 -0.416541 0.598283 0.000000 0.000000 0.000000 1.000000 0.000000 0.000000
23.000000 210.332721 1.051064 -0.399599 0.566666 0.000000 0.000000 0.000000 1.000000 0.000000 0.000000
23.000000 210.342546 1.151733 -0.428134 0.588130 0.000000 0.000000 0.000000 1.000000 0.000000 0.000000
23.000000 210.342573 1.062503 -0.419958 0.584590 0.000000 0.000000 0.000000 1.000000 0.000000 0.000000
23.000000 210.345105 1.094525 -0.429441 0.594782 0.000000 0.000000 0.000000 1.000000 0.000000 0.000000
23.000000 210.352652 1.143102 -0.416423 0.616398 0.000000 0.000000 0.000000 1.000000 0.000000 0.000000
23.000000 210.352780 1.025172 -0.407673 0.589889 0.000000 0.000000 0.000000 1.000000 0.000000 0.000000
23.000000 210.354968 1.066108 -0.420219 0.596368 0.000000 0.000000 0.000000 1.000000 0.000000 0.000000
23.000000 210.362527 1.068800 -0.418967 0.608688 0.000000 0.000000 0.000000 1.000000 0.000000 0.000000
23.000000 210.362693 0.941681 -0.408761 0.584721 0.000000 0.000000 0.000000 1.000000 0.000000 0.000000
23.000000 210.365095 1.025408 -0.433141 0.602157 0.000000 0.000000 0.000000 1.000000 0.000000 0.000000
23.000000 210.372561 1.056069 -0.424971 0.626183 0.000000 0.000000 0.000000 1.000000 0.000000 0.000000
23.000000 210.372787 0.967741 -0.419157 0.608888 0.000000 0.000000 0.000000 1.000000 0.000000 0.000000
23.000000 210.374923 1.032332 -0.438721 0.613872 0.000000 0.000000 0.000000 1.000000 0.000000 0.000000
23.000000 210.382514 1.115505 -0.417057 0.633325 0.000000 0.000000 0.000000 1.000000 0.000000 0.000000
23.000000 210.382761 0.812947 -0.392542 0.585285 0.000000 0.000000 0.000000 1.000000 0.000000 0.000000
23.000000 210.385211 0.930374 -0.426629 0.605909 0.000000 0.000000 0.000000 1.000000 0.000000 0.000000
23.000000 210.392472 0.944365 -0.422781 0.625623 0.000000 0.000000 0.000000 1.000000 0.000000 0.000000
23.000000 210.392703 0.877433 -0.418025 0.615979 0.000000 0.000000 0.000000 1.000000 0.000000 0.000000
23.000000 210.394942 0.911118 -0.427970 0.626693 0.000000 0.000000 0.000000 1.000000 0.000000 0.000000
23.000000 210.402537 0.896583 -0.431599 0.625795 0.000000 0.000000 0.000000 1.000000 0.000000 0.000000
23.000000 210.402564 0.833340 -0.411813 0.622939 0.000000 0.000000 0.000000 1.000000 0.000000 0.000000
23.000000 210.405272 0.902001 -0.414973 0.639794 0.000000 0.000000 0.000000 1.000000 0.000000 0.000000
23.000000 210.412561 0.861549 -0.425051 0.629318 0.000000 0.000000 0.000000 1.000000 0.000000 0.000000
23.000000 210.412704 0.812889 -0.422035 0.617839 0.000000 0.000000 0.000000 1.000000 0.000000 0.000000
23.000000 210.415078 0.850882 -0.433543 0.621922 0.000000 0.000000 0.000000 1.000000 0.000000 0.000000
23.000000 210.422570 0.837156 -0.436951 0.621698 0.000000 0.000000 0.000000 1.000000 0.000000 0.000000
23.000000 210.422671 0.760954 -0.414415 0.614454 0.000000 0.000000 0.000000 1.000000 0.000000 0.000000
23.000000 210.425127 0.845769 -0.420490 0.634852 0.000000 0.000000 0.000000 1.000000 0.000000 0.000000
23.000000 210.432594 0.833271 -0.423675 0.634030 0.000000 0.000000 0.000000 1.000000 0.000000 0.000000
23.000000 210.432689 0.702929 -0.413649 0.611982 0.000000 0.000000 0.000000 1.000000 0.000000 0.000000
23.000000 210.434996 0.770310 -0.433330 0.617707 0.000000 0.000000 0.000000 1.000000 0.000000 0.000000
23.000000 210.442518 0.809089 -0.423396 0.633209 0.000000 0.000000 0.000000 1.000000 0.000000 0.000000
23.000000 210.442771 0.677622 -0.413341 0.612973 0.000000 0.000000 0.000000 1.000000 0.000000 0.000000
23.000000 210.445093 0.698703 -0.419651 0.619745 0.000000 0.000000 0.000000 1.000000 0.000000 0.000000
23.000000 210.452480 0.697171 -0.419588 0.631086 0.000000 0.000000 0.000000 1.000000 0.000000 0.000000
23.000000 210.452878 0.737349 -0.424097 0.619272 0.000000 0.000000 0.000000 1.000000 0.000000 0.000000
23.000000 210.455044 0.670098 -0.405922 0.604160 0.000000 0.000000 0.000000 1.000000 0.000000 0.000000
23.000000 210.462552 0.615373 -0.419534 0.615826 0.000000 0.000000 0.000000 1.000000 0.000000 0.000000
23.000000 210.462566 0.644092 -0.422888 0.616772 0.000000 0.000000 0.000000 1.000000 0.000000 0.000000
23.000000 210.465629 0.652821 -0.425993 0.609769 0.000000 0.000000 0.000000 1.000000 0.000000 0.000000
23.000000 210.472573 0.658158 -0.424719 0.623077 0.000000 0.000000 0.000000 1.000000 0.000000 0.000000
23.000000 210.472696 0.589643 -0.420782 0.607209 0.000000 0.000000 0.000000 1.000000 0.000000 0.000000
23.000000 210.475084 0.621468 -0.430895 0.604063 0.000000 0.000000 0.000000 1.000000 0.000000 0.000000
23.000000 210.482479 0.640676 -0.425865 0.621549 0.000000 0.000000 0.000000 1.000000 0.000000 0.000000
23.000000 210.482614 0.553450 -0.420237 0.601152 0.000000 0.000000 0.000000 1.000000 0.000000 0.000000
23.000000 210.485091 0.585385 -0.430304 0.599083 0.000000 0.000000 0.000000 1.000000 0.000000 0.000000
23.000000 210.492522 0.601991 -0.425863 0.615194 0.000000 0.000000 0.000000 1.000000 0.000000 0.000000
23.000000 210.492730 0.510110 -0.419834 0.591866 0.000000 0.000000 0.000000 1.000000 0.000000 0.000000
23.000000 210.495060 0.515747 -0.422307 0.594110 0.000000 0.000000 0.000000 1.000000 0.000000 0.000000
23.000000 210.502592 0.508345 -0.423500 0.605041 0.000000 0.000000 0.000000 1.000000 0.000000 0.000000
23.000000 210.502665 0.510674 -0.424958 0.582168 0.000000 0.000000 0.000000 1.000000 0.000000 0.000000
23.000000 210.505203 0.484592 -0.418567 0.558055 0.000000 0.000000 0.000000 1.000000 0.000000 0.000000
23.000000 210.512556 0.490604 -0.417751 0.573368 0.000000 0.000000 0.000000 1.000000 0.000000 0.000000
23.000000 210.512801 0.392322 -0.411617 0.565636 0.000000 0.000000 0.000000 1.000000 0.000000 0.000000
23.000000 210.515381 0.450269 -0.428684 0.568759 0.000000 0.000000 0.000000 1.000000 0.000000 0.000000
23.000000 210.522563 0.467051 -0.424253 0.577755 0.000000 0.000000 0.000000 1.000000 0.000000 0.000000
23.000000 210.522761 0.414991 -0.420687 0.557232 0.000000 0.000000 0.000000 1.000000 0.000000 0.000000
23.000000 210.525361 0.425423 -0.424145 0.560840 0.000000 0.000000 0.000000 1.000000 0.000000 0.000000
23.000000 210.532537 0.420118 -0.425002 0.570332 0.000000 0.000000 0.000000 1.000000 0.000000 0.000000
23.000000 210.532632 0.399324 -0.423866 0.551634 0.000000 0.000000 0.000000 1.000000 0.000000 0.000000
23.000000 210.535069 0.374497 -0.417308 0.550616 0.000000 0.000000 0.000000 1.000000 0.000000 0.000000
23.000000 210.542588 0.345628 -0.424730 0.543130 0.000000 0.000000 0.000000 1.000000 0.000000 0.000000
23.000000 210.542595 0.334008 -0.420670 0.539807 0.000000 0.000000 0.000000 1.000000 0.000000 0.000000
23.000000 210.545101 0.396881 -0.424355 0.555257 0.000000 0.000000 0.000000 1.000000 0.000000 0.000000
23.000000 210.552585 0.382598 -0.427868 0.550980 0.000000 0.000000 0.000000 1.000000 0.000000 0.000000
23.000000 210.552794 0.353638 -0.428662 0.526398 0.000000 0.000000 0.000000 1.000000 0.000000 0.000000
23.000000 210.562556 0.271333 -0.418786 0.517646 0.000000 0.000000 0.000000 1.000000 0.000000 0.000000
23.000000 210.565174 0.298444 -0.419207 0.529880 0.000000 0.000000 0.000000 1.000000 0.000000 0.000000
23.000000 210.572592 0.273672 -0.425234 0.519303 0.000000 0.000000 0.000000 1.000000 0.000000 0.000000
23.000000 210.572748 0.205148 -0.420776 0.497434 0.000000 0.000000 0.000000 1.000000 0.000000 0.000000
23.000000 210.575169 0.227254 -0.427721 0.493556 0.000000 0.000000 0.000000 1.000000 0.000000 0.000000
23.000000 210.582519 0.231815 -0.426325 0.505695 0.000000 0.000000 0.000000 1.000000 0.000000 0.000000
23.000000 210.582659 0.184533 -0.423693 0.482805 0.000000 0.000000 0.000000 1.000000 0.000000 0.000000
23.000000 210.585300 0.158309 -0.417049 0.460945 0.000000 0.000000 0.000000 1.000000 0.000000 0.000000
23.000000 210.592562 0.145059 -0.420355 0.466287 0.000000 0.000000 0.000000 1.000000 0.000000 0.000000
23.000000 210.592688 0.159284 -0.422066 0.463677 0.000000 0.000000 0.000000 1.000000 0.000000 0.000000
23.000000 210.595115 0.120555 -0.411515 0.453177 0.000000 0.000000 0.000000 1.000000 0.000000 0.000000
23.000000 210.602609 0.099348 -0.416616 0.458666 0.000000 0.000000 0.000000 1.000000 0.000000 0.000000
23.000000 210.602807 0.124579 -0.419188 0.449680 0.000000 0.000000 0.000000 1.000000 0.000000 0.000000
23.000000 210.605221 0.122696 -0.419137 0.444778 0.000000 0.000000 0.000000 1.000000 0.000000 0.000000
23.000000 210.612662 0.109812 -0.422788 0.432536 0.000000 0.000000 0.000000 1.000000 0.000000 0.000000
23.000000 210.612960 0.107417 -0.421509 0.427759 0.000000 0.000000 0.000000 1.000000 0.000000 0.000000
23.000000 210.615387 0.112584 -0.421166 0.439185 0.000000 0.000000 0.000000 1.000000 0.000000 0.000000
23.000000 210.622617 0.152444 -0.411417 0.432436 0.000000 0.000000 0.000000 1.000000 0.000000 0.000000
23.000000 210.622741 -0.009369 -0.398821 0.389104 0.000000 0.000000 0.000000 1.000000 0.000000 0.000000
23.000000 210.625191 0.064431 -0.419871 0.399089 0.000000 0.000000 0.000000 1.000000 0.000000 0.000000
23.000000 210.632657 0.046642 -0.424546 0.389879 0.000000 0.000000 0.000000 1.000000 0.000000 0.000000
23.000000 210.632730 0.052677 -0.425469 0.390219 0.000000 0.000000 0.000000 1.000000 0.000000 0.000000
23.000000 210.635142 0.028904 -0.422561 0.397227 0.000000 0.000000 0.000000 1.000000 0.000000 0.000000
23.000000 210.642727 0.022225 -0.424768 0.367981 0.000000 0.000000 0.000000 1.000000 0.000000 0.000000
23.000000 210.642773 0.043261 -0.429862 0.372765 0.000000 0.000000 0.000000 1.000000 0.000000 0.000000
23.000000 210.645244 -0.053499 -0.421215 0.369122 0.000000 0.000000 0.000000 1.000000 0.000000 0.000000
23.000000 210.652677 -0.035106 -0.417170 0.343005 0.000000 0.000000 0.000000 1.000000 0.000000 0.000000
23.000000 210.652767 0.010333 -0.429058 0.355081 0.000000 0.000000 0.000000 1.000000 0.000000 0.000000
23.000000 210.662855 -0.013728 -0.428844 0.327172 0.000000 0.000000 0.000000 1.000000 0.000000 0.000000
23.000000 210.665338 -0.124820 -0.419832 0.321448 0.000000 0.000000 0.000000 1.000000 0.000000 0.000000
23.000000 210.672655 -0.118371 -0.418298 0.315949 0.000000 0.000000 0.000000 1.000000 0.000000 0.000000
23.000000 210.672762 -0.082449 -0.421327 0.300930 0.000000 0.000000 0.000000 1.000000 0.000000 0.000000
23.000000 210.675155 -0.104129 -0.415502 0.291034 0.000000 0.000000 0.000000 1.000000 0.000000 0.000000
23.000000 210.682837 -0.108062 -0.416756 0.279302 0.000000 0.000000 0.000000 1.000000 0.000000 0.000000
23.000000 210.682960 -0.088863 -0.421576 0.276631 0.000000 0.000000 0.000000 1.000000 0.000000 0.000000
23.000000 210.685208 -0.149985 -0.416471 0.278269 0.000000 0.000000 0.000000 1.000000 0.000000 0.000000
23.000000 210.692782 -0.174528 -0.422584 0.264105 0.000000 0.000000 0.000000 1.000000 0.000000 0.000000
23.000000 210.692961 -0.135366 -0.425615 0.249665 0.000000 0.000000 0.000000 1.000000 0.000000 0.000000
23.000000 210.702748 -0.230472 -0.423904 0.202620 0.000000 0.000000 0.000000 1.000000 0.000000 0.000000
23.000000 210.712983 -0.188098 -0.425776 0.194155 0.000000 0.000000 0.000000 1.000000 0.000000 0.000000
23.000000 210.715136 -0.287381 -0.417991 0.188785 0.000000 0.000000 0.000000 1.000000 0.000000 0.000000
23.000000 210.722727 -0.265020 -0.412881 0.165346 0.000000 0.000000 0.000000 1.000000 0.000000 0.000000
23.000000 210.722782 -0.209272 -0.427990 0.170964 0.000000 0.000000 0.000000 1.000000 0.000000 0.000000
23.000000 210.725456 -0.319430 -0.419489 0.161807 0.000000 0.000000 0.000000 1.000000 0.000000 0.000000
23.000000 210.732807 -0.268137 -0.407217 0.147322 0.000000 0.000000 0.000000 1.000000 0.000000 0.000000
23.000000 210.732944 -0.350566 -0.400213 0.113794 0.000000 0.000000 0.000000 1.000000 0.000000 0.000000
23.000000 210.735173 -0.339646 -0.402950 0.104397 0.000000 0.000000 0.000000 1.000000 0.000000 0.000000
23.000000 210.742685 -0.404814 -0.418775 0.097537 0.000000 0.000000 0.000000 1.000000 0.000000 0.000000
23.000000 210.742788 -0.284219 -0.427980 0.104647 0.000000 0.000000 0.000000 1.000000 0.000000 0.000000
23.000000 210.745151 -0.395562 -0.396957 0.082040 0.000000 0.000000 0.000000 1.000000 0.000000 0.000000
23.000000 210.752793 -0.457192 -0.411798 0.072402 0.000000 0.000000 0.000000 1.000000 0.000000 0.000000
23.000000 210.752859 -0.378177 -0.417246 0.061108 0.000000 0.000000 0.000000 1.000000 0.000000 0.000000
23.000000 210.755206 -0.431481 -0.401863 0.034538 0.000000 0.000000 0.000000 1.000000 0.000000 0.000000
23.000000 210.762746 -0.448061 -0.406098 0.015785 0.000000 0.000000 0.000000 1.000000 0.000000 0.000000
23.000000 210.762787 -0.353362 -0.432503 0.034241 0.000000 0.000000 0.000000 1.000000 0.000000 0.000000
23.000000 210.765388 -0.473981 -0.423591 0.025484 0.000000 0.000000 0.000000 1.000000 0.000000 0.000000
23.000000 210.772585 -0.439614 -0.415443 0.019600 0.000000 0.000000 0.000000 1.000000 0.000000 0.000000
23.000000 210.775266 -0.483745 -0.411969 0.011148 0.000000 0.000000 0.000000 1.000000 0.000000 0.000000
23.000000 210.782608 -0.517619 -0.419543 0.022985 0.000000 0.000000 0.000000 1.000000 0.000000 0.000000
23.000000 210.782734 -0.435460 -0.425048 0.033846 0.000000 0.000000 0.000000 1.000000 0.000000 0.000000
23.000000 210.785318 -0.537035 -0.397002 0.019398 0.000000 0.000000 0.000000 1.000000 0.000000 0.000000
23.000000 210.792695 -0.598535 -0.411265 0.041456 0.000000 0.000000 0.000000 1.000000 0.000000 0.000000
23.000000 210.792742 -0.498395 -0.418282 0.056093 0.000000 0.000000 0.000000 1.000000 0.000000 0.000000
23.000000 210.802675 -0.486535 -0.425738 0.084082 0.000000 0.000000 0.000000 1.000000 0.000000 0.000000
23.000000 210.802876 -0.551174 -0.422619 0.088730 0.000000 0.000000 0.000000 1.000000 0.000000 0.000000
23.000000 210.812769 -0.503485 -0.427289 0.113819 0.000000 0.000000 0.000000 1.000000 0.000000 0.000000
23.000000 210.822782 -0.577442 -0.432915 0.133035 0.000000 0.000000 0.000000 1.000000 0.000000 0.000000
23.000000 210.825146 -0.653095 -0.410957 0.113693 0.000000 0.000000 0.000000 1.000000 0.000000 0.000000
23.000000 210.832876 -0.666674 -0.414240 0.126534 0.000000 0.000000 0.000000 1.000000 0.000000 0.000000
23.000000 210.832942 -0.633043 -0.425327 0.153992 0.000000 0.000000 0.000000 1.000000 0.000000 0.000000
23.000000 210.842711 -0.647529 -0.425346 0.163474 0.000000 0.000000 0.000000 1.000000 0.000000 0.000000
23.000000 210.842800 -0.616613 -0.434916 0.177820 0.000000 0.000000 0.000000 1.000000 0.000000 0.000000
23.000000 210.846246 -0.828330 -0.420073 0.166612 0.000000 0.000000 0.000000 1.000000 0.000000 0.000000
23.000000 210.852648 -0.863673 -0.427897 0.173195 0.000000 0.000000 0.000000 1.000000 0.000000 0.000000
23.000000 210.855262 -0.863445 -0.427563 0.180439 0.000000 0.000000 0.000000 1.000000 0.000000 0.000000
23.000000 210.862811 -0.841599 -0.421284 0.196425 0.000000 0.000000 0.000000 1.000000 0.000000 0.000000
23.000000 210.865534 -0.851135 -0.419665 0.211024 0.000000 0.000000 0.000000 1.000000 0.000000 0.000000
23.000000 210.872763 -0.868815 -0.423356 0.217891 0.000000 0.000000 0.000000 1.000000 0.000000 0.000000
23.000000 210.875227 -0.895694 -0.420955 0.223298 0.000000 0.000000 0.000000 1.000000 0.000000 0.000000
23.000000 210.882795 -0.924408 -0.427504 0.225385 0.000000 0.000000 0.000000 1.000000 0.000000 0.000000
23.000000 210.885410 -0.915453 -0.428084 0.242361 0.000000 0.000000 0.000000 1.000000 0.000000 0.000000
23.000000 210.892678 -0.923702 -0.429893 0.251230 0.000000 0.000000 0.000000 1.000000 0.000000 0.000000
23.000000 210.905288 -0.978605 -0.422644 0.258319 0.000000 0.000000 0.000000 1.000000 0.000000 0.000000
23.000000 210.912671 -1.014431 -0.430309 0.261946 0.000000 0.000000 0.000000 1.000000 0.000000 0.000000
23.000000 210.915277 -1.006251 -0.429765 0.282901 0.000000 0.000000 0.000000 1.000000 0.000000 0.000000
23.000000 210.922723 -1.007206 -0.429671 0.290058 0.000000 0.000000 0.000000 1.000000 0.000000 0.000000
23.000000 210.925354 -1.069695 -0.424845 0.293847 0.000000 0.000000 0.000000 1.000000 0.000000 0.000000
23.000000 210.932683 -1.084364 -0.428065 0.301781 0.000000 0.000000 0.000000 1.000000 0.000000 0.000000
23.000000 210.935211 -1.134419 -0.424908 0.285151 0.000000 0.000000 0.000000 1.000000 0.000000 0.000000
23.000000 210.942729 -1.164691 -0.430918 0.290332 0.000000 0.000000 0.000000 1.000000 0.000000 0.000000
23.000000 210.946007 -1.119181 -0.432575 0.317630 0.000000 0.000000 0.000000 1.000000 0.000000 0.000000
23.000000 210.952785 -1.143581 -0.438353 0.314986 0.000000 0.000000 0.000000 1.000000 0.000000 0.000000
23.000000 210.955346 -1.270960 -0.428776 0.303078 0.000000 0.000000 0.000000 1.000000 0.000000 0.000000
23.000000 210.962749 -1.255855 -0.424778 0.314403 0.000000 0.000000 0.000000 1.000000 0.000000 0.000000
23.000000 210.965355 -1.177748 -0.430498 0.327727 0.000000 0.000000 0.000000 1.000000 0.000000 0.000000
23.000000 210.972722 -1.198440 -0.435021 0.330680 0.000000 0.000000 0.000000 1.000000 0.000000 0.000000
23.000000 210.975269 -1.173981 -0.436495 0.341613 0.000000 0.000000 0.000000 1.000000 0.000000 0.000000
23.000000 210.982725 -1.190858 -0.440340 0.342534 0.000000 0.000000 0.000000 1.000000 0.000000 0.000000
23.000000 210.985298 -1.311215 -0.431281 0.329272 0.000000 0.000000 0.000000 1.000000 0.000000 0.000000
23.000000 210.992788 -1.309702 -0.430630 0.334366 0.000000 0.000000 0.000000 1.000000 0.000000 0.000000
23.000000 211.005286 -1.378498 -0.430301 0.341071 0.000000 0.000000 0.000000 1.000000 0.000000 0.000000
23.000000 211.012736 -1.392370 -0.433326 0.343831 0.000000 0.000000 0.000000 1.000000 0.000000 0.000000
23.000000 211.015388 -1.451344 -0.428736 0.345261 0.000000 0.000000 0.000000 1.000000 0.000000 0.000000
23.000000 211.022769 -1.454437 -0.429469 0.344645 0.000000 0.000000 0.000000 1.000000 0.000000 0.000000
23.000000 211.025326 -1.367335 -0.435932 0.355341 0.000000 0.000000 0.000000 1.000000 0.000000 0.000000
23.000000 211.032676 -1.352724 -0.432320 0.361888 0.000000 0.000000 0.000000 1.000000 0.000000 0.000000
23.000000 211.035269 -1.389201 -0.430540 0.342737 0.000000 0.000000 0.000000 1.000000 0.000000 0.000000
23.000000 211.042735 -1.447478 -0.443352 0.341926 0.000000 0.000000 0.000000 1.000000 0.000000 0.000000
23.000000 211.045340 -1.619491 -0.428776 0.346338 0.000000 0.000000 0.000000 1.000000 0.000000 0.000000
23.000000 211.052742 -1.638571 -0.433285 0.340172 0.000000 0.000000 0.000000 1.000000 0.000000 0.000000
23.000000 211.055248 -1.505369 -0.443082 0.350202 0.000000 0.000000 0.000000 1.000000 0.000000 0.000000
23.000000 211.062788 -1.490014 -0.439119 0.358723 0.000000 0.000000 0.000000 1.000000 0.000000 0.000000
23.000000 211.065267 -1.563446 -0.433853 0.346435 0.000000 0.000000 0.000000 1.000000 0.000000 0.000000
23.000000 211.072761 -1.565794 -0.434494 0.344993 0.000000 0.000000 0.000000 1.000000 0.000000 0.000000
23.000000 211.075167 -1.552207 -0.435224 0.353097 0.000000 0.000000 0.000000 1.000000 0.000000 0.000000
23.000000 211.082814 -1.573969 -0.440382 0.349146 0.000000 0.000000 0.000000 1.000000 0.000000 0.000000
23.000000 211.085422 -1.652583 -0.434814 0.332878 0.000000 0.000000 0.000000 1.000000 0.000000 0.000000
23.000000 211.092912 -1.655034 -0.435510 0.330676 0.000000 0.000000 0.000000 1.000000 0.000000 0.000000
23.000000 211.105211 -1.743862 -0.426374 0.318721 0.000000 0.000000 0.000000 1.000000 0.000000 0.000000
23.000000 211.112795 -1.776086 -0.433930 0.313488 0.000000 0.000000 0.000000 1.000000 0.000000 0.000000
23.000000 211.115172 -1.777899 -0.433978 0.308328 0.000000 0.000000 0.000000 1.000000 0.000000 0.000000
23.000000 211.122772 -1.786272 -0.436266 0.300721 0.000000 0.000000 0.000000 1.000000 0.000000 0.000000
23.000000 211.125219 -1.808398 -0.434729 0.294407 0.000000 0.000000 0.000000 1.000000 0.000000 0.000000
23.000000 211.133046 -1.819769 -0.437293 0.294407 0.000000 0.000000 0.000000 1.000000 0.000000 0.000000
23.000000 211.135181 -1.848940 -0.435271 0.288152 0.000000 0.000000 0.000000 1.000000 0.000000 0.000000
23.000000 211.142855 -1.850346 -0.435644 0.287300 0.000000 0.000000 0.000000 1.000000 0.000000 0.000000
23.000000 211.145346 -1.869014 -0.434416 0.282337 0.000000 0.000000 0.000000 1.000000 0.000000 0.000000
23.000000 211.152957 -1.890555 -0.439823 0.273232 0.000000 0.000000 0.000000 1.000000 0.000000 0.000000
23.000000 211.155189 -1.938242 -0.437231 0.252984 0.000000 0.000000 0.000000 1.000000 0.000000 0.000000
23.000000 211.163028 -1.929775 -0.435800 0.248809 0.000000 0.000000 0.000000 1.000000 0.000000 0.000000
23.000000 211.165437 -1.927584 -0.435502 0.258740 0.000000 0.000000 0.000000 1.000000 0.000000 0.000000
23.000000 211.173067 -1.942620 -0.439160 0.251573 0.000000 0.000000 0.000000 1.000000 0.000000 0.000000
23.000000 211.175417 -1.961664 -0.437933 0.240693 0.000000 0.000000 0.000000 1.000000 0.000000 0.000000
23.000000 211.182835 -1.964153 -0.438784 0.234245 0.000000 0.000000 0.000000 1.000000 0.000000 0.000000
23.000000 211.185261 -2.026068 -0.434378 0.221222 0.000000 0.000000 0.000000 1.000000 0.000000 0.000000
23.000000 211.192979 -2.019236 -0.433053 0.214860 0.000000 0.000000 0.000000 1.000000 0.000000 0.000000
23.000000 211.195199 -2.028745 -0.433009 0.196209 0.000000 0.000000 0.000000 1.000000 0.000000 0.000000
23.000000 211.202949 -2.008371 -0.428460 0.197213 0.000000 0.000000 0.000000 1.000000 0.000000 0.000000
23.000000 211.205261 -2.014604 -0.427736 0.200907 0.000000 0.000000 0.000000 1.000000 0.000000 0.000000
23.000000 211.213154 -2.071593 -0.441323 0.184823 0.000000 0.000000 0.000000 1.000000 0.000000 0.000000
23.000000 211.215177 -2.109595 -0.438633 0.176074 0.000000 0.000000 0.000000 1.000000 0.000000 0.000000
23.000000 211.222984 -2.094458 -0.435335 0.172104 0.000000 0.000000 0.000000 1.000000 0.000000 0.000000
23.000000 211.235286 -2.214272 -0.427780 0.138179 0.000000 0.000000 0.000000 1.000000 0.000000 0.000000
23.000000 211.242979 -2.235284 -0.432861 0.122607 0.000000 0.000000 0.000000 1.000000 0.000000 0.000000
23.000000 211.255196 -2.189630 -0.423725 0.108187 0.000000 0.000000 0.000000 1.000000 0.000000 0.000000
23.000000 211.262858 -2.244593 -0.436602 0.090346 0.000000 0.000000 0.000000 1.000000 0.000000 0.000000
23.000000 211.265314 -2.252056 -0.436085 0.078328 0.000000 0.000000 0.000000 1.000000 0.000000 0.000000
23.000000 211.272944 -2.260045 -0.438176 0.068839 0.000000 0.000000 0.000000 1.000000 0.000000 0.000000
23.000000 211.275239 -2.283773 -0.436553 0.056135 0.000000 0.000000 0.000000 1.000000 0.000000 0.000000
23.000000 211.282896 -2.291871 -0.438726 0.044245 0.000000 0.000000 0.000000 1.000000 0.000000 0.000000
23.000000 211.295473 -2.450505 -0.430356 0.022964 0.000000 0.000000 0.000000 1.000000 0.000000 0.000000
23.000000 211.302874 -2.462990 -0.432290 0.037571 0.000000 0.000000 0.000000 1.000000 0.000000 0.000000
23.000000 211.305305 -2.445074 -0.433533 0.040710 0.000000 0.000000 0.000000 1.000000 0.000000 0.000000
23.000000 211.313020 -2.435871 -0.431332 0.043094 0.000000 0.000000 0.000000 1.000000 0.000000 0.000000
23.000000 211.315264 -2.376365 -0.435015 0.069944 0.000000 0.000000 0.000000 1.000000 0.000000 0.000000
23.000000 211.322891 -2.411790 -0.442678 0.076354 0.000000 0.000000 0.000000 1.000000 0.000000 0.000000
23.000000 211.325473 -2.485688 -0.437201 0.073353 0.000000 0.000000 0.000000 1.000000 0.000000 0.000000
23.000000 211.332980 -2.501482 -0.440159 0.082550 0.000000 0.000000 0.000000 1.000000 0.000000 0.000000
23.000000 211.335365 -2.521048 -0.438430 0.087316 0.000000 0.000000 0.000000 1.000000 0.000000 0.000000
23.000000 211.342904 -2.525972 -0.438926 0.095796 0.000000 0.000000 0.000000 1.000000 0.000000 0.000000
23.000000 211.355359 -2.565580 -0.438238 0.121442 0.000000 0.000000 0.000000 1.000000 0.000000 0.000000
23.000000 211.362880 -2.568669 -0.438701 0.127884 0.000000 0.000000 0.000000 1.000000 0.000000 0.000000
23.000000 211.365456 -2.608175 -0.435799 0.132030 0.000000 0.000000 0.000000 1.000000 0.000000 0.000000
23.000000 211.373154 -2.628551 -0.440196 0.137570 0.000000 0.000000 0.000000 1.000000 0.000000 0.000000
23.000000 211.385548 -2.744997 -0.432594 0.142285 0.000000 0.000000 0.000000 1.000000 0.000000 0.000000
23.000000 211.392981 -2.765391 -0.436977 0.144902 0.000000 0.000000 0.000000 1.000000 0.000000 0.000000
23.000000 211.395381 -2.767662 -0.436951 0.141234 0.000000 0.000000 0.000000 1.000000 0.000000 0.000000
23.000000 211.402904 -2.753169 -0.433000 0.151456 0.000000 0.000000 0.000000 1.000000 0.000000 0.000000
23.000000 211.405429 -2.820833 -0.427412 0.158419 0.000000 0.000000 0.000000 1.000000 0.000000 0.000000
23.000000 211.412982 -2.817169 -0.426395 0.163167 0.000000 0.000000 0.000000 1.000000 0.000000 0.000000
23.000000 211.415432 -2.827574 -0.425683 0.160971 0.000000 0.000000 0.000000 1.000000 0.000000 0.000000
23.000000 211.422990 -2.900967 -0.441734 0.158276 0.000000 0.000000 0.000000 1.000000 0.000000 0.000000
23.000000 211.425824 -2.938047 -0.438906 0.157055 0.000000 0.000000 0.000000 1.000000 0.000000 0.000000
23.000000 211.433000 -2.951934 -0.441625 0.160450 0.000000 0.000000 0.000000 1.000000 0.000000 0.000000
23.000000 211.435722 -2.938773 -0.442454 0.163669 0.000000 0.000000 0.000000 1.000000 0.000000 0.000000
23.000000 211.443002 -2.901238 -0.433551 0.173625 0.000000 0.000000 0.000000 1.000000 0.000000 0.000000
23.000000 211.445535 -2.924966 -0.431045 0.185219 0.000000 0.000000 0.000000 1.000000 0.000000 0.000000
23.000000 211.453051 -2.934908 -0.433052 0.188096 0.000000 0.000000 0.000000 1.000000 0.000000 0.000000
23.000000 211.455289 -3.003377 -0.428117 0.181431 0.000000 0.000000 0.000000 1.000000 0.000000 0.000000
23.000000 211.462951 -3.012754 -0.430136 0.181686 0.000000 0.000000 0.000000 1.000000 0.000000 0.000000
23.000000 211.465342 -2.941706 -0.435154 0.191054 0.000000 0.000000 0.000000 1.000000 0.000000 0.000000
23.000000 211.473123 -2.977046 -0.442767 0.191308 0.000000 0.000000 0.000000 1.000000 0.000000 0.000000
23.000000 211.475315 -3.123980 -0.432046 0.181132 0.000000 0.000000 0.000000 1.000000 0.000000 0.000000
23.000000 211.483037 -3.113008 -0.429669 0.180701 0.000000 0.000000 0.000000 1.000000 0.000000 0.000000
23.000000 211.485340 -3.058808 -0.433452 0.189955 0.000000 0.000000 0.000000 1.000000 0.000000 0.000000
23.000000 211.493171 -3.033818 -0.427690 0.197652 0.000000 0.000000 0.000000 1.000000 0.000000 0.000000
23.000000 211.495297 -3.118137 -0.422144 0.177216 0.000000 0.000000 0.000000 1.000000 0.000000 0.000000
23.000000 211.503036 -3.112673 -0.420869 0.178650 0.000000 0.000000 0.000000 1.000000 0.000000 0.000000
23.000000 211.505345 -3.124888 -0.419778 0.181114 0.000000 0.000000 0.000000 1.000000 0.000000 0.000000
23.000000 211.513231 -3.144146 -0.424056 0.178853 0.000000 0.000000 0.000000 1.000000 0.000000 0.000000
23.000000 211.525349 -3.223247 -0.419798 0.179074 0.000000 0.000000 0.000000 1.000000 0.000000 0.000000
23.000000 211.533168 -3.230802 -0.421513 0.176869 0.000000 0.000000 0.000000 1.000000 0.000000 0.000000
23.000000 211.535327 -3.245380 -0.420743 0.165099 0.000000 0.000000 0.000000 1.000000 0.000000 0.000000
23.000000 211.543051 -3.263532 -0.424920 0.160162 0.000000 0.000000 0.000000 1.000000 0.000000 0.000000
23.000000 211.545578 -3.302771 -0.422310 0.151351 0.000000 0.000000 0.000000 1.000000 0.000000 0.000000
23.000000 211.553063 -3.314827 -0.425045 0.148810 0.000000 0.000000 0.000000 1.000000 0.000000 0.000000
23.000000 211.555781 -3.355442 -0.422653 0.135339 0.000000 0.000000 0.000000 1.000000 0.000000 0.000000
23.000000 211.563054 -3.381575 -0.428321 0.133303 0.000000 0.000000 0.000000 1.000000 0.000000 0.000000
23.000000 211.565409 -3.390934 -0.427393 0.136122 0.000000 0.000000 0.000000 1.000000 0.000000 0.000000
23.000000 211.573289 -3.393607 -0.428023 0.135263 0.000000 0.000000 0.000000 1.000000 0.000000 0.000000
23.000000 211.575317 -3.442198 -0.424769 0.126579 0.000000 0.000000 0.000000 1.000000 0.000000 0.000000
23.000000 211.582917 -3.440805 -0.424703 0.123627 0.000000 0.000000 0.000000 1.000000 0.000000 0.000000
23.000000 211.585390 -3.488837 -0.421475 0.115097 0.000000 0.000000 0.000000 1.000000 0.000000 0.000000
23.000000 211.593152 -3.489573 -0.422109 0.108013 0.000000 0.000000 0.000000 1.000000 0.000000 0.000000
23.000000 211.605426 -3.530022 -0.409119 0.100444 0.000000 0.000000 0.000000 1.000000 0.000000 0.000000
23.000000 211.613142 -3.577085 -0.419820 0.085369 0.000000 0.000000 0.000000 1.000000 0.000000 0.000000
23.000000 211.615342 -3.403903 -0.432238 0.095712 0.000000 0.000000 0.000000 1.000000 0.000000 0.000000
23.000000 211.622999 -3.407129 -0.433308 0.088890 0.000000 0.000000 0.000000 1.000000 0.000000 0.000000
23.000000 211.625614 -3.563124 -0.422542 0.064938 0.000000 0.000000 0.000000 1.000000 0.000000 0.000000
23.000000 211.633042 -3.558391 -0.421764 0.059689 0.000000 0.000000 0.000000 1.000000 0.000000 0.000000
23.000000 211.635353 -3.596484 -0.419319 0.047314 0.000000 0.000000 0.000000 1.000000 0.000000 0.000000
23.000000 211.643095 -3.610017 -0.422513 0.041280 0.000000 0.000000 0.000000 1.000000 0.000000 0.000000
23.000000 211.655363 -3.726254 -0.422561 0.023364 0.000000 0.000000 0.000000 1.000000 0.000000 0.000000
23.000000 211.663063 -3.725781 -0.422241 0.028379 0.000000 0.000000 0.000000 1.000000 0.000000 0.000000
23.000000 211.665685 -3.695709 -0.424181 0.038320 0.000000 0.000000 0.000000 1.000000 0.000000 0.000000
23.000000 211.673120 -3.694132 -0.423200 0.050705 0.000000 0.000000 0.000000 1.000000 0.000000 0.000000
23.000000 211.675627 -3.663962 -0.424933 0.063725 0.000000 0.000000 0.000000 1.000000 0.000000 0.000000
23.000000 211.683016 -3.666666 -0.425164 0.070069 0.000000 0.000000 0.000000 1.000000 0.000000 0.000000
23.000000 211.685462 -3.754758 -0.418781 0.066155 0.000000 0.000000 0.000000 1.000000 0.000000 0.000000
23.000000 211.693096 -3.792802 -0.426206 0.075572 0.000000 0.000000 0.000000 1.000000 0.000000 0.000000
23.000000 211.695413 -3.837090 -0.423044 0.071254 0.000000 0.000000 0.000000 1.000000 0.000000 0.000000
23.000000 211.702917 -3.822235 -0.419784 0.073402 0.000000 0.000000 0.000000 1.000000 0.000000 0.000000
23.000000 211.705442 -3.857703 -0.416952 0.075874 0.000000 0.000000 0.000000 1.000000 0.000000 0.000000
