14.000000 147.963319 23.487427 -0.123022 0.182926 0.000000 0.000000 0.000000 1.000000 0.000000 0.000000
14.000000 147.969698 23.338732 -0.167323 0.250665 0.000000 0.000000 0.000000 1.000000 0.000000 0.000000
14.000000 147.971851 23.616837 -0.168316 0.250666 0.000000 0.000000 0.000000 1.000000 0.000000 0.000000
14.000000 147.973441 23.384873 -0.110960 0.296186 0.000000 0.000000 0.000000 1.000000 0.000000 0.000000
14.000000 147.979550 23.258405 -0.148469 0.346374 0.000000 0.000000 0.000000 1.000000 0.000000 0.000000
14.000000 147.981875 23.473645 -0.148524 0.344132 0.000000 0.000000 0.000000 1.000000 0.000000 0.000000
14.000000 147.983334 23.291241 -0.103812 0.345324 0.000000 0.000000 0.000000 1.000000 0.000000 0.000000
14.000000 147.989765 23.195437 -0.131867 0.365221 0.000000 0.000000 0.000000 1.000000 0.000000 0.000000
14.000000 147.991908 23.368057 -0.132640 0.397874 0.000000 0.000000 0.000000 1.000000 0.000000 0.000000
14.000000 147.993556 23.167355 -0.082964 0.455542 0.000000 0.000000 0.000000 1.000000 0.000000 0.000000
14.000000 147.999547 23.053915 -0.116931 0.486020 0.000000 0.000000 0.000000 1.000000 0.000000 0.000000
14.000000 148.001966 23.253177 -0.117818 0.496840 0.000000 0.000000 0.000000 1.000000 0.000000 0.000000
14.000000 148.003296 23.024260 -0.061146 0.544947 0.000000 0.000000 0.000000 1.000000 0.000000 0.000000
14.000000 148.009664 22.877635 -0.105269 0.601019 0.000000 0.000000 0.000000 1.000000 0.000000 0.000000
14.000000 148.011966 23.114640 -0.104861 0.605967 0.000000 0.000000 0.000000 1.000000 0.000000 0.000000
14.000000 148.013318 22.843011 -0.036972 0.640150 0.000000 0.000000 0.000000 1.000000 0.000000 0.000000
14.000000 148.019564 22.727650 -0.072094 0.689830 0.000000 0.000000 0.000000 1.000000 0.000000 0.000000
14.000000 148.021993 22.939713 -0.072419 0.720212 0.000000 0.000000 0.000000 1.000000 0.000000 0.000000
14.000000 148.023302 22.720954 -0.018613 0.743395 0.000000 0.000000 0.000000 1.000000 0.000000 0.000000
14.000000 148.029655 22.652584 -0.038847 0.756609 0.000000 0.000000 0.000000 1.000000 0.000000 0.000000
14.000000 148.031959 22.776961 -0.038327 0.788355 0.000000 0.000000 0.000000 1.000000 0.000000 0.000000
14.000000 148.033472 22.605553 0.004287 0.811170 0.000000 0.000000 0.000000 1.000000 0.000000 0.000000
14.000000 148.039564 22.482404 -0.033466 0.852244 0.000000 0.000000 0.000000 1.000000 0.000000 0.000000
14.000000 148.041981 22.735860 -0.032869 0.856286 0.000000 0.000000 0.000000 1.000000 0.000000 0.000000
14.000000 148.043408 22.478050 0.031557 0.885905 0.000000 0.000000 0.000000 1.000000 0.000000 0.000000
14.000000 148.049710 22.423368 0.014788 0.907757 0.000000 0.000000 0.000000 1.000000 0.000000 0.000000
14.000000 148.051956 22.510116 0.014965 0.937161 0.000000 0.000000 0.000000 1.000000 0.000000 0.000000
14.000000 148.053602 22.368704 0.050058 0.961810 0.000000 0.000000 0.000000 1.000000 0.000000 0.000000
14.000000 148.053657 22.094317 -0.022522 1.002116 0.000000 0.000000 0.000000 1.000000 0.000000 0.000000
14.000000 148.059554 22.097404 0.014060 1.035202 0.000000 0.000000 0.000000 1.000000 0.000000 0.000000
14.000000 148.061937 22.397723 0.038516 1.011090 0.000000 0.000000 0.000000 1.000000 0.000000 0.000000
14.000000 148.063468 22.251619 0.075225 1.030828 0.000000 0.000000 0.000000 1.000000 0.000000 0.000000
14.000000 148.063610 21.994700 0.000681 1.073763 0.000000 0.000000 0.000000 1.000000 0.000000 0.000000
14.000000 148.069666 22.027371 0.022597 1.114451 0.000000 0.000000 0.000000 1.000000 0.000000 0.000000
14.000000 148.072020 22.300774 0.050184 1.085755 0.000000 0.000000 0.000000 1.000000 0.000000 0.000000
14.000000 148.073484 22.126586 0.094158 1.100361 0.000000 0.000000 0.000000 1.000000 0.000000 0.000000
14.000000 148.073872 21.882699 0.021489 1.141670 0.000000 0.000000 0.000000 1.000000 0.000000 0.000000
14.000000 148.079611 21.909069 0.041855 1.176012 0.000000 0.000000 0.000000 1.000000 0.000000 0.000000
14.000000 148.082012 22.205817 0.066836 1.167938 0.000000 0.000000 0.000000 1.000000 0.000000 0.000000
14.000000 148.083427 22.017786 0.113780 1.189076 0.000000 0.000000 0.000000 1.000000 0.000000 0.000000
14.000000 148.083751 21.775563 0.041519 1.210407 0.000000 0.000000 0.000000 1.000000 0.000000 0.000000
14.000000 148.089732 21.796346 0.068635 1.245686 0.000000 0.000000 0.000000 1.000000 0.000000 0.000000
14.000000 148.091998 22.063820 0.098198 1.244844 0.000000 0.000000 0.000000 1.000000 0.000000 0.000000
14.000000 148.093539 21.898352 0.139602 1.269023 0.000000 0.000000 0.000000 1.000000 0.000000 0.000000
14.000000 148.093721 21.679751 0.066980 1.284451 0.000000 0.000000 0.000000 1.000000 0.000000 0.000000
14.000000 148.099660 21.706360 0.087593 1.314327 0.000000 0.000000 0.000000 1.000000 0.000000 0.000000
14.000000 148.102044 21.917440 0.119602 1.320704 0.000000 0.000000 0.000000 1.000000 0.000000 0.000000
14.000000 148.103480 21.781525 0.153620 1.335958 0.000000 0.000000 0.000000 1.000000 0.000000 0.000000
14.000000 148.103625 21.569562 0.085432 1.350930 0.000000 0.000000 0.000000 1.000000 0.000000 0.000000
14.000000 148.109696 21.584632 0.112213 1.379664 0.000000 0.000000 0.000000 1.000000 0.000000 0.000000
14.000000 148.112015 21.773448 0.143381 1.400022 0.000000 0.000000 0.000000 1.000000 0.000000 0.000000
14.000000 148.113419 21.648996 0.174307 1.417187 0.000000 0.000000 0.000000 1.000000 0.000000 0.000000
14.000000 148.113700 21.460181 0.110176 1.417333 0.000000 0.000000 0.000000 1.000000 0.000000 0.000000
14.000000 148.119622 21.483996 0.132700 1.446711 0.000000 0.000000 0.000000 1.000000 0.000000 0.000000
14.000000 148.122030 21.683123 0.166096 1.458423 0.000000 0.000000 0.000000 1.000000 0.000000 0.000000
14.000000 148.123406 21.541698 0.201543 1.473654 0.000000 0.000000 0.000000 1.000000 0.000000 0.000000
14.000000 148.123592 21.352873 0.136117 1.478326 0.000000 0.000000 0.000000 1.000000 0.000000 0.000000
14.000000 148.129704 21.374985 0.158695 1.506315 0.000000 0.000000 0.000000 1.000000 0.000000 0.000000
14.000000 148.132098 21.538121 0.192157 1.522686 0.000000 0.000000 0.000000 1.000000 0.000000 0.000000
14.000000 148.133421 21.423773 0.220940 1.543519 0.000000 0.000000 0.000000 1.000000 0.000000 0.000000
14.000000 148.133693 21.254881 0.156750 1.548303 0.000000 0.000000 0.000000 1.000000 0.000000 0.000000
14.000000 148.139127 21.109763 0.197236 1.527064 0.000000 0.000000 0.000000 1.000000 0.000000 0.000000
14.000000 148.139623 21.143332 0.221184 1.598304 0.000000 0.000000 0.000000 1.000000 0.000000 0.000000
14.000000 148.142009 21.444222 0.212575 1.592479 0.000000 0.000000 0.000000 1.000000 0.000000 0.000000
14.000000 148.143363 21.307812 0.246913 1.610511 0.000000 0.000000 0.000000 1.000000 0.000000 0.000000
14.000000 148.143705 21.148002 0.184371 1.607468 0.000000 0.000000 0.000000 1.000000 0.000000 0.000000
14.000000 148.149136 21.011116 0.220647 1.591334 0.000000 0.000000 0.000000 1.000000 0.000000 0.000000
14.000000 148.149741 21.037081 0.239550 1.660585 0.000000 0.000000 0.000000 1.000000 0.000000 0.000000
14.000000 148.151940 21.348486 0.232183 1.653629 0.000000 0.000000 0.000000 1.000000 0.000000 0.000000
14.000000 148.153538 21.204474 0.268458 1.672856 0.000000 0.000000 0.000000 1.000000 0.000000 0.000000
14.000000 148.153699 21.042157 0.204674 1.669059 0.000000 0.000000 0.000000 1.000000 0.000000 0.000000
14.000000 148.159061 20.896705 0.243606 1.653050 0.000000 0.000000 0.000000 1.000000 0.000000 0.000000
14.000000 148.159612 20.923373 0.262662 1.724400 0.000000 0.000000 0.000000 1.000000 0.000000 0.000000
14.000000 148.162106 21.234963 0.255544 1.714652 0.000000 0.000000 0.000000 1.000000 0.000000 0.000000
14.000000 148.163353 21.094398 0.291066 1.732343 0.000000 0.000000 0.000000 1.000000 0.000000 0.000000
14.000000 148.163730 20.936401 0.227199 1.728603 0.000000 0.000000 0.000000 1.000000 0.000000 0.000000
14.000000 148.169044 20.785353 0.266746 1.711904 0.000000 0.000000 0.000000 1.000000 0.000000 0.000000
14.000000 148.169692 20.806324 0.281218 1.782943 0.000000 0.000000 0.000000 1.000000 0.000000 0.000000
14.000000 148.172094 21.118195 0.274188 1.779609 0.000000 0.000000 0.000000 1.000000 0.000000 0.000000
14.000000 148.173500 20.974771 0.310359 1.799465 0.000000 0.000000 0.000000 1.000000 0.000000 0.000000
14.000000 148.173741 20.829052 0.248498 1.787002 0.000000 0.000000 0.000000 1.000000 0.000000 0.000000
14.000000 148.179095 20.684909 0.283558 1.772692 0.000000 0.000000 0.000000 1.000000 0.000000 0.000000
14.000000 148.179672 20.701093 0.296669 1.840748 0.000000 0.000000 0.000000 1.000000 0.000000 0.000000
14.000000 148.182140 20.997680 0.291669 1.838946 0.000000 0.000000 0.000000 1.000000 0.000000 0.000000
14.000000 148.183488 20.851060 0.328679 1.861850 0.000000 0.000000 0.000000 1.000000 0.000000 0.000000
14.000000 148.183711 20.720471 0.270536 1.845328 0.000000 0.000000 0.000000 1.000000 0.000000 0.000000
14.000000 148.189264 20.570642 0.306436 1.827796 0.000000 0.000000 0.000000 1.000000 0.000000 0.000000
14.000000 148.189730 20.600227 0.326488 1.902811 0.000000 0.000000 0.000000 1.000000 0.000000 0.000000
14.000000 148.192050 20.884910 0.319702 1.902555 0.000000 0.000000 0.000000 1.000000 0.000000 0.000000
14.000000 148.193666 20.729712 0.301143 1.919249 0.000000 0.000000 0.000000 1.000000 0.000000 0.000000
14.000000 148.193797 20.616356 0.292663 1.902743 0.000000 0.000000 0.000000 1.000000 0.000000 0.000000
14.000000 148.199086 20.369808 0.246238 1.932379 0.000000 0.000000 0.000000 1.000000 0.000000 0.000000
14.000000 148.199661 20.485838 0.349873 1.962256 0.000000 0.000000 0.000000 1.000000 0.000000 0.000000
14.000000 148.202113 20.714928 0.344390 1.968165 0.000000 0.000000 0.000000 1.000000 0.000000 0.000000
14.000000 148.203500 20.621713 0.367851 1.982176 0.000000 0.000000 0.000000 1.000000 0.000000 0.000000
14.000000 148.203622 20.508257 0.313444 1.957797 0.000000 0.000000 0.000000 1.000000 0.000000 0.000000
14.000000 148.209080 20.351155 0.349758 1.942076 0.000000 0.000000 0.000000 1.000000 0.000000 0.000000
14.000000 148.209740 20.373646 0.367596 2.014642 0.000000 0.000000 0.000000 1.000000 0.000000 0.000000
14.000000 148.212076 20.632648 0.363932 2.008244 0.000000 0.000000 0.000000 1.000000 0.000000 0.000000
14.000000 148.213563 20.523777 0.391624 2.023857 0.000000 0.000000 0.000000 1.000000 0.000000 0.000000
14.000000 148.213661 20.400093 0.335187 2.011175 0.000000 0.000000 0.000000 1.000000 0.000000 0.000000
14.000000 148.219162 20.240035 0.373932 2.000809 0.000000 0.000000 0.000000 1.000000 0.000000 0.000000
14.000000 148.219647 20.259413 0.389023 2.074994 0.000000 0.000000 0.000000 1.000000 0.000000 0.000000
14.000000 148.222252 20.502803 0.384887 2.076141 0.000000 0.000000 0.000000 1.000000 0.000000 0.000000
14.000000 148.223393 20.404209 0.409852 2.088887 0.000000 0.000000 0.000000 1.000000 0.000000 0.000000
14.000000 148.223864 20.292162 0.355214 2.064096 0.000000 0.000000 0.000000 1.000000 0.000000 0.000000
14.000000 148.229106 20.127040 0.393635 2.049814 0.000000 0.000000 0.000000 1.000000 0.000000 0.000000
14.000000 148.229796 20.150010 0.410265 2.126081 0.000000 0.000000 0.000000 1.000000 0.000000 0.000000
14.000000 148.232006 20.402763 0.405969 2.129786 0.000000 0.000000 0.000000 1.000000 0.000000 0.000000
14.000000 148.233565 20.294411 0.433416 2.146264 0.000000 0.000000 0.000000 1.000000 0.000000 0.000000
14.000000 148.233746 20.188690 0.379836 2.119007 0.000000 0.000000 0.000000 1.000000 0.000000 0.000000
14.000000 148.239421 20.020908 0.418432 2.100546 0.000000 0.000000 0.000000 1.000000 0.000000 0.000000
14.000000 148.239639 20.020339 0.415785 2.172063 0.000000 0.000000 0.000000 1.000000 0.000000 0.000000
14.000000 148.242154 20.342213 0.410555 2.175881 0.000000 0.000000 0.000000 1.000000 0.000000 0.000000
14.000000 148.243386 20.176427 0.452756 2.202425 0.000000 0.000000 0.000000 1.000000 0.000000 0.000000
14.000000 148.243712 20.078572 0.399922 2.172048 0.000000 0.000000 0.000000 1.000000 0.000000 0.000000
14.000000 148.249811 20.121853 0.408085 2.186977 0.000000 0.000000 0.000000 1.000000 0.000000 0.000000
14.000000 148.250828 19.931918 0.450025 2.228317 0.000000 0.000000 0.000000 1.000000 0.000000 0.000000
14.000000 148.252171 20.006429 0.500947 2.253255 0.000000 0.000000 0.000000 1.000000 0.000000 0.000000
14.000000 148.253505 20.073409 0.475585 2.258111 0.000000 0.000000 0.000000 1.000000 0.000000 0.000000
14.000000 148.253666 19.971300 0.419165 2.221336 0.000000 0.000000 0.000000 1.000000 0.000000 0.000000
14.000000 148.259059 19.802627 0.454074 2.203347 0.000000 0.000000 0.000000 1.000000 0.000000 0.000000
14.000000 148.259748 19.828879 0.474339 2.280378 0.000000 0.000000 0.000000 1.000000 0.000000 0.000000
14.000000 148.262108 19.939357 0.470335 2.288859 0.000000 0.000000 0.000000 1.000000 0.000000 0.000000
14.000000 148.263382 19.921210 0.474866 2.297291 0.000000 0.000000 0.000000 1.000000 0.000000 0.000000
14.000000 148.263696 19.866655 0.438558 2.268993 0.000000 0.000000 0.000000 1.000000 0.000000 0.000000
14.000000 148.269265 19.699196 0.475851 2.257481 0.000000 0.000000 0.000000 1.000000 0.000000 0.000000
14.000000 148.269819 19.723827 0.493696 2.334597 0.000000 0.000000 0.000000 1.000000 0.000000 0.000000
14.000000 148.272147 19.952358 0.491223 2.342078 0.000000 0.000000 0.000000 1.000000 0.000000 0.000000
14.000000 148.273540 19.851321 0.516839 2.355134 0.000000 0.000000 0.000000 1.000000 0.000000 0.000000
14.000000 148.273739 19.755089 0.463783 2.315177 0.000000 0.000000 0.000000 1.000000 0.000000 0.000000
14.000000 148.279163 19.579703 0.502281 2.299237 0.000000 0.000000 0.000000 1.000000 0.000000 0.000000
14.000000 148.279744 19.576688 0.499900 2.373582 0.000000 0.000000 0.000000 1.000000 0.000000 0.000000
14.000000 148.282192 19.806423 0.495622 2.389429 0.000000 0.000000 0.000000 1.000000 0.000000 0.000000
14.000000 148.283364 19.697659 0.523277 2.411747 0.000000 0.000000 0.000000 1.000000 0.000000 0.000000
14.000000 148.283761 19.635619 0.479923 2.366225 0.000000 0.000000 0.000000 1.000000 0.000000 0.000000
14.000000 148.286917 19.798927 0.399558 2.432739 0.000000 0.000000 0.000000 1.000000 0.000000 0.000000
14.000000 148.289078 19.578476 0.590406 2.445638 0.000000 0.000000 0.000000 1.000000 0.000000 0.000000
14.000000 148.289763 19.502191 0.532760 2.426844 0.000000 0.000000 0.000000 1.000000 0.000000 0.000000
14.000000 148.292209 19.717629 0.530158 2.436638 0.000000 0.000000 0.000000 1.000000 0.000000 0.000000
14.000000 148.293585 19.618847 0.555310 2.455949 0.000000 0.000000 0.000000 1.000000 0.000000 0.000000
14.000000 148.293751 19.532731 0.502407 2.413610 0.000000 0.000000 0.000000 1.000000 0.000000 0.000000
14.000000 148.296877 19.707496 0.417750 2.482030 0.000000 0.000000 0.000000 1.000000 0.000000 0.000000
14.000000 148.299328 19.482968 0.611746 2.492085 0.000000 0.000000 0.000000 1.000000 0.000000 0.000000
14.000000 148.299717 19.399675 0.549832 2.465651 0.000000 0.000000 0.000000 1.000000 0.000000 0.000000
14.000000 148.302215 19.605907 0.547235 2.479484 0.000000 0.000000 0.000000 1.000000 0.000000 0.000000
14.000000 148.303416 19.540439 0.563715 2.495138 0.000000 0.000000 0.000000 1.000000 0.000000 0.000000
14.000000 148.303869 19.448356 0.510547 2.452920 0.000000 0.000000 0.000000 1.000000 0.000000 0.000000
14.000000 148.306884 19.611192 0.431678 2.523950 0.000000 0.000000 0.000000 1.000000 0.000000 0.000000
14.000000 148.309221 19.376637 0.631045 2.543825 0.000000 0.000000 0.000000 1.000000 0.000000 0.000000
14.000000 148.309764 19.290520 0.571832 2.520675 0.000000 0.000000 0.000000 1.000000 0.000000 0.000000
14.000000 148.312113 19.442641 0.570740 2.534437 0.000000 0.000000 0.000000 1.000000 0.000000 0.000000
14.000000 148.313509 19.383549 0.585624 2.551802 0.000000 0.000000 0.000000 1.000000 0.000000 0.000000
14.000000 148.313801 19.325890 0.540756 2.498805 0.000000 0.000000 0.000000 1.000000 0.000000 0.000000
14.000000 148.316759 19.481783 0.460287 2.561400 0.000000 0.000000 0.000000 1.000000 0.000000 0.000000
14.000000 148.319176 19.257761 0.647785 2.584983 0.000000 0.000000 0.000000 1.000000 0.000000 0.000000
14.000000 148.319735 19.184023 0.594228 2.565198 0.000000 0.000000 0.000000 1.000000 0.000000 0.000000
14.000000 148.322089 19.365546 0.592008 2.575790 0.000000 0.000000 0.000000 1.000000 0.000000 0.000000
14.000000 148.323520 19.281770 0.613422 2.589519 0.000000 0.000000 0.000000 1.000000 0.000000 0.000000
14.000000 148.324018 19.211942 0.566948 2.542541 0.000000 0.000000 0.000000 1.000000 0.000000 0.000000
14.000000 148.326952 19.371766 0.488569 2.607866 0.000000 0.000000 0.000000 1.000000 0.000000 0.000000
14.000000 148.329187 19.153108 0.671886 2.626003 0.000000 0.000000 0.000000 1.000000 0.000000 0.000000
14.000000 148.329808 19.078573 0.616236 2.604501 0.000000 0.000000 0.000000 1.000000 0.000000 0.000000
14.000000 148.332201 19.269870 0.612682 2.620914 0.000000 0.000000 0.000000 1.000000 0.000000 0.000000
14.000000 148.333606 19.176908 0.636419 2.638857 0.000000 0.000000 0.000000 1.000000 0.000000 0.000000
14.000000 148.333766 19.110810 0.589439 2.586920 0.000000 0.000000 0.000000 1.000000 0.000000 0.000000
14.000000 148.336712 19.252935 0.515494 2.644291 0.000000 0.000000 0.000000 1.000000 0.000000 0.000000
14.000000 148.339142 19.035448 0.695471 2.667521 0.000000 0.000000 0.000000 1.000000 0.000000 0.000000
14.000000 148.339698 18.950802 0.634449 2.647949 0.000000 0.000000 0.000000 1.000000 0.000000 0.000000
14.000000 148.342101 19.143288 0.630792 2.662768 0.000000 0.000000 0.000000 1.000000 0.000000 0.000000
14.000000 148.343424 19.064810 0.650880 2.676803 0.000000 0.000000 0.000000 1.000000 0.000000 0.000000
14.000000 148.343867 19.001918 0.604950 2.623527 0.000000 0.000000 0.000000 1.000000 0.000000 0.000000
14.000000 148.346831 19.150995 0.528198 2.686635 0.000000 0.000000 0.000000 1.000000 0.000000 0.000000
14.000000 148.349290 18.937238 0.701993 2.716096 0.000000 0.000000 0.000000 1.000000 0.000000 0.000000
14.000000 148.349811 18.867451 0.654513 2.689626 0.000000 0.000000 0.000000 1.000000 0.000000 0.000000
14.000000 148.352235 19.026231 0.654039 2.705219 0.000000 0.000000 0.000000 1.000000 0.000000 0.000000
14.000000 148.353576 18.957706 0.671397 2.725757 0.000000 0.000000 0.000000 1.000000 0.000000 0.000000
14.000000 148.353843 18.912159 0.629785 2.665993 0.000000 0.000000 0.000000 1.000000 0.000000 0.000000
14.000000 148.356871 19.033666 0.559570 2.722162 0.000000 0.000000 0.000000 1.000000 0.000000 0.000000
14.000000 148.359776 18.861761 0.681791 2.758719 0.000000 0.000000 0.000000 1.000000 0.000000 0.000000
14.000000 148.360589 18.759318 0.676456 2.729300 0.000000 0.000000 0.000000 1.000000 0.000000 0.000000
14.000000 148.362210 18.815104 0.707835 2.748514 0.000000 0.000000 0.000000 1.000000 0.000000 0.000000
14.000000 148.363539 18.848453 0.692824 2.760380 0.000000 0.000000 0.000000 1.000000 0.000000 0.000000
14.000000 148.363757 18.785061 0.644756 2.702835 0.000000 0.000000 0.000000 1.000000 0.000000 0.000000
14.000000 148.366808 18.937780 0.566533 2.756970 0.000000 0.000000 0.000000 1.000000 0.000000 0.000000
14.000000 148.369162 18.720563 0.740640 2.790550 0.000000 0.000000 0.000000 1.000000 0.000000 0.000000
14.000000 148.369744 18.642938 0.689271 2.769833 0.000000 0.000000 0.000000 1.000000 0.000000 0.000000
14.000000 148.372310 18.842871 0.689394 2.780864 0.000000 0.000000 0.000000 1.000000 0.000000 0.000000
14.000000 148.373626 18.740897 0.715621 2.802320 0.000000 0.000000 0.000000 1.000000 0.000000 0.000000
14.000000 148.373865 18.691101 0.671280 2.740435 0.000000 0.000000 0.000000 1.000000 0.000000 0.000000
14.000000 148.376732 18.803014 0.603990 2.789985 0.000000 0.000000 0.000000 1.000000 0.000000 0.000000
14.000000 148.379654 18.641175 0.716506 2.833011 0.000000 0.000000 0.000000 1.000000 0.000000 0.000000
14.000000 148.382240 18.693953 0.711381 2.818432 0.000000 0.000000 0.000000 1.000000 0.000000 0.000000
14.000000 148.383568 18.625101 0.729030 2.837703 0.000000 0.000000 0.000000 1.000000 0.000000 0.000000
14.000000 148.383730 18.580853 0.687576 2.777566 0.000000 0.000000 0.000000 1.000000 0.000000 0.000000
14.000000 148.386826 18.703399 0.618159 2.827871 0.000000 0.000000 0.000000 1.000000 0.000000 0.000000
14.000000 148.389244 18.497449 0.779010 2.867258 0.000000 0.000000 0.000000 1.000000 0.000000 0.000000
14.000000 148.389783 18.427391 0.734378 2.841368 0.000000 0.000000 0.000000 1.000000 0.000000 0.000000
14.000000 148.392249 18.591761 0.735121 2.857244 0.000000 0.000000 0.000000 1.000000 0.000000 0.000000
14.000000 148.393444 18.522722 0.752666 2.879141 0.000000 0.000000 0.000000 1.000000 0.000000 0.000000
14.000000 148.393690 18.478499 0.710728 2.813571 0.000000 0.000000 0.000000 1.000000 0.000000 0.000000
14.000000 148.396787 18.586054 0.645882 2.859570 0.000000 0.000000 0.000000 1.000000 0.000000 0.000000
14.000000 148.399355 18.394339 0.792951 2.904290 0.000000 0.000000 0.000000 1.000000 0.000000 0.000000
14.000000 148.399726 18.324824 0.751248 2.876451 0.000000 0.000000 0.000000 1.000000 0.000000 0.000000
14.000000 148.402361 18.457622 0.753094 2.887582 0.000000 0.000000 0.000000 1.000000 0.000000 0.000000
14.000000 148.403558 18.418049 0.763044 2.895923 0.000000 0.000000 0.000000 1.000000 0.000000 0.000000
14.000000 148.403721 18.363367 0.721956 2.835250 0.000000 0.000000 0.000000 1.000000 0.000000 0.000000
14.000000 148.406870 18.486065 0.657842 2.889065 0.000000 0.000000 0.000000 1.000000 0.000000 0.000000
14.000000 148.409250 18.287388 0.810746 2.932674 0.000000 0.000000 0.000000 1.000000 0.000000 0.000000
14.000000 148.409757 18.219322 0.769897 2.912439 0.000000 0.000000 0.000000 1.000000 0.000000 0.000000
14.000000 148.412273 18.313763 0.769610 2.935374 0.000000 0.000000 0.000000 1.000000 0.000000 0.000000
14.000000 148.413539 18.277935 0.778393 2.957483 0.000000 0.000000 0.000000 1.000000 0.000000 0.000000
14.000000 148.413898 18.269538 0.751173 2.886878 0.000000 0.000000 0.000000 1.000000 0.000000 0.000000
14.000000 148.416718 18.329883 0.702932 2.920489 0.000000 0.000000 0.000000 1.000000 0.000000 0.000000
14.000000 148.419299 18.168063 0.823416 2.969230 0.000000 0.000000 0.000000 1.000000 0.000000 0.000000
14.000000 148.419789 18.120654 0.795215 2.946256 0.000000 0.000000 0.000000 1.000000 0.000000 0.000000
14.000000 148.422196 18.228454 0.796823 2.961814 0.000000 0.000000 0.000000 1.000000 0.000000 0.000000
14.000000 148.423408 18.188458 0.806804 2.981827 0.000000 0.000000 0.000000 1.000000 0.000000 0.000000
14.000000 148.423698 18.153728 0.769300 2.914338 0.000000 0.000000 0.000000 1.000000 0.000000 0.000000
14.000000 148.426851 18.226354 0.718635 2.942778 0.000000 0.000000 0.000000 1.000000 0.000000 0.000000
14.000000 148.429201 18.056966 0.846082 2.986490 0.000000 0.000000 0.000000 1.000000 0.000000 0.000000
14.000000 148.429785 18.002496 0.809546 2.974677 0.000000 0.000000 0.000000 1.000000 0.000000 0.000000
14.000000 148.432306 18.172135 0.808719 2.991940 0.000000 0.000000 0.000000 1.000000 0.000000 0.000000
14.000000 148.433553 18.088157 0.830419 3.013481 0.000000 0.000000 0.000000 1.000000 0.000000 0.000000
14.000000 148.433651 18.053637 0.792383 2.945951 0.000000 0.000000 0.000000 1.000000 0.000000 0.000000
14.000000 148.439419 17.873693 0.825436 2.925799 0.000000 0.000000 0.000000 1.000000 0.000000 0.000000
14.000000 148.439698 17.872729 0.826672 3.009026 0.000000 0.000000 0.000000 1.000000 0.000000 0.000000
14.000000 148.442351 18.055785 0.828103 3.023165 0.000000 0.000000 0.000000 1.000000 0.000000 0.000000
14.000000 148.443410 17.981399 0.847273 3.043810 0.000000 0.000000 0.000000 1.000000 0.000000 0.000000
14.000000 148.443765 17.945147 0.810490 2.979158 0.000000 0.000000 0.000000 1.000000 0.000000 0.000000
14.000000 148.449273 17.779304 0.840782 2.963884 0.000000 0.000000 0.000000 1.000000 0.000000 0.000000
14.000000 148.449782 17.768008 0.838717 3.038603 0.000000 0.000000 0.000000 1.000000 0.000000 0.000000
14.000000 148.452307 17.989667 0.843848 3.048642 0.000000 0.000000 0.000000 1.000000 0.000000 0.000000
14.000000 148.453558 17.908340 0.864752 3.070860 0.000000 0.000000 0.000000 1.000000 0.000000 0.000000
14.000000 148.453790 17.863113 0.825545 3.006900 0.000000 0.000000 0.000000 1.000000 0.000000 0.000000
14.000000 148.459394 17.682873 0.861320 2.993857 0.000000 0.000000 0.000000 1.000000 0.000000 0.000000
14.000000 148.459751 17.672876 0.861196 3.066775 0.000000 0.000000 0.000000 1.000000 0.000000 0.000000
14.000000 148.462161 17.783712 0.863827 3.078029 0.000000 0.000000 0.000000 1.000000 0.000000 0.000000
14.000000 148.463465 17.746409 0.873258 3.101835 0.000000 0.000000 0.000000 1.000000 0.000000 0.000000
14.000000 148.463740 17.748131 0.852104 3.038574 0.000000 0.000000 0.000000 1.000000 0.000000 0.000000
14.000000 148.469173 17.583669 0.882128 3.023786 0.000000 0.000000 0.000000 1.000000 0.000000 0.000000
14.000000 148.469858 17.562257 0.875641 3.096879 0.000000 0.000000 0.000000 1.000000 0.000000 0.000000
14.000000 148.472113 17.761007 0.881018 3.108361 0.000000 0.000000 0.000000 1.000000 0.000000 0.000000
14.000000 148.473504 17.670163 0.904480 3.133995 0.000000 0.000000 0.000000 1.000000 0.000000 0.000000
14.000000 148.473859 17.641172 0.871898 3.068262 0.000000 0.000000 0.000000 1.000000 0.000000 0.000000
14.000000 148.479356 17.477813 0.902980 3.040868 0.000000 0.000000 0.000000 1.000000 0.000000 0.000000
14.000000 148.479784 17.476978 0.900068 3.112019 0.000000 0.000000 0.000000 1.000000 0.000000 0.000000
14.000000 148.482290 17.624612 0.898920 3.138069 0.000000 0.000000 0.000000 1.000000 0.000000 0.000000
14.000000 148.483597 17.548191 0.918610 3.162137 0.000000 0.000000 0.000000 1.000000 0.000000 0.000000
14.000000 148.483765 17.528453 0.889567 3.093057 0.000000 0.000000 0.000000 1.000000 0.000000 0.000000
14.000000 148.489163 17.339379 0.927931 3.072246 0.000000 0.000000 0.000000 1.000000 0.000000 0.000000
14.000000 148.489876 17.321983 0.916545 3.154968 0.000000 0.000000 0.000000 1.000000 0.000000 0.000000
14.000000 148.492113 17.527032 0.916997 3.169490 0.000000 0.000000 0.000000 1.000000 0.000000 0.000000
14.000000 148.493605 17.440861 0.939621 3.187309 0.000000 0.000000 0.000000 1.000000 0.000000 0.000000
14.000000 148.493779 17.420232 0.909487 3.119086 0.000000 0.000000 0.000000 1.000000 0.000000 0.000000
14.000000 148.499350 17.261519 0.937895 3.101685 0.000000 0.000000 0.000000 1.000000 0.000000 0.000000
14.000000 148.499789 17.262662 0.945034 3.168834 0.000000 0.000000 0.000000 1.000000 0.000000 0.000000
14.000000 148.502200 17.351814 0.949315 3.184802 0.000000 0.000000 0.000000 1.000000 0.000000 0.000000
14.000000 148.503619 17.340371 0.951615 3.212221 0.000000 0.000000 0.000000 1.000000 0.000000 0.000000
14.000000 148.503882 17.328685 0.926282 3.145980 0.000000 0.000000 0.000000 1.000000 0.000000 0.000000
14.000000 148.509209 17.157334 0.959382 3.129725 0.000000 0.000000 0.000000 1.000000 0.000000 0.000000
14.000000 148.509963 17.145714 0.963521 3.187883 0.000000 0.000000 0.000000 1.000000 0.000000 0.000000
14.000000 148.512148 17.264452 0.972203 3.196102 0.000000 0.000000 0.000000 1.000000 0.000000 0.000000
14.000000 148.513591 17.242004 0.977371 3.231903 0.000000 0.000000 0.000000 1.000000 0.000000 0.000000
14.000000 148.513783 17.221281 0.947915 3.170353 0.000000 0.000000 0.000000 1.000000 0.000000 0.000000
14.000000 148.519497 17.054745 0.979294 3.154005 0.000000 0.000000 0.000000 1.000000 0.000000 0.000000
14.000000 148.519812 17.052477 0.986668 3.216892 0.000000 0.000000 0.000000 1.000000 0.000000 0.000000
14.000000 148.522151 17.140684 0.992960 3.231731 0.000000 0.000000 0.000000 1.000000 0.000000 0.000000
14.000000 148.523570 17.114216 0.999178 3.258700 0.000000 0.000000 0.000000 1.000000 0.000000 0.000000
14.000000 148.523909 17.098299 0.972625 3.187443 0.000000 0.000000 0.000000 1.000000 0.000000 0.000000
14.000000 148.529450 16.944272 1.000903 3.173055 0.000000 0.000000 0.000000 1.000000 0.000000 0.000000
14.000000 148.529886 16.930027 1.001178 3.235728 0.000000 0.000000 0.000000 1.000000 0.000000 0.000000
14.000000 148.532088 17.066113 1.008567 3.249369 0.000000 0.000000 0.000000 1.000000 0.000000 0.000000
14.000000 148.533569 17.018684 1.020409 3.280925 0.000000 0.000000 0.000000 1.000000 0.000000 0.000000
14.000000 148.533867 17.006482 0.994627 3.209747 0.000000 0.000000 0.000000 1.000000 0.000000 0.000000
14.000000 148.539354 16.843822 1.025004 3.188114 0.000000 0.000000 0.000000 1.000000 0.000000 0.000000
14.000000 148.539753 16.796742 1.006916 3.251163 0.000000 0.000000 0.000000 1.000000 0.000000 0.000000
14.000000 148.542170 16.994168 1.014452 3.265758 0.000000 0.000000 0.000000 1.000000 0.000000 0.000000
14.000000 148.543550 16.903809 1.037924 3.290084 0.000000 0.000000 0.000000 1.000000 0.000000 0.000000
14.000000 148.543925 16.891615 1.015094 3.219479 0.000000 0.000000 0.000000 1.000000 0.000000 0.000000
14.000000 148.549433 16.755761 1.039465 3.216796 0.000000 0.000000 0.000000 1.000000 0.000000 0.000000
14.000000 148.549992 16.708437 1.028905 3.270286 0.000000 0.000000 0.000000 1.000000 0.000000 0.000000
14.000000 148.552122 16.855869 1.040884 3.274955 0.000000 0.000000 0.000000 1.000000 0.000000 0.000000
14.000000 148.553668 16.769492 1.063218 3.307249 0.000000 0.000000 0.000000 1.000000 0.000000 0.000000
14.000000 148.553836 16.749056 1.037297 3.243490 0.000000 0.000000 0.000000 1.000000 0.000000 0.000000
14.000000 148.559511 16.637040 1.054955 3.237715 0.000000 0.000000 0.000000 1.000000 0.000000 0.000000
14.000000 148.559830 16.580863 1.036569 3.291895 0.000000 0.000000 0.000000 1.000000 0.000000 0.000000
14.000000 148.562087 16.777414 1.047995 3.293883 0.000000 0.000000 0.000000 1.000000 0.000000 0.000000
14.000000 148.563569 16.705771 1.066647 3.319883 0.000000 0.000000 0.000000 1.000000 0.000000 0.000000
14.000000 148.563922 16.687864 1.042880 3.261143 0.000000 0.000000 0.000000 1.000000 0.000000 0.000000
14.000000 148.569322 16.534233 1.073718 3.257263 0.000000 0.000000 0.000000 1.000000 0.000000 0.000000
14.000000 148.569886 16.485317 1.060409 3.311279 0.000000 0.000000 0.000000 1.000000 0.000000 0.000000
14.000000 148.573824 16.624905 1.055653 3.258199 0.000000 0.000000 0.000000 1.000000 0.000000 0.000000
14.000000 148.579709 16.429360 1.094858 3.275607 0.000000 0.000000 0.000000 1.000000 0.000000 0.000000
14.000000 148.579848 16.368201 1.077130 3.326278 0.000000 0.000000 0.000000 1.000000 0.000000 0.000000
14.000000 148.582143 16.514053 1.088933 3.320440 0.000000 0.000000 0.000000 1.000000 0.000000 0.000000
14.000000 148.583659 16.498872 1.092596 3.333474 0.000000 0.000000 0.000000 1.000000 0.000000 0.000000
14.000000 148.583896 16.500542 1.081388 3.282961 0.000000 0.000000 0.000000 1.000000 0.000000 0.000000
14.000000 148.589333 16.312923 1.125267 3.291058 0.000000 0.000000 0.000000 1.000000 0.000000 0.000000
14.000000 148.589921 16.222620 1.095939 3.338786 0.000000 0.000000 0.000000 1.000000 0.000000 0.000000
14.000000 148.592183 16.423800 1.111059 3.337516 0.000000 0.000000 0.000000 1.000000 0.000000 0.000000
14.000000 148.593720 16.387907 1.119985 3.371028 0.000000 0.000000 0.000000 1.000000 0.000000 0.000000
14.000000 148.593864 16.380598 1.099982 3.311938 0.000000 0.000000 0.000000 1.000000 0.000000 0.000000
14.000000 148.599437 16.228603 1.129521 3.306361 0.000000 0.000000 0.000000 1.000000 0.000000 0.000000
14.000000 148.599888 16.189891 1.124069 3.357924 0.000000 0.000000 0.000000 1.000000 0.000000 0.000000
14.000000 148.602124 16.329444 1.137545 3.354201 0.000000 0.000000 0.000000 1.000000 0.000000 0.000000
14.000000 148.603562 16.307452 1.142819 3.382336 0.000000 0.000000 0.000000 1.000000 0.000000 0.000000
14.000000 148.603874 16.279021 1.113848 3.324965 0.000000 0.000000 0.000000 1.000000 0.000000 0.000000
14.000000 148.609331 16.117666 1.146442 3.320566 0.000000 0.000000 0.000000 1.000000 0.000000 0.000000
14.000000 148.609969 16.080284 1.143585 3.368300 0.000000 0.000000 0.000000 1.000000 0.000000 0.000000
14.000000 148.612113 16.185011 1.157224 3.361481 0.000000 0.000000 0.000000 1.000000 0.000000 0.000000
14.000000 148.613661 16.174568 1.159406 3.390355 0.000000 0.000000 0.000000 1.000000 0.000000 0.000000
14.000000 148.613856 16.163611 1.139017 3.336260 0.000000 0.000000 0.000000 1.000000 0.000000 0.000000
14.000000 148.619760 16.016429 1.168009 3.333126 0.000000 0.000000 0.000000 1.000000 0.000000 0.000000
14.000000 148.619809 15.994840 1.172246 3.378904 0.000000 0.000000 0.000000 1.000000 0.000000 0.000000
14.000000 148.622147 16.069547 1.184793 3.375928 0.000000 0.000000 0.000000 1.000000 0.000000 0.000000
14.000000 148.623642 16.080594 1.181038 3.405074 0.000000 0.000000 0.000000 1.000000 0.000000 0.000000
14.000000 148.623976 16.074010 1.162470 3.347887 0.000000 0.000000 0.000000 1.000000 0.000000 0.000000
14.000000 148.629340 15.912607 1.195645 3.336638 0.000000 0.000000 0.000000 1.000000 0.000000 0.000000
14.000000 148.629934 15.874789 1.190431 3.380927 0.000000 0.000000 0.000000 1.000000 0.000000 0.000000
14.000000 148.633707 16.011129 1.205518 3.387356 0.000000 0.000000 0.000000 1.000000 0.000000 0.000000
14.000000 148.633842 15.981289 1.176772 3.357525 0.000000 0.000000 0.000000 1.000000 0.000000 0.000000
14.000000 148.639469 15.825724 1.207899 3.352182 0.000000 0.000000 0.000000 1.000000 0.000000 0.000000
14.000000 148.639866 15.770486 1.192058 3.410406 0.000000 0.000000 0.000000 1.000000 0.000000 0.000000
14.000000 148.642204 15.865279 1.200497 3.405452 0.000000 0.000000 0.000000 1.000000 0.000000 0.000000
14.000000 148.643625 15.834125 1.208736 3.425326 0.000000 0.000000 0.000000 1.000000 0.000000 0.000000
14.000000 148.644152 15.859376 1.204430 3.366390 0.000000 0.000000 0.000000 1.000000 0.000000 0.000000
14.000000 148.649310 15.734891 1.226269 3.363761 0.000000 0.000000 0.000000 1.000000 0.000000 0.000000
14.000000 148.649984 15.668024 1.208105 3.417703 0.000000 0.000000 0.000000 1.000000 0.000000 0.000000
14.000000 148.652177 15.797121 1.220585 3.407725 0.000000 0.000000 0.000000 1.000000 0.000000 0.000000
14.000000 148.653732 15.740796 1.235645 3.433150 0.000000 0.000000 0.000000 1.000000 0.000000 0.000000
14.000000 148.653900 15.750574 1.224084 3.376052 0.000000 0.000000 0.000000 1.000000 0.000000 0.000000
14.000000 148.659497 15.633879 1.243509 3.373084 0.000000 0.000000 0.000000 1.000000 0.000000 0.000000
14.000000 148.659850 15.609634 1.247122 3.420971 0.000000 0.000000 0.000000 1.000000 0.000000 0.000000
14.000000 148.662179 15.655498 1.258754 3.413764 0.000000 0.000000 0.000000 1.000000 0.000000 0.000000
14.000000 148.663662 15.670305 1.254131 3.440448 0.000000 0.000000 0.000000 1.000000 0.000000 0.000000
14.000000 148.664007 15.659109 1.234144 3.387800 0.000000 0.000000 0.000000 1.000000 0.000000 0.000000
14.000000 148.669363 15.512035 1.263348 3.385067 0.000000 0.000000 0.000000 1.000000 0.000000 0.000000
14.000000 148.669936 15.485238 1.265347 3.431590 0.000000 0.000000 0.000000 1.000000 0.000000 0.000000
14.000000 148.672193 15.488540 1.274489 3.416522 0.000000 0.000000 0.000000 1.000000 0.000000 0.000000
14.000000 148.673688 15.543461 1.259158 3.437942 0.000000 0.000000 0.000000 1.000000 0.000000 0.000000
14.000000 148.673929 15.562272 1.254415 3.396665 0.000000 0.000000 0.000000 1.000000 0.000000 0.000000
14.000000 148.679440 15.413641 1.285023 3.389066 0.000000 0.000000 0.000000 1.000000 0.000000 0.000000
14.000000 148.679886 15.387256 1.283476 3.434060 0.000000 0.000000 0.000000 1.000000 0.000000 0.000000
14.000000 148.682175 15.419391 1.290843 3.440238 0.000000 0.000000 0.000000 1.000000 0.000000 0.000000
14.000000 148.683717 15.436817 1.285363 3.464788 0.000000 0.000000 0.000000 1.000000 0.000000 0.000000
14.000000 148.683988 15.444941 1.275167 3.405826 0.000000 0.000000 0.000000 1.000000 0.000000 0.000000
14.000000 148.689353 15.317782 1.299051 3.400220 0.000000 0.000000 0.000000 1.000000 0.000000 0.000000
14.000000 148.689981 15.292135 1.302049 3.439336 0.000000 0.000000 0.000000 1.000000 0.000000 0.000000
14.000000 148.692211 15.275946 1.310322 3.437716 0.000000 0.000000 0.000000 1.000000 0.000000 0.000000
14.000000 148.693713 15.313710 1.299270 3.462612 0.000000 0.000000 0.000000 1.000000 0.000000 0.000000
14.000000 148.693951 15.353932 1.304048 3.403340 0.000000 0.000000 0.000000 1.000000 0.000000 0.000000
14.000000 148.699445 15.226553 1.327685 3.404160 0.000000 0.000000 0.000000 1.000000 0.000000 0.000000
14.000000 148.699856 15.165256 1.317403 3.448863 0.000000 0.000000 0.000000 1.000000 0.000000 0.000000
14.000000 148.702186 15.188776 1.328048 3.447460 0.000000 0.000000 0.000000 1.000000 0.000000 0.000000
14.000000 148.703688 15.193031 1.326168 3.477571 0.000000 0.000000 0.000000 1.000000 0.000000 0.000000
14.000000 148.704101 15.221742 1.325672 3.419208 0.000000 0.000000 0.000000 1.000000 0.000000 0.000000
14.000000 148.709375 15.122779 1.341186 3.415494 0.000000 0.000000 0.000000 1.000000 0.000000 0.000000
14.000000 148.709971 15.035187 1.318210 3.457376 0.000000 0.000000 0.000000 1.000000 0.000000 0.000000
14.000000 148.712274 15.210529 1.336782 3.440393 0.000000 0.000000 0.000000 1.000000 0.000000 0.000000
14.000000 148.713771 15.147920 1.353688 3.470419 0.000000 0.000000 0.000000 1.000000 0.000000 0.000000
14.000000 148.714022 15.146689 1.339008 3.422565 0.000000 0.000000 0.000000 1.000000 0.000000 0.000000
14.000000 148.719487 15.015416 1.364023 3.416220 0.000000 0.000000 0.000000 1.000000 0.000000 0.000000
14.000000 148.719852 14.953958 1.350218 3.461178 0.000000 0.000000 0.000000 1.000000 0.000000 0.000000
14.000000 148.723699 15.019169 1.361546 3.464494 0.000000 0.000000 0.000000 1.000000 0.000000 0.000000
14.000000 148.724092 15.023090 1.349883 3.424660 0.000000 0.000000 0.000000 1.000000 0.000000 0.000000
14.000000 148.729494 14.876444 1.379197 3.410007 0.000000 0.000000 0.000000 1.000000 0.000000 0.000000
14.000000 148.729958 14.842040 1.375080 3.451032 0.000000 0.000000 0.000000 1.000000 0.000000 0.000000
14.000000 148.732177 14.869031 1.383060 3.446986 0.000000 0.000000 0.000000 1.000000 0.000000 0.000000
14.000000 148.733853 14.921970 1.367983 3.471784 0.000000 0.000000 0.000000 1.000000 0.000000 0.000000
14.000000 148.734083 14.975465 1.381459 3.426837 0.000000 0.000000 0.000000 1.000000 0.000000 0.000000
14.000000 148.739732 14.823180 1.413503 3.421665 0.000000 0.000000 0.000000 1.000000 0.000000 0.000000
14.000000 148.739871 14.685194 1.369584 3.463014 0.000000 0.000000 0.000000 1.000000 0.000000 0.000000
14.000000 148.742277 14.887343 1.387373 3.462520 0.000000 0.000000 0.000000 1.000000 0.000000 0.000000
14.000000 148.743682 14.852085 1.396489 3.489209 0.000000 0.000000 0.000000 1.000000 0.000000 0.000000
14.000000 148.744007 14.874623 1.392733 3.421829 0.000000 0.000000 0.000000 1.000000 0.000000 0.000000
14.000000 148.749393 14.737207 1.418632 3.415153 0.000000 0.000000 0.000000 1.000000 0.000000 0.000000
14.000000 148.750070 14.648070 1.396836 3.460292 0.000000 0.000000 0.000000 1.000000 0.000000 0.000000
14.000000 148.752192 14.763808 1.412202 3.456941 0.000000 0.000000 0.000000 1.000000 0.000000 0.000000
14.000000 148.753756 14.736243 1.419228 3.489858 0.000000 0.000000 0.000000 1.000000 0.000000 0.000000
14.000000 148.753943 14.758469 1.414838 3.428049 0.000000 0.000000 0.000000 1.000000 0.000000 0.000000
14.000000 148.759568 14.634328 1.436545 3.417918 0.000000 0.000000 0.000000 1.000000 0.000000 0.000000
14.000000 148.759903 14.569675 1.425276 3.460469 0.000000 0.000000 0.000000 1.000000 0.000000 0.000000
14.000000 148.762236 14.592641 1.435595 3.461452 0.000000 0.000000 0.000000 1.000000 0.000000 0.000000
14.000000 148.763690 14.634426 1.423256 3.490952 0.000000 0.000000 0.000000 1.000000 0.000000 0.000000
14.000000 148.764033 14.691558 1.436234 3.425717 0.000000 0.000000 0.000000 1.000000 0.000000 0.000000
14.000000 148.769470 14.556239 1.461046 3.412723 0.000000 0.000000 0.000000 1.000000 0.000000 0.000000
14.000000 148.769971 14.500830 1.452132 3.457347 0.000000 0.000000 0.000000 1.000000 0.000000 0.000000
14.000000 148.772214 14.515588 1.460738 3.464169 0.000000 0.000000 0.000000 1.000000 0.000000 0.000000
14.000000 148.773797 14.540036 1.453168 3.491018 0.000000 0.000000 0.000000 1.000000 0.000000 0.000000
14.000000 148.774155 14.559609 1.447716 3.422366 0.000000 0.000000 0.000000 1.000000 0.000000 0.000000
14.000000 148.779462 14.405208 1.477845 3.414924 0.000000 0.000000 0.000000 1.000000 0.000000 0.000000
14.000000 148.779894 14.281685 1.444996 3.461197 0.000000 0.000000 0.000000 1.000000 0.000000 0.000000
14.000000 148.782234 14.473130 1.466171 3.458419 0.000000 0.000000 0.000000 1.000000 0.000000 0.000000
14.000000 148.783803 14.443622 1.473651 3.489090 0.000000 0.000000 0.000000 1.000000 0.000000 0.000000
14.000000 148.784156 14.462593 1.468239 3.420849 0.000000 0.000000 0.000000 1.000000 0.000000 0.000000
14.000000 148.789629 14.308262 1.498518 3.405624 0.000000 0.000000 0.000000 1.000000 0.000000 0.000000
14.000000 148.790005 14.181999 1.463080 3.446494 0.000000 0.000000 0.000000 1.000000 0.000000 0.000000
14.000000 148.792197 14.395470 1.484412 3.451599 0.000000 0.000000 0.000000 1.000000 0.000000 0.000000
14.000000 148.793905 14.352503 1.495472 3.488304 0.000000 0.000000 0.000000 1.000000 0.000000 0.000000
14.000000 148.794116 14.367079 1.487913 3.419200 0.000000 0.000000 0.000000 1.000000 0.000000 0.000000
14.000000 148.799469 14.239281 1.510638 3.408387 0.000000 0.000000 0.000000 1.000000 0.000000 0.000000
14.000000 148.799849 14.133752 1.486679 3.446327 0.000000 0.000000 0.000000 1.000000 0.000000 0.000000
14.000000 148.802231 14.277518 1.506744 3.447051 0.000000 0.000000 0.000000 1.000000 0.000000 0.000000
14.000000 148.803689 14.258318 1.511236 3.478765 0.000000 0.000000 0.000000 1.000000 0.000000 0.000000
14.000000 148.804224 14.267544 1.501204 3.409276 0.000000 0.000000 0.000000 1.000000 0.000000 0.000000
14.000000 148.809477 14.126709 1.527602 3.402281 0.000000 0.000000 0.000000 1.000000 0.000000 0.000000
14.000000 148.809998 14.017107 1.502013 3.445356 0.000000 0.000000 0.000000 1.000000 0.000000 0.000000
14.000000 148.812269 14.163926 1.521235 3.459177 0.000000 0.000000 0.000000 1.000000 0.000000 0.000000
14.000000 148.813825 14.141520 1.526271 3.496418 0.000000 0.000000 0.000000 1.000000 0.000000 0.000000
14.000000 148.813960 14.176070 1.527757 3.410906 0.000000 0.000000 0.000000 1.000000 0.000000 0.000000
14.000000 148.819501 14.046348 1.549760 3.393627 0.000000 0.000000 0.000000 1.000000 0.000000 0.000000
14.000000 148.819903 13.944838 1.526420 3.435930 0.000000 0.000000 0.000000 1.000000 0.000000 0.000000
14.000000 148.822311 14.122064 1.547998 3.439484 0.000000 0.000000 0.000000 1.000000 0.000000 0.000000
14.000000 148.823750 14.077999 1.559417 3.477455 0.000000 0.000000 0.000000 1.000000 0.000000 0.000000
14.000000 148.824053 14.072088 1.541319 3.410520 0.000000 0.000000 0.000000 1.000000 0.000000 0.000000
14.000000 148.829997 14.033616 1.554226 3.372217 0.000000 0.000000 0.000000 1.000000 0.000000 0.000000
14.000000 148.832224 14.004573 1.563395 3.438706 0.000000 0.000000 0.000000 1.000000 0.000000 0.000000
14.000000 148.833846 13.957472 1.575752 3.477279 0.000000 0.000000 0.000000 1.000000 0.000000 0.000000
14.000000 148.834024 13.980461 1.571967 3.406128 0.000000 0.000000 0.000000 1.000000 0.000000 0.000000
14.000000 148.839597 13.851963 1.594174 3.380370 0.000000 0.000000 0.000000 1.000000 0.000000 0.000000
14.000000 148.839957 13.724788 1.557162 3.419401 0.000000 0.000000 0.000000 1.000000 0.000000 0.000000
14.000000 148.842250 13.922810 1.576121 3.427342 0.000000 0.000000 0.000000 1.000000 0.000000 0.000000
14.000000 148.843790 13.872228 1.589581 3.469656 0.000000 0.000000 0.000000 1.000000 0.000000 0.000000
14.000000 148.844224 13.893829 1.584287 3.401627 0.000000 0.000000 0.000000 1.000000 0.000000 0.000000
14.000000 148.849375 13.763290 1.606373 3.376544 0.000000 0.000000 0.000000 1.000000 0.000000 0.000000
14.000000 148.850171 13.675635 1.586179 3.417179 0.000000 0.000000 0.000000 1.000000 0.000000 0.000000
14.000000 148.852289 13.795378 1.602245 3.420297 0.000000 0.000000 0.000000 1.000000 0.000000 0.000000
14.000000 148.853815 13.787682 1.603788 3.454844 0.000000 0.000000 0.000000 1.000000 0.000000 0.000000
14.000000 148.854049 13.799077 1.592958 3.387319 0.000000 0.000000 0.000000 1.000000 0.000000 0.000000
14.000000 148.859457 13.643038 1.621814 3.363956 0.000000 0.000000 0.000000 1.000000 0.000000 0.000000
14.000000 148.859940 13.570342 1.608231 3.407668 0.000000 0.000000 0.000000 1.000000 0.000000 0.000000
14.000000 148.862310 13.623123 1.620053 3.413137 0.000000 0.000000 0.000000 1.000000 0.000000 0.000000
14.000000 148.863794 13.648954 1.612130 3.445481 0.000000 0.000000 0.000000 1.000000 0.000000 0.000000
14.000000 148.864119 13.686487 1.615911 3.379060 0.000000 0.000000 0.000000 1.000000 0.000000 0.000000
14.000000 148.869375 13.549241 1.639906 3.356163 0.000000 0.000000 0.000000 1.000000 0.000000 0.000000
14.000000 148.870124 13.470490 1.621336 3.401388 0.000000 0.000000 0.000000 1.000000 0.000000 0.000000
14.000000 148.872222 13.608413 1.637635 3.403215 0.000000 0.000000 0.000000 1.000000 0.000000 0.000000
14.000000 148.873926 13.560467 1.650710 3.439300 0.000000 0.000000 0.000000 1.000000 0.000000 0.000000
14.000000 148.873997 13.587478 1.648205 3.372095 0.000000 0.000000 0.000000 1.000000 0.000000 0.000000
14.000000 148.879401 13.464708 1.667658 3.347282 0.000000 0.000000 0.000000 1.000000 0.000000 0.000000
14.000000 148.879902 13.333693 1.632357 3.389406 0.000000 0.000000 0.000000 1.000000 0.000000 0.000000
14.000000 148.882286 13.532972 1.653970 3.387865 0.000000 0.000000 0.000000 1.000000 0.000000 0.000000
14.000000 148.883864 13.469374 1.671485 3.424578 0.000000 0.000000 0.000000 1.000000 0.000000 0.000000
14.000000 148.884212 13.489089 1.664562 3.354860 0.000000 0.000000 0.000000 1.000000 0.000000 0.000000
14.000000 148.889369 13.379214 1.679906 3.325504 0.000000 0.000000 0.000000 1.000000 0.000000 0.000000
14.000000 148.890050 13.297513 1.656833 3.373679 0.000000 0.000000 0.000000 1.000000 0.000000 0.000000
14.000000 148.892236 13.415324 1.668239 3.379094 0.000000 0.000000 0.000000 1.000000 0.000000 0.000000
14.000000 148.893785 13.359036 1.683886 3.412912 0.000000 0.000000 0.000000 1.000000 0.000000 0.000000
14.000000 148.894067 13.393374 1.684882 3.344026 0.000000 0.000000 0.000000 1.000000 0.000000 0.000000
14.000000 148.899513 13.285851 1.699406 3.319685 0.000000 0.000000 0.000000 1.000000 0.000000 0.000000
14.000000 148.899943 13.176118 1.673074 3.363157 0.000000 0.000000 0.000000 1.000000 0.000000 0.000000
14.000000 148.902265 13.332105 1.692818 3.361476 0.000000 0.000000 0.000000 1.000000 0.000000 0.000000
14.000000 148.903675 13.277553 1.707857 3.389219 0.000000 0.000000 0.000000 1.000000 0.000000 0.000000
14.000000 148.904144 13.290328 1.699156 3.320708 0.000000 0.000000 0.000000 1.000000 0.000000 0.000000
14.000000 148.909619 13.184229 1.714531 3.303378 0.000000 0.000000 0.000000 1.000000 0.000000 0.000000
14.000000 148.910071 13.112496 1.699799 3.349275 0.000000 0.000000 0.000000 1.000000 0.000000 0.000000
14.000000 148.912511 13.144175 1.708229 3.353226 0.000000 0.000000 0.000000 1.000000 0.000000 0.000000
14.000000 148.913782 13.144877 1.707734 3.382166 0.000000 0.000000 0.000000 1.000000 0.000000 0.000000
14.000000 148.913939 13.192335 1.716232 3.313348 0.000000 0.000000 0.000000 1.000000 0.000000 0.000000
14.000000 148.919508 13.074564 1.733364 3.286620 0.000000 0.000000 0.000000 1.000000 0.000000 0.000000
14.000000 148.919908 12.991085 1.715860 3.330005 0.000000 0.000000 0.000000 1.000000 0.000000 0.000000
14.000000 148.922453 13.110198 1.732831 3.330552 0.000000 0.000000 0.000000 1.000000 0.000000 0.000000
14.000000 148.923867 13.073050 1.743058 3.365661 0.000000 0.000000 0.000000 1.000000 0.000000 0.000000
14.000000 148.923970 13.090282 1.733586 3.294181 0.000000 0.000000 0.000000 1.000000 0.000000 0.000000
14.000000 148.929803 12.942707 1.757819 3.261474 0.000000 0.000000 0.000000 1.000000 0.000000 0.000000
14.000000 148.930062 12.843024 1.730904 3.311217 0.000000 0.000000 0.000000 1.000000 0.000000 0.000000
14.000000 148.932578 13.013387 1.748315 3.312641 0.000000 0.000000 0.000000 1.000000 0.000000 0.000000
14.000000 148.933831 12.972740 1.759632 3.345331 0.000000 0.000000 0.000000 1.000000 0.000000 0.000000
14.000000 148.933983 13.001782 1.757522 3.275227 0.000000 0.000000 0.000000 1.000000 0.000000 0.000000
14.000000 148.939520 12.870161 1.777831 3.243917 0.000000 0.000000 0.000000 1.000000 0.000000 0.000000
14.000000 148.939945 12.782983 1.756511 3.289716 0.000000 0.000000 0.000000 1.000000 0.000000 0.000000
14.000000 148.942320 12.908273 1.771497 3.293137 0.000000 0.000000 0.000000 1.000000 0.000000 0.000000
14.000000 148.943664 12.870260 1.782086 3.328490 0.000000 0.000000 0.000000 1.000000 0.000000 0.000000
14.000000 148.944074 12.887257 1.772449 3.258820 0.000000 0.000000 0.000000 1.000000 0.000000 0.000000
14.000000 148.949419 12.789550 1.782723 3.228786 0.000000 0.000000 0.000000 1.000000 0.000000 0.000000
14.000000 148.950109 12.732306 1.774552 3.273466 0.000000 0.000000 0.000000 1.000000 0.000000 0.000000
14.000000 148.952315 12.818508 1.789743 3.272028 0.000000 0.000000 0.000000 1.000000 0.000000 0.000000
14.000000 148.953704 12.801793 1.794249 3.292552 0.000000 0.000000 0.000000 1.000000 0.000000 0.000000
14.000000 148.954048 12.810433 1.784087 3.229725 0.000000 0.000000 0.000000 1.000000 0.000000 0.000000
14.000000 148.959517 12.688233 1.803934 3.213433 0.000000 0.000000 0.000000 1.000000 0.000000 0.000000
14.000000 148.959997 12.617695 1.793039 3.254730 0.000000 0.000000 0.000000 1.000000 0.000000 0.000000
14.000000 148.962337 12.666880 1.805839 3.255958 0.000000 0.000000 0.000000 1.000000 0.000000 0.000000
14.000000 148.963665 12.673115 1.803853 3.288258 0.000000 0.000000 0.000000 1.000000 0.000000 0.000000
14.000000 148.964016 12.712606 1.806982 3.219811 0.000000 0.000000 0.000000 1.000000 0.000000 0.000000
14.000000 148.969402 12.595169 1.822365 3.188763 0.000000 0.000000 0.000000 1.000000 0.000000 0.000000
14.000000 148.970058 12.529191 1.812206 3.232959 0.000000 0.000000 0.000000 1.000000 0.000000 0.000000
14.000000 148.972605 12.608815 1.827277 3.232419 0.000000 0.000000 0.000000 1.000000 0.000000 0.000000
14.000000 148.973890 12.586545 1.833520 3.264319 0.000000 0.000000 0.000000 1.000000 0.000000 0.000000
14.000000 148.973983 12.615971 1.831987 3.198779 0.000000 0.000000 0.000000 1.000000 0.000000 0.000000
14.000000 148.979574 12.501035 1.847389 3.168246 0.000000 0.000000 0.000000 1.000000 0.000000 0.000000
14.000000 148.979927 12.399251 1.822194 3.211202 0.000000 0.000000 0.000000 1.000000 0.000000 0.000000
14.000000 148.982531 12.526013 1.837898 3.209462 0.000000 0.000000 0.000000 1.000000 0.000000 0.000000
14.000000 148.983835 12.485275 1.849584 3.241175 0.000000 0.000000 0.000000 1.000000 0.000000 0.000000
14.000000 148.983999 12.522428 1.852910 3.177624 0.000000 0.000000 0.000000 1.000000 0.000000 0.000000
14.000000 148.989374 12.379298 1.876308 3.134393 0.000000 0.000000 0.000000 1.000000 0.000000 0.000000
14.000000 148.990059 12.309058 1.852053 3.176653 0.000000 0.000000 0.000000 1.000000 0.000000 0.000000
14.000000 148.992538 12.443486 1.860926 3.183509 0.000000 0.000000 0.000000 1.000000 0.000000 0.000000
14.000000 148.993883 12.398298 1.873931 3.218086 0.000000 0.000000 0.000000 1.000000 0.000000 0.000000
14.000000 148.993906 12.423587 1.870030 3.156861 0.000000 0.000000 0.000000 1.000000 0.000000 0.000000
14.000000 148.999494 12.323987 1.881061 3.130737 0.000000 0.000000 0.000000 1.000000 0.000000 0.000000
14.000000 149.000044 12.193275 1.852737 3.168755 0.000000 0.000000 0.000000 1.000000 0.000000 0.000000
14.000000 149.002351 12.325932 1.873737 3.164121 0.000000 0.000000 0.000000 1.000000 0.000000 0.000000
14.000000 149.003793 12.293564 1.882918 3.188157 0.000000 0.000000 0.000000 1.000000 0.000000 0.000000
14.000000 149.004040 12.331550 1.890636 3.128295 0.000000 0.000000 0.000000 1.000000 0.000000 0.000000
14.000000 149.009412 12.239240 1.902456 3.108427 0.000000 0.000000 0.000000 1.000000 0.000000 0.000000
14.000000 149.010130 12.122717 1.877046 3.140044 0.000000 0.000000 0.000000 1.000000 0.000000 0.000000
14.000000 149.012512 12.212270 1.893125 3.131349 0.000000 0.000000 0.000000 1.000000 0.000000 0.000000
14.000000 149.013887 12.195674 1.898139 3.160896 0.000000 0.000000 0.000000 1.000000 0.000000 0.000000
14.000000 149.013972 12.242866 1.908585 3.108578 0.000000 0.000000 0.000000 1.000000 0.000000 0.000000
14.000000 149.016979 12.102692 1.929602 3.078952 0.000000 0.000000 0.000000 1.000000 0.000000 0.000000
14.000000 149.019558 12.116007 1.916690 3.131098 0.000000 0.000000 0.000000 1.000000 0.000000 0.000000
14.000000 149.020008 11.991974 1.888712 3.115309 0.000000 0.000000 0.000000 1.000000 0.000000 0.000000
14.000000 149.022330 12.155201 1.912337 3.107354 0.000000 0.000000 0.000000 1.000000 0.000000 0.000000
14.000000 149.023843 12.113229 1.924547 3.141238 0.000000 0.000000 0.000000 1.000000 0.000000 0.000000
14.000000 149.024055 12.142529 1.922877 3.079219 0.000000 0.000000 0.000000 1.000000 0.000000 0.000000
14.000000 149.027145 12.047652 1.927809 3.063855 0.000000 0.000000 0.000000 1.000000 0.000000 0.000000
14.000000 149.029423 11.995499 1.953325 3.108740 0.000000 0.000000 0.000000 1.000000 0.000000 0.000000
14.000000 149.030119 11.863782 1.913598 3.083041 0.000000 0.000000 0.000000 1.000000 0.000000 0.000000
14.000000 149.032371 12.063281 1.931666 3.080812 0.000000 0.000000 0.000000 1.000000 0.000000 0.000000
14.000000 149.033887 12.015264 1.945683 3.114384 0.000000 0.000000 0.000000 1.000000 0.000000 0.000000
14.000000 149.033967 12.042835 1.943356 3.053794 0.000000 0.000000 0.000000 1.000000 0.000000 0.000000
14.000000 149.037114 12.039379 1.923335 3.049974 0.000000 0.000000 0.000000 1.000000 0.000000 0.000000
14.000000 149.039508 11.948782 1.972048 3.090053 0.000000 0.000000 0.000000 1.000000 0.000000 0.000000
14.000000 149.040040 11.791494 1.928477 3.054988 0.000000 0.000000 0.000000 1.000000 0.000000 0.000000
14.000000 149.042394 11.966324 1.946907 3.053922 0.000000 0.000000 0.000000 1.000000 0.000000 0.000000
14.000000 149.043874 11.918905 1.960749 3.087744 0.000000 0.000000 0.000000 1.000000 0.000000 0.000000
14.000000 149.044318 11.946752 1.960352 3.031628 0.000000 0.000000 0.000000 1.000000 0.000000 0.000000
14.000000 149.047190 11.867689 1.963535 3.016500 0.000000 0.000000 0.000000 1.000000 0.000000 0.000000
14.000000 149.049428 11.836677 1.976963 3.062180 0.000000 0.000000 0.000000 1.000000 0.000000 0.000000
14.000000 149.050088 11.674434 1.937394 3.034742 0.000000 0.000000 0.000000 1.000000 0.000000 0.000000
14.000000 149.052549 11.869536 1.963322 3.025619 0.000000 0.000000 0.000000 1.000000 0.000000 0.000000
14.000000 149.053867 11.831655 1.974441 3.056670 0.000000 0.000000 0.000000 1.000000 0.000000 0.000000
14.000000 149.054014 11.852803 1.971898 3.008070 0.000000 0.000000 0.000000 1.000000 0.000000 0.000000
14.000000 149.056987 11.809971 1.967312 2.998625 0.000000 0.000000 0.000000 1.000000 0.000000 0.000000
14.000000 149.059476 11.763556 1.991060 3.033561 0.000000 0.000000 0.000000 1.000000 0.000000 0.000000
14.000000 149.059950 11.623115 1.960821 3.000515 0.000000 0.000000 0.000000 1.000000 0.000000 0.000000
14.000000 149.062340 11.723462 1.979592 2.992815 0.000000 0.000000 0.000000 1.000000 0.000000 0.000000
14.000000 149.063802 11.727031 1.978831 3.022703 0.000000 0.000000 0.000000 1.000000 0.000000 0.000000
14.000000 149.064068 11.773050 1.989706 2.974857 0.000000 0.000000 0.000000 1.000000 0.000000 0.000000
14.000000 149.067095 11.735389 1.980968 2.972166 0.000000 0.000000 0.000000 1.000000 0.000000 0.000000
14.000000 149.069447 11.679233 2.009229 3.009481 0.000000 0.000000 0.000000 1.000000 0.000000 0.000000
14.000000 149.070080 11.531058 1.975513 2.969616 0.000000 0.000000 0.000000 1.000000 0.000000 0.000000
14.000000 149.072588 11.678807 1.997944 2.961719 0.000000 0.000000 0.000000 1.000000 0.000000 0.000000
14.000000 149.073826 11.629229 2.012682 2.995068 0.000000 0.000000 0.000000 1.000000 0.000000 0.000000
14.000000 149.074048 11.667427 2.019761 2.945351 0.000000 0.000000 0.000000 1.000000 0.000000 0.000000
14.000000 149.076987 11.584422 2.023557 2.941696 0.000000 0.000000 0.000000 1.000000 0.000000 0.000000
14.000000 149.079551 11.543124 2.042512 2.982800 0.000000 0.000000 0.000000 1.000000 0.000000 0.000000
14.000000 149.079944 11.342415 1.990926 2.944232 0.000000 0.000000 0.000000 1.000000 0.000000 0.000000
14.000000 149.082407 11.585509 2.020409 2.931173 0.000000 0.000000 0.000000 1.000000 0.000000 0.000000
14.000000 149.083862 11.542450 2.033222 2.963464 0.000000 0.000000 0.000000 1.000000 0.000000 0.000000
14.000000 149.084082 11.571565 2.033787 2.910043 0.000000 0.000000 0.000000 1.000000 0.000000 0.000000
14.000000 149.086991 11.552811 2.019947 2.904605 0.000000 0.000000 0.000000 1.000000 0.000000 0.000000
14.000000 149.089415 11.465137 2.066973 2.940414 0.000000 0.000000 0.000000 1.000000 0.000000 0.000000
14.000000 149.090129 11.259661 2.009558 2.907406 0.000000 0.000000 0.000000 1.000000 0.000000 0.000000
14.000000 149.092370 11.482817 2.032184 2.899642 0.000000 0.000000 0.000000 1.000000 0.000000 0.000000
14.000000 149.093907 11.436461 2.046054 2.932669 0.000000 0.000000 0.000000 1.000000 0.000000 0.000000
14.000000 149.094074 11.475887 2.053061 2.878533 0.000000 0.000000 0.000000 1.000000 0.000000 0.000000
14.000000 149.096967 11.430186 2.045575 2.875710 0.000000 0.000000 0.000000 1.000000 0.000000 0.000000
14.000000 149.099552 11.388408 2.064434 2.917611 0.000000 0.000000 0.000000 1.000000 0.000000 0.000000
14.000000 149.100011 11.227246 2.029147 2.879079 0.000000 0.000000 0.000000 1.000000 0.000000 0.000000
14.000000 149.102362 11.384945 2.054379 2.867322 0.000000 0.000000 0.000000 1.000000 0.000000 0.000000
14.000000 149.103995 11.362542 2.061223 2.893732 0.000000 0.000000 0.000000 1.000000 0.000000 0.000000
14.000000 149.104154 11.392418 2.062488 2.841108 0.000000 0.000000 0.000000 1.000000 0.000000 0.000000
14.000000 149.107098 11.348957 2.054126 2.841797 0.000000 0.000000 0.000000 1.000000 0.000000 0.000000
14.000000 149.109474 11.292887 2.081155 2.881924 0.000000 0.000000 0.000000 1.000000 0.000000 0.000000
14.000000 149.110198 11.130051 2.044648 2.841690 0.000000 0.000000 0.000000 1.000000 0.000000 0.000000
14.000000 149.112368 11.290435 2.069379 2.828841 0.000000 0.000000 0.000000 1.000000 0.000000 0.000000
14.000000 149.113942 11.249989 2.081761 2.861350 0.000000 0.000000 0.000000 1.000000 0.000000 0.000000
14.000000 149.114223 11.285737 2.086214 2.812893 0.000000 0.000000 0.000000 1.000000 0.000000 0.000000
14.000000 149.116998 11.228560 2.081762 2.807660 0.000000 0.000000 0.000000 1.000000 0.000000 0.000000
14.000000 149.119544 11.191028 2.098455 2.845008 0.000000 0.000000 0.000000 1.000000 0.000000 0.000000
14.000000 149.120093 11.028915 2.058525 2.806901 0.000000 0.000000 0.000000 1.000000 0.000000 0.000000
14.000000 149.122372 11.216174 2.082730 2.795950 0.000000 0.000000 0.000000 1.000000 0.000000 0.000000
14.000000 149.123822 11.159320 2.099895 2.828299 0.000000 0.000000 0.000000 1.000000 0.000000 0.000000
14.000000 149.124230 11.204307 2.110658 2.774480 0.000000 0.000000 0.000000 1.000000 0.000000 0.000000
14.000000 149.127184 11.112525 2.115282 2.766672 0.000000 0.000000 0.000000 1.000000 0.000000 0.000000
14.000000 149.129754 11.080123 2.128757 2.805201 0.000000 0.000000 0.000000 1.000000 0.000000 0.000000
14.000000 149.130137 10.904279 2.080402 2.769515 0.000000 0.000000 0.000000 1.000000 0.000000 0.000000
14.000000 149.132350 11.116416 2.102722 2.759943 0.000000 0.000000 0.000000 1.000000 0.000000 0.000000
14.000000 149.133849 11.070846 2.116539 2.790645 0.000000 0.000000 0.000000 1.000000 0.000000 0.000000
14.000000 149.134076 11.116369 2.128949 2.739102 0.000000 0.000000 0.000000 1.000000 0.000000 0.000000
14.000000 149.137087 11.031395 2.133414 2.729501 0.000000 0.000000 0.000000 1.000000 0.000000 0.000000
14.000000 149.139542 10.994845 2.149987 2.765759 0.000000 0.000000 0.000000 1.000000 0.000000 0.000000
14.000000 149.140055 10.822723 2.099864 2.736392 0.000000 0.000000 0.000000 1.000000 0.000000 0.000000
14.000000 149.142338 11.042149 2.120691 2.722608 0.000000 0.000000 0.000000 1.000000 0.000000 0.000000
14.000000 149.143960 10.982522 2.138816 2.752740 0.000000 0.000000 0.000000 1.000000 0.000000 0.000000
14.000000 149.144149 11.018520 2.144139 2.702330 0.000000 0.000000 0.000000 1.000000 0.000000 0.000000
14.000000 149.147097 10.951197 2.142313 2.697458 0.000000 0.000000 0.000000 1.000000 0.000000 0.000000
14.000000 149.149472 10.915385 2.157602 2.736660 0.000000 0.000000 0.000000 1.000000 0.000000 0.000000
14.000000 149.150185 10.724204 2.108852 2.699570 0.000000 0.000000 0.000000 1.000000 0.000000 0.000000
14.000000 149.152525 10.942622 2.135662 2.681039 0.000000 0.000000 0.000000 1.000000 0.000000 0.000000
14.000000 149.153933 10.907881 2.146512 2.709828 0.000000 0.000000 0.000000 1.000000 0.000000 0.000000
14.000000 149.154149 10.936433 2.146955 2.663996 0.000000 0.000000 0.000000 1.000000 0.000000 0.000000
14.000000 149.157046 10.874582 2.143722 2.660261 0.000000 0.000000 0.000000 1.000000 0.000000 0.000000
14.000000 149.159588 10.814498 2.173297 2.694344 0.000000 0.000000 0.000000 1.000000 0.000000 0.000000
14.000000 149.160065 10.647325 2.125387 2.659955 0.000000 0.000000 0.000000 1.000000 0.000000 0.000000
14.000000 149.162355 10.833927 2.143118 2.644734 0.000000 0.000000 0.000000 1.000000 0.000000 0.000000
14.000000 149.163839 10.776010 2.161076 2.675468 0.000000 0.000000 0.000000 1.000000 0.000000 0.000000
14.000000 149.164124 10.823604 2.173148 2.626538 0.000000 0.000000 0.000000 1.000000 0.000000 0.000000
14.000000 149.167168 10.787179 2.162378 2.622315 0.000000 0.000000 0.000000 1.000000 0.000000 0.000000
14.000000 149.169715 10.726959 2.191855 2.657082 0.000000 0.000000 0.000000 1.000000 0.000000 0.000000
14.000000 149.170200 10.553932 2.144237 2.622250 0.000000 0.000000 0.000000 1.000000 0.000000 0.000000
14.000000 149.172383 10.755396 2.165566 2.604476 0.000000 0.000000 0.000000 1.000000 0.000000 0.000000
14.000000 149.173889 10.698093 2.183228 2.631644 0.000000 0.000000 0.000000 1.000000 0.000000 0.000000
14.000000 149.174149 10.741121 2.194852 2.586185 0.000000 0.000000 0.000000 1.000000 0.000000 0.000000
14.000000 149.177001 10.645359 2.201974 2.579779 0.000000 0.000000 0.000000 1.000000 0.000000 0.000000
14.000000 149.179529 10.626811 2.208312 2.609758 0.000000 0.000000 0.000000 1.000000 0.000000 0.000000
14.000000 149.180106 10.480707 2.168062 2.571966 0.000000 0.000000 0.000000 1.000000 0.000000 0.000000
14.000000 149.182336 10.640866 2.184443 2.561967 0.000000 0.000000 0.000000 1.000000 0.000000 0.000000
14.000000 149.183919 10.603599 2.196109 2.588583 0.000000 0.000000 0.000000 1.000000 0.000000 0.000000
14.000000 149.184241 10.657523 2.215636 2.541750 0.000000 0.000000 0.000000 1.000000 0.000000 0.000000
14.000000 149.187190 10.561389 2.223071 2.536676 0.000000 0.000000 0.000000 1.000000 0.000000 0.000000
14.000000 149.189557 10.541264 2.229930 2.570263 0.000000 0.000000 0.000000 1.000000 0.000000 0.000000
14.000000 149.190277 10.347462 2.172741 2.533668 0.000000 0.000000 0.000000 1.000000 0.000000 0.000000
14.000000 149.192525 10.583417 2.194039 2.513789 0.000000 0.000000 0.000000 1.000000 0.000000 0.000000
14.000000 149.193899 10.511274 2.216301 2.544480 0.000000 0.000000 0.000000 1.000000 0.000000 0.000000
14.000000 149.194111 10.555318 2.228502 2.498149 0.000000 0.000000 0.000000 1.000000 0.000000 0.000000
14.000000 149.197109 10.497020 2.224892 2.496974 0.000000 0.000000 0.000000 1.000000 0.000000 0.000000
14.000000 149.199611 10.459251 2.241312 2.532441 0.000000 0.000000 0.000000 1.000000 0.000000 0.000000
14.000000 149.200128 10.261065 2.188241 2.494812 0.000000 0.000000 0.000000 1.000000 0.000000 0.000000
14.000000 149.202406 10.475708 2.211985 2.472580 0.000000 0.000000 0.000000 1.000000 0.000000 0.000000
14.000000 149.203804 10.423928 2.227854 2.489692 0.000000 0.000000 0.000000 1.000000 0.000000 0.000000
14.000000 149.204463 10.461443 2.240002 2.446814 0.000000 0.000000 0.000000 1.000000 0.000000 0.000000
14.000000 149.207145 10.423228 2.234181 2.457108 0.000000 0.000000 0.000000 1.000000 0.000000 0.000000
14.000000 149.209505 10.372330 2.258356 2.489701 0.000000 0.000000 0.000000 1.000000 0.000000 0.000000
14.000000 149.210223 10.169581 2.205383 2.451634 0.000000 0.000000 0.000000 1.000000 0.000000 0.000000
14.000000 149.212393 10.358537 2.226772 2.432297 0.000000 0.000000 0.000000 1.000000 0.000000 0.000000
14.000000 149.213902 10.318518 2.239415 2.455247 0.000000 0.000000 0.000000 1.000000 0.000000 0.000000
14.000000 149.214049 10.370497 2.258360 2.409517 0.000000 0.000000 0.000000 1.000000 0.000000 0.000000
14.000000 149.217151 10.314213 2.255397 2.407366 0.000000 0.000000 0.000000 1.000000 0.000000 0.000000
14.000000 149.219668 10.273820 2.273631 2.441267 0.000000 0.000000 0.000000 1.000000 0.000000 0.000000
14.000000 149.220131 10.072611 2.221070 2.405985 0.000000 0.000000 0.000000 1.000000 0.000000 0.000000
14.000000 149.222372 10.285103 2.245631 2.383986 0.000000 0.000000 0.000000 1.000000 0.000000 0.000000
14.000000 149.223850 10.236323 2.260907 2.407955 0.000000 0.000000 0.000000 1.000000 0.000000 0.000000
14.000000 149.224215 10.276971 2.273585 2.366207 0.000000 0.000000 0.000000 1.000000 0.000000 0.000000
14.000000 149.227220 10.232424 2.268943 2.365745 0.000000 0.000000 0.000000 1.000000 0.000000 0.000000
14.000000 149.230217 10.182262 2.276008 2.369811 0.000000 0.000000 0.000000 1.000000 0.000000 0.000000
14.000000 149.232383 10.191552 2.264187 2.334917 0.000000 0.000000 0.000000 1.000000 0.000000 0.000000
14.000000 149.233977 10.145896 2.278658 2.361223 0.000000 0.000000 0.000000 1.000000 0.000000 0.000000
14.000000 149.234051 10.204631 2.302854 2.316233 0.000000 0.000000 0.000000 1.000000 0.000000 0.000000
14.000000 149.237064 10.136513 2.303024 2.314401 0.000000 0.000000 0.000000 1.000000 0.000000 0.000000
14.000000 149.239571 10.086129 2.327419 2.339194 0.000000 0.000000 0.000000 1.000000 0.000000 0.000000
14.000000 149.240077 9.913965 2.264654 2.303744 0.000000 0.000000 0.000000 1.000000 0.000000 0.000000
14.000000 149.242368 10.129068 2.272520 2.286710 0.000000 0.000000 0.000000 1.000000 0.000000 0.000000
14.000000 149.243856 10.054107 2.295893 2.315631 0.000000 0.000000 0.000000 1.000000 0.000000 0.000000
14.000000 149.244169 10.115626 2.326010 2.278189 0.000000 0.000000 0.000000 1.000000 0.000000 0.000000
14.000000 149.247123 9.949955 2.355786 2.268045 0.000000 0.000000 0.000000 1.000000 0.000000 0.000000
14.000000 149.249765 9.995727 2.326685 2.299295 0.000000 0.000000 0.000000 1.000000 0.000000 0.000000
14.000000 149.250255 9.801067 2.272050 2.260884 0.000000 0.000000 0.000000 1.000000 0.000000 0.000000
14.000000 149.252566 10.033966 2.295796 2.236559 0.000000 0.000000 0.000000 1.000000 0.000000 0.000000
14.000000 149.253887 9.980293 2.312734 2.263502 0.000000 0.000000 0.000000 1.000000 0.000000 0.000000
14.000000 149.254054 10.037030 2.340368 2.229406 0.000000 0.000000 0.000000 1.000000 0.000000 0.000000
14.000000 149.257041 9.856352 2.374414 2.221161 0.000000 0.000000 0.000000 1.000000 0.000000 0.000000
14.000000 149.259594 9.900948 2.345819 2.253628 0.000000 0.000000 0.000000 1.000000 0.000000 0.000000
14.000000 149.260143 9.704302 2.288291 2.215311 0.000000 0.000000 0.000000 1.000000 0.000000 0.000000
14.000000 149.262427 9.934635 2.309327 2.190466 0.000000 0.000000 0.000000 1.000000 0.000000 0.000000
14.000000 149.263862 9.870182 2.329723 2.220172 0.000000 0.000000 0.000000 1.000000 0.000000 0.000000
14.000000 149.264183 9.934506 2.361797 2.183420 0.000000 0.000000 0.000000 1.000000 0.000000 0.000000
14.000000 149.267030 9.773740 2.389808 2.172633 0.000000 0.000000 0.000000 1.000000 0.000000 0.000000
14.000000 149.269523 9.815509 2.363064 2.203631 0.000000 0.000000 0.000000 1.000000 0.000000 0.000000
14.000000 149.270285 9.656636 2.316245 2.169204 0.000000 0.000000 0.000000 1.000000 0.000000 0.000000
14.000000 149.272514 9.849202 2.333945 2.148249 0.000000 0.000000 0.000000 1.000000 0.000000 0.000000
14.000000 149.273945 9.782097 2.355125 2.176892 0.000000 0.000000 0.000000 1.000000 0.000000 0.000000
14.000000 149.274166 9.832394 2.373691 2.130769 0.000000 0.000000 0.000000 1.000000 0.000000 0.000000
14.000000 149.277166 9.734787 2.380747 2.123490 0.000000 0.000000 0.000000 1.000000 0.000000 0.000000
14.000000 149.279586 9.706118 2.392593 2.150077 0.000000 0.000000 0.000000 1.000000 0.000000 0.000000
14.000000 149.280115 9.592325 2.350105 2.118744 0.000000 0.000000 0.000000 1.000000 0.000000 0.000000
14.000000 149.282514 9.740451 2.355588 2.102976 0.000000 0.000000 0.000000 1.000000 0.000000 0.000000
14.000000 149.283838 9.697226 2.369453 2.124718 0.000000 0.000000 0.000000 1.000000 0.000000 0.000000
14.000000 149.284221 9.752571 2.392745 2.080564 0.000000 0.000000 0.000000 1.000000 0.000000 0.000000
14.000000 149.287198 9.631695 2.407065 2.069766 0.000000 0.000000 0.000000 1.000000 0.000000 0.000000
14.000000 149.289565 9.602711 2.418748 2.102390 0.000000 0.000000 0.000000 1.000000 0.000000 0.000000
14.000000 149.290277 9.455428 2.362435 2.077679 0.000000 0.000000 0.000000 1.000000 0.000000 0.000000
14.000000 149.292584 9.652271 2.369285 2.051388 0.000000 0.000000 0.000000 1.000000 0.000000 0.000000
14.000000 149.293952 9.600414 2.385900 2.073280 0.000000 0.000000 0.000000 1.000000 0.000000 0.000000
14.000000 149.294133 9.657473 2.409741 2.028672 0.000000 0.000000 0.000000 1.000000 0.000000 0.000000
14.000000 149.297150 9.548332 2.419952 2.019728 0.000000 0.000000 0.000000 1.000000 0.000000 0.000000
14.000000 149.299642 9.541756 2.419252 2.050859 0.000000 0.000000 0.000000 1.000000 0.000000 0.000000
14.000000 149.300214 9.383972 2.370876 2.015887 0.000000 0.000000 0.000000 1.000000 0.000000 0.000000
14.000000 149.302452 9.575350 2.386895 1.991773 0.000000 0.000000 0.000000 1.000000 0.000000 0.000000
14.000000 149.303862 9.534653 2.400018 2.013394 0.000000 0.000000 0.000000 1.000000 0.000000 0.000000
14.000000 149.304197 9.584255 2.421199 1.973080 0.000000 0.000000 0.000000 1.000000 0.000000 0.000000
14.000000 149.307234 9.461346 2.436897 1.967960 0.000000 0.000000 0.000000 1.000000 0.000000 0.000000
14.000000 149.309625 9.460758 2.433032 1.998414 0.000000 0.000000 0.000000 1.000000 0.000000 0.000000
14.000000 149.310329 9.302093 2.390117 1.961364 0.000000 0.000000 0.000000 1.000000 0.000000 0.000000
14.000000 149.312585 9.461822 2.407096 1.938364 0.000000 0.000000 0.000000 1.000000 0.000000 0.000000
14.000000 149.313918 9.426386 2.419059 1.964944 0.000000 0.000000 0.000000 1.000000 0.000000 0.000000
14.000000 149.314130 9.474577 2.436653 1.928663 0.000000 0.000000 0.000000 1.000000 0.000000 0.000000
14.000000 149.317068 9.387635 2.442231 1.917021 0.000000 0.000000 0.000000 1.000000 0.000000 0.000000
14.000000 149.319606 9.368787 2.449354 1.940612 0.000000 0.000000 0.000000 1.000000 0.000000 0.000000
14.000000 149.320193 9.227061 2.405302 1.907870 0.000000 0.000000 0.000000 1.000000 0.000000 0.000000
14.000000 149.322381 9.387363 2.417393 1.887697 0.000000 0.000000 0.000000 1.000000 0.000000 0.000000
14.000000 149.323962 9.331015 2.435582 1.914318 0.000000 0.000000 0.000000 1.000000 0.000000 0.000000
14.000000 149.324184 9.384423 2.458456 1.871157 0.000000 0.000000 0.000000 1.000000 0.000000 0.000000
14.000000 149.327363 9.287454 2.466947 1.858024 0.000000 0.000000 0.000000 1.000000 0.000000 0.000000
14.000000 149.330148 9.294108 2.440247 1.863262 0.000000 0.000000 0.000000 1.000000 0.000000 0.000000
14.000000 149.332735 9.319244 2.429251 1.824161 0.000000 0.000000 0.000000 1.000000 0.000000 0.000000
14.000000 149.333871 9.242201 2.454088 1.855800 0.000000 0.000000 0.000000 1.000000 0.000000 0.000000
14.000000 149.334128 9.295519 2.476639 1.816424 0.000000 0.000000 0.000000 1.000000 0.000000 0.000000
14.000000 149.337111 9.198353 2.485301 1.801983 0.000000 0.000000 0.000000 1.000000 0.000000 0.000000
14.000000 149.339853 9.180472 2.492238 1.822577 0.000000 0.000000 0.000000 1.000000 0.000000 0.000000
14.000000 149.340150 9.073346 2.443527 1.794904 0.000000 0.000000 0.000000 1.000000 0.000000 0.000000
14.000000 149.342407 9.238463 2.444609 1.771461 0.000000 0.000000 0.000000 1.000000 0.000000 0.000000
14.000000 149.343903 9.156170 2.470791 1.798467 0.000000 0.000000 0.000000 1.000000 0.000000 0.000000
14.000000 149.344213 9.210634 2.497940 1.759672 0.000000 0.000000 0.000000 1.000000 0.000000 0.000000
14.000000 149.347191 9.072841 2.519553 1.745298 0.000000 0.000000 0.000000 1.000000 0.000000 0.000000
14.000000 149.349594 9.100567 2.501786 1.768981 0.000000 0.000000 0.000000 1.000000 0.000000 0.000000
14.000000 149.350266 8.987596 2.458941 1.738020 0.000000 0.000000 0.000000 1.000000 0.000000 0.000000
14.000000 149.352545 9.145211 2.465938 1.715415 0.000000 0.000000 0.000000 1.000000 0.000000 0.000000
14.000000 149.353939 9.078132 2.487078 1.735012 0.000000 0.000000 0.000000 1.000000 0.000000 0.000000
14.000000 149.354220 9.119146 2.506019 1.695020 0.000000 0.000000 0.000000 1.000000 0.000000 0.000000
14.000000 149.357252 9.027832 2.515949 1.690873 0.000000 0.000000 0.000000 1.000000 0.000000 0.000000
14.000000 149.359693 9.017329 2.518739 1.712374 0.000000 0.000000 0.000000 1.000000 0.000000 0.000000
14.000000 149.360190 8.936958 2.479703 1.687175 0.000000 0.000000 0.000000 1.000000 0.000000 0.000000
14.000000 149.362496 9.033767 2.474448 1.665273 0.000000 0.000000 0.000000 1.000000 0.000000 0.000000
14.000000 149.363873 8.966230 2.495982 1.681212 0.000000 0.000000 0.000000 1.000000 0.000000 0.000000
14.000000 149.364274 9.033126 2.532977 1.640843 0.000000 0.000000 0.000000 1.000000 0.000000 0.000000
14.000000 149.367296 8.897493 2.554216 1.623232 0.000000 0.000000 0.000000 1.000000 0.000000 0.000000
14.000000 149.369583 8.926240 2.536094 1.647415 0.000000 0.000000 0.000000 1.000000 0.000000 0.000000
14.000000 149.370225 8.843895 2.496621 1.623923 0.000000 0.000000 0.000000 1.000000 0.000000 0.000000
14.000000 149.372492 8.972695 2.496497 1.598422 0.000000 0.000000 0.000000 1.000000 0.000000 0.000000
14.000000 149.373990 8.894228 2.521200 1.615221 0.000000 0.000000 0.000000 1.000000 0.000000 0.000000
14.000000 149.374205 8.947750 2.550701 1.575994 0.000000 0.000000 0.000000 1.000000 0.000000 0.000000
14.000000 149.377396 8.804171 2.574982 1.564115 0.000000 0.000000 0.000000 1.000000 0.000000 0.000000
14.000000 149.379683 8.823610 2.562191 1.583105 0.000000 0.000000 0.000000 1.000000 0.000000 0.000000
14.000000 149.380187 8.746955 2.517302 1.553682 0.000000 0.000000 0.000000 1.000000 0.000000 0.000000
14.000000 149.382484 8.878378 2.511169 1.527071 0.000000 0.000000 0.000000 1.000000 0.000000 0.000000
14.000000 149.383892 8.795370 2.538346 1.558914 0.000000 0.000000 0.000000 1.000000 0.000000 0.000000
14.000000 149.384211 8.855856 2.567736 1.523801 0.000000 0.000000 0.000000 1.000000 0.000000 0.000000
14.000000 149.387249 8.690290 2.594907 1.497225 0.000000 0.000000 0.000000 1.000000 0.000000 0.000000
14.000000 149.389603 8.718446 2.577679 1.516214 0.000000 0.000000 0.000000 1.000000 0.000000 0.000000
14.000000 149.390229 8.736009 2.548169 1.501831 0.000000 0.000000 0.000000 1.000000 0.000000 0.000000
14.000000 149.392567 8.795340 2.525792 1.491166 0.000000 0.000000 0.000000 1.000000 0.000000 0.000000
14.000000 149.393995 8.709500 2.552893 1.509638 0.000000 0.000000 0.000000 1.000000 0.000000 0.000000
14.000000 149.394200 8.765147 2.583328 1.465053 0.000000 0.000000 0.000000 1.000000 0.000000 0.000000
14.000000 149.397184 8.624296 2.605774 1.446340 0.000000 0.000000 0.000000 1.000000 0.000000 0.000000
14.000000 149.399699 8.658246 2.585048 1.470246 0.000000 0.000000 0.000000 1.000000 0.000000 0.000000
14.000000 149.400148 8.617045 2.555192 1.451051 0.000000 0.000000 0.000000 1.000000 0.000000 0.000000
14.000000 149.402592 8.707584 2.549977 1.431672 0.000000 0.000000 0.000000 1.000000 0.000000 0.000000
14.000000 149.404007 8.651329 2.568283 1.451055 0.000000 0.000000 0.000000 1.000000 0.000000 0.000000
14.000000 149.404255 8.706756 2.595507 1.409879 0.000000 0.000000 0.000000 1.000000 0.000000 0.000000
14.000000 149.407275 8.523427 2.627399 1.378644 0.000000 0.000000 0.000000 1.000000 0.000000 0.000000
14.000000 149.409628 8.568725 2.600486 1.406126 0.000000 0.000000 0.000000 1.000000 0.000000 0.000000
14.000000 149.410247 8.525714 2.567458 1.390033 0.000000 0.000000 0.000000 1.000000 0.000000 0.000000
14.000000 149.412691 8.618088 2.560200 1.365070 0.000000 0.000000 0.000000 1.000000 0.000000 0.000000
14.000000 149.413926 8.528720 2.588561 1.383424 0.000000 0.000000 0.000000 1.000000 0.000000 0.000000
14.000000 149.414237 8.577523 2.614382 1.345287 0.000000 0.000000 0.000000 1.000000 0.000000 0.000000
14.000000 149.417239 8.457188 2.632678 1.324796 0.000000 0.000000 0.000000 1.000000 0.000000 0.000000
14.000000 149.419659 8.462985 2.628000 1.339268 0.000000 0.000000 0.000000 1.000000 0.000000 0.000000
14.000000 149.420174 8.454809 2.594086 1.325635 0.000000 0.000000 0.000000 1.000000 0.000000 0.000000
14.000000 149.422574 8.534029 2.576482 1.307567 0.000000 0.000000 0.000000 1.000000 0.000000 0.000000
14.000000 149.423823 8.448095 2.603652 1.325336 0.000000 0.000000 0.000000 1.000000 0.000000 0.000000
14.000000 149.424333 8.504160 2.633698 1.275184 0.000000 0.000000 0.000000 1.000000 0.000000 0.000000
14.000000 149.427259 8.354376 2.656101 1.254588 0.000000 0.000000 0.000000 1.000000 0.000000 0.000000
14.000000 149.429888 8.422742 2.616424 1.287177 0.000000 0.000000 0.000000 1.000000 0.000000 0.000000
14.000000 149.430315 8.369811 2.593167 1.264822 0.000000 0.000000 0.000000 1.000000 0.000000 0.000000
14.000000 149.432616 8.449430 2.595365 1.243714 0.000000 0.000000 0.000000 1.000000 0.000000 0.000000
14.000000 149.433912 8.354312 2.625525 1.264194 0.000000 0.000000 0.000000 1.000000 0.000000 0.000000
14.000000 149.434402 8.409818 2.658104 1.221120 0.000000 0.000000 0.000000 1.000000 0.000000 0.000000
14.000000 149.437212 8.248025 2.687416 1.191400 0.000000 0.000000 0.000000 1.000000 0.000000 0.000000
14.000000 149.440144 8.350805 2.615365 1.207654 0.000000 0.000000 0.000000 1.000000 0.000000 0.000000
14.000000 149.442474 8.369173 2.607012 1.177040 0.000000 0.000000 0.000000 1.000000 0.000000 0.000000
14.000000 149.444072 8.274028 2.637279 1.198834 0.000000 0.000000 0.000000 1.000000 0.000000 0.000000
14.000000 149.444495 8.335964 2.676680 1.156042 0.000000 0.000000 0.000000 1.000000 0.000000 0.000000
14.000000 149.447296 8.103986 2.724722 1.121420 0.000000 0.000000 0.000000 1.000000 0.000000 0.000000
14.000000 149.450360 8.250848 2.628773 1.148144 0.000000 0.000000 0.000000 1.000000 0.000000 0.000000
14.000000 149.452559 8.278774 2.621997 1.116892 0.000000 0.000000 0.000000 1.000000 0.000000 0.000000
14.000000 149.453914 8.179074 2.653349 1.135552 0.000000 0.000000 0.000000 1.000000 0.000000 0.000000
14.000000 149.454379 8.226316 2.683660 1.092679 0.000000 0.000000 0.000000 1.000000 0.000000 0.000000
14.000000 149.457309 8.087696 2.708994 1.070820 0.000000 0.000000 0.000000 1.000000 0.000000 0.000000
14.000000 149.460188 8.176804 2.644180 1.084335 0.000000 0.000000 0.000000 1.000000 0.000000 0.000000
14.000000 149.462708 8.206702 2.638193 1.043205 0.000000 0.000000 0.000000 1.000000 0.000000 0.000000
14.000000 149.464072 8.089701 2.675667 1.069756 0.000000 0.000000 0.000000 1.000000 0.000000 0.000000
14.000000 149.464541 8.147508 2.710193 1.030571 0.000000 0.000000 0.000000 1.000000 0.000000 0.000000
14.000000 149.467367 7.966183 2.744492 0.995359 0.000000 0.000000 0.000000 1.000000 0.000000 0.000000
14.000000 149.470327 8.088086 2.663323 1.015093 0.000000 0.000000 0.000000 1.000000 0.000000 0.000000
14.000000 149.472648 8.108690 2.655991 0.982682 0.000000 0.000000 0.000000 1.000000 0.000000 0.000000
14.000000 149.473945 8.006386 2.688437 1.003270 0.000000 0.000000 0.000000 1.000000 0.000000 0.000000
14.000000 149.474363 8.067260 2.721290 0.943319 0.000000 0.000000 0.000000 1.000000 0.000000 0.000000
14.000000 149.477234 7.922347 2.739313 0.915446 0.000000 0.000000 0.000000 1.000000 0.000000 0.000000
14.000000 149.480261 8.002316 2.680283 0.946028 0.000000 0.000000 0.000000 1.000000 0.000000 0.000000
14.000000 149.482567 8.009111 2.672030 0.919507 0.000000 0.000000 0.000000 1.000000 0.000000 0.000000
14.000000 149.483963 7.920068 2.699535 0.928224 0.000000 0.000000 0.000000 1.000000 0.000000 0.000000
14.000000 149.484329 7.974242 2.734858 0.874750 0.000000 0.000000 0.000000 1.000000 0.000000 0.000000
14.000000 149.487262 7.887657 2.743765 0.863429 0.000000 0.000000 0.000000 1.000000 0.000000 0.000000
14.000000 149.490318 7.937661 2.697774 0.878242 0.000000 0.000000 0.000000 1.000000 0.000000 0.000000
14.000000 149.492662 7.939570 2.685384 0.848902 0.000000 0.000000 0.000000 1.000000 0.000000 0.000000
14.000000 149.493974 7.834057 2.719205 0.873857 0.000000 0.000000 0.000000 1.000000 0.000000 0.000000
14.000000 149.494246 7.902501 2.766162 0.828256 0.000000 0.000000 0.000000 1.000000 0.000000 0.000000
14.000000 149.497379 7.633014 2.824172 0.778266 0.000000 0.000000 0.000000 1.000000 0.000000 0.000000
14.000000 149.500286 7.822003 2.710262 0.811707 0.000000 0.000000 0.000000 1.000000 0.000000 0.000000
14.000000 149.502568 7.845419 2.705181 0.780793 0.000000 0.000000 0.000000 1.000000 0.000000 0.000000
14.000000 149.503963 7.745314 2.736919 0.800205 0.000000 0.000000 0.000000 1.000000 0.000000 0.000000
14.000000 149.504479 7.787577 2.760004 0.753870 0.000000 0.000000 0.000000 1.000000 0.000000 0.000000
14.000000 149.507332 7.666349 2.776480 0.732986 0.000000 0.000000 0.000000 1.000000 0.000000 0.000000
14.000000 149.510217 7.733062 2.722573 0.751534 0.000000 0.000000 0.000000 1.000000 0.000000 0.000000
14.000000 149.512675 7.769066 2.718015 0.705601 0.000000 0.000000 0.000000 1.000000 0.000000 0.000000
14.000000 149.514032 7.654890 2.754346 0.727079 0.000000 0.000000 0.000000 1.000000 0.000000 0.000000
14.000000 149.514288 7.715782 2.797970 0.689124 0.000000 0.000000 0.000000 1.000000 0.000000 0.000000
14.000000 149.517130 7.476374 2.849983 0.650574 0.000000 0.000000 0.000000 1.000000 0.000000 0.000000
14.000000 149.520169 7.654797 2.738382 0.680803 0.000000 0.000000 0.000000 1.000000 0.000000 0.000000
14.000000 149.522568 7.683055 2.731623 0.642693 0.000000 0.000000 0.000000 1.000000 0.000000 0.000000
14.000000 149.523953 7.572194 2.766399 0.660274 0.000000 0.000000 0.000000 1.000000 0.000000 0.000000
14.000000 149.524460 7.624857 2.806884 0.617483 0.000000 0.000000 0.000000 1.000000 0.000000 0.000000
14.000000 149.527268 7.413467 2.853323 0.578385 0.000000 0.000000 0.000000 1.000000 0.000000 0.000000
14.000000 149.530413 7.580324 2.751388 0.603440 0.000000 0.000000 0.000000 1.000000 0.000000 0.000000
14.000000 149.532609 7.606516 2.746336 0.569022 0.000000 0.000000 0.000000 1.000000 0.000000 0.000000
14.000000 149.533922 7.492800 2.782226 0.589423 0.000000 0.000000 0.000000 1.000000 0.000000 0.000000
14.000000 149.534375 7.540462 2.817684 0.548781 0.000000 0.000000 0.000000 1.000000 0.000000 0.000000
14.000000 149.537259 7.439056 2.835929 0.521144 0.000000 0.000000 0.000000 1.000000 0.000000 0.000000
14.000000 149.540149 7.535444 2.769697 0.525898 0.000000 0.000000 0.000000 1.000000 0.000000 0.000000
14.000000 149.542579 7.528887 2.756753 0.496363 0.000000 0.000000 0.000000 1.000000 0.000000 0.000000
14.000000 149.544064 7.407447 2.794954 0.516215 0.000000 0.000000 0.000000 1.000000 0.000000 0.000000
14.000000 149.544430 7.460414 2.834258 0.469710 0.000000 0.000000 0.000000 1.000000 0.000000 0.000000
14.000000 149.547301 7.231200 2.883560 0.418591 0.000000 0.000000 0.000000 1.000000 0.000000 0.000000
14.000000 149.550249 7.422512 2.772926 0.449929 0.000000 0.000000 0.000000 1.000000 0.000000 0.000000
14.000000 149.552646 7.453733 2.771539 0.418819 0.000000 0.000000 0.000000 1.000000 0.000000 0.000000
14.000000 149.554105 7.324637 2.812000 0.440301 0.000000 0.000000 0.000000 1.000000 0.000000 0.000000
14.000000 149.554422 7.375497 2.852465 0.391669 0.000000 0.000000 0.000000 1.000000 0.000000 0.000000
14.000000 149.557201 7.186995 2.892021 0.356308 0.000000 0.000000 0.000000 1.000000 0.000000 0.000000
14.000000 149.560351 7.341865 2.791802 0.377609 0.000000 0.000000 0.000000 1.000000 0.000000 0.000000
14.000000 149.562568 7.357178 2.780714 0.340127 0.000000 0.000000 0.000000 1.000000 0.000000 0.000000
14.000000 149.564092 7.225329 2.823260 0.372613 0.000000 0.000000 0.000000 1.000000 0.000000 0.000000
14.000000 149.564369 7.289496 2.873465 0.328913 0.000000 0.000000 0.000000 1.000000 0.000000 0.000000
14.000000 149.567303 7.088593 2.916099 0.291225 0.000000 0.000000 0.000000 1.000000 0.000000 0.000000
14.000000 149.570244 7.264667 2.800506 0.311808 0.000000 0.000000 0.000000 1.000000 0.000000 0.000000
14.000000 149.572630 7.312252 2.792577 0.256199 0.000000 0.000000 0.000000 1.000000 0.000000 0.000000
14.000000 149.573987 7.152955 2.843712 0.294379 0.000000 0.000000 0.000000 1.000000 0.000000 0.000000
14.000000 149.574515 7.205895 2.888533 0.256822 0.000000 0.000000 0.000000 1.000000 0.000000 0.000000
14.000000 149.577420 7.025646 2.929488 0.218342 0.000000 0.000000 0.000000 1.000000 0.000000 0.000000
14.000000 149.582543 7.097458 2.870143 0.232727 0.000000 0.000000 0.000000 1.000000 0.000000 0.000000
14.000000 149.584089 7.065880 2.858598 0.220133 0.000000 0.000000 0.000000 1.000000 0.000000 0.000000
14.000000 149.584508 7.110836 2.899362 0.180494 0.000000 0.000000 0.000000 1.000000 0.000000 0.000000
14.000000 149.587594 6.981647 2.928074 0.153616 0.000000 0.000000 0.000000 1.000000 0.000000 0.000000
14.000000 149.592636 7.010966 2.888223 0.160106 0.000000 0.000000 0.000000 1.000000 0.000000 0.000000
14.000000 149.593972 6.980419 2.873899 0.145777 0.000000 0.000000 0.000000 1.000000 0.000000 0.000000
14.000000 149.594401 7.027637 2.918528 0.106397 0.000000 0.000000 0.000000 1.000000 0.000000 0.000000
14.000000 149.597414 6.855172 2.959214 0.072959 0.000000 0.000000 0.000000 1.000000 0.000000 0.000000
14.000000 149.602558 6.918760 2.904586 0.086734 0.000000 0.000000 0.000000 1.000000 0.000000 0.000000
14.000000 149.604086 6.910423 2.884481 0.057726 0.000000 0.000000 0.000000 1.000000 0.000000 0.000000
14.000000 149.604364 6.955216 2.928549 0.009124 0.000000 0.000000 0.000000 1.000000 0.000000 0.000000
14.000000 149.607409 6.766148 2.972065 -0.023929 0.000000 0.000000 0.000000 1.000000 0.000000 0.000000
14.000000 149.612728 6.892341 2.892706 0.009876 0.000000 0.000000 0.000000 1.000000 0.000000 0.000000
14.000000 149.614173 6.826367 2.901686 0.025149 0.000000 0.000000 0.000000 1.000000 0.000000 0.000000
14.000000 149.614429 6.877931 2.945545 -0.009365 0.000000 0.000000 0.000000 1.000000 0.000000 0.000000
14.000000 149.617283 6.686900 2.987266 -0.032250 0.000000 0.000000 0.000000 1.000000 0.000000 0.000000
14.000000 149.622536 6.924412 2.864977 0.038465 0.000000 0.000000 0.000000 1.000000 0.000000 0.000000
14.000000 149.623951 6.781213 2.913765 0.082443 0.000000 0.000000 0.000000 1.000000 0.000000 0.000000
14.000000 149.624423 6.818029 2.944999 0.044796 0.000000 0.000000 0.000000 1.000000 0.000000 0.000000
14.000000 149.627424 6.689310 2.969515 0.036422 0.000000 0.000000 0.000000 1.000000 0.000000 0.000000
14.000000 149.632671 6.865754 2.877764 0.098451 0.000000 0.000000 0.000000 1.000000 0.000000 0.000000
14.000000 149.634110 6.739662 2.921080 0.139014 0.000000 0.000000 0.000000 1.000000 0.000000 0.000000
14.000000 149.634252 6.790545 2.966969 0.103877 0.000000 0.000000 0.000000 1.000000 0.000000 0.000000
14.000000 149.637279 6.655759 2.995040 0.100189 0.000000 0.000000 0.000000 1.000000 0.000000 0.000000
14.000000 149.642547 6.821008 2.898730 0.158793 0.000000 0.000000 0.000000 1.000000 0.000000 0.000000
14.000000 149.644005 6.706469 2.928887 0.191809 0.000000 0.000000 0.000000 1.000000 0.000000 0.000000
14.000000 149.644455 6.750490 2.969018 0.162169 0.000000 0.000000 0.000000 1.000000 0.000000 0.000000
14.000000 149.647419 6.628831 2.995150 0.156931 0.000000 0.000000 0.000000 1.000000 0.000000 0.000000
14.000000 149.652689 6.791871 2.900346 0.208779 0.000000 0.000000 0.000000 1.000000 0.000000 0.000000
14.000000 149.654172 6.671531 2.931279 0.238155 0.000000 0.000000 0.000000 1.000000 0.000000 0.000000
14.000000 149.654329 6.711476 2.969728 0.205703 0.000000 0.000000 0.000000 1.000000 0.000000 0.000000
14.000000 149.657331 6.581191 2.998045 0.203740 0.000000 0.000000 0.000000 1.000000 0.000000 0.000000
14.000000 149.662562 6.729782 2.917866 0.257455 0.000000 0.000000 0.000000 1.000000 0.000000 0.000000
14.000000 149.663993 6.625659 2.952019 0.296551 0.000000 0.000000 0.000000 1.000000 0.000000 0.000000
14.000000 149.664317 6.675406 2.990836 0.264022 0.000000 0.000000 0.000000 1.000000 0.000000 0.000000
14.000000 149.667403 6.526452 3.019202 0.250543 0.000000 0.000000 0.000000 1.000000 0.000000 0.000000
14.000000 149.672889 6.705326 2.918833 0.310417 0.000000 0.000000 0.000000 1.000000 0.000000 0.000000
14.000000 149.674242 6.599401 2.949101 0.345229 0.000000 0.000000 0.000000 1.000000 0.000000 0.000000
14.000000 149.674406 6.651544 2.994630 0.315487 0.000000 0.000000 0.000000 1.000000 0.000000 0.000000
14.000000 149.677368 6.410104 3.049305 0.293092 0.000000 0.000000 0.000000 1.000000 0.000000 0.000000
14.000000 149.682866 6.643896 2.928863 0.364321 0.000000 0.000000 0.000000 1.000000 0.000000 0.000000
14.000000 149.684157 6.562555 2.957512 0.388547 0.000000 0.000000 0.000000 1.000000 0.000000 0.000000
14.000000 149.684416 6.609395 2.999646 0.356654 0.000000 0.000000 0.000000 1.000000 0.000000 0.000000
14.000000 149.687367 6.444815 3.035439 0.345006 0.000000 0.000000 0.000000 1.000000 0.000000 0.000000
14.000000 149.692752 6.643215 2.925158 0.404334 0.000000 0.000000 0.000000 1.000000 0.000000 0.000000
14.000000 149.694007 6.521578 2.959497 0.437921 0.000000 0.000000 0.000000 1.000000 0.000000 0.000000
14.000000 149.694363 6.569296 3.003310 0.404447 0.000000 0.000000 0.000000 1.000000 0.000000 0.000000
14.000000 149.697279 6.403311 3.039207 0.396832 0.000000 0.000000 0.000000 1.000000 0.000000 0.000000
14.000000 149.702850 6.583783 2.941015 0.456557 0.000000 0.000000 0.000000 1.000000 0.000000 0.000000
14.000000 149.704419 6.585656 2.962699 0.453722 0.000000 0.000000 0.000000 1.000000 0.000000 0.000000
14.000000 149.707360 6.413547 3.028595 0.452520 0.000000 0.000000 0.000000 1.000000 0.000000 0.000000
14.000000 149.712958 6.557394 2.940780 0.507388 0.000000 0.000000 0.000000 1.000000 0.000000 0.000000
14.000000 149.714369 6.537999 2.972444 0.508672 0.000000 0.000000 0.000000 1.000000 0.000000 0.000000
14.000000 149.717241 6.324098 3.059260 0.495750 0.000000 0.000000 0.000000 1.000000 0.000000 0.000000
14.000000 149.722608 6.498184 2.959059 0.552882 0.000000 0.000000 0.000000 1.000000 0.000000 0.000000
14.000000 149.724501 6.489317 2.987812 0.551303 0.000000 0.000000 0.000000 1.000000 0.000000 0.000000
14.000000 149.727365 6.252919 3.078462 0.538526 0.000000 0.000000 0.000000 1.000000 0.000000 0.000000
14.000000 149.732738 6.440368 2.973356 0.600943 0.000000 0.000000 0.000000 1.000000 0.000000 0.000000
14.000000 149.734388 6.446526 2.997307 0.594905 0.000000 0.000000 0.000000 1.000000 0.000000 0.000000
14.000000 149.737366 6.159967 3.098990 0.573328 0.000000 0.000000 0.000000 1.000000 0.000000 0.000000
14.000000 149.742642 6.399620 2.973759 0.643898 0.000000 0.000000 0.000000 1.000000 0.000000 0.000000
14.000000 149.744569 6.413491 3.009442 0.637161 0.000000 0.000000 0.000000 1.000000 0.000000 0.000000
14.000000 149.747359 6.160764 3.111368 0.622047 0.000000 0.000000 0.000000 1.000000 0.000000 0.000000
14.000000 149.752867 6.367247 2.993159 0.686729 0.000000 0.000000 0.000000 1.000000 0.000000 0.000000
14.000000 149.754338 6.417375 2.995388 0.664019 0.000000 0.000000 0.000000 1.000000 0.000000 0.000000
14.000000 149.757279 6.188768 3.078370 0.658704 0.000000 0.000000 0.000000 1.000000 0.000000 0.000000
14.000000 149.762721 6.347917 2.983627 0.718613 0.000000 0.000000 0.000000 1.000000 0.000000 0.000000
14.000000 149.767672 6.263197 3.012110 0.747457 0.000000 0.000000 0.000000 1.000000 0.000000 0.000000
14.000000 149.772820 6.307583 2.994141 0.755436 0.000000 0.000000 0.000000 1.000000 0.000000 0.000000
14.000000 149.774470 6.289787 3.026101 0.757865 0.000000 0.000000 0.000000 1.000000 0.000000 0.000000
14.000000 149.777354 6.032251 3.119267 0.739016 0.000000 0.000000 0.000000 1.000000 0.000000 0.000000
14.000000 149.782662 6.252346 3.003531 0.800231 0.000000 0.000000 0.000000 1.000000 0.000000 0.000000
14.000000 149.784552 6.252055 3.032789 0.797642 0.000000 0.000000 0.000000 1.000000 0.000000 0.000000
14.000000 149.787363 5.983460 3.129797 0.773497 0.000000 0.000000 0.000000 1.000000 0.000000 0.000000
14.000000 149.792718 6.227251 3.003718 0.834508 0.000000 0.000000 0.000000 1.000000 0.000000 0.000000
14.000000 149.794354 6.211039 3.040571 0.837462 0.000000 0.000000 0.000000 1.000000 0.000000 0.000000
14.000000 149.797304 6.004851 3.123291 0.821562 0.000000 0.000000 0.000000 1.000000 0.000000 0.000000
14.000000 149.802658 6.193052 3.017949 0.870522 0.000000 0.000000 0.000000 1.000000 0.000000 0.000000
14.000000 149.804471 6.168592 3.046689 0.873395 0.000000 0.000000 0.000000 1.000000 0.000000 0.000000
14.000000 149.807453 5.931624 3.133077 0.854190 0.000000 0.000000 0.000000 1.000000 0.000000 0.000000
14.000000 149.812780 6.132025 3.027863 0.906157 0.000000 0.000000 0.000000 1.000000 0.000000 0.000000
14.000000 149.817360 6.033753 3.064509 0.940062 0.000000 0.000000 0.000000 1.000000 0.000000 0.000000
14.000000 149.822743 6.086131 3.037981 0.947840 0.000000 0.000000 0.000000 1.000000 0.000000 0.000000
14.000000 149.824512 6.154438 3.043779 0.920522 0.000000 0.000000 0.000000 1.000000 0.000000 0.000000
14.000000 149.827413 5.856402 3.149631 0.910509 0.000000 0.000000 0.000000 1.000000 0.000000 0.000000
14.000000 149.832730 6.062854 3.038265 0.980983 0.000000 0.000000 0.000000 1.000000 0.000000 0.000000
14.000000 149.834346 6.086504 3.055747 0.969801 0.000000 0.000000 0.000000 1.000000 0.000000 0.000000
14.000000 149.837358 5.873067 3.135842 0.958945 0.000000 0.000000 0.000000 1.000000 0.000000 0.000000
14.000000 149.842604 6.032849 3.048680 1.007316 0.000000 0.000000 0.000000 1.000000 0.000000 0.000000
14.000000 149.844473 6.048048 3.067081 0.998291 0.000000 0.000000 0.000000 1.000000 0.000000 0.000000
14.000000 149.847452 5.750366 3.167171 0.981468 0.000000 0.000000 0.000000 1.000000 0.000000 0.000000
14.000000 149.852821 5.962366 3.058074 1.043754 0.000000 0.000000 0.000000 1.000000 0.000000 0.000000
14.000000 149.854363 6.003596 3.065988 1.028394 0.000000 0.000000 0.000000 1.000000 0.000000 0.000000
14.000000 149.857375 5.807757 3.134678 1.026693 0.000000 0.000000 0.000000 1.000000 0.000000 0.000000
14.000000 149.862677 5.934530 3.062465 1.074002 0.000000 0.000000 0.000000 1.000000 0.000000 0.000000
14.000000 149.864589 5.935506 3.086921 1.068830 0.000000 0.000000 0.000000 1.000000 0.000000 0.000000
14.000000 149.867509 5.669982 3.181671 1.051759 0.000000 0.000000 0.000000 1.000000 0.000000 0.000000
14.000000 149.872801 5.881945 3.073537 1.108304 0.000000 0.000000 0.000000 1.000000 0.000000 0.000000
14.000000 149.874430 5.935875 3.088036 1.088021 0.000000 0.000000 0.000000 1.000000 0.000000 0.000000
14.000000 149.877889 5.709848 3.174947 1.084756 0.000000 0.000000 0.000000 1.000000 0.000000 0.000000
14.000000 149.882687 5.848808 3.091809 1.136871 0.000000 0.000000 0.000000 1.000000 0.000000 0.000000
14.000000 149.884534 5.888384 3.093941 1.117830 0.000000 0.000000 0.000000 1.000000 0.000000 0.000000
14.000000 149.887578 5.631766 3.180666 1.111812 0.000000 0.000000 0.000000 1.000000 0.000000 0.000000
14.000000 149.892761 5.783767 3.099526 1.166804 0.000000 0.000000 0.000000 1.000000 0.000000 0.000000
14.000000 149.894414 5.849362 3.106591 1.142125 0.000000 0.000000 0.000000 1.000000 0.000000 0.000000
14.000000 149.897323 5.550838 3.209427 1.134993 0.000000 0.000000 0.000000 1.000000 0.000000 0.000000
14.000000 149.902607 5.736035 3.110000 1.199624 0.000000 0.000000 0.000000 1.000000 0.000000 0.000000
14.000000 149.904495 5.803545 3.111124 1.174287 0.000000 0.000000 0.000000 1.000000 0.000000 0.000000
14.000000 149.907400 5.575097 3.192707 1.172818 0.000000 0.000000 0.000000 1.000000 0.000000 0.000000
14.000000 149.912850 5.694668 3.121389 1.222086 0.000000 0.000000 0.000000 1.000000 0.000000 0.000000
14.000000 149.914461 5.753237 3.123687 1.197220 0.000000 0.000000 0.000000 1.000000 0.000000 0.000000
14.000000 149.917281 5.278892 3.269569 1.165118 0.000000 0.000000 0.000000 1.000000 0.000000 0.000000
14.000000 149.922737 5.605178 3.120746 1.250105 0.000000 0.000000 0.000000 1.000000 0.000000 0.000000
14.000000 149.924639 5.720836 3.128750 1.216092 0.000000 0.000000 0.000000 1.000000 0.000000 0.000000
14.000000 149.927405 5.442948 3.228275 1.207785 0.000000 0.000000 0.000000 1.000000 0.000000 0.000000
14.000000 149.932746 5.632766 3.126593 1.267798 0.000000 0.000000 0.000000 1.000000 0.000000 0.000000
14.000000 149.934367 5.694371 3.134446 1.243431 0.000000 0.000000 0.000000 1.000000 0.000000 0.000000
14.000000 149.937358 5.269669 3.271263 1.211445 0.000000 0.000000 0.000000 1.000000 0.000000 0.000000
14.000000 149.942775 5.579132 3.124595 1.285657 0.000000 0.000000 0.000000 1.000000 0.000000 0.000000
14.000000 149.944486 5.619128 3.152955 1.272898 0.000000 0.000000 0.000000 1.000000 0.000000 0.000000
14.000000 149.947438 5.312175 3.260922 1.256605 0.000000 0.000000 0.000000 1.000000 0.000000 0.000000
14.000000 149.953018 5.528062 3.149323 1.315470 0.000000 0.000000 0.000000 1.000000 0.000000 0.000000
14.000000 149.954574 5.613806 3.146139 1.284563 0.000000 0.000000 0.000000 1.000000 0.000000 0.000000
14.000000 149.957419 5.329015 3.243264 1.275401 0.000000 0.000000 0.000000 1.000000 0.000000 0.000000
14.000000 149.962759 5.498083 3.151902 1.330312 0.000000 0.000000 0.000000 1.000000 0.000000 0.000000
14.000000 149.964530 5.552522 3.162234 1.307789 0.000000 0.000000 0.000000 1.000000 0.000000 0.000000
14.000000 149.967479 5.280853 3.260868 1.300815 0.000000 0.000000 0.000000 1.000000 0.000000 0.000000
14.000000 149.973002 5.457633 3.165590 1.357771 0.000000 0.000000 0.000000 1.000000 0.000000 0.000000
14.000000 149.974565 5.521625 3.169985 1.332512 0.000000 0.000000 0.000000 1.000000 0.000000 0.000000
14.000000 149.977511 5.247670 3.267123 1.321928 0.000000 0.000000 0.000000 1.000000 0.000000 0.000000
14.000000 149.982876 5.408733 3.176640 1.371919 0.000000 0.000000 0.000000 1.000000 0.000000 0.000000
14.000000 149.984446 5.485452 3.172876 1.341212 0.000000 0.000000 0.000000 1.000000 0.000000 0.000000
14.000000 149.987516 5.243015 3.261111 1.342076 0.000000 0.000000 0.000000 1.000000 0.000000 0.000000
14.000000 149.992803 5.370818 3.186250 1.394686 0.000000 0.000000 0.000000 1.000000 0.000000 0.000000
14.000000 149.994337 5.438436 3.178104 1.367718 0.000000 0.000000 0.000000 1.000000 0.000000 0.000000
14.000000 149.997372 5.247915 3.246269 1.371304 0.000000 0.000000 0.000000 1.000000 0.000000 0.000000
14.000000 150.002709 5.320851 3.197419 1.410715 0.000000 0.000000 0.000000 1.000000 0.000000 0.000000
14.000000 150.004461 5.403563 3.183708 1.378049 0.000000 0.000000 0.000000 1.000000 0.000000 0.000000
14.000000 150.007529 5.227942 3.249730 1.384646 0.000000 0.000000 0.000000 1.000000 0.000000 0.000000
14.000000 150.012889 5.285921 3.208375 1.423639 0.000000 0.000000 0.000000 1.000000 0.000000 0.000000
14.000000 150.014387 5.347764 3.196885 1.398222 0.000000 0.000000 0.000000 1.000000 0.000000 0.000000
14.000000 150.017386 5.163398 3.259983 1.401661 0.000000 0.000000 0.000000 1.000000 0.000000 0.000000
14.000000 150.022726 5.237856 3.214547 1.439911 0.000000 0.000000 0.000000 1.000000 0.000000 0.000000
14.000000 150.024539 5.306608 3.202297 1.413799 0.000000 0.000000 0.000000 1.000000 0.000000 0.000000
14.000000 150.027561 5.151291 3.256698 1.420718 0.000000 0.000000 0.000000 1.000000 0.000000 0.000000
14.000000 150.032850 5.194335 3.223806 1.453808 0.000000 0.000000 0.000000 1.000000 0.000000 0.000000
14.000000 150.034436 5.273352 3.210982 1.422628 0.000000 0.000000 0.000000 1.000000 0.000000 0.000000
14.000000 150.037394 5.080388 3.280672 1.424146 0.000000 0.000000 0.000000 1.000000 0.000000 0.000000
14.000000 150.042715 5.172675 3.222452 1.463762 0.000000 0.000000 0.000000 1.000000 0.000000 0.000000
14.000000 150.044661 5.238472 3.214564 1.436091 0.000000 0.000000 0.000000 1.000000 0.000000 0.000000
14.000000 150.047594 5.051686 3.283524 1.442534 0.000000 0.000000 0.000000 1.000000 0.000000 0.000000
14.000000 150.052866 5.109051 3.241814 1.482031 0.000000 0.000000 0.000000 1.000000 0.000000 0.000000
14.000000 150.054335 5.198744 3.229689 1.446384 0.000000 0.000000 0.000000 1.000000 0.000000 0.000000
14.000000 150.057493 4.944684 3.320000 1.441953 0.000000 0.000000 0.000000 1.000000 0.000000 0.000000
14.000000 150.062743 5.072408 3.243132 1.488209 0.000000 0.000000 0.000000 1.000000 0.000000 0.000000
14.000000 150.064624 5.138838 3.231417 1.460133 0.000000 0.000000 0.000000 1.000000 0.000000 0.000000
14.000000 150.067491 4.984128 3.290044 1.470247 0.000000 0.000000 0.000000 1.000000 0.000000 0.000000
14.000000 150.072827 5.014980 3.259739 1.505147 0.000000 0.000000 0.000000 1.000000 0.000000 0.000000
14.000000 150.074627 5.104927 3.241708 1.469067 0.000000 0.000000 0.000000 1.000000 0.000000 0.000000
14.000000 150.077727 4.907558 3.314269 1.469488 0.000000 0.000000 0.000000 1.000000 0.000000 0.000000
14.000000 150.082761 4.994758 3.261532 1.508435 0.000000 0.000000 0.000000 1.000000 0.000000 0.000000
14.000000 150.084700 5.089284 3.245875 1.472620 0.000000 0.000000 0.000000 1.000000 0.000000 0.000000
14.000000 150.087615 4.939812 3.306994 1.471445 0.000000 0.000000 0.000000 1.000000 0.000000 0.000000
14.000000 150.092904 5.004438 3.257276 1.498766 0.000000 0.000000 0.000000 1.000000 0.000000 0.000000
14.000000 150.094486 5.035728 3.256231 1.479346 0.000000 0.000000 0.000000 1.000000 0.000000 0.000000
14.000000 150.097496 4.841851 3.327356 1.485478 0.000000 0.000000 0.000000 1.000000 0.000000 0.000000
14.000000 150.102812 4.904688 3.283197 1.525862 0.000000 0.000000 0.000000 1.000000 0.000000 0.000000
14.000000 150.104721 5.020842 3.253137 1.482621 0.000000 0.000000 0.000000 1.000000 0.000000 0.000000
14.000000 150.107556 4.918482 3.298194 1.493279 0.000000 0.000000 0.000000 1.000000 0.000000 0.000000
14.000000 150.112881 4.905526 3.281533 1.515354 0.000000 0.000000 0.000000 1.000000 0.000000 0.000000
14.000000 150.114613 4.933856 3.272923 1.495793 0.000000 0.000000 0.000000 1.000000 0.000000 0.000000
14.000000 150.117536 4.872948 3.307941 1.506395 0.000000 0.000000 0.000000 1.000000 0.000000 0.000000
14.000000 150.122819 4.862451 3.293289 1.524457 0.000000 0.000000 0.000000 1.000000 0.000000 0.000000
14.000000 150.124546 4.908240 3.279079 1.500600 0.000000 0.000000 0.000000 1.000000 0.000000 0.000000
14.000000 150.127674 4.811840 3.320984 1.508955 0.000000 0.000000 0.000000 1.000000 0.000000 0.000000
14.000000 150.132930 4.805253 3.305525 1.529170 0.000000 0.000000 0.000000 1.000000 0.000000 0.000000
14.000000 150.134434 4.862198 3.291989 1.501750 0.000000 0.000000 0.000000 1.000000 0.000000 0.000000
14.000000 150.137555 4.831148 3.321620 1.512925 0.000000 0.000000 0.000000 1.000000 0.000000 0.000000
14.000000 150.142994 4.813266 3.303054 1.526244 0.000000 0.000000 0.000000 1.000000 0.000000 0.000000
14.000000 150.144530 4.841398 3.288842 1.504884 0.000000 0.000000 0.000000 1.000000 0.000000 0.000000
14.000000 150.147600 4.731914 3.334914 1.513416 0.000000 0.000000 0.000000 1.000000 0.000000 0.000000
14.000000 150.153059 4.720372 3.324748 1.535682 0.000000 0.000000 0.000000 1.000000 0.000000 0.000000
14.000000 150.154442 4.806075 3.303633 1.500171 0.000000 0.000000 0.000000 1.000000 0.000000 0.000000
14.000000 150.157594 4.731485 3.343479 1.512013 0.000000 0.000000 0.000000 1.000000 0.000000 0.000000
14.000000 150.162894 4.697262 3.332496 1.529156 0.000000 0.000000 0.000000 1.000000 0.000000 0.000000
14.000000 150.164572 4.743583 3.320754 1.500965 0.000000 0.000000 0.000000 1.000000 0.000000 0.000000
14.000000 150.167628 4.614000 3.380975 1.501558 0.000000 0.000000 0.000000 1.000000 0.000000 0.000000
14.000000 150.173015 4.672682 3.330520 1.527866 0.000000 0.000000 0.000000 1.000000 0.000000 0.000000
14.000000 150.174469 4.721062 3.321793 1.501098 0.000000 0.000000 0.000000 1.000000 0.000000 0.000000
14.000000 150.177676 4.568958 3.386026 1.502028 0.000000 0.000000 0.000000 1.000000 0.000000 0.000000
14.000000 150.182785 4.610282 3.343540 1.528846 0.000000 0.000000 0.000000 1.000000 0.000000 0.000000
14.000000 150.184646 4.662610 3.334132 1.500558 0.000000 0.000000 0.000000 1.000000 0.000000 0.000000
14.000000 150.187764 4.513264 3.399555 1.490927 0.000000 0.000000 0.000000 1.000000 0.000000 0.000000
14.000000 150.193081 4.615722 3.333601 1.515838 0.000000 0.000000 0.000000 1.000000 0.000000 0.000000
14.000000 150.194676 4.627170 3.341633 1.502874 0.000000 0.000000 0.000000 1.000000 0.000000 0.000000
14.000000 150.197542 4.526777 3.392023 1.505639 0.000000 0.000000 0.000000 1.000000 0.000000 0.000000
14.000000 150.202819 4.536473 3.363130 1.523984 0.000000 0.000000 0.000000 1.000000 0.000000 0.000000
14.000000 150.204615 4.605127 3.337589 1.490508 0.000000 0.000000 0.000000 1.000000 0.000000 0.000000
14.000000 150.207642 4.570643 3.366407 1.501550 0.000000 0.000000 0.000000 1.000000 0.000000 0.000000
14.000000 150.213001 4.519832 3.363803 1.511449 0.000000 0.000000 0.000000 1.000000 0.000000 0.000000
14.000000 150.214611 4.533573 3.360890 1.494090 0.000000 0.000000 0.000000 1.000000 0.000000 0.000000
14.000000 150.217539 4.131600 3.486081 1.457623 0.000000 0.000000 0.000000 1.000000 0.000000 0.000000
14.000000 150.223074 4.461366 3.369679 1.511462 0.000000 0.000000 0.000000 1.000000 0.000000 0.000000
14.000000 150.224654 4.527113 3.353134 1.480414 0.000000 0.000000 0.000000 1.000000 0.000000 0.000000
14.000000 150.227639 4.465061 3.391366 1.487244 0.000000 0.000000 0.000000 1.000000 0.000000 0.000000
14.000000 150.233194 4.447169 3.373678 1.501129 0.000000 0.000000 0.000000 1.000000 0.000000 0.000000
14.000000 150.234653 4.472578 3.370070 1.479901 0.000000 0.000000 0.000000 1.000000 0.000000 0.000000
14.000000 150.237615 4.237229 3.457125 1.458393 0.000000 0.000000 0.000000 1.000000 0.000000 0.000000
14.000000 150.243057 4.362969 3.366685 1.489854 0.000000 0.000000 0.000000 1.000000 0.000000 0.000000
14.000000 150.244802 4.435669 3.375227 1.467779 0.000000 0.000000 0.000000 1.000000 0.000000 0.000000
14.000000 150.247678 4.446120 3.391299 1.483255 0.000000 0.000000 0.000000 1.000000 0.000000 0.000000
14.000000 150.253129 4.363565 3.400068 1.487723 0.000000 0.000000 0.000000 1.000000 0.000000 0.000000
14.000000 150.254741 4.394521 3.393614 1.462485 0.000000 0.000000 0.000000 1.000000 0.000000 0.000000
14.000000 150.257525 4.060304 3.508999 1.429502 0.000000 0.000000 0.000000 1.000000 0.000000 0.000000
14.000000 150.263087 4.288864 3.393749 1.471097 0.000000 0.000000 0.000000 1.000000 0.000000 0.000000
14.000000 150.264569 4.337497 3.399224 1.449078 0.000000 0.000000 0.000000 1.000000 0.000000 0.000000
14.000000 150.267602 4.098942 3.484999 1.430877 0.000000 0.000000 0.000000 1.000000 0.000000 0.000000
14.000000 150.273166 4.259425 3.399828 1.466022 0.000000 0.000000 0.000000 1.000000 0.000000 0.000000
14.000000 150.274511 4.314919 3.393184 1.441724 0.000000 0.000000 0.000000 1.000000 0.000000 0.000000
14.000000 150.277674 4.230962 3.434151 1.436896 0.000000 0.000000 0.000000 1.000000 0.000000 0.000000
14.000000 150.283116 4.246946 3.407795 1.446800 0.000000 0.000000 0.000000 1.000000 0.000000 0.000000
14.000000 150.284570 4.277185 3.400442 1.427368 0.000000 0.000000 0.000000 1.000000 0.000000 0.000000
14.000000 150.287782 4.208005 3.437181 1.438725 0.000000 0.000000 0.000000 1.000000 0.000000 0.000000
14.000000 150.293133 4.157835 3.439798 1.454564 0.000000 0.000000 0.000000 1.000000 0.000000 0.000000
14.000000 150.294537 4.242084 3.419698 1.414864 0.000000 0.000000 0.000000 1.000000 0.000000 0.000000
14.000000 150.297768 4.063080 3.493381 1.397338 0.000000 0.000000 0.000000 1.000000 0.000000 0.000000
14.000000 150.302961 4.171424 3.423137 1.419672 0.000000 0.000000 0.000000 1.000000 0.000000 0.000000
14.000000 150.304770 4.213332 3.414791 1.395883 0.000000 0.000000 0.000000 1.000000 0.000000 0.000000
14.000000 150.307787 4.154075 3.453080 1.394393 0.000000 0.000000 0.000000 1.000000 0.000000 0.000000
14.000000 150.313168 4.143908 3.432571 1.401788 0.000000 0.000000 0.000000 1.000000 0.000000 0.000000
14.000000 150.314695 4.161301 3.436128 1.383091 0.000000 0.000000 0.000000 1.000000 0.000000 0.000000
14.000000 150.317442 3.793673 3.559008 1.354126 0.000000 0.000000 0.000000 1.000000 0.000000 0.000000
14.000000 150.323172 4.028320 3.444977 1.405822 0.000000 0.000000 0.000000 1.000000 0.000000 0.000000
14.000000 150.324565 4.113399 3.444131 1.371200 0.000000 0.000000 0.000000 1.000000 0.000000 0.000000
14.000000 150.327672 4.002554 3.502154 1.361443 0.000000 0.000000 0.000000 1.000000 0.000000 0.000000
14.000000 150.333050 4.054199 3.452922 1.376492 0.000000 0.000000 0.000000 1.000000 0.000000 0.000000
14.000000 150.334512 4.107423 3.431374 1.346805 0.000000 0.000000 0.000000 1.000000 0.000000 0.000000
14.000000 150.337608 3.966594 3.486361 1.344195 0.000000 0.000000 0.000000 1.000000 0.000000 0.000000
14.000000 150.342906 3.982924 3.460690 1.363873 0.000000 0.000000 0.000000 1.000000 0.000000 0.000000
14.000000 150.344578 4.049725 3.459462 1.329458 0.000000 0.000000 0.000000 1.000000 0.000000 0.000000
14.000000 150.347593 3.946719 3.522725 1.332106 0.000000 0.000000 0.000000 1.000000 0.000000 0.000000
14.000000 150.353200 3.944006 3.489367 1.352742 0.000000 0.000000 0.000000 1.000000 0.000000 0.000000
14.000000 150.354523 4.011774 3.472146 1.312552 0.000000 0.000000 0.000000 1.000000 0.000000 0.000000
14.000000 150.357529 3.580964 3.617261 1.267967 0.000000 0.000000 0.000000 1.000000 0.000000 0.000000
14.000000 150.362966 3.893868 3.466040 1.324463 0.000000 0.000000 0.000000 1.000000 0.000000 0.000000
14.000000 150.364715 3.989474 3.464132 1.284248 0.000000 0.000000 0.000000 1.000000 0.000000 0.000000
14.000000 150.367650 3.673089 3.575956 1.258458 0.000000 0.000000 0.000000 1.000000 0.000000 0.000000
14.000000 150.373005 3.872177 3.475496 1.304646 0.000000 0.000000 0.000000 1.000000 0.000000 0.000000
14.000000 150.374524 3.977261 3.463557 1.260232 0.000000 0.000000 0.000000 1.000000 0.000000 0.000000
14.000000 150.377546 3.720934 3.556970 1.242801 0.000000 0.000000 0.000000 1.000000 0.000000 0.000000
14.000000 150.383060 3.844357 3.485714 1.279210 0.000000 0.000000 0.000000 1.000000 0.000000 0.000000
14.000000 150.384610 3.937220 3.468268 1.237389 0.000000 0.000000 0.000000 1.000000 0.000000 0.000000
14.000000 150.387585 3.770918 3.535986 1.231918 0.000000 0.000000 0.000000 1.000000 0.000000 0.000000
14.000000 150.393181 3.812699 3.494490 1.257204 0.000000 0.000000 0.000000 1.000000 0.000000 0.000000
14.000000 150.394516 3.904463 3.478367 1.211687 0.000000 0.000000 0.000000 1.000000 0.000000 0.000000
14.000000 150.397716 3.679589 3.570238 1.195218 0.000000 0.000000 0.000000 1.000000 0.000000 0.000000
14.000000 150.402972 3.787799 3.500300 1.228472 0.000000 0.000000 0.000000 1.000000 0.000000 0.000000
14.000000 150.404677 3.847552 3.502257 1.195666 0.000000 0.000000 0.000000 1.000000 0.000000 0.000000
14.000000 150.407674 3.618199 3.598597 1.171750 0.000000 0.000000 0.000000 1.000000 0.000000 0.000000
14.000000 150.413193 3.750750 3.511261 1.201647 0.000000 0.000000 0.000000 1.000000 0.000000 0.000000
14.000000 150.414655 3.816127 3.479287 1.167144 0.000000 0.000000 0.000000 1.000000 0.000000 0.000000
14.000000 150.417583 3.743681 3.512006 1.169753 0.000000 0.000000 0.000000 1.000000 0.000000 0.000000
14.000000 150.422934 3.712160 3.510687 1.179905 0.000000 0.000000 0.000000 1.000000 0.000000 0.000000
14.000000 150.424668 3.802006 3.482491 1.137571 0.000000 0.000000 0.000000 1.000000 0.000000 0.000000
14.000000 150.427621 3.330218 3.616728 1.103252 0.000000 0.000000 0.000000 1.000000 0.000000 0.000000
14.000000 150.433008 3.599017 3.508806 1.169709 0.000000 0.000000 0.000000 1.000000 0.000000 0.000000
14.000000 150.434632 3.751452 3.501840 1.111486 0.000000 0.000000 0.000000 1.000000 0.000000 0.000000
14.000000 150.437558 3.276331 3.648200 1.060318 0.000000 0.000000 0.000000 1.000000 0.000000 0.000000
14.000000 150.442949 3.614629 3.503291 1.123055 0.000000 0.000000 0.000000 1.000000 0.000000 0.000000
14.000000 150.444682 3.716455 3.506213 1.083391 0.000000 0.000000 0.000000 1.000000 0.000000 0.000000
14.000000 150.447623 3.241056 3.647801 1.040849 0.000000 0.000000 0.000000 1.000000 0.000000 0.000000
14.000000 150.453043 3.546351 3.519186 1.107036 0.000000 0.000000 0.000000 1.000000 0.000000 0.000000
14.000000 150.454559 3.707981 3.508460 1.042253 0.000000 0.000000 0.000000 1.000000 0.000000 0.000000
14.000000 150.457579 3.148978 3.677927 0.994845 0.000000 0.000000 0.000000 1.000000 0.000000 0.000000
14.000000 150.462976 3.513855 3.523606 1.077899 0.000000 0.000000 0.000000 1.000000 0.000000 0.000000
14.000000 150.464648 3.668516 3.512024 1.016761 0.000000 0.000000 0.000000 1.000000 0.000000 0.000000
14.000000 150.467628 3.482095 3.584816 1.006309 0.000000 0.000000 0.000000 1.000000 0.000000 0.000000
14.000000 150.473137 3.535031 3.544495 1.033358 0.000000 0.000000 0.000000 1.000000 0.000000 0.000000
14.000000 150.474588 3.617302 3.525100 0.992415 0.000000 0.000000 0.000000 1.000000 0.000000 0.000000
14.000000 150.477670 3.124846 3.669627 0.945787 0.000000 0.000000 0.000000 1.000000 0.000000 0.000000
14.000000 150.482923 3.440791 3.538128 1.013505 0.000000 0.000000 0.000000 1.000000 0.000000 0.000000
14.000000 150.484644 3.576769 3.536847 0.957906 0.000000 0.000000 0.000000 1.000000 0.000000 0.000000
14.000000 150.487694 2.830322 3.751400 0.873057 0.000000 0.000000 0.000000 1.000000 0.000000 0.000000
14.000000 150.493029 3.407881 3.524706 0.975917 0.000000 0.000000 0.000000 1.000000 0.000000 0.000000
14.000000 150.494565 3.533880 3.542467 0.931427 0.000000 0.000000 0.000000 1.000000 0.000000 0.000000
14.000000 150.497602 2.950045 3.707218 0.871655 0.000000 0.000000 0.000000 1.000000 0.000000 0.000000
14.000000 150.502961 3.357276 3.546028 0.952270 0.000000 0.000000 0.000000 1.000000 0.000000 0.000000
14.000000 150.504692 3.477835 3.557705 0.905632 0.000000 0.000000 0.000000 1.000000 0.000000 0.000000
14.000000 150.507660 2.826670 3.744554 0.826215 0.000000 0.000000 0.000000 1.000000 0.000000 0.000000
14.000000 150.513094 3.312993 3.550381 0.909710 0.000000 0.000000 0.000000 1.000000 0.000000 0.000000
14.000000 150.514667 3.432196 3.564826 0.863611 0.000000 0.000000 0.000000 1.000000 0.000000 0.000000
14.000000 150.517562 3.191598 3.651306 0.831952 0.000000 0.000000 0.000000 1.000000 0.000000 0.000000
14.000000 150.522986 3.355735 3.566094 0.862634 0.000000 0.000000 0.000000 1.000000 0.000000 0.000000
14.000000 150.524644 3.426975 3.566832 0.825724 0.000000 0.000000 0.000000 1.000000 0.000000 0.000000
14.000000 150.527665 2.769120 3.762070 0.748789 0.000000 0.000000 0.000000 1.000000 0.000000 0.000000
14.000000 150.533041 3.260466 3.562081 0.840666 0.000000 0.000000 0.000000 1.000000 0.000000 0.000000
14.000000 150.534673 3.390296 3.575155 0.787536 0.000000 0.000000 0.000000 1.000000 0.000000 0.000000
14.000000 150.537670 3.096708 3.680100 0.749297 0.000000 0.000000 0.000000 1.000000 0.000000 0.000000
14.000000 150.542963 3.284435 3.583974 0.786532 0.000000 0.000000 0.000000 1.000000 0.000000 0.000000
14.000000 150.544782 3.361054 3.573570 0.747285 0.000000 0.000000 0.000000 1.000000 0.000000 0.000000
14.000000 150.547696 3.081213 3.667986 0.711197 0.000000 0.000000 0.000000 1.000000 0.000000 0.000000
14.000000 150.553135 3.254664 3.583939 0.745727 0.000000 0.000000 0.000000 1.000000 0.000000 0.000000
14.000000 150.554758 3.318961 3.578276 0.713608 0.000000 0.000000 0.000000 1.000000 0.000000 0.000000
14.000000 150.557626 3.119627 3.648085 0.687156 0.000000 0.000000 0.000000 1.000000 0.000000 0.000000
14.000000 150.563051 3.216781 3.595080 0.708051 0.000000 0.000000 0.000000 1.000000 0.000000 0.000000
14.000000 150.564787 3.289248 3.588213 0.669961 0.000000 0.000000 0.000000 1.000000 0.000000 0.000000
14.000000 150.567702 3.016477 3.682558 0.633236 0.000000 0.000000 0.000000 1.000000 0.000000 0.000000
14.000000 150.573128 3.181769 3.599487 0.666407 0.000000 0.000000 0.000000 1.000000 0.000000 0.000000
14.000000 150.574686 3.277289 3.583353 0.617669 0.000000 0.000000 0.000000 1.000000 0.000000 0.000000
14.000000 150.577639 3.050144 3.664106 0.595549 0.000000 0.000000 0.000000 1.000000 0.000000 0.000000
14.000000 150.583136 3.146648 3.610916 0.626542 0.000000 0.000000 0.000000 1.000000 0.000000 0.000000
14.000000 150.584756 3.227378 3.599644 0.583918 0.000000 0.000000 0.000000 1.000000 0.000000 0.000000
14.000000 150.587806 2.931441 3.697988 0.548504 0.000000 0.000000 0.000000 1.000000 0.000000 0.000000
14.000000 150.593090 3.104137 3.614237 0.588199 0.000000 0.000000 0.000000 1.000000 0.000000 0.000000
14.000000 150.594727 3.182448 3.609118 0.547553 0.000000 0.000000 0.000000 1.000000 0.000000 0.000000
14.000000 150.597702 2.885643 3.708605 0.507281 0.000000 0.000000 0.000000 1.000000 0.000000 0.000000
14.000000 150.602977 3.090534 3.610811 0.547965 0.000000 0.000000 0.000000 1.000000 0.000000 0.000000
14.000000 150.604769 3.168708 3.616384 0.506700 0.000000 0.000000 0.000000 1.000000 0.000000 0.000000
14.000000 150.607709 2.868927 3.726798 0.458307 0.000000 0.000000 0.000000 1.000000 0.000000 0.000000
14.000000 150.614719 2.869644 3.729008 0.433652 0.000000 0.000000 0.000000 1.000000 0.000000 0.000000
14.000000 150.617684 2.731440 3.764129 0.396127 0.000000 0.000000 0.000000 1.000000 0.000000 0.000000
14.000000 150.624744 2.897016 3.688814 0.406331 0.000000 0.000000 0.000000 1.000000 0.000000 0.000000
14.000000 150.637651 2.818297 3.714501 0.344046 0.000000 0.000000 0.000000 1.000000 0.000000 0.000000
14.000000 150.674694 2.568115 3.800596 0.163376 0.000000 0.000000 0.000000 1.000000 0.000000 0.000000
14.000000 150.677630 2.204916 3.890207 0.089031 0.000000 0.000000 0.000000 1.000000 0.000000 0.000000
14.000000 150.684748 2.493487 3.759419 0.109153 0.000000 0.000000 0.000000 1.000000 0.000000 0.000000
14.000000 150.687801 2.765519 3.695432 0.114170 0.000000 0.000000 0.000000 1.000000 0.000000 0.000000
14.000000 150.694947 2.473979 3.831906 0.042071 0.000000 0.000000 0.000000 1.000000 0.000000 0.000000
14.000000 150.697723 2.429124 3.843601 0.020024 0.000000 0.000000 0.000000 1.000000 0.000000 0.000000
14.000000 150.704872 2.531848 3.797820 0.014904 0.000000 0.000000 0.000000 1.000000 0.000000 0.000000
14.000000 150.707696 2.161335 3.888834 -0.055367 0.000000 0.000000 0.000000 1.000000 0.000000 0.000000
14.000000 150.714783 2.336782 3.807687 -0.020811 0.000000 0.000000 0.000000 1.000000 0.000000 0.000000
14.000000 150.717702 2.238695 3.830761 -0.023803 0.000000 0.000000 0.000000 1.000000 0.000000 0.000000
14.000000 150.724820 2.106572 3.890053 -0.027598 0.000000 0.000000 0.000000 1.000000 0.000000 0.000000
14.000000 150.727687 2.044032 3.903537 -0.006519 0.000000 0.000000 0.000000 1.000000 0.000000 0.000000
14.000000 150.734771 1.953262 3.943041 0.001315 0.000000 0.000000 0.000000 1.000000 0.000000 0.000000
14.000000 150.747923 2.365260 3.827342 0.102955 0.000000 0.000000 0.000000 1.000000 0.000000 0.000000
14.000000 150.754679 2.350594 3.832815 0.123352 0.000000 0.000000 0.000000 1.000000 0.000000 0.000000
14.000000 150.757919 1.965950 3.925134 0.094010 0.000000 0.000000 0.000000 1.000000 0.000000 0.000000
14.000000 150.794832 2.246115 3.847649 0.250685 0.000000 0.000000 0.000000 1.000000 0.000000 0.000000
14.000000 150.797666 2.184075 3.862250 0.252202 0.000000 0.000000 0.000000 1.000000 0.000000 0.000000
14.000000 150.834684 2.065403 3.890120 0.346272 0.000000 0.000000 0.000000 1.000000 0.000000 0.000000
14.000000 150.837982 1.979217 3.910697 0.342547 0.000000 0.000000 0.000000 1.000000 0.000000 0.000000
14.000000 150.844760 1.944939 3.925594 0.354746 0.000000 0.000000 0.000000 1.000000 0.000000 0.000000
14.000000 150.847962 1.900593 3.935816 0.363836 0.000000 0.000000 0.000000 1.000000 0.000000 0.000000
14.000000 150.854717 1.972302 3.902608 0.382623 0.000000 0.000000 0.000000 1.000000 0.000000 0.000000
14.000000 150.857961 1.884023 3.923353 0.385828 0.000000 0.000000 0.000000 1.000000 0.000000 0.000000
14.000000 150.864782 1.854490 3.935950 0.397640 0.000000 0.000000 0.000000 1.000000 0.000000 0.000000
14.000000 150.867934 1.907687 3.922456 0.419299 0.000000 0.000000 0.000000 1.000000 0.000000 0.000000
14.000000 150.874725 1.943618 3.905651 0.431042 0.000000 0.000000 0.000000 1.000000 0.000000 0.000000
14.000000 150.877991 1.827631 3.933338 0.424432 0.000000 0.000000 0.000000 1.000000 0.000000 0.000000
14.000000 150.884878 1.786908 3.951077 0.433488 0.000000 0.000000 0.000000 1.000000 0.000000 0.000000
14.000000 150.887892 1.770175 3.954596 0.444296 0.000000 0.000000 0.000000 1.000000 0.000000 0.000000
14.000000 150.894822 1.774954 3.951646 0.460270 0.000000 0.000000 0.000000 1.000000 0.000000 0.000000
14.000000 150.897837 1.755694 3.955850 0.469735 0.000000 0.000000 0.000000 1.000000 0.000000 0.000000
14.000000 150.904917 1.762023 3.952304 0.485924 0.000000 0.000000 0.000000 1.000000 0.000000 0.000000
14.000000 150.907850 1.649388 3.978941 0.488471 0.000000 0.000000 0.000000 1.000000 0.000000 0.000000
14.000000 150.914827 1.670978 3.968822 0.496980 0.000000 0.000000 0.000000 1.000000 0.000000 0.000000
14.000000 150.917913 1.765593 3.945535 0.518164 0.000000 0.000000 0.000000 1.000000 0.000000 0.000000
14.000000 150.924869 1.756795 3.949331 0.520381 0.000000 0.000000 0.000000 1.000000 0.000000 0.000000
14.000000 150.927926 1.628171 3.980104 0.511788 0.000000 0.000000 0.000000 1.000000 0.000000 0.000000
14.000000 150.934923 1.571158 4.004935 0.523413 0.000000 0.000000 0.000000 1.000000 0.000000 0.000000
14.000000 150.937909 1.695426 3.974256 0.553028 0.000000 0.000000 0.000000 1.000000 0.000000 0.000000
14.000000 150.944872 1.991426 3.839108 0.600800 0.000000 0.000000 0.000000 1.000000 0.000000 0.000000
14.000000 150.947798 1.860209 3.870352 0.590284 0.000000 0.000000 0.000000 1.000000 0.000000 0.000000
14.000000 150.954928 1.668346 3.957042 0.572818 0.000000 0.000000 0.000000 1.000000 0.000000 0.000000
14.000000 150.957841 1.196579 4.070584 0.524619 0.000000 0.000000 0.000000 1.000000 0.000000 0.000000
14.000000 150.964859 1.284850 4.030641 0.539525 0.000000 0.000000 0.000000 1.000000 0.000000 0.000000
14.000000 150.967887 1.413018 3.999337 0.565156 0.000000 0.000000 0.000000 1.000000 0.000000 0.000000
14.000000 150.974745 1.376429 4.015537 0.564736 0.000000 0.000000 0.000000 1.000000 0.000000 0.000000
14.000000 150.977830 1.428271 4.002826 0.575764 0.000000 0.000000 0.000000 1.000000 0.000000 0.000000
14.000000 150.984858 1.345915 4.039121 0.579995 0.000000 0.000000 0.000000 1.000000 0.000000 0.000000
14.000000 150.997856 1.326798 4.046316 0.585889 0.000000 0.000000 0.000000 1.000000 0.000000 0.000000
14.000000 151.004824 1.483256 3.975398 0.611363 0.000000 0.000000 0.000000 1.000000 0.000000 0.000000
14.000000 151.007860 1.529293 3.964114 0.622250 0.000000 0.000000 0.000000 1.000000 0.000000 0.000000
14.000000 151.014753 1.562317 3.948969 0.630901 0.000000 0.000000 0.000000 1.000000 0.000000 0.000000
14.000000 151.017912 1.411292 3.985181 0.614599 0.000000 0.000000 0.000000 1.000000 0.000000 0.000000
14.000000 151.024923 1.379952 3.999255 0.611644 0.000000 0.000000 0.000000 1.000000 0.000000 0.000000
14.000000 151.027990 1.102142 4.065746 0.587096 0.000000 0.000000 0.000000 1.000000 0.000000 0.000000
14.000000 151.034769 1.006314 4.108137 0.586297 0.000000 0.000000 0.000000 1.000000 0.000000 0.000000
14.000000 151.037912 0.810564 4.155046 0.572548 0.000000 0.000000 0.000000 1.000000 0.000000 0.000000
14.000000 151.044938 0.905015 4.112860 0.583866 0.000000 0.000000 0.000000 1.000000 0.000000 0.000000
14.000000 151.048039 1.022199 4.084430 0.603968 0.000000 0.000000 0.000000 1.000000 0.000000 0.000000
14.000000 151.054782 0.949163 4.116590 0.604452 0.000000 0.000000 0.000000 1.000000 0.000000 0.000000
14.000000 151.057881 1.188563 4.059114 0.626504 0.000000 0.000000 0.000000 1.000000 0.000000 0.000000
14.000000 151.064872 1.028753 4.131068 0.605042 0.000000 0.000000 0.000000 1.000000 0.000000 0.000000
14.000000 151.067927 0.692485 4.212315 0.571705 0.000000 0.000000 0.000000 1.000000 0.000000 0.000000
14.000000 151.074913 0.777927 4.173945 0.585677 0.000000 0.000000 0.000000 1.000000 0.000000 0.000000
14.000000 151.077918 1.066402 4.104148 0.622173 0.000000 0.000000 0.000000 1.000000 0.000000 0.000000
14.000000 151.084961 1.102323 4.087996 0.626848 0.000000 0.000000 0.000000 1.000000 0.000000 0.000000
14.000000 151.087871 1.162475 4.073336 0.637729 0.000000 0.000000 0.000000 1.000000 0.000000 0.000000
14.000000 151.094847 1.084408 4.108010 0.637132 0.000000 0.000000 0.000000 1.000000 0.000000 0.000000
14.000000 151.097858 1.002156 4.127981 0.625330 0.000000 0.000000 0.000000 1.000000 0.000000 0.000000
14.000000 151.104890 1.211290 4.034366 0.644139 0.000000 0.000000 0.000000 1.000000 0.000000 0.000000
14.000000 151.107911 1.455278 3.975991 0.666208 0.000000 0.000000 0.000000 1.000000 0.000000 0.000000
14.000000 151.114905 1.348634 4.023961 0.656703 0.000000 0.000000 0.000000 1.000000 0.000000 0.000000
14.000000 151.118011 1.268955 4.043103 0.649256 0.000000 0.000000 0.000000 1.000000 0.000000 0.000000
14.000000 151.125007 1.339827 4.011132 0.658984 0.000000 0.000000 0.000000 1.000000 0.000000 0.000000
14.000000 151.127915 1.449600 3.984831 0.668797 0.000000 0.000000 0.000000 1.000000 0.000000 0.000000
14.000000 151.134952 1.470083 3.975735 0.667169 0.000000 0.000000 0.000000 1.000000 0.000000 0.000000
14.000000 151.137963 0.926524 4.107427 0.576413 0.000000 0.000000 0.000000 1.000000 0.000000 0.000000
14.000000 151.144934 0.926309 4.107534 0.575954 0.000000 0.000000 0.000000 1.000000 0.000000 0.000000
14.000000 151.147986 1.575943 3.950434 0.676464 0.000000 0.000000 0.000000 1.000000 0.000000 0.000000
14.000000 151.154919 1.551883 3.961329 0.673071 0.000000 0.000000 0.000000 1.000000 0.000000 0.000000
14.000000 151.157944 1.208174 4.044194 0.628168 0.000000 0.000000 0.000000 1.000000 0.000000 0.000000
14.000000 151.165071 1.204243 4.046006 0.626464 0.000000 0.000000 0.000000 1.000000 0.000000 0.000000
14.000000 151.168048 1.078219 4.076258 0.613633 0.000000 0.000000 0.000000 1.000000 0.000000 0.000000
14.000000 151.175070 1.054023 4.087322 0.605861 0.000000 0.000000 0.000000 1.000000 0.000000 0.000000
14.000000 151.177854 0.720194 4.167738 0.566628 0.000000 0.000000 0.000000 1.000000 0.000000 0.000000
14.000000 151.185047 0.806447 4.128910 0.585123 0.000000 0.000000 0.000000 1.000000 0.000000 0.000000
14.000000 151.187965 0.775984 4.137416 0.551753 0.000000 0.000000 0.000000 1.000000 0.000000 0.000000
14.000000 151.194988 0.775449 4.138074 0.537420 0.000000 0.000000 0.000000 1.000000 0.000000 0.000000
14.000000 151.198020 0.693824 4.157493 0.532499 0.000000 0.000000 0.000000 1.000000 0.000000 0.000000
14.000000 151.205072 0.663410 4.170949 0.531272 0.000000 0.000000 0.000000 1.000000 0.000000 0.000000
14.000000 151.207990 0.617133 4.182001 0.527649 0.000000 0.000000 0.000000 1.000000 0.000000 0.000000
14.000000 151.214984 0.664736 4.161026 0.528009 0.000000 0.000000 0.000000 1.000000 0.000000 0.000000
14.000000 151.217982 0.684760 4.156156 0.532118 0.000000 0.000000 0.000000 1.000000 0.000000 0.000000
14.000000 151.225084 0.614763 4.188069 0.506588 0.000000 0.000000 0.000000 1.000000 0.000000 0.000000
14.000000 151.228328 0.707397 4.166093 0.506482 0.000000 0.000000 0.000000 1.000000 0.000000 0.000000
14.000000 151.235031 0.714634 4.163212 0.499913 0.000000 0.000000 0.000000 1.000000 0.000000 0.000000
14.000000 151.238034 0.525281 4.208925 0.473592 0.000000 0.000000 0.000000 1.000000 0.000000 0.000000
14.000000 151.245070 0.599397 4.175828 0.486309 0.000000 0.000000 0.000000 1.000000 0.000000 0.000000
14.000000 151.248071 0.521863 4.195036 0.459851 0.000000 0.000000 0.000000 1.000000 0.000000 0.000000
14.000000 151.255025 0.582648 4.167904 0.471002 0.000000 0.000000 0.000000 1.000000 0.000000 0.000000
14.000000 151.257985 0.531762 4.179840 0.471588 0.000000 0.000000 0.000000 1.000000 0.000000 0.000000
14.000000 151.265136 0.539423 4.176961 0.460237 0.000000 0.000000 0.000000 1.000000 0.000000 0.000000
14.000000 151.267969 0.504211 4.185943 0.439589 0.000000 0.000000 0.000000 1.000000 0.000000 0.000000
14.000000 151.275075 0.419697 4.223831 0.419076 0.000000 0.000000 0.000000 1.000000 0.000000 0.000000
14.000000 151.278049 0.391859 4.230793 0.407736 0.000000 0.000000 0.000000 1.000000 0.000000 0.000000
14.000000 151.286268 0.429009 4.214680 0.403808 0.000000 0.000000 0.000000 1.000000 0.000000 0.000000
14.000000 151.288022 0.430088 4.214661 0.396629 0.000000 0.000000 0.000000 1.000000 0.000000 0.000000
14.000000 151.294916 0.550677 4.161386 0.407520 0.000000 0.000000 0.000000 1.000000 0.000000 0.000000
14.000000 151.308017 0.327948 4.243424 0.351457 0.000000 0.000000 0.000000 1.000000 0.000000 0.000000
14.000000 151.314992 0.394413 4.214645 0.344550 0.000000 0.000000 0.000000 1.000000 0.000000 0.000000
14.000000 151.317991 0.811551 4.115022 0.384464 0.000000 0.000000 0.000000 1.000000 0.000000 0.000000
14.000000 151.325062 0.865502 4.091148 0.387215 0.000000 0.000000 0.000000 1.000000 0.000000 0.000000
14.000000 151.327999 0.295670 4.227658 0.313248 0.000000 0.000000 0.000000 1.000000 0.000000 0.000000
14.000000 151.335042 0.342902 4.207030 0.313762 0.000000 0.000000 0.000000 1.000000 0.000000 0.000000
14.000000 151.338053 0.329999 4.210929 0.289320 0.000000 0.000000 0.000000 1.000000 0.000000 0.000000
14.000000 151.345008 0.309088 4.220653 0.275157 0.000000 0.000000 0.000000 1.000000 0.000000 0.000000
14.000000 151.348078 0.691477 4.129411 0.317860 0.000000 0.000000 0.000000 1.000000 0.000000 0.000000
14.000000 151.355022 0.652244 4.147284 0.302304 0.000000 0.000000 0.000000 1.000000 0.000000 0.000000
14.000000 151.358041 0.700803 4.136300 0.292817 0.000000 0.000000 0.000000 1.000000 0.000000 0.000000
14.000000 151.365062 0.749867 4.115177 0.282420 0.000000 0.000000 0.000000 1.000000 0.000000 0.000000
14.000000 151.368068 0.238215 4.237883 0.208622 0.000000 0.000000 0.000000 1.000000 0.000000 0.000000
14.000000 151.375009 0.224349 4.244116 0.204107 0.000000 0.000000 0.000000 1.000000 0.000000 0.000000
14.000000 151.378048 0.074327 4.280769 0.166426 0.000000 0.000000 0.000000 1.000000 0.000000 0.000000
14.000000 151.385082 0.118250 4.262297 0.152757 0.000000 0.000000 0.000000 1.000000 0.000000 0.000000
14.000000 151.388056 0.200019 4.243188 0.150465 0.000000 0.000000 0.000000 1.000000 0.000000 0.000000
14.000000 151.395001 0.166082 4.258815 0.130732 0.000000 0.000000 0.000000 1.000000 0.000000 0.000000
14.000000 151.398185 -0.259602 4.361063 0.064862 0.000000 0.000000 0.000000 1.000000 0.000000 0.000000
14.000000 151.405017 -0.148465 4.312712 0.070742 0.000000 0.000000 0.000000 1.000000 0.000000 0.000000
14.000000 151.408091 0.158310 4.240148 0.088890 0.000000 0.000000 0.000000 1.000000 0.000000 0.000000
