14.000000 155.816676 23.359974 -0.215995 0.247353 0.000000 0.000000 0.000000 1.000000 0.000000 0.000000
14.000000 155.825685 23.489982 -0.178059 0.266132 0.000000 0.000000 0.000000 1.000000 0.000000 0.000000
14.000000 155.826784 23.468258 -0.171631 0.306397 0.000000 0.000000 0.000000 1.000000 0.000000 0.000000
14.000000 155.835774 23.348395 -0.207786 0.370429 0.000000 0.000000 0.000000 1.000000 0.000000 0.000000
14.000000 155.836670 23.303380 -0.196373 0.380934 0.000000 0.000000 0.000000 1.000000 0.000000 0.000000
14.000000 155.839530 23.177084 -0.233208 0.411443 0.000000 0.000000 0.000000 1.000000 0.000000 0.000000
14.000000 155.845851 23.309834 -0.234115 0.447408 0.000000 0.000000 0.000000 1.000000 0.000000 0.000000
14.000000 155.846745 23.182273 -0.202353 0.479446 0.000000 0.000000 0.000000 1.000000 0.000000 0.000000
14.000000 155.849478 23.044961 -0.242687 0.498587 0.000000 0.000000 0.000000 1.000000 0.000000 0.000000
14.000000 155.855861 23.187830 -0.244455 0.527906 0.000000 0.000000 0.000000 1.000000 0.000000 0.000000
14.000000 155.856685 23.030979 -0.205084 0.578809 0.000000 0.000000 0.000000 1.000000 0.000000 0.000000
14.000000 155.859517 22.843077 -0.260695 0.621090 0.000000 0.000000 0.000000 1.000000 0.000000 0.000000
14.000000 155.865983 23.174742 -0.263173 0.612631 0.000000 0.000000 0.000000 1.000000 0.000000 0.000000
14.000000 155.866763 22.895802 -0.192165 0.665657 0.000000 0.000000 0.000000 1.000000 0.000000 0.000000
14.000000 155.869500 22.688424 -0.254094 0.719813 0.000000 0.000000 0.000000 1.000000 0.000000 0.000000
14.000000 155.875888 23.016086 -0.256974 0.732382 0.000000 0.000000 0.000000 1.000000 0.000000 0.000000
14.000000 155.876785 22.741529 -0.187521 0.776645 0.000000 0.000000 0.000000 1.000000 0.000000 0.000000
14.000000 155.879515 22.544084 -0.246359 0.804622 0.000000 0.000000 0.000000 1.000000 0.000000 0.000000
14.000000 155.885814 22.781357 -0.248139 0.823550 0.000000 0.000000 0.000000 1.000000 0.000000 0.000000
14.000000 155.886919 22.606597 -0.203721 0.849886 0.000000 0.000000 0.000000 1.000000 0.000000 0.000000
14.000000 155.889484 22.435864 -0.254777 0.876144 0.000000 0.000000 0.000000 1.000000 0.000000 0.000000
14.000000 155.895880 22.664441 -0.256624 0.892866 0.000000 0.000000 0.000000 1.000000 0.000000 0.000000
14.000000 155.896775 22.458114 -0.203589 0.931390 0.000000 0.000000 0.000000 1.000000 0.000000 0.000000
14.000000 155.899547 22.279054 -0.257631 0.958309 0.000000 0.000000 0.000000 1.000000 0.000000 0.000000
14.000000 155.902816 22.117002 -0.242855 1.002080 0.000000 0.000000 0.000000 1.000000 0.000000 0.000000
14.000000 155.905844 22.181346 -0.202506 1.042242 0.000000 0.000000 0.000000 1.000000 0.000000 0.000000
14.000000 155.906802 22.379997 -0.207851 0.998921 0.000000 0.000000 0.000000 1.000000 0.000000 0.000000
14.000000 155.909507 22.295703 -0.232923 1.021424 0.000000 0.000000 0.000000 1.000000 0.000000 0.000000
14.000000 155.912839 22.018043 -0.234066 1.088507 0.000000 0.000000 0.000000 1.000000 0.000000 0.000000
14.000000 155.915925 22.080253 -0.210237 1.116544 0.000000 0.000000 0.000000 1.000000 0.000000 0.000000
14.000000 155.916730 22.214675 -0.198633 1.085210 0.000000 0.000000 0.000000 1.000000 0.000000 0.000000
14.000000 155.919484 22.131145 -0.223747 1.101613 0.000000 0.000000 0.000000 1.000000 0.000000 0.000000
14.000000 155.922748 21.903821 -0.224766 1.153323 0.000000 0.000000 0.000000 1.000000 0.000000 0.000000
14.000000 155.925817 21.969740 -0.207223 1.182068 0.000000 0.000000 0.000000 1.000000 0.000000 0.000000
14.000000 155.926835 22.086536 -0.196700 1.162358 0.000000 0.000000 0.000000 1.000000 0.000000 0.000000
14.000000 155.929538 21.979326 -0.229417 1.183721 0.000000 0.000000 0.000000 1.000000 0.000000 0.000000
14.000000 155.932733 21.798854 -0.228868 1.222311 0.000000 0.000000 0.000000 1.000000 0.000000 0.000000
14.000000 155.935949 21.889006 -0.218733 1.261254 0.000000 0.000000 0.000000 1.000000 0.000000 0.000000
14.000000 155.936744 21.967441 -0.200031 1.239137 0.000000 0.000000 0.000000 1.000000 0.000000 0.000000
14.000000 155.939653 21.862273 -0.232125 1.256708 0.000000 0.000000 0.000000 1.000000 0.000000 0.000000
14.000000 155.942870 21.701965 -0.233142 1.295309 0.000000 0.000000 0.000000 1.000000 0.000000 0.000000
14.000000 155.945884 21.770997 -0.216079 1.323043 0.000000 0.000000 0.000000 1.000000 0.000000 0.000000
14.000000 155.946815 21.840271 -0.193829 1.307662 0.000000 0.000000 0.000000 1.000000 0.000000 0.000000
14.000000 155.949665 21.693364 -0.239174 1.331176 0.000000 0.000000 0.000000 1.000000 0.000000 0.000000
14.000000 155.952798 21.596768 -0.239364 1.357795 0.000000 0.000000 0.000000 1.000000 0.000000 0.000000
14.000000 155.955914 21.646208 -0.220971 1.377212 0.000000 0.000000 0.000000 1.000000 0.000000 0.000000
14.000000 155.956773 21.741120 -0.212183 1.357077 0.000000 0.000000 0.000000 1.000000 0.000000 0.000000
14.000000 155.959862 21.689265 -0.227925 1.375956 0.000000 0.000000 0.000000 1.000000 0.000000 0.000000
14.000000 155.962839 21.490261 -0.229670 1.421054 0.000000 0.000000 0.000000 1.000000 0.000000 0.000000
14.000000 155.965875 21.578653 -0.222723 1.453061 0.000000 0.000000 0.000000 1.000000 0.000000 0.000000
14.000000 155.966859 21.610645 -0.193839 1.441068 0.000000 0.000000 0.000000 1.000000 0.000000 0.000000
14.000000 155.969777 21.520397 -0.221795 1.457309 0.000000 0.000000 0.000000 1.000000 0.000000 0.000000
14.000000 155.972810 21.387481 -0.227160 1.485315 0.000000 0.000000 0.000000 1.000000 0.000000 0.000000
14.000000 155.975934 21.500747 -0.231864 1.523211 0.000000 0.000000 0.000000 1.000000 0.000000 0.000000
14.000000 155.976772 21.490955 -0.192896 1.510884 0.000000 0.000000 0.000000 1.000000 0.000000 0.000000
14.000000 155.979794 21.399423 -0.221308 1.524401 0.000000 0.000000 0.000000 1.000000 0.000000 0.000000
14.000000 155.982786 21.290124 -0.230125 1.549616 0.000000 0.000000 0.000000 1.000000 0.000000 0.000000
14.000000 155.985905 21.398660 -0.234403 1.581882 0.000000 0.000000 0.000000 1.000000 0.000000 0.000000
14.000000 155.986810 21.382809 -0.191863 1.573950 0.000000 0.000000 0.000000 1.000000 0.000000 0.000000
14.000000 155.989743 21.300328 -0.217550 1.591166 0.000000 0.000000 0.000000 1.000000 0.000000 0.000000
14.000000 155.992796 21.196334 -0.227324 1.615826 0.000000 0.000000 0.000000 1.000000 0.000000 0.000000
14.000000 155.995920 21.312900 -0.236399 1.648580 0.000000 0.000000 0.000000 1.000000 0.000000 0.000000
14.000000 155.996729 21.271456 -0.188598 1.640030 0.000000 0.000000 0.000000 1.000000 0.000000 0.000000
14.000000 155.999760 21.173916 -0.219149 1.656324 0.000000 0.000000 0.000000 1.000000 0.000000 0.000000
14.000000 156.002789 21.092112 -0.228683 1.679092 0.000000 0.000000 0.000000 1.000000 0.000000 0.000000
14.000000 156.005966 21.207660 -0.239225 1.709952 0.000000 0.000000 0.000000 1.000000 0.000000 0.000000
14.000000 156.006819 21.203071 -0.203892 1.696093 0.000000 0.000000 0.000000 1.000000 0.000000 0.000000
14.000000 156.009743 21.167376 -0.214845 1.702137 0.000000 0.000000 0.000000 1.000000 0.000000 0.000000
14.000000 156.012769 20.978989 -0.225219 1.733112 0.000000 0.000000 0.000000 1.000000 0.000000 0.000000
14.000000 156.015980 21.118986 -0.246514 1.769173 0.000000 0.000000 0.000000 1.000000 0.000000 0.000000
14.000000 156.016722 21.023209 -0.188412 1.766674 0.000000 0.000000 0.000000 1.000000 0.000000 0.000000
14.000000 156.019878 20.930124 -0.217872 1.779943 0.000000 0.000000 0.000000 1.000000 0.000000 0.000000
14.000000 156.022908 20.885761 -0.228097 1.794864 0.000000 0.000000 0.000000 1.000000 0.000000 0.000000
14.000000 156.025966 21.034422 -0.250599 1.832500 0.000000 0.000000 0.000000 1.000000 0.000000 0.000000
14.000000 156.026842 20.914244 -0.186068 1.831716 0.000000 0.000000 0.000000 1.000000 0.000000 0.000000
14.000000 156.027067 20.620547 -0.259507 1.826365 0.000000 0.000000 0.000000 1.000000 0.000000 0.000000
14.000000 156.029650 20.670437 -0.206787 1.844241 0.000000 0.000000 0.000000 1.000000 0.000000 0.000000
14.000000 156.032802 20.779134 -0.226623 1.849938 0.000000 0.000000 0.000000 1.000000 0.000000 0.000000
14.000000 156.035939 20.936540 -0.252818 1.891027 0.000000 0.000000 0.000000 1.000000 0.000000 0.000000
14.000000 156.036700 20.790410 -0.186207 1.891734 0.000000 0.000000 0.000000 1.000000 0.000000 0.000000
14.000000 156.037079 20.540204 -0.246989 1.881292 0.000000 0.000000 0.000000 1.000000 0.000000 0.000000
14.000000 156.039824 20.580632 -0.204059 1.898088 0.000000 0.000000 0.000000 1.000000 0.000000 0.000000
14.000000 156.042922 20.670117 -0.227226 1.905295 0.000000 0.000000 0.000000 1.000000 0.000000 0.000000
14.000000 156.045847 20.828269 -0.259043 1.942695 0.000000 0.000000 0.000000 1.000000 0.000000 0.000000
14.000000 156.046820 20.660339 -0.189023 1.948878 0.000000 0.000000 0.000000 1.000000 0.000000 0.000000
14.000000 156.047060 20.438023 -0.239189 1.936636 0.000000 0.000000 0.000000 1.000000 0.000000 0.000000
14.000000 156.049738 20.474859 -0.199670 1.954873 0.000000 0.000000 0.000000 1.000000 0.000000 0.000000
14.000000 156.052901 20.574570 -0.227065 1.964489 0.000000 0.000000 0.000000 1.000000 0.000000 0.000000
14.000000 156.055938 20.720663 -0.261781 1.995486 0.000000 0.000000 0.000000 1.000000 0.000000 0.000000
14.000000 156.056745 20.582432 -0.204683 1.984357 0.000000 0.000000 0.000000 1.000000 0.000000 0.000000
14.000000 156.057132 20.248589 -0.294415 1.973964 0.000000 0.000000 0.000000 1.000000 0.000000 0.000000
14.000000 156.059667 20.363157 -0.196423 2.012660 0.000000 0.000000 0.000000 1.000000 0.000000 0.000000
14.000000 156.062868 20.463826 -0.223399 2.016688 0.000000 0.000000 0.000000 1.000000 0.000000 0.000000
14.000000 156.066131 20.653504 -0.277474 2.056696 0.000000 0.000000 0.000000 1.000000 0.000000 0.000000
14.000000 156.066869 20.413201 -0.196770 2.068937 0.000000 0.000000 0.000000 1.000000 0.000000 0.000000
14.000000 156.067229 20.196163 -0.245682 2.054759 0.000000 0.000000 0.000000 1.000000 0.000000 0.000000
14.000000 156.069601 20.243687 -0.195501 2.070123 0.000000 0.000000 0.000000 1.000000 0.000000 0.000000
14.000000 156.073009 20.359312 -0.221703 2.072428 0.000000 0.000000 0.000000 1.000000 0.000000 0.000000
14.000000 156.076092 20.569973 -0.278320 2.115913 0.000000 0.000000 0.000000 1.000000 0.000000 0.000000
14.000000 156.076531 20.242407 -0.167882 2.154131 0.000000 0.000000 0.000000 1.000000 0.000000 0.000000
14.000000 156.076773 20.269416 -0.195694 2.141348 0.000000 0.000000 0.000000 1.000000 0.000000 0.000000
14.000000 156.077075 20.110952 -0.232655 2.109786 0.000000 0.000000 0.000000 1.000000 0.000000 0.000000
14.000000 156.079674 20.136472 -0.199333 2.118824 0.000000 0.000000 0.000000 1.000000 0.000000 0.000000
14.000000 156.082915 20.258973 -0.222557 2.122572 0.000000 0.000000 0.000000 1.000000 0.000000 0.000000
14.000000 156.085904 20.454751 -0.273055 2.162446 0.000000 0.000000 0.000000 1.000000 0.000000 0.000000
14.000000 156.086419 20.124368 -0.160896 2.204009 0.000000 0.000000 0.000000 1.000000 0.000000 0.000000
14.000000 156.086855 20.162666 -0.197763 2.190088 0.000000 0.000000 0.000000 1.000000 0.000000 0.000000
14.000000 156.087135 19.968661 -0.251075 2.157574 0.000000 0.000000 0.000000 1.000000 0.000000 0.000000
14.000000 156.089611 20.025394 -0.196973 2.175646 0.000000 0.000000 0.000000 1.000000 0.000000 0.000000
14.000000 156.093008 20.161199 -0.222589 2.174875 0.000000 0.000000 0.000000 1.000000 0.000000 0.000000
14.000000 156.096181 20.371993 -0.279465 2.214116 0.000000 0.000000 0.000000 1.000000 0.000000 0.000000
14.000000 156.096581 20.000412 -0.155109 2.259061 0.000000 0.000000 0.000000 1.000000 0.000000 0.000000
14.000000 156.096825 20.045548 -0.197115 2.248263 0.000000 0.000000 0.000000 1.000000 0.000000 0.000000
14.000000 156.097130 19.858445 -0.247455 2.216204 0.000000 0.000000 0.000000 1.000000 0.000000 0.000000
14.000000 156.099715 19.911079 -0.195350 2.230396 0.000000 0.000000 0.000000 1.000000 0.000000 0.000000
14.000000 156.103095 20.061275 -0.220756 2.225703 0.000000 0.000000 0.000000 1.000000 0.000000 0.000000
14.000000 156.105839 20.290165 -0.287524 2.266987 0.000000 0.000000 0.000000 1.000000 0.000000 0.000000
14.000000 156.106475 19.890340 -0.159937 2.312868 0.000000 0.000000 0.000000 1.000000 0.000000 0.000000
14.000000 156.107032 19.937006 -0.202522 2.305140 0.000000 0.000000 0.000000 1.000000 0.000000 0.000000
14.000000 156.107233 19.748591 -0.248656 2.273166 0.000000 0.000000 0.000000 1.000000 0.000000 0.000000
14.000000 156.109637 19.789256 -0.200570 2.279002 0.000000 0.000000 0.000000 1.000000 0.000000 0.000000
14.000000 156.112881 19.960820 -0.223922 2.272004 0.000000 0.000000 0.000000 1.000000 0.000000 0.000000
14.000000 156.115948 20.192257 -0.292539 2.313330 0.000000 0.000000 0.000000 1.000000 0.000000 0.000000
14.000000 156.116528 19.776634 -0.161279 2.363505 0.000000 0.000000 0.000000 1.000000 0.000000 0.000000
14.000000 156.116963 19.810958 -0.190525 2.354324 0.000000 0.000000 0.000000 1.000000 0.000000 0.000000
14.000000 156.117431 19.645696 -0.233252 2.322212 0.000000 0.000000 0.000000 1.000000 0.000000 0.000000
14.000000 156.119701 19.675164 -0.198588 2.330179 0.000000 0.000000 0.000000 1.000000 0.000000 0.000000
14.000000 156.123065 19.867630 -0.224678 2.321127 0.000000 0.000000 0.000000 1.000000 0.000000 0.000000
14.000000 156.125890 20.112558 -0.295012 2.361323 0.000000 0.000000 0.000000 1.000000 0.000000 0.000000
14.000000 156.126425 19.649267 -0.146990 2.414352 0.000000 0.000000 0.000000 1.000000 0.000000 0.000000
14.000000 156.126859 19.699234 -0.190777 2.403804 0.000000 0.000000 0.000000 1.000000 0.000000 0.000000
14.000000 156.127097 19.541850 -0.234055 2.369241 0.000000 0.000000 0.000000 1.000000 0.000000 0.000000
14.000000 156.129602 19.577752 -0.196685 2.378933 0.000000 0.000000 0.000000 1.000000 0.000000 0.000000
14.000000 156.133058 19.747624 -0.224229 2.368542 0.000000 0.000000 0.000000 1.000000 0.000000 0.000000
14.000000 156.135923 20.003315 -0.303127 2.407371 0.000000 0.000000 0.000000 1.000000 0.000000 0.000000
14.000000 156.136600 19.545981 -0.158391 2.462242 0.000000 0.000000 0.000000 1.000000 0.000000 0.000000
14.000000 156.136889 19.586487 -0.191128 2.453891 0.000000 0.000000 0.000000 1.000000 0.000000 0.000000
14.000000 156.137200 19.427929 -0.233501 2.419837 0.000000 0.000000 0.000000 1.000000 0.000000 0.000000
14.000000 156.139777 19.466536 -0.192944 2.428195 0.000000 0.000000 0.000000 1.000000 0.000000 0.000000
14.000000 156.142939 19.674171 -0.226111 2.409253 0.000000 0.000000 0.000000 1.000000 0.000000 0.000000
14.000000 156.145850 19.969824 -0.318201 2.449540 0.000000 0.000000 0.000000 1.000000 0.000000 0.000000
14.000000 156.146629 19.411281 -0.143602 2.508956 0.000000 0.000000 0.000000 1.000000 0.000000 0.000000
14.000000 156.147014 19.471731 -0.196179 2.496738 0.000000 0.000000 0.000000 1.000000 0.000000 0.000000
14.000000 156.147142 19.288799 -0.249172 2.462282 0.000000 0.000000 0.000000 1.000000 0.000000 0.000000
14.000000 156.149670 19.349925 -0.193558 2.473984 0.000000 0.000000 0.000000 1.000000 0.000000 0.000000
14.000000 156.152894 19.548684 -0.219738 2.458124 0.000000 0.000000 0.000000 1.000000 0.000000 0.000000
14.000000 156.155970 19.785294 -0.306333 2.491314 0.000000 0.000000 0.000000 1.000000 0.000000 0.000000
14.000000 156.156659 19.335743 -0.176327 2.544851 0.000000 0.000000 0.000000 1.000000 0.000000 0.000000
14.000000 156.156962 19.364320 -0.199584 2.528661 0.000000 0.000000 0.000000 1.000000 0.000000 0.000000
14.000000 156.159727 19.372365 -0.204817 2.510520 0.000000 0.000000 0.000000 1.000000 0.000000 0.000000
14.000000 156.162942 19.447231 -0.223090 2.504326 0.000000 0.000000 0.000000 1.000000 0.000000 0.000000
14.000000 156.165830 19.707744 -0.309681 2.539051 0.000000 0.000000 0.000000 1.000000 0.000000 0.000000
14.000000 156.166447 19.205235 -0.158324 2.596247 0.000000 0.000000 0.000000 1.000000 0.000000 0.000000
14.000000 156.167042 19.247970 -0.190910 2.591970 0.000000 0.000000 0.000000 1.000000 0.000000 0.000000
14.000000 156.167118 19.105462 -0.228954 2.562907 0.000000 0.000000 0.000000 1.000000 0.000000 0.000000
14.000000 156.169675 19.137101 -0.193860 2.566054 0.000000 0.000000 0.000000 1.000000 0.000000 0.000000
14.000000 156.173032 19.342367 -0.219409 2.546541 0.000000 0.000000 0.000000 1.000000 0.000000 0.000000
14.000000 156.175866 19.647064 -0.320222 2.588032 0.000000 0.000000 0.000000 1.000000 0.000000 0.000000
14.000000 156.176571 19.092907 -0.158225 2.646217 0.000000 0.000000 0.000000 1.000000 0.000000 0.000000
14.000000 156.176802 19.130672 -0.188943 2.635007 0.000000 0.000000 0.000000 1.000000 0.000000 0.000000
14.000000 156.177150 18.996624 -0.227087 2.604532 0.000000 0.000000 0.000000 1.000000 0.000000 0.000000
14.000000 156.179753 19.025369 -0.195972 2.607486 0.000000 0.000000 0.000000 1.000000 0.000000 0.000000
14.000000 156.183031 19.234869 -0.220436 2.586325 0.000000 0.000000 0.000000 1.000000 0.000000 0.000000
14.000000 156.185893 19.551847 -0.323871 2.628552 0.000000 0.000000 0.000000 1.000000 0.000000 0.000000
14.000000 156.186555 18.973174 -0.154277 2.689298 0.000000 0.000000 0.000000 1.000000 0.000000 0.000000
14.000000 156.186975 19.020345 -0.191115 2.682903 0.000000 0.000000 0.000000 1.000000 0.000000 0.000000
14.000000 156.187172 18.891068 -0.223421 2.650489 0.000000 0.000000 0.000000 1.000000 0.000000 0.000000
14.000000 156.189663 18.904099 -0.199309 2.648219 0.000000 0.000000 0.000000 1.000000 0.000000 0.000000
14.000000 156.193100 19.129931 -0.223409 2.628070 0.000000 0.000000 0.000000 1.000000 0.000000 0.000000
14.000000 156.195846 19.471261 -0.332156 2.673706 0.000000 0.000000 0.000000 1.000000 0.000000 0.000000
14.000000 156.196697 18.861713 -0.154746 2.735075 0.000000 0.000000 0.000000 1.000000 0.000000 0.000000
14.000000 156.196852 18.906344 -0.190986 2.721714 0.000000 0.000000 0.000000 1.000000 0.000000 0.000000
14.000000 156.197161 18.764890 -0.231999 2.688724 0.000000 0.000000 0.000000 1.000000 0.000000 0.000000
14.000000 156.199755 18.806924 -0.192092 2.693747 0.000000 0.000000 0.000000 1.000000 0.000000 0.000000
14.000000 156.203121 19.029485 -0.219163 2.669837 0.000000 0.000000 0.000000 1.000000 0.000000 0.000000
14.000000 156.206015 19.361186 -0.331979 2.709441 0.000000 0.000000 0.000000 1.000000 0.000000 0.000000
14.000000 156.206572 18.764694 -0.160481 2.770928 0.000000 0.000000 0.000000 1.000000 0.000000 0.000000
14.000000 156.206981 18.813410 -0.199323 2.756724 0.000000 0.000000 0.000000 1.000000 0.000000 0.000000
14.000000 156.207111 18.615890 -0.256063 2.721482 0.000000 0.000000 0.000000 1.000000 0.000000 0.000000
14.000000 156.209642 18.685088 -0.195063 2.730360 0.000000 0.000000 0.000000 1.000000 0.000000 0.000000
14.000000 156.213002 18.936222 -0.223034 2.708490 0.000000 0.000000 0.000000 1.000000 0.000000 0.000000
14.000000 156.215893 19.293305 -0.351939 2.754169 0.000000 0.000000 0.000000 1.000000 0.000000 0.000000
14.000000 156.216764 18.653444 -0.178566 2.818949 0.000000 0.000000 0.000000 1.000000 0.000000 0.000000
14.000000 156.216791 18.674052 -0.194530 2.805624 0.000000 0.000000 0.000000 1.000000 0.000000 0.000000
14.000000 156.217205 18.562654 -0.220222 2.770489 0.000000 0.000000 0.000000 1.000000 0.000000 0.000000
14.000000 156.219759 18.586449 -0.189098 2.770825 0.000000 0.000000 0.000000 1.000000 0.000000 0.000000
14.000000 156.223157 18.823025 -0.217647 2.747789 0.000000 0.000000 0.000000 1.000000 0.000000 0.000000
14.000000 156.225904 19.155228 -0.335293 2.784763 0.000000 0.000000 0.000000 1.000000 0.000000 0.000000
14.000000 156.226566 18.521657 -0.157050 2.848736 0.000000 0.000000 0.000000 1.000000 0.000000 0.000000
14.000000 156.226832 18.569287 -0.192923 2.841729 0.000000 0.000000 0.000000 1.000000 0.000000 0.000000
14.000000 156.227146 18.444638 -0.225297 2.811513 0.000000 0.000000 0.000000 1.000000 0.000000 0.000000
14.000000 156.229709 18.474388 -0.192484 2.813498 0.000000 0.000000 0.000000 1.000000 0.000000 0.000000
14.000000 156.232975 18.764291 -0.219988 2.785780 0.000000 0.000000 0.000000 1.000000 0.000000 0.000000
14.000000 156.235966 19.096730 -0.339746 2.822972 0.000000 0.000000 0.000000 1.000000 0.000000 0.000000
14.000000 156.236693 18.391015 -0.144450 2.889183 0.000000 0.000000 0.000000 1.000000 0.000000 0.000000
14.000000 156.236801 18.452614 -0.192942 2.880262 0.000000 0.000000 0.000000 1.000000 0.000000 0.000000
14.000000 156.237156 18.340150 -0.220277 2.847972 0.000000 0.000000 0.000000 1.000000 0.000000 0.000000
14.000000 156.239768 18.362335 -0.191447 2.847958 0.000000 0.000000 0.000000 1.000000 0.000000 0.000000
14.000000 156.243137 18.660071 -0.221915 2.817072 0.000000 0.000000 0.000000 1.000000 0.000000 0.000000
14.000000 156.245931 19.018464 -0.355150 2.855792 0.000000 0.000000 0.000000 1.000000 0.000000 0.000000
14.000000 156.246487 18.292233 -0.156251 2.927194 0.000000 0.000000 0.000000 1.000000 0.000000 0.000000
14.000000 156.246907 18.343366 -0.194560 2.919491 0.000000 0.000000 0.000000 1.000000 0.000000 0.000000
14.000000 156.247149 18.232774 -0.220257 2.886393 0.000000 0.000000 0.000000 1.000000 0.000000 0.000000
14.000000 156.249713 18.253025 -0.190794 2.882980 0.000000 0.000000 0.000000 1.000000 0.000000 0.000000
14.000000 156.252969 18.535148 -0.217739 2.853514 0.000000 0.000000 0.000000 1.000000 0.000000 0.000000
14.000000 156.255884 18.830610 -0.346128 2.888301 0.000000 0.000000 0.000000 1.000000 0.000000 0.000000
14.000000 156.256738 18.266768 -0.203841 2.958593 0.000000 0.000000 0.000000 1.000000 0.000000 0.000000
14.000000 156.256845 18.268658 -0.201134 2.943713 0.000000 0.000000 0.000000 1.000000 0.000000 0.000000
14.000000 156.257182 18.048127 -0.265290 2.908563 0.000000 0.000000 0.000000 1.000000 0.000000 0.000000
14.000000 156.259793 18.139672 -0.189906 2.916450 0.000000 0.000000 0.000000 1.000000 0.000000 0.000000
14.000000 156.263064 18.432430 -0.218417 2.889028 0.000000 0.000000 0.000000 1.000000 0.000000 0.000000
14.000000 156.265950 18.694038 -0.333779 2.916080 0.000000 0.000000 0.000000 1.000000 0.000000 0.000000
14.000000 156.266482 18.082356 -0.168772 2.994434 0.000000 0.000000 0.000000 1.000000 0.000000 0.000000
14.000000 156.266889 18.122275 -0.190812 2.992271 0.000000 0.000000 0.000000 1.000000 0.000000 0.000000
14.000000 156.267212 18.014939 -0.217944 2.954580 0.000000 0.000000 0.000000 1.000000 0.000000 0.000000
14.000000 156.269670 18.032832 -0.191525 2.951926 0.000000 0.000000 0.000000 1.000000 0.000000 0.000000
14.000000 156.272961 18.346228 -0.217967 2.920578 0.000000 0.000000 0.000000 1.000000 0.000000 0.000000
14.000000 156.275983 18.667552 -0.343700 2.955215 0.000000 0.000000 0.000000 1.000000 0.000000 0.000000
14.000000 156.276633 17.935798 -0.143524 3.034285 0.000000 0.000000 0.000000 1.000000 0.000000 0.000000
14.000000 156.276767 18.007991 -0.194147 3.025336 0.000000 0.000000 0.000000 1.000000 0.000000 0.000000
14.000000 156.277195 17.886669 -0.229557 2.987903 0.000000 0.000000 0.000000 1.000000 0.000000 0.000000
14.000000 156.279801 17.925128 -0.193073 2.989304 0.000000 0.000000 0.000000 1.000000 0.000000 0.000000
14.000000 156.283127 18.237484 -0.220526 2.955541 0.000000 0.000000 0.000000 1.000000 0.000000 0.000000
14.000000 156.285942 18.570591 -0.348323 2.988828 0.000000 0.000000 0.000000 1.000000 0.000000 0.000000
14.000000 156.286487 17.831925 -0.143947 3.067783 0.000000 0.000000 0.000000 1.000000 0.000000 0.000000
14.000000 156.286909 17.907719 -0.196043 3.063505 0.000000 0.000000 0.000000 1.000000 0.000000 0.000000
14.000000 156.287179 17.798176 -0.219672 3.023228 0.000000 0.000000 0.000000 1.000000 0.000000 0.000000
14.000000 156.289658 17.807187 -0.195208 3.018774 0.000000 0.000000 0.000000 1.000000 0.000000 0.000000
14.000000 156.292956 18.154867 -0.223797 2.987531 0.000000 0.000000 0.000000 1.000000 0.000000 0.000000
14.000000 156.296011 18.495776 -0.357194 3.023713 0.000000 0.000000 0.000000 1.000000 0.000000 0.000000
14.000000 156.296606 17.728217 -0.149412 3.103276 0.000000 0.000000 0.000000 1.000000 0.000000 0.000000
14.000000 156.296787 17.795912 -0.197468 3.091000 0.000000 0.000000 0.000000 1.000000 0.000000 0.000000
14.000000 156.297300 17.666901 -0.231890 3.051253 0.000000 0.000000 0.000000 1.000000 0.000000 0.000000
14.000000 156.299815 17.700468 -0.194953 3.049892 0.000000 0.000000 0.000000 1.000000 0.000000 0.000000
14.000000 156.303075 18.033287 -0.221900 3.017306 0.000000 0.000000 0.000000 1.000000 0.000000 0.000000
14.000000 156.305930 18.290506 -0.338908 3.044379 0.000000 0.000000 0.000000 1.000000 0.000000 0.000000
14.000000 156.306470 17.636760 -0.166309 3.121674 0.000000 0.000000 0.000000 1.000000 0.000000 0.000000
14.000000 156.306904 17.694884 -0.205009 3.109244 0.000000 0.000000 0.000000 1.000000 0.000000 0.000000
14.000000 156.307191 17.497384 -0.264008 3.070921 0.000000 0.000000 0.000000 1.000000 0.000000 0.000000
14.000000 156.309698 17.579859 -0.196941 3.074689 0.000000 0.000000 0.000000 1.000000 0.000000 0.000000
14.000000 156.312980 17.915892 -0.222432 3.043190 0.000000 0.000000 0.000000 1.000000 0.000000 0.000000
14.000000 156.315906 18.213696 -0.345677 3.076169 0.000000 0.000000 0.000000 1.000000 0.000000 0.000000
14.000000 156.316760 17.523716 -0.160761 3.155393 0.000000 0.000000 0.000000 1.000000 0.000000 0.000000
14.000000 156.316794 17.580933 -0.197407 3.150915 0.000000 0.000000 0.000000 1.000000 0.000000 0.000000
14.000000 156.317183 17.489534 -0.212913 3.110634 0.000000 0.000000 0.000000 1.000000 0.000000 0.000000
14.000000 156.319953 17.476179 -0.200187 3.102801 0.000000 0.000000 0.000000 1.000000 0.000000 0.000000
14.000000 156.323053 17.846189 -0.225856 3.073304 0.000000 0.000000 0.000000 1.000000 0.000000 0.000000
14.000000 156.325946 18.109602 -0.345828 3.105898 0.000000 0.000000 0.000000 1.000000 0.000000 0.000000
14.000000 156.326519 17.418608 -0.166470 3.185379 0.000000 0.000000 0.000000 1.000000 0.000000 0.000000
14.000000 156.326934 17.467380 -0.197937 3.178650 0.000000 0.000000 0.000000 1.000000 0.000000 0.000000
14.000000 156.327170 17.358300 -0.222538 3.143549 0.000000 0.000000 0.000000 1.000000 0.000000 0.000000
14.000000 156.329729 17.367582 -0.196817 3.133069 0.000000 0.000000 0.000000 1.000000 0.000000 0.000000
14.000000 156.333068 17.702571 -0.219747 3.097803 0.000000 0.000000 0.000000 1.000000 0.000000 0.000000
14.000000 156.335923 18.001714 -0.343859 3.132495 0.000000 0.000000 0.000000 1.000000 0.000000 0.000000
14.000000 156.336719 17.309740 -0.162649 3.206272 0.000000 0.000000 0.000000 1.000000 0.000000 0.000000
14.000000 156.336842 17.361132 -0.198494 3.194904 0.000000 0.000000 0.000000 1.000000 0.000000 0.000000
14.000000 156.337203 17.222548 -0.236298 3.164297 0.000000 0.000000 0.000000 1.000000 0.000000 0.000000
14.000000 156.339848 17.262201 -0.194443 3.156341 0.000000 0.000000 0.000000 1.000000 0.000000 0.000000
14.000000 156.342969 17.600053 -0.215575 3.118584 0.000000 0.000000 0.000000 1.000000 0.000000 0.000000
14.000000 156.345956 17.889503 -0.339824 3.154721 0.000000 0.000000 0.000000 1.000000 0.000000 0.000000
14.000000 156.346529 17.202113 -0.163209 3.228749 0.000000 0.000000 0.000000 1.000000 0.000000 0.000000
14.000000 156.346898 17.261503 -0.204019 3.223584 0.000000 0.000000 0.000000 1.000000 0.000000 0.000000
14.000000 156.347224 17.137162 -0.231654 3.195571 0.000000 0.000000 0.000000 1.000000 0.000000 0.000000
14.000000 156.349859 17.166436 -0.190167 3.178428 0.000000 0.000000 0.000000 1.000000 0.000000 0.000000
14.000000 156.352967 17.454263 -0.208532 3.140170 0.000000 0.000000 0.000000 1.000000 0.000000 0.000000
14.000000 156.355984 17.765835 -0.337202 3.180354 0.000000 0.000000 0.000000 1.000000 0.000000 0.000000
14.000000 156.356698 17.124764 -0.173037 3.257482 0.000000 0.000000 0.000000 1.000000 0.000000 0.000000
14.000000 156.356959 17.167812 -0.200488 3.248124 0.000000 0.000000 0.000000 1.000000 0.000000 0.000000
14.000000 156.357759 17.011578 -0.242754 3.216337 0.000000 0.000000 0.000000 1.000000 0.000000 0.000000
14.000000 156.359895 17.036264 -0.205111 3.198864 0.000000 0.000000 0.000000 1.000000 0.000000 0.000000
14.000000 156.363168 17.400884 -0.219753 3.159153 0.000000 0.000000 0.000000 1.000000 0.000000 0.000000
14.000000 156.366174 17.621433 -0.326073 3.195790 0.000000 0.000000 0.000000 1.000000 0.000000 0.000000
14.000000 156.366645 16.962720 -0.157070 3.275221 0.000000 0.000000 0.000000 1.000000 0.000000 0.000000
14.000000 156.366945 17.032100 -0.202591 3.266281 0.000000 0.000000 0.000000 1.000000 0.000000 0.000000
14.000000 156.367224 16.856622 -0.250938 3.233476 0.000000 0.000000 0.000000 1.000000 0.000000 0.000000
14.000000 156.369799 16.897964 -0.202784 3.218467 0.000000 0.000000 0.000000 1.000000 0.000000 0.000000
14.000000 156.373137 17.313123 -0.215475 3.180236 0.000000 0.000000 0.000000 1.000000 0.000000 0.000000
14.000000 156.375956 17.480375 -0.312684 3.218094 0.000000 0.000000 0.000000 1.000000 0.000000 0.000000
14.000000 156.376779 16.857311 -0.160548 3.295874 0.000000 0.000000 0.000000 1.000000 0.000000 0.000000
14.000000 156.376860 16.919349 -0.201778 3.285941 0.000000 0.000000 0.000000 1.000000 0.000000 0.000000
14.000000 156.377210 16.781631 -0.243680 3.259958 0.000000 0.000000 0.000000 1.000000 0.000000 0.000000
14.000000 156.379899 16.830972 -0.196974 3.242417 0.000000 0.000000 0.000000 1.000000 0.000000 0.000000
14.000000 156.383359 17.153892 -0.207682 3.198248 0.000000 0.000000 0.000000 1.000000 0.000000 0.000000
14.000000 156.386019 17.358156 -0.305153 3.232928 0.000000 0.000000 0.000000 1.000000 0.000000 0.000000
14.000000 156.386717 16.716182 -0.138273 3.306653 0.000000 0.000000 0.000000 1.000000 0.000000 0.000000
14.000000 156.386985 16.805558 -0.198284 3.298334 0.000000 0.000000 0.000000 1.000000 0.000000 0.000000
14.000000 156.387466 16.664796 -0.243906 3.276051 0.000000 0.000000 0.000000 1.000000 0.000000 0.000000
14.000000 156.389818 16.730169 -0.192962 3.267345 0.000000 0.000000 0.000000 1.000000 0.000000 0.000000
14.000000 156.393153 17.048101 -0.207670 3.225541 0.000000 0.000000 0.000000 1.000000 0.000000 0.000000
14.000000 156.396044 17.170845 -0.293877 3.252092 0.000000 0.000000 0.000000 1.000000 0.000000 0.000000
14.000000 156.396762 16.652301 -0.170198 3.317968 0.000000 0.000000 0.000000 1.000000 0.000000 0.000000
14.000000 156.396844 16.689483 -0.195014 3.312793 0.000000 0.000000 0.000000 1.000000 0.000000 0.000000
14.000000 156.397629 16.572355 -0.230505 3.300037 0.000000 0.000000 0.000000 1.000000 0.000000 0.000000
14.000000 156.399913 16.607190 -0.195919 3.284678 0.000000 0.000000 0.000000 1.000000 0.000000 0.000000
14.000000 156.403129 16.940228 -0.207515 3.240344 0.000000 0.000000 0.000000 1.000000 0.000000 0.000000
14.000000 156.405943 17.030893 -0.281192 3.264736 0.000000 0.000000 0.000000 1.000000 0.000000 0.000000
14.000000 156.406964 16.626547 -0.191821 3.323673 0.000000 0.000000 0.000000 1.000000 0.000000 0.000000
14.000000 156.407214 16.473695 -0.228294 3.320062 0.000000 0.000000 0.000000 1.000000 0.000000 0.000000
14.000000 156.409965 16.499871 -0.187597 3.299143 0.000000 0.000000 0.000000 1.000000 0.000000 0.000000
14.000000 156.413029 16.841667 -0.200705 3.257140 0.000000 0.000000 0.000000 1.000000 0.000000 0.000000
14.000000 156.415967 16.928561 -0.279535 3.285106 0.000000 0.000000 0.000000 1.000000 0.000000 0.000000
14.000000 156.416947 16.518231 -0.193087 3.344656 0.000000 0.000000 0.000000 1.000000 0.000000 0.000000
14.000000 156.417208 16.350588 -0.237103 3.339588 0.000000 0.000000 0.000000 1.000000 0.000000 0.000000
14.000000 156.420027 16.376042 -0.197514 3.316243 0.000000 0.000000 0.000000 1.000000 0.000000 0.000000
14.000000 156.423234 16.731743 -0.206383 3.273662 0.000000 0.000000 0.000000 1.000000 0.000000 0.000000
14.000000 156.427009 16.520867 -0.159966 3.294710 0.000000 0.000000 0.000000 1.000000 0.000000 0.000000
14.000000 156.427258 16.237156 -0.244110 3.356279 0.000000 0.000000 0.000000 1.000000 0.000000 0.000000
14.000000 156.430081 16.304566 -0.193697 3.343639 0.000000 0.000000 0.000000 1.000000 0.000000 0.000000
14.000000 156.433265 16.644835 -0.205145 3.297138 0.000000 0.000000 0.000000 1.000000 0.000000 0.000000
14.000000 156.435986 16.670551 -0.269727 3.321378 0.000000 0.000000 0.000000 1.000000 0.000000 0.000000
14.000000 156.436860 16.307981 -0.196406 3.377559 0.000000 0.000000 0.000000 1.000000 0.000000 0.000000
14.000000 156.437281 16.104567 -0.259263 3.377075 0.000000 0.000000 0.000000 1.000000 0.000000 0.000000
14.000000 156.439996 16.197265 -0.188965 3.362991 0.000000 0.000000 0.000000 1.000000 0.000000 0.000000
14.000000 156.443230 16.574565 -0.197315 3.319471 0.000000 0.000000 0.000000 1.000000 0.000000 0.000000
14.000000 156.446023 16.483955 -0.237477 3.341013 0.000000 0.000000 0.000000 1.000000 0.000000 0.000000
14.000000 156.446936 16.210895 -0.195932 3.388570 0.000000 0.000000 0.000000 1.000000 0.000000 0.000000
14.000000 156.447297 15.987457 -0.267769 3.384951 0.000000 0.000000 0.000000 1.000000 0.000000 0.000000
14.000000 156.449856 16.105109 -0.184693 3.370955 0.000000 0.000000 0.000000 1.000000 0.000000 0.000000
14.000000 156.453116 16.422221 -0.194259 3.325154 0.000000 0.000000 0.000000 1.000000 0.000000 0.000000
14.000000 156.456073 16.329685 -0.247060 3.353424 0.000000 0.000000 0.000000 1.000000 0.000000 0.000000
14.000000 156.456879 16.063444 -0.217278 3.405923 0.000000 0.000000 0.000000 1.000000 0.000000 0.000000
14.000000 156.457299 15.843100 -0.279880 3.392929 0.000000 0.000000 0.000000 1.000000 0.000000 0.000000
14.000000 156.460008 15.969810 -0.185175 3.380269 0.000000 0.000000 0.000000 1.000000 0.000000 0.000000
14.000000 156.463074 16.314860 -0.195254 3.339964 0.000000 0.000000 0.000000 1.000000 0.000000 0.000000
14.000000 156.466970 16.091484 -0.149106 3.360498 0.000000 0.000000 0.000000 1.000000 0.000000 0.000000
14.000000 156.467245 15.846870 -0.213769 3.415476 0.000000 0.000000 0.000000 1.000000 0.000000 0.000000
14.000000 156.469898 15.848795 -0.193069 3.400681 0.000000 0.000000 0.000000 1.000000 0.000000 0.000000
14.000000 156.473045 16.332419 -0.206917 3.354013 0.000000 0.000000 0.000000 1.000000 0.000000 0.000000
14.000000 156.476187 16.163356 -0.234809 3.369545 0.000000 0.000000 0.000000 1.000000 0.000000 0.000000
14.000000 156.476935 15.874464 -0.186281 3.431214 0.000000 0.000000 0.000000 1.000000 0.000000 0.000000
14.000000 156.477244 15.733448 -0.227681 3.433739 0.000000 0.000000 0.000000 1.000000 0.000000 0.000000
14.000000 156.479971 15.766003 -0.192128 3.417288 0.000000 0.000000 0.000000 1.000000 0.000000 0.000000
14.000000 156.483313 16.185647 -0.205379 3.366840 0.000000 0.000000 0.000000 1.000000 0.000000 0.000000
14.000000 156.486139 16.010196 -0.233271 3.381300 0.000000 0.000000 0.000000 1.000000 0.000000 0.000000
14.000000 156.486965 15.722325 -0.183777 3.440386 0.000000 0.000000 0.000000 1.000000 0.000000 0.000000
14.000000 156.487276 15.657295 -0.202597 3.439395 0.000000 0.000000 0.000000 1.000000 0.000000 0.000000
14.000000 156.489928 15.666995 -0.186705 3.425180 0.000000 0.000000 0.000000 1.000000 0.000000 0.000000
14.000000 156.493201 16.084125 -0.199087 3.374760 0.000000 0.000000 0.000000 1.000000 0.000000 0.000000
14.000000 156.496248 15.968968 -0.238409 3.396074 0.000000 0.000000 0.000000 1.000000 0.000000 0.000000
14.000000 156.496884 15.670318 -0.185356 3.458800 0.000000 0.000000 0.000000 1.000000 0.000000 0.000000
14.000000 156.497261 15.553649 -0.216550 3.457970 0.000000 0.000000 0.000000 1.000000 0.000000 0.000000
14.000000 156.499936 15.567204 -0.188927 3.436742 0.000000 0.000000 0.000000 1.000000 0.000000 0.000000
14.000000 156.503146 15.991946 -0.199662 3.384638 0.000000 0.000000 0.000000 1.000000 0.000000 0.000000
14.000000 156.505990 15.888921 -0.250108 3.419001 0.000000 0.000000 0.000000 1.000000 0.000000 0.000000
14.000000 156.506971 15.538210 -0.188644 3.473777 0.000000 0.000000 0.000000 1.000000 0.000000 0.000000
14.000000 156.509867 15.526616 -0.193785 3.442872 0.000000 0.000000 0.000000 1.000000 0.000000 0.000000
14.000000 156.513098 15.918979 -0.207175 3.395934 0.000000 0.000000 0.000000 1.000000 0.000000 0.000000
14.000000 156.516072 15.698969 -0.223654 3.414053 0.000000 0.000000 0.000000 1.000000 0.000000 0.000000
14.000000 156.516964 15.460031 -0.188952 3.476199 0.000000 0.000000 0.000000 1.000000 0.000000 0.000000
14.000000 156.517282 15.369065 -0.205346 3.473738 0.000000 0.000000 0.000000 1.000000 0.000000 0.000000
14.000000 156.520007 15.349130 -0.190614 3.452484 0.000000 0.000000 0.000000 1.000000 0.000000 0.000000
14.000000 156.522999 15.809560 -0.202959 3.402186 0.000000 0.000000 0.000000 1.000000 0.000000 0.000000
14.000000 156.526990 15.497962 -0.143292 3.420717 0.000000 0.000000 0.000000 1.000000 0.000000 0.000000
14.000000 156.527551 15.198562 -0.232204 3.486719 0.000000 0.000000 0.000000 1.000000 0.000000 0.000000
14.000000 156.530095 15.244930 -0.186646 3.467249 0.000000 0.000000 0.000000 1.000000 0.000000 0.000000
14.000000 156.533021 15.691239 -0.193701 3.416994 0.000000 0.000000 0.000000 1.000000 0.000000 0.000000
14.000000 156.536901 15.396120 -0.136188 3.431650 0.000000 0.000000 0.000000 1.000000 0.000000 0.000000
14.000000 156.537270 15.107156 -0.227847 3.488978 0.000000 0.000000 0.000000 1.000000 0.000000 0.000000
14.000000 156.540239 15.159919 -0.182784 3.472074 0.000000 0.000000 0.000000 1.000000 0.000000 0.000000
14.000000 156.543140 15.569912 -0.194489 3.418013 0.000000 0.000000 0.000000 1.000000 0.000000 0.000000
14.000000 156.546018 15.379633 -0.220641 3.440067 0.000000 0.000000 0.000000 1.000000 0.000000 0.000000
14.000000 156.547066 15.137713 -0.184571 3.499240 0.000000 0.000000 0.000000 1.000000 0.000000 0.000000
14.000000 156.547274 15.006787 -0.223884 3.496435 0.000000 0.000000 0.000000 1.000000 0.000000 0.000000
14.000000 156.549828 15.039900 -0.187439 3.476326 0.000000 0.000000 0.000000 1.000000 0.000000 0.000000
14.000000 156.553109 15.481071 -0.192757 3.426268 0.000000 0.000000 0.000000 1.000000 0.000000 0.000000
14.000000 156.556141 15.226215 -0.200831 3.453604 0.000000 0.000000 0.000000 1.000000 0.000000 0.000000
14.000000 156.556928 15.048548 -0.187050 3.514792 0.000000 0.000000 0.000000 1.000000 0.000000 0.000000
14.000000 156.557319 15.013994 -0.179330 3.507757 0.000000 0.000000 0.000000 1.000000 0.000000 0.000000
14.000000 156.560076 14.937024 -0.189225 3.479590 0.000000 0.000000 0.000000 1.000000 0.000000 0.000000
14.000000 156.563136 15.389340 -0.198399 3.427487 0.000000 0.000000 0.000000 1.000000 0.000000 0.000000
14.000000 156.566073 15.034068 -0.184355 3.436680 0.000000 0.000000 0.000000 1.000000 0.000000 0.000000
14.000000 156.567032 14.923242 -0.186034 3.496070 0.000000 0.000000 0.000000 1.000000 0.000000 0.000000
14.000000 156.567273 14.803315 -0.210519 3.503788 0.000000 0.000000 0.000000 1.000000 0.000000 0.000000
14.000000 156.570030 14.789102 -0.187381 3.483439 0.000000 0.000000 0.000000 1.000000 0.000000 0.000000
14.000000 156.573159 15.281157 -0.197970 3.431851 0.000000 0.000000 0.000000 1.000000 0.000000 0.000000
14.000000 156.576928 14.966265 -0.140079 3.447206 0.000000 0.000000 0.000000 1.000000 0.000000 0.000000
14.000000 156.577307 14.742271 -0.203498 3.504843 0.000000 0.000000 0.000000 1.000000 0.000000 0.000000
14.000000 156.579979 14.742199 -0.181545 3.484471 0.000000 0.000000 0.000000 1.000000 0.000000 0.000000
14.000000 156.583294 15.158797 -0.190304 3.432980 0.000000 0.000000 0.000000 1.000000 0.000000 0.000000
14.000000 156.586057 14.827438 -0.185633 3.450445 0.000000 0.000000 0.000000 1.000000 0.000000 0.000000
14.000000 156.587004 14.702500 -0.186034 3.508534 0.000000 0.000000 0.000000 1.000000 0.000000 0.000000
14.000000 156.587323 14.611081 -0.208953 3.510489 0.000000 0.000000 0.000000 1.000000 0.000000 0.000000
14.000000 156.589955 14.615109 -0.185756 3.489260 0.000000 0.000000 0.000000 1.000000 0.000000 0.000000
14.000000 156.593189 15.060115 -0.192653 3.436016 0.000000 0.000000 0.000000 1.000000 0.000000 0.000000
14.000000 156.596034 14.712695 -0.178398 3.449495 0.000000 0.000000 0.000000 1.000000 0.000000 0.000000
14.000000 156.596952 14.616864 -0.183460 3.505868 0.000000 0.000000 0.000000 1.000000 0.000000 0.000000
14.000000 156.597296 14.552658 -0.193452 3.511171 0.000000 0.000000 0.000000 1.000000 0.000000 0.000000
14.000000 156.600123 14.519932 -0.186037 3.487805 0.000000 0.000000 0.000000 1.000000 0.000000 0.000000
14.000000 156.603227 14.948916 -0.192700 3.436069 0.000000 0.000000 0.000000 1.000000 0.000000 0.000000
14.000000 156.606054 14.643880 -0.185716 3.453254 0.000000 0.000000 0.000000 1.000000 0.000000 0.000000
14.000000 156.607077 14.538455 -0.186870 3.502648 0.000000 0.000000 0.000000 1.000000 0.000000 0.000000
14.000000 156.607443 14.365630 -0.231237 3.505017 0.000000 0.000000 0.000000 1.000000 0.000000 0.000000
14.000000 156.610034 14.400618 -0.179459 3.483820 0.000000 0.000000 0.000000 1.000000 0.000000 0.000000
14.000000 156.613056 14.819377 -0.184564 3.433017 0.000000 0.000000 0.000000 1.000000 0.000000 0.000000
14.000000 156.616132 14.504413 -0.177271 3.454609 0.000000 0.000000 0.000000 1.000000 0.000000 0.000000
14.000000 156.616932 14.425102 -0.189909 3.512662 0.000000 0.000000 0.000000 1.000000 0.000000 0.000000
14.000000 156.617447 14.459008 -0.146266 3.509063 0.000000 0.000000 0.000000 1.000000 0.000000 0.000000
14.000000 156.620000 14.304765 -0.184677 3.483889 0.000000 0.000000 0.000000 1.000000 0.000000 0.000000
14.000000 156.623330 14.773803 -0.194098 3.436726 0.000000 0.000000 0.000000 1.000000 0.000000 0.000000
14.000000 156.627046 14.461550 -0.137091 3.455791 0.000000 0.000000 0.000000 1.000000 0.000000 0.000000
14.000000 156.627333 14.325164 -0.164121 3.510771 0.000000 0.000000 0.000000 1.000000 0.000000 0.000000
14.000000 156.629894 14.234348 -0.182247 3.484454 0.000000 0.000000 0.000000 1.000000 0.000000 0.000000
14.000000 156.633330 14.639590 -0.189260 3.432561 0.000000 0.000000 0.000000 1.000000 0.000000 0.000000
14.000000 156.636047 14.294874 -0.180528 3.453017 0.000000 0.000000 0.000000 1.000000 0.000000 0.000000
14.000000 156.637002 14.187762 -0.183660 3.515689 0.000000 0.000000 0.000000 1.000000 0.000000 0.000000
14.000000 156.637400 14.321160 -0.112353 3.509541 0.000000 0.000000 0.000000 1.000000 0.000000 0.000000
14.000000 156.640122 14.128745 -0.182101 3.480372 0.000000 0.000000 0.000000 1.000000 0.000000 0.000000
14.000000 156.643255 14.547305 -0.190078 3.430496 0.000000 0.000000 0.000000 1.000000 0.000000 0.000000
14.000000 156.646051 14.200719 -0.182970 3.453606 0.000000 0.000000 0.000000 1.000000 0.000000 0.000000
14.000000 156.647041 14.093740 -0.187547 3.516632 0.000000 0.000000 0.000000 1.000000 0.000000 0.000000
14.000000 156.647627 14.175911 -0.136054 3.511859 0.000000 0.000000 0.000000 1.000000 0.000000 0.000000
14.000000 156.650035 14.031660 -0.178418 3.477507 0.000000 0.000000 0.000000 1.000000 0.000000 0.000000
14.000000 156.653173 14.406212 -0.181016 3.424347 0.000000 0.000000 0.000000 1.000000 0.000000 0.000000
14.000000 156.656335 14.079540 -0.168930 3.444841 0.000000 0.000000 0.000000 1.000000 0.000000 0.000000
14.000000 156.657166 14.034466 -0.190135 3.494594 0.000000 0.000000 0.000000 1.000000 0.000000 0.000000
14.000000 156.657398 13.964280 -0.190247 3.497032 0.000000 0.000000 0.000000 1.000000 0.000000 0.000000
14.000000 156.659976 13.889552 -0.186825 3.471167 0.000000 0.000000 0.000000 1.000000 0.000000 0.000000
14.000000 156.663278 14.346279 -0.189815 3.418380 0.000000 0.000000 0.000000 1.000000 0.000000 0.000000
14.000000 156.666088 13.978462 -0.171975 3.441798 0.000000 0.000000 0.000000 1.000000 0.000000 0.000000
14.000000 156.666657 13.825476 -0.159494 3.497138 0.000000 0.000000 0.000000 1.000000 0.000000 0.000000
14.000000 156.667054 13.881184 -0.192989 3.504670 0.000000 0.000000 0.000000 1.000000 0.000000 0.000000
14.000000 156.667342 14.078869 -0.086277 3.498592 0.000000 0.000000 0.000000 1.000000 0.000000 0.000000
14.000000 156.670017 13.821047 -0.177565 3.463512 0.000000 0.000000 0.000000 1.000000 0.000000 0.000000
14.000000 156.673153 14.221355 -0.183074 3.413225 0.000000 0.000000 0.000000 1.000000 0.000000 0.000000
14.000000 156.676168 13.914793 -0.178659 3.438004 0.000000 0.000000 0.000000 1.000000 0.000000 0.000000
14.000000 156.676770 13.706632 -0.142855 3.500493 0.000000 0.000000 0.000000 1.000000 0.000000 0.000000
14.000000 156.677093 13.807166 -0.199210 3.503637 0.000000 0.000000 0.000000 1.000000 0.000000 0.000000
14.000000 156.677547 13.899417 -0.131814 3.494967 0.000000 0.000000 0.000000 1.000000 0.000000 0.000000
14.000000 156.679995 13.708845 -0.182672 3.461368 0.000000 0.000000 0.000000 1.000000 0.000000 0.000000
14.000000 156.683300 14.130464 -0.186660 3.406605 0.000000 0.000000 0.000000 1.000000 0.000000 0.000000
14.000000 156.686281 13.804268 -0.180452 3.434086 0.000000 0.000000 0.000000 1.000000 0.000000 0.000000
14.000000 156.686730 13.626059 -0.154481 3.500613 0.000000 0.000000 0.000000 1.000000 0.000000 0.000000
14.000000 156.687105 13.709467 -0.199069 3.499862 0.000000 0.000000 0.000000 1.000000 0.000000 0.000000
14.000000 156.687348 13.841714 -0.108416 3.483333 0.000000 0.000000 0.000000 1.000000 0.000000 0.000000
14.000000 156.690023 13.601702 -0.175255 3.451550 0.000000 0.000000 0.000000 1.000000 0.000000 0.000000
14.000000 156.693137 14.100752 -0.176583 3.400336 0.000000 0.000000 0.000000 1.000000 0.000000 0.000000
14.000000 156.696183 13.656376 -0.149515 3.429665 0.000000 0.000000 0.000000 1.000000 0.000000 0.000000
14.000000 156.696726 13.499507 -0.137055 3.496653 0.000000 0.000000 0.000000 1.000000 0.000000 0.000000
14.000000 156.697060 13.608058 -0.196963 3.496162 0.000000 0.000000 0.000000 1.000000 0.000000 0.000000
14.000000 156.700126 13.655474 -0.177469 3.459492 0.000000 0.000000 0.000000 1.000000 0.000000 0.000000
14.000000 156.703146 14.068125 -0.185805 3.401829 0.000000 0.000000 0.000000 1.000000 0.000000 0.000000
14.000000 156.706275 13.504182 -0.136882 3.415691 0.000000 0.000000 0.000000 1.000000 0.000000 0.000000
14.000000 156.706665 13.394659 -0.128859 3.483214 0.000000 0.000000 0.000000 1.000000 0.000000 0.000000
14.000000 156.707111 13.489961 -0.173759 3.480257 0.000000 0.000000 0.000000 1.000000 0.000000 0.000000
14.000000 156.707375 13.640879 -0.097342 3.453107 0.000000 0.000000 0.000000 1.000000 0.000000 0.000000
14.000000 156.709884 13.440497 -0.169929 3.429114 0.000000 0.000000 0.000000 1.000000 0.000000 0.000000
14.000000 156.713086 13.904151 -0.173288 3.384080 0.000000 0.000000 0.000000 1.000000 0.000000 0.000000
14.000000 156.716275 13.369259 -0.129109 3.402036 0.000000 0.000000 0.000000 1.000000 0.000000 0.000000
14.000000 156.716925 13.313196 -0.142654 3.465702 0.000000 0.000000 0.000000 1.000000 0.000000 0.000000
14.000000 156.717054 13.402686 -0.184683 3.463365 0.000000 0.000000 0.000000 1.000000 0.000000 0.000000
14.000000 156.717450 13.571523 -0.087069 3.438280 0.000000 0.000000 0.000000 1.000000 0.000000 0.000000
14.000000 156.719968 13.329027 -0.167134 3.421202 0.000000 0.000000 0.000000 1.000000 0.000000 0.000000
14.000000 156.723217 13.808538 -0.178968 3.376271 0.000000 0.000000 0.000000 1.000000 0.000000 0.000000
14.000000 156.726141 13.359109 -0.158133 3.396241 0.000000 0.000000 0.000000 1.000000 0.000000 0.000000
14.000000 156.726730 13.262350 -0.163027 3.461435 0.000000 0.000000 0.000000 1.000000 0.000000 0.000000
14.000000 156.727064 13.301961 -0.181337 3.466732 0.000000 0.000000 0.000000 1.000000 0.000000 0.000000
14.000000 156.727378 13.564106 -0.046879 3.450159 0.000000 0.000000 0.000000 1.000000 0.000000 0.000000
14.000000 156.730078 13.240709 -0.168065 3.422216 0.000000 0.000000 0.000000 1.000000 0.000000 0.000000
14.000000 156.733167 13.780137 -0.178767 3.368518 0.000000 0.000000 0.000000 1.000000 0.000000 0.000000
14.000000 156.736122 13.232778 -0.143564 3.384155 0.000000 0.000000 0.000000 1.000000 0.000000 0.000000
14.000000 156.736751 13.132512 -0.146835 3.453054 0.000000 0.000000 0.000000 1.000000 0.000000 0.000000
14.000000 156.737211 13.195492 -0.176395 3.454667 0.000000 0.000000 0.000000 1.000000 0.000000 0.000000
14.000000 156.737472 13.371150 -0.088709 3.436909 0.000000 0.000000 0.000000 1.000000 0.000000 0.000000
14.000000 156.740018 13.155116 -0.168601 3.410862 0.000000 0.000000 0.000000 1.000000 0.000000 0.000000
14.000000 156.743247 13.635574 -0.180054 3.353292 0.000000 0.000000 0.000000 1.000000 0.000000 0.000000
14.000000 156.746154 13.221507 -0.168640 3.373140 0.000000 0.000000 0.000000 1.000000 0.000000 0.000000
14.000000 156.746750 13.022519 -0.135281 3.444918 0.000000 0.000000 0.000000 1.000000 0.000000 0.000000
14.000000 156.747360 13.072358 -0.159700 3.428886 0.000000 0.000000 0.000000 1.000000 0.000000 0.000000
14.000000 156.747395 13.321783 -0.069893 3.423084 0.000000 0.000000 0.000000 1.000000 0.000000 0.000000
14.000000 156.750055 13.146946 -0.166511 3.406275 0.000000 0.000000 0.000000 1.000000 0.000000 0.000000
14.000000 156.753197 13.538072 -0.180042 3.342304 0.000000 0.000000 0.000000 1.000000 0.000000 0.000000
14.000000 156.756206 13.087933 -0.156415 3.355682 0.000000 0.000000 0.000000 1.000000 0.000000 0.000000
14.000000 156.756793 12.883408 -0.113073 3.424352 0.000000 0.000000 0.000000 1.000000 0.000000 0.000000
14.000000 156.757004 13.038765 -0.190715 3.431595 0.000000 0.000000 0.000000 1.000000 0.000000 0.000000
14.000000 156.757469 13.362600 -0.017483 3.406685 0.000000 0.000000 0.000000 1.000000 0.000000 0.000000
14.000000 156.760116 12.943901 -0.166821 3.375642 0.000000 0.000000 0.000000 1.000000 0.000000 0.000000
14.000000 156.763240 13.441615 -0.172065 3.329669 0.000000 0.000000 0.000000 1.000000 0.000000 0.000000
14.000000 156.766162 12.839779 -0.118940 3.341333 0.000000 0.000000 0.000000 1.000000 0.000000 0.000000
14.000000 156.766751 12.754947 -0.111442 3.411598 0.000000 0.000000 0.000000 1.000000 0.000000 0.000000
14.000000 156.767085 12.907942 -0.176129 3.420593 0.000000 0.000000 0.000000 1.000000 0.000000 0.000000
14.000000 156.767403 13.203639 -0.020298 3.390644 0.000000 0.000000 0.000000 1.000000 0.000000 0.000000
14.000000 156.769961 12.807793 -0.163325 3.361147 0.000000 0.000000 0.000000 1.000000 0.000000 0.000000
14.000000 156.773224 13.314372 -0.172660 3.310194 0.000000 0.000000 0.000000 1.000000 0.000000 0.000000
14.000000 156.776141 12.796075 -0.142297 3.328791 0.000000 0.000000 0.000000 1.000000 0.000000 0.000000
14.000000 156.776771 12.733564 -0.149853 3.400995 0.000000 0.000000 0.000000 1.000000 0.000000 0.000000
14.000000 156.777199 12.810631 -0.177068 3.405673 0.000000 0.000000 0.000000 1.000000 0.000000 0.000000
14.000000 156.777446 13.058513 -0.053664 3.379066 0.000000 0.000000 0.000000 1.000000 0.000000 0.000000
14.000000 156.780044 12.759267 -0.165212 3.348715 0.000000 0.000000 0.000000 1.000000 0.000000 0.000000
14.000000 156.783308 13.251652 -0.174524 3.291947 0.000000 0.000000 0.000000 1.000000 0.000000 0.000000
14.000000 156.786161 12.754188 -0.147118 3.306071 0.000000 0.000000 0.000000 1.000000 0.000000 0.000000
14.000000 156.786775 12.531124 -0.095388 3.382076 0.000000 0.000000 0.000000 1.000000 0.000000 0.000000
14.000000 156.787158 12.696375 -0.174225 3.388660 0.000000 0.000000 0.000000 1.000000 0.000000 0.000000
14.000000 156.787615 12.931209 -0.060837 3.363163 0.000000 0.000000 0.000000 1.000000 0.000000 0.000000
14.000000 156.789958 12.669406 -0.159017 3.329453 0.000000 0.000000 0.000000 1.000000 0.000000 0.000000
14.000000 156.793148 13.106241 -0.160797 3.276664 0.000000 0.000000 0.000000 1.000000 0.000000 0.000000
14.000000 156.796227 12.579157 -0.122750 3.293606 0.000000 0.000000 0.000000 1.000000 0.000000 0.000000
14.000000 156.796808 12.448390 -0.104222 3.363262 0.000000 0.000000 0.000000 1.000000 0.000000 0.000000
14.000000 156.797007 12.604176 -0.175239 3.370858 0.000000 0.000000 0.000000 1.000000 0.000000 0.000000
14.000000 156.797485 12.870480 -0.043231 3.343752 0.000000 0.000000 0.000000 1.000000 0.000000 0.000000
14.000000 156.800077 12.557255 -0.159552 3.309655 0.000000 0.000000 0.000000 1.000000 0.000000 0.000000
14.000000 156.803569 13.004344 -0.161718 3.258399 0.000000 0.000000 0.000000 1.000000 0.000000 0.000000
14.000000 156.806171 12.501107 -0.125901 3.275034 0.000000 0.000000 0.000000 1.000000 0.000000 0.000000
14.000000 156.806760 12.422602 -0.129696 3.336298 0.000000 0.000000 0.000000 1.000000 0.000000 0.000000
14.000000 156.807235 12.530892 -0.179552 3.341156 0.000000 0.000000 0.000000 1.000000 0.000000 0.000000
14.000000 156.807429 12.845982 -0.009838 3.316359 0.000000 0.000000 0.000000 1.000000 0.000000 0.000000
14.000000 156.810090 12.433357 -0.154515 3.285826 0.000000 0.000000 0.000000 1.000000 0.000000 0.000000
14.000000 156.813299 12.892652 -0.157348 3.240602 0.000000 0.000000 0.000000 1.000000 0.000000 0.000000
14.000000 156.816184 12.363700 -0.116906 3.257490 0.000000 0.000000 0.000000 1.000000 0.000000 0.000000
14.000000 156.816893 12.280171 -0.116808 3.321084 0.000000 0.000000 0.000000 1.000000 0.000000 0.000000
14.000000 156.817234 12.403760 -0.171531 3.328327 0.000000 0.000000 0.000000 1.000000 0.000000 0.000000
14.000000 156.817511 12.696673 -0.026762 3.300641 0.000000 0.000000 0.000000 1.000000 0.000000 0.000000
14.000000 156.820108 12.346712 -0.160431 3.268997 0.000000 0.000000 0.000000 1.000000 0.000000 0.000000
14.000000 156.823177 12.839943 -0.163474 3.220466 0.000000 0.000000 0.000000 1.000000 0.000000 0.000000
14.000000 156.826171 12.299144 -0.119636 3.233248 0.000000 0.000000 0.000000 1.000000 0.000000 0.000000
14.000000 156.826840 12.146472 -0.092662 3.298198 0.000000 0.000000 0.000000 1.000000 0.000000 0.000000
14.000000 156.827139 12.317355 -0.173930 3.306394 0.000000 0.000000 0.000000 1.000000 0.000000 0.000000
14.000000 156.827420 12.548909 -0.056152 3.283727 0.000000 0.000000 0.000000 1.000000 0.000000 0.000000
14.000000 156.830010 12.259101 -0.160413 3.251191 0.000000 0.000000 0.000000 1.000000 0.000000 0.000000
14.000000 156.833327 12.717181 -0.158334 3.201081 0.000000 0.000000 0.000000 1.000000 0.000000 0.000000
14.000000 156.836226 12.181458 -0.111796 3.214776 0.000000 0.000000 0.000000 1.000000 0.000000 0.000000
14.000000 156.836947 12.029006 -0.087029 3.276427 0.000000 0.000000 0.000000 1.000000 0.000000 0.000000
14.000000 156.837020 12.211090 -0.177440 3.281811 0.000000 0.000000 0.000000 1.000000 0.000000 0.000000
14.000000 156.837475 12.418162 -0.073630 3.258094 0.000000 0.000000 0.000000 1.000000 0.000000 0.000000
14.000000 156.840074 12.169454 -0.162496 3.226404 0.000000 0.000000 0.000000 1.000000 0.000000 0.000000
14.000000 156.843226 12.547908 -0.164768 3.175882 0.000000 0.000000 0.000000 1.000000 0.000000 0.000000
14.000000 156.846153 12.134751 -0.140425 3.188289 0.000000 0.000000 0.000000 1.000000 0.000000 0.000000
14.000000 156.846716 11.958645 -0.096762 3.250627 0.000000 0.000000 0.000000 1.000000 0.000000 0.000000
14.000000 156.847147 12.120407 -0.170528 3.261289 0.000000 0.000000 0.000000 1.000000 0.000000 0.000000
14.000000 156.847671 12.347188 -0.056180 3.239980 0.000000 0.000000 0.000000 1.000000 0.000000 0.000000
14.000000 156.850007 12.062796 -0.158504 3.204332 0.000000 0.000000 0.000000 1.000000 0.000000 0.000000
14.000000 156.853279 12.442349 -0.160901 3.151471 0.000000 0.000000 0.000000 1.000000 0.000000 0.000000
14.000000 156.856166 12.017062 -0.138769 3.165879 0.000000 0.000000 0.000000 1.000000 0.000000 0.000000
14.000000 156.856902 11.931227 -0.128899 3.226359 0.000000 0.000000 0.000000 1.000000 0.000000 0.000000
14.000000 156.857029 12.042830 -0.173050 3.228647 0.000000 0.000000 0.000000 1.000000 0.000000 0.000000
14.000000 156.857506 12.255914 -0.051394 3.206578 0.000000 0.000000 0.000000 1.000000 0.000000 0.000000
14.000000 156.859987 11.929946 -0.156365 3.177658 0.000000 0.000000 0.000000 1.000000 0.000000 0.000000
14.000000 156.863268 12.354607 -0.155375 3.128258 0.000000 0.000000 0.000000 1.000000 0.000000 0.000000
14.000000 156.866169 11.840978 -0.116655 3.142730 0.000000 0.000000 0.000000 1.000000 0.000000 0.000000
14.000000 156.866771 11.816669 -0.133956 3.199428 0.000000 0.000000 0.000000 1.000000 0.000000 0.000000
14.000000 156.867146 11.922107 -0.173458 3.207209 0.000000 0.000000 0.000000 1.000000 0.000000 0.000000
14.000000 156.867422 12.165834 -0.038972 3.187131 0.000000 0.000000 0.000000 1.000000 0.000000 0.000000
14.000000 156.869989 11.814553 -0.157051 3.154822 0.000000 0.000000 0.000000 1.000000 0.000000 0.000000
14.000000 156.873252 12.265960 -0.156007 3.102850 0.000000 0.000000 0.000000 1.000000 0.000000 0.000000
14.000000 156.876166 11.807824 -0.121676 3.115316 0.000000 0.000000 0.000000 1.000000 0.000000 0.000000
14.000000 156.876893 11.662957 -0.092045 3.174919 0.000000 0.000000 0.000000 1.000000 0.000000 0.000000
14.000000 156.877046 11.832642 -0.169834 3.185211 0.000000 0.000000 0.000000 1.000000 0.000000 0.000000
14.000000 156.877511 12.037981 -0.067299 3.163144 0.000000 0.000000 0.000000 1.000000 0.000000 0.000000
14.000000 156.880046 11.776463 -0.161522 3.128019 0.000000 0.000000 0.000000 1.000000 0.000000 0.000000
14.000000 156.883264 12.158868 -0.161399 3.075852 0.000000 0.000000 0.000000 1.000000 0.000000 0.000000
14.000000 156.886188 11.740721 -0.135599 3.086966 0.000000 0.000000 0.000000 1.000000 0.000000 0.000000
14.000000 156.886801 11.568575 -0.095814 3.147085 0.000000 0.000000 0.000000 1.000000 0.000000 0.000000
14.000000 156.887115 11.730620 -0.172352 3.155062 0.000000 0.000000 0.000000 1.000000 0.000000 0.000000
14.000000 156.887467 11.935020 -0.064733 3.133762 0.000000 0.000000 0.000000 1.000000 0.000000 0.000000
14.000000 156.889939 11.654246 -0.162221 3.102766 0.000000 0.000000 0.000000 1.000000 0.000000 0.000000
14.000000 156.893245 12.052419 -0.165409 3.050493 0.000000 0.000000 0.000000 1.000000 0.000000 0.000000
14.000000 156.896242 11.638639 -0.141807 3.058769 0.000000 0.000000 0.000000 1.000000 0.000000 0.000000
14.000000 156.896953 11.479752 -0.102070 3.117940 0.000000 0.000000 0.000000 1.000000 0.000000 0.000000
14.000000 156.897101 11.637453 -0.171297 3.129959 0.000000 0.000000 0.000000 1.000000 0.000000 0.000000
14.000000 156.897532 11.864533 -0.053526 3.108418 0.000000 0.000000 0.000000 1.000000 0.000000 0.000000
14.000000 156.900080 11.560097 -0.161557 3.073750 0.000000 0.000000 0.000000 1.000000 0.000000 0.000000
14.000000 156.903284 11.955260 -0.160154 3.023922 0.000000 0.000000 0.000000 1.000000 0.000000 0.000000
14.000000 156.906239 11.494975 -0.125040 3.031004 0.000000 0.000000 0.000000 1.000000 0.000000 0.000000
14.000000 156.906795 11.376751 -0.102211 3.085462 0.000000 0.000000 0.000000 1.000000 0.000000 0.000000
14.000000 156.907335 11.531776 -0.170306 3.096427 0.000000 0.000000 0.000000 1.000000 0.000000 0.000000
14.000000 156.907483 11.762912 -0.042834 3.076482 0.000000 0.000000 0.000000 1.000000 0.000000 0.000000
14.000000 156.909993 11.433093 -0.153375 3.044481 0.000000 0.000000 0.000000 1.000000 0.000000 0.000000
14.000000 156.913265 11.875576 -0.149323 2.993190 0.000000 0.000000 0.000000 1.000000 0.000000 0.000000
14.000000 156.916284 11.385666 -0.109043 3.003057 0.000000 0.000000 0.000000 1.000000 0.000000 0.000000
14.000000 156.916983 11.271805 -0.093279 3.059307 0.000000 0.000000 0.000000 1.000000 0.000000 0.000000
14.000000 156.917179 11.440494 -0.169874 3.071774 0.000000 0.000000 0.000000 1.000000 0.000000 0.000000
14.000000 156.917524 11.716736 -0.025108 3.044826 0.000000 0.000000 0.000000 1.000000 0.000000 0.000000
14.000000 156.920041 11.356525 -0.153908 3.009150 0.000000 0.000000 0.000000 1.000000 0.000000 0.000000
14.000000 156.923313 11.734994 -0.154569 2.962440 0.000000 0.000000 0.000000 1.000000 0.000000 0.000000
14.000000 156.926280 11.339159 -0.131131 2.973263 0.000000 0.000000 0.000000 1.000000 0.000000 0.000000
14.000000 156.926942 11.201247 -0.102397 3.029738 0.000000 0.000000 0.000000 1.000000 0.000000 0.000000
14.000000 156.927158 11.349230 -0.169237 3.037741 0.000000 0.000000 0.000000 1.000000 0.000000 0.000000
14.000000 156.927465 11.514049 -0.081331 3.018488 0.000000 0.000000 0.000000 1.000000 0.000000 0.000000
14.000000 156.929964 11.267627 -0.163020 2.985044 0.000000 0.000000 0.000000 1.000000 0.000000 0.000000
14.000000 156.933249 11.666622 -0.154138 2.933504 0.000000 0.000000 0.000000 1.000000 0.000000 0.000000
14.000000 156.936362 11.206805 -0.114543 2.943368 0.000000 0.000000 0.000000 1.000000 0.000000 0.000000
14.000000 156.936928 11.127219 -0.111365 2.993254 0.000000 0.000000 0.000000 1.000000 0.000000 0.000000
14.000000 156.937113 11.245322 -0.163631 3.003687 0.000000 0.000000 0.000000 1.000000 0.000000 0.000000
14.000000 156.937538 11.413010 -0.078202 2.986073 0.000000 0.000000 0.000000 1.000000 0.000000 0.000000
14.000000 156.940144 11.181187 -0.158905 2.950863 0.000000 0.000000 0.000000 1.000000 0.000000 0.000000
14.000000 156.943315 11.553812 -0.151251 2.899898 0.000000 0.000000 0.000000 1.000000 0.000000 0.000000
14.000000 156.946221 11.108780 -0.117457 2.910705 0.000000 0.000000 0.000000 1.000000 0.000000 0.000000
14.000000 156.946842 11.037918 -0.120058 2.961176 0.000000 0.000000 0.000000 1.000000 0.000000 0.000000
14.000000 156.947155 11.145746 -0.168109 2.969466 0.000000 0.000000 0.000000 1.000000 0.000000 0.000000
14.000000 156.947460 11.313545 -0.074678 2.953842 0.000000 0.000000 0.000000 1.000000 0.000000 0.000000
14.000000 156.949979 11.063801 -0.153049 2.919369 0.000000 0.000000 0.000000 1.000000 0.000000 0.000000
14.000000 156.953260 11.410450 -0.148657 2.865109 0.000000 0.000000 0.000000 1.000000 0.000000 0.000000
14.000000 156.956216 11.003544 -0.127071 2.876604 0.000000 0.000000 0.000000 1.000000 0.000000 0.000000
14.000000 156.956989 10.964852 -0.132849 2.926855 0.000000 0.000000 0.000000 1.000000 0.000000 0.000000
14.000000 156.957063 11.059814 -0.163071 2.933974 0.000000 0.000000 0.000000 1.000000 0.000000 0.000000
14.000000 156.957509 11.255254 -0.058519 2.911627 0.000000 0.000000 0.000000 1.000000 0.000000 0.000000
14.000000 156.960119 10.978860 -0.153726 2.880374 0.000000 0.000000 0.000000 1.000000 0.000000 0.000000
14.000000 156.963321 11.371999 -0.146952 2.832820 0.000000 0.000000 0.000000 1.000000 0.000000 0.000000
14.000000 156.966233 10.881190 -0.107299 2.841854 0.000000 0.000000 0.000000 1.000000 0.000000 0.000000
14.000000 156.966849 10.853976 -0.124533 2.890292 0.000000 0.000000 0.000000 1.000000 0.000000 0.000000
14.000000 156.967286 10.962466 -0.165655 2.900276 0.000000 0.000000 0.000000 1.000000 0.000000 0.000000
14.000000 156.967474 11.124614 -0.070197 2.887486 0.000000 0.000000 0.000000 1.000000 0.000000 0.000000
14.000000 156.970026 10.851445 -0.153511 2.854725 0.000000 0.000000 0.000000 1.000000 0.000000 0.000000
14.000000 156.973388 11.227292 -0.146836 2.799876 0.000000 0.000000 0.000000 1.000000 0.000000 0.000000
14.000000 156.976251 10.826121 -0.118423 2.806226 0.000000 0.000000 0.000000 1.000000 0.000000 0.000000
14.000000 156.976916 10.716227 -0.099599 2.856808 0.000000 0.000000 0.000000 1.000000 0.000000 0.000000
14.000000 156.977068 10.860886 -0.163763 2.867678 0.000000 0.000000 0.000000 1.000000 0.000000 0.000000
14.000000 156.977563 11.007898 -0.084062 2.850257 0.000000 0.000000 0.000000 1.000000 0.000000 0.000000
14.000000 156.980201 10.795941 -0.151660 2.818416 0.000000 0.000000 0.000000 1.000000 0.000000 0.000000
14.000000 156.983324 11.145751 -0.140966 2.768363 0.000000 0.000000 0.000000 1.000000 0.000000 0.000000
14.000000 156.986248 10.704362 -0.105063 2.775553 0.000000 0.000000 0.000000 1.000000 0.000000 0.000000
14.000000 156.986856 10.658638 -0.118693 2.820451 0.000000 0.000000 0.000000 1.000000 0.000000 0.000000
14.000000 156.987248 10.762334 -0.165276 2.830470 0.000000 0.000000 0.000000 1.000000 0.000000 0.000000
14.000000 156.987508 10.905017 -0.089016 2.814702 0.000000 0.000000 0.000000 1.000000 0.000000 0.000000
14.000000 156.989991 10.691784 -0.157030 2.778528 0.000000 0.000000 0.000000 1.000000 0.000000 0.000000
14.000000 156.993258 11.033686 -0.139873 2.728696 0.000000 0.000000 0.000000 1.000000 0.000000 0.000000
14.000000 156.996265 10.609691 -0.101293 2.739220 0.000000 0.000000 0.000000 1.000000 0.000000 0.000000
14.000000 156.996896 10.569706 -0.115539 2.782921 0.000000 0.000000 0.000000 1.000000 0.000000 0.000000
14.000000 156.997185 10.682362 -0.164561 2.793355 0.000000 0.000000 0.000000 1.000000 0.000000 0.000000
14.000000 156.997846 10.827532 -0.086570 2.776385 0.000000 0.000000 0.000000 1.000000 0.000000 0.000000
14.000000 157.000091 10.608308 -0.156304 2.739864 0.000000 0.000000 0.000000 1.000000 0.000000 0.000000
14.000000 157.003393 10.930563 -0.141845 2.689794 0.000000 0.000000 0.000000 1.000000 0.000000 0.000000
14.000000 157.006365 10.505071 -0.106017 2.696467 0.000000 0.000000 0.000000 1.000000 0.000000 0.000000
14.000000 157.006847 10.460153 -0.111576 2.740381 0.000000 0.000000 0.000000 1.000000 0.000000 0.000000
14.000000 157.007238 10.585546 -0.159809 2.754080 0.000000 0.000000 0.000000 1.000000 0.000000 0.000000
14.000000 157.007511 10.780604 -0.049922 2.734725 0.000000 0.000000 0.000000 1.000000 0.000000 0.000000
14.000000 157.009994 10.469809 -0.154318 2.701419 0.000000 0.000000 0.000000 1.000000 0.000000 0.000000
14.000000 157.013324 10.874347 -0.140699 2.653560 0.000000 0.000000 0.000000 1.000000 0.000000 0.000000
14.000000 157.016283 10.368576 -0.089099 2.656075 0.000000 0.000000 0.000000 1.000000 0.000000 0.000000
14.000000 157.016997 10.325195 -0.097230 2.700349 0.000000 0.000000 0.000000 1.000000 0.000000 0.000000
14.000000 157.017212 10.491631 -0.165114 2.715393 0.000000 0.000000 0.000000 1.000000 0.000000 0.000000
14.000000 157.017544 10.662624 -0.060906 2.699995 0.000000 0.000000 0.000000 1.000000 0.000000 0.000000
14.000000 157.020083 10.365065 -0.149428 2.666580 0.000000 0.000000 0.000000 1.000000 0.000000 0.000000
14.000000 157.023342 10.778450 -0.134654 2.609149 0.000000 0.000000 0.000000 1.000000 0.000000 0.000000
14.000000 157.026350 10.314470 -0.091895 2.612772 0.000000 0.000000 0.000000 1.000000 0.000000 0.000000
14.000000 157.026852 10.231122 -0.087145 2.662098 0.000000 0.000000 0.000000 1.000000 0.000000 0.000000
14.000000 157.027305 10.398698 -0.160509 2.676097 0.000000 0.000000 0.000000 1.000000 0.000000 0.000000
14.000000 157.027491 10.526395 -0.090814 2.658165 0.000000 0.000000 0.000000 1.000000 0.000000 0.000000
14.000000 157.030016 10.318557 -0.154876 2.622889 0.000000 0.000000 0.000000 1.000000 0.000000 0.000000
14.000000 157.033313 10.625095 -0.136746 2.574573 0.000000 0.000000 0.000000 1.000000 0.000000 0.000000
14.000000 157.036296 10.219677 -0.098703 2.579183 0.000000 0.000000 0.000000 1.000000 0.000000 0.000000
14.000000 157.036963 10.154586 -0.099456 2.622274 0.000000 0.000000 0.000000 1.000000 0.000000 0.000000
14.000000 157.037203 10.303845 -0.165578 2.633826 0.000000 0.000000 0.000000 1.000000 0.000000 0.000000
14.000000 157.037577 10.435875 -0.089189 2.616072 0.000000 0.000000 0.000000 1.000000 0.000000 0.000000
14.000000 157.040137 10.201653 -0.158976 2.581533 0.000000 0.000000 0.000000 1.000000 0.000000 0.000000
14.000000 157.043358 10.525278 -0.143126 2.529967 0.000000 0.000000 0.000000 1.000000 0.000000 0.000000
14.000000 157.046275 10.160815 -0.114816 2.538756 0.000000 0.000000 0.000000 1.000000 0.000000 0.000000
14.000000 157.046882 10.100258 -0.117321 2.583236 0.000000 0.000000 0.000000 1.000000 0.000000 0.000000
14.000000 157.047287 10.204734 -0.161846 2.588038 0.000000 0.000000 0.000000 1.000000 0.000000 0.000000
14.000000 157.047492 10.314986 -0.098466 2.569721 0.000000 0.000000 0.000000 1.000000 0.000000 0.000000
14.000000 157.050043 10.103049 -0.161964 2.538537 0.000000 0.000000 0.000000 1.000000 0.000000 0.000000
14.000000 157.053487 10.441847 -0.138442 2.491091 0.000000 0.000000 0.000000 1.000000 0.000000 0.000000
14.000000 157.056275 10.026234 -0.098524 2.504853 0.000000 0.000000 0.000000 1.000000 0.000000 0.000000
14.000000 157.056986 10.080646 -0.153147 2.537645 0.000000 0.000000 0.000000 1.000000 0.000000 0.000000
14.000000 157.057105 10.122296 -0.163948 2.535942 0.000000 0.000000 0.000000 1.000000 0.000000 0.000000
14.000000 157.057585 10.279300 -0.061403 2.517836 0.000000 0.000000 0.000000 1.000000 0.000000 0.000000
14.000000 157.060093 9.976088 -0.149763 2.492818 0.000000 0.000000 0.000000 1.000000 0.000000 0.000000
14.000000 157.063317 10.306286 -0.140530 2.447512 0.000000 0.000000 0.000000 1.000000 0.000000 0.000000
14.000000 157.066294 9.957368 -0.110772 2.449700 0.000000 0.000000 0.000000 1.000000 0.000000 0.000000
14.000000 157.066885 9.876844 -0.100181 2.491710 0.000000 0.000000 0.000000 1.000000 0.000000 0.000000
14.000000 157.067236 10.024158 -0.165426 2.498021 0.000000 0.000000 0.000000 1.000000 0.000000 0.000000
14.000000 157.067548 10.186216 -0.059595 2.475780 0.000000 0.000000 0.000000 1.000000 0.000000 0.000000
14.000000 157.070089 9.859745 -0.149537 2.441313 0.000000 0.000000 0.000000 1.000000 0.000000 0.000000
14.000000 157.073452 10.156637 -0.126508 2.396584 0.000000 0.000000 0.000000 1.000000 0.000000 0.000000
14.000000 157.076250 9.840058 -0.095260 2.409324 0.000000 0.000000 0.000000 1.000000 0.000000 0.000000
14.000000 157.076986 9.785916 -0.100459 2.450438 0.000000 0.000000 0.000000 1.000000 0.000000 0.000000
14.000000 157.077260 9.925440 -0.162344 2.456512 0.000000 0.000000 0.000000 1.000000 0.000000 0.000000
14.000000 157.077600 10.020930 -0.103005 2.438365 0.000000 0.000000 0.000000 1.000000 0.000000 0.000000
14.000000 157.080126 9.818610 -0.152876 2.403248 0.000000 0.000000 0.000000 1.000000 0.000000 0.000000
14.000000 157.083467 10.075151 -0.126083 2.355208 0.000000 0.000000 0.000000 1.000000 0.000000 0.000000
14.000000 157.086329 9.740193 -0.092677 2.362330 0.000000 0.000000 0.000000 1.000000 0.000000 0.000000
14.000000 157.086872 9.684372 -0.096003 2.402012 0.000000 0.000000 0.000000 1.000000 0.000000 0.000000
14.000000 157.087181 9.836600 -0.163809 2.409502 0.000000 0.000000 0.000000 1.000000 0.000000 0.000000
14.000000 157.087761 9.926012 -0.104884 2.393237 0.000000 0.000000 0.000000 1.000000 0.000000 0.000000
14.000000 157.093301 9.882152 -0.111575 2.352529 0.000000 0.000000 0.000000 1.000000 0.000000 0.000000
14.000000 157.096307 9.677266 -0.110210 2.317514 0.000000 0.000000 0.000000 1.000000 0.000000 0.000000
14.000000 157.097036 9.619734 -0.108592 2.354987 0.000000 0.000000 0.000000 1.000000 0.000000 0.000000
14.000000 157.097226 9.736941 -0.159041 2.360405 0.000000 0.000000 0.000000 1.000000 0.000000 0.000000
14.000000 157.097629 9.803197 -0.114313 2.348035 0.000000 0.000000 0.000000 1.000000 0.000000 0.000000
14.000000 157.103400 9.801618 -0.107842 2.311509 0.000000 0.000000 0.000000 1.000000 0.000000 0.000000
14.000000 157.106420 9.538027 -0.096547 2.267813 0.000000 0.000000 0.000000 1.000000 0.000000 0.000000
14.000000 157.106970 9.493644 -0.094008 2.300464 0.000000 0.000000 0.000000 1.000000 0.000000 0.000000
14.000000 157.107239 9.660991 -0.161553 2.309803 0.000000 0.000000 0.000000 1.000000 0.000000 0.000000
14.000000 157.107516 9.749425 -0.102851 2.293370 0.000000 0.000000 0.000000 1.000000 0.000000 0.000000
14.000000 157.113244 9.733499 -0.099707 2.258969 0.000000 0.000000 0.000000 1.000000 0.000000 0.000000
14.000000 157.116312 9.464003 -0.092895 2.222411 0.000000 0.000000 0.000000 1.000000 0.000000 0.000000
14.000000 157.116969 9.411449 -0.097833 2.261968 0.000000 0.000000 0.000000 1.000000 0.000000 0.000000
14.000000 157.117315 9.556138 -0.161730 2.267574 0.000000 0.000000 0.000000 1.000000 0.000000 0.000000
14.000000 157.117588 9.660025 -0.087840 2.249571 0.000000 0.000000 0.000000 1.000000 0.000000 0.000000
14.000000 157.120123 9.414754 -0.151131 2.226062 0.000000 0.000000 0.000000 1.000000 0.000000 0.000000
14.000000 157.123341 9.738002 -0.132625 2.175059 0.000000 0.000000 0.000000 1.000000 0.000000 0.000000
14.000000 157.126440 9.380409 -0.096950 2.175066 0.000000 0.000000 0.000000 1.000000 0.000000 0.000000
14.000000 157.126926 9.332183 -0.102677 2.212847 0.000000 0.000000 0.000000 1.000000 0.000000 0.000000
14.000000 157.127259 9.462604 -0.160640 2.215252 0.000000 0.000000 0.000000 1.000000 0.000000 0.000000
14.000000 157.127511 9.525378 -0.112791 2.200590 0.000000 0.000000 0.000000 1.000000 0.000000 0.000000
14.000000 157.130033 9.343525 -0.152493 2.178437 0.000000 0.000000 0.000000 1.000000 0.000000 0.000000
14.000000 157.133298 9.624745 -0.129850 2.128915 0.000000 0.000000 0.000000 1.000000 0.000000 0.000000
14.000000 157.136462 9.274511 -0.093138 2.126990 0.000000 0.000000 0.000000 1.000000 0.000000 0.000000
14.000000 157.137045 9.242769 -0.102467 2.159765 0.000000 0.000000 0.000000 1.000000 0.000000 0.000000
14.000000 157.137261 9.369586 -0.157009 2.159678 0.000000 0.000000 0.000000 1.000000 0.000000 0.000000
14.000000 157.137603 9.425068 -0.115594 2.142972 0.000000 0.000000 0.000000 1.000000 0.000000 0.000000
14.000000 157.140155 9.270599 -0.148768 2.124453 0.000000 0.000000 0.000000 1.000000 0.000000 0.000000
14.000000 157.143314 9.527333 -0.130799 2.078066 0.000000 0.000000 0.000000 1.000000 0.000000 0.000000
14.000000 157.146372 9.192813 -0.098268 2.072995 0.000000 0.000000 0.000000 1.000000 0.000000 0.000000
14.000000 157.147314 9.284553 -0.168706 2.089062 0.000000 0.000000 0.000000 1.000000 0.000000 0.000000
14.000000 157.147315 9.295925 -0.158546 2.109794 0.000000 0.000000 0.000000 1.000000 0.000000 0.000000
14.000000 157.147558 9.246409 -0.132307 2.104797 0.000000 0.000000 0.000000 1.000000 0.000000 0.000000
14.000000 157.150076 9.161409 -0.154728 2.072337 0.000000 0.000000 0.000000 1.000000 0.000000 0.000000
14.000000 157.153288 9.439907 -0.130133 2.024996 0.000000 0.000000 0.000000 1.000000 0.000000 0.000000
14.000000 157.156290 9.069905 -0.089107 2.022070 0.000000 0.000000 0.000000 1.000000 0.000000 0.000000
14.000000 157.157067 9.076164 -0.107820 2.047931 0.000000 0.000000 0.000000 1.000000 0.000000 0.000000
14.000000 157.157253 9.207933 -0.151540 2.052872 0.000000 0.000000 0.000000 1.000000 0.000000 0.000000
14.000000 157.157700 9.292935 -0.082118 2.041503 0.000000 0.000000 0.000000 1.000000 0.000000 0.000000
14.000000 157.160223 9.046177 -0.142921 2.022303 0.000000 0.000000 0.000000 1.000000 0.000000 0.000000
14.000000 157.163334 9.369229 -0.117897 1.972782 0.000000 0.000000 0.000000 1.000000 0.000000 0.000000
14.000000 157.166325 8.962051 -0.072100 1.971417 0.000000 0.000000 0.000000 1.000000 0.000000 0.000000
14.000000 157.166880 8.958926 -0.098134 2.003902 0.000000 0.000000 0.000000 1.000000 0.000000 0.000000
14.000000 157.167311 9.101046 -0.152776 2.009624 0.000000 0.000000 0.000000 1.000000 0.000000 0.000000
14.000000 157.167604 9.213598 -0.076781 1.985424 0.000000 0.000000 0.000000 1.000000 0.000000 0.000000
14.000000 157.170090 8.984229 -0.140467 1.962638 0.000000 0.000000 0.000000 1.000000 0.000000 0.000000
14.000000 157.173561 9.250147 -0.122862 1.919286 0.000000 0.000000 0.000000 1.000000 0.000000 0.000000
14.000000 157.176423 8.935941 -0.094101 1.921244 0.000000 0.000000 0.000000 1.000000 0.000000 0.000000
14.000000 157.177048 8.925451 -0.116594 1.952253 0.000000 0.000000 0.000000 1.000000 0.000000 0.000000
14.000000 157.177248 9.010828 -0.149948 1.954678 0.000000 0.000000 0.000000 1.000000 0.000000 0.000000
14.000000 157.177655 9.079356 -0.100961 1.939944 0.000000 0.000000 0.000000 1.000000 0.000000 0.000000
14.000000 157.180178 8.893157 -0.147474 1.916253 0.000000 0.000000 0.000000 1.000000 0.000000 0.000000
14.000000 157.183429 9.163860 -0.127454 1.865200 0.000000 0.000000 0.000000 1.000000 0.000000 0.000000
14.000000 157.186362 8.858285 -0.100208 1.864662 0.000000 0.000000 0.000000 1.000000 0.000000 0.000000
14.000000 157.186946 8.824761 -0.112392 1.898892 0.000000 0.000000 0.000000 1.000000 0.000000 0.000000
14.000000 157.187343 8.914189 -0.152048 1.896788 0.000000 0.000000 0.000000 1.000000 0.000000 0.000000
14.000000 157.187757 8.977681 -0.105553 1.877778 0.000000 0.000000 0.000000 1.000000 0.000000 0.000000
14.000000 157.190118 8.804164 -0.147097 1.858406 0.000000 0.000000 0.000000 1.000000 0.000000 0.000000
14.000000 157.193306 9.054591 -0.125378 1.812810 0.000000 0.000000 0.000000 1.000000 0.000000 0.000000
14.000000 157.196375 8.761157 -0.097762 1.815137 0.000000 0.000000 0.000000 1.000000 0.000000 0.000000
14.000000 157.197044 8.773449 -0.131303 1.840344 0.000000 0.000000 0.000000 1.000000 0.000000 0.000000
14.000000 157.197368 8.830155 -0.149910 1.847491 0.000000 0.000000 0.000000 1.000000 0.000000 0.000000
14.000000 157.197643 8.918686 -0.089986 1.834029 0.000000 0.000000 0.000000 1.000000 0.000000 0.000000
14.000000 157.200129 8.708189 -0.148252 1.804548 0.000000 0.000000 0.000000 1.000000 0.000000 0.000000
14.000000 157.203321 8.977258 -0.125711 1.752822 0.000000 0.000000 0.000000 1.000000 0.000000 0.000000
14.000000 157.206341 8.660006 -0.092540 1.747919 0.000000 0.000000 0.000000 1.000000 0.000000 0.000000
14.000000 157.206994 8.701026 -0.137259 1.763923 0.000000 0.000000 0.000000 1.000000 0.000000 0.000000
14.000000 157.207464 8.743333 -0.146666 1.776604 0.000000 0.000000 0.000000 1.000000 0.000000 0.000000
14.000000 157.207594 8.847681 -0.068193 1.770195 0.000000 0.000000 0.000000 1.000000 0.000000 0.000000
14.000000 157.210096 8.604372 -0.138917 1.746998 0.000000 0.000000 0.000000 1.000000 0.000000 0.000000
14.000000 157.213370 8.895050 -0.119866 1.698561 0.000000 0.000000 0.000000 1.000000 0.000000 0.000000
14.000000 157.216336 8.559020 -0.086495 1.697611 0.000000 0.000000 0.000000 1.000000 0.000000 0.000000
14.000000 157.217001 8.559283 -0.114040 1.726816 0.000000 0.000000 0.000000 1.000000 0.000000 0.000000
14.000000 157.217194 8.646368 -0.144798 1.728259 0.000000 0.000000 0.000000 1.000000 0.000000 0.000000
14.000000 157.217647 8.739930 -0.079042 1.706167 0.000000 0.000000 0.000000 1.000000 0.000000 0.000000
14.000000 157.220153 8.513013 -0.145084 1.684073 0.000000 0.000000 0.000000 1.000000 0.000000 0.000000
14.000000 157.223345 8.764190 -0.129661 1.640556 0.000000 0.000000 0.000000 1.000000 0.000000 0.000000
14.000000 157.226306 8.463627 -0.093096 1.629489 0.000000 0.000000 0.000000 1.000000 0.000000 0.000000
14.000000 157.226956 8.441369 -0.101126 1.653506 0.000000 0.000000 0.000000 1.000000 0.000000 0.000000
14.000000 157.227270 8.557762 -0.147546 1.662411 0.000000 0.000000 0.000000 1.000000 0.000000 0.000000
14.000000 157.227576 8.615174 -0.100982 1.650890 0.000000 0.000000 0.000000 1.000000 0.000000 0.000000
14.000000 157.230078 8.423317 -0.146924 1.628248 0.000000 0.000000 0.000000 1.000000 0.000000 0.000000
14.000000 157.233363 8.686789 -0.111122 1.579964 0.000000 0.000000 0.000000 1.000000 0.000000 0.000000
14.000000 157.236357 8.373900 -0.071044 1.584714 0.000000 0.000000 0.000000 1.000000 0.000000 0.000000
14.000000 157.237117 8.420210 -0.128704 1.604216 0.000000 0.000000 0.000000 1.000000 0.000000 0.000000
14.000000 157.237327 8.464598 -0.142747 1.611821 0.000000 0.000000 0.000000 1.000000 0.000000 0.000000
14.000000 157.237681 8.551043 -0.085826 1.596295 0.000000 0.000000 0.000000 1.000000 0.000000 0.000000
14.000000 157.240245 8.375580 -0.136830 1.570110 0.000000 0.000000 0.000000 1.000000 0.000000 0.000000
14.000000 157.243340 8.579701 -0.121598 1.526782 0.000000 0.000000 0.000000 1.000000 0.000000 0.000000
14.000000 157.246343 8.341148 -0.104239 1.525089 0.000000 0.000000 0.000000 1.000000 0.000000 0.000000
14.000000 157.246932 8.360012 -0.140112 1.543678 0.000000 0.000000 0.000000 1.000000 0.000000 0.000000
14.000000 157.247312 8.379191 -0.145752 1.546274 0.000000 0.000000 0.000000 1.000000 0.000000 0.000000
14.000000 157.247604 8.441495 -0.099000 1.536436 0.000000 0.000000 0.000000 1.000000 0.000000 0.000000
14.000000 157.250109 8.289403 -0.137596 1.516501 0.000000 0.000000 0.000000 1.000000 0.000000 0.000000
14.000000 157.253565 8.543702 -0.117904 1.462817 0.000000 0.000000 0.000000 1.000000 0.000000 0.000000
14.000000 157.256384 8.226234 -0.090725 1.455751 0.000000 0.000000 0.000000 1.000000 0.000000 0.000000
14.000000 157.257131 8.233739 -0.128827 1.481323 0.000000 0.000000 0.000000 1.000000 0.000000 0.000000
14.000000 157.257234 8.286530 -0.152684 1.482782 0.000000 0.000000 0.000000 1.000000 0.000000 0.000000
14.000000 157.257653 8.388060 -0.079600 1.458525 0.000000 0.000000 0.000000 1.000000 0.000000 0.000000
14.000000 157.260205 8.207232 -0.131131 1.443103 0.000000 0.000000 0.000000 1.000000 0.000000 0.000000
14.000000 157.263382 8.435288 -0.122166 1.399218 0.000000 0.000000 0.000000 1.000000 0.000000 0.000000
14.000000 157.266366 8.167663 -0.105061 1.396439 0.000000 0.000000 0.000000 1.000000 0.000000 0.000000
14.000000 157.266983 8.185090 -0.144035 1.418245 0.000000 0.000000 0.000000 1.000000 0.000000 0.000000
14.000000 157.267320 8.192845 -0.141738 1.423228 0.000000 0.000000 0.000000 1.000000 0.000000 0.000000
14.000000 157.267622 8.275020 -0.082186 1.411330 0.000000 0.000000 0.000000 1.000000 0.000000 0.000000
14.000000 157.270127 8.087690 -0.138465 1.388513 0.000000 0.000000 0.000000 1.000000 0.000000 0.000000
14.000000 157.273422 8.336482 -0.107816 1.343049 0.000000 0.000000 0.000000 1.000000 0.000000 0.000000
14.000000 157.276365 8.020886 -0.069916 1.344648 0.000000 0.000000 0.000000 1.000000 0.000000 0.000000
14.000000 157.277086 8.085582 -0.136615 1.358105 0.000000 0.000000 0.000000 1.000000 0.000000 0.000000
14.000000 157.277282 8.113184 -0.140133 1.361323 0.000000 0.000000 0.000000 1.000000 0.000000 0.000000
14.000000 157.277690 8.183043 -0.085293 1.350417 0.000000 0.000000 0.000000 1.000000 0.000000 0.000000
14.000000 157.280262 7.997815 -0.137680 1.330527 0.000000 0.000000 0.000000 1.000000 0.000000 0.000000
14.000000 157.283473 8.238076 -0.125442 1.279538 0.000000 0.000000 0.000000 1.000000 0.000000 0.000000
14.000000 157.286387 7.984804 -0.106674 1.275374 0.000000 0.000000 0.000000 1.000000 0.000000 0.000000
14.000000 157.286997 8.000675 -0.136321 1.293912 0.000000 0.000000 0.000000 1.000000 0.000000 0.000000
14.000000 157.287362 8.024117 -0.135563 1.296208 0.000000 0.000000 0.000000 1.000000 0.000000 0.000000
14.000000 157.287587 8.078862 -0.092694 1.287682 0.000000 0.000000 0.000000 1.000000 0.000000 0.000000
14.000000 157.290265 7.931684 -0.133958 1.270335 0.000000 0.000000 0.000000 1.000000 0.000000 0.000000
14.000000 157.293445 8.148750 -0.122679 1.221805 0.000000 0.000000 0.000000 1.000000 0.000000 0.000000
14.000000 157.296368 7.892641 -0.102439 1.212041 0.000000 0.000000 0.000000 1.000000 0.000000 0.000000
14.000000 157.297058 7.910290 -0.134663 1.227578 0.000000 0.000000 0.000000 1.000000 0.000000 0.000000
14.000000 157.297196 7.933361 -0.138536 1.232296 0.000000 0.000000 0.000000 1.000000 0.000000 0.000000
14.000000 157.297691 7.990825 -0.091150 1.224597 0.000000 0.000000 0.000000 1.000000 0.000000 0.000000
14.000000 157.300388 7.827935 -0.135342 1.205904 0.000000 0.000000 0.000000 1.000000 0.000000 0.000000
14.000000 157.303476 8.062384 -0.113454 1.155147 0.000000 0.000000 0.000000 1.000000 0.000000 0.000000
14.000000 157.306441 7.792544 -0.085520 1.150714 0.000000 0.000000 0.000000 1.000000 0.000000 0.000000
14.000000 157.307004 7.816693 -0.129920 1.168754 0.000000 0.000000 0.000000 1.000000 0.000000 0.000000
14.000000 157.307326 7.834785 -0.135439 1.170723 0.000000 0.000000 0.000000 1.000000 0.000000 0.000000
14.000000 157.307578 7.894597 -0.084449 1.160543 0.000000 0.000000 0.000000 1.000000 0.000000 0.000000
14.000000 157.310271 7.727860 -0.130280 1.145155 0.000000 0.000000 0.000000 1.000000 0.000000 0.000000
14.000000 157.313436 7.950487 -0.108756 1.099348 0.000000 0.000000 0.000000 1.000000 0.000000 0.000000
14.000000 157.316384 7.681467 -0.077127 1.093957 0.000000 0.000000 0.000000 1.000000 0.000000 0.000000
14.000000 157.317058 7.724195 -0.125604 1.104654 0.000000 0.000000 0.000000 1.000000 0.000000 0.000000
14.000000 157.317240 7.748508 -0.129563 1.104835 0.000000 0.000000 0.000000 1.000000 0.000000 0.000000
14.000000 157.317719 7.789975 -0.090209 1.098234 0.000000 0.000000 0.000000 1.000000 0.000000 0.000000
14.000000 157.320213 7.633503 -0.128312 1.081565 0.000000 0.000000 0.000000 1.000000 0.000000 0.000000
14.000000 157.323565 7.833327 -0.112861 1.033852 0.000000 0.000000 0.000000 1.000000 0.000000 0.000000
14.000000 157.326401 7.606980 -0.091677 1.025970 0.000000 0.000000 0.000000 1.000000 0.000000 0.000000
14.000000 157.326985 7.623285 -0.117509 1.038952 0.000000 0.000000 0.000000 1.000000 0.000000 0.000000
14.000000 157.327317 7.667070 -0.128397 1.038119 0.000000 0.000000 0.000000 1.000000 0.000000 0.000000
14.000000 157.327768 7.696227 -0.099007 1.030868 0.000000 0.000000 0.000000 1.000000 0.000000 0.000000
14.000000 157.330142 7.549004 -0.135517 1.015368 0.000000 0.000000 0.000000 1.000000 0.000000 0.000000
14.000000 157.333414 7.750006 -0.116771 0.967835 0.000000 0.000000 0.000000 1.000000 0.000000 0.000000
14.000000 157.336426 7.524597 -0.090941 0.959974 0.000000 0.000000 0.000000 1.000000 0.000000 0.000000
14.000000 157.337069 7.534535 -0.119233 0.975174 0.000000 0.000000 0.000000 1.000000 0.000000 0.000000
14.000000 157.337340 7.575376 -0.135658 0.973952 0.000000 0.000000 0.000000 1.000000 0.000000 0.000000
14.000000 157.337720 7.620618 -0.097420 0.959250 0.000000 0.000000 0.000000 1.000000 0.000000 0.000000
14.000000 157.340324 7.479714 -0.130422 0.942465 0.000000 0.000000 0.000000 1.000000 0.000000 0.000000
14.000000 157.343472 7.657988 -0.112258 0.897377 0.000000 0.000000 0.000000 1.000000 0.000000 0.000000
14.000000 157.346440 7.434543 -0.091237 0.889503 0.000000 0.000000 0.000000 1.000000 0.000000 0.000000
14.000000 157.347089 7.446813 -0.120919 0.904514 0.000000 0.000000 0.000000 1.000000 0.000000 0.000000
14.000000 157.347399 7.482160 -0.132691 0.904187 0.000000 0.000000 0.000000 1.000000 0.000000 0.000000
14.000000 157.347638 7.521270 -0.094078 0.894799 0.000000 0.000000 0.000000 1.000000 0.000000 0.000000
14.000000 157.350122 7.359796 -0.133919 0.878542 0.000000 0.000000 0.000000 1.000000 0.000000 0.000000
14.000000 157.353388 7.552091 -0.118042 0.830850 0.000000 0.000000 0.000000 1.000000 0.000000 0.000000
14.000000 157.356398 7.344520 -0.093800 0.821302 0.000000 0.000000 0.000000 1.000000 0.000000 0.000000
14.000000 157.357145 7.380240 -0.129333 0.825206 0.000000 0.000000 0.000000 1.000000 0.000000 0.000000
14.000000 157.357301 7.405404 -0.134458 0.822718 0.000000 0.000000 0.000000 1.000000 0.000000 0.000000
14.000000 157.357713 7.449822 -0.090181 0.812498 0.000000 0.000000 0.000000 1.000000 0.000000 0.000000
14.000000 157.360298 7.302660 -0.127923 0.801936 0.000000 0.000000 0.000000 1.000000 0.000000 0.000000
14.000000 157.363427 7.479764 -0.115489 0.760324 0.000000 0.000000 0.000000 1.000000 0.000000 0.000000
14.000000 157.366425 7.267026 -0.093505 0.752014 0.000000 0.000000 0.000000 1.000000 0.000000 0.000000
14.000000 157.367013 7.288068 -0.124482 0.762390 0.000000 0.000000 0.000000 1.000000 0.000000 0.000000
14.000000 157.367400 7.311281 -0.128271 0.760861 0.000000 0.000000 0.000000 1.000000 0.000000 0.000000
14.000000 157.367653 7.356423 -0.083920 0.750790 0.000000 0.000000 0.000000 1.000000 0.000000 0.000000
14.000000 157.370129 7.192111 -0.127757 0.736057 0.000000 0.000000 0.000000 1.000000 0.000000 0.000000
14.000000 157.373452 7.373240 -0.106556 0.694224 0.000000 0.000000 0.000000 1.000000 0.000000 0.000000
14.000000 157.376427 7.159059 -0.076399 0.688222 0.000000 0.000000 0.000000 1.000000 0.000000 0.000000
14.000000 157.377231 7.196357 -0.119684 0.694054 0.000000 0.000000 0.000000 1.000000 0.000000 0.000000
14.000000 157.377290 7.219266 -0.126197 0.690437 0.000000 0.000000 0.000000 1.000000 0.000000 0.000000
14.000000 157.377689 7.243254 -0.101363 0.682043 0.000000 0.000000 0.000000 1.000000 0.000000 0.000000
14.000000 157.380260 7.131240 -0.130453 0.671951 0.000000 0.000000 0.000000 1.000000 0.000000 0.000000
14.000000 157.383508 7.322827 -0.112372 0.622677 0.000000 0.000000 0.000000 1.000000 0.000000 0.000000
14.000000 157.386388 7.092952 -0.086423 0.612224 0.000000 0.000000 0.000000 1.000000 0.000000 0.000000
14.000000 157.386958 7.112914 -0.120290 0.623595 0.000000 0.000000 0.000000 1.000000 0.000000 0.000000
14.000000 157.387413 7.139147 -0.128710 0.618260 0.000000 0.000000 0.000000 1.000000 0.000000 0.000000
14.000000 157.387639 7.170810 -0.097271 0.605938 0.000000 0.000000 0.000000 1.000000 0.000000 0.000000
14.000000 157.390162 7.055472 -0.127297 0.597583 0.000000 0.000000 0.000000 1.000000 0.000000 0.000000
14.000000 157.393546 7.213884 -0.114813 0.557384 0.000000 0.000000 0.000000 1.000000 0.000000 0.000000
14.000000 157.396431 7.009267 -0.090982 0.545090 0.000000 0.000000 0.000000 1.000000 0.000000 0.000000
14.000000 157.397117 7.035290 -0.125195 0.550856 0.000000 0.000000 0.000000 1.000000 0.000000 0.000000
14.000000 157.397327 7.047842 -0.129871 0.545492 0.000000 0.000000 0.000000 1.000000 0.000000 0.000000
14.000000 157.398081 7.083370 -0.095805 0.532700 0.000000 0.000000 0.000000 1.000000 0.000000 0.000000
14.000000 157.400261 6.973642 -0.125681 0.525024 0.000000 0.000000 0.000000 1.000000 0.000000 0.000000
14.000000 157.403466 7.132040 -0.114153 0.484115 0.000000 0.000000 0.000000 1.000000 0.000000 0.000000
14.000000 157.406492 6.915865 -0.088628 0.468591 0.000000 0.000000 0.000000 1.000000 0.000000 0.000000
14.000000 157.407031 6.946170 -0.120848 0.471407 0.000000 0.000000 0.000000 1.000000 0.000000 0.000000
14.000000 157.407470 6.964082 -0.123168 0.466964 0.000000 0.000000 0.000000 1.000000 0.000000 0.000000
14.000000 157.407627 7.005121 -0.080545 0.455071 0.000000 0.000000 0.000000 1.000000 0.000000 0.000000
14.000000 157.410218 6.879941 -0.118243 0.450242 0.000000 0.000000 0.000000 1.000000 0.000000 0.000000
14.000000 157.413475 7.052069 -0.111643 0.407949 0.000000 0.000000 0.000000 1.000000 0.000000 0.000000
14.000000 157.416418 6.843665 -0.088455 0.395733 0.000000 0.000000 0.000000 1.000000 0.000000 0.000000
14.000000 157.417115 6.874605 -0.125848 0.400087 0.000000 0.000000 0.000000 1.000000 0.000000 0.000000
14.000000 157.417372 6.869895 -0.120533 0.392986 0.000000 0.000000 0.000000 1.000000 0.000000 0.000000
14.000000 157.417715 6.896359 -0.084331 0.388076 0.000000 0.000000 0.000000 1.000000 0.000000 0.000000
14.000000 157.420267 6.772023 -0.116474 0.383425 0.000000 0.000000 0.000000 1.000000 0.000000 0.000000
14.000000 157.423413 6.962071 -0.102432 0.333317 0.000000 0.000000 0.000000 1.000000 0.000000 0.000000
14.000000 157.426631 6.747382 -0.075861 0.322648 0.000000 0.000000 0.000000 1.000000 0.000000 0.000000
14.000000 157.426949 6.788689 -0.123448 0.324698 0.000000 0.000000 0.000000 1.000000 0.000000 0.000000
14.000000 157.427432 6.789753 -0.122273 0.316864 0.000000 0.000000 0.000000 1.000000 0.000000 0.000000
14.000000 157.427900 6.816827 -0.092653 0.306604 0.000000 0.000000 0.000000 1.000000 0.000000 0.000000
14.000000 157.430179 6.722481 -0.118576 0.302141 0.000000 0.000000 0.000000 1.000000 0.000000 0.000000
14.000000 157.433456 6.902580 -0.095639 0.254263 0.000000 0.000000 0.000000 1.000000 0.000000 0.000000
14.000000 157.436412 6.655550 -0.066851 0.245350 0.000000 0.000000 0.000000 1.000000 0.000000 0.000000
14.000000 157.437140 6.701747 -0.126522 0.250377 0.000000 0.000000 0.000000 1.000000 0.000000 0.000000
14.000000 157.437313 6.699221 -0.123489 0.241652 0.000000 0.000000 0.000000 1.000000 0.000000 0.000000
14.000000 157.437740 6.730405 -0.090881 0.229562 0.000000 0.000000 0.000000 1.000000 0.000000 0.000000
14.000000 157.440252 6.641037 -0.117651 0.226918 0.000000 0.000000 0.000000 1.000000 0.000000 0.000000
14.000000 157.443485 6.832445 -0.104339 0.172878 0.000000 0.000000 0.000000 1.000000 0.000000 0.000000
14.000000 157.446481 6.598115 -0.081888 0.161078 0.000000 0.000000 0.000000 1.000000 0.000000 0.000000
14.000000 157.447009 6.648018 -0.135554 0.161260 0.000000 0.000000 0.000000 1.000000 0.000000 0.000000
14.000000 157.447437 6.627865 -0.118709 0.152343 0.000000 0.000000 0.000000 1.000000 0.000000 0.000000
14.000000 157.447656 6.677964 -0.070335 0.137577 0.000000 0.000000 0.000000 1.000000 0.000000 0.000000
14.000000 157.450179 6.581749 -0.108377 0.137328 0.000000 0.000000 0.000000 1.000000 0.000000 0.000000
14.000000 157.456576 6.517638 -0.126359 0.135903 0.000000 0.000000 0.000000 1.000000 0.000000 0.000000
14.000000 157.457166 6.521336 -0.121034 0.095261 0.000000 0.000000 0.000000 1.000000 0.000000 0.000000
14.000000 157.457348 6.518527 -0.112684 0.081796 0.000000 0.000000 0.000000 1.000000 0.000000 0.000000
14.000000 157.457753 6.524102 -0.099790 0.076582 0.000000 0.000000 0.000000 1.000000 0.000000 0.000000
14.000000 157.460321 6.463276 -0.117505 0.077862 0.000000 0.000000 0.000000 1.000000 0.000000 0.000000
14.000000 157.463560 6.617876 -0.100195 0.033878 0.000000 0.000000 0.000000 1.000000 0.000000 0.000000
14.000000 157.466443 6.410193 -0.074339 0.023217 0.000000 0.000000 0.000000 1.000000 0.000000 0.000000
14.000000 157.467002 6.465363 -0.138097 0.019348 0.000000 0.000000 0.000000 1.000000 0.000000 0.000000
14.000000 157.467451 6.430717 -0.127651 0.007053 0.000000 0.000000 0.000000 1.000000 0.000000 0.000000
14.000000 157.467667 6.482311 -0.070571 -0.009741 0.000000 0.000000 0.000000 1.000000 0.000000 0.000000
14.000000 157.470155 6.404996 -0.101989 0.001755 0.000000 0.000000 0.000000 1.000000 0.000000 0.000000
14.000000 157.473500 6.483907 -0.085936 -0.002023 0.000000 0.000000 0.000000 1.000000 0.000000 0.000000
14.000000 157.476451 6.386708 -0.071975 0.022902 0.000000 0.000000 0.000000 1.000000 0.000000 0.000000
14.000000 157.477188 6.403208 -0.117819 0.041223 0.000000 0.000000 0.000000 1.000000 0.000000 0.000000
14.000000 157.477511 6.407989 -0.113520 0.031087 0.000000 0.000000 0.000000 1.000000 0.000000 0.000000
14.000000 157.477716 6.412052 -0.096496 0.029565 0.000000 0.000000 0.000000 1.000000 0.000000 0.000000
14.000000 157.480235 6.397034 -0.107203 0.047418 0.000000 0.000000 0.000000 1.000000 0.000000 0.000000
14.000000 157.483533 6.454269 -0.088325 0.047630 0.000000 0.000000 0.000000 1.000000 0.000000 0.000000
14.000000 157.486694 6.355352 -0.078618 0.072616 0.000000 0.000000 0.000000 1.000000 0.000000 0.000000
14.000000 157.487087 6.343994 -0.111157 0.103253 0.000000 0.000000 0.000000 1.000000 0.000000 0.000000
14.000000 157.487521 6.360243 -0.113784 0.095752 0.000000 0.000000 0.000000 1.000000 0.000000 0.000000
14.000000 157.487655 6.384769 -0.085597 0.084473 0.000000 0.000000 0.000000 1.000000 0.000000 0.000000
14.000000 157.490215 6.363568 -0.101324 0.099519 0.000000 0.000000 0.000000 1.000000 0.000000 0.000000
14.000000 157.493459 6.420418 -0.096813 0.096655 0.000000 0.000000 0.000000 1.000000 0.000000 0.000000
14.000000 157.496634 6.343484 -0.099050 0.118940 0.000000 0.000000 0.000000 1.000000 0.000000 0.000000
14.000000 157.497199 6.311879 -0.114385 0.154779 0.000000 0.000000 0.000000 1.000000 0.000000 0.000000
14.000000 157.497377 6.318014 -0.111932 0.150154 0.000000 0.000000 0.000000 1.000000 0.000000 0.000000
14.000000 157.497785 6.311087 -0.094988 0.159937 0.000000 0.000000 0.000000 1.000000 0.000000 0.000000
14.000000 157.500379 6.275510 -0.102991 0.176165 0.000000 0.000000 0.000000 1.000000 0.000000 0.000000
14.000000 157.503521 6.390644 -0.085427 0.152461 0.000000 0.000000 0.000000 1.000000 0.000000 0.000000
14.000000 157.506470 6.281778 -0.076100 0.173255 0.000000 0.000000 0.000000 1.000000 0.000000 0.000000
14.000000 157.507058 6.222600 -0.079727 0.221840 0.000000 0.000000 0.000000 1.000000 0.000000 0.000000
14.000000 157.507542 6.278310 -0.103477 0.216830 0.000000 0.000000 0.000000 1.000000 0.000000 0.000000
14.000000 157.507719 6.312735 -0.068864 0.197073 0.000000 0.000000 0.000000 1.000000 0.000000 0.000000
14.000000 157.510242 6.266545 -0.094506 0.211325 0.000000 0.000000 0.000000 1.000000 0.000000 0.000000
14.000000 157.513551 6.323345 -0.083105 0.214354 0.000000 0.000000 0.000000 1.000000 0.000000 0.000000
14.000000 157.516576 6.230817 -0.073084 0.238587 0.000000 0.000000 0.000000 1.000000 0.000000 0.000000
14.000000 157.517150 6.235158 -0.111844 0.261894 0.000000 0.000000 0.000000 1.000000 0.000000 0.000000
14.000000 157.517384 6.240804 -0.108674 0.258980 0.000000 0.000000 0.000000 1.000000 0.000000 0.000000
14.000000 157.517818 6.275233 -0.068704 0.251362 0.000000 0.000000 0.000000 1.000000 0.000000 0.000000
14.000000 157.520301 6.222637 -0.096183 0.263701 0.000000 0.000000 0.000000 1.000000 0.000000 0.000000
14.000000 157.523514 6.289020 -0.086919 0.262276 0.000000 0.000000 0.000000 1.000000 0.000000 0.000000
14.000000 157.526706 6.203178 -0.079123 0.286271 0.000000 0.000000 0.000000 1.000000 0.000000 0.000000
14.000000 157.527023 6.173027 -0.100731 0.323295 0.000000 0.000000 0.000000 1.000000 0.000000 0.000000
14.000000 157.527479 6.188585 -0.109645 0.317899 0.000000 0.000000 0.000000 1.000000 0.000000 0.000000
14.000000 157.527708 6.205366 -0.088028 0.309679 0.000000 0.000000 0.000000 1.000000 0.000000 0.000000
14.000000 157.530297 6.177286 -0.101884 0.321437 0.000000 0.000000 0.000000 1.000000 0.000000 0.000000
14.000000 157.533531 6.244142 -0.077055 0.317849 0.000000 0.000000 0.000000 1.000000 0.000000 0.000000
14.000000 157.536616 6.139968 -0.062153 0.343951 0.000000 0.000000 0.000000 1.000000 0.000000 0.000000
14.000000 157.537134 6.137351 -0.102034 0.372508 0.000000 0.000000 0.000000 1.000000 0.000000 0.000000
14.000000 157.537406 6.145559 -0.104348 0.368843 0.000000 0.000000 0.000000 1.000000 0.000000 0.000000
14.000000 157.537777 6.169931 -0.077268 0.360887 0.000000 0.000000 0.000000 1.000000 0.000000 0.000000
14.000000 157.540392 6.143062 -0.094988 0.372899 0.000000 0.000000 0.000000 1.000000 0.000000 0.000000
14.000000 157.543655 6.191171 -0.084034 0.374325 0.000000 0.000000 0.000000 1.000000 0.000000 0.000000
14.000000 157.546728 6.109014 -0.075148 0.394526 0.000000 0.000000 0.000000 1.000000 0.000000 0.000000
14.000000 157.547013 6.095064 -0.096804 0.421470 0.000000 0.000000 0.000000 1.000000 0.000000 0.000000
14.000000 157.547546 6.111131 -0.100459 0.419355 0.000000 0.000000 0.000000 1.000000 0.000000 0.000000
14.000000 157.547940 6.121776 -0.078036 0.419991 0.000000 0.000000 0.000000 1.000000 0.000000 0.000000
14.000000 157.550288 6.077642 -0.092681 0.430545 0.000000 0.000000 0.000000 1.000000 0.000000 0.000000
14.000000 157.553613 6.131725 -0.077256 0.428110 0.000000 0.000000 0.000000 1.000000 0.000000 0.000000
14.000000 157.556483 6.039094 -0.066719 0.447708 0.000000 0.000000 0.000000 1.000000 0.000000 0.000000
14.000000 157.557210 6.036423 -0.093169 0.470419 0.000000 0.000000 0.000000 1.000000 0.000000 0.000000
14.000000 157.557445 6.077251 -0.104928 0.468836 0.000000 0.000000 0.000000 1.000000 0.000000 0.000000
14.000000 157.557793 6.107608 -0.061933 0.463446 0.000000 0.000000 0.000000 1.000000 0.000000 0.000000
14.000000 157.560352 6.024210 -0.088634 0.475761 0.000000 0.000000 0.000000 1.000000 0.000000 0.000000
14.000000 157.563546 6.101543 -0.074233 0.470847 0.000000 0.000000 0.000000 1.000000 0.000000 0.000000
14.000000 157.566506 6.010054 -0.061656 0.495764 0.000000 0.000000 0.000000 1.000000 0.000000 0.000000
14.000000 157.567116 6.013481 -0.097110 0.519361 0.000000 0.000000 0.000000 1.000000 0.000000 0.000000
14.000000 157.567562 6.026144 -0.098079 0.516483 0.000000 0.000000 0.000000 1.000000 0.000000 0.000000
14.000000 157.567703 6.067309 -0.055378 0.505351 0.000000 0.000000 0.000000 1.000000 0.000000 0.000000
14.000000 157.570205 6.004362 -0.086229 0.515693 0.000000 0.000000 0.000000 1.000000 0.000000 0.000000
14.000000 157.573596 6.077816 -0.076030 0.512731 0.000000 0.000000 0.000000 1.000000 0.000000 0.000000
14.000000 157.576651 5.982641 -0.065092 0.536396 0.000000 0.000000 0.000000 1.000000 0.000000 0.000000
14.000000 157.577247 5.971687 -0.090676 0.565113 0.000000 0.000000 0.000000 1.000000 0.000000 0.000000
14.000000 157.577461 5.991087 -0.094213 0.562582 0.000000 0.000000 0.000000 1.000000 0.000000 0.000000
14.000000 157.577804 6.014245 -0.067110 0.556619 0.000000 0.000000 0.000000 1.000000 0.000000 0.000000
14.000000 157.580299 5.967443 -0.089203 0.565808 0.000000 0.000000 0.000000 1.000000 0.000000 0.000000
14.000000 157.583765 6.019040 -0.076422 0.566572 0.000000 0.000000 0.000000 1.000000 0.000000 0.000000
14.000000 157.586664 5.936340 -0.065584 0.588216 0.000000 0.000000 0.000000 1.000000 0.000000 0.000000
14.000000 157.587182 5.938271 -0.095510 0.609665 0.000000 0.000000 0.000000 1.000000 0.000000 0.000000
14.000000 157.587538 5.944723 -0.093783 0.608992 0.000000 0.000000 0.000000 1.000000 0.000000 0.000000
14.000000 157.587723 5.976578 -0.061635 0.601909 0.000000 0.000000 0.000000 1.000000 0.000000 0.000000
14.000000 157.590267 5.938645 -0.084497 0.611014 0.000000 0.000000 0.000000 1.000000 0.000000 0.000000
14.000000 157.593690 5.994000 -0.071551 0.611460 0.000000 0.000000 0.000000 1.000000 0.000000 0.000000
14.000000 157.596743 5.896766 -0.059587 0.632859 0.000000 0.000000 0.000000 1.000000 0.000000 0.000000
14.000000 157.597154 5.891365 -0.086925 0.658446 0.000000 0.000000 0.000000 1.000000 0.000000 0.000000
14.000000 157.597402 5.908788 -0.091118 0.656416 0.000000 0.000000 0.000000 1.000000 0.000000 0.000000
14.000000 157.597934 5.936584 -0.061586 0.648689 0.000000 0.000000 0.000000 1.000000 0.000000 0.000000
14.000000 157.600341 5.883167 -0.085723 0.655938 0.000000 0.000000 0.000000 1.000000 0.000000 0.000000
14.000000 157.603639 5.956957 -0.063461 0.651811 0.000000 0.000000 0.000000 1.000000 0.000000 0.000000
14.000000 157.606615 5.834185 -0.043563 0.674857 0.000000 0.000000 0.000000 1.000000 0.000000 0.000000
14.000000 157.606999 5.849228 -0.080931 0.694097 0.000000 0.000000 0.000000 1.000000 0.000000 0.000000
14.000000 157.607490 5.871080 -0.081647 0.688580 0.000000 0.000000 0.000000 1.000000 0.000000 0.000000
14.000000 157.607862 5.886610 -0.061934 0.683985 0.000000 0.000000 0.000000 1.000000 0.000000 0.000000
14.000000 157.610263 5.856704 -0.076993 0.694086 0.000000 0.000000 0.000000 1.000000 0.000000 0.000000
14.000000 157.613580 5.906957 -0.055253 0.696014 0.000000 0.000000 0.000000 1.000000 0.000000 0.000000
14.000000 157.616716 5.794756 -0.040079 0.721267 0.000000 0.000000 0.000000 1.000000 0.000000 0.000000
14.000000 157.617079 5.800789 -0.076986 0.745778 0.000000 0.000000 0.000000 1.000000 0.000000 0.000000
14.000000 157.617425 5.828714 -0.083721 0.743532 0.000000 0.000000 0.000000 1.000000 0.000000 0.000000
14.000000 157.619161 5.862453 -0.050745 0.732663 0.000000 0.000000 0.000000 1.000000 0.000000 0.000000
14.000000 157.620362 5.803614 -0.077364 0.739132 0.000000 0.000000 0.000000 1.000000 0.000000 0.000000
14.000000 157.623662 5.873587 -0.058747 0.736026 0.000000 0.000000 0.000000 1.000000 0.000000 0.000000
14.000000 157.626606 5.768084 -0.043685 0.761552 0.000000 0.000000 0.000000 1.000000 0.000000 0.000000
14.000000 157.627120 5.771536 -0.080223 0.787140 0.000000 0.000000 0.000000 1.000000 0.000000 0.000000
14.000000 157.627467 5.788313 -0.084406 0.786177 0.000000 0.000000 0.000000 1.000000 0.000000 0.000000
14.000000 157.627823 5.805140 -0.059449 0.785667 0.000000 0.000000 0.000000 1.000000 0.000000 0.000000
14.000000 157.630326 5.743787 -0.077104 0.791406 0.000000 0.000000 0.000000 1.000000 0.000000 0.000000
14.000000 157.633659 5.828644 -0.055711 0.778841 0.000000 0.000000 0.000000 1.000000 0.000000 0.000000
14.000000 157.636712 5.723139 -0.042579 0.802716 0.000000 0.000000 0.000000 1.000000 0.000000 0.000000
14.000000 157.637180 5.742969 -0.081883 0.819971 0.000000 0.000000 0.000000 1.000000 0.000000 0.000000
14.000000 157.637594 5.757998 -0.078620 0.819544 0.000000 0.000000 0.000000 1.000000 0.000000 0.000000
14.000000 157.639088 5.776465 -0.053797 0.820396 0.000000 0.000000 0.000000 1.000000 0.000000 0.000000
14.000000 157.640365 5.719425 -0.074767 0.825913 0.000000 0.000000 0.000000 1.000000 0.000000 0.000000
14.000000 157.643538 5.791397 -0.056854 0.818603 0.000000 0.000000 0.000000 1.000000 0.000000 0.000000
14.000000 157.646508 5.685592 -0.044883 0.842115 0.000000 0.000000 0.000000 1.000000 0.000000 0.000000
14.000000 157.647195 5.703073 -0.083691 0.860603 0.000000 0.000000 0.000000 1.000000 0.000000 0.000000
14.000000 157.647493 5.712537 -0.079449 0.860658 0.000000 0.000000 0.000000 1.000000 0.000000 0.000000
14.000000 157.648624 5.747747 -0.046095 0.853774 0.000000 0.000000 0.000000 1.000000 0.000000 0.000000
14.000000 157.650264 5.696164 -0.069936 0.857288 0.000000 0.000000 0.000000 1.000000 0.000000 0.000000
14.000000 157.653481 5.765456 -0.055812 0.850524 0.000000 0.000000 0.000000 1.000000 0.000000 0.000000
14.000000 157.656514 5.653152 -0.045373 0.871622 0.000000 0.000000 0.000000 1.000000 0.000000 0.000000
14.000000 157.657244 5.667240 -0.092121 0.894275 0.000000 0.000000 0.000000 1.000000 0.000000 0.000000
14.000000 157.657417 5.656382 -0.090692 0.896061 0.000000 0.000000 0.000000 1.000000 0.000000 0.000000
14.000000 157.658139 5.701749 -0.030591 0.897337 0.000000 0.000000 0.000000 1.000000 0.000000 0.000000
14.000000 157.660334 5.589054 -0.062955 0.910204 0.000000 0.000000 0.000000 1.000000 0.000000 0.000000
14.000000 157.663591 5.712126 -0.054736 0.890686 0.000000 0.000000 0.000000 1.000000 0.000000 0.000000
14.000000 157.666675 5.613118 -0.044002 0.913842 0.000000 0.000000 0.000000 1.000000 0.000000 0.000000
14.000000 157.667094 5.634054 -0.086313 0.931293 0.000000 0.000000 0.000000 1.000000 0.000000 0.000000
14.000000 157.667520 5.627606 -0.076765 0.936064 0.000000 0.000000 0.000000 1.000000 0.000000 0.000000
14.000000 157.668835 5.681835 -0.028803 0.926973 0.000000 0.000000 0.000000 1.000000 0.000000 0.000000
14.000000 157.670248 5.612779 -0.062395 0.927509 0.000000 0.000000 0.000000 1.000000 0.000000 0.000000
14.000000 157.673664 5.684156 -0.047844 0.922914 0.000000 0.000000 0.000000 1.000000 0.000000 0.000000
14.000000 157.676544 5.571290 -0.037258 0.948755 0.000000 0.000000 0.000000 1.000000 0.000000 0.000000
14.000000 157.677171 5.591259 -0.082323 0.969665 0.000000 0.000000 0.000000 1.000000 0.000000 0.000000
14.000000 157.677442 5.587793 -0.073847 0.973083 0.000000 0.000000 0.000000 1.000000 0.000000 0.000000
14.000000 157.677892 5.631971 -0.034932 0.965651 0.000000 0.000000 0.000000 1.000000 0.000000 0.000000
14.000000 157.680362 5.573971 -0.064006 0.966392 0.000000 0.000000 0.000000 1.000000 0.000000 0.000000
14.000000 157.683682 5.623016 -0.052231 0.966532 0.000000 0.000000 0.000000 1.000000 0.000000 0.000000
14.000000 157.686663 5.530053 -0.042907 0.988562 0.000000 0.000000 0.000000 1.000000 0.000000 0.000000
14.000000 157.687145 5.540855 -0.072265 1.006908 0.000000 0.000000 0.000000 1.000000 0.000000 0.000000
14.000000 157.687564 5.553228 -0.068268 1.007752 0.000000 0.000000 0.000000 1.000000 0.000000 0.000000
14.000000 157.687787 5.576908 -0.041656 1.007174 0.000000 0.000000 0.000000 1.000000 0.000000 0.000000
14.000000 157.690314 5.512721 -0.065281 1.009293 0.000000 0.000000 0.000000 1.000000 0.000000 0.000000
14.000000 157.693668 5.596655 -0.045520 0.998238 0.000000 0.000000 0.000000 1.000000 0.000000 0.000000
14.000000 157.696546 5.478687 -0.031827 1.022688 0.000000 0.000000 0.000000 1.000000 0.000000 0.000000
14.000000 157.697251 5.506923 -0.078553 1.039316 0.000000 0.000000 0.000000 1.000000 0.000000 0.000000
14.000000 157.697440 5.503544 -0.069484 1.040605 0.000000 0.000000 0.000000 1.000000 0.000000 0.000000
14.000000 157.699026 5.533207 -0.041032 1.037683 0.000000 0.000000 0.000000 1.000000 0.000000 0.000000
14.000000 157.700374 5.477485 -0.064364 1.037774 0.000000 0.000000 0.000000 1.000000 0.000000 0.000000
14.000000 157.703662 5.557914 -0.048517 1.025931 0.000000 0.000000 0.000000 1.000000 0.000000 0.000000
14.000000 157.706606 5.452465 -0.037398 1.047213 0.000000 0.000000 0.000000 1.000000 0.000000 0.000000
14.000000 157.707157 5.484375 -0.080779 1.058984 0.000000 0.000000 0.000000 1.000000 0.000000 0.000000
14.000000 157.707568 5.475076 -0.065753 1.064710 0.000000 0.000000 0.000000 1.000000 0.000000 0.000000
14.000000 157.707933 5.500828 -0.031056 1.073753 0.000000 0.000000 0.000000 1.000000 0.000000 0.000000
14.000000 157.710305 5.413707 -0.059378 1.075627 0.000000 0.000000 0.000000 1.000000 0.000000 0.000000
14.000000 157.713566 5.504796 -0.045556 1.061413 0.000000 0.000000 0.000000 1.000000 0.000000 0.000000
14.000000 157.716571 5.412229 -0.037939 1.086449 0.000000 0.000000 0.000000 1.000000 0.000000 0.000000
14.000000 157.717199 5.429597 -0.074804 1.105224 0.000000 0.000000 0.000000 1.000000 0.000000 0.000000
14.000000 157.717436 5.422726 -0.063441 1.108178 0.000000 0.000000 0.000000 1.000000 0.000000 0.000000
14.000000 157.717934 5.495121 -0.003182 1.091548 0.000000 0.000000 0.000000 1.000000 0.000000 0.000000
14.000000 157.720412 5.404085 -0.050820 1.091238 0.000000 0.000000 0.000000 1.000000 0.000000 0.000000
14.000000 157.723831 5.477680 -0.042692 1.090445 0.000000 0.000000 0.000000 1.000000 0.000000 0.000000
14.000000 157.726815 5.368271 -0.030409 1.116498 0.000000 0.000000 0.000000 1.000000 0.000000 0.000000
14.000000 157.727179 5.385892 -0.071590 1.137750 0.000000 0.000000 0.000000 1.000000 0.000000 0.000000
14.000000 157.727573 5.385385 -0.065553 1.140355 0.000000 0.000000 0.000000 1.000000 0.000000 0.000000
14.000000 157.727794 5.425168 -0.030104 1.133483 0.000000 0.000000 0.000000 1.000000 0.000000 0.000000
14.000000 157.730342 5.350909 -0.060484 1.131001 0.000000 0.000000 0.000000 1.000000 0.000000 0.000000
14.000000 157.733563 5.412327 -0.041947 1.127350 0.000000 0.000000 0.000000 1.000000 0.000000 0.000000
14.000000 157.736687 5.313639 -0.026252 1.150329 0.000000 0.000000 0.000000 1.000000 0.000000 0.000000
14.000000 157.737150 5.332568 -0.063980 1.167534 0.000000 0.000000 0.000000 1.000000 0.000000 0.000000
14.000000 157.737512 5.344387 -0.063609 1.171355 0.000000 0.000000 0.000000 1.000000 0.000000 0.000000
14.000000 157.739063 5.383410 -0.030562 1.162822 0.000000 0.000000 0.000000 1.000000 0.000000 0.000000
14.000000 157.740466 5.321566 -0.060516 1.162098 0.000000 0.000000 0.000000 1.000000 0.000000 0.000000
14.000000 157.743518 5.396321 -0.044619 1.155462 0.000000 0.000000 0.000000 1.000000 0.000000 0.000000
14.000000 157.746847 5.281692 -0.029095 1.177729 0.000000 0.000000 0.000000 1.000000 0.000000 0.000000
14.000000 157.747200 5.301112 -0.068003 1.195937 0.000000 0.000000 0.000000 1.000000 0.000000 0.000000
14.000000 157.747529 5.304273 -0.063307 1.200330 0.000000 0.000000 0.000000 1.000000 0.000000 0.000000
14.000000 157.748020 5.335348 -0.031357 1.199562 0.000000 0.000000 0.000000 1.000000 0.000000 0.000000
14.000000 157.750311 5.256616 -0.057876 1.197482 0.000000 0.000000 0.000000 1.000000 0.000000 0.000000
14.000000 157.753678 5.344943 -0.037940 1.183740 0.000000 0.000000 0.000000 1.000000 0.000000 0.000000
14.000000 157.756672 5.230275 -0.020602 1.203982 0.000000 0.000000 0.000000 1.000000 0.000000 0.000000
14.000000 157.757333 5.252960 -0.060073 1.219612 0.000000 0.000000 0.000000 1.000000 0.000000 0.000000
14.000000 157.757503 5.258771 -0.056395 1.226291 0.000000 0.000000 0.000000 1.000000 0.000000 0.000000
14.000000 157.759045 5.263559 -0.045309 1.235382 0.000000 0.000000 0.000000 1.000000 0.000000 0.000000
14.000000 157.760355 5.197866 -0.062447 1.231029 0.000000 0.000000 0.000000 1.000000 0.000000 0.000000
14.000000 157.763762 5.294416 -0.035359 1.211285 0.000000 0.000000 0.000000 1.000000 0.000000 0.000000
14.000000 157.766762 5.197725 -0.019711 1.235879 0.000000 0.000000 0.000000 1.000000 0.000000 0.000000
14.000000 157.767195 5.220421 -0.059264 1.252337 0.000000 0.000000 0.000000 1.000000 0.000000 0.000000
14.000000 157.767563 5.222631 -0.054135 1.256154 0.000000 0.000000 0.000000 1.000000 0.000000 0.000000
14.000000 157.767986 5.277099 -0.006091 1.245701 0.000000 0.000000 0.000000 1.000000 0.000000 0.000000
14.000000 157.770468 5.179909 -0.047592 1.243573 0.000000 0.000000 0.000000 1.000000 0.000000 0.000000
14.000000 157.773586 5.252574 -0.031208 1.241045 0.000000 0.000000 0.000000 1.000000 0.000000 0.000000
14.000000 157.776716 5.144787 -0.010980 1.264436 0.000000 0.000000 0.000000 1.000000 0.000000 0.000000
14.000000 157.777343 5.172941 -0.053601 1.278690 0.000000 0.000000 0.000000 1.000000 0.000000 0.000000
14.000000 157.777512 5.183865 -0.052710 1.281762 0.000000 0.000000 0.000000 1.000000 0.000000 0.000000
14.000000 157.779067 5.207271 -0.027014 1.281878 0.000000 0.000000 0.000000 1.000000 0.000000 0.000000
14.000000 157.780436 5.123436 -0.055124 1.280548 0.000000 0.000000 0.000000 1.000000 0.000000 0.000000
14.000000 157.783551 5.229238 -0.033248 1.263359 0.000000 0.000000 0.000000 1.000000 0.000000 0.000000
14.000000 157.786855 5.109043 -0.013436 1.286118 0.000000 0.000000 0.000000 1.000000 0.000000 0.000000
14.000000 157.787112 5.123663 -0.049048 1.306258 0.000000 0.000000 0.000000 1.000000 0.000000 0.000000
14.000000 157.787678 5.140713 -0.051885 1.309157 0.000000 0.000000 0.000000 1.000000 0.000000 0.000000
14.000000 157.788040 5.172696 -0.023452 1.302289 0.000000 0.000000 0.000000 1.000000 0.000000 0.000000
14.000000 157.790423 5.102330 -0.052603 1.300885 0.000000 0.000000 0.000000 1.000000 0.000000 0.000000
14.000000 157.793513 5.205265 -0.039579 1.283660 0.000000 0.000000 0.000000 1.000000 0.000000 0.000000
14.000000 157.796611 5.093312 -0.026902 1.304319 0.000000 0.000000 0.000000 1.000000 0.000000 0.000000
14.000000 157.797256 5.095531 -0.052051 1.327192 0.000000 0.000000 0.000000 1.000000 0.000000 0.000000
14.000000 157.797535 5.102584 -0.049441 1.331333 0.000000 0.000000 0.000000 1.000000 0.000000 0.000000
14.000000 157.799168 5.128933 -0.022232 1.330979 0.000000 0.000000 0.000000 1.000000 0.000000 0.000000
14.000000 157.800622 5.046623 -0.050344 1.328333 0.000000 0.000000 0.000000 1.000000 0.000000 0.000000
14.000000 157.803599 5.134194 -0.038870 1.312813 0.000000 0.000000 0.000000 1.000000 0.000000 0.000000
14.000000 157.806756 5.040933 -0.029334 1.331252 0.000000 0.000000 0.000000 1.000000 0.000000 0.000000
14.000000 157.807213 5.070405 -0.063850 1.339927 0.000000 0.000000 0.000000 1.000000 0.000000 0.000000
14.000000 157.807511 5.051620 -0.046334 1.341023 0.000000 0.000000 0.000000 1.000000 0.000000 0.000000
14.000000 157.807852 5.080814 -0.010792 1.346631 0.000000 0.000000 0.000000 1.000000 0.000000 0.000000
14.000000 157.810438 4.987386 -0.043593 1.350008 0.000000 0.000000 0.000000 1.000000 0.000000 0.000000
14.000000 157.813736 5.090348 -0.034877 1.334201 0.000000 0.000000 0.000000 1.000000 0.000000 0.000000
14.000000 157.816617 5.010662 -0.023667 1.354639 0.000000 0.000000 0.000000 1.000000 0.000000 0.000000
14.000000 157.817275 5.010651 -0.043949 1.375166 0.000000 0.000000 0.000000 1.000000 0.000000 0.000000
14.000000 157.817451 5.021512 -0.044433 1.378393 0.000000 0.000000 0.000000 1.000000 0.000000 0.000000
14.000000 157.818004 5.085393 0.011875 1.363355 0.000000 0.000000 0.000000 1.000000 0.000000 0.000000
14.000000 157.820584 4.968727 -0.037730 1.362288 0.000000 0.000000 0.000000 1.000000 0.000000 0.000000
14.000000 157.823571 5.060476 -0.010008 1.362426 0.000000 0.000000 0.000000 1.000000 0.000000 0.000000
14.000000 157.826804 4.904706 0.029486 1.388875 0.000000 0.000000 0.000000 1.000000 0.000000 0.000000
14.000000 157.827243 4.966149 -0.039944 1.396192 0.000000 0.000000 0.000000 1.000000 0.000000 0.000000
14.000000 157.827609 4.978202 -0.041627 1.399368 0.000000 0.000000 0.000000 1.000000 0.000000 0.000000
14.000000 157.827953 5.006707 -0.015209 1.394519 0.000000 0.000000 0.000000 1.000000 0.000000 0.000000
14.000000 157.830299 4.922252 -0.046011 1.390804 0.000000 0.000000 0.000000 1.000000 0.000000 0.000000
14.000000 157.833557 5.022650 -0.008652 1.381650 0.000000 0.000000 0.000000 1.000000 0.000000 0.000000
14.000000 157.836579 4.878309 0.024782 1.414942 0.000000 0.000000 0.000000 1.000000 0.000000 0.000000
14.000000 157.837281 4.951346 -0.055202 1.422237 0.000000 0.000000 0.000000 1.000000 0.000000 0.000000
14.000000 157.837484 4.934398 -0.044242 1.421540 0.000000 0.000000 0.000000 1.000000 0.000000 0.000000
14.000000 157.838168 4.963791 -0.017298 1.417009 0.000000 0.000000 0.000000 1.000000 0.000000 0.000000
14.000000 157.840389 4.886762 -0.045394 1.413041 0.000000 0.000000 0.000000 1.000000 0.000000 0.000000
14.000000 157.843583 4.977805 -0.031779 1.397184 0.000000 0.000000 0.000000 1.000000 0.000000 0.000000
14.000000 157.846785 4.880411 -0.015064 1.410949 0.000000 0.000000 0.000000 1.000000 0.000000 0.000000
14.000000 157.847207 4.947555 -0.064376 1.436027 0.000000 0.000000 0.000000 1.000000 0.000000 0.000000
14.000000 157.847701 4.897220 -0.039122 1.437600 0.000000 0.000000 0.000000 1.000000 0.000000 0.000000
14.000000 157.848999 4.925845 -0.013462 1.437348 0.000000 0.000000 0.000000 1.000000 0.000000 0.000000
14.000000 157.850504 4.842613 -0.044681 1.429006 0.000000 0.000000 0.000000 1.000000 0.000000 0.000000
14.000000 157.853632 4.929118 -0.027699 1.414485 0.000000 0.000000 0.000000 1.000000 0.000000 0.000000
14.000000 157.856900 4.838479 -0.011313 1.432292 0.000000 0.000000 0.000000 1.000000 0.000000 0.000000
14.000000 157.857456 4.847617 -0.036787 1.448777 0.000000 0.000000 0.000000 1.000000 0.000000 0.000000
14.000000 157.857511 4.865784 -0.041702 1.452586 0.000000 0.000000 0.000000 1.000000 0.000000 0.000000
14.000000 157.858516 4.908815 0.003044 1.447729 0.000000 0.000000 0.000000 1.000000 0.000000 0.000000
14.000000 157.860468 4.787301 -0.035984 1.447510 0.000000 0.000000 0.000000 1.000000 0.000000 0.000000
14.000000 157.863673 4.894929 -0.023339 1.430732 0.000000 0.000000 0.000000 1.000000 0.000000 0.000000
14.000000 157.866736 4.798497 -0.005768 1.449008 0.000000 0.000000 0.000000 1.000000 0.000000 0.000000
14.000000 157.867207 4.810940 -0.033813 1.464969 0.000000 0.000000 0.000000 1.000000 0.000000 0.000000
14.000000 157.867608 4.821348 -0.034613 1.470544 0.000000 0.000000 0.000000 1.000000 0.000000 0.000000
14.000000 157.867895 4.845600 -0.001757 1.476897 0.000000 0.000000 0.000000 1.000000 0.000000 0.000000
14.000000 157.870576 4.711645 -0.036543 1.474357 0.000000 0.000000 0.000000 1.000000 0.000000 0.000000
14.000000 157.873590 4.894805 -0.006941 1.435571 0.000000 0.000000 0.000000 1.000000 0.000000 0.000000
14.000000 157.876798 4.734742 0.020502 1.461687 0.000000 0.000000 0.000000 1.000000 0.000000 0.000000
14.000000 157.877419 4.755003 -0.023545 1.485170 0.000000 0.000000 0.000000 1.000000 0.000000 0.000000
14.000000 157.877564 4.777306 -0.029210 1.489821 0.000000 0.000000 0.000000 1.000000 0.000000 0.000000
14.000000 157.878064 4.790572 -0.014733 1.490349 0.000000 0.000000 0.000000 1.000000 0.000000 0.000000
14.000000 157.880645 4.711621 -0.039897 1.485934 0.000000 0.000000 0.000000 1.000000 0.000000 0.000000
14.000000 157.883642 4.848469 -0.005801 1.461540 0.000000 0.000000 0.000000 1.000000 0.000000 0.000000
14.000000 157.886886 4.691469 0.027065 1.486823 0.000000 0.000000 0.000000 1.000000 0.000000 0.000000
14.000000 157.887314 4.747442 -0.036677 1.495545 0.000000 0.000000 0.000000 1.000000 0.000000 0.000000
14.000000 157.887559 4.736317 -0.026812 1.499345 0.000000 0.000000 0.000000 1.000000 0.000000 0.000000
14.000000 157.887866 4.763012 -0.000253 1.499509 0.000000 0.000000 0.000000 1.000000 0.000000 0.000000
14.000000 157.890380 4.670170 -0.033737 1.494789 0.000000 0.000000 0.000000 1.000000 0.000000 0.000000
14.000000 157.893567 4.768896 -0.006058 1.483109 0.000000 0.000000 0.000000 1.000000 0.000000 0.000000
14.000000 157.896800 4.650651 0.023673 1.507118 0.000000 0.000000 0.000000 1.000000 0.000000 0.000000
14.000000 157.897356 4.700383 -0.033400 1.514662 0.000000 0.000000 0.000000 1.000000 0.000000 0.000000
14.000000 157.897553 4.693660 -0.028905 1.515998 0.000000 0.000000 0.000000 1.000000 0.000000 0.000000
14.000000 157.897956 4.710304 -0.005462 1.520784 0.000000 0.000000 0.000000 1.000000 0.000000 0.000000
14.000000 157.900628 4.605759 -0.032813 1.519276 0.000000 0.000000 0.000000 1.000000 0.000000 0.000000
14.000000 157.903531 4.712014 -0.010902 1.499664 0.000000 0.000000 0.000000 1.000000 0.000000 0.000000
14.000000 157.906858 4.606761 0.014378 1.513998 0.000000 0.000000 0.000000 1.000000 0.000000 0.000000
14.000000 157.907200 4.667560 -0.038317 1.508279 0.000000 0.000000 0.000000 1.000000 0.000000 0.000000
14.000000 157.907615 4.667196 -0.029965 1.512763 0.000000 0.000000 0.000000 1.000000 0.000000 0.000000
14.000000 157.907859 4.707516 0.019300 1.518767 0.000000 0.000000 0.000000 1.000000 0.000000 0.000000
14.000000 157.910373 4.560205 -0.024307 1.520433 0.000000 0.000000 0.000000 1.000000 0.000000 0.000000
14.000000 157.913622 4.677536 -0.001205 1.505488 0.000000 0.000000 0.000000 1.000000 0.000000 0.000000
14.000000 157.916709 4.553683 0.030136 1.526788 0.000000 0.000000 0.000000 1.000000 0.000000 0.000000
14.000000 157.917407 4.598134 -0.022001 1.534480 0.000000 0.000000 0.000000 1.000000 0.000000 0.000000
14.000000 157.917558 4.623083 -0.029232 1.539164 0.000000 0.000000 0.000000 1.000000 0.000000 0.000000
14.000000 157.918046 4.658144 0.014672 1.541983 0.000000 0.000000 0.000000 1.000000 0.000000 0.000000
14.000000 157.920519 4.504611 -0.026601 1.542645 0.000000 0.000000 0.000000 1.000000 0.000000 0.000000
14.000000 157.923623 4.632308 0.006254 1.525439 0.000000 0.000000 0.000000 1.000000 0.000000 0.000000
14.000000 157.926786 4.490017 0.048560 1.545343 0.000000 0.000000 0.000000 1.000000 0.000000 0.000000
14.000000 157.927234 4.565544 -0.022014 1.540518 0.000000 0.000000 0.000000 1.000000 0.000000 0.000000
14.000000 157.927639 4.575007 -0.020983 1.545952 0.000000 0.000000 0.000000 1.000000 0.000000 0.000000
14.000000 157.927863 4.589459 -0.003097 1.550292 0.000000 0.000000 0.000000 1.000000 0.000000 0.000000
14.000000 157.930431 4.500214 -0.029780 1.545826 0.000000 0.000000 0.000000 1.000000 0.000000 0.000000
14.000000 157.933586 4.599295 0.002750 1.531859 0.000000 0.000000 0.000000 1.000000 0.000000 0.000000
14.000000 157.936714 4.477825 0.039074 1.550222 0.000000 0.000000 0.000000 1.000000 0.000000 0.000000
14.000000 157.937342 4.527802 -0.016211 1.554095 0.000000 0.000000 0.000000 1.000000 0.000000 0.000000
14.000000 157.937605 4.533137 -0.019106 1.558201 0.000000 0.000000 0.000000 1.000000 0.000000 0.000000
14.000000 157.938046 4.543603 -0.003546 1.562136 0.000000 0.000000 0.000000 1.000000 0.000000 0.000000
14.000000 157.940520 4.445065 -0.028799 1.557849 0.000000 0.000000 0.000000 1.000000 0.000000 0.000000
14.000000 157.943644 4.542887 0.006901 1.543408 0.000000 0.000000 0.000000 1.000000 0.000000 0.000000
14.000000 157.946666 4.433042 0.043692 1.563217 0.000000 0.000000 0.000000 1.000000 0.000000 0.000000
14.000000 157.947237 4.495989 -0.018047 1.561284 0.000000 0.000000 0.000000 1.000000 0.000000 0.000000
14.000000 157.947671 4.496755 -0.016848 1.564658 0.000000 0.000000 0.000000 1.000000 0.000000 0.000000
14.000000 157.947907 4.512078 0.000589 1.565895 0.000000 0.000000 0.000000 1.000000 0.000000 0.000000
14.000000 157.950494 4.441509 -0.020643 1.563079 0.000000 0.000000 0.000000 1.000000 0.000000 0.000000
14.000000 157.953748 4.535822 0.010577 1.549556 0.000000 0.000000 0.000000 1.000000 0.000000 0.000000
14.000000 157.956628 4.373238 0.047924 1.564962 0.000000 0.000000 0.000000 1.000000 0.000000 0.000000
14.000000 157.957545 4.450295 -0.025245 1.566792 0.000000 0.000000 0.000000 1.000000 0.000000 0.000000
14.000000 157.957591 4.478042 -0.006024 1.555198 0.000000 0.000000 0.000000 1.000000 0.000000 0.000000
14.000000 157.958937 4.407419 0.015023 1.547843 0.000000 0.000000 0.000000 1.000000 0.000000 0.000000
14.000000 157.960447 4.384844 -0.008268 1.564803 0.000000 0.000000 0.000000 1.000000 0.000000 0.000000
14.000000 157.963603 4.481396 0.011697 1.559178 0.000000 0.000000 0.000000 1.000000 0.000000 0.000000
14.000000 157.966829 4.349757 0.047902 1.577072 0.000000 0.000000 0.000000 1.000000 0.000000 0.000000
14.000000 157.967306 4.415518 -0.018958 1.576213 0.000000 0.000000 0.000000 1.000000 0.000000 0.000000
14.000000 157.967630 4.409691 -0.015669 1.583922 0.000000 0.000000 0.000000 1.000000 0.000000 0.000000
14.000000 157.967932 4.466288 0.036782 1.573790 0.000000 0.000000 0.000000 1.000000 0.000000 0.000000
14.000000 157.970505 4.356452 -0.007489 1.570398 0.000000 0.000000 0.000000 1.000000 0.000000 0.000000
14.000000 157.973703 4.437261 -0.001389 1.562209 0.000000 0.000000 0.000000 1.000000 0.000000 0.000000
14.000000 157.976676 4.360201 0.017063 1.574292 0.000000 0.000000 0.000000 1.000000 0.000000 0.000000
14.000000 157.977360 4.386892 -0.016314 1.580149 0.000000 0.000000 0.000000 1.000000 0.000000 0.000000
14.000000 157.977547 4.375622 -0.011762 1.585984 0.000000 0.000000 0.000000 1.000000 0.000000 0.000000
14.000000 157.978077 4.386329 0.001239 1.589970 0.000000 0.000000 0.000000 1.000000 0.000000 0.000000
14.000000 157.980485 4.311386 -0.017629 1.582462 0.000000 0.000000 0.000000 1.000000 0.000000 0.000000
14.000000 157.983667 4.398172 0.002621 1.562379 0.000000 0.000000 0.000000 1.000000 0.000000 0.000000
14.000000 157.986809 4.320421 0.018571 1.577108 0.000000 0.000000 0.000000 1.000000 0.000000 0.000000
14.000000 157.987244 4.347839 -0.016212 1.584366 0.000000 0.000000 0.000000 1.000000 0.000000 0.000000
14.000000 157.987601 4.337049 -0.010816 1.588425 0.000000 0.000000 0.000000 1.000000 0.000000 0.000000
14.000000 157.987908 4.358879 0.012306 1.588567 0.000000 0.000000 0.000000 1.000000 0.000000 0.000000
14.000000 157.990498 4.290385 -0.008189 1.584925 0.000000 0.000000 0.000000 1.000000 0.000000 0.000000
14.000000 157.993779 4.404292 0.007625 1.559104 0.000000 0.000000 0.000000 1.000000 0.000000 0.000000
14.000000 157.996892 4.284932 0.021747 1.576240 0.000000 0.000000 0.000000 1.000000 0.000000 0.000000
14.000000 157.997291 4.318280 -0.020188 1.586096 0.000000 0.000000 0.000000 1.000000 0.000000 0.000000
14.000000 157.997605 4.295978 -0.007014 1.588796 0.000000 0.000000 0.000000 1.000000 0.000000 0.000000
14.000000 157.998312 4.307717 0.008524 1.594852 0.000000 0.000000 0.000000 1.000000 0.000000 0.000000
14.000000 158.000494 4.241657 -0.010828 1.591767 0.000000 0.000000 0.000000 1.000000 0.000000 0.000000
14.000000 158.003665 4.369399 0.004600 1.561366 0.000000 0.000000 0.000000 1.000000 0.000000 0.000000
14.000000 158.006824 4.240329 0.022167 1.573446 0.000000 0.000000 0.000000 1.000000 0.000000 0.000000
14.000000 158.007240 4.289677 -0.022841 1.571770 0.000000 0.000000 0.000000 1.000000 0.000000 0.000000
14.000000 158.007672 4.265556 -0.002978 1.574898 0.000000 0.000000 0.000000 1.000000 0.000000 0.000000
14.000000 158.007884 4.294005 0.032911 1.583419 0.000000 0.000000 0.000000 1.000000 0.000000 0.000000
14.000000 158.010474 4.195393 -0.002773 1.586948 0.000000 0.000000 0.000000 1.000000 0.000000 0.000000
14.000000 158.013711 4.337638 0.004427 1.559532 0.000000 0.000000 0.000000 1.000000 0.000000 0.000000
14.000000 158.016722 4.193291 0.024119 1.572767 0.000000 0.000000 0.000000 1.000000 0.000000 0.000000
14.000000 158.017297 4.213448 -0.006956 1.585401 0.000000 0.000000 0.000000 1.000000 0.000000 0.000000
14.000000 158.017682 4.215814 -0.001502 1.592504 0.000000 0.000000 0.000000 1.000000 0.000000 0.000000
14.000000 158.018054 4.263105 0.046489 1.588919 0.000000 0.000000 0.000000 1.000000 0.000000 0.000000
14.000000 158.020575 4.141422 0.002887 1.585163 0.000000 0.000000 0.000000 1.000000 0.000000 0.000000
14.000000 158.023692 4.280325 0.015891 1.559266 0.000000 0.000000 0.000000 1.000000 0.000000 0.000000
14.000000 158.026887 4.154940 0.037977 1.576590 0.000000 0.000000 0.000000 1.000000 0.000000 0.000000
14.000000 158.027278 4.190666 -0.008068 1.586296 0.000000 0.000000 0.000000 1.000000 0.000000 0.000000
14.000000 158.027696 4.181557 -0.002458 1.591620 0.000000 0.000000 0.000000 1.000000 0.000000 0.000000
14.000000 158.028101 4.201518 0.020725 1.594511 0.000000 0.000000 0.000000 1.000000 0.000000 0.000000
14.000000 158.030524 4.121694 -0.001706 1.590406 0.000000 0.000000 0.000000 1.000000 0.000000 0.000000
14.000000 158.033699 4.189810 0.010488 1.576513 0.000000 0.000000 0.000000 1.000000 0.000000 0.000000
14.000000 158.036701 4.122494 0.022817 1.588186 0.000000 0.000000 0.000000 1.000000 0.000000 0.000000
14.000000 158.037546 4.152620 -0.006546 1.588891 0.000000 0.000000 0.000000 1.000000 0.000000 0.000000
14.000000 158.037597 4.140223 0.004434 1.591174 0.000000 0.000000 0.000000 1.000000 0.000000 0.000000
14.000000 158.038980 4.154300 0.020635 1.594690 0.000000 0.000000 0.000000 1.000000 0.000000 0.000000
14.000000 158.040581 4.079956 -0.002796 1.589667 0.000000 0.000000 0.000000 1.000000 0.000000 0.000000
14.000000 158.043662 4.174556 0.035487 1.577940 0.000000 0.000000 0.000000 1.000000 0.000000 0.000000
14.000000 158.046781 4.021659 0.078444 1.598478 0.000000 0.000000 0.000000 1.000000 0.000000 0.000000
14.000000 158.047440 4.116086 -0.007803 1.587094 0.000000 0.000000 0.000000 1.000000 0.000000 0.000000
14.000000 158.047708 4.098583 0.003877 1.590720 0.000000 0.000000 0.000000 1.000000 0.000000 0.000000
14.000000 158.048300 4.120336 0.026701 1.591968 0.000000 0.000000 0.000000 1.000000 0.000000 0.000000
14.000000 158.050542 4.029041 -0.006085 1.586834 0.000000 0.000000 0.000000 1.000000 0.000000 0.000000
14.000000 158.053813 4.118283 0.006629 1.571292 0.000000 0.000000 0.000000 1.000000 0.000000 0.000000
14.000000 158.056636 4.046505 0.029281 1.578687 0.000000 0.000000 0.000000 1.000000 0.000000 0.000000
14.000000 158.057549 4.071271 0.000926 1.580393 0.000000 0.000000 0.000000 1.000000 0.000000 0.000000
14.000000 158.057685 4.059334 0.005555 1.587474 0.000000 0.000000 0.000000 1.000000 0.000000 0.000000
14.000000 158.058285 4.094221 0.043470 1.586587 0.000000 0.000000 0.000000 1.000000 0.000000 0.000000
14.000000 158.060588 3.980143 0.005392 1.583658 0.000000 0.000000 0.000000 1.000000 0.000000 0.000000
14.000000 158.063696 4.070949 0.013118 1.567750 0.000000 0.000000 0.000000 1.000000 0.000000 0.000000
14.000000 158.066753 3.998388 0.032332 1.574584 0.000000 0.000000 0.000000 1.000000 0.000000 0.000000
14.000000 158.067231 4.022511 0.004599 1.576498 0.000000 0.000000 0.000000 1.000000 0.000000 0.000000
14.000000 158.067684 4.020483 0.006792 1.585496 0.000000 0.000000 0.000000 1.000000 0.000000 0.000000
14.000000 158.068082 4.055427 0.046138 1.586539 0.000000 0.000000 0.000000 1.000000 0.000000 0.000000
14.000000 158.070470 3.933567 0.009357 1.582047 0.000000 0.000000 0.000000 1.000000 0.000000 0.000000
14.000000 158.073717 4.016620 0.015456 1.565351 0.000000 0.000000 0.000000 1.000000 0.000000 0.000000
14.000000 158.076652 3.976836 0.025691 1.575940 0.000000 0.000000 0.000000 1.000000 0.000000 0.000000
14.000000 158.077404 4.004467 -0.002032 1.575685 0.000000 0.000000 0.000000 1.000000 0.000000 0.000000
14.000000 158.077608 3.984997 0.008503 1.578176 0.000000 0.000000 0.000000 1.000000 0.000000 0.000000
14.000000 158.078109 4.003700 0.030499 1.580690 0.000000 0.000000 0.000000 1.000000 0.000000 0.000000
14.000000 158.080761 3.908025 0.004919 1.573791 0.000000 0.000000 0.000000 1.000000 0.000000 0.000000
14.000000 158.083685 3.991021 0.040894 1.561921 0.000000 0.000000 0.000000 1.000000 0.000000 0.000000
14.000000 158.086765 3.875939 0.077325 1.582143 0.000000 0.000000 0.000000 1.000000 0.000000 0.000000
14.000000 158.087432 3.959190 0.000216 1.571648 0.000000 0.000000 0.000000 1.000000 0.000000 0.000000
14.000000 158.087712 3.941366 0.010458 1.573105 0.000000 0.000000 0.000000 1.000000 0.000000 0.000000
14.000000 158.088073 3.959179 0.031449 1.575112 0.000000 0.000000 0.000000 1.000000 0.000000 0.000000
14.000000 158.090636 3.878772 0.009765 1.570120 0.000000 0.000000 0.000000 1.000000 0.000000 0.000000
14.000000 158.093802 3.939123 0.019127 1.556136 0.000000 0.000000 0.000000 1.000000 0.000000 0.000000
14.000000 158.096710 3.903489 0.028058 1.564867 0.000000 0.000000 0.000000 1.000000 0.000000 0.000000
14.000000 158.097438 3.927569 0.000056 1.566622 0.000000 0.000000 0.000000 1.000000 0.000000 0.000000
14.000000 158.097638 3.894566 0.011516 1.570206 0.000000 0.000000 0.000000 1.000000 0.000000 0.000000
14.000000 158.098055 3.910511 0.029432 1.571779 0.000000 0.000000 0.000000 1.000000 0.000000 0.000000
14.000000 158.100540 3.829985 0.007592 1.564444 0.000000 0.000000 0.000000 1.000000 0.000000 0.000000
14.000000 158.103695 3.895297 0.020916 1.548937 0.000000 0.000000 0.000000 1.000000 0.000000 0.000000
14.000000 158.106768 3.843533 0.035672 1.555262 0.000000 0.000000 0.000000 1.000000 0.000000 0.000000
14.000000 158.107389 3.867877 0.021108 1.548354 0.000000 0.000000 0.000000 1.000000 0.000000 0.000000
14.000000 158.107716 3.886583 0.026306 1.550937 0.000000 0.000000 0.000000 1.000000 0.000000 0.000000
14.000000 158.108011 3.897335 0.044201 1.559901 0.000000 0.000000 0.000000 1.000000 0.000000 0.000000
14.000000 158.110683 3.788867 0.012276 1.556748 0.000000 0.000000 0.000000 1.000000 0.000000 0.000000
14.000000 158.113688 3.872027 0.020078 1.539033 0.000000 0.000000 0.000000 1.000000 0.000000 0.000000
14.000000 158.116668 3.817705 0.035509 1.544514 0.000000 0.000000 0.000000 1.000000 0.000000 0.000000
14.000000 158.117455 3.844638 0.008794 1.542219 0.000000 0.000000 0.000000 1.000000 0.000000 0.000000
14.000000 158.117603 3.824492 0.018054 1.547030 0.000000 0.000000 0.000000 1.000000 0.000000 0.000000
14.000000 158.118061 3.855884 0.052768 1.546240 0.000000 0.000000 0.000000 1.000000 0.000000 0.000000
14.000000 158.120827 3.758870 0.019346 1.543829 0.000000 0.000000 0.000000 1.000000 0.000000 0.000000
14.000000 158.123727 3.852904 0.023911 1.524056 0.000000 0.000000 0.000000 1.000000 0.000000 0.000000
14.000000 158.126796 3.786135 0.036060 1.533505 0.000000 0.000000 0.000000 1.000000 0.000000 0.000000
14.000000 158.127503 3.806803 0.009849 1.538009 0.000000 0.000000 0.000000 1.000000 0.000000 0.000000
14.000000 158.127748 3.780972 0.020133 1.538610 0.000000 0.000000 0.000000 1.000000 0.000000 0.000000
14.000000 158.127972 3.797838 0.041379 1.540468 0.000000 0.000000 0.000000 1.000000 0.000000 0.000000
14.000000 158.130766 3.711815 0.016154 1.538035 0.000000 0.000000 0.000000 1.000000 0.000000 0.000000
14.000000 158.133752 3.805714 0.027874 1.516335 0.000000 0.000000 0.000000 1.000000 0.000000 0.000000
14.000000 158.136708 3.736161 0.044339 1.525046 0.000000 0.000000 0.000000 1.000000 0.000000 0.000000
14.000000 158.137591 3.769971 0.009216 1.523710 0.000000 0.000000 0.000000 1.000000 0.000000 0.000000
14.000000 158.137635 3.747978 0.018787 1.526021 0.000000 0.000000 0.000000 1.000000 0.000000 0.000000
14.000000 158.138092 3.761456 0.037798 1.530739 0.000000 0.000000 0.000000 1.000000 0.000000 0.000000
14.000000 158.140872 3.675439 0.015818 1.527036 0.000000 0.000000 0.000000 1.000000 0.000000 0.000000
14.000000 158.143729 3.762612 0.028189 1.504794 0.000000 0.000000 0.000000 1.000000 0.000000 0.000000
14.000000 158.146801 3.699547 0.042240 1.512817 0.000000 0.000000 0.000000 1.000000 0.000000 0.000000
14.000000 158.147481 3.725680 0.013120 1.513624 0.000000 0.000000 0.000000 1.000000 0.000000 0.000000
14.000000 158.147762 3.703013 0.023402 1.518055 0.000000 0.000000 0.000000 1.000000 0.000000 0.000000
14.000000 158.148040 3.730619 0.051199 1.514859 0.000000 0.000000 0.000000 1.000000 0.000000 0.000000
14.000000 158.150748 3.646030 0.020946 1.508262 0.000000 0.000000 0.000000 1.000000 0.000000 0.000000
14.000000 158.153824 3.719242 0.028515 1.492926 0.000000 0.000000 0.000000 1.000000 0.000000 0.000000
14.000000 158.156735 3.668131 0.040254 1.502933 0.000000 0.000000 0.000000 1.000000 0.000000 0.000000
14.000000 158.157379 3.732322 -0.009027 1.485275 0.000000 0.000000 0.000000 1.000000 0.000000 0.000000
14.000000 158.157667 3.676906 0.023499 1.487099 0.000000 0.000000 0.000000 1.000000 0.000000 0.000000
14.000000 158.158219 3.724664 0.086268 1.496946 0.000000 0.000000 0.000000 1.000000 0.000000 0.000000
14.000000 158.160830 3.564756 0.033617 1.501670 0.000000 0.000000 0.000000 1.000000 0.000000 0.000000
14.000000 158.163913 3.683877 0.045528 1.483713 0.000000 0.000000 0.000000 1.000000 0.000000 0.000000
14.000000 158.166780 3.588332 0.077761 1.495882 0.000000 0.000000 0.000000 1.000000 0.000000 0.000000
14.000000 158.167351 3.652193 0.017378 1.485387 0.000000 0.000000 0.000000 1.000000 0.000000 0.000000
14.000000 158.167750 3.626425 0.028926 1.488860 0.000000 0.000000 0.000000 1.000000 0.000000 0.000000
14.000000 158.168374 3.640641 0.043608 1.489444 0.000000 0.000000 0.000000 1.000000 0.000000 0.000000
14.000000 158.170518 3.569911 0.018650 1.482634 0.000000 0.000000 0.000000 1.000000 0.000000 0.000000
14.000000 158.173760 3.672741 0.035638 1.458077 0.000000 0.000000 0.000000 1.000000 0.000000 0.000000
14.000000 158.176734 3.579876 0.056506 1.469323 0.000000 0.000000 0.000000 1.000000 0.000000 0.000000
14.000000 158.177399 3.607694 0.022414 1.473075 0.000000 0.000000 0.000000 1.000000 0.000000 0.000000
14.000000 158.177683 3.587868 0.031660 1.475573 0.000000 0.000000 0.000000 1.000000 0.000000 0.000000
14.000000 158.178227 3.588478 0.038258 1.484491 0.000000 0.000000 0.000000 1.000000 0.000000 0.000000
14.000000 158.180762 3.506466 0.018739 1.479577 0.000000 0.000000 0.000000 1.000000 0.000000 0.000000
14.000000 158.183771 3.593781 0.034848 1.455832 0.000000 0.000000 0.000000 1.000000 0.000000 0.000000
14.000000 158.186838 3.550344 0.050944 1.463710 0.000000 0.000000 0.000000 1.000000 0.000000 0.000000
14.000000 158.187356 3.587083 0.017260 1.456859 0.000000 0.000000 0.000000 1.000000 0.000000 0.000000
14.000000 158.187752 3.554832 0.032777 1.460480 0.000000 0.000000 0.000000 1.000000 0.000000 0.000000
14.000000 158.188077 3.565056 0.048863 1.468340 0.000000 0.000000 0.000000 1.000000 0.000000 0.000000
14.000000 158.190549 3.478790 0.025917 1.462778 0.000000 0.000000 0.000000 1.000000 0.000000 0.000000
14.000000 158.193710 3.571597 0.036923 1.436777 0.000000 0.000000 0.000000 1.000000 0.000000 0.000000
14.000000 158.196766 3.512989 0.049585 1.443520 0.000000 0.000000 0.000000 1.000000 0.000000 0.000000
14.000000 158.197458 3.546762 0.019649 1.437357 0.000000 0.000000 0.000000 1.000000 0.000000 0.000000
14.000000 158.197668 3.527377 0.033579 1.440963 0.000000 0.000000 0.000000 1.000000 0.000000 0.000000
14.000000 158.198178 3.551974 0.062598 1.443081 0.000000 0.000000 0.000000 1.000000 0.000000 0.000000
14.000000 158.200657 3.447499 0.028886 1.436797 0.000000 0.000000 0.000000 1.000000 0.000000 0.000000
14.000000 158.203796 3.533519 0.038686 1.416878 0.000000 0.000000 0.000000 1.000000 0.000000 0.000000
14.000000 158.206801 3.465288 0.057721 1.421704 0.000000 0.000000 0.000000 1.000000 0.000000 0.000000
14.000000 158.207322 3.493405 0.027582 1.419369 0.000000 0.000000 0.000000 1.000000 0.000000 0.000000
14.000000 158.207733 3.484601 0.031275 1.424111 0.000000 0.000000 0.000000 1.000000 0.000000 0.000000
14.000000 158.208255 3.522606 0.077054 1.421842 0.000000 0.000000 0.000000 1.000000 0.000000 0.000000
14.000000 158.210644 3.396881 0.035563 1.421851 0.000000 0.000000 0.000000 1.000000 0.000000 0.000000
14.000000 158.213804 3.498411 0.038796 1.399739 0.000000 0.000000 0.000000 1.000000 0.000000 0.000000
14.000000 158.216721 3.428886 0.057136 1.404826 0.000000 0.000000 0.000000 1.000000 0.000000 0.000000
14.000000 158.217475 3.461455 0.026799 1.398964 0.000000 0.000000 0.000000 1.000000 0.000000 0.000000
14.000000 158.217664 3.453601 0.032711 1.399344 0.000000 0.000000 0.000000 1.000000 0.000000 0.000000
14.000000 158.218326 3.503892 0.100032 1.400397 0.000000 0.000000 0.000000 1.000000 0.000000 0.000000
14.000000 158.220747 3.327595 0.046385 1.408586 0.000000 0.000000 0.000000 1.000000 0.000000 0.000000
14.000000 158.223816 3.506867 0.052149 1.365620 0.000000 0.000000 0.000000 1.000000 0.000000 0.000000
14.000000 158.226835 3.389333 0.074691 1.381107 0.000000 0.000000 0.000000 1.000000 0.000000 0.000000
14.000000 158.227269 3.435077 0.025276 1.380152 0.000000 0.000000 0.000000 1.000000 0.000000 0.000000
14.000000 158.227811 3.425733 0.032666 1.373998 0.000000 0.000000 0.000000 1.000000 0.000000 0.000000
14.000000 158.228021 3.446225 0.063958 1.376079 0.000000 0.000000 0.000000 1.000000 0.000000 0.000000
14.000000 158.230602 3.340154 0.034528 1.381095 0.000000 0.000000 0.000000 1.000000 0.000000 0.000000
14.000000 158.233788 3.443144 0.054308 1.360121 0.000000 0.000000 0.000000 1.000000 0.000000 0.000000
14.000000 158.236742 3.334806 0.085057 1.371712 0.000000 0.000000 0.000000 1.000000 0.000000 0.000000
14.000000 158.237419 3.393536 0.028964 1.361178 0.000000 0.000000 0.000000 1.000000 0.000000 0.000000
14.000000 158.238077 3.332023 0.052703 1.359522 0.000000 0.000000 0.000000 1.000000 0.000000 0.000000
14.000000 158.240720 3.286964 0.032888 1.366573 0.000000 0.000000 0.000000 1.000000 0.000000 0.000000
14.000000 158.243829 3.394131 0.042862 1.337959 0.000000 0.000000 0.000000 1.000000 0.000000 0.000000
14.000000 158.246942 3.325168 0.060734 1.344336 0.000000 0.000000 0.000000 1.000000 0.000000 0.000000
14.000000 158.247406 3.356409 0.031397 1.338922 0.000000 0.000000 0.000000 1.000000 0.000000 0.000000
14.000000 158.247967 3.289573 0.056865 1.335224 0.000000 0.000000 0.000000 1.000000 0.000000 0.000000
14.000000 158.250576 3.262130 0.040937 1.343251 0.000000 0.000000 0.000000 1.000000 0.000000 0.000000
14.000000 158.253838 3.346565 0.046412 1.321578 0.000000 0.000000 0.000000 1.000000 0.000000 0.000000
14.000000 158.256832 3.292175 0.060718 1.325984 0.000000 0.000000 0.000000 1.000000 0.000000 0.000000
14.000000 158.257651 3.326405 0.036575 1.313966 0.000000 0.000000 0.000000 1.000000 0.000000 0.000000
14.000000 158.259163 3.219766 0.079802 1.300795 0.000000 0.000000 0.000000 1.000000 0.000000 0.000000
14.000000 158.260740 3.207727 0.054669 1.315593 0.000000 0.000000 0.000000 1.000000 0.000000 0.000000
14.000000 158.263746 3.308692 0.048664 1.294406 0.000000 0.000000 0.000000 1.000000 0.000000 0.000000
14.000000 158.266894 3.243134 0.065813 1.296840 0.000000 0.000000 0.000000 1.000000 0.000000 0.000000
14.000000 158.267351 3.275809 0.035168 1.289127 0.000000 0.000000 0.000000 1.000000 0.000000 0.000000
14.000000 158.268023 3.195588 0.062795 1.275772 0.000000 0.000000 0.000000 1.000000 0.000000 0.000000
14.000000 158.270607 3.213259 0.052014 1.282030 0.000000 0.000000 0.000000 1.000000 0.000000 0.000000
14.000000 158.273841 3.280287 0.051876 1.269303 0.000000 0.000000 0.000000 1.000000 0.000000 0.000000
14.000000 158.276796 3.212321 0.066458 1.274208 0.000000 0.000000 0.000000 1.000000 0.000000 0.000000
14.000000 158.277629 3.249501 0.032030 1.265739 0.000000 0.000000 0.000000 1.000000 0.000000 0.000000
14.000000 158.278241 3.184922 0.056351 1.264762 0.000000 0.000000 0.000000 1.000000 0.000000 0.000000
14.000000 158.280631 3.150180 0.042667 1.272198 0.000000 0.000000 0.000000 1.000000 0.000000 0.000000
14.000000 158.283812 3.249609 0.054669 1.242370 0.000000 0.000000 0.000000 1.000000 0.000000 0.000000
14.000000 158.286874 3.177664 0.069818 1.249684 0.000000 0.000000 0.000000 1.000000 0.000000 0.000000
14.000000 158.287312 3.216693 0.030979 1.242778 0.000000 0.000000 0.000000 1.000000 0.000000 0.000000
14.000000 158.288079 3.133409 0.060989 1.238383 0.000000 0.000000 0.000000 1.000000 0.000000 0.000000
14.000000 158.290557 3.105200 0.045564 1.246606 0.000000 0.000000 0.000000 1.000000 0.000000 0.000000
14.000000 158.293900 3.203918 0.054539 1.218359 0.000000 0.000000 0.000000 1.000000 0.000000 0.000000
14.000000 158.296957 3.139859 0.069984 1.225385 0.000000 0.000000 0.000000 1.000000 0.000000 0.000000
14.000000 158.297465 3.184973 0.026492 1.215093 0.000000 0.000000 0.000000 1.000000 0.000000 0.000000
14.000000 158.298223 3.086761 0.060863 1.210402 0.000000 0.000000 0.000000 1.000000 0.000000 0.000000
14.000000 158.300784 3.076415 0.050104 1.221997 0.000000 0.000000 0.000000 1.000000 0.000000 0.000000
14.000000 158.303769 3.166841 0.059229 1.196489 0.000000 0.000000 0.000000 1.000000 0.000000 0.000000
14.000000 158.306865 3.096849 0.076603 1.201285 0.000000 0.000000 0.000000 1.000000 0.000000 0.000000
14.000000 158.307582 3.147744 0.037187 1.182957 0.000000 0.000000 0.000000 1.000000 0.000000 0.000000
14.000000 158.308064 3.061715 0.073851 1.169940 0.000000 0.000000 0.000000 1.000000 0.000000 0.000000
14.000000 158.310651 3.059876 0.058723 1.180634 0.000000 0.000000 0.000000 1.000000 0.000000 0.000000
14.000000 158.314014 3.131984 0.053260 1.162413 0.000000 0.000000 0.000000 1.000000 0.000000 0.000000
14.000000 158.316813 3.084147 0.060769 1.166055 0.000000 0.000000 0.000000 1.000000 0.000000 0.000000
14.000000 158.317617 3.117364 0.029098 1.157696 0.000000 0.000000 0.000000 1.000000 0.000000 0.000000
14.000000 158.318216 3.002873 0.068530 1.154631 0.000000 0.000000 0.000000 1.000000 0.000000 0.000000
14.000000 158.320734 2.991589 0.057261 1.169838 0.000000 0.000000 0.000000 1.000000 0.000000 0.000000
14.000000 158.323783 3.098543 0.055372 1.134130 0.000000 0.000000 0.000000 1.000000 0.000000 0.000000
14.000000 158.326927 3.045863 0.060338 1.137086 0.000000 0.000000 0.000000 1.000000 0.000000 0.000000
14.000000 158.327599 3.076276 0.030822 1.129929 0.000000 0.000000 0.000000 1.000000 0.000000 0.000000
14.000000 158.328099 2.963779 0.070007 1.117711 0.000000 0.000000 0.000000 1.000000 0.000000 0.000000
14.000000 158.330670 2.979639 0.060383 1.129380 0.000000 0.000000 0.000000 1.000000 0.000000 0.000000
14.000000 158.333881 3.071585 0.059533 1.103006 0.000000 0.000000 0.000000 1.000000 0.000000 0.000000
14.000000 158.336820 3.002276 0.071701 1.106192 0.000000 0.000000 0.000000 1.000000 0.000000 0.000000
14.000000 158.337493 3.042455 0.033087 1.095529 0.000000 0.000000 0.000000 1.000000 0.000000 0.000000
14.000000 158.338150 2.931318 0.071703 1.086399 0.000000 0.000000 0.000000 1.000000 0.000000 0.000000
14.000000 158.340737 2.953710 0.065504 1.101202 0.000000 0.000000 0.000000 1.000000 0.000000 0.000000
14.000000 158.343969 3.033134 0.058277 1.076427 0.000000 0.000000 0.000000 1.000000 0.000000 0.000000
14.000000 158.346850 2.974651 0.067193 1.071254 0.000000 0.000000 0.000000 1.000000 0.000000 0.000000
14.000000 158.347431 3.002859 0.040364 1.061451 0.000000 0.000000 0.000000 1.000000 0.000000 0.000000
14.000000 158.348058 2.888757 0.075821 1.054314 0.000000 0.000000 0.000000 1.000000 0.000000 0.000000
14.000000 158.350601 2.891269 0.058951 1.067791 0.000000 0.000000 0.000000 1.000000 0.000000 0.000000
14.000000 158.354077 2.996681 0.055624 1.036894 0.000000 0.000000 0.000000 1.000000 0.000000 0.000000
14.000000 158.356801 2.927785 0.072627 1.035599 0.000000 0.000000 0.000000 1.000000 0.000000 0.000000
14.000000 158.357495 2.947935 0.053593 1.029740 0.000000 0.000000 0.000000 1.000000 0.000000 0.000000
14.000000 158.358106 2.842253 0.090060 1.008322 0.000000 0.000000 0.000000 1.000000 0.000000 0.000000
14.000000 158.360687 2.891203 0.074721 1.019018 0.000000 0.000000 0.000000 1.000000 0.000000 0.000000
14.000000 158.363958 2.965439 0.059834 1.004061 0.000000 0.000000 0.000000 1.000000 0.000000 0.000000
14.000000 158.367601 2.776001 0.091431 0.976444 0.000000 0.000000 0.000000 1.000000 0.000000 0.000000
14.000000 158.368075 2.795732 0.084796 0.979546 0.000000 0.000000 0.000000 1.000000 0.000000 0.000000
14.000000 158.370631 2.830933 0.068903 1.000186 0.000000 0.000000 0.000000 1.000000 0.000000 0.000000
14.000000 158.374143 2.986448 0.063737 0.951738 0.000000 0.000000 0.000000 1.000000 0.000000 0.000000
14.000000 158.377443 2.705279 0.111943 0.925902 0.000000 0.000000 0.000000 1.000000 0.000000 0.000000
14.000000 158.378148 2.788113 0.084421 0.950096 0.000000 0.000000 0.000000 1.000000 0.000000 0.000000
14.000000 158.380666 2.811069 0.069892 0.968051 0.000000 0.000000 0.000000 1.000000 0.000000 0.000000
14.000000 158.383982 2.911949 0.076505 0.942026 0.000000 0.000000 0.000000 1.000000 0.000000 0.000000
14.000000 158.387356 2.580756 0.138427 0.895974 0.000000 0.000000 0.000000 1.000000 0.000000 0.000000
14.000000 158.388196 2.748602 0.083146 0.914552 0.000000 0.000000 0.000000 1.000000 0.000000 0.000000
14.000000 158.390593 2.783396 0.072467 0.931737 0.000000 0.000000 0.000000 1.000000 0.000000 0.000000
14.000000 158.393894 2.893250 0.062173 0.895833 0.000000 0.000000 0.000000 1.000000 0.000000 0.000000
14.000000 158.397592 2.691149 0.091403 0.873149 0.000000 0.000000 0.000000 1.000000 0.000000 0.000000
14.000000 158.398254 2.708452 0.085733 0.876408 0.000000 0.000000 0.000000 1.000000 0.000000 0.000000
14.000000 158.400697 2.752931 0.072568 0.890268 0.000000 0.000000 0.000000 1.000000 0.000000 0.000000
14.000000 158.403864 2.836319 0.059702 0.867508 0.000000 0.000000 0.000000 1.000000 0.000000 0.000000
14.000000 158.407421 2.649766 0.089493 0.836539 0.000000 0.000000 0.000000 1.000000 0.000000 0.000000
14.000000 158.408162 2.644865 0.091056 0.825098 0.000000 0.000000 0.000000 1.000000 0.000000 0.000000
14.000000 158.410582 2.732190 0.084622 0.844613 0.000000 0.000000 0.000000 1.000000 0.000000 0.000000
14.000000 158.413789 2.801738 0.068613 0.828966 0.000000 0.000000 0.000000 1.000000 0.000000 0.000000
14.000000 158.417551 2.587554 0.102120 0.793411 0.000000 0.000000 0.000000 1.000000 0.000000 0.000000
14.000000 158.418804 2.629326 0.088225 0.794750 0.000000 0.000000 0.000000 1.000000 0.000000 0.000000
14.000000 158.420734 2.685028 0.080391 0.814916 0.000000 0.000000 0.000000 1.000000 0.000000 0.000000
14.000000 158.423816 2.771446 0.068604 0.788186 0.000000 0.000000 0.000000 1.000000 0.000000 0.000000
14.000000 158.427726 2.559612 0.099815 0.759067 0.000000 0.000000 0.000000 1.000000 0.000000 0.000000
14.000000 158.428227 2.597591 0.087413 0.763242 0.000000 0.000000 0.000000 1.000000 0.000000 0.000000
14.000000 158.430526 2.650245 0.079920 0.779153 0.000000 0.000000 0.000000 1.000000 0.000000 0.000000
14.000000 158.434003 2.757551 0.083890 0.745822 0.000000 0.000000 0.000000 1.000000 0.000000 0.000000
14.000000 158.437657 2.386832 0.147325 0.694791 0.000000 0.000000 0.000000 1.000000 0.000000 0.000000
14.000000 158.438364 2.554613 0.092517 0.718580 0.000000 0.000000 0.000000 1.000000 0.000000 0.000000
14.000000 158.443890 2.585073 0.099533 0.711409 0.000000 0.000000 0.000000 1.000000 0.000000 0.000000
14.000000 158.447414 2.461404 0.112313 0.669884 0.000000 0.000000 0.000000 1.000000 0.000000 0.000000
14.000000 158.448191 2.521805 0.092488 0.676470 0.000000 0.000000 0.000000 1.000000 0.000000 0.000000
14.000000 158.453857 2.624010 0.117447 0.678480 0.000000 0.000000 0.000000 1.000000 0.000000 0.000000
14.000000 158.457583 2.342860 0.147167 0.619780 0.000000 0.000000 0.000000 1.000000 0.000000 0.000000
14.000000 158.458280 2.482378 0.101815 0.637402 0.000000 0.000000 0.000000 1.000000 0.000000 0.000000
14.000000 158.464062 2.566418 0.122102 0.632703 0.000000 0.000000 0.000000 1.000000 0.000000 0.000000
14.000000 158.467530 2.291828 0.151078 0.571857 0.000000 0.000000 0.000000 1.000000 0.000000 0.000000
14.000000 158.468116 2.443486 0.102001 0.582900 0.000000 0.000000 0.000000 1.000000 0.000000 0.000000
14.000000 158.477604 2.429746 0.097864 0.559562 0.000000 0.000000 0.000000 1.000000 0.000000 0.000000
14.000000 158.478170 2.406067 0.105623 0.542671 0.000000 0.000000 0.000000 1.000000 0.000000 0.000000
14.000000 158.484051 2.490886 0.126158 0.542284 0.000000 0.000000 0.000000 1.000000 0.000000 0.000000
14.000000 158.487552 2.233792 0.153212 0.482699 0.000000 0.000000 0.000000 1.000000 0.000000 0.000000
14.000000 158.488257 2.366449 0.110074 0.497355 0.000000 0.000000 0.000000 1.000000 0.000000 0.000000
14.000000 158.493848 2.447630 0.129808 0.498804 0.000000 0.000000 0.000000 1.000000 0.000000 0.000000
14.000000 158.497550 2.161938 0.159784 0.434048 0.000000 0.000000 0.000000 1.000000 0.000000 0.000000
14.000000 158.498280 2.325911 0.106367 0.455444 0.000000 0.000000 0.000000 1.000000 0.000000 0.000000
14.000000 158.503861 2.425603 0.129937 0.454846 0.000000 0.000000 0.000000 1.000000 0.000000 0.000000
14.000000 158.507507 2.159909 0.156482 0.374465 0.000000 0.000000 0.000000 1.000000 0.000000 0.000000
14.000000 158.514047 2.204547 0.141118 0.366157 0.000000 0.000000 0.000000 1.000000 0.000000 0.000000
14.000000 158.517653 2.155472 0.145824 0.349038 0.000000 0.000000 0.000000 1.000000 0.000000 0.000000
14.000000 158.518317 2.235640 0.119404 0.359867 0.000000 0.000000 0.000000 1.000000 0.000000 0.000000
14.000000 158.523880 2.256565 0.123278 0.349706 0.000000 0.000000 0.000000 1.000000 0.000000 0.000000
14.000000 158.527530 2.204746 0.127840 0.308960 0.000000 0.000000 0.000000 1.000000 0.000000 0.000000
14.000000 158.528197 2.227052 0.120461 0.307272 0.000000 0.000000 0.000000 1.000000 0.000000 0.000000
14.000000 158.534244 2.206034 0.114891 0.295707 0.000000 0.000000 0.000000 1.000000 0.000000 0.000000
14.000000 158.537509 2.213601 0.113659 0.273033 0.000000 0.000000 0.000000 1.000000 0.000000 0.000000
14.000000 158.538355 2.177029 0.124933 0.267027 0.000000 0.000000 0.000000 1.000000 0.000000 0.000000
14.000000 158.544008 2.136110 0.114308 0.254841 0.000000 0.000000 0.000000 1.000000 0.000000 0.000000
14.000000 158.547627 2.208284 0.105648 0.231228 0.000000 0.000000 0.000000 1.000000 0.000000 0.000000
14.000000 158.548227 2.149993 0.123531 0.215700 0.000000 0.000000 0.000000 1.000000 0.000000 0.000000
14.000000 158.554123 2.243158 0.145286 0.217507 0.000000 0.000000 0.000000 1.000000 0.000000 0.000000
14.000000 158.557611 1.886495 0.182262 0.131523 0.000000 0.000000 0.000000 1.000000 0.000000 0.000000
14.000000 158.558284 2.075579 0.121533 0.152254 0.000000 0.000000 0.000000 1.000000 0.000000 0.000000
14.000000 158.563935 2.048935 0.114671 0.138295 0.000000 0.000000 0.000000 1.000000 0.000000 0.000000
14.000000 158.567525 2.139128 0.105089 0.134222 0.000000 0.000000 0.000000 1.000000 0.000000 0.000000
14.000000 158.568435 2.072020 0.126514 0.113308 0.000000 0.000000 0.000000 1.000000 0.000000 0.000000
14.000000 158.574081 2.061607 0.123630 0.102485 0.000000 0.000000 0.000000 1.000000 0.000000 0.000000
14.000000 158.577617 2.047689 0.124359 0.076056 0.000000 0.000000 0.000000 1.000000 0.000000 0.000000
14.000000 158.578379 2.037437 0.127119 0.057993 0.000000 0.000000 0.000000 1.000000 0.000000 0.000000
14.000000 158.583930 2.141396 0.152119 0.062734 0.000000 0.000000 0.000000 1.000000 0.000000 0.000000
14.000000 158.587458 1.820273 0.185256 -0.014971 0.000000 0.000000 0.000000 1.000000 0.000000 0.000000
14.000000 158.588174 1.998796 0.127338 0.002013 0.000000 0.000000 0.000000 1.000000 0.000000 0.000000
14.000000 158.593898 2.008324 0.129769 0.007435 0.000000 0.000000 0.000000 1.000000 0.000000 0.000000
14.000000 158.597596 1.920993 0.138461 0.003171 0.000000 0.000000 0.000000 1.000000 0.000000 0.000000
14.000000 158.598307 1.955979 0.126578 0.024163 0.000000 0.000000 0.000000 1.000000 0.000000 0.000000
14.000000 158.603984 1.977372 0.132041 0.042069 0.000000 0.000000 0.000000 1.000000 0.000000 0.000000
14.000000 158.607470 1.960893 0.133186 0.053188 0.000000 0.000000 0.000000 1.000000 0.000000 0.000000
14.000000 158.609125 1.931855 0.141987 0.065973 0.000000 0.000000 0.000000 1.000000 0.000000 0.000000
14.000000 158.614020 1.898306 0.134225 0.080903 0.000000 0.000000 0.000000 1.000000 0.000000 0.000000
14.000000 158.617561 1.908417 0.132490 0.097713 0.000000 0.000000 0.000000 1.000000 0.000000 0.000000
14.000000 158.618294 1.877200 0.142243 0.097111 0.000000 0.000000 0.000000 1.000000 0.000000 0.000000
14.000000 158.623988 1.852996 0.136060 0.104499 0.000000 0.000000 0.000000 1.000000 0.000000 0.000000
14.000000 158.627509 1.902010 0.130043 0.128623 0.000000 0.000000 0.000000 1.000000 0.000000 0.000000
14.000000 158.628230 1.875279 0.138293 0.137547 0.000000 0.000000 0.000000 1.000000 0.000000 0.000000
14.000000 158.634127 1.852394 0.133082 0.151268 0.000000 0.000000 0.000000 1.000000 0.000000 0.000000
14.000000 158.637669 1.865449 0.131281 0.164394 0.000000 0.000000 0.000000 1.000000 0.000000 0.000000
14.000000 158.638268 1.824553 0.144051 0.175325 0.000000 0.000000 0.000000 1.000000 0.000000 0.000000
14.000000 158.644008 1.814608 0.142260 0.191624 0.000000 0.000000 0.000000 1.000000 0.000000 0.000000
14.000000 158.647580 1.793518 0.144200 0.196266 0.000000 0.000000 0.000000 1.000000 0.000000 0.000000
14.000000 158.648226 1.789185 0.145300 0.206382 0.000000 0.000000 0.000000 1.000000 0.000000 0.000000
14.000000 158.654033 1.723495 0.129630 0.204291 0.000000 0.000000 0.000000 1.000000 0.000000 0.000000
14.000000 158.657576 1.926272 0.108272 0.245257 0.000000 0.000000 0.000000 1.000000 0.000000 0.000000
14.000000 158.658295 1.744786 0.165499 0.238919 0.000000 0.000000 0.000000 1.000000 0.000000 0.000000
14.000000 158.667619 1.699526 0.155159 0.251883 0.000000 0.000000 0.000000 1.000000 0.000000 0.000000
14.000000 158.668230 1.690369 0.157668 0.260338 0.000000 0.000000 0.000000 1.000000 0.000000 0.000000
14.000000 158.673897 1.726190 0.166167 0.279264 0.000000 0.000000 0.000000 1.000000 0.000000 0.000000
14.000000 158.677707 1.568637 0.181949 0.264035 0.000000 0.000000 0.000000 1.000000 0.000000 0.000000
14.000000 158.678285 1.687574 0.144065 0.289615 0.000000 0.000000 0.000000 1.000000 0.000000 0.000000
14.000000 158.683937 1.678236 0.142194 0.303999 0.000000 0.000000 0.000000 1.000000 0.000000 0.000000
14.000000 158.687518 1.643265 0.145498 0.307848 0.000000 0.000000 0.000000 1.000000 0.000000 0.000000
14.000000 158.694173 1.702712 0.127042 0.332663 0.000000 0.000000 0.000000 1.000000 0.000000 0.000000
14.000000 158.697610 1.644900 0.133528 0.341085 0.000000 0.000000 0.000000 1.000000 0.000000 0.000000
14.000000 158.698307 1.598747 0.147979 0.339241 0.000000 0.000000 0.000000 1.000000 0.000000 0.000000
14.000000 158.703976 1.596239 0.147044 0.353037 0.000000 0.000000 0.000000 1.000000 0.000000 0.000000
14.000000 158.708247 1.458813 0.160290 0.353326 0.000000 0.000000 0.000000 1.000000 0.000000 0.000000
14.000000 158.714082 1.466165 0.162248 0.362185 0.000000 0.000000 0.000000 1.000000 0.000000 0.000000
14.000000 158.717663 1.517651 0.156153 0.383016 0.000000 0.000000 0.000000 1.000000 0.000000 0.000000
14.000000 158.718371 1.514798 0.156101 0.400516 0.000000 0.000000 0.000000 1.000000 0.000000 0.000000
14.000000 158.727590 1.373741 0.199081 0.400868 0.000000 0.000000 0.000000 1.000000 0.000000 0.000000
14.000000 158.728647 1.511505 0.155303 0.433232 0.000000 0.000000 0.000000 1.000000 0.000000 0.000000
14.000000 158.733897 1.505046 0.154025 0.441963 0.000000 0.000000 0.000000 1.000000 0.000000 0.000000
14.000000 158.737695 1.445932 0.160009 0.438431 0.000000 0.000000 0.000000 1.000000 0.000000 0.000000
14.000000 158.738296 1.467870 0.152900 0.454454 0.000000 0.000000 0.000000 1.000000 0.000000 0.000000
14.000000 158.743869 1.484407 0.157124 0.463230 0.000000 0.000000 0.000000 1.000000 0.000000 0.000000
14.000000 158.747581 1.399116 0.165697 0.455366 0.000000 0.000000 0.000000 1.000000 0.000000 0.000000
14.000000 158.748203 1.412838 0.160948 0.475103 0.000000 0.000000 0.000000 1.000000 0.000000 0.000000
14.000000 158.754110 1.520635 0.187039 0.502946 0.000000 0.000000 0.000000 1.000000 0.000000 0.000000
14.000000 158.757671 1.254369 0.214740 0.470505 0.000000 0.000000 0.000000 1.000000 0.000000 0.000000
14.000000 158.758303 1.372746 0.177362 0.504400 0.000000 0.000000 0.000000 1.000000 0.000000 0.000000
14.000000 158.763994 1.368945 0.176837 0.510952 0.000000 0.000000 0.000000 1.000000 0.000000 0.000000
14.000000 158.767617 1.296783 0.184124 0.500127 0.000000 0.000000 0.000000 1.000000 0.000000 0.000000
14.000000 158.768545 1.310312 0.179523 0.512197 0.000000 0.000000 0.000000 1.000000 0.000000 0.000000
14.000000 158.777796 1.329207 0.168350 0.537894 0.000000 0.000000 0.000000 1.000000 0.000000 0.000000
14.000000 158.778517 1.341436 0.164272 0.550443 0.000000 0.000000 0.000000 1.000000 0.000000 0.000000
14.000000 158.783959 1.410589 0.180839 0.571826 0.000000 0.000000 0.000000 1.000000 0.000000 0.000000
14.000000 158.787561 1.159661 0.206627 0.539375 0.000000 0.000000 0.000000 1.000000 0.000000 0.000000
14.000000 158.788406 1.296513 0.163594 0.563931 0.000000 0.000000 0.000000 1.000000 0.000000 0.000000
14.000000 158.794101 1.357632 0.178357 0.579405 0.000000 0.000000 0.000000 1.000000 0.000000 0.000000
14.000000 158.797755 1.182743 0.196422 0.557343 0.000000 0.000000 0.000000 1.000000 0.000000 0.000000
14.000000 158.798496 1.269188 0.169154 0.584150 0.000000 0.000000 0.000000 1.000000 0.000000 0.000000
14.000000 158.803950 1.305673 0.178174 0.600284 0.000000 0.000000 0.000000 1.000000 0.000000 0.000000
14.000000 158.807597 1.140727 0.195209 0.579297 0.000000 0.000000 0.000000 1.000000 0.000000 0.000000
14.000000 158.808248 1.179007 0.183417 0.604530 0.000000 0.000000 0.000000 1.000000 0.000000 0.000000
14.000000 158.814040 1.235557 0.197451 0.624409 0.000000 0.000000 0.000000 1.000000 0.000000 0.000000
14.000000 158.817709 1.051089 0.216641 0.593515 0.000000 0.000000 0.000000 1.000000 0.000000 0.000000
14.000000 158.818329 1.170200 0.180069 0.636978 0.000000 0.000000 0.000000 1.000000 0.000000 0.000000
14.000000 158.824030 1.244633 0.198892 0.664303 0.000000 0.000000 0.000000 1.000000 0.000000 0.000000
14.000000 158.827617 0.991460 0.224706 0.609793 0.000000 0.000000 0.000000 1.000000 0.000000 0.000000
14.000000 158.828410 1.140454 0.177655 0.630044 0.000000 0.000000 0.000000 1.000000 0.000000 0.000000
14.000000 158.834149 1.211067 0.194582 0.655822 0.000000 0.000000 0.000000 1.000000 0.000000 0.000000
14.000000 158.837729 1.019528 0.214178 0.633348 0.000000 0.000000 0.000000 1.000000 0.000000 0.000000
14.000000 158.838557 1.127136 0.180480 0.649720 0.000000 0.000000 0.000000 1.000000 0.000000 0.000000
14.000000 158.844033 1.133924 0.182062 0.661530 0.000000 0.000000 0.000000 1.000000 0.000000 0.000000
14.000000 158.847624 1.047857 0.190489 0.651473 0.000000 0.000000 0.000000 1.000000 0.000000 0.000000
14.000000 158.848383 1.052744 0.189042 0.663997 0.000000 0.000000 0.000000 1.000000 0.000000 0.000000
14.000000 158.854178 1.094693 0.199579 0.685179 0.000000 0.000000 0.000000 1.000000 0.000000 0.000000
14.000000 158.857709 0.936550 0.215084 0.647793 0.000000 0.000000 0.000000 1.000000 0.000000 0.000000
14.000000 158.858449 1.019847 0.188280 0.657034 0.000000 0.000000 0.000000 1.000000 0.000000 0.000000
14.000000 158.864097 1.061916 0.198436 0.682340 0.000000 0.000000 0.000000 1.000000 0.000000 0.000000
14.000000 158.867673 0.916735 0.213005 0.666185 0.000000 0.000000 0.000000 1.000000 0.000000 0.000000
14.000000 158.868367 0.964398 0.198054 0.672494 0.000000 0.000000 0.000000 1.000000 0.000000 0.000000
14.000000 158.874106 1.034262 0.213452 0.705510 0.000000 0.000000 0.000000 1.000000 0.000000 0.000000
14.000000 158.877779 0.839323 0.231288 0.686392 0.000000 0.000000 0.000000 1.000000 0.000000 0.000000
14.000000 158.878397 0.970622 0.189702 0.699216 0.000000 0.000000 0.000000 1.000000 0.000000 0.000000
14.000000 158.884066 1.015699 0.200418 0.718547 0.000000 0.000000 0.000000 1.000000 0.000000 0.000000
14.000000 158.887697 0.852424 0.216708 0.692426 0.000000 0.000000 0.000000 1.000000 0.000000 0.000000
14.000000 158.888309 0.936592 0.190206 0.705314 0.000000 0.000000 0.000000 1.000000 0.000000 0.000000
14.000000 158.894186 0.993138 0.203729 0.727049 0.000000 0.000000 0.000000 1.000000 0.000000 0.000000
14.000000 158.897713 0.815126 0.221781 0.699534 0.000000 0.000000 0.000000 1.000000 0.000000 0.000000
14.000000 158.898441 0.897231 0.196087 0.714101 0.000000 0.000000 0.000000 1.000000 0.000000 0.000000
14.000000 158.904078 0.941626 0.206685 0.736445 0.000000 0.000000 0.000000 1.000000 0.000000 0.000000
14.000000 158.907632 0.855847 0.214545 0.716822 0.000000 0.000000 0.000000 1.000000 0.000000 0.000000
14.000000 158.908588 0.897408 0.201121 0.727221 0.000000 0.000000 0.000000 1.000000 0.000000 0.000000
14.000000 158.914189 0.921582 0.207495 0.747602 0.000000 0.000000 0.000000 1.000000 0.000000 0.000000
14.000000 158.917924 0.715908 0.228376 0.709912 0.000000 0.000000 0.000000 1.000000 0.000000 0.000000
14.000000 158.918528 0.795467 0.203411 0.722611 0.000000 0.000000 0.000000 1.000000 0.000000 0.000000
14.000000 158.924194 0.811084 0.207360 0.734195 0.000000 0.000000 0.000000 1.000000 0.000000 0.000000
14.000000 158.927618 0.774074 0.211167 0.723285 0.000000 0.000000 0.000000 1.000000 0.000000 0.000000
14.000000 158.928420 0.802416 0.202420 0.737486 0.000000 0.000000 0.000000 1.000000 0.000000 0.000000
14.000000 158.934214 0.835466 0.210532 0.758020 0.000000 0.000000 0.000000 1.000000 0.000000 0.000000
14.000000 158.937899 0.706442 0.223151 0.730855 0.000000 0.000000 0.000000 1.000000 0.000000 0.000000
14.000000 158.938500 0.759100 0.206388 0.740887 0.000000 0.000000 0.000000 1.000000 0.000000 0.000000
14.000000 158.944082 0.803607 0.217214 0.764131 0.000000 0.000000 0.000000 1.000000 0.000000 0.000000
14.000000 158.947759 0.659551 0.231414 0.734575 0.000000 0.000000 0.000000 1.000000 0.000000 0.000000
14.000000 158.948418 0.735427 0.207401 0.744644 0.000000 0.000000 0.000000 1.000000 0.000000 0.000000
14.000000 158.954177 0.769211 0.215582 0.763965 0.000000 0.000000 0.000000 1.000000 0.000000 0.000000
14.000000 158.957834 0.650023 0.226004 0.728493 0.000000 0.000000 0.000000 1.000000 0.000000 0.000000
14.000000 158.958500 0.697861 0.209591 0.730604 0.000000 0.000000 0.000000 1.000000 0.000000 0.000000
14.000000 158.964087 0.714284 0.213960 0.755603 0.000000 0.000000 0.000000 1.000000 0.000000 0.000000
14.000000 158.967691 0.595088 0.225578 0.734681 0.000000 0.000000 0.000000 1.000000 0.000000 0.000000
14.000000 158.968462 0.618794 0.217883 0.739372 0.000000 0.000000 0.000000 1.000000 0.000000 0.000000
14.000000 158.974196 0.657827 0.227166 0.759882 0.000000 0.000000 0.000000 1.000000 0.000000 0.000000
14.000000 158.977810 0.557971 0.236438 0.733629 0.000000 0.000000 0.000000 1.000000 0.000000 0.000000
14.000000 158.978574 0.635031 0.211924 0.744736 0.000000 0.000000 0.000000 1.000000 0.000000 0.000000
14.000000 158.984129 0.678790 0.222588 0.769492 0.000000 0.000000 0.000000 1.000000 0.000000 0.000000
14.000000 158.987763 0.533149 0.236952 0.739323 0.000000 0.000000 0.000000 1.000000 0.000000 0.000000
14.000000 158.988470 0.602327 0.215048 0.745151 0.000000 0.000000 0.000000 1.000000 0.000000 0.000000
14.000000 158.994263 0.645941 0.225233 0.766425 0.000000 0.000000 0.000000 1.000000 0.000000 0.000000
14.000000 158.997780 0.496811 0.239516 0.736929 0.000000 0.000000 0.000000 1.000000 0.000000 0.000000
14.000000 158.998552 0.574354 0.214843 0.743944 0.000000 0.000000 0.000000 1.000000 0.000000 0.000000
14.000000 159.004242 0.624642 0.226707 0.767410 0.000000 0.000000 0.000000 1.000000 0.000000 0.000000
14.000000 159.007721 0.496530 0.237123 0.726151 0.000000 0.000000 0.000000 1.000000 0.000000 0.000000
14.000000 159.008457 0.521296 0.226994 0.721050 0.000000 0.000000 0.000000 1.000000 0.000000 0.000000
14.000000 159.014250 0.546001 0.233197 0.752845 0.000000 0.000000 0.000000 1.000000 0.000000 0.000000
14.000000 159.017733 0.424104 0.244727 0.731260 0.000000 0.000000 0.000000 1.000000 0.000000 0.000000
14.000000 159.018447 0.434679 0.240808 0.724515 0.000000 0.000000 0.000000 1.000000 0.000000 0.000000
14.000000 159.024139 0.444222 0.242940 0.740358 0.000000 0.000000 0.000000 1.000000 0.000000 0.000000
14.000000 159.027745 0.410118 0.245422 0.728893 0.000000 0.000000 0.000000 1.000000 0.000000 0.000000
14.000000 159.028445 0.456447 0.230701 0.739162 0.000000 0.000000 0.000000 1.000000 0.000000 0.000000
14.000000 159.034093 0.485626 0.237922 0.757486 0.000000 0.000000 0.000000 1.000000 0.000000 0.000000
14.000000 159.037796 0.336232 0.252586 0.715479 0.000000 0.000000 0.000000 1.000000 0.000000 0.000000
14.000000 159.038541 0.420301 0.226075 0.724742 0.000000 0.000000 0.000000 1.000000 0.000000 0.000000
14.000000 159.044084 0.467311 0.237224 0.747447 0.000000 0.000000 0.000000 1.000000 0.000000 0.000000
14.000000 159.047684 0.311052 0.252655 0.711989 0.000000 0.000000 0.000000 1.000000 0.000000 0.000000
14.000000 159.048446 0.386060 0.229039 0.718027 0.000000 0.000000 0.000000 1.000000 0.000000 0.000000
14.000000 159.054147 0.437312 0.240959 0.740163 0.000000 0.000000 0.000000 1.000000 0.000000 0.000000
14.000000 159.058532 0.435857 0.240943 0.745907 0.000000 0.000000 0.000000 1.000000 0.000000 0.000000
14.000000 159.064103 0.401712 0.233179 0.744149 0.000000 0.000000 0.000000 1.000000 0.000000 0.000000
14.000000 159.067697 0.305550 0.241892 0.709556 0.000000 0.000000 0.000000 1.000000 0.000000 0.000000
14.000000 159.068639 0.273262 0.250471 0.692176 0.000000 0.000000 0.000000 1.000000 0.000000 0.000000
14.000000 159.074246 0.224521 0.239548 0.699943 0.000000 0.000000 0.000000 1.000000 0.000000 0.000000
14.000000 159.077758 0.303279 0.230715 0.698040 0.000000 0.000000 0.000000 1.000000 0.000000 0.000000
14.000000 159.078652 0.278401 0.237583 0.692618 0.000000 0.000000 0.000000 1.000000 0.000000 0.000000
14.000000 159.084203 0.257754 0.233212 0.704643 0.000000 0.000000 0.000000 1.000000 0.000000 0.000000
14.000000 159.087796 0.267086 0.231700 0.688870 0.000000 0.000000 0.000000 1.000000 0.000000 0.000000
14.000000 159.088446 0.249901 0.236260 0.683354 0.000000 0.000000 0.000000 1.000000 0.000000 0.000000
14.000000 159.094394 0.222977 0.230413 0.694904 0.000000 0.000000 0.000000 1.000000 0.000000 0.000000
14.000000 159.098009 0.256717 0.225974 0.678741 0.000000 0.000000 0.000000 1.000000 0.000000 0.000000
14.000000 159.098634 0.203330 0.241129 0.666704 0.000000 0.000000 0.000000 1.000000 0.000000 0.000000
14.000000 159.104153 0.185245 0.237365 0.677824 0.000000 0.000000 0.000000 1.000000 0.000000 0.000000
14.000000 159.107822 0.230610 0.232493 0.666142 0.000000 0.000000 0.000000 1.000000 0.000000 0.000000
14.000000 159.108622 0.177336 0.248263 0.659899 0.000000 0.000000 0.000000 1.000000 0.000000 0.000000
14.000000 159.114360 0.186314 0.250531 0.672457 0.000000 0.000000 0.000000 1.000000 0.000000 0.000000
14.000000 159.117836 0.099176 0.259152 0.638828 0.000000 0.000000 0.000000 1.000000 0.000000 0.000000
14.000000 159.118592 0.119015 0.252596 0.639653 0.000000 0.000000 0.000000 1.000000 0.000000 0.000000
14.000000 159.124344 0.095659 0.247622 0.651181 0.000000 0.000000 0.000000 1.000000 0.000000 0.000000
14.000000 159.127740 0.113597 0.245546 0.633128 0.000000 0.000000 0.000000 1.000000 0.000000 0.000000
14.000000 159.128658 0.105156 0.247599 0.628886 0.000000 0.000000 0.000000 1.000000 0.000000 0.000000
14.000000 159.134132 0.092662 0.245000 0.643144 0.000000 0.000000 0.000000 1.000000 0.000000 0.000000
14.000000 159.137807 0.086065 0.245046 0.618178 0.000000 0.000000 0.000000 1.000000 0.000000 0.000000
14.000000 159.138755 0.075493 0.247363 0.605438 0.000000 0.000000 0.000000 1.000000 0.000000 0.000000
14.000000 159.144313 0.102887 0.253711 0.625380 0.000000 0.000000 0.000000 1.000000 0.000000 0.000000
14.000000 159.147714 -0.006191 0.264653 0.590357 0.000000 0.000000 0.000000 1.000000 0.000000 0.000000
14.000000 159.148488 0.038303 0.250790 0.581351 0.000000 0.000000 0.000000 1.000000 0.000000 0.000000
14.000000 159.154217 0.011537 0.244762 0.601119 0.000000 0.000000 0.000000 1.000000 0.000000 0.000000
14.000000 159.157731 0.146882 0.229546 0.607606 0.000000 0.000000 0.000000 1.000000 0.000000 0.000000
14.000000 159.158543 -0.000565 0.273057 0.576810 0.000000 0.000000 0.000000 1.000000 0.000000 0.000000
14.000000 159.164150 -0.075177 0.256553 0.580790 0.000000 0.000000 0.000000 1.000000 0.000000 0.000000
14.000000 159.167834 0.010554 0.247801 0.571696 0.000000 0.000000 0.000000 1.000000 0.000000 0.000000
14.000000 159.168498 -0.021319 0.257135 0.555483 0.000000 0.000000 0.000000 1.000000 0.000000 0.000000
14.000000 159.174379 -0.048719 0.251065 0.567175 0.000000 0.000000 0.000000 1.000000 0.000000 0.000000
14.000000 159.177895 -0.032309 0.249162 0.550357 0.000000 0.000000 0.000000 1.000000 0.000000 0.000000
14.000000 159.178504 -0.076048 0.261976 0.531183 0.000000 0.000000 0.000000 1.000000 0.000000 0.000000
14.000000 159.184104 -0.109475 0.254632 0.546355 0.000000 0.000000 0.000000 1.000000 0.000000 0.000000
14.000000 159.187878 -0.079871 0.251763 0.529617 0.000000 0.000000 0.000000 1.000000 0.000000 0.000000
14.000000 159.188489 -0.111612 0.261184 0.513232 0.000000 0.000000 0.000000 1.000000 0.000000 0.000000
14.000000 159.194336 -0.145521 0.253718 0.522169 0.000000 0.000000 0.000000 1.000000 0.000000 0.000000
14.000000 159.197856 -0.111698 0.250647 0.504846 0.000000 0.000000 0.000000 1.000000 0.000000 0.000000
14.000000 159.198517 -0.142215 0.259842 0.490794 0.000000 0.000000 0.000000 1.000000 0.000000 0.000000
14.000000 159.204229 -0.114354 0.266113 0.502503 0.000000 0.000000 0.000000 1.000000 0.000000 0.000000
14.000000 159.207840 -0.142078 0.269455 0.475057 0.000000 0.000000 0.000000 1.000000 0.000000 0.000000
14.000000 159.208485 -0.184771 0.282329 0.465017 0.000000 0.000000 0.000000 1.000000 0.000000 0.000000
14.000000 159.214341 -0.208688 0.277066 0.475374 0.000000 0.000000 0.000000 1.000000 0.000000 0.000000
14.000000 159.217868 -0.246558 0.281800 0.446741 0.000000 0.000000 0.000000 1.000000 0.000000 0.000000
14.000000 159.218499 -0.219465 0.274179 0.435689 0.000000 0.000000 0.000000 1.000000 0.000000 0.000000
14.000000 159.224193 -0.288588 0.258910 0.434419 0.000000 0.000000 0.000000 1.000000 0.000000 0.000000
14.000000 159.227834 -0.150160 0.245374 0.435811 0.000000 0.000000 0.000000 1.000000 0.000000 0.000000
14.000000 159.228779 -0.230731 0.269702 0.417553 0.000000 0.000000 0.000000 1.000000 0.000000 0.000000
14.000000 159.234414 -0.200132 0.276519 0.433447 0.000000 0.000000 0.000000 1.000000 0.000000 0.000000
14.000000 159.237766 -0.342361 0.292520 0.389637 0.000000 0.000000 0.000000 1.000000 0.000000 0.000000
14.000000 159.238544 -0.272851 0.272623 0.388337 0.000000 0.000000 0.000000 1.000000 0.000000 0.000000
14.000000 159.244184 -0.265646 0.274224 0.400661 0.000000 0.000000 0.000000 1.000000 0.000000 0.000000
14.000000 159.247840 -0.354339 0.284435 0.366125 0.000000 0.000000 0.000000 1.000000 0.000000 0.000000
14.000000 159.248577 -0.309639 0.271829 0.360913 0.000000 0.000000 0.000000 1.000000 0.000000 0.000000
14.000000 159.254476 -0.257051 0.283479 0.375132 0.000000 0.000000 0.000000 1.000000 0.000000 0.000000
14.000000 159.257835 -0.383063 0.298240 0.330736 0.000000 0.000000 0.000000 1.000000 0.000000 0.000000
14.000000 159.258890 -0.339843 0.286358 0.330197 0.000000 0.000000 0.000000 1.000000 0.000000 0.000000
14.000000 159.264429 -0.347873 0.284477 0.342793 0.000000 0.000000 0.000000 1.000000 0.000000 0.000000
14.000000 159.267832 -0.451361 0.296197 0.306436 0.000000 0.000000 0.000000 1.000000 0.000000 0.000000
14.000000 159.274290 -0.525108 0.318732 0.291189 0.000000 0.000000 0.000000 1.000000 0.000000 0.000000
14.000000 159.278005 -0.557171 0.324168 0.273014 0.000000 0.000000 0.000000 1.000000 0.000000 0.000000
14.000000 159.278702 -0.405098 0.280828 0.278554 0.000000 0.000000 0.000000 1.000000 0.000000 0.000000
14.000000 159.284206 -0.402912 0.281323 0.284682 0.000000 0.000000 0.000000 1.000000 0.000000 0.000000
14.000000 159.287936 -0.480966 0.290941 0.248948 0.000000 0.000000 0.000000 1.000000 0.000000 0.000000
14.000000 159.288896 -0.440327 0.279792 0.247895 0.000000 0.000000 0.000000 1.000000 0.000000 0.000000
14.000000 159.294257 -0.394337 0.289869 0.261899 0.000000 0.000000 0.000000 1.000000 0.000000 0.000000
14.000000 159.297835 -0.575092 0.310855 0.206506 0.000000 0.000000 0.000000 1.000000 0.000000 0.000000
14.000000 159.298651 -0.464854 0.279589 0.213945 0.000000 0.000000 0.000000 1.000000 0.000000 0.000000
14.000000 159.304290 -0.416823 0.290072 0.228927 0.000000 0.000000 0.000000 1.000000 0.000000 0.000000
14.000000 159.307760 -0.573752 0.308527 0.176327 0.000000 0.000000 0.000000 1.000000 0.000000 0.000000
14.000000 159.314352 -0.535900 0.299116 0.166127 0.000000 0.000000 0.000000 1.000000 0.000000 0.000000
14.000000 159.317972 -0.593482 0.305886 0.148792 0.000000 0.000000 0.000000 1.000000 0.000000 0.000000
14.000000 159.318549 -0.570171 0.300077 0.135026 0.000000 0.000000 0.000000 1.000000 0.000000 0.000000
14.000000 159.324332 -0.548801 0.305259 0.151149 0.000000 0.000000 0.000000 1.000000 0.000000 0.000000
14.000000 159.327896 -0.730844 0.328152 0.109847 0.000000 0.000000 0.000000 1.000000 0.000000 0.000000
14.000000 159.328548 -0.578921 0.286642 0.112732 0.000000 0.000000 0.000000 1.000000 0.000000 0.000000
14.000000 159.334500 -0.509355 0.301861 0.127270 0.000000 0.000000 0.000000 1.000000 0.000000 0.000000
14.000000 159.337924 -0.743935 0.328331 0.065027 0.000000 0.000000 0.000000 1.000000 0.000000 0.000000
14.000000 159.338704 -0.623171 0.294269 0.071778 0.000000 0.000000 0.000000 1.000000 0.000000 0.000000
14.000000 159.344392 -0.544402 0.311568 0.084420 0.000000 0.000000 0.000000 1.000000 0.000000 0.000000
14.000000 159.347807 -0.761904 0.335632 0.025491 0.000000 0.000000 0.000000 1.000000 0.000000 0.000000
14.000000 159.354293 -0.536290 0.269845 0.041152 0.000000 0.000000 0.000000 1.000000 0.000000 0.000000
14.000000 159.357925 -0.608249 0.279211 0.008324 0.000000 0.000000 0.000000 1.000000 0.000000 0.000000
14.000000 159.364452 -0.699151 0.307989 -0.017872 0.000000 0.000000 0.000000 1.000000 0.000000 0.000000
14.000000 159.367867 -0.750791 0.313008 -0.022774 0.000000 0.000000 0.000000 1.000000 0.000000 0.000000
14.000000 159.368576 -0.738639 0.309036 -0.013936 0.000000 0.000000 0.000000 1.000000 0.000000 0.000000
14.000000 159.374523 -0.729253 0.311261 0.009716 0.000000 0.000000 0.000000 1.000000 0.000000 0.000000
14.000000 159.377910 -0.763205 0.314959 0.006961 0.000000 0.000000 0.000000 1.000000 0.000000 0.000000
14.000000 159.378542 -0.732407 0.305576 0.016757 0.000000 0.000000 0.000000 1.000000 0.000000 0.000000
14.000000 159.384816 -0.743204 0.303691 0.041671 0.000000 0.000000 0.000000 1.000000 0.000000 0.000000
14.000000 159.387849 -0.787133 0.308873 0.037777 0.000000 0.000000 0.000000 1.000000 0.000000 0.000000
14.000000 159.388687 -0.771011 0.304108 0.043422 0.000000 0.000000 0.000000 1.000000 0.000000 0.000000
14.000000 159.397884 -0.789272 0.300127 0.062189 0.000000 0.000000 0.000000 1.000000 0.000000 0.000000
14.000000 159.398561 -0.815995 0.307790 0.070451 0.000000 0.000000 0.000000 1.000000 0.000000 0.000000
14.000000 159.407858 -0.818951 0.307412 0.084116 0.000000 0.000000 0.000000 1.000000 0.000000 0.000000
14.000000 159.418581 -0.876531 0.308936 0.123047 0.000000 0.000000 0.000000 1.000000 0.000000 0.000000
14.000000 159.427861 -0.886965 0.306721 0.132607 0.000000 0.000000 0.000000 1.000000 0.000000 0.000000
14.000000 159.428467 -0.895817 0.308621 0.149146 0.000000 0.000000 0.000000 1.000000 0.000000 0.000000
14.000000 159.437917 -0.901698 0.307100 0.160623 0.000000 0.000000 0.000000 1.000000 0.000000 0.000000
14.000000 159.438567 -0.930120 0.314735 0.171254 0.000000 0.000000 0.000000 1.000000 0.000000 0.000000
14.000000 159.447919 -0.962667 0.307361 0.182597 0.000000 0.000000 0.000000 1.000000 0.000000 0.000000
14.000000 159.448730 -0.971185 0.309371 0.192966 0.000000 0.000000 0.000000 1.000000 0.000000 0.000000
14.000000 159.457916 -0.965017 0.310551 0.199204 0.000000 0.000000 0.000000 1.000000 0.000000 0.000000
14.000000 159.458570 -1.022672 0.325954 0.212027 0.000000 0.000000 0.000000 1.000000 0.000000 0.000000
14.000000 159.478634 -1.040497 0.319683 0.254336 0.000000 0.000000 0.000000 1.000000 0.000000 0.000000
14.000000 159.487999 -1.066410 0.313908 0.260722 0.000000 0.000000 0.000000 1.000000 0.000000 0.000000
14.000000 159.488530 -1.074978 0.315731 0.272875 0.000000 0.000000 0.000000 1.000000 0.000000 0.000000
14.000000 159.497946 -1.086069 0.313003 0.281479 0.000000 0.000000 0.000000 1.000000 0.000000 0.000000
14.000000 159.498586 -1.126917 0.324603 0.283696 0.000000 0.000000 0.000000 1.000000 0.000000 0.000000
14.000000 159.507975 -1.120738 0.325739 0.289647 0.000000 0.000000 0.000000 1.000000 0.000000 0.000000
14.000000 159.508580 -1.136293 0.329328 0.301447 0.000000 0.000000 0.000000 1.000000 0.000000 0.000000
14.000000 159.517945 -1.159693 0.323544 0.315534 0.000000 0.000000 0.000000 1.000000 0.000000 0.000000
14.000000 159.518554 -1.188055 0.330900 0.327320 0.000000 0.000000 0.000000 1.000000 0.000000 0.000000
14.000000 159.527813 -1.199813 0.328040 0.331644 0.000000 0.000000 0.000000 1.000000 0.000000 0.000000
14.000000 159.528524 -1.187696 0.324585 0.331706 0.000000 0.000000 0.000000 1.000000 0.000000 0.000000
14.000000 159.537959 -1.213958 0.318734 0.337478 0.000000 0.000000 0.000000 1.000000 0.000000 0.000000
14.000000 159.538619 -1.225151 0.321330 0.348687 0.000000 0.000000 0.000000 1.000000 0.000000 0.000000
14.000000 159.547858 -1.228305 0.320305 0.356932 0.000000 0.000000 0.000000 1.000000 0.000000 0.000000
14.000000 159.548550 -1.252911 0.327280 0.358088 0.000000 0.000000 0.000000 1.000000 0.000000 0.000000
14.000000 159.558194 -1.263180 0.325432 0.350310 0.000000 0.000000 0.000000 1.000000 0.000000 0.000000
14.000000 159.558613 -1.321248 0.341083 0.356221 0.000000 0.000000 0.000000 1.000000 0.000000 0.000000
14.000000 159.568004 -1.330941 0.337587 0.373102 0.000000 0.000000 0.000000 1.000000 0.000000 0.000000
14.000000 159.568537 -1.319143 0.334337 0.371258 0.000000 0.000000 0.000000 1.000000 0.000000 0.000000
14.000000 159.577948 -1.334397 0.330925 0.378201 0.000000 0.000000 0.000000 1.000000 0.000000 0.000000
14.000000 159.578619 -1.352898 0.335613 0.390384 0.000000 0.000000 0.000000 1.000000 0.000000 0.000000
14.000000 159.588127 -1.386151 0.328342 0.391040 0.000000 0.000000 0.000000 1.000000 0.000000 0.000000
14.000000 159.588537 -1.400244 0.332189 0.393499 0.000000 0.000000 0.000000 1.000000 0.000000 0.000000
14.000000 159.598078 -1.403318 0.331502 0.393816 0.000000 0.000000 0.000000 1.000000 0.000000 0.000000
14.000000 159.598606 -1.403579 0.330925 0.402127 0.000000 0.000000 0.000000 1.000000 0.000000 0.000000
14.000000 159.607979 -1.389289 0.333446 0.411733 0.000000 0.000000 0.000000 1.000000 0.000000 0.000000
14.000000 159.608813 -1.414286 0.340842 0.406980 0.000000 0.000000 0.000000 1.000000 0.000000 0.000000
14.000000 159.618114 -1.456933 0.331604 0.408196 0.000000 0.000000 0.000000 1.000000 0.000000 0.000000
14.000000 159.618623 -1.475469 0.337034 0.405023 0.000000 0.000000 0.000000 1.000000 0.000000 0.000000
14.000000 159.628099 -1.480749 0.335896 0.405704 0.000000 0.000000 0.000000 1.000000 0.000000 0.000000
14.000000 159.628670 -1.504277 0.342160 0.413829 0.000000 0.000000 0.000000 1.000000 0.000000 0.000000
14.000000 159.638166 -1.517512 0.339094 0.418710 0.000000 0.000000 0.000000 1.000000 0.000000 0.000000
14.000000 159.638621 -1.529205 0.342416 0.418744 0.000000 0.000000 0.000000 1.000000 0.000000 0.000000
14.000000 159.647915 -1.552482 0.337501 0.416346 0.000000 0.000000 0.000000 1.000000 0.000000 0.000000
14.000000 159.648591 -1.559040 0.339306 0.417362 0.000000 0.000000 0.000000 1.000000 0.000000 0.000000
14.000000 159.658127 -1.554452 0.340368 0.415741 0.000000 0.000000 0.000000 1.000000 0.000000 0.000000
14.000000 159.668588 -1.659338 0.358866 0.412213 0.000000 0.000000 0.000000 1.000000 0.000000 0.000000
14.000000 159.677948 -1.680953 0.354361 0.409211 0.000000 0.000000 0.000000 1.000000 0.000000 0.000000
14.000000 159.678637 -1.654162 0.346245 0.417772 0.000000 0.000000 0.000000 1.000000 0.000000 0.000000
14.000000 159.687919 -1.667756 0.343423 0.415620 0.000000 0.000000 0.000000 1.000000 0.000000 0.000000
14.000000 159.688592 -1.685634 0.348445 0.415319 0.000000 0.000000 0.000000 1.000000 0.000000 0.000000
14.000000 159.698016 -1.700597 0.345308 0.413488 0.000000 0.000000 0.000000 1.000000 0.000000 0.000000
14.000000 159.698664 -1.730337 0.353613 0.413213 0.000000 0.000000 0.000000 1.000000 0.000000 0.000000
14.000000 159.708058 -1.741673 0.351452 0.409276 0.000000 0.000000 0.000000 1.000000 0.000000 0.000000
14.000000 159.708577 -1.787501 0.365248 0.397391 0.000000 0.000000 0.000000 1.000000 0.000000 0.000000
14.000000 159.718002 -1.793944 0.363703 0.399831 0.000000 0.000000 0.000000 1.000000 0.000000 0.000000
14.000000 159.718653 -1.780676 0.360507 0.389933 0.000000 0.000000 0.000000 1.000000 0.000000 0.000000
14.000000 159.727950 -1.798932 0.356733 0.386612 0.000000 0.000000 0.000000 1.000000 0.000000 0.000000
14.000000 159.728929 -1.790798 0.354049 0.394265 0.000000 0.000000 0.000000 1.000000 0.000000 0.000000
14.000000 159.737990 -1.819232 0.348172 0.389669 0.000000 0.000000 0.000000 1.000000 0.000000 0.000000
14.000000 159.738670 -1.829868 0.351312 0.387101 0.000000 0.000000 0.000000 1.000000 0.000000 0.000000
14.000000 159.747986 -1.847430 0.347923 0.379614 0.000000 0.000000 0.000000 1.000000 0.000000 0.000000
14.000000 159.748636 -1.849803 0.349260 0.367841 0.000000 0.000000 0.000000 1.000000 0.000000 0.000000
14.000000 159.758029 -1.823928 0.354838 0.365044 0.000000 0.000000 0.000000 1.000000 0.000000 0.000000
14.000000 159.758696 -1.917291 0.381188 0.361503 0.000000 0.000000 0.000000 1.000000 0.000000 0.000000
14.000000 159.768091 -1.950127 0.374250 0.359639 0.000000 0.000000 0.000000 1.000000 0.000000 0.000000
14.000000 159.768601 -1.923358 0.367366 0.347497 0.000000 0.000000 0.000000 1.000000 0.000000 0.000000
14.000000 159.777962 -1.954009 0.361076 0.340741 0.000000 0.000000 0.000000 1.000000 0.000000 0.000000
14.000000 159.778679 -1.961708 0.362664 0.351247 0.000000 0.000000 0.000000 1.000000 0.000000 0.000000
14.000000 159.787926 -1.993446 0.356643 0.338956 0.000000 0.000000 0.000000 1.000000 0.000000 0.000000
14.000000 159.788915 -1.992684 0.357176 0.329539 0.000000 0.000000 0.000000 1.000000 0.000000 0.000000
14.000000 159.797967 -1.996588 0.356577 0.325289 0.000000 0.000000 0.000000 1.000000 0.000000 0.000000
14.000000 159.798669 -2.012342 0.361241 0.321331 0.000000 0.000000 0.000000 1.000000 0.000000 0.000000
14.000000 159.807984 -2.027715 0.358076 0.319133 0.000000 0.000000 0.000000 1.000000 0.000000 0.000000
14.000000 159.808632 -2.063101 0.367961 0.318066 0.000000 0.000000 0.000000 1.000000 0.000000 0.000000
14.000000 159.818066 -2.074586 0.366672 0.303796 0.000000 0.000000 0.000000 1.000000 0.000000 0.000000
14.000000 159.818687 -2.081756 0.370392 0.284323 0.000000 0.000000 0.000000 1.000000 0.000000 0.000000
14.000000 159.827981 -2.090539 0.368886 0.277747 0.000000 0.000000 0.000000 1.000000 0.000000 0.000000
14.000000 159.828674 -2.088975 0.368912 0.271212 0.000000 0.000000 0.000000 1.000000 0.000000 0.000000
14.000000 159.837985 -2.113691 0.364088 0.262784 0.000000 0.000000 0.000000 1.000000 0.000000 0.000000
14.000000 159.838712 -2.136642 0.370899 0.256350 0.000000 0.000000 0.000000 1.000000 0.000000 0.000000
14.000000 159.847965 -2.174113 0.363931 0.239920 0.000000 0.000000 0.000000 1.000000 0.000000 0.000000
14.000000 159.848674 -2.171457 0.364010 0.229993 0.000000 0.000000 0.000000 1.000000 0.000000 0.000000
14.000000 159.857923 -2.166123 0.366598 0.211553 0.000000 0.000000 0.000000 1.000000 0.000000 0.000000
14.000000 159.858693 -2.171208 0.368160 0.209984 0.000000 0.000000 0.000000 1.000000 0.000000 0.000000
14.000000 159.868209 -2.196227 0.362689 0.209931 0.000000 0.000000 0.000000 1.000000 0.000000 0.000000
14.000000 159.868684 -2.242633 0.377438 0.185857 0.000000 0.000000 0.000000 1.000000 0.000000 0.000000
14.000000 159.878112 -2.254904 0.375267 0.177389 0.000000 0.000000 0.000000 1.000000 0.000000 0.000000
14.000000 159.878777 -2.262455 0.377794 0.171093 0.000000 0.000000 0.000000 1.000000 0.000000 0.000000
14.000000 159.888247 -2.280863 0.374727 0.157020 0.000000 0.000000 0.000000 1.000000 0.000000 0.000000
14.000000 159.888697 -2.290932 0.378019 0.150836 0.000000 0.000000 0.000000 1.000000 0.000000 0.000000
14.000000 159.898057 -2.309754 0.374795 0.139846 0.000000 0.000000 0.000000 1.000000 0.000000 0.000000
14.000000 159.898744 -2.338116 0.384390 0.116216 0.000000 0.000000 0.000000 1.000000 0.000000 0.000000
14.000000 159.908083 -2.336000 0.385593 0.101156 0.000000 0.000000 0.000000 1.000000 0.000000 0.000000
14.000000 159.928668 -2.405867 0.386584 0.047897 0.000000 0.000000 0.000000 1.000000 0.000000 0.000000
14.000000 159.938090 -2.434147 0.381507 0.033947 0.000000 0.000000 0.000000 1.000000 0.000000 0.000000
14.000000 159.969220 -2.510813 0.392864 0.014691 0.000000 0.000000 0.000000 1.000000 0.000000 0.000000
14.000000 159.978052 -2.536582 0.387567 0.021009 0.000000 0.000000 0.000000 1.000000 0.000000 0.000000
14.000000 159.978844 -2.563066 0.394252 0.035978 0.000000 0.000000 0.000000 1.000000 0.000000 0.000000
14.000000 159.988076 -2.567349 0.393056 0.045818 0.000000 0.000000 0.000000 1.000000 0.000000 0.000000
14.000000 159.988949 -2.584880 0.397156 0.058108 0.000000 0.000000 0.000000 1.000000 0.000000 0.000000
14.000000 159.998028 -2.609516 0.391714 0.065965 0.000000 0.000000 0.000000 1.000000 0.000000 0.000000
14.000000 159.999142 -2.635160 0.398821 0.065227 0.000000 0.000000 0.000000 1.000000 0.000000 0.000000
14.000000 160.008075 -2.630022 0.399663 0.073624 0.000000 0.000000 0.000000 1.000000 0.000000 0.000000
