19.000000 180.676887 23.612769 -0.237685 0.232341 0.000000 0.000000 0.000000 1.000000 0.000000 0.000000
19.000000 180.685554 23.555376 -0.237772 0.261107 0.000000 0.000000 0.000000 1.000000 0.000000 0.000000
19.000000 180.686923 23.494309 -0.222530 0.301076 0.000000 0.000000 0.000000 1.000000 0.000000 0.000000
19.000000 180.687490 23.150089 -0.220212 0.368194 0.000000 0.000000 0.000000 1.000000 0.000000 0.000000
19.000000 180.695743 23.224521 -0.199073 0.404385 0.000000 0.000000 0.000000 1.000000 0.000000 0.000000
19.000000 180.696895 23.353981 -0.230730 0.432228 0.000000 0.000000 0.000000 1.000000 0.000000 0.000000
19.000000 180.697378 23.041573 -0.228999 0.470688 0.000000 0.000000 0.000000 1.000000 0.000000 0.000000
19.000000 180.705582 23.121372 -0.206264 0.487623 0.000000 0.000000 0.000000 1.000000 0.000000 0.000000
19.000000 180.706912 23.213874 -0.228672 0.515512 0.000000 0.000000 0.000000 1.000000 0.000000 0.000000
19.000000 180.707455 22.901132 -0.226698 0.548771 0.000000 0.000000 0.000000 1.000000 0.000000 0.000000
19.000000 180.715611 22.994517 -0.199898 0.573366 0.000000 0.000000 0.000000 1.000000 0.000000 0.000000
19.000000 180.716988 23.046176 -0.211906 0.616447 0.000000 0.000000 0.000000 1.000000 0.000000 0.000000
19.000000 180.717373 22.805997 -0.210693 0.639088 0.000000 0.000000 0.000000 1.000000 0.000000 0.000000
19.000000 180.725513 22.856208 -0.196634 0.667277 0.000000 0.000000 0.000000 1.000000 0.000000 0.000000
19.000000 180.726935 22.930163 -0.214425 0.701224 0.000000 0.000000 0.000000 1.000000 0.000000 0.000000
19.000000 180.727505 22.691600 -0.213250 0.710842 0.000000 0.000000 0.000000 1.000000 0.000000 0.000000
19.000000 180.735670 22.691564 -0.214351 0.744430 0.000000 0.000000 0.000000 1.000000 0.000000 0.000000
19.000000 180.737022 22.670012 -0.207629 0.800677 0.000000 0.000000 0.000000 1.000000 0.000000 0.000000
19.000000 180.737558 22.516031 -0.207074 0.804003 0.000000 0.000000 0.000000 1.000000 0.000000 0.000000
19.000000 180.745609 22.587423 -0.186332 0.820359 0.000000 0.000000 0.000000 1.000000 0.000000 0.000000
19.000000 180.747039 22.711916 -0.217452 0.850168 0.000000 0.000000 0.000000 1.000000 0.000000 0.000000
19.000000 180.747523 22.338217 -0.215261 0.891125 0.000000 0.000000 0.000000 1.000000 0.000000 0.000000
19.000000 180.755693 22.454554 -0.180573 0.901801 0.000000 0.000000 0.000000 1.000000 0.000000 0.000000
19.000000 180.757193 22.569009 -0.209336 0.924989 0.000000 0.000000 0.000000 1.000000 0.000000 0.000000
19.000000 180.757457 22.233540 -0.207354 0.959644 0.000000 0.000000 0.000000 1.000000 0.000000 0.000000
19.000000 180.761452 22.080560 -0.227842 0.999898 0.000000 0.000000 0.000000 1.000000 0.000000 0.000000
19.000000 180.765652 22.113090 -0.162412 1.049133 0.000000 0.000000 0.000000 1.000000 0.000000 0.000000
19.000000 180.767041 22.478858 -0.208585 1.003792 0.000000 0.000000 0.000000 1.000000 0.000000 0.000000
19.000000 180.767668 22.084563 -0.205959 1.048732 0.000000 0.000000 0.000000 1.000000 0.000000 0.000000
19.000000 180.771441 21.982366 -0.218397 1.081165 0.000000 0.000000 0.000000 1.000000 0.000000 0.000000
19.000000 180.775816 22.029839 -0.169849 1.127996 0.000000 0.000000 0.000000 1.000000 0.000000 0.000000
19.000000 180.776987 22.388012 -0.218811 1.083686 0.000000 0.000000 0.000000 1.000000 0.000000 0.000000
19.000000 180.777414 21.955143 -0.216144 1.117587 0.000000 0.000000 0.000000 1.000000 0.000000 0.000000
19.000000 180.781416 21.871657 -0.217387 1.138789 0.000000 0.000000 0.000000 1.000000 0.000000 0.000000
19.000000 180.785646 21.975543 -0.179984 1.217061 0.000000 0.000000 0.000000 1.000000 0.000000 0.000000
19.000000 180.786973 22.175019 -0.185170 1.181276 0.000000 0.000000 0.000000 1.000000 0.000000 0.000000
19.000000 180.787433 21.881005 -0.183101 1.199596 0.000000 0.000000 0.000000 1.000000 0.000000 0.000000
19.000000 180.791449 21.766537 -0.206716 1.226773 0.000000 0.000000 0.000000 1.000000 0.000000 0.000000
19.000000 180.795701 21.820205 -0.167390 1.266361 0.000000 0.000000 0.000000 1.000000 0.000000 0.000000
19.000000 180.797181 22.043452 -0.182240 1.249047 0.000000 0.000000 0.000000 1.000000 0.000000 0.000000
19.000000 180.797396 21.749080 -0.180933 1.279049 0.000000 0.000000 0.000000 1.000000 0.000000 0.000000
19.000000 180.801467 21.660559 -0.197402 1.292434 0.000000 0.000000 0.000000 1.000000 0.000000 0.000000
19.000000 180.805801 21.754525 -0.171052 1.347019 0.000000 0.000000 0.000000 1.000000 0.000000 0.000000
19.000000 180.806950 21.978096 -0.185073 1.318112 0.000000 0.000000 0.000000 1.000000 0.000000 0.000000
19.000000 180.807489 21.626105 -0.183005 1.347486 0.000000 0.000000 0.000000 1.000000 0.000000 0.000000
19.000000 180.811567 21.560849 -0.193248 1.361794 0.000000 0.000000 0.000000 1.000000 0.000000 0.000000
19.000000 180.815616 21.649610 -0.166348 1.411808 0.000000 0.000000 0.000000 1.000000 0.000000 0.000000
19.000000 180.817020 21.902005 -0.188642 1.376506 0.000000 0.000000 0.000000 1.000000 0.000000 0.000000
19.000000 180.817356 21.479182 -0.185929 1.414782 0.000000 0.000000 0.000000 1.000000 0.000000 0.000000
19.000000 180.821527 21.448382 -0.186848 1.427085 0.000000 0.000000 0.000000 1.000000 0.000000 0.000000
19.000000 180.825771 21.557806 -0.166424 1.481804 0.000000 0.000000 0.000000 1.000000 0.000000 0.000000
19.000000 180.826972 21.691484 -0.156236 1.468053 0.000000 0.000000 0.000000 1.000000 0.000000 0.000000
19.000000 180.827583 21.514039 -0.155855 1.462457 0.000000 0.000000 0.000000 1.000000 0.000000 0.000000
19.000000 180.831538 21.347503 -0.191324 1.481790 0.000000 0.000000 0.000000 1.000000 0.000000 0.000000
19.000000 180.835692 21.452497 -0.179427 1.544998 0.000000 0.000000 0.000000 1.000000 0.000000 0.000000
19.000000 180.836955 21.428056 -0.145003 1.549186 0.000000 0.000000 0.000000 1.000000 0.000000 0.000000
19.000000 180.837546 21.340316 -0.144829 1.546154 0.000000 0.000000 0.000000 1.000000 0.000000 0.000000
19.000000 180.841561 21.231261 -0.174778 1.554589 0.000000 0.000000 0.000000 1.000000 0.000000 0.000000
19.000000 180.845999 21.363322 -0.167148 1.608935 0.000000 0.000000 0.000000 1.000000 0.000000 0.000000
19.000000 180.847024 21.434320 -0.142977 1.601938 0.000000 0.000000 0.000000 1.000000 0.000000 0.000000
19.000000 180.847478 21.228465 -0.142119 1.616232 0.000000 0.000000 0.000000 1.000000 0.000000 0.000000
19.000000 180.851527 21.126750 -0.171621 1.626818 0.000000 0.000000 0.000000 1.000000 0.000000 0.000000
19.000000 180.855687 21.259224 -0.167816 1.676817 0.000000 0.000000 0.000000 1.000000 0.000000 0.000000
19.000000 180.857020 21.307309 -0.139894 1.669736 0.000000 0.000000 0.000000 1.000000 0.000000 0.000000
19.000000 180.857479 21.094930 -0.138934 1.683731 0.000000 0.000000 0.000000 1.000000 0.000000 0.000000
19.000000 180.861516 21.025690 -0.159705 1.689923 0.000000 0.000000 0.000000 1.000000 0.000000 0.000000
19.000000 180.865603 21.161658 -0.162728 1.737159 0.000000 0.000000 0.000000 1.000000 0.000000 0.000000
19.000000 180.867292 21.216325 -0.141026 1.730669 0.000000 0.000000 0.000000 1.000000 0.000000 0.000000
19.000000 180.867550 20.968527 -0.139967 1.748748 0.000000 0.000000 0.000000 1.000000 0.000000 0.000000
19.000000 180.871472 20.913503 -0.158570 1.748685 0.000000 0.000000 0.000000 1.000000 0.000000 0.000000
19.000000 180.875857 21.082560 -0.171107 1.801140 0.000000 0.000000 0.000000 1.000000 0.000000 0.000000
19.000000 180.877098 21.076044 -0.130707 1.797598 0.000000 0.000000 0.000000 1.000000 0.000000 0.000000
19.000000 180.877445 20.963848 -0.130196 1.797335 0.000000 0.000000 0.000000 1.000000 0.000000 0.000000
19.000000 180.878282 20.661165 -0.200783 1.798483 0.000000 0.000000 0.000000 1.000000 0.000000 0.000000
19.000000 180.881561 20.718331 -0.123136 1.784139 0.000000 0.000000 0.000000 1.000000 0.000000 0.000000
19.000000 180.885838 20.964744 -0.170329 1.851796 0.000000 0.000000 0.000000 1.000000 0.000000 0.000000
19.000000 180.887000 20.876225 -0.120060 1.862702 0.000000 0.000000 0.000000 1.000000 0.000000 0.000000
19.000000 180.887593 20.773818 -0.119750 1.868532 0.000000 0.000000 0.000000 1.000000 0.000000 0.000000
19.000000 180.888177 20.581488 -0.160766 1.863404 0.000000 0.000000 0.000000 1.000000 0.000000 0.000000
19.000000 180.891609 20.604918 -0.117259 1.843109 0.000000 0.000000 0.000000 1.000000 0.000000 0.000000
19.000000 180.895880 20.863406 -0.163636 1.911354 0.000000 0.000000 0.000000 1.000000 0.000000 0.000000
19.000000 180.897132 20.811524 -0.119795 1.919401 0.000000 0.000000 0.000000 1.000000 0.000000 0.000000
19.000000 180.897456 20.632579 -0.119191 1.935653 0.000000 0.000000 0.000000 1.000000 0.000000 0.000000
19.000000 180.898320 20.470385 -0.151464 1.929073 0.000000 0.000000 0.000000 1.000000 0.000000 0.000000
19.000000 180.905756 20.570527 -0.060957 1.973548 0.000000 0.000000 0.000000 1.000000 0.000000 0.000000
19.000000 180.907073 20.716787 -0.114369 1.984389 0.000000 0.000000 0.000000 1.000000 0.000000 0.000000
19.000000 180.907575 20.522136 -0.113606 1.993475 0.000000 0.000000 0.000000 1.000000 0.000000 0.000000
19.000000 180.908335 20.368436 -0.143151 1.984349 0.000000 0.000000 0.000000 1.000000 0.000000 0.000000
19.000000 180.911541 20.386476 -0.106335 1.955396 0.000000 0.000000 0.000000 1.000000 0.000000 0.000000
19.000000 180.915852 20.717195 -0.172395 2.030940 0.000000 0.000000 0.000000 1.000000 0.000000 0.000000
19.000000 180.917145 20.592164 -0.108766 2.041822 0.000000 0.000000 0.000000 1.000000 0.000000 0.000000
19.000000 180.917436 20.417113 -0.108150 2.053137 0.000000 0.000000 0.000000 1.000000 0.000000 0.000000
19.000000 180.918384 20.240106 -0.143481 2.045314 0.000000 0.000000 0.000000 1.000000 0.000000 0.000000
19.000000 180.921576 20.267745 -0.097102 2.016144 0.000000 0.000000 0.000000 1.000000 0.000000 0.000000
19.000000 180.925818 20.597533 -0.164740 2.087239 0.000000 0.000000 0.000000 1.000000 0.000000 0.000000
19.000000 180.927263 20.466170 -0.101906 2.095762 0.000000 0.000000 0.000000 1.000000 0.000000 0.000000
19.000000 180.927565 20.349208 -0.101634 2.091301 0.000000 0.000000 0.000000 1.000000 0.000000 0.000000
19.000000 180.928241 20.096031 -0.164679 2.085998 0.000000 0.000000 0.000000 1.000000 0.000000 0.000000
19.000000 180.932039 20.158901 -0.094645 2.068133 0.000000 0.000000 0.000000 1.000000 0.000000 0.000000
19.000000 180.935789 20.479335 -0.166677 2.134248 0.000000 0.000000 0.000000 1.000000 0.000000 0.000000
19.000000 180.937230 20.310004 -0.101032 2.153606 0.000000 0.000000 0.000000 1.000000 0.000000 0.000000
19.000000 180.937597 20.182332 -0.100688 2.166215 0.000000 0.000000 0.000000 1.000000 0.000000 0.000000
19.000000 180.938276 20.029754 -0.131864 2.160100 0.000000 0.000000 0.000000 1.000000 0.000000 0.000000
19.000000 180.944131 20.114922 -0.038973 2.203865 0.000000 0.000000 0.000000 1.000000 0.000000 0.000000
19.000000 180.945702 20.119835 -0.056512 2.240733 0.000000 0.000000 0.000000 1.000000 0.000000 0.000000
19.000000 180.947175 20.247825 -0.094520 2.214538 0.000000 0.000000 0.000000 1.000000 0.000000 0.000000
19.000000 180.947540 20.074057 -0.093964 2.216823 0.000000 0.000000 0.000000 1.000000 0.000000 0.000000
19.000000 180.948295 19.911551 -0.130550 2.208653 0.000000 0.000000 0.000000 1.000000 0.000000 0.000000
19.000000 180.951721 19.946670 -0.086690 2.178667 0.000000 0.000000 0.000000 1.000000 0.000000 0.000000
19.000000 180.954094 20.117440 -0.139896 2.264043 0.000000 0.000000 0.000000 1.000000 0.000000 0.000000
19.000000 180.955779 19.995350 -0.048691 2.295778 0.000000 0.000000 0.000000 1.000000 0.000000 0.000000
19.000000 180.957181 20.124592 -0.087201 2.268271 0.000000 0.000000 0.000000 1.000000 0.000000 0.000000
19.000000 180.957441 19.967811 -0.086657 2.269585 0.000000 0.000000 0.000000 1.000000 0.000000 0.000000
19.000000 180.959020 19.793004 -0.125798 2.262735 0.000000 0.000000 0.000000 1.000000 0.000000 0.000000
19.000000 180.961632 19.827876 -0.080291 2.230234 0.000000 0.000000 0.000000 1.000000 0.000000 0.000000
19.000000 180.964179 20.005897 -0.135371 2.318857 0.000000 0.000000 0.000000 1.000000 0.000000 0.000000
19.000000 180.965753 19.882808 -0.046935 2.351994 0.000000 0.000000 0.000000 1.000000 0.000000 0.000000
19.000000 180.967197 19.988070 -0.080475 2.325803 0.000000 0.000000 0.000000 1.000000 0.000000 0.000000
19.000000 180.967573 19.864272 -0.080082 2.325621 0.000000 0.000000 0.000000 1.000000 0.000000 0.000000
19.000000 180.968538 19.698285 -0.115186 2.316350 0.000000 0.000000 0.000000 1.000000 0.000000 0.000000
19.000000 180.971889 19.724439 -0.074808 2.278626 0.000000 0.000000 0.000000 1.000000 0.000000 0.000000
19.000000 180.974080 19.884419 -0.124993 2.365789 0.000000 0.000000 0.000000 1.000000 0.000000 0.000000
19.000000 180.975830 19.759628 -0.036926 2.405526 0.000000 0.000000 0.000000 1.000000 0.000000 0.000000
19.000000 180.977277 19.896749 -0.079005 2.373247 0.000000 0.000000 0.000000 1.000000 0.000000 0.000000
19.000000 180.977468 19.788471 -0.078572 2.367364 0.000000 0.000000 0.000000 1.000000 0.000000 0.000000
19.000000 180.978430 19.533558 -0.144399 2.366595 0.000000 0.000000 0.000000 1.000000 0.000000 0.000000
19.000000 180.981674 19.606844 -0.072030 2.334958 0.000000 0.000000 0.000000 1.000000 0.000000 0.000000
19.000000 180.984298 19.771857 -0.122307 2.414079 0.000000 0.000000 0.000000 1.000000 0.000000 0.000000
19.000000 180.985716 19.661098 -0.049184 2.450116 0.000000 0.000000 0.000000 1.000000 0.000000 0.000000
19.000000 180.987219 19.716330 -0.070816 2.426882 0.000000 0.000000 0.000000 1.000000 0.000000 0.000000
19.000000 180.987569 19.642384 -0.070473 2.429129 0.000000 0.000000 0.000000 1.000000 0.000000 0.000000
19.000000 180.988294 19.497598 -0.098659 2.422912 0.000000 0.000000 0.000000 1.000000 0.000000 0.000000
19.000000 180.991629 19.513803 -0.066157 2.377615 0.000000 0.000000 0.000000 1.000000 0.000000 0.000000
19.000000 180.994131 19.661276 -0.111988 2.457264 0.000000 0.000000 0.000000 1.000000 0.000000 0.000000
19.000000 180.995926 19.545131 -0.034278 2.501373 0.000000 0.000000 0.000000 1.000000 0.000000 0.000000
19.000000 180.997062 19.644551 -0.066709 2.474713 0.000000 0.000000 0.000000 1.000000 0.000000 0.000000
19.000000 180.997476 19.518164 -0.066293 2.476113 0.000000 0.000000 0.000000 1.000000 0.000000 0.000000
19.000000 180.998378 19.353337 -0.104851 2.471998 0.000000 0.000000 0.000000 1.000000 0.000000 0.000000
19.000000 181.001622 19.393819 -0.060314 2.428705 0.000000 0.000000 0.000000 1.000000 0.000000 0.000000
19.000000 181.004298 19.522264 -0.100383 2.498665 0.000000 0.000000 0.000000 1.000000 0.000000 0.000000
19.000000 181.005597 19.413497 -0.025826 2.552420 0.000000 0.000000 0.000000 1.000000 0.000000 0.000000
19.000000 181.007101 19.538335 -0.061938 2.524262 0.000000 0.000000 0.000000 1.000000 0.000000 0.000000
19.000000 181.007606 19.408390 -0.061283 2.524955 0.000000 0.000000 0.000000 1.000000 0.000000 0.000000
19.000000 181.008329 19.255254 -0.094019 2.522801 0.000000 0.000000 0.000000 1.000000 0.000000 0.000000
19.000000 181.011708 19.282507 -0.055814 2.478850 0.000000 0.000000 0.000000 1.000000 0.000000 0.000000
19.000000 181.014402 19.416171 -0.096854 2.551333 0.000000 0.000000 0.000000 1.000000 0.000000 0.000000
19.000000 181.015677 19.308221 -0.026446 2.599031 0.000000 0.000000 0.000000 1.000000 0.000000 0.000000
19.000000 181.017242 19.385612 -0.052165 2.574610 0.000000 0.000000 0.000000 1.000000 0.000000 0.000000
19.000000 181.017495 19.320126 -0.051920 2.567467 0.000000 0.000000 0.000000 1.000000 0.000000 0.000000
19.000000 181.018413 19.124932 -0.098956 2.561070 0.000000 0.000000 0.000000 1.000000 0.000000 0.000000
19.000000 181.021528 19.176816 -0.043703 2.519743 0.000000 0.000000 0.000000 1.000000 0.000000 0.000000
19.000000 181.024299 19.301005 -0.082642 2.593804 0.000000 0.000000 0.000000 1.000000 0.000000 0.000000
19.000000 181.025828 19.195821 -0.016493 2.648019 0.000000 0.000000 0.000000 1.000000 0.000000 0.000000
19.000000 181.027033 19.314300 -0.053955 2.618363 0.000000 0.000000 0.000000 1.000000 0.000000 0.000000
19.000000 181.027577 19.222446 -0.053669 2.609887 0.000000 0.000000 0.000000 1.000000 0.000000 0.000000
19.000000 181.028326 18.943710 -0.131002 2.609946 0.000000 0.000000 0.000000 1.000000 0.000000 0.000000
19.000000 181.031572 19.053232 -0.040389 2.569014 0.000000 0.000000 0.000000 1.000000 0.000000 0.000000
19.000000 181.034218 19.196142 -0.083575 2.636483 0.000000 0.000000 0.000000 1.000000 0.000000 0.000000
19.000000 181.035764 19.089734 -0.027511 2.676769 0.000000 0.000000 0.000000 1.000000 0.000000 0.000000
19.000000 181.037035 19.110665 -0.045841 2.654568 0.000000 0.000000 0.000000 1.000000 0.000000 0.000000
19.000000 181.037583 19.081260 -0.045807 2.664158 0.000000 0.000000 0.000000 1.000000 0.000000 0.000000
19.000000 181.038396 18.936956 -0.075661 2.659133 0.000000 0.000000 0.000000 1.000000 0.000000 0.000000
19.000000 181.041533 18.962680 -0.038946 2.608220 0.000000 0.000000 0.000000 1.000000 0.000000 0.000000
19.000000 181.044308 19.080993 -0.075735 2.677894 0.000000 0.000000 0.000000 1.000000 0.000000 0.000000
19.000000 181.045939 18.969784 -0.006305 2.734379 0.000000 0.000000 0.000000 1.000000 0.000000 0.000000
19.000000 181.047055 19.086966 -0.043753 2.703672 0.000000 0.000000 0.000000 1.000000 0.000000 0.000000
19.000000 181.047614 18.964791 -0.043233 2.705728 0.000000 0.000000 0.000000 1.000000 0.000000 0.000000
19.000000 181.048333 18.809795 -0.078859 2.705056 0.000000 0.000000 0.000000 1.000000 0.000000 0.000000
19.000000 181.051648 18.862732 -0.027517 2.654019 0.000000 0.000000 0.000000 1.000000 0.000000 0.000000
19.000000 181.054224 18.947789 -0.056032 2.716674 0.000000 0.000000 0.000000 1.000000 0.000000 0.000000
19.000000 181.055711 18.855648 -0.005315 2.780604 0.000000 0.000000 0.000000 1.000000 0.000000 0.000000
19.000000 181.057133 18.962519 -0.040818 2.749448 0.000000 0.000000 0.000000 1.000000 0.000000 0.000000
19.000000 181.057511 18.847132 -0.040280 2.753189 0.000000 0.000000 0.000000 1.000000 0.000000 0.000000
19.000000 181.058736 18.718369 -0.068375 2.753680 0.000000 0.000000 0.000000 1.000000 0.000000 0.000000
19.000000 181.061630 18.754076 -0.030597 2.697519 0.000000 0.000000 0.000000 1.000000 0.000000 0.000000
19.000000 181.064359 18.832342 -0.056743 2.753879 0.000000 0.000000 0.000000 1.000000 0.000000 0.000000
19.000000 181.065751 18.728424 0.005044 2.817669 0.000000 0.000000 0.000000 1.000000 0.000000 0.000000
19.000000 181.067060 18.847633 -0.032926 2.790650 0.000000 0.000000 0.000000 1.000000 0.000000 0.000000
19.000000 181.067591 18.742299 -0.032570 2.792304 0.000000 0.000000 0.000000 1.000000 0.000000 0.000000
19.000000 181.068349 18.595412 -0.062065 2.785402 0.000000 0.000000 0.000000 1.000000 0.000000 0.000000
19.000000 181.071684 18.624475 -0.021142 2.733355 0.000000 0.000000 0.000000 1.000000 0.000000 0.000000
19.000000 181.074234 18.723885 -0.052136 2.797973 0.000000 0.000000 0.000000 1.000000 0.000000 0.000000
19.000000 181.075944 18.625704 0.007721 2.861186 0.000000 0.000000 0.000000 1.000000 0.000000 0.000000
19.000000 181.077138 18.727996 -0.023918 2.834201 0.000000 0.000000 0.000000 1.000000 0.000000 0.000000
19.000000 181.077513 18.703488 -0.023426 2.829225 0.000000 0.000000 0.000000 1.000000 0.000000 0.000000
19.000000 181.078412 18.467870 -0.081705 2.830572 0.000000 0.000000 0.000000 1.000000 0.000000 0.000000
19.000000 181.081612 18.531910 -0.015925 2.777043 0.000000 0.000000 0.000000 1.000000 0.000000 0.000000
19.000000 181.084369 18.601314 -0.039859 2.838798 0.000000 0.000000 0.000000 1.000000 0.000000 0.000000
19.000000 181.085717 18.548365 -0.021550 2.908694 0.000000 0.000000 0.000000 1.000000 0.000000 0.000000
19.000000 181.087297 18.528019 -0.020398 2.881885 0.000000 0.000000 0.000000 1.000000 0.000000 0.000000
19.000000 181.087628 18.535672 -0.019845 2.871230 0.000000 0.000000 0.000000 1.000000 0.000000 0.000000
19.000000 181.088336 18.406591 -0.044267 2.867553 0.000000 0.000000 0.000000 1.000000 0.000000 0.000000
19.000000 181.091559 18.432193 -0.007634 2.808899 0.000000 0.000000 0.000000 1.000000 0.000000 0.000000
19.000000 181.094257 18.493263 -0.029114 2.865483 0.000000 0.000000 0.000000 1.000000 0.000000 0.000000
19.000000 181.095763 18.422039 0.006506 2.936820 0.000000 0.000000 0.000000 1.000000 0.000000 0.000000
19.000000 181.097313 18.496698 -0.018074 2.910404 0.000000 0.000000 0.000000 1.000000 0.000000 0.000000
19.000000 181.097583 18.413682 -0.017645 2.907395 0.000000 0.000000 0.000000 1.000000 0.000000 0.000000
19.000000 181.098425 18.276195 -0.050299 2.907021 0.000000 0.000000 0.000000 1.000000 0.000000 0.000000
19.000000 181.101617 18.330985 -0.001735 2.853975 0.000000 0.000000 0.000000 1.000000 0.000000 0.000000
19.000000 181.104343 18.373216 -0.019117 2.910247 0.000000 0.000000 0.000000 1.000000 0.000000 0.000000
19.000000 181.105733 18.276638 0.034590 2.984042 0.000000 0.000000 0.000000 1.000000 0.000000 0.000000
19.000000 181.107094 18.433873 -0.014424 2.950067 0.000000 0.000000 0.000000 1.000000 0.000000 0.000000
19.000000 181.107605 18.310179 -0.013941 2.950943 0.000000 0.000000 0.000000 1.000000 0.000000 0.000000
19.000000 181.108626 18.173557 -0.042456 2.948807 0.000000 0.000000 0.000000 1.000000 0.000000 0.000000
19.000000 181.111628 18.209066 -0.001408 2.888583 0.000000 0.000000 0.000000 1.000000 0.000000 0.000000
19.000000 181.114338 18.272600 -0.023755 2.946294 0.000000 0.000000 0.000000 1.000000 0.000000 0.000000
19.000000 181.115823 18.185011 0.023149 3.021393 0.000000 0.000000 0.000000 1.000000 0.000000 0.000000
19.000000 181.117080 18.269360 -0.004241 2.991353 0.000000 0.000000 0.000000 1.000000 0.000000 0.000000
19.000000 181.117514 18.210058 -0.003673 2.987475 0.000000 0.000000 0.000000 1.000000 0.000000 0.000000
19.000000 181.118460 18.084736 -0.024614 2.983309 0.000000 0.000000 0.000000 1.000000 0.000000 0.000000
19.000000 181.121620 18.096244 0.006219 2.918817 0.000000 0.000000 0.000000 1.000000 0.000000 0.000000
19.000000 181.124343 18.158505 -0.016406 2.982841 0.000000 0.000000 0.000000 1.000000 0.000000 0.000000
19.000000 181.125764 18.056285 0.037857 3.056444 0.000000 0.000000 0.000000 1.000000 0.000000 0.000000
19.000000 181.127264 18.195963 -0.008184 3.018767 0.000000 0.000000 0.000000 1.000000 0.000000 0.000000
19.000000 181.127662 18.122093 -0.007735 3.012645 0.000000 0.000000 0.000000 1.000000 0.000000 0.000000
19.000000 181.128363 17.909923 -0.059545 3.009890 0.000000 0.000000 0.000000 1.000000 0.000000 0.000000
19.000000 181.131695 17.986002 0.011237 2.952870 0.000000 0.000000 0.000000 1.000000 0.000000 0.000000
19.000000 181.134255 18.047019 -0.010890 3.015913 0.000000 0.000000 0.000000 1.000000 0.000000 0.000000
19.000000 181.135825 17.961102 0.030474 3.091042 0.000000 0.000000 0.000000 1.000000 0.000000 0.000000
19.000000 181.137036 18.070855 -0.007085 3.055280 0.000000 0.000000 0.000000 1.000000 0.000000 0.000000
19.000000 181.137603 17.972720 -0.006584 3.054101 0.000000 0.000000 0.000000 1.000000 0.000000 0.000000
19.000000 181.138429 17.857728 -0.026178 3.050180 0.000000 0.000000 0.000000 1.000000 0.000000 0.000000
19.000000 181.141700 17.893096 0.016258 2.988802 0.000000 0.000000 0.000000 1.000000 0.000000 0.000000
19.000000 181.144298 17.925900 0.001388 3.044384 0.000000 0.000000 0.000000 1.000000 0.000000 0.000000
19.000000 181.145812 17.841351 0.044929 3.123367 0.000000 0.000000 0.000000 1.000000 0.000000 0.000000
19.000000 181.147065 17.983925 0.000003 3.087179 0.000000 0.000000 0.000000 1.000000 0.000000 0.000000
19.000000 181.147696 17.875626 0.000656 3.087607 0.000000 0.000000 0.000000 1.000000 0.000000 0.000000
19.000000 181.148394 17.728319 -0.030397 3.090369 0.000000 0.000000 0.000000 1.000000 0.000000 0.000000
19.000000 181.151612 17.786224 0.025672 3.030380 0.000000 0.000000 0.000000 1.000000 0.000000 0.000000
19.000000 181.154193 17.788791 0.019718 3.070005 0.000000 0.000000 0.000000 1.000000 0.000000 0.000000
19.000000 181.155974 17.757548 0.029496 3.150797 0.000000 0.000000 0.000000 1.000000 0.000000 0.000000
19.000000 181.157087 17.855324 0.000895 3.120127 0.000000 0.000000 0.000000 1.000000 0.000000 0.000000
19.000000 181.157659 17.756664 0.001679 3.116738 0.000000 0.000000 0.000000 1.000000 0.000000 0.000000
19.000000 181.158466 17.634170 -0.021563 3.120133 0.000000 0.000000 0.000000 1.000000 0.000000 0.000000
19.000000 181.161669 17.697238 0.035986 3.062825 0.000000 0.000000 0.000000 1.000000 0.000000 0.000000
19.000000 181.164421 17.661982 0.038797 3.100837 0.000000 0.000000 0.000000 1.000000 0.000000 0.000000
19.000000 181.166028 17.634863 0.043459 3.180722 0.000000 0.000000 0.000000 1.000000 0.000000 0.000000
19.000000 181.167093 17.743118 0.010064 3.146832 0.000000 0.000000 0.000000 1.000000 0.000000 0.000000
19.000000 181.167740 17.658771 0.010858 3.145209 0.000000 0.000000 0.000000 1.000000 0.000000 0.000000
19.000000 181.168404 17.546419 -0.004890 3.146921 0.000000 0.000000 0.000000 1.000000 0.000000 0.000000
19.000000 181.171701 17.575079 0.037233 3.085442 0.000000 0.000000 0.000000 1.000000 0.000000 0.000000
19.000000 181.174188 17.554200 0.036302 3.129736 0.000000 0.000000 0.000000 1.000000 0.000000 0.000000
19.000000 181.176003 17.515197 0.050199 3.211346 0.000000 0.000000 0.000000 1.000000 0.000000 0.000000
19.000000 181.177084 17.654848 0.007858 3.173810 0.000000 0.000000 0.000000 1.000000 0.000000 0.000000
19.000000 181.177627 17.596498 0.008475 3.155159 0.000000 0.000000 0.000000 1.000000 0.000000 0.000000
19.000000 181.178497 17.268339 -0.089569 3.161034 0.000000 0.000000 0.000000 1.000000 0.000000 0.000000
19.000000 181.181680 17.462318 0.045443 3.118464 0.000000 0.000000 0.000000 1.000000 0.000000 0.000000
19.000000 181.184426 17.429830 0.048545 3.150628 0.000000 0.000000 0.000000 1.000000 0.000000 0.000000
19.000000 181.185795 17.445565 0.026074 3.230627 0.000000 0.000000 0.000000 1.000000 0.000000 0.000000
19.000000 181.187107 17.485530 0.014792 3.206828 0.000000 0.000000 0.000000 1.000000 0.000000 0.000000
19.000000 181.187724 17.427650 0.015411 3.198568 0.000000 0.000000 0.000000 1.000000 0.000000 0.000000
19.000000 181.188344 17.286198 -0.017293 3.200887 0.000000 0.000000 0.000000 1.000000 0.000000 0.000000
19.000000 181.191701 17.363683 0.045767 3.145670 0.000000 0.000000 0.000000 1.000000 0.000000 0.000000
19.000000 181.195832 18.114547 -0.164599 3.193335 0.000000 0.000000 0.000000 1.000000 0.000000 0.000000
19.000000 181.197143 17.373917 0.026486 3.224163 0.000000 0.000000 0.000000 1.000000 0.000000 0.000000
19.000000 181.197623 17.344162 0.027603 3.213442 0.000000 0.000000 0.000000 1.000000 0.000000 0.000000
19.000000 181.198477 17.167364 -0.023480 3.232320 0.000000 0.000000 0.000000 1.000000 0.000000 0.000000
19.000000 181.201653 17.278547 0.052334 3.182088 0.000000 0.000000 0.000000 1.000000 0.000000 0.000000
19.000000 181.205898 17.991756 -0.121459 3.209790 0.000000 0.000000 0.000000 1.000000 0.000000 0.000000
19.000000 181.207158 17.481412 0.024613 3.225608 0.000000 0.000000 0.000000 1.000000 0.000000 0.000000
19.000000 181.207717 17.202213 0.024983 3.238477 0.000000 0.000000 0.000000 1.000000 0.000000 0.000000
19.000000 181.208659 17.064208 -0.016689 3.257069 0.000000 0.000000 0.000000 1.000000 0.000000 0.000000
19.000000 181.211714 17.182188 0.056748 3.210288 0.000000 0.000000 0.000000 1.000000 0.000000 0.000000
19.000000 181.215797 17.729232 -0.104495 3.230162 0.000000 0.000000 0.000000 1.000000 0.000000 0.000000
19.000000 181.217106 17.171362 0.031786 3.262616 0.000000 0.000000 0.000000 1.000000 0.000000 0.000000
19.000000 181.217623 17.087056 0.032419 3.266117 0.000000 0.000000 0.000000 1.000000 0.000000 0.000000
19.000000 181.218487 16.811297 -0.061542 3.293577 0.000000 0.000000 0.000000 1.000000 0.000000 0.000000
19.000000 181.221692 17.041669 0.072588 3.245181 0.000000 0.000000 0.000000 1.000000 0.000000 0.000000
19.000000 181.227133 17.291484 0.039068 3.235243 0.000000 0.000000 0.000000 1.000000 0.000000 0.000000
19.000000 181.227753 17.100627 0.059753 3.294446 0.000000 0.000000 0.000000 1.000000 0.000000 0.000000
19.000000 181.228424 16.883940 -0.002106 3.311751 0.000000 0.000000 0.000000 1.000000 0.000000 0.000000
19.000000 181.231667 16.960334 0.059709 3.255332 0.000000 0.000000 0.000000 1.000000 0.000000 0.000000
19.000000 181.235891 17.539723 -0.107024 3.279994 0.000000 0.000000 0.000000 1.000000 0.000000 0.000000
19.000000 181.237131 16.944730 0.042216 3.309615 0.000000 0.000000 0.000000 1.000000 0.000000 0.000000
19.000000 181.237673 16.927649 0.043273 3.308212 0.000000 0.000000 0.000000 1.000000 0.000000 0.000000
19.000000 181.238485 16.708440 -0.024277 3.333655 0.000000 0.000000 0.000000 1.000000 0.000000 0.000000
19.000000 181.241709 16.840602 0.061807 3.279909 0.000000 0.000000 0.000000 1.000000 0.000000 0.000000
19.000000 181.245844 17.366849 -0.087053 3.290547 0.000000 0.000000 0.000000 1.000000 0.000000 0.000000
19.000000 181.247151 16.799824 0.058642 3.325584 0.000000 0.000000 0.000000 1.000000 0.000000 0.000000
19.000000 181.247697 16.851434 0.059597 3.323172 0.000000 0.000000 0.000000 1.000000 0.000000 0.000000
19.000000 181.248423 16.555293 -0.038914 3.349184 0.000000 0.000000 0.000000 1.000000 0.000000 0.000000
19.000000 181.251724 16.731240 0.069691 3.301291 0.000000 0.000000 0.000000 1.000000 0.000000 0.000000
19.000000 181.255845 17.272473 -0.086600 3.316674 0.000000 0.000000 0.000000 1.000000 0.000000 0.000000
19.000000 181.257167 16.713417 0.052663 3.355663 0.000000 0.000000 0.000000 1.000000 0.000000 0.000000
19.000000 181.257694 16.684736 0.053146 3.353103 0.000000 0.000000 0.000000 1.000000 0.000000 0.000000
19.000000 181.258512 16.453306 -0.025047 3.370864 0.000000 0.000000 0.000000 1.000000 0.000000 0.000000
19.000000 181.261640 16.626885 0.076695 3.322735 0.000000 0.000000 0.000000 1.000000 0.000000 0.000000
19.000000 181.265858 17.273392 -0.078692 3.330656 0.000000 0.000000 0.000000 1.000000 0.000000 0.000000
19.000000 181.267250 16.786628 0.060476 3.351514 0.000000 0.000000 0.000000 1.000000 0.000000 0.000000
19.000000 181.267865 16.579740 0.060539 3.364449 0.000000 0.000000 0.000000 1.000000 0.000000 0.000000
19.000000 181.268541 16.361375 -0.011273 3.387786 0.000000 0.000000 0.000000 1.000000 0.000000 0.000000
19.000000 181.271703 16.523097 0.085253 3.339297 0.000000 0.000000 0.000000 1.000000 0.000000 0.000000
19.000000 181.275886 17.191535 -0.103992 3.367307 0.000000 0.000000 0.000000 1.000000 0.000000 0.000000
19.000000 181.277124 16.532645 0.062345 3.399345 0.000000 0.000000 0.000000 1.000000 0.000000 0.000000
19.000000 181.277670 16.488541 0.063472 3.394308 0.000000 0.000000 0.000000 1.000000 0.000000 0.000000
19.000000 181.278488 16.353830 0.031239 3.414372 0.000000 0.000000 0.000000 1.000000 0.000000 0.000000
19.000000 181.281742 16.423606 0.087000 3.359387 0.000000 0.000000 0.000000 1.000000 0.000000 0.000000
19.000000 181.285819 17.027945 -0.092758 3.390750 0.000000 0.000000 0.000000 1.000000 0.000000 0.000000
19.000000 181.287759 16.369778 0.068409 3.449547 0.000000 0.000000 0.000000 1.000000 0.000000 0.000000
19.000000 181.288431 16.223550 0.025883 3.439027 0.000000 0.000000 0.000000 1.000000 0.000000 0.000000
19.000000 181.291748 16.319842 0.089549 3.382428 0.000000 0.000000 0.000000 1.000000 0.000000 0.000000
19.000000 181.295805 16.884183 -0.074595 3.399900 0.000000 0.000000 0.000000 1.000000 0.000000 0.000000
19.000000 181.297364 16.284864 0.074844 3.437492 0.000000 0.000000 0.000000 1.000000 0.000000 0.000000
19.000000 181.297750 16.292204 0.075897 3.433749 0.000000 0.000000 0.000000 1.000000 0.000000 0.000000
19.000000 181.298485 16.079764 0.006398 3.459708 0.000000 0.000000 0.000000 1.000000 0.000000 0.000000
19.000000 181.301732 16.253117 0.107664 3.404803 0.000000 0.000000 0.000000 1.000000 0.000000 0.000000
19.000000 181.305802 16.627396 -0.016340 3.401872 0.000000 0.000000 0.000000 1.000000 0.000000 0.000000
19.000000 181.307242 16.189018 0.080592 3.450641 0.000000 0.000000 0.000000 1.000000 0.000000 0.000000
19.000000 181.307761 16.184818 0.080875 3.455333 0.000000 0.000000 0.000000 1.000000 0.000000 0.000000
19.000000 181.308464 15.961414 0.008525 3.468901 0.000000 0.000000 0.000000 1.000000 0.000000 0.000000
19.000000 181.311775 16.113071 0.101086 3.416475 0.000000 0.000000 0.000000 1.000000 0.000000 0.000000
19.000000 181.316064 16.587271 -0.037975 3.423939 0.000000 0.000000 0.000000 1.000000 0.000000 0.000000
19.000000 181.317188 16.059376 0.094038 3.461986 0.000000 0.000000 0.000000 1.000000 0.000000 0.000000
19.000000 181.317857 16.106411 0.095198 3.462826 0.000000 0.000000 0.000000 1.000000 0.000000 0.000000
19.000000 181.318663 15.906469 0.038069 3.485842 0.000000 0.000000 0.000000 1.000000 0.000000 0.000000
19.000000 181.321733 16.003010 0.108703 3.428876 0.000000 0.000000 0.000000 1.000000 0.000000 0.000000
19.000000 181.325872 16.562406 -0.047818 3.445171 0.000000 0.000000 0.000000 1.000000 0.000000 0.000000
19.000000 181.327791 16.027379 0.086674 3.499870 0.000000 0.000000 0.000000 1.000000 0.000000 0.000000
19.000000 181.328452 15.683436 -0.022080 3.501905 0.000000 0.000000 0.000000 1.000000 0.000000 0.000000
19.000000 181.331757 15.897763 0.114782 3.445251 0.000000 0.000000 0.000000 1.000000 0.000000 0.000000
19.000000 181.335776 16.425800 -0.056457 3.469946 0.000000 0.000000 0.000000 1.000000 0.000000 0.000000
19.000000 181.337667 15.824618 0.079349 3.535278 0.000000 0.000000 0.000000 1.000000 0.000000 0.000000
19.000000 181.338552 15.729415 0.056155 3.521354 0.000000 0.000000 0.000000 1.000000 0.000000 0.000000
19.000000 181.341726 15.821228 0.115494 3.462930 0.000000 0.000000 0.000000 1.000000 0.000000 0.000000
19.000000 181.345773 16.336831 -0.033343 3.473046 0.000000 0.000000 0.000000 1.000000 0.000000 0.000000
19.000000 181.347234 15.782916 0.106534 3.507014 0.000000 0.000000 0.000000 1.000000 0.000000 0.000000
19.000000 181.347789 15.775908 0.107811 3.508665 0.000000 0.000000 0.000000 1.000000 0.000000 0.000000
19.000000 181.348485 15.665727 0.077961 3.539064 0.000000 0.000000 0.000000 1.000000 0.000000 0.000000
19.000000 181.351759 15.728889 0.121039 3.473509 0.000000 0.000000 0.000000 1.000000 0.000000 0.000000
19.000000 181.355771 16.175528 -0.016423 3.475818 0.000000 0.000000 0.000000 1.000000 0.000000 0.000000
19.000000 181.357275 15.651787 0.110631 3.523906 0.000000 0.000000 0.000000 1.000000 0.000000 0.000000
19.000000 181.357700 15.658705 0.111479 3.528501 0.000000 0.000000 0.000000 1.000000 0.000000 0.000000
19.000000 181.358520 15.571629 0.094171 3.547664 0.000000 0.000000 0.000000 1.000000 0.000000 0.000000
19.000000 181.361729 15.611171 0.129428 3.481669 0.000000 0.000000 0.000000 1.000000 0.000000 0.000000
19.000000 181.365752 16.099139 -0.015199 3.488751 0.000000 0.000000 0.000000 1.000000 0.000000 0.000000
19.000000 181.367877 15.567889 0.115503 3.557542 0.000000 0.000000 0.000000 1.000000 0.000000 0.000000
19.000000 181.368500 15.499128 0.114602 3.555213 0.000000 0.000000 0.000000 1.000000 0.000000 0.000000
19.000000 181.371804 15.499975 0.141815 3.491358 0.000000 0.000000 0.000000 1.000000 0.000000 0.000000
19.000000 181.375809 15.976026 -0.002532 3.507605 0.000000 0.000000 0.000000 1.000000 0.000000 0.000000
19.000000 181.377245 15.559379 0.088904 3.546735 0.000000 0.000000 0.000000 1.000000 0.000000 0.000000
19.000000 181.377711 15.409825 0.089181 3.557964 0.000000 0.000000 0.000000 1.000000 0.000000 0.000000
19.000000 181.378520 15.466642 0.144725 3.569092 0.000000 0.000000 0.000000 1.000000 0.000000 0.000000
19.000000 181.381743 15.398994 0.142782 3.502025 0.000000 0.000000 0.000000 1.000000 0.000000 0.000000
19.000000 181.385741 15.832063 0.011135 3.515243 0.000000 0.000000 0.000000 1.000000 0.000000 0.000000
19.000000 181.387267 15.375499 0.119542 3.555292 0.000000 0.000000 0.000000 1.000000 0.000000 0.000000
19.000000 181.387800 15.353186 0.120460 3.560633 0.000000 0.000000 0.000000 1.000000 0.000000 0.000000
19.000000 181.388490 15.299399 0.123668 3.582709 0.000000 0.000000 0.000000 1.000000 0.000000 0.000000
19.000000 181.391733 15.313628 0.154031 3.517950 0.000000 0.000000 0.000000 1.000000 0.000000 0.000000
19.000000 181.395780 15.592515 0.048229 3.520386 0.000000 0.000000 0.000000 1.000000 0.000000 0.000000
19.000000 181.397264 15.236301 0.118010 3.559489 0.000000 0.000000 0.000000 1.000000 0.000000 0.000000
19.000000 181.397711 15.230726 0.119118 3.565755 0.000000 0.000000 0.000000 1.000000 0.000000 0.000000
19.000000 181.398543 15.231521 0.144050 3.588489 0.000000 0.000000 0.000000 1.000000 0.000000 0.000000
19.000000 181.401718 15.211493 0.156711 3.521518 0.000000 0.000000 0.000000 1.000000 0.000000 0.000000
19.000000 181.405732 15.611199 0.032438 3.526254 0.000000 0.000000 0.000000 1.000000 0.000000 0.000000
19.000000 181.407780 15.145531 0.144355 3.593519 0.000000 0.000000 0.000000 1.000000 0.000000 0.000000
19.000000 181.408559 15.170224 0.170056 3.591183 0.000000 0.000000 0.000000 1.000000 0.000000 0.000000
19.000000 181.411800 15.111584 0.155755 3.524580 0.000000 0.000000 0.000000 1.000000 0.000000 0.000000
19.000000 181.415797 15.447155 0.041091 3.530078 0.000000 0.000000 0.000000 1.000000 0.000000 0.000000
19.000000 181.417245 15.032088 0.133453 3.572900 0.000000 0.000000 0.000000 1.000000 0.000000 0.000000
19.000000 181.418591 14.895845 0.129934 3.568595 0.000000 0.000000 0.000000 1.000000 0.000000 0.000000
19.000000 181.421772 14.983957 0.164847 3.529154 0.000000 0.000000 0.000000 1.000000 0.000000 0.000000
19.000000 181.425961 15.282728 0.058440 3.535591 0.000000 0.000000 0.000000 1.000000 0.000000 0.000000
19.000000 181.427181 14.918121 0.134789 3.580404 0.000000 0.000000 0.000000 1.000000 0.000000 0.000000
19.000000 181.427845 14.937648 0.135849 3.583248 0.000000 0.000000 0.000000 1.000000 0.000000 0.000000
19.000000 181.428541 15.023105 0.197745 3.597400 0.000000 0.000000 0.000000 1.000000 0.000000 0.000000
19.000000 181.431823 14.904250 0.166555 3.536480 0.000000 0.000000 0.000000 1.000000 0.000000 0.000000
19.000000 181.437222 15.100675 0.138866 3.515671 0.000000 0.000000 0.000000 1.000000 0.000000 0.000000
19.000000 181.438518 14.729086 0.141147 3.571297 0.000000 0.000000 0.000000 1.000000 0.000000 0.000000
19.000000 181.441904 14.813381 0.171996 3.541147 0.000000 0.000000 0.000000 1.000000 0.000000 0.000000
19.000000 181.445742 15.011608 0.091249 3.540660 0.000000 0.000000 0.000000 1.000000 0.000000 0.000000
19.000000 181.447265 14.725354 0.146795 3.578887 0.000000 0.000000 0.000000 1.000000 0.000000 0.000000
19.000000 181.447896 14.760511 0.147810 3.573660 0.000000 0.000000 0.000000 1.000000 0.000000 0.000000
19.000000 181.448543 14.600901 0.110254 3.596584 0.000000 0.000000 0.000000 1.000000 0.000000 0.000000
19.000000 181.451753 14.683184 0.177340 3.540051 0.000000 0.000000 0.000000 1.000000 0.000000 0.000000
19.000000 181.455850 14.952486 0.078866 3.542249 0.000000 0.000000 0.000000 1.000000 0.000000 0.000000
19.000000 181.457201 14.591206 0.156807 3.585735 0.000000 0.000000 0.000000 1.000000 0.000000 0.000000
19.000000 181.457817 14.672224 0.158356 3.576229 0.000000 0.000000 0.000000 1.000000 0.000000 0.000000
19.000000 181.458549 14.477498 0.099757 3.604291 0.000000 0.000000 0.000000 1.000000 0.000000 0.000000
19.000000 181.461864 14.604116 0.180874 3.549979 0.000000 0.000000 0.000000 1.000000 0.000000 0.000000
19.000000 181.465811 14.845854 0.090695 3.546981 0.000000 0.000000 0.000000 1.000000 0.000000 0.000000
19.000000 181.467276 14.550665 0.148987 3.583039 0.000000 0.000000 0.000000 1.000000 0.000000 0.000000
19.000000 181.468539 14.376725 0.144330 3.582433 0.000000 0.000000 0.000000 1.000000 0.000000 0.000000
19.000000 181.471709 14.496499 0.191057 3.544042 0.000000 0.000000 0.000000 1.000000 0.000000 0.000000
19.000000 181.475886 14.702902 0.107296 3.542050 0.000000 0.000000 0.000000 1.000000 0.000000 0.000000
19.000000 181.477740 14.439396 0.153996 3.607702 0.000000 0.000000 0.000000 1.000000 0.000000 0.000000
19.000000 181.478556 14.676134 0.285230 3.599640 0.000000 0.000000 0.000000 1.000000 0.000000 0.000000
19.000000 181.481714 14.413668 0.194443 3.535414 0.000000 0.000000 0.000000 1.000000 0.000000 0.000000
19.000000 181.485992 14.429906 0.157280 3.524663 0.000000 0.000000 0.000000 1.000000 0.000000 0.000000
19.000000 181.487277 14.301689 0.166647 3.560025 0.000000 0.000000 0.000000 1.000000 0.000000 0.000000
19.000000 181.487868 14.372042 0.168081 3.576375 0.000000 0.000000 0.000000 1.000000 0.000000 0.000000
19.000000 181.488765 14.506188 0.258428 3.599055 0.000000 0.000000 0.000000 1.000000 0.000000 0.000000
19.000000 181.491885 14.307807 0.199995 3.537542 0.000000 0.000000 0.000000 1.000000 0.000000 0.000000
19.000000 181.495969 14.393698 0.137657 3.540984 0.000000 0.000000 0.000000 1.000000 0.000000 0.000000
19.000000 181.497316 14.164901 0.170936 3.582472 0.000000 0.000000 0.000000 1.000000 0.000000 0.000000
19.000000 181.497851 14.269303 0.172756 3.574486 0.000000 0.000000 0.000000 1.000000 0.000000 0.000000
19.000000 181.498758 14.211385 0.171663 3.598752 0.000000 0.000000 0.000000 1.000000 0.000000 0.000000
19.000000 181.501887 14.225262 0.200317 3.545912 0.000000 0.000000 0.000000 1.000000 0.000000 0.000000
19.000000 181.506127 14.312300 0.140033 3.542751 0.000000 0.000000 0.000000 1.000000 0.000000 0.000000
19.000000 181.507323 14.088493 0.174058 3.582762 0.000000 0.000000 0.000000 1.000000 0.000000 0.000000
19.000000 181.508042 14.176684 0.175637 3.571016 0.000000 0.000000 0.000000 1.000000 0.000000 0.000000
19.000000 181.508525 14.057368 0.152594 3.596149 0.000000 0.000000 0.000000 1.000000 0.000000 0.000000
19.000000 181.511775 14.116534 0.206331 3.542082 0.000000 0.000000 0.000000 1.000000 0.000000 0.000000
19.000000 181.516108 14.239098 0.136601 3.538164 0.000000 0.000000 0.000000 1.000000 0.000000 0.000000
19.000000 181.517943 14.017769 0.167088 3.595941 0.000000 0.000000 0.000000 1.000000 0.000000 0.000000
19.000000 181.518670 14.115748 0.226272 3.586382 0.000000 0.000000 0.000000 1.000000 0.000000 0.000000
19.000000 181.521880 14.023829 0.199606 3.528208 0.000000 0.000000 0.000000 1.000000 0.000000 0.000000
19.000000 181.525941 14.111720 0.139051 3.528249 0.000000 0.000000 0.000000 1.000000 0.000000 0.000000
19.000000 181.527330 13.864803 0.181861 3.561279 0.000000 0.000000 0.000000 1.000000 0.000000 0.000000
19.000000 181.528555 13.788340 0.176175 3.554792 0.000000 0.000000 0.000000 1.000000 0.000000 0.000000
19.000000 181.531806 13.902798 0.216764 3.524590 0.000000 0.000000 0.000000 1.000000 0.000000 0.000000
19.000000 181.535992 13.999970 0.165752 3.510940 0.000000 0.000000 0.000000 1.000000 0.000000 0.000000
19.000000 181.537264 13.842397 0.188242 3.533661 0.000000 0.000000 0.000000 1.000000 0.000000 0.000000
19.000000 181.537905 13.833926 0.189476 3.545217 0.000000 0.000000 0.000000 1.000000 0.000000 0.000000
19.000000 181.538594 13.915585 0.244785 3.579304 0.000000 0.000000 0.000000 1.000000 0.000000 0.000000
19.000000 181.541769 13.815929 0.217492 3.519056 0.000000 0.000000 0.000000 1.000000 0.000000 0.000000
19.000000 181.545838 13.820729 0.174285 3.509785 0.000000 0.000000 0.000000 1.000000 0.000000 0.000000
19.000000 181.547241 13.670924 0.184486 3.544756 0.000000 0.000000 0.000000 1.000000 0.000000 0.000000
19.000000 181.547826 13.738856 0.186268 3.545557 0.000000 0.000000 0.000000 1.000000 0.000000 0.000000
19.000000 181.548585 13.813848 0.243906 3.573760 0.000000 0.000000 0.000000 1.000000 0.000000 0.000000
19.000000 181.551766 13.719275 0.224129 3.511038 0.000000 0.000000 0.000000 1.000000 0.000000 0.000000
19.000000 181.556031 13.727359 0.179573 3.497649 0.000000 0.000000 0.000000 1.000000 0.000000 0.000000
19.000000 181.557259 13.572821 0.191046 3.531644 0.000000 0.000000 0.000000 1.000000 0.000000 0.000000
19.000000 181.557911 13.653028 0.193186 3.535392 0.000000 0.000000 0.000000 1.000000 0.000000 0.000000
19.000000 181.558620 13.789741 0.277560 3.565544 0.000000 0.000000 0.000000 1.000000 0.000000 0.000000
19.000000 181.561888 13.624952 0.226980 3.505160 0.000000 0.000000 0.000000 1.000000 0.000000 0.000000
19.000000 181.565918 13.600355 0.192704 3.492951 0.000000 0.000000 0.000000 1.000000 0.000000 0.000000
19.000000 181.567206 13.493643 0.191162 3.524482 0.000000 0.000000 0.000000 1.000000 0.000000 0.000000
19.000000 181.567881 13.528132 0.192571 3.529369 0.000000 0.000000 0.000000 1.000000 0.000000 0.000000
19.000000 181.568568 13.682923 0.287425 3.553607 0.000000 0.000000 0.000000 1.000000 0.000000 0.000000
19.000000 181.571826 13.513224 0.237333 3.497007 0.000000 0.000000 0.000000 1.000000 0.000000 0.000000
19.000000 181.575913 13.509736 0.193436 3.495785 0.000000 0.000000 0.000000 1.000000 0.000000 0.000000
19.000000 181.577291 13.373662 0.197154 3.523604 0.000000 0.000000 0.000000 1.000000 0.000000 0.000000
19.000000 181.577742 13.419472 0.199047 3.516446 0.000000 0.000000 0.000000 1.000000 0.000000 0.000000
19.000000 181.578659 13.538597 0.281676 3.546219 0.000000 0.000000 0.000000 1.000000 0.000000 0.000000
19.000000 181.581754 13.377212 0.239501 3.491941 0.000000 0.000000 0.000000 1.000000 0.000000 0.000000
19.000000 181.586000 13.348230 0.212193 3.475148 0.000000 0.000000 0.000000 1.000000 0.000000 0.000000
19.000000 181.587647 13.293059 0.198490 3.498969 0.000000 0.000000 0.000000 1.000000 0.000000 0.000000
19.000000 181.588079 13.316383 0.199947 3.513744 0.000000 0.000000 0.000000 1.000000 0.000000 0.000000
19.000000 181.588569 13.494236 0.296490 3.541562 0.000000 0.000000 0.000000 1.000000 0.000000 0.000000
19.000000 181.591772 13.318803 0.234679 3.480629 0.000000 0.000000 0.000000 1.000000 0.000000 0.000000
19.000000 181.596175 13.369255 0.186463 3.475944 0.000000 0.000000 0.000000 1.000000 0.000000 0.000000
19.000000 181.597271 13.208366 0.205389 3.499219 0.000000 0.000000 0.000000 1.000000 0.000000 0.000000
19.000000 181.597703 13.221953 0.207148 3.500281 0.000000 0.000000 0.000000 1.000000 0.000000 0.000000
19.000000 181.598617 13.430302 0.319178 3.526630 0.000000 0.000000 0.000000 1.000000 0.000000 0.000000
19.000000 181.601943 13.224539 0.246131 3.464521 0.000000 0.000000 0.000000 1.000000 0.000000 0.000000
19.000000 181.606046 13.305155 0.187128 3.467929 0.000000 0.000000 0.000000 1.000000 0.000000 0.000000
19.000000 181.607563 13.114878 0.211759 3.496478 0.000000 0.000000 0.000000 1.000000 0.000000 0.000000
19.000000 181.608408 13.123414 0.213595 3.497995 0.000000 0.000000 0.000000 1.000000 0.000000 0.000000
19.000000 181.608580 13.369242 0.339299 3.522417 0.000000 0.000000 0.000000 1.000000 0.000000 0.000000
19.000000 181.611802 13.114055 0.242002 3.454476 0.000000 0.000000 0.000000 1.000000 0.000000 0.000000
19.000000 181.616076 13.173208 0.190540 3.452269 0.000000 0.000000 0.000000 1.000000 0.000000 0.000000
19.000000 181.617463 12.981195 0.219677 3.483076 0.000000 0.000000 0.000000 1.000000 0.000000 0.000000
19.000000 181.617849 13.057879 0.222171 3.482915 0.000000 0.000000 0.000000 1.000000 0.000000 0.000000
19.000000 181.618659 13.301839 0.351612 3.506912 0.000000 0.000000 0.000000 1.000000 0.000000 0.000000
19.000000 181.621886 13.009303 0.244147 3.439695 0.000000 0.000000 0.000000 1.000000 0.000000 0.000000
19.000000 181.625907 13.109978 0.187906 3.438000 0.000000 0.000000 0.000000 1.000000 0.000000 0.000000
19.000000 181.627422 12.933519 0.214218 3.469127 0.000000 0.000000 0.000000 1.000000 0.000000 0.000000
19.000000 181.628009 12.961338 0.215867 3.471454 0.000000 0.000000 0.000000 1.000000 0.000000 0.000000
19.000000 181.628570 13.289483 0.389426 3.485970 0.000000 0.000000 0.000000 1.000000 0.000000 0.000000
19.000000 181.631771 12.927196 0.258228 3.417704 0.000000 0.000000 0.000000 1.000000 0.000000 0.000000
19.000000 181.634475 12.661649 0.304024 3.407154 0.000000 0.000000 0.000000 1.000000 0.000000 0.000000
19.000000 181.636195 12.790206 0.228941 3.469166 0.000000 0.000000 0.000000 1.000000 0.000000 0.000000
19.000000 181.637317 12.786028 0.228354 3.450140 0.000000 0.000000 0.000000 1.000000 0.000000 0.000000
19.000000 181.637996 12.839066 0.230123 3.460322 0.000000 0.000000 0.000000 1.000000 0.000000 0.000000
19.000000 181.638661 13.081199 0.353045 3.476494 0.000000 0.000000 0.000000 1.000000 0.000000 0.000000
19.000000 181.641876 12.857118 0.267684 3.414944 0.000000 0.000000 0.000000 1.000000 0.000000 0.000000
19.000000 181.644598 12.533671 0.323916 3.404241 0.000000 0.000000 0.000000 1.000000 0.000000 0.000000
19.000000 181.645960 12.703309 0.227067 3.468854 0.000000 0.000000 0.000000 1.000000 0.000000 0.000000
19.000000 181.647293 12.690778 0.229434 3.440332 0.000000 0.000000 0.000000 1.000000 0.000000 0.000000
19.000000 181.647878 12.714796 0.231209 3.447252 0.000000 0.000000 0.000000 1.000000 0.000000 0.000000
19.000000 181.648595 12.978816 0.362367 3.464697 0.000000 0.000000 0.000000 1.000000 0.000000 0.000000
19.000000 181.651945 12.742682 0.269579 3.398396 0.000000 0.000000 0.000000 1.000000 0.000000 0.000000
19.000000 181.654505 12.454491 0.318893 3.388520 0.000000 0.000000 0.000000 1.000000 0.000000 0.000000
19.000000 181.655979 12.552404 0.262837 3.452374 0.000000 0.000000 0.000000 1.000000 0.000000 0.000000
19.000000 181.657349 12.616342 0.238839 3.423174 0.000000 0.000000 0.000000 1.000000 0.000000 0.000000
19.000000 181.657921 12.641676 0.240490 3.428947 0.000000 0.000000 0.000000 1.000000 0.000000 0.000000
19.000000 181.658687 12.866707 0.352893 3.445234 0.000000 0.000000 0.000000 1.000000 0.000000 0.000000
19.000000 181.661917 12.634324 0.261621 3.375002 0.000000 0.000000 0.000000 1.000000 0.000000 0.000000
19.000000 181.664525 12.405023 0.299598 3.366491 0.000000 0.000000 0.000000 1.000000 0.000000 0.000000
19.000000 181.665872 12.480175 0.254170 3.429925 0.000000 0.000000 0.000000 1.000000 0.000000 0.000000
19.000000 181.667372 12.498790 0.245874 3.405149 0.000000 0.000000 0.000000 1.000000 0.000000 0.000000
19.000000 181.667946 12.543234 0.247756 3.411906 0.000000 0.000000 0.000000 1.000000 0.000000 0.000000
19.000000 181.668598 12.808566 0.384668 3.427270 0.000000 0.000000 0.000000 1.000000 0.000000 0.000000
19.000000 181.671933 12.519963 0.276094 3.353733 0.000000 0.000000 0.000000 1.000000 0.000000 0.000000
19.000000 181.674491 12.301732 0.311685 3.346033 0.000000 0.000000 0.000000 1.000000 0.000000 0.000000
19.000000 181.676041 12.398663 0.253629 3.412084 0.000000 0.000000 0.000000 1.000000 0.000000 0.000000
19.000000 181.677305 12.424488 0.241509 3.384674 0.000000 0.000000 0.000000 1.000000 0.000000 0.000000
19.000000 181.677767 12.424046 0.242523 3.382066 0.000000 0.000000 0.000000 1.000000 0.000000 0.000000
19.000000 181.678905 12.587145 0.325766 3.391140 0.000000 0.000000 0.000000 1.000000 0.000000 0.000000
19.000000 181.682039 12.476134 0.283530 3.337917 0.000000 0.000000 0.000000 1.000000 0.000000 0.000000
19.000000 181.684604 12.163847 0.336315 3.332585 0.000000 0.000000 0.000000 1.000000 0.000000 0.000000
19.000000 181.685977 12.231432 0.286217 3.388643 0.000000 0.000000 0.000000 1.000000 0.000000 0.000000
19.000000 181.687306 12.291208 0.253602 3.358327 0.000000 0.000000 0.000000 1.000000 0.000000 0.000000
19.000000 181.687866 12.332159 0.255310 3.369389 0.000000 0.000000 0.000000 1.000000 0.000000 0.000000
19.000000 181.688725 12.506762 0.342261 3.386877 0.000000 0.000000 0.000000 1.000000 0.000000 0.000000
19.000000 181.691843 12.367942 0.286863 3.325807 0.000000 0.000000 0.000000 1.000000 0.000000 0.000000
19.000000 181.694506 12.090543 0.332924 3.319444 0.000000 0.000000 0.000000 1.000000 0.000000 0.000000
19.000000 181.695898 12.190396 0.264823 3.378119 0.000000 0.000000 0.000000 1.000000 0.000000 0.000000
19.000000 181.697521 12.165620 0.263326 3.344636 0.000000 0.000000 0.000000 1.000000 0.000000 0.000000
19.000000 181.698030 12.275962 0.266453 3.343497 0.000000 0.000000 0.000000 1.000000 0.000000 0.000000
19.000000 181.698918 12.468705 0.364471 3.362542 0.000000 0.000000 0.000000 1.000000 0.000000 0.000000
19.000000 181.701905 12.276969 0.290393 3.293938 0.000000 0.000000 0.000000 1.000000 0.000000 0.000000
19.000000 181.704565 12.003761 0.334064 3.293189 0.000000 0.000000 0.000000 1.000000 0.000000 0.000000
19.000000 181.705956 12.030221 0.301456 3.357135 0.000000 0.000000 0.000000 1.000000 0.000000 0.000000
19.000000 181.707421 12.116092 0.256328 3.317069 0.000000 0.000000 0.000000 1.000000 0.000000 0.000000
19.000000 181.708157 12.136998 0.257956 3.324372 0.000000 0.000000 0.000000 1.000000 0.000000 0.000000
19.000000 181.708585 12.333972 0.354933 3.339118 0.000000 0.000000 0.000000 1.000000 0.000000 0.000000
19.000000 181.711797 12.173802 0.289643 3.269813 0.000000 0.000000 0.000000 1.000000 0.000000 0.000000
19.000000 181.714478 11.898825 0.333275 3.268271 0.000000 0.000000 0.000000 1.000000 0.000000 0.000000
19.000000 181.715911 11.909265 0.311143 3.333134 0.000000 0.000000 0.000000 1.000000 0.000000 0.000000
19.000000 181.717600 12.002124 0.265159 3.295350 0.000000 0.000000 0.000000 1.000000 0.000000 0.000000
19.000000 181.718028 12.061999 0.267369 3.299575 0.000000 0.000000 0.000000 1.000000 0.000000 0.000000
19.000000 181.718916 12.297870 0.384065 3.309333 0.000000 0.000000 0.000000 1.000000 0.000000 0.000000
19.000000 181.721949 12.073325 0.294958 3.243758 0.000000 0.000000 0.000000 1.000000 0.000000 0.000000
19.000000 181.724575 11.803425 0.337911 3.249260 0.000000 0.000000 0.000000 1.000000 0.000000 0.000000
19.000000 181.725906 11.798831 0.321716 3.309910 0.000000 0.000000 0.000000 1.000000 0.000000 0.000000
19.000000 181.727330 11.903521 0.268902 3.268709 0.000000 0.000000 0.000000 1.000000 0.000000 0.000000
19.000000 181.728083 12.004649 0.271849 3.269200 0.000000 0.000000 0.000000 1.000000 0.000000 0.000000
19.000000 181.728765 12.228139 0.396352 3.289529 0.000000 0.000000 0.000000 1.000000 0.000000 0.000000
19.000000 181.731952 11.939394 0.296863 3.228243 0.000000 0.000000 0.000000 1.000000 0.000000 0.000000
19.000000 181.734465 11.707994 0.333816 3.227036 0.000000 0.000000 0.000000 1.000000 0.000000 0.000000
19.000000 181.736039 11.703916 0.320937 3.281307 0.000000 0.000000 0.000000 1.000000 0.000000 0.000000
19.000000 181.737422 11.814269 0.267887 3.242930 0.000000 0.000000 0.000000 1.000000 0.000000 0.000000
19.000000 181.738056 11.852795 0.269760 3.248530 0.000000 0.000000 0.000000 1.000000 0.000000 0.000000
19.000000 181.738691 12.026710 0.357374 3.263233 0.000000 0.000000 0.000000 1.000000 0.000000 0.000000
19.000000 181.741959 11.874396 0.297395 3.201417 0.000000 0.000000 0.000000 1.000000 0.000000 0.000000
19.000000 181.744622 11.598486 0.341759 3.195866 0.000000 0.000000 0.000000 1.000000 0.000000 0.000000
19.000000 181.745992 11.598091 0.329635 3.253072 0.000000 0.000000 0.000000 1.000000 0.000000 0.000000
19.000000 181.747524 11.721351 0.273925 3.215202 0.000000 0.000000 0.000000 1.000000 0.000000 0.000000
19.000000 181.748126 11.759294 0.275822 3.220979 0.000000 0.000000 0.000000 1.000000 0.000000 0.000000
19.000000 181.748639 11.911119 0.352150 3.237460 0.000000 0.000000 0.000000 1.000000 0.000000 0.000000
19.000000 181.751837 11.797131 0.306270 3.176512 0.000000 0.000000 0.000000 1.000000 0.000000 0.000000
19.000000 181.754473 11.503570 0.353335 3.169511 0.000000 0.000000 0.000000 1.000000 0.000000 0.000000
19.000000 181.755988 11.525352 0.324310 3.227260 0.000000 0.000000 0.000000 1.000000 0.000000 0.000000
19.000000 181.757378 11.590379 0.286040 3.189603 0.000000 0.000000 0.000000 1.000000 0.000000 0.000000
19.000000 181.758066 11.691172 0.289217 3.191961 0.000000 0.000000 0.000000 1.000000 0.000000 0.000000
19.000000 181.758789 11.842152 0.365064 3.212149 0.000000 0.000000 0.000000 1.000000 0.000000 0.000000
19.000000 181.761935 11.683741 0.302735 3.148656 0.000000 0.000000 0.000000 1.000000 0.000000 0.000000
19.000000 181.764527 11.428669 0.343054 3.143228 0.000000 0.000000 0.000000 1.000000 0.000000 0.000000
19.000000 181.765978 11.381990 0.355445 3.197947 0.000000 0.000000 0.000000 1.000000 0.000000 0.000000
19.000000 181.767603 11.542793 0.285691 3.156772 0.000000 0.000000 0.000000 1.000000 0.000000 0.000000
19.000000 181.768092 11.593715 0.287899 3.162124 0.000000 0.000000 0.000000 1.000000 0.000000 0.000000
19.000000 181.768641 11.796656 0.401417 3.181186 0.000000 0.000000 0.000000 1.000000 0.000000 0.000000
19.000000 181.771813 11.571921 0.325048 3.121519 0.000000 0.000000 0.000000 1.000000 0.000000 0.000000
19.000000 181.774519 11.270150 0.373838 3.110377 0.000000 0.000000 0.000000 1.000000 0.000000 0.000000
19.000000 181.776118 11.294623 0.351511 3.166884 0.000000 0.000000 0.000000 1.000000 0.000000 0.000000
19.000000 181.777341 11.457533 0.280820 3.126769 0.000000 0.000000 0.000000 1.000000 0.000000 0.000000
19.000000 181.778007 11.497023 0.282682 3.129802 0.000000 0.000000 0.000000 1.000000 0.000000 0.000000
19.000000 181.778931 11.718547 0.403092 3.139391 0.000000 0.000000 0.000000 1.000000 0.000000 0.000000
19.000000 181.781963 11.472141 0.316280 3.079986 0.000000 0.000000 0.000000 1.000000 0.000000 0.000000
19.000000 181.784637 11.233840 0.353416 3.081820 0.000000 0.000000 0.000000 1.000000 0.000000 0.000000
19.000000 181.786073 11.204895 0.345771 3.133258 0.000000 0.000000 0.000000 1.000000 0.000000 0.000000
19.000000 181.787575 11.304466 0.289083 3.098752 0.000000 0.000000 0.000000 1.000000 0.000000 0.000000
19.000000 181.787989 11.377885 0.291524 3.107503 0.000000 0.000000 0.000000 1.000000 0.000000 0.000000
19.000000 181.788642 11.548998 0.380618 3.122023 0.000000 0.000000 0.000000 1.000000 0.000000 0.000000
19.000000 181.791827 11.375901 0.315371 3.059296 0.000000 0.000000 0.000000 1.000000 0.000000 0.000000
19.000000 181.794550 11.199155 0.342557 3.053482 0.000000 0.000000 0.000000 1.000000 0.000000 0.000000
19.000000 181.796006 11.175398 0.333370 3.099123 0.000000 0.000000 0.000000 1.000000 0.000000 0.000000
19.000000 181.797436 11.228379 0.295412 3.064233 0.000000 0.000000 0.000000 1.000000 0.000000 0.000000
19.000000 181.798071 11.302021 0.298120 3.069990 0.000000 0.000000 0.000000 1.000000 0.000000 0.000000
19.000000 181.798700 11.460056 0.383690 3.090260 0.000000 0.000000 0.000000 1.000000 0.000000 0.000000
19.000000 181.802006 11.290057 0.322587 3.027454 0.000000 0.000000 0.000000 1.000000 0.000000 0.000000
19.000000 181.804611 11.032471 0.362716 3.017456 0.000000 0.000000 0.000000 1.000000 0.000000 0.000000
19.000000 181.806037 11.019367 0.356086 3.072240 0.000000 0.000000 0.000000 1.000000 0.000000 0.000000
19.000000 181.807585 11.132262 0.301968 3.034571 0.000000 0.000000 0.000000 1.000000 0.000000 0.000000
19.000000 181.807930 11.193646 0.304451 3.038418 0.000000 0.000000 0.000000 1.000000 0.000000 0.000000
19.000000 181.808653 11.323152 0.373887 3.057915 0.000000 0.000000 0.000000 1.000000 0.000000 0.000000
19.000000 181.811942 11.197233 0.327700 2.999322 0.000000 0.000000 0.000000 1.000000 0.000000 0.000000
19.000000 181.814564 10.935971 0.368813 2.986108 0.000000 0.000000 0.000000 1.000000 0.000000 0.000000
19.000000 181.816125 10.929352 0.362848 3.038392 0.000000 0.000000 0.000000 1.000000 0.000000 0.000000
19.000000 181.817334 11.069562 0.300618 3.001362 0.000000 0.000000 0.000000 1.000000 0.000000 0.000000
19.000000 181.817863 11.086834 0.302169 3.009982 0.000000 0.000000 0.000000 1.000000 0.000000 0.000000
19.000000 181.818749 11.261951 0.394854 3.021047 0.000000 0.000000 0.000000 1.000000 0.000000 0.000000
19.000000 181.821945 11.088228 0.330627 2.961443 0.000000 0.000000 0.000000 1.000000 0.000000 0.000000
19.000000 181.824680 10.846678 0.368194 2.954547 0.000000 0.000000 0.000000 1.000000 0.000000 0.000000
19.000000 181.826162 10.809563 0.377192 3.005043 0.000000 0.000000 0.000000 1.000000 0.000000 0.000000
19.000000 181.827417 10.973632 0.305135 2.965644 0.000000 0.000000 0.000000 1.000000 0.000000 0.000000
19.000000 181.827879 11.036596 0.307503 2.967814 0.000000 0.000000 0.000000 1.000000 0.000000 0.000000
19.000000 181.828648 11.200639 0.403791 2.984274 0.000000 0.000000 0.000000 1.000000 0.000000 0.000000
19.000000 181.831929 10.992017 0.336148 2.927949 0.000000 0.000000 0.000000 1.000000 0.000000 0.000000
19.000000 181.834587 10.752306 0.373254 2.919714 0.000000 0.000000 0.000000 1.000000 0.000000 0.000000
19.000000 181.836028 10.724415 0.369663 2.968369 0.000000 0.000000 0.000000 1.000000 0.000000 0.000000
19.000000 181.837374 10.835405 0.311053 2.932680 0.000000 0.000000 0.000000 1.000000 0.000000 0.000000
19.000000 181.837869 10.915192 0.313826 2.936558 0.000000 0.000000 0.000000 1.000000 0.000000 0.000000
19.000000 181.838862 11.034738 0.380227 2.955919 0.000000 0.000000 0.000000 1.000000 0.000000 0.000000
19.000000 181.842091 10.914090 0.337734 2.897074 0.000000 0.000000 0.000000 1.000000 0.000000 0.000000
19.000000 181.844807 10.643353 0.379860 2.879503 0.000000 0.000000 0.000000 1.000000 0.000000 0.000000
19.000000 181.846030 10.641748 0.370961 2.931375 0.000000 0.000000 0.000000 1.000000 0.000000 0.000000
19.000000 181.847632 10.755054 0.318301 2.896084 0.000000 0.000000 0.000000 1.000000 0.000000 0.000000
19.000000 181.847860 10.809418 0.320663 2.900596 0.000000 0.000000 0.000000 1.000000 0.000000 0.000000
19.000000 181.848682 10.923454 0.380385 2.917075 0.000000 0.000000 0.000000 1.000000 0.000000 0.000000
19.000000 181.852036 10.821170 0.341045 2.860486 0.000000 0.000000 0.000000 1.000000 0.000000 0.000000
19.000000 181.854487 10.536981 0.385409 2.844128 0.000000 0.000000 0.000000 1.000000 0.000000 0.000000
19.000000 181.855969 10.541263 0.376630 2.895920 0.000000 0.000000 0.000000 1.000000 0.000000 0.000000
19.000000 181.857476 10.690762 0.311432 2.858797 0.000000 0.000000 0.000000 1.000000 0.000000 0.000000
19.000000 181.857901 10.704207 0.312876 2.867714 0.000000 0.000000 0.000000 1.000000 0.000000 0.000000
19.000000 181.858755 10.814858 0.370719 2.882186 0.000000 0.000000 0.000000 1.000000 0.000000 0.000000
19.000000 181.862316 10.742094 0.341491 2.828006 0.000000 0.000000 0.000000 1.000000 0.000000 0.000000
19.000000 181.864672 10.460712 0.385370 2.809781 0.000000 0.000000 0.000000 1.000000 0.000000 0.000000
19.000000 181.865951 10.447161 0.383874 2.858068 0.000000 0.000000 0.000000 1.000000 0.000000 0.000000
19.000000 181.867390 10.576864 0.325165 2.820315 0.000000 0.000000 0.000000 1.000000 0.000000 0.000000
19.000000 181.867874 10.623267 0.327477 2.827037 0.000000 0.000000 0.000000 1.000000 0.000000 0.000000
19.000000 181.868908 10.681890 0.367109 2.859443 0.000000 0.000000 0.000000 1.000000 0.000000 0.000000
19.000000 181.871893 10.625611 0.352355 2.801013 0.000000 0.000000 0.000000 1.000000 0.000000 0.000000
19.000000 181.874532 10.364719 0.392135 2.771347 0.000000 0.000000 0.000000 1.000000 0.000000 0.000000
19.000000 181.875935 10.364722 0.379457 2.821734 0.000000 0.000000 0.000000 1.000000 0.000000 0.000000
19.000000 181.877376 10.475118 0.324076 2.784457 0.000000 0.000000 0.000000 1.000000 0.000000 0.000000
19.000000 181.877887 10.540907 0.326785 2.787094 0.000000 0.000000 0.000000 1.000000 0.000000 0.000000
19.000000 181.878742 10.710601 0.425393 2.801522 0.000000 0.000000 0.000000 1.000000 0.000000 0.000000
19.000000 181.881968 10.509043 0.359262 2.745221 0.000000 0.000000 0.000000 1.000000 0.000000 0.000000
19.000000 181.884575 10.258232 0.397940 2.731930 0.000000 0.000000 0.000000 1.000000 0.000000 0.000000
19.000000 181.885990 10.315591 0.352453 2.783391 0.000000 0.000000 0.000000 1.000000 0.000000 0.000000
19.000000 181.887408 10.370951 0.313823 2.746348 0.000000 0.000000 0.000000 1.000000 0.000000 0.000000
19.000000 181.887844 10.427285 0.316606 2.749189 0.000000 0.000000 0.000000 1.000000 0.000000 0.000000
19.000000 181.888910 10.560464 0.389746 2.768374 0.000000 0.000000 0.000000 1.000000 0.000000 0.000000
19.000000 181.891949 10.474344 0.358135 2.714970 0.000000 0.000000 0.000000 1.000000 0.000000 0.000000
19.000000 181.894574 10.157613 0.407496 2.691041 0.000000 0.000000 0.000000 1.000000 0.000000 0.000000
19.000000 181.896073 10.176089 0.387737 2.739946 0.000000 0.000000 0.000000 1.000000 0.000000 0.000000
19.000000 181.897621 10.300460 0.327145 2.706680 0.000000 0.000000 0.000000 1.000000 0.000000 0.000000
19.000000 181.897843 10.339336 0.328993 2.712503 0.000000 0.000000 0.000000 1.000000 0.000000 0.000000
19.000000 181.898854 10.448083 0.389097 2.724154 0.000000 0.000000 0.000000 1.000000 0.000000 0.000000
19.000000 181.902045 10.368777 0.360117 2.672850 0.000000 0.000000 0.000000 1.000000 0.000000 0.000000
19.000000 181.904589 10.083240 0.404245 2.651765 0.000000 0.000000 0.000000 1.000000 0.000000 0.000000
19.000000 181.906028 10.078735 0.396258 2.697852 0.000000 0.000000 0.000000 1.000000 0.000000 0.000000
19.000000 181.907696 10.222778 0.327881 2.663012 0.000000 0.000000 0.000000 1.000000 0.000000 0.000000
19.000000 181.907965 10.234091 0.329088 2.672191 0.000000 0.000000 0.000000 1.000000 0.000000 0.000000
19.000000 181.908712 10.321574 0.377206 2.684962 0.000000 0.000000 0.000000 1.000000 0.000000 0.000000
19.000000 181.911910 10.288646 0.363557 2.634109 0.000000 0.000000 0.000000 1.000000 0.000000 0.000000
19.000000 181.914560 9.989287 0.409539 2.608608 0.000000 0.000000 0.000000 1.000000 0.000000 0.000000
19.000000 181.916020 9.993660 0.394294 2.656537 0.000000 0.000000 0.000000 1.000000 0.000000 0.000000
19.000000 181.917472 10.114365 0.332491 2.618159 0.000000 0.000000 0.000000 1.000000 0.000000 0.000000
19.000000 181.917887 10.151938 0.334565 2.621901 0.000000 0.000000 0.000000 1.000000 0.000000 0.000000
19.000000 181.918811 10.285060 0.413197 2.635039 0.000000 0.000000 0.000000 1.000000 0.000000 0.000000
19.000000 181.922040 10.195419 0.385093 2.592514 0.000000 0.000000 0.000000 1.000000 0.000000 0.000000
19.000000 181.924612 9.811957 0.445711 2.562188 0.000000 0.000000 0.000000 1.000000 0.000000 0.000000
19.000000 181.925995 9.903968 0.394754 2.611888 0.000000 0.000000 0.000000 1.000000 0.000000 0.000000
19.000000 181.927595 10.023422 0.337279 2.575097 0.000000 0.000000 0.000000 1.000000 0.000000 0.000000
19.000000 181.927935 10.061126 0.339378 2.580824 0.000000 0.000000 0.000000 1.000000 0.000000 0.000000
19.000000 181.928779 10.219928 0.429663 2.588406 0.000000 0.000000 0.000000 1.000000 0.000000 0.000000
19.000000 181.931958 10.087776 0.384189 2.536390 0.000000 0.000000 0.000000 1.000000 0.000000 0.000000
19.000000 181.934558 9.750453 0.436022 2.515970 0.000000 0.000000 0.000000 1.000000 0.000000 0.000000
19.000000 181.936009 9.690800 0.451125 2.559318 0.000000 0.000000 0.000000 1.000000 0.000000 0.000000
19.000000 181.937538 9.934545 0.336631 2.516019 0.000000 0.000000 0.000000 1.000000 0.000000 0.000000
19.000000 181.937919 9.963497 0.338098 2.534193 0.000000 0.000000 0.000000 1.000000 0.000000 0.000000
19.000000 181.938831 10.052540 0.393148 2.553559 0.000000 0.000000 0.000000 1.000000 0.000000 0.000000
19.000000 181.942055 10.007500 0.380515 2.505878 0.000000 0.000000 0.000000 1.000000 0.000000 0.000000
19.000000 181.944711 9.688171 0.429348 2.475025 0.000000 0.000000 0.000000 1.000000 0.000000 0.000000
19.000000 181.946007 9.709865 0.405106 2.523242 0.000000 0.000000 0.000000 1.000000 0.000000 0.000000
19.000000 181.947609 9.823100 0.344340 2.484444 0.000000 0.000000 0.000000 1.000000 0.000000 0.000000
19.000000 181.947963 9.887511 0.347136 2.484388 0.000000 0.000000 0.000000 1.000000 0.000000 0.000000
19.000000 181.948738 9.969147 0.395157 2.503394 0.000000 0.000000 0.000000 1.000000 0.000000 0.000000
19.000000 181.952072 9.922018 0.379743 2.460568 0.000000 0.000000 0.000000 1.000000 0.000000 0.000000
19.000000 181.954487 9.614425 0.426797 2.435813 0.000000 0.000000 0.000000 1.000000 0.000000 0.000000
19.000000 181.956015 9.588570 0.428096 2.477452 0.000000 0.000000 0.000000 1.000000 0.000000 0.000000
19.000000 181.957515 9.768169 0.341540 2.431612 0.000000 0.000000 0.000000 1.000000 0.000000 0.000000
19.000000 181.957874 9.773891 0.342805 2.439111 0.000000 0.000000 0.000000 1.000000 0.000000 0.000000
19.000000 181.958792 9.810251 0.369468 2.464587 0.000000 0.000000 0.000000 1.000000 0.000000 0.000000
19.000000 181.962051 9.863174 0.391032 2.429868 0.000000 0.000000 0.000000 1.000000 0.000000 0.000000
19.000000 181.964628 9.459678 0.453981 2.381709 0.000000 0.000000 0.000000 1.000000 0.000000 0.000000
19.000000 181.966007 9.529240 0.409682 2.426833 0.000000 0.000000 0.000000 1.000000 0.000000 0.000000
19.000000 181.967665 9.654734 0.343693 2.389706 0.000000 0.000000 0.000000 1.000000 0.000000 0.000000
19.000000 181.967922 9.673032 0.345233 2.396962 0.000000 0.000000 0.000000 1.000000 0.000000 0.000000
19.000000 181.968724 9.807484 0.435597 2.411505 0.000000 0.000000 0.000000 1.000000 0.000000 0.000000
19.000000 181.971941 9.707998 0.412614 2.370251 0.000000 0.000000 0.000000 1.000000 0.000000 0.000000
19.000000 181.974569 9.337421 0.470235 2.330521 0.000000 0.000000 0.000000 1.000000 0.000000 0.000000
19.000000 181.976040 9.434896 0.415952 2.379222 0.000000 0.000000 0.000000 1.000000 0.000000 0.000000
19.000000 181.977541 9.569032 0.348406 2.338497 0.000000 0.000000 0.000000 1.000000 0.000000 0.000000
19.000000 181.977873 9.618601 0.350765 2.338697 0.000000 0.000000 0.000000 1.000000 0.000000 0.000000
19.000000 181.978805 9.742767 0.432773 2.352134 0.000000 0.000000 0.000000 1.000000 0.000000 0.000000
19.000000 181.982063 9.649790 0.410287 2.319492 0.000000 0.000000 0.000000 1.000000 0.000000 0.000000
19.000000 181.984616 9.254514 0.471593 2.287923 0.000000 0.000000 0.000000 1.000000 0.000000 0.000000
19.000000 181.986080 9.319890 0.431500 2.334295 0.000000 0.000000 0.000000 1.000000 0.000000 0.000000
19.000000 181.987639 9.486000 0.348897 2.286785 0.000000 0.000000 0.000000 1.000000 0.000000 0.000000
19.000000 181.987914 9.494775 0.350419 2.295094 0.000000 0.000000 0.000000 1.000000 0.000000 0.000000
19.000000 181.988750 9.573185 0.400375 2.314971 0.000000 0.000000 0.000000 1.000000 0.000000 0.000000
19.000000 181.992080 9.578957 0.405053 2.281628 0.000000 0.000000 0.000000 1.000000 0.000000 0.000000
19.000000 181.994549 9.170811 0.468380 2.235969 0.000000 0.000000 0.000000 1.000000 0.000000 0.000000
19.000000 181.996133 9.240726 0.427412 2.279230 0.000000 0.000000 0.000000 1.000000 0.000000 0.000000
19.000000 181.997738 9.381375 0.356428 2.236742 0.000000 0.000000 0.000000 1.000000 0.000000 0.000000
19.000000 181.997892 9.416506 0.358504 2.239986 0.000000 0.000000 0.000000 1.000000 0.000000 0.000000
19.000000 181.998856 9.445759 0.381691 2.267636 0.000000 0.000000 0.000000 1.000000 0.000000 0.000000
19.000000 182.002021 9.505765 0.405848 2.238492 0.000000 0.000000 0.000000 1.000000 0.000000 0.000000
19.000000 182.004643 9.087399 0.470279 2.188900 0.000000 0.000000 0.000000 1.000000 0.000000 0.000000
19.000000 182.006103 9.159018 0.426171 2.234678 0.000000 0.000000 0.000000 1.000000 0.000000 0.000000
19.000000 182.007636 9.280794 0.361140 2.197711 0.000000 0.000000 0.000000 1.000000 0.000000 0.000000
19.000000 182.008008 9.328830 0.363261 2.193785 0.000000 0.000000 0.000000 1.000000 0.000000 0.000000
19.000000 182.008749 9.357607 0.390561 2.216220 0.000000 0.000000 0.000000 1.000000 0.000000 0.000000
19.000000 182.011972 9.365848 0.401156 2.181056 0.000000 0.000000 0.000000 1.000000 0.000000 0.000000
19.000000 182.014543 9.038153 0.450793 2.136540 0.000000 0.000000 0.000000 1.000000 0.000000 0.000000
19.000000 182.016072 9.124440 0.409238 2.183064 0.000000 0.000000 0.000000 1.000000 0.000000 0.000000
19.000000 182.017640 9.206875 0.370664 2.148186 0.000000 0.000000 0.000000 1.000000 0.000000 0.000000
19.000000 182.017980 9.244769 0.372580 2.133515 0.000000 0.000000 0.000000 1.000000 0.000000 0.000000
19.000000 182.018858 9.275676 0.409596 2.153675 0.000000 0.000000 0.000000 1.000000 0.000000 0.000000
19.000000 182.022022 9.228999 0.409802 2.120898 0.000000 0.000000 0.000000 1.000000 0.000000 0.000000
19.000000 182.024740 8.951312 0.451254 2.085823 0.000000 0.000000 0.000000 1.000000 0.000000 0.000000
19.000000 182.026043 9.014213 0.414889 2.131963 0.000000 0.000000 0.000000 1.000000 0.000000 0.000000
19.000000 182.027775 9.106352 0.366504 2.098317 0.000000 0.000000 0.000000 1.000000 0.000000 0.000000
19.000000 182.027965 9.135203 0.368196 2.094300 0.000000 0.000000 0.000000 1.000000 0.000000 0.000000
19.000000 182.028758 9.191850 0.416030 2.111902 0.000000 0.000000 0.000000 1.000000 0.000000 0.000000
19.000000 182.032063 9.189818 0.426341 2.082141 0.000000 0.000000 0.000000 1.000000 0.000000 0.000000
19.000000 182.034689 8.798962 0.486009 2.031354 0.000000 0.000000 0.000000 1.000000 0.000000 0.000000
19.000000 182.036088 8.886911 0.435941 2.077234 0.000000 0.000000 0.000000 1.000000 0.000000 0.000000
19.000000 182.037535 9.001844 0.373698 2.040566 0.000000 0.000000 0.000000 1.000000 0.000000 0.000000
19.000000 182.037941 9.057001 0.376023 2.033101 0.000000 0.000000 0.000000 1.000000 0.000000 0.000000
19.000000 182.038836 9.035679 0.382231 2.069476 0.000000 0.000000 0.000000 1.000000 0.000000 0.000000
19.000000 182.042115 9.104904 0.419362 2.037537 0.000000 0.000000 0.000000 1.000000 0.000000 0.000000
19.000000 182.044702 8.742843 0.473344 1.975786 0.000000 0.000000 0.000000 1.000000 0.000000 0.000000
19.000000 182.046315 8.814694 0.436877 2.022467 0.000000 0.000000 0.000000 1.000000 0.000000 0.000000
19.000000 182.047649 8.942394 0.375475 1.984144 0.000000 0.000000 0.000000 1.000000 0.000000 0.000000
19.000000 182.047976 8.955500 0.376673 1.985153 0.000000 0.000000 0.000000 1.000000 0.000000 0.000000
19.000000 182.048762 8.967854 0.399981 2.012152 0.000000 0.000000 0.000000 1.000000 0.000000 0.000000
19.000000 182.052026 9.028984 0.431687 1.983278 0.000000 0.000000 0.000000 1.000000 0.000000 0.000000
19.000000 182.054555 8.636404 0.490904 1.921719 0.000000 0.000000 0.000000 1.000000 0.000000 0.000000
19.000000 182.056075 8.730128 0.439347 1.969204 0.000000 0.000000 0.000000 1.000000 0.000000 0.000000
19.000000 182.057547 8.852180 0.374131 1.930794 0.000000 0.000000 0.000000 1.000000 0.000000 0.000000
19.000000 182.057912 8.852139 0.375031 1.934550 0.000000 0.000000 0.000000 1.000000 0.000000 0.000000
19.000000 182.058867 8.911213 0.417980 1.946040 0.000000 0.000000 0.000000 1.000000 0.000000 0.000000
19.000000 182.062046 8.924899 0.427123 1.915137 0.000000 0.000000 0.000000 1.000000 0.000000 0.000000
19.000000 182.064684 8.568883 0.480677 1.867552 0.000000 0.000000 0.000000 1.000000 0.000000 0.000000
19.000000 182.066127 8.648621 0.439278 1.911766 0.000000 0.000000 0.000000 1.000000 0.000000 0.000000
19.000000 182.067775 8.765423 0.379861 1.871424 0.000000 0.000000 0.000000 1.000000 0.000000 0.000000
19.000000 182.067966 8.773928 0.381227 1.876366 0.000000 0.000000 0.000000 1.000000 0.000000 0.000000
19.000000 182.068782 8.874894 0.455405 1.887928 0.000000 0.000000 0.000000 1.000000 0.000000 0.000000
19.000000 182.071996 8.819510 0.447687 1.854960 0.000000 0.000000 0.000000 1.000000 0.000000 0.000000
19.000000 182.074677 8.412587 0.509069 1.804346 0.000000 0.000000 0.000000 1.000000 0.000000 0.000000
19.000000 182.076155 8.562800 0.438074 1.858546 0.000000 0.000000 0.000000 1.000000 0.000000 0.000000
19.000000 182.077491 8.660209 0.388621 1.821946 0.000000 0.000000 0.000000 1.000000 0.000000 0.000000
19.000000 182.078021 8.683204 0.390341 1.822257 0.000000 0.000000 0.000000 1.000000 0.000000 0.000000
19.000000 182.078797 8.706152 0.418320 1.849625 0.000000 0.000000 0.000000 1.000000 0.000000 0.000000
19.000000 182.082028 8.745487 0.440971 1.813594 0.000000 0.000000 0.000000 1.000000 0.000000 0.000000
19.000000 182.084737 8.383731 0.494721 1.748074 0.000000 0.000000 0.000000 1.000000 0.000000 0.000000
19.000000 182.086106 8.445192 0.453918 1.791028 0.000000 0.000000 0.000000 1.000000 0.000000 0.000000
19.000000 182.087761 8.557281 0.388915 1.764116 0.000000 0.000000 0.000000 1.000000 0.000000 0.000000
19.000000 182.087995 8.589627 0.390129 1.764431 0.000000 0.000000 0.000000 1.000000 0.000000 0.000000
19.000000 182.088989 8.573419 0.397839 1.791005 0.000000 0.000000 0.000000 1.000000 0.000000 0.000000
19.000000 182.091996 8.660232 0.437756 1.758986 0.000000 0.000000 0.000000 1.000000 0.000000 0.000000
19.000000 182.094603 8.301625 0.490441 1.687889 0.000000 0.000000 0.000000 1.000000 0.000000 0.000000
19.000000 182.096112 8.400138 0.437962 1.735569 0.000000 0.000000 0.000000 1.000000 0.000000 0.000000
19.000000 182.097600 8.470188 0.396330 1.704593 0.000000 0.000000 0.000000 1.000000 0.000000 0.000000
19.000000 182.097984 8.509518 0.398406 1.696945 0.000000 0.000000 0.000000 1.000000 0.000000 0.000000
19.000000 182.098872 8.485615 0.404365 1.734555 0.000000 0.000000 0.000000 1.000000 0.000000 0.000000
19.000000 182.102037 8.552886 0.441521 1.703539 0.000000 0.000000 0.000000 1.000000 0.000000 0.000000
19.000000 182.104686 8.223174 0.489757 1.633673 0.000000 0.000000 0.000000 1.000000 0.000000 0.000000
19.000000 182.106117 8.267728 0.461949 1.672318 0.000000 0.000000 0.000000 1.000000 0.000000 0.000000
19.000000 182.107710 8.394844 0.394251 1.634309 0.000000 0.000000 0.000000 1.000000 0.000000 0.000000
19.000000 182.108011 8.404982 0.395352 1.642654 0.000000 0.000000 0.000000 1.000000 0.000000 0.000000
19.000000 182.108804 8.395431 0.407083 1.678716 0.000000 0.000000 0.000000 1.000000 0.000000 0.000000
19.000000 182.112034 8.504408 0.454223 1.651617 0.000000 0.000000 0.000000 1.000000 0.000000 0.000000
19.000000 182.114614 8.066061 0.519431 1.563618 0.000000 0.000000 0.000000 1.000000 0.000000 0.000000
19.000000 182.116172 8.259268 0.427913 1.619021 0.000000 0.000000 0.000000 1.000000 0.000000 0.000000
19.000000 182.117568 8.299559 0.400792 1.593075 0.000000 0.000000 0.000000 1.000000 0.000000 0.000000
19.000000 182.117913 8.309456 0.402241 1.595779 0.000000 0.000000 0.000000 1.000000 0.000000 0.000000
19.000000 182.118834 8.385880 0.451351 1.601123 0.000000 0.000000 0.000000 1.000000 0.000000 0.000000
19.000000 182.122076 8.389852 0.452112 1.566342 0.000000 0.000000 0.000000 1.000000 0.000000 0.000000
19.000000 182.124640 8.023167 0.506691 1.508568 0.000000 0.000000 0.000000 1.000000 0.000000 0.000000
19.000000 182.126175 8.182567 0.429678 1.559671 0.000000 0.000000 0.000000 1.000000 0.000000 0.000000
19.000000 182.127890 8.209345 0.408898 1.539966 0.000000 0.000000 0.000000 1.000000 0.000000 0.000000
19.000000 182.128012 8.234829 0.410500 1.534694 0.000000 0.000000 0.000000 1.000000 0.000000 0.000000
19.000000 182.128793 8.338551 0.476680 1.523917 0.000000 0.000000 0.000000 1.000000 0.000000 0.000000
19.000000 182.132024 8.298590 0.463139 1.491324 0.000000 0.000000 0.000000 1.000000 0.000000 0.000000
19.000000 182.134594 7.907455 0.521355 1.440280 0.000000 0.000000 0.000000 1.000000 0.000000 0.000000
19.000000 182.136141 8.092647 0.435036 1.495905 0.000000 0.000000 0.000000 1.000000 0.000000 0.000000
19.000000 182.137622 8.122266 0.414300 1.473921 0.000000 0.000000 0.000000 1.000000 0.000000 0.000000
19.000000 182.137985 8.146545 0.415938 1.467080 0.000000 0.000000 0.000000 1.000000 0.000000 0.000000
19.000000 182.139540 8.189151 0.438437 1.467974 0.000000 0.000000 0.000000 1.000000 0.000000 0.000000
19.000000 182.142060 8.256369 0.453946 1.446474 0.000000 0.000000 0.000000 1.000000 0.000000 0.000000
19.000000 182.144764 7.832192 0.517280 1.382985 0.000000 0.000000 0.000000 1.000000 0.000000 0.000000
19.000000 182.146195 8.012198 0.433709 1.433362 0.000000 0.000000 0.000000 1.000000 0.000000 0.000000
19.000000 182.147575 8.044801 0.411147 1.411787 0.000000 0.000000 0.000000 1.000000 0.000000 0.000000
19.000000 182.147996 8.050122 0.412207 1.412360 0.000000 0.000000 0.000000 1.000000 0.000000 0.000000
19.000000 182.148761 8.129791 0.467427 1.410767 0.000000 0.000000 0.000000 1.000000 0.000000 0.000000
19.000000 182.152058 8.134530 0.471112 1.387292 0.000000 0.000000 0.000000 1.000000 0.000000 0.000000
19.000000 182.154635 7.710827 0.534681 1.319291 0.000000 0.000000 0.000000 1.000000 0.000000 0.000000
19.000000 182.156290 7.920815 0.441525 1.369385 0.000000 0.000000 0.000000 1.000000 0.000000 0.000000
19.000000 182.157604 7.962561 0.416911 1.346110 0.000000 0.000000 0.000000 1.000000 0.000000 0.000000
19.000000 182.158000 7.950359 0.417281 1.347017 0.000000 0.000000 0.000000 1.000000 0.000000 0.000000
19.000000 182.158952 8.021582 0.464932 1.340348 0.000000 0.000000 0.000000 1.000000 0.000000 0.000000
19.000000 182.162253 8.045497 0.471627 1.314115 0.000000 0.000000 0.000000 1.000000 0.000000 0.000000
19.000000 182.164727 7.647234 0.530717 1.249840 0.000000 0.000000 0.000000 1.000000 0.000000 0.000000
19.000000 182.166310 7.845125 0.437552 1.304370 0.000000 0.000000 0.000000 1.000000 0.000000 0.000000
19.000000 182.167813 7.866401 0.417772 1.286701 0.000000 0.000000 0.000000 1.000000 0.000000 0.000000
19.000000 182.167938 7.856036 0.418267 1.290483 0.000000 0.000000 0.000000 1.000000 0.000000 0.000000
19.000000 182.168799 7.959142 0.489714 1.279524 0.000000 0.000000 0.000000 1.000000 0.000000 0.000000
19.000000 182.172031 7.931848 0.483305 1.249337 0.000000 0.000000 0.000000 1.000000 0.000000 0.000000
19.000000 182.174669 7.533748 0.542668 1.180841 0.000000 0.000000 0.000000 1.000000 0.000000 0.000000
19.000000 182.176234 7.777636 0.432461 1.237214 0.000000 0.000000 0.000000 1.000000 0.000000 0.000000
19.000000 182.177592 7.772095 0.427318 1.224914 0.000000 0.000000 0.000000 1.000000 0.000000 0.000000
19.000000 182.177989 7.787131 0.428713 1.221354 0.000000 0.000000 0.000000 1.000000 0.000000 0.000000
19.000000 182.178860 7.880959 0.489279 1.209828 0.000000 0.000000 0.000000 1.000000 0.000000 0.000000
19.000000 182.182124 7.849849 0.477571 1.175557 0.000000 0.000000 0.000000 1.000000 0.000000 0.000000
19.000000 182.184774 7.504947 0.528137 1.120921 0.000000 0.000000 0.000000 1.000000 0.000000 0.000000
19.000000 182.186196 7.655039 0.456970 1.170211 0.000000 0.000000 0.000000 1.000000 0.000000 0.000000
19.000000 182.187695 7.702801 0.425903 1.150716 0.000000 0.000000 0.000000 1.000000 0.000000 0.000000
19.000000 182.187995 7.685383 0.425830 1.158042 0.000000 0.000000 0.000000 1.000000 0.000000 0.000000
19.000000 182.188838 7.753257 0.475880 1.151960 0.000000 0.000000 0.000000 1.000000 0.000000 0.000000
19.000000 182.192082 7.740442 0.475126 1.128346 0.000000 0.000000 0.000000 1.000000 0.000000 0.000000
19.000000 182.194797 7.440903 0.519555 1.070490 0.000000 0.000000 0.000000 1.000000 0.000000 0.000000
19.000000 182.196239 7.568308 0.453401 1.105531 0.000000 0.000000 0.000000 1.000000 0.000000 0.000000
19.000000 182.197590 7.584930 0.431351 1.092389 0.000000 0.000000 0.000000 1.000000 0.000000 0.000000
19.000000 182.198013 7.605015 0.432666 1.089818 0.000000 0.000000 0.000000 1.000000 0.000000 0.000000
19.000000 182.198918 7.635232 0.469077 1.104050 0.000000 0.000000 0.000000 1.000000 0.000000 0.000000
19.000000 182.202239 7.647166 0.484007 1.068752 0.000000 0.000000 0.000000 1.000000 0.000000 0.000000
19.000000 182.204719 7.367321 0.524125 0.998542 0.000000 0.000000 0.000000 1.000000 0.000000 0.000000
19.000000 182.206378 7.488655 0.461363 1.043318 0.000000 0.000000 0.000000 1.000000 0.000000 0.000000
19.000000 182.207665 7.517535 0.434835 1.025496 0.000000 0.000000 0.000000 1.000000 0.000000 0.000000
19.000000 182.208014 7.527860 0.435793 1.021059 0.000000 0.000000 0.000000 1.000000 0.000000 0.000000
19.000000 182.208847 7.585462 0.483416 1.018254 0.000000 0.000000 0.000000 1.000000 0.000000 0.000000
19.000000 182.212030 7.592157 0.491750 1.000728 0.000000 0.000000 0.000000 1.000000 0.000000 0.000000
19.000000 182.214747 7.218495 0.546976 0.931253 0.000000 0.000000 0.000000 1.000000 0.000000 0.000000
19.000000 182.216121 7.404434 0.462079 0.976439 0.000000 0.000000 0.000000 1.000000 0.000000 0.000000
19.000000 182.217647 7.442930 0.434148 0.954630 0.000000 0.000000 0.000000 1.000000 0.000000 0.000000
19.000000 182.218038 7.436702 0.434570 0.953007 0.000000 0.000000 0.000000 1.000000 0.000000 0.000000
19.000000 182.218855 7.488902 0.482538 0.952601 0.000000 0.000000 0.000000 1.000000 0.000000 0.000000
19.000000 182.222214 7.499215 0.494801 0.934705 0.000000 0.000000 0.000000 1.000000 0.000000 0.000000
19.000000 182.224782 7.111975 0.551570 0.862106 0.000000 0.000000 0.000000 1.000000 0.000000 0.000000
19.000000 182.226192 7.294317 0.473993 0.909471 0.000000 0.000000 0.000000 1.000000 0.000000 0.000000
19.000000 182.227667 7.356587 0.440181 0.882274 0.000000 0.000000 0.000000 1.000000 0.000000 0.000000
19.000000 182.228155 7.340289 0.440174 0.886916 0.000000 0.000000 0.000000 1.000000 0.000000 0.000000
19.000000 182.228844 7.400955 0.492823 0.883556 0.000000 0.000000 0.000000 1.000000 0.000000 0.000000
19.000000 182.232066 7.405083 0.502078 0.864129 0.000000 0.000000 0.000000 1.000000 0.000000 0.000000
19.000000 182.234711 7.020301 0.558619 0.787423 0.000000 0.000000 0.000000 1.000000 0.000000 0.000000
19.000000 182.236299 7.208340 0.471291 0.834224 0.000000 0.000000 0.000000 1.000000 0.000000 0.000000
19.000000 182.237632 7.249284 0.440108 0.817968 0.000000 0.000000 0.000000 1.000000 0.000000 0.000000
19.000000 182.237981 7.249942 0.440390 0.817404 0.000000 0.000000 0.000000 1.000000 0.000000 0.000000
19.000000 182.238848 7.311353 0.491480 0.806712 0.000000 0.000000 0.000000 1.000000 0.000000 0.000000
19.000000 182.242256 7.329189 0.502492 0.794294 0.000000 0.000000 0.000000 1.000000 0.000000 0.000000
19.000000 182.244914 6.952473 0.557845 0.721870 0.000000 0.000000 0.000000 1.000000 0.000000 0.000000
19.000000 182.246326 7.125435 0.476410 0.763699 0.000000 0.000000 0.000000 1.000000 0.000000 0.000000
19.000000 182.247681 7.156768 0.449035 0.748357 0.000000 0.000000 0.000000 1.000000 0.000000 0.000000
19.000000 182.248071 7.167733 0.449798 0.744144 0.000000 0.000000 0.000000 1.000000 0.000000 0.000000
19.000000 182.248856 7.214391 0.489158 0.738278 0.000000 0.000000 0.000000 1.000000 0.000000 0.000000
19.000000 182.252102 7.246742 0.502304 0.715656 0.000000 0.000000 0.000000 1.000000 0.000000 0.000000
19.000000 182.254675 6.871810 0.556521 0.639213 0.000000 0.000000 0.000000 1.000000 0.000000 0.000000
19.000000 182.256319 7.065665 0.470078 0.692795 0.000000 0.000000 0.000000 1.000000 0.000000 0.000000
19.000000 182.257710 7.091841 0.449374 0.675518 0.000000 0.000000 0.000000 1.000000 0.000000 0.000000
19.000000 182.258054 7.079033 0.449363 0.672321 0.000000 0.000000 0.000000 1.000000 0.000000 0.000000
19.000000 182.258869 7.125824 0.491706 0.663999 0.000000 0.000000 0.000000 1.000000 0.000000 0.000000
19.000000 182.262084 7.178082 0.512856 0.654086 0.000000 0.000000 0.000000 1.000000 0.000000 0.000000
19.000000 182.264734 6.750097 0.575209 0.571390 0.000000 0.000000 0.000000 1.000000 0.000000 0.000000
19.000000 182.266241 6.979982 0.477217 0.626755 0.000000 0.000000 0.000000 1.000000 0.000000 0.000000
19.000000 182.267705 7.018150 0.452501 0.603199 0.000000 0.000000 0.000000 1.000000 0.000000 0.000000
19.000000 182.268030 7.002062 0.452376 0.595609 0.000000 0.000000 0.000000 1.000000 0.000000 0.000000
19.000000 182.268842 7.046276 0.501489 0.588353 0.000000 0.000000 0.000000 1.000000 0.000000 0.000000
19.000000 182.272126 7.071873 0.521791 0.583043 0.000000 0.000000 0.000000 1.000000 0.000000 0.000000
19.000000 182.274689 6.639060 0.585081 0.495689 0.000000 0.000000 0.000000 1.000000 0.000000 0.000000
19.000000 182.276378 6.897327 0.474772 0.550757 0.000000 0.000000 0.000000 1.000000 0.000000 0.000000
19.000000 182.277601 6.920374 0.456281 0.534386 0.000000 0.000000 0.000000 1.000000 0.000000 0.000000
19.000000 182.278023 6.902143 0.455955 0.529055 0.000000 0.000000 0.000000 1.000000 0.000000 0.000000
19.000000 182.278867 6.969341 0.520453 0.511633 0.000000 0.000000 0.000000 1.000000 0.000000 0.000000
19.000000 182.282224 6.945738 0.525088 0.493408 0.000000 0.000000 0.000000 1.000000 0.000000 0.000000
19.000000 182.284735 6.601380 0.574828 0.424288 0.000000 0.000000 0.000000 1.000000 0.000000 0.000000
19.000000 182.286367 6.822421 0.478890 0.480295 0.000000 0.000000 0.000000 1.000000 0.000000 0.000000
19.000000 182.287714 6.846242 0.459251 0.461075 0.000000 0.000000 0.000000 1.000000 0.000000 0.000000
19.000000 182.288170 6.829603 0.459097 0.453130 0.000000 0.000000 0.000000 1.000000 0.000000 0.000000
19.000000 182.289167 6.868890 0.499562 0.442948 0.000000 0.000000 0.000000 1.000000 0.000000 0.000000
19.000000 182.292127 6.917088 0.521085 0.434245 0.000000 0.000000 0.000000 1.000000 0.000000 0.000000
19.000000 182.294670 6.490983 0.582864 0.343443 0.000000 0.000000 0.000000 1.000000 0.000000 0.000000
19.000000 182.296186 6.731991 0.478990 0.398508 0.000000 0.000000 0.000000 1.000000 0.000000 0.000000
19.000000 182.297550 6.748401 0.462927 0.386491 0.000000 0.000000 0.000000 1.000000 0.000000 0.000000
19.000000 182.298205 6.737607 0.462738 0.380039 0.000000 0.000000 0.000000 1.000000 0.000000 0.000000
19.000000 182.298977 6.784985 0.510014 0.365313 0.000000 0.000000 0.000000 1.000000 0.000000 0.000000
19.000000 182.302192 6.796210 0.521277 0.349132 0.000000 0.000000 0.000000 1.000000 0.000000 0.000000
19.000000 182.304685 6.469764 0.568292 0.275243 0.000000 0.000000 0.000000 1.000000 0.000000 0.000000
19.000000 182.306137 6.650769 0.488398 0.321305 0.000000 0.000000 0.000000 1.000000 0.000000 0.000000
19.000000 182.307815 6.680718 0.464900 0.306064 0.000000 0.000000 0.000000 1.000000 0.000000 0.000000
19.000000 182.308079 6.651903 0.463872 0.304636 0.000000 0.000000 0.000000 1.000000 0.000000 0.000000
19.000000 182.308944 6.700225 0.513559 0.286226 0.000000 0.000000 0.000000 1.000000 0.000000 0.000000
19.000000 182.312176 6.710639 0.525274 0.271271 0.000000 0.000000 0.000000 1.000000 0.000000 0.000000
19.000000 182.314754 6.355536 0.576166 0.193974 0.000000 0.000000 0.000000 1.000000 0.000000 0.000000
19.000000 182.316221 6.574488 0.484092 0.248503 0.000000 0.000000 0.000000 1.000000 0.000000 0.000000
19.000000 182.317528 6.591520 0.470327 0.235397 0.000000 0.000000 0.000000 1.000000 0.000000 0.000000
19.000000 182.318056 6.562169 0.469353 0.231590 0.000000 0.000000 0.000000 1.000000 0.000000 0.000000
19.000000 182.318912 6.607371 0.517453 0.213419 0.000000 0.000000 0.000000 1.000000 0.000000 0.000000
19.000000 182.322226 6.632889 0.533749 0.204090 0.000000 0.000000 0.000000 1.000000 0.000000 0.000000
19.000000 182.324865 6.254957 0.588222 0.117960 0.000000 0.000000 0.000000 1.000000 0.000000 0.000000
19.000000 182.326221 6.498824 0.484632 0.172249 0.000000 0.000000 0.000000 1.000000 0.000000 0.000000
19.000000 182.327631 6.506221 0.473145 0.160342 0.000000 0.000000 0.000000 1.000000 0.000000 0.000000
19.000000 182.328075 6.480575 0.472439 0.153459 0.000000 0.000000 0.000000 1.000000 0.000000 0.000000
19.000000 182.328880 6.538552 0.528809 0.129536 0.000000 0.000000 0.000000 1.000000 0.000000 0.000000
19.000000 182.332163 6.550863 0.540638 0.124674 0.000000 0.000000 0.000000 1.000000 0.000000 0.000000
19.000000 182.334690 6.158087 0.597210 0.040438 0.000000 0.000000 0.000000 1.000000 0.000000 0.000000
19.000000 182.336193 6.399873 0.491842 0.093308 0.000000 0.000000 0.000000 1.000000 0.000000 0.000000
19.000000 182.337553 6.410631 0.475812 0.086080 0.000000 0.000000 0.000000 1.000000 0.000000 0.000000
19.000000 182.338080 6.392299 0.475032 0.079062 0.000000 0.000000 0.000000 1.000000 0.000000 0.000000
19.000000 182.338910 6.430719 0.519617 0.059751 0.000000 0.000000 0.000000 1.000000 0.000000 0.000000
19.000000 182.342245 6.467691 0.539144 0.051394 0.000000 0.000000 0.000000 1.000000 0.000000 0.000000
19.000000 182.344821 6.103566 0.591222 -0.033691 0.000000 0.000000 0.000000 1.000000 0.000000 0.000000
19.000000 182.346168 6.326529 0.496620 0.019848 0.000000 0.000000 0.000000 1.000000 0.000000 0.000000
19.000000 182.347659 6.349250 0.477748 0.008477 0.000000 0.000000 0.000000 1.000000 0.000000 0.000000
19.000000 182.348114 6.308176 0.476024 0.012104 0.000000 0.000000 0.000000 1.000000 0.000000 0.000000
19.000000 182.348878 6.332872 0.510287 -0.001019 0.000000 0.000000 0.000000 1.000000 0.000000 0.000000
19.000000 182.352126 6.412487 0.542501 0.012770 0.000000 0.000000 0.000000 1.000000 0.000000 0.000000
19.000000 182.354728 6.071799 0.589244 -0.032604 0.000000 0.000000 0.000000 1.000000 0.000000 0.000000
19.000000 182.356213 6.313438 0.481419 0.045817 0.000000 0.000000 0.000000 1.000000 0.000000 0.000000
19.000000 182.357548 6.301855 0.478988 0.056742 0.000000 0.000000 0.000000 1.000000 0.000000 0.000000
19.000000 182.358119 6.265826 0.477129 0.068654 0.000000 0.000000 0.000000 1.000000 0.000000 0.000000
19.000000 182.359118 6.300240 0.518179 0.054040 0.000000 0.000000 0.000000 1.000000 0.000000 0.000000
19.000000 182.362241 6.378446 0.550042 0.073875 0.000000 0.000000 0.000000 1.000000 0.000000 0.000000
19.000000 182.364800 5.947115 0.610570 0.009431 0.000000 0.000000 0.000000 1.000000 0.000000 0.000000
19.000000 182.366187 6.291709 0.467382 0.096098 0.000000 0.000000 0.000000 1.000000 0.000000 0.000000
19.000000 182.367758 6.255014 0.482732 0.115822 0.000000 0.000000 0.000000 1.000000 0.000000 0.000000
19.000000 182.368098 6.226703 0.481201 0.123303 0.000000 0.000000 0.000000 1.000000 0.000000 0.000000
19.000000 182.368969 6.258719 0.518228 0.108075 0.000000 0.000000 0.000000 1.000000 0.000000 0.000000
19.000000 182.372190 6.318414 0.543149 0.125468 0.000000 0.000000 0.000000 1.000000 0.000000 0.000000
19.000000 182.374932 5.960476 0.592607 0.081699 0.000000 0.000000 0.000000 1.000000 0.000000 0.000000
19.000000 182.376265 6.236024 0.475552 0.157596 0.000000 0.000000 0.000000 1.000000 0.000000 0.000000
19.000000 182.377697 6.211988 0.482734 0.171411 0.000000 0.000000 0.000000 1.000000 0.000000 0.000000
19.000000 182.378111 6.185184 0.481354 0.179749 0.000000 0.000000 0.000000 1.000000 0.000000 0.000000
19.000000 182.378921 6.232076 0.534985 0.164395 0.000000 0.000000 0.000000 1.000000 0.000000 0.000000
19.000000 182.382184 6.249364 0.552845 0.177686 0.000000 0.000000 0.000000 1.000000 0.000000 0.000000
19.000000 182.384833 5.908744 0.599813 0.138431 0.000000 0.000000 0.000000 1.000000 0.000000 0.000000
19.000000 182.386192 6.174496 0.487849 0.211776 0.000000 0.000000 0.000000 1.000000 0.000000 0.000000
19.000000 182.387747 6.168861 0.486417 0.221751 0.000000 0.000000 0.000000 1.000000 0.000000 0.000000
19.000000 182.388112 6.146273 0.485027 0.230983 0.000000 0.000000 0.000000 1.000000 0.000000 0.000000
19.000000 182.388902 6.179374 0.525152 0.218688 0.000000 0.000000 0.000000 1.000000 0.000000 0.000000
19.000000 182.392199 6.223450 0.547654 0.232742 0.000000 0.000000 0.000000 1.000000 0.000000 0.000000
19.000000 182.394757 5.890254 0.593399 0.194806 0.000000 0.000000 0.000000 1.000000 0.000000 0.000000
19.000000 182.396209 6.133716 0.489194 0.265003 0.000000 0.000000 0.000000 1.000000 0.000000 0.000000
19.000000 182.397696 6.129659 0.485644 0.273673 0.000000 0.000000 0.000000 1.000000 0.000000 0.000000
19.000000 182.398153 6.105517 0.484252 0.283853 0.000000 0.000000 0.000000 1.000000 0.000000 0.000000
19.000000 182.398896 6.142156 0.526458 0.271481 0.000000 0.000000 0.000000 1.000000 0.000000 0.000000
19.000000 182.402347 6.198501 0.551904 0.289035 0.000000 0.000000 0.000000 1.000000 0.000000 0.000000
19.000000 182.404845 5.824395 0.603438 0.245950 0.000000 0.000000 0.000000 1.000000 0.000000 0.000000
19.000000 182.406204 6.094201 0.493333 0.318424 0.000000 0.000000 0.000000 1.000000 0.000000 0.000000
19.000000 182.407636 6.103296 0.486825 0.320769 0.000000 0.000000 0.000000 1.000000 0.000000 0.000000
19.000000 182.408056 6.062849 0.484776 0.335286 0.000000 0.000000 0.000000 1.000000 0.000000 0.000000
19.000000 182.409162 6.101158 0.528982 0.322104 0.000000 0.000000 0.000000 1.000000 0.000000 0.000000
19.000000 182.412088 6.161982 0.555952 0.340564 0.000000 0.000000 0.000000 1.000000 0.000000 0.000000
19.000000 182.414770 5.775875 0.609311 0.294727 0.000000 0.000000 0.000000 1.000000 0.000000 0.000000
19.000000 182.416168 6.060615 0.489268 0.369293 0.000000 0.000000 0.000000 1.000000 0.000000 0.000000
19.000000 182.417556 6.050265 0.488481 0.376601 0.000000 0.000000 0.000000 1.000000 0.000000 0.000000
19.000000 182.418103 6.016685 0.486904 0.388439 0.000000 0.000000 0.000000 1.000000 0.000000 0.000000
19.000000 182.418900 6.051210 0.527741 0.380088 0.000000 0.000000 0.000000 1.000000 0.000000 0.000000
19.000000 182.422306 6.086697 0.547742 0.388826 0.000000 0.000000 0.000000 1.000000 0.000000 0.000000
19.000000 182.424925 5.784013 0.589187 0.353258 0.000000 0.000000 0.000000 1.000000 0.000000 0.000000
19.000000 182.426207 6.007801 0.490122 0.418032 0.000000 0.000000 0.000000 1.000000 0.000000 0.000000
19.000000 182.427781 5.995432 0.487336 0.427886 0.000000 0.000000 0.000000 1.000000 0.000000 0.000000
19.000000 182.428219 5.972363 0.486174 0.438917 0.000000 0.000000 0.000000 1.000000 0.000000 0.000000
19.000000 182.428924 6.022768 0.538435 0.425999 0.000000 0.000000 0.000000 1.000000 0.000000 0.000000
19.000000 182.432274 6.053618 0.556636 0.439266 0.000000 0.000000 0.000000 1.000000 0.000000 0.000000
19.000000 182.434744 5.695144 0.606001 0.399050 0.000000 0.000000 0.000000 1.000000 0.000000 0.000000
19.000000 182.436215 5.981913 0.485658 0.471001 0.000000 0.000000 0.000000 1.000000 0.000000 0.000000
19.000000 182.437608 5.956357 0.492922 0.480821 0.000000 0.000000 0.000000 1.000000 0.000000 0.000000
19.000000 182.438180 5.928884 0.491743 0.487652 0.000000 0.000000 0.000000 1.000000 0.000000 0.000000
19.000000 182.438982 5.965315 0.529790 0.476962 0.000000 0.000000 0.000000 1.000000 0.000000 0.000000
19.000000 182.442378 6.004799 0.547328 0.486106 0.000000 0.000000 0.000000 1.000000 0.000000 0.000000
19.000000 182.444833 5.705123 0.588270 0.453991 0.000000 0.000000 0.000000 1.000000 0.000000 0.000000
19.000000 182.446223 5.924429 0.492155 0.515242 0.000000 0.000000 0.000000 1.000000 0.000000 0.000000
19.000000 182.447784 5.908323 0.492021 0.524790 0.000000 0.000000 0.000000 1.000000 0.000000 0.000000
19.000000 182.448239 5.882423 0.490805 0.535314 0.000000 0.000000 0.000000 1.000000 0.000000 0.000000
19.000000 182.448910 5.925795 0.534316 0.523783 0.000000 0.000000 0.000000 1.000000 0.000000 0.000000
19.000000 182.452224 5.967987 0.552620 0.532703 0.000000 0.000000 0.000000 1.000000 0.000000 0.000000
19.000000 182.454797 5.647914 0.596320 0.498441 0.000000 0.000000 0.000000 1.000000 0.000000 0.000000
19.000000 182.456190 5.895014 0.492447 0.564047 0.000000 0.000000 0.000000 1.000000 0.000000 0.000000
19.000000 182.457770 5.877557 0.495931 0.569507 0.000000 0.000000 0.000000 1.000000 0.000000 0.000000
19.000000 182.458085 5.844292 0.494598 0.579533 0.000000 0.000000 0.000000 1.000000 0.000000 0.000000
19.000000 182.458929 5.882625 0.534501 0.571565 0.000000 0.000000 0.000000 1.000000 0.000000 0.000000
19.000000 182.462254 5.930224 0.554777 0.585877 0.000000 0.000000 0.000000 1.000000 0.000000 0.000000
19.000000 182.464827 5.605224 0.599615 0.548414 0.000000 0.000000 0.000000 1.000000 0.000000 0.000000
19.000000 182.466211 5.853269 0.494292 0.607266 0.000000 0.000000 0.000000 1.000000 0.000000 0.000000
19.000000 182.467795 5.835870 0.495721 0.614701 0.000000 0.000000 0.000000 1.000000 0.000000 0.000000
19.000000 182.468196 5.800541 0.494243 0.628002 0.000000 0.000000 0.000000 1.000000 0.000000 0.000000
19.000000 182.468962 5.823395 0.524534 0.628966 0.000000 0.000000 0.000000 1.000000 0.000000 0.000000
19.000000 182.472252 5.880658 0.549295 0.634582 0.000000 0.000000 0.000000 1.000000 0.000000 0.000000
19.000000 182.474834 5.570460 0.591455 0.595820 0.000000 0.000000 0.000000 1.000000 0.000000 0.000000
19.000000 182.476249 5.793802 0.501074 0.656267 0.000000 0.000000 0.000000 1.000000 0.000000 0.000000
19.000000 182.477612 5.794895 0.498906 0.658812 0.000000 0.000000 0.000000 1.000000 0.000000 0.000000
19.000000 182.478114 5.774123 0.497843 0.666652 0.000000 0.000000 0.000000 1.000000 0.000000 0.000000
19.000000 182.478963 5.824865 0.552047 0.654642 0.000000 0.000000 0.000000 1.000000 0.000000 0.000000
19.000000 182.482279 5.818830 0.560874 0.661611 0.000000 0.000000 0.000000 1.000000 0.000000 0.000000
19.000000 182.484868 5.534142 0.599161 0.639994 0.000000 0.000000 0.000000 1.000000 0.000000 0.000000
19.000000 182.486207 5.732572 0.514819 0.698268 0.000000 0.000000 0.000000 1.000000 0.000000 0.000000
19.000000 182.487680 5.749847 0.499579 0.697584 0.000000 0.000000 0.000000 1.000000 0.000000 0.000000
19.000000 182.488264 5.714055 0.497839 0.715649 0.000000 0.000000 0.000000 1.000000 0.000000 0.000000
19.000000 182.489014 5.754381 0.539003 0.708302 0.000000 0.000000 0.000000 1.000000 0.000000 0.000000
19.000000 182.492254 5.779729 0.552674 0.712523 0.000000 0.000000 0.000000 1.000000 0.000000 0.000000
19.000000 182.494847 5.527290 0.586697 0.689406 0.000000 0.000000 0.000000 1.000000 0.000000 0.000000
19.000000 182.496267 5.711322 0.508248 0.742746 0.000000 0.000000 0.000000 1.000000 0.000000 0.000000
19.000000 182.497645 5.710214 0.502686 0.742431 0.000000 0.000000 0.000000 1.000000 0.000000 0.000000
19.000000 182.498180 5.681325 0.501557 0.753312 0.000000 0.000000 0.000000 1.000000 0.000000 0.000000
19.000000 182.498961 5.721592 0.542909 0.748037 0.000000 0.000000 0.000000 1.000000 0.000000 0.000000
19.000000 182.502527 5.780813 0.565784 0.754617 0.000000 0.000000 0.000000 1.000000 0.000000 0.000000
19.000000 182.504895 5.419959 0.614579 0.717006 0.000000 0.000000 0.000000 1.000000 0.000000 0.000000
19.000000 182.506325 5.668061 0.509311 0.785623 0.000000 0.000000 0.000000 1.000000 0.000000 0.000000
19.000000 182.507809 5.668809 0.501015 0.784961 0.000000 0.000000 0.000000 1.000000 0.000000 0.000000
19.000000 182.508119 5.635839 0.499710 0.797336 0.000000 0.000000 0.000000 1.000000 0.000000 0.000000
19.000000 182.508950 5.687650 0.552581 0.789796 0.000000 0.000000 0.000000 1.000000 0.000000 0.000000
19.000000 182.512216 5.668088 0.556318 0.789016 0.000000 0.000000 0.000000 1.000000 0.000000 0.000000
19.000000 182.514810 5.468237 0.583494 0.768121 0.000000 0.000000 0.000000 1.000000 0.000000 0.000000
19.000000 182.516294 5.648352 0.502633 0.815703 0.000000 0.000000 0.000000 1.000000 0.000000 0.000000
19.000000 182.517790 5.624733 0.504842 0.824212 0.000000 0.000000 0.000000 1.000000 0.000000 0.000000
19.000000 182.518128 5.592689 0.503617 0.837920 0.000000 0.000000 0.000000 1.000000 0.000000 0.000000
19.000000 182.518968 5.647679 0.553157 0.827432 0.000000 0.000000 0.000000 1.000000 0.000000 0.000000
19.000000 182.522391 5.660498 0.560818 0.826704 0.000000 0.000000 0.000000 1.000000 0.000000 0.000000
19.000000 182.524977 5.373379 0.599593 0.799148 0.000000 0.000000 0.000000 1.000000 0.000000 0.000000
19.000000 182.526299 5.599127 0.505988 0.857395 0.000000 0.000000 0.000000 1.000000 0.000000 0.000000
19.000000 182.527778 5.591704 0.504814 0.860752 0.000000 0.000000 0.000000 1.000000 0.000000 0.000000
19.000000 182.528166 5.547185 0.502937 0.879561 0.000000 0.000000 0.000000 1.000000 0.000000 0.000000
19.000000 182.528962 5.608526 0.562215 0.869500 0.000000 0.000000 0.000000 1.000000 0.000000 0.000000
19.000000 182.532239 5.554802 0.555379 0.853555 0.000000 0.000000 0.000000 1.000000 0.000000 0.000000
19.000000 182.534792 5.402418 0.575208 0.840018 0.000000 0.000000 0.000000 1.000000 0.000000 0.000000
19.000000 182.536280 5.557811 0.502345 0.892129 0.000000 0.000000 0.000000 1.000000 0.000000 0.000000
19.000000 182.537653 5.532056 0.505262 0.903884 0.000000 0.000000 0.000000 1.000000 0.000000 0.000000
19.000000 182.538171 5.508030 0.504273 0.916520 0.000000 0.000000 0.000000 1.000000 0.000000 0.000000
19.000000 182.538906 5.559608 0.549444 0.905625 0.000000 0.000000 0.000000 1.000000 0.000000 0.000000
19.000000 182.542466 5.569886 0.554747 0.900842 0.000000 0.000000 0.000000 1.000000 0.000000 0.000000
19.000000 182.544942 5.302892 0.590438 0.876509 0.000000 0.000000 0.000000 1.000000 0.000000 0.000000
19.000000 182.546381 5.518978 0.501649 0.933428 0.000000 0.000000 0.000000 1.000000 0.000000 0.000000
19.000000 182.547832 5.498595 0.508803 0.938411 0.000000 0.000000 0.000000 1.000000 0.000000 0.000000
19.000000 182.548166 5.464639 0.507519 0.951726 0.000000 0.000000 0.000000 1.000000 0.000000 0.000000
19.000000 182.548992 5.518518 0.552397 0.939318 0.000000 0.000000 0.000000 1.000000 0.000000 0.000000
19.000000 182.552287 5.511438 0.551349 0.930268 0.000000 0.000000 0.000000 1.000000 0.000000 0.000000
19.000000 182.554846 5.313046 0.577366 0.917788 0.000000 0.000000 0.000000 1.000000 0.000000 0.000000
19.000000 182.556326 5.476168 0.506553 0.968704 0.000000 0.000000 0.000000 1.000000 0.000000 0.000000
19.000000 182.557756 5.457889 0.509888 0.972897 0.000000 0.000000 0.000000 1.000000 0.000000 0.000000
19.000000 182.558158 5.418404 0.508413 0.989179 0.000000 0.000000 0.000000 1.000000 0.000000 0.000000
19.000000 182.558998 5.483070 0.563042 0.975747 0.000000 0.000000 0.000000 1.000000 0.000000 0.000000
19.000000 182.562509 5.453452 0.556861 0.964268 0.000000 0.000000 0.000000 1.000000 0.000000 0.000000
19.000000 182.564947 5.249070 0.583699 0.951116 0.000000 0.000000 0.000000 1.000000 0.000000 0.000000
19.000000 182.566494 5.435366 0.507251 1.003613 0.000000 0.000000 0.000000 1.000000 0.000000 0.000000
19.000000 182.567706 5.422653 0.510806 1.006088 0.000000 0.000000 0.000000 1.000000 0.000000 0.000000
19.000000 182.568145 5.368894 0.508599 1.026919 0.000000 0.000000 0.000000 1.000000 0.000000 0.000000
19.000000 182.569164 5.447500 0.571895 1.005283 0.000000 0.000000 0.000000 1.000000 0.000000 0.000000
19.000000 182.572452 5.460996 0.574405 1.001809 0.000000 0.000000 0.000000 1.000000 0.000000 0.000000
19.000000 182.574847 5.120335 0.620342 0.972073 0.000000 0.000000 0.000000 1.000000 0.000000 0.000000
19.000000 182.576274 5.373886 0.515125 1.033094 0.000000 0.000000 0.000000 1.000000 0.000000 0.000000
19.000000 182.577641 5.363494 0.514049 1.040253 0.000000 0.000000 0.000000 1.000000 0.000000 0.000000
19.000000 182.578149 5.338007 0.512952 1.057707 0.000000 0.000000 0.000000 1.000000 0.000000 0.000000
19.000000 182.579302 5.414052 0.577238 1.040811 0.000000 0.000000 0.000000 1.000000 0.000000 0.000000
19.000000 182.582268 5.375118 0.568355 1.024546 0.000000 0.000000 0.000000 1.000000 0.000000 0.000000
19.000000 182.584878 5.134785 0.599665 1.008011 0.000000 0.000000 0.000000 1.000000 0.000000 0.000000
19.000000 182.586348 5.352528 0.509286 1.069372 0.000000 0.000000 0.000000 1.000000 0.000000 0.000000
19.000000 182.587830 5.334803 0.514053 1.073453 0.000000 0.000000 0.000000 1.000000 0.000000 0.000000
19.000000 182.588118 5.296086 0.512562 1.089841 0.000000 0.000000 0.000000 1.000000 0.000000 0.000000
19.000000 182.589139 5.346814 0.557514 1.082948 0.000000 0.000000 0.000000 1.000000 0.000000 0.000000
19.000000 182.592391 5.349942 0.560801 1.070156 0.000000 0.000000 0.000000 1.000000 0.000000 0.000000
19.000000 182.594839 5.100541 0.593565 1.045733 0.000000 0.000000 0.000000 1.000000 0.000000 0.000000
19.000000 182.596370 5.309323 0.507418 1.102840 0.000000 0.000000 0.000000 1.000000 0.000000 0.000000
19.000000 182.597684 5.286796 0.515250 1.107130 0.000000 0.000000 0.000000 1.000000 0.000000 0.000000
19.000000 182.598258 5.241094 0.513503 1.125185 0.000000 0.000000 0.000000 1.000000 0.000000 0.000000
19.000000 182.598937 5.301678 0.564320 1.113930 0.000000 0.000000 0.000000 1.000000 0.000000 0.000000
19.000000 182.602446 5.359588 0.580161 1.114475 0.000000 0.000000 0.000000 1.000000 0.000000 0.000000
19.000000 182.604971 4.975184 0.632711 1.068747 0.000000 0.000000 0.000000 1.000000 0.000000 0.000000
19.000000 182.606403 5.275825 0.512235 1.127653 0.000000 0.000000 0.000000 1.000000 0.000000 0.000000
19.000000 182.607857 5.254072 0.518945 1.132759 0.000000 0.000000 0.000000 1.000000 0.000000 0.000000
19.000000 182.608401 5.210578 0.517285 1.152803 0.000000 0.000000 0.000000 1.000000 0.000000 0.000000
19.000000 182.609139 5.267385 0.563529 1.143964 0.000000 0.000000 0.000000 1.000000 0.000000 0.000000
19.000000 182.612133 5.331457 0.580002 1.142981 0.000000 0.000000 0.000000 1.000000 0.000000 0.000000
19.000000 182.615014 4.931890 0.634253 1.098739 0.000000 0.000000 0.000000 1.000000 0.000000 0.000000
19.000000 182.616368 5.231222 0.514596 1.160914 0.000000 0.000000 0.000000 1.000000 0.000000 0.000000
19.000000 182.617970 5.209615 0.521786 1.165346 0.000000 0.000000 0.000000 1.000000 0.000000 0.000000
19.000000 182.618206 5.176413 0.520479 1.175516 0.000000 0.000000 0.000000 1.000000 0.000000 0.000000
19.000000 182.618999 5.237931 0.577100 1.162877 0.000000 0.000000 0.000000 1.000000 0.000000 0.000000
19.000000 182.622259 5.248702 0.583777 1.163138 0.000000 0.000000 0.000000 1.000000 0.000000 0.000000
19.000000 182.624917 4.896345 0.631301 1.130509 0.000000 0.000000 0.000000 1.000000 0.000000 0.000000
19.000000 182.626499 5.189698 0.515410 1.191323 0.000000 0.000000 0.000000 1.000000 0.000000 0.000000
19.000000 182.628041 5.170074 0.522798 1.193693 0.000000 0.000000 0.000000 1.000000 0.000000 0.000000
19.000000 182.628201 5.127152 0.521233 1.213237 0.000000 0.000000 0.000000 1.000000 0.000000 0.000000
19.000000 182.628968 5.206732 0.587909 1.198877 0.000000 0.000000 0.000000 1.000000 0.000000 0.000000
19.000000 182.632268 5.126146 0.567624 1.180851 0.000000 0.000000 0.000000 1.000000 0.000000 0.000000
19.000000 182.634876 4.986774 0.585308 1.179992 0.000000 0.000000 0.000000 1.000000 0.000000 0.000000
19.000000 182.636657 5.127551 0.525895 1.225069 0.000000 0.000000 0.000000 1.000000 0.000000 0.000000
19.000000 182.637988 5.131112 0.517938 1.218337 0.000000 0.000000 0.000000 1.000000 0.000000 0.000000
19.000000 182.638179 5.076650 0.515937 1.240996 0.000000 0.000000 0.000000 1.000000 0.000000 0.000000
19.000000 182.638932 5.140102 0.567588 1.232342 0.000000 0.000000 0.000000 1.000000 0.000000 0.000000
19.000000 182.642281 5.119025 0.561550 1.216179 0.000000 0.000000 0.000000 1.000000 0.000000 0.000000
19.000000 182.644957 4.957861 0.581952 1.209613 0.000000 0.000000 0.000000 1.000000 0.000000 0.000000
19.000000 182.646383 5.075342 0.532523 1.253082 0.000000 0.000000 0.000000 1.000000 0.000000 0.000000
19.000000 182.647930 5.083608 0.523411 1.246014 0.000000 0.000000 0.000000 1.000000 0.000000 0.000000
19.000000 182.648193 5.040405 0.521808 1.265433 0.000000 0.000000 0.000000 1.000000 0.000000 0.000000
19.000000 182.649053 5.101505 0.574292 1.258327 0.000000 0.000000 0.000000 1.000000 0.000000 0.000000
19.000000 182.652334 5.133125 0.583701 1.250207 0.000000 0.000000 0.000000 1.000000 0.000000 0.000000
19.000000 182.654890 4.805359 0.627488 1.216178 0.000000 0.000000 0.000000 1.000000 0.000000 0.000000
19.000000 182.656490 5.053696 0.528576 1.272632 0.000000 0.000000 0.000000 1.000000 0.000000 0.000000
19.000000 182.657764 5.053003 0.524216 1.269186 0.000000 0.000000 0.000000 1.000000 0.000000 0.000000
19.000000 182.658182 4.995710 0.521862 1.291699 0.000000 0.000000 0.000000 1.000000 0.000000 0.000000
19.000000 182.658998 5.055313 0.573392 1.283388 0.000000 0.000000 0.000000 1.000000 0.000000 0.000000
19.000000 182.662359 5.034461 0.569190 1.269224 0.000000 0.000000 0.000000 1.000000 0.000000 0.000000
19.000000 182.664978 4.845231 0.594087 1.251910 0.000000 0.000000 0.000000 1.000000 0.000000 0.000000
19.000000 182.666344 5.016268 0.526218 1.294758 0.000000 0.000000 0.000000 1.000000 0.000000 0.000000
19.000000 182.667917 5.005657 0.529536 1.293564 0.000000 0.000000 0.000000 1.000000 0.000000 0.000000
19.000000 182.668190 4.966049 0.528038 1.309859 0.000000 0.000000 0.000000 1.000000 0.000000 0.000000
19.000000 182.669001 5.018486 0.582755 1.312110 0.000000 0.000000 0.000000 1.000000 0.000000 0.000000
19.000000 182.672294 4.947232 0.572676 1.293717 0.000000 0.000000 0.000000 1.000000 0.000000 0.000000
19.000000 182.674869 4.824482 0.588312 1.279846 0.000000 0.000000 0.000000 1.000000 0.000000 0.000000
19.000000 182.676446 4.968908 0.530326 1.320881 0.000000 0.000000 0.000000 1.000000 0.000000 0.000000
19.000000 182.677828 4.963064 0.530539 1.317167 0.000000 0.000000 0.000000 1.000000 0.000000 0.000000
19.000000 182.678200 4.918800 0.528915 1.336878 0.000000 0.000000 0.000000 1.000000 0.000000 0.000000
19.000000 182.679477 4.996230 0.593441 1.323584 0.000000 0.000000 0.000000 1.000000 0.000000 0.000000
19.000000 182.682462 4.918049 0.572872 1.305640 0.000000 0.000000 0.000000 1.000000 0.000000 0.000000
19.000000 182.685019 4.789685 0.589046 1.306495 0.000000 0.000000 0.000000 1.000000 0.000000 0.000000
19.000000 182.686379 4.918793 0.536065 1.347490 0.000000 0.000000 0.000000 1.000000 0.000000 0.000000
19.000000 182.687827 4.923933 0.528668 1.339907 0.000000 0.000000 0.000000 1.000000 0.000000 0.000000
19.000000 182.688181 4.869235 0.526518 1.361116 0.000000 0.000000 0.000000 1.000000 0.000000 0.000000
19.000000 182.689043 4.927107 0.575822 1.354391 0.000000 0.000000 0.000000 1.000000 0.000000 0.000000
19.000000 182.692296 4.961047 0.585156 1.360817 0.000000 0.000000 0.000000 1.000000 0.000000 0.000000
19.000000 182.694844 4.656379 0.626351 1.329855 0.000000 0.000000 0.000000 1.000000 0.000000 0.000000
19.000000 182.696438 4.878912 0.539488 1.364826 0.000000 0.000000 0.000000 1.000000 0.000000 0.000000
19.000000 182.697741 4.880092 0.534281 1.359600 0.000000 0.000000 0.000000 1.000000 0.000000 0.000000
19.000000 182.698214 4.828577 0.532248 1.382312 0.000000 0.000000 0.000000 1.000000 0.000000 0.000000
19.000000 182.699046 4.885083 0.580629 1.378109 0.000000 0.000000 0.000000 1.000000 0.000000 0.000000
19.000000 182.702434 4.910536 0.587992 1.375875 0.000000 0.000000 0.000000 1.000000 0.000000 0.000000
19.000000 182.704972 4.619116 0.627186 1.346785 0.000000 0.000000 0.000000 1.000000 0.000000 0.000000
19.000000 182.706512 4.835141 0.543560 1.387967 0.000000 0.000000 0.000000 1.000000 0.000000 0.000000
19.000000 182.707842 4.848077 0.532076 1.377220 0.000000 0.000000 0.000000 1.000000 0.000000 0.000000
19.000000 182.708356 4.790418 0.529768 1.399368 0.000000 0.000000 0.000000 1.000000 0.000000 0.000000
19.000000 182.708985 4.850187 0.585061 1.396302 0.000000 0.000000 0.000000 1.000000 0.000000 0.000000
19.000000 182.712375 4.855661 0.590087 1.391043 0.000000 0.000000 0.000000 1.000000 0.000000 0.000000
19.000000 182.714898 4.571882 0.627975 1.362518 0.000000 0.000000 0.000000 1.000000 0.000000 0.000000
19.000000 182.716521 4.795114 0.541129 1.408162 0.000000 0.000000 0.000000 1.000000 0.000000 0.000000
19.000000 182.717775 4.792457 0.539054 1.403156 0.000000 0.000000 0.000000 1.000000 0.000000 0.000000
19.000000 182.718244 4.752524 0.537534 1.418398 0.000000 0.000000 0.000000 1.000000 0.000000 0.000000
19.000000 182.718971 4.797566 0.584978 1.422708 0.000000 0.000000 0.000000 1.000000 0.000000 0.000000
19.000000 182.722434 4.853846 0.606085 1.417937 0.000000 0.000000 0.000000 1.000000 0.000000 0.000000
19.000000 182.724996 4.438268 0.661292 1.369999 0.000000 0.000000 0.000000 1.000000 0.000000 0.000000
19.000000 182.726404 4.747025 0.543986 1.432053 0.000000 0.000000 0.000000 1.000000 0.000000 0.000000
19.000000 182.727875 4.757245 0.535757 1.419285 0.000000 0.000000 0.000000 1.000000 0.000000 0.000000
19.000000 182.728315 4.705828 0.533853 1.438016 0.000000 0.000000 0.000000 1.000000 0.000000 0.000000
19.000000 182.729062 4.777741 0.601317 1.433000 0.000000 0.000000 0.000000 1.000000 0.000000 0.000000
19.000000 182.732311 4.740431 0.596343 1.423459 0.000000 0.000000 0.000000 1.000000 0.000000 0.000000
19.000000 182.734893 4.502801 0.627918 1.400600 0.000000 0.000000 0.000000 1.000000 0.000000 0.000000
19.000000 182.736463 4.715071 0.544957 1.444448 0.000000 0.000000 0.000000 1.000000 0.000000 0.000000
19.000000 182.737787 4.720049 0.537446 1.436781 0.000000 0.000000 0.000000 1.000000 0.000000 0.000000
19.000000 182.738217 4.661167 0.535012 1.459523 0.000000 0.000000 0.000000 1.000000 0.000000 0.000000
19.000000 182.739033 4.714989 0.581776 1.455284 0.000000 0.000000 0.000000 1.000000 0.000000 0.000000
19.000000 182.742430 4.810018 0.606389 1.454250 0.000000 0.000000 0.000000 1.000000 0.000000 0.000000
19.000000 182.745010 4.356275 0.667430 1.403475 0.000000 0.000000 0.000000 1.000000 0.000000 0.000000
19.000000 182.746566 4.667762 0.549502 1.458931 0.000000 0.000000 0.000000 1.000000 0.000000 0.000000
19.000000 182.747851 4.678821 0.540228 1.448434 0.000000 0.000000 0.000000 1.000000 0.000000 0.000000
19.000000 182.748309 4.624997 0.538077 1.471291 0.000000 0.000000 0.000000 1.000000 0.000000 0.000000
19.000000 182.749031 4.686987 0.592424 1.466577 0.000000 0.000000 0.000000 1.000000 0.000000 0.000000
19.000000 182.752327 4.739652 0.606672 1.463141 0.000000 0.000000 0.000000 1.000000 0.000000 0.000000
19.000000 182.754997 4.341643 0.659883 1.423205 0.000000 0.000000 0.000000 1.000000 0.000000 0.000000
19.000000 182.756391 4.618365 0.554153 1.475856 0.000000 0.000000 0.000000 1.000000 0.000000 0.000000
19.000000 182.757749 4.635237 0.540100 1.462642 0.000000 0.000000 0.000000 1.000000 0.000000 0.000000
19.000000 182.758327 4.581275 0.538021 1.485879 0.000000 0.000000 0.000000 1.000000 0.000000 0.000000
19.000000 182.759075 4.643810 0.594909 1.484588 0.000000 0.000000 0.000000 1.000000 0.000000 0.000000
19.000000 182.762440 4.614853 0.589962 1.466650 0.000000 0.000000 0.000000 1.000000 0.000000 0.000000
19.000000 182.765062 4.428823 0.614025 1.447162 0.000000 0.000000 0.000000 1.000000 0.000000 0.000000
19.000000 182.766573 4.587515 0.552650 1.487117 0.000000 0.000000 0.000000 1.000000 0.000000 0.000000
19.000000 182.767841 4.595093 0.545572 1.479672 0.000000 0.000000 0.000000 1.000000 0.000000 0.000000
19.000000 182.768380 4.541609 0.543130 1.496633 0.000000 0.000000 0.000000 1.000000 0.000000 0.000000
19.000000 182.769020 4.602321 0.598291 1.484475 0.000000 0.000000 0.000000 1.000000 0.000000 0.000000
19.000000 182.772387 4.525444 0.580017 1.472965 0.000000 0.000000 0.000000 1.000000 0.000000 0.000000
19.000000 182.774961 4.452252 0.589160 1.477806 0.000000 0.000000 0.000000 1.000000 0.000000 0.000000
19.000000 182.776444 4.513865 0.563174 1.502708 0.000000 0.000000 0.000000 1.000000 0.000000 0.000000
19.000000 182.777789 4.543748 0.540902 1.491876 0.000000 0.000000 0.000000 1.000000 0.000000 0.000000
19.000000 182.778379 4.494954 0.538703 1.517368 0.000000 0.000000 0.000000 1.000000 0.000000 0.000000
19.000000 182.779031 4.569333 0.608484 1.510836 0.000000 0.000000 0.000000 1.000000 0.000000 0.000000
19.000000 182.782470 4.551100 0.607581 1.513473 0.000000 0.000000 0.000000 1.000000 0.000000 0.000000
19.000000 182.784998 4.253713 0.647371 1.486528 0.000000 0.000000 0.000000 1.000000 0.000000 0.000000
19.000000 182.786575 4.490878 0.561322 1.520700 0.000000 0.000000 0.000000 1.000000 0.000000 0.000000
19.000000 182.787844 4.514246 0.547275 1.504474 0.000000 0.000000 0.000000 1.000000 0.000000 0.000000
19.000000 182.788271 4.451918 0.544628 1.530214 0.000000 0.000000 0.000000 1.000000 0.000000 0.000000
19.000000 182.789111 4.507384 0.592952 1.527679 0.000000 0.000000 0.000000 1.000000 0.000000 0.000000
19.000000 182.792324 4.460622 0.581489 1.510062 0.000000 0.000000 0.000000 1.000000 0.000000 0.000000
19.000000 182.795003 4.373140 0.592774 1.501874 0.000000 0.000000 0.000000 1.000000 0.000000 0.000000
19.000000 182.796381 4.456729 0.559997 1.526623 0.000000 0.000000 0.000000 1.000000 0.000000 0.000000
19.000000 182.797852 4.476387 0.544759 1.513227 0.000000 0.000000 0.000000 1.000000 0.000000 0.000000
19.000000 182.798383 4.401791 0.541426 1.541974 0.000000 0.000000 0.000000 1.000000 0.000000 0.000000
19.000000 182.799060 4.456704 0.590518 1.539471 0.000000 0.000000 0.000000 1.000000 0.000000 0.000000
19.000000 182.802467 4.494716 0.601173 1.544520 0.000000 0.000000 0.000000 1.000000 0.000000 0.000000
19.000000 182.805071 4.209693 0.639357 1.510557 0.000000 0.000000 0.000000 1.000000 0.000000 0.000000
19.000000 182.806553 4.420646 0.560651 1.535433 0.000000 0.000000 0.000000 1.000000 0.000000 0.000000
19.000000 182.807860 4.430438 0.552141 1.524464 0.000000 0.000000 0.000000 1.000000 0.000000 0.000000
19.000000 182.808541 4.364793 0.549283 1.551125 0.000000 0.000000 0.000000 1.000000 0.000000 0.000000
19.000000 182.809063 4.425288 0.601512 1.546059 0.000000 0.000000 0.000000 1.000000 0.000000 0.000000
19.000000 182.812293 4.472451 0.612852 1.545769 0.000000 0.000000 0.000000 1.000000 0.000000 0.000000
19.000000 182.814916 4.106574 0.661943 1.505240 0.000000 0.000000 0.000000 1.000000 0.000000 0.000000
19.000000 182.816442 4.386035 0.558511 1.544358 0.000000 0.000000 0.000000 1.000000 0.000000 0.000000
19.000000 182.817757 4.394459 0.551435 1.533271 0.000000 0.000000 0.000000 1.000000 0.000000 0.000000
19.000000 182.818312 4.324758 0.548322 1.559055 0.000000 0.000000 0.000000 1.000000 0.000000 0.000000
19.000000 182.819075 4.378067 0.598736 1.558827 0.000000 0.000000 0.000000 1.000000 0.000000 0.000000
19.000000 182.822323 4.325582 0.588310 1.541846 0.000000 0.000000 0.000000 1.000000 0.000000 0.000000
19.000000 182.825182 4.249846 0.598116 1.530616 0.000000 0.000000 0.000000 1.000000 0.000000 0.000000
19.000000 182.826542 4.343852 0.561567 1.554546 0.000000 0.000000 0.000000 1.000000 0.000000 0.000000
19.000000 182.827873 4.353681 0.552261 1.543717 0.000000 0.000000 0.000000 1.000000 0.000000 0.000000
19.000000 182.828347 4.278472 0.548858 1.573106 0.000000 0.000000 0.000000 1.000000 0.000000 0.000000
19.000000 182.829058 4.363219 0.626709 1.562574 0.000000 0.000000 0.000000 1.000000 0.000000 0.000000
19.000000 182.832466 4.334947 0.621283 1.560789 0.000000 0.000000 0.000000 1.000000 0.000000 0.000000
19.000000 182.835043 4.044378 0.660156 1.521460 0.000000 0.000000 0.000000 1.000000 0.000000 0.000000
19.000000 182.836593 4.326659 0.551140 1.551648 0.000000 0.000000 0.000000 1.000000 0.000000 0.000000
19.000000 182.837776 4.309218 0.555335 1.550884 0.000000 0.000000 0.000000 1.000000 0.000000 0.000000
19.000000 182.838353 4.241039 0.552316 1.577701 0.000000 0.000000 0.000000 1.000000 0.000000 0.000000
19.000000 182.839078 4.294677 0.598334 1.574450 0.000000 0.000000 0.000000 1.000000 0.000000 0.000000
19.000000 182.842355 4.265701 0.590207 1.557491 0.000000 0.000000 0.000000 1.000000 0.000000 0.000000
19.000000 182.845069 4.156771 0.604305 1.546463 0.000000 0.000000 0.000000 1.000000 0.000000 0.000000
19.000000 182.846810 4.249165 0.570880 1.569863 0.000000 0.000000 0.000000 1.000000 0.000000 0.000000
19.000000 182.847914 4.273150 0.555216 1.554774 0.000000 0.000000 0.000000 1.000000 0.000000 0.000000
19.000000 182.848382 4.204178 0.552022 1.583686 0.000000 0.000000 0.000000 1.000000 0.000000 0.000000
19.000000 182.849135 4.266618 0.606013 1.576509 0.000000 0.000000 0.000000 1.000000 0.000000 0.000000
19.000000 182.852413 4.337725 0.622220 1.568324 0.000000 0.000000 0.000000 1.000000 0.000000 0.000000
19.000000 182.855026 3.921181 0.677457 1.522657 0.000000 0.000000 0.000000 1.000000 0.000000 0.000000
19.000000 182.856454 4.212447 0.571648 1.570898 0.000000 0.000000 0.000000 1.000000 0.000000 0.000000
19.000000 182.857823 4.237532 0.555847 1.554976 0.000000 0.000000 0.000000 1.000000 0.000000 0.000000
19.000000 182.858476 4.159734 0.552130 1.585559 0.000000 0.000000 0.000000 1.000000 0.000000 0.000000
19.000000 182.859149 4.221080 0.606383 1.578556 0.000000 0.000000 0.000000 1.000000 0.000000 0.000000
19.000000 182.862453 4.198709 0.600250 1.566155 0.000000 0.000000 0.000000 1.000000 0.000000 0.000000
19.000000 182.865084 4.034467 0.621865 1.548666 0.000000 0.000000 0.000000 1.000000 0.000000 0.000000
19.000000 182.866615 4.177228 0.570018 1.574267 0.000000 0.000000 0.000000 1.000000 0.000000 0.000000
19.000000 182.868089 4.194197 0.558331 1.560293 0.000000 0.000000 0.000000 1.000000 0.000000 0.000000
19.000000 182.868375 4.121287 0.554859 1.586197 0.000000 0.000000 0.000000 1.000000 0.000000 0.000000
19.000000 182.869109 4.193310 0.620208 1.573711 0.000000 0.000000 0.000000 1.000000 0.000000 0.000000
19.000000 182.872384 4.123777 0.602784 1.563207 0.000000 0.000000 0.000000 1.000000 0.000000 0.000000
19.000000 182.874942 4.007700 0.617973 1.556070 0.000000 0.000000 0.000000 1.000000 0.000000 0.000000
19.000000 182.876472 4.131701 0.573299 1.577092 0.000000 0.000000 0.000000 1.000000 0.000000 0.000000
19.000000 182.878019 4.152270 0.559497 1.563290 0.000000 0.000000 0.000000 1.000000 0.000000 0.000000
19.000000 182.878447 4.091854 0.556739 1.591216 0.000000 0.000000 0.000000 1.000000 0.000000 0.000000
19.000000 182.879478 4.175225 0.639159 1.586886 0.000000 0.000000 0.000000 1.000000 0.000000 0.000000
19.000000 182.882571 4.024325 0.607013 1.562042 0.000000 0.000000 0.000000 1.000000 0.000000 0.000000
19.000000 182.885111 3.985524 0.612139 1.549528 0.000000 0.000000 0.000000 1.000000 0.000000 0.000000
19.000000 182.886648 4.122113 0.560023 1.573225 0.000000 0.000000 0.000000 1.000000 0.000000 0.000000
19.000000 182.887978 4.120624 0.557366 1.566368 0.000000 0.000000 0.000000 1.000000 0.000000 0.000000
19.000000 182.888461 4.062321 0.554781 1.590286 0.000000 0.000000 0.000000 1.000000 0.000000 0.000000
19.000000 182.889109 4.118175 0.611286 1.593189 0.000000 0.000000 0.000000 1.000000 0.000000 0.000000
19.000000 182.892359 4.104924 0.612811 1.585938 0.000000 0.000000 0.000000 1.000000 0.000000 0.000000
19.000000 182.895226 3.875770 0.643179 1.553136 0.000000 0.000000 0.000000 1.000000 0.000000 0.000000
19.000000 182.896494 4.050247 0.578088 1.579723 0.000000 0.000000 0.000000 1.000000 0.000000 0.000000
19.000000 182.897818 4.070709 0.561390 1.564744 0.000000 0.000000 0.000000 1.000000 0.000000 0.000000
19.000000 182.898648 4.032536 0.559930 1.581878 0.000000 0.000000 0.000000 1.000000 0.000000 0.000000
19.000000 182.899079 4.074330 0.604568 1.590628 0.000000 0.000000 0.000000 1.000000 0.000000 0.000000
19.000000 182.902541 4.098116 0.616229 1.588522 0.000000 0.000000 0.000000 1.000000 0.000000 0.000000
19.000000 182.905138 3.788788 0.657211 1.546361 0.000000 0.000000 0.000000 1.000000 0.000000 0.000000
19.000000 182.906779 4.015452 0.574287 1.578494 0.000000 0.000000 0.000000 1.000000 0.000000 0.000000
19.000000 182.907901 4.030621 0.562599 1.566979 0.000000 0.000000 0.000000 1.000000 0.000000 0.000000
19.000000 182.908732 4.008445 0.561892 1.579452 0.000000 0.000000 0.000000 1.000000 0.000000 0.000000
19.000000 182.909139 4.052760 0.611297 1.587351 0.000000 0.000000 0.000000 1.000000 0.000000 0.000000
19.000000 182.912400 4.026526 0.612116 1.582327 0.000000 0.000000 0.000000 1.000000 0.000000 0.000000
19.000000 182.914953 3.794464 0.642783 1.548456 0.000000 0.000000 0.000000 1.000000 0.000000 0.000000
19.000000 182.916465 3.984994 0.571204 1.576723 0.000000 0.000000 0.000000 1.000000 0.000000 0.000000
19.000000 182.917852 3.986023 0.566684 1.569479 0.000000 0.000000 0.000000 1.000000 0.000000 0.000000
19.000000 182.919080 3.857383 0.584089 1.590630 0.000000 0.000000 0.000000 1.000000 0.000000 0.000000
19.000000 182.922543 3.918623 0.624125 1.572764 0.000000 0.000000 0.000000 1.000000 0.000000 0.000000
19.000000 182.925067 3.758856 0.645092 1.548427 0.000000 0.000000 0.000000 1.000000 0.000000 0.000000
19.000000 182.926719 3.945874 0.576781 1.578330 0.000000 0.000000 0.000000 1.000000 0.000000 0.000000
19.000000 182.928152 3.955297 0.568377 1.563546 0.000000 0.000000 0.000000 1.000000 0.000000 0.000000
19.000000 182.929097 3.857932 0.581608 1.574161 0.000000 0.000000 0.000000 1.000000 0.000000 0.000000
19.000000 182.932469 3.933104 0.618920 1.567566 0.000000 0.000000 0.000000 1.000000 0.000000 0.000000
19.000000 182.935081 3.704496 0.648938 1.542785 0.000000 0.000000 0.000000 1.000000 0.000000 0.000000
19.000000 182.936622 3.905383 0.576291 1.573658 0.000000 0.000000 0.000000 1.000000 0.000000 0.000000
19.000000 182.937911 3.915379 0.568480 1.561110 0.000000 0.000000 0.000000 1.000000 0.000000 0.000000
19.000000 182.939126 3.801959 0.575949 1.581660 0.000000 0.000000 0.000000 1.000000 0.000000 0.000000
19.000000 182.942419 3.915376 0.617614 1.575741 0.000000 0.000000 0.000000 1.000000 0.000000 0.000000
19.000000 182.945102 3.664563 0.650597 1.541127 0.000000 0.000000 0.000000 1.000000 0.000000 0.000000
19.000000 182.946729 3.856666 0.579092 1.570805 0.000000 0.000000 0.000000 1.000000 0.000000 0.000000
19.000000 182.947945 3.866440 0.568633 1.558003 0.000000 0.000000 0.000000 1.000000 0.000000 0.000000
19.000000 182.949147 3.748480 0.578730 1.577599 0.000000 0.000000 0.000000 1.000000 0.000000 0.000000
19.000000 182.952414 3.862334 0.623396 1.571466 0.000000 0.000000 0.000000 1.000000 0.000000 0.000000
19.000000 182.955059 3.618676 0.655424 1.538591 0.000000 0.000000 0.000000 1.000000 0.000000 0.000000
19.000000 182.956632 3.812315 0.586566 1.566492 0.000000 0.000000 0.000000 1.000000 0.000000 0.000000
19.000000 182.957934 3.833346 0.572232 1.550504 0.000000 0.000000 0.000000 1.000000 0.000000 0.000000
19.000000 182.959129 3.719125 0.578030 1.573343 0.000000 0.000000 0.000000 1.000000 0.000000 0.000000
19.000000 182.962462 3.842162 0.620237 1.565172 0.000000 0.000000 0.000000 1.000000 0.000000 0.000000
19.000000 182.965153 3.567802 0.656047 1.526673 0.000000 0.000000 0.000000 1.000000 0.000000 0.000000
19.000000 182.966788 3.784256 0.579909 1.559231 0.000000 0.000000 0.000000 1.000000 0.000000 0.000000
19.000000 182.968015 3.791830 0.575794 1.546405 0.000000 0.000000 0.000000 1.000000 0.000000 0.000000
19.000000 182.969147 3.651035 0.598279 1.569693 0.000000 0.000000 0.000000 1.000000 0.000000 0.000000
19.000000 182.972448 3.679212 0.636340 1.546171 0.000000 0.000000 0.000000 1.000000 0.000000 0.000000
19.000000 182.974988 3.554860 0.652700 1.520723 0.000000 0.000000 0.000000 1.000000 0.000000 0.000000
19.000000 182.976655 3.740716 0.584859 1.546321 0.000000 0.000000 0.000000 1.000000 0.000000 0.000000
19.000000 182.977970 3.753977 0.573712 1.536138 0.000000 0.000000 0.000000 1.000000 0.000000 0.000000
19.000000 182.979150 3.631050 0.592700 1.558724 0.000000 0.000000 0.000000 1.000000 0.000000 0.000000
19.000000 182.982548 3.685858 0.632727 1.542454 0.000000 0.000000 0.000000 1.000000 0.000000 0.000000
19.000000 182.985090 3.533508 0.652753 1.516909 0.000000 0.000000 0.000000 1.000000 0.000000 0.000000
19.000000 182.986614 3.683476 0.596249 1.539909 0.000000 0.000000 0.000000 1.000000 0.000000 0.000000
19.000000 182.987889 3.709012 0.574819 1.527815 0.000000 0.000000 0.000000 1.000000 0.000000 0.000000
19.000000 182.989139 3.608129 0.588084 1.547924 0.000000 0.000000 0.000000 1.000000 0.000000 0.000000
19.000000 182.992444 3.694276 0.628580 1.539446 0.000000 0.000000 0.000000 1.000000 0.000000 0.000000
19.000000 182.994962 3.449206 0.660632 1.507637 0.000000 0.000000 0.000000 1.000000 0.000000 0.000000
19.000000 182.996423 3.653040 0.590767 1.535039 0.000000 0.000000 0.000000 1.000000 0.000000 0.000000
19.000000 182.997876 3.676104 0.577460 1.517910 0.000000 0.000000 0.000000 1.000000 0.000000 0.000000
19.000000 182.999154 3.561587 0.587085 1.541291 0.000000 0.000000 0.000000 1.000000 0.000000 0.000000
19.000000 183.002596 3.673413 0.630834 1.540218 0.000000 0.000000 0.000000 1.000000 0.000000 0.000000
19.000000 183.005071 3.401671 0.666515 1.501886 0.000000 0.000000 0.000000 1.000000 0.000000 0.000000
19.000000 183.006773 3.626394 0.588803 1.525399 0.000000 0.000000 0.000000 1.000000 0.000000 0.000000
19.000000 183.008102 3.645499 0.576937 1.506037 0.000000 0.000000 0.000000 1.000000 0.000000 0.000000
19.000000 183.009136 3.510576 0.583000 1.533630 0.000000 0.000000 0.000000 1.000000 0.000000 0.000000
19.000000 183.012605 3.643492 0.629023 1.529055 0.000000 0.000000 0.000000 1.000000 0.000000 0.000000
19.000000 183.015086 3.356713 0.666507 1.486375 0.000000 0.000000 0.000000 1.000000 0.000000 0.000000
19.000000 183.016507 3.591576 0.584453 1.516016 0.000000 0.000000 0.000000 1.000000 0.000000 0.000000
19.000000 183.017946 3.592275 0.584702 1.503966 0.000000 0.000000 0.000000 1.000000 0.000000 0.000000
19.000000 183.019122 3.506137 0.597613 1.514483 0.000000 0.000000 0.000000 1.000000 0.000000 0.000000
19.000000 183.022692 3.575096 0.632529 1.513892 0.000000 0.000000 0.000000 1.000000 0.000000 0.000000
19.000000 183.025080 3.339344 0.663306 1.483959 0.000000 0.000000 0.000000 1.000000 0.000000 0.000000
19.000000 183.026650 3.529637 0.599165 1.501555 0.000000 0.000000 0.000000 1.000000 0.000000 0.000000
19.000000 183.027985 3.560624 0.580872 1.483418 0.000000 0.000000 0.000000 1.000000 0.000000 0.000000
19.000000 183.029303 3.457276 0.603438 1.501677 0.000000 0.000000 0.000000 1.000000 0.000000 0.000000
19.000000 183.032493 3.493135 0.641645 1.488158 0.000000 0.000000 0.000000 1.000000 0.000000 0.000000
19.000000 183.035046 3.315629 0.664877 1.463244 0.000000 0.000000 0.000000 1.000000 0.000000 0.000000
19.000000 183.036516 3.498183 0.599531 1.486877 0.000000 0.000000 0.000000 1.000000 0.000000 0.000000
19.000000 183.037842 3.517021 0.584728 1.472251 0.000000 0.000000 0.000000 1.000000 0.000000 0.000000
19.000000 183.039118 3.417137 0.598373 1.490207 0.000000 0.000000 0.000000 1.000000 0.000000 0.000000
19.000000 183.042578 3.524462 0.644114 1.485313 0.000000 0.000000 0.000000 1.000000 0.000000 0.000000
19.000000 183.045291 3.213557 0.684815 1.441763 0.000000 0.000000 0.000000 1.000000 0.000000 0.000000
19.000000 183.046614 3.468024 0.594597 1.472771 0.000000 0.000000 0.000000 1.000000 0.000000 0.000000
19.000000 183.047953 3.479857 0.585231 1.458613 0.000000 0.000000 0.000000 1.000000 0.000000 0.000000
19.000000 183.049405 3.366588 0.597198 1.480127 0.000000 0.000000 0.000000 1.000000 0.000000 0.000000
19.000000 183.052499 3.468388 0.640769 1.481673 0.000000 0.000000 0.000000 1.000000 0.000000 0.000000
19.000000 183.055075 3.210769 0.674266 1.440391 0.000000 0.000000 0.000000 1.000000 0.000000 0.000000
19.000000 183.056617 3.429980 0.595344 1.458047 0.000000 0.000000 0.000000 1.000000 0.000000 0.000000
19.000000 183.057934 3.441468 0.584637 1.444361 0.000000 0.000000 0.000000 1.000000 0.000000 0.000000
19.000000 183.059275 3.345481 0.601374 1.458677 0.000000 0.000000 0.000000 1.000000 0.000000 0.000000
19.000000 183.062577 3.410868 0.639901 1.449137 0.000000 0.000000 0.000000 1.000000 0.000000 0.000000
19.000000 183.065175 3.181518 0.669747 1.417404 0.000000 0.000000 0.000000 1.000000 0.000000 0.000000
19.000000 183.066716 3.383085 0.598485 1.444285 0.000000 0.000000 0.000000 1.000000 0.000000 0.000000
19.000000 183.067989 3.394890 0.589232 1.431801 0.000000 0.000000 0.000000 1.000000 0.000000 0.000000
19.000000 183.069159 3.297223 0.609498 1.447731 0.000000 0.000000 0.000000 1.000000 0.000000 0.000000
19.000000 183.072488 3.307065 0.638613 1.428172 0.000000 0.000000 0.000000 1.000000 0.000000 0.000000
19.000000 183.075090 3.191489 0.653669 1.404864 0.000000 0.000000 0.000000 1.000000 0.000000 0.000000
19.000000 183.076567 3.344217 0.601136 1.423414 0.000000 0.000000 0.000000 1.000000 0.000000 0.000000
19.000000 183.077990 3.364184 0.587699 1.409148 0.000000 0.000000 0.000000 1.000000 0.000000 0.000000
19.000000 183.079369 3.264617 0.607171 1.428369 0.000000 0.000000 0.000000 1.000000 0.000000 0.000000
19.000000 183.082644 3.293231 0.640219 1.413424 0.000000 0.000000 0.000000 1.000000 0.000000 0.000000
19.000000 183.085110 3.105280 0.664650 1.378498 0.000000 0.000000 0.000000 1.000000 0.000000 0.000000
19.000000 183.086639 3.324859 0.586943 1.400866 0.000000 0.000000 0.000000 1.000000 0.000000 0.000000
19.000000 183.088007 3.320256 0.588988 1.393971 0.000000 0.000000 0.000000 1.000000 0.000000 0.000000
19.000000 183.089377 3.220970 0.608287 1.410842 0.000000 0.000000 0.000000 1.000000 0.000000 0.000000
19.000000 183.092504 3.244851 0.639805 1.393113 0.000000 0.000000 0.000000 1.000000 0.000000 0.000000
19.000000 183.095202 3.119229 0.656104 1.368863 0.000000 0.000000 0.000000 1.000000 0.000000 0.000000
19.000000 183.096501 3.269961 0.604160 1.388172 0.000000 0.000000 0.000000 1.000000 0.000000 0.000000
19.000000 183.097913 3.286841 0.592140 1.372452 0.000000 0.000000 0.000000 1.000000 0.000000 0.000000
19.000000 183.099273 3.185853 0.612807 1.390111 0.000000 0.000000 0.000000 1.000000 0.000000 0.000000
19.000000 183.102720 3.225494 0.649694 1.376471 0.000000 0.000000 0.000000 1.000000 0.000000 0.000000
19.000000 183.105184 3.025254 0.675724 1.342007 0.000000 0.000000 0.000000 1.000000 0.000000 0.000000
19.000000 183.106595 3.246546 0.597010 1.367137 0.000000 0.000000 0.000000 1.000000 0.000000 0.000000
19.000000 183.108168 3.250016 0.592084 1.355082 0.000000 0.000000 0.000000 1.000000 0.000000 0.000000
19.000000 183.109538 3.153521 0.613280 1.369011 0.000000 0.000000 0.000000 1.000000 0.000000 0.000000
19.000000 183.112501 3.204063 0.652965 1.363657 0.000000 0.000000 0.000000 1.000000 0.000000 0.000000
19.000000 183.115281 2.973749 0.682690 1.325654 0.000000 0.000000 0.000000 1.000000 0.000000 0.000000
19.000000 183.116505 3.209157 0.597811 1.346590 0.000000 0.000000 0.000000 1.000000 0.000000 0.000000
19.000000 183.117987 3.208948 0.594330 1.337227 0.000000 0.000000 0.000000 1.000000 0.000000 0.000000
19.000000 183.119533 3.126854 0.620377 1.345753 0.000000 0.000000 0.000000 1.000000 0.000000 0.000000
19.000000 183.122652 3.114728 0.649277 1.326792 0.000000 0.000000 0.000000 1.000000 0.000000 0.000000
19.000000 183.125112 2.969658 0.668090 1.299426 0.000000 0.000000 0.000000 1.000000 0.000000 0.000000
19.000000 183.126656 3.164850 0.599248 1.320523 0.000000 0.000000 0.000000 1.000000 0.000000 0.000000
19.000000 183.128145 3.169084 0.594712 1.310868 0.000000 0.000000 0.000000 1.000000 0.000000 0.000000
19.000000 183.129443 3.117599 0.621429 1.311325 0.000000 0.000000 0.000000 1.000000 0.000000 0.000000
19.000000 183.132531 3.150532 0.659736 1.310394 0.000000 0.000000 0.000000 1.000000 0.000000 0.000000
19.000000 183.135110 2.914449 0.689876 1.276517 0.000000 0.000000 0.000000 1.000000 0.000000 0.000000
19.000000 183.136552 3.105168 0.617070 1.293115 0.000000 0.000000 0.000000 1.000000 0.000000 0.000000
19.000000 183.138103 3.123036 0.597095 1.286589 0.000000 0.000000 0.000000 1.000000 0.000000 0.000000
19.000000 183.139268 3.039589 0.620360 1.305343 0.000000 0.000000 0.000000 1.000000 0.000000 0.000000
19.000000 183.142522 3.087658 0.661218 1.302550 0.000000 0.000000 0.000000 1.000000 0.000000 0.000000
19.000000 183.145284 2.827589 0.694555 1.261624 0.000000 0.000000 0.000000 1.000000 0.000000 0.000000
19.000000 183.146674 3.082491 0.606940 1.280774 0.000000 0.000000 0.000000 1.000000 0.000000 0.000000
19.000000 183.148118 3.096308 0.597611 1.264578 0.000000 0.000000 0.000000 1.000000 0.000000 0.000000
19.000000 183.149682 3.013808 0.619355 1.276903 0.000000 0.000000 0.000000 1.000000 0.000000 0.000000
19.000000 183.152517 3.050171 0.655317 1.281933 0.000000 0.000000 0.000000 1.000000 0.000000 0.000000
19.000000 183.155041 2.834266 0.681845 1.246044 0.000000 0.000000 0.000000 1.000000 0.000000 0.000000
19.000000 183.156543 3.044145 0.606634 1.253421 0.000000 0.000000 0.000000 1.000000 0.000000 0.000000
19.000000 183.158052 3.048255 0.601320 1.243691 0.000000 0.000000 0.000000 1.000000 0.000000 0.000000
19.000000 183.159675 2.955943 0.620869 1.261636 0.000000 0.000000 0.000000 1.000000 0.000000 0.000000
19.000000 183.162595 2.978228 0.651657 1.238695 0.000000 0.000000 0.000000 1.000000 0.000000 0.000000
19.000000 183.165328 2.840557 0.669254 1.205010 0.000000 0.000000 0.000000 1.000000 0.000000 0.000000
19.000000 183.166627 3.008522 0.608940 1.227970 0.000000 0.000000 0.000000 1.000000 0.000000 0.000000
19.000000 183.168125 3.013384 0.602141 1.218044 0.000000 0.000000 0.000000 1.000000 0.000000 0.000000
19.000000 183.169566 2.941025 0.625974 1.227723 0.000000 0.000000 0.000000 1.000000 0.000000 0.000000
19.000000 183.172533 2.928641 0.651906 1.204728 0.000000 0.000000 0.000000 1.000000 0.000000 0.000000
19.000000 183.175175 2.797532 0.668736 1.177561 0.000000 0.000000 0.000000 1.000000 0.000000 0.000000
19.000000 183.176545 2.971338 0.607852 1.201157 0.000000 0.000000 0.000000 1.000000 0.000000 0.000000
19.000000 183.178004 2.975227 0.603332 1.190488 0.000000 0.000000 0.000000 1.000000 0.000000 0.000000
19.000000 183.179280 2.949717 0.636630 1.180290 0.000000 0.000000 0.000000 1.000000 0.000000 0.000000
19.000000 183.182524 2.879549 0.655779 1.162996 0.000000 0.000000 0.000000 1.000000 0.000000 0.000000
19.000000 183.185237 2.729875 0.674704 1.136764 0.000000 0.000000 0.000000 1.000000 0.000000 0.000000
19.000000 183.186613 2.959744 0.590918 1.158785 0.000000 0.000000 0.000000 1.000000 0.000000 0.000000
19.000000 183.188240 2.934553 0.604793 1.163464 0.000000 0.000000 0.000000 1.000000 0.000000 0.000000
19.000000 183.189544 2.849362 0.629922 1.179285 0.000000 0.000000 0.000000 1.000000 0.000000 0.000000
19.000000 183.192565 2.820189 0.654133 1.151262 0.000000 0.000000 0.000000 1.000000 0.000000 0.000000
19.000000 183.195136 2.733196 0.665257 1.122365 0.000000 0.000000 0.000000 1.000000 0.000000 0.000000
19.000000 183.196547 2.889989 0.610317 1.140276 0.000000 0.000000 0.000000 1.000000 0.000000 0.000000
19.000000 183.198158 2.892985 0.606789 1.133495 0.000000 0.000000 0.000000 1.000000 0.000000 0.000000
19.000000 183.199350 2.810605 0.631037 1.151221 0.000000 0.000000 0.000000 1.000000 0.000000 0.000000
19.000000 183.202704 2.798767 0.658184 1.123266 0.000000 0.000000 0.000000 1.000000 0.000000 0.000000
19.000000 183.205195 2.682326 0.672975 1.088948 0.000000 0.000000 0.000000 1.000000 0.000000 0.000000
19.000000 183.206630 2.864624 0.608932 1.111250 0.000000 0.000000 0.000000 1.000000 0.000000 0.000000
19.000000 183.208252 2.866402 0.605456 1.102134 0.000000 0.000000 0.000000 1.000000 0.000000 0.000000
19.000000 183.209413 2.775950 0.631625 1.120062 0.000000 0.000000 0.000000 1.000000 0.000000 0.000000
19.000000 183.212554 2.800303 0.669020 1.089858 0.000000 0.000000 0.000000 1.000000 0.000000 0.000000
19.000000 183.215075 2.569227 0.697941 1.042803 0.000000 0.000000 0.000000 1.000000 0.000000 0.000000
19.000000 183.216570 2.818886 0.611367 1.081164 0.000000 0.000000 0.000000 1.000000 0.000000 0.000000
19.000000 183.218133 2.822577 0.607484 1.069445 0.000000 0.000000 0.000000 1.000000 0.000000 0.000000
19.000000 183.219348 2.739852 0.638457 1.082677 0.000000 0.000000 0.000000 1.000000 0.000000 0.000000
19.000000 183.222744 2.697478 0.665114 1.048223 0.000000 0.000000 0.000000 1.000000 0.000000 0.000000
19.000000 183.225230 2.599677 0.677168 1.023621 0.000000 0.000000 0.000000 1.000000 0.000000 0.000000
19.000000 183.226718 2.771875 0.619055 1.051880 0.000000 0.000000 0.000000 1.000000 0.000000 0.000000
19.000000 183.228185 2.785967 0.609729 1.039624 0.000000 0.000000 0.000000 1.000000 0.000000 0.000000
19.000000 183.232716 2.843460 0.625522 1.015912 0.000000 0.000000 0.000000 1.000000 0.000000 0.000000
19.000000 183.235168 2.642928 0.663090 0.993009 0.000000 0.000000 0.000000 1.000000 0.000000 0.000000
19.000000 183.236558 2.761906 0.614360 1.011610 0.000000 0.000000 0.000000 1.000000 0.000000 0.000000
19.000000 183.238189 2.750068 0.613015 1.011311 0.000000 0.000000 0.000000 1.000000 0.000000 0.000000
19.000000 183.239287 2.683077 0.639927 1.020770 0.000000 0.000000 0.000000 1.000000 0.000000 0.000000
19.000000 183.242525 2.644343 0.662435 0.991328 0.000000 0.000000 0.000000 1.000000 0.000000 0.000000
19.000000 183.245249 2.499831 0.680750 0.952530 0.000000 0.000000 0.000000 1.000000 0.000000 0.000000
19.000000 183.246647 2.722557 0.604458 0.977710 0.000000 0.000000 0.000000 1.000000 0.000000 0.000000
19.000000 183.248184 2.708838 0.615043 0.977100 0.000000 0.000000 0.000000 1.000000 0.000000 0.000000
19.000000 183.249369 2.664433 0.644098 0.980159 0.000000 0.000000 0.000000 1.000000 0.000000 0.000000
19.000000 183.252670 2.644146 0.671281 0.949009 0.000000 0.000000 0.000000 1.000000 0.000000 0.000000
19.000000 183.255013 2.436341 0.697299 0.907751 0.000000 0.000000 0.000000 1.000000 0.000000 0.000000
19.000000 183.256601 2.681819 0.612416 0.946302 0.000000 0.000000 0.000000 1.000000 0.000000 0.000000
19.000000 183.258215 2.675929 0.616134 0.941458 0.000000 0.000000 0.000000 1.000000 0.000000 0.000000
19.000000 183.259291 2.610489 0.640351 0.953905 0.000000 0.000000 0.000000 1.000000 0.000000 0.000000
19.000000 183.262587 2.617726 0.669875 0.921236 0.000000 0.000000 0.000000 1.000000 0.000000 0.000000
19.000000 183.265154 2.391781 0.697928 0.865992 0.000000 0.000000 0.000000 1.000000 0.000000 0.000000
19.000000 183.266735 2.653794 0.605846 0.903432 0.000000 0.000000 0.000000 1.000000 0.000000 0.000000
19.000000 183.268358 2.633582 0.618813 0.907025 0.000000 0.000000 0.000000 1.000000 0.000000 0.000000
19.000000 183.269400 2.577262 0.648961 0.915435 0.000000 0.000000 0.000000 1.000000 0.000000 0.000000
19.000000 183.272615 2.549140 0.675721 0.876696 0.000000 0.000000 0.000000 1.000000 0.000000 0.000000
19.000000 183.275094 2.365100 0.698103 0.832851 0.000000 0.000000 0.000000 1.000000 0.000000 0.000000
19.000000 183.276674 2.603963 0.615943 0.872281 0.000000 0.000000 0.000000 1.000000 0.000000 0.000000
19.000000 183.277969 2.601005 0.618403 0.869233 0.000000 0.000000 0.000000 1.000000 0.000000 0.000000
19.000000 183.279279 2.547769 0.656611 0.877546 0.000000 0.000000 0.000000 1.000000 0.000000 0.000000
19.000000 183.282680 2.444123 0.674898 0.834456 0.000000 0.000000 0.000000 1.000000 0.000000 0.000000
19.000000 183.285191 2.373546 0.683366 0.812196 0.000000 0.000000 0.000000 1.000000 0.000000 0.000000
19.000000 183.286693 2.561478 0.619807 0.843586 0.000000 0.000000 0.000000 1.000000 0.000000 0.000000
19.000000 183.288165 2.563327 0.618888 0.834980 0.000000 0.000000 0.000000 1.000000 0.000000 0.000000
19.000000 183.289704 2.531394 0.653532 0.832606 0.000000 0.000000 0.000000 1.000000 0.000000 0.000000
19.000000 183.292626 2.443305 0.670678 0.804700 0.000000 0.000000 0.000000 1.000000 0.000000 0.000000
19.000000 183.295045 2.337486 0.684154 0.778702 0.000000 0.000000 0.000000 1.000000 0.000000 0.000000
19.000000 183.296598 2.527983 0.619569 0.800118 0.000000 0.000000 0.000000 1.000000 0.000000 0.000000
19.000000 183.299330 2.475327 0.674750 0.807904 0.000000 0.000000 0.000000 1.000000 0.000000 0.000000
19.000000 183.302741 2.396451 0.667809 0.766031 0.000000 0.000000 0.000000 1.000000 0.000000 0.000000
19.000000 183.305221 2.320390 0.677459 0.740343 0.000000 0.000000 0.000000 1.000000 0.000000 0.000000
19.000000 183.306684 2.494252 0.617880 0.761546 0.000000 0.000000 0.000000 1.000000 0.000000 0.000000
19.000000 183.309624 2.443556 0.671447 0.768259 0.000000 0.000000 0.000000 1.000000 0.000000 0.000000
19.000000 183.312545 2.371983 0.666734 0.724374 0.000000 0.000000 0.000000 1.000000 0.000000 0.000000
19.000000 183.315090 2.316561 0.673709 0.698168 0.000000 0.000000 0.000000 1.000000 0.000000 0.000000
19.000000 183.316657 2.457432 0.621587 0.716639 0.000000 0.000000 0.000000 1.000000 0.000000 0.000000
19.000000 183.319991 2.395963 0.683679 0.725340 0.000000 0.000000 0.000000 1.000000 0.000000 0.000000
19.000000 183.322591 2.367819 0.692953 0.681330 0.000000 0.000000 0.000000 1.000000 0.000000 0.000000
19.000000 183.325333 2.108240 0.725843 0.628105 0.000000 0.000000 0.000000 1.000000 0.000000 0.000000
19.000000 183.326710 2.422875 0.618069 0.669781 0.000000 0.000000 0.000000 1.000000 0.000000 0.000000
19.000000 183.332495 2.362183 0.681303 0.681351 0.000000 0.000000 0.000000 1.000000 0.000000 0.000000
19.000000 183.332583 2.338710 0.688830 0.645995 0.000000 0.000000 0.000000 1.000000 0.000000 0.000000
19.000000 183.335184 2.122943 0.716097 0.596897 0.000000 0.000000 0.000000 1.000000 0.000000 0.000000
19.000000 183.336816 2.395897 0.618628 0.630965 0.000000 0.000000 0.000000 1.000000 0.000000 0.000000
19.000000 183.339435 2.338166 0.677899 0.639358 0.000000 0.000000 0.000000 1.000000 0.000000 0.000000
19.000000 183.342576 2.239816 0.671374 0.592321 0.000000 0.000000 0.000000 1.000000 0.000000 0.000000
19.000000 183.345149 2.165114 0.680843 0.569261 0.000000 0.000000 0.000000 1.000000 0.000000 0.000000
19.000000 183.346812 2.353732 0.616924 0.591772 0.000000 0.000000 0.000000 1.000000 0.000000 0.000000
19.000000 183.349558 2.297574 0.680703 0.597715 0.000000 0.000000 0.000000 1.000000 0.000000 0.000000
19.000000 183.352671 2.254499 0.687073 0.561016 0.000000 0.000000 0.000000 1.000000 0.000000 0.000000
19.000000 183.355135 2.068791 0.710320 0.517952 0.000000 0.000000 0.000000 1.000000 0.000000 0.000000
19.000000 183.356705 2.322229 0.621453 0.545279 0.000000 0.000000 0.000000 1.000000 0.000000 0.000000
19.000000 183.359652 2.267012 0.680871 0.553492 0.000000 0.000000 0.000000 1.000000 0.000000 0.000000
19.000000 183.362592 2.267892 0.695936 0.513474 0.000000 0.000000 0.000000 1.000000 0.000000 0.000000
19.000000 183.365252 1.964043 0.734169 0.454964 0.000000 0.000000 0.000000 1.000000 0.000000 0.000000
19.000000 183.369584 2.106413 0.685844 0.468902 0.000000 0.000000 0.000000 1.000000 0.000000 0.000000
19.000000 183.372490 2.178739 0.701563 0.455945 0.000000 0.000000 0.000000 1.000000 0.000000 0.000000
19.000000 183.375107 1.921927 0.733924 0.404334 0.000000 0.000000 0.000000 1.000000 0.000000 0.000000
19.000000 183.379537 2.066449 0.684502 0.427279 0.000000 0.000000 0.000000 1.000000 0.000000 0.000000
19.000000 183.382654 2.074022 0.685560 0.413755 0.000000 0.000000 0.000000 1.000000 0.000000 0.000000
19.000000 183.385243 2.017189 0.692535 0.391655 0.000000 0.000000 0.000000 1.000000 0.000000 0.000000
19.000000 183.389390 2.027362 0.689595 0.384446 0.000000 0.000000 0.000000 1.000000 0.000000 0.000000
19.000000 183.392688 2.100465 0.705493 0.370825 0.000000 0.000000 0.000000 1.000000 0.000000 0.000000
19.000000 183.395197 1.872678 0.734179 0.319629 0.000000 0.000000 0.000000 1.000000 0.000000 0.000000
19.000000 183.399303 2.017454 0.685007 0.334058 0.000000 0.000000 0.000000 1.000000 0.000000 0.000000
19.000000 183.402869 2.064013 0.694763 0.321888 0.000000 0.000000 0.000000 1.000000 0.000000 0.000000
19.000000 183.405619 1.842408 0.722445 0.273841 0.000000 0.000000 0.000000 1.000000 0.000000 0.000000
19.000000 183.409392 1.960161 0.683021 0.281041 0.000000 0.000000 0.000000 1.000000 0.000000 0.000000
19.000000 183.412675 2.012200 0.694332 0.266916 0.000000 0.000000 0.000000 1.000000 0.000000 0.000000
19.000000 183.415331 1.858915 0.713596 0.231063 0.000000 0.000000 0.000000 1.000000 0.000000 0.000000
19.000000 183.419324 1.908156 0.697262 0.229311 0.000000 0.000000 0.000000 1.000000 0.000000 0.000000
19.000000 183.422791 1.916046 0.698757 0.215265 0.000000 0.000000 0.000000 1.000000 0.000000 0.000000
19.000000 183.425368 1.876930 0.703710 0.195500 0.000000 0.000000 0.000000 1.000000 0.000000 0.000000
19.000000 183.429366 1.896401 0.697112 0.192756 0.000000 0.000000 0.000000 1.000000 0.000000 0.000000
19.000000 183.432623 1.891918 0.695509 0.177762 0.000000 0.000000 0.000000 1.000000 0.000000 0.000000
19.000000 183.435417 1.809383 0.705486 0.139540 0.000000 0.000000 0.000000 1.000000 0.000000 0.000000
19.000000 183.439288 1.844315 0.693541 0.132608 0.000000 0.000000 0.000000 1.000000 0.000000 0.000000
19.000000 183.442746 1.863567 0.697429 0.123125 0.000000 0.000000 0.000000 1.000000 0.000000 0.000000
19.000000 183.445430 1.839633 0.700290 0.098705 0.000000 0.000000 0.000000 1.000000 0.000000 0.000000
19.000000 183.449747 1.830665 0.703363 0.085164 0.000000 0.000000 0.000000 1.000000 0.000000 0.000000
19.000000 183.452647 1.858995 0.708820 0.070459 0.000000 0.000000 0.000000 1.000000 0.000000 0.000000
19.000000 183.455276 1.662560 0.733225 0.020119 0.000000 0.000000 0.000000 1.000000 0.000000 0.000000
19.000000 183.459322 1.775704 0.695606 0.025293 0.000000 0.000000 0.000000 1.000000 0.000000 0.000000
19.000000 183.462810 1.808402 0.702575 0.012073 0.000000 0.000000 0.000000 1.000000 0.000000 0.000000
19.000000 183.465308 1.643100 0.723265 -0.023675 0.000000 0.000000 0.000000 1.000000 0.000000 0.000000
19.000000 183.469849 1.719413 0.697277 0.002428 0.000000 0.000000 0.000000 1.000000 0.000000 0.000000
19.000000 183.472683 1.819570 0.719879 0.046587 0.000000 0.000000 0.000000 1.000000 0.000000 0.000000
19.000000 183.475336 1.550118 0.752696 0.012323 0.000000 0.000000 0.000000 1.000000 0.000000 0.000000
19.000000 183.479317 1.699062 0.702195 0.044605 0.000000 0.000000 0.000000 1.000000 0.000000 0.000000
19.000000 183.482701 1.758664 0.715875 0.072540 0.000000 0.000000 0.000000 1.000000 0.000000 0.000000
19.000000 183.485194 1.590168 0.736645 0.049005 0.000000 0.000000 0.000000 1.000000 0.000000 0.000000
19.000000 183.489422 1.673748 0.708413 0.081520 0.000000 0.000000 0.000000 1.000000 0.000000 0.000000
19.000000 183.492675 1.731419 0.722165 0.110854 0.000000 0.000000 0.000000 1.000000 0.000000 0.000000
19.000000 183.495287 1.540373 0.745874 0.085062 0.000000 0.000000 0.000000 1.000000 0.000000 0.000000
19.000000 183.499345 1.644117 0.710399 0.119268 0.000000 0.000000 0.000000 1.000000 0.000000 0.000000
19.000000 183.502758 1.722444 0.728102 0.150626 0.000000 0.000000 0.000000 1.000000 0.000000 0.000000
19.000000 183.505239 1.489194 0.756933 0.119631 0.000000 0.000000 0.000000 1.000000 0.000000 0.000000
19.000000 183.509430 1.622319 0.711892 0.153344 0.000000 0.000000 0.000000 1.000000 0.000000 0.000000
19.000000 183.512700 1.732918 0.736450 0.200172 0.000000 0.000000 0.000000 1.000000 0.000000 0.000000
19.000000 183.515332 1.380301 0.779195 0.150109 0.000000 0.000000 0.000000 1.000000 0.000000 0.000000
19.000000 183.519318 1.549076 0.722001 0.181694 0.000000 0.000000 0.000000 1.000000 0.000000 0.000000
19.000000 183.522770 1.604023 0.734581 0.200768 0.000000 0.000000 0.000000 1.000000 0.000000 0.000000
19.000000 183.525279 1.411842 0.758499 0.169753 0.000000 0.000000 0.000000 1.000000 0.000000 0.000000
19.000000 183.529591 1.539166 0.715387 0.211478 0.000000 0.000000 0.000000 1.000000 0.000000 0.000000
19.000000 183.532666 1.602284 0.729955 0.237837 0.000000 0.000000 0.000000 1.000000 0.000000 0.000000
19.000000 183.535212 1.394752 0.755836 0.203583 0.000000 0.000000 0.000000 1.000000 0.000000 0.000000
19.000000 183.539407 1.505004 0.718821 0.238480 0.000000 0.000000 0.000000 1.000000 0.000000 0.000000
19.000000 183.542749 1.487192 0.715764 0.254445 0.000000 0.000000 0.000000 1.000000 0.000000 0.000000
19.000000 183.545327 1.470288 0.717822 0.253604 0.000000 0.000000 0.000000 1.000000 0.000000 0.000000
19.000000 183.549453 1.451979 0.723754 0.270141 0.000000 0.000000 0.000000 1.000000 0.000000 0.000000
19.000000 183.552602 1.509685 0.736970 0.294416 0.000000 0.000000 0.000000 1.000000 0.000000 0.000000
19.000000 183.555228 1.295868 0.763510 0.265077 0.000000 0.000000 0.000000 1.000000 0.000000 0.000000
19.000000 183.559539 1.394807 0.730281 0.282202 0.000000 0.000000 0.000000 1.000000 0.000000 0.000000
19.000000 183.562892 1.461664 0.744621 0.303096 0.000000 0.000000 0.000000 1.000000 0.000000 0.000000
19.000000 183.565252 1.236395 0.771726 0.286912 0.000000 0.000000 0.000000 1.000000 0.000000 0.000000
19.000000 183.572652 1.261531 0.763512 0.308208 0.000000 0.000000 0.000000 1.000000 0.000000 0.000000
19.000000 183.575225 1.266860 0.763234 0.324292 0.000000 0.000000 0.000000 1.000000 0.000000 0.000000
19.000000 183.579401 1.366659 0.729893 0.362464 0.000000 0.000000 0.000000 1.000000 0.000000 0.000000
19.000000 183.582839 1.427707 0.743917 0.385276 0.000000 0.000000 0.000000 1.000000 0.000000 0.000000
19.000000 183.585319 1.188502 0.773722 0.341238 0.000000 0.000000 0.000000 1.000000 0.000000 0.000000
19.000000 183.589494 1.315028 0.731398 0.373880 0.000000 0.000000 0.000000 1.000000 0.000000 0.000000
19.000000 183.592747 1.378798 0.745785 0.403107 0.000000 0.000000 0.000000 1.000000 0.000000 0.000000
19.000000 183.595174 1.129637 0.776509 0.371794 0.000000 0.000000 0.000000 1.000000 0.000000 0.000000
19.000000 183.599679 1.275504 0.727764 0.407122 0.000000 0.000000 0.000000 1.000000 0.000000 0.000000
19.000000 183.602898 1.353866 0.745239 0.433575 0.000000 0.000000 0.000000 1.000000 0.000000 0.000000
19.000000 183.605327 1.127190 0.773253 0.404798 0.000000 0.000000 0.000000 1.000000 0.000000 0.000000
19.000000 183.609508 1.247741 0.732854 0.433488 0.000000 0.000000 0.000000 1.000000 0.000000 0.000000
19.000000 183.612916 1.316805 0.748047 0.452021 0.000000 0.000000 0.000000 1.000000 0.000000 0.000000
19.000000 183.615257 1.108896 0.773767 0.424724 0.000000 0.000000 0.000000 1.000000 0.000000 0.000000
19.000000 183.619911 1.181510 0.749540 0.455472 0.000000 0.000000 0.000000 1.000000 0.000000 0.000000
19.000000 183.622766 1.223550 0.759123 0.473330 0.000000 0.000000 0.000000 1.000000 0.000000 0.000000
19.000000 183.629493 1.241440 0.757105 0.483637 0.000000 0.000000 0.000000 1.000000 0.000000 0.000000
19.000000 183.632915 1.219164 0.752784 0.492792 0.000000 0.000000 0.000000 1.000000 0.000000 0.000000
19.000000 183.635351 1.113844 0.765665 0.482677 0.000000 0.000000 0.000000 1.000000 0.000000 0.000000
19.000000 183.639612 1.165129 0.748236 0.505306 0.000000 0.000000 0.000000 1.000000 0.000000 0.000000
19.000000 183.642698 1.255303 0.767767 0.536032 0.000000 0.000000 0.000000 1.000000 0.000000 0.000000
19.000000 183.645356 0.931716 0.807384 0.491567 0.000000 0.000000 0.000000 1.000000 0.000000 0.000000
19.000000 183.649494 1.109679 0.748022 0.520149 0.000000 0.000000 0.000000 1.000000 0.000000 0.000000
19.000000 183.652808 1.163277 0.759863 0.538601 0.000000 0.000000 0.000000 1.000000 0.000000 0.000000
19.000000 183.655291 0.948760 0.786392 0.509387 0.000000 0.000000 0.000000 1.000000 0.000000 0.000000
19.000000 183.659458 1.042940 0.755210 0.542562 0.000000 0.000000 0.000000 1.000000 0.000000 0.000000
19.000000 183.662938 1.098669 0.767682 0.563006 0.000000 0.000000 0.000000 1.000000 0.000000 0.000000
19.000000 183.665262 0.898506 0.792510 0.525621 0.000000 0.000000 0.000000 1.000000 0.000000 0.000000
19.000000 183.669519 1.025142 0.750543 0.555322 0.000000 0.000000 0.000000 1.000000 0.000000 0.000000
19.000000 183.672974 1.105589 0.768203 0.577695 0.000000 0.000000 0.000000 1.000000 0.000000 0.000000
19.000000 183.675215 0.841323 0.800973 0.536297 0.000000 0.000000 0.000000 1.000000 0.000000 0.000000
19.000000 183.679428 0.983860 0.753759 0.569647 0.000000 0.000000 0.000000 1.000000 0.000000 0.000000
19.000000 183.682787 1.039807 0.766108 0.589650 0.000000 0.000000 0.000000 1.000000 0.000000 0.000000
19.000000 183.685418 0.893054 0.784164 0.559757 0.000000 0.000000 0.000000 1.000000 0.000000 0.000000
19.000000 183.689682 0.969918 0.758936 0.586314 0.000000 0.000000 0.000000 1.000000 0.000000 0.000000
19.000000 183.692579 1.025054 0.771558 0.614526 0.000000 0.000000 0.000000 1.000000 0.000000 0.000000
19.000000 183.695257 0.808292 0.798361 0.577511 0.000000 0.000000 0.000000 1.000000 0.000000 0.000000
19.000000 183.699430 0.921151 0.761036 0.603772 0.000000 0.000000 0.000000 1.000000 0.000000 0.000000
19.000000 183.702763 0.986411 0.775377 0.629424 0.000000 0.000000 0.000000 1.000000 0.000000 0.000000
19.000000 183.705333 0.774422 0.801508 0.600236 0.000000 0.000000 0.000000 1.000000 0.000000 0.000000
19.000000 183.709564 0.886940 0.764259 0.623632 0.000000 0.000000 0.000000 1.000000 0.000000 0.000000
19.000000 183.712737 0.968322 0.781789 0.644172 0.000000 0.000000 0.000000 1.000000 0.000000 0.000000
19.000000 183.715306 0.702776 0.814548 0.600805 0.000000 0.000000 0.000000 1.000000 0.000000 0.000000
19.000000 183.719511 0.849899 0.765959 0.630021 0.000000 0.000000 0.000000 1.000000 0.000000 0.000000
19.000000 183.722785 0.910720 0.779302 0.651547 0.000000 0.000000 0.000000 1.000000 0.000000 0.000000
19.000000 183.725377 0.716514 0.803312 0.619648 0.000000 0.000000 0.000000 1.000000 0.000000 0.000000
19.000000 183.729542 0.814168 0.771022 0.637151 0.000000 0.000000 0.000000 1.000000 0.000000 0.000000
19.000000 183.732656 0.861298 0.781019 0.657702 0.000000 0.000000 0.000000 1.000000 0.000000 0.000000
19.000000 183.735228 0.709002 0.799042 0.630987 0.000000 0.000000 0.000000 1.000000 0.000000 0.000000
19.000000 183.739454 0.787330 0.772923 0.647407 0.000000 0.000000 0.000000 1.000000 0.000000 0.000000
19.000000 183.742763 0.834960 0.783547 0.672844 0.000000 0.000000 0.000000 1.000000 0.000000 0.000000
19.000000 183.745376 0.638279 0.807750 0.641917 0.000000 0.000000 0.000000 1.000000 0.000000 0.000000
19.000000 183.750211 0.739251 0.774584 0.668638 0.000000 0.000000 0.000000 1.000000 0.000000 0.000000
19.000000 183.752781 0.807970 0.789531 0.692078 0.000000 0.000000 0.000000 1.000000 0.000000 0.000000
19.000000 183.755245 0.596351 0.815647 0.655075 0.000000 0.000000 0.000000 1.000000 0.000000 0.000000
19.000000 183.759511 0.684464 0.786592 0.674417 0.000000 0.000000 0.000000 1.000000 0.000000 0.000000
19.000000 183.762802 0.724369 0.795246 0.692988 0.000000 0.000000 0.000000 1.000000 0.000000 0.000000
19.000000 183.765358 0.592453 0.811386 0.667051 0.000000 0.000000 0.000000 1.000000 0.000000 0.000000
19.000000 183.769595 0.629809 0.798898 0.674111 0.000000 0.000000 0.000000 1.000000 0.000000 0.000000
19.000000 183.772860 0.643921 0.801973 0.691187 0.000000 0.000000 0.000000 1.000000 0.000000 0.000000
19.000000 183.775349 0.560440 0.811962 0.676504 0.000000 0.000000 0.000000 1.000000 0.000000 0.000000
19.000000 183.779530 0.643711 0.784431 0.689124 0.000000 0.000000 0.000000 1.000000 0.000000 0.000000
19.000000 183.782786 0.695003 0.795350 0.709104 0.000000 0.000000 0.000000 1.000000 0.000000 0.000000
19.000000 183.785426 0.583658 0.808778 0.687775 0.000000 0.000000 0.000000 1.000000 0.000000 0.000000
19.000000 183.789755 0.631738 0.792747 0.697121 0.000000 0.000000 0.000000 1.000000 0.000000 0.000000
19.000000 183.792857 0.652965 0.797369 0.717725 0.000000 0.000000 0.000000 1.000000 0.000000 0.000000
19.000000 183.795321 0.484908 0.817640 0.689158 0.000000 0.000000 0.000000 1.000000 0.000000 0.000000
19.000000 183.799483 0.581119 0.785816 0.701476 0.000000 0.000000 0.000000 1.000000 0.000000 0.000000
19.000000 183.802779 0.677477 0.806140 0.731655 0.000000 0.000000 0.000000 1.000000 0.000000 0.000000
19.000000 183.805393 0.383980 0.841790 0.683530 0.000000 0.000000 0.000000 1.000000 0.000000 0.000000
19.000000 183.809722 0.529127 0.793820 0.698717 0.000000 0.000000 0.000000 1.000000 0.000000 0.000000
19.000000 183.812716 0.581301 0.804889 0.722194 0.000000 0.000000 0.000000 1.000000 0.000000 0.000000
19.000000 183.815302 0.425586 0.823725 0.694526 0.000000 0.000000 0.000000 1.000000 0.000000 0.000000
19.000000 183.819510 0.505540 0.797278 0.702057 0.000000 0.000000 0.000000 1.000000 0.000000 0.000000
19.000000 183.822904 0.552424 0.807069 0.724233 0.000000 0.000000 0.000000 1.000000 0.000000 0.000000
19.000000 183.825451 0.380751 0.827675 0.697895 0.000000 0.000000 0.000000 1.000000 0.000000 0.000000
19.000000 183.829589 0.425747 0.812695 0.703812 0.000000 0.000000 0.000000 1.000000 0.000000 0.000000
19.000000 183.832792 0.446553 0.817143 0.720412 0.000000 0.000000 0.000000 1.000000 0.000000 0.000000
19.000000 183.835312 0.407667 0.821646 0.702428 0.000000 0.000000 0.000000 1.000000 0.000000 0.000000
19.000000 183.839576 0.460832 0.803922 0.712089 0.000000 0.000000 0.000000 1.000000 0.000000 0.000000
19.000000 183.842971 0.494668 0.811252 0.732706 0.000000 0.000000 0.000000 1.000000 0.000000 0.000000
19.000000 183.845436 0.272322 0.838520 0.691310 0.000000 0.000000 0.000000 1.000000 0.000000 0.000000
19.000000 183.849639 0.388892 0.800350 0.710077 0.000000 0.000000 0.000000 1.000000 0.000000 0.000000
19.000000 183.852850 0.444500 0.812112 0.729486 0.000000 0.000000 0.000000 1.000000 0.000000 0.000000
19.000000 183.855349 0.261137 0.834625 0.692507 0.000000 0.000000 0.000000 1.000000 0.000000 0.000000
19.000000 183.859506 0.314714 0.816987 0.701594 0.000000 0.000000 0.000000 1.000000 0.000000 0.000000
19.000000 183.862799 0.337217 0.821762 0.716902 0.000000 0.000000 0.000000 1.000000 0.000000 0.000000
19.000000 183.865446 0.268035 0.830231 0.699380 0.000000 0.000000 0.000000 1.000000 0.000000 0.000000
19.000000 183.869666 0.350754 0.803150 0.709216 0.000000 0.000000 0.000000 1.000000 0.000000 0.000000
19.000000 183.872888 0.400144 0.813458 0.725583 0.000000 0.000000 0.000000 1.000000 0.000000 0.000000
19.000000 183.875344 0.218847 0.835539 0.692477 0.000000 0.000000 0.000000 1.000000 0.000000 0.000000
19.000000 183.879501 0.279778 0.815503 0.697139 0.000000 0.000000 0.000000 1.000000 0.000000 0.000000
19.000000 183.882849 0.312518 0.822315 0.713888 0.000000 0.000000 0.000000 1.000000 0.000000 0.000000
19.000000 183.885404 0.183816 0.837936 0.691320 0.000000 0.000000 0.000000 1.000000 0.000000 0.000000
19.000000 183.889581 0.259227 0.813281 0.704075 0.000000 0.000000 0.000000 1.000000 0.000000 0.000000
19.000000 183.892749 0.305822 0.823018 0.718638 0.000000 0.000000 0.000000 1.000000 0.000000 0.000000
19.000000 183.895413 0.145202 0.842783 0.686484 0.000000 0.000000 0.000000 1.000000 0.000000 0.000000
19.000000 183.899510 0.222539 0.817554 0.698329 0.000000 0.000000 0.000000 1.000000 0.000000 0.000000
19.000000 183.902881 0.260132 0.825376 0.711345 0.000000 0.000000 0.000000 1.000000 0.000000 0.000000
19.000000 183.905463 0.140555 0.840069 0.682805 0.000000 0.000000 0.000000 1.000000 0.000000 0.000000
19.000000 183.909596 0.184452 0.825673 0.682760 0.000000 0.000000 0.000000 1.000000 0.000000 0.000000
19.000000 183.912833 0.208855 0.830705 0.695654 0.000000 0.000000 0.000000 1.000000 0.000000 0.000000
19.000000 183.915318 0.092168 0.844951 0.668187 0.000000 0.000000 0.000000 1.000000 0.000000 0.000000
19.000000 183.919698 0.113115 0.837943 0.671298 0.000000 0.000000 0.000000 1.000000 0.000000 0.000000
19.000000 183.922996 0.123411 0.840127 0.688198 0.000000 0.000000 0.000000 1.000000 0.000000 0.000000
19.000000 183.925703 0.064607 0.847464 0.666363 0.000000 0.000000 0.000000 1.000000 0.000000 0.000000
19.000000 183.929585 0.122434 0.828598 0.668967 0.000000 0.000000 0.000000 1.000000 0.000000 0.000000
19.000000 183.932871 0.164893 0.837342 0.685059 0.000000 0.000000 0.000000 1.000000 0.000000 0.000000
19.000000 183.935616 0.018332 0.855589 0.645111 0.000000 0.000000 0.000000 1.000000 0.000000 0.000000
19.000000 183.939526 0.087886 0.832944 0.653496 0.000000 0.000000 0.000000 1.000000 0.000000 0.000000
19.000000 183.942887 0.127226 0.841087 0.679338 0.000000 0.000000 0.000000 1.000000 0.000000 0.000000
19.000000 183.945523 -0.020828 0.859416 0.645376 0.000000 0.000000 0.000000 1.000000 0.000000 0.000000
19.000000 183.949603 0.061773 0.832600 0.659565 0.000000 0.000000 0.000000 1.000000 0.000000 0.000000
19.000000 183.952822 0.078073 0.835989 0.677590 0.000000 0.000000 0.000000 1.000000 0.000000 0.000000
19.000000 183.955421 0.006967 0.845075 0.645743 0.000000 0.000000 0.000000 1.000000 0.000000 0.000000
19.000000 183.959520 0.019028 0.841021 0.638270 0.000000 0.000000 0.000000 1.000000 0.000000 0.000000
19.000000 183.962903 0.015959 0.840418 0.651314 0.000000 0.000000 0.000000 1.000000 0.000000 0.000000
19.000000 183.965796 -0.071267 0.851426 0.622887 0.000000 0.000000 0.000000 1.000000 0.000000 0.000000
19.000000 183.969582 -0.065281 0.849519 0.613645 0.000000 0.000000 0.000000 1.000000 0.000000 0.000000
19.000000 183.972762 -0.065433 0.849486 0.625248 0.000000 0.000000 0.000000 1.000000 0.000000 0.000000
19.000000 183.975511 -0.099260 0.853816 0.609709 0.000000 0.000000 0.000000 1.000000 0.000000 0.000000
19.000000 183.979531 -0.040115 0.834799 0.609082 0.000000 0.000000 0.000000 1.000000 0.000000 0.000000
19.000000 183.982867 -0.012929 0.840341 0.623298 0.000000 0.000000 0.000000 1.000000 0.000000 0.000000
19.000000 183.985479 -0.110006 0.852609 0.594540 0.000000 0.000000 0.000000 1.000000 0.000000 0.000000
19.000000 183.989604 -0.080394 0.843105 0.594893 0.000000 0.000000 0.000000 1.000000 0.000000 0.000000
19.000000 183.993034 -0.082648 0.842623 0.610602 0.000000 0.000000 0.000000 1.000000 0.000000 0.000000
19.000000 183.995317 -0.116436 0.847039 0.592383 0.000000 0.000000 0.000000 1.000000 0.000000 0.000000
19.000000 183.999570 -0.108852 0.844533 0.593069 0.000000 0.000000 0.000000 1.000000 0.000000 0.000000
19.000000 184.003032 -0.137937 0.838647 0.596430 0.000000 0.000000 0.000000 1.000000 0.000000 0.000000
19.000000 184.005443 -0.119044 0.837076 0.574768 0.000000 0.000000 0.000000 1.000000 0.000000 0.000000
19.000000 184.009609 -0.159080 0.849923 0.567875 0.000000 0.000000 0.000000 1.000000 0.000000 0.000000
19.000000 184.012889 -0.193667 0.842879 0.574972 0.000000 0.000000 0.000000 1.000000 0.000000 0.000000
19.000000 184.015286 -0.183027 0.842365 0.553529 0.000000 0.000000 0.000000 1.000000 0.000000 0.000000
19.000000 184.019544 -0.193038 0.845665 0.548778 0.000000 0.000000 0.000000 1.000000 0.000000 0.000000
19.000000 184.022948 -0.105567 0.863363 0.568388 0.000000 0.000000 0.000000 1.000000 0.000000 0.000000
19.000000 184.025432 -0.399503 0.899838 0.511036 0.000000 0.000000 0.000000 1.000000 0.000000 0.000000
19.000000 184.032888 -0.410517 0.903508 0.506522 0.000000 0.000000 0.000000 1.000000 0.000000 0.000000
19.000000 184.035354 -0.436117 0.908013 0.488971 0.000000 0.000000 0.000000 1.000000 0.000000 0.000000
19.000000 184.039538 -0.267827 0.854803 0.511431 0.000000 0.000000 0.000000 1.000000 0.000000 0.000000
19.000000 184.043082 -0.169828 0.874315 0.542092 0.000000 0.000000 0.000000 1.000000 0.000000 0.000000
19.000000 184.045639 -0.483801 0.914172 0.474017 0.000000 0.000000 0.000000 1.000000 0.000000 0.000000
19.000000 184.049629 -0.305191 0.857521 0.499487 0.000000 0.000000 0.000000 1.000000 0.000000 0.000000
19.000000 184.053055 -0.216390 0.875263 0.520334 0.000000 0.000000 0.000000 1.000000 0.000000 0.000000
19.000000 184.055554 -0.455290 0.905718 0.457645 0.000000 0.000000 0.000000 1.000000 0.000000 0.000000
19.000000 184.063152 -0.380105 0.882091 0.461476 0.000000 0.000000 0.000000 1.000000 0.000000 0.000000
19.000000 184.065597 -0.419863 0.887385 0.450710 0.000000 0.000000 0.000000 1.000000 0.000000 0.000000
19.000000 184.069643 -0.309535 0.852822 0.446191 0.000000 0.000000 0.000000 1.000000 0.000000 0.000000
19.000000 184.072935 -0.269704 0.860876 0.459309 0.000000 0.000000 0.000000 1.000000 0.000000 0.000000
19.000000 184.075520 -0.447735 0.883277 0.427347 0.000000 0.000000 0.000000 1.000000 0.000000 0.000000
19.000000 184.083090 -0.434147 0.879617 0.419322 0.000000 0.000000 0.000000 1.000000 0.000000 0.000000
19.000000 184.085568 -0.460831 0.883094 0.412420 0.000000 0.000000 0.000000 1.000000 0.000000 0.000000
19.000000 184.092863 -0.475575 0.888259 0.397772 0.000000 0.000000 0.000000 1.000000 0.000000 0.000000
19.000000 184.095510 -0.553676 0.898951 0.368612 0.000000 0.000000 0.000000 1.000000 0.000000 0.000000
19.000000 184.103001 -0.509777 0.885691 0.365112 0.000000 0.000000 0.000000 1.000000 0.000000 0.000000
19.000000 184.105664 -0.555902 0.892617 0.346225 0.000000 0.000000 0.000000 1.000000 0.000000 0.000000
19.000000 184.112940 -0.528420 0.884858 0.338883 0.000000 0.000000 0.000000 1.000000 0.000000 0.000000
19.000000 184.115647 -0.585370 0.893123 0.319260 0.000000 0.000000 0.000000 1.000000 0.000000 0.000000
19.000000 184.122880 -0.619871 0.905557 0.293373 0.000000 0.000000 0.000000 1.000000 0.000000 0.000000
19.000000 184.125504 -0.680580 0.913457 0.273712 0.000000 0.000000 0.000000 1.000000 0.000000 0.000000
19.000000 184.132884 -0.675498 0.912308 0.264356 0.000000 0.000000 0.000000 1.000000 0.000000 0.000000
19.000000 184.135463 -0.711958 0.916852 0.254992 0.000000 0.000000 0.000000 1.000000 0.000000 0.000000
19.000000 184.142962 -0.636128 0.892858 0.262068 0.000000 0.000000 0.000000 1.000000 0.000000 0.000000
19.000000 184.145604 -0.697154 0.902110 0.233658 0.000000 0.000000 0.000000 1.000000 0.000000 0.000000
19.000000 184.152907 -0.695822 0.902794 0.224064 0.000000 0.000000 0.000000 1.000000 0.000000 0.000000
19.000000 184.155665 -0.745782 0.910909 0.203366 0.000000 0.000000 0.000000 1.000000 0.000000 0.000000
19.000000 184.162968 -0.733878 0.908862 0.191793 0.000000 0.000000 0.000000 1.000000 0.000000 0.000000
19.000000 184.165772 -0.813519 0.921323 0.163890 0.000000 0.000000 0.000000 1.000000 0.000000 0.000000
19.000000 184.173108 -0.775174 0.911229 0.156490 0.000000 0.000000 0.000000 1.000000 0.000000 0.000000
19.000000 184.175680 -0.860064 0.923475 0.133414 0.000000 0.000000 0.000000 1.000000 0.000000 0.000000
19.000000 184.183044 -0.802688 0.907653 0.123708 0.000000 0.000000 0.000000 1.000000 0.000000 0.000000
19.000000 184.187020 -0.844124 0.914873 0.101630 0.000000 0.000000 0.000000 1.000000 0.000000 0.000000
19.000000 184.192939 -0.848354 0.918022 0.086989 0.000000 0.000000 0.000000 1.000000 0.000000 0.000000
19.000000 184.195624 -0.951960 0.932352 0.059239 0.000000 0.000000 0.000000 1.000000 0.000000 0.000000
19.000000 184.203087 -0.938410 0.930043 0.042060 0.000000 0.000000 0.000000 1.000000 0.000000 0.000000
19.000000 184.205657 -0.916084 0.929596 0.025232 0.000000 0.000000 0.000000 1.000000 0.000000 0.000000
19.000000 184.213044 -0.870661 0.917124 0.015237 0.000000 0.000000 0.000000 1.000000 0.000000 0.000000
19.000000 184.215442 -0.991104 0.933551 -0.018219 0.000000 0.000000 0.000000 1.000000 0.000000 0.000000
19.000000 184.222909 -0.984693 0.932953 -0.028347 0.000000 0.000000 0.000000 1.000000 0.000000 0.000000
19.000000 184.225533 -1.010833 0.936071 -0.031777 0.000000 0.000000 0.000000 1.000000 0.000000 0.000000
19.000000 184.232875 -0.973273 0.922277 -0.012121 0.000000 0.000000 0.000000 1.000000 0.000000 0.000000
19.000000 184.235568 -0.908364 0.912164 0.013333 0.000000 0.000000 0.000000 1.000000 0.000000 0.000000
19.000000 184.243026 -0.939015 0.918781 0.029211 0.000000 0.000000 0.000000 1.000000 0.000000 0.000000
19.000000 184.245695 -1.022822 0.925856 0.033203 0.000000 0.000000 0.000000 1.000000 0.000000 0.000000
19.000000 184.252918 -1.049408 0.931200 0.046299 0.000000 0.000000 0.000000 1.000000 0.000000 0.000000
19.000000 184.255528 -1.044759 0.927712 0.060715 0.000000 0.000000 0.000000 1.000000 0.000000 0.000000
19.000000 184.263134 -1.066158 0.931809 0.071213 0.000000 0.000000 0.000000 1.000000 0.000000 0.000000
19.000000 184.265643 -1.103302 0.933399 0.079114 0.000000 0.000000 0.000000 1.000000 0.000000 0.000000
19.000000 184.273113 -1.099569 0.928959 0.095208 0.000000 0.000000 0.000000 1.000000 0.000000 0.000000
19.000000 184.275540 -1.136622 0.929478 0.107309 0.000000 0.000000 0.000000 1.000000 0.000000 0.000000
19.000000 184.283186 -1.268626 0.968803 0.100068 0.000000 0.000000 0.000000 1.000000 0.000000 0.000000
19.000000 184.295457 -1.226077 0.944904 0.148146 0.000000 0.000000 0.000000 1.000000 0.000000 0.000000
19.000000 184.303346 -1.193227 0.931988 0.166235 0.000000 0.000000 0.000000 1.000000 0.000000 0.000000
19.000000 184.305539 -1.213152 0.931410 0.177262 0.000000 0.000000 0.000000 1.000000 0.000000 0.000000
19.000000 184.312985 -1.202269 0.926345 0.188091 0.000000 0.000000 0.000000 1.000000 0.000000 0.000000
19.000000 184.315536 -1.217050 0.925678 0.199640 0.000000 0.000000 0.000000 1.000000 0.000000 0.000000
19.000000 184.323033 -1.236068 0.928242 0.215458 0.000000 0.000000 0.000000 1.000000 0.000000 0.000000
19.000000 184.325657 -1.297628 0.933112 0.217331 0.000000 0.000000 0.000000 1.000000 0.000000 0.000000
19.000000 184.333073 -1.167316 0.890979 0.242233 0.000000 0.000000 0.000000 1.000000 0.000000 0.000000
19.000000 184.335541 -1.127498 0.886160 0.248020 0.000000 0.000000 0.000000 1.000000 0.000000 0.000000
19.000000 184.343186 -1.277171 0.930767 0.235646 0.000000 0.000000 0.000000 1.000000 0.000000 0.000000
19.000000 184.345661 -1.351745 0.934982 0.244529 0.000000 0.000000 0.000000 1.000000 0.000000 0.000000
19.000000 184.353058 -1.380993 0.941832 0.252257 0.000000 0.000000 0.000000 1.000000 0.000000 0.000000
19.000000 184.355515 -1.351066 0.935510 0.269504 0.000000 0.000000 0.000000 1.000000 0.000000 0.000000
19.000000 184.363291 -1.409232 0.953177 0.264790 0.000000 0.000000 0.000000 1.000000 0.000000 0.000000
19.000000 184.365664 -1.496664 0.962415 0.261456 0.000000 0.000000 0.000000 1.000000 0.000000 0.000000
19.000000 184.373189 -1.497407 0.960898 0.273368 0.000000 0.000000 0.000000 1.000000 0.000000 0.000000
19.000000 184.375626 -1.478075 0.956514 0.289330 0.000000 0.000000 0.000000 1.000000 0.000000 0.000000
19.000000 184.383134 -1.475113 0.954281 0.299793 0.000000 0.000000 0.000000 1.000000 0.000000 0.000000
19.000000 184.385671 -1.515810 0.959745 0.291281 0.000000 0.000000 0.000000 1.000000 0.000000 0.000000
19.000000 184.393167 -1.360671 0.910834 0.315178 0.000000 0.000000 0.000000 1.000000 0.000000 0.000000
19.000000 184.395686 -1.393987 0.911641 0.330624 0.000000 0.000000 0.000000 1.000000 0.000000 0.000000
19.000000 184.403281 -1.355434 0.897692 0.351208 0.000000 0.000000 0.000000 1.000000 0.000000 0.000000
19.000000 184.405667 -1.408674 0.903333 0.347462 0.000000 0.000000 0.000000 1.000000 0.000000 0.000000
19.000000 184.413099 -1.510077 0.933302 0.341846 0.000000 0.000000 0.000000 1.000000 0.000000 0.000000
19.000000 184.415621 -1.545905 0.935897 0.344876 0.000000 0.000000 0.000000 1.000000 0.000000 0.000000
19.000000 184.423278 -1.560644 0.938679 0.351976 0.000000 0.000000 0.000000 1.000000 0.000000 0.000000
19.000000 184.425651 -1.591453 0.940375 0.356824 0.000000 0.000000 0.000000 1.000000 0.000000 0.000000
19.000000 184.433366 -1.628788 0.950752 0.358222 0.000000 0.000000 0.000000 1.000000 0.000000 0.000000
19.000000 184.435615 -1.614371 0.946596 0.373840 0.000000 0.000000 0.000000 1.000000 0.000000 0.000000
19.000000 184.443056 -1.600893 0.941784 0.380510 0.000000 0.000000 0.000000 1.000000 0.000000 0.000000
19.000000 184.445665 -1.668110 0.950510 0.367467 0.000000 0.000000 0.000000 1.000000 0.000000 0.000000
19.000000 184.453025 -1.558861 0.916289 0.383979 0.000000 0.000000 0.000000 1.000000 0.000000 0.000000
19.000000 184.455559 -1.562660 0.915501 0.389903 0.000000 0.000000 0.000000 1.000000 0.000000 0.000000
19.000000 184.463340 -1.587560 0.922531 0.390700 0.000000 0.000000 0.000000 1.000000 0.000000 0.000000
19.000000 184.465594 -1.669600 0.931171 0.385855 0.000000 0.000000 0.000000 1.000000 0.000000 0.000000
19.000000 184.473150 -1.696958 0.937939 0.391977 0.000000 0.000000 0.000000 1.000000 0.000000 0.000000
19.000000 184.475529 -1.726684 0.941524 0.387750 0.000000 0.000000 0.000000 1.000000 0.000000 0.000000
19.000000 184.483129 -1.742908 0.945686 0.389392 0.000000 0.000000 0.000000 1.000000 0.000000 0.000000
19.000000 184.485570 -1.781083 0.948888 0.389797 0.000000 0.000000 0.000000 1.000000 0.000000 0.000000
19.000000 184.493147 -1.721342 0.930291 0.398407 0.000000 0.000000 0.000000 1.000000 0.000000 0.000000
19.000000 184.495621 -1.768303 0.935439 0.393976 0.000000 0.000000 0.000000 1.000000 0.000000 0.000000
19.000000 184.503252 -1.777699 0.939191 0.387907 0.000000 0.000000 0.000000 1.000000 0.000000 0.000000
19.000000 184.505620 -1.801861 0.942070 0.384556 0.000000 0.000000 0.000000 1.000000 0.000000 0.000000
19.000000 184.513085 -1.868910 0.961356 0.383158 0.000000 0.000000 0.000000 1.000000 0.000000 0.000000
19.000000 184.515655 -1.918533 0.966561 0.379644 0.000000 0.000000 0.000000 1.000000 0.000000 0.000000
19.000000 184.523115 -1.748695 0.914660 0.399832 0.000000 0.000000 0.000000 1.000000 0.000000 0.000000
19.000000 184.525659 -1.793446 0.919528 0.395930 0.000000 0.000000 0.000000 1.000000 0.000000 0.000000
19.000000 184.533199 -1.849772 0.936667 0.389609 0.000000 0.000000 0.000000 1.000000 0.000000 0.000000
19.000000 184.535623 -1.888548 0.941013 0.385662 0.000000 0.000000 0.000000 1.000000 0.000000 0.000000
19.000000 184.543211 -1.825713 0.920815 0.398707 0.000000 0.000000 0.000000 1.000000 0.000000 0.000000
19.000000 184.545659 -1.844537 0.922613 0.398130 0.000000 0.000000 0.000000 1.000000 0.000000 0.000000
19.000000 184.553117 -1.826698 0.917617 0.397775 0.000000 0.000000 0.000000 1.000000 0.000000 0.000000
19.000000 184.555583 -1.879381 0.924323 0.388113 0.000000 0.000000 0.000000 1.000000 0.000000 0.000000
19.000000 184.563175 -2.147086 1.005362 0.358776 0.000000 0.000000 0.000000 1.000000 0.000000 0.000000
19.000000 184.565620 -2.197344 1.011109 0.353063 0.000000 0.000000 0.000000 1.000000 0.000000 0.000000
19.000000 184.573134 -1.858589 0.908023 0.393319 0.000000 0.000000 0.000000 1.000000 0.000000 0.000000
19.000000 184.575695 -1.909485 0.913628 0.388191 0.000000 0.000000 0.000000 1.000000 0.000000 0.000000
19.000000 184.583221 -1.868767 0.902286 0.386627 0.000000 0.000000 0.000000 1.000000 0.000000 0.000000
19.000000 184.585686 -1.919297 0.909165 0.374224 0.000000 0.000000 0.000000 1.000000 0.000000 0.000000
19.000000 184.593112 -2.068390 0.955072 0.352994 0.000000 0.000000 0.000000 1.000000 0.000000 0.000000
19.000000 184.595631 -2.104630 0.959360 0.348005 0.000000 0.000000 0.000000 1.000000 0.000000 0.000000
19.000000 184.603353 -2.178977 0.981576 0.341279 0.000000 0.000000 0.000000 1.000000 0.000000 0.000000
19.000000 184.605692 -2.224559 0.987568 0.332231 0.000000 0.000000 0.000000 1.000000 0.000000 0.000000
19.000000 184.613219 -1.875583 0.882431 0.369610 0.000000 0.000000 0.000000 1.000000 0.000000 0.000000
19.000000 184.615709 -1.969143 0.893019 0.358699 0.000000 0.000000 0.000000 1.000000 0.000000 0.000000
19.000000 184.623204 -2.192891 0.960260 0.335403 0.000000 0.000000 0.000000 1.000000 0.000000 0.000000
19.000000 184.625714 -2.244280 0.968380 0.319353 0.000000 0.000000 0.000000 1.000000 0.000000 0.000000
19.000000 184.633219 -2.063471 0.915911 0.329769 0.000000 0.000000 0.000000 1.000000 0.000000 0.000000
19.000000 184.635645 -2.049065 0.913970 0.333330 0.000000 0.000000 0.000000 1.000000 0.000000 0.000000
19.000000 184.643260 -2.211534 0.963286 0.313275 0.000000 0.000000 0.000000 1.000000 0.000000 0.000000
19.000000 184.645608 -2.259751 0.970528 0.298461 0.000000 0.000000 0.000000 1.000000 0.000000 0.000000
19.000000 184.653191 -2.032102 0.903050 0.317519 0.000000 0.000000 0.000000 1.000000 0.000000 0.000000
19.000000 184.655675 -2.143091 0.917564 0.293547 0.000000 0.000000 0.000000 1.000000 0.000000 0.000000
19.000000 184.663243 -2.209187 0.938997 0.277006 0.000000 0.000000 0.000000 1.000000 0.000000 0.000000
19.000000 184.665723 -2.250932 0.944675 0.266580 0.000000 0.000000 0.000000 1.000000 0.000000 0.000000
19.000000 184.673175 -2.330130 0.969006 0.254500 0.000000 0.000000 0.000000 1.000000 0.000000 0.000000
19.000000 184.675645 -2.416504 0.980137 0.237418 0.000000 0.000000 0.000000 1.000000 0.000000 0.000000
19.000000 184.683255 -2.166809 0.905503 0.264220 0.000000 0.000000 0.000000 1.000000 0.000000 0.000000
19.000000 184.685697 -2.191921 0.908837 0.258454 0.000000 0.000000 0.000000 1.000000 0.000000 0.000000
19.000000 184.693253 -2.207361 0.914755 0.248151 0.000000 0.000000 0.000000 1.000000 0.000000 0.000000
19.000000 184.695653 -2.257857 0.923029 0.227670 0.000000 0.000000 0.000000 1.000000 0.000000 0.000000
19.000000 184.703291 -2.403222 0.967837 0.204615 0.000000 0.000000 0.000000 1.000000 0.000000 0.000000
19.000000 184.705961 -2.470765 0.977098 0.188966 0.000000 0.000000 0.000000 1.000000 0.000000 0.000000
19.000000 184.713107 -2.452914 0.973618 0.181197 0.000000 0.000000 0.000000 1.000000 0.000000 0.000000
19.000000 184.715890 -2.507844 0.981266 0.167069 0.000000 0.000000 0.000000 1.000000 0.000000 0.000000
19.000000 184.723243 -2.481453 0.975088 0.159455 0.000000 0.000000 0.000000 1.000000 0.000000 0.000000
19.000000 184.725739 -2.542977 0.983633 0.142496 0.000000 0.000000 0.000000 1.000000 0.000000 0.000000
19.000000 184.733270 -2.380724 0.935661 0.157725 0.000000 0.000000 0.000000 1.000000 0.000000 0.000000
19.000000 184.735656 -2.500086 0.952740 0.125258 0.000000 0.000000 0.000000 1.000000 0.000000 0.000000
19.000000 184.743221 -2.565741 0.974661 0.106447 0.000000 0.000000 0.000000 1.000000 0.000000 0.000000
19.000000 184.745925 -2.598747 0.979508 0.096861 0.000000 0.000000 0.000000 1.000000 0.000000 0.000000
19.000000 184.753221 -2.434513 0.931027 0.113577 0.000000 0.000000 0.000000 1.000000 0.000000 0.000000
19.000000 184.755899 -2.509456 0.942065 0.092435 0.000000 0.000000 0.000000 1.000000 0.000000 0.000000
19.000000 184.763162 -2.384080 0.907842 0.090189 0.000000 0.000000 0.000000 1.000000 0.000000 0.000000
19.000000 184.765655 -2.438786 0.915499 0.073736 0.000000 0.000000 0.000000 1.000000 0.000000 0.000000
19.000000 184.773252 -2.627387 0.973555 0.038972 0.000000 0.000000 0.000000 1.000000 0.000000 0.000000
19.000000 184.775825 -2.648423 0.977969 0.023621 0.000000 0.000000 0.000000 1.000000 0.000000 0.000000
19.000000 184.783227 -2.618881 0.970300 0.020363 0.000000 0.000000 0.000000 1.000000 0.000000 0.000000
19.000000 184.785837 -2.690219 0.981084 -0.002743 0.000000 0.000000 0.000000 1.000000 0.000000 0.000000
