30.000000 266.518900 23.652321 -0.122341 0.162002 0.000000 0.000000 0.000000 1.000000 0.000000 0.000000
30.000000 266.523673 23.525445 -0.120815 0.213854 0.000000 0.000000 0.000000 1.000000 0.000000 0.000000
30.000000 266.529952 23.285959 -0.191260 0.345317 0.000000 0.000000 0.000000 1.000000 0.000000 0.000000
30.000000 266.533796 23.294248 -0.193426 0.340899 0.000000 0.000000 0.000000 1.000000 0.000000 0.000000
30.000000 266.538722 23.137051 -0.239475 0.375619 0.000000 0.000000 0.000000 1.000000 0.000000 0.000000
30.000000 266.539853 23.217457 -0.240174 0.417810 0.000000 0.000000 0.000000 1.000000 0.000000 0.000000
30.000000 266.543679 23.088534 -0.207826 0.457293 0.000000 0.000000 0.000000 1.000000 0.000000 0.000000
30.000000 266.548563 22.967719 -0.243449 0.488993 0.000000 0.000000 0.000000 1.000000 0.000000 0.000000
30.000000 266.549974 23.103356 -0.244312 0.506993 0.000000 0.000000 0.000000 1.000000 0.000000 0.000000
30.000000 266.553762 22.969866 -0.210639 0.531224 0.000000 0.000000 0.000000 1.000000 0.000000 0.000000
30.000000 266.558707 22.828546 -0.252449 0.568543 0.000000 0.000000 0.000000 1.000000 0.000000 0.000000
30.000000 266.559879 23.006401 -0.253696 0.590423 0.000000 0.000000 0.000000 1.000000 0.000000 0.000000
30.000000 266.563701 22.867278 -0.218595 0.613891 0.000000 0.000000 0.000000 1.000000 0.000000 0.000000
30.000000 266.568589 22.722380 -0.261449 0.663180 0.000000 0.000000 0.000000 1.000000 0.000000 0.000000
30.000000 266.570059 22.874281 -0.261699 0.688790 0.000000 0.000000 0.000000 1.000000 0.000000 0.000000
30.000000 266.573747 22.673464 -0.210129 0.714527 0.000000 0.000000 0.000000 1.000000 0.000000 0.000000
30.000000 266.578817 22.487334 -0.265922 0.771943 0.000000 0.000000 0.000000 1.000000 0.000000 0.000000
30.000000 266.579907 22.791027 -0.267446 0.756009 0.000000 0.000000 0.000000 1.000000 0.000000 0.000000
30.000000 266.583737 22.576735 -0.211861 0.783017 0.000000 0.000000 0.000000 1.000000 0.000000 0.000000
30.000000 266.588631 22.319518 -0.289471 0.859305 0.000000 0.000000 0.000000 1.000000 0.000000 0.000000
30.000000 266.589947 22.764197 -0.292958 0.834872 0.000000 0.000000 0.000000 1.000000 0.000000 0.000000
30.000000 266.593749 22.451890 -0.212077 0.872989 0.000000 0.000000 0.000000 1.000000 0.000000 0.000000
30.000000 266.596254 22.114639 -0.288356 0.939070 0.000000 0.000000 0.000000 1.000000 0.000000 0.000000
30.000000 266.598868 22.103624 -0.259373 0.963492 0.000000 0.000000 0.000000 1.000000 0.000000 0.000000
30.000000 266.599902 22.527906 -0.263496 0.919332 0.000000 0.000000 0.000000 1.000000 0.000000 0.000000
30.000000 266.603696 22.325545 -0.210991 0.950675 0.000000 0.000000 0.000000 1.000000 0.000000 0.000000
30.000000 266.606565 22.024712 -0.284509 1.003004 0.000000 0.000000 0.000000 1.000000 0.000000 0.000000
30.000000 266.608757 22.027671 -0.262183 1.028466 0.000000 0.000000 0.000000 1.000000 0.000000 0.000000
30.000000 266.610010 22.360668 -0.259833 0.998235 0.000000 0.000000 0.000000 1.000000 0.000000 0.000000
30.000000 266.613945 22.215351 -0.222171 1.010872 0.000000 0.000000 0.000000 1.000000 0.000000 0.000000
30.000000 266.616405 21.913056 -0.290508 1.061013 0.000000 0.000000 0.000000 1.000000 0.000000 0.000000
30.000000 266.618755 21.917893 -0.257523 1.097679 0.000000 0.000000 0.000000 1.000000 0.000000 0.000000
30.000000 266.619909 22.177750 -0.249161 1.084479 0.000000 0.000000 0.000000 1.000000 0.000000 0.000000
30.000000 266.623793 22.076650 -0.222782 1.104419 0.000000 0.000000 0.000000 1.000000 0.000000 0.000000
30.000000 266.626287 21.822864 -0.288033 1.144886 0.000000 0.000000 0.000000 1.000000 0.000000 0.000000
30.000000 266.628687 21.837888 -0.269540 1.172790 0.000000 0.000000 0.000000 1.000000 0.000000 0.000000
30.000000 266.630006 22.005050 -0.260031 1.144014 0.000000 0.000000 0.000000 1.000000 0.000000 0.000000
30.000000 266.633809 21.901142 -0.231997 1.160008 0.000000 0.000000 0.000000 1.000000 0.000000 0.000000
30.000000 266.636183 21.705114 -0.283116 1.213512 0.000000 0.000000 0.000000 1.000000 0.000000 0.000000
30.000000 266.638694 21.748511 -0.280748 1.247567 0.000000 0.000000 0.000000 1.000000 0.000000 0.000000
30.000000 266.640049 22.008968 -0.276374 1.222324 0.000000 0.000000 0.000000 1.000000 0.000000 0.000000
30.000000 266.643761 21.818696 -0.225807 1.247120 0.000000 0.000000 0.000000 1.000000 0.000000 0.000000
30.000000 266.646279 21.612804 -0.282371 1.279518 0.000000 0.000000 0.000000 1.000000 0.000000 0.000000
30.000000 266.648571 21.653615 -0.281928 1.308885 0.000000 0.000000 0.000000 1.000000 0.000000 0.000000
30.000000 266.650152 21.908429 -0.278199 1.288612 0.000000 0.000000 0.000000 1.000000 0.000000 0.000000
30.000000 266.653849 21.708702 -0.224971 1.316839 0.000000 0.000000 0.000000 1.000000 0.000000 0.000000
30.000000 266.656253 21.493715 -0.285649 1.347413 0.000000 0.000000 0.000000 1.000000 0.000000 0.000000
30.000000 266.658706 21.520236 -0.280529 1.370030 0.000000 0.000000 0.000000 1.000000 0.000000 0.000000
30.000000 266.660053 21.793279 -0.276219 1.356551 0.000000 0.000000 0.000000 1.000000 0.000000 0.000000
30.000000 266.663765 21.632815 -0.233439 1.385095 0.000000 0.000000 0.000000 1.000000 0.000000 0.000000
30.000000 266.666284 21.412449 -0.294893 1.414871 0.000000 0.000000 0.000000 1.000000 0.000000 0.000000
30.000000 266.668753 21.425840 -0.282931 1.434694 0.000000 0.000000 0.000000 1.000000 0.000000 0.000000
30.000000 266.670029 21.631225 -0.276235 1.423893 0.000000 0.000000 0.000000 1.000000 0.000000 0.000000
30.000000 266.673869 21.474938 -0.234208 1.447362 0.000000 0.000000 0.000000 1.000000 0.000000 0.000000
30.000000 266.676256 21.286196 -0.289728 1.471254 0.000000 0.000000 0.000000 1.000000 0.000000 0.000000
30.000000 266.678827 21.325025 -0.283117 1.499111 0.000000 0.000000 0.000000 1.000000 0.000000 0.000000
30.000000 266.679939 21.437902 -0.270011 1.503498 0.000000 0.000000 0.000000 1.000000 0.000000 0.000000
30.000000 266.683804 21.333631 -0.241897 1.518502 0.000000 0.000000 0.000000 1.000000 0.000000 0.000000
30.000000 266.686271 21.176886 -0.288951 1.533992 0.000000 0.000000 0.000000 1.000000 0.000000 0.000000
30.000000 266.688783 21.221371 -0.285975 1.561276 0.000000 0.000000 0.000000 1.000000 0.000000 0.000000
30.000000 266.690044 21.362347 -0.273874 1.562183 0.000000 0.000000 0.000000 1.000000 0.000000 0.000000
30.000000 266.693884 21.225320 -0.236722 1.581623 0.000000 0.000000 0.000000 1.000000 0.000000 0.000000
30.000000 266.696220 21.073455 -0.285086 1.593738 0.000000 0.000000 0.000000 1.000000 0.000000 0.000000
30.000000 266.698738 21.134844 -0.293791 1.620250 0.000000 0.000000 0.000000 1.000000 0.000000 0.000000
30.000000 266.699974 21.308909 -0.286223 1.617683 0.000000 0.000000 0.000000 1.000000 0.000000 0.000000
30.000000 266.703795 21.132796 -0.238453 1.633452 0.000000 0.000000 0.000000 1.000000 0.000000 0.000000
30.000000 266.706327 20.952202 -0.291775 1.643785 0.000000 0.000000 0.000000 1.000000 0.000000 0.000000
30.000000 266.708855 21.023296 -0.291254 1.683612 0.000000 0.000000 0.000000 1.000000 0.000000 0.000000
30.000000 266.710041 21.113797 -0.275436 1.693972 0.000000 0.000000 0.000000 1.000000 0.000000 0.000000
30.000000 266.713890 20.999322 -0.244381 1.697340 0.000000 0.000000 0.000000 1.000000 0.000000 0.000000
30.000000 266.716300 20.840383 -0.291618 1.700559 0.000000 0.000000 0.000000 1.000000 0.000000 0.000000
30.000000 266.718938 20.919559 -0.292348 1.742457 0.000000 0.000000 0.000000 1.000000 0.000000 0.000000
30.000000 266.719895 20.973076 -0.274865 1.757888 0.000000 0.000000 0.000000 1.000000 0.000000 0.000000
30.000000 266.723751 20.877715 -0.248713 1.771715 0.000000 0.000000 0.000000 1.000000 0.000000 0.000000
30.000000 266.726342 20.755429 -0.292119 1.773006 0.000000 0.000000 0.000000 1.000000 0.000000 0.000000
30.000000 266.728426 20.594050 -0.252861 1.754332 0.000000 0.000000 0.000000 1.000000 0.000000 0.000000
30.000000 266.728698 20.590075 -0.262284 1.812671 0.000000 0.000000 0.000000 1.000000 0.000000 0.000000
30.000000 266.730030 20.851962 -0.277150 1.809225 0.000000 0.000000 0.000000 1.000000 0.000000 0.000000
30.000000 266.733896 20.755427 -0.250296 1.823886 0.000000 0.000000 0.000000 1.000000 0.000000 0.000000
30.000000 266.736297 20.642015 -0.293116 1.830291 0.000000 0.000000 0.000000 1.000000 0.000000 0.000000
30.000000 266.738379 20.498857 -0.261543 1.815779 0.000000 0.000000 0.000000 1.000000 0.000000 0.000000
30.000000 266.738745 20.487412 -0.275056 1.869309 0.000000 0.000000 0.000000 1.000000 0.000000 0.000000
30.000000 266.739985 20.782073 -0.288852 1.870283 0.000000 0.000000 0.000000 1.000000 0.000000 0.000000
30.000000 266.743787 20.654479 -0.253494 1.889072 0.000000 0.000000 0.000000 1.000000 0.000000 0.000000
30.000000 266.746258 20.548219 -0.293986 1.884670 0.000000 0.000000 0.000000 1.000000 0.000000 0.000000
30.000000 266.748417 20.385293 -0.257209 1.866170 0.000000 0.000000 0.000000 1.000000 0.000000 0.000000
30.000000 266.748577 20.347139 -0.288401 1.906884 0.000000 0.000000 0.000000 1.000000 0.000000 0.000000
30.000000 266.750216 20.693255 -0.300211 1.909901 0.000000 0.000000 0.000000 1.000000 0.000000 0.000000
30.000000 266.753921 20.534676 -0.256093 1.949166 0.000000 0.000000 0.000000 1.000000 0.000000 0.000000
30.000000 266.756320 20.438687 -0.295695 1.944342 0.000000 0.000000 0.000000 1.000000 0.000000 0.000000
30.000000 266.758345 20.288992 -0.265265 1.927540 0.000000 0.000000 0.000000 1.000000 0.000000 0.000000
30.000000 266.758689 20.281250 -0.274477 1.980906 0.000000 0.000000 0.000000 1.000000 0.000000 0.000000
30.000000 266.760101 20.522222 -0.286401 1.987073 0.000000 0.000000 0.000000 1.000000 0.000000 0.000000
30.000000 266.763844 20.421887 -0.258444 1.999736 0.000000 0.000000 0.000000 1.000000 0.000000 0.000000
30.000000 266.766228 20.323925 -0.279493 2.035501 0.000000 0.000000 0.000000 1.000000 0.000000 0.000000
30.000000 266.766279 20.406169 -0.333572 2.047766 0.000000 0.000000 0.000000 1.000000 0.000000 0.000000
30.000000 266.768628 20.176681 -0.270170 1.980277 0.000000 0.000000 0.000000 1.000000 0.000000 0.000000
30.000000 266.768673 20.170470 -0.277845 2.036512 0.000000 0.000000 0.000000 1.000000 0.000000 0.000000
30.000000 266.770158 20.395348 -0.289598 2.045057 0.000000 0.000000 0.000000 1.000000 0.000000 0.000000
30.000000 266.773934 20.305062 -0.264340 2.056566 0.000000 0.000000 0.000000 1.000000 0.000000 0.000000
30.000000 266.776303 20.212194 -0.284535 2.089851 0.000000 0.000000 0.000000 1.000000 0.000000 0.000000
30.000000 266.776361 20.284842 -0.329131 2.094476 0.000000 0.000000 0.000000 1.000000 0.000000 0.000000
30.000000 266.778356 20.073038 -0.270977 2.032394 0.000000 0.000000 0.000000 1.000000 0.000000 0.000000
30.000000 266.778724 20.064966 -0.279270 2.089160 0.000000 0.000000 0.000000 1.000000 0.000000 0.000000
30.000000 266.780123 20.213630 -0.289535 2.096223 0.000000 0.000000 0.000000 1.000000 0.000000 0.000000
30.000000 266.783792 20.163047 -0.275144 2.106013 0.000000 0.000000 0.000000 1.000000 0.000000 0.000000
30.000000 266.786318 20.096022 -0.287312 2.147489 0.000000 0.000000 0.000000 1.000000 0.000000 0.000000
30.000000 266.786354 20.174929 -0.336186 2.148518 0.000000 0.000000 0.000000 1.000000 0.000000 0.000000
30.000000 266.788404 19.945074 -0.273705 2.079790 0.000000 0.000000 0.000000 1.000000 0.000000 0.000000
30.000000 266.788812 19.939544 -0.280333 2.138218 0.000000 0.000000 0.000000 1.000000 0.000000 0.000000
30.000000 266.790074 20.158650 -0.291736 2.150358 0.000000 0.000000 0.000000 1.000000 0.000000 0.000000
30.000000 266.793930 20.070686 -0.266897 2.166725 0.000000 0.000000 0.000000 1.000000 0.000000 0.000000
30.000000 266.796265 20.000607 -0.301719 2.147009 0.000000 0.000000 0.000000 1.000000 0.000000 0.000000
30.000000 266.796294 20.047466 -0.329719 2.194477 0.000000 0.000000 0.000000 1.000000 0.000000 0.000000
30.000000 266.798339 19.906803 -0.215640 2.201663 0.000000 0.000000 0.000000 1.000000 0.000000 0.000000
30.000000 266.798756 19.827247 -0.286639 2.187432 0.000000 0.000000 0.000000 1.000000 0.000000 0.000000
30.000000 266.799968 20.042106 -0.298176 2.197686 0.000000 0.000000 0.000000 1.000000 0.000000 0.000000
30.000000 266.803904 19.963133 -0.275779 2.206683 0.000000 0.000000 0.000000 1.000000 0.000000 0.000000
30.000000 266.806218 19.865864 -0.295889 2.248806 0.000000 0.000000 0.000000 1.000000 0.000000 0.000000
30.000000 266.806323 19.936341 -0.332218 2.247522 0.000000 0.000000 0.000000 1.000000 0.000000 0.000000
30.000000 266.808585 19.741781 -0.279473 2.185206 0.000000 0.000000 0.000000 1.000000 0.000000 0.000000
30.000000 266.808812 19.724064 -0.292136 2.239058 0.000000 0.000000 0.000000 1.000000 0.000000 0.000000
30.000000 266.810222 19.943057 -0.301201 2.247976 0.000000 0.000000 0.000000 1.000000 0.000000 0.000000
30.000000 266.813964 19.843237 -0.272684 2.267704 0.000000 0.000000 0.000000 1.000000 0.000000 0.000000
30.000000 266.816325 19.752904 -0.294247 2.301136 0.000000 0.000000 0.000000 1.000000 0.000000 0.000000
30.000000 266.816391 19.818521 -0.329619 2.287270 0.000000 0.000000 0.000000 1.000000 0.000000 0.000000
30.000000 266.818357 19.638409 -0.281444 2.234250 0.000000 0.000000 0.000000 1.000000 0.000000 0.000000
30.000000 266.818773 19.613834 -0.297939 2.288822 0.000000 0.000000 0.000000 1.000000 0.000000 0.000000
30.000000 266.820127 19.820309 -0.306388 2.300621 0.000000 0.000000 0.000000 1.000000 0.000000 0.000000
30.000000 266.823880 19.725186 -0.279114 2.322226 0.000000 0.000000 0.000000 1.000000 0.000000 0.000000
30.000000 266.826213 19.636105 -0.300734 2.354690 0.000000 0.000000 0.000000 1.000000 0.000000 0.000000
30.000000 266.826485 19.693040 -0.327422 2.332973 0.000000 0.000000 0.000000 1.000000 0.000000 0.000000
30.000000 266.828460 19.525021 -0.282343 2.280528 0.000000 0.000000 0.000000 1.000000 0.000000 0.000000
30.000000 266.828689 19.502927 -0.297277 2.338627 0.000000 0.000000 0.000000 1.000000 0.000000 0.000000
30.000000 266.830072 19.587753 -0.304585 2.351953 0.000000 0.000000 0.000000 1.000000 0.000000 0.000000
30.000000 266.833837 19.568011 -0.298902 2.360595 0.000000 0.000000 0.000000 1.000000 0.000000 0.000000
30.000000 266.836407 19.527722 -0.303335 2.398210 0.000000 0.000000 0.000000 1.000000 0.000000 0.000000
30.000000 266.836408 19.588485 -0.332022 2.380014 0.000000 0.000000 0.000000 1.000000 0.000000 0.000000
30.000000 266.838352 19.413667 -0.285711 2.326271 0.000000 0.000000 0.000000 1.000000 0.000000 0.000000
30.000000 266.838869 19.395441 -0.297301 2.384268 0.000000 0.000000 0.000000 1.000000 0.000000 0.000000
30.000000 266.840345 19.566419 -0.305200 2.398864 0.000000 0.000000 0.000000 1.000000 0.000000 0.000000
30.000000 266.843800 19.492310 -0.283826 2.415034 0.000000 0.000000 0.000000 1.000000 0.000000 0.000000
30.000000 266.846289 19.419381 -0.300970 2.441955 0.000000 0.000000 0.000000 1.000000 0.000000 0.000000
30.000000 266.846445 19.472652 -0.324450 2.415213 0.000000 0.000000 0.000000 1.000000 0.000000 0.000000
30.000000 266.848546 19.301782 -0.279412 2.362887 0.000000 0.000000 0.000000 1.000000 0.000000 0.000000
30.000000 266.848713 19.271539 -0.300998 2.422564 0.000000 0.000000 0.000000 1.000000 0.000000 0.000000
30.000000 266.850156 19.462090 -0.310630 2.439304 0.000000 0.000000 0.000000 1.000000 0.000000 0.000000
30.000000 266.853915 19.387486 -0.288995 2.456552 0.000000 0.000000 0.000000 1.000000 0.000000 0.000000
30.000000 266.856251 19.296510 -0.311830 2.488512 0.000000 0.000000 0.000000 1.000000 0.000000 0.000000
30.000000 266.856447 19.336336 -0.323069 2.458824 0.000000 0.000000 0.000000 1.000000 0.000000 0.000000
30.000000 266.858399 19.191551 -0.284501 2.406421 0.000000 0.000000 0.000000 1.000000 0.000000 0.000000
30.000000 266.858765 19.170624 -0.301533 2.467390 0.000000 0.000000 0.000000 1.000000 0.000000 0.000000
30.000000 266.860142 19.335184 -0.312031 2.487464 0.000000 0.000000 0.000000 1.000000 0.000000 0.000000
30.000000 266.863819 19.271769 -0.293519 2.504578 0.000000 0.000000 0.000000 1.000000 0.000000 0.000000
30.000000 266.866181 19.189506 -0.314250 2.536585 0.000000 0.000000 0.000000 1.000000 0.000000 0.000000
30.000000 266.866458 19.233328 -0.329544 2.505387 0.000000 0.000000 0.000000 1.000000 0.000000 0.000000
30.000000 266.868483 19.085314 -0.290874 2.457471 0.000000 0.000000 0.000000 1.000000 0.000000 0.000000
30.000000 266.868762 19.057484 -0.309597 2.515782 0.000000 0.000000 0.000000 1.000000 0.000000 0.000000
30.000000 266.870231 19.243104 -0.318144 2.532552 0.000000 0.000000 0.000000 1.000000 0.000000 0.000000
30.000000 266.873965 19.153637 -0.291930 2.548759 0.000000 0.000000 0.000000 1.000000 0.000000 0.000000
30.000000 266.876270 19.075836 -0.310780 2.576143 0.000000 0.000000 0.000000 1.000000 0.000000 0.000000
30.000000 266.876419 19.121952 -0.326671 2.544545 0.000000 0.000000 0.000000 1.000000 0.000000 0.000000
30.000000 266.878402 18.993172 -0.292652 2.501609 0.000000 0.000000 0.000000 1.000000 0.000000 0.000000
30.000000 266.878809 18.958692 -0.314251 2.560305 0.000000 0.000000 0.000000 1.000000 0.000000 0.000000
30.000000 266.880156 19.054687 -0.320479 2.569521 0.000000 0.000000 0.000000 1.000000 0.000000 0.000000
30.000000 266.883861 19.018956 -0.309767 2.583216 0.000000 0.000000 0.000000 1.000000 0.000000 0.000000
30.000000 266.886210 18.967217 -0.320348 2.622235 0.000000 0.000000 0.000000 1.000000 0.000000 0.000000
30.000000 266.886491 19.004871 -0.329610 2.585343 0.000000 0.000000 0.000000 1.000000 0.000000 0.000000
30.000000 266.888497 18.868296 -0.293965 2.539633 0.000000 0.000000 0.000000 1.000000 0.000000 0.000000
30.000000 266.888737 18.836915 -0.313826 2.599725 0.000000 0.000000 0.000000 1.000000 0.000000 0.000000
30.000000 266.890112 18.988131 -0.321227 2.614083 0.000000 0.000000 0.000000 1.000000 0.000000 0.000000
30.000000 266.894003 18.930748 -0.304205 2.630841 0.000000 0.000000 0.000000 1.000000 0.000000 0.000000
30.000000 266.896297 18.857655 -0.323522 2.658935 0.000000 0.000000 0.000000 1.000000 0.000000 0.000000
30.000000 266.896446 18.883061 -0.324962 2.617433 0.000000 0.000000 0.000000 1.000000 0.000000 0.000000
30.000000 266.898390 18.771015 -0.295676 2.580153 0.000000 0.000000 0.000000 1.000000 0.000000 0.000000
30.000000 266.898799 18.731266 -0.319645 2.636547 0.000000 0.000000 0.000000 1.000000 0.000000 0.000000
30.000000 266.899989 18.900176 -0.326174 2.653858 0.000000 0.000000 0.000000 1.000000 0.000000 0.000000
30.000000 266.903822 18.825663 -0.304126 2.671070 0.000000 0.000000 0.000000 1.000000 0.000000 0.000000
30.000000 266.906185 18.744019 -0.324458 2.700842 0.000000 0.000000 0.000000 1.000000 0.000000 0.000000
30.000000 266.906378 18.773234 -0.325387 2.661526 0.000000 0.000000 0.000000 1.000000 0.000000 0.000000
30.000000 266.908470 18.676849 -0.299094 2.622469 0.000000 0.000000 0.000000 1.000000 0.000000 0.000000
30.000000 266.908799 18.641284 -0.318973 2.680650 0.000000 0.000000 0.000000 1.000000 0.000000 0.000000
30.000000 266.910091 18.745151 -0.323832 2.698439 0.000000 0.000000 0.000000 1.000000 0.000000 0.000000
30.000000 266.913928 18.707663 -0.312781 2.714850 0.000000 0.000000 0.000000 1.000000 0.000000 0.000000
30.000000 266.916289 18.733935 -0.321676 2.670498 0.000000 0.000000 0.000000 1.000000 0.000000 0.000000
30.000000 266.916355 18.663577 -0.328633 2.701030 0.000000 0.000000 0.000000 1.000000 0.000000 0.000000
30.000000 266.918645 18.585308 -0.279706 2.744049 0.000000 0.000000 0.000000 1.000000 0.000000 0.000000
30.000000 266.918809 18.531302 -0.320039 2.719205 0.000000 0.000000 0.000000 1.000000 0.000000 0.000000
30.000000 266.920069 18.646095 -0.324174 2.734198 0.000000 0.000000 0.000000 1.000000 0.000000 0.000000
30.000000 266.923897 18.601589 -0.310946 2.750484 0.000000 0.000000 0.000000 1.000000 0.000000 0.000000
30.000000 266.926248 18.519146 -0.333362 2.779187 0.000000 0.000000 0.000000 1.000000 0.000000 0.000000
30.000000 266.926419 18.534632 -0.325386 2.731257 0.000000 0.000000 0.000000 1.000000 0.000000 0.000000
30.000000 266.928488 18.450636 -0.302323 2.693411 0.000000 0.000000 0.000000 1.000000 0.000000 0.000000
30.000000 266.928780 18.410312 -0.325993 2.751665 0.000000 0.000000 0.000000 1.000000 0.000000 0.000000
30.000000 266.930081 18.456541 -0.330820 2.780651 0.000000 0.000000 0.000000 1.000000 0.000000 0.000000
30.000000 266.933999 18.445275 -0.327842 2.793986 0.000000 0.000000 0.000000 1.000000 0.000000 0.000000
30.000000 266.936345 18.408248 -0.334962 2.812441 0.000000 0.000000 0.000000 1.000000 0.000000 0.000000
30.000000 266.938416 18.342539 -0.276660 2.802830 0.000000 0.000000 0.000000 1.000000 0.000000 0.000000
30.000000 266.938844 18.284348 -0.323670 2.785501 0.000000 0.000000 0.000000 1.000000 0.000000 0.000000
30.000000 266.940039 18.376389 -0.331650 2.806516 0.000000 0.000000 0.000000 1.000000 0.000000 0.000000
30.000000 266.943787 18.866302 -0.449852 2.766387 0.000000 0.000000 0.000000 1.000000 0.000000 0.000000
30.000000 266.944031 18.480916 -0.306975 2.750995 0.000000 0.000000 0.000000 1.000000 0.000000 0.000000
30.000000 266.946259 18.306557 -0.336559 2.845331 0.000000 0.000000 0.000000 1.000000 0.000000 0.000000
30.000000 266.947026 18.296122 -0.310689 2.790786 0.000000 0.000000 0.000000 1.000000 0.000000 0.000000
30.000000 266.948511 18.248578 -0.296071 2.759239 0.000000 0.000000 0.000000 1.000000 0.000000 0.000000
30.000000 266.948776 18.201304 -0.325524 2.819866 0.000000 0.000000 0.000000 1.000000 0.000000 0.000000
30.000000 266.950170 18.289721 -0.332089 2.844352 0.000000 0.000000 0.000000 1.000000 0.000000 0.000000
30.000000 266.953997 18.267700 -0.325647 2.854470 0.000000 0.000000 0.000000 1.000000 0.000000 0.000000
30.000000 266.956293 18.190733 -0.345691 2.883973 0.000000 0.000000 0.000000 1.000000 0.000000 0.000000
30.000000 266.956714 18.182809 -0.318072 2.828114 0.000000 0.000000 0.000000 1.000000 0.000000 0.000000
30.000000 266.958628 18.143332 -0.304086 2.794836 0.000000 0.000000 0.000000 1.000000 0.000000 0.000000
30.000000 266.958852 18.089245 -0.335120 2.858442 0.000000 0.000000 0.000000 1.000000 0.000000 0.000000
30.000000 266.960091 18.201069 -0.340512 2.875485 0.000000 0.000000 0.000000 1.000000 0.000000 0.000000
30.000000 266.964007 18.153390 -0.325939 2.891907 0.000000 0.000000 0.000000 1.000000 0.000000 0.000000
30.000000 266.966301 18.081078 -0.345574 2.922438 0.000000 0.000000 0.000000 1.000000 0.000000 0.000000
30.000000 266.966708 18.074363 -0.320714 2.863821 0.000000 0.000000 0.000000 1.000000 0.000000 0.000000
30.000000 266.968504 18.032449 -0.306516 2.828169 0.000000 0.000000 0.000000 1.000000 0.000000 0.000000
30.000000 266.968775 17.979679 -0.336595 2.886907 0.000000 0.000000 0.000000 1.000000 0.000000 0.000000
30.000000 266.970118 18.090272 -0.341523 2.905092 0.000000 0.000000 0.000000 1.000000 0.000000 0.000000
30.000000 266.973981 18.048066 -0.328627 2.923772 0.000000 0.000000 0.000000 1.000000 0.000000 0.000000
30.000000 266.976317 17.972495 -0.349325 2.956397 0.000000 0.000000 0.000000 1.000000 0.000000 0.000000
30.000000 266.976527 17.964835 -0.322786 2.894062 0.000000 0.000000 0.000000 1.000000 0.000000 0.000000
30.000000 266.978746 17.923597 -0.308194 2.858548 0.000000 0.000000 0.000000 1.000000 0.000000 0.000000
30.000000 266.978978 17.870307 -0.337567 2.922053 0.000000 0.000000 0.000000 1.000000 0.000000 0.000000
30.000000 266.980025 17.935720 -0.341546 2.935312 0.000000 0.000000 0.000000 1.000000 0.000000 0.000000
30.000000 266.983910 17.921003 -0.337018 2.949864 0.000000 0.000000 0.000000 1.000000 0.000000 0.000000
30.000000 266.986280 17.867116 -0.350100 2.987193 0.000000 0.000000 0.000000 1.000000 0.000000 0.000000
30.000000 266.986484 17.864349 -0.328034 2.927821 0.000000 0.000000 0.000000 1.000000 0.000000 0.000000
30.000000 266.988625 17.818086 -0.312736 2.888140 0.000000 0.000000 0.000000 1.000000 0.000000 0.000000
30.000000 266.988799 17.776056 -0.336780 2.950424 0.000000 0.000000 0.000000 1.000000 0.000000 0.000000
30.000000 266.990220 17.858213 -0.342027 2.972447 0.000000 0.000000 0.000000 1.000000 0.000000 0.000000
30.000000 266.994176 17.829794 -0.333367 2.987436 0.000000 0.000000 0.000000 1.000000 0.000000 0.000000
30.000000 266.996326 17.764097 -0.351730 3.013403 0.000000 0.000000 0.000000 1.000000 0.000000 0.000000
30.000000 266.996452 17.741487 -0.317949 2.953180 0.000000 0.000000 0.000000 1.000000 0.000000 0.000000
30.000000 266.998443 17.718639 -0.308338 2.918980 0.000000 0.000000 0.000000 1.000000 0.000000 0.000000
30.000000 266.998831 17.646489 -0.351255 2.974321 0.000000 0.000000 0.000000 1.000000 0.000000 0.000000
30.000000 267.000254 17.784854 -0.357554 2.996727 0.000000 0.000000 0.000000 1.000000 0.000000 0.000000
30.000000 267.003932 17.724070 -0.338640 3.017167 0.000000 0.000000 0.000000 1.000000 0.000000 0.000000
30.000000 267.006270 17.646209 -0.360822 3.046798 0.000000 0.000000 0.000000 1.000000 0.000000 0.000000
30.000000 267.006428 17.621774 -0.324504 2.984772 0.000000 0.000000 0.000000 1.000000 0.000000 0.000000
30.000000 267.008548 17.615469 -0.317708 2.951104 0.000000 0.000000 0.000000 1.000000 0.000000 0.000000
30.000000 267.008787 17.571266 -0.342183 3.012076 0.000000 0.000000 0.000000 1.000000 0.000000 0.000000
30.000000 267.010255 17.623889 -0.346327 3.032216 0.000000 0.000000 0.000000 1.000000 0.000000 0.000000
30.000000 267.013959 17.640399 -0.351872 3.042547 0.000000 0.000000 0.000000 1.000000 0.000000 0.000000
30.000000 267.016367 17.707780 -0.345037 2.991124 0.000000 0.000000 0.000000 1.000000 0.000000 0.000000
30.000000 267.016416 17.526770 -0.330446 3.013593 0.000000 0.000000 0.000000 1.000000 0.000000 0.000000
30.000000 267.018876 17.530522 -0.355110 3.070050 0.000000 0.000000 0.000000 1.000000 0.000000 0.000000
30.000000 267.018882 17.435215 -0.358422 3.038403 0.000000 0.000000 0.000000 1.000000 0.000000 0.000000
30.000000 267.020033 17.481513 -0.332808 3.061299 0.000000 0.000000 0.000000 1.000000 0.000000 0.000000
30.000000 267.023980 17.506529 -0.347327 3.078808 0.000000 0.000000 0.000000 1.000000 0.000000 0.000000
30.000000 267.026249 17.436202 -0.367838 3.102684 0.000000 0.000000 0.000000 1.000000 0.000000 0.000000
30.000000 267.026408 17.409587 -0.331898 3.038521 0.000000 0.000000 0.000000 1.000000 0.000000 0.000000
30.000000 267.028532 17.397895 -0.324250 3.007082 0.000000 0.000000 0.000000 1.000000 0.000000 0.000000
30.000000 267.028781 17.331768 -0.359995 3.063335 0.000000 0.000000 0.000000 1.000000 0.000000 0.000000
30.000000 267.030203 17.399189 -0.362963 3.072930 0.000000 0.000000 0.000000 1.000000 0.000000 0.000000
30.000000 267.033977 17.378838 -0.356409 3.092000 0.000000 0.000000 0.000000 1.000000 0.000000 0.000000
30.000000 267.036384 17.329853 -0.369021 3.131239 0.000000 0.000000 0.000000 1.000000 0.000000 0.000000
30.000000 267.036561 17.301836 -0.332573 3.068297 0.000000 0.000000 0.000000 1.000000 0.000000 0.000000
30.000000 267.038468 17.273655 -0.321670 3.030847 0.000000 0.000000 0.000000 1.000000 0.000000 0.000000
30.000000 267.038837 17.212032 -0.355930 3.086193 0.000000 0.000000 0.000000 1.000000 0.000000 0.000000
30.000000 267.040060 17.325054 -0.360679 3.108981 0.000000 0.000000 0.000000 1.000000 0.000000 0.000000
30.000000 267.043946 17.282170 -0.347193 3.130040 0.000000 0.000000 0.000000 1.000000 0.000000 0.000000
30.000000 267.046299 17.219287 -0.366066 3.151772 0.000000 0.000000 0.000000 1.000000 0.000000 0.000000
30.000000 267.046415 17.194601 -0.334182 3.089556 0.000000 0.000000 0.000000 1.000000 0.000000 0.000000
30.000000 267.048530 17.157084 -0.322133 3.053513 0.000000 0.000000 0.000000 1.000000 0.000000 0.000000
30.000000 267.048758 17.094097 -0.357785 3.107606 0.000000 0.000000 0.000000 1.000000 0.000000 0.000000
30.000000 267.050140 17.210560 -0.363124 3.134559 0.000000 0.000000 0.000000 1.000000 0.000000 0.000000
30.000000 267.053960 17.185081 -0.355353 3.151399 0.000000 0.000000 0.000000 1.000000 0.000000 0.000000
30.000000 267.056436 17.257521 -0.346058 3.089888 0.000000 0.000000 0.000000 1.000000 0.000000 0.000000
30.000000 267.056542 17.070004 -0.331296 3.113329 0.000000 0.000000 0.000000 1.000000 0.000000 0.000000
30.000000 267.058447 17.066215 -0.338041 3.167923 0.000000 0.000000 0.000000 1.000000 0.000000 0.000000
30.000000 267.058950 17.020251 -0.368111 3.134634 0.000000 0.000000 0.000000 1.000000 0.000000 0.000000
30.000000 267.060130 17.098341 -0.370976 3.157057 0.000000 0.000000 0.000000 1.000000 0.000000 0.000000
30.000000 267.063872 17.071515 -0.362656 3.175419 0.000000 0.000000 0.000000 1.000000 0.000000 0.000000
30.000000 267.066351 17.011272 -0.379977 3.198702 0.000000 0.000000 0.000000 1.000000 0.000000 0.000000
30.000000 267.066468 16.968682 -0.335589 3.136167 0.000000 0.000000 0.000000 1.000000 0.000000 0.000000
30.000000 267.068824 16.983251 -0.333405 3.107139 0.000000 0.000000 0.000000 1.000000 0.000000 0.000000
30.000000 267.068876 16.915511 -0.368956 3.159743 0.000000 0.000000 0.000000 1.000000 0.000000 0.000000
30.000000 267.070338 16.990170 -0.371634 3.176884 0.000000 0.000000 0.000000 1.000000 0.000000 0.000000
30.000000 267.073989 16.967531 -0.364486 3.194950 0.000000 0.000000 0.000000 1.000000 0.000000 0.000000
30.000000 267.076351 16.899583 -0.385090 3.222690 0.000000 0.000000 0.000000 1.000000 0.000000 0.000000
30.000000 267.076405 16.842794 -0.331742 3.155142 0.000000 0.000000 0.000000 1.000000 0.000000 0.000000
30.000000 267.078496 16.869798 -0.331653 3.125910 0.000000 0.000000 0.000000 1.000000 0.000000 0.000000
30.000000 267.078909 16.784868 -0.376546 3.177006 0.000000 0.000000 0.000000 1.000000 0.000000 0.000000
30.000000 267.080241 16.914416 -0.380043 3.193937 0.000000 0.000000 0.000000 1.000000 0.000000 0.000000
30.000000 267.083985 16.867707 -0.365008 3.213051 0.000000 0.000000 0.000000 1.000000 0.000000 0.000000
30.000000 267.086353 16.787963 -0.389395 3.241551 0.000000 0.000000 0.000000 1.000000 0.000000 0.000000
30.000000 267.086372 16.724596 -0.331351 3.176376 0.000000 0.000000 0.000000 1.000000 0.000000 0.000000
30.000000 267.088535 16.757293 -0.332065 3.142290 0.000000 0.000000 0.000000 1.000000 0.000000 0.000000
30.000000 267.088811 16.682945 -0.372687 3.196191 0.000000 0.000000 0.000000 1.000000 0.000000 0.000000
30.000000 267.090388 16.772308 -0.377069 3.219947 0.000000 0.000000 0.000000 1.000000 0.000000 0.000000
30.000000 267.094030 16.756362 -0.372131 3.239628 0.000000 0.000000 0.000000 1.000000 0.000000 0.000000
30.000000 267.096402 16.869437 -0.349459 3.174376 0.000000 0.000000 0.000000 1.000000 0.000000 0.000000
30.000000 267.096444 16.644016 -0.330518 3.187071 0.000000 0.000000 0.000000 1.000000 0.000000 0.000000
30.000000 267.098506 16.635512 -0.334053 3.244309 0.000000 0.000000 0.000000 1.000000 0.000000 0.000000
30.000000 267.098892 16.579192 -0.369377 3.215897 0.000000 0.000000 0.000000 1.000000 0.000000 0.000000
30.000000 267.100240 16.648149 -0.372806 3.240347 0.000000 0.000000 0.000000 1.000000 0.000000 0.000000
30.000000 267.104018 16.644109 -0.371872 3.258823 0.000000 0.000000 0.000000 1.000000 0.000000 0.000000
30.000000 267.106289 16.576215 -0.393542 3.280489 0.000000 0.000000 0.000000 1.000000 0.000000 0.000000
30.000000 267.106543 16.503279 -0.332041 3.208662 0.000000 0.000000 0.000000 1.000000 0.000000 0.000000
30.000000 267.108577 16.567038 -0.338689 3.184835 0.000000 0.000000 0.000000 1.000000 0.000000 0.000000
30.000000 267.108823 16.495504 -0.372646 3.232150 0.000000 0.000000 0.000000 1.000000 0.000000 0.000000
30.000000 267.110206 16.544365 -0.372728 3.254312 0.000000 0.000000 0.000000 1.000000 0.000000 0.000000
30.000000 267.114045 16.541290 -0.372289 3.275405 0.000000 0.000000 0.000000 1.000000 0.000000 0.000000
30.000000 267.116371 16.474690 -0.393885 3.291177 0.000000 0.000000 0.000000 1.000000 0.000000 0.000000
30.000000 267.116455 16.398942 -0.332736 3.224857 0.000000 0.000000 0.000000 1.000000 0.000000 0.000000
30.000000 267.118465 16.453473 -0.338475 3.205763 0.000000 0.000000 0.000000 1.000000 0.000000 0.000000
30.000000 267.118877 16.350461 -0.389527 3.247813 0.000000 0.000000 0.000000 1.000000 0.000000 0.000000
30.000000 267.120136 16.468596 -0.390578 3.265380 0.000000 0.000000 0.000000 1.000000 0.000000 0.000000
30.000000 267.124010 16.421295 -0.375206 3.287372 0.000000 0.000000 0.000000 1.000000 0.000000 0.000000
30.000000 267.126314 16.363458 -0.393087 3.302971 0.000000 0.000000 0.000000 1.000000 0.000000 0.000000
30.000000 267.126461 16.292336 -0.334539 3.238282 0.000000 0.000000 0.000000 1.000000 0.000000 0.000000
30.000000 267.128560 16.354708 -0.341343 3.220416 0.000000 0.000000 0.000000 1.000000 0.000000 0.000000
30.000000 267.128835 16.258539 -0.387947 3.265789 0.000000 0.000000 0.000000 1.000000 0.000000 0.000000
30.000000 267.130139 16.299216 -0.387659 3.288859 0.000000 0.000000 0.000000 1.000000 0.000000 0.000000
30.000000 267.134156 16.294413 -0.386638 3.311246 0.000000 0.000000 0.000000 1.000000 0.000000 0.000000
30.000000 267.136400 16.259337 -0.397126 3.321055 0.000000 0.000000 0.000000 1.000000 0.000000 0.000000
30.000000 267.136421 16.177470 -0.334234 3.253378 0.000000 0.000000 0.000000 1.000000 0.000000 0.000000
30.000000 267.138535 16.236535 -0.340869 3.230527 0.000000 0.000000 0.000000 1.000000 0.000000 0.000000
30.000000 267.138920 16.141963 -0.388879 3.273101 0.000000 0.000000 0.000000 1.000000 0.000000 0.000000
30.000000 267.140159 16.209802 -0.390589 3.294304 0.000000 0.000000 0.000000 1.000000 0.000000 0.000000
30.000000 267.143950 16.195973 -0.386287 3.317052 0.000000 0.000000 0.000000 1.000000 0.000000 0.000000
30.000000 267.146303 16.160895 -0.396658 3.333492 0.000000 0.000000 0.000000 1.000000 0.000000 0.000000
30.000000 267.146505 16.088234 -0.339158 3.263654 0.000000 0.000000 0.000000 1.000000 0.000000 0.000000
30.000000 267.148558 16.150671 -0.345805 3.244359 0.000000 0.000000 0.000000 1.000000 0.000000 0.000000
30.000000 267.148797 16.070046 -0.383286 3.289027 0.000000 0.000000 0.000000 1.000000 0.000000 0.000000
30.000000 267.150221 16.089986 -0.382404 3.312130 0.000000 0.000000 0.000000 1.000000 0.000000 0.000000
30.000000 267.154049 16.091919 -0.383734 3.328023 0.000000 0.000000 0.000000 1.000000 0.000000 0.000000
30.000000 267.156415 16.042512 -0.398872 3.339377 0.000000 0.000000 0.000000 1.000000 0.000000 0.000000
30.000000 267.156496 15.967539 -0.340807 3.280490 0.000000 0.000000 0.000000 1.000000 0.000000 0.000000
30.000000 267.158503 16.047312 -0.351175 3.266363 0.000000 0.000000 0.000000 1.000000 0.000000 0.000000
30.000000 267.158952 15.927856 -0.407913 3.299889 0.000000 0.000000 0.000000 1.000000 0.000000 0.000000
30.000000 267.160125 16.067665 -0.407704 3.312912 0.000000 0.000000 0.000000 1.000000 0.000000 0.000000
30.000000 267.164025 16.008692 -0.387937 3.344850 0.000000 0.000000 0.000000 1.000000 0.000000 0.000000
30.000000 267.166498 15.950272 -0.407602 3.359870 0.000000 0.000000 0.000000 1.000000 0.000000 0.000000
30.000000 267.166544 15.858860 -0.340490 3.291528 0.000000 0.000000 0.000000 1.000000 0.000000 0.000000
30.000000 267.168577 15.948942 -0.352267 3.276182 0.000000 0.000000 0.000000 1.000000 0.000000 0.000000
30.000000 267.168963 15.836760 -0.404948 3.311865 0.000000 0.000000 0.000000 1.000000 0.000000 0.000000
30.000000 267.170206 15.942235 -0.404227 3.320879 0.000000 0.000000 0.000000 1.000000 0.000000 0.000000
30.000000 267.174045 15.907384 -0.392534 3.348359 0.000000 0.000000 0.000000 1.000000 0.000000 0.000000
30.000000 267.176471 15.845493 -0.413221 3.370391 0.000000 0.000000 0.000000 1.000000 0.000000 0.000000
30.000000 267.176556 15.755133 -0.347073 3.304872 0.000000 0.000000 0.000000 1.000000 0.000000 0.000000
30.000000 267.178532 15.844187 -0.358532 3.288782 0.000000 0.000000 0.000000 1.000000 0.000000 0.000000
30.000000 267.178954 15.743857 -0.404884 3.325552 0.000000 0.000000 0.000000 1.000000 0.000000 0.000000
30.000000 267.180607 15.838653 -0.404107 3.332257 0.000000 0.000000 0.000000 1.000000 0.000000 0.000000
30.000000 267.184016 15.810756 -0.394726 3.354666 0.000000 0.000000 0.000000 1.000000 0.000000 0.000000
30.000000 267.186491 15.896464 -0.376218 3.300410 0.000000 0.000000 0.000000 1.000000 0.000000 0.000000
30.000000 267.186512 15.662470 -0.353815 3.317436 0.000000 0.000000 0.000000 1.000000 0.000000 0.000000
30.000000 267.188601 15.680603 -0.371800 3.375167 0.000000 0.000000 0.000000 1.000000 0.000000 0.000000
30.000000 267.188828 15.619632 -0.402615 3.339273 0.000000 0.000000 0.000000 1.000000 0.000000 0.000000
30.000000 267.190290 15.715404 -0.402656 3.347637 0.000000 0.000000 0.000000 1.000000 0.000000 0.000000
30.000000 267.194039 15.696664 -0.396450 3.365232 0.000000 0.000000 0.000000 1.000000 0.000000 0.000000
30.000000 267.196467 15.646960 -0.411144 3.392036 0.000000 0.000000 0.000000 1.000000 0.000000 0.000000
30.000000 267.197654 15.549720 -0.338577 3.324880 0.000000 0.000000 0.000000 1.000000 0.000000 0.000000
30.000000 267.198735 15.652222 -0.350731 3.301992 0.000000 0.000000 0.000000 1.000000 0.000000 0.000000
30.000000 267.198901 15.516425 -0.416262 3.344887 0.000000 0.000000 0.000000 1.000000 0.000000 0.000000
30.000000 267.200116 15.642810 -0.417615 3.352189 0.000000 0.000000 0.000000 1.000000 0.000000 0.000000
30.000000 267.204106 15.599636 -0.402689 3.371903 0.000000 0.000000 0.000000 1.000000 0.000000 0.000000
30.000000 267.206282 15.536717 -0.423532 3.396166 0.000000 0.000000 0.000000 1.000000 0.000000 0.000000
30.000000 267.206552 15.437615 -0.353402 3.334627 0.000000 0.000000 0.000000 1.000000 0.000000 0.000000
30.000000 267.208680 15.540964 -0.366928 3.319296 0.000000 0.000000 0.000000 1.000000 0.000000 0.000000
30.000000 267.209013 15.426087 -0.420089 3.354968 0.000000 0.000000 0.000000 1.000000 0.000000 0.000000
30.000000 267.210218 15.533919 -0.419683 3.357780 0.000000 0.000000 0.000000 1.000000 0.000000 0.000000
30.000000 267.214037 15.492794 -0.405368 3.378194 0.000000 0.000000 0.000000 1.000000 0.000000 0.000000
30.000000 267.216392 15.431745 -0.425659 3.403323 0.000000 0.000000 0.000000 1.000000 0.000000 0.000000
30.000000 267.216565 15.325175 -0.351664 3.340427 0.000000 0.000000 0.000000 1.000000 0.000000 0.000000
30.000000 267.218537 15.437122 -0.366419 3.327005 0.000000 0.000000 0.000000 1.000000 0.000000 0.000000
30.000000 267.218957 15.319121 -0.420348 3.363425 0.000000 0.000000 0.000000 1.000000 0.000000 0.000000
30.000000 267.220188 15.417570 -0.419527 3.366687 0.000000 0.000000 0.000000 1.000000 0.000000 0.000000
30.000000 267.223941 15.378287 -0.405844 3.384551 0.000000 0.000000 0.000000 1.000000 0.000000 0.000000
30.000000 267.226363 15.322607 -0.423935 3.407460 0.000000 0.000000 0.000000 1.000000 0.000000 0.000000
30.000000 267.226704 15.209882 -0.346938 3.347054 0.000000 0.000000 0.000000 1.000000 0.000000 0.000000
30.000000 267.228616 15.344941 -0.365627 3.336866 0.000000 0.000000 0.000000 1.000000 0.000000 0.000000
30.000000 267.228908 15.223563 -0.420434 3.371511 0.000000 0.000000 0.000000 1.000000 0.000000 0.000000
30.000000 267.230226 15.301546 -0.418680 3.369191 0.000000 0.000000 0.000000 1.000000 0.000000 0.000000
30.000000 267.234194 15.272020 -0.408255 3.386736 0.000000 0.000000 0.000000 1.000000 0.000000 0.000000
30.000000 267.236435 15.218295 -0.425677 3.415091 0.000000 0.000000 0.000000 1.000000 0.000000 0.000000
30.000000 267.236768 15.115358 -0.354930 3.355139 0.000000 0.000000 0.000000 1.000000 0.000000 0.000000
30.000000 267.238977 15.661585 -0.433614 3.325313 0.000000 0.000000 0.000000 1.000000 0.000000 0.000000
30.000000 267.240129 15.179408 -0.417643 3.384533 0.000000 0.000000 0.000000 1.000000 0.000000 0.000000
30.000000 267.244191 15.170801 -0.414882 3.401218 0.000000 0.000000 0.000000 1.000000 0.000000 0.000000
30.000000 267.246353 15.115205 -0.433983 3.418543 0.000000 0.000000 0.000000 1.000000 0.000000 0.000000
30.000000 267.246643 14.984949 -0.349167 3.353755 0.000000 0.000000 0.000000 1.000000 0.000000 0.000000
30.000000 267.248840 15.625098 -0.443488 3.332330 0.000000 0.000000 0.000000 1.000000 0.000000 0.000000
30.000000 267.248971 15.018080 -0.426222 3.382061 0.000000 0.000000 0.000000 1.000000 0.000000 0.000000
30.000000 267.250271 15.060107 -0.408547 3.402661 0.000000 0.000000 0.000000 1.000000 0.000000 0.000000
30.000000 267.254226 15.075738 -0.416620 3.407979 0.000000 0.000000 0.000000 1.000000 0.000000 0.000000
30.000000 267.256437 15.020909 -0.435487 3.425284 0.000000 0.000000 0.000000 1.000000 0.000000 0.000000
30.000000 267.256452 14.890974 -0.351453 3.361101 0.000000 0.000000 0.000000 1.000000 0.000000 0.000000
30.000000 267.258554 15.052078 -0.374074 3.352155 0.000000 0.000000 0.000000 1.000000 0.000000 0.000000
30.000000 267.258967 14.934496 -0.424790 3.380600 0.000000 0.000000 0.000000 1.000000 0.000000 0.000000
30.000000 267.260204 14.967910 -0.421196 3.387491 0.000000 0.000000 0.000000 1.000000 0.000000 0.000000
30.000000 267.264215 14.966912 -0.421177 3.410797 0.000000 0.000000 0.000000 1.000000 0.000000 0.000000
30.000000 267.266292 14.915739 -0.439229 3.427207 0.000000 0.000000 0.000000 1.000000 0.000000 0.000000
30.000000 267.266745 14.788764 -0.358347 3.361798 0.000000 0.000000 0.000000 1.000000 0.000000 0.000000
30.000000 267.268635 14.936090 -0.378679 3.351763 0.000000 0.000000 0.000000 1.000000 0.000000 0.000000
30.000000 267.268946 14.830832 -0.424594 3.384667 0.000000 0.000000 0.000000 1.000000 0.000000 0.000000
30.000000 267.270262 14.858937 -0.422333 3.396767 0.000000 0.000000 0.000000 1.000000 0.000000 0.000000
30.000000 267.274112 14.861906 -0.423779 3.417904 0.000000 0.000000 0.000000 1.000000 0.000000 0.000000
30.000000 267.276423 14.814814 -0.440875 3.428826 0.000000 0.000000 0.000000 1.000000 0.000000 0.000000
30.000000 267.276590 14.680093 -0.357031 3.361134 0.000000 0.000000 0.000000 1.000000 0.000000 0.000000
30.000000 267.278592 14.845763 -0.380343 3.354888 0.000000 0.000000 0.000000 1.000000 0.000000 0.000000
30.000000 267.279032 14.734024 -0.428724 3.386637 0.000000 0.000000 0.000000 1.000000 0.000000 0.000000
30.000000 267.280125 14.736820 -0.425633 3.400808 0.000000 0.000000 0.000000 1.000000 0.000000 0.000000
30.000000 267.284074 14.748579 -0.430368 3.421810 0.000000 0.000000 0.000000 1.000000 0.000000 0.000000
30.000000 267.286344 14.711719 -0.443413 3.430509 0.000000 0.000000 0.000000 1.000000 0.000000 0.000000
30.000000 267.286500 14.573348 -0.358190 3.362707 0.000000 0.000000 0.000000 1.000000 0.000000 0.000000
30.000000 267.288883 15.126191 -0.434984 3.337585 0.000000 0.000000 0.000000 1.000000 0.000000 0.000000
30.000000 267.288927 14.603419 -0.420100 3.387710 0.000000 0.000000 0.000000 1.000000 0.000000 0.000000
30.000000 267.290316 14.619099 -0.418335 3.416244 0.000000 0.000000 0.000000 1.000000 0.000000 0.000000
30.000000 267.294058 14.650210 -0.433274 3.425345 0.000000 0.000000 0.000000 1.000000 0.000000 0.000000
30.000000 267.296432 14.792531 -0.389905 3.360242 0.000000 0.000000 0.000000 1.000000 0.000000 0.000000
30.000000 267.296502 14.490150 -0.359134 3.365686 0.000000 0.000000 0.000000 1.000000 0.000000 0.000000
30.000000 267.298548 14.562955 -0.404950 3.421542 0.000000 0.000000 0.000000 1.000000 0.000000 0.000000
30.000000 267.299040 14.518518 -0.424898 3.387306 0.000000 0.000000 0.000000 1.000000 0.000000 0.000000
30.000000 267.300210 14.536418 -0.423502 3.405367 0.000000 0.000000 0.000000 1.000000 0.000000 0.000000
30.000000 267.304006 14.581998 -0.440831 3.425261 0.000000 0.000000 0.000000 1.000000 0.000000 0.000000
30.000000 267.306396 14.710046 -0.402733 3.364356 0.000000 0.000000 0.000000 1.000000 0.000000 0.000000
30.000000 267.306400 14.370467 -0.365849 3.365013 0.000000 0.000000 0.000000 1.000000 0.000000 0.000000
30.000000 267.308642 14.463251 -0.421936 3.422323 0.000000 0.000000 0.000000 1.000000 0.000000 0.000000
30.000000 267.309077 14.419867 -0.439579 3.386566 0.000000 0.000000 0.000000 1.000000 0.000000 0.000000
30.000000 267.310260 14.471704 -0.437529 3.401893 0.000000 0.000000 0.000000 1.000000 0.000000 0.000000
30.000000 267.314047 14.466698 -0.436015 3.431714 0.000000 0.000000 0.000000 1.000000 0.000000 0.000000
30.000000 267.316499 14.596185 -0.399143 3.365667 0.000000 0.000000 0.000000 1.000000 0.000000 0.000000
30.000000 267.316513 14.269740 -0.366815 3.362412 0.000000 0.000000 0.000000 1.000000 0.000000 0.000000
30.000000 267.318596 14.362153 -0.422604 3.421375 0.000000 0.000000 0.000000 1.000000 0.000000 0.000000
30.000000 267.319076 14.315656 -0.441904 3.386244 0.000000 0.000000 0.000000 1.000000 0.000000 0.000000
30.000000 267.320174 14.351242 -0.439775 3.401852 0.000000 0.000000 0.000000 1.000000 0.000000 0.000000
30.000000 267.324106 14.358266 -0.442723 3.429937 0.000000 0.000000 0.000000 1.000000 0.000000 0.000000
30.000000 267.326391 14.313989 -0.459449 3.441364 0.000000 0.000000 0.000000 1.000000 0.000000 0.000000
30.000000 267.326531 14.157998 -0.366742 3.366228 0.000000 0.000000 0.000000 1.000000 0.000000 0.000000
30.000000 267.328667 14.337578 -0.390585 3.353343 0.000000 0.000000 0.000000 1.000000 0.000000 0.000000
30.000000 267.329025 14.221124 -0.441035 3.386660 0.000000 0.000000 0.000000 1.000000 0.000000 0.000000
30.000000 267.330430 14.200152 -0.438516 3.403994 0.000000 0.000000 0.000000 1.000000 0.000000 0.000000
30.000000 267.334061 14.235352 -0.452077 3.426251 0.000000 0.000000 0.000000 1.000000 0.000000 0.000000
30.000000 267.336429 14.210504 -0.460616 3.438795 0.000000 0.000000 0.000000 1.000000 0.000000 0.000000
30.000000 267.336579 14.056122 -0.368792 3.362246 0.000000 0.000000 0.000000 1.000000 0.000000 0.000000
30.000000 267.338674 14.230928 -0.391324 3.345619 0.000000 0.000000 0.000000 1.000000 0.000000 0.000000
30.000000 267.339030 14.114030 -0.442480 3.381081 0.000000 0.000000 0.000000 1.000000 0.000000 0.000000
30.000000 267.340279 14.149890 -0.441907 3.398419 0.000000 0.000000 0.000000 1.000000 0.000000 0.000000
30.000000 267.344063 14.156630 -0.444684 3.423161 0.000000 0.000000 0.000000 1.000000 0.000000 0.000000
30.000000 267.346357 14.127307 -0.456415 3.427593 0.000000 0.000000 0.000000 1.000000 0.000000 0.000000
30.000000 267.346535 13.960860 -0.360781 3.349067 0.000000 0.000000 0.000000 1.000000 0.000000 0.000000
30.000000 267.348758 14.156278 -0.387155 3.343268 0.000000 0.000000 0.000000 1.000000 0.000000 0.000000
30.000000 267.349150 14.028842 -0.443939 3.383877 0.000000 0.000000 0.000000 1.000000 0.000000 0.000000
30.000000 267.350321 14.030060 -0.443483 3.398460 0.000000 0.000000 0.000000 1.000000 0.000000 0.000000
30.000000 267.354103 14.069918 -0.458941 3.409392 0.000000 0.000000 0.000000 1.000000 0.000000 0.000000
30.000000 267.356481 14.033498 -0.471339 3.425944 0.000000 0.000000 0.000000 1.000000 0.000000 0.000000
30.000000 267.356526 13.871214 -0.375151 3.353794 0.000000 0.000000 0.000000 1.000000 0.000000 0.000000
30.000000 267.358773 14.055912 -0.398560 3.334550 0.000000 0.000000 0.000000 1.000000 0.000000 0.000000
30.000000 267.359001 13.943153 -0.447623 3.369655 0.000000 0.000000 0.000000 1.000000 0.000000 0.000000
30.000000 267.360262 13.940126 -0.446401 3.386049 0.000000 0.000000 0.000000 1.000000 0.000000 0.000000
30.000000 267.363977 13.944682 -0.448255 3.408089 0.000000 0.000000 0.000000 1.000000 0.000000 0.000000
30.000000 267.366412 13.912558 -0.460026 3.422259 0.000000 0.000000 0.000000 1.000000 0.000000 0.000000
30.000000 267.366539 13.769569 -0.376013 3.347114 0.000000 0.000000 0.000000 1.000000 0.000000 0.000000
30.000000 267.368725 13.966230 -0.401296 3.330826 0.000000 0.000000 0.000000 1.000000 0.000000 0.000000
30.000000 267.368920 13.848408 -0.452900 3.366702 0.000000 0.000000 0.000000 1.000000 0.000000 0.000000
30.000000 267.370244 13.852158 -0.452154 3.381308 0.000000 0.000000 0.000000 1.000000 0.000000 0.000000
30.000000 267.374069 13.857546 -0.454313 3.400354 0.000000 0.000000 0.000000 1.000000 0.000000 0.000000
30.000000 267.376503 13.815438 -0.470542 3.413916 0.000000 0.000000 0.000000 1.000000 0.000000 0.000000
30.000000 267.376515 13.652639 -0.377197 3.338202 0.000000 0.000000 0.000000 1.000000 0.000000 0.000000
30.000000 267.378914 13.847640 -0.402197 3.322898 0.000000 0.000000 0.000000 1.000000 0.000000 0.000000
30.000000 267.379009 13.723991 -0.455520 3.355552 0.000000 0.000000 0.000000 1.000000 0.000000 0.000000
30.000000 267.380279 13.700733 -0.453657 3.373887 0.000000 0.000000 0.000000 1.000000 0.000000 0.000000
30.000000 267.384069 13.730000 -0.465208 3.393154 0.000000 0.000000 0.000000 1.000000 0.000000 0.000000
30.000000 267.386409 13.709830 -0.472145 3.403227 0.000000 0.000000 0.000000 1.000000 0.000000 0.000000
30.000000 267.386549 13.534248 -0.372656 3.326332 0.000000 0.000000 0.000000 1.000000 0.000000 0.000000
30.000000 267.388747 13.760795 -0.402135 3.310283 0.000000 0.000000 0.000000 1.000000 0.000000 0.000000
30.000000 267.388880 13.653624 -0.448567 3.344242 0.000000 0.000000 0.000000 1.000000 0.000000 0.000000
30.000000 267.390307 13.645615 -0.447802 3.363351 0.000000 0.000000 0.000000 1.000000 0.000000 0.000000
30.000000 267.394092 13.658949 -0.453063 3.385600 0.000000 0.000000 0.000000 1.000000 0.000000 0.000000
30.000000 267.396484 13.613376 -0.472166 3.392929 0.000000 0.000000 0.000000 1.000000 0.000000 0.000000
30.000000 267.396686 13.433401 -0.371853 3.306527 0.000000 0.000000 0.000000 1.000000 0.000000 0.000000
30.000000 267.398548 13.674543 -0.402891 3.298996 0.000000 0.000000 0.000000 1.000000 0.000000 0.000000
30.000000 267.399095 13.537204 -0.461369 3.337060 0.000000 0.000000 0.000000 1.000000 0.000000 0.000000
30.000000 267.400345 13.566594 -0.460587 3.348932 0.000000 0.000000 0.000000 1.000000 0.000000 0.000000
30.000000 267.404084 13.560808 -0.458448 3.365939 0.000000 0.000000 0.000000 1.000000 0.000000 0.000000
30.000000 267.406414 13.514909 -0.475968 3.379323 0.000000 0.000000 0.000000 1.000000 0.000000 0.000000
30.000000 267.406526 13.366052 -0.390954 3.307958 0.000000 0.000000 0.000000 1.000000 0.000000 0.000000
30.000000 267.408940 13.540457 -0.412166 3.293183 0.000000 0.000000 0.000000 1.000000 0.000000 0.000000
30.000000 267.408941 13.413587 -0.465777 3.327049 0.000000 0.000000 0.000000 1.000000 0.000000 0.000000
30.000000 267.410276 13.480480 -0.465816 3.335736 0.000000 0.000000 0.000000 1.000000 0.000000 0.000000
30.000000 267.414129 13.459893 -0.457671 3.358061 0.000000 0.000000 0.000000 1.000000 0.000000 0.000000
30.000000 267.416478 13.411593 -0.477216 3.371216 0.000000 0.000000 0.000000 1.000000 0.000000 0.000000
30.000000 267.416538 13.252963 -0.388873 3.296032 0.000000 0.000000 0.000000 1.000000 0.000000 0.000000
30.000000 267.418719 13.458651 -0.414698 3.284097 0.000000 0.000000 0.000000 1.000000 0.000000 0.000000
30.000000 267.419005 13.347296 -0.460175 3.315099 0.000000 0.000000 0.000000 1.000000 0.000000 0.000000
30.000000 267.420249 13.340009 -0.457683 3.325756 0.000000 0.000000 0.000000 1.000000 0.000000 0.000000
30.000000 267.424117 13.354510 -0.463418 3.345093 0.000000 0.000000 0.000000 1.000000 0.000000 0.000000
30.000000 267.426414 13.315264 -0.479126 3.357968 0.000000 0.000000 0.000000 1.000000 0.000000 0.000000
30.000000 267.426520 13.159993 -0.392990 3.282911 0.000000 0.000000 0.000000 1.000000 0.000000 0.000000
30.000000 267.429003 13.740314 -0.468388 3.252010 0.000000 0.000000 0.000000 1.000000 0.000000 0.000000
30.000000 267.429266 13.262229 -0.457142 3.299620 0.000000 0.000000 0.000000 1.000000 0.000000 0.000000
30.000000 267.430331 13.241375 -0.471183 3.314162 0.000000 0.000000 0.000000 1.000000 0.000000 0.000000
30.000000 267.434146 13.256013 -0.478174 3.321456 0.000000 0.000000 0.000000 1.000000 0.000000 0.000000
30.000000 267.436477 13.232866 -0.486217 3.337744 0.000000 0.000000 0.000000 1.000000 0.000000 0.000000
30.000000 267.436500 13.074784 -0.398622 3.267659 0.000000 0.000000 0.000000 1.000000 0.000000 0.000000
30.000000 267.438739 13.243809 -0.418936 3.242944 0.000000 0.000000 0.000000 1.000000 0.000000 0.000000
30.000000 267.439100 13.153044 -0.458452 3.273038 0.000000 0.000000 0.000000 1.000000 0.000000 0.000000
30.000000 267.440250 13.126693 -0.458442 3.297413 0.000000 0.000000 0.000000 1.000000 0.000000 0.000000
30.000000 267.444050 13.170129 -0.475979 3.313842 0.000000 0.000000 0.000000 1.000000 0.000000 0.000000
30.000000 267.446465 13.128263 -0.493492 3.319761 0.000000 0.000000 0.000000 1.000000 0.000000 0.000000
30.000000 267.446581 12.908287 -0.376899 3.239374 0.000000 0.000000 0.000000 1.000000 0.000000 0.000000
30.000000 267.448980 13.612955 -0.478170 3.214559 0.000000 0.000000 0.000000 1.000000 0.000000 0.000000
30.000000 267.449150 13.024949 -0.471361 3.263057 0.000000 0.000000 0.000000 1.000000 0.000000 0.000000
30.000000 267.450302 13.060192 -0.460747 3.285566 0.000000 0.000000 0.000000 1.000000 0.000000 0.000000
30.000000 267.454180 13.080257 -0.471409 3.290679 0.000000 0.000000 0.000000 1.000000 0.000000 0.000000
30.000000 267.456509 13.198785 -0.433121 3.231593 0.000000 0.000000 0.000000 1.000000 0.000000 0.000000
30.000000 267.456603 12.854939 -0.401525 3.235383 0.000000 0.000000 0.000000 1.000000 0.000000 0.000000
30.000000 267.458742 12.966307 -0.461670 3.291159 0.000000 0.000000 0.000000 1.000000 0.000000 0.000000
30.000000 267.459269 12.941681 -0.469296 3.256315 0.000000 0.000000 0.000000 1.000000 0.000000 0.000000
30.000000 267.460333 12.937351 -0.466093 3.265675 0.000000 0.000000 0.000000 1.000000 0.000000 0.000000
30.000000 267.464058 12.965607 -0.477534 3.283168 0.000000 0.000000 0.000000 1.000000 0.000000 0.000000
30.000000 267.466538 12.927147 -0.493526 3.292596 0.000000 0.000000 0.000000 1.000000 0.000000 0.000000
30.000000 267.466601 12.757045 -0.403110 3.219270 0.000000 0.000000 0.000000 1.000000 0.000000 0.000000
30.000000 267.468930 12.968581 -0.429158 3.211431 0.000000 0.000000 0.000000 1.000000 0.000000 0.000000
30.000000 267.468972 12.856501 -0.472304 3.236722 0.000000 0.000000 0.000000 1.000000 0.000000 0.000000
30.000000 267.470355 12.848012 -0.468528 3.245913 0.000000 0.000000 0.000000 1.000000 0.000000 0.000000
30.000000 267.474127 12.862836 -0.474463 3.266760 0.000000 0.000000 0.000000 1.000000 0.000000 0.000000
30.000000 267.476611 12.813926 -0.495877 3.275012 0.000000 0.000000 0.000000 1.000000 0.000000 0.000000
30.000000 267.476634 12.626436 -0.398439 3.198742 0.000000 0.000000 0.000000 1.000000 0.000000 0.000000
30.000000 267.478790 12.876850 -0.429935 3.194296 0.000000 0.000000 0.000000 1.000000 0.000000 0.000000
30.000000 267.479028 12.760081 -0.475747 3.219761 0.000000 0.000000 0.000000 1.000000 0.000000 0.000000
30.000000 267.480270 12.713728 -0.471602 3.226375 0.000000 0.000000 0.000000 1.000000 0.000000 0.000000
30.000000 267.484058 12.754403 -0.488041 3.242728 0.000000 0.000000 0.000000 1.000000 0.000000 0.000000
30.000000 267.486505 12.911264 -0.433423 3.189253 0.000000 0.000000 0.000000 1.000000 0.000000 0.000000
30.000000 267.486665 12.531369 -0.398610 3.181237 0.000000 0.000000 0.000000 1.000000 0.000000 0.000000
30.000000 267.488934 12.648268 -0.459777 3.233012 0.000000 0.000000 0.000000 1.000000 0.000000 0.000000
30.000000 267.489071 12.614320 -0.472087 3.200333 0.000000 0.000000 0.000000 1.000000 0.000000 0.000000
30.000000 267.490391 12.626762 -0.470062 3.210816 0.000000 0.000000 0.000000 1.000000 0.000000 0.000000
30.000000 267.494189 12.664936 -0.485656 3.229771 0.000000 0.000000 0.000000 1.000000 0.000000 0.000000
30.000000 267.496587 12.824690 -0.430042 3.169747 0.000000 0.000000 0.000000 1.000000 0.000000 0.000000
30.000000 267.496643 12.415252 -0.391992 3.156765 0.000000 0.000000 0.000000 1.000000 0.000000 0.000000
30.000000 267.498766 12.579098 -0.475226 3.205119 0.000000 0.000000 0.000000 1.000000 0.000000 0.000000
30.000000 267.499094 12.572233 -0.477972 3.173752 0.000000 0.000000 0.000000 1.000000 0.000000 0.000000
30.000000 267.500306 12.532094 -0.476564 3.192928 0.000000 0.000000 0.000000 1.000000 0.000000 0.000000
30.000000 267.504095 12.592582 -0.501735 3.203457 0.000000 0.000000 0.000000 1.000000 0.000000 0.000000
30.000000 267.506430 12.550777 -0.519067 3.212869 0.000000 0.000000 0.000000 1.000000 0.000000 0.000000
30.000000 267.506664 12.341161 -0.411588 3.140556 0.000000 0.000000 0.000000 1.000000 0.000000 0.000000
30.000000 267.508767 12.590362 -0.442102 3.136612 0.000000 0.000000 0.000000 1.000000 0.000000 0.000000
30.000000 267.509040 12.481477 -0.482752 3.159977 0.000000 0.000000 0.000000 1.000000 0.000000 0.000000
30.000000 267.510388 12.440473 -0.477942 3.170898 0.000000 0.000000 0.000000 1.000000 0.000000 0.000000
30.000000 267.514160 12.477317 -0.493164 3.188416 0.000000 0.000000 0.000000 1.000000 0.000000 0.000000
30.000000 267.516590 12.624526 -0.442280 3.129494 0.000000 0.000000 0.000000 1.000000 0.000000 0.000000
30.000000 267.516591 12.220756 -0.405742 3.117470 0.000000 0.000000 0.000000 1.000000 0.000000 0.000000
30.000000 267.518880 12.381357 -0.486725 3.173302 0.000000 0.000000 0.000000 1.000000 0.000000 0.000000
30.000000 267.519069 12.373316 -0.485167 3.138744 0.000000 0.000000 0.000000 1.000000 0.000000 0.000000
30.000000 267.520309 12.333341 -0.479577 3.147410 0.000000 0.000000 0.000000 1.000000 0.000000 0.000000
30.000000 267.524035 12.369166 -0.494440 3.164733 0.000000 0.000000 0.000000 1.000000 0.000000 0.000000
30.000000 267.526493 12.339303 -0.507494 3.172622 0.000000 0.000000 0.000000 1.000000 0.000000 0.000000
30.000000 267.526640 12.151285 -0.412332 3.097479 0.000000 0.000000 0.000000 1.000000 0.000000 0.000000
30.000000 267.528882 12.397738 -0.442088 3.092350 0.000000 0.000000 0.000000 1.000000 0.000000 0.000000
30.000000 267.529121 12.287304 -0.482376 3.112609 0.000000 0.000000 0.000000 1.000000 0.000000 0.000000
30.000000 267.530331 12.178215 -0.475295 3.127403 0.000000 0.000000 0.000000 1.000000 0.000000 0.000000
30.000000 267.534193 12.255739 -0.507928 3.141204 0.000000 0.000000 0.000000 1.000000 0.000000 0.000000
30.000000 267.536568 12.241863 -0.514312 3.146040 0.000000 0.000000 0.000000 1.000000 0.000000 0.000000
30.000000 267.536738 12.043573 -0.415839 3.069897 0.000000 0.000000 0.000000 1.000000 0.000000 0.000000
30.000000 267.538827 12.267925 -0.442647 3.068454 0.000000 0.000000 0.000000 1.000000 0.000000 0.000000
30.000000 267.539083 12.144180 -0.489610 3.093458 0.000000 0.000000 0.000000 1.000000 0.000000 0.000000
30.000000 267.540281 12.147628 -0.486684 3.101175 0.000000 0.000000 0.000000 1.000000 0.000000 0.000000
30.000000 267.544122 12.180846 -0.500555 3.117196 0.000000 0.000000 0.000000 1.000000 0.000000 0.000000
30.000000 267.546558 12.156457 -0.512866 3.116990 0.000000 0.000000 0.000000 1.000000 0.000000 0.000000
30.000000 267.546672 11.946983 -0.411893 3.044512 0.000000 0.000000 0.000000 1.000000 0.000000 0.000000
30.000000 267.548827 12.176382 -0.440360 3.042682 0.000000 0.000000 0.000000 1.000000 0.000000 0.000000
30.000000 267.549073 12.012950 -0.507373 3.059901 0.000000 0.000000 0.000000 1.000000 0.000000 0.000000
30.000000 267.550437 12.116507 -0.509816 3.068222 0.000000 0.000000 0.000000 1.000000 0.000000 0.000000
30.000000 267.554225 12.100673 -0.502920 3.086467 0.000000 0.000000 0.000000 1.000000 0.000000 0.000000
30.000000 267.556638 12.056055 -0.522246 3.094267 0.000000 0.000000 0.000000 1.000000 0.000000 0.000000
30.000000 267.556678 11.856346 -0.422945 3.024017 0.000000 0.000000 0.000000 1.000000 0.000000 0.000000
30.000000 267.558765 12.104785 -0.452557 3.020808 0.000000 0.000000 0.000000 1.000000 0.000000 0.000000
30.000000 267.559049 11.984125 -0.497988 3.041450 0.000000 0.000000 0.000000 1.000000 0.000000 0.000000
30.000000 267.560282 11.967243 -0.494452 3.051064 0.000000 0.000000 0.000000 1.000000 0.000000 0.000000
30.000000 267.564241 11.987513 -0.502919 3.066727 0.000000 0.000000 0.000000 1.000000 0.000000 0.000000
30.000000 267.566581 11.943794 -0.523460 3.071540 0.000000 0.000000 0.000000 1.000000 0.000000 0.000000
30.000000 267.566675 11.743106 -0.425939 2.995484 0.000000 0.000000 0.000000 1.000000 0.000000 0.000000
30.000000 267.568810 12.016533 -0.458665 2.996188 0.000000 0.000000 0.000000 1.000000 0.000000 0.000000
30.000000 267.569081 11.899580 -0.499949 3.012206 0.000000 0.000000 0.000000 1.000000 0.000000 0.000000
30.000000 267.570390 11.831026 -0.492983 3.024194 0.000000 0.000000 0.000000 1.000000 0.000000 0.000000
30.000000 267.574348 11.874478 -0.511588 3.038832 0.000000 0.000000 0.000000 1.000000 0.000000 0.000000
30.000000 267.576614 11.854040 -0.520733 3.042850 0.000000 0.000000 0.000000 1.000000 0.000000 0.000000
30.000000 267.576692 11.664796 -0.428482 2.971199 0.000000 0.000000 0.000000 1.000000 0.000000 0.000000
30.000000 267.578675 11.919263 -0.458644 2.970814 0.000000 0.000000 0.000000 1.000000 0.000000 0.000000
30.000000 267.579074 11.790079 -0.505549 2.986651 0.000000 0.000000 0.000000 1.000000 0.000000 0.000000
30.000000 267.580484 11.711279 -0.498723 2.990006 0.000000 0.000000 0.000000 1.000000 0.000000 0.000000
30.000000 267.584188 11.767501 -0.522766 3.000548 0.000000 0.000000 0.000000 1.000000 0.000000 0.000000
30.000000 267.586542 11.758337 -0.526847 3.013059 0.000000 0.000000 0.000000 1.000000 0.000000 0.000000
30.000000 267.586726 11.562458 -0.432024 2.941251 0.000000 0.000000 0.000000 1.000000 0.000000 0.000000
30.000000 267.588962 11.813105 -0.461490 2.936421 0.000000 0.000000 0.000000 1.000000 0.000000 0.000000
30.000000 267.588962 11.697989 -0.505687 2.955656 0.000000 0.000000 0.000000 1.000000 0.000000 0.000000
30.000000 267.590528 11.651889 -0.502728 2.971867 0.000000 0.000000 0.000000 1.000000 0.000000 0.000000
30.000000 267.594248 11.689831 -0.519170 2.983289 0.000000 0.000000 0.000000 1.000000 0.000000 0.000000
30.000000 267.596629 11.858806 -0.454212 2.923362 0.000000 0.000000 0.000000 1.000000 0.000000 0.000000
30.000000 267.596681 11.461281 -0.419649 2.905082 0.000000 0.000000 0.000000 1.000000 0.000000 0.000000
30.000000 267.598737 11.617956 -0.494279 2.950082 0.000000 0.000000 0.000000 1.000000 0.000000 0.000000
30.000000 267.599046 11.559664 -0.517490 2.919317 0.000000 0.000000 0.000000 1.000000 0.000000 0.000000
30.000000 267.600296 11.599398 -0.517822 2.933091 0.000000 0.000000 0.000000 1.000000 0.000000 0.000000
30.000000 267.604357 11.618316 -0.526230 2.943216 0.000000 0.000000 0.000000 1.000000 0.000000 0.000000
30.000000 267.606561 11.582381 -0.541093 2.947416 0.000000 0.000000 0.000000 1.000000 0.000000 0.000000
30.000000 267.606688 11.363728 -0.435749 2.882215 0.000000 0.000000 0.000000 1.000000 0.000000 0.000000
30.000000 267.608761 11.643494 -0.468722 2.886096 0.000000 0.000000 0.000000 1.000000 0.000000 0.000000
30.000000 267.608974 11.524004 -0.511147 2.901477 0.000000 0.000000 0.000000 1.000000 0.000000 0.000000
30.000000 267.610522 11.453044 -0.504620 2.904558 0.000000 0.000000 0.000000 1.000000 0.000000 0.000000
30.000000 267.614379 11.501584 -0.525589 2.914642 0.000000 0.000000 0.000000 1.000000 0.000000 0.000000
30.000000 267.616577 11.491763 -0.530509 2.925403 0.000000 0.000000 0.000000 1.000000 0.000000 0.000000
30.000000 267.616668 11.316429 -0.446905 2.854175 0.000000 0.000000 0.000000 1.000000 0.000000 0.000000
30.000000 267.618743 11.537039 -0.471963 2.852592 0.000000 0.000000 0.000000 1.000000 0.000000 0.000000
30.000000 267.619050 11.418616 -0.513858 2.869269 0.000000 0.000000 0.000000 1.000000 0.000000 0.000000
30.000000 267.620435 11.327876 -0.506938 2.874085 0.000000 0.000000 0.000000 1.000000 0.000000 0.000000
30.000000 267.624319 11.391165 -0.534615 2.882424 0.000000 0.000000 0.000000 1.000000 0.000000 0.000000
30.000000 267.626560 11.392454 -0.534592 2.891860 0.000000 0.000000 0.000000 1.000000 0.000000 0.000000
30.000000 267.626631 11.212014 -0.450047 2.823175 0.000000 0.000000 0.000000 1.000000 0.000000 0.000000
30.000000 267.628897 11.438076 -0.476075 2.823187 0.000000 0.000000 0.000000 1.000000 0.000000 0.000000
30.000000 267.628951 11.317476 -0.518269 2.834785 0.000000 0.000000 0.000000 1.000000 0.000000 0.000000
30.000000 267.630624 11.234550 -0.511132 2.844319 0.000000 0.000000 0.000000 1.000000 0.000000 0.000000
30.000000 267.634206 11.302273 -0.541027 2.854566 0.000000 0.000000 0.000000 1.000000 0.000000 0.000000
30.000000 267.636634 11.472447 -0.473935 2.803484 0.000000 0.000000 0.000000 1.000000 0.000000 0.000000
30.000000 267.636657 11.076278 -0.441055 2.786289 0.000000 0.000000 0.000000 1.000000 0.000000 0.000000
30.000000 267.639084 11.170209 -0.501437 2.822151 0.000000 0.000000 0.000000 1.000000 0.000000 0.000000
30.000000 267.639084 11.227782 -0.518007 2.792737 0.000000 0.000000 0.000000 1.000000 0.000000 0.000000
30.000000 267.640398 11.219468 -0.526659 2.807724 0.000000 0.000000 0.000000 1.000000 0.000000 0.000000
30.000000 267.644124 11.220182 -0.529799 2.821025 0.000000 0.000000 0.000000 1.000000 0.000000 0.000000
30.000000 267.646534 11.201393 -0.539780 2.821995 0.000000 0.000000 0.000000 1.000000 0.000000 0.000000
30.000000 267.646677 10.997391 -0.446183 2.748668 0.000000 0.000000 0.000000 1.000000 0.000000 0.000000
30.000000 267.648808 11.256952 -0.476059 2.750437 0.000000 0.000000 0.000000 1.000000 0.000000 0.000000
30.000000 267.648943 11.134894 -0.521315 2.765099 0.000000 0.000000 0.000000 1.000000 0.000000 0.000000
30.000000 267.650505 11.093578 -0.517941 2.778102 0.000000 0.000000 0.000000 1.000000 0.000000 0.000000
30.000000 267.654279 11.145062 -0.541311 2.780522 0.000000 0.000000 0.000000 1.000000 0.000000 0.000000
30.000000 267.656668 11.116884 -0.553427 2.785090 0.000000 0.000000 0.000000 1.000000 0.000000 0.000000
30.000000 267.656693 10.903414 -0.453905 2.719932 0.000000 0.000000 0.000000 1.000000 0.000000 0.000000
30.000000 267.659161 11.313122 -0.516576 2.697373 0.000000 0.000000 0.000000 1.000000 0.000000 0.000000
30.000000 267.660432 11.005350 -0.522008 2.739678 0.000000 0.000000 0.000000 1.000000 0.000000 0.000000
30.000000 267.661028 11.029877 -0.532131 2.747336 0.000000 0.000000 0.000000 1.000000 0.000000 0.000000
30.000000 267.664357 11.071219 -0.514944 2.748539 0.000000 0.000000 0.000000 1.000000 0.000000 0.000000
30.000000 267.666611 11.010450 -0.545558 2.753556 0.000000 0.000000 0.000000 1.000000 0.000000 0.000000
30.000000 267.666829 10.806796 -0.453319 2.683692 0.000000 0.000000 0.000000 1.000000 0.000000 0.000000
30.000000 267.668997 11.073499 -0.483911 2.690639 0.000000 0.000000 0.000000 1.000000 0.000000 0.000000
30.000000 267.669052 10.928966 -0.534092 2.696983 0.000000 0.000000 0.000000 1.000000 0.000000 0.000000
30.000000 267.670533 10.915903 -0.528340 2.701694 0.000000 0.000000 0.000000 1.000000 0.000000 0.000000
30.000000 267.674306 10.952600 -0.544614 2.714862 0.000000 0.000000 0.000000 1.000000 0.000000 0.000000
30.000000 267.676609 11.091575 -0.490880 2.665315 0.000000 0.000000 0.000000 1.000000 0.000000 0.000000
30.000000 267.676649 10.724222 -0.462430 2.647132 0.000000 0.000000 0.000000 1.000000 0.000000 0.000000
30.000000 267.679176 10.809112 -0.517717 2.681063 0.000000 0.000000 0.000000 1.000000 0.000000 0.000000
30.000000 267.679237 10.840810 -0.536509 2.661464 0.000000 0.000000 0.000000 1.000000 0.000000 0.000000
30.000000 267.680504 10.826668 -0.547212 2.668469 0.000000 0.000000 0.000000 1.000000 0.000000 0.000000
30.000000 267.684234 10.834332 -0.549985 2.675468 0.000000 0.000000 0.000000 1.000000 0.000000 0.000000
30.000000 267.686603 10.819780 -0.558604 2.682452 0.000000 0.000000 0.000000 1.000000 0.000000 0.000000
30.000000 267.686704 10.597378 -0.459381 2.607603 0.000000 0.000000 0.000000 1.000000 0.000000 0.000000
30.000000 267.688977 11.015740 -0.527283 2.587994 0.000000 0.000000 0.000000 1.000000 0.000000 0.000000
30.000000 267.689109 10.726948 -0.540411 2.621334 0.000000 0.000000 0.000000 1.000000 0.000000 0.000000
30.000000 267.690551 10.744191 -0.538002 2.632541 0.000000 0.000000 0.000000 1.000000 0.000000 0.000000
30.000000 267.694263 10.757265 -0.545044 2.636234 0.000000 0.000000 0.000000 1.000000 0.000000 0.000000
30.000000 267.696609 10.908637 -0.482810 2.586652 0.000000 0.000000 0.000000 1.000000 0.000000 0.000000
30.000000 267.696633 10.459277 -0.443404 2.562690 0.000000 0.000000 0.000000 1.000000 0.000000 0.000000
30.000000 267.698788 10.660308 -0.532528 2.601626 0.000000 0.000000 0.000000 1.000000 0.000000 0.000000
30.000000 267.699083 10.653586 -0.538572 2.574747 0.000000 0.000000 0.000000 1.000000 0.000000 0.000000
30.000000 267.700480 10.635831 -0.540735 2.592126 0.000000 0.000000 0.000000 1.000000 0.000000 0.000000
30.000000 267.704201 10.666151 -0.554961 2.593407 0.000000 0.000000 0.000000 1.000000 0.000000 0.000000
30.000000 267.706582 10.639007 -0.566763 2.597693 0.000000 0.000000 0.000000 1.000000 0.000000 0.000000
30.000000 267.706671 10.415304 -0.465351 2.531909 0.000000 0.000000 0.000000 1.000000 0.000000 0.000000
30.000000 267.708833 10.702407 -0.497316 2.539635 0.000000 0.000000 0.000000 1.000000 0.000000 0.000000
30.000000 267.709029 10.566245 -0.543465 2.545446 0.000000 0.000000 0.000000 1.000000 0.000000 0.000000
30.000000 267.710508 10.520231 -0.536850 2.554475 0.000000 0.000000 0.000000 1.000000 0.000000 0.000000
30.000000 267.714336 10.565221 -0.557801 2.559046 0.000000 0.000000 0.000000 1.000000 0.000000 0.000000
30.000000 267.716648 10.703622 -0.500236 2.509311 0.000000 0.000000 0.000000 1.000000 0.000000 0.000000
30.000000 267.716655 10.324113 -0.469161 2.492035 0.000000 0.000000 0.000000 1.000000 0.000000 0.000000
30.000000 267.718793 10.497759 -0.545978 2.536334 0.000000 0.000000 0.000000 1.000000 0.000000 0.000000
30.000000 267.719235 10.468662 -0.551633 2.502286 0.000000 0.000000 0.000000 1.000000 0.000000 0.000000
30.000000 267.720540 10.440464 -0.545366 2.507908 0.000000 0.000000 0.000000 1.000000 0.000000 0.000000
30.000000 267.724309 10.470856 -0.559567 2.512709 0.000000 0.000000 0.000000 1.000000 0.000000 0.000000
30.000000 267.726613 10.450094 -0.568851 2.516920 0.000000 0.000000 0.000000 1.000000 0.000000 0.000000
30.000000 267.726700 10.242771 -0.475888 2.451068 0.000000 0.000000 0.000000 1.000000 0.000000 0.000000
30.000000 267.728874 10.510103 -0.505058 2.460874 0.000000 0.000000 0.000000 1.000000 0.000000 0.000000
30.000000 267.729060 10.368468 -0.549502 2.463421 0.000000 0.000000 0.000000 1.000000 0.000000 0.000000
30.000000 267.730473 10.308381 -0.539460 2.465523 0.000000 0.000000 0.000000 1.000000 0.000000 0.000000
30.000000 267.734412 10.371614 -0.569252 2.466865 0.000000 0.000000 0.000000 1.000000 0.000000 0.000000
30.000000 267.736634 10.369378 -0.569576 2.472971 0.000000 0.000000 0.000000 1.000000 0.000000 0.000000
30.000000 267.737163 10.164399 -0.478411 2.409292 0.000000 0.000000 0.000000 1.000000 0.000000 0.000000
30.000000 267.738721 10.406107 -0.504707 2.412089 0.000000 0.000000 0.000000 1.000000 0.000000 0.000000
30.000000 267.739314 10.257655 -0.557214 2.414513 0.000000 0.000000 0.000000 1.000000 0.000000 0.000000
30.000000 267.740460 10.251712 -0.553708 2.419674 0.000000 0.000000 0.000000 1.000000 0.000000 0.000000
30.000000 267.744339 10.288552 -0.571112 2.423313 0.000000 0.000000 0.000000 1.000000 0.000000 0.000000
30.000000 267.746597 10.289947 -0.571294 2.418383 0.000000 0.000000 0.000000 1.000000 0.000000 0.000000
30.000000 267.746737 10.040190 -0.464402 2.349808 0.000000 0.000000 0.000000 1.000000 0.000000 0.000000
30.000000 267.748842 10.344318 -0.498615 2.371429 0.000000 0.000000 0.000000 1.000000 0.000000 0.000000
30.000000 267.749272 10.174416 -0.556308 2.371439 0.000000 0.000000 0.000000 1.000000 0.000000 0.000000
30.000000 267.750555 10.149797 -0.549813 2.373541 0.000000 0.000000 0.000000 1.000000 0.000000 0.000000
30.000000 267.754508 10.195033 -0.571426 2.374181 0.000000 0.000000 0.000000 1.000000 0.000000 0.000000
30.000000 267.756693 10.177612 -0.578993 2.381003 0.000000 0.000000 0.000000 1.000000 0.000000 0.000000
30.000000 267.756906 9.959300 -0.483096 2.319799 0.000000 0.000000 0.000000 1.000000 0.000000 0.000000
30.000000 267.758814 10.235695 -0.513308 2.332445 0.000000 0.000000 0.000000 1.000000 0.000000 0.000000
30.000000 267.759145 10.076460 -0.565032 2.328747 0.000000 0.000000 0.000000 1.000000 0.000000 0.000000
30.000000 267.760503 10.065644 -0.557466 2.330444 0.000000 0.000000 0.000000 1.000000 0.000000 0.000000
30.000000 267.764354 10.102968 -0.575107 2.336929 0.000000 0.000000 0.000000 1.000000 0.000000 0.000000
30.000000 267.766618 10.087873 -0.582180 2.341972 0.000000 0.000000 0.000000 1.000000 0.000000 0.000000
30.000000 267.766741 9.856424 -0.481870 2.276837 0.000000 0.000000 0.000000 1.000000 0.000000 0.000000
30.000000 267.768848 10.149050 -0.513768 2.291141 0.000000 0.000000 0.000000 1.000000 0.000000 0.000000
30.000000 267.769065 9.972514 -0.571620 2.284552 0.000000 0.000000 0.000000 1.000000 0.000000 0.000000
30.000000 267.770540 9.980251 -0.564453 2.282318 0.000000 0.000000 0.000000 1.000000 0.000000 0.000000
30.000000 267.774383 10.006129 -0.576799 2.287234 0.000000 0.000000 0.000000 1.000000 0.000000 0.000000
30.000000 267.776657 10.145986 -0.512101 2.244993 0.000000 0.000000 0.000000 1.000000 0.000000 0.000000
30.000000 267.776730 9.733035 -0.474461 2.223897 0.000000 0.000000 0.000000 1.000000 0.000000 0.000000
30.000000 267.779119 9.934437 -0.560131 2.270291 0.000000 0.000000 0.000000 1.000000 0.000000 0.000000
30.000000 267.779157 9.893658 -0.569898 2.239846 0.000000 0.000000 0.000000 1.000000 0.000000 0.000000
30.000000 267.780418 9.843048 -0.562652 2.242583 0.000000 0.000000 0.000000 1.000000 0.000000 0.000000
30.000000 267.784321 9.901452 -0.591132 2.239463 0.000000 0.000000 0.000000 1.000000 0.000000 0.000000
30.000000 267.786675 9.906144 -0.587474 2.246534 0.000000 0.000000 0.000000 1.000000 0.000000 0.000000
30.000000 267.786784 9.648867 -0.476327 2.177499 0.000000 0.000000 0.000000 1.000000 0.000000 0.000000
30.000000 267.788829 9.954268 -0.509114 2.191465 0.000000 0.000000 0.000000 1.000000 0.000000 0.000000
30.000000 267.789082 9.779826 -0.570352 2.191062 0.000000 0.000000 0.000000 1.000000 0.000000 0.000000
30.000000 267.790510 9.795814 -0.567870 2.193582 0.000000 0.000000 0.000000 1.000000 0.000000 0.000000
30.000000 267.794271 9.825428 -0.582443 2.194368 0.000000 0.000000 0.000000 1.000000 0.000000 0.000000
30.000000 267.796745 9.955054 -0.521497 2.152471 0.000000 0.000000 0.000000 1.000000 0.000000 0.000000
30.000000 267.796752 9.565153 -0.486538 2.134137 0.000000 0.000000 0.000000 1.000000 0.000000 0.000000
30.000000 267.798739 9.734017 -0.557725 2.171750 0.000000 0.000000 0.000000 1.000000 0.000000 0.000000
30.000000 267.799139 9.698963 -0.570171 2.143031 0.000000 0.000000 0.000000 1.000000 0.000000 0.000000
30.000000 267.800445 9.694578 -0.568987 2.149406 0.000000 0.000000 0.000000 1.000000 0.000000 0.000000
30.000000 267.804235 9.736673 -0.590190 2.143590 0.000000 0.000000 0.000000 1.000000 0.000000 0.000000
30.000000 267.806595 9.726244 -0.593968 2.143330 0.000000 0.000000 0.000000 1.000000 0.000000 0.000000
30.000000 267.806705 9.488191 -0.493050 2.084767 0.000000 0.000000 0.000000 1.000000 0.000000 0.000000
30.000000 267.808867 9.789397 -0.525710 2.106531 0.000000 0.000000 0.000000 1.000000 0.000000 0.000000
30.000000 267.809013 9.638052 -0.574735 2.101056 0.000000 0.000000 0.000000 1.000000 0.000000 0.000000
30.000000 267.810483 9.606245 -0.567480 2.101270 0.000000 0.000000 0.000000 1.000000 0.000000 0.000000
30.000000 267.814381 9.652407 -0.590750 2.094212 0.000000 0.000000 0.000000 1.000000 0.000000 0.000000
30.000000 267.816646 9.640078 -0.595753 2.097669 0.000000 0.000000 0.000000 1.000000 0.000000 0.000000
30.000000 267.816729 9.378691 -0.485138 2.031389 0.000000 0.000000 0.000000 1.000000 0.000000 0.000000
30.000000 267.818814 9.709833 -0.520649 2.054974 0.000000 0.000000 0.000000 1.000000 0.000000 0.000000
30.000000 267.819159 9.536853 -0.577444 2.049226 0.000000 0.000000 0.000000 1.000000 0.000000 0.000000
30.000000 267.820406 9.502361 -0.570208 2.051681 0.000000 0.000000 0.000000 1.000000 0.000000 0.000000
30.000000 267.824319 9.552644 -0.595473 2.046907 0.000000 0.000000 0.000000 1.000000 0.000000 0.000000
30.000000 267.826660 9.543294 -0.599271 2.051188 0.000000 0.000000 0.000000 1.000000 0.000000 0.000000
30.000000 267.826749 9.273067 -0.485126 1.977453 0.000000 0.000000 0.000000 1.000000 0.000000 0.000000
30.000000 267.828973 9.615956 -0.521169 2.001601 0.000000 0.000000 0.000000 1.000000 0.000000 0.000000
30.000000 267.829084 9.435965 -0.582746 2.001987 0.000000 0.000000 0.000000 1.000000 0.000000 0.000000
30.000000 267.830467 9.441285 -0.579358 1.999136 0.000000 0.000000 0.000000 1.000000 0.000000 0.000000
30.000000 267.834296 9.463060 -0.590240 1.998447 0.000000 0.000000 0.000000 1.000000 0.000000 0.000000
30.000000 267.836659 9.444963 -0.600076 2.001864 0.000000 0.000000 0.000000 1.000000 0.000000 0.000000
30.000000 267.836692 9.183058 -0.491447 1.927957 0.000000 0.000000 0.000000 1.000000 0.000000 0.000000
30.000000 267.838880 9.480308 -0.522445 1.939832 0.000000 0.000000 0.000000 1.000000 0.000000 0.000000
30.000000 267.839235 9.338322 -0.576416 1.942164 0.000000 0.000000 0.000000 1.000000 0.000000 0.000000
30.000000 267.840394 9.335757 -0.578471 1.950129 0.000000 0.000000 0.000000 1.000000 0.000000 0.000000
30.000000 267.844313 9.367752 -0.594324 1.951410 0.000000 0.000000 0.000000 1.000000 0.000000 0.000000
30.000000 267.846644 9.365900 -0.599083 1.943960 0.000000 0.000000 0.000000 1.000000 0.000000 0.000000
30.000000 267.846763 9.058109 -0.476784 1.860331 0.000000 0.000000 0.000000 1.000000 0.000000 0.000000
30.000000 267.848796 9.449083 -0.518769 1.897926 0.000000 0.000000 0.000000 1.000000 0.000000 0.000000
30.000000 267.849089 9.259667 -0.586061 1.895515 0.000000 0.000000 0.000000 1.000000 0.000000 0.000000
30.000000 267.850586 9.236388 -0.583901 1.897225 0.000000 0.000000 0.000000 1.000000 0.000000 0.000000
30.000000 267.854345 9.270489 -0.601631 1.889248 0.000000 0.000000 0.000000 1.000000 0.000000 0.000000
30.000000 267.856616 9.264223 -0.604362 1.891961 0.000000 0.000000 0.000000 1.000000 0.000000 0.000000
30.000000 267.856707 9.003074 -0.496455 1.821287 0.000000 0.000000 0.000000 1.000000 0.000000 0.000000
30.000000 267.859169 9.337791 -0.561199 1.815810 0.000000 0.000000 0.000000 1.000000 0.000000 0.000000
30.000000 267.860442 9.149267 -0.583011 1.846279 0.000000 0.000000 0.000000 1.000000 0.000000 0.000000
30.000000 267.861017 9.166540 -0.591665 1.845142 0.000000 0.000000 0.000000 1.000000 0.000000 0.000000
30.000000 267.864333 9.190919 -0.591712 1.843368 0.000000 0.000000 0.000000 1.000000 0.000000 0.000000
30.000000 267.866711 9.327496 -0.535681 1.796123 0.000000 0.000000 0.000000 1.000000 0.000000 0.000000
30.000000 267.866722 8.923160 -0.501770 1.763594 0.000000 0.000000 0.000000 1.000000 0.000000 0.000000
30.000000 267.868898 9.117283 -0.580818 1.811235 0.000000 0.000000 0.000000 1.000000 0.000000 0.000000
30.000000 267.869088 9.074119 -0.591022 1.786128 0.000000 0.000000 0.000000 1.000000 0.000000 0.000000
30.000000 267.870523 9.069271 -0.585629 1.790914 0.000000 0.000000 0.000000 1.000000 0.000000 0.000000
30.000000 267.874422 9.097530 -0.600448 1.788701 0.000000 0.000000 0.000000 1.000000 0.000000 0.000000
30.000000 267.876874 9.083354 -0.607641 1.783751 0.000000 0.000000 0.000000 1.000000 0.000000 0.000000
30.000000 267.876938 8.797530 -0.491503 1.705020 0.000000 0.000000 0.000000 1.000000 0.000000 0.000000
30.000000 267.879097 9.173555 -0.530391 1.736003 0.000000 0.000000 0.000000 1.000000 0.000000 0.000000
30.000000 267.879208 9.001268 -0.589866 1.733189 0.000000 0.000000 0.000000 1.000000 0.000000 0.000000
30.000000 267.880423 8.933480 -0.585377 1.745678 0.000000 0.000000 0.000000 1.000000 0.000000 0.000000
30.000000 267.884354 8.990509 -0.615909 1.730375 0.000000 0.000000 0.000000 1.000000 0.000000 0.000000
30.000000 267.886665 8.993824 -0.613369 1.725154 0.000000 0.000000 0.000000 1.000000 0.000000 0.000000
30.000000 267.886802 8.683455 -0.488242 1.647384 0.000000 0.000000 0.000000 1.000000 0.000000 0.000000
30.000000 267.888938 9.074153 -0.528911 1.683699 0.000000 0.000000 0.000000 1.000000 0.000000 0.000000
30.000000 267.889098 8.897940 -0.592376 1.681550 0.000000 0.000000 0.000000 1.000000 0.000000 0.000000
30.000000 267.890542 8.887136 -0.592577 1.685756 0.000000 0.000000 0.000000 1.000000 0.000000 0.000000
30.000000 267.894477 8.922884 -0.611579 1.678035 0.000000 0.000000 0.000000 1.000000 0.000000 0.000000
30.000000 267.896779 9.057777 -0.545244 1.632267 0.000000 0.000000 0.000000 1.000000 0.000000 0.000000
30.000000 267.896825 8.661701 -0.512726 1.595880 0.000000 0.000000 0.000000 1.000000 0.000000 0.000000
30.000000 267.898806 8.846941 -0.586987 1.640967 0.000000 0.000000 0.000000 1.000000 0.000000 0.000000
30.000000 267.899173 8.802626 -0.600587 1.619683 0.000000 0.000000 0.000000 1.000000 0.000000 0.000000
30.000000 267.900457 8.812593 -0.598481 1.617715 0.000000 0.000000 0.000000 1.000000 0.000000 0.000000
30.000000 267.904325 8.834901 -0.610447 1.613238 0.000000 0.000000 0.000000 1.000000 0.000000 0.000000
30.000000 267.906587 8.823592 -0.617337 1.610670 0.000000 0.000000 0.000000 1.000000 0.000000 0.000000
30.000000 267.906875 8.580232 -0.520620 1.539398 0.000000 0.000000 0.000000 1.000000 0.000000 0.000000
30.000000 267.908918 8.873987 -0.550283 1.564953 0.000000 0.000000 0.000000 1.000000 0.000000 0.000000
30.000000 267.909120 8.721919 -0.602082 1.562391 0.000000 0.000000 0.000000 1.000000 0.000000 0.000000
30.000000 267.910472 8.706984 -0.599822 1.565938 0.000000 0.000000 0.000000 1.000000 0.000000 0.000000
30.000000 267.914417 8.739771 -0.617864 1.555740 0.000000 0.000000 0.000000 1.000000 0.000000 0.000000
30.000000 267.916781 8.872231 -0.548501 1.510455 0.000000 0.000000 0.000000 1.000000 0.000000 0.000000
30.000000 267.916872 8.451407 -0.510949 1.474018 0.000000 0.000000 0.000000 1.000000 0.000000 0.000000
30.000000 267.918896 8.659407 -0.593271 1.521185 0.000000 0.000000 0.000000 1.000000 0.000000 0.000000
30.000000 267.919173 8.628353 -0.606901 1.504941 0.000000 0.000000 0.000000 1.000000 0.000000 0.000000
30.000000 267.920476 8.627818 -0.608730 1.506730 0.000000 0.000000 0.000000 1.000000 0.000000 0.000000
30.000000 267.924382 8.646187 -0.618732 1.501788 0.000000 0.000000 0.000000 1.000000 0.000000 0.000000
30.000000 267.926822 8.788210 -0.547758 1.453013 0.000000 0.000000 0.000000 1.000000 0.000000 0.000000
30.000000 267.926872 8.384346 -0.515939 1.415001 0.000000 0.000000 0.000000 1.000000 0.000000 0.000000
30.000000 267.928999 8.584786 -0.595329 1.463376 0.000000 0.000000 0.000000 1.000000 0.000000 0.000000
30.000000 267.929172 8.573015 -0.601885 1.448670 0.000000 0.000000 0.000000 1.000000 0.000000 0.000000
30.000000 267.930489 8.475237 -0.599515 1.464042 0.000000 0.000000 0.000000 1.000000 0.000000 0.000000
30.000000 267.934406 8.536658 -0.633658 1.442154 0.000000 0.000000 0.000000 1.000000 0.000000 0.000000
30.000000 267.936695 8.560186 -0.622503 1.432198 0.000000 0.000000 0.000000 1.000000 0.000000 0.000000
30.000000 267.936790 8.322212 -0.530941 1.362626 0.000000 0.000000 0.000000 1.000000 0.000000 0.000000
30.000000 267.938795 8.591815 -0.557974 1.389489 0.000000 0.000000 0.000000 1.000000 0.000000 0.000000
30.000000 267.939486 8.468994 -0.600870 1.389550 0.000000 0.000000 0.000000 1.000000 0.000000 0.000000
30.000000 267.940473 8.443778 -0.600040 1.397615 0.000000 0.000000 0.000000 1.000000 0.000000 0.000000
30.000000 267.944329 8.473753 -0.617416 1.383472 0.000000 0.000000 0.000000 1.000000 0.000000 0.000000
30.000000 267.946686 8.464289 -0.623419 1.372122 0.000000 0.000000 0.000000 1.000000 0.000000 0.000000
30.000000 267.946781 8.200710 -0.522415 1.302306 0.000000 0.000000 0.000000 1.000000 0.000000 0.000000
30.000000 267.948965 8.506137 -0.553278 1.330180 0.000000 0.000000 0.000000 1.000000 0.000000 0.000000
30.000000 267.949368 8.378300 -0.602464 1.325241 0.000000 0.000000 0.000000 1.000000 0.000000 0.000000
30.000000 267.950601 8.349415 -0.605431 1.340308 0.000000 0.000000 0.000000 1.000000 0.000000 0.000000
30.000000 267.954564 8.387501 -0.628279 1.317976 0.000000 0.000000 0.000000 1.000000 0.000000 0.000000
30.000000 267.956693 8.382761 -0.627896 1.303706 0.000000 0.000000 0.000000 1.000000 0.000000 0.000000
30.000000 267.956931 8.117778 -0.523794 1.236243 0.000000 0.000000 0.000000 1.000000 0.000000 0.000000
30.000000 267.958875 8.433762 -0.555406 1.268848 0.000000 0.000000 0.000000 1.000000 0.000000 0.000000
30.000000 267.959322 8.295370 -0.605275 1.264818 0.000000 0.000000 0.000000 1.000000 0.000000 0.000000
30.000000 267.960534 8.250929 -0.605199 1.279753 0.000000 0.000000 0.000000 1.000000 0.000000 0.000000
30.000000 267.964325 8.292926 -0.629461 1.262877 0.000000 0.000000 0.000000 1.000000 0.000000 0.000000
30.000000 267.966671 8.296306 -0.629199 1.246043 0.000000 0.000000 0.000000 1.000000 0.000000 0.000000
30.000000 267.966810 8.037328 -0.532595 1.179705 0.000000 0.000000 0.000000 1.000000 0.000000 0.000000
30.000000 267.968886 8.331639 -0.562384 1.217296 0.000000 0.000000 0.000000 1.000000 0.000000 0.000000
30.000000 267.969350 8.192807 -0.612463 1.210895 0.000000 0.000000 0.000000 1.000000 0.000000 0.000000
30.000000 267.970540 8.182616 -0.613831 1.214693 0.000000 0.000000 0.000000 1.000000 0.000000 0.000000
30.000000 267.974432 8.203978 -0.627185 1.198631 0.000000 0.000000 0.000000 1.000000 0.000000 0.000000
30.000000 267.976674 8.198592 -0.630500 1.186106 0.000000 0.000000 0.000000 1.000000 0.000000 0.000000
30.000000 267.976908 7.976669 -0.546799 1.126082 0.000000 0.000000 0.000000 1.000000 0.000000 0.000000
30.000000 267.978928 8.233690 -0.572365 1.155260 0.000000 0.000000 0.000000 1.000000 0.000000 0.000000
30.000000 267.979418 8.106117 -0.617910 1.148670 0.000000 0.000000 0.000000 1.000000 0.000000 0.000000
30.000000 267.980486 8.088322 -0.618488 1.153443 0.000000 0.000000 0.000000 1.000000 0.000000 0.000000
30.000000 267.984353 8.113285 -0.634041 1.135798 0.000000 0.000000 0.000000 1.000000 0.000000 0.000000
30.000000 267.986656 8.114151 -0.632312 1.124807 0.000000 0.000000 0.000000 1.000000 0.000000 0.000000
30.000000 267.986774 7.886372 -0.545172 1.064860 0.000000 0.000000 0.000000 1.000000 0.000000 0.000000
30.000000 267.988948 8.165166 -0.572752 1.099198 0.000000 0.000000 0.000000 1.000000 0.000000 0.000000
30.000000 267.989060 8.018196 -0.622057 1.089725 0.000000 0.000000 0.000000 1.000000 0.000000 0.000000
30.000000 267.990616 8.014035 -0.620728 1.087620 0.000000 0.000000 0.000000 1.000000 0.000000 0.000000
30.000000 267.994391 8.032642 -0.632948 1.070188 0.000000 0.000000 0.000000 1.000000 0.000000 0.000000
30.000000 267.996738 8.021027 -0.639209 1.060754 0.000000 0.000000 0.000000 1.000000 0.000000 0.000000
30.000000 267.996949 7.778766 -0.546798 0.987905 0.000000 0.000000 0.000000 1.000000 0.000000 0.000000
30.000000 267.998855 8.067900 -0.574459 1.010163 0.000000 0.000000 0.000000 1.000000 0.000000 0.000000
30.000000 267.999321 7.963716 -0.615962 1.007364 0.000000 0.000000 0.000000 1.000000 0.000000 0.000000
30.000000 268.000485 7.911521 -0.618991 1.025500 0.000000 0.000000 0.000000 1.000000 0.000000 0.000000
30.000000 268.004277 7.949738 -0.643148 0.998534 0.000000 0.000000 0.000000 1.000000 0.000000 0.000000
30.000000 268.006702 7.938463 -0.645900 0.989000 0.000000 0.000000 0.000000 1.000000 0.000000 0.000000
30.000000 268.006792 7.686087 -0.548618 0.928014 0.000000 0.000000 0.000000 1.000000 0.000000 0.000000
30.000000 268.008981 7.978919 -0.577211 0.959670 0.000000 0.000000 0.000000 1.000000 0.000000 0.000000
30.000000 268.009258 7.863447 -0.619460 0.951433 0.000000 0.000000 0.000000 1.000000 0.000000 0.000000
30.000000 268.010548 7.825164 -0.620253 0.962780 0.000000 0.000000 0.000000 1.000000 0.000000 0.000000
30.000000 268.014487 7.852044 -0.637979 0.939428 0.000000 0.000000 0.000000 1.000000 0.000000 0.000000
30.000000 268.016809 7.846397 -0.640363 0.923441 0.000000 0.000000 0.000000 1.000000 0.000000 0.000000
30.000000 268.016991 7.594400 -0.546663 0.858146 0.000000 0.000000 0.000000 1.000000 0.000000 0.000000
30.000000 268.018909 7.905828 -0.577155 0.895391 0.000000 0.000000 0.000000 1.000000 0.000000 0.000000
30.000000 268.019285 7.777072 -0.624956 0.884824 0.000000 0.000000 0.000000 1.000000 0.000000 0.000000
30.000000 268.020527 7.731024 -0.626324 0.897084 0.000000 0.000000 0.000000 1.000000 0.000000 0.000000
30.000000 268.024596 7.762766 -0.646953 0.872049 0.000000 0.000000 0.000000 1.000000 0.000000 0.000000
30.000000 268.026695 7.764058 -0.646024 0.855359 0.000000 0.000000 0.000000 1.000000 0.000000 0.000000
30.000000 268.026876 7.513647 -0.554024 0.790631 0.000000 0.000000 0.000000 1.000000 0.000000 0.000000
30.000000 268.028950 7.824836 -0.584379 0.830164 0.000000 0.000000 0.000000 1.000000 0.000000 0.000000
30.000000 268.029325 7.695102 -0.632944 0.818995 0.000000 0.000000 0.000000 1.000000 0.000000 0.000000
30.000000 268.030585 7.654217 -0.634921 0.827098 0.000000 0.000000 0.000000 1.000000 0.000000 0.000000
30.000000 268.034421 7.677583 -0.651170 0.801417 0.000000 0.000000 0.000000 1.000000 0.000000 0.000000
30.000000 268.036726 7.674667 -0.651207 0.789942 0.000000 0.000000 0.000000 1.000000 0.000000 0.000000
30.000000 268.036924 7.365414 -0.535936 0.714550 0.000000 0.000000 0.000000 1.000000 0.000000 0.000000
30.000000 268.038939 7.696600 -0.568158 0.765305 0.000000 0.000000 0.000000 1.000000 0.000000 0.000000
30.000000 268.039205 7.545622 -0.627941 0.764394 0.000000 0.000000 0.000000 1.000000 0.000000 0.000000
30.000000 268.040553 7.567651 -0.637421 0.762741 0.000000 0.000000 0.000000 1.000000 0.000000 0.000000
30.000000 268.044398 7.591774 -0.654504 0.736243 0.000000 0.000000 0.000000 1.000000 0.000000 0.000000
30.000000 268.046722 7.589558 -0.654453 0.717343 0.000000 0.000000 0.000000 1.000000 0.000000 0.000000
30.000000 268.046847 7.299195 -0.548141 0.645052 0.000000 0.000000 0.000000 1.000000 0.000000 0.000000
30.000000 268.048947 7.637427 -0.580913 0.692038 0.000000 0.000000 0.000000 1.000000 0.000000 0.000000
30.000000 268.049121 7.502581 -0.632640 0.682246 0.000000 0.000000 0.000000 1.000000 0.000000 0.000000
30.000000 268.050644 7.493536 -0.637912 0.687529 0.000000 0.000000 0.000000 1.000000 0.000000 0.000000
30.000000 268.054431 7.519678 -0.657187 0.655044 0.000000 0.000000 0.000000 1.000000 0.000000 0.000000
30.000000 268.056820 7.503214 -0.660851 0.642846 0.000000 0.000000 0.000000 1.000000 0.000000 0.000000
30.000000 268.056982 7.239769 -0.560748 0.581140 0.000000 0.000000 0.000000 1.000000 0.000000 0.000000
30.000000 268.058893 7.577034 -0.593044 0.626840 0.000000 0.000000 0.000000 1.000000 0.000000 0.000000
30.000000 268.059330 7.437081 -0.641084 0.611098 0.000000 0.000000 0.000000 1.000000 0.000000 0.000000
30.000000 268.060560 7.393628 -0.639810 0.622926 0.000000 0.000000 0.000000 1.000000 0.000000 0.000000
30.000000 268.064327 7.419855 -0.658770 0.593816 0.000000 0.000000 0.000000 1.000000 0.000000 0.000000
30.000000 268.066741 7.413709 -0.658607 0.577632 0.000000 0.000000 0.000000 1.000000 0.000000 0.000000
30.000000 268.066789 7.176012 -0.570151 0.515333 0.000000 0.000000 0.000000 1.000000 0.000000 0.000000
30.000000 268.069134 7.473516 -0.598268 0.552332 0.000000 0.000000 0.000000 1.000000 0.000000 0.000000
30.000000 268.069240 7.356715 -0.642087 0.541091 0.000000 0.000000 0.000000 1.000000 0.000000 0.000000
30.000000 268.070633 7.317377 -0.644338 0.552200 0.000000 0.000000 0.000000 1.000000 0.000000 0.000000
30.000000 268.074363 7.340541 -0.662147 0.520233 0.000000 0.000000 0.000000 1.000000 0.000000 0.000000
30.000000 268.076847 7.332590 -0.662909 0.503469 0.000000 0.000000 0.000000 1.000000 0.000000 0.000000
30.000000 268.077003 7.056831 -0.561565 0.438299 0.000000 0.000000 0.000000 1.000000 0.000000 0.000000
30.000000 268.079134 7.388599 -0.593190 0.483906 0.000000 0.000000 0.000000 1.000000 0.000000 0.000000
30.000000 268.079225 7.268767 -0.641622 0.471145 0.000000 0.000000 0.000000 1.000000 0.000000 0.000000
30.000000 268.080602 7.233452 -0.647324 0.481910 0.000000 0.000000 0.000000 1.000000 0.000000 0.000000
30.000000 268.084455 7.259436 -0.667529 0.445351 0.000000 0.000000 0.000000 1.000000 0.000000 0.000000
30.000000 268.086781 7.250690 -0.667197 0.429807 0.000000 0.000000 0.000000 1.000000 0.000000 0.000000
30.000000 268.086829 6.989760 -0.569983 0.365337 0.000000 0.000000 0.000000 1.000000 0.000000 0.000000
30.000000 268.089101 7.254505 -0.594740 0.397926 0.000000 0.000000 0.000000 1.000000 0.000000 0.000000
30.000000 268.089245 7.172670 -0.636013 0.397513 0.000000 0.000000 0.000000 1.000000 0.000000 0.000000
30.000000 268.090598 7.143607 -0.647478 0.411801 0.000000 0.000000 0.000000 1.000000 0.000000 0.000000
30.000000 268.094352 7.164311 -0.665131 0.374586 0.000000 0.000000 0.000000 1.000000 0.000000 0.000000
30.000000 268.096800 7.150006 -0.668947 0.354833 0.000000 0.000000 0.000000 1.000000 0.000000 0.000000
30.000000 268.096972 6.888714 -0.573427 0.286462 0.000000 0.000000 0.000000 1.000000 0.000000 0.000000
30.000000 268.098983 7.208143 -0.603118 0.325602 0.000000 0.000000 0.000000 1.000000 0.000000 0.000000
30.000000 268.099259 7.114460 -0.644645 0.316356 0.000000 0.000000 0.000000 1.000000 0.000000 0.000000
30.000000 268.100541 7.055587 -0.651121 0.338800 0.000000 0.000000 0.000000 1.000000 0.000000 0.000000
30.000000 268.104302 7.090557 -0.678188 0.293893 0.000000 0.000000 0.000000 1.000000 0.000000 0.000000
30.000000 268.106853 7.165649 -0.615028 0.249743 0.000000 0.000000 0.000000 1.000000 0.000000 0.000000
30.000000 268.106917 6.787044 -0.570550 0.210881 0.000000 0.000000 0.000000 1.000000 0.000000 0.000000
30.000000 268.109051 6.996932 -0.646108 0.255927 0.000000 0.000000 0.000000 1.000000 0.000000 0.000000
30.000000 268.109238 7.020300 -0.647770 0.253596 0.000000 0.000000 0.000000 1.000000 0.000000 0.000000
30.000000 268.110599 6.977861 -0.653712 0.266115 0.000000 0.000000 0.000000 1.000000 0.000000 0.000000
30.000000 268.114387 6.992378 -0.667796 0.231029 0.000000 0.000000 0.000000 1.000000 0.000000 0.000000
30.000000 268.116786 6.985528 -0.668364 0.210080 0.000000 0.000000 0.000000 1.000000 0.000000 0.000000
30.000000 268.117067 6.755514 -0.585969 0.148006 0.000000 0.000000 0.000000 1.000000 0.000000 0.000000
30.000000 268.118988 7.019533 -0.610388 0.186029 0.000000 0.000000 0.000000 1.000000 0.000000 0.000000
30.000000 268.119372 6.928186 -0.651887 0.181290 0.000000 0.000000 0.000000 1.000000 0.000000 0.000000
30.000000 268.120701 6.892740 -0.660470 0.193262 0.000000 0.000000 0.000000 1.000000 0.000000 0.000000
30.000000 268.124375 6.908802 -0.676287 0.154277 0.000000 0.000000 0.000000 1.000000 0.000000 0.000000
30.000000 268.126812 6.974570 -0.623447 0.110283 0.000000 0.000000 0.000000 1.000000 0.000000 0.000000
30.000000 268.126821 6.653563 -0.589159 0.074075 0.000000 0.000000 0.000000 1.000000 0.000000 0.000000
30.000000 268.129150 6.817246 -0.647855 0.112909 0.000000 0.000000 0.000000 1.000000 0.000000 0.000000
30.000000 268.129301 6.833719 -0.653113 0.111867 0.000000 0.000000 0.000000 1.000000 0.000000 0.000000
30.000000 268.130706 6.797442 -0.660410 0.117650 0.000000 0.000000 0.000000 1.000000 0.000000 0.000000
30.000000 268.134421 6.817128 -0.678941 0.074684 0.000000 0.000000 0.000000 1.000000 0.000000 0.000000
30.000000 268.136754 6.809446 -0.678479 0.057149 0.000000 0.000000 0.000000 1.000000 0.000000 0.000000
30.000000 268.136985 6.551495 -0.585657 -0.006793 0.000000 0.000000 0.000000 1.000000 0.000000 0.000000
30.000000 268.139020 6.865017 -0.614334 0.034888 0.000000 0.000000 0.000000 1.000000 0.000000 0.000000
30.000000 268.139355 6.782028 -0.654518 0.022413 0.000000 0.000000 0.000000 1.000000 0.000000 0.000000
30.000000 268.140563 6.718168 -0.662727 0.045204 0.000000 0.000000 0.000000 1.000000 0.000000 0.000000
30.000000 268.144405 6.738676 -0.680028 0.012864 0.000000 0.000000 0.000000 1.000000 0.000000 0.000000
30.000000 268.146790 6.725782 -0.676651 0.016589 0.000000 0.000000 0.000000 1.000000 0.000000 0.000000
30.000000 268.146869 6.524978 -0.595989 -0.029141 0.000000 0.000000 0.000000 1.000000 0.000000 0.000000
30.000000 268.149220 6.825579 -0.648093 0.005741 0.000000 0.000000 0.000000 1.000000 0.000000 0.000000
30.000000 268.149272 6.696678 -0.655421 0.042582 0.000000 0.000000 0.000000 1.000000 0.000000 0.000000
30.000000 268.150639 6.673105 -0.659112 0.042525 0.000000 0.000000 0.000000 1.000000 0.000000 0.000000
30.000000 268.154413 6.715007 -0.691553 0.041837 0.000000 0.000000 0.000000 1.000000 0.000000 0.000000
30.000000 268.156838 6.703265 -0.690052 0.069154 0.000000 0.000000 0.000000 1.000000 0.000000 0.000000
30.000000 268.157037 6.452311 -0.590767 0.025000 0.000000 0.000000 0.000000 1.000000 0.000000 0.000000
30.000000 268.159182 6.776452 -0.620682 0.091482 0.000000 0.000000 0.000000 1.000000 0.000000 0.000000
30.000000 268.159441 6.665376 -0.665921 0.093876 0.000000 0.000000 0.000000 1.000000 0.000000 0.000000
30.000000 268.160586 6.624827 -0.672894 0.115497 0.000000 0.000000 0.000000 1.000000 0.000000 0.000000
30.000000 268.164321 6.646960 -0.685958 0.112039 0.000000 0.000000 0.000000 1.000000 0.000000 0.000000
30.000000 268.166799 6.639842 -0.682586 0.135976 0.000000 0.000000 0.000000 1.000000 0.000000 0.000000
30.000000 268.166887 6.434767 -0.600024 0.093390 0.000000 0.000000 0.000000 1.000000 0.000000 0.000000
30.000000 268.169001 6.726265 -0.626357 0.143492 0.000000 0.000000 0.000000 1.000000 0.000000 0.000000
30.000000 268.169260 6.633503 -0.664779 0.146498 0.000000 0.000000 0.000000 1.000000 0.000000 0.000000
30.000000 268.170696 6.572442 -0.669784 0.173909 0.000000 0.000000 0.000000 1.000000 0.000000 0.000000
30.000000 268.174435 6.600052 -0.686274 0.168837 0.000000 0.000000 0.000000 1.000000 0.000000 0.000000
30.000000 268.176861 6.586894 -0.690566 0.190206 0.000000 0.000000 0.000000 1.000000 0.000000 0.000000
30.000000 268.176968 6.335498 -0.595253 0.130962 0.000000 0.000000 0.000000 1.000000 0.000000 0.000000
30.000000 268.179188 6.693524 -0.627401 0.199497 0.000000 0.000000 0.000000 1.000000 0.000000 0.000000
30.000000 268.179385 6.575184 -0.672987 0.206856 0.000000 0.000000 0.000000 1.000000 0.000000 0.000000
30.000000 268.180555 6.543688 -0.679031 0.222159 0.000000 0.000000 0.000000 1.000000 0.000000 0.000000
30.000000 268.184394 6.559001 -0.687262 0.223799 0.000000 0.000000 0.000000 1.000000 0.000000 0.000000
30.000000 268.186800 6.546194 -0.691840 0.248748 0.000000 0.000000 0.000000 1.000000 0.000000 0.000000
30.000000 268.186950 6.344408 -0.613894 0.200456 0.000000 0.000000 0.000000 1.000000 0.000000 0.000000
30.000000 268.189082 6.588650 -0.635451 0.243216 0.000000 0.000000 0.000000 1.000000 0.000000 0.000000
30.000000 268.189229 6.528405 -0.666650 0.260111 0.000000 0.000000 0.000000 1.000000 0.000000 0.000000
30.000000 268.190626 6.487305 -0.676258 0.283370 0.000000 0.000000 0.000000 1.000000 0.000000 0.000000
30.000000 268.194446 6.516766 -0.693923 0.278698 0.000000 0.000000 0.000000 1.000000 0.000000 0.000000
30.000000 268.196845 6.497019 -0.705980 0.297098 0.000000 0.000000 0.000000 1.000000 0.000000 0.000000
30.000000 268.196999 6.199384 -0.600013 0.242020 0.000000 0.000000 0.000000 1.000000 0.000000 0.000000
30.000000 268.198911 6.571174 -0.634144 0.315533 0.000000 0.000000 0.000000 1.000000 0.000000 0.000000
30.000000 268.199390 6.472101 -0.676335 0.316045 0.000000 0.000000 0.000000 1.000000 0.000000 0.000000
30.000000 268.200637 6.446182 -0.684621 0.333976 0.000000 0.000000 0.000000 1.000000 0.000000 0.000000
30.000000 268.204404 6.468213 -0.698837 0.326207 0.000000 0.000000 0.000000 1.000000 0.000000 0.000000
30.000000 268.206831 6.451372 -0.701296 0.347277 0.000000 0.000000 0.000000 1.000000 0.000000 0.000000
30.000000 268.206896 6.187753 -0.600460 0.301736 0.000000 0.000000 0.000000 1.000000 0.000000 0.000000
30.000000 268.209326 6.562634 -0.634488 0.370797 0.000000 0.000000 0.000000 1.000000 0.000000 0.000000
30.000000 268.209805 6.436420 -0.681634 0.369277 0.000000 0.000000 0.000000 1.000000 0.000000 0.000000
30.000000 268.210753 6.397005 -0.685867 0.388774 0.000000 0.000000 0.000000 1.000000 0.000000 0.000000
30.000000 268.214356 6.418988 -0.698924 0.386961 0.000000 0.000000 0.000000 1.000000 0.000000 0.000000
30.000000 268.216835 6.411891 -0.700593 0.402977 0.000000 0.000000 0.000000 1.000000 0.000000 0.000000
30.000000 268.216935 6.145951 -0.603521 0.350841 0.000000 0.000000 0.000000 1.000000 0.000000 0.000000
30.000000 268.219254 6.518407 -0.637270 0.419237 0.000000 0.000000 0.000000 1.000000 0.000000 0.000000
30.000000 268.219431 6.387326 -0.685811 0.416755 0.000000 0.000000 0.000000 1.000000 0.000000 0.000000
30.000000 268.220640 6.351527 -0.690087 0.435908 0.000000 0.000000 0.000000 1.000000 0.000000 0.000000
30.000000 268.224391 6.378587 -0.706254 0.433892 0.000000 0.000000 0.000000 1.000000 0.000000 0.000000
30.000000 268.226813 6.370750 -0.705321 0.457042 0.000000 0.000000 0.000000 1.000000 0.000000 0.000000
30.000000 268.226849 6.116603 -0.609037 0.411232 0.000000 0.000000 0.000000 1.000000 0.000000 0.000000
30.000000 268.229009 6.459684 -0.639828 0.468035 0.000000 0.000000 0.000000 1.000000 0.000000 0.000000
30.000000 268.229357 6.343091 -0.685344 0.466905 0.000000 0.000000 0.000000 1.000000 0.000000 0.000000
30.000000 268.230682 6.301024 -0.690760 0.490217 0.000000 0.000000 0.000000 1.000000 0.000000 0.000000
30.000000 268.234499 6.334073 -0.710515 0.488430 0.000000 0.000000 0.000000 1.000000 0.000000 0.000000
30.000000 268.236900 6.328403 -0.710305 0.508641 0.000000 0.000000 0.000000 1.000000 0.000000 0.000000
30.000000 268.236974 6.061866 -0.611757 0.456451 0.000000 0.000000 0.000000 1.000000 0.000000 0.000000
30.000000 268.238907 6.417338 -0.643390 0.522917 0.000000 0.000000 0.000000 1.000000 0.000000 0.000000
30.000000 268.239318 6.279791 -0.693651 0.527292 0.000000 0.000000 0.000000 1.000000 0.000000 0.000000
30.000000 268.240592 6.270607 -0.699519 0.534019 0.000000 0.000000 0.000000 1.000000 0.000000 0.000000
30.000000 268.244368 6.286029 -0.708180 0.535483 0.000000 0.000000 0.000000 1.000000 0.000000 0.000000
30.000000 268.246726 6.278507 -0.709948 0.556995 0.000000 0.000000 0.000000 1.000000 0.000000 0.000000
30.000000 268.246915 6.016376 -0.613756 0.507547 0.000000 0.000000 0.000000 1.000000 0.000000 0.000000
30.000000 268.249027 6.356308 -0.644070 0.558005 0.000000 0.000000 0.000000 1.000000 0.000000 0.000000
30.000000 268.249499 6.258064 -0.688819 0.559290 0.000000 0.000000 0.000000 1.000000 0.000000 0.000000
30.000000 268.250874 6.223791 -0.699229 0.582716 0.000000 0.000000 0.000000 1.000000 0.000000 0.000000
30.000000 268.254484 6.256169 -0.719756 0.575834 0.000000 0.000000 0.000000 1.000000 0.000000 0.000000
30.000000 268.256838 6.244608 -0.719948 0.598776 0.000000 0.000000 0.000000 1.000000 0.000000 0.000000
30.000000 268.256976 5.972166 -0.617429 0.554601 0.000000 0.000000 0.000000 1.000000 0.000000 0.000000
30.000000 268.258962 6.332936 -0.649543 0.610792 0.000000 0.000000 0.000000 1.000000 0.000000 0.000000
30.000000 268.259487 6.214595 -0.694520 0.607615 0.000000 0.000000 0.000000 1.000000 0.000000 0.000000
30.000000 268.260766 6.166492 -0.698566 0.633778 0.000000 0.000000 0.000000 1.000000 0.000000 0.000000
30.000000 268.264400 6.200403 -0.719144 0.632588 0.000000 0.000000 0.000000 1.000000 0.000000 0.000000
30.000000 268.266781 6.197387 -0.717868 0.648964 0.000000 0.000000 0.000000 1.000000 0.000000 0.000000
30.000000 268.267127 5.910589 -0.614326 0.597246 0.000000 0.000000 0.000000 1.000000 0.000000 0.000000
30.000000 268.269011 6.317824 -0.650624 0.667503 0.000000 0.000000 0.000000 1.000000 0.000000 0.000000
30.000000 268.269357 6.161293 -0.704367 0.662220 0.000000 0.000000 0.000000 1.000000 0.000000 0.000000
30.000000 268.270856 6.133645 -0.706495 0.676567 0.000000 0.000000 0.000000 1.000000 0.000000 0.000000
30.000000 268.274481 6.152779 -0.717566 0.678812 0.000000 0.000000 0.000000 1.000000 0.000000 0.000000
30.000000 268.276904 6.145278 -0.719019 0.698629 0.000000 0.000000 0.000000 1.000000 0.000000 0.000000
30.000000 268.277067 5.935921 -0.641219 0.655935 0.000000 0.000000 0.000000 1.000000 0.000000 0.000000
30.000000 268.278995 6.219832 -0.665816 0.699784 0.000000 0.000000 0.000000 1.000000 0.000000 0.000000
30.000000 268.279423 6.121498 -0.702408 0.705339 0.000000 0.000000 0.000000 1.000000 0.000000 0.000000
30.000000 268.280789 6.086284 -0.705723 0.723604 0.000000 0.000000 0.000000 1.000000 0.000000 0.000000
30.000000 268.284403 6.110127 -0.720099 0.723741 0.000000 0.000000 0.000000 1.000000 0.000000 0.000000
30.000000 268.286872 6.103582 -0.720052 0.744146 0.000000 0.000000 0.000000 1.000000 0.000000 0.000000
30.000000 268.287050 5.825456 -0.618122 0.691652 0.000000 0.000000 0.000000 1.000000 0.000000 0.000000
30.000000 268.289038 6.200339 -0.650929 0.746527 0.000000 0.000000 0.000000 1.000000 0.000000 0.000000
30.000000 268.289273 6.062376 -0.704180 0.746855 0.000000 0.000000 0.000000 1.000000 0.000000 0.000000
30.000000 268.290838 6.043172 -0.711921 0.763162 0.000000 0.000000 0.000000 1.000000 0.000000 0.000000
30.000000 268.294480 6.063280 -0.723495 0.766633 0.000000 0.000000 0.000000 1.000000 0.000000 0.000000
30.000000 268.296906 6.052679 -0.729605 0.783795 0.000000 0.000000 0.000000 1.000000 0.000000 0.000000
30.000000 268.297038 5.827184 -0.649452 0.738741 0.000000 0.000000 0.000000 1.000000 0.000000 0.000000
30.000000 268.298964 6.086470 -0.671932 0.776077 0.000000 0.000000 0.000000 1.000000 0.000000 0.000000
30.000000 268.299481 6.022928 -0.703111 0.786275 0.000000 0.000000 0.000000 1.000000 0.000000 0.000000
30.000000 268.300744 5.993247 -0.711878 0.808358 0.000000 0.000000 0.000000 1.000000 0.000000 0.000000
30.000000 268.304445 6.009954 -0.721659 0.811114 0.000000 0.000000 0.000000 1.000000 0.000000 0.000000
30.000000 268.306860 6.008033 -0.721661 0.821290 0.000000 0.000000 0.000000 1.000000 0.000000 0.000000
30.000000 268.306983 5.812646 -0.652415 0.782452 0.000000 0.000000 0.000000 1.000000 0.000000 0.000000
30.000000 268.309091 6.064472 -0.674296 0.824369 0.000000 0.000000 0.000000 1.000000 0.000000 0.000000
30.000000 268.309319 5.975745 -0.709275 0.832031 0.000000 0.000000 0.000000 1.000000 0.000000 0.000000
30.000000 268.310858 5.950443 -0.714542 0.849309 0.000000 0.000000 0.000000 1.000000 0.000000 0.000000
30.000000 268.314504 5.972668 -0.727452 0.853429 0.000000 0.000000 0.000000 1.000000 0.000000 0.000000
30.000000 268.316929 5.979333 -0.723373 0.862006 0.000000 0.000000 0.000000 1.000000 0.000000 0.000000
30.000000 268.317084 5.758458 -0.647043 0.822771 0.000000 0.000000 0.000000 1.000000 0.000000 0.000000
30.000000 268.318986 6.035959 -0.671420 0.869530 0.000000 0.000000 0.000000 1.000000 0.000000 0.000000
30.000000 268.319483 5.933224 -0.711308 0.871437 0.000000 0.000000 0.000000 1.000000 0.000000 0.000000
30.000000 268.320698 5.911577 -0.716976 0.888322 0.000000 0.000000 0.000000 1.000000 0.000000 0.000000
30.000000 268.324442 5.928263 -0.726163 0.894666 0.000000 0.000000 0.000000 1.000000 0.000000 0.000000
30.000000 268.326768 5.926827 -0.727174 0.906562 0.000000 0.000000 0.000000 1.000000 0.000000 0.000000
30.000000 268.327150 5.688040 -0.643751 0.854583 0.000000 0.000000 0.000000 1.000000 0.000000 0.000000
30.000000 268.329180 6.075951 -0.677157 0.904355 0.000000 0.000000 0.000000 1.000000 0.000000 0.000000
30.000000 268.329348 5.940474 -0.722952 0.896646 0.000000 0.000000 0.000000 1.000000 0.000000 0.000000
30.000000 268.330836 5.867209 -0.721113 0.923841 0.000000 0.000000 0.000000 1.000000 0.000000 0.000000
30.000000 268.334526 5.882775 -0.729519 0.930320 0.000000 0.000000 0.000000 1.000000 0.000000 0.000000
30.000000 268.336857 5.880738 -0.732458 0.942114 0.000000 0.000000 0.000000 1.000000 0.000000 0.000000
30.000000 268.337013 5.629522 -0.646770 0.893498 0.000000 0.000000 0.000000 1.000000 0.000000 0.000000
30.000000 268.339102 5.974958 -0.676732 0.951032 0.000000 0.000000 0.000000 1.000000 0.000000 0.000000
30.000000 268.339541 5.840162 -0.722207 0.951578 0.000000 0.000000 0.000000 1.000000 0.000000 0.000000
30.000000 268.340604 5.815237 -0.723728 0.966418 0.000000 0.000000 0.000000 1.000000 0.000000 0.000000
30.000000 268.344518 5.836492 -0.736194 0.971143 0.000000 0.000000 0.000000 1.000000 0.000000 0.000000
30.000000 268.346884 5.844714 -0.727317 0.986194 0.000000 0.000000 0.000000 1.000000 0.000000 0.000000
30.000000 268.346938 5.666597 -0.660789 0.944367 0.000000 0.000000 0.000000 1.000000 0.000000 0.000000
30.000000 268.349113 5.889415 -0.678664 0.981355 0.000000 0.000000 0.000000 1.000000 0.000000 0.000000
30.000000 268.349574 5.771561 -0.719641 0.997935 0.000000 0.000000 0.000000 1.000000 0.000000 0.000000
30.000000 268.350835 5.770902 -0.724408 1.005978 0.000000 0.000000 0.000000 1.000000 0.000000 0.000000
30.000000 268.354491 5.793989 -0.739593 1.002761 0.000000 0.000000 0.000000 1.000000 0.000000 0.000000
30.000000 268.356941 5.787871 -0.742006 1.010006 0.000000 0.000000 0.000000 1.000000 0.000000 0.000000
30.000000 268.357069 5.531312 -0.653369 0.963459 0.000000 0.000000 0.000000 1.000000 0.000000 0.000000
30.000000 268.359490 5.856062 -0.708873 0.994226 0.000000 0.000000 0.000000 1.000000 0.000000 0.000000
30.000000 268.360646 5.724882 -0.727638 1.039139 0.000000 0.000000 0.000000 1.000000 0.000000 0.000000
30.000000 268.364512 5.750141 -0.742485 1.045849 0.000000 0.000000 0.000000 1.000000 0.000000 0.000000
30.000000 268.366889 5.754992 -0.740545 1.053187 0.000000 0.000000 0.000000 1.000000 0.000000 0.000000
30.000000 268.367078 5.522663 -0.661270 0.998983 0.000000 0.000000 0.000000 1.000000 0.000000 0.000000
30.000000 268.369118 5.847241 -0.688419 1.045867 0.000000 0.000000 0.000000 1.000000 0.000000 0.000000
30.000000 268.369302 5.720907 -0.730446 1.051534 0.000000 0.000000 0.000000 1.000000 0.000000 0.000000
30.000000 268.370746 5.677459 -0.730537 1.074609 0.000000 0.000000 0.000000 1.000000 0.000000 0.000000
30.000000 268.374509 5.704797 -0.746932 1.080700 0.000000 0.000000 0.000000 1.000000 0.000000 0.000000
30.000000 268.376978 5.706007 -0.746922 1.089804 0.000000 0.000000 0.000000 1.000000 0.000000 0.000000
30.000000 268.376992 5.532424 -0.687388 1.049837 0.000000 0.000000 0.000000 1.000000 0.000000 0.000000
30.000000 268.379429 5.720158 -0.702789 1.083743 0.000000 0.000000 0.000000 1.000000 0.000000 0.000000
30.000000 268.379553 5.639172 -0.730765 1.099223 0.000000 0.000000 0.000000 1.000000 0.000000 0.000000
30.000000 268.380775 5.639936 -0.733996 1.102049 0.000000 0.000000 0.000000 1.000000 0.000000 0.000000
30.000000 268.384446 5.660259 -0.745625 1.108237 0.000000 0.000000 0.000000 1.000000 0.000000 0.000000
30.000000 268.386920 5.666715 -0.744377 1.117526 0.000000 0.000000 0.000000 1.000000 0.000000 0.000000
30.000000 268.387067 5.418437 -0.661708 1.066954 0.000000 0.000000 0.000000 1.000000 0.000000 0.000000
30.000000 268.389135 5.731827 -0.688298 1.115856 0.000000 0.000000 0.000000 1.000000 0.000000 0.000000
30.000000 268.389562 5.610761 -0.731682 1.122440 0.000000 0.000000 0.000000 1.000000 0.000000 0.000000
30.000000 268.390751 5.588751 -0.735739 1.138056 0.000000 0.000000 0.000000 1.000000 0.000000 0.000000
30.000000 268.394551 5.613715 -0.750739 1.143540 0.000000 0.000000 0.000000 1.000000 0.000000 0.000000
30.000000 268.396969 5.615181 -0.751751 1.152580 0.000000 0.000000 0.000000 1.000000 0.000000 0.000000
30.000000 268.397084 5.354245 -0.664407 1.100287 0.000000 0.000000 0.000000 1.000000 0.000000 0.000000
30.000000 268.399089 5.719814 -0.695312 1.145658 0.000000 0.000000 0.000000 1.000000 0.000000 0.000000
30.000000 268.399495 5.601408 -0.738075 1.144421 0.000000 0.000000 0.000000 1.000000 0.000000 0.000000
30.000000 268.400773 5.559999 -0.740725 1.168203 0.000000 0.000000 0.000000 1.000000 0.000000 0.000000
30.000000 268.404499 5.585319 -0.756366 1.172623 0.000000 0.000000 0.000000 1.000000 0.000000 0.000000
30.000000 268.406890 5.587134 -0.753652 1.184290 0.000000 0.000000 0.000000 1.000000 0.000000 0.000000
30.000000 268.407197 5.354973 -0.672853 1.138932 0.000000 0.000000 0.000000 1.000000 0.000000 0.000000
30.000000 268.409158 5.668195 -0.698813 1.183345 0.000000 0.000000 0.000000 1.000000 0.000000 0.000000
30.000000 268.409383 5.532328 -0.742050 1.186772 0.000000 0.000000 0.000000 1.000000 0.000000 0.000000
30.000000 268.410912 5.508202 -0.741705 1.201472 0.000000 0.000000 0.000000 1.000000 0.000000 0.000000
30.000000 268.414565 5.528856 -0.753828 1.208968 0.000000 0.000000 0.000000 1.000000 0.000000 0.000000
30.000000 268.417043 5.529819 -0.755268 1.215216 0.000000 0.000000 0.000000 1.000000 0.000000 0.000000
30.000000 268.417044 5.325446 -0.687703 1.173321 0.000000 0.000000 0.000000 1.000000 0.000000 0.000000
30.000000 268.419111 5.600727 -0.710726 1.213972 0.000000 0.000000 0.000000 1.000000 0.000000 0.000000
30.000000 268.419558 5.488791 -0.747704 1.216921 0.000000 0.000000 0.000000 1.000000 0.000000 0.000000
30.000000 268.420655 5.464713 -0.748270 1.230698 0.000000 0.000000 0.000000 1.000000 0.000000 0.000000
30.000000 268.424475 5.481239 -0.757791 1.237748 0.000000 0.000000 0.000000 1.000000 0.000000 0.000000
30.000000 268.426905 5.482548 -0.758755 1.244373 0.000000 0.000000 0.000000 1.000000 0.000000 0.000000
30.000000 268.426946 5.263800 -0.686257 1.199362 0.000000 0.000000 0.000000 1.000000 0.000000 0.000000
30.000000 268.429241 5.485665 -0.704637 1.228329 0.000000 0.000000 0.000000 1.000000 0.000000 0.000000
30.000000 268.429506 5.421058 -0.735497 1.242731 0.000000 0.000000 0.000000 1.000000 0.000000 0.000000
30.000000 268.430827 5.416107 -0.745466 1.260200 0.000000 0.000000 0.000000 1.000000 0.000000 0.000000
30.000000 268.434544 5.441019 -0.760630 1.267028 0.000000 0.000000 0.000000 1.000000 0.000000 0.000000
30.000000 268.436899 5.441197 -0.761970 1.275591 0.000000 0.000000 0.000000 1.000000 0.000000 0.000000
30.000000 268.437016 5.216901 -0.687011 1.227785 0.000000 0.000000 0.000000 1.000000 0.000000 0.000000
30.000000 268.439110 5.498794 -0.710175 1.258416 0.000000 0.000000 0.000000 1.000000 0.000000 0.000000
30.000000 268.439586 5.406787 -0.747195 1.265013 0.000000 0.000000 0.000000 1.000000 0.000000 0.000000
30.000000 268.440785 5.378970 -0.753305 1.288549 0.000000 0.000000 0.000000 1.000000 0.000000 0.000000
30.000000 268.444501 5.394446 -0.761914 1.298243 0.000000 0.000000 0.000000 1.000000 0.000000 0.000000
30.000000 268.446890 5.396237 -0.762331 1.303345 0.000000 0.000000 0.000000 1.000000 0.000000 0.000000
30.000000 268.446947 5.175664 -0.689913 1.263790 0.000000 0.000000 0.000000 1.000000 0.000000 0.000000
30.000000 268.449200 5.444233 -0.712372 1.300653 0.000000 0.000000 0.000000 1.000000 0.000000 0.000000
30.000000 268.449347 5.340210 -0.747897 1.301139 0.000000 0.000000 0.000000 1.000000 0.000000 0.000000
30.000000 268.450864 5.331587 -0.750369 1.313024 0.000000 0.000000 0.000000 1.000000 0.000000 0.000000
30.000000 268.454705 5.364117 -0.771015 1.318072 0.000000 0.000000 0.000000 1.000000 0.000000 0.000000
30.000000 268.456946 5.366382 -0.770073 1.328925 0.000000 0.000000 0.000000 1.000000 0.000000 0.000000
30.000000 268.457100 5.161702 -0.701345 1.292358 0.000000 0.000000 0.000000 1.000000 0.000000 0.000000
30.000000 268.459262 5.423251 -0.722892 1.331714 0.000000 0.000000 0.000000 1.000000 0.000000 0.000000
30.000000 268.459601 5.297840 -0.758345 1.330798 0.000000 0.000000 0.000000 1.000000 0.000000 0.000000
30.000000 268.460694 5.290404 -0.754912 1.335919 0.000000 0.000000 0.000000 1.000000 0.000000 0.000000
30.000000 268.464732 5.307924 -0.764794 1.345756 0.000000 0.000000 0.000000 1.000000 0.000000 0.000000
30.000000 268.466836 5.310608 -0.766381 1.350871 0.000000 0.000000 0.000000 1.000000 0.000000 0.000000
30.000000 268.467085 5.090717 -0.695657 1.307776 0.000000 0.000000 0.000000 1.000000 0.000000 0.000000
30.000000 268.469251 5.388481 -0.720292 1.352333 0.000000 0.000000 0.000000 1.000000 0.000000 0.000000
30.000000 268.469359 5.256825 -0.758607 1.350824 0.000000 0.000000 0.000000 1.000000 0.000000 0.000000
30.000000 268.470828 5.242085 -0.755576 1.360482 0.000000 0.000000 0.000000 1.000000 0.000000 0.000000
30.000000 268.474597 5.265159 -0.769464 1.369351 0.000000 0.000000 0.000000 1.000000 0.000000 0.000000
30.000000 268.476950 5.262824 -0.772540 1.379992 0.000000 0.000000 0.000000 1.000000 0.000000 0.000000
30.000000 268.477085 4.992970 -0.683442 1.332141 0.000000 0.000000 0.000000 1.000000 0.000000 0.000000
30.000000 268.479113 5.327470 -0.711019 1.376974 0.000000 0.000000 0.000000 1.000000 0.000000 0.000000
30.000000 268.479457 5.185960 -0.759450 1.379776 0.000000 0.000000 0.000000 1.000000 0.000000 0.000000
30.000000 268.480747 5.200188 -0.764880 1.387161 0.000000 0.000000 0.000000 1.000000 0.000000 0.000000
30.000000 268.484621 5.213867 -0.772275 1.397709 0.000000 0.000000 0.000000 1.000000 0.000000 0.000000
30.000000 268.487035 5.216773 -0.773025 1.400989 0.000000 0.000000 0.000000 1.000000 0.000000 0.000000
30.000000 268.487100 4.979582 -0.696968 1.360457 0.000000 0.000000 0.000000 1.000000 0.000000 0.000000
30.000000 268.489238 5.275077 -0.721470 1.401838 0.000000 0.000000 0.000000 1.000000 0.000000 0.000000
30.000000 268.489369 5.160711 -0.758913 1.400724 0.000000 0.000000 0.000000 1.000000 0.000000 0.000000
30.000000 268.490819 5.152475 -0.760291 1.409744 0.000000 0.000000 0.000000 1.000000 0.000000 0.000000
30.000000 268.494571 5.175150 -0.774507 1.415650 0.000000 0.000000 0.000000 1.000000 0.000000 0.000000
30.000000 268.497061 5.171537 -0.778679 1.425533 0.000000 0.000000 0.000000 1.000000 0.000000 0.000000
30.000000 268.497232 4.950456 -0.706326 1.387336 0.000000 0.000000 0.000000 1.000000 0.000000 0.000000
30.000000 268.499205 5.243194 -0.730183 1.410338 0.000000 0.000000 0.000000 1.000000 0.000000 0.000000
30.000000 268.499413 5.152907 -0.765641 1.402935 0.000000 0.000000 0.000000 1.000000 0.000000 0.000000
30.000000 268.500705 5.111978 -0.769551 1.425270 0.000000 0.000000 0.000000 1.000000 0.000000 0.000000
30.000000 268.504510 5.129992 -0.781771 1.425691 0.000000 0.000000 0.000000 1.000000 0.000000 0.000000
30.000000 268.506979 5.185854 -0.734420 1.421022 0.000000 0.000000 0.000000 1.000000 0.000000 0.000000
30.000000 268.507156 4.904227 -0.705192 1.406911 0.000000 0.000000 0.000000 1.000000 0.000000 0.000000
30.000000 268.509305 5.092746 -0.766607 1.442046 0.000000 0.000000 0.000000 1.000000 0.000000 0.000000
30.000000 268.509614 5.071366 -0.771817 1.441730 0.000000 0.000000 0.000000 1.000000 0.000000 0.000000
30.000000 268.510751 5.071306 -0.770679 1.447120 0.000000 0.000000 0.000000 1.000000 0.000000 0.000000
30.000000 268.514663 5.090783 -0.782306 1.456359 0.000000 0.000000 0.000000 1.000000 0.000000 0.000000
30.000000 268.516942 5.093748 -0.782110 1.463837 0.000000 0.000000 0.000000 1.000000 0.000000 0.000000
30.000000 268.517075 4.899437 -0.719012 1.427357 0.000000 0.000000 0.000000 1.000000 0.000000 0.000000
30.000000 268.519115 5.152586 -0.739452 1.463987 0.000000 0.000000 0.000000 1.000000 0.000000 0.000000
30.000000 268.519643 5.025045 -0.776940 1.464635 0.000000 0.000000 0.000000 1.000000 0.000000 0.000000
30.000000 268.520681 5.032021 -0.775953 1.465787 0.000000 0.000000 0.000000 1.000000 0.000000 0.000000
30.000000 268.524548 5.047062 -0.784618 1.474580 0.000000 0.000000 0.000000 1.000000 0.000000 0.000000
30.000000 268.526967 5.109570 -0.736003 1.470762 0.000000 0.000000 0.000000 1.000000 0.000000 0.000000
30.000000 268.526971 4.791794 -0.706258 1.447341 0.000000 0.000000 0.000000 1.000000 0.000000 0.000000
30.000000 268.529129 4.974506 -0.765431 1.478741 0.000000 0.000000 0.000000 1.000000 0.000000 0.000000
30.000000 268.529591 4.972799 -0.768067 1.482441 0.000000 0.000000 0.000000 1.000000 0.000000 0.000000
30.000000 268.530794 4.981264 -0.770736 1.487780 0.000000 0.000000 0.000000 1.000000 0.000000 0.000000
30.000000 268.534600 5.000872 -0.782801 1.495650 0.000000 0.000000 0.000000 1.000000 0.000000 0.000000
30.000000 268.536988 4.995389 -0.788517 1.505748 0.000000 0.000000 0.000000 1.000000 0.000000 0.000000
30.000000 268.537258 4.791263 -0.722652 1.479496 0.000000 0.000000 0.000000 1.000000 0.000000 0.000000
30.000000 268.539069 5.012932 -0.740723 1.508563 0.000000 0.000000 0.000000 1.000000 0.000000 0.000000
30.000000 268.539449 4.911674 -0.774155 1.502314 0.000000 0.000000 0.000000 1.000000 0.000000 0.000000
30.000000 268.540735 4.936178 -0.777932 1.506947 0.000000 0.000000 0.000000 1.000000 0.000000 0.000000
30.000000 268.544630 4.955025 -0.789788 1.514742 0.000000 0.000000 0.000000 1.000000 0.000000 0.000000
30.000000 268.546993 5.024840 -0.736225 1.500204 0.000000 0.000000 0.000000 1.000000 0.000000 0.000000
30.000000 268.547064 4.682196 -0.706575 1.476225 0.000000 0.000000 0.000000 1.000000 0.000000 0.000000
30.000000 268.549180 4.901895 -0.777580 1.516777 0.000000 0.000000 0.000000 1.000000 0.000000 0.000000
30.000000 268.549365 4.881270 -0.782250 1.514943 0.000000 0.000000 0.000000 1.000000 0.000000 0.000000
30.000000 268.550856 4.894972 -0.781875 1.520348 0.000000 0.000000 0.000000 1.000000 0.000000 0.000000
30.000000 268.554729 4.901013 -0.784898 1.528839 0.000000 0.000000 0.000000 1.000000 0.000000 0.000000
30.000000 268.557036 4.897718 -0.787093 1.529573 0.000000 0.000000 0.000000 1.000000 0.000000 0.000000
30.000000 268.557168 4.663178 -0.711233 1.488494 0.000000 0.000000 0.000000 1.000000 0.000000 0.000000
30.000000 268.559156 5.013651 -0.739318 1.536939 0.000000 0.000000 0.000000 1.000000 0.000000 0.000000
30.000000 268.559508 4.843260 -0.788448 1.534242 0.000000 0.000000 0.000000 1.000000 0.000000 0.000000
30.000000 268.560758 4.857356 -0.786829 1.534970 0.000000 0.000000 0.000000 1.000000 0.000000 0.000000
30.000000 268.564589 4.868377 -0.793001 1.544008 0.000000 0.000000 0.000000 1.000000 0.000000 0.000000
30.000000 268.567004 4.869797 -0.794076 1.545698 0.000000 0.000000 0.000000 1.000000 0.000000 0.000000
30.000000 268.567008 4.699658 -0.740668 1.518004 0.000000 0.000000 0.000000 1.000000 0.000000 0.000000
30.000000 268.569352 4.855094 -0.771744 1.530398 0.000000 0.000000 0.000000 1.000000 0.000000 0.000000
30.000000 268.569591 4.808211 -0.789144 1.545772 0.000000 0.000000 0.000000 1.000000 0.000000 0.000000
30.000000 268.570775 4.819397 -0.790227 1.553133 0.000000 0.000000 0.000000 1.000000 0.000000 0.000000
30.000000 268.574607 4.823919 -0.793961 1.559967 0.000000 0.000000 0.000000 1.000000 0.000000 0.000000
30.000000 268.577013 4.822848 -0.796189 1.564375 0.000000 0.000000 0.000000 1.000000 0.000000 0.000000
30.000000 268.577060 4.657456 -0.743493 1.534230 0.000000 0.000000 0.000000 1.000000 0.000000 0.000000
30.000000 268.579147 4.829961 -0.757205 1.553210 0.000000 0.000000 0.000000 1.000000 0.000000 0.000000
30.000000 268.579551 4.751620 -0.786096 1.556852 0.000000 0.000000 0.000000 1.000000 0.000000 0.000000
30.000000 268.580715 4.771245 -0.792088 1.561609 0.000000 0.000000 0.000000 1.000000 0.000000 0.000000
30.000000 268.584482 4.779860 -0.796503 1.570912 0.000000 0.000000 0.000000 1.000000 0.000000 0.000000
30.000000 268.587040 4.824972 -0.764357 1.561272 0.000000 0.000000 0.000000 1.000000 0.000000 0.000000
30.000000 268.587371 4.600919 -0.747593 1.547052 0.000000 0.000000 0.000000 1.000000 0.000000 0.000000
30.000000 268.589226 4.720027 -0.785716 1.565331 0.000000 0.000000 0.000000 1.000000 0.000000 0.000000
30.000000 268.589596 4.714509 -0.793681 1.561559 0.000000 0.000000 0.000000 1.000000 0.000000 0.000000
30.000000 268.590734 4.734756 -0.800921 1.569114 0.000000 0.000000 0.000000 1.000000 0.000000 0.000000
30.000000 268.594664 4.736313 -0.799559 1.583088 0.000000 0.000000 0.000000 1.000000 0.000000 0.000000
30.000000 268.597093 4.735970 -0.802631 1.586113 0.000000 0.000000 0.000000 1.000000 0.000000 0.000000
30.000000 268.597213 4.558164 -0.747258 1.550598 0.000000 0.000000 0.000000 1.000000 0.000000 0.000000
30.000000 268.599203 4.753979 -0.762590 1.579088 0.000000 0.000000 0.000000 1.000000 0.000000 0.000000
30.000000 268.599526 4.650869 -0.793458 1.583868 0.000000 0.000000 0.000000 1.000000 0.000000 0.000000
30.000000 268.600739 4.676633 -0.795162 1.584628 0.000000 0.000000 0.000000 1.000000 0.000000 0.000000
30.000000 268.604554 4.693871 -0.807074 1.587872 0.000000 0.000000 0.000000 1.000000 0.000000 0.000000
30.000000 268.607071 4.693404 -0.806855 1.589500 0.000000 0.000000 0.000000 1.000000 0.000000 0.000000
30.000000 268.607122 4.502167 -0.745386 1.560991 0.000000 0.000000 0.000000 1.000000 0.000000 0.000000
30.000000 268.609471 4.685706 -0.781994 1.573002 0.000000 0.000000 0.000000 1.000000 0.000000 0.000000
30.000000 268.609493 4.622534 -0.800365 1.591956 0.000000 0.000000 0.000000 1.000000 0.000000 0.000000
30.000000 268.610836 4.641157 -0.797539 1.598114 0.000000 0.000000 0.000000 1.000000 0.000000 0.000000
30.000000 268.614674 4.648979 -0.803163 1.604063 0.000000 0.000000 0.000000 1.000000 0.000000 0.000000
30.000000 268.617164 4.647065 -0.806970 1.608346 0.000000 0.000000 0.000000 1.000000 0.000000 0.000000
30.000000 268.617202 4.464398 -0.749893 1.574300 0.000000 0.000000 0.000000 1.000000 0.000000 0.000000
30.000000 268.619201 4.711960 -0.769299 1.606982 0.000000 0.000000 0.000000 1.000000 0.000000 0.000000
30.000000 268.619718 4.583695 -0.803546 1.602955 0.000000 0.000000 0.000000 1.000000 0.000000 0.000000
30.000000 268.620730 4.582658 -0.799170 1.604606 0.000000 0.000000 0.000000 1.000000 0.000000 0.000000
30.000000 268.624579 4.598120 -0.808856 1.612240 0.000000 0.000000 0.000000 1.000000 0.000000 0.000000
30.000000 268.627113 4.651456 -0.771752 1.597716 0.000000 0.000000 0.000000 1.000000 0.000000 0.000000
30.000000 268.627142 4.442859 -0.758016 1.582690 0.000000 0.000000 0.000000 1.000000 0.000000 0.000000
30.000000 268.629258 4.565155 -0.796905 1.602925 0.000000 0.000000 0.000000 1.000000 0.000000 0.000000
30.000000 268.629604 4.561218 -0.801964 1.599159 0.000000 0.000000 0.000000 1.000000 0.000000 0.000000
30.000000 268.630817 4.553828 -0.804976 1.611052 0.000000 0.000000 0.000000 1.000000 0.000000 0.000000
30.000000 268.634640 4.560618 -0.808440 1.619223 0.000000 0.000000 0.000000 1.000000 0.000000 0.000000
30.000000 268.637108 4.558741 -0.811462 1.621918 0.000000 0.000000 0.000000 1.000000 0.000000 0.000000
30.000000 268.637222 4.394063 -0.760103 1.593290 0.000000 0.000000 0.000000 1.000000 0.000000 0.000000
30.000000 268.639282 4.560084 -0.773097 1.611540 0.000000 0.000000 0.000000 1.000000 0.000000 0.000000
30.000000 268.639699 4.469918 -0.805645 1.613105 0.000000 0.000000 0.000000 1.000000 0.000000 0.000000
30.000000 268.640746 4.520801 -0.814293 1.612201 0.000000 0.000000 0.000000 1.000000 0.000000 0.000000
30.000000 268.644621 4.522918 -0.813672 1.624763 0.000000 0.000000 0.000000 1.000000 0.000000 0.000000
30.000000 268.647135 4.522231 -0.815505 1.627579 0.000000 0.000000 0.000000 1.000000 0.000000 0.000000
30.000000 268.647150 4.315706 -0.750817 1.595154 0.000000 0.000000 0.000000 1.000000 0.000000 0.000000
30.000000 268.649217 4.593134 -0.772581 1.628434 0.000000 0.000000 0.000000 1.000000 0.000000 0.000000
30.000000 268.649482 4.461140 -0.810765 1.621416 0.000000 0.000000 0.000000 1.000000 0.000000 0.000000
30.000000 268.650876 4.462360 -0.809069 1.625029 0.000000 0.000000 0.000000 1.000000 0.000000 0.000000
30.000000 268.654701 4.475726 -0.818897 1.625479 0.000000 0.000000 0.000000 1.000000 0.000000 0.000000
30.000000 268.657103 4.473085 -0.820198 1.626286 0.000000 0.000000 0.000000 1.000000 0.000000 0.000000
30.000000 268.657302 4.283539 -0.760078 1.600753 0.000000 0.000000 0.000000 1.000000 0.000000 0.000000
30.000000 268.659156 4.552516 -0.781047 1.641509 0.000000 0.000000 0.000000 1.000000 0.000000 0.000000
30.000000 268.659534 4.406652 -0.816738 1.633142 0.000000 0.000000 0.000000 1.000000 0.000000 0.000000
30.000000 268.660758 4.425316 -0.810485 1.628999 0.000000 0.000000 0.000000 1.000000 0.000000 0.000000
30.000000 268.664594 4.437689 -0.818080 1.637641 0.000000 0.000000 0.000000 1.000000 0.000000 0.000000
30.000000 268.667109 4.475655 -0.790150 1.626929 0.000000 0.000000 0.000000 1.000000 0.000000 0.000000
30.000000 268.667210 4.274056 -0.775591 1.609173 0.000000 0.000000 0.000000 1.000000 0.000000 0.000000
30.000000 268.669325 4.406044 -0.817089 1.637054 0.000000 0.000000 0.000000 1.000000 0.000000 0.000000
30.000000 268.669672 4.371857 -0.820762 1.634249 0.000000 0.000000 0.000000 1.000000 0.000000 0.000000
30.000000 268.670801 4.389858 -0.816094 1.624931 0.000000 0.000000 0.000000 1.000000 0.000000 0.000000
30.000000 268.674688 4.393817 -0.817245 1.633425 0.000000 0.000000 0.000000 1.000000 0.000000 0.000000
30.000000 268.677201 4.385909 -0.826713 1.639717 0.000000 0.000000 0.000000 1.000000 0.000000 0.000000
30.000000 268.677283 4.217288 -0.775504 1.610504 0.000000 0.000000 0.000000 1.000000 0.000000 0.000000
30.000000 268.679235 4.353048 -0.785904 1.617645 0.000000 0.000000 0.000000 1.000000 0.000000 0.000000
30.000000 268.679576 4.326080 -0.805800 1.623032 0.000000 0.000000 0.000000 1.000000 0.000000 0.000000
30.000000 268.680725 4.324866 -0.816433 1.635473 0.000000 0.000000 0.000000 1.000000 0.000000 0.000000
30.000000 268.684701 4.340534 -0.827009 1.639751 0.000000 0.000000 0.000000 1.000000 0.000000 0.000000
30.000000 268.687083 4.390019 -0.790936 1.629312 0.000000 0.000000 0.000000 1.000000 0.000000 0.000000
30.000000 268.687204 4.165958 -0.774916 1.609337 0.000000 0.000000 0.000000 1.000000 0.000000 0.000000
30.000000 268.689323 4.280665 -0.810850 1.634897 0.000000 0.000000 0.000000 1.000000 0.000000 0.000000
30.000000 268.689561 4.262644 -0.817875 1.640236 0.000000 0.000000 0.000000 1.000000 0.000000 0.000000
30.000000 268.690913 4.301026 -0.822482 1.636145 0.000000 0.000000 0.000000 1.000000 0.000000 0.000000
30.000000 268.694720 4.303325 -0.822870 1.643538 0.000000 0.000000 0.000000 1.000000 0.000000 0.000000
30.000000 268.697206 4.300742 -0.827154 1.642334 0.000000 0.000000 0.000000 1.000000 0.000000 0.000000
30.000000 268.697268 4.167337 -0.787333 1.620845 0.000000 0.000000 0.000000 1.000000 0.000000 0.000000
30.000000 268.699182 4.344341 -0.800954 1.649479 0.000000 0.000000 0.000000 1.000000 0.000000 0.000000
30.000000 268.699482 4.236066 -0.827794 1.643249 0.000000 0.000000 0.000000 1.000000 0.000000 0.000000
30.000000 268.700802 4.259326 -0.824304 1.636963 0.000000 0.000000 0.000000 1.000000 0.000000 0.000000
30.000000 268.704614 4.266708 -0.829363 1.640115 0.000000 0.000000 0.000000 1.000000 0.000000 0.000000
30.000000 268.707114 4.265154 -0.831323 1.637777 0.000000 0.000000 0.000000 1.000000 0.000000 0.000000
30.000000 268.707177 4.123905 -0.788263 1.618584 0.000000 0.000000 0.000000 1.000000 0.000000 0.000000
30.000000 268.709233 4.315521 -0.802977 1.649100 0.000000 0.000000 0.000000 1.000000 0.000000 0.000000
30.000000 268.709424 4.192148 -0.834382 1.640356 0.000000 0.000000 0.000000 1.000000 0.000000 0.000000
30.000000 268.710778 4.246786 -0.833297 1.621359 0.000000 0.000000 0.000000 1.000000 0.000000 0.000000
30.000000 268.714714 4.229983 -0.817685 1.636918 0.000000 0.000000 0.000000 1.000000 0.000000 0.000000
30.000000 268.717022 4.216053 -0.832742 1.643094 0.000000 0.000000 0.000000 1.000000 0.000000 0.000000
30.000000 268.717299 4.046290 -0.782361 1.615241 0.000000 0.000000 0.000000 1.000000 0.000000 0.000000
30.000000 268.719409 4.272171 -0.799689 1.645785 0.000000 0.000000 0.000000 1.000000 0.000000 0.000000
30.000000 268.719536 4.150539 -0.833767 1.638508 0.000000 0.000000 0.000000 1.000000 0.000000 0.000000
30.000000 268.724790 4.170680 -0.832545 1.637037 0.000000 0.000000 0.000000 1.000000 0.000000 0.000000
30.000000 268.727073 4.172941 -0.834016 1.638478 0.000000 0.000000 0.000000 1.000000 0.000000 0.000000
30.000000 268.727107 4.026956 -0.790819 1.616107 0.000000 0.000000 0.000000 1.000000 0.000000 0.000000
30.000000 268.729223 4.136493 -0.799170 1.628011 0.000000 0.000000 0.000000 1.000000 0.000000 0.000000
30.000000 268.729492 4.096847 -0.820160 1.632037 0.000000 0.000000 0.000000 1.000000 0.000000 0.000000
30.000000 268.734815 4.133066 -0.830995 1.635278 0.000000 0.000000 0.000000 1.000000 0.000000 0.000000
30.000000 268.737079 4.124355 -0.841353 1.638865 0.000000 0.000000 0.000000 1.000000 0.000000 0.000000
30.000000 268.737338 3.977165 -0.798135 1.615772 0.000000 0.000000 0.000000 1.000000 0.000000 0.000000
30.000000 268.739187 4.097367 -0.807296 1.636027 0.000000 0.000000 0.000000 1.000000 0.000000 0.000000
30.000000 268.739536 4.037073 -0.827849 1.639464 0.000000 0.000000 0.000000 1.000000 0.000000 0.000000
30.000000 268.744770 4.085755 -0.833722 1.633292 0.000000 0.000000 0.000000 1.000000 0.000000 0.000000
30.000000 268.747111 4.080590 -0.841713 1.634817 0.000000 0.000000 0.000000 1.000000 0.000000 0.000000
30.000000 268.747237 3.890026 -0.785630 1.604011 0.000000 0.000000 0.000000 1.000000 0.000000 0.000000
30.000000 268.749221 4.152359 -0.805583 1.638729 0.000000 0.000000 0.000000 1.000000 0.000000 0.000000
30.000000 268.749446 4.025619 -0.841064 1.630974 0.000000 0.000000 0.000000 1.000000 0.000000 0.000000
30.000000 268.754809 4.050337 -0.840527 1.622428 0.000000 0.000000 0.000000 1.000000 0.000000 0.000000
30.000000 268.757227 4.074839 -0.818914 1.619268 0.000000 0.000000 0.000000 1.000000 0.000000 0.000000
30.000000 268.757232 3.905996 -0.804396 1.608756 0.000000 0.000000 0.000000 1.000000 0.000000 0.000000
30.000000 268.759236 4.013767 -0.837624 1.628622 0.000000 0.000000 0.000000 1.000000 0.000000 0.000000
30.000000 268.759627 3.985441 -0.842201 1.625996 0.000000 0.000000 0.000000 1.000000 0.000000 0.000000
30.000000 268.764844 4.001984 -0.839740 1.621983 0.000000 0.000000 0.000000 1.000000 0.000000 0.000000
30.000000 268.767113 3.999093 -0.844368 1.624144 0.000000 0.000000 0.000000 1.000000 0.000000 0.000000
30.000000 268.767342 3.871470 -0.806524 1.600848 0.000000 0.000000 0.000000 1.000000 0.000000 0.000000
30.000000 268.769362 4.046409 -0.819650 1.624829 0.000000 0.000000 0.000000 1.000000 0.000000 0.000000
30.000000 268.769619 3.943058 -0.845470 1.619133 0.000000 0.000000 0.000000 1.000000 0.000000 0.000000
30.000000 268.774713 3.966059 -0.842365 1.612650 0.000000 0.000000 0.000000 1.000000 0.000000 0.000000
30.000000 268.777125 3.957755 -0.852340 1.615408 0.000000 0.000000 0.000000 1.000000 0.000000 0.000000
30.000000 268.777172 3.820660 -0.812532 1.591952 0.000000 0.000000 0.000000 1.000000 0.000000 0.000000
30.000000 268.779225 3.937237 -0.821259 1.614203 0.000000 0.000000 0.000000 1.000000 0.000000 0.000000
30.000000 268.779533 3.865989 -0.841640 1.617591 0.000000 0.000000 0.000000 1.000000 0.000000 0.000000
30.000000 268.784837 3.914348 -0.844682 1.607264 0.000000 0.000000 0.000000 1.000000 0.000000 0.000000
30.000000 268.787215 3.939753 -0.825333 1.603299 0.000000 0.000000 0.000000 1.000000 0.000000 0.000000
30.000000 268.787223 3.770611 -0.813203 1.585839 0.000000 0.000000 0.000000 1.000000 0.000000 0.000000
30.000000 268.789242 3.857251 -0.839736 1.601744 0.000000 0.000000 0.000000 1.000000 0.000000 0.000000
30.000000 268.789631 3.847161 -0.844617 1.606649 0.000000 0.000000 0.000000 1.000000 0.000000 0.000000
30.000000 268.794793 3.874987 -0.848642 1.601172 0.000000 0.000000 0.000000 1.000000 0.000000 0.000000
30.000000 268.797223 3.867542 -0.856038 1.602794 0.000000 0.000000 0.000000 1.000000 0.000000 0.000000
30.000000 268.797343 3.700355 -0.805933 1.576416 0.000000 0.000000 0.000000 1.000000 0.000000 0.000000
30.000000 268.799218 3.900160 -0.820817 1.604406 0.000000 0.000000 0.000000 1.000000 0.000000 0.000000
30.000000 268.799754 3.793828 -0.851218 1.602573 0.000000 0.000000 0.000000 1.000000 0.000000 0.000000
30.000000 268.804722 3.828561 -0.853025 1.589825 0.000000 0.000000 0.000000 1.000000 0.000000 0.000000
30.000000 268.807135 3.824046 -0.858639 1.585525 0.000000 0.000000 0.000000 1.000000 0.000000 0.000000
30.000000 268.807157 3.652398 -0.808393 1.563504 0.000000 0.000000 0.000000 1.000000 0.000000 0.000000
30.000000 268.809289 3.885666 -0.825739 1.596481 0.000000 0.000000 0.000000 1.000000 0.000000 0.000000
30.000000 268.809534 3.769186 -0.856227 1.584450 0.000000 0.000000 0.000000 1.000000 0.000000 0.000000
30.000000 268.815067 3.792173 -0.853864 1.578258 0.000000 0.000000 0.000000 1.000000 0.000000 0.000000
30.000000 268.817247 3.823215 -0.829505 1.571915 0.000000 0.000000 0.000000 1.000000 0.000000 0.000000
30.000000 268.817271 3.632560 -0.815842 1.553634 0.000000 0.000000 0.000000 1.000000 0.000000 0.000000
30.000000 268.819236 3.763138 -0.855601 1.578653 0.000000 0.000000 0.000000 1.000000 0.000000 0.000000
30.000000 268.819560 3.726514 -0.860582 1.576774 0.000000 0.000000 0.000000 1.000000 0.000000 0.000000
30.000000 268.824709 3.748615 -0.856926 1.568152 0.000000 0.000000 0.000000 1.000000 0.000000 0.000000
30.000000 268.827111 3.780270 -0.831620 1.560147 0.000000 0.000000 0.000000 1.000000 0.000000 0.000000
30.000000 268.827184 3.590611 -0.818015 1.540547 0.000000 0.000000 0.000000 1.000000 0.000000 0.000000
30.000000 268.829305 3.691369 -0.848633 1.557750 0.000000 0.000000 0.000000 1.000000 0.000000 0.000000
30.000000 268.829525 3.681470 -0.854343 1.562851 0.000000 0.000000 0.000000 1.000000 0.000000 0.000000
30.000000 268.834907 3.705961 -0.859021 1.557845 0.000000 0.000000 0.000000 1.000000 0.000000 0.000000
30.000000 268.837039 3.696719 -0.868223 1.558112 0.000000 0.000000 0.000000 1.000000 0.000000 0.000000
30.000000 268.837245 3.540592 -0.822321 1.533039 0.000000 0.000000 0.000000 1.000000 0.000000 0.000000
30.000000 268.839216 3.698229 -0.833915 1.549784 0.000000 0.000000 0.000000 1.000000 0.000000 0.000000
30.000000 268.839597 3.631010 -0.857633 1.548537 0.000000 0.000000 0.000000 1.000000 0.000000 0.000000
30.000000 268.844845 3.659426 -0.863441 1.543517 0.000000 0.000000 0.000000 1.000000 0.000000 0.000000
30.000000 268.847045 3.657886 -0.867353 1.539182 0.000000 0.000000 0.000000 1.000000 0.000000 0.000000
30.000000 268.847237 3.547908 -0.836550 1.521979 0.000000 0.000000 0.000000 1.000000 0.000000 0.000000
30.000000 268.849323 3.686655 -0.846705 1.544204 0.000000 0.000000 0.000000 1.000000 0.000000 0.000000
30.000000 268.849572 3.603590 -0.868279 1.537661 0.000000 0.000000 0.000000 1.000000 0.000000 0.000000
30.000000 268.854823 3.629010 -0.867548 1.527679 0.000000 0.000000 0.000000 1.000000 0.000000 0.000000
30.000000 268.857064 3.623914 -0.874200 1.525417 0.000000 0.000000 0.000000 1.000000 0.000000 0.000000
30.000000 268.857319 3.469612 -0.829801 1.499629 0.000000 0.000000 0.000000 1.000000 0.000000 0.000000
30.000000 268.859258 3.653138 -0.843229 1.523962 0.000000 0.000000 0.000000 1.000000 0.000000 0.000000
30.000000 268.859678 3.566810 -0.867658 1.519964 0.000000 0.000000 0.000000 1.000000 0.000000 0.000000
30.000000 268.864871 3.575979 -0.867419 1.515004 0.000000 0.000000 0.000000 1.000000 0.000000 0.000000
30.000000 268.867097 3.572182 -0.873167 1.508816 0.000000 0.000000 0.000000 1.000000 0.000000 0.000000
30.000000 268.867221 3.431936 -0.833708 1.483640 0.000000 0.000000 0.000000 1.000000 0.000000 0.000000
30.000000 268.869315 3.607235 -0.846486 1.509971 0.000000 0.000000 0.000000 1.000000 0.000000 0.000000
30.000000 268.869600 3.523321 -0.868386 1.507177 0.000000 0.000000 0.000000 1.000000 0.000000 0.000000
30.000000 268.874836 3.538132 -0.867212 1.496372 0.000000 0.000000 0.000000 1.000000 0.000000 0.000000
30.000000 268.877140 3.525552 -0.877989 1.495513 0.000000 0.000000 0.000000 1.000000 0.000000 0.000000
30.000000 268.877248 3.391915 -0.838528 1.470598 0.000000 0.000000 0.000000 1.000000 0.000000 0.000000
30.000000 268.879437 3.576450 -0.851819 1.490762 0.000000 0.000000 0.000000 1.000000 0.000000 0.000000
30.000000 268.879696 3.495088 -0.873000 1.486245 0.000000 0.000000 0.000000 1.000000 0.000000 0.000000
30.000000 268.884792 3.496197 -0.870634 1.479568 0.000000 0.000000 0.000000 1.000000 0.000000 0.000000
30.000000 268.887084 3.487140 -0.879513 1.474180 0.000000 0.000000 0.000000 1.000000 0.000000 0.000000
30.000000 268.887172 3.300593 -0.825570 1.447333 0.000000 0.000000 0.000000 1.000000 0.000000 0.000000
30.000000 268.889479 3.521784 -0.841112 1.457836 0.000000 0.000000 0.000000 1.000000 0.000000 0.000000
30.000000 268.889580 3.472939 -0.867297 1.447663 0.000000 0.000000 0.000000 1.000000 0.000000 0.000000
30.000000 268.894786 3.444342 -0.875852 1.462543 0.000000 0.000000 0.000000 1.000000 0.000000 0.000000
30.000000 268.897075 3.441319 -0.879468 1.454036 0.000000 0.000000 0.000000 1.000000 0.000000 0.000000
30.000000 268.897274 3.271370 -0.830636 1.425134 0.000000 0.000000 0.000000 1.000000 0.000000 0.000000
30.000000 268.899291 3.475677 -0.845434 1.450332 0.000000 0.000000 0.000000 1.000000 0.000000 0.000000
30.000000 268.899724 3.396679 -0.872745 1.450532 0.000000 0.000000 0.000000 1.000000 0.000000 0.000000
30.000000 268.904784 3.411652 -0.878122 1.442449 0.000000 0.000000 0.000000 1.000000 0.000000 0.000000
30.000000 268.907116 3.407264 -0.883216 1.431043 0.000000 0.000000 0.000000 1.000000 0.000000 0.000000
30.000000 268.907147 3.315751 -0.858668 1.413418 0.000000 0.000000 0.000000 1.000000 0.000000 0.000000
30.000000 268.909317 3.421224 -0.866215 1.436665 0.000000 0.000000 0.000000 1.000000 0.000000 0.000000
30.000000 268.909557 3.353908 -0.881251 1.436671 0.000000 0.000000 0.000000 1.000000 0.000000 0.000000
30.000000 268.914751 3.368708 -0.878566 1.423662 0.000000 0.000000 0.000000 1.000000 0.000000 0.000000
30.000000 268.917141 3.362339 -0.885383 1.416694 0.000000 0.000000 0.000000 1.000000 0.000000 0.000000
30.000000 268.917260 3.241645 -0.851635 1.396971 0.000000 0.000000 0.000000 1.000000 0.000000 0.000000
30.000000 268.919315 3.390612 -0.862327 1.418557 0.000000 0.000000 0.000000 1.000000 0.000000 0.000000
30.000000 268.919789 3.316920 -0.882397 1.413460 0.000000 0.000000 0.000000 1.000000 0.000000 0.000000
30.000000 268.924700 3.328551 -0.882293 1.401281 0.000000 0.000000 0.000000 1.000000 0.000000 0.000000
30.000000 268.927217 3.341089 -0.869164 1.390418 0.000000 0.000000 0.000000 1.000000 0.000000 0.000000
30.000000 268.927390 3.218465 -0.859909 1.378236 0.000000 0.000000 0.000000 1.000000 0.000000 0.000000
30.000000 268.929614 3.290928 -0.883512 1.386728 0.000000 0.000000 0.000000 1.000000 0.000000 0.000000
30.000000 268.929712 3.270772 -0.877431 1.387398 0.000000 0.000000 0.000000 1.000000 0.000000 0.000000
30.000000 268.934793 3.286018 -0.872884 1.377148 0.000000 0.000000 0.000000 1.000000 0.000000 0.000000
30.000000 268.937206 3.277118 -0.892024 1.367493 0.000000 0.000000 0.000000 1.000000 0.000000 0.000000
30.000000 268.937274 3.152439 -0.858043 1.349648 0.000000 0.000000 0.000000 1.000000 0.000000 0.000000
30.000000 268.939242 3.288455 -0.867300 1.359569 0.000000 0.000000 0.000000 1.000000 0.000000 0.000000
30.000000 268.939721 3.256047 -0.883595 1.351028 0.000000 0.000000 0.000000 1.000000 0.000000 0.000000
30.000000 268.944687 3.242658 -0.889005 1.353604 0.000000 0.000000 0.000000 1.000000 0.000000 0.000000
30.000000 268.947189 3.235968 -0.895055 1.343589 0.000000 0.000000 0.000000 1.000000 0.000000 0.000000
30.000000 268.947245 3.109195 -0.859518 1.323934 0.000000 0.000000 0.000000 1.000000 0.000000 0.000000
30.000000 268.949460 3.266177 -0.870675 1.349574 0.000000 0.000000 0.000000 1.000000 0.000000 0.000000
30.000000 268.949775 3.190249 -0.890105 1.345439 0.000000 0.000000 0.000000 1.000000 0.000000 0.000000
30.000000 268.954754 3.201086 -0.888968 1.331102 0.000000 0.000000 0.000000 1.000000 0.000000 0.000000
30.000000 268.957165 3.195849 -0.894121 1.318971 0.000000 0.000000 0.000000 1.000000 0.000000 0.000000
30.000000 268.957320 3.096085 -0.867129 1.301940 0.000000 0.000000 0.000000 1.000000 0.000000 0.000000
30.000000 268.959280 3.212787 -0.875396 1.321775 0.000000 0.000000 0.000000 1.000000 0.000000 0.000000
30.000000 268.959677 3.151855 -0.891880 1.318765 0.000000 0.000000 0.000000 1.000000 0.000000 0.000000
30.000000 268.964741 3.158177 -0.891765 1.305295 0.000000 0.000000 0.000000 1.000000 0.000000 0.000000
30.000000 268.967160 3.171012 -0.875893 1.292691 0.000000 0.000000 0.000000 1.000000 0.000000 0.000000
30.000000 268.967367 3.027926 -0.864117 1.275499 0.000000 0.000000 0.000000 1.000000 0.000000 0.000000
30.000000 268.969557 3.133426 -0.895571 1.284671 0.000000 0.000000 0.000000 1.000000 0.000000 0.000000
30.000000 268.969777 3.105786 -0.892274 1.294019 0.000000 0.000000 0.000000 1.000000 0.000000 0.000000
30.000000 268.974792 3.101077 -0.900194 1.284852 0.000000 0.000000 0.000000 1.000000 0.000000 0.000000
30.000000 268.977204 3.117009 -0.898474 1.264685 0.000000 0.000000 0.000000 1.000000 0.000000 0.000000
30.000000 268.977269 2.960685 -0.855466 1.243320 0.000000 0.000000 0.000000 1.000000 0.000000 0.000000
30.000000 268.979736 3.095571 -0.864794 1.260398 0.000000 0.000000 0.000000 1.000000 0.000000 0.000000
30.000000 268.979856 3.063673 -0.886175 1.261272 0.000000 0.000000 0.000000 1.000000 0.000000 0.000000
30.000000 268.984687 3.073984 -0.898909 1.253869 0.000000 0.000000 0.000000 1.000000 0.000000 0.000000
30.000000 268.987189 3.086645 -0.883019 1.237193 0.000000 0.000000 0.000000 1.000000 0.000000 0.000000
30.000000 268.987308 2.969626 -0.873743 1.223726 0.000000 0.000000 0.000000 1.000000 0.000000 0.000000
30.000000 268.989369 2.989318 -0.879578 1.227435 0.000000 0.000000 0.000000 1.000000 0.000000 0.000000
30.000000 268.989570 3.006492 -0.887184 1.241132 0.000000 0.000000 0.000000 1.000000 0.000000 0.000000
30.000000 268.994789 3.031660 -0.902001 1.227876 0.000000 0.000000 0.000000 1.000000 0.000000 0.000000
30.000000 268.997257 3.027687 -0.905459 1.208199 0.000000 0.000000 0.000000 1.000000 0.000000 0.000000
30.000000 268.997308 2.924228 -0.878387 1.192343 0.000000 0.000000 0.000000 1.000000 0.000000 0.000000
30.000000 268.999288 3.036283 -0.886130 1.212314 0.000000 0.000000 0.000000 1.000000 0.000000 0.000000
30.000000 268.999640 2.999372 -0.899119 1.211330 0.000000 0.000000 0.000000 1.000000 0.000000 0.000000
30.000000 269.004719 2.996766 -0.901841 1.196700 0.000000 0.000000 0.000000 1.000000 0.000000 0.000000
30.000000 269.007230 3.001120 -0.891706 1.179034 0.000000 0.000000 0.000000 1.000000 0.000000 0.000000
30.000000 269.007393 2.909239 -0.883990 1.167023 0.000000 0.000000 0.000000 1.000000 0.000000 0.000000
30.000000 269.009324 2.949515 -0.895854 1.169590 0.000000 0.000000 0.000000 1.000000 0.000000 0.000000
30.000000 269.009489 2.961346 -0.898490 1.176083 0.000000 0.000000 0.000000 1.000000 0.000000 0.000000
30.000000 269.014774 2.955511 -0.904445 1.166532 0.000000 0.000000 0.000000 1.000000 0.000000 0.000000
30.000000 269.017234 2.980104 -0.875531 1.141912 0.000000 0.000000 0.000000 1.000000 0.000000 0.000000
30.000000 269.017350 2.768276 -0.858819 1.121500 0.000000 0.000000 0.000000 1.000000 0.000000 0.000000
30.000000 269.019265 2.909894 -0.900273 1.139933 0.000000 0.000000 0.000000 1.000000 0.000000 0.000000
30.000000 269.019638 2.922081 -0.902665 1.144167 0.000000 0.000000 0.000000 1.000000 0.000000 0.000000
30.000000 269.024781 2.910520 -0.908025 1.134163 0.000000 0.000000 0.000000 1.000000 0.000000 0.000000
30.000000 269.027200 2.905814 -0.910484 1.109052 0.000000 0.000000 0.000000 1.000000 0.000000 0.000000
30.000000 269.027298 2.768500 -0.873735 1.086310 0.000000 0.000000 0.000000 1.000000 0.000000 0.000000
30.000000 269.029470 2.886598 -0.881373 1.089433 0.000000 0.000000 0.000000 1.000000 0.000000 0.000000
30.000000 269.029593 2.909224 -0.895824 1.093248 0.000000 0.000000 0.000000 1.000000 0.000000 0.000000
30.000000 269.034788 2.864536 -0.911835 1.108494 0.000000 0.000000 0.000000 1.000000 0.000000 0.000000
30.000000 269.037211 2.857403 -0.915370 1.088709 0.000000 0.000000 0.000000 1.000000 0.000000 0.000000
30.000000 269.037379 2.760834 -0.889164 1.069237 0.000000 0.000000 0.000000 1.000000 0.000000 0.000000
30.000000 269.039253 2.824933 -0.893513 1.072251 0.000000 0.000000 0.000000 1.000000 0.000000 0.000000
30.000000 269.039629 2.828478 -0.902937 1.077906 0.000000 0.000000 0.000000 1.000000 0.000000 0.000000
30.000000 269.044715 2.826689 -0.913220 1.070991 0.000000 0.000000 0.000000 1.000000 0.000000 0.000000
30.000000 269.047249 2.838594 -0.897842 1.049800 0.000000 0.000000 0.000000 1.000000 0.000000 0.000000
30.000000 269.047461 2.712699 -0.889226 1.028809 0.000000 0.000000 0.000000 1.000000 0.000000 0.000000
30.000000 269.049417 2.789446 -0.911659 1.034551 0.000000 0.000000 0.000000 1.000000 0.000000 0.000000
30.000000 269.049582 2.810547 -0.912491 1.042958 0.000000 0.000000 0.000000 1.000000 0.000000 0.000000
30.000000 269.054790 2.787225 -0.917773 1.036314 0.000000 0.000000 0.000000 1.000000 0.000000 0.000000
30.000000 269.057160 2.777452 -0.921406 1.016694 0.000000 0.000000 0.000000 1.000000 0.000000 0.000000
30.000000 269.057339 2.657491 -0.887286 0.996025 0.000000 0.000000 0.000000 1.000000 0.000000 0.000000
30.000000 269.059332 2.790125 -0.896384 1.012456 0.000000 0.000000 0.000000 1.000000 0.000000 0.000000
30.000000 269.059736 2.758987 -0.911212 1.015401 0.000000 0.000000 0.000000 1.000000 0.000000 0.000000
30.000000 269.064775 2.747893 -0.916822 1.000125 0.000000 0.000000 0.000000 1.000000 0.000000 0.000000
30.000000 269.067272 2.750023 -0.905348 0.977059 0.000000 0.000000 0.000000 1.000000 0.000000 0.000000
30.000000 269.067404 2.649874 -0.896551 0.961735 0.000000 0.000000 0.000000 1.000000 0.000000 0.000000
30.000000 269.069346 2.714744 -0.915498 0.966184 0.000000 0.000000 0.000000 1.000000 0.000000 0.000000
30.000000 269.069653 2.735660 -0.914965 0.974455 0.000000 0.000000 0.000000 1.000000 0.000000 0.000000
30.000000 269.074780 2.709585 -0.918834 0.965032 0.000000 0.000000 0.000000 1.000000 0.000000 0.000000
30.000000 269.077363 2.699319 -0.924448 0.937383 0.000000 0.000000 0.000000 1.000000 0.000000 0.000000
30.000000 269.077401 2.600264 -0.899055 0.918682 0.000000 0.000000 0.000000 1.000000 0.000000 0.000000
30.000000 269.079332 2.736062 -0.908309 0.940768 0.000000 0.000000 0.000000 1.000000 0.000000 0.000000
30.000000 269.079687 2.705268 -0.920000 0.941853 0.000000 0.000000 0.000000 1.000000 0.000000 0.000000
30.000000 269.084727 2.671827 -0.920708 0.930793 0.000000 0.000000 0.000000 1.000000 0.000000 0.000000
30.000000 269.087213 2.657228 -0.929475 0.902044 0.000000 0.000000 0.000000 1.000000 0.000000 0.000000
30.000000 269.087249 2.495896 -0.886234 0.873702 0.000000 0.000000 0.000000 1.000000 0.000000 0.000000
30.000000 269.089426 2.742967 -0.903092 0.908422 0.000000 0.000000 0.000000 1.000000 0.000000 0.000000
30.000000 269.089613 2.674280 -0.925472 0.903240 0.000000 0.000000 0.000000 1.000000 0.000000 0.000000
30.000000 269.094840 2.628130 -0.924735 0.894152 0.000000 0.000000 0.000000 1.000000 0.000000 0.000000
30.000000 269.097338 2.646298 -0.897622 0.853266 0.000000 0.000000 0.000000 1.000000 0.000000 0.000000
30.000000 269.097346 2.418075 -0.881749 0.825926 0.000000 0.000000 0.000000 1.000000 0.000000 0.000000
30.000000 269.099302 2.580962 -0.928533 0.842797 0.000000 0.000000 0.000000 1.000000 0.000000 0.000000
30.000000 269.099785 2.645115 -0.920571 0.850846 0.000000 0.000000 0.000000 1.000000 0.000000 0.000000
30.000000 269.104782 2.593180 -0.926950 0.843776 0.000000 0.000000 0.000000 1.000000 0.000000 0.000000
30.000000 269.107256 2.595037 -0.906791 0.812197 0.000000 0.000000 0.000000 1.000000 0.000000 0.000000
30.000000 269.107459 2.408327 -0.888387 0.793185 0.000000 0.000000 0.000000 1.000000 0.000000 0.000000
30.000000 269.109587 2.604434 -0.939802 0.817677 0.000000 0.000000 0.000000 1.000000 0.000000 0.000000
30.000000 269.109627 2.585068 -0.925318 0.822648 0.000000 0.000000 0.000000 1.000000 0.000000 0.000000
30.000000 269.114800 2.514781 -0.944147 0.801520 0.000000 0.000000 0.000000 1.000000 0.000000 0.000000
30.000000 269.117316 2.538659 -0.933735 0.777201 0.000000 0.000000 0.000000 1.000000 0.000000 0.000000
30.000000 269.117419 2.410014 -0.900579 0.752028 0.000000 0.000000 0.000000 1.000000 0.000000 0.000000
30.000000 269.119351 2.581802 -0.912198 0.781248 0.000000 0.000000 0.000000 1.000000 0.000000 0.000000
30.000000 269.119761 2.557072 -0.930295 0.790529 0.000000 0.000000 0.000000 1.000000 0.000000 0.000000
30.000000 269.124768 2.502913 -0.937080 0.782550 0.000000 0.000000 0.000000 1.000000 0.000000 0.000000
30.000000 269.127178 2.489959 -0.939183 0.740941 0.000000 0.000000 0.000000 1.000000 0.000000 0.000000
30.000000 269.127351 2.377247 -0.909514 0.712392 0.000000 0.000000 0.000000 1.000000 0.000000 0.000000
30.000000 269.129440 2.530077 -0.919600 0.728338 0.000000 0.000000 0.000000 1.000000 0.000000 0.000000
30.000000 269.134878 2.448383 -0.947466 0.715398 0.000000 0.000000 0.000000 1.000000 0.000000 0.000000
30.000000 269.137337 2.465020 -0.940951 0.696552 0.000000 0.000000 0.000000 1.000000 0.000000 0.000000
30.000000 269.137376 2.329897 -0.905990 0.670289 0.000000 0.000000 0.000000 1.000000 0.000000 0.000000
30.000000 269.139317 2.448409 -0.913924 0.697242 0.000000 0.000000 0.000000 1.000000 0.000000 0.000000
30.000000 269.144824 2.399511 -0.944570 0.684449 0.000000 0.000000 0.000000 1.000000 0.000000 0.000000
30.000000 269.147227 2.426755 -0.942754 0.651918 0.000000 0.000000 0.000000 1.000000 0.000000 0.000000
30.000000 269.147281 2.305613 -0.911028 0.627399 0.000000 0.000000 0.000000 1.000000 0.000000 0.000000
30.000000 269.149759 2.430164 -0.919317 0.642381 0.000000 0.000000 0.000000 1.000000 0.000000 0.000000
30.000000 269.157197 2.359846 -0.940465 0.613911 0.000000 0.000000 0.000000 1.000000 0.000000 0.000000
30.000000 269.157388 2.256463 -0.910903 0.586519 0.000000 0.000000 0.000000 1.000000 0.000000 0.000000
30.000000 269.159468 2.427577 -0.922112 0.613097 0.000000 0.000000 0.000000 1.000000 0.000000 0.000000
30.000000 269.164770 2.331761 -0.964028 0.582849 0.000000 0.000000 0.000000 1.000000 0.000000 0.000000
30.000000 269.167328 2.371892 -0.935618 0.560572 0.000000 0.000000 0.000000 1.000000 0.000000 0.000000
30.000000 269.167381 2.229661 -0.919509 0.546691 0.000000 0.000000 0.000000 1.000000 0.000000 0.000000
30.000000 269.169444 2.321191 -0.945607 0.555763 0.000000 0.000000 0.000000 1.000000 0.000000 0.000000
30.000000 269.174999 2.297535 -0.970632 0.535018 0.000000 0.000000 0.000000 1.000000 0.000000 0.000000
30.000000 269.177238 2.326313 -0.963299 0.510360 0.000000 0.000000 0.000000 1.000000 0.000000 0.000000
30.000000 269.177451 2.158796 -0.913387 0.486330 0.000000 0.000000 0.000000 1.000000 0.000000 0.000000
30.000000 269.179644 2.261119 -0.920165 0.500946 0.000000 0.000000 0.000000 1.000000 0.000000 0.000000
30.000000 269.187416 2.215566 -0.935780 0.463460 0.000000 0.000000 0.000000 1.000000 0.000000 0.000000
30.000000 269.187487 2.150625 -0.917853 0.425666 0.000000 0.000000 0.000000 1.000000 0.000000 0.000000
30.000000 269.197253 2.027047 -0.910595 0.397426 0.000000 0.000000 0.000000 1.000000 0.000000 0.000000
30.000000 269.197494 1.966959 -0.894324 0.377706 0.000000 0.000000 0.000000 1.000000 0.000000 0.000000
30.000000 269.199466 2.251590 -0.913023 0.420557 0.000000 0.000000 0.000000 1.000000 0.000000 0.000000
30.000000 269.207300 2.220954 -0.922452 0.399005 0.000000 0.000000 0.000000 1.000000 0.000000 0.000000
30.000000 269.207334 1.977044 -0.906648 0.341907 0.000000 0.000000 0.000000 1.000000 0.000000 0.000000
30.000000 269.217418 2.045954 -0.930985 0.300842 0.000000 0.000000 0.000000 1.000000 0.000000 0.000000
30.000000 269.227295 1.998555 -0.930153 0.271103 0.000000 0.000000 0.000000 1.000000 0.000000 0.000000
30.000000 269.227318 2.064079 -0.950303 0.264243 0.000000 0.000000 0.000000 1.000000 0.000000 0.000000
30.000000 269.229658 2.013103 -0.946851 0.273039 0.000000 0.000000 0.000000 1.000000 0.000000 0.000000
30.000000 269.237369 2.023842 -0.946325 0.253246 0.000000 0.000000 0.000000 1.000000 0.000000 0.000000
30.000000 269.237451 2.002423 -0.946236 0.215893 0.000000 0.000000 0.000000 1.000000 0.000000 0.000000
30.000000 269.239534 1.997079 -0.944713 0.212709 0.000000 0.000000 0.000000 1.000000 0.000000 0.000000
30.000000 269.247288 1.997279 -0.945804 0.194528 0.000000 0.000000 0.000000 1.000000 0.000000 0.000000
30.000000 269.247579 1.943647 -0.942634 0.164981 0.000000 0.000000 0.000000 1.000000 0.000000 0.000000
30.000000 269.249844 1.980289 -0.952909 0.167177 0.000000 0.000000 0.000000 1.000000 0.000000 0.000000
30.000000 269.257294 1.964487 -0.959101 0.139638 0.000000 0.000000 0.000000 1.000000 0.000000 0.000000
30.000000 269.257300 1.890980 -0.938522 0.108165 0.000000 0.000000 0.000000 1.000000 0.000000 0.000000
30.000000 269.259551 2.000671 -0.945298 0.122411 0.000000 0.000000 0.000000 1.000000 0.000000 0.000000
30.000000 269.267366 1.987087 -0.949920 0.100035 0.000000 0.000000 0.000000 1.000000 0.000000 0.000000
30.000000 269.267448 1.818255 -0.939302 0.052918 0.000000 0.000000 0.000000 1.000000 0.000000 0.000000
30.000000 269.269612 1.891005 -0.959685 0.056029 0.000000 0.000000 0.000000 1.000000 0.000000 0.000000
30.000000 269.277402 1.870456 -0.967220 0.027079 0.000000 0.000000 0.000000 1.000000 0.000000 0.000000
30.000000 269.277439 1.740559 -0.930708 -0.007387 0.000000 0.000000 0.000000 1.000000 0.000000 0.000000
30.000000 269.279558 1.924403 -0.942022 0.027469 0.000000 0.000000 0.000000 1.000000 0.000000 0.000000
30.000000 269.287419 1.840934 -0.966075 0.027356 0.000000 0.000000 0.000000 1.000000 0.000000 0.000000
30.000000 269.287594 1.832209 -0.966551 0.043733 0.000000 0.000000 0.000000 1.000000 0.000000 0.000000
30.000000 269.289546 1.819839 -0.963240 0.052103 0.000000 0.000000 0.000000 1.000000 0.000000 0.000000
30.000000 269.297290 1.793316 -0.970018 0.069398 0.000000 0.000000 0.000000 1.000000 0.000000 0.000000
30.000000 269.297599 1.767006 -0.963045 0.080163 0.000000 0.000000 0.000000 1.000000 0.000000 0.000000
30.000000 269.299677 1.796814 -0.964835 0.100219 0.000000 0.000000 0.000000 1.000000 0.000000 0.000000
30.000000 269.307350 1.775267 -0.970311 0.114479 0.000000 0.000000 0.000000 1.000000 0.000000 0.000000
30.000000 269.307384 1.677061 -0.942919 0.117345 0.000000 0.000000 0.000000 1.000000 0.000000 0.000000
30.000000 269.309665 1.846594 -0.953221 0.153498 0.000000 0.000000 0.000000 1.000000 0.000000 0.000000
30.000000 269.317269 1.761749 -0.977139 0.153875 0.000000 0.000000 0.000000 1.000000 0.000000 0.000000
30.000000 269.317646 1.732802 -0.969566 0.171841 0.000000 0.000000 0.000000 1.000000 0.000000 0.000000
30.000000 269.319563 1.789033 -0.972894 0.193141 0.000000 0.000000 0.000000 1.000000 0.000000 0.000000
30.000000 269.327446 1.730976 -0.989049 0.194368 0.000000 0.000000 0.000000 1.000000 0.000000 0.000000
30.000000 269.327464 1.673170 -0.973065 0.198503 0.000000 0.000000 0.000000 1.000000 0.000000 0.000000
30.000000 269.329927 1.651321 -0.971432 0.213432 0.000000 0.000000 0.000000 1.000000 0.000000 0.000000
30.000000 269.337306 1.644153 -0.972908 0.225346 0.000000 0.000000 0.000000 1.000000 0.000000 0.000000
30.000000 269.337634 1.625009 -0.967520 0.232609 0.000000 0.000000 0.000000 1.000000 0.000000 0.000000
30.000000 269.347490 1.576651 -0.964760 0.245123 0.000000 0.000000 0.000000 1.000000 0.000000 0.000000
30.000000 269.347625 1.613040 -0.975260 0.269598 0.000000 0.000000 0.000000 1.000000 0.000000 0.000000
30.000000 269.349602 1.665717 -0.978324 0.292056 0.000000 0.000000 0.000000 1.000000 0.000000 0.000000
30.000000 269.357373 1.648044 -0.982958 0.303480 0.000000 0.000000 0.000000 1.000000 0.000000 0.000000
30.000000 269.357597 1.603906 -0.970895 0.309983 0.000000 0.000000 0.000000 1.000000 0.000000 0.000000
30.000000 269.359590 1.648312 -0.973488 0.320608 0.000000 0.000000 0.000000 1.000000 0.000000 0.000000
30.000000 269.367394 1.602200 -0.986450 0.326746 0.000000 0.000000 0.000000 1.000000 0.000000 0.000000
30.000000 269.367526 1.649112 -0.999698 0.357167 0.000000 0.000000 0.000000 1.000000 0.000000 0.000000
30.000000 269.369758 1.532013 -0.991925 0.344282 0.000000 0.000000 0.000000 1.000000 0.000000 0.000000
30.000000 269.377388 1.556453 -0.985108 0.359614 0.000000 0.000000 0.000000 1.000000 0.000000 0.000000
30.000000 269.377491 1.588284 -0.994511 0.383013 0.000000 0.000000 0.000000 1.000000 0.000000 0.000000
30.000000 269.379445 1.427700 -0.984323 0.355557 0.000000 0.000000 0.000000 1.000000 0.000000 0.000000
30.000000 269.387481 1.470136 -0.972849 0.379830 0.000000 0.000000 0.000000 1.000000 0.000000 0.000000
30.000000 269.387566 1.561630 -0.999104 0.421750 0.000000 0.000000 0.000000 1.000000 0.000000 0.000000
30.000000 269.389512 1.463938 -0.992941 0.411722 0.000000 0.000000 0.000000 1.000000 0.000000 0.000000
30.000000 269.397355 1.479029 -0.988648 0.423940 0.000000 0.000000 0.000000 1.000000 0.000000 0.000000
30.000000 269.397597 1.514944 -0.998507 0.449672 0.000000 0.000000 0.000000 1.000000 0.000000 0.000000
30.000000 269.399412 1.476523 -0.995698 0.456884 0.000000 0.000000 0.000000 1.000000 0.000000 0.000000
30.000000 269.407419 1.446735 -1.004604 0.473865 0.000000 0.000000 0.000000 1.000000 0.000000 0.000000
30.000000 269.407426 1.519189 -1.011123 0.488119 0.000000 0.000000 0.000000 1.000000 0.000000 0.000000
30.000000 269.409698 1.455501 -0.994397 0.481345 0.000000 0.000000 0.000000 1.000000 0.000000 0.000000
30.000000 269.417583 1.391169 -1.011859 0.504825 0.000000 0.000000 0.000000 1.000000 0.000000 0.000000
30.000000 269.419736 1.320785 -1.008296 0.509461 0.000000 0.000000 0.000000 1.000000 0.000000 0.000000
30.000000 269.427474 1.325781 -1.007126 0.521256 0.000000 0.000000 0.000000 1.000000 0.000000 0.000000
30.000000 269.439502 1.300204 -1.008115 0.579964 0.000000 0.000000 0.000000 1.000000 0.000000 0.000000
30.000000 269.447439 1.282301 -1.012155 0.593695 0.000000 0.000000 0.000000 1.000000 0.000000 0.000000
30.000000 269.449597 1.287555 -1.012490 0.600721 0.000000 0.000000 0.000000 1.000000 0.000000 0.000000
30.000000 269.457477 1.262000 -1.019592 0.616318 0.000000 0.000000 0.000000 1.000000 0.000000 0.000000
30.000000 269.459591 1.264632 -1.020183 0.626874 0.000000 0.000000 0.000000 1.000000 0.000000 0.000000
30.000000 269.467503 1.251776 -1.024230 0.639545 0.000000 0.000000 0.000000 1.000000 0.000000 0.000000
30.000000 269.469471 1.220365 -1.023057 0.649180 0.000000 0.000000 0.000000 1.000000 0.000000 0.000000
30.000000 269.477618 1.262674 -1.011900 0.671038 0.000000 0.000000 0.000000 1.000000 0.000000 0.000000
30.000000 269.479727 1.060239 -1.000678 0.669422 0.000000 0.000000 0.000000 1.000000 0.000000 0.000000
30.000000 269.487639 0.994334 -1.018788 0.672321 0.000000 0.000000 0.000000 1.000000 0.000000 0.000000
30.000000 269.489562 1.120001 -1.026492 0.696802 0.000000 0.000000 0.000000 1.000000 0.000000 0.000000
30.000000 269.497582 1.172906 -1.012121 0.720503 0.000000 0.000000 0.000000 1.000000 0.000000 0.000000
30.000000 269.499660 1.178534 -1.013056 0.733758 0.000000 0.000000 0.000000 1.000000 0.000000 0.000000
30.000000 269.507456 1.158555 -1.019047 0.744347 0.000000 0.000000 0.000000 1.000000 0.000000 0.000000
30.000000 269.509707 1.201027 -1.022234 0.762545 0.000000 0.000000 0.000000 1.000000 0.000000 0.000000
30.000000 269.517534 1.206603 -1.021239 0.777663 0.000000 0.000000 0.000000 1.000000 0.000000 0.000000
30.000000 269.519609 1.196362 -1.021208 0.785759 0.000000 0.000000 0.000000 1.000000 0.000000 0.000000
30.000000 269.527391 1.112694 -1.045101 0.785566 0.000000 0.000000 0.000000 1.000000 0.000000 0.000000
30.000000 269.529665 0.927961 -1.035190 0.784194 0.000000 0.000000 0.000000 1.000000 0.000000 0.000000
30.000000 269.537587 0.902457 -1.042275 0.790881 0.000000 0.000000 0.000000 1.000000 0.000000 0.000000
30.000000 269.539638 0.820060 -1.037614 0.786056 0.000000 0.000000 0.000000 1.000000 0.000000 0.000000
30.000000 269.547611 0.869009 -1.024496 0.805246 0.000000 0.000000 0.000000 1.000000 0.000000 0.000000
30.000000 269.549689 1.114897 -1.039478 0.844837 0.000000 0.000000 0.000000 1.000000 0.000000 0.000000
30.000000 269.557663 1.055912 -1.056105 0.843291 0.000000 0.000000 0.000000 1.000000 0.000000 0.000000
30.000000 269.559553 1.034456 -1.055026 0.844080 0.000000 0.000000 0.000000 1.000000 0.000000 0.000000
30.000000 269.567591 1.102692 -1.036568 0.862683 0.000000 0.000000 0.000000 1.000000 0.000000 0.000000
30.000000 269.569653 0.977470 -1.029741 0.856614 0.000000 0.000000 0.000000 1.000000 0.000000 0.000000
30.000000 269.577614 0.891610 -1.054153 0.857190 0.000000 0.000000 0.000000 1.000000 0.000000 0.000000
30.000000 269.579773 0.776741 -1.047851 0.848146 0.000000 0.000000 0.000000 1.000000 0.000000 0.000000
30.000000 269.587586 0.818386 -1.036570 0.856330 0.000000 0.000000 0.000000 1.000000 0.000000 0.000000
30.000000 269.589590 0.842837 -1.038830 0.879556 0.000000 0.000000 0.000000 1.000000 0.000000 0.000000
30.000000 269.597715 0.800003 -1.050847 0.887218 0.000000 0.000000 0.000000 1.000000 0.000000 0.000000
30.000000 269.599646 0.655149 -1.042774 0.879531 0.000000 0.000000 0.000000 1.000000 0.000000 0.000000
30.000000 269.607619 0.715621 -1.026332 0.894890 0.000000 0.000000 0.000000 1.000000 0.000000 0.000000
30.000000 269.609787 0.855261 -1.034649 0.914633 0.000000 0.000000 0.000000 1.000000 0.000000 0.000000
30.000000 269.617606 0.731443 -1.068825 0.900607 0.000000 0.000000 0.000000 1.000000 0.000000 0.000000
30.000000 269.619678 0.548813 -1.058648 0.893030 0.000000 0.000000 0.000000 1.000000 0.000000 0.000000
30.000000 269.627554 0.524595 -1.065196 0.896018 0.000000 0.000000 0.000000 1.000000 0.000000 0.000000
30.000000 269.629695 0.585324 -1.068559 0.898535 0.000000 0.000000 0.000000 1.000000 0.000000 0.000000
30.000000 269.637602 0.586659 -1.068586 0.910623 0.000000 0.000000 0.000000 1.000000 0.000000 0.000000
30.000000 269.639571 0.461084 -1.061773 0.903618 0.000000 0.000000 0.000000 1.000000 0.000000 0.000000
30.000000 269.657627 0.544457 -1.080568 0.933818 0.000000 0.000000 0.000000 1.000000 0.000000 0.000000
30.000000 269.659696 0.562643 -1.081729 0.939620 0.000000 0.000000 0.000000 1.000000 0.000000 0.000000
30.000000 269.667607 0.544016 -1.086777 0.934475 0.000000 0.000000 0.000000 1.000000 0.000000 0.000000
30.000000 269.669799 0.332033 -1.075061 0.922928 0.000000 0.000000 0.000000 1.000000 0.000000 0.000000
30.000000 269.677637 0.533484 -1.020274 0.946946 0.000000 0.000000 0.000000 1.000000 0.000000 0.000000
30.000000 269.689731 0.243958 -1.086613 0.918640 0.000000 0.000000 0.000000 1.000000 0.000000 0.000000
30.000000 269.697623 0.264111 -1.081193 0.925897 0.000000 0.000000 0.000000 1.000000 0.000000 0.000000
30.000000 269.699807 0.403321 -1.089105 0.947849 0.000000 0.000000 0.000000 1.000000 0.000000 0.000000
30.000000 269.707500 0.424389 -1.083387 0.953812 0.000000 0.000000 0.000000 1.000000 0.000000 0.000000
30.000000 269.709908 0.429702 -1.083699 0.954982 0.000000 0.000000 0.000000 1.000000 0.000000 0.000000
30.000000 269.717589 0.375863 -1.098398 0.947064 0.000000 0.000000 0.000000 1.000000 0.000000 0.000000
30.000000 269.719618 0.335739 -1.096202 0.944074 0.000000 0.000000 0.000000 1.000000 0.000000 0.000000
30.000000 269.727483 0.338746 -1.095398 0.946526 0.000000 0.000000 0.000000 1.000000 0.000000 0.000000
30.000000 269.729851 0.249548 -1.090475 0.938108 0.000000 0.000000 0.000000 1.000000 0.000000 0.000000
30.000000 269.737603 0.274775 -1.083615 0.940984 0.000000 0.000000 0.000000 1.000000 0.000000 0.000000
30.000000 269.739608 0.204589 -1.079613 0.928681 0.000000 0.000000 0.000000 1.000000 0.000000 0.000000
30.000000 269.747576 0.138906 -1.097469 0.924809 0.000000 0.000000 0.000000 1.000000 0.000000 0.000000
30.000000 269.749643 0.301341 -1.106545 0.950445 0.000000 0.000000 0.000000 1.000000 0.000000 0.000000
30.000000 269.757621 0.286961 -1.110453 0.944818 0.000000 0.000000 0.000000 1.000000 0.000000 0.000000
30.000000 269.759537 0.189559 -1.105024 0.929478 0.000000 0.000000 0.000000 1.000000 0.000000 0.000000
30.000000 269.767473 0.176648 -1.108535 0.928175 0.000000 0.000000 0.000000 1.000000 0.000000 0.000000
30.000000 269.769664 0.191390 -1.109305 0.927764 0.000000 0.000000 0.000000 1.000000 0.000000 0.000000
30.000000 269.777662 0.168291 -1.115573 0.923424 0.000000 0.000000 0.000000 1.000000 0.000000 0.000000
30.000000 269.779628 0.036018 -1.108333 0.906499 0.000000 0.000000 0.000000 1.000000 0.000000 0.000000
30.000000 269.787591 0.100457 -1.090991 0.920927 0.000000 0.000000 0.000000 1.000000 0.000000 0.000000
30.000000 269.789642 0.019168 -1.086423 0.901416 0.000000 0.000000 0.000000 1.000000 0.000000 0.000000
30.000000 269.797665 -0.086751 -1.114789 0.883447 0.000000 0.000000 0.000000 1.000000 0.000000 0.000000
30.000000 269.799663 -0.087040 -1.114820 0.894295 0.000000 0.000000 0.000000 1.000000 0.000000 0.000000
30.000000 269.807690 -0.095551 -1.117117 0.886822 0.000000 0.000000 0.000000 1.000000 0.000000 0.000000
30.000000 269.809656 -0.157536 -1.113731 0.876722 0.000000 0.000000 0.000000 1.000000 0.000000 0.000000
30.000000 269.817778 -0.159773 -1.114339 0.874071 0.000000 0.000000 0.000000 1.000000 0.000000 0.000000
30.000000 269.819562 -0.171344 -1.113664 0.867175 0.000000 0.000000 0.000000 1.000000 0.000000 0.000000
30.000000 269.827604 -0.137809 -1.104655 0.868495 0.000000 0.000000 0.000000 1.000000 0.000000 0.000000
30.000000 269.829816 -0.213893 -1.100501 0.857750 0.000000 0.000000 0.000000 1.000000 0.000000 0.000000
30.000000 269.837718 -0.310140 -1.126298 0.843894 0.000000 0.000000 0.000000 1.000000 0.000000 0.000000
30.000000 269.839622 -0.275092 -1.128485 0.823107 0.000000 0.000000 0.000000 1.000000 0.000000 0.000000
30.000000 269.847554 -0.226186 -1.115456 0.824622 0.000000 0.000000 0.000000 1.000000 0.000000 0.000000
30.000000 269.849649 -0.259594 -1.113516 0.836699 0.000000 0.000000 0.000000 1.000000 0.000000 0.000000
30.000000 269.857663 -0.327475 -1.131749 0.820188 0.000000 0.000000 0.000000 1.000000 0.000000 0.000000
30.000000 269.859632 -0.178991 -1.139624 0.818054 0.000000 0.000000 0.000000 1.000000 0.000000 0.000000
30.000000 269.867646 -0.200434 -1.145385 0.814914 0.000000 0.000000 0.000000 1.000000 0.000000 0.000000
30.000000 269.869688 -0.218640 -1.144407 0.815222 0.000000 0.000000 0.000000 1.000000 0.000000 0.000000
30.000000 269.877763 -0.207668 -1.141481 0.807113 0.000000 0.000000 0.000000 1.000000 0.000000 0.000000
30.000000 269.879997 -0.361712 -1.133389 0.781152 0.000000 0.000000 0.000000 1.000000 0.000000 0.000000
30.000000 269.887610 -0.361161 -1.133375 0.767058 0.000000 0.000000 0.000000 1.000000 0.000000 0.000000
30.000000 269.889684 -0.401834 -1.131185 0.756929 0.000000 0.000000 0.000000 1.000000 0.000000 0.000000
30.000000 269.897711 -0.404338 -1.131908 0.749530 0.000000 0.000000 0.000000 1.000000 0.000000 0.000000
30.000000 269.899637 -0.299048 -1.137433 0.751433 0.000000 0.000000 0.000000 1.000000 0.000000 0.000000
30.000000 269.907697 -0.300411 -1.137787 0.752670 0.000000 0.000000 0.000000 1.000000 0.000000 0.000000
30.000000 269.909679 -0.286643 -1.138596 0.747290 0.000000 0.000000 0.000000 1.000000 0.000000 0.000000
30.000000 269.917799 -0.300409 -1.142408 0.731310 0.000000 0.000000 0.000000 1.000000 0.000000 0.000000
30.000000 269.919799 -0.510937 -1.131278 0.702502 0.000000 0.000000 0.000000 1.000000 0.000000 0.000000
30.000000 269.927829 -0.535378 -1.137871 0.690743 0.000000 0.000000 0.000000 1.000000 0.000000 0.000000
30.000000 269.929793 -0.519904 -1.138794 0.674447 0.000000 0.000000 0.000000 1.000000 0.000000 0.000000
30.000000 269.937865 -0.515446 -1.137771 0.667540 0.000000 0.000000 0.000000 1.000000 0.000000 0.000000
30.000000 269.939604 -0.542708 -1.136451 0.658252 0.000000 0.000000 0.000000 1.000000 0.000000 0.000000
30.000000 269.947795 -0.552154 -1.139192 0.644501 0.000000 0.000000 0.000000 1.000000 0.000000 0.000000
30.000000 269.949664 -0.553879 -1.139254 0.630831 0.000000 0.000000 0.000000 1.000000 0.000000 0.000000
30.000000 269.957856 -0.572970 -1.144585 0.616115 0.000000 0.000000 0.000000 1.000000 0.000000 0.000000
30.000000 269.959650 -0.585381 -1.143981 0.607352 0.000000 0.000000 0.000000 1.000000 0.000000 0.000000
30.000000 269.967721 -0.645076 -1.160028 0.589192 0.000000 0.000000 0.000000 1.000000 0.000000 0.000000
30.000000 269.969695 -0.753126 -1.169051 0.584866 0.000000 0.000000 0.000000 1.000000 0.000000 0.000000
30.000000 269.978079 -0.689461 -1.153162 0.563904 0.000000 0.000000 0.000000 1.000000 0.000000 0.000000
30.000000 269.979728 -0.723658 -1.151481 0.544192 0.000000 0.000000 0.000000 1.000000 0.000000 0.000000
30.000000 269.987849 -0.777330 -1.165956 0.527690 0.000000 0.000000 0.000000 1.000000 0.000000 0.000000
30.000000 269.989744 -0.748289 -1.167719 0.518911 0.000000 0.000000 0.000000 1.000000 0.000000 0.000000
30.000000 269.997720 -0.705375 -1.156742 0.509094 0.000000 0.000000 0.000000 1.000000 0.000000 0.000000
30.000000 269.999762 -0.686330 -1.157838 0.499241 0.000000 0.000000 0.000000 1.000000 0.000000 0.000000
30.000000 270.007930 -0.683083 -1.157232 0.488661 0.000000 0.000000 0.000000 1.000000 0.000000 0.000000
30.000000 270.009874 -0.651002 -1.159017 0.481241 0.000000 0.000000 0.000000 1.000000 0.000000 0.000000
30.000000 270.017785 -0.689636 -1.169601 0.458406 0.000000 0.000000 0.000000 1.000000 0.000000 0.000000
30.000000 270.019718 -0.762221 -1.165760 0.437678 0.000000 0.000000 0.000000 1.000000 0.000000 0.000000
30.000000 270.027838 -0.730084 -1.157350 0.428113 0.000000 0.000000 0.000000 1.000000 0.000000 0.000000
30.000000 270.030002 -0.810539 -1.153385 0.391027 0.000000 0.000000 0.000000 1.000000 0.000000 0.000000
30.000000 270.037679 -0.847450 -1.163714 0.370725 0.000000 0.000000 0.000000 1.000000 0.000000 0.000000
30.000000 270.039807 -0.909321 -1.160645 0.355192 0.000000 0.000000 0.000000 1.000000 0.000000 0.000000
30.000000 270.047737 -0.923569 -1.164679 0.338808 0.000000 0.000000 0.000000 1.000000 0.000000 0.000000
30.000000 270.049889 -0.831465 -1.169353 0.336595 0.000000 0.000000 0.000000 1.000000 0.000000 0.000000
30.000000 270.057818 -0.916040 -1.192007 0.313222 0.000000 0.000000 0.000000 1.000000 0.000000 0.000000
30.000000 270.059735 -0.912713 -1.192316 0.299015 0.000000 0.000000 0.000000 1.000000 0.000000 0.000000
30.000000 270.067766 -0.896736 -1.188485 0.284054 0.000000 0.000000 0.000000 1.000000 0.000000 0.000000
30.000000 270.070663 -0.985510 -1.183902 0.261914 0.000000 0.000000 0.000000 1.000000 0.000000 0.000000
30.000000 270.077847 -0.986925 -1.184388 0.249042 0.000000 0.000000 0.000000 1.000000 0.000000 0.000000
30.000000 270.079857 -0.988627 -1.184510 0.223570 0.000000 0.000000 0.000000 1.000000 0.000000 0.000000
30.000000 270.087854 -0.945174 -1.173531 0.220186 0.000000 0.000000 0.000000 1.000000 0.000000 0.000000
30.000000 270.109820 -1.063674 -1.177947 0.114992 0.000000 0.000000 0.000000 1.000000 0.000000 0.000000
30.000000 270.117828 -1.078182 -1.182337 0.096430 0.000000 0.000000 0.000000 1.000000 0.000000 0.000000
30.000000 270.119737 -1.117618 -1.180724 0.072093 0.000000 0.000000 0.000000 1.000000 0.000000 0.000000
30.000000 270.127799 -1.137545 -1.186686 0.048098 0.000000 0.000000 0.000000 1.000000 0.000000 0.000000
30.000000 270.139929 -1.247184 -1.193409 0.011653 0.000000 0.000000 0.000000 1.000000 0.000000 0.000000
30.000000 270.147776 -1.219927 -1.185222 0.036772 0.000000 0.000000 0.000000 1.000000 0.000000 0.000000
30.000000 270.149796 -1.014384 -1.194786 0.080376 0.000000 0.000000 0.000000 1.000000 0.000000 0.000000
30.000000 270.157840 -1.046624 -1.202522 0.089304 0.000000 0.000000 0.000000 1.000000 0.000000 0.000000
30.000000 270.180032 -1.310471 -1.199906 0.149227 0.000000 0.000000 0.000000 1.000000 0.000000 0.000000
30.000000 270.187699 -1.346249 -1.207761 0.166352 0.000000 0.000000 0.000000 1.000000 0.000000 0.000000
30.000000 270.209993 -1.216721 -1.226387 0.247777 0.000000 0.000000 0.000000 1.000000 0.000000 0.000000
30.000000 270.217777 -1.316428 -1.251951 0.248841 0.000000 0.000000 0.000000 1.000000 0.000000 0.000000
30.000000 270.219918 -1.346638 -1.250020 0.258762 0.000000 0.000000 0.000000 1.000000 0.000000 0.000000
30.000000 270.227617 -1.367517 -1.254179 0.277487 0.000000 0.000000 0.000000 1.000000 0.000000 0.000000
30.000000 270.230115 -1.545044 -1.244694 0.270285 0.000000 0.000000 0.000000 1.000000 0.000000 0.000000
30.000000 270.237826 -1.532481 -1.240859 0.281214 0.000000 0.000000 0.000000 1.000000 0.000000 0.000000
30.000000 270.239806 -1.613527 -1.236639 0.276913 0.000000 0.000000 0.000000 1.000000 0.000000 0.000000
30.000000 270.247847 -1.646355 -1.243786 0.289097 0.000000 0.000000 0.000000 1.000000 0.000000 0.000000
30.000000 270.249852 -1.424400 -1.253002 0.334413 0.000000 0.000000 0.000000 1.000000 0.000000 0.000000
30.000000 270.257853 -1.409698 -1.248042 0.350492 0.000000 0.000000 0.000000 1.000000 0.000000 0.000000
30.000000 270.259824 -1.635462 -1.236063 0.339589 0.000000 0.000000 0.000000 1.000000 0.000000 0.000000
30.000000 270.267723 -1.690968 -1.250118 0.339197 0.000000 0.000000 0.000000 1.000000 0.000000 0.000000
30.000000 270.269881 -1.462568 -1.260626 0.373960 0.000000 0.000000 0.000000 1.000000 0.000000 0.000000
30.000000 270.277807 -1.523400 -1.275625 0.379382 0.000000 0.000000 0.000000 1.000000 0.000000 0.000000
30.000000 270.289948 -1.740440 -1.253457 0.394786 0.000000 0.000000 0.000000 1.000000 0.000000 0.000000
30.000000 270.297857 -1.772112 -1.261330 0.400376 0.000000 0.000000 0.000000 1.000000 0.000000 0.000000
30.000000 270.300050 -1.817231 -1.259033 0.408847 0.000000 0.000000 0.000000 1.000000 0.000000 0.000000
30.000000 270.307775 -1.870578 -1.272429 0.416460 0.000000 0.000000 0.000000 1.000000 0.000000 0.000000
30.000000 270.310127 -1.753442 -1.317587 0.449465 0.000000 0.000000 0.000000 1.000000 0.000000 0.000000
30.000000 270.317765 -1.658811 -1.293795 0.452579 0.000000 0.000000 0.000000 1.000000 0.000000 0.000000
30.000000 270.319844 -1.753184 -1.296715 0.458326 0.000000 0.000000 0.000000 1.000000 0.000000 0.000000
30.000000 270.327707 -1.775157 -1.302974 0.447553 0.000000 0.000000 0.000000 1.000000 0.000000 0.000000
30.000000 270.329962 -2.031335 -1.306401 0.452006 0.000000 0.000000 0.000000 1.000000 0.000000 0.000000
30.000000 270.337898 -1.895775 -1.271492 0.462336 0.000000 0.000000 0.000000 1.000000 0.000000 0.000000
30.000000 270.339831 -1.909713 -1.270963 0.453172 0.000000 0.000000 0.000000 1.000000 0.000000 0.000000
30.000000 270.347784 -2.063379 -1.309849 0.447160 0.000000 0.000000 0.000000 1.000000 0.000000 0.000000
30.000000 270.349886 -1.913844 -1.315834 0.476540 0.000000 0.000000 0.000000 1.000000 0.000000 0.000000
30.000000 270.357916 -1.926064 -1.317552 0.492861 0.000000 0.000000 0.000000 1.000000 0.000000 0.000000
30.000000 270.359923 -2.025574 -1.290529 0.480693 0.000000 0.000000 0.000000 1.000000 0.000000 0.000000
30.000000 270.367797 -2.007606 -1.285474 0.494184 0.000000 0.000000 0.000000 1.000000 0.000000 0.000000
30.000000 270.369849 -1.759188 -1.296740 0.525553 0.000000 0.000000 0.000000 1.000000 0.000000 0.000000
30.000000 270.377891 -1.949911 -1.343971 0.527699 0.000000 0.000000 0.000000 1.000000 0.000000 0.000000
30.000000 270.379897 -2.152276 -1.310837 0.486028 0.000000 0.000000 0.000000 1.000000 0.000000 0.000000
30.000000 270.387830 -2.022117 -1.252889 0.607938 0.000000 0.000000 0.000000 1.000000 0.000000 0.000000
30.000000 270.389869 -1.962020 -1.279826 0.556555 0.000000 0.000000 0.000000 1.000000 0.000000 0.000000
30.000000 270.397840 -2.121557 -1.326590 0.495194 0.000000 0.000000 0.000000 1.000000 0.000000 0.000000
30.000000 270.399991 -2.180356 -1.323535 0.504983 0.000000 0.000000 0.000000 1.000000 0.000000 0.000000
30.000000 270.407778 -2.042479 -1.326798 0.513452 0.000000 0.000000 0.000000 1.000000 0.000000 0.000000
30.000000 270.410021 -2.009265 -1.327615 0.530691 0.000000 0.000000 0.000000 1.000000 0.000000 0.000000
30.000000 270.417895 -2.050226 -1.337919 0.532784 0.000000 0.000000 0.000000 1.000000 0.000000 0.000000
30.000000 270.419912 -2.055859 -1.337366 0.540553 0.000000 0.000000 0.000000 1.000000 0.000000 0.000000
30.000000 270.427818 -2.086085 -1.344941 0.543328 0.000000 0.000000 0.000000 1.000000 0.000000 0.000000
30.000000 270.430080 -2.297296 -1.335719 0.518544 0.000000 0.000000 0.000000 1.000000 0.000000 0.000000
30.000000 270.437932 -2.363265 -1.352391 0.515969 0.000000 0.000000 0.000000 1.000000 0.000000 0.000000
30.000000 270.439886 -2.357158 -1.352611 0.517412 0.000000 0.000000 0.000000 1.000000 0.000000 0.000000
30.000000 270.447856 -2.369558 -1.355544 0.519577 0.000000 0.000000 0.000000 1.000000 0.000000 0.000000
30.000000 270.450054 -2.393826 -1.354002 0.525473 0.000000 0.000000 0.000000 1.000000 0.000000 0.000000
30.000000 270.457900 -2.400992 -1.356120 0.517371 0.000000 0.000000 0.000000 1.000000 0.000000 0.000000
30.000000 270.460102 -2.220904 -1.363857 0.536439 0.000000 0.000000 0.000000 1.000000 0.000000 0.000000
30.000000 270.467861 -2.224405 -1.364709 0.537484 0.000000 0.000000 0.000000 1.000000 0.000000 0.000000
30.000000 270.470158 -2.248676 -1.363581 0.538477 0.000000 0.000000 0.000000 1.000000 0.000000 0.000000
30.000000 270.477977 -2.241604 -1.361714 0.540523 0.000000 0.000000 0.000000 1.000000 0.000000 0.000000
30.000000 270.480134 -2.360667 -1.356613 0.527046 0.000000 0.000000 0.000000 1.000000 0.000000 0.000000
30.000000 270.487952 -2.384342 -1.362651 0.526227 0.000000 0.000000 0.000000 1.000000 0.000000 0.000000
30.000000 270.489860 -2.457565 -1.359660 0.513512 0.000000 0.000000 0.000000 1.000000 0.000000 0.000000
30.000000 270.497868 -2.509773 -1.372949 0.509750 0.000000 0.000000 0.000000 1.000000 0.000000 0.000000
30.000000 270.500093 -2.442165 -1.375926 0.515401 0.000000 0.000000 0.000000 1.000000 0.000000 0.000000
30.000000 270.508025 -2.453350 -1.379106 0.508645 0.000000 0.000000 0.000000 1.000000 0.000000 0.000000
30.000000 270.510076 -2.403200 -1.381011 0.523005 0.000000 0.000000 0.000000 1.000000 0.000000 0.000000
30.000000 270.517948 -2.387252 -1.376759 0.529601 0.000000 0.000000 0.000000 1.000000 0.000000 0.000000
30.000000 270.519942 -2.447773 -1.374191 0.523312 0.000000 0.000000 0.000000 1.000000 0.000000 0.000000
30.000000 270.527910 -2.470032 -1.379978 0.518910 0.000000 0.000000 0.000000 1.000000 0.000000 0.000000
30.000000 270.529964 -2.487807 -1.379456 0.509158 0.000000 0.000000 0.000000 1.000000 0.000000 0.000000
30.000000 270.538012 -2.492147 -1.380969 0.495736 0.000000 0.000000 0.000000 1.000000 0.000000 0.000000
30.000000 270.539901 -2.537027 -1.379101 0.491166 0.000000 0.000000 0.000000 1.000000 0.000000 0.000000
30.000000 270.548028 -2.546797 -1.381608 0.490647 0.000000 0.000000 0.000000 1.000000 0.000000 0.000000
30.000000 270.549969 -2.510626 -1.383115 0.492399 0.000000 0.000000 0.000000 1.000000 0.000000 0.000000
30.000000 270.558003 -2.537983 -1.390150 0.489584 0.000000 0.000000 0.000000 1.000000 0.000000 0.000000
30.000000 270.559934 -2.497895 -1.391977 0.486566 0.000000 0.000000 0.000000 1.000000 0.000000 0.000000
30.000000 270.568005 -2.512078 -1.395808 0.480167 0.000000 0.000000 0.000000 1.000000 0.000000 0.000000
30.000000 270.569925 -2.513199 -1.395848 0.476555 0.000000 0.000000 0.000000 1.000000 0.000000 0.000000
30.000000 270.578059 -2.559420 -1.407911 0.466706 0.000000 0.000000 0.000000 1.000000 0.000000 0.000000
30.000000 270.579925 -2.631064 -1.405422 0.479301 0.000000 0.000000 0.000000 1.000000 0.000000 0.000000
30.000000 270.587923 -2.632853 -1.406016 0.483602 0.000000 0.000000 0.000000 1.000000 0.000000 0.000000
30.000000 270.589942 -2.814131 -1.398725 0.435008 0.000000 0.000000 0.000000 1.000000 0.000000 0.000000
30.000000 270.598083 -2.820656 -1.400785 0.424973 0.000000 0.000000 0.000000 1.000000 0.000000 0.000000
30.000000 270.600160 -2.572724 -1.411185 0.446262 0.000000 0.000000 0.000000 1.000000 0.000000 0.000000
30.000000 270.607990 -2.567960 -1.410436 0.434368 0.000000 0.000000 0.000000 1.000000 0.000000 0.000000
30.000000 270.609982 -2.824053 -1.400022 0.401119 0.000000 0.000000 0.000000 1.000000 0.000000 0.000000
30.000000 270.618014 -2.838814 -1.403847 0.396495 0.000000 0.000000 0.000000 1.000000 0.000000 0.000000
30.000000 270.619965 -2.831346 -1.404285 0.388539 0.000000 0.000000 0.000000 1.000000 0.000000 0.000000
30.000000 270.627977 -2.856298 -1.410912 0.376434 0.000000 0.000000 0.000000 1.000000 0.000000 0.000000
30.000000 270.629960 -2.885950 -1.409893 0.362313 0.000000 0.000000 0.000000 1.000000 0.000000 0.000000
30.000000 270.637913 -2.841533 -1.398763 0.362098 0.000000 0.000000 0.000000 1.000000 0.000000 0.000000
30.000000 270.640092 -2.795874 -1.401339 0.351030 0.000000 0.000000 0.000000 1.000000 0.000000 0.000000
30.000000 270.647928 -2.893142 -1.426742 0.330715 0.000000 0.000000 0.000000 1.000000 0.000000 0.000000
30.000000 270.650018 -2.957117 -1.423938 0.331493 0.000000 0.000000 0.000000 1.000000 0.000000 0.000000
30.000000 270.657964 -2.762793 -1.419595 0.335755 0.000000 0.000000 0.000000 1.000000 0.000000 0.000000
30.000000 270.660163 -2.734173 -1.420847 0.334780 0.000000 0.000000 0.000000 1.000000 0.000000 0.000000
30.000000 270.667943 -2.876024 -1.457378 0.314261 0.000000 0.000000 0.000000 1.000000 0.000000 0.000000
30.000000 270.669968 -2.917487 -1.456076 0.300566 0.000000 0.000000 0.000000 1.000000 0.000000 0.000000
30.000000 270.678005 -2.830383 -1.434132 0.303400 0.000000 0.000000 0.000000 1.000000 0.000000 0.000000
30.000000 270.680170 -2.892335 -1.432111 0.284583 0.000000 0.000000 0.000000 1.000000 0.000000 0.000000
30.000000 270.687909 -2.962522 -1.450757 0.260365 0.000000 0.000000 0.000000 1.000000 0.000000 0.000000
30.000000 270.690145 -3.074873 -1.446435 0.241926 0.000000 0.000000 0.000000 1.000000 0.000000 0.000000
30.000000 270.698040 -3.117581 -1.457406 0.233707 0.000000 0.000000 0.000000 1.000000 0.000000 0.000000
30.000000 270.700600 -2.975169 -1.463610 0.234391 0.000000 0.000000 0.000000 1.000000 0.000000 0.000000
30.000000 270.707983 -2.993023 -1.468895 0.220384 0.000000 0.000000 0.000000 1.000000 0.000000 0.000000
30.000000 270.719970 -3.019875 -1.472308 0.183901 0.000000 0.000000 0.000000 1.000000 0.000000 0.000000
30.000000 270.727971 -3.062178 -1.483860 0.165987 0.000000 0.000000 0.000000 1.000000 0.000000 0.000000
30.000000 270.760178 -3.149935 -1.488241 0.067841 0.000000 0.000000 0.000000 1.000000 0.000000 0.000000
30.000000 270.767983 -3.081981 -1.471553 0.061941 0.000000 0.000000 0.000000 1.000000 0.000000 0.000000
30.000000 270.800162 -3.387820 -1.504531 0.061892 0.000000 0.000000 0.000000 1.000000 0.000000 0.000000
30.000000 270.808069 -3.375110 -1.500365 0.075886 0.000000 0.000000 0.000000 1.000000 0.000000 0.000000
30.000000 270.810056 -3.288855 -1.502545 0.105105 0.000000 0.000000 0.000000 1.000000 0.000000 0.000000
30.000000 270.818169 -3.320683 -1.509831 0.114120 0.000000 0.000000 0.000000 1.000000 0.000000 0.000000
30.000000 270.830215 -3.441011 -1.484714 0.138865 0.000000 0.000000 0.000000 1.000000 0.000000 0.000000
30.000000 270.838124 -3.488232 -1.495577 0.148331 0.000000 0.000000 0.000000 1.000000 0.000000 0.000000
30.000000 270.841705 -3.527329 -1.493259 0.157167 0.000000 0.000000 0.000000 1.000000 0.000000 0.000000
30.000000 270.848161 -3.507469 -1.487796 0.166734 0.000000 0.000000 0.000000 1.000000 0.000000 0.000000
30.000000 270.850189 -3.472337 -1.488579 0.182656 0.000000 0.000000 0.000000 1.000000 0.000000 0.000000
30.000000 270.858311 -3.483897 -1.490640 0.195265 0.000000 0.000000 0.000000 1.000000 0.000000 0.000000
30.000000 270.860174 -3.394745 -1.493317 0.218208 0.000000 0.000000 0.000000 1.000000 0.000000 0.000000
30.000000 270.868282 -3.466748 -1.509295 0.235575 0.000000 0.000000 0.000000 1.000000 0.000000 0.000000
30.000000 270.870248 -3.476051 -1.497734 0.228347 0.000000 0.000000 0.000000 1.000000 0.000000 0.000000
30.000000 270.878009 -3.583475 -1.523033 0.241637 0.000000 0.000000 0.000000 1.000000 0.000000 0.000000
30.000000 270.880173 -3.692520 -1.495449 0.218417 0.000000 0.000000 0.000000 1.000000 0.000000 0.000000
30.000000 270.888094 -3.777634 -1.516093 0.219721 0.000000 0.000000 0.000000 1.000000 0.000000 0.000000
30.000000 270.890404 -3.767266 -1.515822 0.232513 0.000000 0.000000 0.000000 1.000000 0.000000 0.000000
30.000000 270.898217 -3.767620 -1.515377 0.241138 0.000000 0.000000 0.000000 1.000000 0.000000 0.000000
30.000000 270.910536 -3.674715 -1.522963 0.273635 0.000000 0.000000 0.000000 1.000000 0.000000 0.000000
30.000000 270.918043 -3.692896 -1.527060 0.277523 0.000000 0.000000 0.000000 1.000000 0.000000 0.000000
30.000000 270.920146 -3.637512 -1.528263 0.296297 0.000000 0.000000 0.000000 1.000000 0.000000 0.000000
30.000000 270.938251 -3.736187 -1.526842 0.293048 0.000000 0.000000 0.000000 1.000000 0.000000 0.000000
30.000000 270.940166 -3.803902 -1.523751 0.298611 0.000000 0.000000 0.000000 1.000000 0.000000 0.000000
30.000000 270.958128 -3.901106 -1.524941 0.314361 0.000000 0.000000 0.000000 1.000000 0.000000 0.000000
30.000000 270.960152 -3.936748 -1.523591 0.313144 0.000000 0.000000 0.000000 1.000000 0.000000 0.000000
30.000000 270.968246 -3.957317 -1.528611 0.314416 0.000000 0.000000 0.000000 1.000000 0.000000 0.000000
30.000000 270.970164 -3.778552 -1.535004 0.334774 0.000000 0.000000 0.000000 1.000000 0.000000 0.000000
30.000000 270.978398 -3.782233 -1.535595 0.340594 0.000000 0.000000 0.000000 1.000000 0.000000 0.000000
30.000000 270.980134 -3.958737 -1.529000 0.326662 0.000000 0.000000 0.000000 1.000000 0.000000 0.000000
30.000000 270.988119 -4.004864 -1.540473 0.323047 0.000000 0.000000 0.000000 1.000000 0.000000 0.000000
30.000000 270.990472 -3.968426 -1.541611 0.331722 0.000000 0.000000 0.000000 1.000000 0.000000 0.000000
30.000000 270.998227 -3.945989 -1.536016 0.333446 0.000000 0.000000 0.000000 1.000000 0.000000 0.000000
30.000000 271.000149 -3.897291 -1.537777 0.337694 0.000000 0.000000 0.000000 1.000000 0.000000 0.000000
30.000000 271.008234 -3.916773 -1.542617 0.336745 0.000000 0.000000 0.000000 1.000000 0.000000 0.000000
30.000000 271.010197 -4.016671 -1.538914 0.338189 0.000000 0.000000 0.000000 1.000000 0.000000 0.000000
30.000000 271.018283 -4.081915 -1.555234 0.332921 0.000000 0.000000 0.000000 1.000000 0.000000 0.000000
30.000000 271.020125 -3.924951 -1.560738 0.345417 0.000000 0.000000 0.000000 1.000000 0.000000 0.000000
30.000000 271.028222 -3.904550 -1.555480 0.351214 0.000000 0.000000 0.000000 1.000000 0.000000 0.000000
30.000000 271.030590 -4.133659 -1.547394 0.329317 0.000000 0.000000 0.000000 1.000000 0.000000 0.000000
30.000000 271.038233 -4.165200 -1.555219 0.327629 0.000000 0.000000 0.000000 1.000000 0.000000 0.000000
30.000000 271.040449 -4.204773 -1.553882 0.321655 0.000000 0.000000 0.000000 1.000000 0.000000 0.000000
30.000000 271.048171 -4.192702 -1.550734 0.326794 0.000000 0.000000 0.000000 1.000000 0.000000 0.000000
30.000000 271.050345 -4.296521 -1.546946 0.324302 0.000000 0.000000 0.000000 1.000000 0.000000 0.000000
30.000000 271.058379 -4.194148 -1.560286 0.334010 0.000000 0.000000 0.000000 1.000000 0.000000 0.000000
30.000000 271.060311 -4.362833 -1.554305 0.323018 0.000000 0.000000 0.000000 1.000000 0.000000 0.000000
30.000000 271.068205 -4.066076 -1.563777 0.351789 0.000000 0.000000 0.000000 1.000000 0.000000 0.000000
30.000000 271.070347 -4.344216 -1.554272 0.316750 0.000000 0.000000 0.000000 1.000000 0.000000 0.000000
30.000000 271.078508 -4.207948 -1.557372 0.326732 0.000000 0.000000 0.000000 1.000000 0.000000 0.000000
30.000000 271.080356 -4.214827 -1.557031 0.333226 0.000000 0.000000 0.000000 1.000000 0.000000 0.000000
30.000000 271.088289 -4.234973 -1.562004 0.333816 0.000000 0.000000 0.000000 1.000000 0.000000 0.000000
30.000000 271.090189 -4.228207 -1.562262 0.332855 0.000000 0.000000 0.000000 1.000000 0.000000 0.000000
30.000000 271.098378 -4.210090 -1.557808 0.332005 0.000000 0.000000 0.000000 1.000000 0.000000 0.000000
30.000000 271.100368 -4.184051 -1.558857 0.327223 0.000000 0.000000 0.000000 1.000000 0.000000 0.000000
30.000000 271.108063 -4.193212 -1.561149 0.326042 0.000000 0.000000 0.000000 1.000000 0.000000 0.000000
30.000000 271.110252 -4.213753 -1.560413 0.324705 0.000000 0.000000 0.000000 1.000000 0.000000 0.000000
30.000000 271.118141 -4.294633 -1.580718 0.311482 0.000000 0.000000 0.000000 1.000000 0.000000 0.000000
30.000000 271.120348 -4.295401 -1.580780 0.307620 0.000000 0.000000 0.000000 1.000000 0.000000 0.000000
30.000000 271.128156 -4.330733 -1.589818 0.295471 0.000000 0.000000 0.000000 1.000000 0.000000 0.000000
30.000000 271.130251 -4.390093 -1.587835 0.292519 0.000000 0.000000 0.000000 1.000000 0.000000 0.000000
30.000000 271.138200 -4.400162 -1.590146 0.301313 0.000000 0.000000 0.000000 1.000000 0.000000 0.000000
30.000000 271.140349 -4.422921 -1.589459 0.295949 0.000000 0.000000 0.000000 1.000000 0.000000 0.000000
30.000000 271.148165 -4.518227 -1.613428 0.276127 0.000000 0.000000 0.000000 1.000000 0.000000 0.000000
30.000000 271.150350 -4.383637 -1.577715 0.285180 0.000000 0.000000 0.000000 1.000000 0.000000 0.000000
30.000000 271.158248 -4.469304 -1.598950 0.276496 0.000000 0.000000 0.000000 1.000000 0.000000 0.000000
30.000000 271.162749 -4.312651 -1.558697 0.276495 0.000000 0.000000 0.000000 1.000000 0.000000 0.000000
30.000000 271.168144 -4.398394 -1.580344 0.255643 0.000000 0.000000 0.000000 1.000000 0.000000 0.000000
30.000000 271.170207 -4.569055 -1.574756 0.227176 0.000000 0.000000 0.000000 1.000000 0.000000 0.000000
30.000000 271.178164 -4.593416 -1.580750 0.225206 0.000000 0.000000 0.000000 1.000000 0.000000 0.000000
30.000000 271.190311 -4.522981 -1.572992 0.216254 0.000000 0.000000 0.000000 1.000000 0.000000 0.000000
30.000000 271.198398 -4.552461 -1.580673 0.200326 0.000000 0.000000 0.000000 1.000000 0.000000 0.000000
30.000000 271.200381 -4.569900 -1.580147 0.193357 0.000000 0.000000 0.000000 1.000000 0.000000 0.000000
30.000000 271.218234 -4.514051 -1.593366 0.192922 0.000000 0.000000 0.000000 1.000000 0.000000 0.000000
30.000000 271.220405 -4.568644 -1.591618 0.180638 0.000000 0.000000 0.000000 1.000000 0.000000 0.000000
30.000000 271.228306 -4.600482 -1.599662 0.167183 0.000000 0.000000 0.000000 1.000000 0.000000 0.000000
30.000000 271.233019 -4.663552 -1.597670 0.147991 0.000000 0.000000 0.000000 1.000000 0.000000 0.000000
30.000000 271.238181 -4.701847 -1.607145 0.143326 0.000000 0.000000 0.000000 1.000000 0.000000 0.000000
30.000000 271.240573 -4.534912 -1.582649 0.148284 0.000000 0.000000 0.000000 1.000000 0.000000 0.000000
30.000000 271.248148 -4.588570 -1.596340 0.136304 0.000000 0.000000 0.000000 1.000000 0.000000 0.000000
30.000000 271.250860 -4.739977 -1.605464 0.103805 0.000000 0.000000 0.000000 1.000000 0.000000 0.000000
30.000000 271.258361 -4.744807 -1.606788 0.095272 0.000000 0.000000 0.000000 1.000000 0.000000 0.000000
30.000000 271.260653 -4.758447 -1.606450 0.100983 0.000000 0.000000 0.000000 1.000000 0.000000 0.000000
30.000000 271.268214 -4.864045 -1.617172 0.047331 0.000000 0.000000 0.000000 1.000000 0.000000 0.000000
30.000000 271.300305 -4.916923 -1.622845 0.077922 0.000000 0.000000 0.000000 1.000000 0.000000 0.000000
30.000000 271.308166 -4.898528 -1.608878 0.078216 0.000000 0.000000 0.000000 1.000000 0.000000 0.000000
