31.000000 290.001453 23.351002 -0.215475 0.274923 0.000000 0.000000 0.000000 1.000000 0.000000 0.000000
31.000000 290.004527 23.329966 -0.208942 0.324486 0.000000 0.000000 0.000000 1.000000 0.000000 0.000000
31.000000 290.010883 23.048950 -0.291780 0.388751 0.000000 0.000000 0.000000 1.000000 0.000000 0.000000
31.000000 290.011557 23.386342 -0.295178 0.372327 0.000000 0.000000 0.000000 1.000000 0.000000 0.000000
31.000000 290.014417 23.178402 -0.243342 0.389892 0.000000 0.000000 0.000000 1.000000 0.000000 0.000000
31.000000 290.020937 23.034058 -0.285094 0.424079 0.000000 0.000000 0.000000 1.000000 0.000000 0.000000
31.000000 290.021559 23.173606 -0.285595 0.467717 0.000000 0.000000 0.000000 1.000000 0.000000 0.000000
31.000000 290.024522 23.054070 -0.255351 0.492284 0.000000 0.000000 0.000000 1.000000 0.000000 0.000000
31.000000 290.030962 22.872217 -0.308831 0.527672 0.000000 0.000000 0.000000 1.000000 0.000000 0.000000
31.000000 290.031633 23.084513 -0.311206 0.543743 0.000000 0.000000 0.000000 1.000000 0.000000 0.000000
31.000000 290.034410 22.908679 -0.266352 0.588446 0.000000 0.000000 0.000000 1.000000 0.000000 0.000000
31.000000 290.041003 22.737690 -0.316782 0.628664 0.000000 0.000000 0.000000 1.000000 0.000000 0.000000
31.000000 290.041626 22.928263 -0.318453 0.641233 0.000000 0.000000 0.000000 1.000000 0.000000 0.000000
31.000000 290.044487 22.769243 -0.277493 0.672197 0.000000 0.000000 0.000000 1.000000 0.000000 0.000000
31.000000 290.050923 22.578613 -0.333974 0.728197 0.000000 0.000000 0.000000 1.000000 0.000000 0.000000
31.000000 290.051553 22.835600 -0.336098 0.734909 0.000000 0.000000 0.000000 1.000000 0.000000 0.000000
31.000000 290.054431 22.640407 -0.285770 0.750398 0.000000 0.000000 0.000000 1.000000 0.000000 0.000000
31.000000 290.060905 22.471744 -0.335646 0.790653 0.000000 0.000000 0.000000 1.000000 0.000000 0.000000
31.000000 290.061536 22.726350 -0.337764 0.800726 0.000000 0.000000 0.000000 1.000000 0.000000 0.000000
31.000000 290.064537 22.422025 -0.258602 0.835601 0.000000 0.000000 0.000000 1.000000 0.000000 0.000000
31.000000 290.070974 22.152636 -0.339519 0.886765 0.000000 0.000000 0.000000 1.000000 0.000000 0.000000
31.000000 290.071348 22.619021 -0.344403 0.868957 0.000000 0.000000 0.000000 1.000000 0.000000 0.000000
31.000000 290.074487 22.425337 -0.293889 0.898409 0.000000 0.000000 0.000000 1.000000 0.000000 0.000000
31.000000 290.076894 22.114731 -0.363971 0.952810 0.000000 0.000000 0.000000 1.000000 0.000000 0.000000
31.000000 290.080964 22.121051 -0.350601 0.978375 0.000000 0.000000 0.000000 1.000000 0.000000 0.000000
31.000000 290.081599 22.485138 -0.362315 0.943726 0.000000 0.000000 0.000000 1.000000 0.000000 0.000000
31.000000 290.084517 22.288333 -0.310743 0.969232 0.000000 0.000000 0.000000 1.000000 0.000000 0.000000
31.000000 290.086837 22.005797 -0.369910 1.016884 0.000000 0.000000 0.000000 1.000000 0.000000 0.000000
31.000000 290.090925 22.026887 -0.356746 1.053754 0.000000 0.000000 0.000000 1.000000 0.000000 0.000000
31.000000 290.091554 22.377058 -0.366305 1.017939 0.000000 0.000000 0.000000 1.000000 0.000000 0.000000
31.000000 290.094494 22.087465 -0.289690 1.055300 0.000000 0.000000 0.000000 1.000000 0.000000 0.000000
31.000000 290.096906 21.858681 -0.349652 1.082541 0.000000 0.000000 0.000000 1.000000 0.000000 0.000000
31.000000 290.100923 21.932390 -0.362096 1.127670 0.000000 0.000000 0.000000 1.000000 0.000000 0.000000
31.000000 290.101437 22.207887 -0.363819 1.105853 0.000000 0.000000 0.000000 1.000000 0.000000 0.000000
31.000000 290.104573 21.933563 -0.290905 1.137542 0.000000 0.000000 0.000000 1.000000 0.000000 0.000000
31.000000 290.107023 21.738465 -0.346821 1.150457 0.000000 0.000000 0.000000 1.000000 0.000000 0.000000
31.000000 290.110959 21.833874 -0.366884 1.199381 0.000000 0.000000 0.000000 1.000000 0.000000 0.000000
31.000000 290.111434 22.037500 -0.363133 1.181743 0.000000 0.000000 0.000000 1.000000 0.000000 0.000000
31.000000 290.114467 21.917180 -0.330462 1.216236 0.000000 0.000000 0.000000 1.000000 0.000000 0.000000
31.000000 290.117204 21.729205 -0.385766 1.257917 0.000000 0.000000 0.000000 1.000000 0.000000 0.000000
31.000000 290.120976 21.734645 -0.376993 1.267188 0.000000 0.000000 0.000000 1.000000 0.000000 0.000000
31.000000 290.121439 21.928293 -0.371579 1.253237 0.000000 0.000000 0.000000 1.000000 0.000000 0.000000
31.000000 290.124581 21.799567 -0.336453 1.291163 0.000000 0.000000 0.000000 1.000000 0.000000 0.000000
31.000000 290.127046 21.631022 -0.388795 1.328274 0.000000 0.000000 0.000000 1.000000 0.000000 0.000000
31.000000 290.131021 21.640853 -0.387026 1.334318 0.000000 0.000000 0.000000 1.000000 0.000000 0.000000
31.000000 290.131396 21.825769 -0.384431 1.320946 0.000000 0.000000 0.000000 1.000000 0.000000 0.000000
31.000000 290.134528 21.575108 -0.316583 1.345922 0.000000 0.000000 0.000000 1.000000 0.000000 0.000000
31.000000 290.137153 21.420601 -0.365466 1.351121 0.000000 0.000000 0.000000 1.000000 0.000000 0.000000
31.000000 290.140979 21.527819 -0.390571 1.395747 0.000000 0.000000 0.000000 1.000000 0.000000 0.000000
31.000000 290.141528 21.694099 -0.384944 1.387436 0.000000 0.000000 0.000000 1.000000 0.000000 0.000000
31.000000 290.144659 21.477263 -0.325967 1.410690 0.000000 0.000000 0.000000 1.000000 0.000000 0.000000
31.000000 290.146837 21.324629 -0.376005 1.415536 0.000000 0.000000 0.000000 1.000000 0.000000 0.000000
31.000000 290.150932 21.437523 -0.416351 1.452068 0.000000 0.000000 0.000000 1.000000 0.000000 0.000000
31.000000 290.151383 21.692366 -0.424232 1.426792 0.000000 0.000000 0.000000 1.000000 0.000000 0.000000
31.000000 290.154516 21.364058 -0.334197 1.469225 0.000000 0.000000 0.000000 1.000000 0.000000 0.000000
31.000000 290.157100 21.218060 -0.382169 1.478965 0.000000 0.000000 0.000000 1.000000 0.000000 0.000000
31.000000 290.160945 21.334763 -0.409819 1.522788 0.000000 0.000000 0.000000 1.000000 0.000000 0.000000
31.000000 290.161542 21.455215 -0.403204 1.520142 0.000000 0.000000 0.000000 1.000000 0.000000 0.000000
31.000000 290.164566 21.243191 -0.344875 1.541392 0.000000 0.000000 0.000000 1.000000 0.000000 0.000000
31.000000 290.166878 21.112327 -0.389221 1.541881 0.000000 0.000000 0.000000 1.000000 0.000000 0.000000
31.000000 290.171049 21.234569 -0.417237 1.585773 0.000000 0.000000 0.000000 1.000000 0.000000 0.000000
31.000000 290.171354 21.341192 -0.408951 1.587414 0.000000 0.000000 0.000000 1.000000 0.000000 0.000000
31.000000 290.174509 21.122621 -0.348575 1.607734 0.000000 0.000000 0.000000 1.000000 0.000000 0.000000
31.000000 290.177118 20.997947 -0.394101 1.600480 0.000000 0.000000 0.000000 1.000000 0.000000 0.000000
31.000000 290.180985 21.118380 -0.420591 1.640130 0.000000 0.000000 0.000000 1.000000 0.000000 0.000000
31.000000 290.181510 21.179967 -0.408604 1.651322 0.000000 0.000000 0.000000 1.000000 0.000000 0.000000
31.000000 290.184613 21.094486 -0.385258 1.647850 0.000000 0.000000 0.000000 1.000000 0.000000 0.000000
31.000000 290.186866 20.934109 -0.427033 1.653212 0.000000 0.000000 0.000000 1.000000 0.000000 0.000000
31.000000 290.191087 21.022533 -0.432600 1.699775 0.000000 0.000000 0.000000 1.000000 0.000000 0.000000
31.000000 290.191666 21.040379 -0.422539 1.714108 0.000000 0.000000 0.000000 1.000000 0.000000 0.000000
31.000000 290.194559 20.873078 -0.375742 1.733508 0.000000 0.000000 0.000000 1.000000 0.000000 0.000000
31.000000 290.196873 20.797807 -0.407799 1.720929 0.000000 0.000000 0.000000 1.000000 0.000000 0.000000
31.000000 290.201040 20.934185 -0.447230 1.755704 0.000000 0.000000 0.000000 1.000000 0.000000 0.000000
31.000000 290.201715 21.026593 -0.443353 1.760660 0.000000 0.000000 0.000000 1.000000 0.000000 0.000000
31.000000 290.204646 20.794491 -0.378117 1.789021 0.000000 0.000000 0.000000 1.000000 0.000000 0.000000
31.000000 290.207023 20.697518 -0.416745 1.779336 0.000000 0.000000 0.000000 1.000000 0.000000 0.000000
31.000000 290.211024 20.841560 -0.456827 1.815603 0.000000 0.000000 0.000000 1.000000 0.000000 0.000000
31.000000 290.211652 20.889230 -0.451779 1.824002 0.000000 0.000000 0.000000 1.000000 0.000000 0.000000
31.000000 290.214530 20.657982 -0.386317 1.851921 0.000000 0.000000 0.000000 1.000000 0.000000 0.000000
31.000000 290.216883 20.581158 -0.421772 1.837233 0.000000 0.000000 0.000000 1.000000 0.000000 0.000000
31.000000 290.220969 20.716223 -0.453806 1.869363 0.000000 0.000000 0.000000 1.000000 0.000000 0.000000
31.000000 290.221727 20.720325 -0.440550 1.890779 0.000000 0.000000 0.000000 1.000000 0.000000 0.000000
31.000000 290.224675 20.551727 -0.392845 1.906202 0.000000 0.000000 0.000000 1.000000 0.000000 0.000000
31.000000 290.226138 20.364078 -0.445357 1.901911 0.000000 0.000000 0.000000 1.000000 0.000000 0.000000
31.000000 290.226800 20.396104 -0.415898 1.878035 0.000000 0.000000 0.000000 1.000000 0.000000 0.000000
31.000000 290.228512 20.527491 -0.452223 1.934526 0.000000 0.000000 0.000000 1.000000 0.000000 0.000000
31.000000 290.231233 20.498588 -0.443296 1.959242 0.000000 0.000000 0.000000 1.000000 0.000000 0.000000
31.000000 290.231497 20.586530 -0.449747 1.946527 0.000000 0.000000 0.000000 1.000000 0.000000 0.000000
31.000000 290.234528 20.501624 -0.425766 1.943615 0.000000 0.000000 0.000000 1.000000 0.000000 0.000000
31.000000 290.236222 20.196714 -0.510510 1.943425 0.000000 0.000000 0.000000 1.000000 0.000000 0.000000
31.000000 290.236974 20.292731 -0.424385 1.931918 0.000000 0.000000 0.000000 1.000000 0.000000 0.000000
31.000000 290.238482 20.459881 -0.469412 1.997938 0.000000 0.000000 0.000000 1.000000 0.000000 0.000000
31.000000 290.241181 20.413005 -0.447903 2.011827 0.000000 0.000000 0.000000 1.000000 0.000000 0.000000
31.000000 290.241441 20.432141 -0.456338 1.999387 0.000000 0.000000 0.000000 1.000000 0.000000 0.000000
31.000000 290.244614 20.301432 -0.418749 2.013851 0.000000 0.000000 0.000000 1.000000 0.000000 0.000000
31.000000 290.246117 20.164531 -0.455347 2.012198 0.000000 0.000000 0.000000 1.000000 0.000000 0.000000
31.000000 290.246935 20.188874 -0.432318 1.984297 0.000000 0.000000 0.000000 1.000000 0.000000 0.000000
31.000000 290.248407 20.340344 -0.473230 2.049286 0.000000 0.000000 0.000000 1.000000 0.000000 0.000000
31.000000 290.251202 20.293200 -0.453560 2.067650 0.000000 0.000000 0.000000 1.000000 0.000000 0.000000
31.000000 290.251618 20.370478 -0.463425 2.054524 0.000000 0.000000 0.000000 1.000000 0.000000 0.000000
31.000000 290.254497 20.211590 -0.417684 2.073108 0.000000 0.000000 0.000000 1.000000 0.000000 0.000000
31.000000 290.256460 20.058697 -0.459167 2.067444 0.000000 0.000000 0.000000 1.000000 0.000000 0.000000
31.000000 290.256982 20.078749 -0.439369 2.036015 0.000000 0.000000 0.000000 1.000000 0.000000 0.000000
31.000000 290.258392 20.221455 -0.477613 2.097931 0.000000 0.000000 0.000000 1.000000 0.000000 0.000000
31.000000 290.261224 20.178369 -0.460983 2.122311 0.000000 0.000000 0.000000 1.000000 0.000000 0.000000
31.000000 290.261580 20.243607 -0.469432 2.109114 0.000000 0.000000 0.000000 1.000000 0.000000 0.000000
31.000000 290.264641 20.097830 -0.427134 2.126625 0.000000 0.000000 0.000000 1.000000 0.000000 0.000000
31.000000 290.266167 19.942383 -0.466802 2.122227 0.000000 0.000000 0.000000 1.000000 0.000000 0.000000
31.000000 290.266904 19.961961 -0.444410 2.085276 0.000000 0.000000 0.000000 1.000000 0.000000 0.000000
31.000000 290.268304 20.107133 -0.483535 2.153013 0.000000 0.000000 0.000000 1.000000 0.000000 0.000000
31.000000 290.271244 20.060203 -0.469652 2.176882 0.000000 0.000000 0.000000 1.000000 0.000000 0.000000
31.000000 290.272092 20.148026 -0.481802 2.156520 0.000000 0.000000 0.000000 1.000000 0.000000 0.000000
31.000000 290.274575 20.049536 -0.452931 2.188717 0.000000 0.000000 0.000000 1.000000 0.000000 0.000000
31.000000 290.276334 19.818918 -0.499121 2.187661 0.000000 0.000000 0.000000 1.000000 0.000000 0.000000
31.000000 290.276934 19.845222 -0.450477 2.131947 0.000000 0.000000 0.000000 1.000000 0.000000 0.000000
31.000000 290.278497 19.982473 -0.486922 2.194320 0.000000 0.000000 0.000000 1.000000 0.000000 0.000000
31.000000 290.281209 19.944494 -0.478250 2.224721 0.000000 0.000000 0.000000 1.000000 0.000000 0.000000
31.000000 290.281506 19.995143 -0.487604 2.209254 0.000000 0.000000 0.000000 1.000000 0.000000 0.000000
31.000000 290.284652 19.944937 -0.473024 2.216019 0.000000 0.000000 0.000000 1.000000 0.000000 0.000000
31.000000 290.286168 19.662326 -0.544471 2.213013 0.000000 0.000000 0.000000 1.000000 0.000000 0.000000
31.000000 290.286988 19.751028 -0.458672 2.182524 0.000000 0.000000 0.000000 1.000000 0.000000 0.000000
31.000000 290.288355 19.858377 -0.487927 2.241657 0.000000 0.000000 0.000000 1.000000 0.000000 0.000000
31.000000 290.291115 19.827005 -0.486276 2.275072 0.000000 0.000000 0.000000 1.000000 0.000000 0.000000
31.000000 290.291392 19.861616 -0.495841 2.256803 0.000000 0.000000 0.000000 1.000000 0.000000 0.000000
31.000000 290.294570 19.799938 -0.477693 2.263870 0.000000 0.000000 0.000000 1.000000 0.000000 0.000000
31.000000 290.296245 19.562557 -0.542467 2.266606 0.000000 0.000000 0.000000 1.000000 0.000000 0.000000
31.000000 290.297027 19.658846 -0.461934 2.237664 0.000000 0.000000 0.000000 1.000000 0.000000 0.000000
31.000000 290.298386 19.728478 -0.482085 2.283721 0.000000 0.000000 0.000000 1.000000 0.000000 0.000000
31.000000 290.301229 19.708579 -0.491671 2.321617 0.000000 0.000000 0.000000 1.000000 0.000000 0.000000
31.000000 290.301670 19.790752 -0.502919 2.306349 0.000000 0.000000 0.000000 1.000000 0.000000 0.000000
31.000000 290.304831 19.705551 -0.477892 2.319101 0.000000 0.000000 0.000000 1.000000 0.000000 0.000000
31.000000 290.306175 19.454338 -0.545523 2.314461 0.000000 0.000000 0.000000 1.000000 0.000000 0.000000
31.000000 290.306981 19.545718 -0.466481 2.283901 0.000000 0.000000 0.000000 1.000000 0.000000 0.000000
31.000000 290.308371 19.630260 -0.489410 2.330830 0.000000 0.000000 0.000000 1.000000 0.000000 0.000000
31.000000 290.311252 19.613110 -0.498980 2.367000 0.000000 0.000000 0.000000 1.000000 0.000000 0.000000
31.000000 290.311577 19.685937 -0.509302 2.355123 0.000000 0.000000 0.000000 1.000000 0.000000 0.000000
31.000000 290.314566 19.600228 -0.483979 2.370284 0.000000 0.000000 0.000000 1.000000 0.000000 0.000000
31.000000 290.316444 19.352035 -0.548214 2.363504 0.000000 0.000000 0.000000 1.000000 0.000000 0.000000
31.000000 290.317045 19.428290 -0.477828 2.324335 0.000000 0.000000 0.000000 1.000000 0.000000 0.000000
31.000000 290.318460 19.497773 -0.497824 2.374061 0.000000 0.000000 0.000000 1.000000 0.000000 0.000000
31.000000 290.321419 19.479451 -0.509259 2.415372 0.000000 0.000000 0.000000 1.000000 0.000000 0.000000
31.000000 290.321565 19.568053 -0.520711 2.396866 0.000000 0.000000 0.000000 1.000000 0.000000 0.000000
31.000000 290.324730 19.472611 -0.492221 2.412364 0.000000 0.000000 0.000000 1.000000 0.000000 0.000000
31.000000 290.326232 19.226211 -0.557767 2.409203 0.000000 0.000000 0.000000 1.000000 0.000000 0.000000
31.000000 290.326951 19.315149 -0.482452 2.362745 0.000000 0.000000 0.000000 1.000000 0.000000 0.000000
31.000000 290.328346 19.379951 -0.501369 2.404915 0.000000 0.000000 0.000000 1.000000 0.000000 0.000000
31.000000 290.331116 19.362694 -0.512745 2.456105 0.000000 0.000000 0.000000 1.000000 0.000000 0.000000
31.000000 290.331738 19.435414 -0.522099 2.445603 0.000000 0.000000 0.000000 1.000000 0.000000 0.000000
31.000000 290.334579 19.367999 -0.501967 2.461191 0.000000 0.000000 0.000000 1.000000 0.000000 0.000000
31.000000 290.336245 19.146862 -0.554921 2.450864 0.000000 0.000000 0.000000 1.000000 0.000000 0.000000
31.000000 290.337066 19.211507 -0.490171 2.404975 0.000000 0.000000 0.000000 1.000000 0.000000 0.000000
31.000000 290.338464 19.275921 -0.508976 2.456802 0.000000 0.000000 0.000000 1.000000 0.000000 0.000000
31.000000 290.341459 19.260400 -0.521700 2.505333 0.000000 0.000000 0.000000 1.000000 0.000000 0.000000
31.000000 290.341520 19.295327 -0.530833 2.493663 0.000000 0.000000 0.000000 1.000000 0.000000 0.000000
31.000000 290.344671 19.231758 -0.511738 2.503348 0.000000 0.000000 0.000000 1.000000 0.000000 0.000000
31.000000 290.346193 19.033165 -0.563604 2.494939 0.000000 0.000000 0.000000 1.000000 0.000000 0.000000
31.000000 290.346912 19.113169 -0.496639 2.450876 0.000000 0.000000 0.000000 1.000000 0.000000 0.000000
31.000000 290.348362 19.156200 -0.510545 2.492890 0.000000 0.000000 0.000000 1.000000 0.000000 0.000000
31.000000 290.351227 19.139907 -0.523726 2.541233 0.000000 0.000000 0.000000 1.000000 0.000000 0.000000
31.000000 290.351420 19.182489 -0.533762 2.528836 0.000000 0.000000 0.000000 1.000000 0.000000 0.000000
31.000000 290.354631 19.135524 -0.519677 2.540819 0.000000 0.000000 0.000000 1.000000 0.000000 0.000000
31.000000 290.356423 18.915241 -0.578383 2.535247 0.000000 0.000000 0.000000 1.000000 0.000000 0.000000
31.000000 290.357097 19.005098 -0.504128 2.492518 0.000000 0.000000 0.000000 1.000000 0.000000 0.000000
31.000000 290.358567 19.036546 -0.515674 2.535173 0.000000 0.000000 0.000000 1.000000 0.000000 0.000000
31.000000 290.361280 19.053366 -0.556341 2.587997 0.000000 0.000000 0.000000 1.000000 0.000000 0.000000
31.000000 290.361540 19.154206 -0.568931 2.568343 0.000000 0.000000 0.000000 1.000000 0.000000 0.000000
31.000000 290.364720 19.019913 -0.527817 2.589382 0.000000 0.000000 0.000000 1.000000 0.000000 0.000000
31.000000 290.366214 18.812032 -0.580220 2.579168 0.000000 0.000000 0.000000 1.000000 0.000000 0.000000
31.000000 290.366967 18.885178 -0.514925 2.531581 0.000000 0.000000 0.000000 1.000000 0.000000 0.000000
31.000000 290.368372 18.944596 -0.532045 2.578786 0.000000 0.000000 0.000000 1.000000 0.000000 0.000000
31.000000 290.371267 18.924245 -0.540724 2.628487 0.000000 0.000000 0.000000 1.000000 0.000000 0.000000
31.000000 290.371585 18.972969 -0.550150 2.617304 0.000000 0.000000 0.000000 1.000000 0.000000 0.000000
31.000000 290.374620 18.914613 -0.532422 2.627075 0.000000 0.000000 0.000000 1.000000 0.000000 0.000000
31.000000 290.376281 18.697820 -0.587293 2.613448 0.000000 0.000000 0.000000 1.000000 0.000000 0.000000
31.000000 290.377031 18.786445 -0.510956 2.566207 0.000000 0.000000 0.000000 1.000000 0.000000 0.000000
31.000000 290.378433 18.802067 -0.519121 2.607678 0.000000 0.000000 0.000000 1.000000 0.000000 0.000000
31.000000 290.381258 18.811300 -0.551723 2.663727 0.000000 0.000000 0.000000 1.000000 0.000000 0.000000
31.000000 290.381591 18.852878 -0.561663 2.652854 0.000000 0.000000 0.000000 1.000000 0.000000 0.000000
31.000000 290.384737 18.813114 -0.549707 2.658519 0.000000 0.000000 0.000000 1.000000 0.000000 0.000000
31.000000 290.386500 18.537233 -0.629222 2.651373 0.000000 0.000000 0.000000 1.000000 0.000000 0.000000
31.000000 290.386964 18.675041 -0.525792 2.613218 0.000000 0.000000 0.000000 1.000000 0.000000 0.000000
31.000000 290.388337 18.697628 -0.535276 2.652386 0.000000 0.000000 0.000000 1.000000 0.000000 0.000000
31.000000 290.391277 18.694202 -0.557819 2.707092 0.000000 0.000000 0.000000 1.000000 0.000000 0.000000
31.000000 290.391503 18.705128 -0.566778 2.689075 0.000000 0.000000 0.000000 1.000000 0.000000 0.000000
31.000000 290.394768 18.667020 -0.554877 2.702224 0.000000 0.000000 0.000000 1.000000 0.000000 0.000000
31.000000 290.396261 18.489986 -0.597853 2.699149 0.000000 0.000000 0.000000 1.000000 0.000000 0.000000
31.000000 290.397106 18.565187 -0.533085 2.646636 0.000000 0.000000 0.000000 1.000000 0.000000 0.000000
31.000000 290.398387 18.588982 -0.542811 2.687704 0.000000 0.000000 0.000000 1.000000 0.000000 0.000000
31.000000 290.401301 18.580462 -0.561089 2.742452 0.000000 0.000000 0.000000 1.000000 0.000000 0.000000
31.000000 290.401572 18.575689 -0.569542 2.728778 0.000000 0.000000 0.000000 1.000000 0.000000 0.000000
31.000000 290.404710 18.555842 -0.563440 2.739440 0.000000 0.000000 0.000000 1.000000 0.000000 0.000000
31.000000 290.406239 18.383514 -0.607480 2.734890 0.000000 0.000000 0.000000 1.000000 0.000000 0.000000
31.000000 290.407027 18.467351 -0.540234 2.684797 0.000000 0.000000 0.000000 1.000000 0.000000 0.000000
31.000000 290.408320 18.457870 -0.542689 2.715572 0.000000 0.000000 0.000000 1.000000 0.000000 0.000000
31.000000 290.411129 18.469577 -0.575272 2.768476 0.000000 0.000000 0.000000 1.000000 0.000000 0.000000
31.000000 290.411535 18.533496 -0.585973 2.758850 0.000000 0.000000 0.000000 1.000000 0.000000 0.000000
31.000000 290.414555 18.468164 -0.565651 2.779095 0.000000 0.000000 0.000000 1.000000 0.000000 0.000000
31.000000 290.416293 18.272620 -0.615956 2.768566 0.000000 0.000000 0.000000 1.000000 0.000000 0.000000
31.000000 290.417050 18.356655 -0.546607 2.717385 0.000000 0.000000 0.000000 1.000000 0.000000 0.000000
31.000000 290.418406 18.349586 -0.549824 2.752145 0.000000 0.000000 0.000000 1.000000 0.000000 0.000000
31.000000 290.421166 18.362420 -0.582671 2.808409 0.000000 0.000000 0.000000 1.000000 0.000000 0.000000
31.000000 290.421565 18.405998 -0.592295 2.796515 0.000000 0.000000 0.000000 1.000000 0.000000 0.000000
31.000000 290.424819 18.347670 -0.574013 2.809941 0.000000 0.000000 0.000000 1.000000 0.000000 0.000000
31.000000 290.426236 18.129388 -0.630493 2.798179 0.000000 0.000000 0.000000 1.000000 0.000000 0.000000
31.000000 290.427150 18.231169 -0.548030 2.745676 0.000000 0.000000 0.000000 1.000000 0.000000 0.000000
31.000000 290.428348 18.233886 -0.553409 2.782410 0.000000 0.000000 0.000000 1.000000 0.000000 0.000000
31.000000 290.431187 18.250658 -0.588575 2.842660 0.000000 0.000000 0.000000 1.000000 0.000000 0.000000
31.000000 290.431498 18.275539 -0.597240 2.833543 0.000000 0.000000 0.000000 1.000000 0.000000 0.000000
31.000000 290.434703 18.254685 -0.590900 2.842874 0.000000 0.000000 0.000000 1.000000 0.000000 0.000000
31.000000 290.436373 18.022119 -0.651068 2.829502 0.000000 0.000000 0.000000 1.000000 0.000000 0.000000
31.000000 290.437075 18.142480 -0.555535 2.775623 0.000000 0.000000 0.000000 1.000000 0.000000 0.000000
31.000000 290.438447 18.110474 -0.554868 2.811043 0.000000 0.000000 0.000000 1.000000 0.000000 0.000000
31.000000 290.441189 18.129321 -0.592503 2.876753 0.000000 0.000000 0.000000 1.000000 0.000000 0.000000
31.000000 290.441752 18.119391 -0.600489 2.874244 0.000000 0.000000 0.000000 1.000000 0.000000 0.000000
31.000000 290.444738 18.113002 -0.598872 2.885569 0.000000 0.000000 0.000000 1.000000 0.000000 0.000000
31.000000 290.446269 17.942462 -0.641355 2.869091 0.000000 0.000000 0.000000 1.000000 0.000000 0.000000
31.000000 290.447049 18.037488 -0.567095 2.809946 0.000000 0.000000 0.000000 1.000000 0.000000 0.000000
31.000000 290.448375 18.015375 -0.568545 2.844115 0.000000 0.000000 0.000000 1.000000 0.000000 0.000000
31.000000 290.451286 18.032045 -0.604636 2.910459 0.000000 0.000000 0.000000 1.000000 0.000000 0.000000
31.000000 290.451598 18.089570 -0.614276 2.897417 0.000000 0.000000 0.000000 1.000000 0.000000 0.000000
31.000000 290.454638 18.033161 -0.596276 2.912473 0.000000 0.000000 0.000000 1.000000 0.000000 0.000000
31.000000 290.456349 17.856076 -0.642686 2.902873 0.000000 0.000000 0.000000 1.000000 0.000000 0.000000
31.000000 290.457171 17.946889 -0.573485 2.842501 0.000000 0.000000 0.000000 1.000000 0.000000 0.000000
31.000000 290.458580 17.893856 -0.568907 2.869154 0.000000 0.000000 0.000000 1.000000 0.000000 0.000000
31.000000 290.461410 17.940428 -0.625301 2.937316 0.000000 0.000000 0.000000 1.000000 0.000000 0.000000
31.000000 290.461593 18.011171 -0.635519 2.924464 0.000000 0.000000 0.000000 1.000000 0.000000 0.000000
31.000000 290.464730 17.894378 -0.597666 2.949443 0.000000 0.000000 0.000000 1.000000 0.000000 0.000000
31.000000 290.466264 17.784778 -0.622024 2.938786 0.000000 0.000000 0.000000 1.000000 0.000000 0.000000
31.000000 290.466965 17.838685 -0.577038 2.880700 0.000000 0.000000 0.000000 1.000000 0.000000 0.000000
31.000000 290.468388 17.773686 -0.570189 2.911468 0.000000 0.000000 0.000000 1.000000 0.000000 0.000000
31.000000 290.471279 17.811434 -0.620136 2.974278 0.000000 0.000000 0.000000 1.000000 0.000000 0.000000
31.000000 290.471615 17.857051 -0.630358 2.960395 0.000000 0.000000 0.000000 1.000000 0.000000 0.000000
31.000000 290.474665 17.810297 -0.615343 2.975401 0.000000 0.000000 0.000000 1.000000 0.000000 0.000000
31.000000 290.476334 17.623364 -0.663106 2.962622 0.000000 0.000000 0.000000 1.000000 0.000000 0.000000
31.000000 290.477103 17.726633 -0.583278 2.904837 0.000000 0.000000 0.000000 1.000000 0.000000 0.000000
31.000000 290.478403 17.664036 -0.577279 2.936016 0.000000 0.000000 0.000000 1.000000 0.000000 0.000000
31.000000 290.481317 17.688760 -0.618049 2.999592 0.000000 0.000000 0.000000 1.000000 0.000000 0.000000
31.000000 290.481615 17.709383 -0.627460 2.987940 0.000000 0.000000 0.000000 1.000000 0.000000 0.000000
31.000000 290.484746 17.698499 -0.624237 2.998146 0.000000 0.000000 0.000000 1.000000 0.000000 0.000000
31.000000 290.486287 17.529197 -0.667245 2.983169 0.000000 0.000000 0.000000 1.000000 0.000000 0.000000
31.000000 290.487072 17.622680 -0.595010 2.927157 0.000000 0.000000 0.000000 1.000000 0.000000 0.000000
31.000000 290.488376 17.557845 -0.589232 2.963879 0.000000 0.000000 0.000000 1.000000 0.000000 0.000000
31.000000 290.491368 17.584909 -0.632883 3.027536 0.000000 0.000000 0.000000 1.000000 0.000000 0.000000
31.000000 290.491604 17.595810 -0.642845 3.005293 0.000000 0.000000 0.000000 1.000000 0.000000 0.000000
31.000000 290.494688 17.558665 -0.630557 3.022576 0.000000 0.000000 0.000000 1.000000 0.000000 0.000000
31.000000 290.496336 17.450846 -0.655600 3.019818 0.000000 0.000000 0.000000 1.000000 0.000000 0.000000
31.000000 290.497195 17.522845 -0.601598 2.959717 0.000000 0.000000 0.000000 1.000000 0.000000 0.000000
31.000000 290.498466 17.451928 -0.594408 2.988123 0.000000 0.000000 0.000000 1.000000 0.000000 0.000000
31.000000 290.501430 17.477228 -0.633809 3.054313 0.000000 0.000000 0.000000 1.000000 0.000000 0.000000
31.000000 290.501624 17.460292 -0.641374 3.045105 0.000000 0.000000 0.000000 1.000000 0.000000 0.000000
31.000000 290.504749 17.455708 -0.640105 3.057370 0.000000 0.000000 0.000000 1.000000 0.000000 0.000000
31.000000 290.506264 17.340072 -0.666743 3.045490 0.000000 0.000000 0.000000 1.000000 0.000000 0.000000
31.000000 290.507225 17.409166 -0.612833 2.986425 0.000000 0.000000 0.000000 1.000000 0.000000 0.000000
31.000000 290.508626 17.345850 -0.606175 3.011136 0.000000 0.000000 0.000000 1.000000 0.000000 0.000000
31.000000 290.511283 17.399192 -0.662150 3.072477 0.000000 0.000000 0.000000 1.000000 0.000000 0.000000
31.000000 290.511561 17.464001 -0.672090 3.061772 0.000000 0.000000 0.000000 1.000000 0.000000 0.000000
31.000000 290.514672 17.380464 -0.644396 3.081650 0.000000 0.000000 0.000000 1.000000 0.000000 0.000000
31.000000 290.516502 17.216293 -0.686856 3.068988 0.000000 0.000000 0.000000 1.000000 0.000000 0.000000
31.000000 290.517109 17.314414 -0.613763 3.011624 0.000000 0.000000 0.000000 1.000000 0.000000 0.000000
31.000000 290.518586 17.222655 -0.603080 3.040204 0.000000 0.000000 0.000000 1.000000 0.000000 0.000000
31.000000 290.521291 17.271803 -0.658142 3.104082 0.000000 0.000000 0.000000 1.000000 0.000000 0.000000
31.000000 290.521606 17.313586 -0.668405 3.094024 0.000000 0.000000 0.000000 1.000000 0.000000 0.000000
31.000000 290.524846 17.267399 -0.653243 3.111084 0.000000 0.000000 0.000000 1.000000 0.000000 0.000000
31.000000 290.526298 17.107033 -0.691592 3.091949 0.000000 0.000000 0.000000 1.000000 0.000000 0.000000
31.000000 290.527061 17.203903 -0.615828 3.034226 0.000000 0.000000 0.000000 1.000000 0.000000 0.000000
31.000000 290.528471 17.100308 -0.603164 3.064294 0.000000 0.000000 0.000000 1.000000 0.000000 0.000000
31.000000 290.531425 17.154582 -0.660932 3.127186 0.000000 0.000000 0.000000 1.000000 0.000000 0.000000
31.000000 290.531556 17.149235 -0.669970 3.118658 0.000000 0.000000 0.000000 1.000000 0.000000 0.000000
31.000000 290.534614 17.149278 -0.670444 3.129143 0.000000 0.000000 0.000000 1.000000 0.000000 0.000000
31.000000 290.536397 16.985664 -0.711268 3.109559 0.000000 0.000000 0.000000 1.000000 0.000000 0.000000
31.000000 290.537174 17.098053 -0.627891 3.053743 0.000000 0.000000 0.000000 1.000000 0.000000 0.000000
31.000000 290.538551 17.014713 -0.619310 3.088188 0.000000 0.000000 0.000000 1.000000 0.000000 0.000000
31.000000 290.541239 17.064508 -0.675512 3.148709 0.000000 0.000000 0.000000 1.000000 0.000000 0.000000
31.000000 290.541671 17.069614 -0.685956 3.130979 0.000000 0.000000 0.000000 1.000000 0.000000 0.000000
31.000000 290.544721 17.040407 -0.676253 3.146460 0.000000 0.000000 0.000000 1.000000 0.000000 0.000000
31.000000 290.546309 16.897049 -0.713020 3.135764 0.000000 0.000000 0.000000 1.000000 0.000000 0.000000
31.000000 290.547068 17.005593 -0.635872 3.081418 0.000000 0.000000 0.000000 1.000000 0.000000 0.000000
31.000000 290.548454 16.891327 -0.621883 3.109300 0.000000 0.000000 0.000000 1.000000 0.000000 0.000000
31.000000 290.551167 16.946611 -0.679042 3.172500 0.000000 0.000000 0.000000 1.000000 0.000000 0.000000
31.000000 290.551630 16.955768 -0.688340 3.163436 0.000000 0.000000 0.000000 1.000000 0.000000 0.000000
31.000000 290.554609 16.931864 -0.680554 3.177393 0.000000 0.000000 0.000000 1.000000 0.000000 0.000000
31.000000 290.556442 16.782279 -0.717794 3.159247 0.000000 0.000000 0.000000 1.000000 0.000000 0.000000
31.000000 290.557136 16.890654 -0.639222 3.099780 0.000000 0.000000 0.000000 1.000000 0.000000 0.000000
31.000000 290.558704 16.771742 -0.624940 3.126747 0.000000 0.000000 0.000000 1.000000 0.000000 0.000000
31.000000 290.561488 16.848989 -0.696755 3.190910 0.000000 0.000000 0.000000 1.000000 0.000000 0.000000
31.000000 290.561671 16.894999 -0.707941 3.174404 0.000000 0.000000 0.000000 1.000000 0.000000 0.000000
31.000000 290.564740 16.842738 -0.690183 3.194280 0.000000 0.000000 0.000000 1.000000 0.000000 0.000000
31.000000 290.566319 16.670976 -0.729117 3.176768 0.000000 0.000000 0.000000 1.000000 0.000000 0.000000
31.000000 290.567177 16.780628 -0.642700 3.113219 0.000000 0.000000 0.000000 1.000000 0.000000 0.000000
31.000000 290.568378 16.652327 -0.627157 3.142591 0.000000 0.000000 0.000000 1.000000 0.000000 0.000000
31.000000 290.571219 16.720445 -0.691806 3.208977 0.000000 0.000000 0.000000 1.000000 0.000000 0.000000
31.000000 290.571611 16.733384 -0.701240 3.199432 0.000000 0.000000 0.000000 1.000000 0.000000 0.000000
31.000000 290.574633 16.727245 -0.699524 3.213749 0.000000 0.000000 0.000000 1.000000 0.000000 0.000000
31.000000 290.576661 16.559937 -0.743714 3.198815 0.000000 0.000000 0.000000 1.000000 0.000000 0.000000
31.000000 290.577248 16.685212 -0.656390 3.139813 0.000000 0.000000 0.000000 1.000000 0.000000 0.000000
31.000000 290.578532 16.554040 -0.640300 3.162519 0.000000 0.000000 0.000000 1.000000 0.000000 0.000000
31.000000 290.581238 16.623938 -0.705909 3.222724 0.000000 0.000000 0.000000 1.000000 0.000000 0.000000
31.000000 290.581726 16.626914 -0.715964 3.209788 0.000000 0.000000 0.000000 1.000000 0.000000 0.000000
31.000000 290.584728 16.610952 -0.710707 3.228801 0.000000 0.000000 0.000000 1.000000 0.000000 0.000000
31.000000 290.586283 16.496776 -0.732227 3.210779 0.000000 0.000000 0.000000 1.000000 0.000000 0.000000
31.000000 290.587037 16.580812 -0.664394 3.151381 0.000000 0.000000 0.000000 1.000000 0.000000 0.000000
31.000000 290.588435 16.467821 -0.651323 3.182664 0.000000 0.000000 0.000000 1.000000 0.000000 0.000000
31.000000 290.591224 16.530634 -0.710519 3.244495 0.000000 0.000000 0.000000 1.000000 0.000000 0.000000
31.000000 290.591620 16.515484 -0.718774 3.228102 0.000000 0.000000 0.000000 1.000000 0.000000 0.000000
31.000000 290.594627 16.512311 -0.717822 3.241115 0.000000 0.000000 0.000000 1.000000 0.000000 0.000000
31.000000 290.596405 16.365746 -0.754089 3.232273 0.000000 0.000000 0.000000 1.000000 0.000000 0.000000
31.000000 290.597471 16.499452 -0.661126 3.180313 0.000000 0.000000 0.000000 1.000000 0.000000 0.000000
31.000000 290.598497 16.304403 -0.634401 3.198947 0.000000 0.000000 0.000000 1.000000 0.000000 0.000000
31.000000 290.601229 16.408030 -0.718438 3.255505 0.000000 0.000000 0.000000 1.000000 0.000000 0.000000
31.000000 290.601677 16.412723 -0.728748 3.246841 0.000000 0.000000 0.000000 1.000000 0.000000 0.000000
31.000000 290.604705 16.401377 -0.725261 3.262394 0.000000 0.000000 0.000000 1.000000 0.000000 0.000000
31.000000 290.606533 16.222191 -0.774777 3.245315 0.000000 0.000000 0.000000 1.000000 0.000000 0.000000
31.000000 290.607124 16.366244 -0.677938 3.192665 0.000000 0.000000 0.000000 1.000000 0.000000 0.000000
31.000000 290.608468 16.243891 -0.663282 3.215831 0.000000 0.000000 0.000000 1.000000 0.000000 0.000000
31.000000 290.611276 16.310949 -0.724526 3.269039 0.000000 0.000000 0.000000 1.000000 0.000000 0.000000
31.000000 290.611642 16.314940 -0.734779 3.258519 0.000000 0.000000 0.000000 1.000000 0.000000 0.000000
31.000000 290.614778 16.298247 -0.729249 3.278193 0.000000 0.000000 0.000000 1.000000 0.000000 0.000000
31.000000 290.616391 16.135737 -0.769113 3.261803 0.000000 0.000000 0.000000 1.000000 0.000000 0.000000
31.000000 290.617090 16.256656 -0.682025 3.200731 0.000000 0.000000 0.000000 1.000000 0.000000 0.000000
31.000000 290.618535 16.115774 -0.665473 3.226094 0.000000 0.000000 0.000000 1.000000 0.000000 0.000000
31.000000 290.621258 16.186722 -0.730029 3.283914 0.000000 0.000000 0.000000 1.000000 0.000000 0.000000
31.000000 290.621716 16.194251 -0.740785 3.272606 0.000000 0.000000 0.000000 1.000000 0.000000 0.000000
31.000000 290.624784 16.191848 -0.740363 3.291684 0.000000 0.000000 0.000000 1.000000 0.000000 0.000000
31.000000 290.626585 15.973992 -0.805268 3.283563 0.000000 0.000000 0.000000 1.000000 0.000000 0.000000
31.000000 290.627231 16.173464 -0.679540 3.231245 0.000000 0.000000 0.000000 1.000000 0.000000 0.000000
31.000000 290.628484 15.987905 -0.655097 3.240907 0.000000 0.000000 0.000000 1.000000 0.000000 0.000000
31.000000 290.631328 16.083194 -0.732701 3.290041 0.000000 0.000000 0.000000 1.000000 0.000000 0.000000
31.000000 290.631640 16.085610 -0.743954 3.280954 0.000000 0.000000 0.000000 1.000000 0.000000 0.000000
31.000000 290.634650 16.123689 -0.758237 3.298096 0.000000 0.000000 0.000000 1.000000 0.000000 0.000000
31.000000 290.636389 15.863754 -0.828813 3.280059 0.000000 0.000000 0.000000 1.000000 0.000000 0.000000
31.000000 290.637095 16.055622 -0.695916 3.227789 0.000000 0.000000 0.000000 1.000000 0.000000 0.000000
31.000000 290.638554 15.917539 -0.679466 3.254513 0.000000 0.000000 0.000000 1.000000 0.000000 0.000000
31.000000 290.641476 16.003388 -0.752798 3.299947 0.000000 0.000000 0.000000 1.000000 0.000000 0.000000
31.000000 290.641695 15.947318 -0.763352 3.286137 0.000000 0.000000 0.000000 1.000000 0.000000 0.000000
31.000000 290.644730 15.952808 -0.765671 3.311564 0.000000 0.000000 0.000000 1.000000 0.000000 0.000000
31.000000 290.646306 15.842310 -0.788226 3.299312 0.000000 0.000000 0.000000 1.000000 0.000000 0.000000
31.000000 290.647060 15.957818 -0.706551 3.241968 0.000000 0.000000 0.000000 1.000000 0.000000 0.000000
31.000000 290.648417 15.813913 -0.689701 3.265825 0.000000 0.000000 0.000000 1.000000 0.000000 0.000000
31.000000 290.651305 15.882566 -0.751402 3.315435 0.000000 0.000000 0.000000 1.000000 0.000000 0.000000
31.000000 290.651703 15.887558 -0.762868 3.301302 0.000000 0.000000 0.000000 1.000000 0.000000 0.000000
31.000000 290.654643 15.883283 -0.761707 3.322049 0.000000 0.000000 0.000000 1.000000 0.000000 0.000000
31.000000 290.656407 15.736937 -0.798039 3.308053 0.000000 0.000000 0.000000 1.000000 0.000000 0.000000
31.000000 290.657181 15.856292 -0.714903 3.252145 0.000000 0.000000 0.000000 1.000000 0.000000 0.000000
31.000000 290.658529 15.700762 -0.695886 3.269898 0.000000 0.000000 0.000000 1.000000 0.000000 0.000000
31.000000 290.661261 15.805941 -0.777236 3.317232 0.000000 0.000000 0.000000 1.000000 0.000000 0.000000
31.000000 290.661667 15.825766 -0.789271 3.306717 0.000000 0.000000 0.000000 1.000000 0.000000 0.000000
31.000000 290.664771 15.771280 -0.769745 3.333042 0.000000 0.000000 0.000000 1.000000 0.000000 0.000000
31.000000 290.666378 15.634272 -0.803274 3.317094 0.000000 0.000000 0.000000 1.000000 0.000000 0.000000
31.000000 290.667251 15.763116 -0.715929 3.261248 0.000000 0.000000 0.000000 1.000000 0.000000 0.000000
31.000000 290.668421 15.582367 -0.694075 3.281523 0.000000 0.000000 0.000000 1.000000 0.000000 0.000000
31.000000 290.671416 15.656594 -0.758339 3.330468 0.000000 0.000000 0.000000 1.000000 0.000000 0.000000
31.000000 290.671669 15.663788 -0.770212 3.318728 0.000000 0.000000 0.000000 1.000000 0.000000 0.000000
31.000000 290.674645 15.667041 -0.771874 3.340793 0.000000 0.000000 0.000000 1.000000 0.000000 0.000000
31.000000 290.676396 15.508820 -0.809812 3.323794 0.000000 0.000000 0.000000 1.000000 0.000000 0.000000
31.000000 290.677207 15.632279 -0.721705 3.265756 0.000000 0.000000 0.000000 1.000000 0.000000 0.000000
31.000000 290.678572 15.479316 -0.704323 3.290382 0.000000 0.000000 0.000000 1.000000 0.000000 0.000000
31.000000 290.681461 15.563786 -0.774731 3.338217 0.000000 0.000000 0.000000 1.000000 0.000000 0.000000
31.000000 290.681756 15.584395 -0.787738 3.324157 0.000000 0.000000 0.000000 1.000000 0.000000 0.000000
31.000000 290.684778 15.594133 -0.791778 3.348872 0.000000 0.000000 0.000000 1.000000 0.000000 0.000000
31.000000 290.686769 15.420407 -0.831055 3.331302 0.000000 0.000000 0.000000 1.000000 0.000000 0.000000
31.000000 290.687124 15.558748 -0.729922 3.272062 0.000000 0.000000 0.000000 1.000000 0.000000 0.000000
31.000000 290.688510 15.373118 -0.708122 3.296132 0.000000 0.000000 0.000000 1.000000 0.000000 0.000000
31.000000 290.691362 15.451109 -0.773664 3.346981 0.000000 0.000000 0.000000 1.000000 0.000000 0.000000
31.000000 290.691635 15.454562 -0.785240 3.332904 0.000000 0.000000 0.000000 1.000000 0.000000 0.000000
31.000000 290.694663 15.462394 -0.788578 3.351118 0.000000 0.000000 0.000000 1.000000 0.000000 0.000000
31.000000 290.696402 15.341232 -0.820170 3.338182 0.000000 0.000000 0.000000 1.000000 0.000000 0.000000
31.000000 290.697011 15.465949 -0.740065 3.286326 0.000000 0.000000 0.000000 1.000000 0.000000 0.000000
31.000000 290.698549 15.268259 -0.716432 3.304387 0.000000 0.000000 0.000000 1.000000 0.000000 0.000000
31.000000 290.701275 15.355201 -0.786760 3.349641 0.000000 0.000000 0.000000 1.000000 0.000000 0.000000
31.000000 290.701632 15.337922 -0.798449 3.339451 0.000000 0.000000 0.000000 1.000000 0.000000 0.000000
31.000000 290.704784 15.345705 -0.801875 3.361427 0.000000 0.000000 0.000000 1.000000 0.000000 0.000000
31.000000 290.706416 15.214413 -0.834928 3.345744 0.000000 0.000000 0.000000 1.000000 0.000000 0.000000
31.000000 290.707263 15.357470 -0.742890 3.290087 0.000000 0.000000 0.000000 1.000000 0.000000 0.000000
31.000000 290.708484 15.175922 -0.721546 3.303340 0.000000 0.000000 0.000000 1.000000 0.000000 0.000000
31.000000 290.711357 15.259437 -0.787816 3.350431 0.000000 0.000000 0.000000 1.000000 0.000000 0.000000
31.000000 290.711652 15.255176 -0.798806 3.343687 0.000000 0.000000 0.000000 1.000000 0.000000 0.000000
31.000000 290.714736 15.256518 -0.799799 3.365722 0.000000 0.000000 0.000000 1.000000 0.000000 0.000000
31.000000 290.716441 15.173452 -0.815934 3.347978 0.000000 0.000000 0.000000 1.000000 0.000000 0.000000
31.000000 290.717249 15.265995 -0.752273 3.293599 0.000000 0.000000 0.000000 1.000000 0.000000 0.000000
31.000000 290.718602 15.065883 -0.728885 3.312532 0.000000 0.000000 0.000000 1.000000 0.000000 0.000000
31.000000 290.721441 15.151844 -0.797420 3.358683 0.000000 0.000000 0.000000 1.000000 0.000000 0.000000
31.000000 290.721653 15.144802 -0.809143 3.344266 0.000000 0.000000 0.000000 1.000000 0.000000 0.000000
31.000000 290.724788 15.152757 -0.812457 3.367817 0.000000 0.000000 0.000000 1.000000 0.000000 0.000000
31.000000 290.726357 15.035137 -0.841321 3.359067 0.000000 0.000000 0.000000 1.000000 0.000000 0.000000
31.000000 290.727289 15.167462 -0.756738 3.302218 0.000000 0.000000 0.000000 1.000000 0.000000 0.000000
31.000000 290.728466 14.940418 -0.730097 3.314549 0.000000 0.000000 0.000000 1.000000 0.000000 0.000000
31.000000 290.731382 15.030672 -0.800726 3.361959 0.000000 0.000000 0.000000 1.000000 0.000000 0.000000
31.000000 290.731684 15.052462 -0.813633 3.347808 0.000000 0.000000 0.000000 1.000000 0.000000 0.000000
31.000000 290.734706 15.062202 -0.817548 3.378549 0.000000 0.000000 0.000000 1.000000 0.000000 0.000000
31.000000 290.736429 15.061717 -0.794665 3.361280 0.000000 0.000000 0.000000 1.000000 0.000000 0.000000
31.000000 290.737307 15.076281 -0.764067 3.299599 0.000000 0.000000 0.000000 1.000000 0.000000 0.000000
31.000000 290.738588 14.833699 -0.735322 3.319485 0.000000 0.000000 0.000000 1.000000 0.000000 0.000000
31.000000 290.741464 14.928864 -0.807608 3.366575 0.000000 0.000000 0.000000 1.000000 0.000000 0.000000
31.000000 290.741801 14.926119 -0.819334 3.352951 0.000000 0.000000 0.000000 1.000000 0.000000 0.000000
31.000000 290.744790 14.953518 -0.830139 3.375546 0.000000 0.000000 0.000000 1.000000 0.000000 0.000000
31.000000 290.746328 14.740586 -0.896592 3.375308 0.000000 0.000000 0.000000 1.000000 0.000000 0.000000
31.000000 290.747178 14.979162 -0.758447 3.321066 0.000000 0.000000 0.000000 1.000000 0.000000 0.000000
31.000000 290.748490 14.715499 -0.726601 3.316949 0.000000 0.000000 0.000000 1.000000 0.000000 0.000000
31.000000 290.751265 14.841687 -0.812968 3.366111 0.000000 0.000000 0.000000 1.000000 0.000000 0.000000
31.000000 290.751699 14.807564 -0.822235 3.358534 0.000000 0.000000 0.000000 1.000000 0.000000 0.000000
31.000000 290.754691 14.834315 -0.832798 3.381743 0.000000 0.000000 0.000000 1.000000 0.000000 0.000000
31.000000 290.756504 14.809343 -0.822083 3.366169 0.000000 0.000000 0.000000 1.000000 0.000000 0.000000
31.000000 290.757375 14.858706 -0.777246 3.301058 0.000000 0.000000 0.000000 1.000000 0.000000 0.000000
31.000000 290.758535 14.634235 -0.751687 3.311769 0.000000 0.000000 0.000000 1.000000 0.000000 0.000000
31.000000 290.761266 14.734195 -0.823298 3.365761 0.000000 0.000000 0.000000 1.000000 0.000000 0.000000
31.000000 290.761814 14.663125 -0.830433 3.362908 0.000000 0.000000 0.000000 1.000000 0.000000 0.000000
31.000000 290.764810 14.722885 -0.854003 3.380914 0.000000 0.000000 0.000000 1.000000 0.000000 0.000000
31.000000 290.766715 14.689059 -0.843975 3.362057 0.000000 0.000000 0.000000 1.000000 0.000000 0.000000
31.000000 290.767068 14.779126 -0.774531 3.305052 0.000000 0.000000 0.000000 1.000000 0.000000 0.000000
31.000000 290.768459 14.514418 -0.743361 3.316704 0.000000 0.000000 0.000000 1.000000 0.000000 0.000000
31.000000 290.771358 14.639579 -0.827897 3.368893 0.000000 0.000000 0.000000 1.000000 0.000000 0.000000
31.000000 290.771843 14.612344 -0.837020 3.357822 0.000000 0.000000 0.000000 1.000000 0.000000 0.000000
31.000000 290.774721 14.645521 -0.850181 3.374803 0.000000 0.000000 0.000000 1.000000 0.000000 0.000000
31.000000 290.776476 14.587703 -0.844323 3.356464 0.000000 0.000000 0.000000 1.000000 0.000000 0.000000
31.000000 290.777330 14.652153 -0.782743 3.295225 0.000000 0.000000 0.000000 1.000000 0.000000 0.000000
31.000000 290.778515 14.411175 -0.755486 3.311546 0.000000 0.000000 0.000000 1.000000 0.000000 0.000000
31.000000 290.781434 14.534284 -0.839211 3.364799 0.000000 0.000000 0.000000 1.000000 0.000000 0.000000
31.000000 290.781711 14.528182 -0.849656 3.354306 0.000000 0.000000 0.000000 1.000000 0.000000 0.000000
31.000000 290.784817 14.541033 -0.855187 3.363847 0.000000 0.000000 0.000000 1.000000 0.000000 0.000000
31.000000 290.786386 14.345796 -0.917146 3.353512 0.000000 0.000000 0.000000 1.000000 0.000000 0.000000
31.000000 290.787261 14.566764 -0.791501 3.306180 0.000000 0.000000 0.000000 1.000000 0.000000 0.000000
31.000000 290.788509 14.299564 -0.761013 3.310337 0.000000 0.000000 0.000000 1.000000 0.000000 0.000000
31.000000 290.791317 14.423891 -0.843557 3.364442 0.000000 0.000000 0.000000 1.000000 0.000000 0.000000
31.000000 290.791689 14.410443 -0.852887 3.354661 0.000000 0.000000 0.000000 1.000000 0.000000 0.000000
31.000000 290.794734 14.436977 -0.863602 3.370387 0.000000 0.000000 0.000000 1.000000 0.000000 0.000000
31.000000 290.796472 14.289600 -0.904004 3.364968 0.000000 0.000000 0.000000 1.000000 0.000000 0.000000
31.000000 290.797247 14.460670 -0.801619 3.306467 0.000000 0.000000 0.000000 1.000000 0.000000 0.000000
31.000000 290.798722 14.219617 -0.775073 3.306948 0.000000 0.000000 0.000000 1.000000 0.000000 0.000000
31.000000 290.801435 14.332753 -0.851657 3.359427 0.000000 0.000000 0.000000 1.000000 0.000000 0.000000
31.000000 290.801804 14.324194 -0.861524 3.350412 0.000000 0.000000 0.000000 1.000000 0.000000 0.000000
31.000000 290.804859 14.333963 -0.865573 3.370678 0.000000 0.000000 0.000000 1.000000 0.000000 0.000000
31.000000 290.806418 14.368702 -0.831567 3.351909 0.000000 0.000000 0.000000 1.000000 0.000000 0.000000
31.000000 290.807238 14.392616 -0.799831 3.295295 0.000000 0.000000 0.000000 1.000000 0.000000 0.000000
31.000000 290.808627 14.078050 -0.763488 3.303474 0.000000 0.000000 0.000000 1.000000 0.000000 0.000000
31.000000 290.811412 14.241252 -0.864065 3.360700 0.000000 0.000000 0.000000 1.000000 0.000000 0.000000
31.000000 290.811752 14.254591 -0.873927 3.347060 0.000000 0.000000 0.000000 1.000000 0.000000 0.000000
31.000000 290.814801 14.248883 -0.871748 3.362348 0.000000 0.000000 0.000000 1.000000 0.000000 0.000000
31.000000 290.816491 14.278349 -0.831643 3.340290 0.000000 0.000000 0.000000 1.000000 0.000000 0.000000
31.000000 290.817205 14.255497 -0.814543 3.279124 0.000000 0.000000 0.000000 1.000000 0.000000 0.000000
31.000000 290.818578 14.016395 -0.788425 3.295950 0.000000 0.000000 0.000000 1.000000 0.000000 0.000000
31.000000 290.821488 14.118493 -0.858268 3.346492 0.000000 0.000000 0.000000 1.000000 0.000000 0.000000
31.000000 290.821764 14.109335 -0.868174 3.336132 0.000000 0.000000 0.000000 1.000000 0.000000 0.000000
31.000000 290.824780 14.137151 -0.879346 3.358906 0.000000 0.000000 0.000000 1.000000 0.000000 0.000000
31.000000 290.826664 14.153266 -0.842021 3.343038 0.000000 0.000000 0.000000 1.000000 0.000000 0.000000
31.000000 290.827167 14.149029 -0.813188 3.279412 0.000000 0.000000 0.000000 1.000000 0.000000 0.000000
31.000000 290.828478 13.885536 -0.783996 3.288278 0.000000 0.000000 0.000000 1.000000 0.000000 0.000000
31.000000 290.831301 14.018123 -0.868658 3.338535 0.000000 0.000000 0.000000 1.000000 0.000000 0.000000
31.000000 290.831729 14.027646 -0.879497 3.324800 0.000000 0.000000 0.000000 1.000000 0.000000 0.000000
31.000000 290.834739 14.041452 -0.885080 3.344686 0.000000 0.000000 0.000000 1.000000 0.000000 0.000000
31.000000 290.836433 14.122319 -0.840254 3.332038 0.000000 0.000000 0.000000 1.000000 0.000000 0.000000
31.000000 290.837239 14.121220 -0.829796 3.277764 0.000000 0.000000 0.000000 1.000000 0.000000 0.000000
31.000000 290.838696 13.794279 -0.793074 3.281562 0.000000 0.000000 0.000000 1.000000 0.000000 0.000000
31.000000 290.841443 13.921131 -0.874031 3.332619 0.000000 0.000000 0.000000 1.000000 0.000000 0.000000
31.000000 290.841735 13.921949 -0.884255 3.322379 0.000000 0.000000 0.000000 1.000000 0.000000 0.000000
31.000000 290.844811 13.937401 -0.890622 3.340750 0.000000 0.000000 0.000000 1.000000 0.000000 0.000000
31.000000 290.846428 13.921572 -0.876832 3.329163 0.000000 0.000000 0.000000 1.000000 0.000000 0.000000
31.000000 290.847136 13.972736 -0.832724 3.270851 0.000000 0.000000 0.000000 1.000000 0.000000 0.000000
31.000000 290.848593 13.690719 -0.802100 3.272583 0.000000 0.000000 0.000000 1.000000 0.000000 0.000000
31.000000 290.851305 13.807530 -0.877236 3.324128 0.000000 0.000000 0.000000 1.000000 0.000000 0.000000
31.000000 290.851760 13.814909 -0.887496 3.314072 0.000000 0.000000 0.000000 1.000000 0.000000 0.000000
31.000000 290.854748 13.831956 -0.894599 3.329693 0.000000 0.000000 0.000000 1.000000 0.000000 0.000000
31.000000 290.856439 13.958083 -0.839955 3.313300 0.000000 0.000000 0.000000 1.000000 0.000000 0.000000
31.000000 290.857186 13.940480 -0.847146 3.261678 0.000000 0.000000 0.000000 1.000000 0.000000 0.000000
31.000000 290.858574 13.615471 -0.810827 3.257899 0.000000 0.000000 0.000000 1.000000 0.000000 0.000000
31.000000 290.861284 13.725650 -0.879628 3.308113 0.000000 0.000000 0.000000 1.000000 0.000000 0.000000
31.000000 290.861785 13.699413 -0.886844 3.305865 0.000000 0.000000 0.000000 1.000000 0.000000 0.000000
31.000000 290.864821 13.746195 -0.906165 3.321800 0.000000 0.000000 0.000000 1.000000 0.000000 0.000000
31.000000 290.866434 13.708724 -0.900873 3.313666 0.000000 0.000000 0.000000 1.000000 0.000000 0.000000
31.000000 290.867170 13.785997 -0.844046 3.257385 0.000000 0.000000 0.000000 1.000000 0.000000 0.000000
31.000000 290.868646 13.478743 -0.810706 3.252739 0.000000 0.000000 0.000000 1.000000 0.000000 0.000000
31.000000 290.871348 13.596484 -0.885563 3.300410 0.000000 0.000000 0.000000 1.000000 0.000000 0.000000
31.000000 290.871720 13.602136 -0.896329 3.290782 0.000000 0.000000 0.000000 1.000000 0.000000 0.000000
31.000000 290.874741 13.645048 -0.914058 3.310871 0.000000 0.000000 0.000000 1.000000 0.000000 0.000000
31.000000 290.876493 13.742052 -0.845158 3.291605 0.000000 0.000000 0.000000 1.000000 0.000000 0.000000
31.000000 290.877168 13.668981 -0.851362 3.230290 0.000000 0.000000 0.000000 1.000000 0.000000 0.000000
31.000000 290.878607 13.395728 -0.822719 3.241242 0.000000 0.000000 0.000000 1.000000 0.000000 0.000000
31.000000 290.881275 13.500332 -0.891119 3.291767 0.000000 0.000000 0.000000 1.000000 0.000000 0.000000
31.000000 290.881820 13.507900 -0.901896 3.281842 0.000000 0.000000 0.000000 1.000000 0.000000 0.000000
31.000000 290.884843 13.545341 -0.917531 3.298249 0.000000 0.000000 0.000000 1.000000 0.000000 0.000000
31.000000 290.886628 13.648158 -0.849426 3.277123 0.000000 0.000000 0.000000 1.000000 0.000000 0.000000
31.000000 290.887175 13.605806 -0.844088 3.221652 0.000000 0.000000 0.000000 1.000000 0.000000 0.000000
31.000000 290.888513 13.238755 -0.804104 3.225247 0.000000 0.000000 0.000000 1.000000 0.000000 0.000000
31.000000 290.891330 13.400648 -0.899855 3.278372 0.000000 0.000000 0.000000 1.000000 0.000000 0.000000
31.000000 290.891727 13.391375 -0.910042 3.269906 0.000000 0.000000 0.000000 1.000000 0.000000 0.000000
31.000000 290.894742 13.438801 -0.929917 3.287226 0.000000 0.000000 0.000000 1.000000 0.000000 0.000000
31.000000 290.896514 13.366907 -0.942511 3.286049 0.000000 0.000000 0.000000 1.000000 0.000000 0.000000
31.000000 290.897219 13.512922 -0.857660 3.230727 0.000000 0.000000 0.000000 1.000000 0.000000 0.000000
31.000000 290.898696 13.173420 -0.821624 3.214823 0.000000 0.000000 0.000000 1.000000 0.000000 0.000000
31.000000 290.901402 13.315678 -0.907816 3.262661 0.000000 0.000000 0.000000 1.000000 0.000000 0.000000
31.000000 290.901808 13.314986 -0.919083 3.252337 0.000000 0.000000 0.000000 1.000000 0.000000 0.000000
31.000000 290.904824 13.349975 -0.933740 3.272011 0.000000 0.000000 0.000000 1.000000 0.000000 0.000000
31.000000 290.906426 13.381057 -0.897336 3.261620 0.000000 0.000000 0.000000 1.000000 0.000000 0.000000
31.000000 290.907189 13.400233 -0.865725 3.204873 0.000000 0.000000 0.000000 1.000000 0.000000 0.000000
31.000000 290.908627 13.081604 -0.831641 3.193981 0.000000 0.000000 0.000000 1.000000 0.000000 0.000000
31.000000 290.911347 13.226883 -0.915105 3.243690 0.000000 0.000000 0.000000 1.000000 0.000000 0.000000
31.000000 290.911749 13.192144 -0.922228 3.241410 0.000000 0.000000 0.000000 1.000000 0.000000 0.000000
31.000000 290.914943 13.241487 -0.943054 3.258217 0.000000 0.000000 0.000000 1.000000 0.000000 0.000000
31.000000 290.916664 13.231869 -0.916310 3.250838 0.000000 0.000000 0.000000 1.000000 0.000000 0.000000
31.000000 290.917279 13.279812 -0.863569 3.195508 0.000000 0.000000 0.000000 1.000000 0.000000 0.000000
31.000000 290.918623 12.936052 -0.827145 3.185701 0.000000 0.000000 0.000000 1.000000 0.000000 0.000000
31.000000 290.921439 13.090850 -0.917512 3.232598 0.000000 0.000000 0.000000 1.000000 0.000000 0.000000
31.000000 290.921889 13.099071 -0.929024 3.222932 0.000000 0.000000 0.000000 1.000000 0.000000 0.000000
31.000000 290.924979 13.149030 -0.950290 3.239594 0.000000 0.000000 0.000000 1.000000 0.000000 0.000000
31.000000 290.926407 13.289124 -0.879171 3.222629 0.000000 0.000000 0.000000 1.000000 0.000000 0.000000
31.000000 290.927195 13.240469 -0.890753 3.170847 0.000000 0.000000 0.000000 1.000000 0.000000 0.000000
31.000000 290.928613 12.889370 -0.854441 3.170566 0.000000 0.000000 0.000000 1.000000 0.000000 0.000000
31.000000 290.931393 12.997757 -0.922775 3.218416 0.000000 0.000000 0.000000 1.000000 0.000000 0.000000
31.000000 290.931783 13.004505 -0.934092 3.208577 0.000000 0.000000 0.000000 1.000000 0.000000 0.000000
31.000000 290.934938 13.070354 -0.962345 3.221861 0.000000 0.000000 0.000000 1.000000 0.000000 0.000000
31.000000 290.936523 13.058125 -0.931731 3.211711 0.000000 0.000000 0.000000 1.000000 0.000000 0.000000
31.000000 290.937200 13.073007 -0.889622 3.155176 0.000000 0.000000 0.000000 1.000000 0.000000 0.000000
31.000000 290.938656 12.791163 -0.861311 3.151293 0.000000 0.000000 0.000000 1.000000 0.000000 0.000000
31.000000 290.941302 12.902650 -0.930754 3.196260 0.000000 0.000000 0.000000 1.000000 0.000000 0.000000
31.000000 290.941780 12.901695 -0.942083 3.187977 0.000000 0.000000 0.000000 1.000000 0.000000 0.000000
31.000000 290.944902 12.944602 -0.960470 3.206241 0.000000 0.000000 0.000000 1.000000 0.000000 0.000000
31.000000 290.946442 12.956826 -0.935360 3.200400 0.000000 0.000000 0.000000 1.000000 0.000000 0.000000
31.000000 290.947207 12.996825 -0.898465 3.145422 0.000000 0.000000 0.000000 1.000000 0.000000 0.000000
31.000000 290.948631 12.684621 -0.867071 3.133197 0.000000 0.000000 0.000000 1.000000 0.000000 0.000000
31.000000 290.951325 12.811270 -0.943507 3.177557 0.000000 0.000000 0.000000 1.000000 0.000000 0.000000
31.000000 290.951790 12.791482 -0.954372 3.172117 0.000000 0.000000 0.000000 1.000000 0.000000 0.000000
31.000000 290.954928 12.838219 -0.974566 3.191074 0.000000 0.000000 0.000000 1.000000 0.000000 0.000000
31.000000 290.956503 12.908340 -0.922067 3.178983 0.000000 0.000000 0.000000 1.000000 0.000000 0.000000
31.000000 290.957304 12.933231 -0.888659 3.128694 0.000000 0.000000 0.000000 1.000000 0.000000 0.000000
31.000000 290.958636 12.534708 -0.846927 3.110116 0.000000 0.000000 0.000000 1.000000 0.000000 0.000000
31.000000 290.961432 12.713251 -0.944764 3.157480 0.000000 0.000000 0.000000 1.000000 0.000000 0.000000
31.000000 290.961776 12.672884 -0.953172 3.154527 0.000000 0.000000 0.000000 1.000000 0.000000 0.000000
31.000000 290.965018 12.741717 -0.983199 3.168330 0.000000 0.000000 0.000000 1.000000 0.000000 0.000000
31.000000 290.966530 12.771764 -0.947579 3.160798 0.000000 0.000000 0.000000 1.000000 0.000000 0.000000
31.000000 290.967213 12.792146 -0.916713 3.108185 0.000000 0.000000 0.000000 1.000000 0.000000 0.000000
31.000000 290.968525 12.500138 -0.887923 3.097296 0.000000 0.000000 0.000000 1.000000 0.000000 0.000000
31.000000 290.971348 12.602912 -0.952483 3.137312 0.000000 0.000000 0.000000 1.000000 0.000000 0.000000
31.000000 290.971979 12.583195 -0.963520 3.125060 0.000000 0.000000 0.000000 1.000000 0.000000 0.000000
31.000000 290.974918 12.647936 -0.991579 3.143236 0.000000 0.000000 0.000000 1.000000 0.000000 0.000000
31.000000 290.976563 12.796306 -0.899388 3.132309 0.000000 0.000000 0.000000 1.000000 0.000000 0.000000
31.000000 290.977211 12.699038 -0.915523 3.079362 0.000000 0.000000 0.000000 1.000000 0.000000 0.000000
31.000000 290.978631 12.392681 -0.885100 3.076589 0.000000 0.000000 0.000000 1.000000 0.000000 0.000000
31.000000 290.981470 12.505333 -0.953280 3.118500 0.000000 0.000000 0.000000 1.000000 0.000000 0.000000
31.000000 290.982078 12.495420 -0.964409 3.111733 0.000000 0.000000 0.000000 1.000000 0.000000 0.000000
31.000000 290.984981 12.577508 -1.000740 3.122061 0.000000 0.000000 0.000000 1.000000 0.000000 0.000000
31.000000 290.986479 12.700569 -0.930537 3.104391 0.000000 0.000000 0.000000 1.000000 0.000000 0.000000
31.000000 290.987209 12.670346 -0.927720 3.059034 0.000000 0.000000 0.000000 1.000000 0.000000 0.000000
31.000000 290.988720 12.274758 -0.888276 3.051512 0.000000 0.000000 0.000000 1.000000 0.000000 0.000000
31.000000 290.991339 12.396521 -0.961064 3.096154 0.000000 0.000000 0.000000 1.000000 0.000000 0.000000
31.000000 290.991761 12.368674 -0.971828 3.095869 0.000000 0.000000 0.000000 1.000000 0.000000 0.000000
31.000000 290.995141 12.436523 -1.002078 3.110882 0.000000 0.000000 0.000000 1.000000 0.000000 0.000000
31.000000 290.996832 12.557681 -0.922929 3.090645 0.000000 0.000000 0.000000 1.000000 0.000000 0.000000
31.000000 290.997239 12.495312 -0.925632 3.034784 0.000000 0.000000 0.000000 1.000000 0.000000 0.000000
31.000000 290.998542 12.191389 -0.896806 3.029059 0.000000 0.000000 0.000000 1.000000 0.000000 0.000000
31.000000 291.001472 12.301792 -0.966825 3.071062 0.000000 0.000000 0.000000 1.000000 0.000000 0.000000
31.000000 291.001872 12.328380 -0.982458 3.057707 0.000000 0.000000 0.000000 1.000000 0.000000 0.000000
31.000000 291.004989 12.376228 -1.003572 3.076253 0.000000 0.000000 0.000000 1.000000 0.000000 0.000000
31.000000 291.006678 12.501851 -0.923566 3.061641 0.000000 0.000000 0.000000 1.000000 0.000000 0.000000
31.000000 291.007280 12.420594 -0.935544 3.011077 0.000000 0.000000 0.000000 1.000000 0.000000 0.000000
31.000000 291.008656 12.122094 -0.906689 3.004369 0.000000 0.000000 0.000000 1.000000 0.000000 0.000000
31.000000 291.011544 12.229258 -0.971750 3.044199 0.000000 0.000000 0.000000 1.000000 0.000000 0.000000
31.000000 291.011826 12.228608 -0.983857 3.034396 0.000000 0.000000 0.000000 1.000000 0.000000 0.000000
31.000000 291.014988 12.280900 -1.007008 3.050656 0.000000 0.000000 0.000000 1.000000 0.000000 0.000000
31.000000 291.016619 12.313428 -0.972757 3.049102 0.000000 0.000000 0.000000 1.000000 0.000000 0.000000
31.000000 291.017213 12.329197 -0.947266 2.998801 0.000000 0.000000 0.000000 1.000000 0.000000 0.000000
31.000000 291.018563 12.006632 -0.916590 2.981277 0.000000 0.000000 0.000000 1.000000 0.000000 0.000000
31.000000 291.021450 12.106386 -0.978164 3.021718 0.000000 0.000000 0.000000 1.000000 0.000000 0.000000
31.000000 291.021966 12.116026 -0.990924 3.011453 0.000000 0.000000 0.000000 1.000000 0.000000 0.000000
31.000000 291.025007 12.170356 -1.015233 3.025752 0.000000 0.000000 0.000000 1.000000 0.000000 0.000000
31.000000 291.026494 12.282925 -0.943722 3.014376 0.000000 0.000000 0.000000 1.000000 0.000000 0.000000
31.000000 291.027255 12.211870 -0.954469 2.964055 0.000000 0.000000 0.000000 1.000000 0.000000 0.000000
31.000000 291.028726 11.924513 -0.927661 2.956865 0.000000 0.000000 0.000000 1.000000 0.000000 0.000000
31.000000 291.031362 12.007232 -0.983233 2.993392 0.000000 0.000000 0.000000 1.000000 0.000000 0.000000
31.000000 291.032031 12.030742 -0.998391 2.982881 0.000000 0.000000 0.000000 1.000000 0.000000 0.000000
31.000000 291.034884 12.079399 -1.020217 3.000352 0.000000 0.000000 0.000000 1.000000 0.000000 0.000000
31.000000 291.036624 12.214856 -0.935674 2.985297 0.000000 0.000000 0.000000 1.000000 0.000000 0.000000
31.000000 291.037333 12.155759 -0.937497 2.943182 0.000000 0.000000 0.000000 1.000000 0.000000 0.000000
31.000000 291.038573 11.750904 -0.897703 2.926797 0.000000 0.000000 0.000000 1.000000 0.000000 0.000000
31.000000 291.041405 11.912876 -0.986193 2.967012 0.000000 0.000000 0.000000 1.000000 0.000000 0.000000
31.000000 291.041977 11.890484 -0.997940 2.961417 0.000000 0.000000 0.000000 1.000000 0.000000 0.000000
31.000000 291.044965 11.964803 -1.031795 2.974148 0.000000 0.000000 0.000000 1.000000 0.000000 0.000000
31.000000 291.046508 12.163329 -0.931494 2.953221 0.000000 0.000000 0.000000 1.000000 0.000000 0.000000
31.000000 291.047179 12.106694 -0.944389 2.916134 0.000000 0.000000 0.000000 1.000000 0.000000 0.000000
31.000000 291.048582 11.625979 -0.897019 2.897209 0.000000 0.000000 0.000000 1.000000 0.000000 0.000000
31.000000 291.051373 11.820554 -0.999461 2.940273 0.000000 0.000000 0.000000 1.000000 0.000000 0.000000
31.000000 291.052032 11.842598 -1.013715 2.915797 0.000000 0.000000 0.000000 1.000000 0.000000 0.000000
31.000000 291.054860 11.884535 -1.032232 2.930437 0.000000 0.000000 0.000000 1.000000 0.000000 0.000000
31.000000 291.056824 12.049969 -0.941994 2.926597 0.000000 0.000000 0.000000 1.000000 0.000000 0.000000
31.000000 291.057208 11.991765 -0.951087 2.887581 0.000000 0.000000 0.000000 1.000000 0.000000 0.000000
31.000000 291.058778 11.574519 -0.910333 2.866750 0.000000 0.000000 0.000000 1.000000 0.000000 0.000000
31.000000 291.061594 11.755570 -1.004518 2.907895 0.000000 0.000000 0.000000 1.000000 0.000000 0.000000
31.000000 291.061828 11.750746 -1.016051 2.901576 0.000000 0.000000 0.000000 1.000000 0.000000 0.000000
31.000000 291.064950 11.804315 -1.040451 2.915816 0.000000 0.000000 0.000000 1.000000 0.000000 0.000000
31.000000 291.066510 12.000472 -0.934926 2.896970 0.000000 0.000000 0.000000 1.000000 0.000000 0.000000
31.000000 291.067211 11.872793 -0.973923 2.847393 0.000000 0.000000 0.000000 1.000000 0.000000 0.000000
31.000000 291.068627 11.508417 -0.940460 2.837914 0.000000 0.000000 0.000000 1.000000 0.000000 0.000000
31.000000 291.071408 11.623846 -1.008789 2.882252 0.000000 0.000000 0.000000 1.000000 0.000000 0.000000
31.000000 291.071803 11.648486 -1.023528 2.870980 0.000000 0.000000 0.000000 1.000000 0.000000 0.000000
31.000000 291.074807 11.699769 -1.047025 2.885203 0.000000 0.000000 0.000000 1.000000 0.000000 0.000000
31.000000 291.076624 11.867866 -0.963435 2.868707 0.000000 0.000000 0.000000 1.000000 0.000000 0.000000
31.000000 291.077285 11.798059 -0.986807 2.824978 0.000000 0.000000 0.000000 1.000000 0.000000 0.000000
31.000000 291.078749 11.453272 -0.955403 2.814559 0.000000 0.000000 0.000000 1.000000 0.000000 0.000000
31.000000 291.081466 11.560271 -1.021203 2.853085 0.000000 0.000000 0.000000 1.000000 0.000000 0.000000
31.000000 291.081867 11.586315 -1.037558 2.837568 0.000000 0.000000 0.000000 1.000000 0.000000 0.000000
31.000000 291.084966 11.613326 -1.049845 2.850831 0.000000 0.000000 0.000000 1.000000 0.000000 0.000000
31.000000 291.086535 11.805918 -0.944289 2.829337 0.000000 0.000000 0.000000 1.000000 0.000000 0.000000
31.000000 291.087290 11.674604 -0.983331 2.785374 0.000000 0.000000 0.000000 1.000000 0.000000 0.000000
31.000000 291.088662 11.325582 -0.951635 2.778905 0.000000 0.000000 0.000000 1.000000 0.000000 0.000000
31.000000 291.091369 11.435115 -1.018623 2.817627 0.000000 0.000000 0.000000 1.000000 0.000000 0.000000
31.000000 291.091873 11.427850 -1.033466 2.807290 0.000000 0.000000 0.000000 1.000000 0.000000 0.000000
31.000000 291.094874 11.500824 -1.067399 2.821561 0.000000 0.000000 0.000000 1.000000 0.000000 0.000000
31.000000 291.096882 11.622050 -1.017244 2.813110 0.000000 0.000000 0.000000 1.000000 0.000000 0.000000
31.000000 291.097305 11.686434 -0.995066 2.775096 0.000000 0.000000 0.000000 1.000000 0.000000 0.000000
31.000000 291.098734 11.212266 -0.951688 2.745350 0.000000 0.000000 0.000000 1.000000 0.000000 0.000000
31.000000 291.101412 11.344711 -1.027553 2.788804 0.000000 0.000000 0.000000 1.000000 0.000000 0.000000
31.000000 291.101838 11.336656 -1.041752 2.778642 0.000000 0.000000 0.000000 1.000000 0.000000 0.000000
31.000000 291.104962 11.398527 -1.070794 2.789300 0.000000 0.000000 0.000000 1.000000 0.000000 0.000000
31.000000 291.106519 11.567060 -1.002243 2.771599 0.000000 0.000000 0.000000 1.000000 0.000000 0.000000
31.000000 291.107260 11.593336 -0.999468 2.740153 0.000000 0.000000 0.000000 1.000000 0.000000 0.000000
31.000000 291.108631 11.104525 -0.953495 2.703737 0.000000 0.000000 0.000000 1.000000 0.000000 0.000000
31.000000 291.111406 11.276759 -1.039033 2.745126 0.000000 0.000000 0.000000 1.000000 0.000000 0.000000
31.000000 291.111810 11.269021 -1.048644 2.744148 0.000000 0.000000 0.000000 1.000000 0.000000 0.000000
31.000000 291.114911 11.324269 -1.074646 2.755053 0.000000 0.000000 0.000000 1.000000 0.000000 0.000000
31.000000 291.116593 11.489378 -0.995854 2.736856 0.000000 0.000000 0.000000 1.000000 0.000000 0.000000
31.000000 291.117299 11.442541 -1.013493 2.698239 0.000000 0.000000 0.000000 1.000000 0.000000 0.000000
31.000000 291.118710 11.060134 -0.979325 2.680720 0.000000 0.000000 0.000000 1.000000 0.000000 0.000000
31.000000 291.121694 11.160026 -1.038877 2.719971 0.000000 0.000000 0.000000 1.000000 0.000000 0.000000
31.000000 291.121829 11.180897 -1.053503 2.710195 0.000000 0.000000 0.000000 1.000000 0.000000 0.000000
31.000000 291.124997 11.232947 -1.078091 2.721162 0.000000 0.000000 0.000000 1.000000 0.000000 0.000000
31.000000 291.126741 11.399878 -0.980222 2.703344 0.000000 0.000000 0.000000 1.000000 0.000000 0.000000
31.000000 291.127275 11.276766 -1.012469 2.660696 0.000000 0.000000 0.000000 1.000000 0.000000 0.000000
31.000000 291.128691 10.968318 -0.985341 2.648407 0.000000 0.000000 0.000000 1.000000 0.000000 0.000000
31.000000 291.131487 11.074353 -1.047989 2.684513 0.000000 0.000000 0.000000 1.000000 0.000000 0.000000
31.000000 291.131869 11.073218 -1.062297 2.676350 0.000000 0.000000 0.000000 1.000000 0.000000 0.000000
31.000000 291.134891 11.133697 -1.091025 2.688186 0.000000 0.000000 0.000000 1.000000 0.000000 0.000000
31.000000 291.136575 11.289862 -1.005232 2.672942 0.000000 0.000000 0.000000 1.000000 0.000000 0.000000
31.000000 291.137338 11.226400 -1.019217 2.634785 0.000000 0.000000 0.000000 1.000000 0.000000 0.000000
31.000000 291.138794 10.875056 -0.988118 2.615107 0.000000 0.000000 0.000000 1.000000 0.000000 0.000000
31.000000 291.141569 10.986873 -1.053759 2.648992 0.000000 0.000000 0.000000 1.000000 0.000000 0.000000
31.000000 291.141866 10.982397 -1.068733 2.632885 0.000000 0.000000 0.000000 1.000000 0.000000 0.000000
31.000000 291.144989 11.042900 -1.097320 2.644885 0.000000 0.000000 0.000000 1.000000 0.000000 0.000000
31.000000 291.146493 11.222968 -0.998350 2.634385 0.000000 0.000000 0.000000 1.000000 0.000000 0.000000
31.000000 291.147291 11.140611 -1.018391 2.590588 0.000000 0.000000 0.000000 1.000000 0.000000 0.000000
31.000000 291.148670 10.709285 -0.980439 2.561850 0.000000 0.000000 0.000000 1.000000 0.000000 0.000000
31.000000 291.151483 10.888031 -1.069997 2.612141 0.000000 0.000000 0.000000 1.000000 0.000000 0.000000
31.000000 291.151794 10.909067 -1.083294 2.601066 0.000000 0.000000 0.000000 1.000000 0.000000 0.000000
31.000000 291.154904 10.950929 -1.103285 2.610079 0.000000 0.000000 0.000000 1.000000 0.000000 0.000000
31.000000 291.156563 11.063012 -1.011462 2.603578 0.000000 0.000000 0.000000 1.000000 0.000000 0.000000
31.000000 291.157451 10.954092 -1.019598 2.553244 0.000000 0.000000 0.000000 1.000000 0.000000 0.000000
31.000000 291.158718 10.683714 -0.996618 2.525201 0.000000 0.000000 0.000000 1.000000 0.000000 0.000000
31.000000 291.161502 10.847040 -1.079248 2.568388 0.000000 0.000000 0.000000 1.000000 0.000000 0.000000
31.000000 291.161888 10.780691 -1.087224 2.562928 0.000000 0.000000 0.000000 1.000000 0.000000 0.000000
31.000000 291.165022 10.841899 -1.117045 2.566038 0.000000 0.000000 0.000000 1.000000 0.000000 0.000000
31.000000 291.166589 10.956839 -1.016239 2.562889 0.000000 0.000000 0.000000 1.000000 0.000000 0.000000
31.000000 291.167353 10.815068 -1.029984 2.517061 0.000000 0.000000 0.000000 1.000000 0.000000 0.000000
31.000000 291.168618 10.584075 -1.010684 2.497443 0.000000 0.000000 0.000000 1.000000 0.000000 0.000000
31.000000 291.171667 10.689251 -1.071268 2.531050 0.000000 0.000000 0.000000 1.000000 0.000000 0.000000
31.000000 291.171905 10.711681 -1.086989 2.521929 0.000000 0.000000 0.000000 1.000000 0.000000 0.000000
31.000000 291.174923 10.771339 -1.116228 2.528887 0.000000 0.000000 0.000000 1.000000 0.000000 0.000000
31.000000 291.176646 10.868309 -1.048188 2.517796 0.000000 0.000000 0.000000 1.000000 0.000000 0.000000
31.000000 291.177378 10.827874 -1.043802 2.484611 0.000000 0.000000 0.000000 1.000000 0.000000 0.000000
31.000000 291.178712 10.474953 -1.013407 2.457732 0.000000 0.000000 0.000000 1.000000 0.000000 0.000000
31.000000 291.181602 10.593320 -1.079309 2.491498 0.000000 0.000000 0.000000 1.000000 0.000000 0.000000
31.000000 291.181881 10.607197 -1.094870 2.483712 0.000000 0.000000 0.000000 1.000000 0.000000 0.000000
31.000000 291.184989 10.680131 -1.130867 2.490399 0.000000 0.000000 0.000000 1.000000 0.000000 0.000000
31.000000 291.186872 10.741993 -1.071814 2.486885 0.000000 0.000000 0.000000 1.000000 0.000000 0.000000
31.000000 291.187425 10.731548 -1.047991 2.451650 0.000000 0.000000 0.000000 1.000000 0.000000 0.000000
31.000000 291.188770 10.371767 -1.017519 2.417724 0.000000 0.000000 0.000000 1.000000 0.000000 0.000000
31.000000 291.191586 10.497955 -1.087145 2.453606 0.000000 0.000000 0.000000 1.000000 0.000000 0.000000
31.000000 291.191865 10.504223 -1.102803 2.440473 0.000000 0.000000 0.000000 1.000000 0.000000 0.000000
31.000000 291.194903 10.568986 -1.134779 2.446560 0.000000 0.000000 0.000000 1.000000 0.000000 0.000000
31.000000 291.196662 10.666297 -1.057173 2.442863 0.000000 0.000000 0.000000 1.000000 0.000000 0.000000
31.000000 291.197429 10.613355 -1.049416 2.401482 0.000000 0.000000 0.000000 1.000000 0.000000 0.000000
31.000000 291.198818 10.290356 -1.022903 2.372551 0.000000 0.000000 0.000000 1.000000 0.000000 0.000000
31.000000 291.201538 10.406014 -1.090513 2.409612 0.000000 0.000000 0.000000 1.000000 0.000000 0.000000
31.000000 291.201872 10.446842 -1.110335 2.394162 0.000000 0.000000 0.000000 1.000000 0.000000 0.000000
31.000000 291.205010 10.495912 -1.134610 2.402177 0.000000 0.000000 0.000000 1.000000 0.000000 0.000000
31.000000 291.206574 10.561365 -1.073785 2.397904 0.000000 0.000000 0.000000 1.000000 0.000000 0.000000
31.000000 291.207390 10.529245 -1.059075 2.364839 0.000000 0.000000 0.000000 1.000000 0.000000 0.000000
31.000000 291.208657 10.255972 -1.036301 2.337556 0.000000 0.000000 0.000000 1.000000 0.000000 0.000000
31.000000 291.211568 10.363574 -1.101716 2.362568 0.000000 0.000000 0.000000 1.000000 0.000000 0.000000
31.000000 291.211893 10.345752 -1.119634 2.352953 0.000000 0.000000 0.000000 1.000000 0.000000 0.000000
31.000000 291.214929 10.396400 -1.145173 2.356966 0.000000 0.000000 0.000000 1.000000 0.000000 0.000000
31.000000 291.216753 10.468263 -1.079097 2.348652 0.000000 0.000000 0.000000 1.000000 0.000000 0.000000
31.000000 291.217448 10.438986 -1.061059 2.320330 0.000000 0.000000 0.000000 1.000000 0.000000 0.000000
31.000000 291.218873 10.084272 -1.031383 2.288974 0.000000 0.000000 0.000000 1.000000 0.000000 0.000000
31.000000 291.221709 10.210746 -1.101192 2.321805 0.000000 0.000000 0.000000 1.000000 0.000000 0.000000
31.000000 291.221916 10.237465 -1.119488 2.309692 0.000000 0.000000 0.000000 1.000000 0.000000 0.000000
31.000000 291.225016 10.299243 -1.150709 2.314384 0.000000 0.000000 0.000000 1.000000 0.000000 0.000000
31.000000 291.226600 10.420814 -1.077025 2.298381 0.000000 0.000000 0.000000 1.000000 0.000000 0.000000
31.000000 291.227389 10.395826 -1.072748 2.273501 0.000000 0.000000 0.000000 1.000000 0.000000 0.000000
31.000000 291.228740 10.005738 -1.040407 2.246575 0.000000 0.000000 0.000000 1.000000 0.000000 0.000000
31.000000 291.231688 10.122832 -1.109587 2.277671 0.000000 0.000000 0.000000 1.000000 0.000000 0.000000
31.000000 291.231963 10.160090 -1.131548 2.264931 0.000000 0.000000 0.000000 1.000000 0.000000 0.000000
31.000000 291.234958 10.208758 -1.156168 2.272757 0.000000 0.000000 0.000000 1.000000 0.000000 0.000000
31.000000 291.236723 10.316825 -1.057441 2.261350 0.000000 0.000000 0.000000 1.000000 0.000000 0.000000
31.000000 291.237432 10.164856 -1.074862 2.224112 0.000000 0.000000 0.000000 1.000000 0.000000 0.000000
31.000000 291.238860 9.931787 -1.056043 2.202313 0.000000 0.000000 0.000000 1.000000 0.000000 0.000000
31.000000 291.241704 10.029439 -1.114432 2.228909 0.000000 0.000000 0.000000 1.000000 0.000000 0.000000
31.000000 291.241867 10.048014 -1.132956 2.222893 0.000000 0.000000 0.000000 1.000000 0.000000 0.000000
31.000000 291.245003 10.114308 -1.166944 2.228350 0.000000 0.000000 0.000000 1.000000 0.000000 0.000000
31.000000 291.246588 10.233468 -1.068414 2.213850 0.000000 0.000000 0.000000 1.000000 0.000000 0.000000
31.000000 291.247377 10.131649 -1.070929 2.181082 0.000000 0.000000 0.000000 1.000000 0.000000 0.000000
31.000000 291.248694 9.780683 -1.042243 2.148128 0.000000 0.000000 0.000000 1.000000 0.000000 0.000000
31.000000 291.251619 9.943258 -1.125175 2.186455 0.000000 0.000000 0.000000 1.000000 0.000000 0.000000
31.000000 291.251953 9.964679 -1.143232 2.177438 0.000000 0.000000 0.000000 1.000000 0.000000 0.000000
31.000000 291.254944 10.020051 -1.171428 2.185084 0.000000 0.000000 0.000000 1.000000 0.000000 0.000000
31.000000 291.256661 9.969649 -1.173004 2.200316 0.000000 0.000000 0.000000 1.000000 0.000000 0.000000
31.000000 291.257531 10.125270 -1.089978 2.172371 0.000000 0.000000 0.000000 1.000000 0.000000 0.000000
31.000000 291.258932 9.742046 -1.059100 2.106892 0.000000 0.000000 0.000000 1.000000 0.000000 0.000000
31.000000 291.261623 9.885367 -1.132888 2.138774 0.000000 0.000000 0.000000 1.000000 0.000000 0.000000
31.000000 291.261977 9.886355 -1.148610 2.127950 0.000000 0.000000 0.000000 1.000000 0.000000 0.000000
31.000000 291.264989 9.936875 -1.174288 2.134210 0.000000 0.000000 0.000000 1.000000 0.000000 0.000000
31.000000 291.266658 9.896889 -1.171789 2.152526 0.000000 0.000000 0.000000 1.000000 0.000000 0.000000
31.000000 291.267401 10.038228 -1.095721 2.120618 0.000000 0.000000 0.000000 1.000000 0.000000 0.000000
31.000000 291.268939 9.630985 -1.063656 2.054596 0.000000 0.000000 0.000000 1.000000 0.000000 0.000000
31.000000 291.271535 9.777989 -1.136528 2.095788 0.000000 0.000000 0.000000 1.000000 0.000000 0.000000
31.000000 291.271893 9.783745 -1.150216 2.084871 0.000000 0.000000 0.000000 1.000000 0.000000 0.000000
31.000000 291.274954 9.854706 -1.187588 2.080417 0.000000 0.000000 0.000000 1.000000 0.000000 0.000000
31.000000 291.276661 9.952962 -1.111970 2.070769 0.000000 0.000000 0.000000 1.000000 0.000000 0.000000
31.000000 291.277402 9.910757 -1.102779 2.047757 0.000000 0.000000 0.000000 1.000000 0.000000 0.000000
31.000000 291.278828 9.564021 -1.075015 2.015084 0.000000 0.000000 0.000000 1.000000 0.000000 0.000000
31.000000 291.281685 9.693260 -1.143973 2.047385 0.000000 0.000000 0.000000 1.000000 0.000000 0.000000
31.000000 291.281929 9.678290 -1.159485 2.039694 0.000000 0.000000 0.000000 1.000000 0.000000 0.000000
31.000000 291.285053 9.739372 -1.191951 2.036533 0.000000 0.000000 0.000000 1.000000 0.000000 0.000000
31.000000 291.286578 9.815422 -1.134811 2.025822 0.000000 0.000000 0.000000 1.000000 0.000000 0.000000
31.000000 291.287405 9.832267 -1.110258 2.001191 0.000000 0.000000 0.000000 1.000000 0.000000 0.000000
31.000000 291.288739 9.478598 -1.082655 1.964492 0.000000 0.000000 0.000000 1.000000 0.000000 0.000000
31.000000 291.291527 9.594470 -1.147471 1.999782 0.000000 0.000000 0.000000 1.000000 0.000000 0.000000
31.000000 291.292084 9.575669 -1.163387 1.994159 0.000000 0.000000 0.000000 1.000000 0.000000 0.000000
31.000000 291.294933 9.642303 -1.199195 1.989369 0.000000 0.000000 0.000000 1.000000 0.000000 0.000000
31.000000 291.296660 9.755166 -1.098231 1.974971 0.000000 0.000000 0.000000 1.000000 0.000000 0.000000
31.000000 291.297379 9.604200 -1.116326 1.935993 0.000000 0.000000 0.000000 1.000000 0.000000 0.000000
31.000000 291.298863 9.416649 -1.102390 1.915042 0.000000 0.000000 0.000000 1.000000 0.000000 0.000000
31.000000 291.301655 9.490539 -1.147435 1.945433 0.000000 0.000000 0.000000 1.000000 0.000000 0.000000
31.000000 291.301999 9.490405 -1.161586 1.937015 0.000000 0.000000 0.000000 1.000000 0.000000 0.000000
31.000000 291.305183 9.565507 -1.202155 1.929485 0.000000 0.000000 0.000000 1.000000 0.000000 0.000000
31.000000 291.306570 9.631542 -1.150971 1.920521 0.000000 0.000000 0.000000 1.000000 0.000000 0.000000
31.000000 291.307393 9.676993 -1.116334 1.899886 0.000000 0.000000 0.000000 1.000000 0.000000 0.000000
31.000000 291.308747 9.263896 -1.083487 1.843007 0.000000 0.000000 0.000000 1.000000 0.000000 0.000000
31.000000 291.311562 9.448718 -1.166829 1.883251 0.000000 0.000000 0.000000 1.000000 0.000000 0.000000
31.000000 291.312061 9.427459 -1.176992 1.882784 0.000000 0.000000 0.000000 1.000000 0.000000 0.000000
31.000000 291.314961 9.483889 -1.207270 1.881310 0.000000 0.000000 0.000000 1.000000 0.000000 0.000000
31.000000 291.316676 9.575273 -1.113950 1.875311 0.000000 0.000000 0.000000 1.000000 0.000000 0.000000
31.000000 291.317447 9.467955 -1.111867 1.839709 0.000000 0.000000 0.000000 1.000000 0.000000 0.000000
31.000000 291.318839 9.175983 -1.089802 1.802267 0.000000 0.000000 0.000000 1.000000 0.000000 0.000000
31.000000 291.321643 9.329600 -1.168218 1.842052 0.000000 0.000000 0.000000 1.000000 0.000000 0.000000
31.000000 291.322030 9.339741 -1.186589 1.827926 0.000000 0.000000 0.000000 1.000000 0.000000 0.000000
31.000000 291.325002 9.385093 -1.210918 1.827642 0.000000 0.000000 0.000000 1.000000 0.000000 0.000000
31.000000 291.326743 9.484456 -1.130899 1.817280 0.000000 0.000000 0.000000 1.000000 0.000000 0.000000
31.000000 291.327438 9.410320 -1.132395 1.784632 0.000000 0.000000 0.000000 1.000000 0.000000 0.000000
31.000000 291.328810 9.128532 -1.111200 1.749344 0.000000 0.000000 0.000000 1.000000 0.000000 0.000000
31.000000 291.331485 9.242408 -1.171887 1.783905 0.000000 0.000000 0.000000 1.000000 0.000000 0.000000
31.000000 291.331958 9.240314 -1.187156 1.778183 0.000000 0.000000 0.000000 1.000000 0.000000 0.000000
31.000000 291.335153 9.296458 -1.217970 1.773985 0.000000 0.000000 0.000000 1.000000 0.000000 0.000000
31.000000 291.336715 9.390956 -1.151657 1.756516 0.000000 0.000000 0.000000 1.000000 0.000000 0.000000
31.000000 291.337380 9.407448 -1.128031 1.742726 0.000000 0.000000 0.000000 1.000000 0.000000 0.000000
31.000000 291.338846 8.969028 -1.093869 1.691650 0.000000 0.000000 0.000000 1.000000 0.000000 0.000000
31.000000 291.341765 9.144090 -1.174133 1.732289 0.000000 0.000000 0.000000 1.000000 0.000000 0.000000
31.000000 291.342024 9.125234 -1.185812 1.727224 0.000000 0.000000 0.000000 1.000000 0.000000 0.000000
31.000000 291.345227 9.200942 -1.227495 1.719744 0.000000 0.000000 0.000000 1.000000 0.000000 0.000000
31.000000 291.346646 9.336554 -1.139663 1.699878 0.000000 0.000000 0.000000 1.000000 0.000000 0.000000
31.000000 291.347477 9.292320 -1.139007 1.679216 0.000000 0.000000 0.000000 1.000000 0.000000 0.000000
31.000000 291.348895 8.903037 -1.109286 1.636934 0.000000 0.000000 0.000000 1.000000 0.000000 0.000000
31.000000 291.351633 9.061785 -1.181106 1.679688 0.000000 0.000000 0.000000 1.000000 0.000000 0.000000
31.000000 291.352062 9.041515 -1.190498 1.675384 0.000000 0.000000 0.000000 1.000000 0.000000 0.000000
31.000000 291.355091 9.119477 -1.234071 1.663406 0.000000 0.000000 0.000000 1.000000 0.000000 0.000000
31.000000 291.356708 9.217390 -1.132359 1.656865 0.000000 0.000000 0.000000 1.000000 0.000000 0.000000
31.000000 291.357569 9.099916 -1.129744 1.622737 0.000000 0.000000 0.000000 1.000000 0.000000 0.000000
31.000000 291.358897 8.792436 -1.106624 1.573608 0.000000 0.000000 0.000000 1.000000 0.000000 0.000000
31.000000 291.361625 8.979219 -1.189281 1.617831 0.000000 0.000000 0.000000 1.000000 0.000000 0.000000
31.000000 291.361991 8.978782 -1.201215 1.609769 0.000000 0.000000 0.000000 1.000000 0.000000 0.000000
31.000000 291.365152 9.036937 -1.233915 1.600737 0.000000 0.000000 0.000000 1.000000 0.000000 0.000000
31.000000 291.366614 9.116321 -1.174426 1.588186 0.000000 0.000000 0.000000 1.000000 0.000000 0.000000
31.000000 291.367560 9.085628 -1.169255 1.567050 0.000000 0.000000 0.000000 1.000000 0.000000 0.000000
31.000000 291.368814 8.809182 -1.148976 1.535045 0.000000 0.000000 0.000000 1.000000 0.000000 0.000000
31.000000 291.371532 8.882446 -1.191404 1.563720 0.000000 0.000000 0.000000 1.000000 0.000000 0.000000
31.000000 291.372038 8.868245 -1.203473 1.550003 0.000000 0.000000 0.000000 1.000000 0.000000 0.000000
31.000000 291.375193 8.936360 -1.242611 1.532227 0.000000 0.000000 0.000000 1.000000 0.000000 0.000000
31.000000 291.376664 8.957111 -1.219996 1.532856 0.000000 0.000000 0.000000 1.000000 0.000000 0.000000
31.000000 291.377414 9.088169 -1.157935 1.532224 0.000000 0.000000 0.000000 1.000000 0.000000 0.000000
31.000000 291.378947 8.633671 -1.123412 1.466026 0.000000 0.000000 0.000000 1.000000 0.000000 0.000000
31.000000 291.381604 8.784832 -1.196059 1.497394 0.000000 0.000000 0.000000 1.000000 0.000000 0.000000
31.000000 291.381951 8.796916 -1.213046 1.497805 0.000000 0.000000 0.000000 1.000000 0.000000 0.000000
31.000000 291.385338 8.860343 -1.249029 1.493293 0.000000 0.000000 0.000000 1.000000 0.000000 0.000000
31.000000 291.386657 8.935662 -1.213378 1.468561 0.000000 0.000000 0.000000 1.000000 0.000000 0.000000
31.000000 291.387369 9.055833 -1.170932 1.465758 0.000000 0.000000 0.000000 1.000000 0.000000 0.000000
31.000000 291.388802 8.547587 -1.133015 1.400836 0.000000 0.000000 0.000000 1.000000 0.000000 0.000000
31.000000 291.391593 8.730607 -1.209814 1.448671 0.000000 0.000000 0.000000 1.000000 0.000000 0.000000
31.000000 291.391999 8.683971 -1.214684 1.450126 0.000000 0.000000 0.000000 1.000000 0.000000 0.000000
31.000000 291.395135 8.749271 -1.252163 1.437816 0.000000 0.000000 0.000000 1.000000 0.000000 0.000000
31.000000 291.396753 8.858828 -1.204707 1.415209 0.000000 0.000000 0.000000 1.000000 0.000000 0.000000
31.000000 291.397540 8.979428 -1.166687 1.416714 0.000000 0.000000 0.000000 1.000000 0.000000 0.000000
31.000000 291.398861 8.421957 -1.124844 1.345580 0.000000 0.000000 0.000000 1.000000 0.000000 0.000000
31.000000 291.401654 8.633078 -1.214048 1.392308 0.000000 0.000000 0.000000 1.000000 0.000000 0.000000
31.000000 291.401910 8.614699 -1.224076 1.392370 0.000000 0.000000 0.000000 1.000000 0.000000 0.000000
31.000000 291.405174 8.671724 -1.257440 1.380152 0.000000 0.000000 0.000000 1.000000 0.000000 0.000000
31.000000 291.406646 8.736929 -1.230018 1.359378 0.000000 0.000000 0.000000 1.000000 0.000000 0.000000
31.000000 291.407413 8.854929 -1.192166 1.350442 0.000000 0.000000 0.000000 1.000000 0.000000 0.000000
31.000000 291.408788 8.427116 -1.160952 1.285771 0.000000 0.000000 0.000000 1.000000 0.000000 0.000000
31.000000 291.411563 8.562495 -1.219662 1.323938 0.000000 0.000000 0.000000 1.000000 0.000000 0.000000
31.000000 291.411935 8.535174 -1.225993 1.327633 0.000000 0.000000 0.000000 1.000000 0.000000 0.000000
31.000000 291.415106 8.592287 -1.259533 1.315213 0.000000 0.000000 0.000000 1.000000 0.000000 0.000000
31.000000 291.416733 8.685651 -1.207548 1.290093 0.000000 0.000000 0.000000 1.000000 0.000000 0.000000
31.000000 291.417469 8.769958 -1.173067 1.288275 0.000000 0.000000 0.000000 1.000000 0.000000 0.000000
31.000000 291.418992 8.237995 -1.133841 1.217525 0.000000 0.000000 0.000000 1.000000 0.000000 0.000000
31.000000 291.421547 8.463659 -1.225633 1.270309 0.000000 0.000000 0.000000 1.000000 0.000000 0.000000
31.000000 291.421997 8.445909 -1.233736 1.264429 0.000000 0.000000 0.000000 1.000000 0.000000 0.000000
31.000000 291.425148 8.504393 -1.268561 1.247635 0.000000 0.000000 0.000000 1.000000 0.000000 0.000000
31.000000 291.426697 8.565953 -1.217508 1.236544 0.000000 0.000000 0.000000 1.000000 0.000000 0.000000
31.000000 291.427399 8.592679 -1.190975 1.220264 0.000000 0.000000 0.000000 1.000000 0.000000 0.000000
31.000000 291.428878 8.220167 -1.164420 1.162586 0.000000 0.000000 0.000000 1.000000 0.000000 0.000000
31.000000 291.431563 8.376185 -1.229851 1.207377 0.000000 0.000000 0.000000 1.000000 0.000000 0.000000
31.000000 291.432019 8.350621 -1.235961 1.210323 0.000000 0.000000 0.000000 1.000000 0.000000 0.000000
31.000000 291.435073 8.416127 -1.275034 1.194404 0.000000 0.000000 0.000000 1.000000 0.000000 0.000000
31.000000 291.436733 8.474593 -1.211175 1.184119 0.000000 0.000000 0.000000 1.000000 0.000000 0.000000
31.000000 291.437367 8.471775 -1.182557 1.170280 0.000000 0.000000 0.000000 1.000000 0.000000 0.000000
31.000000 291.439065 8.091915 -1.155210 1.108812 0.000000 0.000000 0.000000 1.000000 0.000000 0.000000
31.000000 291.441649 8.273526 -1.231842 1.152318 0.000000 0.000000 0.000000 1.000000 0.000000 0.000000
31.000000 291.441992 8.268953 -1.242361 1.145909 0.000000 0.000000 0.000000 1.000000 0.000000 0.000000
31.000000 291.445243 8.327485 -1.277752 1.129009 0.000000 0.000000 0.000000 1.000000 0.000000 0.000000
31.000000 291.446666 8.375209 -1.249303 1.115085 0.000000 0.000000 0.000000 1.000000 0.000000 0.000000
31.000000 291.447382 8.487769 -1.204857 1.110922 0.000000 0.000000 0.000000 1.000000 0.000000 0.000000
31.000000 291.448886 8.042258 -1.173423 1.043973 0.000000 0.000000 0.000000 1.000000 0.000000 0.000000
31.000000 291.451512 8.206444 -1.244857 1.089296 0.000000 0.000000 0.000000 1.000000 0.000000 0.000000
31.000000 291.452004 8.189376 -1.255064 1.087958 0.000000 0.000000 0.000000 1.000000 0.000000 0.000000
31.000000 291.455095 8.235937 -1.284127 1.070276 0.000000 0.000000 0.000000 1.000000 0.000000 0.000000
31.000000 291.456698 8.296969 -1.238403 1.048161 0.000000 0.000000 0.000000 1.000000 0.000000 0.000000
31.000000 291.457387 8.379968 -1.196109 1.051942 0.000000 0.000000 0.000000 1.000000 0.000000 0.000000
31.000000 291.458900 7.934028 -1.163921 0.981073 0.000000 0.000000 0.000000 1.000000 0.000000 0.000000
31.000000 291.461701 8.133056 -1.247799 1.019523 0.000000 0.000000 0.000000 1.000000 0.000000 0.000000
31.000000 291.462015 8.097886 -1.257846 1.020694 0.000000 0.000000 0.000000 1.000000 0.000000 0.000000
31.000000 291.465219 8.153195 -1.292196 1.001534 0.000000 0.000000 0.000000 1.000000 0.000000 0.000000
31.000000 291.466680 8.204097 -1.247047 0.985704 0.000000 0.000000 0.000000 1.000000 0.000000 0.000000
31.000000 291.467446 8.267965 -1.207990 0.979645 0.000000 0.000000 0.000000 1.000000 0.000000 0.000000
31.000000 291.468841 7.845326 -1.178512 0.913384 0.000000 0.000000 0.000000 1.000000 0.000000 0.000000
31.000000 291.471538 8.022998 -1.252953 0.960987 0.000000 0.000000 0.000000 1.000000 0.000000 0.000000
31.000000 291.471989 8.003758 -1.262006 0.961041 0.000000 0.000000 0.000000 1.000000 0.000000 0.000000
31.000000 291.475332 8.062326 -1.298699 0.940425 0.000000 0.000000 0.000000 1.000000 0.000000 0.000000
31.000000 291.476775 8.113781 -1.254087 0.922561 0.000000 0.000000 0.000000 1.000000 0.000000 0.000000
31.000000 291.477428 8.191307 -1.210599 0.925262 0.000000 0.000000 0.000000 1.000000 0.000000 0.000000
31.000000 291.478969 7.736777 -1.178437 0.849503 0.000000 0.000000 0.000000 1.000000 0.000000 0.000000
31.000000 291.481611 7.947272 -1.262166 0.893693 0.000000 0.000000 0.000000 1.000000 0.000000 0.000000
31.000000 291.481983 7.940348 -1.271437 0.890335 0.000000 0.000000 0.000000 1.000000 0.000000 0.000000
31.000000 291.485149 7.980802 -1.297776 0.870547 0.000000 0.000000 0.000000 1.000000 0.000000 0.000000
31.000000 291.486653 8.020789 -1.259505 0.852346 0.000000 0.000000 0.000000 1.000000 0.000000 0.000000
31.000000 291.487458 8.061063 -1.231115 0.846600 0.000000 0.000000 0.000000 1.000000 0.000000 0.000000
31.000000 291.488837 7.726838 -1.208201 0.792230 0.000000 0.000000 0.000000 1.000000 0.000000 0.000000
31.000000 291.491607 7.861541 -1.267570 0.827914 0.000000 0.000000 0.000000 1.000000 0.000000 0.000000
31.000000 291.491992 7.850470 -1.278017 0.823511 0.000000 0.000000 0.000000 1.000000 0.000000 0.000000
31.000000 291.495015 7.897736 -1.308656 0.801980 0.000000 0.000000 0.000000 1.000000 0.000000 0.000000
31.000000 291.496738 7.968699 -1.237682 0.779552 0.000000 0.000000 0.000000 1.000000 0.000000 0.000000
31.000000 291.497470 7.931551 -1.222871 0.773612 0.000000 0.000000 0.000000 1.000000 0.000000 0.000000
31.000000 291.498938 7.596659 -1.199693 0.720409 0.000000 0.000000 0.000000 1.000000 0.000000 0.000000
31.000000 291.501618 7.784761 -1.277389 0.760061 0.000000 0.000000 0.000000 1.000000 0.000000 0.000000
31.000000 291.502030 7.762234 -1.287426 0.756549 0.000000 0.000000 0.000000 1.000000 0.000000 0.000000
31.000000 291.505110 7.796447 -1.310422 0.736363 0.000000 0.000000 0.000000 1.000000 0.000000 0.000000
31.000000 291.506740 7.856181 -1.249632 0.715904 0.000000 0.000000 0.000000 1.000000 0.000000 0.000000
31.000000 291.507436 7.869589 -1.220289 0.713568 0.000000 0.000000 0.000000 1.000000 0.000000 0.000000
31.000000 291.508942 7.501513 -1.194686 0.646201 0.000000 0.000000 0.000000 1.000000 0.000000 0.000000
31.000000 291.511555 7.713181 -1.279593 0.687197 0.000000 0.000000 0.000000 1.000000 0.000000 0.000000
31.000000 291.512004 7.685844 -1.288866 0.686981 0.000000 0.000000 0.000000 1.000000 0.000000 0.000000
31.000000 291.515110 7.723533 -1.314488 0.664235 0.000000 0.000000 0.000000 1.000000 0.000000 0.000000
31.000000 291.516755 7.757836 -1.276888 0.646552 0.000000 0.000000 0.000000 1.000000 0.000000 0.000000
31.000000 291.517394 7.812030 -1.241851 0.643819 0.000000 0.000000 0.000000 1.000000 0.000000 0.000000
31.000000 291.518978 7.453526 -1.218004 0.586200 0.000000 0.000000 0.000000 1.000000 0.000000 0.000000
31.000000 291.521610 7.594605 -1.278354 0.628917 0.000000 0.000000 0.000000 1.000000 0.000000 0.000000
31.000000 291.522026 7.589242 -1.288391 0.623904 0.000000 0.000000 0.000000 1.000000 0.000000 0.000000
31.000000 291.525163 7.637859 -1.320939 0.598912 0.000000 0.000000 0.000000 1.000000 0.000000 0.000000
31.000000 291.526693 7.676930 -1.283029 0.579821 0.000000 0.000000 0.000000 1.000000 0.000000 0.000000
31.000000 291.527455 7.740647 -1.246575 0.580366 0.000000 0.000000 0.000000 1.000000 0.000000 0.000000
31.000000 291.528905 7.345250 -1.220162 0.513987 0.000000 0.000000 0.000000 1.000000 0.000000 0.000000
31.000000 291.531545 7.512763 -1.288312 0.558604 0.000000 0.000000 0.000000 1.000000 0.000000 0.000000
31.000000 291.531999 7.506275 -1.297710 0.552948 0.000000 0.000000 0.000000 1.000000 0.000000 0.000000
31.000000 291.535092 7.552816 -1.330865 0.518521 0.000000 0.000000 0.000000 1.000000 0.000000 0.000000
31.000000 291.536699 7.550479 -1.299724 0.507182 0.000000 0.000000 0.000000 1.000000 0.000000 0.000000
31.000000 291.537431 7.614262 -1.249959 0.507524 0.000000 0.000000 0.000000 1.000000 0.000000 0.000000
31.000000 291.538925 7.253355 -1.226044 0.438470 0.000000 0.000000 0.000000 1.000000 0.000000 0.000000
31.000000 291.541643 7.434777 -1.293994 0.486538 0.000000 0.000000 0.000000 1.000000 0.000000 0.000000
31.000000 291.541963 7.401291 -1.296576 0.494117 0.000000 0.000000 0.000000 1.000000 0.000000 0.000000
31.000000 291.545136 7.462829 -1.338850 0.459703 0.000000 0.000000 0.000000 1.000000 0.000000 0.000000
31.000000 291.546716 7.500844 -1.306653 0.433797 0.000000 0.000000 0.000000 1.000000 0.000000 0.000000
31.000000 291.547470 7.604607 -1.261258 0.442877 0.000000 0.000000 0.000000 1.000000 0.000000 0.000000
31.000000 291.548878 7.183432 -1.233404 0.369528 0.000000 0.000000 0.000000 1.000000 0.000000 0.000000
31.000000 291.551570 7.362734 -1.303073 0.415014 0.000000 0.000000 0.000000 1.000000 0.000000 0.000000
31.000000 291.552027 7.334791 -1.308772 0.414171 0.000000 0.000000 0.000000 1.000000 0.000000 0.000000
31.000000 291.555076 7.381029 -1.341862 0.380755 0.000000 0.000000 0.000000 1.000000 0.000000 0.000000
31.000000 291.557015 7.425395 -1.306126 0.354280 0.000000 0.000000 0.000000 1.000000 0.000000 0.000000
31.000000 291.557435 7.521405 -1.263543 0.363984 0.000000 0.000000 0.000000 1.000000 0.000000 0.000000
31.000000 291.559015 7.048622 -1.232159 0.275203 0.000000 0.000000 0.000000 1.000000 0.000000 0.000000
31.000000 291.561725 7.302768 -1.318154 0.332305 0.000000 0.000000 0.000000 1.000000 0.000000 0.000000
31.000000 291.562015 7.248616 -1.313849 0.344572 0.000000 0.000000 0.000000 1.000000 0.000000 0.000000
31.000000 291.565189 7.295743 -1.348062 0.309215 0.000000 0.000000 0.000000 1.000000 0.000000 0.000000
31.000000 291.566684 7.341204 -1.300309 0.282305 0.000000 0.000000 0.000000 1.000000 0.000000 0.000000
31.000000 291.567441 7.366450 -1.274146 0.278419 0.000000 0.000000 0.000000 1.000000 0.000000 0.000000
31.000000 291.568872 7.042638 -1.253436 0.221925 0.000000 0.000000 0.000000 1.000000 0.000000 0.000000
31.000000 291.571556 7.198336 -1.313846 0.268045 0.000000 0.000000 0.000000 1.000000 0.000000 0.000000
31.000000 291.572053 7.166388 -1.317933 0.272971 0.000000 0.000000 0.000000 1.000000 0.000000 0.000000
31.000000 291.575118 7.211536 -1.351068 0.238919 0.000000 0.000000 0.000000 1.000000 0.000000 0.000000
31.000000 291.576710 7.232198 -1.316857 0.218583 0.000000 0.000000 0.000000 1.000000 0.000000 0.000000
31.000000 291.577505 7.296432 -1.276293 0.223615 0.000000 0.000000 0.000000 1.000000 0.000000 0.000000
31.000000 291.579008 6.946737 -1.253681 0.156728 0.000000 0.000000 0.000000 1.000000 0.000000 0.000000
31.000000 291.581646 7.108347 -1.317088 0.197865 0.000000 0.000000 0.000000 1.000000 0.000000 0.000000
31.000000 291.582015 7.078765 -1.323078 0.199221 0.000000 0.000000 0.000000 1.000000 0.000000 0.000000
31.000000 291.585278 7.128415 -1.359800 0.161089 0.000000 0.000000 0.000000 1.000000 0.000000 0.000000
31.000000 291.586697 7.151791 -1.330393 0.138548 0.000000 0.000000 0.000000 1.000000 0.000000 0.000000
31.000000 291.587494 7.213008 -1.296813 0.143590 0.000000 0.000000 0.000000 1.000000 0.000000 0.000000
31.000000 291.588927 6.874788 -1.275455 0.082800 0.000000 0.000000 0.000000 1.000000 0.000000 0.000000
31.000000 291.591594 7.023815 -1.329101 0.125960 0.000000 0.000000 0.000000 1.000000 0.000000 0.000000
31.000000 291.592069 6.997152 -1.329997 0.124778 0.000000 0.000000 0.000000 1.000000 0.000000 0.000000
31.000000 291.595102 7.039685 -1.362731 0.085627 0.000000 0.000000 0.000000 1.000000 0.000000 0.000000
31.000000 291.596746 7.059145 -1.356645 0.062298 0.000000 0.000000 0.000000 1.000000 0.000000 0.000000
31.000000 291.597496 7.235550 -1.300181 0.083571 0.000000 0.000000 0.000000 1.000000 0.000000 0.000000
31.000000 291.598981 6.771671 -1.270867 -0.001553 0.000000 0.000000 0.000000 1.000000 0.000000 0.000000
31.000000 291.601637 6.947389 -1.332843 0.048005 0.000000 0.000000 0.000000 1.000000 0.000000 0.000000
31.000000 291.602165 6.910452 -1.332448 0.053138 0.000000 0.000000 0.000000 1.000000 0.000000 0.000000
31.000000 291.605155 6.958628 -1.369367 0.011533 0.000000 0.000000 0.000000 1.000000 0.000000 0.000000
31.000000 291.606753 6.963943 -1.368011 -0.008381 0.000000 0.000000 0.000000 1.000000 0.000000 0.000000
31.000000 291.607482 7.167142 -1.298921 0.024450 0.000000 0.000000 0.000000 1.000000 0.000000 0.000000
31.000000 291.608864 6.691895 -1.269100 -0.057253 0.000000 0.000000 0.000000 1.000000 0.000000 0.000000
31.000000 291.611642 6.965705 -1.354530 0.016525 0.000000 0.000000 0.000000 1.000000 0.000000 0.000000
31.000000 291.612187 6.857402 -1.338702 0.054693 0.000000 0.000000 0.000000 1.000000 0.000000 0.000000
31.000000 291.615163 6.906214 -1.371416 0.036885 0.000000 0.000000 0.000000 1.000000 0.000000 0.000000
31.000000 291.616746 6.937313 -1.333699 0.032328 0.000000 0.000000 0.000000 1.000000 0.000000 0.000000
31.000000 291.617457 6.991444 -1.295230 0.051832 0.000000 0.000000 0.000000 1.000000 0.000000 0.000000
31.000000 291.619012 6.656922 -1.274858 0.010141 0.000000 0.000000 0.000000 1.000000 0.000000 0.000000
31.000000 291.621742 6.906592 -1.354821 0.080858 0.000000 0.000000 0.000000 1.000000 0.000000 0.000000
31.000000 291.622172 6.810107 -1.342318 0.112183 0.000000 0.000000 0.000000 1.000000 0.000000 0.000000
31.000000 291.625234 6.862038 -1.376957 0.094642 0.000000 0.000000 0.000000 1.000000 0.000000 0.000000
31.000000 291.626717 6.855827 -1.352675 0.108951 0.000000 0.000000 0.000000 1.000000 0.000000 0.000000
31.000000 291.627486 6.941032 -1.295261 0.128826 0.000000 0.000000 0.000000 1.000000 0.000000 0.000000
31.000000 291.628961 6.618406 -1.275357 0.078611 0.000000 0.000000 0.000000 1.000000 0.000000 0.000000
31.000000 291.631589 6.851485 -1.354086 0.141331 0.000000 0.000000 0.000000 1.000000 0.000000 0.000000
31.000000 291.632198 6.762322 -1.346748 0.171717 0.000000 0.000000 0.000000 1.000000 0.000000 0.000000
31.000000 291.635168 6.810883 -1.379253 0.156566 0.000000 0.000000 0.000000 1.000000 0.000000 0.000000
31.000000 291.636727 6.815234 -1.360591 0.161401 0.000000 0.000000 0.000000 1.000000 0.000000 0.000000
31.000000 291.637532 6.883951 -1.320517 0.176134 0.000000 0.000000 0.000000 1.000000 0.000000 0.000000
31.000000 291.638984 6.627154 -1.305278 0.144610 0.000000 0.000000 0.000000 1.000000 0.000000 0.000000
31.000000 291.641724 6.793447 -1.355481 0.198690 0.000000 0.000000 0.000000 1.000000 0.000000 0.000000
31.000000 291.642254 6.697558 -1.340689 0.228069 0.000000 0.000000 0.000000 1.000000 0.000000 0.000000
31.000000 291.645206 6.759716 -1.382516 0.207177 0.000000 0.000000 0.000000 1.000000 0.000000 0.000000
31.000000 291.646930 6.750132 -1.390865 0.219574 0.000000 0.000000 0.000000 1.000000 0.000000 0.000000
31.000000 291.647521 7.003645 -1.300450 0.254877 0.000000 0.000000 0.000000 1.000000 0.000000 0.000000
31.000000 291.648977 6.458367 -1.266948 0.166952 0.000000 0.000000 0.000000 1.000000 0.000000 0.000000
31.000000 291.651557 6.760323 -1.363152 0.249396 0.000000 0.000000 0.000000 1.000000 0.000000 0.000000
31.000000 291.652273 6.671106 -1.350924 0.279129 0.000000 0.000000 0.000000 1.000000 0.000000 0.000000
31.000000 291.655149 6.724587 -1.386961 0.262435 0.000000 0.000000 0.000000 1.000000 0.000000 0.000000
31.000000 291.656767 6.710512 -1.396962 0.273328 0.000000 0.000000 0.000000 1.000000 0.000000 0.000000
31.000000 291.657492 6.932522 -1.317012 0.312965 0.000000 0.000000 0.000000 1.000000 0.000000 0.000000
31.000000 291.659111 6.506328 -1.290631 0.244163 0.000000 0.000000 0.000000 1.000000 0.000000 0.000000
31.000000 291.661712 6.732357 -1.363739 0.295946 0.000000 0.000000 0.000000 1.000000 0.000000 0.000000
31.000000 291.662212 6.625977 -1.352466 0.333152 0.000000 0.000000 0.000000 1.000000 0.000000 0.000000
31.000000 291.665239 6.677287 -1.387019 0.318829 0.000000 0.000000 0.000000 1.000000 0.000000 0.000000
31.000000 291.666736 6.709807 -1.352711 0.314183 0.000000 0.000000 0.000000 1.000000 0.000000 0.000000
31.000000 291.667544 6.769771 -1.316467 0.335541 0.000000 0.000000 0.000000 1.000000 0.000000 0.000000
31.000000 291.669038 6.425173 -1.295719 0.294580 0.000000 0.000000 0.000000 1.000000 0.000000 0.000000
31.000000 291.671632 6.666984 -1.372286 0.354986 0.000000 0.000000 0.000000 1.000000 0.000000 0.000000
31.000000 291.672294 6.580377 -1.361304 0.384016 0.000000 0.000000 0.000000 1.000000 0.000000 0.000000
31.000000 291.675122 6.627157 -1.392759 0.371593 0.000000 0.000000 0.000000 1.000000 0.000000 0.000000
31.000000 291.676749 6.620403 -1.378180 0.384533 0.000000 0.000000 0.000000 1.000000 0.000000 0.000000
31.000000 291.677481 6.736909 -1.318706 0.402833 0.000000 0.000000 0.000000 1.000000 0.000000 0.000000
31.000000 291.679157 6.353551 -1.295793 0.346975 0.000000 0.000000 0.000000 1.000000 0.000000 0.000000
31.000000 291.681674 6.598093 -1.373220 0.413401 0.000000 0.000000 0.000000 1.000000 0.000000 0.000000
31.000000 291.682160 6.527700 -1.363604 0.437110 0.000000 0.000000 0.000000 1.000000 0.000000 0.000000
31.000000 291.685198 6.580851 -1.399491 0.423370 0.000000 0.000000 0.000000 1.000000 0.000000 0.000000
31.000000 291.686778 6.593981 -1.372050 0.430135 0.000000 0.000000 0.000000 1.000000 0.000000 0.000000
31.000000 291.687488 6.681506 -1.321721 0.449202 0.000000 0.000000 0.000000 1.000000 0.000000 0.000000
31.000000 291.689012 6.330699 -1.300601 0.400329 0.000000 0.000000 0.000000 1.000000 0.000000 0.000000
31.000000 291.691706 6.569036 -1.376621 0.459329 0.000000 0.000000 0.000000 1.000000 0.000000 0.000000
31.000000 291.692280 6.482912 -1.366464 0.487420 0.000000 0.000000 0.000000 1.000000 0.000000 0.000000
31.000000 291.695153 6.531796 -1.399603 0.474901 0.000000 0.000000 0.000000 1.000000 0.000000 0.000000
31.000000 291.696786 6.506613 -1.423542 0.488616 0.000000 0.000000 0.000000 1.000000 0.000000 0.000000
31.000000 291.697481 6.786897 -1.330205 0.520021 0.000000 0.000000 0.000000 1.000000 0.000000 0.000000
31.000000 291.699169 6.267006 -1.299209 0.440017 0.000000 0.000000 0.000000 1.000000 0.000000 0.000000
31.000000 291.701725 6.513897 -1.377903 0.507194 0.000000 0.000000 0.000000 1.000000 0.000000 0.000000
31.000000 291.702112 6.454117 -1.370028 0.524946 0.000000 0.000000 0.000000 1.000000 0.000000 0.000000
31.000000 291.705228 6.501426 -1.401635 0.515221 0.000000 0.000000 0.000000 1.000000 0.000000 0.000000
31.000000 291.707025 6.475269 -1.422008 0.534103 0.000000 0.000000 0.000000 1.000000 0.000000 0.000000
31.000000 291.707514 6.682765 -1.350295 0.558539 0.000000 0.000000 0.000000 1.000000 0.000000 0.000000
31.000000 291.708984 6.345083 -1.330354 0.508004 0.000000 0.000000 0.000000 1.000000 0.000000 0.000000
31.000000 291.711644 6.497737 -1.382900 0.549848 0.000000 0.000000 0.000000 1.000000 0.000000 0.000000
31.000000 291.712117 6.391784 -1.374429 0.583758 0.000000 0.000000 0.000000 1.000000 0.000000 0.000000
31.000000 291.715184 6.441587 -1.408230 0.572955 0.000000 0.000000 0.000000 1.000000 0.000000 0.000000
31.000000 291.716759 6.474685 -1.367870 0.573331 0.000000 0.000000 0.000000 1.000000 0.000000 0.000000
31.000000 291.717513 6.534989 -1.326944 0.585781 0.000000 0.000000 0.000000 1.000000 0.000000 0.000000
31.000000 291.719068 6.162470 -1.305011 0.538644 0.000000 0.000000 0.000000 1.000000 0.000000 0.000000
31.000000 291.721692 6.418552 -1.385614 0.603863 0.000000 0.000000 0.000000 1.000000 0.000000 0.000000
31.000000 291.722115 6.348863 -1.376332 0.628187 0.000000 0.000000 0.000000 1.000000 0.000000 0.000000
31.000000 291.725202 6.402356 -1.413637 0.612644 0.000000 0.000000 0.000000 1.000000 0.000000 0.000000
31.000000 291.726756 6.410983 -1.372329 0.622254 0.000000 0.000000 0.000000 1.000000 0.000000 0.000000
31.000000 291.727556 6.438978 -1.329531 0.630366 0.000000 0.000000 0.000000 1.000000 0.000000 0.000000
31.000000 291.728893 6.125526 -1.311183 0.586458 0.000000 0.000000 0.000000 1.000000 0.000000 0.000000
31.000000 291.731683 6.373451 -1.388203 0.648573 0.000000 0.000000 0.000000 1.000000 0.000000 0.000000
31.000000 291.732070 6.294888 -1.377271 0.675803 0.000000 0.000000 0.000000 1.000000 0.000000 0.000000
31.000000 291.735182 6.350852 -1.415575 0.664046 0.000000 0.000000 0.000000 1.000000 0.000000 0.000000
31.000000 291.737053 6.355044 -1.395754 0.674960 0.000000 0.000000 0.000000 1.000000 0.000000 0.000000
31.000000 291.737509 6.474683 -1.336985 0.687253 0.000000 0.000000 0.000000 1.000000 0.000000 0.000000
31.000000 291.739152 6.095099 -1.314891 0.632312 0.000000 0.000000 0.000000 1.000000 0.000000 0.000000
31.000000 291.741771 6.331117 -1.388712 0.693741 0.000000 0.000000 0.000000 1.000000 0.000000 0.000000
31.000000 291.742055 6.253578 -1.378346 0.717749 0.000000 0.000000 0.000000 1.000000 0.000000 0.000000
31.000000 291.745186 6.306356 -1.415022 0.704161 0.000000 0.000000 0.000000 1.000000 0.000000 0.000000
31.000000 291.746778 6.287316 -1.435725 0.715423 0.000000 0.000000 0.000000 1.000000 0.000000 0.000000
31.000000 291.747532 6.550908 -1.348684 0.750040 0.000000 0.000000 0.000000 1.000000 0.000000 0.000000
31.000000 291.748951 6.026924 -1.317807 0.679574 0.000000 0.000000 0.000000 1.000000 0.000000 0.000000
31.000000 291.751670 6.274079 -1.394217 0.738388 0.000000 0.000000 0.000000 1.000000 0.000000 0.000000
31.000000 291.752421 6.191251 -1.382923 0.764587 0.000000 0.000000 0.000000 1.000000 0.000000 0.000000
31.000000 291.755187 6.251705 -1.425307 0.748761 0.000000 0.000000 0.000000 1.000000 0.000000 0.000000
31.000000 291.756795 6.214817 -1.453579 0.766704 0.000000 0.000000 0.000000 1.000000 0.000000 0.000000
31.000000 291.757537 6.501829 -1.355259 0.805306 0.000000 0.000000 0.000000 1.000000 0.000000 0.000000
31.000000 291.759212 6.051336 -1.328519 0.737174 0.000000 0.000000 0.000000 1.000000 0.000000 0.000000
31.000000 291.761753 6.255001 -1.397392 0.776320 0.000000 0.000000 0.000000 1.000000 0.000000 0.000000
31.000000 291.762161 6.171859 -1.392644 0.802628 0.000000 0.000000 0.000000 1.000000 0.000000 0.000000
31.000000 291.765207 6.216967 -1.423362 0.796585 0.000000 0.000000 0.000000 1.000000 0.000000 0.000000
31.000000 291.767074 6.246357 -1.385859 0.800215 0.000000 0.000000 0.000000 1.000000 0.000000 0.000000
31.000000 291.767571 6.270618 -1.358619 0.806717 0.000000 0.000000 0.000000 1.000000 0.000000 0.000000
31.000000 291.769089 6.029185 -1.344911 0.781175 0.000000 0.000000 0.000000 1.000000 0.000000 0.000000
31.000000 291.771644 6.181516 -1.396105 0.822459 0.000000 0.000000 0.000000 1.000000 0.000000 0.000000
31.000000 291.772203 6.116616 -1.391396 0.845062 0.000000 0.000000 0.000000 1.000000 0.000000 0.000000
31.000000 291.775160 6.175378 -1.432159 0.834797 0.000000 0.000000 0.000000 1.000000 0.000000 0.000000
31.000000 291.776827 6.199813 -1.397752 0.839235 0.000000 0.000000 0.000000 1.000000 0.000000 0.000000
31.000000 291.777541 6.240351 -1.365037 0.847729 0.000000 0.000000 0.000000 1.000000 0.000000 0.000000
31.000000 291.779205 5.979497 -1.350126 0.816369 0.000000 0.000000 0.000000 1.000000 0.000000 0.000000
31.000000 291.781763 6.151474 -1.404317 0.858844 0.000000 0.000000 0.000000 1.000000 0.000000 0.000000
31.000000 291.782149 6.074554 -1.395481 0.885360 0.000000 0.000000 0.000000 1.000000 0.000000 0.000000
31.000000 291.785216 6.129962 -1.433956 0.876195 0.000000 0.000000 0.000000 1.000000 0.000000 0.000000
31.000000 291.786986 6.160246 -1.402420 0.877702 0.000000 0.000000 0.000000 1.000000 0.000000 0.000000
31.000000 291.787555 6.185582 -1.380716 0.885214 0.000000 0.000000 0.000000 1.000000 0.000000 0.000000
31.000000 291.789096 5.960418 -1.368043 0.863108 0.000000 0.000000 0.000000 1.000000 0.000000 0.000000
31.000000 291.791654 6.098729 -1.411107 0.898996 0.000000 0.000000 0.000000 1.000000 0.000000 0.000000
31.000000 291.792113 6.013189 -1.400859 0.930270 0.000000 0.000000 0.000000 1.000000 0.000000 0.000000
31.000000 291.795181 6.073408 -1.443233 0.919466 0.000000 0.000000 0.000000 1.000000 0.000000 0.000000
31.000000 291.796914 6.062412 -1.463278 0.924518 0.000000 0.000000 0.000000 1.000000 0.000000 0.000000
31.000000 291.797562 6.356814 -1.370101 0.953047 0.000000 0.000000 0.000000 1.000000 0.000000 0.000000
31.000000 291.798958 5.822410 -1.339427 0.881649 0.000000 0.000000 0.000000 1.000000 0.000000 0.000000
31.000000 291.801732 6.061737 -1.414203 0.937506 0.000000 0.000000 0.000000 1.000000 0.000000 0.000000
31.000000 291.802098 5.979413 -1.404325 0.964724 0.000000 0.000000 0.000000 1.000000 0.000000 0.000000
31.000000 291.805490 6.030494 -1.439966 0.957169 0.000000 0.000000 0.000000 1.000000 0.000000 0.000000
31.000000 291.806812 6.014375 -1.462597 0.967167 0.000000 0.000000 0.000000 1.000000 0.000000 0.000000
31.000000 291.807600 6.220772 -1.400361 0.973892 0.000000 0.000000 0.000000 1.000000 0.000000 0.000000
31.000000 291.808936 5.929736 -1.384058 0.923279 0.000000 0.000000 0.000000 1.000000 0.000000 0.000000
31.000000 291.811655 6.067049 -1.427447 0.955938 0.000000 0.000000 0.000000 1.000000 0.000000 0.000000
31.000000 291.812110 5.953460 -1.414724 0.994598 0.000000 0.000000 0.000000 1.000000 0.000000 0.000000
31.000000 291.815288 5.993463 -1.442196 0.992092 0.000000 0.000000 0.000000 1.000000 0.000000 0.000000
31.000000 291.816836 6.029019 -1.405295 0.992681 0.000000 0.000000 0.000000 1.000000 0.000000 0.000000
31.000000 291.817505 6.083037 -1.372210 0.999825 0.000000 0.000000 0.000000 1.000000 0.000000 0.000000
31.000000 291.819130 5.736688 -1.352528 0.956052 0.000000 0.000000 0.000000 1.000000 0.000000 0.000000
31.000000 291.821826 5.966721 -1.421125 1.006318 0.000000 0.000000 0.000000 1.000000 0.000000 0.000000
31.000000 291.822109 5.897169 -1.410164 1.033889 0.000000 0.000000 0.000000 1.000000 0.000000 0.000000
31.000000 291.825300 5.943178 -1.442075 1.030388 0.000000 0.000000 0.000000 1.000000 0.000000 0.000000
31.000000 291.826782 5.992909 -1.400543 1.024845 0.000000 0.000000 0.000000 1.000000 0.000000 0.000000
31.000000 291.827551 5.961696 -1.401322 1.019052 0.000000 0.000000 0.000000 1.000000 0.000000 0.000000
31.000000 291.829032 5.825302 -1.393952 1.008566 0.000000 0.000000 0.000000 1.000000 0.000000 0.000000
31.000000 291.831636 5.928787 -1.424996 1.039739 0.000000 0.000000 0.000000 1.000000 0.000000 0.000000
31.000000 291.832088 5.845290 -1.413866 1.069557 0.000000 0.000000 0.000000 1.000000 0.000000 0.000000
31.000000 291.835168 5.896112 -1.449271 1.065476 0.000000 0.000000 0.000000 1.000000 0.000000 0.000000
31.000000 291.836837 5.930229 -1.422942 1.065529 0.000000 0.000000 0.000000 1.000000 0.000000 0.000000
31.000000 291.837584 5.968081 -1.404334 1.061903 0.000000 0.000000 0.000000 1.000000 0.000000 0.000000
31.000000 291.839072 5.766462 -1.393601 1.041309 0.000000 0.000000 0.000000 1.000000 0.000000 0.000000
31.000000 291.841787 5.876400 -1.428044 1.077283 0.000000 0.000000 0.000000 1.000000 0.000000 0.000000
31.000000 291.842158 5.805535 -1.419454 1.099053 0.000000 0.000000 0.000000 1.000000 0.000000 0.000000
31.000000 291.845341 5.852322 -1.452002 1.095426 0.000000 0.000000 0.000000 1.000000 0.000000 0.000000
31.000000 291.846797 5.847520 -1.469484 1.104442 0.000000 0.000000 0.000000 1.000000 0.000000 0.000000
31.000000 291.847617 6.050130 -1.409551 1.115570 0.000000 0.000000 0.000000 1.000000 0.000000 0.000000
31.000000 291.848998 5.677044 -1.389043 1.067874 0.000000 0.000000 0.000000 1.000000 0.000000 0.000000
31.000000 291.851692 5.836342 -1.435284 1.108609 0.000000 0.000000 0.000000 1.000000 0.000000 0.000000
31.000000 291.852111 5.761927 -1.423318 1.132570 0.000000 0.000000 0.000000 1.000000 0.000000 0.000000
31.000000 291.855187 5.807228 -1.455043 1.128780 0.000000 0.000000 0.000000 1.000000 0.000000 0.000000
31.000000 291.857080 5.809953 -1.467208 1.134804 0.000000 0.000000 0.000000 1.000000 0.000000 0.000000
31.000000 291.857618 6.002426 -1.410479 1.145831 0.000000 0.000000 0.000000 1.000000 0.000000 0.000000
31.000000 291.859090 5.637795 -1.390170 1.093356 0.000000 0.000000 0.000000 1.000000 0.000000 0.000000
31.000000 291.861905 5.819795 -1.443376 1.129102 0.000000 0.000000 0.000000 1.000000 0.000000 0.000000
31.000000 291.862257 5.718236 -1.428656 1.162647 0.000000 0.000000 0.000000 1.000000 0.000000 0.000000
31.000000 291.865411 5.763386 -1.460506 1.159012 0.000000 0.000000 0.000000 1.000000 0.000000 0.000000
31.000000 291.866873 5.826111 -1.378394 1.165910 0.000000 0.000000 0.000000 1.000000 0.000000 0.000000
31.000000 291.867552 5.693647 -1.385654 1.149843 0.000000 0.000000 0.000000 1.000000 0.000000 0.000000
31.000000 291.869093 5.523861 -1.376727 1.123606 0.000000 0.000000 0.000000 1.000000 0.000000 0.000000
31.000000 291.871741 5.732046 -1.438558 1.171700 0.000000 0.000000 0.000000 1.000000 0.000000 0.000000
31.000000 291.872162 5.673647 -1.429264 1.194711 0.000000 0.000000 0.000000 1.000000 0.000000 0.000000
31.000000 291.875383 5.716486 -1.459120 1.194420 0.000000 0.000000 0.000000 1.000000 0.000000 0.000000
31.000000 291.876808 5.727036 -1.441085 1.205170 0.000000 0.000000 0.000000 1.000000 0.000000 0.000000
31.000000 291.877558 5.821857 -1.396938 1.211445 0.000000 0.000000 0.000000 1.000000 0.000000 0.000000
31.000000 291.879043 5.487538 -1.378323 1.162253 0.000000 0.000000 0.000000 1.000000 0.000000 0.000000
31.000000 291.881818 5.689303 -1.440118 1.199882 0.000000 0.000000 0.000000 1.000000 0.000000 0.000000
31.000000 291.882120 5.624399 -1.432483 1.225923 0.000000 0.000000 0.000000 1.000000 0.000000 0.000000
31.000000 291.885325 5.674098 -1.467586 1.224698 0.000000 0.000000 0.000000 1.000000 0.000000 0.000000
31.000000 291.886842 5.708493 -1.430994 1.227978 0.000000 0.000000 0.000000 1.000000 0.000000 0.000000
31.000000 291.887591 5.672681 -1.429617 1.218636 0.000000 0.000000 0.000000 1.000000 0.000000 0.000000
31.000000 291.889064 5.574001 -1.424663 1.210394 0.000000 0.000000 0.000000 1.000000 0.000000 0.000000
31.000000 291.891722 5.632152 -1.442971 1.235852 0.000000 0.000000 0.000000 1.000000 0.000000 0.000000
31.000000 291.892228 5.570305 -1.435483 1.255745 0.000000 0.000000 0.000000 1.000000 0.000000 0.000000
31.000000 291.895257 5.621346 -1.472133 1.251167 0.000000 0.000000 0.000000 1.000000 0.000000 0.000000
31.000000 291.896863 5.610961 -1.499183 1.257785 0.000000 0.000000 0.000000 1.000000 0.000000 0.000000
31.000000 291.897658 5.852681 -1.431333 1.269044 0.000000 0.000000 0.000000 1.000000 0.000000 0.000000
31.000000 291.899041 5.467785 -1.410905 1.225831 0.000000 0.000000 0.000000 1.000000 0.000000 0.000000
31.000000 291.901856 5.585941 -1.446842 1.261971 0.000000 0.000000 0.000000 1.000000 0.000000 0.000000
31.000000 291.902335 5.528658 -1.439233 1.283053 0.000000 0.000000 0.000000 1.000000 0.000000 0.000000
31.000000 291.905318 5.575698 -1.473045 1.280070 0.000000 0.000000 0.000000 1.000000 0.000000 0.000000
31.000000 291.906898 5.560867 -1.498395 1.287388 0.000000 0.000000 0.000000 1.000000 0.000000 0.000000
31.000000 291.908012 5.754274 -1.443684 1.298438 0.000000 0.000000 0.000000 1.000000 0.000000 0.000000
31.000000 291.909003 5.435209 -1.426469 1.252857 0.000000 0.000000 0.000000 1.000000 0.000000 0.000000
31.000000 291.911746 5.569042 -1.460969 1.277112 0.000000 0.000000 0.000000 1.000000 0.000000 0.000000
31.000000 291.912147 5.493459 -1.445897 1.308433 0.000000 0.000000 0.000000 1.000000 0.000000 0.000000
31.000000 291.915307 5.538690 -1.478201 1.307980 0.000000 0.000000 0.000000 1.000000 0.000000 0.000000
31.000000 291.916850 5.583679 -1.444821 1.303530 0.000000 0.000000 0.000000 1.000000 0.000000 0.000000
31.000000 291.917795 5.595516 -1.435917 1.301000 0.000000 0.000000 0.000000 1.000000 0.000000 0.000000
31.000000 291.919119 5.404739 -1.425887 1.283959 0.000000 0.000000 0.000000 1.000000 0.000000 0.000000
31.000000 291.921882 5.502430 -1.455303 1.311537 0.000000 0.000000 0.000000 1.000000 0.000000 0.000000
31.000000 291.922151 5.438731 -1.447017 1.336161 0.000000 0.000000 0.000000 1.000000 0.000000 0.000000
31.000000 291.925327 5.489162 -1.483885 1.332181 0.000000 0.000000 0.000000 1.000000 0.000000 0.000000
31.000000 291.926845 5.514645 -1.452623 1.337097 0.000000 0.000000 0.000000 1.000000 0.000000 0.000000
31.000000 291.927749 5.521214 -1.436593 1.335710 0.000000 0.000000 0.000000 1.000000 0.000000 0.000000
31.000000 291.929072 5.266930 -1.400050 1.308084 0.000000 0.000000 0.000000 1.000000 0.000000 0.000000
31.000000 291.931777 5.445619 -1.453459 1.335512 0.000000 0.000000 0.000000 1.000000 0.000000 0.000000
31.000000 291.932153 5.394677 -1.446835 1.358164 0.000000 0.000000 0.000000 1.000000 0.000000 0.000000
31.000000 291.935242 5.445187 -1.483469 1.356822 0.000000 0.000000 0.000000 1.000000 0.000000 0.000000
31.000000 291.936861 5.462346 -1.472069 1.358978 0.000000 0.000000 0.000000 1.000000 0.000000 0.000000
31.000000 291.937680 5.582553 -1.429090 1.374091 0.000000 0.000000 0.000000 1.000000 0.000000 0.000000
31.000000 291.939149 5.263831 -1.411860 1.336019 0.000000 0.000000 0.000000 1.000000 0.000000 0.000000
31.000000 291.941866 5.411967 -1.457312 1.358633 0.000000 0.000000 0.000000 1.000000 0.000000 0.000000
31.000000 291.942153 5.334179 -1.448551 1.385502 0.000000 0.000000 0.000000 1.000000 0.000000 0.000000
31.000000 291.945281 5.392469 -1.491401 1.381358 0.000000 0.000000 0.000000 1.000000 0.000000 0.000000
31.000000 291.947073 5.388998 -1.508177 1.386652 0.000000 0.000000 0.000000 1.000000 0.000000 0.000000
31.000000 291.947789 5.664379 -1.423844 1.410358 0.000000 0.000000 0.000000 1.000000 0.000000 0.000000
31.000000 291.949089 5.140383 -1.395401 1.349245 0.000000 0.000000 0.000000 1.000000 0.000000 0.000000
31.000000 291.951777 5.357552 -1.462028 1.386327 0.000000 0.000000 0.000000 1.000000 0.000000 0.000000
31.000000 291.952166 5.316141 -1.458256 1.403695 0.000000 0.000000 0.000000 1.000000 0.000000 0.000000
31.000000 291.955250 5.359656 -1.489948 1.403172 0.000000 0.000000 0.000000 1.000000 0.000000 0.000000
31.000000 291.956839 5.342424 -1.511760 1.411703 0.000000 0.000000 0.000000 1.000000 0.000000 0.000000
31.000000 291.957744 5.548531 -1.448662 1.423858 0.000000 0.000000 0.000000 1.000000 0.000000 0.000000
31.000000 291.959114 5.249383 -1.432744 1.383011 0.000000 0.000000 0.000000 1.000000 0.000000 0.000000
31.000000 291.961877 5.347220 -1.468455 1.398883 0.000000 0.000000 0.000000 1.000000 0.000000 0.000000
31.000000 291.962188 5.271783 -1.465152 1.422633 0.000000 0.000000 0.000000 1.000000 0.000000 0.000000
31.000000 291.965441 5.308933 -1.492040 1.423575 0.000000 0.000000 0.000000 1.000000 0.000000 0.000000
31.000000 291.966878 5.322552 -1.499095 1.420713 0.000000 0.000000 0.000000 1.000000 0.000000 0.000000
31.000000 291.967573 5.552199 -1.432573 1.436660 0.000000 0.000000 0.000000 1.000000 0.000000 0.000000
31.000000 291.969037 5.042353 -1.405612 1.386764 0.000000 0.000000 0.000000 1.000000 0.000000 0.000000
31.000000 291.971995 5.243826 -1.466727 1.430039 0.000000 0.000000 0.000000 1.000000 0.000000 0.000000
31.000000 291.972207 5.226233 -1.465044 1.441560 0.000000 0.000000 0.000000 1.000000 0.000000 0.000000
31.000000 291.975463 5.267425 -1.494913 1.443300 0.000000 0.000000 0.000000 1.000000 0.000000 0.000000
31.000000 291.976919 5.306715 -1.456747 1.445348 0.000000 0.000000 0.000000 1.000000 0.000000 0.000000
31.000000 291.977581 5.333271 -1.435778 1.448151 0.000000 0.000000 0.000000 1.000000 0.000000 0.000000
31.000000 291.979069 5.051820 -1.420968 1.417893 0.000000 0.000000 0.000000 1.000000 0.000000 0.000000
31.000000 291.982034 5.204923 -1.469502 1.448468 0.000000 0.000000 0.000000 1.000000 0.000000 0.000000
31.000000 291.982163 5.175369 -1.468463 1.463456 0.000000 0.000000 0.000000 1.000000 0.000000 0.000000
31.000000 291.985299 5.219835 -1.501098 1.464460 0.000000 0.000000 0.000000 1.000000 0.000000 0.000000
31.000000 291.986879 5.254341 -1.467746 1.466377 0.000000 0.000000 0.000000 1.000000 0.000000 0.000000
31.000000 291.988396 5.280112 -1.448741 1.467772 0.000000 0.000000 0.000000 1.000000 0.000000 0.000000
31.000000 291.989088 5.045302 -1.436517 1.442071 0.000000 0.000000 0.000000 1.000000 0.000000 0.000000
31.000000 291.991754 5.163404 -1.473435 1.467467 0.000000 0.000000 0.000000 1.000000 0.000000 0.000000
31.000000 291.992232 5.112814 -1.468566 1.484081 0.000000 0.000000 0.000000 1.000000 0.000000 0.000000
31.000000 291.995286 5.165845 -1.507972 1.482408 0.000000 0.000000 0.000000 1.000000 0.000000 0.000000
31.000000 291.996986 5.153885 -1.531173 1.492385 0.000000 0.000000 0.000000 1.000000 0.000000 0.000000
31.000000 291.997676 5.419627 -1.451168 1.507484 0.000000 0.000000 0.000000 1.000000 0.000000 0.000000
31.000000 291.999176 4.947341 -1.426433 1.452390 0.000000 0.000000 0.000000 1.000000 0.000000 0.000000
31.000000 292.002025 5.111686 -1.476350 1.484471 0.000000 0.000000 0.000000 1.000000 0.000000 0.000000
31.000000 292.002215 5.091817 -1.474849 1.495620 0.000000 0.000000 0.000000 1.000000 0.000000 0.000000
31.000000 292.005322 5.135843 -1.507362 1.496558 0.000000 0.000000 0.000000 1.000000 0.000000 0.000000
31.000000 292.006934 5.181554 -1.460880 1.499732 0.000000 0.000000 0.000000 1.000000 0.000000 0.000000
31.000000 292.007919 5.148140 -1.457019 1.497200 0.000000 0.000000 0.000000 1.000000 0.000000 0.000000
31.000000 292.009139 5.012851 -1.449953 1.476446 0.000000 0.000000 0.000000 1.000000 0.000000 0.000000
31.000000 292.011808 5.117639 -1.487660 1.491264 0.000000 0.000000 0.000000 1.000000 0.000000 0.000000
31.000000 292.015306 5.113937 -1.493019 1.501829 0.000000 0.000000 0.000000 1.000000 0.000000 0.000000
31.000000 292.016958 5.105583 -1.485432 1.524843 0.000000 0.000000 0.000000 1.000000 0.000000 0.000000
31.000000 292.017665 5.124163 -1.466539 1.517418 0.000000 0.000000 0.000000 1.000000 0.000000 0.000000
31.000000 292.019242 4.937599 -1.457377 1.491934 0.000000 0.000000 0.000000 1.000000 0.000000 0.000000
31.000000 292.021894 5.024181 -1.486175 1.516891 0.000000 0.000000 0.000000 1.000000 0.000000 0.000000
31.000000 292.025394 5.069663 -1.494280 1.515446 0.000000 0.000000 0.000000 1.000000 0.000000 0.000000
31.000000 292.026915 5.088760 -1.458254 1.535735 0.000000 0.000000 0.000000 1.000000 0.000000 0.000000
31.000000 292.027819 5.028745 -1.456934 1.529954 0.000000 0.000000 0.000000 1.000000 0.000000 0.000000
31.000000 292.029217 4.850675 -1.447903 1.506187 0.000000 0.000000 0.000000 1.000000 0.000000 0.000000
31.000000 292.031926 4.979682 -1.488419 1.532179 0.000000 0.000000 0.000000 1.000000 0.000000 0.000000
31.000000 292.035325 5.032570 -1.497098 1.528256 0.000000 0.000000 0.000000 1.000000 0.000000 0.000000
31.000000 292.036925 5.034982 -1.469651 1.554679 0.000000 0.000000 0.000000 1.000000 0.000000 0.000000
31.000000 292.037575 4.983654 -1.463301 1.547761 0.000000 0.000000 0.000000 1.000000 0.000000 0.000000
31.000000 292.039170 4.820313 -1.455097 1.519033 0.000000 0.000000 0.000000 1.000000 0.000000 0.000000
31.000000 292.042038 4.938951 -1.491907 1.541438 0.000000 0.000000 0.000000 1.000000 0.000000 0.000000
31.000000 292.045337 4.986546 -1.499344 1.540635 0.000000 0.000000 0.000000 1.000000 0.000000 0.000000
31.000000 292.046967 5.005135 -1.473305 1.556968 0.000000 0.000000 0.000000 1.000000 0.000000 0.000000
31.000000 292.047592 4.993693 -1.463707 1.558566 0.000000 0.000000 0.000000 1.000000 0.000000 0.000000
31.000000 292.049325 4.750070 -1.451234 1.532039 0.000000 0.000000 0.000000 1.000000 0.000000 0.000000
31.000000 292.051825 4.888609 -1.494057 1.556054 0.000000 0.000000 0.000000 1.000000 0.000000 0.000000
31.000000 292.055285 4.937327 -1.502016 1.554151 0.000000 0.000000 0.000000 1.000000 0.000000 0.000000
31.000000 292.056984 4.938626 -1.489564 1.574236 0.000000 0.000000 0.000000 1.000000 0.000000 0.000000
31.000000 292.057647 4.984873 -1.462270 1.577245 0.000000 0.000000 0.000000 1.000000 0.000000 0.000000
31.000000 292.059110 4.700730 -1.447671 1.533403 0.000000 0.000000 0.000000 1.000000 0.000000 0.000000
31.000000 292.062135 4.877825 -1.500566 1.554436 0.000000 0.000000 0.000000 1.000000 0.000000 0.000000
31.000000 292.065378 4.896600 -1.503490 1.561620 0.000000 0.000000 0.000000 1.000000 0.000000 0.000000
31.000000 292.067012 4.879926 -1.504093 1.587013 0.000000 0.000000 0.000000 1.000000 0.000000 0.000000
31.000000 292.067667 4.925881 -1.477776 1.585487 0.000000 0.000000 0.000000 1.000000 0.000000 0.000000
31.000000 292.069066 4.673753 -1.465249 1.553522 0.000000 0.000000 0.000000 1.000000 0.000000 0.000000
31.000000 292.071961 4.781932 -1.497318 1.578269 0.000000 0.000000 0.000000 1.000000 0.000000 0.000000
31.000000 292.075340 4.862526 -1.507920 1.567082 0.000000 0.000000 0.000000 1.000000 0.000000 0.000000
31.000000 292.076946 4.877364 -1.485970 1.582176 0.000000 0.000000 0.000000 1.000000 0.000000 0.000000
31.000000 292.077664 4.854066 -1.482024 1.582095 0.000000 0.000000 0.000000 1.000000 0.000000 0.000000
31.000000 292.079275 4.645165 -1.471634 1.563762 0.000000 0.000000 0.000000 1.000000 0.000000 0.000000
31.000000 292.082042 4.751682 -1.503427 1.587278 0.000000 0.000000 0.000000 1.000000 0.000000 0.000000
31.000000 292.085409 4.822182 -1.513063 1.578304 0.000000 0.000000 0.000000 1.000000 0.000000 0.000000
31.000000 292.086962 4.780137 -1.530270 1.610544 0.000000 0.000000 0.000000 1.000000 0.000000 0.000000
31.000000 292.087813 4.871433 -1.487842 1.617530 0.000000 0.000000 0.000000 1.000000 0.000000 0.000000
31.000000 292.089097 4.592444 -1.473884 1.574236 0.000000 0.000000 0.000000 1.000000 0.000000 0.000000
31.000000 292.092029 4.728871 -1.512813 1.591606 0.000000 0.000000 0.000000 1.000000 0.000000 0.000000
31.000000 292.095289 4.762154 -1.516149 1.593488 0.000000 0.000000 0.000000 1.000000 0.000000 0.000000
31.000000 292.097035 4.826685 -1.434843 1.606930 0.000000 0.000000 0.000000 1.000000 0.000000 0.000000
31.000000 292.097651 4.586197 -1.482103 1.587824 0.000000 0.000000 0.000000 1.000000 0.000000 0.000000
31.000000 292.099105 4.565511 -1.481339 1.580892 0.000000 0.000000 0.000000 1.000000 0.000000 0.000000
31.000000 292.101930 4.667288 -1.512268 1.604538 0.000000 0.000000 0.000000 1.000000 0.000000 0.000000
31.000000 292.105418 4.718647 -1.520112 1.598781 0.000000 0.000000 0.000000 1.000000 0.000000 0.000000
31.000000 292.106987 4.768526 -1.454404 1.611619 0.000000 0.000000 0.000000 1.000000 0.000000 0.000000
31.000000 292.107784 4.560474 -1.495808 1.597261 0.000000 0.000000 0.000000 1.000000 0.000000 0.000000
31.000000 292.109065 4.606925 -1.498190 1.601223 0.000000 0.000000 0.000000 1.000000 0.000000 0.000000
31.000000 292.111874 4.628908 -1.512989 1.611436 0.000000 0.000000 0.000000 1.000000 0.000000 0.000000
31.000000 292.115491 4.668319 -1.526200 1.605057 0.000000 0.000000 0.000000 1.000000 0.000000 0.000000
31.000000 292.116967 4.643516 -1.536648 1.626110 0.000000 0.000000 0.000000 1.000000 0.000000 0.000000
31.000000 292.117717 4.726821 -1.501935 1.625072 0.000000 0.000000 0.000000 1.000000 0.000000 0.000000
31.000000 292.119137 4.527195 -1.492216 1.593143 0.000000 0.000000 0.000000 1.000000 0.000000 0.000000
31.000000 292.121934 4.606487 -1.519598 1.607598 0.000000 0.000000 0.000000 1.000000 0.000000 0.000000
31.000000 292.125469 4.636565 -1.527586 1.608159 0.000000 0.000000 0.000000 1.000000 0.000000 0.000000
31.000000 292.127007 4.603244 -1.543018 1.635413 0.000000 0.000000 0.000000 1.000000 0.000000 0.000000
31.000000 292.127794 4.695221 -1.504359 1.633010 0.000000 0.000000 0.000000 1.000000 0.000000 0.000000
31.000000 292.129142 4.520931 -1.495977 1.599039 0.000000 0.000000 0.000000 1.000000 0.000000 0.000000
31.000000 292.131901 4.579534 -1.525221 1.606819 0.000000 0.000000 0.000000 1.000000 0.000000 0.000000
31.000000 292.135345 4.575768 -1.536221 1.613596 0.000000 0.000000 0.000000 1.000000 0.000000 0.000000
31.000000 292.137017 4.628130 -1.466106 1.628888 0.000000 0.000000 0.000000 1.000000 0.000000 0.000000
31.000000 292.139112 4.620195 -1.535852 1.624498 0.000000 0.000000 0.000000 1.000000 0.000000 0.000000
31.000000 292.141983 4.530602 -1.522651 1.614051 0.000000 0.000000 0.000000 1.000000 0.000000 0.000000
31.000000 292.145392 4.537280 -1.535435 1.615314 0.000000 0.000000 0.000000 1.000000 0.000000 0.000000
31.000000 292.147342 4.479363 -1.586565 1.637668 0.000000 0.000000 0.000000 1.000000 0.000000 0.000000
31.000000 292.149251 4.605796 -1.551671 1.642547 0.000000 0.000000 0.000000 1.000000 0.000000 0.000000
31.000000 292.151810 4.468804 -1.523718 1.619139 0.000000 0.000000 0.000000 1.000000 0.000000 0.000000
31.000000 292.155338 4.495626 -1.538239 1.614890 0.000000 0.000000 0.000000 1.000000 0.000000 0.000000
31.000000 292.157037 4.432594 -1.596188 1.637146 0.000000 0.000000 0.000000 1.000000 0.000000 0.000000
31.000000 292.157739 4.687440 -1.520540 1.653469 0.000000 0.000000 0.000000 1.000000 0.000000 0.000000
31.000000 292.159354 4.369878 -1.505177 1.612325 0.000000 0.000000 0.000000 1.000000 0.000000 0.000000
31.000000 292.161971 4.434742 -1.529351 1.617495 0.000000 0.000000 0.000000 1.000000 0.000000 0.000000
31.000000 292.165432 4.456728 -1.537600 1.616658 0.000000 0.000000 0.000000 1.000000 0.000000 0.000000
31.000000 292.167059 4.463919 -1.527086 1.626261 0.000000 0.000000 0.000000 1.000000 0.000000 0.000000
31.000000 292.167783 4.459676 -1.522742 1.627385 0.000000 0.000000 0.000000 1.000000 0.000000 0.000000
31.000000 292.169112 4.395375 -1.519642 1.617449 0.000000 0.000000 0.000000 1.000000 0.000000 0.000000
31.000000 292.171820 4.407140 -1.536535 1.614317 0.000000 0.000000 0.000000 1.000000 0.000000 0.000000
31.000000 292.175327 4.403436 -1.549010 1.615941 0.000000 0.000000 0.000000 1.000000 0.000000 0.000000
31.000000 292.177025 4.423279 -1.522007 1.623726 0.000000 0.000000 0.000000 1.000000 0.000000 0.000000
31.000000 292.177703 4.382467 -1.523608 1.626871 0.000000 0.000000 0.000000 1.000000 0.000000 0.000000
31.000000 292.179157 4.380447 -1.523508 1.623919 0.000000 0.000000 0.000000 1.000000 0.000000 0.000000
31.000000 292.181913 4.362801 -1.534274 1.615540 0.000000 0.000000 0.000000 1.000000 0.000000 0.000000
31.000000 292.185483 4.364123 -1.549574 1.616841 0.000000 0.000000 0.000000 1.000000 0.000000 0.000000
31.000000 292.187027 4.382597 -1.524613 1.626789 0.000000 0.000000 0.000000 1.000000 0.000000 0.000000
31.000000 292.187825 4.329947 -1.530968 1.622647 0.000000 0.000000 0.000000 1.000000 0.000000 0.000000
31.000000 292.189036 4.344421 -1.531644 1.615254 0.000000 0.000000 0.000000 1.000000 0.000000 0.000000
31.000000 292.191843 4.331367 -1.539835 1.608152 0.000000 0.000000 0.000000 1.000000 0.000000 0.000000
31.000000 292.195310 4.323419 -1.549942 1.613528 0.000000 0.000000 0.000000 1.000000 0.000000 0.000000
31.000000 292.197000 4.270065 -1.600619 1.632834 0.000000 0.000000 0.000000 1.000000 0.000000 0.000000
31.000000 292.197711 4.463303 -1.545343 1.641280 0.000000 0.000000 0.000000 1.000000 0.000000 0.000000
31.000000 292.199305 4.324481 -1.538867 1.616061 0.000000 0.000000 0.000000 1.000000 0.000000 0.000000
31.000000 292.202017 4.290191 -1.542400 1.604786 0.000000 0.000000 0.000000 1.000000 0.000000 0.000000
31.000000 292.205461 4.279287 -1.553465 1.609357 0.000000 0.000000 0.000000 1.000000 0.000000 0.000000
31.000000 292.207150 4.228233 -1.599488 1.628345 0.000000 0.000000 0.000000 1.000000 0.000000 0.000000
31.000000 292.207795 4.411705 -1.545090 1.637142 0.000000 0.000000 0.000000 1.000000 0.000000 0.000000
31.000000 292.209143 4.288473 -1.539460 1.609971 0.000000 0.000000 0.000000 1.000000 0.000000 0.000000
31.000000 292.211966 4.268750 -1.549655 1.596480 0.000000 0.000000 0.000000 1.000000 0.000000 0.000000
31.000000 292.215363 4.232284 -1.559271 1.608259 0.000000 0.000000 0.000000 1.000000 0.000000 0.000000
31.000000 292.217015 4.289574 -1.488511 1.615102 0.000000 0.000000 0.000000 1.000000 0.000000 0.000000
31.000000 292.217699 4.066657 -1.535748 1.604499 0.000000 0.000000 0.000000 1.000000 0.000000 0.000000
31.000000 292.219162 4.275628 -1.545793 1.609960 0.000000 0.000000 0.000000 1.000000 0.000000 0.000000
31.000000 292.222005 4.227300 -1.550423 1.588372 0.000000 0.000000 0.000000 1.000000 0.000000 0.000000
31.000000 292.225460 4.191134 -1.562291 1.600503 0.000000 0.000000 0.000000 1.000000 0.000000 0.000000
31.000000 292.227033 4.223124 -1.529119 1.605051 0.000000 0.000000 0.000000 1.000000 0.000000 0.000000
31.000000 292.227770 4.156244 -1.541524 1.603911 0.000000 0.000000 0.000000 1.000000 0.000000 0.000000
31.000000 292.229258 4.251245 -1.546283 1.602445 0.000000 0.000000 0.000000 1.000000 0.000000 0.000000
31.000000 292.231845 4.202510 -1.555053 1.579459 0.000000 0.000000 0.000000 1.000000 0.000000 0.000000
31.000000 292.235304 4.145957 -1.568099 1.594526 0.000000 0.000000 0.000000 1.000000 0.000000 0.000000
31.000000 292.237072 4.117995 -1.592005 1.609317 0.000000 0.000000 0.000000 1.000000 0.000000 0.000000
31.000000 292.237679 4.228284 -1.557370 1.615331 0.000000 0.000000 0.000000 1.000000 0.000000 0.000000
31.000000 292.241954 4.062913 -1.556311 1.593340 0.000000 0.000000 0.000000 1.000000 0.000000 0.000000
31.000000 292.245389 4.101520 -1.568128 1.587935 0.000000 0.000000 0.000000 1.000000 0.000000 0.000000
31.000000 292.247029 4.052325 -1.615723 1.603617 0.000000 0.000000 0.000000 1.000000 0.000000 0.000000
31.000000 292.247829 4.231870 -1.565077 1.610754 0.000000 0.000000 0.000000 1.000000 0.000000 0.000000
31.000000 292.251869 4.025216 -1.561383 1.582645 0.000000 0.000000 0.000000 1.000000 0.000000 0.000000
31.000000 292.255326 4.062074 -1.572306 1.575934 0.000000 0.000000 0.000000 1.000000 0.000000 0.000000
31.000000 292.257048 4.000025 -1.625239 1.596602 0.000000 0.000000 0.000000 1.000000 0.000000 0.000000
31.000000 292.257932 4.179526 -1.571325 1.605521 0.000000 0.000000 0.000000 1.000000 0.000000 0.000000
31.000000 292.262007 3.974506 -1.566591 1.576398 0.000000 0.000000 0.000000 1.000000 0.000000 0.000000
31.000000 292.265396 4.009722 -1.576176 1.569724 0.000000 0.000000 0.000000 1.000000 0.000000 0.000000
31.000000 292.267347 4.009397 -1.561284 1.582379 0.000000 0.000000 0.000000 1.000000 0.000000 0.000000
31.000000 292.267906 3.957133 -1.565212 1.578633 0.000000 0.000000 0.000000 1.000000 0.000000 0.000000
31.000000 292.271885 3.921494 -1.568495 1.566817 0.000000 0.000000 0.000000 1.000000 0.000000 0.000000
31.000000 292.275355 3.968564 -1.580183 1.557801 0.000000 0.000000 0.000000 1.000000 0.000000 0.000000
31.000000 292.277068 3.971663 -1.564566 1.569766 0.000000 0.000000 0.000000 1.000000 0.000000 0.000000
31.000000 292.277951 3.921448 -1.569038 1.569126 0.000000 0.000000 0.000000 1.000000 0.000000 0.000000
31.000000 292.281937 3.864900 -1.569446 1.558630 0.000000 0.000000 0.000000 1.000000 0.000000 0.000000
31.000000 292.285406 3.928858 -1.581971 1.543568 0.000000 0.000000 0.000000 1.000000 0.000000 0.000000
31.000000 292.287016 3.944159 -1.559555 1.549750 0.000000 0.000000 0.000000 1.000000 0.000000 0.000000
31.000000 292.287863 3.874478 -1.572371 1.547687 0.000000 0.000000 0.000000 1.000000 0.000000 0.000000
31.000000 292.291894 3.850458 -1.574237 1.543424 0.000000 0.000000 0.000000 1.000000 0.000000 0.000000
31.000000 292.295458 3.890821 -1.583221 1.533810 0.000000 0.000000 0.000000 1.000000 0.000000 0.000000
31.000000 292.297036 3.885751 -1.575536 1.545113 0.000000 0.000000 0.000000 1.000000 0.000000 0.000000
31.000000 292.297791 3.861341 -1.573446 1.544917 0.000000 0.000000 0.000000 1.000000 0.000000 0.000000
31.000000 292.302064 3.796955 -1.577564 1.533534 0.000000 0.000000 0.000000 1.000000 0.000000 0.000000
31.000000 292.305513 3.838729 -1.590910 1.521365 0.000000 0.000000 0.000000 1.000000 0.000000 0.000000
31.000000 292.307045 3.827482 -1.590052 1.530200 0.000000 0.000000 0.000000 1.000000 0.000000 0.000000
31.000000 292.307966 3.844833 -1.576457 1.537875 0.000000 0.000000 0.000000 1.000000 0.000000 0.000000
31.000000 292.312076 3.733976 -1.577188 1.526017 0.000000 0.000000 0.000000 1.000000 0.000000 0.000000
31.000000 292.315455 3.795119 -1.592318 1.507767 0.000000 0.000000 0.000000 1.000000 0.000000 0.000000
31.000000 292.317067 3.791864 -1.590453 1.511592 0.000000 0.000000 0.000000 1.000000 0.000000 0.000000
31.000000 292.317800 3.824523 -1.575977 1.520186 0.000000 0.000000 0.000000 1.000000 0.000000 0.000000
31.000000 292.322004 3.692997 -1.577558 1.508995 0.000000 0.000000 0.000000 1.000000 0.000000 0.000000
31.000000 292.325459 3.754868 -1.594672 1.488346 0.000000 0.000000 0.000000 1.000000 0.000000 0.000000
31.000000 292.327048 3.721699 -1.609211 1.503782 0.000000 0.000000 0.000000 1.000000 0.000000 0.000000
31.000000 292.328072 3.775998 -1.583032 1.506191 0.000000 0.000000 0.000000 1.000000 0.000000 0.000000
31.000000 292.332058 3.678106 -1.585795 1.485431 0.000000 0.000000 0.000000 1.000000 0.000000 0.000000
31.000000 292.335411 3.714371 -1.598480 1.473688 0.000000 0.000000 0.000000 1.000000 0.000000 0.000000
31.000000 292.337081 3.677036 -1.618401 1.490316 0.000000 0.000000 0.000000 1.000000 0.000000 0.000000
31.000000 292.338094 3.771876 -1.580527 1.498505 0.000000 0.000000 0.000000 1.000000 0.000000 0.000000
31.000000 292.342004 3.616520 -1.584919 1.474686 0.000000 0.000000 0.000000 1.000000 0.000000 0.000000
31.000000 292.345471 3.667343 -1.604039 1.458716 0.000000 0.000000 0.000000 1.000000 0.000000 0.000000
31.000000 292.347167 3.650442 -1.617819 1.462473 0.000000 0.000000 0.000000 1.000000 0.000000 0.000000
31.000000 292.352088 3.632978 -1.616016 1.451021 0.000000 0.000000 0.000000 1.000000 0.000000 0.000000
31.000000 292.355397 3.624098 -1.607192 1.441232 0.000000 0.000000 0.000000 1.000000 0.000000 0.000000
31.000000 292.357362 3.613052 -1.596095 1.452504 0.000000 0.000000 0.000000 1.000000 0.000000 0.000000
31.000000 292.357725 3.581837 -1.590417 1.453142 0.000000 0.000000 0.000000 1.000000 0.000000 0.000000
31.000000 292.361977 3.529452 -1.594534 1.439476 0.000000 0.000000 0.000000 1.000000 0.000000 0.000000
31.000000 292.365478 3.583835 -1.609832 1.419008 0.000000 0.000000 0.000000 1.000000 0.000000 0.000000
31.000000 292.367175 3.588584 -1.600597 1.416271 0.000000 0.000000 0.000000 1.000000 0.000000 0.000000
31.000000 292.371928 3.529840 -1.612718 1.409688 0.000000 0.000000 0.000000 1.000000 0.000000 0.000000
31.000000 292.375446 3.540867 -1.612177 1.399127 0.000000 0.000000 0.000000 1.000000 0.000000 0.000000
31.000000 292.377090 3.529098 -1.609984 1.405634 0.000000 0.000000 0.000000 1.000000 0.000000 0.000000
31.000000 292.377724 3.544622 -1.596046 1.411727 0.000000 0.000000 0.000000 1.000000 0.000000 0.000000
31.000000 292.382019 3.441722 -1.599648 1.398644 0.000000 0.000000 0.000000 1.000000 0.000000 0.000000
31.000000 292.385455 3.497726 -1.616947 1.377330 0.000000 0.000000 0.000000 1.000000 0.000000 0.000000
31.000000 292.387245 3.497134 -1.605646 1.379743 0.000000 0.000000 0.000000 1.000000 0.000000 0.000000
31.000000 292.388077 3.460733 -1.608353 1.376420 0.000000 0.000000 0.000000 1.000000 0.000000 0.000000
31.000000 292.392050 3.436919 -1.612361 1.368205 0.000000 0.000000 0.000000 1.000000 0.000000 0.000000
31.000000 292.395458 3.455070 -1.620603 1.357692 0.000000 0.000000 0.000000 1.000000 0.000000 0.000000
31.000000 292.397071 3.452436 -1.601242 1.364680 0.000000 0.000000 0.000000 1.000000 0.000000 0.000000
31.000000 292.397922 3.574369 -1.599266 1.373869 0.000000 0.000000 0.000000 1.000000 0.000000 0.000000
31.000000 292.402025 3.328901 -1.594895 1.367296 0.000000 0.000000 0.000000 1.000000 0.000000 0.000000
31.000000 292.405564 3.412476 -1.622564 1.332718 0.000000 0.000000 0.000000 1.000000 0.000000 0.000000
31.000000 292.407188 3.417801 -1.599098 1.332040 0.000000 0.000000 0.000000 1.000000 0.000000 0.000000
31.000000 292.407932 3.354223 -1.604809 1.336483 0.000000 0.000000 0.000000 1.000000 0.000000 0.000000
31.000000 292.411914 3.309035 -1.611036 1.333190 0.000000 0.000000 0.000000 1.000000 0.000000 0.000000
31.000000 292.415379 3.366993 -1.629118 1.308094 0.000000 0.000000 0.000000 1.000000 0.000000 0.000000
31.000000 292.417101 3.345256 -1.639358 1.313097 0.000000 0.000000 0.000000 1.000000 0.000000 0.000000
31.000000 292.417964 3.505759 -1.584220 1.308607 0.000000 0.000000 0.000000 1.000000 0.000000 0.000000
31.000000 292.422003 3.300389 -1.621874 1.299414 0.000000 0.000000 0.000000 1.000000 0.000000 0.000000
31.000000 292.425534 3.325665 -1.630025 1.279646 0.000000 0.000000 0.000000 1.000000 0.000000 0.000000
31.000000 292.427252 3.303924 -1.633972 1.282263 0.000000 0.000000 0.000000 1.000000 0.000000 0.000000
31.000000 292.428022 3.314994 -1.621450 1.287887 0.000000 0.000000 0.000000 1.000000 0.000000 0.000000
31.000000 292.432027 3.251185 -1.624848 1.278639 0.000000 0.000000 0.000000 1.000000 0.000000 0.000000
31.000000 292.435463 3.281423 -1.636590 1.259102 0.000000 0.000000 0.000000 1.000000 0.000000 0.000000
31.000000 292.437368 3.252664 -1.642375 1.268428 0.000000 0.000000 0.000000 1.000000 0.000000 0.000000
31.000000 292.437871 3.282173 -1.620708 1.271326 0.000000 0.000000 0.000000 1.000000 0.000000 0.000000
31.000000 292.442040 3.210312 -1.624308 1.253053 0.000000 0.000000 0.000000 1.000000 0.000000 0.000000
31.000000 292.445484 3.241393 -1.636778 1.231985 0.000000 0.000000 0.000000 1.000000 0.000000 0.000000
31.000000 292.447176 3.256720 -1.585368 1.235088 0.000000 0.000000 0.000000 1.000000 0.000000 0.000000
31.000000 292.447954 3.068172 -1.615267 1.220771 0.000000 0.000000 0.000000 1.000000 0.000000 0.000000
31.000000 292.451913 3.182630 -1.627162 1.219127 0.000000 0.000000 0.000000 1.000000 0.000000 0.000000
31.000000 292.455442 3.207032 -1.638830 1.201053 0.000000 0.000000 0.000000 1.000000 0.000000 0.000000
31.000000 292.457127 3.210372 -1.612014 1.200503 0.000000 0.000000 0.000000 1.000000 0.000000 0.000000
31.000000 292.457913 3.065844 -1.640656 1.184138 0.000000 0.000000 0.000000 1.000000 0.000000 0.000000
31.000000 292.462244 3.164517 -1.643509 1.182442 0.000000 0.000000 0.000000 1.000000 0.000000 0.000000
31.000000 292.465487 3.160168 -1.642504 1.171123 0.000000 0.000000 0.000000 1.000000 0.000000 0.000000
31.000000 292.467399 3.158697 -1.616737 1.171531 0.000000 0.000000 0.000000 1.000000 0.000000 0.000000
31.000000 292.467899 3.029273 -1.638597 1.157764 0.000000 0.000000 0.000000 1.000000 0.000000 0.000000
31.000000 292.472037 3.118267 -1.642815 1.154624 0.000000 0.000000 0.000000 1.000000 0.000000 0.000000
31.000000 292.475391 3.120402 -1.644810 1.138641 0.000000 0.000000 0.000000 1.000000 0.000000 0.000000
31.000000 292.477101 3.043932 -1.690806 1.161395 0.000000 0.000000 0.000000 1.000000 0.000000 0.000000
31.000000 292.477856 3.210863 -1.627446 1.175855 0.000000 0.000000 0.000000 1.000000 0.000000 0.000000
31.000000 292.482240 3.029912 -1.630078 1.140562 0.000000 0.000000 0.000000 1.000000 0.000000 0.000000
31.000000 292.485547 3.079018 -1.649295 1.111005 0.000000 0.000000 0.000000 1.000000 0.000000 0.000000
31.000000 292.487183 3.111842 -1.582839 1.103855 0.000000 0.000000 0.000000 1.000000 0.000000 0.000000
31.000000 292.487978 2.852496 -1.634716 1.084173 0.000000 0.000000 0.000000 1.000000 0.000000 0.000000
31.000000 292.492215 3.033728 -1.646837 1.095922 0.000000 0.000000 0.000000 1.000000 0.000000 0.000000
31.000000 292.495482 3.041349 -1.654209 1.074039 0.000000 0.000000 0.000000 1.000000 0.000000 0.000000
31.000000 292.497135 3.015912 -1.650505 1.074229 0.000000 0.000000 0.000000 1.000000 0.000000 0.000000
31.000000 292.497794 2.982302 -1.645418 1.071747 0.000000 0.000000 0.000000 1.000000 0.000000 0.000000
31.000000 292.502254 2.992764 -1.649290 1.062404 0.000000 0.000000 0.000000 1.000000 0.000000 0.000000
31.000000 292.505558 2.997280 -1.654765 1.042808 0.000000 0.000000 0.000000 1.000000 0.000000 0.000000
31.000000 292.507219 2.973358 -1.652701 1.042524 0.000000 0.000000 0.000000 1.000000 0.000000 0.000000
31.000000 292.508035 2.937724 -1.650423 1.037335 0.000000 0.000000 0.000000 1.000000 0.000000 0.000000
31.000000 292.512045 2.936606 -1.656912 1.026655 0.000000 0.000000 0.000000 1.000000 0.000000 0.000000
31.000000 292.515622 2.943038 -1.665322 1.011786 0.000000 0.000000 0.000000 1.000000 0.000000 0.000000
31.000000 292.517140 2.951397 -1.639855 1.001216 0.000000 0.000000 0.000000 1.000000 0.000000 0.000000
31.000000 292.517899 2.880506 -1.649939 1.000932 0.000000 0.000000 0.000000 1.000000 0.000000 0.000000
31.000000 292.522104 2.888574 -1.655457 1.002334 0.000000 0.000000 0.000000 1.000000 0.000000 0.000000
31.000000 292.525573 2.905247 -1.664835 0.978746 0.000000 0.000000 0.000000 1.000000 0.000000 0.000000
31.000000 292.527348 2.934417 -1.603438 0.963683 0.000000 0.000000 0.000000 1.000000 0.000000 0.000000
31.000000 292.527961 2.951396 -1.643223 0.985268 0.000000 0.000000 0.000000 1.000000 0.000000 0.000000
31.000000 292.532164 2.828148 -1.646161 0.975211 0.000000 0.000000 0.000000 1.000000 0.000000 0.000000
31.000000 292.535537 2.878898 -1.664648 0.933569 0.000000 0.000000 0.000000 1.000000 0.000000 0.000000
31.000000 292.537145 2.857302 -1.662056 0.927218 0.000000 0.000000 0.000000 1.000000 0.000000 0.000000
31.000000 292.537898 2.869369 -1.646100 0.938640 0.000000 0.000000 0.000000 1.000000 0.000000 0.000000
31.000000 292.542050 2.806980 -1.652395 0.932895 0.000000 0.000000 0.000000 1.000000 0.000000 0.000000
31.000000 292.545615 2.831717 -1.667026 0.902602 0.000000 0.000000 0.000000 1.000000 0.000000 0.000000
31.000000 292.547296 2.812860 -1.662753 0.895239 0.000000 0.000000 0.000000 1.000000 0.000000 0.000000
31.000000 292.547969 2.761154 -1.667644 0.894606 0.000000 0.000000 0.000000 1.000000 0.000000 0.000000
31.000000 292.552118 2.779664 -1.667791 0.894013 0.000000 0.000000 0.000000 1.000000 0.000000 0.000000
31.000000 292.555545 2.793774 -1.671788 0.863210 0.000000 0.000000 0.000000 1.000000 0.000000 0.000000
31.000000 292.557168 2.770359 -1.668616 0.856035 0.000000 0.000000 0.000000 1.000000 0.000000 0.000000
31.000000 292.558029 2.776202 -1.653595 0.863637 0.000000 0.000000 0.000000 1.000000 0.000000 0.000000
31.000000 292.562268 2.737601 -1.663674 0.857643 0.000000 0.000000 0.000000 1.000000 0.000000 0.000000
31.000000 292.565614 2.744571 -1.678234 0.829659 0.000000 0.000000 0.000000 1.000000 0.000000 0.000000
31.000000 292.568042 2.716131 -1.692697 0.816067 0.000000 0.000000 0.000000 1.000000 0.000000 0.000000
31.000000 292.572082 2.710316 -1.681594 0.814819 0.000000 0.000000 0.000000 1.000000 0.000000 0.000000
31.000000 292.575574 2.709556 -1.674376 0.787454 0.000000 0.000000 0.000000 1.000000 0.000000 0.000000
31.000000 292.577155 2.681165 -1.674334 0.782456 0.000000 0.000000 0.000000 1.000000 0.000000 0.000000
31.000000 292.577860 2.676570 -1.662136 0.785151 0.000000 0.000000 0.000000 1.000000 0.000000 0.000000
31.000000 292.582298 2.658487 -1.668176 0.776616 0.000000 0.000000 0.000000 1.000000 0.000000 0.000000
31.000000 292.585666 2.670341 -1.679035 0.745514 0.000000 0.000000 0.000000 1.000000 0.000000 0.000000
31.000000 292.587271 2.643768 -1.692567 0.730227 0.000000 0.000000 0.000000 1.000000 0.000000 0.000000
31.000000 292.587923 2.611316 -1.702098 0.726015 0.000000 0.000000 0.000000 1.000000 0.000000 0.000000
31.000000 292.592044 2.672567 -1.695392 0.731802 0.000000 0.000000 0.000000 1.000000 0.000000 0.000000
31.000000 292.595572 2.632914 -1.682180 0.710488 0.000000 0.000000 0.000000 1.000000 0.000000 0.000000
31.000000 292.597180 2.563596 -1.739864 0.701875 0.000000 0.000000 0.000000 1.000000 0.000000 0.000000
31.000000 292.597887 2.776185 -1.680032 0.722662 0.000000 0.000000 0.000000 1.000000 0.000000 0.000000
31.000000 292.605875 2.555501 -1.687918 0.665573 0.000000 0.000000 0.000000 1.000000 0.000000 0.000000
31.000000 292.607218 2.517904 -1.749511 0.659134 0.000000 0.000000 0.000000 1.000000 0.000000 0.000000
31.000000 292.607961 2.748936 -1.685151 0.683225 0.000000 0.000000 0.000000 1.000000 0.000000 0.000000
31.000000 292.615623 2.508342 -1.692912 0.623866 0.000000 0.000000 0.000000 1.000000 0.000000 0.000000
31.000000 292.617948 2.529106 -1.687078 0.599056 0.000000 0.000000 0.000000 1.000000 0.000000 0.000000
31.000000 292.625697 2.471694 -1.696605 0.574973 0.000000 0.000000 0.000000 1.000000 0.000000 0.000000
31.000000 292.627585 2.461185 -1.718411 0.561539 0.000000 0.000000 0.000000 1.000000 0.000000 0.000000
31.000000 292.628006 2.459702 -1.713644 0.562858 0.000000 0.000000 0.000000 1.000000 0.000000 0.000000
31.000000 292.635657 2.404540 -1.724580 0.534916 0.000000 0.000000 0.000000 1.000000 0.000000 0.000000
31.000000 292.637922 2.443830 -1.697025 0.506590 0.000000 0.000000 0.000000 1.000000 0.000000 0.000000
31.000000 292.645692 2.386894 -1.706274 0.483157 0.000000 0.000000 0.000000 1.000000 0.000000 0.000000
31.000000 292.647261 2.370682 -1.753585 0.464773 0.000000 0.000000 0.000000 1.000000 0.000000 0.000000
31.000000 292.648033 2.498385 -1.723572 0.474728 0.000000 0.000000 0.000000 1.000000 0.000000 0.000000
31.000000 292.655590 2.336492 -1.724235 0.440803 0.000000 0.000000 0.000000 1.000000 0.000000 0.000000
31.000000 292.657348 2.335587 -1.750124 0.426787 0.000000 0.000000 0.000000 1.000000 0.000000 0.000000
31.000000 292.657919 2.465106 -1.723377 0.431185 0.000000 0.000000 0.000000 1.000000 0.000000 0.000000
31.000000 292.667232 2.280691 -1.715803 0.378858 0.000000 0.000000 0.000000 1.000000 0.000000 0.000000
31.000000 292.668015 2.262008 -1.721423 0.359960 0.000000 0.000000 0.000000 1.000000 0.000000 0.000000
31.000000 292.677206 2.115571 -1.715847 0.330707 0.000000 0.000000 0.000000 1.000000 0.000000 0.000000
31.000000 292.677914 2.103324 -1.720635 0.301837 0.000000 0.000000 0.000000 1.000000 0.000000 0.000000
31.000000 292.687290 2.197170 -1.723809 0.287181 0.000000 0.000000 0.000000 1.000000 0.000000 0.000000
31.000000 292.688106 2.183769 -1.728087 0.272910 0.000000 0.000000 0.000000 1.000000 0.000000 0.000000
31.000000 292.697214 2.274644 -1.730569 0.266107 0.000000 0.000000 0.000000 1.000000 0.000000 0.000000
31.000000 292.697957 2.280108 -1.728821 0.242900 0.000000 0.000000 0.000000 1.000000 0.000000 0.000000
31.000000 292.707682 2.261349 -1.727284 0.214914 0.000000 0.000000 0.000000 1.000000 0.000000 0.000000
31.000000 292.708103 2.212647 -1.742470 0.186955 0.000000 0.000000 0.000000 1.000000 0.000000 0.000000
31.000000 292.717249 2.062919 -1.736325 0.143015 0.000000 0.000000 0.000000 1.000000 0.000000 0.000000
31.000000 292.717983 2.056395 -1.738306 0.118362 0.000000 0.000000 0.000000 1.000000 0.000000 0.000000
31.000000 292.727254 1.950046 -1.733680 0.077395 0.000000 0.000000 0.000000 1.000000 0.000000 0.000000
31.000000 292.728099 1.918437 -1.743513 0.048011 0.000000 0.000000 0.000000 1.000000 0.000000 0.000000
31.000000 292.737246 1.977664 -1.744621 0.030552 0.000000 0.000000 0.000000 1.000000 0.000000 0.000000
31.000000 292.737986 1.985286 -1.741948 0.011379 0.000000 0.000000 0.000000 1.000000 0.000000 0.000000
31.000000 292.747322 2.164549 -1.747857 0.067473 0.000000 0.000000 0.000000 1.000000 0.000000 0.000000
31.000000 292.748087 2.112170 -1.762472 0.084679 0.000000 0.000000 0.000000 1.000000 0.000000 0.000000
31.000000 292.757483 1.782995 -1.750589 0.060001 0.000000 0.000000 0.000000 1.000000 0.000000 0.000000
31.000000 292.758121 2.004227 -1.759160 0.109051 0.000000 0.000000 0.000000 1.000000 0.000000 0.000000
31.000000 292.767307 1.833966 -1.753364 0.113069 0.000000 0.000000 0.000000 1.000000 0.000000 0.000000
31.000000 292.768117 1.854484 -1.745733 0.138089 0.000000 0.000000 0.000000 1.000000 0.000000 0.000000
31.000000 292.777288 1.889501 -1.746837 0.165032 0.000000 0.000000 0.000000 1.000000 0.000000 0.000000
31.000000 292.778043 1.845749 -1.759312 0.180118 0.000000 0.000000 0.000000 1.000000 0.000000 0.000000
31.000000 292.787444 1.815182 -1.757875 0.205241 0.000000 0.000000 0.000000 1.000000 0.000000 0.000000
31.000000 292.788203 1.791552 -1.763511 0.223769 0.000000 0.000000 0.000000 1.000000 0.000000 0.000000
31.000000 292.807503 1.900198 -1.762157 0.290948 0.000000 0.000000 0.000000 1.000000 0.000000 0.000000
31.000000 292.808103 1.861553 -1.772985 0.308949 0.000000 0.000000 0.000000 1.000000 0.000000 0.000000
31.000000 292.827348 1.637073 -1.772702 0.317476 0.000000 0.000000 0.000000 1.000000 0.000000 0.000000
31.000000 292.828285 1.606594 -1.781574 0.339098 0.000000 0.000000 0.000000 1.000000 0.000000 0.000000
31.000000 292.847384 1.765894 -1.777681 0.441209 0.000000 0.000000 0.000000 1.000000 0.000000 0.000000
31.000000 292.848240 1.688595 -1.801124 0.444220 0.000000 0.000000 0.000000 1.000000 0.000000 0.000000
31.000000 292.867517 1.572058 -1.787595 0.478046 0.000000 0.000000 0.000000 1.000000 0.000000 0.000000
31.000000 292.868155 1.568001 -1.788193 0.497153 0.000000 0.000000 0.000000 1.000000 0.000000 0.000000
31.000000 292.877408 1.475530 -1.785284 0.497945 0.000000 0.000000 0.000000 1.000000 0.000000 0.000000
31.000000 292.877981 1.425261 -1.800525 0.506031 0.000000 0.000000 0.000000 1.000000 0.000000 0.000000
31.000000 292.887589 1.357548 -1.798355 0.524237 0.000000 0.000000 0.000000 1.000000 0.000000 0.000000
31.000000 292.888233 1.337902 -1.803452 0.539859 0.000000 0.000000 0.000000 1.000000 0.000000 0.000000
31.000000 292.897426 1.534746 -1.809746 0.581436 0.000000 0.000000 0.000000 1.000000 0.000000 0.000000
31.000000 292.898000 1.523414 -1.812582 0.597915 0.000000 0.000000 0.000000 1.000000 0.000000 0.000000
31.000000 292.907431 1.062953 -1.797567 0.565245 0.000000 0.000000 0.000000 1.000000 0.000000 0.000000
31.000000 292.908309 1.064246 -1.796180 0.578200 0.000000 0.000000 0.000000 1.000000 0.000000 0.000000
31.000000 292.917521 1.419866 -1.807613 0.626168 0.000000 0.000000 0.000000 1.000000 0.000000 0.000000
31.000000 292.918132 1.370291 -1.822487 0.629262 0.000000 0.000000 0.000000 1.000000 0.000000 0.000000
31.000000 292.927578 1.241006 -1.818036 0.635565 0.000000 0.000000 0.000000 1.000000 0.000000 0.000000
31.000000 292.928182 1.251193 -1.813467 0.659372 0.000000 0.000000 0.000000 1.000000 0.000000 0.000000
31.000000 292.937394 1.029896 -1.806417 0.638716 0.000000 0.000000 0.000000 1.000000 0.000000 0.000000
31.000000 292.938079 1.005174 -1.813543 0.647586 0.000000 0.000000 0.000000 1.000000 0.000000 0.000000
31.000000 292.947510 1.375223 -1.827701 0.725789 0.000000 0.000000 0.000000 1.000000 0.000000 0.000000
31.000000 292.948317 1.332915 -1.840676 0.726011 0.000000 0.000000 0.000000 1.000000 0.000000 0.000000
31.000000 292.957620 1.285011 -1.839234 0.733736 0.000000 0.000000 0.000000 1.000000 0.000000 0.000000
31.000000 292.958205 1.298396 -1.834758 0.745335 0.000000 0.000000 0.000000 1.000000 0.000000 0.000000
31.000000 292.967515 1.162725 -1.830555 0.734341 0.000000 0.000000 0.000000 1.000000 0.000000 0.000000
31.000000 292.968342 1.147184 -1.835202 0.735862 0.000000 0.000000 0.000000 1.000000 0.000000 0.000000
31.000000 292.977401 1.187940 -1.836408 0.751496 0.000000 0.000000 0.000000 1.000000 0.000000 0.000000
31.000000 292.978102 1.172163 -1.840864 0.778477 0.000000 0.000000 0.000000 1.000000 0.000000 0.000000
31.000000 292.988574 1.174554 -1.840396 0.801232 0.000000 0.000000 0.000000 1.000000 0.000000 0.000000
31.000000 292.998043 1.033069 -1.852260 0.809225 0.000000 0.000000 0.000000 1.000000 0.000000 0.000000
31.000000 293.007478 0.738022 -1.843358 0.791113 0.000000 0.000000 0.000000 1.000000 0.000000 0.000000
31.000000 293.008136 0.720811 -1.848031 0.800970 0.000000 0.000000 0.000000 1.000000 0.000000 0.000000
31.000000 293.018267 0.637186 -1.852999 0.809101 0.000000 0.000000 0.000000 1.000000 0.000000 0.000000
31.000000 293.028280 0.640216 -1.864052 0.817257 0.000000 0.000000 0.000000 1.000000 0.000000 0.000000
31.000000 293.037419 0.847634 -1.870286 0.854533 0.000000 0.000000 0.000000 1.000000 0.000000 0.000000
31.000000 293.038035 0.849725 -1.869594 0.864936 0.000000 0.000000 0.000000 1.000000 0.000000 0.000000
31.000000 293.047585 0.906362 -1.871406 0.885217 0.000000 0.000000 0.000000 1.000000 0.000000 0.000000
31.000000 293.048132 0.888531 -1.876727 0.891609 0.000000 0.000000 0.000000 1.000000 0.000000 0.000000
31.000000 293.057482 0.907851 -1.877367 0.903863 0.000000 0.000000 0.000000 1.000000 0.000000 0.000000
31.000000 293.058078 0.928813 -1.870813 0.914690 0.000000 0.000000 0.000000 1.000000 0.000000 0.000000
31.000000 293.067587 0.719086 -1.864706 0.901666 0.000000 0.000000 0.000000 1.000000 0.000000 0.000000
31.000000 293.068194 0.710657 -1.867015 0.911047 0.000000 0.000000 0.000000 1.000000 0.000000 0.000000
31.000000 293.077403 0.625444 -1.864491 0.898537 0.000000 0.000000 0.000000 1.000000 0.000000 0.000000
31.000000 293.078079 0.608575 -1.869587 0.900754 0.000000 0.000000 0.000000 1.000000 0.000000 0.000000
31.000000 293.087546 0.617566 -1.869862 0.902781 0.000000 0.000000 0.000000 1.000000 0.000000 0.000000
31.000000 293.088173 0.586940 -1.879132 0.901168 0.000000 0.000000 0.000000 1.000000 0.000000 0.000000
31.000000 293.097529 0.719359 -1.883077 0.930458 0.000000 0.000000 0.000000 1.000000 0.000000 0.000000
31.000000 293.098119 0.703844 -1.887690 0.935548 0.000000 0.000000 0.000000 1.000000 0.000000 0.000000
31.000000 293.107554 0.674393 -1.886899 0.938241 0.000000 0.000000 0.000000 1.000000 0.000000 0.000000
31.000000 293.108216 0.662691 -1.890390 0.940790 0.000000 0.000000 0.000000 1.000000 0.000000 0.000000
31.000000 293.117422 0.558655 -1.887427 0.928348 0.000000 0.000000 0.000000 1.000000 0.000000 0.000000
31.000000 293.118129 0.528544 -1.896510 0.931951 0.000000 0.000000 0.000000 1.000000 0.000000 0.000000
31.000000 293.127522 0.376549 -1.892362 0.927159 0.000000 0.000000 0.000000 1.000000 0.000000 0.000000
31.000000 293.128244 0.380940 -1.891004 0.929773 0.000000 0.000000 0.000000 1.000000 0.000000 0.000000
31.000000 293.137458 0.423206 -1.892218 0.938231 0.000000 0.000000 0.000000 1.000000 0.000000 0.000000
31.000000 293.138134 0.417249 -1.893915 0.942926 0.000000 0.000000 0.000000 1.000000 0.000000 0.000000
31.000000 293.147518 0.475890 -1.895553 0.948634 0.000000 0.000000 0.000000 1.000000 0.000000 0.000000
31.000000 293.148181 0.444175 -1.905098 0.948663 0.000000 0.000000 0.000000 1.000000 0.000000 0.000000
31.000000 293.157523 0.403079 -1.904003 0.948780 0.000000 0.000000 0.000000 1.000000 0.000000 0.000000
31.000000 293.158082 0.375642 -1.912241 0.948690 0.000000 0.000000 0.000000 1.000000 0.000000 0.000000
31.000000 293.167904 0.313576 -1.910716 0.966200 0.000000 0.000000 0.000000 1.000000 0.000000 0.000000
31.000000 293.168384 0.324231 -1.907248 0.974364 0.000000 0.000000 0.000000 1.000000 0.000000 0.000000
31.000000 293.177917 0.079211 -1.900452 0.937237 0.000000 0.000000 0.000000 1.000000 0.000000 0.000000
31.000000 293.178272 0.071851 -1.902972 0.922544 0.000000 0.000000 0.000000 1.000000 0.000000 0.000000
31.000000 293.187729 0.283626 -1.908567 0.932389 0.000000 0.000000 0.000000 1.000000 0.000000 0.000000
31.000000 293.188170 0.219553 -1.927685 0.936566 0.000000 0.000000 0.000000 1.000000 0.000000 0.000000
31.000000 293.197443 0.279705 -1.929323 0.947548 0.000000 0.000000 0.000000 1.000000 0.000000 0.000000
31.000000 293.198226 0.278392 -1.929711 0.948755 0.000000 0.000000 0.000000 1.000000 0.000000 0.000000
31.000000 293.208111 0.247802 -1.928902 0.946205 0.000000 0.000000 0.000000 1.000000 0.000000 0.000000
31.000000 293.208169 0.250981 -1.927946 0.946610 0.000000 0.000000 0.000000 1.000000 0.000000 0.000000
31.000000 293.217510 0.217048 -1.927026 0.941051 0.000000 0.000000 0.000000 1.000000 0.000000 0.000000
31.000000 293.218139 0.199016 -1.932432 0.941510 0.000000 0.000000 0.000000 1.000000 0.000000 0.000000
31.000000 293.227646 0.044776 -1.928388 0.930596 0.000000 0.000000 0.000000 1.000000 0.000000 0.000000
31.000000 293.228272 0.000122 -1.941714 0.925615 0.000000 0.000000 0.000000 1.000000 0.000000 0.000000
31.000000 293.237463 0.086721 -1.943929 0.928835 0.000000 0.000000 0.000000 1.000000 0.000000 0.000000
31.000000 293.238190 0.100431 -1.939824 0.934735 0.000000 0.000000 0.000000 1.000000 0.000000 0.000000
31.000000 293.247544 0.053849 -1.938604 0.924757 0.000000 0.000000 0.000000 1.000000 0.000000 0.000000
31.000000 293.248209 0.022858 -1.947852 0.914555 0.000000 0.000000 0.000000 1.000000 0.000000 0.000000
31.000000 293.257908 0.005628 -1.947407 0.906422 0.000000 0.000000 0.000000 1.000000 0.000000 0.000000
31.000000 293.258177 -0.013265 -1.953044 0.901224 0.000000 0.000000 0.000000 1.000000 0.000000 0.000000
31.000000 293.267720 0.002217 -1.953473 0.892738 0.000000 0.000000 0.000000 1.000000 0.000000 0.000000
31.000000 293.268260 0.036727 -1.943139 0.892284 0.000000 0.000000 0.000000 1.000000 0.000000 0.000000
31.000000 293.277567 -0.059628 -1.940779 0.908054 0.000000 0.000000 0.000000 1.000000 0.000000 0.000000
31.000000 293.278200 -0.126618 -1.960714 0.900910 0.000000 0.000000 0.000000 1.000000 0.000000 0.000000
31.000000 293.287724 -0.160611 -1.959768 0.873864 0.000000 0.000000 0.000000 1.000000 0.000000 0.000000
31.000000 293.288271 -0.138973 -1.953397 0.865459 0.000000 0.000000 0.000000 1.000000 0.000000 0.000000
31.000000 293.297581 -0.108910 -1.954154 0.864080 0.000000 0.000000 0.000000 1.000000 0.000000 0.000000
31.000000 293.298248 -0.113392 -1.955489 0.863504 0.000000 0.000000 0.000000 1.000000 0.000000 0.000000
31.000000 293.307695 -0.148075 -1.954613 0.857050 0.000000 0.000000 0.000000 1.000000 0.000000 0.000000
31.000000 293.308304 -0.195763 -1.968860 0.842520 0.000000 0.000000 0.000000 1.000000 0.000000 0.000000
31.000000 293.317499 -0.205702 -1.968618 0.831410 0.000000 0.000000 0.000000 1.000000 0.000000 0.000000
31.000000 293.318194 -0.213813 -1.971091 0.822657 0.000000 0.000000 0.000000 1.000000 0.000000 0.000000
31.000000 293.327635 -0.250851 -1.970183 0.811703 0.000000 0.000000 0.000000 1.000000 0.000000 0.000000
31.000000 293.328261 -0.264679 -1.974294 0.809207 0.000000 0.000000 0.000000 1.000000 0.000000 0.000000
31.000000 293.337551 -0.295857 -1.973589 0.799224 0.000000 0.000000 0.000000 1.000000 0.000000 0.000000
31.000000 293.338167 -0.305059 -1.976375 0.792045 0.000000 0.000000 0.000000 1.000000 0.000000 0.000000
31.000000 293.347571 -0.247270 -1.977821 0.795000 0.000000 0.000000 0.000000 1.000000 0.000000 0.000000
31.000000 293.348325 -0.208785 -1.966438 0.793707 0.000000 0.000000 0.000000 1.000000 0.000000 0.000000
31.000000 293.357499 -0.262603 -1.965119 0.782549 0.000000 0.000000 0.000000 1.000000 0.000000 0.000000
31.000000 293.358198 -0.313471 -1.980252 0.771328 0.000000 0.000000 0.000000 1.000000 0.000000 0.000000
31.000000 293.367919 -0.383513 -1.978713 0.750441 0.000000 0.000000 0.000000 1.000000 0.000000 0.000000
31.000000 293.368268 -0.430090 -1.992608 0.735659 0.000000 0.000000 0.000000 1.000000 0.000000 0.000000
31.000000 293.377505 -0.491409 -1.991354 0.718230 0.000000 0.000000 0.000000 1.000000 0.000000 0.000000
31.000000 293.378151 -0.457361 -1.981433 0.715719 0.000000 0.000000 0.000000 1.000000 0.000000 0.000000
31.000000 293.387560 -0.417983 -1.982497 0.714830 0.000000 0.000000 0.000000 1.000000 0.000000 0.000000
31.000000 293.388335 -0.445479 -1.990754 0.702783 0.000000 0.000000 0.000000 1.000000 0.000000 0.000000
31.000000 293.397688 -0.453491 -1.990721 0.693352 0.000000 0.000000 0.000000 1.000000 0.000000 0.000000
31.000000 293.398204 -0.543409 -2.017482 0.670488 0.000000 0.000000 0.000000 1.000000 0.000000 0.000000
31.000000 293.407975 -0.414347 -2.020640 0.674381 0.000000 0.000000 0.000000 1.000000 0.000000 0.000000
31.000000 293.408459 -0.360315 -2.004674 0.677272 0.000000 0.000000 0.000000 1.000000 0.000000 0.000000
31.000000 293.417550 -0.584474 -1.999966 0.635554 0.000000 0.000000 0.000000 1.000000 0.000000 0.000000
31.000000 293.418334 -0.578089 -1.998402 0.624903 0.000000 0.000000 0.000000 1.000000 0.000000 0.000000
31.000000 293.427810 -0.647748 -1.997192 0.606209 0.000000 0.000000 0.000000 1.000000 0.000000 0.000000
31.000000 293.428504 -0.661991 -2.001812 0.589094 0.000000 0.000000 0.000000 1.000000 0.000000 0.000000
31.000000 293.437717 -0.578103 -2.004025 0.590328 0.000000 0.000000 0.000000 1.000000 0.000000 0.000000
31.000000 293.438341 -0.605114 -2.012251 0.575524 0.000000 0.000000 0.000000 1.000000 0.000000 0.000000
31.000000 293.447626 -0.679840 -2.010910 0.553287 0.000000 0.000000 0.000000 1.000000 0.000000 0.000000
31.000000 293.448416 -0.690951 -2.014404 0.544255 0.000000 0.000000 0.000000 1.000000 0.000000 0.000000
31.000000 293.457654 -0.726247 -2.014043 0.528889 0.000000 0.000000 0.000000 1.000000 0.000000 0.000000
31.000000 293.458419 -0.687891 -2.003251 0.519381 0.000000 0.000000 0.000000 1.000000 0.000000 0.000000
31.000000 293.467867 -0.720424 -2.003279 0.496179 0.000000 0.000000 0.000000 1.000000 0.000000 0.000000
31.000000 293.468505 -0.708861 -2.000363 0.485219 0.000000 0.000000 0.000000 1.000000 0.000000 0.000000
31.000000 293.477547 -0.716148 -2.000477 0.477522 0.000000 0.000000 0.000000 1.000000 0.000000 0.000000
31.000000 293.478387 -0.823608 -2.032411 0.449937 0.000000 0.000000 0.000000 1.000000 0.000000 0.000000
31.000000 293.487662 -0.913484 -2.031088 0.422519 0.000000 0.000000 0.000000 1.000000 0.000000 0.000000
31.000000 293.488290 -0.892507 -2.025636 0.408233 0.000000 0.000000 0.000000 1.000000 0.000000 0.000000
31.000000 293.497561 -0.918390 -2.025339 0.395549 0.000000 0.000000 0.000000 1.000000 0.000000 0.000000
31.000000 293.498280 -0.732023 -2.022073 0.396144 0.000000 0.000000 0.000000 1.000000 0.000000 0.000000
31.000000 293.507702 -0.852755 -2.019554 0.373753 0.000000 0.000000 0.000000 1.000000 0.000000 0.000000
31.000000 293.508459 -0.882004 -2.028407 0.361147 0.000000 0.000000 0.000000 1.000000 0.000000 0.000000
31.000000 293.517614 -0.947279 -2.028501 0.325183 0.000000 0.000000 0.000000 1.000000 0.000000 0.000000
31.000000 293.518228 -0.960202 -2.033246 0.306665 0.000000 0.000000 0.000000 1.000000 0.000000 0.000000
31.000000 293.527646 -1.001011 -2.032226 0.303908 0.000000 0.000000 0.000000 1.000000 0.000000 0.000000
31.000000 293.528384 -0.967932 -2.023093 0.291850 0.000000 0.000000 0.000000 1.000000 0.000000 0.000000
31.000000 293.537655 -0.917885 -2.024923 0.273723 0.000000 0.000000 0.000000 1.000000 0.000000 0.000000
31.000000 293.538252 -0.960852 -2.038037 0.255030 0.000000 0.000000 0.000000 1.000000 0.000000 0.000000
31.000000 293.547708 -0.818766 -2.042077 0.255451 0.000000 0.000000 0.000000 1.000000 0.000000 0.000000
31.000000 293.548537 -0.826000 -2.044891 0.239970 0.000000 0.000000 0.000000 1.000000 0.000000 0.000000
31.000000 293.557592 -0.820757 -2.045895 0.224777 0.000000 0.000000 0.000000 1.000000 0.000000 0.000000
31.000000 293.558348 -0.806222 -2.042609 0.205193 0.000000 0.000000 0.000000 1.000000 0.000000 0.000000
31.000000 293.597657 -1.200714 -2.043238 0.030515 0.000000 0.000000 0.000000 1.000000 0.000000 0.000000
31.000000 293.598260 -1.220847 -2.050031 0.009017 0.000000 0.000000 0.000000 1.000000 0.000000 0.000000
31.000000 293.607745 -0.992849 -2.054931 0.051601 0.000000 0.000000 0.000000 1.000000 0.000000 0.000000
31.000000 293.608477 -1.007884 -2.058564 0.071983 0.000000 0.000000 0.000000 1.000000 0.000000 0.000000
31.000000 293.637630 -1.343908 -2.052744 0.119193 0.000000 0.000000 0.000000 1.000000 0.000000 0.000000
31.000000 293.638411 -1.365263 -2.058198 0.139475 0.000000 0.000000 0.000000 1.000000 0.000000 0.000000
31.000000 293.647697 -1.366643 -2.057787 0.158796 0.000000 0.000000 0.000000 1.000000 0.000000 0.000000
31.000000 293.648493 -1.364866 -2.097686 0.163402 0.000000 0.000000 0.000000 1.000000 0.000000 0.000000
31.000000 293.657638 -1.510012 -2.094253 0.167394 0.000000 0.000000 0.000000 1.000000 0.000000 0.000000
31.000000 293.658513 -1.503026 -2.091732 0.184848 0.000000 0.000000 0.000000 1.000000 0.000000 0.000000
31.000000 293.667733 -1.593815 -2.089692 0.189003 0.000000 0.000000 0.000000 1.000000 0.000000 0.000000
31.000000 293.668480 -1.648829 -2.104964 0.198790 0.000000 0.000000 0.000000 1.000000 0.000000 0.000000
31.000000 293.677651 -1.628498 -2.105043 0.217459 0.000000 0.000000 0.000000 1.000000 0.000000 0.000000
31.000000 293.678445 -1.543293 -2.079933 0.245545 0.000000 0.000000 0.000000 1.000000 0.000000 0.000000
31.000000 293.697682 -1.351474 -2.090824 0.318139 0.000000 0.000000 0.000000 1.000000 0.000000 0.000000
31.000000 293.698348 -1.449910 -2.119204 0.312401 0.000000 0.000000 0.000000 1.000000 0.000000 0.000000
31.000000 293.707772 -1.579861 -2.116664 0.300546 0.000000 0.000000 0.000000 1.000000 0.000000 0.000000
31.000000 293.708512 -1.606815 -2.123589 0.316652 0.000000 0.000000 0.000000 1.000000 0.000000 0.000000
31.000000 293.717684 -1.805988 -2.119572 0.329769 0.000000 0.000000 0.000000 1.000000 0.000000 0.000000
31.000000 293.718388 -1.684653 -2.084842 0.356686 0.000000 0.000000 0.000000 1.000000 0.000000 0.000000
31.000000 293.737664 -1.561288 -2.117516 0.409487 0.000000 0.000000 0.000000 1.000000 0.000000 0.000000
31.000000 293.738427 -1.494521 -2.097899 0.429538 0.000000 0.000000 0.000000 1.000000 0.000000 0.000000
31.000000 293.747755 -1.512071 -2.097381 0.439614 0.000000 0.000000 0.000000 1.000000 0.000000 0.000000
31.000000 293.748493 -1.510066 -2.096369 0.454630 0.000000 0.000000 0.000000 1.000000 0.000000 0.000000
31.000000 293.757693 -1.504663 -2.096210 0.466481 0.000000 0.000000 0.000000 1.000000 0.000000 0.000000
31.000000 293.758429 -1.564182 -2.112898 0.472727 0.000000 0.000000 0.000000 1.000000 0.000000 0.000000
31.000000 293.777709 -1.796125 -2.098136 0.487210 0.000000 0.000000 0.000000 1.000000 0.000000 0.000000
31.000000 293.778696 -1.875727 -2.120563 0.485372 0.000000 0.000000 0.000000 1.000000 0.000000 0.000000
31.000000 293.787779 -1.953943 -2.119175 0.474191 0.000000 0.000000 0.000000 1.000000 0.000000 0.000000
31.000000 293.788496 -1.869992 -2.094775 0.491804 0.000000 0.000000 0.000000 1.000000 0.000000 0.000000
31.000000 293.797692 -1.563570 -2.099946 0.546130 0.000000 0.000000 0.000000 1.000000 0.000000 0.000000
31.000000 293.798476 -1.552288 -2.095948 0.563053 0.000000 0.000000 0.000000 1.000000 0.000000 0.000000
31.000000 293.807791 -1.624932 -2.093942 0.564477 0.000000 0.000000 0.000000 1.000000 0.000000 0.000000
31.000000 293.808553 -1.749256 -2.129579 0.551392 0.000000 0.000000 0.000000 1.000000 0.000000 0.000000
31.000000 293.818055 -1.974893 -2.125515 0.521667 0.000000 0.000000 0.000000 1.000000 0.000000 0.000000
31.000000 293.818487 -1.950275 -2.116942 0.544302 0.000000 0.000000 0.000000 1.000000 0.000000 0.000000
31.000000 293.827828 -1.939352 -2.115063 0.573833 0.000000 0.000000 0.000000 1.000000 0.000000 0.000000
31.000000 293.828595 -2.044600 -2.145188 0.558624 0.000000 0.000000 0.000000 1.000000 0.000000 0.000000
31.000000 293.837698 -2.171745 -2.142861 0.545649 0.000000 0.000000 0.000000 1.000000 0.000000 0.000000
31.000000 293.838527 -2.154302 -2.137718 0.553145 0.000000 0.000000 0.000000 1.000000 0.000000 0.000000
31.000000 293.847901 -2.089274 -2.138738 0.566778 0.000000 0.000000 0.000000 1.000000 0.000000 0.000000
31.000000 293.848524 -2.118741 -2.146653 0.574881 0.000000 0.000000 0.000000 1.000000 0.000000 0.000000
31.000000 293.857772 -2.111378 -2.146360 0.587388 0.000000 0.000000 0.000000 1.000000 0.000000 0.000000
31.000000 293.858472 -2.056354 -2.130115 0.607434 0.000000 0.000000 0.000000 1.000000 0.000000 0.000000
31.000000 293.867848 -2.113099 -2.129293 0.597228 0.000000 0.000000 0.000000 1.000000 0.000000 0.000000
31.000000 293.868564 -2.166143 -2.144659 0.585990 0.000000 0.000000 0.000000 1.000000 0.000000 0.000000
31.000000 293.877729 -2.234426 -2.142926 0.595190 0.000000 0.000000 0.000000 1.000000 0.000000 0.000000
31.000000 293.878520 -2.195416 -2.131367 0.614855 0.000000 0.000000 0.000000 1.000000 0.000000 0.000000
31.000000 293.887840 -2.121735 -2.132520 0.628167 0.000000 0.000000 0.000000 1.000000 0.000000 0.000000
31.000000 293.888586 -2.173391 -2.147255 0.620719 0.000000 0.000000 0.000000 1.000000 0.000000 0.000000
31.000000 293.897797 -2.225204 -2.146334 0.614649 0.000000 0.000000 0.000000 1.000000 0.000000 0.000000
31.000000 293.898542 -2.296132 -2.166335 0.609321 0.000000 0.000000 0.000000 1.000000 0.000000 0.000000
31.000000 293.907986 -2.325804 -2.165698 0.609346 0.000000 0.000000 0.000000 1.000000 0.000000 0.000000
31.000000 293.908578 -2.240403 -2.140907 0.631203 0.000000 0.000000 0.000000 1.000000 0.000000 0.000000
31.000000 293.917765 -2.467628 -2.136805 0.604854 0.000000 0.000000 0.000000 1.000000 0.000000 0.000000
31.000000 293.918683 -2.457376 -2.134180 0.601539 0.000000 0.000000 0.000000 1.000000 0.000000 0.000000
31.000000 293.927816 -2.274649 -2.137491 0.622723 0.000000 0.000000 0.000000 1.000000 0.000000 0.000000
31.000000 293.928635 -2.271413 -2.135757 0.635430 0.000000 0.000000 0.000000 1.000000 0.000000 0.000000
31.000000 293.937802 -2.304097 -2.134941 0.634270 0.000000 0.000000 0.000000 1.000000 0.000000 0.000000
31.000000 293.938452 -2.374233 -2.155060 0.621686 0.000000 0.000000 0.000000 1.000000 0.000000 0.000000
31.000000 293.947885 -2.385080 -2.154094 0.648479 0.000000 0.000000 0.000000 1.000000 0.000000 0.000000
31.000000 293.948717 -2.451175 -2.172781 0.642385 0.000000 0.000000 0.000000 1.000000 0.000000 0.000000
31.000000 293.957768 -2.433875 -2.173083 0.645854 0.000000 0.000000 0.000000 1.000000 0.000000 0.000000
31.000000 293.958850 -2.401368 -2.163862 0.644344 0.000000 0.000000 0.000000 1.000000 0.000000 0.000000
31.000000 293.967918 -2.461147 -2.162858 0.618007 0.000000 0.000000 0.000000 1.000000 0.000000 0.000000
31.000000 293.968605 -2.515962 -2.177789 0.622842 0.000000 0.000000 0.000000 1.000000 0.000000 0.000000
31.000000 293.977783 -2.565109 -2.177273 0.612659 0.000000 0.000000 0.000000 1.000000 0.000000 0.000000
31.000000 293.978521 -2.599330 -2.185436 0.624940 0.000000 0.000000 0.000000 1.000000 0.000000 0.000000
31.000000 293.988191 -2.461057 -2.150196 0.635274 0.000000 0.000000 0.000000 1.000000 0.000000 0.000000
31.000000 293.988690 -2.585303 -2.185313 0.618439 0.000000 0.000000 0.000000 1.000000 0.000000 0.000000
31.000000 293.997874 -2.521964 -2.186299 0.627041 0.000000 0.000000 0.000000 1.000000 0.000000 0.000000
31.000000 293.998740 -2.511053 -2.183337 0.625217 0.000000 0.000000 0.000000 1.000000 0.000000 0.000000
31.000000 294.008425 -2.641111 -2.181054 0.619032 0.000000 0.000000 0.000000 1.000000 0.000000 0.000000
31.000000 294.008608 -2.705735 -2.199207 0.613149 0.000000 0.000000 0.000000 1.000000 0.000000 0.000000
31.000000 294.017788 -2.764472 -2.199265 0.582833 0.000000 0.000000 0.000000 1.000000 0.000000 0.000000
31.000000 294.018575 -2.678562 -2.175376 0.589835 0.000000 0.000000 0.000000 1.000000 0.000000 0.000000
31.000000 294.027891 -2.635804 -2.176383 0.590700 0.000000 0.000000 0.000000 1.000000 0.000000 0.000000
31.000000 294.028711 -2.732508 -2.203120 0.584600 0.000000 0.000000 0.000000 1.000000 0.000000 0.000000
31.000000 294.037787 -2.815589 -2.201104 0.583573 0.000000 0.000000 0.000000 1.000000 0.000000 0.000000
31.000000 294.038589 -2.811253 -2.200081 0.581072 0.000000 0.000000 0.000000 1.000000 0.000000 0.000000
31.000000 294.047872 -2.779394 -2.200249 0.591448 0.000000 0.000000 0.000000 1.000000 0.000000 0.000000
31.000000 294.048705 -2.776934 -2.199944 0.578757 0.000000 0.000000 0.000000 1.000000 0.000000 0.000000
31.000000 294.058075 -2.643934 -2.202586 0.576225 0.000000 0.000000 0.000000 1.000000 0.000000 0.000000
31.000000 294.058706 -2.594317 -2.188757 0.579239 0.000000 0.000000 0.000000 1.000000 0.000000 0.000000
31.000000 294.067902 -2.816594 -2.184783 0.566443 0.000000 0.000000 0.000000 1.000000 0.000000 0.000000
31.000000 294.068647 -2.842532 -2.191999 0.565523 0.000000 0.000000 0.000000 1.000000 0.000000 0.000000
31.000000 294.077802 -2.849095 -2.193389 0.536886 0.000000 0.000000 0.000000 1.000000 0.000000 0.000000
31.000000 294.078565 -2.875164 -2.200814 0.532211 0.000000 0.000000 0.000000 1.000000 0.000000 0.000000
31.000000 294.088142 -2.908482 -2.199649 0.536602 0.000000 0.000000 0.000000 1.000000 0.000000 0.000000
31.000000 294.088714 -2.924214 -2.204843 0.516734 0.000000 0.000000 0.000000 1.000000 0.000000 0.000000
31.000000 294.097831 -2.795301 -2.207236 0.519753 0.000000 0.000000 0.000000 1.000000 0.000000 0.000000
31.000000 294.098598 -2.803832 -2.209833 0.514467 0.000000 0.000000 0.000000 1.000000 0.000000 0.000000
31.000000 294.107938 -2.987868 -2.206760 0.502908 0.000000 0.000000 0.000000 1.000000 0.000000 0.000000
31.000000 294.108711 -3.029020 -2.218305 0.486929 0.000000 0.000000 0.000000 1.000000 0.000000 0.000000
31.000000 294.117876 -2.994381 -2.218838 0.473978 0.000000 0.000000 0.000000 1.000000 0.000000 0.000000
31.000000 294.118601 -3.003645 -2.221124 0.480248 0.000000 0.000000 0.000000 1.000000 0.000000 0.000000
31.000000 294.127921 -3.046284 -2.220899 0.467570 0.000000 0.000000 0.000000 1.000000 0.000000 0.000000
31.000000 294.128747 -3.042276 -2.220611 0.449866 0.000000 0.000000 0.000000 1.000000 0.000000 0.000000
31.000000 294.137892 -3.128415 -2.220096 0.420222 0.000000 0.000000 0.000000 1.000000 0.000000 0.000000
31.000000 294.138827 -3.137405 -2.222990 0.412692 0.000000 0.000000 0.000000 1.000000 0.000000 0.000000
31.000000 294.147920 -2.873301 -2.227222 0.439667 0.000000 0.000000 0.000000 1.000000 0.000000 0.000000
31.000000 294.148687 -2.868641 -2.226285 0.433970 0.000000 0.000000 0.000000 1.000000 0.000000 0.000000
31.000000 294.187880 -3.160276 -2.211663 0.341764 0.000000 0.000000 0.000000 1.000000 0.000000 0.000000
31.000000 294.188884 -3.156044 -2.211434 0.327370 0.000000 0.000000 0.000000 1.000000 0.000000 0.000000
31.000000 294.197817 -3.165875 -2.213484 0.318358 0.000000 0.000000 0.000000 1.000000 0.000000 0.000000
31.000000 294.198782 -3.197656 -2.222655 0.308809 0.000000 0.000000 0.000000 1.000000 0.000000 0.000000
31.000000 294.207970 -3.227011 -2.222900 0.294440 0.000000 0.000000 0.000000 1.000000 0.000000 0.000000
31.000000 294.208773 -3.179105 -2.210539 0.285780 0.000000 0.000000 0.000000 1.000000 0.000000 0.000000
31.000000 294.217814 -3.309022 -2.216855 0.234778 0.000000 0.000000 0.000000 1.000000 0.000000 0.000000
31.000000 294.218682 -3.337983 -2.226281 0.218488 0.000000 0.000000 0.000000 1.000000 0.000000 0.000000
31.000000 294.227916 -3.215211 -2.228699 0.228457 0.000000 0.000000 0.000000 1.000000 0.000000 0.000000
31.000000 294.228750 -3.186054 -2.221340 0.225051 0.000000 0.000000 0.000000 1.000000 0.000000 0.000000
31.000000 294.257848 -3.419807 -2.233088 0.138650 0.000000 0.000000 0.000000 1.000000 0.000000 0.000000
31.000000 294.258640 -3.442910 -2.240450 0.121622 0.000000 0.000000 0.000000 1.000000 0.000000 0.000000
31.000000 294.267939 -3.488304 -2.241812 0.089897 0.000000 0.000000 0.000000 1.000000 0.000000 0.000000
31.000000 294.268755 -3.551495 -2.260676 0.066614 0.000000 0.000000 0.000000 1.000000 0.000000 0.000000
31.000000 294.277810 -3.563465 -2.260988 0.059050 0.000000 0.000000 0.000000 1.000000 0.000000 0.000000
31.000000 294.278687 -3.466506 -2.235205 0.059579 0.000000 0.000000 0.000000 1.000000 0.000000 0.000000
31.000000 294.287925 -3.333676 -2.238105 0.063516 0.000000 0.000000 0.000000 1.000000 0.000000 0.000000
31.000000 294.288688 -3.329391 -2.238253 0.046117 0.000000 0.000000 0.000000 1.000000 0.000000 0.000000
31.000000 294.297851 -3.322652 -2.238530 0.043166 0.000000 0.000000 0.000000 1.000000 0.000000 0.000000
31.000000 294.298635 -3.461964 -2.277280 0.022165 0.000000 0.000000 0.000000 1.000000 0.000000 0.000000
31.000000 294.337889 -3.481784 -2.284897 0.126562 0.000000 0.000000 0.000000 1.000000 0.000000 0.000000
31.000000 294.338709 -3.395583 -2.260312 0.150304 0.000000 0.000000 0.000000 1.000000 0.000000 0.000000
31.000000 294.348140 -3.632297 -2.256560 0.130750 0.000000 0.000000 0.000000 1.000000 0.000000 0.000000
31.000000 294.348791 -3.734659 -2.283471 0.136581 0.000000 0.000000 0.000000 1.000000 0.000000 0.000000
