14.000000 132.046798 23.337352 -0.217614 0.251355 0.000000 0.000000 0.000000 1.000000 0.000000 0.000000
14.000000 132.054764 23.297316 -0.229362 0.269030 0.000000 0.000000 0.000000 1.000000 0.000000 0.000000
14.000000 132.056734 23.207219 -0.227694 0.318155 0.000000 0.000000 0.000000 1.000000 0.000000 0.000000
14.000000 132.063566 23.308344 -0.198183 0.356205 0.000000 0.000000 0.000000 1.000000 0.000000 0.000000
14.000000 132.064427 23.484629 -0.241977 0.349502 0.000000 0.000000 0.000000 1.000000 0.000000 0.000000
14.000000 132.066742 23.103769 -0.239770 0.379126 0.000000 0.000000 0.000000 1.000000 0.000000 0.000000
14.000000 132.073495 23.178029 -0.219222 0.401852 0.000000 0.000000 0.000000 1.000000 0.000000 0.000000
14.000000 132.074587 23.251889 -0.236455 0.448528 0.000000 0.000000 0.000000 1.000000 0.000000 0.000000
14.000000 132.076836 22.953162 -0.234295 0.485709 0.000000 0.000000 0.000000 1.000000 0.000000 0.000000
14.000000 132.083503 23.048397 -0.206764 0.504593 0.000000 0.000000 0.000000 1.000000 0.000000 0.000000
14.000000 132.084512 23.141493 -0.229526 0.533401 0.000000 0.000000 0.000000 1.000000 0.000000 0.000000
14.000000 132.086761 22.843344 -0.227289 0.589800 0.000000 0.000000 0.000000 1.000000 0.000000 0.000000
14.000000 132.093690 22.919418 -0.205124 0.618797 0.000000 0.000000 0.000000 1.000000 0.000000 0.000000
14.000000 132.094447 22.998546 -0.224600 0.649472 0.000000 0.000000 0.000000 1.000000 0.000000 0.000000
14.000000 132.096960 22.632382 -0.222667 0.694972 0.000000 0.000000 0.000000 1.000000 0.000000 0.000000
14.000000 132.103393 22.757653 -0.185883 0.705593 0.000000 0.000000 0.000000 1.000000 0.000000 0.000000
14.000000 132.104558 22.949742 -0.234052 0.726612 0.000000 0.000000 0.000000 1.000000 0.000000 0.000000
14.000000 132.106749 22.474466 -0.231085 0.776906 0.000000 0.000000 0.000000 1.000000 0.000000 0.000000
14.000000 132.113600 22.626843 -0.185977 0.784617 0.000000 0.000000 0.000000 1.000000 0.000000 0.000000
14.000000 132.114580 22.729284 -0.211272 0.817631 0.000000 0.000000 0.000000 1.000000 0.000000 0.000000
14.000000 132.116888 22.420469 -0.209449 0.849287 0.000000 0.000000 0.000000 1.000000 0.000000 0.000000
14.000000 132.123697 22.518824 -0.180336 0.867251 0.000000 0.000000 0.000000 1.000000 0.000000 0.000000
14.000000 132.126746 22.430290 -0.156862 0.909918 0.000000 0.000000 0.000000 1.000000 0.000000 0.000000
14.000000 132.130648 22.110123 -0.231190 0.969273 0.000000 0.000000 0.000000 1.000000 0.000000 0.000000
14.000000 132.133566 22.116063 -0.155435 1.002222 0.000000 0.000000 0.000000 1.000000 0.000000 0.000000
14.000000 132.134634 22.544603 -0.214033 0.952858 0.000000 0.000000 0.000000 1.000000 0.000000 0.000000
14.000000 132.136839 22.124035 -0.211206 1.008482 0.000000 0.000000 0.000000 1.000000 0.000000 0.000000
14.000000 132.140665 22.010595 -0.226108 1.045564 0.000000 0.000000 0.000000 1.000000 0.000000 0.000000
14.000000 132.143547 22.053700 -0.165710 1.091867 0.000000 0.000000 0.000000 1.000000 0.000000 0.000000
14.000000 132.144543 22.411351 -0.205325 1.048066 0.000000 0.000000 0.000000 1.000000 0.000000 0.000000
14.000000 132.146822 21.991153 -0.202657 1.091601 0.000000 0.000000 0.000000 1.000000 0.000000 0.000000
14.000000 132.150653 21.894897 -0.215342 1.117268 0.000000 0.000000 0.000000 1.000000 0.000000 0.000000
14.000000 132.153661 21.980297 -0.181895 1.178083 0.000000 0.000000 0.000000 1.000000 0.000000 0.000000
14.000000 132.154593 22.158092 -0.184261 1.149011 0.000000 0.000000 0.000000 1.000000 0.000000 0.000000
14.000000 132.156927 21.929136 -0.182847 1.157743 0.000000 0.000000 0.000000 1.000000 0.000000 0.000000
14.000000 132.160692 21.787623 -0.209220 1.188735 0.000000 0.000000 0.000000 1.000000 0.000000 0.000000
14.000000 132.163756 21.882810 -0.181226 1.253238 0.000000 0.000000 0.000000 1.000000 0.000000 0.000000
14.000000 132.164563 22.047840 -0.183156 1.225189 0.000000 0.000000 0.000000 1.000000 0.000000 0.000000
14.000000 132.166805 21.778054 -0.181360 1.243528 0.000000 0.000000 0.000000 1.000000 0.000000 0.000000
14.000000 132.170652 21.686009 -0.199791 1.265105 0.000000 0.000000 0.000000 1.000000 0.000000 0.000000
14.000000 132.173713 21.748566 -0.161839 1.305890 0.000000 0.000000 0.000000 1.000000 0.000000 0.000000
14.000000 132.174633 22.002110 -0.181752 1.279798 0.000000 0.000000 0.000000 1.000000 0.000000 0.000000
14.000000 132.176982 21.667186 -0.179916 1.316428 0.000000 0.000000 0.000000 1.000000 0.000000 0.000000
14.000000 132.180742 21.578522 -0.198389 1.334988 0.000000 0.000000 0.000000 1.000000 0.000000 0.000000
14.000000 132.183653 21.646733 -0.164132 1.375829 0.000000 0.000000 0.000000 1.000000 0.000000 0.000000
14.000000 132.184542 21.867137 -0.176641 1.352635 0.000000 0.000000 0.000000 1.000000 0.000000 0.000000
14.000000 132.186815 21.553762 -0.174833 1.389284 0.000000 0.000000 0.000000 1.000000 0.000000 0.000000
14.000000 132.190657 21.483454 -0.190854 1.406254 0.000000 0.000000 0.000000 1.000000 0.000000 0.000000
14.000000 132.193643 21.569264 -0.163196 1.448731 0.000000 0.000000 0.000000 1.000000 0.000000 0.000000
14.000000 132.194664 21.743131 -0.161495 1.427131 0.000000 0.000000 0.000000 1.000000 0.000000 0.000000
14.000000 132.196868 21.449470 -0.159993 1.450401 0.000000 0.000000 0.000000 1.000000 0.000000 0.000000
14.000000 132.200683 21.362202 -0.181202 1.464037 0.000000 0.000000 0.000000 1.000000 0.000000 0.000000
14.000000 132.203565 21.472434 -0.160270 1.514895 0.000000 0.000000 0.000000 1.000000 0.000000 0.000000
14.000000 132.204623 21.629635 -0.153713 1.489494 0.000000 0.000000 0.000000 1.000000 0.000000 0.000000
14.000000 132.206834 21.327044 -0.151845 1.517789 0.000000 0.000000 0.000000 1.000000 0.000000 0.000000
14.000000 132.210699 21.258437 -0.171022 1.534676 0.000000 0.000000 0.000000 1.000000 0.000000 0.000000
14.000000 132.213678 21.383576 -0.159145 1.583944 0.000000 0.000000 0.000000 1.000000 0.000000 0.000000
14.000000 132.214681 21.497304 -0.142045 1.567770 0.000000 0.000000 0.000000 1.000000 0.000000 0.000000
14.000000 132.216921 21.239851 -0.140751 1.588164 0.000000 0.000000 0.000000 1.000000 0.000000 0.000000
14.000000 132.220699 21.149311 -0.167674 1.600671 0.000000 0.000000 0.000000 1.000000 0.000000 0.000000
14.000000 132.223608 21.267342 -0.153137 1.644882 0.000000 0.000000 0.000000 1.000000 0.000000 0.000000
14.000000 132.224638 21.402008 -0.141310 1.629286 0.000000 0.000000 0.000000 1.000000 0.000000 0.000000
14.000000 132.226772 21.096606 -0.140237 1.642733 0.000000 0.000000 0.000000 1.000000 0.000000 0.000000
14.000000 132.230632 21.016173 -0.159225 1.645510 0.000000 0.000000 0.000000 1.000000 0.000000 0.000000
14.000000 132.233635 21.178696 -0.157889 1.710254 0.000000 0.000000 0.000000 1.000000 0.000000 0.000000
14.000000 132.234667 21.253841 -0.134503 1.699155 0.000000 0.000000 0.000000 1.000000 0.000000 0.000000
14.000000 132.236876 21.004104 -0.133340 1.718596 0.000000 0.000000 0.000000 1.000000 0.000000 0.000000
14.000000 132.240411 20.715565 -0.196999 1.720631 0.000000 0.000000 0.000000 1.000000 0.000000 0.000000
14.000000 132.240667 20.784961 -0.109651 1.695521 0.000000 0.000000 0.000000 1.000000 0.000000 0.000000
14.000000 132.243612 21.094818 -0.157469 1.772718 0.000000 0.000000 0.000000 1.000000 0.000000 0.000000
14.000000 132.244598 21.115019 -0.118626 1.766668 0.000000 0.000000 0.000000 1.000000 0.000000 0.000000
14.000000 132.246921 20.902117 -0.117725 1.780122 0.000000 0.000000 0.000000 1.000000 0.000000 0.000000
14.000000 132.250348 20.629929 -0.188110 1.790829 0.000000 0.000000 0.000000 1.000000 0.000000 0.000000
14.000000 132.250591 20.703384 -0.112885 1.771988 0.000000 0.000000 0.000000 1.000000 0.000000 0.000000
14.000000 132.253833 21.033379 -0.184757 1.847448 0.000000 0.000000 0.000000 1.000000 0.000000 0.000000
14.000000 132.254614 20.969381 -0.141313 1.838795 0.000000 0.000000 0.000000 1.000000 0.000000 0.000000
14.000000 132.256951 20.718260 -0.139769 1.848024 0.000000 0.000000 0.000000 1.000000 0.000000 0.000000
14.000000 132.260358 20.537278 -0.179806 1.848988 0.000000 0.000000 0.000000 1.000000 0.000000 0.000000
14.000000 132.260791 20.608637 -0.105337 1.829295 0.000000 0.000000 0.000000 1.000000 0.000000 0.000000
14.000000 132.263619 20.906930 -0.157350 1.893242 0.000000 0.000000 0.000000 1.000000 0.000000 0.000000
14.000000 132.264632 20.863261 -0.110404 1.894082 0.000000 0.000000 0.000000 1.000000 0.000000 0.000000
14.000000 132.266935 20.652191 -0.109589 1.907719 0.000000 0.000000 0.000000 1.000000 0.000000 0.000000
14.000000 132.270442 20.428548 -0.163448 1.910502 0.000000 0.000000 0.000000 1.000000 0.000000 0.000000
14.000000 132.270697 20.484326 -0.100817 1.886458 0.000000 0.000000 0.000000 1.000000 0.000000 0.000000
14.000000 132.273786 20.806221 -0.155363 1.955128 0.000000 0.000000 0.000000 1.000000 0.000000 0.000000
14.000000 132.274658 20.771157 -0.107266 1.952739 0.000000 0.000000 0.000000 1.000000 0.000000 0.000000
14.000000 132.277028 20.550544 -0.106352 1.966714 0.000000 0.000000 0.000000 1.000000 0.000000 0.000000
14.000000 132.280457 20.313876 -0.164891 1.972394 0.000000 0.000000 0.000000 1.000000 0.000000 0.000000
14.000000 132.280704 20.380145 -0.095451 1.947387 0.000000 0.000000 0.000000 1.000000 0.000000 0.000000
14.000000 132.283556 20.720369 -0.160651 2.014413 0.000000 0.000000 0.000000 1.000000 0.000000 0.000000
14.000000 132.284570 20.605049 -0.096617 2.019099 0.000000 0.000000 0.000000 1.000000 0.000000 0.000000
14.000000 132.286932 20.432378 -0.095917 2.026788 0.000000 0.000000 0.000000 1.000000 0.000000 0.000000
14.000000 132.290331 20.197349 -0.156209 2.033440 0.000000 0.000000 0.000000 1.000000 0.000000 0.000000
14.000000 132.290645 20.264692 -0.089445 2.006103 0.000000 0.000000 0.000000 1.000000 0.000000 0.000000
14.000000 132.293812 20.569373 -0.158145 2.056796 0.000000 0.000000 0.000000 1.000000 0.000000 0.000000
14.000000 132.294654 20.395495 -0.092482 2.078143 0.000000 0.000000 0.000000 1.000000 0.000000 0.000000
14.000000 132.297003 20.316259 -0.092334 2.087125 0.000000 0.000000 0.000000 1.000000 0.000000 0.000000
14.000000 132.300724 20.080596 -0.153895 2.093485 0.000000 0.000000 0.000000 1.000000 0.000000 0.000000
14.000000 132.300750 20.154281 -0.084345 2.064365 0.000000 0.000000 0.000000 1.000000 0.000000 0.000000
14.000000 132.303753 20.535030 -0.166994 2.128063 0.000000 0.000000 0.000000 1.000000 0.000000 0.000000
14.000000 132.304597 20.344162 -0.089555 2.136428 0.000000 0.000000 0.000000 1.000000 0.000000 0.000000
14.000000 132.306882 20.199974 -0.088837 2.141118 0.000000 0.000000 0.000000 1.000000 0.000000 0.000000
14.000000 132.310328 19.966717 -0.145704 2.146324 0.000000 0.000000 0.000000 1.000000 0.000000 0.000000
14.000000 132.310640 20.035943 -0.074640 2.113819 0.000000 0.000000 0.000000 1.000000 0.000000 0.000000
14.000000 132.311836 20.268287 -0.144813 2.199431 0.000000 0.000000 0.000000 1.000000 0.000000 0.000000
14.000000 132.313714 20.132052 -0.038271 2.217741 0.000000 0.000000 0.000000 1.000000 0.000000 0.000000
14.000000 132.314656 20.299219 -0.087967 2.185371 0.000000 0.000000 0.000000 1.000000 0.000000 0.000000
14.000000 132.316998 20.068705 -0.087109 2.200704 0.000000 0.000000 0.000000 1.000000 0.000000 0.000000
14.000000 132.320597 19.869311 -0.135019 2.203689 0.000000 0.000000 0.000000 1.000000 0.000000 0.000000
14.000000 132.320767 19.931423 -0.072263 2.169162 0.000000 0.000000 0.000000 1.000000 0.000000 0.000000
14.000000 132.322018 20.154138 -0.138861 2.249035 0.000000 0.000000 0.000000 1.000000 0.000000 0.000000
14.000000 132.323651 20.017752 -0.030369 2.272224 0.000000 0.000000 0.000000 1.000000 0.000000 0.000000
14.000000 132.324638 20.171094 -0.074071 2.245203 0.000000 0.000000 0.000000 1.000000 0.000000 0.000000
14.000000 132.326858 20.022972 -0.073467 2.253289 0.000000 0.000000 0.000000 1.000000 0.000000 0.000000
14.000000 132.330370 19.743612 -0.145306 2.261895 0.000000 0.000000 0.000000 1.000000 0.000000 0.000000
14.000000 132.330729 19.825731 -0.065203 2.225645 0.000000 0.000000 0.000000 1.000000 0.000000 0.000000
14.000000 132.331851 20.029853 -0.126087 2.298832 0.000000 0.000000 0.000000 1.000000 0.000000 0.000000
14.000000 132.333832 19.912151 -0.039654 2.324722 0.000000 0.000000 0.000000 1.000000 0.000000 0.000000
14.000000 132.334690 20.000849 -0.068449 2.301803 0.000000 0.000000 0.000000 1.000000 0.000000 0.000000
14.000000 132.337082 19.875649 -0.068096 2.305389 0.000000 0.000000 0.000000 1.000000 0.000000 0.000000
14.000000 132.340755 19.633726 -0.134682 2.311923 0.000000 0.000000 0.000000 1.000000 0.000000 0.000000
14.000000 132.340797 19.718388 -0.061773 2.279488 0.000000 0.000000 0.000000 1.000000 0.000000 0.000000
14.000000 132.341782 19.929557 -0.124014 2.351418 0.000000 0.000000 0.000000 1.000000 0.000000 0.000000
14.000000 132.343552 19.803771 -0.031592 2.377204 0.000000 0.000000 0.000000 1.000000 0.000000 0.000000
14.000000 132.344655 19.928219 -0.070607 2.346885 0.000000 0.000000 0.000000 1.000000 0.000000 0.000000
14.000000 132.346891 19.733654 -0.069914 2.357677 0.000000 0.000000 0.000000 1.000000 0.000000 0.000000
14.000000 132.350912 19.742508 -0.078746 2.338355 0.000000 0.000000 0.000000 1.000000 0.000000 0.000000
14.000000 132.351881 19.813088 -0.115707 2.401017 0.000000 0.000000 0.000000 1.000000 0.000000 0.000000
14.000000 132.352531 19.669053 0.001700 2.408801 0.000000 0.000000 0.000000 1.000000 0.000000 0.000000
14.000000 132.353703 19.631192 -0.034984 2.389766 0.000000 0.000000 0.000000 1.000000 0.000000 0.000000
14.000000 132.354685 19.748620 -0.074715 2.394792 0.000000 0.000000 0.000000 1.000000 0.000000 0.000000
14.000000 132.357041 19.596547 -0.074176 2.411237 0.000000 0.000000 0.000000 1.000000 0.000000 0.000000
14.000000 132.360458 19.420435 -0.111876 2.411126 0.000000 0.000000 0.000000 1.000000 0.000000 0.000000
14.000000 132.360789 19.482853 -0.046767 2.370226 0.000000 0.000000 0.000000 1.000000 0.000000 0.000000
14.000000 132.361938 19.692169 -0.108095 2.447451 0.000000 0.000000 0.000000 1.000000 0.000000 0.000000
14.000000 132.363583 19.574854 -0.025571 2.481903 0.000000 0.000000 0.000000 1.000000 0.000000 0.000000
14.000000 132.364627 19.642088 -0.048359 2.458490 0.000000 0.000000 0.000000 1.000000 0.000000 0.000000
14.000000 132.367128 19.538174 -0.047908 2.463080 0.000000 0.000000 0.000000 1.000000 0.000000 0.000000
14.000000 132.370709 19.539458 -0.063847 2.436556 0.000000 0.000000 0.000000 1.000000 0.000000 0.000000
14.000000 132.370717 19.382977 -0.038859 2.417193 0.000000 0.000000 0.000000 1.000000 0.000000 0.000000
14.000000 132.371840 19.437624 0.008733 2.504640 0.000000 0.000000 0.000000 1.000000 0.000000 0.000000
14.000000 132.373632 19.452406 -0.013777 2.533884 0.000000 0.000000 0.000000 1.000000 0.000000 0.000000
14.000000 132.374661 19.560002 -0.046809 2.506722 0.000000 0.000000 0.000000 1.000000 0.000000 0.000000
14.000000 132.377130 19.417989 -0.046352 2.508710 0.000000 0.000000 0.000000 1.000000 0.000000 0.000000
14.000000 132.380511 19.195462 -0.104218 2.511487 0.000000 0.000000 0.000000 1.000000 0.000000 0.000000
14.000000 132.380877 19.276652 -0.032241 2.469238 0.000000 0.000000 0.000000 1.000000 0.000000 0.000000
14.000000 132.381820 19.441177 -0.080980 2.533985 0.000000 0.000000 0.000000 1.000000 0.000000 0.000000
14.000000 132.383624 19.335124 -0.010783 2.578889 0.000000 0.000000 0.000000 1.000000 0.000000 0.000000
14.000000 132.384649 19.418304 -0.037899 2.555831 0.000000 0.000000 0.000000 1.000000 0.000000 0.000000
14.000000 132.387139 19.314243 -0.037565 2.559068 0.000000 0.000000 0.000000 1.000000 0.000000 0.000000
14.000000 132.390383 19.088290 -0.099677 2.565856 0.000000 0.000000 0.000000 1.000000 0.000000 0.000000
14.000000 132.390994 19.174804 -0.028461 2.521634 0.000000 0.000000 0.000000 1.000000 0.000000 0.000000
14.000000 132.391827 19.330860 -0.074698 2.581879 0.000000 0.000000 0.000000 1.000000 0.000000 0.000000
14.000000 132.393681 19.211016 0.007123 2.629892 0.000000 0.000000 0.000000 1.000000 0.000000 0.000000
14.000000 132.394673 19.368744 -0.040060 2.592619 0.000000 0.000000 0.000000 1.000000 0.000000 0.000000
14.000000 132.397006 19.173055 -0.039189 2.603438 0.000000 0.000000 0.000000 1.000000 0.000000 0.000000
14.000000 132.400449 18.997071 -0.082985 2.614354 0.000000 0.000000 0.000000 1.000000 0.000000 0.000000
14.000000 132.401011 19.066458 -0.022754 2.563552 0.000000 0.000000 0.000000 1.000000 0.000000 0.000000
14.000000 132.401840 19.212417 -0.066465 2.623723 0.000000 0.000000 0.000000 1.000000 0.000000 0.000000
14.000000 132.403596 19.107812 -0.005888 2.669220 0.000000 0.000000 0.000000 1.000000 0.000000 0.000000
14.000000 132.404630 19.263067 -0.058356 2.633039 0.000000 0.000000 0.000000 1.000000 0.000000 0.000000
14.000000 132.406786 19.000141 -0.057604 2.656306 0.000000 0.000000 0.000000 1.000000 0.000000 0.000000
14.000000 132.410343 18.860232 -0.086737 2.657205 0.000000 0.000000 0.000000 1.000000 0.000000 0.000000
14.000000 132.410843 18.949862 -0.011198 2.605840 0.000000 0.000000 0.000000 1.000000 0.000000 0.000000
14.000000 132.411829 19.093996 -0.054515 2.666447 0.000000 0.000000 0.000000 1.000000 0.000000 0.000000
14.000000 132.413695 18.991351 0.007341 2.722607 0.000000 0.000000 0.000000 1.000000 0.000000 0.000000
14.000000 132.414709 19.074517 -0.020846 2.691999 0.000000 0.000000 0.000000 1.000000 0.000000 0.000000
14.000000 132.417103 18.988815 -0.020333 2.692728 0.000000 0.000000 0.000000 1.000000 0.000000 0.000000
14.000000 132.420456 18.752641 -0.085754 2.703579 0.000000 0.000000 0.000000 1.000000 0.000000 0.000000
14.000000 132.421072 18.852121 -0.006902 2.653189 0.000000 0.000000 0.000000 1.000000 0.000000 0.000000
14.000000 132.421830 18.987691 -0.047818 2.711196 0.000000 0.000000 0.000000 1.000000 0.000000 0.000000
14.000000 132.423589 18.892599 0.006247 2.769458 0.000000 0.000000 0.000000 1.000000 0.000000 0.000000
14.000000 132.424603 18.956854 -0.017185 2.737091 0.000000 0.000000 0.000000 1.000000 0.000000 0.000000
14.000000 132.426985 18.868786 -0.016681 2.734181 0.000000 0.000000 0.000000 1.000000 0.000000 0.000000
14.000000 132.430401 18.638757 -0.080738 2.742928 0.000000 0.000000 0.000000 1.000000 0.000000 0.000000
14.000000 132.430830 18.727347 -0.009669 2.691639 0.000000 0.000000 0.000000 1.000000 0.000000 0.000000
14.000000 132.431809 18.882541 -0.054873 2.751046 0.000000 0.000000 0.000000 1.000000 0.000000 0.000000
14.000000 132.433778 18.760169 0.023922 2.807328 0.000000 0.000000 0.000000 1.000000 0.000000 0.000000
14.000000 132.434673 18.875207 -0.012367 2.778187 0.000000 0.000000 0.000000 1.000000 0.000000 0.000000
14.000000 132.437170 18.739986 -0.011925 2.784090 0.000000 0.000000 0.000000 1.000000 0.000000 0.000000
14.000000 132.440774 18.560099 -0.059721 2.791522 0.000000 0.000000 0.000000 1.000000 0.000000 0.000000
14.000000 132.440798 18.625944 -0.004289 2.741969 0.000000 0.000000 0.000000 1.000000 0.000000 0.000000
14.000000 132.441876 18.743387 -0.039211 2.796020 0.000000 0.000000 0.000000 1.000000 0.000000 0.000000
14.000000 132.443658 18.638167 0.024779 2.850283 0.000000 0.000000 0.000000 1.000000 0.000000 0.000000
14.000000 132.444704 18.723155 -0.003969 2.821544 0.000000 0.000000 0.000000 1.000000 0.000000 0.000000
14.000000 132.447220 18.646463 -0.003572 2.821441 0.000000 0.000000 0.000000 1.000000 0.000000 0.000000
14.000000 132.450479 18.433360 -0.062181 2.828722 0.000000 0.000000 0.000000 1.000000 0.000000 0.000000
14.000000 132.450921 18.517463 0.005563 2.777055 0.000000 0.000000 0.000000 1.000000 0.000000 0.000000
14.000000 132.451838 18.651524 -0.033509 2.831611 0.000000 0.000000 0.000000 1.000000 0.000000 0.000000
14.000000 132.453720 18.592394 -0.006388 2.895894 0.000000 0.000000 0.000000 1.000000 0.000000 0.000000
14.000000 132.454741 18.561885 -0.000694 2.868686 0.000000 0.000000 0.000000 1.000000 0.000000 0.000000
14.000000 132.457247 18.532371 0.000068 2.861878 0.000000 0.000000 0.000000 1.000000 0.000000 0.000000
14.000000 132.460533 18.319993 -0.053170 2.869746 0.000000 0.000000 0.000000 1.000000 0.000000 0.000000
14.000000 132.460957 18.408078 0.021832 2.807563 0.000000 0.000000 0.000000 1.000000 0.000000 0.000000
14.000000 132.461899 18.501759 -0.008134 2.859585 0.000000 0.000000 0.000000 1.000000 0.000000 0.000000
14.000000 132.463624 18.411278 0.042716 2.932581 0.000000 0.000000 0.000000 1.000000 0.000000 0.000000
14.000000 132.464621 18.537322 0.003883 2.901901 0.000000 0.000000 0.000000 1.000000 0.000000 0.000000
14.000000 132.467015 18.427588 0.004339 2.903070 0.000000 0.000000 0.000000 1.000000 0.000000 0.000000
14.000000 132.470654 18.216279 -0.050849 2.908737 0.000000 0.000000 0.000000 1.000000 0.000000 0.000000
14.000000 132.471056 18.298605 0.018464 2.849787 0.000000 0.000000 0.000000 1.000000 0.000000 0.000000
14.000000 132.471843 18.398202 -0.012729 2.904925 0.000000 0.000000 0.000000 1.000000 0.000000 0.000000
14.000000 132.473673 18.302116 0.039591 2.972830 0.000000 0.000000 0.000000 1.000000 0.000000 0.000000
14.000000 132.474792 18.392068 0.008905 2.941095 0.000000 0.000000 0.000000 1.000000 0.000000 0.000000
14.000000 132.477006 18.372173 0.009464 2.938472 0.000000 0.000000 0.000000 1.000000 0.000000 0.000000
14.000000 132.480525 18.078406 -0.073439 2.950104 0.000000 0.000000 0.000000 1.000000 0.000000 0.000000
14.000000 132.480965 18.199797 0.021400 2.888919 0.000000 0.000000 0.000000 1.000000 0.000000 0.000000
14.000000 132.481898 18.298863 -0.009466 2.939357 0.000000 0.000000 0.000000 1.000000 0.000000 0.000000
14.000000 132.483654 18.205258 0.039088 3.006668 0.000000 0.000000 0.000000 1.000000 0.000000 0.000000
14.000000 132.484640 18.280031 0.011595 2.977649 0.000000 0.000000 0.000000 1.000000 0.000000 0.000000
14.000000 132.486933 18.197036 0.012008 2.984491 0.000000 0.000000 0.000000 1.000000 0.000000 0.000000
14.000000 132.490476 18.013967 -0.032929 2.990325 0.000000 0.000000 0.000000 1.000000 0.000000 0.000000
14.000000 132.490838 18.084967 0.028922 2.924336 0.000000 0.000000 0.000000 1.000000 0.000000 0.000000
14.000000 132.491870 18.180840 -0.001350 2.977313 0.000000 0.000000 0.000000 1.000000 0.000000 0.000000
14.000000 132.493688 18.104351 0.033387 3.049900 0.000000 0.000000 0.000000 1.000000 0.000000 0.000000
14.000000 132.494737 18.166492 0.009839 3.017057 0.000000 0.000000 0.000000 1.000000 0.000000 0.000000
14.000000 132.497015 18.074347 0.010362 3.019417 0.000000 0.000000 0.000000 1.000000 0.000000 0.000000
14.000000 132.500835 17.909054 -0.029921 3.025381 0.000000 0.000000 0.000000 1.000000 0.000000 0.000000
14.000000 132.500910 17.983760 0.032014 2.960707 0.000000 0.000000 0.000000 1.000000 0.000000 0.000000
14.000000 132.501865 18.067332 0.005198 3.009696 0.000000 0.000000 0.000000 1.000000 0.000000 0.000000
14.000000 132.503580 17.979710 0.045027 3.073208 0.000000 0.000000 0.000000 1.000000 0.000000 0.000000
14.000000 132.504685 18.089714 0.003977 3.034181 0.000000 0.000000 0.000000 1.000000 0.000000 0.000000
14.000000 132.506823 17.952185 0.004464 3.047057 0.000000 0.000000 0.000000 1.000000 0.000000 0.000000
14.000000 132.510467 17.766072 -0.041036 3.055791 0.000000 0.000000 0.000000 1.000000 0.000000 0.000000
14.000000 132.511034 17.875338 0.043908 2.993737 0.000000 0.000000 0.000000 1.000000 0.000000 0.000000
14.000000 132.511829 17.946559 0.020343 3.040315 0.000000 0.000000 0.000000 1.000000 0.000000 0.000000
14.000000 132.513634 17.876866 0.053349 3.117203 0.000000 0.000000 0.000000 1.000000 0.000000 0.000000
14.000000 132.514719 17.971158 0.022784 3.081604 0.000000 0.000000 0.000000 1.000000 0.000000 0.000000
14.000000 132.517081 17.890220 0.023514 3.081147 0.000000 0.000000 0.000000 1.000000 0.000000 0.000000
14.000000 132.520502 17.672693 -0.027596 3.087577 0.000000 0.000000 0.000000 1.000000 0.000000 0.000000
14.000000 132.520972 17.751626 0.047076 3.023020 0.000000 0.000000 0.000000 1.000000 0.000000 0.000000
14.000000 132.521884 17.826900 0.023758 3.068123 0.000000 0.000000 0.000000 1.000000 0.000000 0.000000
14.000000 132.523650 17.771559 0.050263 3.143110 0.000000 0.000000 0.000000 1.000000 0.000000 0.000000
14.000000 132.524721 17.863990 0.022099 3.114212 0.000000 0.000000 0.000000 1.000000 0.000000 0.000000
14.000000 132.526865 17.757484 0.022693 3.115487 0.000000 0.000000 0.000000 1.000000 0.000000 0.000000
14.000000 132.530394 17.574307 -0.022222 3.122877 0.000000 0.000000 0.000000 1.000000 0.000000 0.000000
14.000000 132.530781 17.659986 0.048539 3.059163 0.000000 0.000000 0.000000 1.000000 0.000000 0.000000
14.000000 132.531862 17.723757 0.027967 3.099592 0.000000 0.000000 0.000000 1.000000 0.000000 0.000000
14.000000 132.533773 17.663250 0.056044 3.172814 0.000000 0.000000 0.000000 1.000000 0.000000 0.000000
14.000000 132.534792 17.756198 0.026138 3.139456 0.000000 0.000000 0.000000 1.000000 0.000000 0.000000
14.000000 132.536982 17.639390 0.026815 3.144271 0.000000 0.000000 0.000000 1.000000 0.000000 0.000000
14.000000 132.540447 17.457287 -0.017828 3.155871 0.000000 0.000000 0.000000 1.000000 0.000000 0.000000
14.000000 132.540825 17.547064 0.055097 3.093751 0.000000 0.000000 0.000000 1.000000 0.000000 0.000000
14.000000 132.541923 17.600553 0.037490 3.130826 0.000000 0.000000 0.000000 1.000000 0.000000 0.000000
14.000000 132.543715 17.566667 0.046629 3.203940 0.000000 0.000000 0.000000 1.000000 0.000000 0.000000
14.000000 132.544728 17.600000 0.034741 3.170175 0.000000 0.000000 0.000000 1.000000 0.000000 0.000000
14.000000 132.546953 17.542511 0.035671 3.168752 0.000000 0.000000 0.000000 1.000000 0.000000 0.000000
14.000000 132.550442 17.348967 -0.014198 3.184245 0.000000 0.000000 0.000000 1.000000 0.000000 0.000000
14.000000 132.550896 17.444809 0.060998 3.122937 0.000000 0.000000 0.000000 1.000000 0.000000 0.000000
14.000000 132.551934 17.467134 0.051718 3.149017 0.000000 0.000000 0.000000 1.000000 0.000000 0.000000
14.000000 132.553660 17.440036 0.060403 3.221821 0.000000 0.000000 0.000000 1.000000 0.000000 0.000000
14.000000 132.554813 17.494013 0.044718 3.193326 0.000000 0.000000 0.000000 1.000000 0.000000 0.000000
14.000000 132.556986 17.439956 0.045537 3.189631 0.000000 0.000000 0.000000 1.000000 0.000000 0.000000
14.000000 132.560875 17.488450 0.048176 3.156426 0.000000 0.000000 0.000000 1.000000 0.000000 0.000000
14.000000 132.561101 17.332162 0.068901 3.147204 0.000000 0.000000 0.000000 1.000000 0.000000 0.000000
14.000000 132.563701 17.301855 0.050517 3.228112 0.000000 0.000000 0.000000 1.000000 0.000000 0.000000
14.000000 132.564678 17.292443 0.047395 3.227221 0.000000 0.000000 0.000000 1.000000 0.000000 0.000000
14.000000 132.566950 17.320371 0.048574 3.213764 0.000000 0.000000 0.000000 1.000000 0.000000 0.000000
14.000000 132.570483 17.039623 -0.035953 3.234048 0.000000 0.000000 0.000000 1.000000 0.000000 0.000000
14.000000 132.570924 17.206596 0.076817 3.178593 0.000000 0.000000 0.000000 1.000000 0.000000 0.000000
14.000000 132.573699 17.940437 -0.120158 3.209359 0.000000 0.000000 0.000000 1.000000 0.000000 0.000000
14.000000 132.574762 17.285187 0.053400 3.238080 0.000000 0.000000 0.000000 1.000000 0.000000 0.000000
14.000000 132.577009 17.187020 0.054202 3.241784 0.000000 0.000000 0.000000 1.000000 0.000000 0.000000
14.000000 132.580964 17.256751 0.065762 3.211682 0.000000 0.000000 0.000000 1.000000 0.000000 0.000000
14.000000 132.583723 17.769025 -0.096050 3.226810 0.000000 0.000000 0.000000 1.000000 0.000000 0.000000
14.000000 132.583823 17.122138 0.075664 3.272910 0.000000 0.000000 0.000000 1.000000 0.000000 0.000000
14.000000 132.584685 17.079070 0.056734 3.250356 0.000000 0.000000 0.000000 1.000000 0.000000 0.000000
14.000000 132.587128 17.092965 0.060121 3.262857 0.000000 0.000000 0.000000 1.000000 0.000000 0.000000
14.000000 132.590650 16.881666 -0.005045 3.287952 0.000000 0.000000 0.000000 1.000000 0.000000 0.000000
14.000000 132.590832 17.020093 0.083500 3.232069 0.000000 0.000000 0.000000 1.000000 0.000000 0.000000
14.000000 132.593776 17.702403 -0.102278 3.254081 0.000000 0.000000 0.000000 1.000000 0.000000 0.000000
14.000000 132.594756 17.074999 0.061353 3.289621 0.000000 0.000000 0.000000 1.000000 0.000000 0.000000
14.000000 132.597001 17.035862 0.062034 3.291852 0.000000 0.000000 0.000000 1.000000 0.000000 0.000000
14.000000 132.600540 16.737931 -0.029837 3.313199 0.000000 0.000000 0.000000 1.000000 0.000000 0.000000
14.000000 132.600889 16.913334 0.086411 3.258933 0.000000 0.000000 0.000000 1.000000 0.000000 0.000000
14.000000 132.603753 17.515590 -0.082466 3.276493 0.000000 0.000000 0.000000 1.000000 0.000000 0.000000
14.000000 132.604747 16.983125 0.050145 3.314103 0.000000 0.000000 0.000000 1.000000 0.000000 0.000000
14.000000 132.607021 16.875134 0.050315 3.319789 0.000000 0.000000 0.000000 1.000000 0.000000 0.000000
14.000000 132.610418 16.675972 -0.002100 3.326066 0.000000 0.000000 0.000000 1.000000 0.000000 0.000000
14.000000 132.610913 16.829979 0.103856 3.268481 0.000000 0.000000 0.000000 1.000000 0.000000 0.000000
14.000000 132.613715 17.444547 -0.080385 3.292362 0.000000 0.000000 0.000000 1.000000 0.000000 0.000000
14.000000 132.614727 16.818013 0.070167 3.328732 0.000000 0.000000 0.000000 1.000000 0.000000 0.000000
14.000000 132.617181 16.795348 0.071062 3.325193 0.000000 0.000000 0.000000 1.000000 0.000000 0.000000
14.000000 132.620464 16.485076 -0.032245 3.353214 0.000000 0.000000 0.000000 1.000000 0.000000 0.000000
14.000000 132.621054 16.701785 0.098098 3.303227 0.000000 0.000000 0.000000 1.000000 0.000000 0.000000
14.000000 132.623717 17.254001 -0.061312 3.313377 0.000000 0.000000 0.000000 1.000000 0.000000 0.000000
14.000000 132.624719 16.708960 0.073246 3.353840 0.000000 0.000000 0.000000 1.000000 0.000000 0.000000
14.000000 132.627095 16.655765 0.073717 3.363440 0.000000 0.000000 0.000000 1.000000 0.000000 0.000000
14.000000 132.630570 16.467002 0.017032 3.383237 0.000000 0.000000 0.000000 1.000000 0.000000 0.000000
14.000000 132.630843 16.607530 0.105757 3.325441 0.000000 0.000000 0.000000 1.000000 0.000000 0.000000
14.000000 132.633715 17.221806 -0.070435 3.341321 0.000000 0.000000 0.000000 1.000000 0.000000 0.000000
14.000000 132.634697 16.583632 0.090872 3.374917 0.000000 0.000000 0.000000 1.000000 0.000000 0.000000
14.000000 132.637209 16.612602 0.092194 3.371549 0.000000 0.000000 0.000000 1.000000 0.000000 0.000000
14.000000 132.640604 16.325344 -0.000886 3.402852 0.000000 0.000000 0.000000 1.000000 0.000000 0.000000
14.000000 132.640938 16.499497 0.107903 3.347923 0.000000 0.000000 0.000000 1.000000 0.000000 0.000000
14.000000 132.643878 17.098140 -0.063497 3.363441 0.000000 0.000000 0.000000 1.000000 0.000000 0.000000
14.000000 132.644807 16.464483 0.097636 3.394018 0.000000 0.000000 0.000000 1.000000 0.000000 0.000000
14.000000 132.646960 16.480123 0.099155 3.395295 0.000000 0.000000 0.000000 1.000000 0.000000 0.000000
14.000000 132.650551 16.287094 0.042428 3.428613 0.000000 0.000000 0.000000 1.000000 0.000000 0.000000
14.000000 132.651021 16.390889 0.113410 3.369076 0.000000 0.000000 0.000000 1.000000 0.000000 0.000000
14.000000 132.653742 16.875527 -0.033137 3.376372 0.000000 0.000000 0.000000 1.000000 0.000000 0.000000
14.000000 132.657238 16.362543 0.088979 3.434075 0.000000 0.000000 0.000000 1.000000 0.000000 0.000000
14.000000 132.660618 16.085729 0.002367 3.439739 0.000000 0.000000 0.000000 1.000000 0.000000 0.000000
14.000000 132.661015 16.290816 0.129391 3.378979 0.000000 0.000000 0.000000 1.000000 0.000000 0.000000
14.000000 132.663742 16.879223 -0.043387 3.389402 0.000000 0.000000 0.000000 1.000000 0.000000 0.000000
14.000000 132.664709 16.268826 0.106973 3.426944 0.000000 0.000000 0.000000 1.000000 0.000000 0.000000
14.000000 132.667206 16.318500 0.108432 3.425470 0.000000 0.000000 0.000000 1.000000 0.000000 0.000000
14.000000 132.670684 15.963941 -0.002675 3.458041 0.000000 0.000000 0.000000 1.000000 0.000000 0.000000
14.000000 132.671029 16.165633 0.129436 3.402671 0.000000 0.000000 0.000000 1.000000 0.000000 0.000000
14.000000 132.673751 16.670790 -0.010265 3.406382 0.000000 0.000000 0.000000 1.000000 0.000000 0.000000
14.000000 132.674831 16.188633 0.112869 3.449644 0.000000 0.000000 0.000000 1.000000 0.000000 0.000000
14.000000 132.677216 16.193537 0.113330 3.458505 0.000000 0.000000 0.000000 1.000000 0.000000 0.000000
14.000000 132.680596 15.909363 0.022272 3.478530 0.000000 0.000000 0.000000 1.000000 0.000000 0.000000
14.000000 132.680955 16.086269 0.133096 3.420295 0.000000 0.000000 0.000000 1.000000 0.000000 0.000000
14.000000 132.683808 16.600745 -0.016995 3.425796 0.000000 0.000000 0.000000 1.000000 0.000000 0.000000
14.000000 132.687014 16.073289 0.112569 3.486991 0.000000 0.000000 0.000000 1.000000 0.000000 0.000000
14.000000 132.690490 15.808088 0.026014 3.496298 0.000000 0.000000 0.000000 1.000000 0.000000 0.000000
14.000000 132.690928 15.992876 0.137842 3.440916 0.000000 0.000000 0.000000 1.000000 0.000000 0.000000
14.000000 132.693801 16.368486 0.024389 3.432644 0.000000 0.000000 0.000000 1.000000 0.000000 0.000000
14.000000 132.697092 15.957529 0.123187 3.494707 0.000000 0.000000 0.000000 1.000000 0.000000 0.000000
14.000000 132.700638 15.735005 0.051623 3.513753 0.000000 0.000000 0.000000 1.000000 0.000000 0.000000
14.000000 132.701031 15.884769 0.143188 3.455524 0.000000 0.000000 0.000000 1.000000 0.000000 0.000000
14.000000 132.703831 16.464554 -0.023013 3.467931 0.000000 0.000000 0.000000 1.000000 0.000000 0.000000
14.000000 132.707197 15.848557 0.133070 3.533921 0.000000 0.000000 0.000000 1.000000 0.000000 0.000000
14.000000 132.710546 15.720748 0.099871 3.532731 0.000000 0.000000 0.000000 1.000000 0.000000 0.000000
14.000000 132.711020 15.797624 0.154796 3.465753 0.000000 0.000000 0.000000 1.000000 0.000000 0.000000
14.000000 132.713766 16.312732 0.001246 3.470780 0.000000 0.000000 0.000000 1.000000 0.000000 0.000000
14.000000 132.714790 15.758740 0.136788 3.519138 0.000000 0.000000 0.000000 1.000000 0.000000 0.000000
14.000000 132.717149 15.760665 0.137404 3.516071 0.000000 0.000000 0.000000 1.000000 0.000000 0.000000
14.000000 132.720804 15.496892 0.056684 3.533580 0.000000 0.000000 0.000000 1.000000 0.000000 0.000000
14.000000 132.720932 15.645888 0.156081 3.477583 0.000000 0.000000 0.000000 1.000000 0.000000 0.000000
14.000000 132.723807 16.342978 -0.026038 3.497517 0.000000 0.000000 0.000000 1.000000 0.000000 0.000000
14.000000 132.726975 15.681426 0.153090 3.562773 0.000000 0.000000 0.000000 1.000000 0.000000 0.000000
14.000000 132.730559 15.538647 0.119112 3.561440 0.000000 0.000000 0.000000 1.000000 0.000000 0.000000
14.000000 132.730842 15.566191 0.156397 3.494424 0.000000 0.000000 0.000000 1.000000 0.000000 0.000000
14.000000 132.733871 16.271477 -0.029958 3.513979 0.000000 0.000000 0.000000 1.000000 0.000000 0.000000
14.000000 132.737230 15.589890 0.153241 3.573030 0.000000 0.000000 0.000000 1.000000 0.000000 0.000000
14.000000 132.740604 15.351729 0.079524 3.567715 0.000000 0.000000 0.000000 1.000000 0.000000 0.000000
14.000000 132.741034 15.468984 0.160069 3.506642 0.000000 0.000000 0.000000 1.000000 0.000000 0.000000
14.000000 132.743809 16.053148 0.012711 3.506381 0.000000 0.000000 0.000000 1.000000 0.000000 0.000000
14.000000 132.744820 15.584552 0.139863 3.539133 0.000000 0.000000 0.000000 1.000000 0.000000 0.000000
14.000000 132.747122 15.417319 0.139541 3.557962 0.000000 0.000000 0.000000 1.000000 0.000000 0.000000
14.000000 132.750701 15.299557 0.115425 3.583451 0.000000 0.000000 0.000000 1.000000 0.000000 0.000000
14.000000 132.750924 15.362869 0.168320 3.517608 0.000000 0.000000 0.000000 1.000000 0.000000 0.000000
14.000000 132.753720 15.890718 0.020339 3.522296 0.000000 0.000000 0.000000 1.000000 0.000000 0.000000
14.000000 132.754881 15.433989 0.132221 3.552957 0.000000 0.000000 0.000000 1.000000 0.000000 0.000000
14.000000 132.757243 15.298866 0.132613 3.564600 0.000000 0.000000 0.000000 1.000000 0.000000 0.000000
14.000000 132.760586 15.363249 0.194414 3.584208 0.000000 0.000000 0.000000 1.000000 0.000000 0.000000
14.000000 132.760990 15.264530 0.180977 3.516781 0.000000 0.000000 0.000000 1.000000 0.000000 0.000000
14.000000 132.763724 15.743055 0.043356 3.529422 0.000000 0.000000 0.000000 1.000000 0.000000 0.000000
14.000000 132.764825 15.329475 0.141093 3.568126 0.000000 0.000000 0.000000 1.000000 0.000000 0.000000
14.000000 132.767239 15.205898 0.141054 3.579419 0.000000 0.000000 0.000000 1.000000 0.000000 0.000000
14.000000 132.770534 15.158330 0.155472 3.597479 0.000000 0.000000 0.000000 1.000000 0.000000 0.000000
14.000000 132.770893 15.149681 0.184282 3.530311 0.000000 0.000000 0.000000 1.000000 0.000000 0.000000
14.000000 132.773762 15.634109 0.042331 3.539970 0.000000 0.000000 0.000000 1.000000 0.000000 0.000000
14.000000 132.774820 15.147947 0.161278 3.584948 0.000000 0.000000 0.000000 1.000000 0.000000 0.000000
14.000000 132.777117 15.146184 0.162109 3.583947 0.000000 0.000000 0.000000 1.000000 0.000000 0.000000
14.000000 132.780629 15.047846 0.149500 3.603146 0.000000 0.000000 0.000000 1.000000 0.000000 0.000000
14.000000 132.781076 15.060765 0.183156 3.541904 0.000000 0.000000 0.000000 1.000000 0.000000 0.000000
14.000000 132.783773 15.468753 0.062525 3.545528 0.000000 0.000000 0.000000 1.000000 0.000000 0.000000
14.000000 132.784749 15.037305 0.168819 3.586697 0.000000 0.000000 0.000000 1.000000 0.000000 0.000000
14.000000 132.790639 14.898668 0.166261 3.582808 0.000000 0.000000 0.000000 1.000000 0.000000 0.000000
14.000000 132.791006 14.958787 0.189942 3.541964 0.000000 0.000000 0.000000 1.000000 0.000000 0.000000
14.000000 132.793829 15.302176 0.079461 3.551163 0.000000 0.000000 0.000000 1.000000 0.000000 0.000000
14.000000 132.794888 14.934988 0.161713 3.585264 0.000000 0.000000 0.000000 1.000000 0.000000 0.000000
14.000000 132.800575 14.763761 0.156627 3.585193 0.000000 0.000000 0.000000 1.000000 0.000000 0.000000
14.000000 132.801023 14.861416 0.194157 3.548958 0.000000 0.000000 0.000000 1.000000 0.000000 0.000000
14.000000 132.803742 15.210756 0.081654 3.553142 0.000000 0.000000 0.000000 1.000000 0.000000 0.000000
14.000000 132.804808 14.825880 0.169204 3.590604 0.000000 0.000000 0.000000 1.000000 0.000000 0.000000
14.000000 132.810539 14.645614 0.164263 3.590368 0.000000 0.000000 0.000000 1.000000 0.000000 0.000000
14.000000 132.810959 14.748284 0.204057 3.553471 0.000000 0.000000 0.000000 1.000000 0.000000 0.000000
14.000000 132.813793 15.028646 0.105855 3.554296 0.000000 0.000000 0.000000 1.000000 0.000000 0.000000
14.000000 132.814773 14.696346 0.176124 3.597918 0.000000 0.000000 0.000000 1.000000 0.000000 0.000000
14.000000 132.817212 14.740344 0.177164 3.592516 0.000000 0.000000 0.000000 1.000000 0.000000 0.000000
14.000000 132.820589 14.668816 0.182021 3.608501 0.000000 0.000000 0.000000 1.000000 0.000000 0.000000
14.000000 132.820993 14.640752 0.204128 3.551644 0.000000 0.000000 0.000000 1.000000 0.000000 0.000000
14.000000 132.823740 14.997066 0.096603 3.555966 0.000000 0.000000 0.000000 1.000000 0.000000 0.000000
14.000000 132.830538 14.558685 0.208413 3.617999 0.000000 0.000000 0.000000 1.000000 0.000000 0.000000
14.000000 132.830976 14.563153 0.207859 3.558093 0.000000 0.000000 0.000000 1.000000 0.000000 0.000000
14.000000 132.833781 14.841254 0.110463 3.557879 0.000000 0.000000 0.000000 1.000000 0.000000 0.000000
14.000000 132.837132 14.517098 0.178301 3.615431 0.000000 0.000000 0.000000 1.000000 0.000000 0.000000
14.000000 132.840577 14.574708 0.246824 3.609904 0.000000 0.000000 0.000000 1.000000 0.000000 0.000000
14.000000 132.841071 14.419702 0.220530 3.549606 0.000000 0.000000 0.000000 1.000000 0.000000 0.000000
14.000000 132.843762 14.685879 0.135761 3.546051 0.000000 0.000000 0.000000 1.000000 0.000000 0.000000
14.000000 132.844753 14.439798 0.187200 3.586528 0.000000 0.000000 0.000000 1.000000 0.000000 0.000000
14.000000 132.847102 14.429123 0.187653 3.598636 0.000000 0.000000 0.000000 1.000000 0.000000 0.000000
14.000000 132.850557 14.456539 0.233401 3.618617 0.000000 0.000000 0.000000 1.000000 0.000000 0.000000
14.000000 132.851051 14.348559 0.217304 3.554815 0.000000 0.000000 0.000000 1.000000 0.000000 0.000000
14.000000 132.853852 14.665845 0.111400 3.560071 0.000000 0.000000 0.000000 1.000000 0.000000 0.000000
14.000000 132.854858 14.345468 0.177825 3.604837 0.000000 0.000000 0.000000 1.000000 0.000000 0.000000
14.000000 132.857184 14.293654 0.177946 3.597704 0.000000 0.000000 0.000000 1.000000 0.000000 0.000000
14.000000 132.860663 14.341085 0.243387 3.609197 0.000000 0.000000 0.000000 1.000000 0.000000 0.000000
14.000000 132.860967 14.232653 0.238883 3.552052 0.000000 0.000000 0.000000 1.000000 0.000000 0.000000
14.000000 132.863739 14.459034 0.151669 3.554676 0.000000 0.000000 0.000000 1.000000 0.000000 0.000000
14.000000 132.864723 14.156279 0.213346 3.590481 0.000000 0.000000 0.000000 1.000000 0.000000 0.000000
14.000000 132.867101 14.268695 0.215783 3.581313 0.000000 0.000000 0.000000 1.000000 0.000000 0.000000
14.000000 132.870577 14.258504 0.244920 3.611073 0.000000 0.000000 0.000000 1.000000 0.000000 0.000000
14.000000 132.870977 14.150856 0.229508 3.549309 0.000000 0.000000 0.000000 1.000000 0.000000 0.000000
14.000000 132.873818 14.387293 0.141115 3.549073 0.000000 0.000000 0.000000 1.000000 0.000000 0.000000
14.000000 132.874820 14.071838 0.208060 3.592147 0.000000 0.000000 0.000000 1.000000 0.000000 0.000000
14.000000 132.877224 14.137722 0.209760 3.590104 0.000000 0.000000 0.000000 1.000000 0.000000 0.000000
14.000000 132.880621 14.210243 0.270163 3.613117 0.000000 0.000000 0.000000 1.000000 0.000000 0.000000
14.000000 132.881070 14.064418 0.232295 3.546757 0.000000 0.000000 0.000000 1.000000 0.000000 0.000000
14.000000 132.883737 14.283255 0.144181 3.547479 0.000000 0.000000 0.000000 1.000000 0.000000 0.000000
14.000000 132.884734 13.978234 0.204737 3.589230 0.000000 0.000000 0.000000 1.000000 0.000000 0.000000
14.000000 132.887167 13.988537 0.205861 3.582537 0.000000 0.000000 0.000000 1.000000 0.000000 0.000000
14.000000 132.890626 14.041468 0.250541 3.602939 0.000000 0.000000 0.000000 1.000000 0.000000 0.000000
14.000000 132.890980 13.968623 0.237330 3.541961 0.000000 0.000000 0.000000 1.000000 0.000000 0.000000
14.000000 132.893772 14.187199 0.147863 3.546640 0.000000 0.000000 0.000000 1.000000 0.000000 0.000000
14.000000 132.894778 13.880225 0.207985 3.588471 0.000000 0.000000 0.000000 1.000000 0.000000 0.000000
14.000000 132.897234 13.939386 0.209813 3.580324 0.000000 0.000000 0.000000 1.000000 0.000000 0.000000
14.000000 132.900651 14.071467 0.303303 3.603341 0.000000 0.000000 0.000000 1.000000 0.000000 0.000000
14.000000 132.901032 13.860226 0.244310 3.538711 0.000000 0.000000 0.000000 1.000000 0.000000 0.000000
14.000000 132.903795 14.023813 0.167870 3.538954 0.000000 0.000000 0.000000 1.000000 0.000000 0.000000
14.000000 132.904779 13.783894 0.207005 3.575974 0.000000 0.000000 0.000000 1.000000 0.000000 0.000000
14.000000 132.907127 13.796093 0.208397 3.576229 0.000000 0.000000 0.000000 1.000000 0.000000 0.000000
14.000000 132.910586 14.018757 0.341677 3.599212 0.000000 0.000000 0.000000 1.000000 0.000000 0.000000
14.000000 132.910965 13.753664 0.258706 3.536852 0.000000 0.000000 0.000000 1.000000 0.000000 0.000000
14.000000 132.913975 13.910975 0.184357 3.541437 0.000000 0.000000 0.000000 1.000000 0.000000 0.000000
14.000000 132.914749 13.717355 0.208215 3.567962 0.000000 0.000000 0.000000 1.000000 0.000000 0.000000
14.000000 132.917191 13.676431 0.209295 3.567818 0.000000 0.000000 0.000000 1.000000 0.000000 0.000000
14.000000 132.920750 13.960736 0.367009 3.590013 0.000000 0.000000 0.000000 1.000000 0.000000 0.000000
14.000000 132.920984 13.644243 0.258380 3.521785 0.000000 0.000000 0.000000 1.000000 0.000000 0.000000
14.000000 132.923956 13.772391 0.190932 3.521835 0.000000 0.000000 0.000000 1.000000 0.000000 0.000000
14.000000 132.924785 13.578403 0.216346 3.553607 0.000000 0.000000 0.000000 1.000000 0.000000 0.000000
14.000000 132.927072 13.615211 0.218230 3.556793 0.000000 0.000000 0.000000 1.000000 0.000000 0.000000
14.000000 132.930614 13.848192 0.354863 3.585853 0.000000 0.000000 0.000000 1.000000 0.000000 0.000000
14.000000 132.931125 13.561860 0.261455 3.518716 0.000000 0.000000 0.000000 1.000000 0.000000 0.000000
14.000000 132.934010 13.662940 0.199456 3.514876 0.000000 0.000000 0.000000 1.000000 0.000000 0.000000
14.000000 132.934842 13.465576 0.226613 3.546948 0.000000 0.000000 0.000000 1.000000 0.000000 0.000000
14.000000 132.937258 13.485451 0.228122 3.542806 0.000000 0.000000 0.000000 1.000000 0.000000 0.000000
14.000000 132.940648 13.601991 0.301072 3.567977 0.000000 0.000000 0.000000 1.000000 0.000000 0.000000
14.000000 132.941020 13.471629 0.262964 3.508569 0.000000 0.000000 0.000000 1.000000 0.000000 0.000000
14.000000 132.943802 13.525778 0.208413 3.505585 0.000000 0.000000 0.000000 1.000000 0.000000 0.000000
14.000000 132.944892 13.309441 0.241210 3.544873 0.000000 0.000000 0.000000 1.000000 0.000000 0.000000
14.000000 132.947175 13.432897 0.244063 3.539821 0.000000 0.000000 0.000000 1.000000 0.000000 0.000000
14.000000 132.950667 13.595063 0.343223 3.566042 0.000000 0.000000 0.000000 1.000000 0.000000 0.000000
14.000000 132.951066 13.361373 0.267556 3.501490 0.000000 0.000000 0.000000 1.000000 0.000000 0.000000
14.000000 132.954005 13.463666 0.203108 3.501462 0.000000 0.000000 0.000000 1.000000 0.000000 0.000000
14.000000 132.954974 13.277422 0.224390 3.539712 0.000000 0.000000 0.000000 1.000000 0.000000 0.000000
14.000000 132.957225 13.282037 0.225674 3.541977 0.000000 0.000000 0.000000 1.000000 0.000000 0.000000
14.000000 132.961057 13.605470 0.401856 3.558689 0.000000 0.000000 0.000000 1.000000 0.000000 0.000000
14.000000 132.961240 13.251489 0.278471 3.488082 0.000000 0.000000 0.000000 1.000000 0.000000 0.000000
14.000000 132.963873 13.338529 0.220825 3.483282 0.000000 0.000000 0.000000 1.000000 0.000000 0.000000
14.000000 132.964891 13.194232 0.230952 3.517067 0.000000 0.000000 0.000000 1.000000 0.000000 0.000000
14.000000 132.967231 13.172530 0.231911 3.526268 0.000000 0.000000 0.000000 1.000000 0.000000 0.000000
14.000000 132.970671 13.495671 0.406411 3.545233 0.000000 0.000000 0.000000 1.000000 0.000000 0.000000
14.000000 132.971173 13.141165 0.281636 3.479571 0.000000 0.000000 0.000000 1.000000 0.000000 0.000000
14.000000 132.973959 13.281283 0.215173 3.483400 0.000000 0.000000 0.000000 1.000000 0.000000 0.000000
14.000000 132.975024 13.105712 0.237896 3.514319 0.000000 0.000000 0.000000 1.000000 0.000000 0.000000
14.000000 132.977215 13.082383 0.238837 3.513987 0.000000 0.000000 0.000000 1.000000 0.000000 0.000000
14.000000 132.980665 13.262648 0.342208 3.536151 0.000000 0.000000 0.000000 1.000000 0.000000 0.000000
14.000000 132.980978 13.067056 0.278037 3.474373 0.000000 0.000000 0.000000 1.000000 0.000000 0.000000
14.000000 132.983817 13.192139 0.211330 3.476564 0.000000 0.000000 0.000000 1.000000 0.000000 0.000000
14.000000 132.984897 12.972624 0.247456 3.509262 0.000000 0.000000 0.000000 1.000000 0.000000 0.000000
14.000000 132.987209 13.010253 0.249668 3.511982 0.000000 0.000000 0.000000 1.000000 0.000000 0.000000
14.000000 132.990683 13.318752 0.408604 3.534430 0.000000 0.000000 0.000000 1.000000 0.000000 0.000000
14.000000 132.991082 12.976259 0.279880 3.463846 0.000000 0.000000 0.000000 1.000000 0.000000 0.000000
14.000000 132.993893 13.031117 0.228493 3.463536 0.000000 0.000000 0.000000 1.000000 0.000000 0.000000
14.000000 132.994962 12.858712 0.249829 3.495477 0.000000 0.000000 0.000000 1.000000 0.000000 0.000000
14.000000 132.997319 12.897593 0.252016 3.505132 0.000000 0.000000 0.000000 1.000000 0.000000 0.000000
14.000000 133.000715 13.262277 0.438211 3.526075 0.000000 0.000000 0.000000 1.000000 0.000000 0.000000
14.000000 133.001167 12.863511 0.287403 3.451530 0.000000 0.000000 0.000000 1.000000 0.000000 0.000000
14.000000 133.003797 12.962108 0.228049 3.453891 0.000000 0.000000 0.000000 1.000000 0.000000 0.000000
14.000000 133.004882 12.767350 0.257919 3.487331 0.000000 0.000000 0.000000 1.000000 0.000000 0.000000
14.000000 133.007214 12.811488 0.260066 3.490169 0.000000 0.000000 0.000000 1.000000 0.000000 0.000000
14.000000 133.010633 13.227503 0.475680 3.502850 0.000000 0.000000 0.000000 1.000000 0.000000 0.000000
14.000000 133.011045 12.740781 0.295491 3.429844 0.000000 0.000000 0.000000 1.000000 0.000000 0.000000
14.000000 133.013868 12.847248 0.236074 3.436705 0.000000 0.000000 0.000000 1.000000 0.000000 0.000000
14.000000 133.014935 12.679042 0.257531 3.474438 0.000000 0.000000 0.000000 1.000000 0.000000 0.000000
14.000000 133.017295 12.683470 0.258790 3.482701 0.000000 0.000000 0.000000 1.000000 0.000000 0.000000
14.000000 133.020724 13.097663 0.474877 3.490960 0.000000 0.000000 0.000000 1.000000 0.000000 0.000000
14.000000 133.021079 12.623178 0.300987 3.418663 0.000000 0.000000 0.000000 1.000000 0.000000 0.000000
14.000000 133.022057 12.507648 0.319558 3.418345 0.000000 0.000000 0.000000 1.000000 0.000000 0.000000
14.000000 133.023949 12.637190 0.247856 3.481122 0.000000 0.000000 0.000000 1.000000 0.000000 0.000000
14.000000 133.025090 12.575842 0.271597 3.463290 0.000000 0.000000 0.000000 1.000000 0.000000 0.000000
14.000000 133.027213 12.661931 0.274118 3.463197 0.000000 0.000000 0.000000 1.000000 0.000000 0.000000
14.000000 133.030820 13.019670 0.463927 3.473905 0.000000 0.000000 0.000000 1.000000 0.000000 0.000000
14.000000 133.031029 12.572909 0.302441 3.406920 0.000000 0.000000 0.000000 1.000000 0.000000 0.000000
14.000000 133.032033 12.376834 0.335573 3.404495 0.000000 0.000000 0.000000 1.000000 0.000000 0.000000
14.000000 133.033995 12.492989 0.271198 3.465983 0.000000 0.000000 0.000000 1.000000 0.000000 0.000000
14.000000 133.035090 12.488765 0.273382 3.442024 0.000000 0.000000 0.000000 1.000000 0.000000 0.000000
14.000000 133.037440 12.505138 0.275009 3.450567 0.000000 0.000000 0.000000 1.000000 0.000000 0.000000
14.000000 133.041005 12.853334 0.447691 3.459130 0.000000 0.000000 0.000000 1.000000 0.000000 0.000000
14.000000 133.041206 12.483185 0.303279 3.388354 0.000000 0.000000 0.000000 1.000000 0.000000 0.000000
14.000000 133.042332 12.303981 0.332664 3.391909 0.000000 0.000000 0.000000 1.000000 0.000000 0.000000
14.000000 133.043927 12.344624 0.293328 3.441629 0.000000 0.000000 0.000000 1.000000 0.000000 0.000000
14.000000 133.044841 12.360021 0.274631 3.415571 0.000000 0.000000 0.000000 1.000000 0.000000 0.000000
14.000000 133.047253 12.402805 0.276199 3.427484 0.000000 0.000000 0.000000 1.000000 0.000000 0.000000
14.000000 133.050725 12.653565 0.404373 3.438083 0.000000 0.000000 0.000000 1.000000 0.000000 0.000000
14.000000 133.051010 12.390475 0.304498 3.368863 0.000000 0.000000 0.000000 1.000000 0.000000 0.000000
14.000000 133.052155 12.269382 0.322048 3.377911 0.000000 0.000000 0.000000 1.000000 0.000000 0.000000
14.000000 133.053975 12.273564 0.295110 3.430667 0.000000 0.000000 0.000000 1.000000 0.000000 0.000000
14.000000 133.054877 12.237661 0.290829 3.399425 0.000000 0.000000 0.000000 1.000000 0.000000 0.000000
14.000000 133.057310 12.321113 0.293321 3.406479 0.000000 0.000000 0.000000 1.000000 0.000000 0.000000
14.000000 133.060719 12.595315 0.440444 3.422149 0.000000 0.000000 0.000000 1.000000 0.000000 0.000000
14.000000 133.061100 12.280093 0.327644 3.350425 0.000000 0.000000 0.000000 1.000000 0.000000 0.000000
14.000000 133.062561 12.091594 0.357761 3.346717 0.000000 0.000000 0.000000 1.000000 0.000000 0.000000
14.000000 133.064033 12.176231 0.301702 3.410005 0.000000 0.000000 0.000000 1.000000 0.000000 0.000000
14.000000 133.064854 12.190001 0.289804 3.380155 0.000000 0.000000 0.000000 1.000000 0.000000 0.000000
14.000000 133.067172 12.226952 0.291659 3.384507 0.000000 0.000000 0.000000 1.000000 0.000000 0.000000
14.000000 133.070709 12.544478 0.461372 3.395889 0.000000 0.000000 0.000000 1.000000 0.000000 0.000000
14.000000 133.070996 12.162427 0.324633 3.327407 0.000000 0.000000 0.000000 1.000000 0.000000 0.000000
14.000000 133.072253 12.011508 0.347891 3.334275 0.000000 0.000000 0.000000 1.000000 0.000000 0.000000
14.000000 133.074016 12.025511 0.327790 3.393030 0.000000 0.000000 0.000000 1.000000 0.000000 0.000000
14.000000 133.074985 12.091573 0.295035 3.358073 0.000000 0.000000 0.000000 1.000000 0.000000 0.000000
14.000000 133.077322 12.115515 0.296734 3.364305 0.000000 0.000000 0.000000 1.000000 0.000000 0.000000
14.000000 133.080745 12.377133 0.429152 3.374551 0.000000 0.000000 0.000000 1.000000 0.000000 0.000000
14.000000 133.081089 12.100768 0.323208 3.306455 0.000000 0.000000 0.000000 1.000000 0.000000 0.000000
14.000000 133.082340 11.929690 0.349715 3.313940 0.000000 0.000000 0.000000 1.000000 0.000000 0.000000
14.000000 133.084038 11.922825 0.337572 3.371351 0.000000 0.000000 0.000000 1.000000 0.000000 0.000000
14.000000 133.084908 11.999521 0.298121 3.334767 0.000000 0.000000 0.000000 1.000000 0.000000 0.000000
14.000000 133.087294 12.024082 0.299827 3.342551 0.000000 0.000000 0.000000 1.000000 0.000000 0.000000
14.000000 133.090989 12.274646 0.425645 3.352795 0.000000 0.000000 0.000000 1.000000 0.000000 0.000000
14.000000 133.091077 12.013045 0.324255 3.285212 0.000000 0.000000 0.000000 1.000000 0.000000 0.000000
14.000000 133.092212 11.862765 0.346639 3.297194 0.000000 0.000000 0.000000 1.000000 0.000000 0.000000
14.000000 133.094029 11.841448 0.328790 3.347612 0.000000 0.000000 0.000000 1.000000 0.000000 0.000000
14.000000 133.094930 11.848458 0.304003 3.310955 0.000000 0.000000 0.000000 1.000000 0.000000 0.000000
14.000000 133.097414 11.926671 0.306512 3.313904 0.000000 0.000000 0.000000 1.000000 0.000000 0.000000
14.000000 133.100764 12.146055 0.421632 3.325647 0.000000 0.000000 0.000000 1.000000 0.000000 0.000000
14.000000 133.101060 11.894167 0.328843 3.260563 0.000000 0.000000 0.000000 1.000000 0.000000 0.000000
14.000000 133.102389 11.746926 0.350505 3.271056 0.000000 0.000000 0.000000 1.000000 0.000000 0.000000
14.000000 133.104040 11.653891 0.382164 3.326060 0.000000 0.000000 0.000000 1.000000 0.000000 0.000000
14.000000 133.104997 11.806057 0.313333 3.284799 0.000000 0.000000 0.000000 1.000000 0.000000 0.000000
14.000000 133.107322 11.829937 0.314967 3.291210 0.000000 0.000000 0.000000 1.000000 0.000000 0.000000
14.000000 133.111006 11.900441 0.334732 3.254565 0.000000 0.000000 0.000000 1.000000 0.000000 0.000000
14.000000 133.111245 11.785791 0.339650 3.229077 0.000000 0.000000 0.000000 1.000000 0.000000 0.000000
14.000000 133.112108 11.708201 0.312292 3.292062 0.000000 0.000000 0.000000 1.000000 0.000000 0.000000
14.000000 133.113909 11.595056 0.358081 3.303968 0.000000 0.000000 0.000000 1.000000 0.000000 0.000000
14.000000 133.114840 11.684466 0.313147 3.263387 0.000000 0.000000 0.000000 1.000000 0.000000 0.000000
14.000000 133.117351 11.750092 0.315779 3.264173 0.000000 0.000000 0.000000 1.000000 0.000000 0.000000
14.000000 133.120716 12.062086 0.482462 3.272544 0.000000 0.000000 0.000000 1.000000 0.000000 0.000000
14.000000 133.121087 11.675793 0.344306 3.205685 0.000000 0.000000 0.000000 1.000000 0.000000 0.000000
14.000000 133.122198 11.525224 0.366703 3.219820 0.000000 0.000000 0.000000 1.000000 0.000000 0.000000
14.000000 133.123933 11.463141 0.383997 3.275294 0.000000 0.000000 0.000000 1.000000 0.000000 0.000000
14.000000 133.124889 11.600034 0.321732 3.235520 0.000000 0.000000 0.000000 1.000000 0.000000 0.000000
14.000000 133.127275 11.669265 0.324242 3.234970 0.000000 0.000000 0.000000 1.000000 0.000000 0.000000
14.000000 133.130843 11.863503 0.429247 3.247737 0.000000 0.000000 0.000000 1.000000 0.000000 0.000000
14.000000 133.131107 11.627281 0.345138 3.187526 0.000000 0.000000 0.000000 1.000000 0.000000 0.000000
14.000000 133.132075 11.399737 0.380934 3.191153 0.000000 0.000000 0.000000 1.000000 0.000000 0.000000
14.000000 133.134031 11.373908 0.380210 3.248015 0.000000 0.000000 0.000000 1.000000 0.000000 0.000000
14.000000 133.134991 11.506137 0.319571 3.207017 0.000000 0.000000 0.000000 1.000000 0.000000 0.000000
14.000000 133.137324 11.536114 0.321480 3.212108 0.000000 0.000000 0.000000 1.000000 0.000000 0.000000
14.000000 133.140780 11.761955 0.442707 3.225044 0.000000 0.000000 0.000000 1.000000 0.000000 0.000000
14.000000 133.141081 11.512554 0.353319 3.160781 0.000000 0.000000 0.000000 1.000000 0.000000 0.000000
14.000000 133.142231 11.315084 0.384115 3.160718 0.000000 0.000000 0.000000 1.000000 0.000000 0.000000
14.000000 133.143945 11.284634 0.376683 3.209619 0.000000 0.000000 0.000000 1.000000 0.000000 0.000000
14.000000 133.144900 11.379411 0.321510 3.176544 0.000000 0.000000 0.000000 1.000000 0.000000 0.000000
14.000000 133.147255 11.434273 0.323573 3.186357 0.000000 0.000000 0.000000 1.000000 0.000000 0.000000
14.000000 133.150734 11.634277 0.425956 3.194267 0.000000 0.000000 0.000000 1.000000 0.000000 0.000000
14.000000 133.151021 11.436901 0.350307 3.130730 0.000000 0.000000 0.000000 1.000000 0.000000 0.000000
14.000000 133.152136 11.229737 0.382586 3.131391 0.000000 0.000000 0.000000 1.000000 0.000000 0.000000
14.000000 133.153900 11.260773 0.351841 3.188327 0.000000 0.000000 0.000000 1.000000 0.000000 0.000000
14.000000 133.154913 11.288318 0.330338 3.154436 0.000000 0.000000 0.000000 1.000000 0.000000 0.000000
14.000000 133.157340 11.364161 0.333273 3.153588 0.000000 0.000000 0.000000 1.000000 0.000000 0.000000
14.000000 133.161019 11.631735 0.483131 3.165723 0.000000 0.000000 0.000000 1.000000 0.000000 0.000000
14.000000 133.161101 11.304153 0.372077 3.102342 0.000000 0.000000 0.000000 1.000000 0.000000 0.000000
14.000000 133.162256 11.100858 0.403602 3.105032 0.000000 0.000000 0.000000 1.000000 0.000000 0.000000
14.000000 133.163975 11.087324 0.396221 3.160078 0.000000 0.000000 0.000000 1.000000 0.000000 0.000000
14.000000 133.164897 11.240225 0.325668 3.118385 0.000000 0.000000 0.000000 1.000000 0.000000 0.000000
14.000000 133.167252 11.227631 0.326658 3.126755 0.000000 0.000000 0.000000 1.000000 0.000000 0.000000
14.000000 133.170780 11.511500 0.480119 3.129184 0.000000 0.000000 0.000000 1.000000 0.000000 0.000000
14.000000 133.171030 11.201041 0.370240 3.065145 0.000000 0.000000 0.000000 1.000000 0.000000 0.000000
14.000000 133.172122 11.029800 0.396113 3.073172 0.000000 0.000000 0.000000 1.000000 0.000000 0.000000
14.000000 133.173923 10.989049 0.403521 3.126685 0.000000 0.000000 0.000000 1.000000 0.000000 0.000000
14.000000 133.174896 11.126450 0.340252 3.086820 0.000000 0.000000 0.000000 1.000000 0.000000 0.000000
14.000000 133.177340 11.171969 0.342477 3.090251 0.000000 0.000000 0.000000 1.000000 0.000000 0.000000
14.000000 133.180812 11.361199 0.443456 3.100952 0.000000 0.000000 0.000000 1.000000 0.000000 0.000000
14.000000 133.181111 11.150616 0.367177 3.042783 0.000000 0.000000 0.000000 1.000000 0.000000 0.000000
14.000000 133.182248 10.915393 0.404291 3.041488 0.000000 0.000000 0.000000 1.000000 0.000000 0.000000
14.000000 133.183908 10.897258 0.402204 3.093250 0.000000 0.000000 0.000000 1.000000 0.000000 0.000000
14.000000 133.184882 11.033032 0.340356 3.054619 0.000000 0.000000 0.000000 1.000000 0.000000 0.000000
14.000000 133.187336 11.063501 0.342227 3.058869 0.000000 0.000000 0.000000 1.000000 0.000000 0.000000
14.000000 133.190818 11.236980 0.434822 3.069133 0.000000 0.000000 0.000000 1.000000 0.000000 0.000000
14.000000 133.191222 11.053721 0.367970 3.009297 0.000000 0.000000 0.000000 1.000000 0.000000 0.000000
14.000000 133.192175 10.842794 0.400632 3.006693 0.000000 0.000000 0.000000 1.000000 0.000000 0.000000
14.000000 133.193899 10.821898 0.393680 3.056874 0.000000 0.000000 0.000000 1.000000 0.000000 0.000000
14.000000 133.194912 10.919785 0.340990 3.022237 0.000000 0.000000 0.000000 1.000000 0.000000 0.000000
14.000000 133.197353 10.970086 0.343228 3.027612 0.000000 0.000000 0.000000 1.000000 0.000000 0.000000
14.000000 133.200802 11.157009 0.445176 3.037838 0.000000 0.000000 0.000000 1.000000 0.000000 0.000000
14.000000 133.201169 10.961095 0.375779 2.979369 0.000000 0.000000 0.000000 1.000000 0.000000 0.000000
14.000000 133.202273 10.760084 0.407546 2.970531 0.000000 0.000000 0.000000 1.000000 0.000000 0.000000
14.000000 133.203927 10.789484 0.370810 3.015038 0.000000 0.000000 0.000000 1.000000 0.000000 0.000000
14.000000 133.204894 10.837457 0.332146 2.984455 0.000000 0.000000 0.000000 1.000000 0.000000 0.000000
14.000000 133.207249 10.832001 0.333198 2.996959 0.000000 0.000000 0.000000 1.000000 0.000000 0.000000
14.000000 133.210803 11.087205 0.466724 2.994542 0.000000 0.000000 0.000000 1.000000 0.000000 0.000000
14.000000 133.211129 10.880052 0.388283 2.939963 0.000000 0.000000 0.000000 1.000000 0.000000 0.000000
14.000000 133.212428 10.598190 0.433342 2.938784 0.000000 0.000000 0.000000 1.000000 0.000000 0.000000
14.000000 133.213969 10.625432 0.409639 2.990423 0.000000 0.000000 0.000000 1.000000 0.000000 0.000000
14.000000 133.214978 10.750593 0.351166 2.954477 0.000000 0.000000 0.000000 1.000000 0.000000 0.000000
14.000000 133.217428 10.763278 0.352609 2.961521 0.000000 0.000000 0.000000 1.000000 0.000000 0.000000
14.000000 133.220974 11.006227 0.484830 2.961169 0.000000 0.000000 0.000000 1.000000 0.000000 0.000000
14.000000 133.221247 10.734662 0.388784 2.901010 0.000000 0.000000 0.000000 1.000000 0.000000 0.000000
14.000000 133.222299 10.555032 0.415858 2.908085 0.000000 0.000000 0.000000 1.000000 0.000000 0.000000
14.000000 133.223968 10.486288 0.435172 2.955512 0.000000 0.000000 0.000000 1.000000 0.000000 0.000000
14.000000 133.225065 10.663038 0.352520 2.914562 0.000000 0.000000 0.000000 1.000000 0.000000 0.000000
14.000000 133.227339 10.687813 0.354033 2.916162 0.000000 0.000000 0.000000 1.000000 0.000000 0.000000
14.000000 133.230809 10.834011 0.438179 2.923919 0.000000 0.000000 0.000000 1.000000 0.000000 0.000000
14.000000 133.231521 10.684317 0.388716 2.874906 0.000000 0.000000 0.000000 1.000000 0.000000 0.000000
14.000000 133.232231 10.443213 0.426209 2.870692 0.000000 0.000000 0.000000 1.000000 0.000000 0.000000
14.000000 133.233955 10.393190 0.438891 2.917941 0.000000 0.000000 0.000000 1.000000 0.000000 0.000000
14.000000 133.234961 10.562372 0.361142 2.878336 0.000000 0.000000 0.000000 1.000000 0.000000 0.000000
14.000000 133.237352 10.572954 0.362504 2.888086 0.000000 0.000000 0.000000 1.000000 0.000000 0.000000
14.000000 133.240797 10.722290 0.441249 2.895918 0.000000 0.000000 0.000000 1.000000 0.000000 0.000000
14.000000 133.241314 10.592925 0.391934 2.839755 0.000000 0.000000 0.000000 1.000000 0.000000 0.000000
14.000000 133.242355 10.369090 0.426389 2.833712 0.000000 0.000000 0.000000 1.000000 0.000000 0.000000
14.000000 133.243945 10.353123 0.412525 2.881151 0.000000 0.000000 0.000000 1.000000 0.000000 0.000000
14.000000 133.245003 10.438967 0.358971 2.847217 0.000000 0.000000 0.000000 1.000000 0.000000 0.000000
14.000000 133.247326 10.472851 0.360899 2.852737 0.000000 0.000000 0.000000 1.000000 0.000000 0.000000
14.000000 133.250845 10.637526 0.448570 2.857673 0.000000 0.000000 0.000000 1.000000 0.000000 0.000000
14.000000 133.251088 10.493550 0.394334 2.799325 0.000000 0.000000 0.000000 1.000000 0.000000 0.000000
14.000000 133.252196 10.323068 0.420385 2.791019 0.000000 0.000000 0.000000 1.000000 0.000000 0.000000
14.000000 133.254005 10.318386 0.403999 2.834481 0.000000 0.000000 0.000000 1.000000 0.000000 0.000000
14.000000 133.254995 10.365431 0.368765 2.807350 0.000000 0.000000 0.000000 1.000000 0.000000 0.000000
14.000000 133.257362 10.388536 0.370321 2.810989 0.000000 0.000000 0.000000 1.000000 0.000000 0.000000
14.000000 133.261020 10.619460 0.500162 2.805564 0.000000 0.000000 0.000000 1.000000 0.000000 0.000000
14.000000 133.261145 10.379705 0.418293 2.753457 0.000000 0.000000 0.000000 1.000000 0.000000 0.000000
14.000000 133.262303 10.103066 0.461726 2.750777 0.000000 0.000000 0.000000 1.000000 0.000000 0.000000
14.000000 133.263968 10.161437 0.425688 2.804333 0.000000 0.000000 0.000000 1.000000 0.000000 0.000000
14.000000 133.264978 10.294938 0.364079 2.767032 0.000000 0.000000 0.000000 1.000000 0.000000 0.000000
14.000000 133.267263 10.296620 0.365253 2.773366 0.000000 0.000000 0.000000 1.000000 0.000000 0.000000
14.000000 133.270815 10.514473 0.491747 2.774013 0.000000 0.000000 0.000000 1.000000 0.000000 0.000000
14.000000 133.271131 10.270258 0.411698 2.718628 0.000000 0.000000 0.000000 1.000000 0.000000 0.000000
14.000000 133.272212 10.056884 0.444584 2.712913 0.000000 0.000000 0.000000 1.000000 0.000000 0.000000
14.000000 133.273939 10.100524 0.411164 2.762382 0.000000 0.000000 0.000000 1.000000 0.000000 0.000000
14.000000 133.275069 10.154671 0.378201 2.731951 0.000000 0.000000 0.000000 1.000000 0.000000 0.000000
14.000000 133.277338 10.223604 0.380978 2.722722 0.000000 0.000000 0.000000 1.000000 0.000000 0.000000
14.000000 133.281034 10.334708 0.447765 2.731821 0.000000 0.000000 0.000000 1.000000 0.000000 0.000000
14.000000 133.281150 10.208080 0.407640 2.684070 0.000000 0.000000 0.000000 1.000000 0.000000 0.000000
14.000000 133.282305 9.969219 0.444315 2.673390 0.000000 0.000000 0.000000 1.000000 0.000000 0.000000
14.000000 133.283965 9.960611 0.440362 2.720673 0.000000 0.000000 0.000000 1.000000 0.000000 0.000000
14.000000 133.284971 10.108684 0.372440 2.684743 0.000000 0.000000 0.000000 1.000000 0.000000 0.000000
14.000000 133.287301 10.130291 0.373859 2.687347 0.000000 0.000000 0.000000 1.000000 0.000000 0.000000
14.000000 133.290834 10.277594 0.463323 2.692441 0.000000 0.000000 0.000000 1.000000 0.000000 0.000000
14.000000 133.291111 10.115622 0.413049 2.642805 0.000000 0.000000 0.000000 1.000000 0.000000 0.000000
14.000000 133.292271 9.868728 0.450833 2.631850 0.000000 0.000000 0.000000 1.000000 0.000000 0.000000
14.000000 133.293955 9.830243 0.457814 2.676591 0.000000 0.000000 0.000000 1.000000 0.000000 0.000000
14.000000 133.295022 9.989566 0.381749 2.636718 0.000000 0.000000 0.000000 1.000000 0.000000 0.000000
14.000000 133.297342 10.020348 0.383555 2.640606 0.000000 0.000000 0.000000 1.000000 0.000000 0.000000
14.000000 133.300729 10.144227 0.455548 2.649007 0.000000 0.000000 0.000000 1.000000 0.000000 0.000000
14.000000 133.301297 10.022163 0.414956 2.601626 0.000000 0.000000 0.000000 1.000000 0.000000 0.000000
14.000000 133.302395 9.870590 0.437385 2.598567 0.000000 0.000000 0.000000 1.000000 0.000000 0.000000
14.000000 133.303980 9.782277 0.455339 2.634537 0.000000 0.000000 0.000000 1.000000 0.000000 0.000000
14.000000 133.305113 9.908941 0.380420 2.594292 0.000000 0.000000 0.000000 1.000000 0.000000 0.000000
14.000000 133.307313 9.916172 0.381677 2.597099 0.000000 0.000000 0.000000 1.000000 0.000000 0.000000
14.000000 133.310764 10.080372 0.484064 2.602296 0.000000 0.000000 0.000000 1.000000 0.000000 0.000000
14.000000 133.311110 9.897411 0.429390 2.552086 0.000000 0.000000 0.000000 1.000000 0.000000 0.000000
14.000000 133.312248 9.684871 0.461731 2.539659 0.000000 0.000000 0.000000 1.000000 0.000000 0.000000
14.000000 133.313939 9.692421 0.446386 2.584691 0.000000 0.000000 0.000000 1.000000 0.000000 0.000000
14.000000 133.314941 9.819479 0.382147 2.548614 0.000000 0.000000 0.000000 1.000000 0.000000 0.000000
14.000000 133.317399 9.816959 0.383050 2.553725 0.000000 0.000000 0.000000 1.000000 0.000000 0.000000
14.000000 133.320757 9.953220 0.465911 2.557950 0.000000 0.000000 0.000000 1.000000 0.000000 0.000000
14.000000 133.321319 9.824770 0.426049 2.512399 0.000000 0.000000 0.000000 1.000000 0.000000 0.000000
14.000000 133.322334 9.601049 0.460362 2.497933 0.000000 0.000000 0.000000 1.000000 0.000000 0.000000
14.000000 133.324009 9.606241 0.448073 2.539861 0.000000 0.000000 0.000000 1.000000 0.000000 0.000000
14.000000 133.325004 9.726745 0.387918 2.502740 0.000000 0.000000 0.000000 1.000000 0.000000 0.000000
14.000000 133.327321 9.744568 0.389422 2.503441 0.000000 0.000000 0.000000 1.000000 0.000000 0.000000
14.000000 133.330776 9.857867 0.461277 2.512658 0.000000 0.000000 0.000000 1.000000 0.000000 0.000000
14.000000 133.331184 9.740229 0.427088 2.469916 0.000000 0.000000 0.000000 1.000000 0.000000 0.000000
14.000000 133.332211 9.494120 0.464593 2.455131 0.000000 0.000000 0.000000 1.000000 0.000000 0.000000
14.000000 133.333956 9.480455 0.463482 2.497625 0.000000 0.000000 0.000000 1.000000 0.000000 0.000000
14.000000 133.334975 9.629983 0.393157 2.457555 0.000000 0.000000 0.000000 1.000000 0.000000 0.000000
14.000000 133.337404 9.633639 0.394328 2.464863 0.000000 0.000000 0.000000 1.000000 0.000000 0.000000
14.000000 133.340783 9.756211 0.466814 2.471399 0.000000 0.000000 0.000000 1.000000 0.000000 0.000000
14.000000 133.341241 9.678277 0.441057 2.428938 0.000000 0.000000 0.000000 1.000000 0.000000 0.000000
14.000000 133.342313 9.363642 0.489877 2.405072 0.000000 0.000000 0.000000 1.000000 0.000000 0.000000
14.000000 133.343956 9.412881 0.450797 2.451310 0.000000 0.000000 0.000000 1.000000 0.000000 0.000000
14.000000 133.345014 9.503861 0.396132 2.416170 0.000000 0.000000 0.000000 1.000000 0.000000 0.000000
14.000000 133.347335 9.543632 0.398266 2.411116 0.000000 0.000000 0.000000 1.000000 0.000000 0.000000
14.000000 133.350838 9.634681 0.454408 2.419154 0.000000 0.000000 0.000000 1.000000 0.000000 0.000000
14.000000 133.351223 9.584222 0.439363 2.381393 0.000000 0.000000 0.000000 1.000000 0.000000 0.000000
14.000000 133.352417 9.329208 0.478592 2.360687 0.000000 0.000000 0.000000 1.000000 0.000000 0.000000
14.000000 133.354016 9.325429 0.465319 2.399315 0.000000 0.000000 0.000000 1.000000 0.000000 0.000000
14.000000 133.354962 9.454443 0.395033 2.359751 0.000000 0.000000 0.000000 1.000000 0.000000 0.000000
14.000000 133.357408 9.452594 0.396012 2.363166 0.000000 0.000000 0.000000 1.000000 0.000000 0.000000
14.000000 133.360794 9.566836 0.466383 2.367486 0.000000 0.000000 0.000000 1.000000 0.000000 0.000000
14.000000 133.361290 9.512626 0.450206 2.329552 0.000000 0.000000 0.000000 1.000000 0.000000 0.000000
14.000000 133.362346 9.177546 0.501765 2.304666 0.000000 0.000000 0.000000 1.000000 0.000000 0.000000
14.000000 133.363964 9.202017 0.479458 2.350650 0.000000 0.000000 0.000000 1.000000 0.000000 0.000000
14.000000 133.364964 9.366701 0.397336 2.307236 0.000000 0.000000 0.000000 1.000000 0.000000 0.000000
14.000000 133.367390 9.344534 0.397665 2.314434 0.000000 0.000000 0.000000 1.000000 0.000000 0.000000
14.000000 133.370765 9.497512 0.495795 2.313002 0.000000 0.000000 0.000000 1.000000 0.000000 0.000000
14.000000 133.371082 9.356632 0.455805 2.275834 0.000000 0.000000 0.000000 1.000000 0.000000 0.000000
14.000000 133.372283 9.112211 0.493015 2.263573 0.000000 0.000000 0.000000 1.000000 0.000000 0.000000
14.000000 133.374001 9.097198 0.486191 2.301542 0.000000 0.000000 0.000000 1.000000 0.000000 0.000000
14.000000 133.374989 9.245560 0.408004 2.260102 0.000000 0.000000 0.000000 1.000000 0.000000 0.000000
14.000000 133.377431 9.286148 0.410068 2.257479 0.000000 0.000000 0.000000 1.000000 0.000000 0.000000
14.000000 133.380784 9.376021 0.471206 2.267198 0.000000 0.000000 0.000000 1.000000 0.000000 0.000000
14.000000 133.381216 9.298687 0.452301 2.234076 0.000000 0.000000 0.000000 1.000000 0.000000 0.000000
14.000000 133.382489 9.026835 0.494055 2.210474 0.000000 0.000000 0.000000 1.000000 0.000000 0.000000
14.000000 133.383990 9.072320 0.462305 2.251324 0.000000 0.000000 0.000000 1.000000 0.000000 0.000000
14.000000 133.384923 9.156534 0.414653 2.222357 0.000000 0.000000 0.000000 1.000000 0.000000 0.000000
14.000000 133.387538 9.170601 0.415850 2.221901 0.000000 0.000000 0.000000 1.000000 0.000000 0.000000
14.000000 133.390788 9.269794 0.476468 2.220653 0.000000 0.000000 0.000000 1.000000 0.000000 0.000000
14.000000 133.391209 9.201549 0.454411 2.182514 0.000000 0.000000 0.000000 1.000000 0.000000 0.000000
14.000000 133.392343 8.944966 0.493392 2.161495 0.000000 0.000000 0.000000 1.000000 0.000000 0.000000
14.000000 133.394022 8.929069 0.490735 2.197272 0.000000 0.000000 0.000000 1.000000 0.000000 0.000000
14.000000 133.395006 9.076266 0.416263 2.160871 0.000000 0.000000 0.000000 1.000000 0.000000 0.000000
14.000000 133.397632 9.094923 0.417337 2.158508 0.000000 0.000000 0.000000 1.000000 0.000000 0.000000
14.000000 133.401029 9.165065 0.470232 2.163905 0.000000 0.000000 0.000000 1.000000 0.000000 0.000000
14.000000 133.401407 9.119208 0.463815 2.136376 0.000000 0.000000 0.000000 1.000000 0.000000 0.000000
14.000000 133.402320 8.861510 0.503079 2.112956 0.000000 0.000000 0.000000 1.000000 0.000000 0.000000
14.000000 133.403961 8.906923 0.469407 2.154023 0.000000 0.000000 0.000000 1.000000 0.000000 0.000000
14.000000 133.405091 8.983365 0.422350 2.117417 0.000000 0.000000 0.000000 1.000000 0.000000 0.000000
14.000000 133.407279 9.003864 0.423966 2.102438 0.000000 0.000000 0.000000 1.000000 0.000000 0.000000
14.000000 133.410792 9.074522 0.477206 2.107410 0.000000 0.000000 0.000000 1.000000 0.000000 0.000000
14.000000 133.411409 9.019017 0.467736 2.080700 0.000000 0.000000 0.000000 1.000000 0.000000 0.000000
14.000000 133.412320 8.729050 0.511847 2.055864 0.000000 0.000000 0.000000 1.000000 0.000000 0.000000
14.000000 133.414019 8.786769 0.480643 2.098478 0.000000 0.000000 0.000000 1.000000 0.000000 0.000000
14.000000 133.415055 8.900265 0.424750 2.062504 0.000000 0.000000 0.000000 1.000000 0.000000 0.000000
14.000000 133.417530 8.910693 0.425877 2.060587 0.000000 0.000000 0.000000 1.000000 0.000000 0.000000
14.000000 133.420785 9.052150 0.519917 2.052899 0.000000 0.000000 0.000000 1.000000 0.000000 0.000000
14.000000 133.421471 8.902196 0.478470 2.020470 0.000000 0.000000 0.000000 1.000000 0.000000 0.000000
14.000000 133.422381 8.654036 0.516098 2.006418 0.000000 0.000000 0.000000 1.000000 0.000000 0.000000
14.000000 133.424037 8.712360 0.479444 2.047008 0.000000 0.000000 0.000000 1.000000 0.000000 0.000000
14.000000 133.425075 8.803547 0.427722 2.012838 0.000000 0.000000 0.000000 1.000000 0.000000 0.000000
14.000000 133.427504 8.816656 0.429076 2.011268 0.000000 0.000000 0.000000 1.000000 0.000000 0.000000
14.000000 133.431026 8.926300 0.501109 2.010319 0.000000 0.000000 0.000000 1.000000 0.000000 0.000000
14.000000 133.431140 8.833502 0.474968 1.972130 0.000000 0.000000 0.000000 1.000000 0.000000 0.000000
14.000000 133.432372 8.569570 0.514838 1.945263 0.000000 0.000000 0.000000 1.000000 0.000000 0.000000
14.000000 133.434164 8.623322 0.483155 1.986003 0.000000 0.000000 0.000000 1.000000 0.000000 0.000000
14.000000 133.435132 8.730526 0.426979 1.952012 0.000000 0.000000 0.000000 1.000000 0.000000 0.000000
14.000000 133.437402 8.713812 0.427214 1.955876 0.000000 0.000000 0.000000 1.000000 0.000000 0.000000
14.000000 133.440801 8.805348 0.487341 1.953249 0.000000 0.000000 0.000000 1.000000 0.000000 0.000000
14.000000 133.441201 8.773986 0.479109 1.919641 0.000000 0.000000 0.000000 1.000000 0.000000 0.000000
14.000000 133.442400 8.447739 0.528364 1.884802 0.000000 0.000000 0.000000 1.000000 0.000000 0.000000
14.000000 133.444110 8.485780 0.493340 1.927071 0.000000 0.000000 0.000000 1.000000 0.000000 0.000000
14.000000 133.445085 8.589321 0.428163 1.895597 0.000000 0.000000 0.000000 1.000000 0.000000 0.000000
14.000000 133.447556 8.624486 0.429937 1.894157 0.000000 0.000000 0.000000 1.000000 0.000000 0.000000
14.000000 133.450802 8.733405 0.503776 1.891357 0.000000 0.000000 0.000000 1.000000 0.000000 0.000000
14.000000 133.451125 8.662423 0.485800 1.858641 0.000000 0.000000 0.000000 1.000000 0.000000 0.000000
14.000000 133.452293 8.338250 0.535554 1.816087 0.000000 0.000000 0.000000 1.000000 0.000000 0.000000
14.000000 133.454081 8.518175 0.456268 1.863302 0.000000 0.000000 0.000000 1.000000 0.000000 0.000000
14.000000 133.455235 8.550240 0.441070 1.840533 0.000000 0.000000 0.000000 1.000000 0.000000 0.000000
14.000000 133.457402 8.551228 0.442008 1.838574 0.000000 0.000000 0.000000 1.000000 0.000000 0.000000
14.000000 133.461064 8.678496 0.531715 1.832603 0.000000 0.000000 0.000000 1.000000 0.000000 0.000000
14.000000 133.461341 8.535684 0.495250 1.795721 0.000000 0.000000 0.000000 1.000000 0.000000 0.000000
14.000000 133.462377 8.275657 0.533969 1.773597 0.000000 0.000000 0.000000 1.000000 0.000000 0.000000
14.000000 133.464000 8.361208 0.492182 1.819589 0.000000 0.000000 0.000000 1.000000 0.000000 0.000000
14.000000 133.465028 8.459226 0.443350 1.787954 0.000000 0.000000 0.000000 1.000000 0.000000 0.000000
14.000000 133.467300 8.459529 0.443825 1.780844 0.000000 0.000000 0.000000 1.000000 0.000000 0.000000
14.000000 133.470787 8.565506 0.521882 1.768118 0.000000 0.000000 0.000000 1.000000 0.000000 0.000000
14.000000 133.471277 8.461938 0.497973 1.736324 0.000000 0.000000 0.000000 1.000000 0.000000 0.000000
14.000000 133.472419 8.199958 0.537256 1.708886 0.000000 0.000000 0.000000 1.000000 0.000000 0.000000
14.000000 133.474074 8.275525 0.495781 1.750506 0.000000 0.000000 0.000000 1.000000 0.000000 0.000000
14.000000 133.475166 8.362077 0.447338 1.720783 0.000000 0.000000 0.000000 1.000000 0.000000 0.000000
14.000000 133.477429 8.356428 0.447711 1.718663 0.000000 0.000000 0.000000 1.000000 0.000000 0.000000
14.000000 133.481067 8.434774 0.505194 1.713539 0.000000 0.000000 0.000000 1.000000 0.000000 0.000000
14.000000 133.481352 8.389411 0.496507 1.684979 0.000000 0.000000 0.000000 1.000000 0.000000 0.000000
14.000000 133.482437 8.113302 0.537801 1.652563 0.000000 0.000000 0.000000 1.000000 0.000000 0.000000
14.000000 133.484051 8.170729 0.501542 1.692225 0.000000 0.000000 0.000000 1.000000 0.000000 0.000000
14.000000 133.485091 8.267784 0.444864 1.659141 0.000000 0.000000 0.000000 1.000000 0.000000 0.000000
14.000000 133.487361 8.249339 0.445014 1.666242 0.000000 0.000000 0.000000 1.000000 0.000000 0.000000
14.000000 133.490815 8.362428 0.516877 1.654349 0.000000 0.000000 0.000000 1.000000 0.000000 0.000000
14.000000 133.491400 8.325978 0.503998 1.623034 0.000000 0.000000 0.000000 1.000000 0.000000 0.000000
14.000000 133.492342 7.995884 0.553270 1.588258 0.000000 0.000000 0.000000 1.000000 0.000000 0.000000
14.000000 133.494122 8.094993 0.503498 1.635547 0.000000 0.000000 0.000000 1.000000 0.000000 0.000000
14.000000 133.495193 8.188562 0.453308 1.605610 0.000000 0.000000 0.000000 1.000000 0.000000 0.000000
14.000000 133.497435 8.170578 0.453322 1.614470 0.000000 0.000000 0.000000 1.000000 0.000000 0.000000
14.000000 133.500831 8.281270 0.523340 1.600852 0.000000 0.000000 0.000000 1.000000 0.000000 0.000000
14.000000 133.501268 8.226827 0.504467 1.567305 0.000000 0.000000 0.000000 1.000000 0.000000 0.000000
14.000000 133.502549 7.942349 0.547398 1.528840 0.000000 0.000000 0.000000 1.000000 0.000000 0.000000
14.000000 133.504273 8.072776 0.481679 1.571511 0.000000 0.000000 0.000000 1.000000 0.000000 0.000000
14.000000 133.505055 8.090896 0.463439 1.554079 0.000000 0.000000 0.000000 1.000000 0.000000 0.000000
14.000000 133.507331 8.085521 0.464016 1.552869 0.000000 0.000000 0.000000 1.000000 0.000000 0.000000
14.000000 133.510803 8.217934 0.544199 1.527558 0.000000 0.000000 0.000000 1.000000 0.000000 0.000000
14.000000 133.511522 8.130376 0.511574 1.493358 0.000000 0.000000 0.000000 1.000000 0.000000 0.000000
14.000000 133.512291 7.804051 0.560288 1.461781 0.000000 0.000000 0.000000 1.000000 0.000000 0.000000
14.000000 133.514233 7.963762 0.489557 1.512187 0.000000 0.000000 0.000000 1.000000 0.000000 0.000000
14.000000 133.515236 8.015598 0.463048 1.488241 0.000000 0.000000 0.000000 1.000000 0.000000 0.000000
14.000000 133.517464 7.990771 0.462816 1.490586 0.000000 0.000000 0.000000 1.000000 0.000000 0.000000
14.000000 133.521080 8.088767 0.526479 1.473693 0.000000 0.000000 0.000000 1.000000 0.000000 0.000000
14.000000 133.521243 8.063992 0.516935 1.442528 0.000000 0.000000 0.000000 1.000000 0.000000 0.000000
14.000000 133.522413 7.700363 0.571534 1.391735 0.000000 0.000000 0.000000 1.000000 0.000000 0.000000
14.000000 133.524241 7.899524 0.481226 1.446226 0.000000 0.000000 0.000000 1.000000 0.000000 0.000000
14.000000 133.525257 7.922299 0.465184 1.427853 0.000000 0.000000 0.000000 1.000000 0.000000 0.000000
14.000000 133.527594 7.898476 0.464865 1.420289 0.000000 0.000000 0.000000 1.000000 0.000000 0.000000
14.000000 133.530816 7.981662 0.526437 1.402135 0.000000 0.000000 0.000000 1.000000 0.000000 0.000000
14.000000 133.531251 7.958548 0.522956 1.376082 0.000000 0.000000 0.000000 1.000000 0.000000 0.000000
14.000000 133.532328 7.623911 0.572757 1.330640 0.000000 0.000000 0.000000 1.000000 0.000000 0.000000
14.000000 133.534079 7.801094 0.491866 1.384616 0.000000 0.000000 0.000000 1.000000 0.000000 0.000000
14.000000 133.535176 7.835700 0.470083 1.363954 0.000000 0.000000 0.000000 1.000000 0.000000 0.000000
14.000000 133.537706 7.813353 0.469924 1.364108 0.000000 0.000000 0.000000 1.000000 0.000000 0.000000
14.000000 133.540831 7.915974 0.539525 1.344645 0.000000 0.000000 0.000000 1.000000 0.000000 0.000000
14.000000 133.541258 7.869468 0.525294 1.313725 0.000000 0.000000 0.000000 1.000000 0.000000 0.000000
14.000000 133.542583 7.550193 0.572723 1.270470 0.000000 0.000000 0.000000 1.000000 0.000000 0.000000
14.000000 133.544186 7.674261 0.513355 1.315876 0.000000 0.000000 0.000000 1.000000 0.000000 0.000000
14.000000 133.545134 7.744650 0.473091 1.295032 0.000000 0.000000 0.000000 1.000000 0.000000 0.000000
14.000000 133.547386 7.714105 0.472207 1.304784 0.000000 0.000000 0.000000 1.000000 0.000000 0.000000
14.000000 133.550852 7.832442 0.550420 1.276634 0.000000 0.000000 0.000000 1.000000 0.000000 0.000000
14.000000 133.551218 7.774202 0.530546 1.245845 0.000000 0.000000 0.000000 1.000000 0.000000 0.000000
14.000000 133.552447 7.437248 0.581530 1.188121 0.000000 0.000000 0.000000 1.000000 0.000000 0.000000
14.000000 133.554243 7.690618 0.465687 1.238958 0.000000 0.000000 0.000000 1.000000 0.000000 0.000000
14.000000 133.555214 7.663563 0.469035 1.234891 0.000000 0.000000 0.000000 1.000000 0.000000 0.000000
14.000000 133.557701 7.618817 0.468105 1.242335 0.000000 0.000000 0.000000 1.000000 0.000000 0.000000
14.000000 133.561022 7.736731 0.550713 1.219655 0.000000 0.000000 0.000000 1.000000 0.000000 0.000000
14.000000 133.561253 7.688511 0.537275 1.186457 0.000000 0.000000 0.000000 1.000000 0.000000 0.000000
14.000000 133.562602 7.331843 0.590192 1.131386 0.000000 0.000000 0.000000 1.000000 0.000000 0.000000
14.000000 133.564098 7.552957 0.492566 1.190055 0.000000 0.000000 0.000000 1.000000 0.000000 0.000000
14.000000 133.565132 7.570099 0.479864 1.175748 0.000000 0.000000 0.000000 1.000000 0.000000 0.000000
14.000000 133.567555 7.546825 0.479444 1.173318 0.000000 0.000000 0.000000 1.000000 0.000000 0.000000
14.000000 133.570849 7.670115 0.577234 1.147906 0.000000 0.000000 0.000000 1.000000 0.000000 0.000000
14.000000 133.571273 7.533560 0.547166 1.111297 0.000000 0.000000 0.000000 1.000000 0.000000 0.000000
14.000000 133.572421 7.278553 0.584690 1.072393 0.000000 0.000000 0.000000 1.000000 0.000000 0.000000
14.000000 133.574056 7.461089 0.501269 1.125036 0.000000 0.000000 0.000000 1.000000 0.000000 0.000000
14.000000 133.575232 7.480313 0.484841 1.108032 0.000000 0.000000 0.000000 1.000000 0.000000 0.000000
14.000000 133.577631 7.449588 0.484226 1.105561 0.000000 0.000000 0.000000 1.000000 0.000000 0.000000
14.000000 133.580875 7.530177 0.541719 1.084329 0.000000 0.000000 0.000000 1.000000 0.000000 0.000000
14.000000 133.581328 7.521418 0.539367 1.064846 0.000000 0.000000 0.000000 1.000000 0.000000 0.000000
14.000000 133.582503 7.186974 0.589289 1.010010 0.000000 0.000000 0.000000 1.000000 0.000000 0.000000
14.000000 133.584092 7.372430 0.506870 1.054625 0.000000 0.000000 0.000000 1.000000 0.000000 0.000000
14.000000 133.585140 7.397933 0.488550 1.038548 0.000000 0.000000 0.000000 1.000000 0.000000 0.000000
14.000000 133.587345 7.379570 0.488284 1.036866 0.000000 0.000000 0.000000 1.000000 0.000000 0.000000
14.000000 133.590863 7.464550 0.552258 1.016854 0.000000 0.000000 0.000000 1.000000 0.000000 0.000000
14.000000 133.591230 7.429216 0.544986 0.995076 0.000000 0.000000 0.000000 1.000000 0.000000 0.000000
14.000000 133.592423 7.124501 0.589960 0.949141 0.000000 0.000000 0.000000 1.000000 0.000000 0.000000
14.000000 133.594107 7.249565 0.528558 0.990901 0.000000 0.000000 0.000000 1.000000 0.000000 0.000000
14.000000 133.595255 7.302815 0.492334 0.969883 0.000000 0.000000 0.000000 1.000000 0.000000 0.000000
14.000000 133.597630 7.284126 0.491841 0.968550 0.000000 0.000000 0.000000 1.000000 0.000000 0.000000
14.000000 133.600895 7.362126 0.553349 0.947704 0.000000 0.000000 0.000000 1.000000 0.000000 0.000000
14.000000 133.601264 7.320963 0.545814 0.926981 0.000000 0.000000 0.000000 1.000000 0.000000 0.000000
14.000000 133.602527 7.028336 0.589067 0.878742 0.000000 0.000000 0.000000 1.000000 0.000000 0.000000
14.000000 133.604084 7.193270 0.512961 0.922673 0.000000 0.000000 0.000000 1.000000 0.000000 0.000000
14.000000 133.605109 7.218129 0.491937 0.905987 0.000000 0.000000 0.000000 1.000000 0.000000 0.000000
14.000000 133.607362 7.196599 0.491463 0.899759 0.000000 0.000000 0.000000 1.000000 0.000000 0.000000
14.000000 133.610871 7.276605 0.553674 0.874750 0.000000 0.000000 0.000000 1.000000 0.000000 0.000000
14.000000 133.611208 7.261812 0.552457 0.857698 0.000000 0.000000 0.000000 1.000000 0.000000 0.000000
14.000000 133.612307 6.925111 0.602108 0.803652 0.000000 0.000000 0.000000 1.000000 0.000000 0.000000
14.000000 133.614159 7.107067 0.521997 0.851562 0.000000 0.000000 0.000000 1.000000 0.000000 0.000000
14.000000 133.615184 7.138703 0.500489 0.832130 0.000000 0.000000 0.000000 1.000000 0.000000 0.000000
14.000000 133.617414 7.109798 0.499728 0.828202 0.000000 0.000000 0.000000 1.000000 0.000000 0.000000
14.000000 133.620878 7.198255 0.570710 0.801454 0.000000 0.000000 0.000000 1.000000 0.000000 0.000000
14.000000 133.621247 7.139808 0.559132 0.779666 0.000000 0.000000 0.000000 1.000000 0.000000 0.000000
14.000000 133.622445 6.836332 0.603560 0.732670 0.000000 0.000000 0.000000 1.000000 0.000000 0.000000
14.000000 133.624093 7.017781 0.524455 0.782207 0.000000 0.000000 0.000000 1.000000 0.000000 0.000000
14.000000 133.625160 7.056794 0.499781 0.760979 0.000000 0.000000 0.000000 1.000000 0.000000 0.000000
14.000000 133.627474 7.028338 0.498867 0.751411 0.000000 0.000000 0.000000 1.000000 0.000000 0.000000
14.000000 133.630867 7.093855 0.558711 0.726848 0.000000 0.000000 0.000000 1.000000 0.000000 0.000000
14.000000 133.631253 7.060553 0.557533 0.711603 0.000000 0.000000 0.000000 1.000000 0.000000 0.000000
14.000000 133.632301 6.756039 0.602001 0.662084 0.000000 0.000000 0.000000 1.000000 0.000000 0.000000
14.000000 133.634115 6.932270 0.525370 0.710239 0.000000 0.000000 0.000000 1.000000 0.000000 0.000000
14.000000 133.635317 6.962665 0.505144 0.692694 0.000000 0.000000 0.000000 1.000000 0.000000 0.000000
14.000000 133.637469 6.933222 0.504193 0.688432 0.000000 0.000000 0.000000 1.000000 0.000000 0.000000
14.000000 133.640937 7.007763 0.563836 0.660262 0.000000 0.000000 0.000000 1.000000 0.000000 0.000000
14.000000 133.641212 6.988974 0.561283 0.643919 0.000000 0.000000 0.000000 1.000000 0.000000 0.000000
14.000000 133.642366 6.691410 0.604842 0.592807 0.000000 0.000000 0.000000 1.000000 0.000000 0.000000
14.000000 133.644112 6.852797 0.533941 0.635887 0.000000 0.000000 0.000000 1.000000 0.000000 0.000000
14.000000 133.645129 6.893485 0.507387 0.615333 0.000000 0.000000 0.000000 1.000000 0.000000 0.000000
14.000000 133.647480 6.844914 0.505591 0.616372 0.000000 0.000000 0.000000 1.000000 0.000000 0.000000
14.000000 133.650849 6.926289 0.571564 0.583917 0.000000 0.000000 0.000000 1.000000 0.000000 0.000000
14.000000 133.651268 6.894398 0.565863 0.566058 0.000000 0.000000 0.000000 1.000000 0.000000 0.000000
14.000000 133.652402 6.581491 0.611620 0.510528 0.000000 0.000000 0.000000 1.000000 0.000000 0.000000
14.000000 133.654145 6.763621 0.528149 0.557450 0.000000 0.000000 0.000000 1.000000 0.000000 0.000000
14.000000 133.655139 6.776212 0.511944 0.551123 0.000000 0.000000 0.000000 1.000000 0.000000 0.000000
14.000000 133.657589 6.760309 0.511188 0.542895 0.000000 0.000000 0.000000 1.000000 0.000000 0.000000
14.000000 133.660904 6.834705 0.585222 0.515385 0.000000 0.000000 0.000000 1.000000 0.000000 0.000000
14.000000 133.661252 6.757081 0.576623 0.492158 0.000000 0.000000 0.000000 1.000000 0.000000 0.000000
14.000000 133.662525 6.499794 0.614065 0.440631 0.000000 0.000000 0.000000 1.000000 0.000000 0.000000
14.000000 133.664139 6.693609 0.530396 0.490166 0.000000 0.000000 0.000000 1.000000 0.000000 0.000000
14.000000 133.665162 6.718030 0.512027 0.474448 0.000000 0.000000 0.000000 1.000000 0.000000 0.000000
14.000000 133.667389 6.666400 0.509988 0.472299 0.000000 0.000000 0.000000 1.000000 0.000000 0.000000
14.000000 133.670923 6.761681 0.593456 0.431450 0.000000 0.000000 0.000000 1.000000 0.000000 0.000000
14.000000 133.671200 6.675198 0.577290 0.411246 0.000000 0.000000 0.000000 1.000000 0.000000 0.000000
14.000000 133.672413 6.434024 0.612185 0.371483 0.000000 0.000000 0.000000 1.000000 0.000000 0.000000
14.000000 133.674129 6.600292 0.538324 0.416368 0.000000 0.000000 0.000000 1.000000 0.000000 0.000000
14.000000 133.675204 6.626543 0.517265 0.400960 0.000000 0.000000 0.000000 1.000000 0.000000 0.000000
14.000000 133.677465 6.594267 0.515920 0.391636 0.000000 0.000000 0.000000 1.000000 0.000000 0.000000
14.000000 133.681158 6.661369 0.578680 0.357735 0.000000 0.000000 0.000000 1.000000 0.000000 0.000000
14.000000 133.681393 6.636935 0.579014 0.344263 0.000000 0.000000 0.000000 1.000000 0.000000 0.000000
14.000000 133.682476 6.290302 0.629024 0.284344 0.000000 0.000000 0.000000 1.000000 0.000000 0.000000
14.000000 133.684160 6.498310 0.547053 0.338234 0.000000 0.000000 0.000000 1.000000 0.000000 0.000000
14.000000 133.685189 6.552155 0.521253 0.318713 0.000000 0.000000 0.000000 1.000000 0.000000 0.000000
14.000000 133.687434 6.503034 0.518831 0.321587 0.000000 0.000000 0.000000 1.000000 0.000000 0.000000
14.000000 133.690904 6.581051 0.586994 0.280136 0.000000 0.000000 0.000000 1.000000 0.000000 0.000000
14.000000 133.691283 6.546150 0.581671 0.264619 0.000000 0.000000 0.000000 1.000000 0.000000 0.000000
14.000000 133.692371 6.246681 0.624869 0.211545 0.000000 0.000000 0.000000 1.000000 0.000000 0.000000
14.000000 133.694171 6.426167 0.548043 0.259473 0.000000 0.000000 0.000000 1.000000 0.000000 0.000000
14.000000 133.695191 6.464931 0.522818 0.244990 0.000000 0.000000 0.000000 1.000000 0.000000 0.000000
14.000000 133.697488 6.420563 0.520572 0.243414 0.000000 0.000000 0.000000 1.000000 0.000000 0.000000
14.000000 133.700896 6.489186 0.585894 0.204024 0.000000 0.000000 0.000000 1.000000 0.000000 0.000000
14.000000 133.701409 6.460969 0.585184 0.192636 0.000000 0.000000 0.000000 1.000000 0.000000 0.000000
14.000000 133.702473 6.192430 0.624016 0.141102 0.000000 0.000000 0.000000 1.000000 0.000000 0.000000
14.000000 133.704122 6.364508 0.544439 0.186015 0.000000 0.000000 0.000000 1.000000 0.000000 0.000000
14.000000 133.705096 6.375823 0.526522 0.175984 0.000000 0.000000 0.000000 1.000000 0.000000 0.000000
14.000000 133.707372 6.340133 0.524929 0.165455 0.000000 0.000000 0.000000 1.000000 0.000000 0.000000
14.000000 133.711294 6.419370 0.584188 0.109036 0.000000 0.000000 0.000000 1.000000 0.000000 0.000000
14.000000 133.711488 6.324915 0.592367 0.105279 0.000000 0.000000 0.000000 1.000000 0.000000 0.000000
14.000000 133.712425 6.228109 0.567110 0.103379 0.000000 0.000000 0.000000 1.000000 0.000000 0.000000
14.000000 133.714162 6.276013 0.544561 0.108730 0.000000 0.000000 0.000000 1.000000 0.000000 0.000000
14.000000 133.715202 6.295620 0.529090 0.097243 0.000000 0.000000 0.000000 1.000000 0.000000 0.000000
14.000000 133.717519 6.239899 0.526433 0.093893 0.000000 0.000000 0.000000 1.000000 0.000000 0.000000
14.000000 133.720902 6.309609 0.591929 0.048375 0.000000 0.000000 0.000000 1.000000 0.000000 0.000000
14.000000 133.721326 6.297431 0.593678 0.039565 0.000000 0.000000 0.000000 1.000000 0.000000 0.000000
14.000000 133.722496 5.999368 0.636546 -0.017572 0.000000 0.000000 0.000000 1.000000 0.000000 0.000000
14.000000 133.724179 6.189212 0.551134 0.031521 0.000000 0.000000 0.000000 1.000000 0.000000 0.000000
14.000000 133.725455 6.201870 0.533700 0.024848 0.000000 0.000000 0.000000 1.000000 0.000000 0.000000
14.000000 133.727473 6.159302 0.531378 0.008540 0.000000 0.000000 0.000000 1.000000 0.000000 0.000000
14.000000 133.730932 6.148571 0.554683 -0.005936 0.000000 0.000000 0.000000 1.000000 0.000000 0.000000
14.000000 133.731314 6.225054 0.595106 0.017992 0.000000 0.000000 0.000000 1.000000 0.000000 0.000000
14.000000 133.732365 5.958883 0.632702 -0.022730 0.000000 0.000000 0.000000 1.000000 0.000000 0.000000
14.000000 133.734185 6.173458 0.538078 0.037852 0.000000 0.000000 0.000000 1.000000 0.000000 0.000000
14.000000 133.735366 6.161493 0.536702 0.048973 0.000000 0.000000 0.000000 1.000000 0.000000 0.000000
14.000000 133.737543 6.118119 0.534338 0.064605 0.000000 0.000000 0.000000 1.000000 0.000000 0.000000
14.000000 133.740946 6.146656 0.575607 0.055561 0.000000 0.000000 0.000000 1.000000 0.000000 0.000000
14.000000 133.741268 6.191091 0.601286 0.064649 0.000000 0.000000 0.000000 1.000000 0.000000 0.000000
14.000000 133.742558 5.871894 0.646075 0.016802 0.000000 0.000000 0.000000 1.000000 0.000000 0.000000
14.000000 133.744184 6.115132 0.537439 0.088527 0.000000 0.000000 0.000000 1.000000 0.000000 0.000000
14.000000 133.745555 6.097719 0.537223 0.105281 0.000000 0.000000 0.000000 1.000000 0.000000 0.000000
14.000000 133.747622 6.066545 0.535274 0.119991 0.000000 0.000000 0.000000 1.000000 0.000000 0.000000
14.000000 133.750933 6.077978 0.563925 0.119362 0.000000 0.000000 0.000000 1.000000 0.000000 0.000000
14.000000 133.751334 6.140111 0.595144 0.133305 0.000000 0.000000 0.000000 1.000000 0.000000 0.000000
14.000000 133.752375 5.817464 0.641224 0.073794 0.000000 0.000000 0.000000 1.000000 0.000000 0.000000
14.000000 133.754156 6.090154 0.524031 0.137639 0.000000 0.000000 0.000000 1.000000 0.000000 0.000000
14.000000 133.755225 6.053144 0.536132 0.161084 0.000000 0.000000 0.000000 1.000000 0.000000 0.000000
14.000000 133.757588 6.028008 0.534558 0.174908 0.000000 0.000000 0.000000 1.000000 0.000000 0.000000
14.000000 133.760992 6.050884 0.575497 0.174753 0.000000 0.000000 0.000000 1.000000 0.000000 0.000000
14.000000 133.761341 6.072719 0.598916 0.182946 0.000000 0.000000 0.000000 1.000000 0.000000 0.000000
14.000000 133.762476 5.799717 0.637361 0.139267 0.000000 0.000000 0.000000 1.000000 0.000000 0.000000
14.000000 133.764184 6.039877 0.535659 0.202158 0.000000 0.000000 0.000000 1.000000 0.000000 0.000000
14.000000 133.765199 6.026242 0.537482 0.210967 0.000000 0.000000 0.000000 1.000000 0.000000 0.000000
14.000000 133.767673 5.977993 0.535057 0.227917 0.000000 0.000000 0.000000 1.000000 0.000000 0.000000
14.000000 133.770950 6.025588 0.595853 0.217770 0.000000 0.000000 0.000000 1.000000 0.000000 0.000000
14.000000 133.771237 6.005308 0.608278 0.223705 0.000000 0.000000 0.000000 1.000000 0.000000 0.000000
14.000000 133.772451 5.729570 0.646813 0.187825 0.000000 0.000000 0.000000 1.000000 0.000000 0.000000
14.000000 133.774311 5.989729 0.540525 0.254670 0.000000 0.000000 0.000000 1.000000 0.000000 0.000000
14.000000 133.775197 5.977201 0.545426 0.263255 0.000000 0.000000 0.000000 1.000000 0.000000 0.000000
14.000000 133.777593 5.965746 0.544587 0.263802 0.000000 0.000000 0.000000 1.000000 0.000000 0.000000
14.000000 133.780980 5.962018 0.568275 0.272632 0.000000 0.000000 0.000000 1.000000 0.000000 0.000000
14.000000 133.781268 6.005888 0.600064 0.288847 0.000000 0.000000 0.000000 1.000000 0.000000 0.000000
14.000000 133.782466 5.684776 0.644885 0.243696 0.000000 0.000000 0.000000 1.000000 0.000000 0.000000
14.000000 133.784246 5.933242 0.541921 0.310093 0.000000 0.000000 0.000000 1.000000 0.000000 0.000000
14.000000 133.785229 5.926662 0.541982 0.315640 0.000000 0.000000 0.000000 1.000000 0.000000 0.000000
14.000000 133.787579 5.890465 0.540140 0.329685 0.000000 0.000000 0.000000 1.000000 0.000000 0.000000
14.000000 133.790952 5.915349 0.578817 0.329095 0.000000 0.000000 0.000000 1.000000 0.000000 0.000000
14.000000 133.791348 5.942372 0.600574 0.337634 0.000000 0.000000 0.000000 1.000000 0.000000 0.000000
14.000000 133.792369 5.671018 0.638367 0.300491 0.000000 0.000000 0.000000 1.000000 0.000000 0.000000
14.000000 133.794279 5.879848 0.549909 0.358078 0.000000 0.000000 0.000000 1.000000 0.000000 0.000000
14.000000 133.795240 5.886365 0.541425 0.361805 0.000000 0.000000 0.000000 1.000000 0.000000 0.000000
14.000000 133.797617 5.840983 0.539007 0.381934 0.000000 0.000000 0.000000 1.000000 0.000000 0.000000
14.000000 133.800943 5.865825 0.577295 0.381202 0.000000 0.000000 0.000000 1.000000 0.000000 0.000000
14.000000 133.801417 5.914552 0.604247 0.390166 0.000000 0.000000 0.000000 1.000000 0.000000 0.000000
14.000000 133.802594 5.668120 0.637909 0.361300 0.000000 0.000000 0.000000 1.000000 0.000000 0.000000
14.000000 133.804184 5.819670 0.566251 0.416453 0.000000 0.000000 0.000000 1.000000 0.000000 0.000000
14.000000 133.805451 5.842173 0.543026 0.412584 0.000000 0.000000 0.000000 1.000000 0.000000 0.000000
14.000000 133.807482 5.791209 0.540443 0.433236 0.000000 0.000000 0.000000 1.000000 0.000000 0.000000
14.000000 133.810951 5.838743 0.603290 0.428879 0.000000 0.000000 0.000000 1.000000 0.000000 0.000000
14.000000 133.811469 5.810000 0.614816 0.429063 0.000000 0.000000 0.000000 1.000000 0.000000 0.000000
14.000000 133.812446 5.541338 0.652200 0.390204 0.000000 0.000000 0.000000 1.000000 0.000000 0.000000
14.000000 133.814366 5.817326 0.539092 0.458029 0.000000 0.000000 0.000000 1.000000 0.000000 0.000000
14.000000 133.815310 5.792347 0.548909 0.466047 0.000000 0.000000 0.000000 1.000000 0.000000 0.000000
14.000000 133.817716 5.753323 0.547150 0.478138 0.000000 0.000000 0.000000 1.000000 0.000000 0.000000
14.000000 133.820949 5.785234 0.593329 0.479044 0.000000 0.000000 0.000000 1.000000 0.000000 0.000000
14.000000 133.821312 5.792975 0.611323 0.482419 0.000000 0.000000 0.000000 1.000000 0.000000 0.000000
14.000000 133.822576 5.521393 0.649028 0.443809 0.000000 0.000000 0.000000 1.000000 0.000000 0.000000
14.000000 133.824476 5.760751 0.548704 0.505765 0.000000 0.000000 0.000000 1.000000 0.000000 0.000000
14.000000 133.825199 5.756442 0.545163 0.508022 0.000000 0.000000 0.000000 1.000000 0.000000 0.000000
14.000000 133.827636 5.715148 0.543167 0.520463 0.000000 0.000000 0.000000 1.000000 0.000000 0.000000
14.000000 133.830965 5.732094 0.577305 0.524799 0.000000 0.000000 0.000000 1.000000 0.000000 0.000000
14.000000 133.831506 5.778388 0.605108 0.534026 0.000000 0.000000 0.000000 1.000000 0.000000 0.000000
14.000000 133.832324 5.469549 0.647778 0.491661 0.000000 0.000000 0.000000 1.000000 0.000000 0.000000
14.000000 133.834217 5.706810 0.551206 0.553828 0.000000 0.000000 0.000000 1.000000 0.000000 0.000000
14.000000 133.835117 5.704920 0.549606 0.555267 0.000000 0.000000 0.000000 1.000000 0.000000 0.000000
14.000000 133.837688 5.654137 0.547189 0.575384 0.000000 0.000000 0.000000 1.000000 0.000000 0.000000
14.000000 133.840965 5.682601 0.583488 0.575409 0.000000 0.000000 0.000000 1.000000 0.000000 0.000000
14.000000 133.841333 5.726092 0.605434 0.582967 0.000000 0.000000 0.000000 1.000000 0.000000 0.000000
14.000000 133.842520 5.451203 0.643658 0.545463 0.000000 0.000000 0.000000 1.000000 0.000000 0.000000
14.000000 133.844167 5.655115 0.556525 0.597918 0.000000 0.000000 0.000000 1.000000 0.000000 0.000000
14.000000 133.845228 5.654628 0.549628 0.601167 0.000000 0.000000 0.000000 1.000000 0.000000 0.000000
14.000000 133.847495 5.611125 0.547496 0.621025 0.000000 0.000000 0.000000 1.000000 0.000000 0.000000
14.000000 133.851267 5.674761 0.603377 0.606548 0.000000 0.000000 0.000000 1.000000 0.000000 0.000000
14.000000 133.851480 5.676291 0.606586 0.624900 0.000000 0.000000 0.000000 1.000000 0.000000 0.000000
14.000000 133.852424 5.583407 0.582701 0.627151 0.000000 0.000000 0.000000 1.000000 0.000000 0.000000
14.000000 133.854195 5.621421 0.557443 0.643451 0.000000 0.000000 0.000000 1.000000 0.000000 0.000000
14.000000 133.855189 5.612730 0.551189 0.647402 0.000000 0.000000 0.000000 1.000000 0.000000 0.000000
14.000000 133.857542 5.559530 0.548700 0.667088 0.000000 0.000000 0.000000 1.000000 0.000000 0.000000
14.000000 133.861005 5.596214 0.589925 0.663526 0.000000 0.000000 0.000000 1.000000 0.000000 0.000000
14.000000 133.861509 5.633026 0.608498 0.669571 0.000000 0.000000 0.000000 1.000000 0.000000 0.000000
14.000000 133.862537 5.354899 0.647205 0.631685 0.000000 0.000000 0.000000 1.000000 0.000000 0.000000
14.000000 133.864265 5.580044 0.554783 0.683693 0.000000 0.000000 0.000000 1.000000 0.000000 0.000000
14.000000 133.865192 5.571319 0.554934 0.686781 0.000000 0.000000 0.000000 1.000000 0.000000 0.000000
14.000000 133.867483 5.513467 0.552208 0.709123 0.000000 0.000000 0.000000 1.000000 0.000000 0.000000
14.000000 133.870955 5.568065 0.611042 0.702281 0.000000 0.000000 0.000000 1.000000 0.000000 0.000000
14.000000 133.871624 5.544897 0.616190 0.700657 0.000000 0.000000 0.000000 1.000000 0.000000 0.000000
14.000000 133.872466 5.313850 0.648204 0.670577 0.000000 0.000000 0.000000 1.000000 0.000000 0.000000
14.000000 133.874191 5.538097 0.554911 0.723007 0.000000 0.000000 0.000000 1.000000 0.000000 0.000000
14.000000 133.875320 5.526600 0.555314 0.727963 0.000000 0.000000 0.000000 1.000000 0.000000 0.000000
14.000000 133.877640 5.476477 0.552836 0.743747 0.000000 0.000000 0.000000 1.000000 0.000000 0.000000
14.000000 133.880976 5.507611 0.597503 0.744417 0.000000 0.000000 0.000000 1.000000 0.000000 0.000000
14.000000 133.881350 5.538180 0.619930 0.751197 0.000000 0.000000 0.000000 1.000000 0.000000 0.000000
14.000000 133.882597 5.257740 0.658997 0.709368 0.000000 0.000000 0.000000 1.000000 0.000000 0.000000
14.000000 133.884237 5.498635 0.556699 0.764514 0.000000 0.000000 0.000000 1.000000 0.000000 0.000000
14.000000 133.885191 5.483597 0.556056 0.770485 0.000000 0.000000 0.000000 1.000000 0.000000 0.000000
14.000000 133.887596 5.424029 0.553226 0.792764 0.000000 0.000000 0.000000 1.000000 0.000000 0.000000
14.000000 133.890961 5.465608 0.599775 0.789867 0.000000 0.000000 0.000000 1.000000 0.000000 0.000000
14.000000 133.891495 5.505931 0.619806 0.792425 0.000000 0.000000 0.000000 1.000000 0.000000 0.000000
14.000000 133.892504 5.169056 0.666731 0.742101 0.000000 0.000000 0.000000 1.000000 0.000000 0.000000
14.000000 133.894237 5.452486 0.554021 0.801212 0.000000 0.000000 0.000000 1.000000 0.000000 0.000000
14.000000 133.895227 5.447809 0.553881 0.804735 0.000000 0.000000 0.000000 1.000000 0.000000 0.000000
14.000000 133.897619 5.382098 0.550646 0.831898 0.000000 0.000000 0.000000 1.000000 0.000000 0.000000
14.000000 133.901031 5.434664 0.602947 0.823183 0.000000 0.000000 0.000000 1.000000 0.000000 0.000000
14.000000 133.901490 5.453375 0.614609 0.820691 0.000000 0.000000 0.000000 1.000000 0.000000 0.000000
14.000000 133.902511 5.164638 0.654907 0.774768 0.000000 0.000000 0.000000 1.000000 0.000000 0.000000
14.000000 133.904230 5.442979 0.537555 0.831097 0.000000 0.000000 0.000000 1.000000 0.000000 0.000000
14.000000 133.905269 5.386049 0.559977 0.850753 0.000000 0.000000 0.000000 1.000000 0.000000 0.000000
14.000000 133.907501 5.337135 0.557766 0.869251 0.000000 0.000000 0.000000 1.000000 0.000000 0.000000
14.000000 133.911018 5.397245 0.624678 0.865795 0.000000 0.000000 0.000000 1.000000 0.000000 0.000000
14.000000 133.911346 5.370161 0.631294 0.867087 0.000000 0.000000 0.000000 1.000000 0.000000 0.000000
14.000000 133.912662 5.061202 0.674530 0.820572 0.000000 0.000000 0.000000 1.000000 0.000000 0.000000
14.000000 133.914234 5.371990 0.550782 0.877247 0.000000 0.000000 0.000000 1.000000 0.000000 0.000000
14.000000 133.915219 5.348016 0.559954 0.883668 0.000000 0.000000 0.000000 1.000000 0.000000 0.000000
14.000000 133.917584 5.287515 0.557174 0.906746 0.000000 0.000000 0.000000 1.000000 0.000000 0.000000
14.000000 133.920978 5.343818 0.615689 0.901844 0.000000 0.000000 0.000000 1.000000 0.000000 0.000000
14.000000 133.921425 5.335535 0.622656 0.894303 0.000000 0.000000 0.000000 1.000000 0.000000 0.000000
14.000000 133.922585 5.047822 0.662279 0.852157 0.000000 0.000000 0.000000 1.000000 0.000000 0.000000
14.000000 133.924246 5.333375 0.547597 0.912602 0.000000 0.000000 0.000000 1.000000 0.000000 0.000000
14.000000 133.925229 5.305256 0.559059 0.919948 0.000000 0.000000 0.000000 1.000000 0.000000 0.000000
14.000000 133.927476 5.252453 0.556618 0.936561 0.000000 0.000000 0.000000 1.000000 0.000000 0.000000
14.000000 133.931010 5.302094 0.605496 0.927152 0.000000 0.000000 0.000000 1.000000 0.000000 0.000000
14.000000 133.931462 5.342208 0.621401 0.928997 0.000000 0.000000 0.000000 1.000000 0.000000 0.000000
14.000000 133.932490 5.004995 0.667551 0.890765 0.000000 0.000000 0.000000 1.000000 0.000000 0.000000
14.000000 133.934231 5.274726 0.557724 0.952578 0.000000 0.000000 0.000000 1.000000 0.000000 0.000000
14.000000 133.935190 5.255082 0.563338 0.958739 0.000000 0.000000 0.000000 1.000000 0.000000 0.000000
14.000000 133.937595 5.200474 0.560775 0.981034 0.000000 0.000000 0.000000 1.000000 0.000000 0.000000
14.000000 133.941031 5.252136 0.608295 0.972905 0.000000 0.000000 0.000000 1.000000 0.000000 0.000000
14.000000 133.941617 5.284591 0.619957 0.966082 0.000000 0.000000 0.000000 1.000000 0.000000 0.000000
14.000000 133.942538 4.975359 0.662226 0.925810 0.000000 0.000000 0.000000 1.000000 0.000000 0.000000
14.000000 133.944245 5.226132 0.554630 0.985599 0.000000 0.000000 0.000000 1.000000 0.000000 0.000000
14.000000 133.945253 5.190207 0.564059 0.997804 0.000000 0.000000 0.000000 1.000000 0.000000 0.000000
14.000000 133.947609 5.155092 0.562589 1.014890 0.000000 0.000000 0.000000 1.000000 0.000000 0.000000
14.000000 133.951026 5.209904 0.610789 1.006864 0.000000 0.000000 0.000000 1.000000 0.000000 0.000000
14.000000 133.951390 5.236094 0.619614 1.001039 0.000000 0.000000 0.000000 1.000000 0.000000 0.000000
14.000000 133.952458 5.070367 0.641594 0.988319 0.000000 0.000000 0.000000 1.000000 0.000000 0.000000
14.000000 133.954301 5.153523 0.591915 1.029308 0.000000 0.000000 0.000000 1.000000 0.000000 0.000000
14.000000 133.955224 5.163800 0.566909 1.025135 0.000000 0.000000 0.000000 1.000000 0.000000 0.000000
14.000000 133.957628 5.111463 0.564577 1.045405 0.000000 0.000000 0.000000 1.000000 0.000000 0.000000
14.000000 133.961045 5.161052 0.614503 1.043087 0.000000 0.000000 0.000000 1.000000 0.000000 0.000000
14.000000 133.961443 5.179170 0.625673 1.036894 0.000000 0.000000 0.000000 1.000000 0.000000 0.000000
14.000000 133.962638 4.870642 0.667858 0.994962 0.000000 0.000000 0.000000 1.000000 0.000000 0.000000
14.000000 133.964539 5.142980 0.559667 1.052405 0.000000 0.000000 0.000000 1.000000 0.000000 0.000000
14.000000 133.965201 5.125691 0.565573 1.054940 0.000000 0.000000 0.000000 1.000000 0.000000 0.000000
14.000000 133.967540 5.064472 0.562792 1.079353 0.000000 0.000000 0.000000 1.000000 0.000000 0.000000
14.000000 133.971049 5.132758 0.624303 1.068114 0.000000 0.000000 0.000000 1.000000 0.000000 0.000000
14.000000 133.971390 5.132126 0.627401 1.063401 0.000000 0.000000 0.000000 1.000000 0.000000 0.000000
14.000000 133.972463 4.832751 0.668339 1.030175 0.000000 0.000000 0.000000 1.000000 0.000000 0.000000
14.000000 133.974316 5.093332 0.564873 1.083974 0.000000 0.000000 0.000000 1.000000 0.000000 0.000000
14.000000 133.975481 5.080041 0.568309 1.085197 0.000000 0.000000 0.000000 1.000000 0.000000 0.000000
14.000000 133.977620 5.032552 0.566207 1.104656 0.000000 0.000000 0.000000 1.000000 0.000000 0.000000
14.000000 133.981015 5.078058 0.610428 1.102846 0.000000 0.000000 0.000000 1.000000 0.000000 0.000000
14.000000 133.981468 5.119408 0.625842 1.101534 0.000000 0.000000 0.000000 1.000000 0.000000 0.000000
14.000000 133.982591 4.786494 0.671514 1.058188 0.000000 0.000000 0.000000 1.000000 0.000000 0.000000
14.000000 133.984426 5.050964 0.564819 1.111966 0.000000 0.000000 0.000000 1.000000 0.000000 0.000000
14.000000 133.985273 5.031715 0.570061 1.118802 0.000000 0.000000 0.000000 1.000000 0.000000 0.000000
14.000000 133.987591 4.974027 0.567253 1.144060 0.000000 0.000000 0.000000 1.000000 0.000000 0.000000
14.000000 133.991036 5.029573 0.615438 1.134349 0.000000 0.000000 0.000000 1.000000 0.000000 0.000000
14.000000 133.991462 5.064983 0.625371 1.129581 0.000000 0.000000 0.000000 1.000000 0.000000 0.000000
14.000000 133.992490 4.738878 0.669784 1.092518 0.000000 0.000000 0.000000 1.000000 0.000000 0.000000
14.000000 133.994423 4.989382 0.571310 1.145056 0.000000 0.000000 0.000000 1.000000 0.000000 0.000000
14.000000 133.995346 4.987445 0.569238 1.145079 0.000000 0.000000 0.000000 1.000000 0.000000 0.000000
14.000000 133.997670 4.928114 0.566348 1.171524 0.000000 0.000000 0.000000 1.000000 0.000000 0.000000
14.000000 134.001041 4.976241 0.611563 1.168127 0.000000 0.000000 0.000000 1.000000 0.000000 0.000000
14.000000 134.001408 5.025249 0.627560 1.164999 0.000000 0.000000 0.000000 1.000000 0.000000 0.000000
14.000000 134.002621 4.749895 0.665323 1.126254 0.000000 0.000000 0.000000 1.000000 0.000000 0.000000
14.000000 134.004652 4.960135 0.576479 1.170898 0.000000 0.000000 0.000000 1.000000 0.000000 0.000000
14.000000 134.005273 4.946334 0.574354 1.172286 0.000000 0.000000 0.000000 1.000000 0.000000 0.000000
14.000000 134.007582 4.887593 0.571748 1.197097 0.000000 0.000000 0.000000 1.000000 0.000000 0.000000
14.000000 134.011052 4.950485 0.630861 1.193140 0.000000 0.000000 0.000000 1.000000 0.000000 0.000000
14.000000 134.011411 4.930695 0.630529 1.184210 0.000000 0.000000 0.000000 1.000000 0.000000 0.000000
14.000000 134.012520 4.658355 0.667721 1.149055 0.000000 0.000000 0.000000 1.000000 0.000000 0.000000
14.000000 134.014344 4.918237 0.566140 1.197813 0.000000 0.000000 0.000000 1.000000 0.000000 0.000000
14.000000 134.015320 4.900027 0.573273 1.199606 0.000000 0.000000 0.000000 1.000000 0.000000 0.000000
14.000000 134.017640 4.835081 0.570340 1.228760 0.000000 0.000000 0.000000 1.000000 0.000000 0.000000
14.000000 134.021029 4.893242 0.619407 1.223465 0.000000 0.000000 0.000000 1.000000 0.000000 0.000000
14.000000 134.021411 4.936902 0.630603 1.216466 0.000000 0.000000 0.000000 1.000000 0.000000 0.000000
14.000000 134.022568 4.614988 0.674360 1.177908 0.000000 0.000000 0.000000 1.000000 0.000000 0.000000
14.000000 134.024513 4.863055 0.576144 1.228799 0.000000 0.000000 0.000000 1.000000 0.000000 0.000000
14.000000 134.025316 4.863097 0.571065 1.225476 0.000000 0.000000 0.000000 1.000000 0.000000 0.000000
14.000000 134.027546 4.812081 0.568669 1.243577 0.000000 0.000000 0.000000 1.000000 0.000000 0.000000
14.000000 134.031080 4.848757 0.611465 1.248013 0.000000 0.000000 0.000000 1.000000 0.000000 0.000000
14.000000 134.031473 4.888581 0.630248 1.246849 0.000000 0.000000 0.000000 1.000000 0.000000 0.000000
14.000000 134.032474 4.571259 0.673449 1.201741 0.000000 0.000000 0.000000 1.000000 0.000000 0.000000
14.000000 134.034352 4.830515 0.571418 1.251358 0.000000 0.000000 0.000000 1.000000 0.000000 0.000000
14.000000 134.035286 4.809186 0.579556 1.254384 0.000000 0.000000 0.000000 1.000000 0.000000 0.000000
14.000000 134.037611 4.751027 0.576829 1.276762 0.000000 0.000000 0.000000 1.000000 0.000000 0.000000
14.000000 134.041053 4.797300 0.622160 1.276144 0.000000 0.000000 0.000000 1.000000 0.000000 0.000000
14.000000 134.041554 4.812796 0.630356 1.266366 0.000000 0.000000 0.000000 1.000000 0.000000 0.000000
14.000000 134.042577 4.549386 0.665906 1.230811 0.000000 0.000000 0.000000 1.000000 0.000000 0.000000
14.000000 134.044487 4.768522 0.580267 1.276176 0.000000 0.000000 0.000000 1.000000 0.000000 0.000000
14.000000 134.045465 4.768435 0.577061 1.274852 0.000000 0.000000 0.000000 1.000000 0.000000 0.000000
14.000000 134.047620 4.707617 0.573985 1.299301 0.000000 0.000000 0.000000 1.000000 0.000000 0.000000
14.000000 134.051256 4.757272 0.623615 1.296171 0.000000 0.000000 0.000000 1.000000 0.000000 0.000000
14.000000 134.051515 4.766176 0.630785 1.288430 0.000000 0.000000 0.000000 1.000000 0.000000 0.000000
14.000000 134.052690 4.571548 0.657162 1.260165 0.000000 0.000000 0.000000 1.000000 0.000000 0.000000
14.000000 134.054308 4.731319 0.587211 1.297410 0.000000 0.000000 0.000000 1.000000 0.000000 0.000000
14.000000 134.055463 4.726291 0.578905 1.296882 0.000000 0.000000 0.000000 1.000000 0.000000 0.000000
14.000000 134.057656 4.651690 0.575249 1.324575 0.000000 0.000000 0.000000 1.000000 0.000000 0.000000
14.000000 134.061041 4.732172 0.651532 1.312447 0.000000 0.000000 0.000000 1.000000 0.000000 0.000000
14.000000 134.061589 4.672851 0.641051 1.299286 0.000000 0.000000 0.000000 1.000000 0.000000 0.000000
14.000000 134.062606 4.467244 0.668483 1.280199 0.000000 0.000000 0.000000 1.000000 0.000000 0.000000
14.000000 134.064292 4.674971 0.588905 1.324531 0.000000 0.000000 0.000000 1.000000 0.000000 0.000000
14.000000 134.065511 4.688940 0.578223 1.314223 0.000000 0.000000 0.000000 1.000000 0.000000 0.000000
14.000000 134.067618 4.610421 0.574379 1.343759 0.000000 0.000000 0.000000 1.000000 0.000000 0.000000
14.000000 134.071363 4.674020 0.634709 1.337799 0.000000 0.000000 0.000000 1.000000 0.000000 0.000000
14.000000 134.071422 4.668912 0.637199 1.330254 0.000000 0.000000 0.000000 1.000000 0.000000 0.000000
14.000000 134.072598 4.407568 0.672392 1.301110 0.000000 0.000000 0.000000 1.000000 0.000000 0.000000
14.000000 134.074492 4.639521 0.583165 1.346288 0.000000 0.000000 0.000000 1.000000 0.000000 0.000000
14.000000 134.075264 4.634970 0.582897 1.341212 0.000000 0.000000 0.000000 1.000000 0.000000 0.000000
14.000000 134.077644 4.578203 0.580183 1.357720 0.000000 0.000000 0.000000 1.000000 0.000000 0.000000
14.000000 134.081089 4.625206 0.630432 1.356198 0.000000 0.000000 0.000000 1.000000 0.000000 0.000000
14.000000 134.081346 4.631659 0.638783 1.354383 0.000000 0.000000 0.000000 1.000000 0.000000 0.000000
14.000000 134.082605 4.368443 0.674168 1.325852 0.000000 0.000000 0.000000 1.000000 0.000000 0.000000
14.000000 134.084599 4.579246 0.594239 1.367773 0.000000 0.000000 0.000000 1.000000 0.000000 0.000000
14.000000 134.085566 4.595024 0.582831 1.357899 0.000000 0.000000 0.000000 1.000000 0.000000 0.000000
14.000000 134.087651 4.522479 0.579194 1.386566 0.000000 0.000000 0.000000 1.000000 0.000000 0.000000
14.000000 134.091081 4.578960 0.633231 1.382911 0.000000 0.000000 0.000000 1.000000 0.000000 0.000000
14.000000 134.091617 4.569532 0.634382 1.373893 0.000000 0.000000 0.000000 1.000000 0.000000 0.000000
14.000000 134.092543 4.353873 0.663203 1.350240 0.000000 0.000000 0.000000 1.000000 0.000000 0.000000
14.000000 134.094506 4.525933 0.593911 1.389030 0.000000 0.000000 0.000000 1.000000 0.000000 0.000000
14.000000 134.095349 4.531840 0.584168 1.382975 0.000000 0.000000 0.000000 1.000000 0.000000 0.000000
14.000000 134.097658 4.485466 0.582043 1.402708 0.000000 0.000000 0.000000 1.000000 0.000000 0.000000
14.000000 134.101065 4.539333 0.632625 1.399216 0.000000 0.000000 0.000000 1.000000 0.000000 0.000000
14.000000 134.101625 4.546250 0.637011 1.393552 0.000000 0.000000 0.000000 1.000000 0.000000 0.000000
14.000000 134.102600 4.301826 0.669807 1.367901 0.000000 0.000000 0.000000 1.000000 0.000000 0.000000
14.000000 134.104294 4.489584 0.599312 1.404815 0.000000 0.000000 0.000000 1.000000 0.000000 0.000000
14.000000 134.105501 4.514855 0.582283 1.391711 0.000000 0.000000 0.000000 1.000000 0.000000 0.000000
14.000000 134.107742 4.421500 0.577425 1.426679 0.000000 0.000000 0.000000 1.000000 0.000000 0.000000
14.000000 134.111172 4.503585 0.656596 1.415140 0.000000 0.000000 0.000000 1.000000 0.000000 0.000000
14.000000 134.111556 4.439281 0.645014 1.403548 0.000000 0.000000 0.000000 1.000000 0.000000 0.000000
14.000000 134.112503 4.276985 0.666704 1.387422 0.000000 0.000000 0.000000 1.000000 0.000000 0.000000
14.000000 134.114325 4.444110 0.601888 1.421709 0.000000 0.000000 0.000000 1.000000 0.000000 0.000000
14.000000 134.115431 4.459198 0.588898 1.412793 0.000000 0.000000 0.000000 1.000000 0.000000 0.000000
14.000000 134.117732 4.395870 0.585710 1.439240 0.000000 0.000000 0.000000 1.000000 0.000000 0.000000
14.000000 134.121067 4.473528 0.657789 1.427340 0.000000 0.000000 0.000000 1.000000 0.000000 0.000000
14.000000 134.121448 4.401676 0.642101 1.417965 0.000000 0.000000 0.000000 1.000000 0.000000 0.000000
14.000000 134.122640 4.226201 0.665531 1.404888 0.000000 0.000000 0.000000 1.000000 0.000000 0.000000
14.000000 134.124435 4.406710 0.599539 1.436672 0.000000 0.000000 0.000000 1.000000 0.000000 0.000000
14.000000 134.125588 4.421140 0.591052 1.427561 0.000000 0.000000 0.000000 1.000000 0.000000 0.000000
14.000000 134.131201 4.298246 0.596980 1.456193 0.000000 0.000000 0.000000 1.000000 0.000000 0.000000
14.000000 134.131594 4.406622 0.636964 1.449847 0.000000 0.000000 0.000000 1.000000 0.000000 0.000000
14.000000 134.132524 4.195213 0.665495 1.417661 0.000000 0.000000 0.000000 1.000000 0.000000 0.000000
14.000000 134.134367 4.368982 0.597519 1.447766 0.000000 0.000000 0.000000 1.000000 0.000000 0.000000
14.000000 134.135384 4.370453 0.591702 1.442617 0.000000 0.000000 0.000000 1.000000 0.000000 0.000000
14.000000 134.137852 4.302378 0.588246 1.468685 0.000000 0.000000 0.000000 1.000000 0.000000 0.000000
14.000000 134.141100 4.346683 0.632462 1.470156 0.000000 0.000000 0.000000 1.000000 0.000000 0.000000
14.000000 134.141601 4.358458 0.639286 1.465828 0.000000 0.000000 0.000000 1.000000 0.000000 0.000000
14.000000 134.142670 4.129978 0.670034 1.435890 0.000000 0.000000 0.000000 1.000000 0.000000 0.000000
14.000000 134.144456 4.301166 0.605096 1.465436 0.000000 0.000000 0.000000 1.000000 0.000000 0.000000
14.000000 134.145573 4.316420 0.592820 1.457102 0.000000 0.000000 0.000000 1.000000 0.000000 0.000000
14.000000 134.147632 4.258989 0.589853 1.482339 0.000000 0.000000 0.000000 1.000000 0.000000 0.000000
14.000000 134.151196 4.308179 0.637483 1.481086 0.000000 0.000000 0.000000 1.000000 0.000000 0.000000
14.000000 134.151643 4.328258 0.645305 1.475272 0.000000 0.000000 0.000000 1.000000 0.000000 0.000000
14.000000 134.152527 4.107603 0.675221 1.438682 0.000000 0.000000 0.000000 1.000000 0.000000 0.000000
14.000000 134.154365 4.296145 0.596990 1.468091 0.000000 0.000000 0.000000 1.000000 0.000000 0.000000
14.000000 134.155425 4.289631 0.590707 1.469254 0.000000 0.000000 0.000000 1.000000 0.000000 0.000000
14.000000 134.157655 4.202879 0.586007 1.499952 0.000000 0.000000 0.000000 1.000000 0.000000 0.000000
14.000000 134.161092 4.264337 0.653262 1.499295 0.000000 0.000000 0.000000 1.000000 0.000000 0.000000
14.000000 134.161450 4.265155 0.661800 1.495413 0.000000 0.000000 0.000000 1.000000 0.000000 0.000000
14.000000 134.162624 3.964063 0.702501 1.450035 0.000000 0.000000 0.000000 1.000000 0.000000 0.000000
14.000000 134.164480 4.234826 0.603467 1.487754 0.000000 0.000000 0.000000 1.000000 0.000000 0.000000
14.000000 134.165470 4.246989 0.595381 1.477182 0.000000 0.000000 0.000000 1.000000 0.000000 0.000000
14.000000 134.167804 4.171045 0.591432 1.507819 0.000000 0.000000 0.000000 1.000000 0.000000 0.000000
14.000000 134.171217 4.237583 0.664444 1.512207 0.000000 0.000000 0.000000 1.000000 0.000000 0.000000
14.000000 134.171457 4.158018 0.654665 1.501067 0.000000 0.000000 0.000000 1.000000 0.000000 0.000000
14.000000 134.172596 4.012681 0.674124 1.476048 0.000000 0.000000 0.000000 1.000000 0.000000 0.000000
14.000000 134.174320 4.177526 0.612740 1.503823 0.000000 0.000000 0.000000 1.000000 0.000000 0.000000
14.000000 134.175354 4.199372 0.596928 1.491993 0.000000 0.000000 0.000000 1.000000 0.000000 0.000000
14.000000 134.177791 4.141249 0.593786 1.511272 0.000000 0.000000 0.000000 1.000000 0.000000 0.000000
14.000000 134.181478 4.181895 0.639338 1.511947 0.000000 0.000000 0.000000 1.000000 0.000000 0.000000
14.000000 134.181573 4.184968 0.646237 1.507261 0.000000 0.000000 0.000000 1.000000 0.000000 0.000000
14.000000 134.182692 3.948011 0.677714 1.478404 0.000000 0.000000 0.000000 1.000000 0.000000 0.000000
14.000000 134.184446 4.140829 0.608066 1.512474 0.000000 0.000000 0.000000 1.000000 0.000000 0.000000
14.000000 134.185462 4.160447 0.595805 1.498312 0.000000 0.000000 0.000000 1.000000 0.000000 0.000000
14.000000 134.187782 4.096682 0.592628 1.526742 0.000000 0.000000 0.000000 1.000000 0.000000 0.000000
14.000000 134.191190 4.163499 0.654734 1.521523 0.000000 0.000000 0.000000 1.000000 0.000000 0.000000
14.000000 134.191520 4.128703 0.647531 1.512074 0.000000 0.000000 0.000000 1.000000 0.000000 0.000000
14.000000 134.192622 3.924164 0.674802 1.490541 0.000000 0.000000 0.000000 1.000000 0.000000 0.000000
14.000000 134.194334 4.089019 0.613043 1.519174 0.000000 0.000000 0.000000 1.000000 0.000000 0.000000
14.000000 134.195357 4.110439 0.596792 1.508052 0.000000 0.000000 0.000000 1.000000 0.000000 0.000000
14.000000 134.197926 4.057796 0.594045 1.531236 0.000000 0.000000 0.000000 1.000000 0.000000 0.000000
14.000000 134.201103 4.103901 0.642013 1.533466 0.000000 0.000000 0.000000 1.000000 0.000000 0.000000
14.000000 134.201487 4.095656 0.644727 1.528659 0.000000 0.000000 0.000000 1.000000 0.000000 0.000000
14.000000 134.202775 3.927514 0.667347 1.499966 0.000000 0.000000 0.000000 1.000000 0.000000 0.000000
14.000000 134.204458 4.063577 0.611401 1.521082 0.000000 0.000000 0.000000 1.000000 0.000000 0.000000
14.000000 134.205638 4.070228 0.599151 1.516584 0.000000 0.000000 0.000000 1.000000 0.000000 0.000000
14.000000 134.207740 4.042044 0.597790 1.525970 0.000000 0.000000 0.000000 1.000000 0.000000 0.000000
14.000000 134.211491 4.089706 0.644535 1.520307 0.000000 0.000000 0.000000 1.000000 0.000000 0.000000
14.000000 134.212621 3.814137 0.683106 1.504106 0.000000 0.000000 0.000000 1.000000 0.000000 0.000000
14.000000 134.214354 4.013208 0.611804 1.535391 0.000000 0.000000 0.000000 1.000000 0.000000 0.000000
14.000000 134.215587 4.031912 0.600126 1.521692 0.000000 0.000000 0.000000 1.000000 0.000000 0.000000
14.000000 134.221103 3.903255 0.615063 1.545910 0.000000 0.000000 0.000000 1.000000 0.000000 0.000000
14.000000 134.221434 3.980302 0.657014 1.538480 0.000000 0.000000 0.000000 1.000000 0.000000 0.000000
14.000000 134.222635 3.785413 0.683098 1.512889 0.000000 0.000000 0.000000 1.000000 0.000000 0.000000
14.000000 134.224415 3.964235 0.615785 1.538810 0.000000 0.000000 0.000000 1.000000 0.000000 0.000000
14.000000 134.225426 3.979173 0.602113 1.526523 0.000000 0.000000 0.000000 1.000000 0.000000 0.000000
14.000000 134.231258 3.862785 0.609971 1.548716 0.000000 0.000000 0.000000 1.000000 0.000000 0.000000
14.000000 134.231521 3.968914 0.650803 1.544136 0.000000 0.000000 0.000000 1.000000 0.000000 0.000000
14.000000 134.232581 3.737557 0.681619 1.513396 0.000000 0.000000 0.000000 1.000000 0.000000 0.000000
14.000000 134.234361 3.931391 0.611285 1.541862 0.000000 0.000000 0.000000 1.000000 0.000000 0.000000
14.000000 134.235436 3.940747 0.604399 1.532355 0.000000 0.000000 0.000000 1.000000 0.000000 0.000000
14.000000 134.241188 3.812433 0.610105 1.560951 0.000000 0.000000 0.000000 1.000000 0.000000 0.000000
14.000000 134.241468 3.932182 0.652718 1.553196 0.000000 0.000000 0.000000 1.000000 0.000000 0.000000
14.000000 134.242655 3.671469 0.687242 1.516790 0.000000 0.000000 0.000000 1.000000 0.000000 0.000000
14.000000 134.244478 3.879625 0.615509 1.547104 0.000000 0.000000 0.000000 1.000000 0.000000 0.000000
14.000000 134.245609 3.903431 0.603117 1.530974 0.000000 0.000000 0.000000 1.000000 0.000000 0.000000
14.000000 134.251193 3.765564 0.611823 1.561582 0.000000 0.000000 0.000000 1.000000 0.000000 0.000000
14.000000 134.251489 3.882135 0.657308 1.551665 0.000000 0.000000 0.000000 1.000000 0.000000 0.000000
14.000000 134.252628 3.672404 0.685045 1.520193 0.000000 0.000000 0.000000 1.000000 0.000000 0.000000
14.000000 134.254373 3.840002 0.622319 1.549252 0.000000 0.000000 0.000000 1.000000 0.000000 0.000000
14.000000 134.255607 3.856459 0.608116 1.537334 0.000000 0.000000 0.000000 1.000000 0.000000 0.000000
14.000000 134.261340 3.744119 0.625471 1.555988 0.000000 0.000000 0.000000 1.000000 0.000000 0.000000
14.000000 134.261487 3.790990 0.661659 1.546803 0.000000 0.000000 0.000000 1.000000 0.000000 0.000000
14.000000 134.262699 3.598937 0.687138 1.525308 0.000000 0.000000 0.000000 1.000000 0.000000 0.000000
14.000000 134.264533 3.795262 0.617007 1.552243 0.000000 0.000000 0.000000 1.000000 0.000000 0.000000
14.000000 134.265540 3.812143 0.605310 1.537282 0.000000 0.000000 0.000000 1.000000 0.000000 0.000000
14.000000 134.271205 3.662790 0.629578 1.563117 0.000000 0.000000 0.000000 1.000000 0.000000 0.000000
14.000000 134.271527 3.697278 0.672106 1.545489 0.000000 0.000000 0.000000 1.000000 0.000000 0.000000
14.000000 134.272609 3.544594 0.692375 1.524907 0.000000 0.000000 0.000000 1.000000 0.000000 0.000000
14.000000 134.274383 3.752591 0.620079 1.552378 0.000000 0.000000 0.000000 1.000000 0.000000 0.000000
14.000000 134.275512 3.771896 0.609002 1.536115 0.000000 0.000000 0.000000 1.000000 0.000000 0.000000
14.000000 134.281160 3.637664 0.615137 1.565261 0.000000 0.000000 0.000000 1.000000 0.000000 0.000000
14.000000 134.281611 3.761134 0.659431 1.559757 0.000000 0.000000 0.000000 1.000000 0.000000 0.000000
14.000000 134.282788 3.511944 0.692417 1.523875 0.000000 0.000000 0.000000 1.000000 0.000000 0.000000
14.000000 134.284477 3.709965 0.621125 1.552220 0.000000 0.000000 0.000000 1.000000 0.000000 0.000000
14.000000 134.285442 3.727247 0.608643 1.540436 0.000000 0.000000 0.000000 1.000000 0.000000 0.000000
14.000000 134.291266 3.605439 0.617588 1.567202 0.000000 0.000000 0.000000 1.000000 0.000000 0.000000
14.000000 134.291595 3.692041 0.655213 1.557187 0.000000 0.000000 0.000000 1.000000 0.000000 0.000000
14.000000 134.292635 3.496799 0.681008 1.526484 0.000000 0.000000 0.000000 1.000000 0.000000 0.000000
14.000000 134.294371 3.664304 0.622704 1.548828 0.000000 0.000000 0.000000 1.000000 0.000000 0.000000
14.000000 134.295386 3.683402 0.610900 1.534756 0.000000 0.000000 0.000000 1.000000 0.000000 0.000000
14.000000 134.301199 3.554980 0.620780 1.562802 0.000000 0.000000 0.000000 1.000000 0.000000 0.000000
14.000000 134.301495 3.638639 0.659139 1.554037 0.000000 0.000000 0.000000 1.000000 0.000000 0.000000
14.000000 134.302617 3.543862 0.671627 1.520993 0.000000 0.000000 0.000000 1.000000 0.000000 0.000000
14.000000 134.304507 3.654201 0.619220 1.531651 0.000000 0.000000 0.000000 1.000000 0.000000 0.000000
14.000000 134.305583 3.643573 0.611038 1.533999 0.000000 0.000000 0.000000 1.000000 0.000000 0.000000
14.000000 134.311252 3.535454 0.630706 1.550922 0.000000 0.000000 0.000000 1.000000 0.000000 0.000000
14.000000 134.311548 3.571659 0.666465 1.540152 0.000000 0.000000 0.000000 1.000000 0.000000 0.000000
14.000000 134.312633 3.378941 0.691795 1.520156 0.000000 0.000000 0.000000 1.000000 0.000000 0.000000
14.000000 134.314407 3.578440 0.623258 1.547068 0.000000 0.000000 0.000000 1.000000 0.000000 0.000000
14.000000 134.315441 3.599738 0.610772 1.529578 0.000000 0.000000 0.000000 1.000000 0.000000 0.000000
14.000000 134.321154 3.489688 0.632529 1.546267 0.000000 0.000000 0.000000 1.000000 0.000000 0.000000
14.000000 134.321557 3.517810 0.668633 1.534808 0.000000 0.000000 0.000000 1.000000 0.000000 0.000000
14.000000 134.322709 3.356317 0.689968 1.512447 0.000000 0.000000 0.000000 1.000000 0.000000 0.000000
14.000000 134.324525 3.556391 0.616982 1.536097 0.000000 0.000000 0.000000 1.000000 0.000000 0.000000
14.000000 134.325811 3.558142 0.612611 1.524936 0.000000 0.000000 0.000000 1.000000 0.000000 0.000000
14.000000 134.331236 3.419057 0.621794 1.552526 0.000000 0.000000 0.000000 1.000000 0.000000 0.000000
14.000000 134.331560 3.525303 0.665234 1.544896 0.000000 0.000000 0.000000 1.000000 0.000000 0.000000
14.000000 134.332663 3.318684 0.692511 1.509048 0.000000 0.000000 0.000000 1.000000 0.000000 0.000000
14.000000 134.334428 3.504281 0.622969 1.532821 0.000000 0.000000 0.000000 1.000000 0.000000 0.000000
14.000000 134.335526 3.508312 0.615300 1.524912 0.000000 0.000000 0.000000 1.000000 0.000000 0.000000
14.000000 134.341181 3.403376 0.628472 1.543746 0.000000 0.000000 0.000000 1.000000 0.000000 0.000000
14.000000 134.341611 3.465838 0.663539 1.532773 0.000000 0.000000 0.000000 1.000000 0.000000 0.000000
14.000000 134.342670 3.279384 0.688071 1.503915 0.000000 0.000000 0.000000 1.000000 0.000000 0.000000
14.000000 134.344544 3.449978 0.629257 1.524722 0.000000 0.000000 0.000000 1.000000 0.000000 0.000000
14.000000 134.345519 3.473719 0.614149 1.510188 0.000000 0.000000 0.000000 1.000000 0.000000 0.000000
14.000000 134.351498 3.486059 0.635862 1.511798 0.000000 0.000000 0.000000 1.000000 0.000000 0.000000
14.000000 134.351671 3.424672 0.665604 1.524455 0.000000 0.000000 0.000000 1.000000 0.000000 0.000000
14.000000 134.352623 3.339833 0.645224 1.508072 0.000000 0.000000 0.000000 1.000000 0.000000 0.000000
14.000000 134.354461 3.453097 0.602858 1.506456 0.000000 0.000000 0.000000 1.000000 0.000000 0.000000
14.000000 134.355471 3.424723 0.619530 1.509788 0.000000 0.000000 0.000000 1.000000 0.000000 0.000000
14.000000 134.361171 3.367997 0.650066 1.508026 0.000000 0.000000 0.000000 1.000000 0.000000 0.000000
14.000000 134.361521 3.347652 0.680197 1.495993 0.000000 0.000000 0.000000 1.000000 0.000000 0.000000
14.000000 134.362725 3.156269 0.705002 1.484171 0.000000 0.000000 0.000000 1.000000 0.000000 0.000000
14.000000 134.364606 3.371917 0.629742 1.514690 0.000000 0.000000 0.000000 1.000000 0.000000 0.000000
14.000000 134.365586 3.387446 0.619120 1.498211 0.000000 0.000000 0.000000 1.000000 0.000000 0.000000
14.000000 134.371231 3.299335 0.645043 1.506646 0.000000 0.000000 0.000000 1.000000 0.000000 0.000000
14.000000 134.371579 3.307836 0.679347 1.493821 0.000000 0.000000 0.000000 1.000000 0.000000 0.000000
14.000000 134.372655 3.123114 0.703522 1.473774 0.000000 0.000000 0.000000 1.000000 0.000000 0.000000
14.000000 134.374431 3.332167 0.628441 1.501685 0.000000 0.000000 0.000000 1.000000 0.000000 0.000000
14.000000 134.375379 3.342972 0.618584 1.489678 0.000000 0.000000 0.000000 1.000000 0.000000 0.000000
14.000000 134.381208 3.235912 0.633593 1.509552 0.000000 0.000000 0.000000 1.000000 0.000000 0.000000
14.000000 134.381540 3.312138 0.673959 1.499921 0.000000 0.000000 0.000000 1.000000 0.000000 0.000000
14.000000 134.382731 3.077379 0.704723 1.465381 0.000000 0.000000 0.000000 1.000000 0.000000 0.000000
14.000000 134.384525 3.293750 0.629687 1.491395 0.000000 0.000000 0.000000 1.000000 0.000000 0.000000
14.000000 134.385471 3.302801 0.624079 1.479205 0.000000 0.000000 0.000000 1.000000 0.000000 0.000000
14.000000 134.391235 3.205422 0.640104 1.496543 0.000000 0.000000 0.000000 1.000000 0.000000 0.000000
14.000000 134.391535 3.261805 0.676289 1.486822 0.000000 0.000000 0.000000 1.000000 0.000000 0.000000
14.000000 134.392655 3.041715 0.705017 1.459115 0.000000 0.000000 0.000000 1.000000 0.000000 0.000000
14.000000 134.394427 3.226618 0.643890 1.482470 0.000000 0.000000 0.000000 1.000000 0.000000 0.000000
14.000000 134.395408 3.268063 0.617580 1.455412 0.000000 0.000000 0.000000 1.000000 0.000000 0.000000
14.000000 134.401184 3.136641 0.630802 1.484215 0.000000 0.000000 0.000000 1.000000 0.000000 0.000000
14.000000 134.401546 3.213839 0.671254 1.476587 0.000000 0.000000 0.000000 1.000000 0.000000 0.000000
14.000000 134.402728 3.058880 0.691549 1.449567 0.000000 0.000000 0.000000 1.000000 0.000000 0.000000
14.000000 134.404563 3.202766 0.638424 1.467433 0.000000 0.000000 0.000000 1.000000 0.000000 0.000000
14.000000 134.405521 3.220432 0.621480 1.452630 0.000000 0.000000 0.000000 1.000000 0.000000 0.000000
14.000000 134.411477 3.070192 0.646546 1.483665 0.000000 0.000000 0.000000 1.000000 0.000000 0.000000
14.000000 134.411630 3.090746 0.686810 1.456816 0.000000 0.000000 0.000000 1.000000 0.000000 0.000000
14.000000 134.412660 2.977984 0.701409 1.429272 0.000000 0.000000 0.000000 1.000000 0.000000 0.000000
14.000000 134.414463 3.166810 0.635394 1.454057 0.000000 0.000000 0.000000 1.000000 0.000000 0.000000
14.000000 134.415390 3.180383 0.625100 1.440358 0.000000 0.000000 0.000000 1.000000 0.000000 0.000000
14.000000 134.421174 3.073645 0.650502 1.458612 0.000000 0.000000 0.000000 1.000000 0.000000 0.000000
14.000000 134.421572 3.077664 0.684639 1.438694 0.000000 0.000000 0.000000 1.000000 0.000000 0.000000
14.000000 134.422779 2.931389 0.703710 1.415499 0.000000 0.000000 0.000000 1.000000 0.000000 0.000000
14.000000 134.424601 3.120757 0.637442 1.440421 0.000000 0.000000 0.000000 1.000000 0.000000 0.000000
14.000000 134.425605 3.135648 0.625789 1.425488 0.000000 0.000000 0.000000 1.000000 0.000000 0.000000
14.000000 134.431541 3.033530 0.640807 1.445248 0.000000 0.000000 0.000000 1.000000 0.000000 0.000000
14.000000 134.431611 3.094431 0.677270 1.434919 0.000000 0.000000 0.000000 1.000000 0.000000 0.000000
14.000000 134.432664 2.894210 0.703362 1.397921 0.000000 0.000000 0.000000 1.000000 0.000000 0.000000
14.000000 134.434518 3.097259 0.631045 1.418401 0.000000 0.000000 0.000000 1.000000 0.000000 0.000000
14.000000 134.435440 3.099257 0.627314 1.409234 0.000000 0.000000 0.000000 1.000000 0.000000 0.000000
14.000000 134.441203 2.998138 0.646458 1.427727 0.000000 0.000000 0.000000 1.000000 0.000000 0.000000
14.000000 134.441603 3.040410 0.682720 1.413928 0.000000 0.000000 0.000000 1.000000 0.000000 0.000000
14.000000 134.442780 2.839636 0.708864 1.380994 0.000000 0.000000 0.000000 1.000000 0.000000 0.000000
14.000000 134.444577 3.038037 0.638055 1.405463 0.000000 0.000000 0.000000 1.000000 0.000000 0.000000
14.000000 134.445597 3.050814 0.626266 1.393979 0.000000 0.000000 0.000000 1.000000 0.000000 0.000000
14.000000 134.451303 2.954677 0.646746 1.412558 0.000000 0.000000 0.000000 1.000000 0.000000 0.000000
14.000000 134.451567 2.997481 0.684294 1.400640 0.000000 0.000000 0.000000 1.000000 0.000000 0.000000
14.000000 134.452799 2.838350 0.704944 1.365892 0.000000 0.000000 0.000000 1.000000 0.000000 0.000000
14.000000 134.454464 3.007931 0.640085 1.381896 0.000000 0.000000 0.000000 1.000000 0.000000 0.000000
14.000000 134.455433 3.010902 0.630511 1.375335 0.000000 0.000000 0.000000 1.000000 0.000000 0.000000
14.000000 134.461206 2.921813 0.661122 1.387826 0.000000 0.000000 0.000000 1.000000 0.000000 0.000000
14.000000 134.461716 2.897674 0.692949 1.366195 0.000000 0.000000 0.000000 1.000000 0.000000 0.000000
14.000000 134.463017 2.772554 0.709156 1.348559 0.000000 0.000000 0.000000 1.000000 0.000000 0.000000
14.000000 134.464628 2.949313 0.646681 1.374253 0.000000 0.000000 0.000000 1.000000 0.000000 0.000000
14.000000 134.465535 2.969544 0.629859 1.358943 0.000000 0.000000 0.000000 1.000000 0.000000 0.000000
14.000000 134.471474 2.907910 0.671254 1.360260 0.000000 0.000000 0.000000 1.000000 0.000000 0.000000
14.000000 134.471624 2.824581 0.698548 1.339710 0.000000 0.000000 0.000000 1.000000 0.000000 0.000000
14.000000 134.472793 2.710336 0.713220 1.325084 0.000000 0.000000 0.000000 1.000000 0.000000 0.000000
14.000000 134.474458 2.932528 0.635340 1.347746 0.000000 0.000000 0.000000 1.000000 0.000000 0.000000
14.000000 134.475478 2.931476 0.634610 1.338897 0.000000 0.000000 0.000000 1.000000 0.000000 0.000000
14.000000 134.481220 2.840139 0.660369 1.353440 0.000000 0.000000 0.000000 1.000000 0.000000 0.000000
14.000000 134.481538 2.837343 0.692339 1.334912 0.000000 0.000000 0.000000 1.000000 0.000000 0.000000
14.000000 134.482811 2.677419 0.713098 1.306762 0.000000 0.000000 0.000000 1.000000 0.000000 0.000000
14.000000 134.484556 2.885245 0.640363 1.330895 0.000000 0.000000 0.000000 1.000000 0.000000 0.000000
14.000000 134.485556 2.888330 0.636357 1.319701 0.000000 0.000000 0.000000 1.000000 0.000000 0.000000
14.000000 134.491264 2.799317 0.660432 1.333758 0.000000 0.000000 0.000000 1.000000 0.000000 0.000000
14.000000 134.491539 2.815340 0.694811 1.316679 0.000000 0.000000 0.000000 1.000000 0.000000 0.000000
14.000000 134.492668 2.605593 0.721985 1.280295 0.000000 0.000000 0.000000 1.000000 0.000000 0.000000
14.000000 134.494475 2.826878 0.647000 1.303654 0.000000 0.000000 0.000000 1.000000 0.000000 0.000000
14.000000 134.495431 2.845263 0.635329 1.292077 0.000000 0.000000 0.000000 1.000000 0.000000 0.000000
14.000000 134.501266 2.772254 0.660404 1.307672 0.000000 0.000000 0.000000 1.000000 0.000000 0.000000
14.000000 134.501624 2.782788 0.693863 1.294145 0.000000 0.000000 0.000000 1.000000 0.000000 0.000000
14.000000 134.502711 2.552347 0.723611 1.255086 0.000000 0.000000 0.000000 1.000000 0.000000 0.000000
14.000000 134.504576 2.812663 0.632856 1.280638 0.000000 0.000000 0.000000 1.000000 0.000000 0.000000
14.000000 134.505685 2.806090 0.636565 1.274732 0.000000 0.000000 0.000000 1.000000 0.000000 0.000000
14.000000 134.511293 2.736002 0.667016 1.282413 0.000000 0.000000 0.000000 1.000000 0.000000 0.000000
14.000000 134.511623 2.694029 0.693354 1.262634 0.000000 0.000000 0.000000 1.000000 0.000000 0.000000
14.000000 134.512721 2.557483 0.710976 1.241982 0.000000 0.000000 0.000000 1.000000 0.000000 0.000000
14.000000 134.514472 2.752103 0.645297 1.264448 0.000000 0.000000 0.000000 1.000000 0.000000 0.000000
14.000000 134.515451 2.762595 0.638279 1.250484 0.000000 0.000000 0.000000 1.000000 0.000000 0.000000
14.000000 134.521257 2.699745 0.679860 1.253607 0.000000 0.000000 0.000000 1.000000 0.000000 0.000000
14.000000 134.521642 2.612630 0.706738 1.226498 0.000000 0.000000 0.000000 1.000000 0.000000 0.000000
14.000000 134.522833 2.493103 0.722152 1.209935 0.000000 0.000000 0.000000 1.000000 0.000000 0.000000
14.000000 134.524632 2.718310 0.644583 1.238944 0.000000 0.000000 0.000000 1.000000 0.000000 0.000000
14.000000 134.525547 2.724097 0.639574 1.227281 0.000000 0.000000 0.000000 1.000000 0.000000 0.000000
14.000000 134.531295 2.645144 0.667061 1.239910 0.000000 0.000000 0.000000 1.000000 0.000000 0.000000
14.000000 134.531601 2.630019 0.697218 1.221533 0.000000 0.000000 0.000000 1.000000 0.000000 0.000000
14.000000 134.532691 2.448706 0.720581 1.190045 0.000000 0.000000 0.000000 1.000000 0.000000 0.000000
14.000000 134.534534 2.657321 0.652378 1.210519 0.000000 0.000000 0.000000 1.000000 0.000000 0.000000
14.000000 134.535515 2.677521 0.641575 1.198274 0.000000 0.000000 0.000000 1.000000 0.000000 0.000000
14.000000 134.541275 2.611456 0.669382 1.213868 0.000000 0.000000 0.000000 1.000000 0.000000 0.000000
14.000000 134.541685 2.589653 0.697801 1.194216 0.000000 0.000000 0.000000 1.000000 0.000000 0.000000
14.000000 134.542805 2.405112 0.721538 1.160311 0.000000 0.000000 0.000000 1.000000 0.000000 0.000000
14.000000 134.544633 2.628034 0.644473 1.184429 0.000000 0.000000 0.000000 1.000000 0.000000 0.000000
14.000000 134.545598 2.636002 0.637000 1.172279 0.000000 0.000000 0.000000 1.000000 0.000000 0.000000
14.000000 134.551286 2.559215 0.663115 1.185702 0.000000 0.000000 0.000000 1.000000 0.000000 0.000000
14.000000 134.551527 2.585553 0.701159 1.171034 0.000000 0.000000 0.000000 1.000000 0.000000 0.000000
14.000000 134.552753 2.354211 0.730905 1.131252 0.000000 0.000000 0.000000 1.000000 0.000000 0.000000
14.000000 134.554513 2.593636 0.647142 1.159691 0.000000 0.000000 0.000000 1.000000 0.000000 0.000000
14.000000 134.555521 2.599070 0.640244 1.148510 0.000000 0.000000 0.000000 1.000000 0.000000 0.000000
14.000000 134.561213 2.542899 0.683527 1.149788 0.000000 0.000000 0.000000 1.000000 0.000000 0.000000
14.000000 134.561724 2.443249 0.708889 1.123714 0.000000 0.000000 0.000000 1.000000 0.000000 0.000000
14.000000 134.562855 2.328789 0.723565 1.103508 0.000000 0.000000 0.000000 1.000000 0.000000 0.000000
14.000000 134.564673 2.557986 0.646096 1.127114 0.000000 0.000000 0.000000 1.000000 0.000000 0.000000
14.000000 134.565763 2.563980 0.642230 1.116227 0.000000 0.000000 0.000000 1.000000 0.000000 0.000000
14.000000 134.571346 2.576024 0.687209 1.092351 0.000000 0.000000 0.000000 1.000000 0.000000 0.000000
14.000000 134.571781 2.467541 0.706805 1.081136 0.000000 0.000000 0.000000 1.000000 0.000000 0.000000
14.000000 134.572818 2.262722 0.732188 1.068887 0.000000 0.000000 0.000000 1.000000 0.000000 0.000000
14.000000 134.574503 2.514368 0.646326 1.099304 0.000000 0.000000 0.000000 1.000000 0.000000 0.000000
14.000000 134.575520 2.515362 0.645424 1.090740 0.000000 0.000000 0.000000 1.000000 0.000000 0.000000
14.000000 134.581254 2.464354 0.677519 1.094930 0.000000 0.000000 0.000000 1.000000 0.000000 0.000000
14.000000 134.581688 2.434186 0.706971 1.075455 0.000000 0.000000 0.000000 1.000000 0.000000 0.000000
14.000000 134.582892 2.220721 0.734319 1.038964 0.000000 0.000000 0.000000 1.000000 0.000000 0.000000
14.000000 134.584667 2.479251 0.646072 1.068234 0.000000 0.000000 0.000000 1.000000 0.000000 0.000000
14.000000 134.585615 2.476388 0.648211 1.062182 0.000000 0.000000 0.000000 1.000000 0.000000 0.000000
14.000000 134.591350 2.434820 0.678515 1.063980 0.000000 0.000000 0.000000 1.000000 0.000000 0.000000
14.000000 134.591881 2.414904 0.707771 1.045855 0.000000 0.000000 0.000000 1.000000 0.000000 0.000000
14.000000 134.592805 2.157402 0.740716 1.005095 0.000000 0.000000 0.000000 1.000000 0.000000 0.000000
14.000000 134.594560 2.439898 0.645202 1.038959 0.000000 0.000000 0.000000 1.000000 0.000000 0.000000
14.000000 134.595533 2.440561 0.645677 1.031554 0.000000 0.000000 0.000000 1.000000 0.000000 0.000000
14.000000 134.601269 2.393046 0.678498 1.036321 0.000000 0.000000 0.000000 1.000000 0.000000 0.000000
14.000000 134.601674 2.356420 0.707046 1.016020 0.000000 0.000000 0.000000 1.000000 0.000000 0.000000
14.000000 134.602906 2.158482 0.732128 0.973429 0.000000 0.000000 0.000000 1.000000 0.000000 0.000000
14.000000 134.604604 2.409681 0.643129 0.997505 0.000000 0.000000 0.000000 1.000000 0.000000 0.000000
14.000000 134.605620 2.393062 0.652382 0.999648 0.000000 0.000000 0.000000 1.000000 0.000000 0.000000
14.000000 134.611634 2.454229 0.676716 0.974257 0.000000 0.000000 0.000000 1.000000 0.000000 0.000000
14.000000 134.611801 2.261827 0.721287 0.969305 0.000000 0.000000 0.000000 1.000000 0.000000 0.000000
14.000000 134.612835 2.197043 0.706683 0.960494 0.000000 0.000000 0.000000 1.000000 0.000000 0.000000
14.000000 134.614558 2.357904 0.650730 0.969823 0.000000 0.000000 0.000000 1.000000 0.000000 0.000000
14.000000 134.615587 2.354445 0.651336 0.965591 0.000000 0.000000 0.000000 1.000000 0.000000 0.000000
14.000000 134.621273 2.321130 0.695008 0.962956 0.000000 0.000000 0.000000 1.000000 0.000000 0.000000
14.000000 134.621701 2.234554 0.722187 0.934123 0.000000 0.000000 0.000000 1.000000 0.000000 0.000000
14.000000 134.622927 2.035357 0.747634 0.897795 0.000000 0.000000 0.000000 1.000000 0.000000 0.000000
14.000000 134.624606 2.320584 0.648714 0.933166 0.000000 0.000000 0.000000 1.000000 0.000000 0.000000
14.000000 134.625524 2.310482 0.654545 0.932717 0.000000 0.000000 0.000000 1.000000 0.000000 0.000000
14.000000 134.631333 2.289716 0.691704 0.926622 0.000000 0.000000 0.000000 1.000000 0.000000 0.000000
14.000000 134.631765 2.223883 0.716037 0.904187 0.000000 0.000000 0.000000 1.000000 0.000000 0.000000
14.000000 134.632840 2.003070 0.744155 0.866036 0.000000 0.000000 0.000000 1.000000 0.000000 0.000000
14.000000 134.634677 2.281502 0.649046 0.898665 0.000000 0.000000 0.000000 1.000000 0.000000 0.000000
14.000000 134.635625 2.275322 0.656950 0.912265 0.000000 0.000000 0.000000 1.000000 0.000000 0.000000
14.000000 134.641283 2.305554 0.701078 0.898796 0.000000 0.000000 0.000000 1.000000 0.000000 0.000000
14.000000 134.641707 2.192577 0.718588 0.866254 0.000000 0.000000 0.000000 1.000000 0.000000 0.000000
14.000000 134.642845 1.940434 0.750675 0.822525 0.000000 0.000000 0.000000 1.000000 0.000000 0.000000
14.000000 134.644660 2.234924 0.649409 0.860202 0.000000 0.000000 0.000000 1.000000 0.000000 0.000000
14.000000 134.651338 2.181013 0.708732 0.864749 0.000000 0.000000 0.000000 1.000000 0.000000 0.000000
14.000000 134.651758 2.145188 0.715328 0.829003 0.000000 0.000000 0.000000 1.000000 0.000000 0.000000
14.000000 134.652781 1.922782 0.743535 0.794564 0.000000 0.000000 0.000000 1.000000 0.000000 0.000000
14.000000 134.654586 2.198998 0.653079 0.830299 0.000000 0.000000 0.000000 1.000000 0.000000 0.000000
14.000000 134.661288 2.134714 0.723018 0.843324 0.000000 0.000000 0.000000 1.000000 0.000000 0.000000
14.000000 134.661644 2.081273 0.721843 0.799674 0.000000 0.000000 0.000000 1.000000 0.000000 0.000000
14.000000 134.662894 1.882170 0.746759 0.748143 0.000000 0.000000 0.000000 1.000000 0.000000 0.000000
14.000000 134.664690 2.176944 0.644696 0.782240 0.000000 0.000000 0.000000 1.000000 0.000000 0.000000
14.000000 134.671370 2.119396 0.715343 0.778570 0.000000 0.000000 0.000000 1.000000 0.000000 0.000000
14.000000 134.671618 2.068551 0.726816 0.739761 0.000000 0.000000 0.000000 1.000000 0.000000 0.000000
14.000000 134.672696 1.778232 0.763354 0.701655 0.000000 0.000000 0.000000 1.000000 0.000000 0.000000
14.000000 134.674546 2.138718 0.645149 0.743860 0.000000 0.000000 0.000000 1.000000 0.000000 0.000000
14.000000 134.681296 2.079096 0.718143 0.747895 0.000000 0.000000 0.000000 1.000000 0.000000 0.000000
14.000000 134.681677 2.032158 0.724304 0.711109 0.000000 0.000000 0.000000 1.000000 0.000000 0.000000
14.000000 134.682810 1.737835 0.761541 0.662946 0.000000 0.000000 0.000000 1.000000 0.000000 0.000000
14.000000 134.684698 2.107228 0.644384 0.703365 0.000000 0.000000 0.000000 1.000000 0.000000 0.000000
14.000000 134.691722 2.052016 0.716461 0.706577 0.000000 0.000000 0.000000 1.000000 0.000000 0.000000
14.000000 134.691827 2.008923 0.721466 0.670066 0.000000 0.000000 0.000000 1.000000 0.000000 0.000000
14.000000 134.692741 1.729455 0.756802 0.621265 0.000000 0.000000 0.000000 1.000000 0.000000 0.000000
14.000000 134.701313 1.871527 0.708847 0.630315 0.000000 0.000000 0.000000 1.000000 0.000000 0.000000
14.000000 134.701710 1.952548 0.726735 0.626802 0.000000 0.000000 0.000000 1.000000 0.000000 0.000000
14.000000 134.702919 1.685197 0.760532 0.581156 0.000000 0.000000 0.000000 1.000000 0.000000 0.000000
14.000000 134.711375 1.791660 0.724587 0.589613 0.000000 0.000000 0.000000 1.000000 0.000000 0.000000
14.000000 134.711788 1.826107 0.731795 0.577102 0.000000 0.000000 0.000000 1.000000 0.000000 0.000000
14.000000 134.712786 1.652338 0.753587 0.534558 0.000000 0.000000 0.000000 1.000000 0.000000 0.000000
14.000000 134.721699 1.648767 0.755783 0.514908 0.000000 0.000000 0.000000 1.000000 0.000000 0.000000
14.000000 134.722841 1.652570 0.756155 0.499549 0.000000 0.000000 0.000000 1.000000 0.000000 0.000000
14.000000 134.731378 1.772384 0.716161 0.503519 0.000000 0.000000 0.000000 1.000000 0.000000 0.000000
14.000000 134.731945 1.818463 0.726280 0.492296 0.000000 0.000000 0.000000 1.000000 0.000000 0.000000
14.000000 134.732814 1.599834 0.753751 0.457084 0.000000 0.000000 0.000000 1.000000 0.000000 0.000000
14.000000 134.741355 1.717284 0.715001 0.459254 0.000000 0.000000 0.000000 1.000000 0.000000 0.000000
14.000000 134.741725 1.797953 0.732904 0.449236 0.000000 0.000000 0.000000 1.000000 0.000000 0.000000
14.000000 134.742877 1.509885 0.769160 0.401999 0.000000 0.000000 0.000000 1.000000 0.000000 0.000000
14.000000 134.751528 1.662085 0.718358 0.412054 0.000000 0.000000 0.000000 1.000000 0.000000 0.000000
14.000000 134.751974 1.723743 0.731681 0.399913 0.000000 0.000000 0.000000 1.000000 0.000000 0.000000
14.000000 134.762971 1.475926 0.761088 0.312497 0.000000 0.000000 0.000000 1.000000 0.000000 0.000000
14.000000 134.771393 1.561309 0.732795 0.314559 0.000000 0.000000 0.000000 1.000000 0.000000 0.000000
14.000000 134.771947 1.605139 0.742178 0.304023 0.000000 0.000000 0.000000 1.000000 0.000000 0.000000
14.000000 134.772810 1.472989 0.758712 0.269613 0.000000 0.000000 0.000000 1.000000 0.000000 0.000000
14.000000 134.781353 1.583537 0.722043 0.268753 0.000000 0.000000 0.000000 1.000000 0.000000 0.000000
14.000000 134.781738 1.618600 0.729587 0.256298 0.000000 0.000000 0.000000 1.000000 0.000000 0.000000
14.000000 134.782944 1.402581 0.756576 0.218340 0.000000 0.000000 0.000000 1.000000 0.000000 0.000000
14.000000 134.791396 1.505342 0.723440 0.215339 0.000000 0.000000 0.000000 1.000000 0.000000 0.000000
14.000000 134.791803 1.557458 0.734925 0.197123 0.000000 0.000000 0.000000 1.000000 0.000000 0.000000
14.000000 134.792797 1.381324 0.756960 0.161258 0.000000 0.000000 0.000000 1.000000 0.000000 0.000000
14.000000 134.801371 1.454772 0.732561 0.164872 0.000000 0.000000 0.000000 1.000000 0.000000 0.000000
14.000000 134.801715 1.541039 0.751322 0.170647 0.000000 0.000000 0.000000 1.000000 0.000000 0.000000
14.000000 134.802966 1.246339 0.787984 0.112528 0.000000 0.000000 0.000000 1.000000 0.000000 0.000000
14.000000 134.811399 1.415551 0.732193 0.111886 0.000000 0.000000 0.000000 1.000000 0.000000 0.000000
14.000000 134.811751 1.471416 0.744476 0.106041 0.000000 0.000000 0.000000 1.000000 0.000000 0.000000
14.000000 134.812812 1.303771 0.765157 0.074923 0.000000 0.000000 0.000000 1.000000 0.000000 0.000000
14.000000 134.821427 1.373549 0.742820 0.062748 0.000000 0.000000 0.000000 1.000000 0.000000 0.000000
14.000000 134.821896 1.406829 0.750123 0.052764 0.000000 0.000000 0.000000 1.000000 0.000000 0.000000
14.000000 134.822887 1.281771 0.765492 0.025293 0.000000 0.000000 0.000000 1.000000 0.000000 0.000000
14.000000 134.831471 1.359130 0.740022 0.019683 0.000000 0.000000 0.000000 1.000000 0.000000 0.000000
14.000000 134.831954 1.413186 0.751729 0.019480 0.000000 0.000000 0.000000 1.000000 0.000000 0.000000
14.000000 134.832824 1.186866 0.779879 -0.018005 0.000000 0.000000 0.000000 1.000000 0.000000 0.000000
14.000000 134.841451 1.310853 0.738552 0.022354 0.000000 0.000000 0.000000 1.000000 0.000000 0.000000
14.000000 134.841798 1.362334 0.750857 0.053711 0.000000 0.000000 0.000000 1.000000 0.000000 0.000000
14.000000 134.842833 1.169822 0.774775 0.019744 0.000000 0.000000 0.000000 1.000000 0.000000 0.000000
14.000000 134.851487 1.268147 0.742257 0.057870 0.000000 0.000000 0.000000 1.000000 0.000000 0.000000
14.000000 134.851879 1.300389 0.750516 0.084927 0.000000 0.000000 0.000000 1.000000 0.000000 0.000000
14.000000 134.852832 1.188558 0.764388 0.066237 0.000000 0.000000 0.000000 1.000000 0.000000 0.000000
14.000000 134.861427 1.245356 0.745345 0.099138 0.000000 0.000000 0.000000 1.000000 0.000000 0.000000
14.000000 134.861761 1.290536 0.756046 0.127252 0.000000 0.000000 0.000000 1.000000 0.000000 0.000000
14.000000 134.862927 1.070521 0.783325 0.088848 0.000000 0.000000 0.000000 1.000000 0.000000 0.000000
14.000000 134.871509 1.166271 0.751986 0.128078 0.000000 0.000000 0.000000 1.000000 0.000000 0.000000
14.000000 134.871958 1.151817 0.749897 0.141819 0.000000 0.000000 0.000000 1.000000 0.000000 0.000000
14.000000 134.872808 1.142329 0.750823 0.131843 0.000000 0.000000 0.000000 1.000000 0.000000 0.000000
14.000000 134.881479 1.184010 0.737059 0.168970 0.000000 0.000000 0.000000 1.000000 0.000000 0.000000
14.000000 134.881763 1.226919 0.747374 0.193073 0.000000 0.000000 0.000000 1.000000 0.000000 0.000000
14.000000 134.882982 0.993252 0.776229 0.152184 0.000000 0.000000 0.000000 1.000000 0.000000 0.000000
14.000000 134.891543 1.108597 0.737906 0.192204 0.000000 0.000000 0.000000 1.000000 0.000000 0.000000
14.000000 134.891970 1.148841 0.747367 0.216180 0.000000 0.000000 0.000000 1.000000 0.000000 0.000000
14.000000 134.892884 0.998946 0.765860 0.192855 0.000000 0.000000 0.000000 1.000000 0.000000 0.000000
14.000000 134.901443 1.071865 0.741846 0.227722 0.000000 0.000000 0.000000 1.000000 0.000000 0.000000
14.000000 134.901792 1.107050 0.750307 0.250650 0.000000 0.000000 0.000000 1.000000 0.000000 0.000000
14.000000 134.902919 0.984963 0.764923 0.238115 0.000000 0.000000 0.000000 1.000000 0.000000 0.000000
14.000000 134.911520 1.042297 0.745413 0.278258 0.000000 0.000000 0.000000 1.000000 0.000000 0.000000
14.000000 134.912046 1.081127 0.754239 0.294006 0.000000 0.000000 0.000000 1.000000 0.000000 0.000000
14.000000 134.912865 0.890306 0.777709 0.253971 0.000000 0.000000 0.000000 1.000000 0.000000 0.000000
14.000000 134.921448 0.992045 0.744041 0.285352 0.000000 0.000000 0.000000 1.000000 0.000000 0.000000
14.000000 134.921772 1.045220 0.756027 0.310596 0.000000 0.000000 0.000000 1.000000 0.000000 0.000000
14.000000 134.922958 0.868017 0.777809 0.282330 0.000000 0.000000 0.000000 1.000000 0.000000 0.000000
14.000000 134.931557 0.995781 0.735896 0.321882 0.000000 0.000000 0.000000 1.000000 0.000000 0.000000
14.000000 134.931987 1.054354 0.749486 0.356666 0.000000 0.000000 0.000000 1.000000 0.000000 0.000000
14.000000 134.932832 0.801295 0.780409 0.316193 0.000000 0.000000 0.000000 1.000000 0.000000 0.000000
14.000000 134.941838 0.841246 0.768792 0.338531 0.000000 0.000000 0.000000 1.000000 0.000000 0.000000
14.000000 134.942966 0.739785 0.782597 0.343193 0.000000 0.000000 0.000000 1.000000 0.000000 0.000000
14.000000 134.951777 0.883466 0.735530 0.381530 0.000000 0.000000 0.000000 1.000000 0.000000 0.000000
14.000000 134.951893 0.999072 0.761069 0.425881 0.000000 0.000000 0.000000 1.000000 0.000000 0.000000
14.000000 134.961462 0.901614 0.773432 0.439544 0.000000 0.000000 0.000000 1.000000 0.000000 0.000000
14.000000 134.961869 0.849997 0.763283 0.443660 0.000000 0.000000 0.000000 1.000000 0.000000 0.000000
14.000000 134.962954 0.678726 0.784246 0.403267 0.000000 0.000000 0.000000 1.000000 0.000000 0.000000
14.000000 134.971543 0.786593 0.749477 0.442152 0.000000 0.000000 0.000000 1.000000 0.000000 0.000000
14.000000 134.972050 0.824715 0.758738 0.470622 0.000000 0.000000 0.000000 1.000000 0.000000 0.000000
14.000000 134.972906 0.709625 0.772719 0.437486 0.000000 0.000000 0.000000 1.000000 0.000000 0.000000
14.000000 134.981477 0.788237 0.747035 0.462802 0.000000 0.000000 0.000000 1.000000 0.000000 0.000000
14.000000 134.981842 0.822971 0.755292 0.491431 0.000000 0.000000 0.000000 1.000000 0.000000 0.000000
14.000000 134.991593 0.803754 0.757986 0.506979 0.000000 0.000000 0.000000 1.000000 0.000000 0.000000
14.000000 134.991989 0.787703 0.755197 0.516480 0.000000 0.000000 0.000000 1.000000 0.000000 0.000000
14.000000 134.992923 0.601447 0.777981 0.480946 0.000000 0.000000 0.000000 1.000000 0.000000 0.000000
14.000000 135.001734 0.721188 0.738993 0.515832 0.000000 0.000000 0.000000 1.000000 0.000000 0.000000
14.000000 135.001971 0.774320 0.750944 0.541156 0.000000 0.000000 0.000000 1.000000 0.000000 0.000000
14.000000 135.002975 0.585214 0.773881 0.500705 0.000000 0.000000 0.000000 1.000000 0.000000 0.000000
14.000000 135.011802 0.652947 0.752276 0.530845 0.000000 0.000000 0.000000 1.000000 0.000000 0.000000
14.000000 135.012144 0.691358 0.761517 0.562616 0.000000 0.000000 0.000000 1.000000 0.000000 0.000000
14.000000 135.012908 0.520178 0.782425 0.529948 0.000000 0.000000 0.000000 1.000000 0.000000 0.000000
14.000000 135.021494 0.615036 0.751446 0.555374 0.000000 0.000000 0.000000 1.000000 0.000000 0.000000
14.000000 135.021825 0.653748 0.760035 0.578529 0.000000 0.000000 0.000000 1.000000 0.000000 0.000000
14.000000 135.023023 0.503578 0.778226 0.552178 0.000000 0.000000 0.000000 1.000000 0.000000 0.000000
14.000000 135.031636 0.588970 0.750376 0.575963 0.000000 0.000000 0.000000 1.000000 0.000000 0.000000
14.000000 135.031962 0.616610 0.756657 0.599625 0.000000 0.000000 0.000000 1.000000 0.000000 0.000000
14.000000 135.032900 0.505048 0.770029 0.575660 0.000000 0.000000 0.000000 1.000000 0.000000 0.000000
14.000000 135.041517 0.561758 0.751610 0.596733 0.000000 0.000000 0.000000 1.000000 0.000000 0.000000
14.000000 135.041834 0.595441 0.759324 0.624570 0.000000 0.000000 0.000000 1.000000 0.000000 0.000000
14.000000 135.043081 0.426520 0.779780 0.596077 0.000000 0.000000 0.000000 1.000000 0.000000 0.000000
14.000000 135.051627 0.513336 0.751496 0.618976 0.000000 0.000000 0.000000 1.000000 0.000000 0.000000
14.000000 135.051975 0.565620 0.762847 0.640787 0.000000 0.000000 0.000000 1.000000 0.000000 0.000000
14.000000 135.052947 0.393257 0.783738 0.605599 0.000000 0.000000 0.000000 1.000000 0.000000 0.000000
14.000000 135.061496 0.476370 0.756830 0.631561 0.000000 0.000000 0.000000 1.000000 0.000000 0.000000
14.000000 135.061838 0.499023 0.762152 0.660038 0.000000 0.000000 0.000000 1.000000 0.000000 0.000000
14.000000 135.063160 0.396092 0.774476 0.636576 0.000000 0.000000 0.000000 1.000000 0.000000 0.000000
14.000000 135.071534 0.425177 0.764824 0.646002 0.000000 0.000000 0.000000 1.000000 0.000000 0.000000
14.000000 135.071972 0.443155 0.768750 0.672125 0.000000 0.000000 0.000000 1.000000 0.000000 0.000000
14.000000 135.072960 0.304528 0.785056 0.647938 0.000000 0.000000 0.000000 1.000000 0.000000 0.000000
14.000000 135.081522 0.408808 0.751097 0.669214 0.000000 0.000000 0.000000 1.000000 0.000000 0.000000
14.000000 135.081845 0.453812 0.760903 0.699251 0.000000 0.000000 0.000000 1.000000 0.000000 0.000000
14.000000 135.082951 0.309863 0.778054 0.669825 0.000000 0.000000 0.000000 1.000000 0.000000 0.000000
14.000000 135.091734 0.371440 0.758043 0.688916 0.000000 0.000000 0.000000 1.000000 0.000000 0.000000
14.000000 135.091952 0.403254 0.765144 0.714844 0.000000 0.000000 0.000000 1.000000 0.000000 0.000000
14.000000 135.092978 0.251789 0.783438 0.679235 0.000000 0.000000 0.000000 1.000000 0.000000 0.000000
14.000000 135.101574 0.328560 0.758598 0.701667 0.000000 0.000000 0.000000 1.000000 0.000000 0.000000
14.000000 135.101817 0.359271 0.765424 0.726840 0.000000 0.000000 0.000000 1.000000 0.000000 0.000000
14.000000 135.103232 0.220611 0.782187 0.690364 0.000000 0.000000 0.000000 1.000000 0.000000 0.000000
14.000000 135.111971 0.209781 0.786085 0.698327 0.000000 0.000000 0.000000 1.000000 0.000000 0.000000
14.000000 135.113046 0.153888 0.793009 0.702591 0.000000 0.000000 0.000000 1.000000 0.000000 0.000000
14.000000 135.121532 0.244202 0.763640 0.714345 0.000000 0.000000 0.000000 1.000000 0.000000 0.000000
14.000000 135.121950 0.277719 0.770651 0.738231 0.000000 0.000000 0.000000 1.000000 0.000000 0.000000
14.000000 135.122994 0.174495 0.782775 0.719501 0.000000 0.000000 0.000000 1.000000 0.000000 0.000000
14.000000 135.131805 0.212450 0.770416 0.734306 0.000000 0.000000 0.000000 1.000000 0.000000 0.000000
14.000000 135.131971 0.212181 0.770572 0.756167 0.000000 0.000000 0.000000 1.000000 0.000000 0.000000
14.000000 135.133043 0.104746 0.783546 0.728154 0.000000 0.000000 0.000000 1.000000 0.000000 0.000000
14.000000 135.141548 0.171899 0.761847 0.747234 0.000000 0.000000 0.000000 1.000000 0.000000 0.000000
14.000000 135.141827 0.195903 0.767038 0.769443 0.000000 0.000000 0.000000 1.000000 0.000000 0.000000
14.000000 135.143089 0.089615 0.779946 0.740992 0.000000 0.000000 0.000000 1.000000 0.000000 0.000000
14.000000 135.151667 0.129812 0.766949 0.738389 0.000000 0.000000 0.000000 1.000000 0.000000 0.000000
14.000000 135.152108 0.140447 0.768880 0.759576 0.000000 0.000000 0.000000 1.000000 0.000000 0.000000
14.000000 135.152993 0.105691 0.772101 0.760767 0.000000 0.000000 0.000000 1.000000 0.000000 0.000000
14.000000 135.161596 0.093936 0.775693 0.765404 0.000000 0.000000 0.000000 1.000000 0.000000 0.000000
14.000000 135.161984 0.089495 0.774857 0.780925 0.000000 0.000000 0.000000 1.000000 0.000000 0.000000
14.000000 135.163026 -0.010557 0.786988 0.756264 0.000000 0.000000 0.000000 1.000000 0.000000 0.000000
14.000000 135.171615 0.022219 0.776333 0.762455 0.000000 0.000000 0.000000 1.000000 0.000000 0.000000
14.000000 135.172067 0.037452 0.779461 0.781689 0.000000 0.000000 0.000000 1.000000 0.000000 0.000000
14.000000 135.173121 -0.035744 0.788237 0.762412 0.000000 0.000000 0.000000 1.000000 0.000000 0.000000
14.000000 135.181556 0.012543 0.772614 0.771762 0.000000 0.000000 0.000000 1.000000 0.000000 0.000000
14.000000 135.182065 0.033056 0.776876 0.791541 0.000000 0.000000 0.000000 1.000000 0.000000 0.000000
14.000000 135.183222 -0.086041 0.791326 0.763267 0.000000 0.000000 0.000000 1.000000 0.000000 0.000000
14.000000 135.191641 -0.008282 0.766304 0.777867 0.000000 0.000000 0.000000 1.000000 0.000000 0.000000
14.000000 135.191993 0.010315 0.770159 0.796282 0.000000 0.000000 0.000000 1.000000 0.000000 0.000000
14.000000 135.193244 -0.101575 0.783783 0.766725 0.000000 0.000000 0.000000 1.000000 0.000000 0.000000
14.000000 135.201568 -0.055644 0.768985 0.774420 0.000000 0.000000 0.000000 1.000000 0.000000 0.000000
14.000000 135.202018 -0.026716 0.774887 0.800983 0.000000 0.000000 0.000000 1.000000 0.000000 0.000000
14.000000 135.203151 -0.174384 0.792685 0.772011 0.000000 0.000000 0.000000 1.000000 0.000000 0.000000
14.000000 135.211837 -0.125859 0.777135 0.794785 0.000000 0.000000 0.000000 1.000000 0.000000 0.000000
14.000000 135.211932 -0.150812 0.771860 0.809340 0.000000 0.000000 0.000000 1.000000 0.000000 0.000000
14.000000 135.213203 -0.103643 0.766843 0.786003 0.000000 0.000000 0.000000 1.000000 0.000000 0.000000
14.000000 135.221535 -0.143841 0.779529 0.783416 0.000000 0.000000 0.000000 1.000000 0.000000 0.000000
14.000000 135.222070 -0.178496 0.772367 0.795027 0.000000 0.000000 0.000000 1.000000 0.000000 0.000000
14.000000 135.223123 -0.131321 0.767168 0.783467 0.000000 0.000000 0.000000 1.000000 0.000000 0.000000
14.000000 135.231688 -0.160671 0.776404 0.782863 0.000000 0.000000 0.000000 1.000000 0.000000 0.000000
14.000000 135.232120 -0.170487 0.774259 0.803422 0.000000 0.000000 0.000000 1.000000 0.000000 0.000000
14.000000 135.233043 -0.187477 0.776650 0.785985 0.000000 0.000000 0.000000 1.000000 0.000000 0.000000
14.000000 135.241858 -0.184317 0.775595 0.785814 0.000000 0.000000 0.000000 1.000000 0.000000 0.000000
14.000000 135.242018 -0.194991 0.773320 0.803130 0.000000 0.000000 0.000000 1.000000 0.000000 0.000000
14.000000 135.243002 -0.238521 0.779046 0.781003 0.000000 0.000000 0.000000 1.000000 0.000000 0.000000
14.000000 135.251642 -0.240154 0.779523 0.788114 0.000000 0.000000 0.000000 1.000000 0.000000 0.000000
14.000000 135.252138 -0.257453 0.775693 0.808872 0.000000 0.000000 0.000000 1.000000 0.000000 0.000000
14.000000 135.253086 -0.271842 0.778167 0.784147 0.000000 0.000000 0.000000 1.000000 0.000000 0.000000
14.000000 135.261577 -0.313923 0.791309 0.794859 0.000000 0.000000 0.000000 1.000000 0.000000 0.000000
14.000000 135.261884 -0.352646 0.782986 0.809766 0.000000 0.000000 0.000000 1.000000 0.000000 0.000000
14.000000 135.263155 -0.321951 0.780464 0.780812 0.000000 0.000000 0.000000 1.000000 0.000000 0.000000
14.000000 135.271786 -0.330425 0.783332 0.773418 0.000000 0.000000 0.000000 1.000000 0.000000 0.000000
14.000000 135.272012 -0.337389 0.781838 0.790134 0.000000 0.000000 0.000000 1.000000 0.000000 0.000000
14.000000 135.273053 -0.369892 0.786845 0.767726 0.000000 0.000000 0.000000 1.000000 0.000000 0.000000
14.000000 135.281593 -0.332741 0.775564 0.767591 0.000000 0.000000 0.000000 1.000000 0.000000 0.000000
14.000000 135.282017 -0.322881 0.777328 0.792251 0.000000 0.000000 0.000000 1.000000 0.000000 0.000000
14.000000 135.283420 -0.427869 0.790631 0.762499 0.000000 0.000000 0.000000 1.000000 0.000000 0.000000
14.000000 135.291719 -0.367188 0.771751 0.767706 0.000000 0.000000 0.000000 1.000000 0.000000 0.000000
14.000000 135.292074 -0.378690 0.769197 0.786972 0.000000 0.000000 0.000000 1.000000 0.000000 0.000000
14.000000 135.293177 -0.402166 0.772965 0.765275 0.000000 0.000000 0.000000 1.000000 0.000000 0.000000
14.000000 135.301603 -0.427600 0.781258 0.762414 0.000000 0.000000 0.000000 1.000000 0.000000 0.000000
14.000000 135.302102 -0.440277 0.778377 0.779014 0.000000 0.000000 0.000000 1.000000 0.000000 0.000000
14.000000 135.303183 -0.438269 0.779579 0.752476 0.000000 0.000000 0.000000 1.000000 0.000000 0.000000
14.000000 135.312058 -0.409053 0.770507 0.754529 0.000000 0.000000 0.000000 1.000000 0.000000 0.000000
14.000000 135.313123 -0.495008 0.780234 0.749197 0.000000 0.000000 0.000000 1.000000 0.000000 0.000000
14.000000 135.321587 -0.512152 0.785736 0.749107 0.000000 0.000000 0.000000 1.000000 0.000000 0.000000
14.000000 135.322140 -0.532092 0.781467 0.761076 0.000000 0.000000 0.000000 1.000000 0.000000 0.000000
14.000000 135.323298 -0.534915 0.783431 0.733657 0.000000 0.000000 0.000000 1.000000 0.000000 0.000000
14.000000 135.331796 -0.508278 0.775554 0.736855 0.000000 0.000000 0.000000 1.000000 0.000000 0.000000
14.000000 135.332118 -0.491589 0.778551 0.757410 0.000000 0.000000 0.000000 1.000000 0.000000 0.000000
14.000000 135.333082 -0.598928 0.792214 0.722656 0.000000 0.000000 0.000000 1.000000 0.000000 0.000000
14.000000 135.341638 -0.541996 0.774563 0.729584 0.000000 0.000000 0.000000 1.000000 0.000000 0.000000
14.000000 135.342088 -0.524200 0.777925 0.748255 0.000000 0.000000 0.000000 1.000000 0.000000 0.000000
14.000000 135.343139 -0.637329 0.793041 0.709658 0.000000 0.000000 0.000000 1.000000 0.000000 0.000000
14.000000 135.351978 -0.571928 0.773218 0.717388 0.000000 0.000000 0.000000 1.000000 0.000000 0.000000
14.000000 135.352025 -0.548009 0.777575 0.741014 0.000000 0.000000 0.000000 1.000000 0.000000 0.000000
14.000000 135.353078 -0.627959 0.788846 0.704260 0.000000 0.000000 0.000000 1.000000 0.000000 0.000000
14.000000 135.362119 -0.624263 0.788417 0.697094 0.000000 0.000000 0.000000 1.000000 0.000000 0.000000
14.000000 135.363134 -0.732909 0.801397 0.682174 0.000000 0.000000 0.000000 1.000000 0.000000 0.000000
14.000000 135.372149 -0.722674 0.798538 0.679373 0.000000 0.000000 0.000000 1.000000 0.000000 0.000000
14.000000 135.373218 -0.757317 0.803655 0.666645 0.000000 0.000000 0.000000 1.000000 0.000000 0.000000
14.000000 135.381739 -0.627336 0.763802 0.677942 0.000000 0.000000 0.000000 1.000000 0.000000 0.000000
14.000000 135.382001 -0.588596 0.771443 0.694302 0.000000 0.000000 0.000000 1.000000 0.000000 0.000000
14.000000 135.383172 -0.771482 0.794508 0.645518 0.000000 0.000000 0.000000 1.000000 0.000000 0.000000
14.000000 135.392205 -0.729910 0.781714 0.649037 0.000000 0.000000 0.000000 1.000000 0.000000 0.000000
14.000000 135.393252 -0.785164 0.788182 0.642262 0.000000 0.000000 0.000000 1.000000 0.000000 0.000000
14.000000 135.402160 -0.770305 0.784271 0.635367 0.000000 0.000000 0.000000 1.000000 0.000000 0.000000
14.000000 135.403433 -0.844940 0.793655 0.619170 0.000000 0.000000 0.000000 1.000000 0.000000 0.000000
14.000000 135.412011 -0.843623 0.793631 0.615018 0.000000 0.000000 0.000000 1.000000 0.000000 0.000000
14.000000 135.413192 -0.934774 0.805800 0.592476 0.000000 0.000000 0.000000 1.000000 0.000000 0.000000
14.000000 135.422066 -0.918368 0.801859 0.584844 0.000000 0.000000 0.000000 1.000000 0.000000 0.000000
14.000000 135.423212 -0.909241 0.801791 0.578485 0.000000 0.000000 0.000000 1.000000 0.000000 0.000000
14.000000 135.432061 -0.857457 0.786281 0.579817 0.000000 0.000000 0.000000 1.000000 0.000000 0.000000
14.000000 135.433090 -0.955218 0.798920 0.559405 0.000000 0.000000 0.000000 1.000000 0.000000 0.000000
14.000000 135.442057 -0.930283 0.792775 0.547708 0.000000 0.000000 0.000000 1.000000 0.000000 0.000000
14.000000 135.443219 -1.006557 0.803103 0.525644 0.000000 0.000000 0.000000 1.000000 0.000000 0.000000
14.000000 135.452075 -1.016270 0.805724 0.526967 0.000000 0.000000 0.000000 1.000000 0.000000 0.000000
14.000000 135.453203 -1.062617 0.811348 0.519965 0.000000 0.000000 0.000000 1.000000 0.000000 0.000000
14.000000 135.462038 -1.034253 0.804158 0.511021 0.000000 0.000000 0.000000 1.000000 0.000000 0.000000
14.000000 135.463260 -1.134247 0.818084 0.483602 0.000000 0.000000 0.000000 1.000000 0.000000 0.000000
14.000000 135.472108 -1.114341 0.814130 0.468796 0.000000 0.000000 0.000000 1.000000 0.000000 0.000000
14.000000 135.473176 -1.164815 0.821832 0.448199 0.000000 0.000000 0.000000 1.000000 0.000000 0.000000
14.000000 135.481988 -1.125559 0.810720 0.445726 0.000000 0.000000 0.000000 1.000000 0.000000 0.000000
14.000000 135.483302 -1.209250 0.821641 0.427190 0.000000 0.000000 0.000000 1.000000 0.000000 0.000000
14.000000 135.492048 -1.123283 0.796553 0.425857 0.000000 0.000000 0.000000 1.000000 0.000000 0.000000
14.000000 135.493276 -1.194821 0.805809 0.408071 0.000000 0.000000 0.000000 1.000000 0.000000 0.000000
14.000000 135.502115 -1.112501 0.781561 0.402799 0.000000 0.000000 0.000000 1.000000 0.000000 0.000000
14.000000 135.503271 -1.181486 0.790442 0.380301 0.000000 0.000000 0.000000 1.000000 0.000000 0.000000
14.000000 135.512362 -1.225913 0.804676 0.368869 0.000000 0.000000 0.000000 1.000000 0.000000 0.000000
14.000000 135.513197 -1.284855 0.813222 0.348083 0.000000 0.000000 0.000000 1.000000 0.000000 0.000000
14.000000 135.522013 -1.304154 0.820739 0.332564 0.000000 0.000000 0.000000 1.000000 0.000000 0.000000
14.000000 135.523333 -1.373891 0.830573 0.309947 0.000000 0.000000 0.000000 1.000000 0.000000 0.000000
14.000000 135.532053 -1.337818 0.820921 0.303232 0.000000 0.000000 0.000000 1.000000 0.000000 0.000000
14.000000 135.573357 -1.541448 0.836146 0.146593 0.000000 0.000000 0.000000 1.000000 0.000000 0.000000
14.000000 135.582137 -1.418328 0.799905 0.147768 0.000000 0.000000 0.000000 1.000000 0.000000 0.000000
14.000000 135.583258 -1.501461 0.810794 0.121712 0.000000 0.000000 0.000000 1.000000 0.000000 0.000000
14.000000 135.592266 -1.493525 0.809404 0.113147 0.000000 0.000000 0.000000 1.000000 0.000000 0.000000
14.000000 135.593390 -1.563704 0.819813 0.086623 0.000000 0.000000 0.000000 1.000000 0.000000 0.000000
14.000000 135.602157 -1.550386 0.817446 0.077508 0.000000 0.000000 0.000000 1.000000 0.000000 0.000000
14.000000 135.603247 -1.612053 0.827839 0.051350 0.000000 0.000000 0.000000 1.000000 0.000000 0.000000
14.000000 135.612488 -1.512487 0.801016 0.041250 0.000000 0.000000 0.000000 1.000000 0.000000 0.000000
14.000000 135.613189 -1.607619 0.813354 0.014188 0.000000 0.000000 0.000000 1.000000 0.000000 0.000000
14.000000 135.622173 -1.549051 0.796987 0.004893 0.000000 0.000000 0.000000 1.000000 0.000000 0.000000
14.000000 135.623245 -1.609974 0.805131 -0.019427 0.000000 0.000000 0.000000 1.000000 0.000000 0.000000
14.000000 135.632250 -1.660937 0.817539 -0.011164 0.000000 0.000000 0.000000 1.000000 0.000000 0.000000
14.000000 135.643299 -1.729554 0.820342 0.031150 0.000000 0.000000 0.000000 1.000000 0.000000 0.000000
14.000000 135.652126 -1.731314 0.818948 0.042360 0.000000 0.000000 0.000000 1.000000 0.000000 0.000000
14.000000 135.653223 -1.748248 0.818085 0.058897 0.000000 0.000000 0.000000 1.000000 0.000000 0.000000
14.000000 135.662045 -1.753542 0.816876 0.077590 0.000000 0.000000 0.000000 1.000000 0.000000 0.000000
14.000000 135.663262 -1.755731 0.814544 0.092075 0.000000 0.000000 0.000000 1.000000 0.000000 0.000000
14.000000 135.672329 -1.759816 0.813736 0.104367 0.000000 0.000000 0.000000 1.000000 0.000000 0.000000
14.000000 135.673159 -1.794053 0.815625 0.110958 0.000000 0.000000 0.000000 1.000000 0.000000 0.000000
14.000000 135.682135 -1.801478 0.814634 0.126964 0.000000 0.000000 0.000000 1.000000 0.000000 0.000000
14.000000 135.683240 -1.887227 0.821089 0.130691 0.000000 0.000000 0.000000 1.000000 0.000000 0.000000
14.000000 135.692186 -1.902074 0.821153 0.149083 0.000000 0.000000 0.000000 1.000000 0.000000 0.000000
14.000000 135.693231 -1.830588 0.808828 0.176091 0.000000 0.000000 0.000000 1.000000 0.000000 0.000000
14.000000 135.702086 -1.870016 0.818240 0.182715 0.000000 0.000000 0.000000 1.000000 0.000000 0.000000
14.000000 135.703285 -1.870144 0.819048 0.179960 0.000000 0.000000 0.000000 1.000000 0.000000 0.000000
14.000000 135.712195 -1.918515 0.827793 0.190280 0.000000 0.000000 0.000000 1.000000 0.000000 0.000000
14.000000 135.713197 -1.923300 0.818770 0.219284 0.000000 0.000000 0.000000 1.000000 0.000000 0.000000
14.000000 135.722120 -1.924598 0.816557 0.230504 0.000000 0.000000 0.000000 1.000000 0.000000 0.000000
14.000000 135.723322 -1.940965 0.816472 0.235678 0.000000 0.000000 0.000000 1.000000 0.000000 0.000000
14.000000 135.732197 -1.970179 0.821799 0.244941 0.000000 0.000000 0.000000 1.000000 0.000000 0.000000
14.000000 135.733176 -1.970770 0.817378 0.261262 0.000000 0.000000 0.000000 1.000000 0.000000 0.000000
14.000000 135.742338 -1.963478 0.813807 0.268506 0.000000 0.000000 0.000000 1.000000 0.000000 0.000000
14.000000 135.743330 -2.031874 0.818539 0.274461 0.000000 0.000000 0.000000 1.000000 0.000000 0.000000
14.000000 135.752312 -2.056147 0.823661 0.283812 0.000000 0.000000 0.000000 1.000000 0.000000 0.000000
14.000000 135.753222 -2.070697 0.823641 0.289952 0.000000 0.000000 0.000000 1.000000 0.000000 0.000000
14.000000 135.762340 -2.080972 0.824336 0.300267 0.000000 0.000000 0.000000 1.000000 0.000000 0.000000
14.000000 135.763418 -2.090332 0.823530 0.306901 0.000000 0.000000 0.000000 1.000000 0.000000 0.000000
14.000000 135.772242 -2.113899 0.828015 0.315072 0.000000 0.000000 0.000000 1.000000 0.000000 0.000000
14.000000 135.773458 -2.098686 0.823897 0.326385 0.000000 0.000000 0.000000 1.000000 0.000000 0.000000
14.000000 135.782177 -2.099909 0.822640 0.333205 0.000000 0.000000 0.000000 1.000000 0.000000 0.000000
14.000000 135.783500 -2.147231 0.825043 0.339838 0.000000 0.000000 0.000000 1.000000 0.000000 0.000000
14.000000 135.792230 -2.146483 0.823070 0.348783 0.000000 0.000000 0.000000 1.000000 0.000000 0.000000
14.000000 135.793309 -2.166850 0.824073 0.351842 0.000000 0.000000 0.000000 1.000000 0.000000 0.000000
14.000000 135.802159 -2.150555 0.817507 0.361613 0.000000 0.000000 0.000000 1.000000 0.000000 0.000000
14.000000 135.803469 -2.187935 0.818670 0.371349 0.000000 0.000000 0.000000 1.000000 0.000000 0.000000
14.000000 135.812256 -2.206554 0.822422 0.379298 0.000000 0.000000 0.000000 1.000000 0.000000 0.000000
14.000000 135.813307 -2.210451 0.822215 0.381719 0.000000 0.000000 0.000000 1.000000 0.000000 0.000000
14.000000 135.822148 -2.244126 0.830819 0.384354 0.000000 0.000000 0.000000 1.000000 0.000000 0.000000
14.000000 135.823457 -2.276141 0.832129 0.390523 0.000000 0.000000 0.000000 1.000000 0.000000 0.000000
14.000000 135.832365 -2.239575 0.819592 0.403071 0.000000 0.000000 0.000000 1.000000 0.000000 0.000000
14.000000 135.833433 -2.269265 0.822336 0.401714 0.000000 0.000000 0.000000 1.000000 0.000000 0.000000
14.000000 135.842249 -2.275809 0.822677 0.407818 0.000000 0.000000 0.000000 1.000000 0.000000 0.000000
14.000000 135.843415 -2.305556 0.823922 0.412457 0.000000 0.000000 0.000000 1.000000 0.000000 0.000000
14.000000 135.852282 -2.313140 0.825723 0.413770 0.000000 0.000000 0.000000 1.000000 0.000000 0.000000
14.000000 135.853249 -2.354988 0.829736 0.411465 0.000000 0.000000 0.000000 1.000000 0.000000 0.000000
14.000000 135.862118 -2.325969 0.818841 0.424842 0.000000 0.000000 0.000000 1.000000 0.000000 0.000000
14.000000 135.863571 -2.352927 0.819986 0.428703 0.000000 0.000000 0.000000 1.000000 0.000000 0.000000
14.000000 135.872296 -2.365318 0.822975 0.430373 0.000000 0.000000 0.000000 1.000000 0.000000 0.000000
14.000000 135.873339 -2.376661 0.822541 0.436538 0.000000 0.000000 0.000000 1.000000 0.000000 0.000000
14.000000 135.882226 -2.371914 0.819768 0.443767 0.000000 0.000000 0.000000 1.000000 0.000000 0.000000
14.000000 135.883385 -2.425983 0.825538 0.437968 0.000000 0.000000 0.000000 1.000000 0.000000 0.000000
14.000000 135.892289 -2.424229 0.824418 0.440807 0.000000 0.000000 0.000000 1.000000 0.000000 0.000000
14.000000 135.893323 -2.491165 0.830824 0.436730 0.000000 0.000000 0.000000 1.000000 0.000000 0.000000
14.000000 135.902259 -2.495802 0.831491 0.439457 0.000000 0.000000 0.000000 1.000000 0.000000 0.000000
14.000000 135.903459 -2.509813 0.833049 0.437691 0.000000 0.000000 0.000000 1.000000 0.000000 0.000000
14.000000 135.912265 -2.493528 0.828101 0.440134 0.000000 0.000000 0.000000 1.000000 0.000000 0.000000
14.000000 135.913403 -2.538365 0.832268 0.437950 0.000000 0.000000 0.000000 1.000000 0.000000 0.000000
14.000000 135.922281 -2.543120 0.833134 0.439915 0.000000 0.000000 0.000000 1.000000 0.000000 0.000000
14.000000 135.923419 -2.555688 0.833514 0.442855 0.000000 0.000000 0.000000 1.000000 0.000000 0.000000
14.000000 135.932291 -2.535245 0.827447 0.445326 0.000000 0.000000 0.000000 1.000000 0.000000 0.000000
14.000000 135.933258 -2.572859 0.831543 0.440996 0.000000 0.000000 0.000000 1.000000 0.000000 0.000000
14.000000 135.942201 -2.571873 0.829562 0.448931 0.000000 0.000000 0.000000 1.000000 0.000000 0.000000
14.000000 135.943425 -2.658887 0.838767 0.439740 0.000000 0.000000 0.000000 1.000000 0.000000 0.000000
14.000000 135.952264 -2.687666 0.847886 0.433531 0.000000 0.000000 0.000000 1.000000 0.000000 0.000000
14.000000 135.953369 -2.714043 0.851081 0.429065 0.000000 0.000000 0.000000 1.000000 0.000000 0.000000
14.000000 135.962247 -2.686900 0.842799 0.433474 0.000000 0.000000 0.000000 1.000000 0.000000 0.000000
14.000000 135.963360 -2.733170 0.847771 0.428332 0.000000 0.000000 0.000000 1.000000 0.000000 0.000000
14.000000 135.972381 -2.744790 0.851061 0.427593 0.000000 0.000000 0.000000 1.000000 0.000000 0.000000
14.000000 135.973344 -2.781064 0.854622 0.425040 0.000000 0.000000 0.000000 1.000000 0.000000 0.000000
14.000000 135.982191 -2.665203 0.820475 0.438627 0.000000 0.000000 0.000000 1.000000 0.000000 0.000000
14.000000 135.983418 -2.733256 0.827905 0.430442 0.000000 0.000000 0.000000 1.000000 0.000000 0.000000
14.000000 135.992281 -2.709215 0.821023 0.432300 0.000000 0.000000 0.000000 1.000000 0.000000 0.000000
14.000000 135.993340 -2.732475 0.824229 0.426493 0.000000 0.000000 0.000000 1.000000 0.000000 0.000000
14.000000 136.002236 -2.748447 0.830145 0.418411 0.000000 0.000000 0.000000 1.000000 0.000000 0.000000
14.000000 136.003523 -2.805972 0.836900 0.409131 0.000000 0.000000 0.000000 1.000000 0.000000 0.000000
14.000000 136.012349 -2.791511 0.832746 0.410311 0.000000 0.000000 0.000000 1.000000 0.000000 0.000000
14.000000 136.013355 -2.891879 0.844762 0.393209 0.000000 0.000000 0.000000 1.000000 0.000000 0.000000
14.000000 136.022245 -2.875131 0.840479 0.392005 0.000000 0.000000 0.000000 1.000000 0.000000 0.000000
14.000000 136.023407 -2.896474 0.842811 0.389421 0.000000 0.000000 0.000000 1.000000 0.000000 0.000000
14.000000 136.032268 -2.843673 0.827466 0.394870 0.000000 0.000000 0.000000 1.000000 0.000000 0.000000
14.000000 136.033361 -2.887154 0.833720 0.382608 0.000000 0.000000 0.000000 1.000000 0.000000 0.000000
14.000000 136.042270 -2.873081 0.831131 0.376524 0.000000 0.000000 0.000000 1.000000 0.000000 0.000000
14.000000 136.043367 -2.922710 0.837932 0.363770 0.000000 0.000000 0.000000 1.000000 0.000000 0.000000
14.000000 136.052391 -2.925829 0.839991 0.357486 0.000000 0.000000 0.000000 1.000000 0.000000 0.000000
14.000000 136.053338 -2.966943 0.845114 0.349256 0.000000 0.000000 0.000000 1.000000 0.000000 0.000000
14.000000 136.062319 -2.921616 0.832222 0.352605 0.000000 0.000000 0.000000 1.000000 0.000000 0.000000
14.000000 136.063384 -3.001774 0.841801 0.338617 0.000000 0.000000 0.000000 1.000000 0.000000 0.000000
14.000000 136.072395 -3.010362 0.845901 0.328395 0.000000 0.000000 0.000000 1.000000 0.000000 0.000000
14.000000 136.073304 -3.051182 0.852381 0.312617 0.000000 0.000000 0.000000 1.000000 0.000000 0.000000
14.000000 136.082292 -3.004912 0.839828 0.313057 0.000000 0.000000 0.000000 1.000000 0.000000 0.000000
14.000000 136.083429 -3.060586 0.846997 0.300709 0.000000 0.000000 0.000000 1.000000 0.000000 0.000000
14.000000 136.092312 -3.006881 0.832668 0.299692 0.000000 0.000000 0.000000 1.000000 0.000000 0.000000
14.000000 136.103376 -3.138134 0.856126 0.263652 0.000000 0.000000 0.000000 1.000000 0.000000 0.000000
14.000000 136.112331 -2.985795 0.812143 0.278939 0.000000 0.000000 0.000000 1.000000 0.000000 0.000000
14.000000 136.113369 -3.069898 0.823152 0.257544 0.000000 0.000000 0.000000 1.000000 0.000000 0.000000
14.000000 136.122269 -3.044784 0.817330 0.251583 0.000000 0.000000 0.000000 1.000000 0.000000 0.000000
14.000000 136.123464 -3.140741 0.828817 0.232987 0.000000 0.000000 0.000000 1.000000 0.000000 0.000000
14.000000 136.132378 -3.119061 0.824107 0.224082 0.000000 0.000000 0.000000 1.000000 0.000000 0.000000
14.000000 136.133518 -3.149039 0.828460 0.212202 0.000000 0.000000 0.000000 1.000000 0.000000 0.000000
14.000000 136.142341 -3.235438 0.853746 0.200471 0.000000 0.000000 0.000000 1.000000 0.000000 0.000000
14.000000 136.143554 -3.354376 0.868793 0.173868 0.000000 0.000000 0.000000 1.000000 0.000000 0.000000
14.000000 136.152343 -3.193998 0.824702 0.177934 0.000000 0.000000 0.000000 1.000000 0.000000 0.000000
14.000000 136.153488 -3.215498 0.828329 0.166185 0.000000 0.000000 0.000000 1.000000 0.000000 0.000000
14.000000 136.162314 -3.365219 0.872375 0.143602 0.000000 0.000000 0.000000 1.000000 0.000000 0.000000
14.000000 136.163481 -3.391735 0.877334 0.128641 0.000000 0.000000 0.000000 1.000000 0.000000 0.000000
14.000000 136.172381 -3.299310 0.852496 0.128252 0.000000 0.000000 0.000000 1.000000 0.000000 0.000000
14.000000 136.173493 -3.359110 0.860412 0.111910 0.000000 0.000000 0.000000 1.000000 0.000000 0.000000
14.000000 136.182309 -3.309372 0.847746 0.105809 0.000000 0.000000 0.000000 1.000000 0.000000 0.000000
14.000000 136.183546 -3.401205 0.859567 0.081439 0.000000 0.000000 0.000000 1.000000 0.000000 0.000000
14.000000 136.192414 -3.371656 0.852587 0.073911 0.000000 0.000000 0.000000 1.000000 0.000000 0.000000
14.000000 136.193448 -3.442806 0.861879 0.053803 0.000000 0.000000 0.000000 1.000000 0.000000 0.000000
14.000000 136.202343 -3.397218 0.850232 0.047872 0.000000 0.000000 0.000000 1.000000 0.000000 0.000000
14.000000 136.213420 -3.442087 0.852598 0.011965 0.000000 0.000000 0.000000 1.000000 0.000000 0.000000
14.000000 136.222419 -3.478268 0.859520 0.025186 0.000000 0.000000 0.000000 1.000000 0.000000 0.000000
14.000000 136.223512 -3.517868 0.862071 0.027190 0.000000 0.000000 0.000000 1.000000 0.000000 0.000000
14.000000 136.232436 -3.385856 0.822564 0.050247 0.000000 0.000000 0.000000 1.000000 0.000000 0.000000
14.000000 136.233407 -3.401781 0.820449 0.067313 0.000000 0.000000 0.000000 1.000000 0.000000 0.000000
14.000000 136.242395 -3.576985 0.869844 0.052269 0.000000 0.000000 0.000000 1.000000 0.000000 0.000000
14.000000 136.243654 -3.615505 0.872730 0.055045 0.000000 0.000000 0.000000 1.000000 0.000000 0.000000
14.000000 136.252528 -3.523362 0.843163 0.083425 0.000000 0.000000 0.000000 1.000000 0.000000 0.000000
14.000000 136.253458 -3.542783 0.842339 0.095726 0.000000 0.000000 0.000000 1.000000 0.000000 0.000000
14.000000 136.262478 -3.556358 0.844231 0.105367 0.000000 0.000000 0.000000 1.000000 0.000000 0.000000
14.000000 136.263568 -3.551767 0.841180 0.120054 0.000000 0.000000 0.000000 1.000000 0.000000 0.000000
14.000000 136.272608 -3.712259 0.884706 0.115197 0.000000 0.000000 0.000000 1.000000 0.000000 0.000000
14.000000 136.273571 -3.745311 0.886622 0.119059 0.000000 0.000000 0.000000 1.000000 0.000000 0.000000
14.000000 136.282256 -3.728792 0.879893 0.131102 0.000000 0.000000 0.000000 1.000000 0.000000 0.000000
14.000000 136.283565 -3.733457 0.878325 0.140317 0.000000 0.000000 0.000000 1.000000 0.000000 0.000000
14.000000 136.292675 -3.563997 0.827933 0.169871 0.000000 0.000000 0.000000 1.000000 0.000000 0.000000
14.000000 136.293569 -3.607821 0.829001 0.184574 0.000000 0.000000 0.000000 1.000000 0.000000 0.000000
14.000000 136.302535 -3.731207 0.863409 0.176798 0.000000 0.000000 0.000000 1.000000 0.000000 0.000000
14.000000 136.303627 -3.766445 0.867512 0.170514 0.000000 0.000000 0.000000 1.000000 0.000000 0.000000
14.000000 136.312406 -3.610845 0.820714 0.200992 0.000000 0.000000 0.000000 1.000000 0.000000 0.000000
14.000000 136.313473 -3.621461 0.820065 0.208014 0.000000 0.000000 0.000000 1.000000 0.000000 0.000000
14.000000 136.322376 -3.629712 0.820244 0.217586 0.000000 0.000000 0.000000 1.000000 0.000000 0.000000
14.000000 136.323504 -3.670223 0.822995 0.219256 0.000000 0.000000 0.000000 1.000000 0.000000 0.000000
14.000000 136.332486 -3.656475 0.817963 0.226109 0.000000 0.000000 0.000000 1.000000 0.000000 0.000000
14.000000 136.333553 -3.679110 0.818384 0.232536 0.000000 0.000000 0.000000 1.000000 0.000000 0.000000
14.000000 136.342455 -3.705148 0.824657 0.235469 0.000000 0.000000 0.000000 1.000000 0.000000 0.000000
14.000000 136.343428 -3.735817 0.827122 0.235400 0.000000 0.000000 0.000000 1.000000 0.000000 0.000000
14.000000 136.352566 -3.876213 0.866629 0.221589 0.000000 0.000000 0.000000 1.000000 0.000000 0.000000
14.000000 136.353469 -3.880135 0.864887 0.232624 0.000000 0.000000 0.000000 1.000000 0.000000 0.000000
14.000000 136.362388 -3.734685 0.821247 0.261926 0.000000 0.000000 0.000000 1.000000 0.000000 0.000000
14.000000 136.363622 -3.766534 0.823329 0.264337 0.000000 0.000000 0.000000 1.000000 0.000000 0.000000
14.000000 136.372483 -3.818417 0.837768 0.260168 0.000000 0.000000 0.000000 1.000000 0.000000 0.000000
14.000000 136.373461 -3.842814 0.839255 0.263273 0.000000 0.000000 0.000000 1.000000 0.000000 0.000000
14.000000 136.382439 -3.922709 0.861341 0.257977 0.000000 0.000000 0.000000 1.000000 0.000000 0.000000
14.000000 136.383709 -3.965981 0.865574 0.254808 0.000000 0.000000 0.000000 1.000000 0.000000 0.000000
14.000000 136.392540 -3.882501 0.840480 0.271987 0.000000 0.000000 0.000000 1.000000 0.000000 0.000000
14.000000 136.393554 -3.914085 0.842774 0.273445 0.000000 0.000000 0.000000 1.000000 0.000000 0.000000
14.000000 136.402413 -3.878334 0.834404 0.264831 0.000000 0.000000 0.000000 1.000000 0.000000 0.000000
14.000000 136.403594 -3.955782 0.842189 0.259713 0.000000 0.000000 0.000000 1.000000 0.000000 0.000000
14.000000 136.412508 -3.991015 0.849148 0.277471 0.000000 0.000000 0.000000 1.000000 0.000000 0.000000
14.000000 136.413496 -4.010472 0.851152 0.275387 0.000000 0.000000 0.000000 1.000000 0.000000 0.000000
14.000000 136.422506 -4.143106 0.887927 0.264228 0.000000 0.000000 0.000000 1.000000 0.000000 0.000000
14.000000 136.423558 -4.201798 0.893987 0.257952 0.000000 0.000000 0.000000 1.000000 0.000000 0.000000
14.000000 136.432593 -4.203837 0.894342 0.258792 0.000000 0.000000 0.000000 1.000000 0.000000 0.000000
14.000000 136.433725 -4.196465 0.892954 0.262454 0.000000 0.000000 0.000000 1.000000 0.000000 0.000000
14.000000 136.442487 -4.145854 0.877536 0.273468 0.000000 0.000000 0.000000 1.000000 0.000000 0.000000
14.000000 136.443668 -4.160158 0.878596 0.273708 0.000000 0.000000 0.000000 1.000000 0.000000 0.000000
14.000000 136.452440 -4.013353 0.836899 0.291235 0.000000 0.000000 0.000000 1.000000 0.000000 0.000000
14.000000 136.453681 -4.028863 0.837559 0.293837 0.000000 0.000000 0.000000 1.000000 0.000000 0.000000
14.000000 136.462377 -4.015394 0.832753 0.300263 0.000000 0.000000 0.000000 1.000000 0.000000 0.000000
14.000000 136.463624 -4.070250 0.838766 0.292575 0.000000 0.000000 0.000000 1.000000 0.000000 0.000000
14.000000 136.472417 -4.102831 0.848118 0.288180 0.000000 0.000000 0.000000 1.000000 0.000000 0.000000
14.000000 136.473708 -4.145476 0.850500 0.292351 0.000000 0.000000 0.000000 1.000000 0.000000 0.000000
14.000000 136.482489 -4.354413 0.910097 0.266186 0.000000 0.000000 0.000000 1.000000 0.000000 0.000000
14.000000 136.483720 -4.177748 0.855598 0.272014 0.000000 0.000000 0.000000 1.000000 0.000000 0.000000
14.000000 136.492582 -4.364316 0.905126 0.264285 0.000000 0.000000 0.000000 1.000000 0.000000 0.000000
14.000000 136.493716 -4.179191 0.854251 0.271463 0.000000 0.000000 0.000000 1.000000 0.000000 0.000000
14.000000 136.502486 -4.223659 0.865507 0.272742 0.000000 0.000000 0.000000 1.000000 0.000000 0.000000
14.000000 136.503704 -4.260577 0.869574 0.267529 0.000000 0.000000 0.000000 1.000000 0.000000 0.000000
14.000000 136.512550 -4.322088 0.887244 0.258967 0.000000 0.000000 0.000000 1.000000 0.000000 0.000000
14.000000 136.513686 -4.350267 0.889934 0.256865 0.000000 0.000000 0.000000 1.000000 0.000000 0.000000
14.000000 136.522573 -4.118262 0.822499 0.292547 0.000000 0.000000 0.000000 1.000000 0.000000 0.000000
14.000000 136.523618 -4.166272 0.828793 0.282027 0.000000 0.000000 0.000000 1.000000 0.000000 0.000000
14.000000 136.532611 -4.161441 0.829018 0.276306 0.000000 0.000000 0.000000 1.000000 0.000000 0.000000
14.000000 136.533619 -4.297847 0.844872 0.253600 0.000000 0.000000 0.000000 1.000000 0.000000 0.000000
14.000000 136.542619 -4.292733 0.846009 0.243140 0.000000 0.000000 0.000000 1.000000 0.000000 0.000000
14.000000 136.543601 -4.416905 0.856722 0.240217 0.000000 0.000000 0.000000 1.000000 0.000000 0.000000
14.000000 136.552499 -4.407524 0.853523 0.244924 0.000000 0.000000 0.000000 1.000000 0.000000 0.000000
14.000000 136.553639 -4.275388 0.842961 0.245764 0.000000 0.000000 0.000000 1.000000 0.000000 0.000000
14.000000 136.562387 -4.243398 0.834750 0.246063 0.000000 0.000000 0.000000 1.000000 0.000000 0.000000
14.000000 136.563710 -4.423026 0.856015 0.214269 0.000000 0.000000 0.000000 1.000000 0.000000 0.000000
14.000000 136.572788 -4.331826 0.832121 0.217970 0.000000 0.000000 0.000000 1.000000 0.000000 0.000000
14.000000 136.573631 -4.338351 0.832648 0.217805 0.000000 0.000000 0.000000 1.000000 0.000000 0.000000
14.000000 136.582576 -4.527562 0.886605 0.191506 0.000000 0.000000 0.000000 1.000000 0.000000 0.000000
14.000000 136.583699 -4.555258 0.890481 0.183883 0.000000 0.000000 0.000000 1.000000 0.000000 0.000000
14.000000 136.592569 -4.306572 0.820837 0.212667 0.000000 0.000000 0.000000 1.000000 0.000000 0.000000
14.000000 136.593656 -4.367477 0.829380 0.196421 0.000000 0.000000 0.000000 1.000000 0.000000 0.000000
14.000000 136.602605 -4.315630 0.817253 0.192235 0.000000 0.000000 0.000000 1.000000 0.000000 0.000000
14.000000 136.603622 -4.378992 0.824522 0.181401 0.000000 0.000000 0.000000 1.000000 0.000000 0.000000
14.000000 136.612689 -4.364262 0.821616 0.177245 0.000000 0.000000 0.000000 1.000000 0.000000 0.000000
14.000000 136.613702 -4.433873 0.832740 0.152486 0.000000 0.000000 0.000000 1.000000 0.000000 0.000000
14.000000 136.622701 -4.476072 0.847214 0.136168 0.000000 0.000000 0.000000 1.000000 0.000000 0.000000
14.000000 136.623610 -4.538299 0.854322 0.125695 0.000000 0.000000 0.000000 1.000000 0.000000 0.000000
14.000000 136.632851 -4.373449 0.807279 0.149560 0.000000 0.000000 0.000000 1.000000 0.000000 0.000000
14.000000 136.633530 -4.424066 0.816057 0.130604 0.000000 0.000000 0.000000 1.000000 0.000000 0.000000
14.000000 136.642540 -4.332428 0.792957 0.132412 0.000000 0.000000 0.000000 1.000000 0.000000 0.000000
14.000000 136.643696 -4.465665 0.806071 0.117968 0.000000 0.000000 0.000000 1.000000 0.000000 0.000000
14.000000 136.652585 -4.550344 0.830115 0.105905 0.000000 0.000000 0.000000 1.000000 0.000000 0.000000
14.000000 136.663711 -4.586407 0.833838 0.059450 0.000000 0.000000 0.000000 1.000000 0.000000 0.000000
14.000000 136.672589 -4.516923 0.816914 0.058973 0.000000 0.000000 0.000000 1.000000 0.000000 0.000000
14.000000 136.673572 -4.541851 0.819765 0.054740 0.000000 0.000000 0.000000 1.000000 0.000000 0.000000
14.000000 136.682528 -4.714685 0.868175 0.032701 0.000000 0.000000 0.000000 1.000000 0.000000 0.000000
14.000000 136.683620 -4.708705 0.865176 0.043218 0.000000 0.000000 0.000000 1.000000 0.000000 0.000000
14.000000 136.692556 -4.653335 0.847283 0.060541 0.000000 0.000000 0.000000 1.000000 0.000000 0.000000
14.000000 136.693784 -4.689518 0.849564 0.061642 0.000000 0.000000 0.000000 1.000000 0.000000 0.000000
14.000000 136.702554 -4.576620 0.812500 0.095621 0.000000 0.000000 0.000000 1.000000 0.000000 0.000000
14.000000 136.703647 -4.562518 0.804903 0.118343 0.000000 0.000000 0.000000 1.000000 0.000000 0.000000
14.000000 136.723635 -4.738961 0.840637 0.140614 0.000000 0.000000 0.000000 1.000000 0.000000 0.000000
14.000000 136.732738 -4.691978 0.825929 0.151834 0.000000 0.000000 0.000000 1.000000 0.000000 0.000000
