10.000000 92.629575 23.461426 -0.170007 0.192637 0.000000 0.000000 0.000000 1.000000 0.000000 0.000000
10.000000 92.629831 23.316856 -0.212670 0.239254 0.000000 0.000000 0.000000 1.000000 0.000000 0.000000
10.000000 92.637681 23.631259 -0.214372 0.213318 0.000000 0.000000 0.000000 1.000000 0.000000 0.000000
10.000000 92.639640 23.357734 -0.145995 0.267272 0.000000 0.000000 0.000000 1.000000 0.000000 0.000000
10.000000 92.639889 23.221243 -0.186560 0.308864 0.000000 0.000000 0.000000 1.000000 0.000000 0.000000
10.000000 92.647620 23.357349 -0.188320 0.348637 0.000000 0.000000 0.000000 1.000000 0.000000 0.000000
10.000000 92.649666 23.198161 -0.149402 0.392924 0.000000 0.000000 0.000000 1.000000 0.000000 0.000000
10.000000 92.649869 23.111489 -0.174566 0.396537 0.000000 0.000000 0.000000 1.000000 0.000000 0.000000
10.000000 92.657781 23.439786 -0.176601 0.395475 0.000000 0.000000 0.000000 1.000000 0.000000 0.000000
10.000000 92.659634 23.161615 -0.107487 0.459871 0.000000 0.000000 0.000000 1.000000 0.000000 0.000000
10.000000 92.659916 22.956370 -0.168826 0.480965 0.000000 0.000000 0.000000 1.000000 0.000000 0.000000
10.000000 92.667870 23.362864 -0.172046 0.457316 0.000000 0.000000 0.000000 1.000000 0.000000 0.000000
10.000000 92.669523 22.997859 -0.081070 0.547804 0.000000 0.000000 0.000000 1.000000 0.000000 0.000000
10.000000 92.669915 22.793657 -0.142732 0.568351 0.000000 0.000000 0.000000 1.000000 0.000000 0.000000
10.000000 92.677646 23.240297 -0.145918 0.537477 0.000000 0.000000 0.000000 1.000000 0.000000 0.000000
10.000000 92.679834 22.856744 -0.050459 0.623818 0.000000 0.000000 0.000000 1.000000 0.000000 0.000000
10.000000 92.679984 22.680391 -0.103947 0.652103 0.000000 0.000000 0.000000 1.000000 0.000000 0.000000
10.000000 92.687795 23.028481 -0.105460 0.645730 0.000000 0.000000 0.000000 1.000000 0.000000 0.000000
10.000000 92.689765 22.758123 -0.038244 0.699781 0.000000 0.000000 0.000000 1.000000 0.000000 0.000000
10.000000 92.689875 22.636750 -0.075051 0.719550 0.000000 0.000000 0.000000 1.000000 0.000000 0.000000
10.000000 92.697698 22.862995 -0.075925 0.737599 0.000000 0.000000 0.000000 1.000000 0.000000 0.000000
10.000000 92.699917 22.612302 -0.013548 0.790948 0.000000 0.000000 0.000000 1.000000 0.000000 0.000000
10.000000 92.699998 22.493852 -0.049770 0.808715 0.000000 0.000000 0.000000 1.000000 0.000000 0.000000
10.000000 92.707776 22.763450 -0.050345 0.812282 0.000000 0.000000 0.000000 1.000000 0.000000 0.000000
10.000000 92.709738 22.489596 0.017881 0.859756 0.000000 0.000000 0.000000 1.000000 0.000000 0.000000
10.000000 92.709902 22.317136 -0.035408 0.883637 0.000000 0.000000 0.000000 1.000000 0.000000 0.000000
10.000000 92.714755 22.078113 -0.022493 0.938499 0.000000 0.000000 0.000000 1.000000 0.000000 0.000000
10.000000 92.717660 22.111317 0.047592 0.969183 0.000000 0.000000 0.000000 1.000000 0.000000 0.000000
10.000000 92.719817 22.382530 0.045092 0.930137 0.000000 0.000000 0.000000 1.000000 0.000000 0.000000
10.000000 92.719888 22.187605 -0.015609 0.961031 0.000000 0.000000 0.000000 1.000000 0.000000 0.000000
10.000000 92.724658 22.030440 -0.008711 1.004150 0.000000 0.000000 0.000000 1.000000 0.000000 0.000000
10.000000 92.727828 22.048430 0.054185 1.023182 0.000000 0.000000 0.000000 1.000000 0.000000 0.000000
10.000000 92.729570 22.240534 0.065338 1.007017 0.000000 0.000000 0.000000 1.000000 0.000000 0.000000
10.000000 92.729853 22.121872 0.028011 1.033495 0.000000 0.000000 0.000000 1.000000 0.000000 0.000000
10.000000 92.734717 21.916237 0.025204 1.070425 0.000000 0.000000 0.000000 1.000000 0.000000 0.000000
10.000000 92.737711 21.979101 0.063200 1.103908 0.000000 0.000000 0.000000 1.000000 0.000000 0.000000
10.000000 92.739741 22.149370 0.080959 1.073449 0.000000 0.000000 0.000000 1.000000 0.000000 0.000000
10.000000 92.739889 22.042595 0.047557 1.090229 0.000000 0.000000 0.000000 1.000000 0.000000 0.000000
10.000000 92.744679 21.817534 0.044726 1.139274 0.000000 0.000000 0.000000 1.000000 0.000000 0.000000
10.000000 92.747770 21.849154 0.091761 1.157902 0.000000 0.000000 0.000000 1.000000 0.000000 0.000000
10.000000 92.749588 22.008458 0.110093 1.149024 0.000000 0.000000 0.000000 1.000000 0.000000 0.000000
10.000000 92.749846 21.884776 0.070642 1.179428 0.000000 0.000000 0.000000 1.000000 0.000000 0.000000
10.000000 92.754850 21.719598 0.064800 1.209688 0.000000 0.000000 0.000000 1.000000 0.000000 0.000000
10.000000 92.757727 21.778431 0.103287 1.237980 0.000000 0.000000 0.000000 1.000000 0.000000 0.000000
10.000000 92.759691 21.899122 0.135428 1.230979 0.000000 0.000000 0.000000 1.000000 0.000000 0.000000
10.000000 92.759965 21.805704 0.105460 1.244883 0.000000 0.000000 0.000000 1.000000 0.000000 0.000000
10.000000 92.764669 21.607617 0.096139 1.269307 0.000000 0.000000 0.000000 1.000000 0.000000 0.000000
10.000000 92.767688 21.692612 0.118344 1.305129 0.000000 0.000000 0.000000 1.000000 0.000000 0.000000
10.000000 92.769618 21.776291 0.156313 1.300336 0.000000 0.000000 0.000000 1.000000 0.000000 0.000000
10.000000 92.769823 21.685882 0.127193 1.317411 0.000000 0.000000 0.000000 1.000000 0.000000 0.000000
10.000000 92.774788 21.507500 0.115046 1.342529 0.000000 0.000000 0.000000 1.000000 0.000000 0.000000
10.000000 92.777871 21.586280 0.145596 1.373494 0.000000 0.000000 0.000000 1.000000 0.000000 0.000000
10.000000 92.779717 21.688980 0.187122 1.364618 0.000000 0.000000 0.000000 1.000000 0.000000 0.000000
10.000000 92.780002 21.581261 0.152207 1.380168 0.000000 0.000000 0.000000 1.000000 0.000000 0.000000
10.000000 92.784724 21.404944 0.138946 1.403873 0.000000 0.000000 0.000000 1.000000 0.000000 0.000000
10.000000 92.787817 21.484464 0.167259 1.433239 0.000000 0.000000 0.000000 1.000000 0.000000 0.000000
10.000000 92.789711 21.587123 0.207715 1.422900 0.000000 0.000000 0.000000 1.000000 0.000000 0.000000
10.000000 92.789880 21.485718 0.174709 1.439251 0.000000 0.000000 0.000000 1.000000 0.000000 0.000000
10.000000 92.794798 21.300645 0.160369 1.465943 0.000000 0.000000 0.000000 1.000000 0.000000 0.000000
10.000000 92.797768 21.376110 0.179394 1.490809 0.000000 0.000000 0.000000 1.000000 0.000000 0.000000
10.000000 92.799863 21.415008 0.226650 1.494896 0.000000 0.000000 0.000000 1.000000 0.000000 0.000000
10.000000 92.799978 21.355857 0.207177 1.506151 0.000000 0.000000 0.000000 1.000000 0.000000 0.000000
10.000000 92.801934 21.173967 0.216120 1.517723 0.000000 0.000000 0.000000 1.000000 0.000000 0.000000
10.000000 92.804845 21.131311 0.194291 1.489430 0.000000 0.000000 0.000000 1.000000 0.000000 0.000000
10.000000 92.807764 21.279620 0.205444 1.554143 0.000000 0.000000 0.000000 1.000000 0.000000 0.000000
10.000000 92.809822 21.325617 0.255312 1.556701 0.000000 0.000000 0.000000 1.000000 0.000000 0.000000
10.000000 92.809978 21.240706 0.227151 1.569533 0.000000 0.000000 0.000000 1.000000 0.000000 0.000000
10.000000 92.811521 21.075927 0.234347 1.581756 0.000000 0.000000 0.000000 1.000000 0.000000 0.000000
10.000000 92.814781 21.032920 0.210323 1.554628 0.000000 0.000000 0.000000 1.000000 0.000000 0.000000
10.000000 92.817698 21.194975 0.219752 1.620858 0.000000 0.000000 0.000000 1.000000 0.000000 0.000000
10.000000 92.819806 21.212820 0.279200 1.622184 0.000000 0.000000 0.000000 1.000000 0.000000 0.000000
10.000000 92.820037 21.145462 0.256808 1.628973 0.000000 0.000000 0.000000 1.000000 0.000000 0.000000
10.000000 92.821606 20.971986 0.262862 1.644644 0.000000 0.000000 0.000000 1.000000 0.000000 0.000000
10.000000 92.824651 20.923449 0.233210 1.613140 0.000000 0.000000 0.000000 1.000000 0.000000 0.000000
10.000000 92.827876 21.103108 0.238486 1.679357 0.000000 0.000000 0.000000 1.000000 0.000000 0.000000
10.000000 92.829844 21.103933 0.303551 1.683389 0.000000 0.000000 0.000000 1.000000 0.000000 0.000000
10.000000 92.830040 21.026021 0.277430 1.691259 0.000000 0.000000 0.000000 1.000000 0.000000 0.000000
10.000000 92.831517 20.858466 0.284410 1.703726 0.000000 0.000000 0.000000 1.000000 0.000000 0.000000
10.000000 92.834815 20.813884 0.259303 1.671098 0.000000 0.000000 0.000000 1.000000 0.000000 0.000000
10.000000 92.837731 21.006455 0.257530 1.738099 0.000000 0.000000 0.000000 1.000000 0.000000 0.000000
10.000000 92.839919 21.028152 0.314584 1.737565 0.000000 0.000000 0.000000 1.000000 0.000000 0.000000
10.000000 92.840050 20.999190 0.304983 1.738539 0.000000 0.000000 0.000000 1.000000 0.000000 0.000000
10.000000 92.841611 20.743956 0.309520 1.762911 0.000000 0.000000 0.000000 1.000000 0.000000 0.000000
10.000000 92.844738 20.697883 0.281490 1.726876 0.000000 0.000000 0.000000 1.000000 0.000000 0.000000
10.000000 92.847811 20.921557 0.257975 1.794676 0.000000 0.000000 0.000000 1.000000 0.000000 0.000000
10.000000 92.849652 20.824395 0.334285 1.809475 0.000000 0.000000 0.000000 1.000000 0.000000 0.000000
10.000000 92.849936 20.727517 0.301214 1.817038 0.000000 0.000000 0.000000 1.000000 0.000000 0.000000
10.000000 92.851509 20.608545 0.309919 1.816434 0.000000 0.000000 0.000000 1.000000 0.000000 0.000000
10.000000 92.854858 20.590121 0.305574 1.783383 0.000000 0.000000 0.000000 1.000000 0.000000 0.000000
10.000000 92.857703 20.823961 0.292156 1.852227 0.000000 0.000000 0.000000 1.000000 0.000000 0.000000
10.000000 92.859831 20.756356 0.373327 1.864382 0.000000 0.000000 0.000000 1.000000 0.000000 0.000000
10.000000 92.860070 20.674190 0.345120 1.868384 0.000000 0.000000 0.000000 1.000000 0.000000 0.000000
10.000000 92.861642 20.534481 0.350711 1.874261 0.000000 0.000000 0.000000 1.000000 0.000000 0.000000
10.000000 92.864793 20.492468 0.326655 1.839490 0.000000 0.000000 0.000000 1.000000 0.000000 0.000000
10.000000 92.867766 20.722927 0.309704 1.905550 0.000000 0.000000 0.000000 1.000000 0.000000 0.000000
10.000000 92.869934 20.637182 0.390885 1.922522 0.000000 0.000000 0.000000 1.000000 0.000000 0.000000
10.000000 92.869981 20.561241 0.364552 1.924690 0.000000 0.000000 0.000000 1.000000 0.000000 0.000000
10.000000 92.871558 20.396757 0.369016 1.929042 0.000000 0.000000 0.000000 1.000000 0.000000 0.000000
10.000000 92.874797 20.366799 0.352570 1.893360 0.000000 0.000000 0.000000 1.000000 0.000000 0.000000
10.000000 92.877898 20.623755 0.327028 1.958834 0.000000 0.000000 0.000000 1.000000 0.000000 0.000000
10.000000 92.879801 20.524094 0.411424 1.973448 0.000000 0.000000 0.000000 1.000000 0.000000 0.000000
10.000000 92.880052 20.465586 0.391110 1.975132 0.000000 0.000000 0.000000 1.000000 0.000000 0.000000
10.000000 92.881640 20.287665 0.396609 1.983293 0.000000 0.000000 0.000000 1.000000 0.000000 0.000000
10.000000 92.884845 20.249998 0.376331 1.941659 0.000000 0.000000 0.000000 1.000000 0.000000 0.000000
10.000000 92.887831 20.535716 0.345023 2.011532 0.000000 0.000000 0.000000 1.000000 0.000000 0.000000
10.000000 92.889722 20.408751 0.439607 2.010009 0.000000 0.000000 0.000000 1.000000 0.000000 0.000000
10.000000 92.889961 20.327635 0.411572 2.011096 0.000000 0.000000 0.000000 1.000000 0.000000 0.000000
10.000000 92.891551 20.187317 0.416241 2.034147 0.000000 0.000000 0.000000 1.000000 0.000000 0.000000
10.000000 92.894845 20.149128 0.394003 1.993582 0.000000 0.000000 0.000000 1.000000 0.000000 0.000000
10.000000 92.897944 20.415196 0.362455 2.053027 0.000000 0.000000 0.000000 1.000000 0.000000 0.000000
10.000000 92.899849 20.282010 0.451741 2.078885 0.000000 0.000000 0.000000 1.000000 0.000000 0.000000
10.000000 92.900073 20.265809 0.446027 2.082206 0.000000 0.000000 0.000000 1.000000 0.000000 0.000000
10.000000 92.901716 20.093997 0.447994 2.091973 0.000000 0.000000 0.000000 1.000000 0.000000 0.000000
10.000000 92.904746 20.046110 0.416983 2.046746 0.000000 0.000000 0.000000 1.000000 0.000000 0.000000
10.000000 92.907779 20.359094 0.376763 2.111796 0.000000 0.000000 0.000000 1.000000 0.000000 0.000000
10.000000 92.909763 20.186442 0.482333 2.137826 0.000000 0.000000 0.000000 1.000000 0.000000 0.000000
10.000000 92.909957 20.143475 0.467031 2.136783 0.000000 0.000000 0.000000 1.000000 0.000000 0.000000
10.000000 92.911577 19.981140 0.468332 2.144434 0.000000 0.000000 0.000000 1.000000 0.000000 0.000000
10.000000 92.914864 19.936546 0.439174 2.099865 0.000000 0.000000 0.000000 1.000000 0.000000 0.000000
10.000000 92.917864 20.239513 0.400432 2.157776 0.000000 0.000000 0.000000 1.000000 0.000000 0.000000
10.000000 92.919800 20.081741 0.499842 2.179636 0.000000 0.000000 0.000000 1.000000 0.000000 0.000000
10.000000 92.920067 20.031444 0.481911 2.182559 0.000000 0.000000 0.000000 1.000000 0.000000 0.000000
10.000000 92.921729 19.860792 0.486206 2.190060 0.000000 0.000000 0.000000 1.000000 0.000000 0.000000
10.000000 92.924786 19.824314 0.466623 2.142782 0.000000 0.000000 0.000000 1.000000 0.000000 0.000000
10.000000 92.927967 20.158662 0.415981 2.206604 0.000000 0.000000 0.000000 1.000000 0.000000 0.000000
10.000000 92.929779 19.960911 0.524236 2.232826 0.000000 0.000000 0.000000 1.000000 0.000000 0.000000
10.000000 92.929953 19.908394 0.505309 2.233331 0.000000 0.000000 0.000000 1.000000 0.000000 0.000000
10.000000 92.934935 19.832742 0.478061 2.214789 0.000000 0.000000 0.000000 1.000000 0.000000 0.000000
10.000000 92.937907 20.089741 0.426668 2.255629 0.000000 0.000000 0.000000 1.000000 0.000000 0.000000
10.000000 92.939818 19.902847 0.533449 2.275945 0.000000 0.000000 0.000000 1.000000 0.000000 0.000000
10.000000 92.940096 19.891641 0.529515 2.270324 0.000000 0.000000 0.000000 1.000000 0.000000 0.000000
10.000000 92.941582 19.627076 0.531797 2.284931 0.000000 0.000000 0.000000 1.000000 0.000000 0.000000
10.000000 92.944971 19.593579 0.514380 2.230838 0.000000 0.000000 0.000000 1.000000 0.000000 0.000000
10.000000 92.947929 20.039709 0.424911 2.307407 0.000000 0.000000 0.000000 1.000000 0.000000 0.000000
10.000000 92.949858 19.715850 0.563119 2.340237 0.000000 0.000000 0.000000 1.000000 0.000000 0.000000
10.000000 92.949956 19.676514 0.548728 2.331818 0.000000 0.000000 0.000000 1.000000 0.000000 0.000000
10.000000 92.951583 19.540848 0.551880 2.331193 0.000000 0.000000 0.000000 1.000000 0.000000 0.000000
10.000000 92.954822 19.511049 0.534803 2.276835 0.000000 0.000000 0.000000 1.000000 0.000000 0.000000
10.000000 92.957364 19.746876 0.450306 2.367136 0.000000 0.000000 0.000000 1.000000 0.000000 0.000000
10.000000 92.957906 19.551434 0.613306 2.397757 0.000000 0.000000 0.000000 1.000000 0.000000 0.000000
10.000000 92.959880 19.632114 0.591861 2.382983 0.000000 0.000000 0.000000 1.000000 0.000000 0.000000
10.000000 92.960019 19.589519 0.576085 2.376280 0.000000 0.000000 0.000000 1.000000 0.000000 0.000000
10.000000 92.961697 19.435343 0.577998 2.374796 0.000000 0.000000 0.000000 1.000000 0.000000 0.000000
10.000000 92.964816 19.396150 0.555149 2.321837 0.000000 0.000000 0.000000 1.000000 0.000000 0.000000
10.000000 92.967135 19.682059 0.454061 2.425085 0.000000 0.000000 0.000000 1.000000 0.000000 0.000000
10.000000 92.967923 19.457959 0.637229 2.444296 0.000000 0.000000 0.000000 1.000000 0.000000 0.000000
10.000000 92.969763 19.525758 0.614854 2.421062 0.000000 0.000000 0.000000 1.000000 0.000000 0.000000
10.000000 92.969974 19.482204 0.598678 2.417246 0.000000 0.000000 0.000000 1.000000 0.000000 0.000000
10.000000 92.971580 19.325955 0.598626 2.422357 0.000000 0.000000 0.000000 1.000000 0.000000 0.000000
10.000000 92.974910 19.294959 0.579234 2.373958 0.000000 0.000000 0.000000 1.000000 0.000000 0.000000
10.000000 92.977380 19.568541 0.482777 2.470713 0.000000 0.000000 0.000000 1.000000 0.000000 0.000000
10.000000 92.977721 19.352651 0.655958 2.489315 0.000000 0.000000 0.000000 1.000000 0.000000 0.000000
10.000000 92.979797 19.410137 0.635041 2.467126 0.000000 0.000000 0.000000 1.000000 0.000000 0.000000
10.000000 92.980014 19.386077 0.625991 2.462124 0.000000 0.000000 0.000000 1.000000 0.000000 0.000000
10.000000 92.981733 19.227445 0.630487 2.456094 0.000000 0.000000 0.000000 1.000000 0.000000 0.000000
10.000000 92.984954 19.171189 0.601919 2.397170 0.000000 0.000000 0.000000 1.000000 0.000000 0.000000
10.000000 92.987271 19.445874 0.504102 2.505115 0.000000 0.000000 0.000000 1.000000 0.000000 0.000000
10.000000 92.987775 19.220097 0.683934 2.534306 0.000000 0.000000 0.000000 1.000000 0.000000 0.000000
10.000000 92.989776 19.285272 0.662420 2.505305 0.000000 0.000000 0.000000 1.000000 0.000000 0.000000
10.000000 92.989909 19.234899 0.643564 2.501160 0.000000 0.000000 0.000000 1.000000 0.000000 0.000000
10.000000 92.991583 19.106914 0.646171 2.504675 0.000000 0.000000 0.000000 1.000000 0.000000 0.000000
10.000000 92.995011 19.068965 0.625284 2.447236 0.000000 0.000000 0.000000 1.000000 0.000000 0.000000
10.000000 92.997181 19.364733 0.520994 2.551987 0.000000 0.000000 0.000000 1.000000 0.000000 0.000000
10.000000 92.997976 19.141913 0.684022 2.562573 0.000000 0.000000 0.000000 1.000000 0.000000 0.000000
10.000000 92.999854 19.143792 0.668711 2.542801 0.000000 0.000000 0.000000 1.000000 0.000000 0.000000
10.000000 93.000063 19.152493 0.671796 2.547611 0.000000 0.000000 0.000000 1.000000 0.000000 0.000000
10.000000 93.001705 19.014361 0.669909 2.546627 0.000000 0.000000 0.000000 1.000000 0.000000 0.000000
10.000000 93.004912 18.977029 0.645122 2.493035 0.000000 0.000000 0.000000 1.000000 0.000000 0.000000
10.000000 93.007222 19.227041 0.556497 2.582977 0.000000 0.000000 0.000000 1.000000 0.000000 0.000000
10.000000 93.007824 19.014314 0.719809 2.614858 0.000000 0.000000 0.000000 1.000000 0.000000 0.000000
10.000000 93.010059 19.107622 0.689685 2.582405 0.000000 0.000000 0.000000 1.000000 0.000000 0.000000
10.000000 93.010088 19.037738 0.688095 2.584663 0.000000 0.000000 0.000000 1.000000 0.000000 0.000000
10.000000 93.011606 18.884929 0.656199 2.587948 0.000000 0.000000 0.000000 1.000000 0.000000 0.000000
10.000000 93.015072 18.863435 0.668779 2.530194 0.000000 0.000000 0.000000 1.000000 0.000000 0.000000
10.000000 93.017139 19.118190 0.578850 2.622457 0.000000 0.000000 0.000000 1.000000 0.000000 0.000000
10.000000 93.017768 18.900561 0.747170 2.657060 0.000000 0.000000 0.000000 1.000000 0.000000 0.000000
10.000000 93.020036 18.972143 0.723740 2.636660 0.000000 0.000000 0.000000 1.000000 0.000000 0.000000
10.000000 93.020111 18.933874 0.708834 2.626345 0.000000 0.000000 0.000000 1.000000 0.000000 0.000000
10.000000 93.021942 18.771615 0.707796 2.621465 0.000000 0.000000 0.000000 1.000000 0.000000 0.000000
10.000000 93.024794 18.749917 0.694899 2.567038 0.000000 0.000000 0.000000 1.000000 0.000000 0.000000
10.000000 93.027165 19.009339 0.603163 2.660081 0.000000 0.000000 0.000000 1.000000 0.000000 0.000000
10.000000 93.027775 18.797670 0.761776 2.698031 0.000000 0.000000 0.000000 1.000000 0.000000 0.000000
10.000000 93.029939 18.849625 0.741891 2.675187 0.000000 0.000000 0.000000 1.000000 0.000000 0.000000
10.000000 93.030002 18.829550 0.733951 2.664313 0.000000 0.000000 0.000000 1.000000 0.000000 0.000000
10.000000 93.031595 18.680453 0.733623 2.658708 0.000000 0.000000 0.000000 1.000000 0.000000 0.000000
10.000000 93.034854 18.644108 0.713000 2.599017 0.000000 0.000000 0.000000 1.000000 0.000000 0.000000
10.000000 93.037167 18.912087 0.618414 2.694251 0.000000 0.000000 0.000000 1.000000 0.000000 0.000000
10.000000 93.037753 18.685112 0.788498 2.734504 0.000000 0.000000 0.000000 1.000000 0.000000 0.000000
10.000000 93.039903 18.748530 0.765763 2.701699 0.000000 0.000000 0.000000 1.000000 0.000000 0.000000
10.000000 93.040013 18.706337 0.749380 2.692954 0.000000 0.000000 0.000000 1.000000 0.000000 0.000000
10.000000 93.041689 18.562890 0.750726 2.692945 0.000000 0.000000 0.000000 1.000000 0.000000 0.000000
10.000000 93.044742 18.532734 0.735890 2.633973 0.000000 0.000000 0.000000 1.000000 0.000000 0.000000
10.000000 93.047096 18.795716 0.643726 2.726006 0.000000 0.000000 0.000000 1.000000 0.000000 0.000000
10.000000 93.047764 18.583170 0.799376 2.762713 0.000000 0.000000 0.000000 1.000000 0.000000 0.000000
10.000000 93.049789 18.617192 0.782867 2.744020 0.000000 0.000000 0.000000 1.000000 0.000000 0.000000
10.000000 93.049958 18.543134 0.753572 2.740800 0.000000 0.000000 0.000000 1.000000 0.000000 0.000000
10.000000 93.051656 18.436794 0.753023 2.731004 0.000000 0.000000 0.000000 1.000000 0.000000 0.000000
10.000000 93.054887 18.443659 0.755639 2.680812 0.000000 0.000000 0.000000 1.000000 0.000000 0.000000
10.000000 93.057149 18.650236 0.681539 2.762385 0.000000 0.000000 0.000000 1.000000 0.000000 0.000000
10.000000 93.057765 18.447737 0.829327 2.810421 0.000000 0.000000 0.000000 1.000000 0.000000 0.000000
10.000000 93.059944 18.524846 0.804060 2.783015 0.000000 0.000000 0.000000 1.000000 0.000000 0.000000
10.000000 93.060071 18.490834 0.790490 2.768731 0.000000 0.000000 0.000000 1.000000 0.000000 0.000000
10.000000 93.061868 18.348827 0.787022 2.768481 0.000000 0.000000 0.000000 1.000000 0.000000 0.000000
10.000000 93.064823 18.338389 0.777847 2.712972 0.000000 0.000000 0.000000 1.000000 0.000000 0.000000
10.000000 93.067086 18.560652 0.699222 2.790288 0.000000 0.000000 0.000000 1.000000 0.000000 0.000000
10.000000 93.067843 18.348065 0.854058 2.835964 0.000000 0.000000 0.000000 1.000000 0.000000 0.000000
10.000000 93.069782 18.426141 0.827884 2.815014 0.000000 0.000000 0.000000 1.000000 0.000000 0.000000
10.000000 93.069960 18.396698 0.816049 2.810501 0.000000 0.000000 0.000000 1.000000 0.000000 0.000000
10.000000 93.071761 18.250269 0.816799 2.802886 0.000000 0.000000 0.000000 1.000000 0.000000 0.000000
10.000000 93.074886 18.222923 0.804096 2.739692 0.000000 0.000000 0.000000 1.000000 0.000000 0.000000
10.000000 93.077142 18.443643 0.725682 2.822107 0.000000 0.000000 0.000000 1.000000 0.000000 0.000000
10.000000 93.077966 18.238071 0.873735 2.872953 0.000000 0.000000 0.000000 1.000000 0.000000 0.000000
10.000000 93.079878 18.311867 0.849280 2.852812 0.000000 0.000000 0.000000 1.000000 0.000000 0.000000
10.000000 93.080052 18.300403 0.844469 2.841591 0.000000 0.000000 0.000000 1.000000 0.000000 0.000000
10.000000 93.081948 18.140921 0.841117 2.837757 0.000000 0.000000 0.000000 1.000000 0.000000 0.000000
10.000000 93.084949 18.107906 0.821413 2.774519 0.000000 0.000000 0.000000 1.000000 0.000000 0.000000
10.000000 93.087145 18.340047 0.739939 2.852038 0.000000 0.000000 0.000000 1.000000 0.000000 0.000000
10.000000 93.087968 18.126286 0.895247 2.906256 0.000000 0.000000 0.000000 1.000000 0.000000 0.000000
10.000000 93.089770 18.228067 0.864731 2.879109 0.000000 0.000000 0.000000 1.000000 0.000000 0.000000
10.000000 93.089975 18.233310 0.866742 2.863778 0.000000 0.000000 0.000000 1.000000 0.000000 0.000000
10.000000 93.091645 18.045125 0.862523 2.866605 0.000000 0.000000 0.000000 1.000000 0.000000 0.000000
10.000000 93.094951 18.008518 0.841836 2.804812 0.000000 0.000000 0.000000 1.000000 0.000000 0.000000
10.000000 93.097231 18.233282 0.765282 2.867304 0.000000 0.000000 0.000000 1.000000 0.000000 0.000000
10.000000 93.097952 18.056719 0.894746 2.916324 0.000000 0.000000 0.000000 1.000000 0.000000 0.000000
10.000000 93.099794 18.070750 0.888769 2.912811 0.000000 0.000000 0.000000 1.000000 0.000000 0.000000
10.000000 93.100018 18.070064 0.888204 2.902672 0.000000 0.000000 0.000000 1.000000 0.000000 0.000000
10.000000 93.101742 17.946615 0.882925 2.899567 0.000000 0.000000 0.000000 1.000000 0.000000 0.000000
10.000000 93.104815 17.917613 0.862610 2.840545 0.000000 0.000000 0.000000 1.000000 0.000000 0.000000
10.000000 93.107092 18.099390 0.799996 2.891225 0.000000 0.000000 0.000000 1.000000 0.000000 0.000000
10.000000 93.107913 17.938023 0.915280 2.942063 0.000000 0.000000 0.000000 1.000000 0.000000 0.000000
10.000000 93.109811 17.962169 0.906202 2.936711 0.000000 0.000000 0.000000 1.000000 0.000000 0.000000
10.000000 93.109956 17.952202 0.901946 2.932200 0.000000 0.000000 0.000000 1.000000 0.000000 0.000000
10.000000 93.111641 17.828044 0.898995 2.928574 0.000000 0.000000 0.000000 1.000000 0.000000 0.000000
10.000000 93.114883 17.802889 0.883777 2.867157 0.000000 0.000000 0.000000 1.000000 0.000000 0.000000
10.000000 93.117225 17.968857 0.827168 2.911194 0.000000 0.000000 0.000000 1.000000 0.000000 0.000000
10.000000 93.117813 17.799210 0.956665 2.969619 0.000000 0.000000 0.000000 1.000000 0.000000 0.000000
10.000000 93.119786 17.886323 0.936647 2.971011 0.000000 0.000000 0.000000 1.000000 0.000000 0.000000
10.000000 93.120074 17.871190 0.930165 2.960328 0.000000 0.000000 0.000000 1.000000 0.000000 0.000000
10.000000 93.121696 17.726518 0.924655 2.957514 0.000000 0.000000 0.000000 1.000000 0.000000 0.000000
10.000000 93.124823 17.697614 0.905870 2.895596 0.000000 0.000000 0.000000 1.000000 0.000000 0.000000
10.000000 93.127171 17.792845 0.874318 2.906842 0.000000 0.000000 0.000000 1.000000 0.000000 0.000000
10.000000 93.127900 17.697578 0.958406 2.980141 0.000000 0.000000 0.000000 1.000000 0.000000 0.000000
10.000000 93.129770 17.766366 0.952964 3.004070 0.000000 0.000000 0.000000 1.000000 0.000000 0.000000
10.000000 93.130010 17.748248 0.945214 2.989956 0.000000 0.000000 0.000000 1.000000 0.000000 0.000000
10.000000 93.131662 17.603405 0.944550 2.976629 0.000000 0.000000 0.000000 1.000000 0.000000 0.000000
10.000000 93.135081 17.574530 0.932278 2.912469 0.000000 0.000000 0.000000 1.000000 0.000000 0.000000
10.000000 93.137836 18.320379 0.755875 2.967251 0.000000 0.000000 0.000000 1.000000 0.000000 0.000000
10.000000 93.139799 17.708435 0.968134 3.028926 0.000000 0.000000 0.000000 1.000000 0.000000 0.000000
10.000000 93.140106 17.736275 0.979369 3.015917 0.000000 0.000000 0.000000 1.000000 0.000000 0.000000
10.000000 93.141747 17.506638 0.972680 3.010917 0.000000 0.000000 0.000000 1.000000 0.000000 0.000000
10.000000 93.144966 17.470435 0.954170 2.944744 0.000000 0.000000 0.000000 1.000000 0.000000 0.000000
10.000000 93.147962 18.238667 0.767535 2.993167 0.000000 0.000000 0.000000 1.000000 0.000000 0.000000
10.000000 93.149823 17.556586 0.994655 3.055741 0.000000 0.000000 0.000000 1.000000 0.000000 0.000000
10.000000 93.150010 17.539398 0.987150 3.043614 0.000000 0.000000 0.000000 1.000000 0.000000 0.000000
10.000000 93.151714 17.407577 0.983065 3.034998 0.000000 0.000000 0.000000 1.000000 0.000000 0.000000
10.000000 93.154985 17.386110 0.970550 2.974089 0.000000 0.000000 0.000000 1.000000 0.000000 0.000000
10.000000 93.157844 18.162377 0.781973 3.021154 0.000000 0.000000 0.000000 1.000000 0.000000 0.000000
10.000000 93.159896 17.443505 1.018883 3.085939 0.000000 0.000000 0.000000 1.000000 0.000000 0.000000
10.000000 93.160089 17.408483 1.003743 3.072871 0.000000 0.000000 0.000000 1.000000 0.000000 0.000000
10.000000 93.161809 17.306047 1.000043 3.061284 0.000000 0.000000 0.000000 1.000000 0.000000 0.000000
10.000000 93.164932 17.292323 0.990656 3.002329 0.000000 0.000000 0.000000 1.000000 0.000000 0.000000
10.000000 93.167818 18.024460 0.813974 3.040550 0.000000 0.000000 0.000000 1.000000 0.000000 0.000000
10.000000 93.169799 17.345360 1.038317 3.107978 0.000000 0.000000 0.000000 1.000000 0.000000 0.000000
10.000000 93.170024 17.308036 1.021963 3.095678 0.000000 0.000000 0.000000 1.000000 0.000000 0.000000
10.000000 93.171650 17.185772 1.018436 3.077167 0.000000 0.000000 0.000000 1.000000 0.000000 0.000000
10.000000 93.174956 17.178471 1.013853 3.018861 0.000000 0.000000 0.000000 1.000000 0.000000 0.000000
10.000000 93.177886 17.976125 0.818495 3.065320 0.000000 0.000000 0.000000 1.000000 0.000000 0.000000
10.000000 93.179850 17.245258 1.057653 3.127244 0.000000 0.000000 0.000000 1.000000 0.000000 0.000000
10.000000 93.180208 17.220621 1.046825 3.113182 0.000000 0.000000 0.000000 1.000000 0.000000 0.000000
10.000000 93.181761 17.059640 1.040194 3.107832 0.000000 0.000000 0.000000 1.000000 0.000000 0.000000
10.000000 93.184954 17.063231 1.038844 3.045994 0.000000 0.000000 0.000000 1.000000 0.000000 0.000000
10.000000 93.188055 17.926153 0.821485 3.089418 0.000000 0.000000 0.000000 1.000000 0.000000 0.000000
10.000000 93.189785 17.153624 1.069433 3.150146 0.000000 0.000000 0.000000 1.000000 0.000000 0.000000
10.000000 93.190064 17.138907 1.062810 3.131602 0.000000 0.000000 0.000000 1.000000 0.000000 0.000000
10.000000 93.191657 16.958359 1.057749 3.121287 0.000000 0.000000 0.000000 1.000000 0.000000 0.000000
10.000000 93.195071 16.964442 1.061077 3.061270 0.000000 0.000000 0.000000 1.000000 0.000000 0.000000
10.000000 93.197944 17.729028 0.865300 3.097431 0.000000 0.000000 0.000000 1.000000 0.000000 0.000000
10.000000 93.199827 17.010935 1.090714 3.165122 0.000000 0.000000 0.000000 1.000000 0.000000 0.000000
10.000000 93.200051 16.993517 1.082806 3.158023 0.000000 0.000000 0.000000 1.000000 0.000000 0.000000
10.000000 93.201835 16.867644 1.078398 3.146260 0.000000 0.000000 0.000000 1.000000 0.000000 0.000000
10.000000 93.204908 16.873856 1.079635 3.085411 0.000000 0.000000 0.000000 1.000000 0.000000 0.000000
10.000000 93.207945 17.704358 0.870674 3.123103 0.000000 0.000000 0.000000 1.000000 0.000000 0.000000
10.000000 93.209839 16.941775 1.113821 3.187855 0.000000 0.000000 0.000000 1.000000 0.000000 0.000000
10.000000 93.210013 16.928706 1.107740 3.171635 0.000000 0.000000 0.000000 1.000000 0.000000 0.000000
10.000000 93.211659 16.758365 1.099407 3.164068 0.000000 0.000000 0.000000 1.000000 0.000000 0.000000
10.000000 93.214969 16.761416 1.097736 3.107682 0.000000 0.000000 0.000000 1.000000 0.000000 0.000000
10.000000 93.217922 17.569073 0.897565 3.141866 0.000000 0.000000 0.000000 1.000000 0.000000 0.000000
10.000000 93.219833 16.843353 1.131985 3.196476 0.000000 0.000000 0.000000 1.000000 0.000000 0.000000
10.000000 93.220187 16.849298 1.134378 3.178196 0.000000 0.000000 0.000000 1.000000 0.000000 0.000000
10.000000 93.221771 16.661705 1.125818 3.176446 0.000000 0.000000 0.000000 1.000000 0.000000 0.000000
10.000000 93.224955 16.656808 1.121572 3.118336 0.000000 0.000000 0.000000 1.000000 0.000000 0.000000
10.000000 93.228015 17.520685 0.902861 3.157440 0.000000 0.000000 0.000000 1.000000 0.000000 0.000000
10.000000 93.229808 16.737331 1.151118 3.210279 0.000000 0.000000 0.000000 1.000000 0.000000 0.000000
10.000000 93.230162 16.745087 1.154414 3.189343 0.000000 0.000000 0.000000 1.000000 0.000000 0.000000
10.000000 93.234975 16.690361 1.128974 3.138362 0.000000 0.000000 0.000000 1.000000 0.000000 0.000000
10.000000 93.238122 17.436301 0.919750 3.173082 0.000000 0.000000 0.000000 1.000000 0.000000 0.000000
10.000000 93.240169 16.629577 1.173992 3.213476 0.000000 0.000000 0.000000 1.000000 0.000000 0.000000
10.000000 93.242122 16.435465 1.165139 3.201908 0.000000 0.000000 0.000000 1.000000 0.000000 0.000000
10.000000 93.244884 16.444927 1.167166 3.149491 0.000000 0.000000 0.000000 1.000000 0.000000 0.000000
10.000000 93.248040 17.420585 0.906658 3.197801 0.000000 0.000000 0.000000 1.000000 0.000000 0.000000
10.000000 93.249823 16.514394 1.180216 3.245021 0.000000 0.000000 0.000000 1.000000 0.000000 0.000000
10.000000 93.250094 16.559383 1.200376 3.214114 0.000000 0.000000 0.000000 1.000000 0.000000 0.000000
10.000000 93.251865 16.366676 1.187314 3.227190 0.000000 0.000000 0.000000 1.000000 0.000000 0.000000
10.000000 93.255029 16.367901 1.181851 3.172940 0.000000 0.000000 0.000000 1.000000 0.000000 0.000000
10.000000 93.257991 17.236704 0.956768 3.201139 0.000000 0.000000 0.000000 1.000000 0.000000 0.000000
10.000000 93.259858 16.392918 1.215565 3.262589 0.000000 0.000000 0.000000 1.000000 0.000000 0.000000
10.000000 93.260203 16.388827 1.213361 3.238109 0.000000 0.000000 0.000000 1.000000 0.000000 0.000000
10.000000 93.261789 16.236869 1.200893 3.236209 0.000000 0.000000 0.000000 1.000000 0.000000 0.000000
10.000000 93.264989 16.259466 1.203203 3.185509 0.000000 0.000000 0.000000 1.000000 0.000000 0.000000
10.000000 93.268075 17.140594 0.975269 3.211906 0.000000 0.000000 0.000000 1.000000 0.000000 0.000000
10.000000 93.269832 16.297925 1.234117 3.277277 0.000000 0.000000 0.000000 1.000000 0.000000 0.000000
10.000000 93.270041 16.311603 1.239897 3.253418 0.000000 0.000000 0.000000 1.000000 0.000000 0.000000
10.000000 93.271718 16.115951 1.227952 3.245037 0.000000 0.000000 0.000000 1.000000 0.000000 0.000000
10.000000 93.275033 16.135067 1.232423 3.190312 0.000000 0.000000 0.000000 1.000000 0.000000 0.000000
10.000000 93.277949 17.124493 0.971762 3.228867 0.000000 0.000000 0.000000 1.000000 0.000000 0.000000
10.000000 93.279830 16.197253 1.253020 3.300510 0.000000 0.000000 0.000000 1.000000 0.000000 0.000000
10.000000 93.280171 16.214523 1.260203 3.264555 0.000000 0.000000 0.000000 1.000000 0.000000 0.000000
10.000000 93.281840 15.989096 1.239608 3.259602 0.000000 0.000000 0.000000 1.000000 0.000000 0.000000
10.000000 93.285001 16.033190 1.247170 3.216294 0.000000 0.000000 0.000000 1.000000 0.000000 0.000000
10.000000 93.288004 16.973807 1.003523 3.242704 0.000000 0.000000 0.000000 1.000000 0.000000 0.000000
10.000000 93.289858 16.123607 1.265527 3.305660 0.000000 0.000000 0.000000 1.000000 0.000000 0.000000
10.000000 93.290051 16.137043 1.271174 3.273999 0.000000 0.000000 0.000000 1.000000 0.000000 0.000000
10.000000 93.291940 15.879195 1.253611 3.267366 0.000000 0.000000 0.000000 1.000000 0.000000 0.000000
10.000000 93.295058 15.933709 1.271026 3.219551 0.000000 0.000000 0.000000 1.000000 0.000000 0.000000
10.000000 93.298149 16.882827 1.024212 3.250815 0.000000 0.000000 0.000000 1.000000 0.000000 0.000000
10.000000 93.299832 15.996401 1.295199 3.319325 0.000000 0.000000 0.000000 1.000000 0.000000 0.000000
10.000000 93.300131 15.977579 1.285918 3.291501 0.000000 0.000000 0.000000 1.000000 0.000000 0.000000
10.000000 93.301798 15.803121 1.271880 3.279874 0.000000 0.000000 0.000000 1.000000 0.000000 0.000000
10.000000 93.304964 15.859595 1.288602 3.231690 0.000000 0.000000 0.000000 1.000000 0.000000 0.000000
10.000000 93.307984 16.811443 1.041828 3.259191 0.000000 0.000000 0.000000 1.000000 0.000000 0.000000
10.000000 93.309853 15.894169 1.321582 3.326960 0.000000 0.000000 0.000000 1.000000 0.000000 0.000000
10.000000 93.310388 15.877633 1.313366 3.297362 0.000000 0.000000 0.000000 1.000000 0.000000 0.000000
10.000000 93.311713 15.713524 1.298608 3.288474 0.000000 0.000000 0.000000 1.000000 0.000000 0.000000
10.000000 93.315085 15.752423 1.306676 3.238221 0.000000 0.000000 0.000000 1.000000 0.000000 0.000000
10.000000 93.318132 16.704271 1.055140 3.261150 0.000000 0.000000 0.000000 1.000000 0.000000 0.000000
10.000000 93.319858 15.776659 1.332983 3.337816 0.000000 0.000000 0.000000 1.000000 0.000000 0.000000
10.000000 93.320129 15.784519 1.336002 3.310256 0.000000 0.000000 0.000000 1.000000 0.000000 0.000000
10.000000 93.321829 15.614114 1.320159 3.297360 0.000000 0.000000 0.000000 1.000000 0.000000 0.000000
10.000000 93.325064 15.646640 1.325323 3.249952 0.000000 0.000000 0.000000 1.000000 0.000000 0.000000
10.000000 93.327947 16.588590 1.081111 3.273238 0.000000 0.000000 0.000000 1.000000 0.000000 0.000000
10.000000 93.329867 15.676814 1.358171 3.348683 0.000000 0.000000 0.000000 1.000000 0.000000 0.000000
10.000000 93.330053 15.682160 1.360033 3.320659 0.000000 0.000000 0.000000 1.000000 0.000000 0.000000
10.000000 93.331952 15.500504 1.345639 3.303035 0.000000 0.000000 0.000000 1.000000 0.000000 0.000000
10.000000 93.335076 15.525472 1.350469 3.252742 0.000000 0.000000 0.000000 1.000000 0.000000 0.000000
10.000000 93.337890 16.502355 1.098232 3.280880 0.000000 0.000000 0.000000 1.000000 0.000000 0.000000
10.000000 93.339846 15.609950 1.371899 3.348427 0.000000 0.000000 0.000000 1.000000 0.000000 0.000000
10.000000 93.340209 15.609197 1.371023 3.317975 0.000000 0.000000 0.000000 1.000000 0.000000 0.000000
10.000000 93.341835 15.380017 1.354403 3.305301 0.000000 0.000000 0.000000 1.000000 0.000000 0.000000
10.000000 93.344966 15.435065 1.371992 3.257098 0.000000 0.000000 0.000000 1.000000 0.000000 0.000000
10.000000 93.348104 16.479495 1.083212 3.289744 0.000000 0.000000 0.000000 1.000000 0.000000 0.000000
10.000000 93.349888 15.453272 1.378448 3.362103 0.000000 0.000000 0.000000 1.000000 0.000000 0.000000
10.000000 93.350264 15.491833 1.396396 3.324730 0.000000 0.000000 0.000000 1.000000 0.000000 0.000000
10.000000 93.352006 15.302206 1.378781 3.313883 0.000000 0.000000 0.000000 1.000000 0.000000 0.000000
10.000000 93.355181 15.347173 1.388640 3.267076 0.000000 0.000000 0.000000 1.000000 0.000000 0.000000
10.000000 93.358016 16.297520 1.137636 3.287267 0.000000 0.000000 0.000000 1.000000 0.000000 0.000000
10.000000 93.359931 15.375838 1.412779 3.363605 0.000000 0.000000 0.000000 1.000000 0.000000 0.000000
10.000000 93.360209 15.385797 1.416888 3.332927 0.000000 0.000000 0.000000 1.000000 0.000000 0.000000
10.000000 93.361827 15.209068 1.399134 3.317692 0.000000 0.000000 0.000000 1.000000 0.000000 0.000000
10.000000 93.365031 15.250605 1.406767 3.271174 0.000000 0.000000 0.000000 1.000000 0.000000 0.000000
10.000000 93.368114 16.155243 1.169884 3.285894 0.000000 0.000000 0.000000 1.000000 0.000000 0.000000
10.000000 93.369984 15.266860 1.436233 3.359704 0.000000 0.000000 0.000000 1.000000 0.000000 0.000000
10.000000 93.370123 15.281843 1.442944 3.333460 0.000000 0.000000 0.000000 1.000000 0.000000 0.000000
10.000000 93.371986 15.106302 1.425504 3.322308 0.000000 0.000000 0.000000 1.000000 0.000000 0.000000
10.000000 93.375205 15.135903 1.428987 3.274115 0.000000 0.000000 0.000000 1.000000 0.000000 0.000000
10.000000 93.378069 16.058795 1.189025 3.289864 0.000000 0.000000 0.000000 1.000000 0.000000 0.000000
10.000000 93.379993 15.168697 1.457579 3.364245 0.000000 0.000000 0.000000 1.000000 0.000000 0.000000
10.000000 93.380200 15.168956 1.457142 3.339171 0.000000 0.000000 0.000000 1.000000 0.000000 0.000000
10.000000 93.381929 14.998630 1.440230 3.326696 0.000000 0.000000 0.000000 1.000000 0.000000 0.000000
10.000000 93.385074 15.037349 1.447331 3.276745 0.000000 0.000000 0.000000 1.000000 0.000000 0.000000
10.000000 93.388103 15.989188 1.201972 3.292483 0.000000 0.000000 0.000000 1.000000 0.000000 0.000000
10.000000 93.389882 15.088119 1.475970 3.357211 0.000000 0.000000 0.000000 1.000000 0.000000 0.000000
10.000000 93.390173 15.092214 1.477657 3.325621 0.000000 0.000000 0.000000 1.000000 0.000000 0.000000
10.000000 93.391759 14.918133 1.459593 3.319161 0.000000 0.000000 0.000000 1.000000 0.000000 0.000000
10.000000 93.395107 14.948427 1.462920 3.273295 0.000000 0.000000 0.000000 1.000000 0.000000 0.000000
10.000000 93.397944 15.844789 1.225724 3.286945 0.000000 0.000000 0.000000 1.000000 0.000000 0.000000
10.000000 93.399916 14.948668 1.491008 3.360989 0.000000 0.000000 0.000000 1.000000 0.000000 0.000000
10.000000 93.400175 14.957090 1.494697 3.336640 0.000000 0.000000 0.000000 1.000000 0.000000 0.000000
10.000000 93.401932 14.805483 1.478547 3.324962 0.000000 0.000000 0.000000 1.000000 0.000000 0.000000
10.000000 93.405036 14.840372 1.483931 3.275991 0.000000 0.000000 0.000000 1.000000 0.000000 0.000000
10.000000 93.408220 15.805196 1.233421 3.292407 0.000000 0.000000 0.000000 1.000000 0.000000 0.000000
10.000000 93.409923 14.867136 1.515755 3.366188 0.000000 0.000000 0.000000 1.000000 0.000000 0.000000
10.000000 93.410361 14.864720 1.514124 3.338957 0.000000 0.000000 0.000000 1.000000 0.000000 0.000000
10.000000 93.411999 14.703909 1.498873 3.324414 0.000000 0.000000 0.000000 1.000000 0.000000 0.000000
10.000000 93.415161 14.745712 1.508603 3.273606 0.000000 0.000000 0.000000 1.000000 0.000000 0.000000
10.000000 93.418257 15.682939 1.267008 3.288465 0.000000 0.000000 0.000000 1.000000 0.000000 0.000000
10.000000 93.419903 14.788070 1.538233 3.358155 0.000000 0.000000 0.000000 1.000000 0.000000 0.000000
10.000000 93.420225 14.792739 1.540319 3.338452 0.000000 0.000000 0.000000 1.000000 0.000000 0.000000
10.000000 93.421896 14.641123 1.527636 3.328852 0.000000 0.000000 0.000000 1.000000 0.000000 0.000000
10.000000 93.425102 14.648031 1.526912 3.272012 0.000000 0.000000 0.000000 1.000000 0.000000 0.000000
10.000000 93.428017 15.585544 1.280714 3.286717 0.000000 0.000000 0.000000 1.000000 0.000000 0.000000
10.000000 93.429918 14.667044 1.554188 3.361319 0.000000 0.000000 0.000000 1.000000 0.000000 0.000000
10.000000 93.430094 14.668531 1.554555 3.337881 0.000000 0.000000 0.000000 1.000000 0.000000 0.000000
10.000000 93.431769 14.514306 1.544827 3.315363 0.000000 0.000000 0.000000 1.000000 0.000000 0.000000
10.000000 93.435027 14.529547 1.550950 3.258577 0.000000 0.000000 0.000000 1.000000 0.000000 0.000000
10.000000 93.437964 15.474744 1.304601 3.279217 0.000000 0.000000 0.000000 1.000000 0.000000 0.000000
10.000000 93.439906 14.568546 1.576398 3.355177 0.000000 0.000000 0.000000 1.000000 0.000000 0.000000
10.000000 93.440148 14.553807 1.568478 3.333144 0.000000 0.000000 0.000000 1.000000 0.000000 0.000000
10.000000 93.442024 14.402156 1.556951 3.312339 0.000000 0.000000 0.000000 1.000000 0.000000 0.000000
10.000000 93.445029 14.440889 1.569336 3.259483 0.000000 0.000000 0.000000 1.000000 0.000000 0.000000
10.000000 93.448009 15.287361 1.341314 3.270125 0.000000 0.000000 0.000000 1.000000 0.000000 0.000000
10.000000 93.449910 14.452968 1.584186 3.347110 0.000000 0.000000 0.000000 1.000000 0.000000 0.000000
10.000000 93.450110 14.468521 1.591642 3.327557 0.000000 0.000000 0.000000 1.000000 0.000000 0.000000
10.000000 93.451836 14.302291 1.575794 3.311361 0.000000 0.000000 0.000000 1.000000 0.000000 0.000000
10.000000 93.455023 14.345841 1.586322 3.258274 0.000000 0.000000 0.000000 1.000000 0.000000 0.000000
10.000000 93.457941 15.306679 1.337916 3.272342 0.000000 0.000000 0.000000 1.000000 0.000000 0.000000
10.000000 93.459999 14.373143 1.618884 3.348270 0.000000 0.000000 0.000000 1.000000 0.000000 0.000000
10.000000 93.460230 14.361643 1.612622 3.322819 0.000000 0.000000 0.000000 1.000000 0.000000 0.000000
10.000000 93.461894 14.206793 1.596325 3.308858 0.000000 0.000000 0.000000 1.000000 0.000000 0.000000
10.000000 93.465031 14.253311 1.606483 3.256380 0.000000 0.000000 0.000000 1.000000 0.000000 0.000000
10.000000 93.467988 15.137878 1.378381 3.262527 0.000000 0.000000 0.000000 1.000000 0.000000 0.000000
10.000000 93.469939 14.273241 1.638801 3.337296 0.000000 0.000000 0.000000 1.000000 0.000000 0.000000
10.000000 93.470114 14.266289 1.634848 3.317785 0.000000 0.000000 0.000000 1.000000 0.000000 0.000000
10.000000 93.471805 14.106700 1.622621 3.299384 0.000000 0.000000 0.000000 1.000000 0.000000 0.000000
10.000000 93.475107 14.131511 1.630483 3.243487 0.000000 0.000000 0.000000 1.000000 0.000000 0.000000
10.000000 93.477917 14.992175 1.409913 3.253718 0.000000 0.000000 0.000000 1.000000 0.000000 0.000000
10.000000 93.479951 14.167131 1.659935 3.330582 0.000000 0.000000 0.000000 1.000000 0.000000 0.000000
10.000000 93.480236 14.141553 1.646093 3.313831 0.000000 0.000000 0.000000 1.000000 0.000000 0.000000
10.000000 93.481919 13.956204 1.635861 3.287627 0.000000 0.000000 0.000000 1.000000 0.000000 0.000000
10.000000 93.485182 14.013354 1.659208 3.230432 0.000000 0.000000 0.000000 1.000000 0.000000 0.000000
10.000000 93.487964 14.891323 1.430413 3.244748 0.000000 0.000000 0.000000 1.000000 0.000000 0.000000
10.000000 93.489993 14.068345 1.676950 3.323235 0.000000 0.000000 0.000000 1.000000 0.000000 0.000000
10.000000 93.490261 14.073438 1.679162 3.302290 0.000000 0.000000 0.000000 1.000000 0.000000 0.000000
10.000000 93.491765 13.887518 1.664800 3.279010 0.000000 0.000000 0.000000 1.000000 0.000000 0.000000
10.000000 93.495277 13.918359 1.675201 3.223429 0.000000 0.000000 0.000000 1.000000 0.000000 0.000000
10.000000 93.497919 14.688769 1.476281 3.227059 0.000000 0.000000 0.000000 1.000000 0.000000 0.000000
10.000000 93.500029 13.957084 1.696608 3.302470 0.000000 0.000000 0.000000 1.000000 0.000000 0.000000
10.000000 93.500234 13.961766 1.698599 3.288115 0.000000 0.000000 0.000000 1.000000 0.000000 0.000000
10.000000 93.501876 13.832267 1.682154 3.274701 0.000000 0.000000 0.000000 1.000000 0.000000 0.000000
10.000000 93.505053 13.859958 1.683990 3.221316 0.000000 0.000000 0.000000 1.000000 0.000000 0.000000
10.000000 93.507952 14.713200 1.468048 3.223630 0.000000 0.000000 0.000000 1.000000 0.000000 0.000000
10.000000 93.509929 13.870912 1.724570 3.300524 0.000000 0.000000 0.000000 1.000000 0.000000 0.000000
10.000000 93.510151 13.865329 1.721275 3.277649 0.000000 0.000000 0.000000 1.000000 0.000000 0.000000
10.000000 93.512125 13.774902 1.708465 3.258837 0.000000 0.000000 0.000000 1.000000 0.000000 0.000000
10.000000 93.515146 13.770217 1.700438 3.208722 0.000000 0.000000 0.000000 1.000000 0.000000 0.000000
10.000000 93.518052 14.572485 1.495102 3.213776 0.000000 0.000000 0.000000 1.000000 0.000000 0.000000
10.000000 93.519944 13.772590 1.736387 3.286152 0.000000 0.000000 0.000000 1.000000 0.000000 0.000000
10.000000 93.520195 13.764497 1.731813 3.268151 0.000000 0.000000 0.000000 1.000000 0.000000 0.000000
10.000000 93.521933 13.647054 1.720671 3.251494 0.000000 0.000000 0.000000 1.000000 0.000000 0.000000
10.000000 93.525243 13.666267 1.724796 3.197745 0.000000 0.000000 0.000000 1.000000 0.000000 0.000000
10.000000 93.528177 14.454872 1.519807 3.202338 0.000000 0.000000 0.000000 1.000000 0.000000 0.000000
10.000000 93.529976 13.672165 1.753163 3.278570 0.000000 0.000000 0.000000 1.000000 0.000000 0.000000
10.000000 93.530162 13.668364 1.750753 3.254854 0.000000 0.000000 0.000000 1.000000 0.000000 0.000000
10.000000 93.531843 13.526501 1.737111 3.230562 0.000000 0.000000 0.000000 1.000000 0.000000 0.000000
10.000000 93.535084 13.558582 1.745373 3.181019 0.000000 0.000000 0.000000 1.000000 0.000000 0.000000
10.000000 93.538152 14.382777 1.533670 3.191648 0.000000 0.000000 0.000000 1.000000 0.000000 0.000000
10.000000 93.540141 13.604949 1.768625 3.258465 0.000000 0.000000 0.000000 1.000000 0.000000 0.000000
10.000000 93.540189 13.623457 1.778691 3.230578 0.000000 0.000000 0.000000 1.000000 0.000000 0.000000
10.000000 93.542167 13.393509 1.755257 3.222580 0.000000 0.000000 0.000000 1.000000 0.000000 0.000000
10.000000 93.545097 13.461069 1.772724 3.172179 0.000000 0.000000 0.000000 1.000000 0.000000 0.000000
10.000000 93.548033 14.291644 1.546869 3.177726 0.000000 0.000000 0.000000 1.000000 0.000000 0.000000
10.000000 93.549940 13.461132 1.785433 3.252447 0.000000 0.000000 0.000000 1.000000 0.000000 0.000000
10.000000 93.550166 13.469572 1.789990 3.223028 0.000000 0.000000 0.000000 1.000000 0.000000 0.000000
10.000000 93.552040 13.318273 1.770436 3.207892 0.000000 0.000000 0.000000 1.000000 0.000000 0.000000
10.000000 93.555215 13.379969 1.782697 3.161227 0.000000 0.000000 0.000000 1.000000 0.000000 0.000000
10.000000 93.557932 14.113027 1.594186 3.159105 0.000000 0.000000 0.000000 1.000000 0.000000 0.000000
10.000000 93.559973 13.382193 1.813554 3.233049 0.000000 0.000000 0.000000 1.000000 0.000000 0.000000
10.000000 93.560264 13.376654 1.810239 3.211463 0.000000 0.000000 0.000000 1.000000 0.000000 0.000000
10.000000 93.562042 13.245628 1.794044 3.193008 0.000000 0.000000 0.000000 1.000000 0.000000 0.000000
10.000000 93.565069 13.287824 1.801890 3.144100 0.000000 0.000000 0.000000 1.000000 0.000000 0.000000
10.000000 93.567985 14.027227 1.614255 3.144507 0.000000 0.000000 0.000000 1.000000 0.000000 0.000000
10.000000 93.569968 13.290993 1.837454 3.216360 0.000000 0.000000 0.000000 1.000000 0.000000 0.000000
10.000000 93.570185 13.281312 1.831954 3.191275 0.000000 0.000000 0.000000 1.000000 0.000000 0.000000
10.000000 93.571831 13.103817 1.813141 3.173553 0.000000 0.000000 0.000000 1.000000 0.000000 0.000000
10.000000 93.575197 13.158170 1.826714 3.123028 0.000000 0.000000 0.000000 1.000000 0.000000 0.000000
10.000000 93.578265 13.899475 1.637742 3.124018 0.000000 0.000000 0.000000 1.000000 0.000000 0.000000
10.000000 93.579990 13.191708 1.852281 3.196952 0.000000 0.000000 0.000000 1.000000 0.000000 0.000000
10.000000 93.580203 13.184336 1.847979 3.175977 0.000000 0.000000 0.000000 1.000000 0.000000 0.000000
10.000000 93.581967 13.001189 1.832839 3.155206 0.000000 0.000000 0.000000 1.000000 0.000000 0.000000
10.000000 93.585139 13.061404 1.852757 3.101261 0.000000 0.000000 0.000000 1.000000 0.000000 0.000000
10.000000 93.588215 13.821825 1.653308 3.105997 0.000000 0.000000 0.000000 1.000000 0.000000 0.000000
10.000000 93.590039 13.112965 1.863528 3.165470 0.000000 0.000000 0.000000 1.000000 0.000000 0.000000
10.000000 93.590207 13.122768 1.869420 3.138417 0.000000 0.000000 0.000000 1.000000 0.000000 0.000000
10.000000 93.591845 12.905607 1.850224 3.131286 0.000000 0.000000 0.000000 1.000000 0.000000 0.000000
10.000000 93.595170 12.961419 1.868306 3.081792 0.000000 0.000000 0.000000 1.000000 0.000000 0.000000
10.000000 93.597982 13.510722 1.722247 3.073799 0.000000 0.000000 0.000000 1.000000 0.000000 0.000000
10.000000 93.599982 12.970079 1.880151 3.147901 0.000000 0.000000 0.000000 1.000000 0.000000 0.000000
10.000000 93.600345 12.971994 1.880625 3.138442 0.000000 0.000000 0.000000 1.000000 0.000000 0.000000
10.000000 93.601947 12.847570 1.866319 3.117302 0.000000 0.000000 0.000000 1.000000 0.000000 0.000000
10.000000 93.605190 12.890392 1.876078 3.068615 0.000000 0.000000 0.000000 1.000000 0.000000 0.000000
10.000000 93.608003 13.500754 1.716065 3.063111 0.000000 0.000000 0.000000 1.000000 0.000000 0.000000
10.000000 93.610046 12.879420 1.899340 3.135601 0.000000 0.000000 0.000000 1.000000 0.000000 0.000000
10.000000 93.610259 12.881160 1.900132 3.113412 0.000000 0.000000 0.000000 1.000000 0.000000 0.000000
10.000000 93.611847 12.736959 1.880184 3.094766 0.000000 0.000000 0.000000 1.000000 0.000000 0.000000
10.000000 93.615145 12.822858 1.898954 3.051570 0.000000 0.000000 0.000000 1.000000 0.000000 0.000000
10.000000 93.617481 12.782491 1.908688 3.040648 0.000000 0.000000 0.000000 1.000000 0.000000 0.000000
10.000000 93.617995 12.746249 1.936888 3.100734 0.000000 0.000000 0.000000 1.000000 0.000000 0.000000
10.000000 93.620120 12.802946 1.929528 3.120023 0.000000 0.000000 0.000000 1.000000 0.000000 0.000000
10.000000 93.620449 12.793223 1.924013 3.094114 0.000000 0.000000 0.000000 1.000000 0.000000 0.000000
10.000000 93.622106 12.650904 1.905209 3.076123 0.000000 0.000000 0.000000 1.000000 0.000000 0.000000
10.000000 93.625016 12.705672 1.915898 3.031020 0.000000 0.000000 0.000000 1.000000 0.000000 0.000000
10.000000 93.627357 12.742980 1.902566 3.038799 0.000000 0.000000 0.000000 1.000000 0.000000 0.000000
10.000000 93.628029 12.633225 1.966983 3.089475 0.000000 0.000000 0.000000 1.000000 0.000000 0.000000
10.000000 93.630088 12.703142 1.948647 3.094492 0.000000 0.000000 0.000000 1.000000 0.000000 0.000000
10.000000 93.630266 12.674145 1.931865 3.074253 0.000000 0.000000 0.000000 1.000000 0.000000 0.000000
10.000000 93.631850 12.495428 1.919478 3.052127 0.000000 0.000000 0.000000 1.000000 0.000000 0.000000
10.000000 93.635182 12.567310 1.945785 2.999244 0.000000 0.000000 0.000000 1.000000 0.000000 0.000000
10.000000 93.637431 12.652927 1.918075 3.018603 0.000000 0.000000 0.000000 1.000000 0.000000 0.000000
10.000000 93.638029 12.518111 1.994117 3.068897 0.000000 0.000000 0.000000 1.000000 0.000000 0.000000
10.000000 93.640082 12.639140 1.959001 3.059981 0.000000 0.000000 0.000000 1.000000 0.000000 0.000000
10.000000 93.640232 12.631695 1.954923 3.037434 0.000000 0.000000 0.000000 1.000000 0.000000 0.000000
10.000000 93.642009 12.416337 1.935522 3.026247 0.000000 0.000000 0.000000 1.000000 0.000000 0.000000
10.000000 93.645041 12.493279 1.960172 2.978882 0.000000 0.000000 0.000000 1.000000 0.000000 0.000000
10.000000 93.647387 12.605986 1.924911 3.002428 0.000000 0.000000 0.000000 1.000000 0.000000 0.000000
10.000000 93.648185 12.506058 1.969723 3.042092 0.000000 0.000000 0.000000 1.000000 0.000000 0.000000
10.000000 93.650139 12.475657 1.969535 3.044792 0.000000 0.000000 0.000000 1.000000 0.000000 0.000000
10.000000 93.650172 12.483142 1.973830 3.025121 0.000000 0.000000 0.000000 1.000000 0.000000 0.000000
10.000000 93.651863 12.337384 1.955361 3.007353 0.000000 0.000000 0.000000 1.000000 0.000000 0.000000
10.000000 93.655155 12.419261 1.974475 2.958279 0.000000 0.000000 0.000000 1.000000 0.000000 0.000000
10.000000 93.657427 12.466496 1.958627 2.959962 0.000000 0.000000 0.000000 1.000000 0.000000 0.000000
10.000000 93.658082 12.370931 2.014831 3.010928 0.000000 0.000000 0.000000 1.000000 0.000000 0.000000
10.000000 93.660099 12.417587 2.003958 3.019564 0.000000 0.000000 0.000000 1.000000 0.000000 0.000000
10.000000 93.660202 12.388510 1.986922 2.997232 0.000000 0.000000 0.000000 1.000000 0.000000 0.000000
10.000000 93.661999 12.238092 1.968855 2.978984 0.000000 0.000000 0.000000 1.000000 0.000000 0.000000
10.000000 93.665112 12.324143 1.990361 2.934885 0.000000 0.000000 0.000000 1.000000 0.000000 0.000000
10.000000 93.667388 12.384784 1.969978 2.949296 0.000000 0.000000 0.000000 1.000000 0.000000 0.000000
10.000000 93.668062 12.248243 2.046840 2.997279 0.000000 0.000000 0.000000 1.000000 0.000000 0.000000
10.000000 93.670114 12.321016 2.025454 2.994724 0.000000 0.000000 0.000000 1.000000 0.000000 0.000000
10.000000 93.670222 12.299532 2.013007 2.970481 0.000000 0.000000 0.000000 1.000000 0.000000 0.000000
10.000000 93.671873 12.144918 1.993484 2.955465 0.000000 0.000000 0.000000 1.000000 0.000000 0.000000
10.000000 93.675242 12.232793 2.014264 2.907408 0.000000 0.000000 0.000000 1.000000 0.000000 0.000000
10.000000 93.677657 12.283162 1.995599 2.924033 0.000000 0.000000 0.000000 1.000000 0.000000 0.000000
10.000000 93.678263 12.147293 2.065462 2.973155 0.000000 0.000000 0.000000 1.000000 0.000000 0.000000
10.000000 93.680134 12.218585 2.040409 2.966953 0.000000 0.000000 0.000000 1.000000 0.000000 0.000000
10.000000 93.680336 12.205818 2.033066 2.941456 0.000000 0.000000 0.000000 1.000000 0.000000 0.000000
10.000000 93.681993 12.000346 2.012507 2.924033 0.000000 0.000000 0.000000 1.000000 0.000000 0.000000
10.000000 93.685166 12.102183 2.042186 2.877474 0.000000 0.000000 0.000000 1.000000 0.000000 0.000000
10.000000 93.687664 12.193856 2.012054 2.901891 0.000000 0.000000 0.000000 1.000000 0.000000 0.000000
10.000000 93.688086 12.046167 2.087042 2.947197 0.000000 0.000000 0.000000 1.000000 0.000000 0.000000
10.000000 93.690114 12.130623 2.056649 2.940028 0.000000 0.000000 0.000000 1.000000 0.000000 0.000000
10.000000 93.690269 12.129403 2.056165 2.914454 0.000000 0.000000 0.000000 1.000000 0.000000 0.000000
10.000000 93.692123 11.959845 2.040632 2.890944 0.000000 0.000000 0.000000 1.000000 0.000000 0.000000
10.000000 93.695141 12.013547 2.058358 2.843035 0.000000 0.000000 0.000000 1.000000 0.000000 0.000000
10.000000 93.697508 12.165422 2.012334 2.871477 0.000000 0.000000 0.000000 1.000000 0.000000 0.000000
10.000000 93.698230 12.025216 2.071946 2.897145 0.000000 0.000000 0.000000 1.000000 0.000000 0.000000
10.000000 93.700092 12.007176 2.060924 2.898639 0.000000 0.000000 0.000000 1.000000 0.000000 0.000000
10.000000 93.700443 11.989928 2.049888 2.889536 0.000000 0.000000 0.000000 1.000000 0.000000 0.000000
10.000000 93.702041 11.846799 2.035465 2.866347 0.000000 0.000000 0.000000 1.000000 0.000000 0.000000
10.000000 93.705186 11.956816 2.066535 2.823863 0.000000 0.000000 0.000000 1.000000 0.000000 0.000000
10.000000 93.707386 12.006861 2.048468 2.843492 0.000000 0.000000 0.000000 1.000000 0.000000 0.000000
10.000000 93.708141 11.867951 2.118053 2.886285 0.000000 0.000000 0.000000 1.000000 0.000000 0.000000
10.000000 93.710090 11.933264 2.092989 2.878515 0.000000 0.000000 0.000000 1.000000 0.000000 0.000000
10.000000 93.710317 11.910221 2.079234 2.857112 0.000000 0.000000 0.000000 1.000000 0.000000 0.000000
10.000000 93.712006 11.754578 2.061071 2.840508 0.000000 0.000000 0.000000 1.000000 0.000000 0.000000
10.000000 93.715190 11.877654 2.093131 2.797633 0.000000 0.000000 0.000000 1.000000 0.000000 0.000000
10.000000 93.717394 11.872404 2.090250 2.809505 0.000000 0.000000 0.000000 1.000000 0.000000 0.000000
10.000000 93.718091 11.752193 2.147150 2.853886 0.000000 0.000000 0.000000 1.000000 0.000000 0.000000
10.000000 93.720111 11.839817 2.115155 2.845955 0.000000 0.000000 0.000000 1.000000 0.000000 0.000000
10.000000 93.720299 11.817451 2.101597 2.826191 0.000000 0.000000 0.000000 1.000000 0.000000 0.000000
10.000000 93.722042 11.652572 2.085486 2.806851 0.000000 0.000000 0.000000 1.000000 0.000000 0.000000
10.000000 93.725221 11.758480 2.116274 2.763178 0.000000 0.000000 0.000000 1.000000 0.000000 0.000000
10.000000 93.727388 11.822195 2.094442 2.783488 0.000000 0.000000 0.000000 1.000000 0.000000 0.000000
10.000000 93.728194 11.697933 2.152741 2.825054 0.000000 0.000000 0.000000 1.000000 0.000000 0.000000
10.000000 93.730199 11.744099 2.131496 2.816871 0.000000 0.000000 0.000000 1.000000 0.000000 0.000000
10.000000 93.730262 11.707697 2.109342 2.796183 0.000000 0.000000 0.000000 1.000000 0.000000 0.000000
10.000000 93.732122 11.568154 2.099845 2.773052 0.000000 0.000000 0.000000 1.000000 0.000000 0.000000
10.000000 93.735159 11.660044 2.130579 2.726124 0.000000 0.000000 0.000000 1.000000 0.000000 0.000000
10.000000 93.737386 11.709559 2.112393 2.747371 0.000000 0.000000 0.000000 1.000000 0.000000 0.000000
10.000000 93.738165 11.588219 2.168930 2.791980 0.000000 0.000000 0.000000 1.000000 0.000000 0.000000
10.000000 93.740249 11.661762 2.140511 2.784107 0.000000 0.000000 0.000000 1.000000 0.000000 0.000000
10.000000 93.740297 11.671273 2.147027 2.756865 0.000000 0.000000 0.000000 1.000000 0.000000 0.000000
10.000000 93.741972 11.507265 2.134899 2.733155 0.000000 0.000000 0.000000 1.000000 0.000000 0.000000
10.000000 93.745100 11.544094 2.151891 2.687130 0.000000 0.000000 0.000000 1.000000 0.000000 0.000000
10.000000 93.747290 11.622054 2.126111 2.715664 0.000000 0.000000 0.000000 1.000000 0.000000 0.000000
10.000000 93.748159 11.483497 2.188215 2.751159 0.000000 0.000000 0.000000 1.000000 0.000000 0.000000
10.000000 93.750037 11.540099 2.160469 2.745377 0.000000 0.000000 0.000000 1.000000 0.000000 0.000000
10.000000 93.750262 11.499905 2.135091 2.733780 0.000000 0.000000 0.000000 1.000000 0.000000 0.000000
10.000000 93.751934 11.375846 2.127161 2.709836 0.000000 0.000000 0.000000 1.000000 0.000000 0.000000
10.000000 93.755168 11.480185 2.160658 2.662468 0.000000 0.000000 0.000000 1.000000 0.000000 0.000000
10.000000 93.757431 11.560133 2.134265 2.683452 0.000000 0.000000 0.000000 1.000000 0.000000 0.000000
10.000000 93.758166 11.399467 2.213100 2.722357 0.000000 0.000000 0.000000 1.000000 0.000000 0.000000
10.000000 93.760100 11.465912 2.185735 2.713098 0.000000 0.000000 0.000000 1.000000 0.000000 0.000000
10.000000 93.760326 11.432317 2.164951 2.693565 0.000000 0.000000 0.000000 1.000000 0.000000 0.000000
10.000000 93.762229 11.269742 2.148702 2.676622 0.000000 0.000000 0.000000 1.000000 0.000000 0.000000
10.000000 93.765118 11.390526 2.182820 2.633636 0.000000 0.000000 0.000000 1.000000 0.000000 0.000000
10.000000 93.767412 11.439234 2.165597 2.647780 0.000000 0.000000 0.000000 1.000000 0.000000 0.000000
10.000000 93.768192 11.297303 2.233378 2.684342 0.000000 0.000000 0.000000 1.000000 0.000000 0.000000
10.000000 93.770192 11.374377 2.202915 2.678899 0.000000 0.000000 0.000000 1.000000 0.000000 0.000000
10.000000 93.770314 11.343392 2.183358 2.662989 0.000000 0.000000 0.000000 1.000000 0.000000 0.000000
10.000000 93.771966 11.193914 2.169340 2.643061 0.000000 0.000000 0.000000 1.000000 0.000000 0.000000
10.000000 93.775308 11.303373 2.200902 2.594252 0.000000 0.000000 0.000000 1.000000 0.000000 0.000000
10.000000 93.777502 11.347135 2.184137 2.609349 0.000000 0.000000 0.000000 1.000000 0.000000 0.000000
10.000000 93.778094 11.200811 2.252926 2.651062 0.000000 0.000000 0.000000 1.000000 0.000000 0.000000
10.000000 93.780039 11.277942 2.222148 2.640613 0.000000 0.000000 0.000000 1.000000 0.000000 0.000000
10.000000 93.780365 11.243383 2.200410 2.624108 0.000000 0.000000 0.000000 1.000000 0.000000 0.000000
10.000000 93.782042 11.130626 2.198830 2.599608 0.000000 0.000000 0.000000 1.000000 0.000000 0.000000
10.000000 93.785174 11.183023 2.224465 2.553770 0.000000 0.000000 0.000000 1.000000 0.000000 0.000000
10.000000 93.787582 11.221838 2.210252 2.572577 0.000000 0.000000 0.000000 1.000000 0.000000 0.000000
10.000000 93.788134 11.100996 2.270268 2.613534 0.000000 0.000000 0.000000 1.000000 0.000000 0.000000
10.000000 93.790193 11.187781 2.240871 2.596919 0.000000 0.000000 0.000000 1.000000 0.000000 0.000000
10.000000 93.790256 11.157636 2.222332 2.579202 0.000000 0.000000 0.000000 1.000000 0.000000 0.000000
10.000000 93.792203 11.018160 2.214511 2.569739 0.000000 0.000000 0.000000 1.000000 0.000000 0.000000
10.000000 93.795207 11.102306 2.245101 2.523872 0.000000 0.000000 0.000000 1.000000 0.000000 0.000000
10.000000 93.797452 11.120671 2.237240 2.530045 0.000000 0.000000 0.000000 1.000000 0.000000 0.000000
10.000000 93.798345 11.037147 2.268992 2.563180 0.000000 0.000000 0.000000 1.000000 0.000000 0.000000
10.000000 93.800236 11.077230 2.247639 2.562841 0.000000 0.000000 0.000000 1.000000 0.000000 0.000000
10.000000 93.800319 11.067487 2.241508 2.547122 0.000000 0.000000 0.000000 1.000000 0.000000 0.000000
10.000000 93.802013 10.916613 2.225761 2.530455 0.000000 0.000000 0.000000 1.000000 0.000000 0.000000
10.000000 93.805093 11.021013 2.254751 2.487769 0.000000 0.000000 0.000000 1.000000 0.000000 0.000000
10.000000 93.807383 11.052482 2.242898 2.496065 0.000000 0.000000 0.000000 1.000000 0.000000 0.000000
10.000000 93.808280 10.937394 2.288714 2.525358 0.000000 0.000000 0.000000 1.000000 0.000000 0.000000
10.000000 93.810206 10.983159 2.262217 2.518609 0.000000 0.000000 0.000000 1.000000 0.000000 0.000000
10.000000 93.810282 10.977159 2.258534 2.504105 0.000000 0.000000 0.000000 1.000000 0.000000 0.000000
10.000000 93.811919 10.837611 2.244266 2.489749 0.000000 0.000000 0.000000 1.000000 0.000000 0.000000
10.000000 93.815315 10.936647 2.271941 2.447297 0.000000 0.000000 0.000000 1.000000 0.000000 0.000000
10.000000 93.817435 10.944537 2.266112 2.456426 0.000000 0.000000 0.000000 1.000000 0.000000 0.000000
10.000000 93.818363 10.820060 2.316040 2.486939 0.000000 0.000000 0.000000 1.000000 0.000000 0.000000
10.000000 93.820141 10.888844 2.282185 2.474154 0.000000 0.000000 0.000000 1.000000 0.000000 0.000000
10.000000 93.820362 10.868218 2.268888 2.461447 0.000000 0.000000 0.000000 1.000000 0.000000 0.000000
10.000000 93.821996 10.722955 2.257857 2.448473 0.000000 0.000000 0.000000 1.000000 0.000000 0.000000
10.000000 93.825190 10.837615 2.293482 2.407500 0.000000 0.000000 0.000000 1.000000 0.000000 0.000000
10.000000 93.827536 10.847802 2.287444 2.414870 0.000000 0.000000 0.000000 1.000000 0.000000 0.000000
10.000000 93.828230 10.752728 2.328112 2.452442 0.000000 0.000000 0.000000 1.000000 0.000000 0.000000
10.000000 93.830122 10.808215 2.304624 2.441701 0.000000 0.000000 0.000000 1.000000 0.000000 0.000000
10.000000 93.830240 10.776376 2.284491 2.422908 0.000000 0.000000 0.000000 1.000000 0.000000 0.000000
10.000000 93.831933 10.651336 2.288800 2.402567 0.000000 0.000000 0.000000 1.000000 0.000000 0.000000
10.000000 93.835223 10.702637 2.322164 2.355740 0.000000 0.000000 0.000000 1.000000 0.000000 0.000000
10.000000 93.837516 10.752771 2.305110 2.373913 0.000000 0.000000 0.000000 1.000000 0.000000 0.000000
10.000000 93.838181 10.655227 2.345694 2.410621 0.000000 0.000000 0.000000 1.000000 0.000000 0.000000
10.000000 93.840211 10.710950 2.321063 2.399727 0.000000 0.000000 0.000000 1.000000 0.000000 0.000000
10.000000 93.840341 10.679385 2.301134 2.378277 0.000000 0.000000 0.000000 1.000000 0.000000 0.000000
10.000000 93.841989 10.524060 2.294483 2.361955 0.000000 0.000000 0.000000 1.000000 0.000000 0.000000
10.000000 93.845187 10.653032 2.339571 2.325413 0.000000 0.000000 0.000000 1.000000 0.000000 0.000000
10.000000 93.847534 10.692559 2.326527 2.332286 0.000000 0.000000 0.000000 1.000000 0.000000 0.000000
10.000000 93.848213 10.596898 2.358827 2.353922 0.000000 0.000000 0.000000 1.000000 0.000000 0.000000
10.000000 93.850122 10.618388 2.336925 2.346317 0.000000 0.000000 0.000000 1.000000 0.000000 0.000000
10.000000 93.850275 10.587030 2.316429 2.331328 0.000000 0.000000 0.000000 1.000000 0.000000 0.000000
10.000000 93.852028 10.433133 2.304329 2.317853 0.000000 0.000000 0.000000 1.000000 0.000000 0.000000
10.000000 93.855340 10.573146 2.346299 2.284916 0.000000 0.000000 0.000000 1.000000 0.000000 0.000000
10.000000 93.857598 10.558263 2.347520 2.289449 0.000000 0.000000 0.000000 1.000000 0.000000 0.000000
10.000000 93.858182 10.467777 2.376628 2.316377 0.000000 0.000000 0.000000 1.000000 0.000000 0.000000
10.000000 93.860098 10.511408 2.348798 2.304269 0.000000 0.000000 0.000000 1.000000 0.000000 0.000000
10.000000 93.860403 10.480678 2.328714 2.289227 0.000000 0.000000 0.000000 1.000000 0.000000 0.000000
10.000000 93.862051 10.327434 2.318552 2.277666 0.000000 0.000000 0.000000 1.000000 0.000000 0.000000
10.000000 93.865269 10.473574 2.363846 2.246416 0.000000 0.000000 0.000000 1.000000 0.000000 0.000000
10.000000 93.867527 10.471585 2.362254 2.247983 0.000000 0.000000 0.000000 1.000000 0.000000 0.000000
10.000000 93.868216 10.369454 2.405716 2.273789 0.000000 0.000000 0.000000 1.000000 0.000000 0.000000
10.000000 93.870117 10.446190 2.374088 2.258823 0.000000 0.000000 0.000000 1.000000 0.000000 0.000000
10.000000 93.870326 10.405216 2.347094 2.244491 0.000000 0.000000 0.000000 1.000000 0.000000 0.000000
10.000000 93.871928 10.253636 2.340369 2.235075 0.000000 0.000000 0.000000 1.000000 0.000000 0.000000
10.000000 93.875494 10.371656 2.382287 2.200176 0.000000 0.000000 0.000000 1.000000 0.000000 0.000000
10.000000 93.877529 10.398297 2.372876 2.205762 0.000000 0.000000 0.000000 1.000000 0.000000 0.000000
10.000000 93.878332 10.286944 2.421640 2.231070 0.000000 0.000000 0.000000 1.000000 0.000000 0.000000
10.000000 93.880140 10.358818 2.391478 2.214032 0.000000 0.000000 0.000000 1.000000 0.000000 0.000000
10.000000 93.880359 10.316054 2.363378 2.197985 0.000000 0.000000 0.000000 1.000000 0.000000 0.000000
10.000000 93.882274 10.201556 2.367069 2.182882 0.000000 0.000000 0.000000 1.000000 0.000000 0.000000
10.000000 93.885384 10.289271 2.407290 2.148255 0.000000 0.000000 0.000000 1.000000 0.000000 0.000000
10.000000 93.887547 10.272364 2.409562 2.153614 0.000000 0.000000 0.000000 1.000000 0.000000 0.000000
10.000000 93.888187 10.228501 2.417679 2.185734 0.000000 0.000000 0.000000 1.000000 0.000000 0.000000
10.000000 93.890106 10.264470 2.396693 2.172845 0.000000 0.000000 0.000000 1.000000 0.000000 0.000000
10.000000 93.890307 10.250969 2.389250 2.147536 0.000000 0.000000 0.000000 1.000000 0.000000 0.000000
10.000000 93.891979 10.066638 2.387063 2.139245 0.000000 0.000000 0.000000 1.000000 0.000000 0.000000
10.000000 93.895992 10.177451 2.436882 2.103518 0.000000 0.000000 0.000000 1.000000 0.000000 0.000000
10.000000 93.897511 10.273901 2.409203 2.113424 0.000000 0.000000 0.000000 1.000000 0.000000 0.000000
10.000000 93.898106 10.188579 2.436165 2.131012 0.000000 0.000000 0.000000 1.000000 0.000000 0.000000
10.000000 93.900263 10.172069 2.425599 2.126053 0.000000 0.000000 0.000000 1.000000 0.000000 0.000000
10.000000 93.900426 10.145699 2.408584 2.107619 0.000000 0.000000 0.000000 1.000000 0.000000 0.000000
10.000000 93.902072 10.003902 2.402775 2.096712 0.000000 0.000000 0.000000 1.000000 0.000000 0.000000
10.000000 93.905243 10.117968 2.443105 2.058717 0.000000 0.000000 0.000000 1.000000 0.000000 0.000000
10.000000 93.907410 10.098331 2.445964 2.055934 0.000000 0.000000 0.000000 1.000000 0.000000 0.000000
10.000000 93.908352 10.076978 2.443520 2.094480 0.000000 0.000000 0.000000 1.000000 0.000000 0.000000
10.000000 93.910139 10.066056 2.438699 2.088377 0.000000 0.000000 0.000000 1.000000 0.000000 0.000000
10.000000 93.910325 10.037682 2.420860 2.066051 0.000000 0.000000 0.000000 1.000000 0.000000 0.000000
10.000000 93.911999 9.960755 2.425275 2.048463 0.000000 0.000000 0.000000 1.000000 0.000000 0.000000
10.000000 93.915221 10.027988 2.455560 2.006835 0.000000 0.000000 0.000000 1.000000 0.000000 0.000000
10.000000 93.917600 10.040071 2.449532 2.012266 0.000000 0.000000 0.000000 1.000000 0.000000 0.000000
10.000000 93.918156 9.957286 2.477613 2.042654 0.000000 0.000000 0.000000 1.000000 0.000000 0.000000
10.000000 93.920129 9.986418 2.457314 2.028441 0.000000 0.000000 0.000000 1.000000 0.000000 0.000000
10.000000 93.920361 9.957390 2.438622 2.009394 0.000000 0.000000 0.000000 1.000000 0.000000 0.000000
10.000000 93.922185 9.846566 2.442782 1.997742 0.000000 0.000000 0.000000 1.000000 0.000000 0.000000
10.000000 93.925287 9.931401 2.482285 1.964046 0.000000 0.000000 0.000000 1.000000 0.000000 0.000000
10.000000 93.927504 9.908205 2.487150 1.959345 0.000000 0.000000 0.000000 1.000000 0.000000 0.000000
10.000000 93.928218 9.893735 2.480099 1.988287 0.000000 0.000000 0.000000 1.000000 0.000000 0.000000
10.000000 93.930130 9.884692 2.473095 1.985554 0.000000 0.000000 0.000000 1.000000 0.000000 0.000000
10.000000 93.930419 9.862773 2.459350 1.964879 0.000000 0.000000 0.000000 1.000000 0.000000 0.000000
10.000000 93.935483 10.001094 2.471436 1.898965 0.000000 0.000000 0.000000 1.000000 0.000000 0.000000
10.000000 93.937727 9.812750 2.508098 1.905267 0.000000 0.000000 0.000000 1.000000 0.000000 0.000000
10.000000 93.938168 9.778005 2.509677 1.935261 0.000000 0.000000 0.000000 1.000000 0.000000 0.000000
10.000000 93.940284 9.803329 2.490504 1.922626 0.000000 0.000000 0.000000 1.000000 0.000000 0.000000
10.000000 93.940465 9.782579 2.477316 1.905923 0.000000 0.000000 0.000000 1.000000 0.000000 0.000000
10.000000 93.942015 9.705615 2.491955 1.891697 0.000000 0.000000 0.000000 1.000000 0.000000 0.000000
10.000000 93.945295 9.734225 2.524336 1.849728 0.000000 0.000000 0.000000 1.000000 0.000000 0.000000
10.000000 93.947524 9.772551 2.513078 1.847839 0.000000 0.000000 0.000000 1.000000 0.000000 0.000000
10.000000 93.948297 9.757847 2.503132 1.870975 0.000000 0.000000 0.000000 1.000000 0.000000 0.000000
10.000000 93.950253 9.697620 2.508409 1.878269 0.000000 0.000000 0.000000 1.000000 0.000000 0.000000
10.000000 93.950324 9.679567 2.497203 1.858230 0.000000 0.000000 0.000000 1.000000 0.000000 0.000000
10.000000 93.952038 9.591186 2.498092 1.841881 0.000000 0.000000 0.000000 1.000000 0.000000 0.000000
10.000000 93.955389 9.676540 2.530640 1.806507 0.000000 0.000000 0.000000 1.000000 0.000000 0.000000
10.000000 93.957465 9.640166 2.538500 1.799678 0.000000 0.000000 0.000000 1.000000 0.000000 0.000000
10.000000 93.958174 9.623426 2.531853 1.832854 0.000000 0.000000 0.000000 1.000000 0.000000 0.000000
10.000000 93.960226 9.613156 2.524992 1.827310 0.000000 0.000000 0.000000 1.000000 0.000000 0.000000
10.000000 93.960424 9.578101 2.502003 1.805734 0.000000 0.000000 0.000000 1.000000 0.000000 0.000000
10.000000 93.962052 9.514790 2.514020 1.785064 0.000000 0.000000 0.000000 1.000000 0.000000 0.000000
10.000000 93.965295 9.576030 2.548604 1.748246 0.000000 0.000000 0.000000 1.000000 0.000000 0.000000
10.000000 93.967425 9.560979 2.550713 1.746484 0.000000 0.000000 0.000000 1.000000 0.000000 0.000000
10.000000 93.968343 9.559460 2.534044 1.780795 0.000000 0.000000 0.000000 1.000000 0.000000 0.000000
10.000000 93.970137 9.517952 2.534848 1.772582 0.000000 0.000000 0.000000 1.000000 0.000000 0.000000
10.000000 93.970383 9.496214 2.522174 1.747086 0.000000 0.000000 0.000000 1.000000 0.000000 0.000000
10.000000 93.971995 9.466933 2.546634 1.726176 0.000000 0.000000 0.000000 1.000000 0.000000 0.000000
10.000000 93.975374 9.468788 2.575788 1.687443 0.000000 0.000000 0.000000 1.000000 0.000000 0.000000
10.000000 93.977526 9.454080 2.577740 1.692003 0.000000 0.000000 0.000000 1.000000 0.000000 0.000000
10.000000 93.978353 9.416640 2.577053 1.718728 0.000000 0.000000 0.000000 1.000000 0.000000 0.000000
10.000000 93.980173 9.435449 2.556749 1.710231 0.000000 0.000000 0.000000 1.000000 0.000000 0.000000
10.000000 93.980381 9.401826 2.533212 1.699847 0.000000 0.000000 0.000000 1.000000 0.000000 0.000000
10.000000 93.982172 9.350323 2.553244 1.681493 0.000000 0.000000 0.000000 1.000000 0.000000 0.000000
10.000000 93.985328 9.385586 2.588231 1.638231 0.000000 0.000000 0.000000 1.000000 0.000000 0.000000
10.000000 93.987504 9.359071 2.593631 1.629510 0.000000 0.000000 0.000000 1.000000 0.000000 0.000000
10.000000 93.988363 9.338563 2.589061 1.660263 0.000000 0.000000 0.000000 1.000000 0.000000 0.000000
10.000000 93.990346 9.393509 2.561975 1.625848 0.000000 0.000000 0.000000 1.000000 0.000000 0.000000
10.000000 93.990354 9.297770 2.546875 1.651531 0.000000 0.000000 0.000000 1.000000 0.000000 0.000000
10.000000 93.992011 9.411577 2.630041 1.649462 0.000000 0.000000 0.000000 1.000000 0.000000 0.000000
10.000000 93.995289 9.311347 2.607464 1.587649 0.000000 0.000000 0.000000 1.000000 0.000000 0.000000
10.000000 93.997685 9.327546 2.602358 1.574820 0.000000 0.000000 0.000000 1.000000 0.000000 0.000000
10.000000 93.998397 9.280926 2.609064 1.591878 0.000000 0.000000 0.000000 1.000000 0.000000 0.000000
10.000000 94.000384 9.272174 2.597610 1.585612 0.000000 0.000000 0.000000 1.000000 0.000000 0.000000
10.000000 94.000440 9.230552 2.567372 1.582723 0.000000 0.000000 0.000000 1.000000 0.000000 0.000000
10.000000 94.002103 9.198026 2.588480 1.571736 0.000000 0.000000 0.000000 1.000000 0.000000 0.000000
10.000000 94.005205 9.215235 2.617773 1.530312 0.000000 0.000000 0.000000 1.000000 0.000000 0.000000
10.000000 94.007518 9.209509 2.618040 1.523719 0.000000 0.000000 0.000000 1.000000 0.000000 0.000000
10.000000 94.008271 9.163046 2.627400 1.546388 0.000000 0.000000 0.000000 1.000000 0.000000 0.000000
10.000000 94.010318 9.163611 2.615995 1.537080 0.000000 0.000000 0.000000 1.000000 0.000000 0.000000
10.000000 94.010332 9.103785 2.572341 1.533505 0.000000 0.000000 0.000000 1.000000 0.000000 0.000000
10.000000 94.012036 9.123256 2.605988 1.510296 0.000000 0.000000 0.000000 1.000000 0.000000 0.000000
10.000000 94.015309 9.138098 2.638620 1.471473 0.000000 0.000000 0.000000 1.000000 0.000000 0.000000
10.000000 94.017638 9.079901 2.652939 1.458940 0.000000 0.000000 0.000000 1.000000 0.000000 0.000000
10.000000 94.018231 9.077422 2.641544 1.488818 0.000000 0.000000 0.000000 1.000000 0.000000 0.000000
10.000000 94.020320 9.085862 2.631434 1.486636 0.000000 0.000000 0.000000 1.000000 0.000000 0.000000
10.000000 94.020479 9.040634 2.599150 1.474279 0.000000 0.000000 0.000000 1.000000 0.000000 0.000000
10.000000 94.022328 9.007557 2.620732 1.451013 0.000000 0.000000 0.000000 1.000000 0.000000 0.000000
10.000000 94.025243 9.052065 2.656295 1.418005 0.000000 0.000000 0.000000 1.000000 0.000000 0.000000
10.000000 94.027579 9.004511 2.668167 1.403739 0.000000 0.000000 0.000000 1.000000 0.000000 0.000000
10.000000 94.028238 8.998124 2.656981 1.428212 0.000000 0.000000 0.000000 1.000000 0.000000 0.000000
10.000000 94.030409 8.993588 2.648376 1.425074 0.000000 0.000000 0.000000 1.000000 0.000000 0.000000
10.000000 94.030510 8.950768 2.616617 1.422791 0.000000 0.000000 0.000000 1.000000 0.000000 0.000000
10.000000 94.032029 8.979814 2.651613 1.398713 0.000000 0.000000 0.000000 1.000000 0.000000 0.000000
10.000000 94.035248 8.970991 2.678814 1.356428 0.000000 0.000000 0.000000 1.000000 0.000000 0.000000
10.000000 94.037712 8.874532 2.703079 1.338859 0.000000 0.000000 0.000000 1.000000 0.000000 0.000000
10.000000 94.038513 8.903835 2.674330 1.375643 0.000000 0.000000 0.000000 1.000000 0.000000 0.000000
10.000000 94.040258 8.901177 2.667649 1.370333 0.000000 0.000000 0.000000 1.000000 0.000000 0.000000
10.000000 94.040484 8.841542 2.623300 1.367617 0.000000 0.000000 0.000000 1.000000 0.000000 0.000000
10.000000 94.042072 8.917241 2.665119 1.332425 0.000000 0.000000 0.000000 1.000000 0.000000 0.000000
10.000000 94.045245 8.897992 2.689077 1.297298 0.000000 0.000000 0.000000 1.000000 0.000000 0.000000
10.000000 94.047420 8.874881 2.694945 1.286956 0.000000 0.000000 0.000000 1.000000 0.000000 0.000000
10.000000 94.048153 8.866591 2.675173 1.300179 0.000000 0.000000 0.000000 1.000000 0.000000 0.000000
10.000000 94.050397 8.848622 2.660580 1.281030 0.000000 0.000000 0.000000 1.000000 0.000000 0.000000
10.000000 94.050441 8.768006 2.646721 1.304642 0.000000 0.000000 0.000000 1.000000 0.000000 0.000000
10.000000 94.052068 8.872241 2.725083 1.293495 0.000000 0.000000 0.000000 1.000000 0.000000 0.000000
10.000000 94.055536 8.799934 2.708319 1.242944 0.000000 0.000000 0.000000 1.000000 0.000000 0.000000
10.000000 94.057573 8.710895 2.731360 1.220434 0.000000 0.000000 0.000000 1.000000 0.000000 0.000000
10.000000 94.058321 8.751677 2.698813 1.252154 0.000000 0.000000 0.000000 1.000000 0.000000 0.000000
10.000000 94.060365 8.723147 2.701104 1.253451 0.000000 0.000000 0.000000 1.000000 0.000000 0.000000
10.000000 94.060513 8.665323 2.657919 1.249017 0.000000 0.000000 0.000000 1.000000 0.000000 0.000000
10.000000 94.062089 8.705622 2.694369 1.220809 0.000000 0.000000 0.000000 1.000000 0.000000 0.000000
10.000000 94.065237 8.708273 2.723165 1.185243 0.000000 0.000000 0.000000 1.000000 0.000000 0.000000
10.000000 94.067449 8.629183 2.743822 1.162346 0.000000 0.000000 0.000000 1.000000 0.000000 0.000000
10.000000 94.068310 8.701017 2.696964 1.196796 0.000000 0.000000 0.000000 1.000000 0.000000 0.000000
10.000000 94.070317 8.634939 2.712006 1.198820 0.000000 0.000000 0.000000 1.000000 0.000000 0.000000
10.000000 94.070612 8.586781 2.677876 1.184671 0.000000 0.000000 0.000000 1.000000 0.000000 0.000000
10.000000 94.075323 8.778711 2.706703 1.116905 0.000000 0.000000 0.000000 1.000000 0.000000 0.000000
10.000000 94.077555 8.519718 2.766390 1.092381 0.000000 0.000000 0.000000 1.000000 0.000000 0.000000
10.000000 94.078512 8.582426 2.726140 1.124530 0.000000 0.000000 0.000000 1.000000 0.000000 0.000000
10.000000 94.080268 8.547692 2.733080 1.124207 0.000000 0.000000 0.000000 1.000000 0.000000 0.000000
10.000000 94.080573 8.489507 2.689570 1.119111 0.000000 0.000000 0.000000 1.000000 0.000000 0.000000
10.000000 94.085327 8.673060 2.720379 1.057426 0.000000 0.000000 0.000000 1.000000 0.000000 0.000000
10.000000 94.087652 8.468784 2.769317 1.040413 0.000000 0.000000 0.000000 1.000000 0.000000 0.000000
10.000000 94.088181 8.522006 2.733440 1.066248 0.000000 0.000000 0.000000 1.000000 0.000000 0.000000
10.000000 94.090462 8.456545 2.747419 1.059004 0.000000 0.000000 0.000000 1.000000 0.000000 0.000000
10.000000 94.090473 8.401834 2.707511 1.051109 0.000000 0.000000 0.000000 1.000000 0.000000 0.000000
10.000000 94.095255 8.604065 2.736995 0.990151 0.000000 0.000000 0.000000 1.000000 0.000000 0.000000
10.000000 94.097716 8.392083 2.781675 0.972165 0.000000 0.000000 0.000000 1.000000 0.000000 0.000000
10.000000 94.098401 8.398329 2.765122 0.994900 0.000000 0.000000 0.000000 1.000000 0.000000 0.000000
10.000000 94.100298 8.373932 2.763264 0.995484 0.000000 0.000000 0.000000 1.000000 0.000000 0.000000
10.000000 94.100586 8.308927 2.712203 1.000117 0.000000 0.000000 0.000000 1.000000 0.000000 0.000000
10.000000 94.105247 8.543790 2.752904 0.922755 0.000000 0.000000 0.000000 1.000000 0.000000 0.000000
10.000000 94.107558 8.260928 2.821359 0.897353 0.000000 0.000000 0.000000 1.000000 0.000000 0.000000
10.000000 94.108293 8.319930 2.781314 0.930531 0.000000 0.000000 0.000000 1.000000 0.000000 0.000000
10.000000 94.110163 8.292538 2.784590 0.930045 0.000000 0.000000 0.000000 1.000000 0.000000 0.000000
10.000000 94.110548 8.232726 2.738298 0.929919 0.000000 0.000000 0.000000 1.000000 0.000000 0.000000
10.000000 94.115296 8.445156 2.774796 0.857648 0.000000 0.000000 0.000000 1.000000 0.000000 0.000000
10.000000 94.117599 8.168170 2.841279 0.829463 0.000000 0.000000 0.000000 1.000000 0.000000 0.000000
10.000000 94.118257 8.240282 2.795948 0.863094 0.000000 0.000000 0.000000 1.000000 0.000000 0.000000
10.000000 94.120297 8.204428 2.803276 0.867909 0.000000 0.000000 0.000000 1.000000 0.000000 0.000000
10.000000 94.120580 8.136143 2.749467 0.870978 0.000000 0.000000 0.000000 1.000000 0.000000 0.000000
10.000000 94.125303 8.358393 2.788211 0.793157 0.000000 0.000000 0.000000 1.000000 0.000000 0.000000
10.000000 94.127577 8.107199 2.847837 0.766379 0.000000 0.000000 0.000000 1.000000 0.000000 0.000000
10.000000 94.128322 8.170112 2.806196 0.795913 0.000000 0.000000 0.000000 1.000000 0.000000 0.000000
10.000000 94.130422 8.111688 2.818717 0.802952 0.000000 0.000000 0.000000 1.000000 0.000000 0.000000
10.000000 94.130562 8.037119 2.759691 0.806975 0.000000 0.000000 0.000000 1.000000 0.000000 0.000000
10.000000 94.135326 8.262242 2.801028 0.731197 0.000000 0.000000 0.000000 1.000000 0.000000 0.000000
10.000000 94.137568 8.053367 2.851046 0.713898 0.000000 0.000000 0.000000 1.000000 0.000000 0.000000
10.000000 94.138267 8.070084 2.829923 0.735043 0.000000 0.000000 0.000000 1.000000 0.000000 0.000000
10.000000 94.140290 8.029283 2.832544 0.729282 0.000000 0.000000 0.000000 1.000000 0.000000 0.000000
10.000000 94.140524 7.967585 2.784402 0.729470 0.000000 0.000000 0.000000 1.000000 0.000000 0.000000
10.000000 94.145377 8.173596 2.823059 0.663567 0.000000 0.000000 0.000000 1.000000 0.000000 0.000000
10.000000 94.147575 7.879109 2.896242 0.630779 0.000000 0.000000 0.000000 1.000000 0.000000 0.000000
10.000000 94.148251 7.955893 2.848808 0.663949 0.000000 0.000000 0.000000 1.000000 0.000000 0.000000
10.000000 94.150248 7.940509 2.849470 0.661046 0.000000 0.000000 0.000000 1.000000 0.000000 0.000000
10.000000 94.150398 7.865873 2.788363 0.672606 0.000000 0.000000 0.000000 1.000000 0.000000 0.000000
10.000000 94.155383 8.099581 2.834273 0.598303 0.000000 0.000000 0.000000 1.000000 0.000000 0.000000
10.000000 94.157612 7.850162 2.897138 0.572319 0.000000 0.000000 0.000000 1.000000 0.000000 0.000000
10.000000 94.158537 7.892008 2.864049 0.596214 0.000000 0.000000 0.000000 1.000000 0.000000 0.000000
10.000000 94.160387 7.853873 2.866890 0.591226 0.000000 0.000000 0.000000 1.000000 0.000000 0.000000
10.000000 94.160527 7.771108 2.799304 0.602835 0.000000 0.000000 0.000000 1.000000 0.000000 0.000000
10.000000 94.165328 8.024428 2.851030 0.526640 0.000000 0.000000 0.000000 1.000000 0.000000 0.000000
10.000000 94.167553 7.751801 2.921943 0.491532 0.000000 0.000000 0.000000 1.000000 0.000000 0.000000
10.000000 94.168311 7.834986 2.869395 0.518254 0.000000 0.000000 0.000000 1.000000 0.000000 0.000000
10.000000 94.170426 7.773973 2.881362 0.524334 0.000000 0.000000 0.000000 1.000000 0.000000 0.000000
10.000000 94.170445 7.684943 2.808491 0.534944 0.000000 0.000000 0.000000 1.000000 0.000000 0.000000
10.000000 94.175427 7.934137 2.862187 0.454540 0.000000 0.000000 0.000000 1.000000 0.000000 0.000000
10.000000 94.177678 7.669741 2.932503 0.431169 0.000000 0.000000 0.000000 1.000000 0.000000 0.000000
10.000000 94.178242 7.714423 2.896582 0.458521 0.000000 0.000000 0.000000 1.000000 0.000000 0.000000
10.000000 94.180417 7.676194 2.898266 0.451174 0.000000 0.000000 0.000000 1.000000 0.000000 0.000000
10.000000 94.180574 7.583405 2.822146 0.462092 0.000000 0.000000 0.000000 1.000000 0.000000 0.000000
10.000000 94.185417 7.855608 2.878808 0.373697 0.000000 0.000000 0.000000 1.000000 0.000000 0.000000
10.000000 94.187546 7.594097 2.945959 0.344411 0.000000 0.000000 0.000000 1.000000 0.000000 0.000000
10.000000 94.188474 7.666309 2.899061 0.374993 0.000000 0.000000 0.000000 1.000000 0.000000 0.000000
10.000000 94.190479 7.738961 2.869155 0.329671 0.000000 0.000000 0.000000 1.000000 0.000000 0.000000
10.000000 94.190586 7.492005 2.818969 0.397549 0.000000 0.000000 0.000000 1.000000 0.000000 0.000000
10.000000 94.195389 7.650592 2.942921 0.326222 0.000000 0.000000 0.000000 1.000000 0.000000 0.000000
10.000000 94.197562 7.509088 2.967406 0.287359 0.000000 0.000000 0.000000 1.000000 0.000000 0.000000
10.000000 94.198218 7.559730 2.927107 0.307629 0.000000 0.000000 0.000000 1.000000 0.000000 0.000000
10.000000 94.200423 7.504772 2.932210 0.309156 0.000000 0.000000 0.000000 1.000000 0.000000 0.000000
10.000000 94.205388 7.554874 2.964400 0.251865 0.000000 0.000000 0.000000 1.000000 0.000000 0.000000
10.000000 94.207567 7.418030 2.986301 0.209320 0.000000 0.000000 0.000000 1.000000 0.000000 0.000000
10.000000 94.208388 7.496292 2.933328 0.234269 0.000000 0.000000 0.000000 1.000000 0.000000 0.000000
10.000000 94.210346 7.420397 2.945862 0.236945 0.000000 0.000000 0.000000 1.000000 0.000000 0.000000
10.000000 94.215301 7.462132 2.975078 0.178602 0.000000 0.000000 0.000000 1.000000 0.000000 0.000000
10.000000 94.217638 7.331215 2.997144 0.140480 0.000000 0.000000 0.000000 1.000000 0.000000 0.000000
10.000000 94.218382 7.399824 2.952340 0.163952 0.000000 0.000000 0.000000 1.000000 0.000000 0.000000
10.000000 94.220421 7.335771 2.963688 0.163533 0.000000 0.000000 0.000000 1.000000 0.000000 0.000000
10.000000 94.225218 7.381385 2.994561 0.098751 0.000000 0.000000 0.000000 1.000000 0.000000 0.000000
10.000000 94.227575 7.252424 3.014081 0.055320 0.000000 0.000000 0.000000 1.000000 0.000000 0.000000
10.000000 94.228268 7.337132 2.958992 0.080713 0.000000 0.000000 0.000000 1.000000 0.000000 0.000000
10.000000 94.230449 7.255649 2.974102 0.086855 0.000000 0.000000 0.000000 1.000000 0.000000 0.000000
10.000000 94.235330 7.302363 3.006680 0.022987 0.000000 0.000000 0.000000 1.000000 0.000000 0.000000
10.000000 94.238368 7.281221 2.980214 -0.006481 0.000000 0.000000 0.000000 1.000000 0.000000 0.000000
10.000000 94.240338 7.188167 2.989743 0.015293 0.000000 0.000000 0.000000 1.000000 0.000000 0.000000
10.000000 94.245455 7.211739 3.013848 -0.008395 0.000000 0.000000 0.000000 1.000000 0.000000 0.000000
10.000000 94.247604 7.109895 3.036867 0.000456 0.000000 0.000000 0.000000 1.000000 0.000000 0.000000
10.000000 94.248231 7.201984 2.980489 0.047572 0.000000 0.000000 0.000000 1.000000 0.000000 0.000000
10.000000 94.250415 7.126953 3.000236 0.069809 0.000000 0.000000 0.000000 1.000000 0.000000 0.000000
10.000000 94.255548 7.156259 3.028056 0.054459 0.000000 0.000000 0.000000 1.000000 0.000000 0.000000
10.000000 94.257593 7.057999 3.051116 0.063973 0.000000 0.000000 0.000000 1.000000 0.000000 0.000000
10.000000 94.258375 7.157270 2.991411 0.110263 0.000000 0.000000 0.000000 1.000000 0.000000 0.000000
10.000000 94.260276 7.087548 3.009257 0.128362 0.000000 0.000000 0.000000 1.000000 0.000000 0.000000
10.000000 94.265373 7.110656 3.032562 0.114442 0.000000 0.000000 0.000000 1.000000 0.000000 0.000000
10.000000 94.267591 7.054212 3.045373 0.131735 0.000000 0.000000 0.000000 1.000000 0.000000 0.000000
10.000000 94.268381 7.121191 2.996733 0.168593 0.000000 0.000000 0.000000 1.000000 0.000000 0.000000
10.000000 94.270613 7.041536 3.012330 0.189092 0.000000 0.000000 0.000000 1.000000 0.000000 0.000000
10.000000 94.275539 7.070628 3.039558 0.172582 0.000000 0.000000 0.000000 1.000000 0.000000 0.000000
10.000000 94.277597 7.000064 3.055009 0.185110 0.000000 0.000000 0.000000 1.000000 0.000000 0.000000
10.000000 94.278330 7.080404 3.003759 0.225306 0.000000 0.000000 0.000000 1.000000 0.000000 0.000000
10.000000 94.280285 6.999348 3.024099 0.250614 0.000000 0.000000 0.000000 1.000000 0.000000 0.000000
10.000000 94.285327 7.036930 3.052073 0.221917 0.000000 0.000000 0.000000 1.000000 0.000000 0.000000
10.000000 94.287640 6.924927 3.071368 0.226046 0.000000 0.000000 0.000000 1.000000 0.000000 0.000000
10.000000 94.288309 7.029638 3.005771 0.281940 0.000000 0.000000 0.000000 1.000000 0.000000 0.000000
10.000000 94.290339 6.954227 3.024766 0.306513 0.000000 0.000000 0.000000 1.000000 0.000000 0.000000
10.000000 94.295538 6.985237 3.050237 0.288829 0.000000 0.000000 0.000000 1.000000 0.000000 0.000000
10.000000 94.297674 6.922719 3.061453 0.297544 0.000000 0.000000 0.000000 1.000000 0.000000 0.000000
10.000000 94.298305 6.991782 3.016978 0.334819 0.000000 0.000000 0.000000 1.000000 0.000000 0.000000
10.000000 94.300328 6.917677 3.035444 0.354823 0.000000 0.000000 0.000000 1.000000 0.000000 0.000000
10.000000 94.305391 6.948548 3.062163 0.333302 0.000000 0.000000 0.000000 1.000000 0.000000 0.000000
10.000000 94.307645 6.818808 3.090329 0.335404 0.000000 0.000000 0.000000 1.000000 0.000000 0.000000
10.000000 94.308316 6.943768 3.016967 0.387827 0.000000 0.000000 0.000000 1.000000 0.000000 0.000000
10.000000 94.310312 6.866633 3.037342 0.409472 0.000000 0.000000 0.000000 1.000000 0.000000 0.000000
10.000000 94.315356 6.901963 3.069648 0.389492 0.000000 0.000000 0.000000 1.000000 0.000000 0.000000
10.000000 94.317648 6.795240 3.093346 0.396114 0.000000 0.000000 0.000000 1.000000 0.000000 0.000000
10.000000 94.318388 6.903547 3.026402 0.441941 0.000000 0.000000 0.000000 1.000000 0.000000 0.000000
10.000000 94.320343 6.826304 3.044354 0.462769 0.000000 0.000000 0.000000 1.000000 0.000000 0.000000
10.000000 94.325591 6.851465 3.066930 0.446814 0.000000 0.000000 0.000000 1.000000 0.000000 0.000000
10.000000 94.327681 6.786934 3.080205 0.454816 0.000000 0.000000 0.000000 1.000000 0.000000 0.000000
10.000000 94.328335 6.861601 3.030794 0.488449 0.000000 0.000000 0.000000 1.000000 0.000000 0.000000
10.000000 94.330305 6.776069 3.050907 0.513828 0.000000 0.000000 0.000000 1.000000 0.000000 0.000000
10.000000 94.335503 6.806110 3.076212 0.495761 0.000000 0.000000 0.000000 1.000000 0.000000 0.000000
10.000000 94.337708 6.739184 3.088453 0.505420 0.000000 0.000000 0.000000 1.000000 0.000000 0.000000
10.000000 94.338316 6.814687 3.040320 0.544137 0.000000 0.000000 0.000000 1.000000 0.000000 0.000000
10.000000 94.340355 6.746508 3.057019 0.564797 0.000000 0.000000 0.000000 1.000000 0.000000 0.000000
10.000000 94.345579 6.771879 3.077667 0.548566 0.000000 0.000000 0.000000 1.000000 0.000000 0.000000
10.000000 94.347638 6.713322 3.087346 0.561748 0.000000 0.000000 0.000000 1.000000 0.000000 0.000000
10.000000 94.348331 6.746210 3.054934 0.593804 0.000000 0.000000 0.000000 1.000000 0.000000 0.000000
10.000000 94.350315 6.700385 3.059508 0.610581 0.000000 0.000000 0.000000 1.000000 0.000000 0.000000
10.000000 94.355685 6.735879 3.085592 0.592471 0.000000 0.000000 0.000000 1.000000 0.000000 0.000000
10.000000 94.357695 6.655463 3.098630 0.598150 0.000000 0.000000 0.000000 1.000000 0.000000 0.000000
10.000000 94.358377 6.727524 3.053968 0.640038 0.000000 0.000000 0.000000 1.000000 0.000000 0.000000
10.000000 94.360354 6.672077 3.068640 0.658042 0.000000 0.000000 0.000000 1.000000 0.000000 0.000000
10.000000 94.365441 6.706828 3.092605 0.628380 0.000000 0.000000 0.000000 1.000000 0.000000 0.000000
10.000000 94.367658 6.640911 3.097570 0.643478 0.000000 0.000000 0.000000 1.000000 0.000000 0.000000
10.000000 94.368388 6.671771 3.068227 0.690395 0.000000 0.000000 0.000000 1.000000 0.000000 0.000000
10.000000 94.370340 6.645002 3.070068 0.696071 0.000000 0.000000 0.000000 1.000000 0.000000 0.000000
10.000000 94.375478 6.678007 3.098788 0.678570 0.000000 0.000000 0.000000 1.000000 0.000000 0.000000
10.000000 94.378379 6.760565 3.048148 0.690360 0.000000 0.000000 0.000000 1.000000 0.000000 0.000000
10.000000 94.385491 6.657715 3.075156 0.724775 0.000000 0.000000 0.000000 1.000000 0.000000 0.000000
10.000000 94.387779 6.494894 3.134388 0.728871 0.000000 0.000000 0.000000 1.000000 0.000000 0.000000
10.000000 94.388618 6.596659 3.073393 0.776592 0.000000 0.000000 0.000000 1.000000 0.000000 0.000000
10.000000 94.395360 6.605241 3.084300 0.771086 0.000000 0.000000 0.000000 1.000000 0.000000 0.000000
10.000000 94.397678 6.410966 3.149591 0.773289 0.000000 0.000000 0.000000 1.000000 0.000000 0.000000
10.000000 94.398388 6.515894 3.090842 0.824622 0.000000 0.000000 0.000000 1.000000 0.000000 0.000000
10.000000 94.405455 6.552151 3.095147 0.811766 0.000000 0.000000 0.000000 1.000000 0.000000 0.000000
10.000000 94.407672 6.371447 3.156415 0.809776 0.000000 0.000000 0.000000 1.000000 0.000000 0.000000
10.000000 94.408395 6.517230 3.077979 0.860696 0.000000 0.000000 0.000000 1.000000 0.000000 0.000000
10.000000 94.415576 6.514842 3.100107 0.860379 0.000000 0.000000 0.000000 1.000000 0.000000 0.000000
10.000000 94.417813 6.324234 3.169116 0.855224 0.000000 0.000000 0.000000 1.000000 0.000000 0.000000
10.000000 94.418488 6.468844 3.089615 0.904092 0.000000 0.000000 0.000000 1.000000 0.000000 0.000000
10.000000 94.425471 6.471084 3.106247 0.901423 0.000000 0.000000 0.000000 1.000000 0.000000 0.000000
10.000000 94.427750 6.286872 3.171267 0.899081 0.000000 0.000000 0.000000 1.000000 0.000000 0.000000
10.000000 94.428396 6.414974 3.101918 0.946606 0.000000 0.000000 0.000000 1.000000 0.000000 0.000000
10.000000 94.435460 6.462438 3.104922 0.930071 0.000000 0.000000 0.000000 1.000000 0.000000 0.000000
10.000000 94.437713 6.247856 3.176568 0.930793 0.000000 0.000000 0.000000 1.000000 0.000000 0.000000
10.000000 94.438600 6.377314 3.103127 0.984741 0.000000 0.000000 0.000000 1.000000 0.000000 0.000000
10.000000 94.445400 6.426787 3.104765 0.966482 0.000000 0.000000 0.000000 1.000000 0.000000 0.000000
10.000000 94.447792 6.201803 3.181468 0.958101 0.000000 0.000000 0.000000 1.000000 0.000000 0.000000
10.000000 94.448467 6.364855 3.095671 1.010542 0.000000 0.000000 0.000000 1.000000 0.000000 0.000000
10.000000 94.455462 6.377574 3.112737 1.005495 0.000000 0.000000 0.000000 1.000000 0.000000 0.000000
10.000000 94.457763 6.186979 3.179759 1.009730 0.000000 0.000000 0.000000 1.000000 0.000000 0.000000
10.000000 94.458512 6.287046 3.121742 1.058506 0.000000 0.000000 0.000000 1.000000 0.000000 0.000000
10.000000 94.465430 6.334924 3.120137 1.041048 0.000000 0.000000 0.000000 1.000000 0.000000 0.000000
10.000000 94.467687 6.147813 3.182182 1.048158 0.000000 0.000000 0.000000 1.000000 0.000000 0.000000
10.000000 94.468451 6.240333 3.127773 1.096867 0.000000 0.000000 0.000000 1.000000 0.000000 0.000000
10.000000 94.475457 6.287668 3.126996 1.079510 0.000000 0.000000 0.000000 1.000000 0.000000 0.000000
10.000000 94.477692 6.080721 3.195403 1.079697 0.000000 0.000000 0.000000 1.000000 0.000000 0.000000
10.000000 94.478481 6.209755 3.123643 1.129527 0.000000 0.000000 0.000000 1.000000 0.000000 0.000000
10.000000 94.485426 6.245904 3.129734 1.115696 0.000000 0.000000 0.000000 1.000000 0.000000 0.000000
10.000000 94.487793 6.044600 3.199396 1.117079 0.000000 0.000000 0.000000 1.000000 0.000000 0.000000
10.000000 94.488449 6.155633 3.137340 1.164890 0.000000 0.000000 0.000000 1.000000 0.000000 0.000000
10.000000 94.495339 6.206724 3.136862 1.146774 0.000000 0.000000 0.000000 1.000000 0.000000 0.000000
10.000000 94.497798 6.082876 3.185752 1.149332 0.000000 0.000000 0.000000 1.000000 0.000000 0.000000
10.000000 94.498542 6.170508 3.127721 1.181439 0.000000 0.000000 0.000000 1.000000 0.000000 0.000000
10.000000 94.505344 6.148420 3.145815 1.181805 0.000000 0.000000 0.000000 1.000000 0.000000 0.000000
10.000000 94.507774 5.976892 3.208348 1.188482 0.000000 0.000000 0.000000 1.000000 0.000000 0.000000
10.000000 94.508479 6.071069 3.148547 1.232604 0.000000 0.000000 0.000000 1.000000 0.000000 0.000000
10.000000 94.515489 6.107531 3.151221 1.216006 0.000000 0.000000 0.000000 1.000000 0.000000 0.000000
10.000000 94.517860 5.923374 3.218742 1.219297 0.000000 0.000000 0.000000 1.000000 0.000000 0.000000
10.000000 94.518563 6.024182 3.159494 1.263612 0.000000 0.000000 0.000000 1.000000 0.000000 0.000000
10.000000 94.525441 6.081454 3.157324 1.242271 0.000000 0.000000 0.000000 1.000000 0.000000 0.000000
10.000000 94.527819 5.882201 3.227191 1.246674 0.000000 0.000000 0.000000 1.000000 0.000000 0.000000
10.000000 94.528603 5.983054 3.165606 1.292895 0.000000 0.000000 0.000000 1.000000 0.000000 0.000000
10.000000 94.535484 6.042911 3.161100 1.269881 0.000000 0.000000 0.000000 1.000000 0.000000 0.000000
10.000000 94.537836 5.849491 3.229882 1.275374 0.000000 0.000000 0.000000 1.000000 0.000000 0.000000
10.000000 94.538509 5.953022 3.168186 1.322295 0.000000 0.000000 0.000000 1.000000 0.000000 0.000000
10.000000 94.545601 6.009991 3.165197 1.300731 0.000000 0.000000 0.000000 1.000000 0.000000 0.000000
10.000000 94.547844 5.834470 3.228685 1.310398 0.000000 0.000000 0.000000 1.000000 0.000000 0.000000
10.000000 94.548408 5.886459 3.184140 1.349476 0.000000 0.000000 0.000000 1.000000 0.000000 0.000000
10.000000 94.555528 5.931365 3.178010 1.327699 0.000000 0.000000 0.000000 1.000000 0.000000 0.000000
10.000000 94.557808 5.773852 3.238172 1.337201 0.000000 0.000000 0.000000 1.000000 0.000000 0.000000
10.000000 94.558405 5.848304 3.189343 1.378469 0.000000 0.000000 0.000000 1.000000 0.000000 0.000000
10.000000 94.565671 5.906759 3.181926 1.355690 0.000000 0.000000 0.000000 1.000000 0.000000 0.000000
10.000000 94.567790 5.714984 3.247803 1.362420 0.000000 0.000000 0.000000 1.000000 0.000000 0.000000
10.000000 94.568439 5.795316 3.200370 1.406322 0.000000 0.000000 0.000000 1.000000 0.000000 0.000000
10.000000 94.575559 5.873446 3.187795 1.379760 0.000000 0.000000 0.000000 1.000000 0.000000 0.000000
10.000000 94.577850 5.679835 3.252061 1.382346 0.000000 0.000000 0.000000 1.000000 0.000000 0.000000
10.000000 94.578618 5.778748 3.195255 1.423887 0.000000 0.000000 0.000000 1.000000 0.000000 0.000000
10.000000 94.585607 5.821530 3.196945 1.407301 0.000000 0.000000 0.000000 1.000000 0.000000 0.000000
10.000000 94.587814 5.624784 3.264748 1.411462 0.000000 0.000000 0.000000 1.000000 0.000000 0.000000
10.000000 94.588470 5.718314 3.210437 1.454484 0.000000 0.000000 0.000000 1.000000 0.000000 0.000000
10.000000 94.595505 5.793361 3.198445 1.428552 0.000000 0.000000 0.000000 1.000000 0.000000 0.000000
10.000000 94.597770 5.610263 3.261627 1.418785 0.000000 0.000000 0.000000 1.000000 0.000000 0.000000
10.000000 94.598535 5.749036 3.186395 1.451825 0.000000 0.000000 0.000000 1.000000 0.000000 0.000000
10.000000 94.605485 5.728152 3.210119 1.453938 0.000000 0.000000 0.000000 1.000000 0.000000 0.000000
10.000000 94.607833 5.563291 3.270069 1.463784 0.000000 0.000000 0.000000 1.000000 0.000000 0.000000
10.000000 94.608458 5.612647 3.234634 1.501677 0.000000 0.000000 0.000000 1.000000 0.000000 0.000000
10.000000 94.615494 5.679858 3.224633 1.476533 0.000000 0.000000 0.000000 1.000000 0.000000 0.000000
10.000000 94.617830 5.470172 3.295288 1.480380 0.000000 0.000000 0.000000 1.000000 0.000000 0.000000
10.000000 94.618556 5.573978 3.230708 1.523525 0.000000 0.000000 0.000000 1.000000 0.000000 0.000000
10.000000 94.625488 5.667438 3.209733 1.489652 0.000000 0.000000 0.000000 1.000000 0.000000 0.000000
10.000000 94.627833 5.497794 3.269809 1.503245 0.000000 0.000000 0.000000 1.000000 0.000000 0.000000
10.000000 94.628566 5.530132 3.242991 1.543008 0.000000 0.000000 0.000000 1.000000 0.000000 0.000000
10.000000 94.635604 5.597200 3.228552 1.518657 0.000000 0.000000 0.000000 1.000000 0.000000 0.000000
10.000000 94.637862 5.439966 3.281444 1.524766 0.000000 0.000000 0.000000 1.000000 0.000000 0.000000
10.000000 94.638487 5.492632 3.245614 1.556870 0.000000 0.000000 0.000000 1.000000 0.000000 0.000000
10.000000 94.645577 5.554267 3.232421 1.533954 0.000000 0.000000 0.000000 1.000000 0.000000 0.000000
10.000000 94.647815 5.494967 3.260538 1.550744 0.000000 0.000000 0.000000 1.000000 0.000000 0.000000
10.000000 94.648479 5.469757 3.254010 1.569807 0.000000 0.000000 0.000000 1.000000 0.000000 0.000000
10.000000 94.655464 5.508723 3.242020 1.549219 0.000000 0.000000 0.000000 1.000000 0.000000 0.000000
10.000000 94.657844 5.346778 3.297997 1.558010 0.000000 0.000000 0.000000 1.000000 0.000000 0.000000
10.000000 94.658573 5.399153 3.261152 1.593237 0.000000 0.000000 0.000000 1.000000 0.000000 0.000000
10.000000 94.665612 5.443700 3.263520 1.573873 0.000000 0.000000 0.000000 1.000000 0.000000 0.000000
10.000000 94.667851 5.205178 3.347726 1.563309 0.000000 0.000000 0.000000 1.000000 0.000000 0.000000
10.000000 94.668462 5.365107 3.263355 1.604205 0.000000 0.000000 0.000000 1.000000 0.000000 0.000000
10.000000 94.675573 5.429988 3.256026 1.581512 0.000000 0.000000 0.000000 1.000000 0.000000 0.000000
10.000000 94.677826 5.240738 3.319776 1.587330 0.000000 0.000000 0.000000 1.000000 0.000000 0.000000
10.000000 94.678664 5.322015 3.269290 1.626265 0.000000 0.000000 0.000000 1.000000 0.000000 0.000000
10.000000 94.685521 5.397854 3.255743 1.598504 0.000000 0.000000 0.000000 1.000000 0.000000 0.000000
10.000000 94.687828 5.217459 3.319201 1.600888 0.000000 0.000000 0.000000 1.000000 0.000000 0.000000
10.000000 94.688494 5.284356 3.278460 1.634663 0.000000 0.000000 0.000000 1.000000 0.000000 0.000000
10.000000 94.695520 5.354298 3.265014 1.609903 0.000000 0.000000 0.000000 1.000000 0.000000 0.000000
10.000000 94.697843 5.166530 3.326371 1.612794 0.000000 0.000000 0.000000 1.000000 0.000000 0.000000
10.000000 94.705575 5.176791 3.320551 1.620490 0.000000 0.000000 0.000000 1.000000 0.000000 0.000000
10.000000 94.707831 5.130230 3.331611 1.621906 0.000000 0.000000 0.000000 1.000000 0.000000 0.000000
10.000000 94.708502 5.201153 3.288841 1.656262 0.000000 0.000000 0.000000 1.000000 0.000000 0.000000
10.000000 94.715522 5.270767 3.275902 1.631390 0.000000 0.000000 0.000000 1.000000 0.000000 0.000000
10.000000 94.717955 5.092982 3.335286 1.635790 0.000000 0.000000 0.000000 1.000000 0.000000 0.000000
10.000000 94.718603 5.156780 3.294774 1.669374 0.000000 0.000000 0.000000 1.000000 0.000000 0.000000
10.000000 94.725740 5.235871 3.279136 1.640943 0.000000 0.000000 0.000000 1.000000 0.000000 0.000000
10.000000 94.727903 5.038989 3.345130 1.643279 0.000000 0.000000 0.000000 1.000000 0.000000 0.000000
10.000000 94.728480 5.120718 3.298073 1.679965 0.000000 0.000000 0.000000 1.000000 0.000000 0.000000
10.000000 94.735586 5.210032 3.280397 1.649495 0.000000 0.000000 0.000000 1.000000 0.000000 0.000000
10.000000 94.738028 5.006897 3.347497 1.649944 0.000000 0.000000 0.000000 1.000000 0.000000 0.000000
10.000000 94.738583 5.076745 3.304154 1.683398 0.000000 0.000000 0.000000 1.000000 0.000000 0.000000
10.000000 94.745562 5.132915 3.298604 1.661280 0.000000 0.000000 0.000000 1.000000 0.000000 0.000000
10.000000 94.747872 4.919400 3.371069 1.659577 0.000000 0.000000 0.000000 1.000000 0.000000 0.000000
10.000000 94.748530 5.004520 3.321568 1.694623 0.000000 0.000000 0.000000 1.000000 0.000000 0.000000
10.000000 94.755590 5.095989 3.300854 1.663010 0.000000 0.000000 0.000000 1.000000 0.000000 0.000000
10.000000 94.757803 4.927756 3.358229 1.666711 0.000000 0.000000 0.000000 1.000000 0.000000 0.000000
10.000000 94.758591 4.989554 3.317915 1.697907 0.000000 0.000000 0.000000 1.000000 0.000000 0.000000
10.000000 94.765508 5.060298 3.304487 1.671128 0.000000 0.000000 0.000000 1.000000 0.000000 0.000000
10.000000 94.767901 4.859948 3.372279 1.668933 0.000000 0.000000 0.000000 1.000000 0.000000 0.000000
10.000000 94.768497 4.941084 3.325803 1.701359 0.000000 0.000000 0.000000 1.000000 0.000000 0.000000
10.000000 94.775525 5.018852 3.311286 1.673814 0.000000 0.000000 0.000000 1.000000 0.000000 0.000000
10.000000 94.777861 4.824415 3.376273 1.670901 0.000000 0.000000 0.000000 1.000000 0.000000 0.000000
10.000000 94.778601 4.920581 3.323560 1.703481 0.000000 0.000000 0.000000 1.000000 0.000000 0.000000
10.000000 94.785498 4.992162 3.313155 1.677890 0.000000 0.000000 0.000000 1.000000 0.000000 0.000000
10.000000 94.787821 4.778354 3.383351 1.680105 0.000000 0.000000 0.000000 1.000000 0.000000 0.000000
10.000000 94.788524 4.840828 3.343799 1.715530 0.000000 0.000000 0.000000 1.000000 0.000000 0.000000
10.000000 94.795548 4.935489 3.323220 1.681941 0.000000 0.000000 0.000000 1.000000 0.000000 0.000000
10.000000 94.797788 4.737255 3.390317 1.683325 0.000000 0.000000 0.000000 1.000000 0.000000 0.000000
10.000000 94.798660 4.787446 3.355247 1.714653 0.000000 0.000000 0.000000 1.000000 0.000000 0.000000
10.000000 94.805513 4.880252 3.333121 1.680814 0.000000 0.000000 0.000000 1.000000 0.000000 0.000000
10.000000 94.807779 4.708821 3.393198 1.684783 0.000000 0.000000 0.000000 1.000000 0.000000 0.000000
10.000000 94.808556 4.768988 3.354859 1.717083 0.000000 0.000000 0.000000 1.000000 0.000000 0.000000
10.000000 94.815462 4.873935 3.328344 1.680343 0.000000 0.000000 0.000000 1.000000 0.000000 0.000000
10.000000 94.817892 4.670419 3.394781 1.682762 0.000000 0.000000 0.000000 1.000000 0.000000 0.000000
10.000000 94.818635 4.730564 3.359410 1.717304 0.000000 0.000000 0.000000 1.000000 0.000000 0.000000
10.000000 94.825610 4.833111 3.335396 1.682514 0.000000 0.000000 0.000000 1.000000 0.000000 0.000000
10.000000 94.827895 4.631537 3.400168 1.684447 0.000000 0.000000 0.000000 1.000000 0.000000 0.000000
10.000000 94.828528 4.678482 3.371469 1.716515 0.000000 0.000000 0.000000 1.000000 0.000000 0.000000
10.000000 94.835664 4.787955 3.345143 1.679486 0.000000 0.000000 0.000000 1.000000 0.000000 0.000000
10.000000 94.837928 4.589260 3.409381 1.681438 0.000000 0.000000 0.000000 1.000000 0.000000 0.000000
10.000000 94.838605 4.643223 3.374247 1.713398 0.000000 0.000000 0.000000 1.000000 0.000000 0.000000
10.000000 94.845903 4.752642 3.347146 1.674746 0.000000 0.000000 0.000000 1.000000 0.000000 0.000000
10.000000 94.847914 4.659232 3.387924 1.682684 0.000000 0.000000 0.000000 1.000000 0.000000 0.000000
10.000000 94.848636 4.644150 3.375432 1.699921 0.000000 0.000000 0.000000 1.000000 0.000000 0.000000
10.000000 94.855533 4.711299 3.353537 1.669605 0.000000 0.000000 0.000000 1.000000 0.000000 0.000000
10.000000 94.857898 4.525823 3.417421 1.674414 0.000000 0.000000 0.000000 1.000000 0.000000 0.000000
10.000000 94.858748 4.566856 3.386740 1.706949 0.000000 0.000000 0.000000 1.000000 0.000000 0.000000
10.000000 94.865876 4.679109 3.356992 1.666522 0.000000 0.000000 0.000000 1.000000 0.000000 0.000000
10.000000 94.868011 4.456692 3.429796 1.660644 0.000000 0.000000 0.000000 1.000000 0.000000 0.000000
10.000000 94.868603 4.544807 3.380702 1.692649 0.000000 0.000000 0.000000 1.000000 0.000000 0.000000
10.000000 94.875712 4.630419 3.363846 1.661524 0.000000 0.000000 0.000000 1.000000 0.000000 0.000000
10.000000 94.877952 4.444212 3.427455 1.659877 0.000000 0.000000 0.000000 1.000000 0.000000 0.000000
10.000000 94.878818 4.502879 3.390609 1.688456 0.000000 0.000000 0.000000 1.000000 0.000000 0.000000
10.000000 94.885545 4.588660 3.372407 1.656326 0.000000 0.000000 0.000000 1.000000 0.000000 0.000000
10.000000 94.887928 4.348514 3.449868 1.650798 0.000000 0.000000 0.000000 1.000000 0.000000 0.000000
10.000000 94.888623 4.438595 3.400649 1.685617 0.000000 0.000000 0.000000 1.000000 0.000000 0.000000
10.000000 94.895753 4.538798 3.379518 1.649903 0.000000 0.000000 0.000000 1.000000 0.000000 0.000000
10.000000 94.898041 4.320294 3.452011 1.636433 0.000000 0.000000 0.000000 1.000000 0.000000 0.000000
10.000000 94.898593 4.425726 3.398137 1.663444 0.000000 0.000000 0.000000 1.000000 0.000000 0.000000
10.000000 94.905853 4.487340 3.390365 1.640607 0.000000 0.000000 0.000000 1.000000 0.000000 0.000000
10.000000 94.908020 4.276561 3.457998 1.635151 0.000000 0.000000 0.000000 1.000000 0.000000 0.000000
10.000000 94.908559 4.367223 3.408119 1.666203 0.000000 0.000000 0.000000 1.000000 0.000000 0.000000
10.000000 94.915681 4.461873 3.390251 1.631200 0.000000 0.000000 0.000000 1.000000 0.000000 0.000000
10.000000 94.917968 4.235363 3.466208 1.624767 0.000000 0.000000 0.000000 1.000000 0.000000 0.000000
10.000000 94.918864 4.325284 3.417007 1.657980 0.000000 0.000000 0.000000 1.000000 0.000000 0.000000
10.000000 94.925930 4.429564 3.395390 1.619989 0.000000 0.000000 0.000000 1.000000 0.000000 0.000000
10.000000 94.927853 4.194459 3.473058 1.609997 0.000000 0.000000 0.000000 1.000000 0.000000 0.000000
10.000000 94.928671 4.301822 3.415666 1.642616 0.000000 0.000000 0.000000 1.000000 0.000000 0.000000
10.000000 94.935619 4.389548 3.398976 1.609802 0.000000 0.000000 0.000000 1.000000 0.000000 0.000000
10.000000 94.937866 4.163056 3.473543 1.600180 0.000000 0.000000 0.000000 1.000000 0.000000 0.000000
10.000000 94.938664 4.261604 3.420992 1.631185 0.000000 0.000000 0.000000 1.000000 0.000000 0.000000
10.000000 94.945730 4.341740 3.408582 1.600625 0.000000 0.000000 0.000000 1.000000 0.000000 0.000000
10.000000 94.947863 4.113054 3.484606 1.592107 0.000000 0.000000 0.000000 1.000000 0.000000 0.000000
10.000000 94.948619 4.192169 3.439661 1.622326 0.000000 0.000000 0.000000 1.000000 0.000000 0.000000
10.000000 94.955794 4.298112 3.414200 1.582847 0.000000 0.000000 0.000000 1.000000 0.000000 0.000000
10.000000 94.957848 4.086792 3.484278 1.574162 0.000000 0.000000 0.000000 1.000000 0.000000 0.000000
10.000000 94.958877 4.180732 3.434693 1.604071 0.000000 0.000000 0.000000 1.000000 0.000000 0.000000
10.000000 94.965724 4.274364 3.415291 1.569227 0.000000 0.000000 0.000000 1.000000 0.000000 0.000000
10.000000 94.967899 4.049108 3.487841 1.563282 0.000000 0.000000 0.000000 1.000000 0.000000 0.000000
10.000000 94.968752 4.115072 3.448610 1.593689 0.000000 0.000000 0.000000 1.000000 0.000000 0.000000
10.000000 94.975684 4.215247 3.427762 1.554966 0.000000 0.000000 0.000000 1.000000 0.000000 0.000000
10.000000 94.977900 3.997742 3.502498 1.543571 0.000000 0.000000 0.000000 1.000000 0.000000 0.000000
10.000000 94.978674 4.096476 3.449941 1.573133 0.000000 0.000000 0.000000 1.000000 0.000000 0.000000
10.000000 94.985676 4.194587 3.431289 1.535512 0.000000 0.000000 0.000000 1.000000 0.000000 0.000000
10.000000 94.987863 3.938548 3.515277 1.518657 0.000000 0.000000 0.000000 1.000000 0.000000 0.000000
10.000000 94.988549 4.075820 3.447271 1.552128 0.000000 0.000000 0.000000 1.000000 0.000000 0.000000
10.000000 94.995697 4.155562 3.436221 1.521626 0.000000 0.000000 0.000000 1.000000 0.000000 0.000000
10.000000 94.997912 3.964717 3.502537 1.507552 0.000000 0.000000 0.000000 1.000000 0.000000 0.000000
10.000000 94.998710 4.032108 3.460578 1.527099 0.000000 0.000000 0.000000 1.000000 0.000000 0.000000
10.000000 95.005633 4.095209 3.448032 1.499561 0.000000 0.000000 0.000000 1.000000 0.000000 0.000000
10.000000 95.007962 3.877595 3.520395 1.487129 0.000000 0.000000 0.000000 1.000000 0.000000 0.000000
10.000000 95.008767 3.979195 3.464355 1.515585 0.000000 0.000000 0.000000 1.000000 0.000000 0.000000
10.000000 95.015629 4.053777 3.452509 1.484343 0.000000 0.000000 0.000000 1.000000 0.000000 0.000000
10.000000 95.018077 3.826446 3.529733 1.471584 0.000000 0.000000 0.000000 1.000000 0.000000 0.000000
10.000000 95.018703 3.930162 3.474342 1.502198 0.000000 0.000000 0.000000 1.000000 0.000000 0.000000
10.000000 95.025617 4.035631 3.452225 1.460586 0.000000 0.000000 0.000000 1.000000 0.000000 0.000000
10.000000 95.027937 3.784109 3.535053 1.445923 0.000000 0.000000 0.000000 1.000000 0.000000 0.000000
10.000000 95.028783 3.896585 3.474919 1.478564 0.000000 0.000000 0.000000 1.000000 0.000000 0.000000
10.000000 95.035648 3.997792 3.455052 1.437742 0.000000 0.000000 0.000000 1.000000 0.000000 0.000000
10.000000 95.037942 3.768248 3.533832 1.423281 0.000000 0.000000 0.000000 1.000000 0.000000 0.000000
10.000000 95.038882 3.868579 3.480037 1.452972 0.000000 0.000000 0.000000 1.000000 0.000000 0.000000
10.000000 95.045658 3.945545 3.468656 1.420717 0.000000 0.000000 0.000000 1.000000 0.000000 0.000000
10.000000 95.047970 3.761315 3.536281 1.393917 0.000000 0.000000 0.000000 1.000000 0.000000 0.000000
10.000000 95.048641 3.884293 3.468217 1.408817 0.000000 0.000000 0.000000 1.000000 0.000000 0.000000
10.000000 95.055674 3.900448 3.474945 1.396828 0.000000 0.000000 0.000000 1.000000 0.000000 0.000000
10.000000 95.057872 3.660486 3.555085 1.375849 0.000000 0.000000 0.000000 1.000000 0.000000 0.000000
10.000000 95.058721 3.788475 3.489229 1.403823 0.000000 0.000000 0.000000 1.000000 0.000000 0.000000
10.000000 95.065586 3.875594 3.475085 1.367369 0.000000 0.000000 0.000000 1.000000 0.000000 0.000000
10.000000 95.067932 3.607752 3.562794 1.349444 0.000000 0.000000 0.000000 1.000000 0.000000 0.000000
10.000000 95.068646 3.740237 3.493513 1.384637 0.000000 0.000000 0.000000 1.000000 0.000000 0.000000
10.000000 95.075649 3.839745 3.478567 1.342437 0.000000 0.000000 0.000000 1.000000 0.000000 0.000000
10.000000 95.077980 3.562799 3.573764 1.314634 0.000000 0.000000 0.000000 1.000000 0.000000 0.000000
10.000000 95.078719 3.730608 3.491393 1.347807 0.000000 0.000000 0.000000 1.000000 0.000000 0.000000
10.000000 95.085694 3.804373 3.486205 1.316115 0.000000 0.000000 0.000000 1.000000 0.000000 0.000000
10.000000 95.088506 3.526457 3.578248 1.294574 0.000000 0.000000 0.000000 1.000000 0.000000 0.000000
10.000000 95.088661 3.674195 3.504359 1.330772 0.000000 0.000000 0.000000 1.000000 0.000000 0.000000
10.000000 95.095688 3.766681 3.490937 1.291639 0.000000 0.000000 0.000000 1.000000 0.000000 0.000000
10.000000 95.097988 3.523823 3.574262 1.270664 0.000000 0.000000 0.000000 1.000000 0.000000 0.000000
10.000000 95.098715 3.629789 3.513165 1.297791 0.000000 0.000000 0.000000 1.000000 0.000000 0.000000
10.000000 95.105773 3.715509 3.500078 1.258076 0.000000 0.000000 0.000000 1.000000 0.000000 0.000000
10.000000 95.108190 3.414781 3.601999 1.234157 0.000000 0.000000 0.000000 1.000000 0.000000 0.000000
10.000000 95.108660 3.585137 3.518468 1.275672 0.000000 0.000000 0.000000 1.000000 0.000000 0.000000
10.000000 95.115704 3.703869 3.505261 1.224857 0.000000 0.000000 0.000000 1.000000 0.000000 0.000000
10.000000 95.117945 3.322868 3.631321 1.189992 0.000000 0.000000 0.000000 1.000000 0.000000 0.000000
10.000000 95.118750 3.554230 3.518428 1.239785 0.000000 0.000000 0.000000 1.000000 0.000000 0.000000
10.000000 95.125898 3.654806 3.505996 1.195922 0.000000 0.000000 0.000000 1.000000 0.000000 0.000000
10.000000 95.128033 3.345263 3.609253 1.168077 0.000000 0.000000 0.000000 1.000000 0.000000 0.000000
10.000000 95.128758 3.523133 3.523377 1.208642 0.000000 0.000000 0.000000 1.000000 0.000000 0.000000
10.000000 95.135700 3.616312 3.514771 1.167794 0.000000 0.000000 0.000000 1.000000 0.000000 0.000000
10.000000 95.137994 3.317274 3.615212 1.138045 0.000000 0.000000 0.000000 1.000000 0.000000 0.000000
10.000000 95.138791 3.496352 3.526507 1.175780 0.000000 0.000000 0.000000 1.000000 0.000000 0.000000
10.000000 95.145971 3.583871 3.518250 1.136013 0.000000 0.000000 0.000000 1.000000 0.000000 0.000000
10.000000 95.147995 3.310294 3.613517 1.102938 0.000000 0.000000 0.000000 1.000000 0.000000 0.000000
10.000000 95.148693 3.479655 3.525242 1.133591 0.000000 0.000000 0.000000 1.000000 0.000000 0.000000
10.000000 95.155730 3.543962 3.522716 1.101424 0.000000 0.000000 0.000000 1.000000 0.000000 0.000000
10.000000 95.157981 3.208399 3.634080 1.063217 0.000000 0.000000 0.000000 1.000000 0.000000 0.000000
10.000000 95.158862 3.426024 3.530439 1.104111 0.000000 0.000000 0.000000 1.000000 0.000000 0.000000
10.000000 95.165978 3.497296 3.530615 1.071025 0.000000 0.000000 0.000000 1.000000 0.000000 0.000000
10.000000 95.168060 3.163453 3.640308 1.024398 0.000000 0.000000 0.000000 1.000000 0.000000 0.000000
10.000000 95.168742 3.405634 3.526625 1.060437 0.000000 0.000000 0.000000 1.000000 0.000000 0.000000
10.000000 95.175787 3.468778 3.534449 1.030250 0.000000 0.000000 0.000000 1.000000 0.000000 0.000000
10.000000 95.178088 3.118078 3.651253 0.991310 0.000000 0.000000 0.000000 1.000000 0.000000 0.000000
10.000000 95.178812 3.345980 3.543088 1.036507 0.000000 0.000000 0.000000 1.000000 0.000000 0.000000
10.000000 95.185753 3.441820 3.536883 0.992155 0.000000 0.000000 0.000000 1.000000 0.000000 0.000000
10.000000 95.188040 3.062570 3.660052 0.948729 0.000000 0.000000 0.000000 1.000000 0.000000 0.000000
10.000000 95.188945 3.310802 3.543280 0.996526 0.000000 0.000000 0.000000 1.000000 0.000000 0.000000
10.000000 95.195787 3.402930 3.539128 0.953443 0.000000 0.000000 0.000000 1.000000 0.000000 0.000000
10.000000 95.197982 3.176710 3.625336 0.923262 0.000000 0.000000 0.000000 1.000000 0.000000 0.000000
10.000000 95.198827 3.300073 3.553099 0.947650 0.000000 0.000000 0.000000 1.000000 0.000000 0.000000
10.000000 95.205928 3.352882 3.549850 0.917423 0.000000 0.000000 0.000000 1.000000 0.000000 0.000000
10.000000 95.208115 3.023024 3.660527 0.874842 0.000000 0.000000 0.000000 1.000000 0.000000 0.000000
10.000000 95.208737 3.248458 3.550005 0.915144 0.000000 0.000000 0.000000 1.000000 0.000000 0.000000
10.000000 95.215743 3.312086 3.553504 0.882255 0.000000 0.000000 0.000000 1.000000 0.000000 0.000000
10.000000 95.218036 2.982860 3.665975 0.837200 0.000000 0.000000 0.000000 1.000000 0.000000 0.000000
10.000000 95.219009 3.213725 3.557590 0.877221 0.000000 0.000000 0.000000 1.000000 0.000000 0.000000
10.000000 95.225767 3.293639 3.557907 0.838092 0.000000 0.000000 0.000000 1.000000 0.000000 0.000000
10.000000 95.228108 2.924278 3.678733 0.793640 0.000000 0.000000 0.000000 1.000000 0.000000 0.000000
10.000000 95.228731 3.169590 3.564066 0.841909 0.000000 0.000000 0.000000 1.000000 0.000000 0.000000
10.000000 95.235824 3.259471 3.562325 0.797950 0.000000 0.000000 0.000000 1.000000 0.000000 0.000000
10.000000 95.238012 2.888162 3.684858 0.751334 0.000000 0.000000 0.000000 1.000000 0.000000 0.000000
10.000000 95.238830 3.132658 3.568979 0.798746 0.000000 0.000000 0.000000 1.000000 0.000000 0.000000
10.000000 95.245916 3.224270 3.565791 0.752921 0.000000 0.000000 0.000000 1.000000 0.000000 0.000000
10.000000 95.248123 2.779845 3.706942 0.697391 0.000000 0.000000 0.000000 1.000000 0.000000 0.000000
10.000000 95.248684 3.090228 3.569303 0.756740 0.000000 0.000000 0.000000 1.000000 0.000000 0.000000
10.000000 95.255898 3.169196 3.578564 0.718685 0.000000 0.000000 0.000000 1.000000 0.000000 0.000000
10.000000 95.257962 2.784063 3.704883 0.657809 0.000000 0.000000 0.000000 1.000000 0.000000 0.000000
10.000000 95.259007 3.081128 3.567586 0.702622 0.000000 0.000000 0.000000 1.000000 0.000000 0.000000
10.000000 95.265954 3.144859 3.577866 0.669495 0.000000 0.000000 0.000000 1.000000 0.000000 0.000000
10.000000 95.267987 2.773924 3.702102 0.611677 0.000000 0.000000 0.000000 1.000000 0.000000 0.000000
10.000000 95.268889 3.050619 3.572971 0.656041 0.000000 0.000000 0.000000 1.000000 0.000000 0.000000
10.000000 95.275789 3.121691 3.581760 0.618559 0.000000 0.000000 0.000000 1.000000 0.000000 0.000000
10.000000 95.278083 2.692102 3.722520 0.557954 0.000000 0.000000 0.000000 1.000000 0.000000 0.000000
10.000000 95.279084 3.002962 3.579404 0.614430 0.000000 0.000000 0.000000 1.000000 0.000000 0.000000
10.000000 95.285874 3.079793 3.583254 0.574566 0.000000 0.000000 0.000000 1.000000 0.000000 0.000000
10.000000 95.287997 2.688348 3.710145 0.519802 0.000000 0.000000 0.000000 1.000000 0.000000 0.000000
10.000000 95.288841 2.993515 3.567492 0.575483 0.000000 0.000000 0.000000 1.000000 0.000000 0.000000
10.000000 95.295807 3.062111 3.581476 0.538142 0.000000 0.000000 0.000000 1.000000 0.000000 0.000000
10.000000 95.298091 2.630454 3.727275 0.468722 0.000000 0.000000 0.000000 1.000000 0.000000 0.000000
10.000000 95.305735 2.664913 3.713010 0.455378 0.000000 0.000000 0.000000 1.000000 0.000000 0.000000
10.000000 95.308103 2.607766 3.728133 0.425957 0.000000 0.000000 0.000000 1.000000 0.000000 0.000000
10.000000 95.325765 2.586243 3.726131 0.347259 0.000000 0.000000 0.000000 1.000000 0.000000 0.000000
10.000000 95.328002 2.498013 3.749964 0.303563 0.000000 0.000000 0.000000 1.000000 0.000000 0.000000
10.000000 95.355853 2.561108 3.728049 0.217031 0.000000 0.000000 0.000000 1.000000 0.000000 0.000000
10.000000 95.358135 2.425033 3.762015 0.176593 0.000000 0.000000 0.000000 1.000000 0.000000 0.000000
10.000000 95.365937 2.523324 3.718590 0.171479 0.000000 0.000000 0.000000 1.000000 0.000000 0.000000
10.000000 95.368338 2.427755 3.742931 0.133441 0.000000 0.000000 0.000000 1.000000 0.000000 0.000000
10.000000 95.375880 2.455246 3.732322 0.114479 0.000000 0.000000 0.000000 1.000000 0.000000 0.000000
10.000000 95.378111 2.373342 3.753555 0.074613 0.000000 0.000000 0.000000 1.000000 0.000000 0.000000
10.000000 95.385983 2.368365 3.757956 0.048359 0.000000 0.000000 0.000000 1.000000 0.000000 0.000000
10.000000 95.388153 2.253517 3.787039 0.004983 0.000000 0.000000 0.000000 1.000000 0.000000 0.000000
10.000000 95.395900 2.279543 3.777025 -0.013481 0.000000 0.000000 0.000000 1.000000 0.000000 0.000000
10.000000 95.398141 2.279518 3.777947 -0.028685 0.000000 0.000000 0.000000 1.000000 0.000000 0.000000
10.000000 95.405977 2.280019 3.776677 -0.009797 0.000000 0.000000 0.000000 1.000000 0.000000 0.000000
10.000000 95.408280 2.285794 3.774022 0.019433 0.000000 0.000000 0.000000 1.000000 0.000000 0.000000
10.000000 95.415875 2.303423 3.764285 0.047532 0.000000 0.000000 0.000000 1.000000 0.000000 0.000000
10.000000 95.418160 2.231024 3.780961 0.054226 0.000000 0.000000 0.000000 1.000000 0.000000 0.000000
10.000000 95.425865 2.229836 3.780390 0.075671 0.000000 0.000000 0.000000 1.000000 0.000000 0.000000
10.000000 95.428136 2.192374 3.788365 0.095713 0.000000 0.000000 0.000000 1.000000 0.000000 0.000000
10.000000 95.436041 2.158292 3.802703 0.111426 0.000000 0.000000 0.000000 1.000000 0.000000 0.000000
10.000000 95.438229 2.106654 3.814226 0.125116 0.000000 0.000000 0.000000 1.000000 0.000000 0.000000
10.000000 95.446012 2.166893 3.785605 0.153775 0.000000 0.000000 0.000000 1.000000 0.000000 0.000000
10.000000 95.448632 2.196062 3.777754 0.178218 0.000000 0.000000 0.000000 1.000000 0.000000 0.000000
10.000000 95.455875 2.170684 3.788602 0.185209 0.000000 0.000000 0.000000 1.000000 0.000000 0.000000
10.000000 95.458593 2.086185 3.807710 0.194957 0.000000 0.000000 0.000000 1.000000 0.000000 0.000000
10.000000 95.465952 2.043983 3.824755 0.222355 0.000000 0.000000 0.000000 1.000000 0.000000 0.000000
10.000000 95.468264 1.981769 3.839138 0.229123 0.000000 0.000000 0.000000 1.000000 0.000000 0.000000
10.000000 95.485956 2.021995 3.815118 0.284493 0.000000 0.000000 0.000000 1.000000 0.000000 0.000000
10.000000 95.488272 1.976246 3.824925 0.300959 0.000000 0.000000 0.000000 1.000000 0.000000 0.000000
10.000000 95.495833 1.954536 3.832879 0.326753 0.000000 0.000000 0.000000 1.000000 0.000000 0.000000
10.000000 95.498069 1.935994 3.836737 0.339125 0.000000 0.000000 0.000000 1.000000 0.000000 0.000000
10.000000 95.506033 1.966434 3.822081 0.361341 0.000000 0.000000 0.000000 1.000000 0.000000 0.000000
10.000000 95.508028 1.815480 3.857358 0.362453 0.000000 0.000000 0.000000 1.000000 0.000000 0.000000
10.000000 95.515915 1.818075 3.855144 0.382635 0.000000 0.000000 0.000000 1.000000 0.000000 0.000000
10.000000 95.518208 1.824191 3.852982 0.401292 0.000000 0.000000 0.000000 1.000000 0.000000 0.000000
10.000000 95.526051 1.792663 3.866521 0.411201 0.000000 0.000000 0.000000 1.000000 0.000000 0.000000
10.000000 95.528280 1.780146 3.868599 0.431136 0.000000 0.000000 0.000000 1.000000 0.000000 0.000000
10.000000 95.536005 1.807270 3.855214 0.453817 0.000000 0.000000 0.000000 1.000000 0.000000 0.000000
10.000000 95.538094 1.695533 3.881227 0.455856 0.000000 0.000000 0.000000 1.000000 0.000000 0.000000
10.000000 95.545983 1.703584 3.876633 0.474148 0.000000 0.000000 0.000000 1.000000 0.000000 0.000000
10.000000 95.548174 1.735847 3.868480 0.489578 0.000000 0.000000 0.000000 1.000000 0.000000 0.000000
10.000000 95.555946 1.754767 3.859122 0.512095 0.000000 0.000000 0.000000 1.000000 0.000000 0.000000
10.000000 95.558218 1.662710 3.880336 0.521694 0.000000 0.000000 0.000000 1.000000 0.000000 0.000000
10.000000 95.565936 1.657464 3.882089 0.533466 0.000000 0.000000 0.000000 1.000000 0.000000 0.000000
10.000000 95.568352 1.652136 3.882825 0.546360 0.000000 0.000000 0.000000 1.000000 0.000000 0.000000
10.000000 95.575914 1.668956 3.874521 0.563718 0.000000 0.000000 0.000000 1.000000 0.000000 0.000000
10.000000 95.578250 1.617844 3.885879 0.578017 0.000000 0.000000 0.000000 1.000000 0.000000 0.000000
10.000000 95.586062 1.626205 3.881293 0.593635 0.000000 0.000000 0.000000 1.000000 0.000000 0.000000
10.000000 95.588108 1.562143 3.896015 0.599015 0.000000 0.000000 0.000000 1.000000 0.000000 0.000000
10.000000 95.595841 1.563897 3.894523 0.612006 0.000000 0.000000 0.000000 1.000000 0.000000 0.000000
10.000000 95.608149 1.464468 3.919607 0.638395 0.000000 0.000000 0.000000 1.000000 0.000000 0.000000
10.000000 95.615901 1.499795 3.903030 0.658342 0.000000 0.000000 0.000000 1.000000 0.000000 0.000000
10.000000 95.618115 1.489999 3.904678 0.674974 0.000000 0.000000 0.000000 1.000000 0.000000 0.000000
10.000000 95.625971 1.494163 3.902279 0.685599 0.000000 0.000000 0.000000 1.000000 0.000000 0.000000
10.000000 95.628086 1.424737 3.918435 0.686612 0.000000 0.000000 0.000000 1.000000 0.000000 0.000000
10.000000 95.635933 1.445652 3.908561 0.698829 0.000000 0.000000 0.000000 1.000000 0.000000 0.000000
10.000000 95.638179 1.406911 3.917314 0.705768 0.000000 0.000000 0.000000 1.000000 0.000000 0.000000
10.000000 95.646110 1.386076 3.926046 0.714885 0.000000 0.000000 0.000000 1.000000 0.000000 0.000000
10.000000 95.648251 1.363101 3.931494 0.712723 0.000000 0.000000 0.000000 1.000000 0.000000 0.000000
10.000000 95.656000 1.370258 3.927848 0.726303 0.000000 0.000000 0.000000 1.000000 0.000000 0.000000
10.000000 95.658206 1.322116 3.938606 0.740152 0.000000 0.000000 0.000000 1.000000 0.000000 0.000000
10.000000 95.666084 1.343495 3.928599 0.752318 0.000000 0.000000 0.000000 1.000000 0.000000 0.000000
10.000000 95.668190 1.261910 3.947587 0.753676 0.000000 0.000000 0.000000 1.000000 0.000000 0.000000
10.000000 95.676015 1.254844 3.950247 0.763612 0.000000 0.000000 0.000000 1.000000 0.000000 0.000000
10.000000 95.678153 1.270934 3.945893 0.779486 0.000000 0.000000 0.000000 1.000000 0.000000 0.000000
10.000000 95.686067 1.268743 3.946343 0.790027 0.000000 0.000000 0.000000 1.000000 0.000000 0.000000
10.000000 95.688342 1.193682 3.964053 0.785078 0.000000 0.000000 0.000000 1.000000 0.000000 0.000000
10.000000 95.695940 1.224129 3.950037 0.799125 0.000000 0.000000 0.000000 1.000000 0.000000 0.000000
10.000000 95.698160 1.184307 3.959253 0.801385 0.000000 0.000000 0.000000 1.000000 0.000000 0.000000
10.000000 95.706166 1.195234 3.954142 0.808760 0.000000 0.000000 0.000000 1.000000 0.000000 0.000000
10.000000 95.708401 1.132123 3.968727 0.812737 0.000000 0.000000 0.000000 1.000000 0.000000 0.000000
10.000000 95.716016 1.128409 3.969942 0.822889 0.000000 0.000000 0.000000 1.000000 0.000000 0.000000
10.000000 95.718251 1.127511 3.969929 0.829212 0.000000 0.000000 0.000000 1.000000 0.000000 0.000000
10.000000 95.726057 1.132987 3.967236 0.836421 0.000000 0.000000 0.000000 1.000000 0.000000 0.000000
10.000000 95.728369 1.093292 3.976294 0.842273 0.000000 0.000000 0.000000 1.000000 0.000000 0.000000
10.000000 95.736148 1.096587 3.974562 0.848876 0.000000 0.000000 0.000000 1.000000 0.000000 0.000000
10.000000 95.738218 1.064937 3.981873 0.851062 0.000000 0.000000 0.000000 1.000000 0.000000 0.000000
10.000000 95.746081 1.080560 3.974593 0.860869 0.000000 0.000000 0.000000 1.000000 0.000000 0.000000
10.000000 95.748320 1.029967 3.986876 0.846937 0.000000 0.000000 0.000000 1.000000 0.000000 0.000000
10.000000 95.756111 1.052411 3.976817 0.852229 0.000000 0.000000 0.000000 1.000000 0.000000 0.000000
10.000000 95.758184 0.962681 3.997536 0.858262 0.000000 0.000000 0.000000 1.000000 0.000000 0.000000
10.000000 95.766015 0.955317 4.000509 0.865220 0.000000 0.000000 0.000000 1.000000 0.000000 0.000000
10.000000 95.768345 0.927013 4.006925 0.870801 0.000000 0.000000 0.000000 1.000000 0.000000 0.000000
10.000000 95.775944 0.938860 4.001509 0.876070 0.000000 0.000000 0.000000 1.000000 0.000000 0.000000
10.000000 95.778221 0.908817 4.008580 0.874174 0.000000 0.000000 0.000000 1.000000 0.000000 0.000000
10.000000 95.786019 0.968496 3.981954 0.884857 0.000000 0.000000 0.000000 1.000000 0.000000 0.000000
10.000000 95.788391 0.880462 4.002620 0.879879 0.000000 0.000000 0.000000 1.000000 0.000000 0.000000
10.000000 95.796025 0.853237 4.014469 0.882257 0.000000 0.000000 0.000000 1.000000 0.000000 0.000000
10.000000 95.798370 0.911894 4.000701 0.885301 0.000000 0.000000 0.000000 1.000000 0.000000 0.000000
10.000000 95.806215 0.922570 3.995859 0.889915 0.000000 0.000000 0.000000 1.000000 0.000000 0.000000
10.000000 95.808364 0.798966 4.024796 0.885599 0.000000 0.000000 0.000000 1.000000 0.000000 0.000000
10.000000 95.816152 0.797418 4.025399 0.887643 0.000000 0.000000 0.000000 1.000000 0.000000 0.000000
10.000000 95.818355 0.715100 4.044703 0.884358 0.000000 0.000000 0.000000 1.000000 0.000000 0.000000
10.000000 95.826248 0.736028 4.035297 0.890890 0.000000 0.000000 0.000000 1.000000 0.000000 0.000000
10.000000 95.828420 0.725288 4.038004 0.884478 0.000000 0.000000 0.000000 1.000000 0.000000 0.000000
10.000000 95.836145 0.717491 4.041403 0.885010 0.000000 0.000000 0.000000 1.000000 0.000000 0.000000
10.000000 95.838371 0.687414 4.048335 0.887370 0.000000 0.000000 0.000000 1.000000 0.000000 0.000000
10.000000 95.846111 0.708908 4.038801 0.890960 0.000000 0.000000 0.000000 1.000000 0.000000 0.000000
10.000000 95.848370 0.763335 4.026199 0.888948 0.000000 0.000000 0.000000 1.000000 0.000000 0.000000
10.000000 95.856059 0.764513 4.025686 0.888831 0.000000 0.000000 0.000000 1.000000 0.000000 0.000000
10.000000 95.858287 0.599682 4.064500 0.875101 0.000000 0.000000 0.000000 1.000000 0.000000 0.000000
10.000000 95.866242 0.604475 4.062375 0.876017 0.000000 0.000000 0.000000 1.000000 0.000000 0.000000
10.000000 95.868443 0.521281 4.081944 0.870024 0.000000 0.000000 0.000000 1.000000 0.000000 0.000000
10.000000 95.876097 0.526905 4.079491 0.870001 0.000000 0.000000 0.000000 1.000000 0.000000 0.000000
10.000000 95.878333 0.494347 4.087258 0.863960 0.000000 0.000000 0.000000 1.000000 0.000000 0.000000
10.000000 95.886213 0.514736 4.078296 0.865954 0.000000 0.000000 0.000000 1.000000 0.000000 0.000000
10.000000 95.888595 0.496444 4.082699 0.861162 0.000000 0.000000 0.000000 1.000000 0.000000 0.000000
10.000000 95.896205 0.518156 4.073156 0.863316 0.000000 0.000000 0.000000 1.000000 0.000000 0.000000
10.000000 95.898385 0.455050 4.088838 0.834795 0.000000 0.000000 0.000000 1.000000 0.000000 0.000000
10.000000 95.906248 0.527280 4.057176 0.839900 0.000000 0.000000 0.000000 1.000000 0.000000 0.000000
10.000000 95.908586 0.449032 4.075036 0.847458 0.000000 0.000000 0.000000 1.000000 0.000000 0.000000
10.000000 95.916228 0.430156 4.083380 0.843554 0.000000 0.000000 0.000000 1.000000 0.000000 0.000000
10.000000 95.918541 0.435657 4.082245 0.838833 0.000000 0.000000 0.000000 1.000000 0.000000 0.000000
10.000000 95.926297 0.447469 4.077155 0.837208 0.000000 0.000000 0.000000 1.000000 0.000000 0.000000
10.000000 95.928630 0.408847 4.086402 0.828178 0.000000 0.000000 0.000000 1.000000 0.000000 0.000000
10.000000 95.936190 0.417967 4.082498 0.826142 0.000000 0.000000 0.000000 1.000000 0.000000 0.000000
10.000000 95.938385 0.307278 4.108663 0.810790 0.000000 0.000000 0.000000 1.000000 0.000000 0.000000
10.000000 95.946324 0.295661 4.113967 0.802674 0.000000 0.000000 0.000000 1.000000 0.000000 0.000000
10.000000 95.948423 0.376369 4.095309 0.800010 0.000000 0.000000 0.000000 1.000000 0.000000 0.000000
10.000000 95.956597 0.399940 4.085000 0.801726 0.000000 0.000000 0.000000 1.000000 0.000000 0.000000
10.000000 95.958395 0.271636 4.115179 0.788172 0.000000 0.000000 0.000000 1.000000 0.000000 0.000000
10.000000 95.966274 0.279256 4.111997 0.784199 0.000000 0.000000 0.000000 1.000000 0.000000 0.000000
10.000000 95.968509 0.227800 4.124427 0.768669 0.000000 0.000000 0.000000 1.000000 0.000000 0.000000
10.000000 95.976170 0.249548 4.115244 0.760807 0.000000 0.000000 0.000000 1.000000 0.000000 0.000000
10.000000 95.978390 0.188453 4.129741 0.749680 0.000000 0.000000 0.000000 1.000000 0.000000 0.000000
10.000000 95.986241 0.186195 4.130821 0.746424 0.000000 0.000000 0.000000 1.000000 0.000000 0.000000
10.000000 95.988439 0.159813 4.137305 0.734464 0.000000 0.000000 0.000000 1.000000 0.000000 0.000000
10.000000 95.996189 0.176358 4.130433 0.725167 0.000000 0.000000 0.000000 1.000000 0.000000 0.000000
10.000000 95.998414 0.115161 4.145364 0.701149 0.000000 0.000000 0.000000 1.000000 0.000000 0.000000
10.000000 96.006226 0.138310 4.135245 0.704351 0.000000 0.000000 0.000000 1.000000 0.000000 0.000000
10.000000 96.008411 0.138864 4.135064 0.705706 0.000000 0.000000 0.000000 1.000000 0.000000 0.000000
10.000000 96.016094 0.167354 4.122817 0.703328 0.000000 0.000000 0.000000 1.000000 0.000000 0.000000
10.000000 96.018393 0.087024 4.141859 0.688981 0.000000 0.000000 0.000000 1.000000 0.000000 0.000000
10.000000 96.026217 0.088829 4.141388 0.679341 0.000000 0.000000 0.000000 1.000000 0.000000 0.000000
10.000000 96.028447 0.013367 4.159388 0.661504 0.000000 0.000000 0.000000 1.000000 0.000000 0.000000
10.000000 96.036067 0.012911 4.160002 0.647937 0.000000 0.000000 0.000000 1.000000 0.000000 0.000000
10.000000 96.038390 -0.047913 4.174688 0.625954 0.000000 0.000000 0.000000 1.000000 0.000000 0.000000
10.000000 96.046200 -0.043244 4.172800 0.622112 0.000000 0.000000 0.000000 1.000000 0.000000 0.000000
10.000000 96.048398 -0.153070 4.199209 0.593255 0.000000 0.000000 0.000000 1.000000 0.000000 0.000000
10.000000 96.056129 -0.111852 4.181682 0.587871 0.000000 0.000000 0.000000 1.000000 0.000000 0.000000
10.000000 96.058467 -0.080165 4.174241 0.591795 0.000000 0.000000 0.000000 1.000000 0.000000 0.000000
10.000000 96.066225 -0.069607 4.170063 0.579654 0.000000 0.000000 0.000000 1.000000 0.000000 0.000000
10.000000 96.068513 -0.142603 4.187603 0.554942 0.000000 0.000000 0.000000 1.000000 0.000000 0.000000
10.000000 96.076136 -0.156071 4.193760 0.543536 0.000000 0.000000 0.000000 1.000000 0.000000 0.000000
10.000000 96.078392 -0.186962 4.201347 0.528418 0.000000 0.000000 0.000000 1.000000 0.000000 0.000000
10.000000 96.086286 -0.142790 4.182469 0.525079 0.000000 0.000000 0.000000 1.000000 0.000000 0.000000
10.000000 96.088540 -0.166015 4.188141 0.514483 0.000000 0.000000 0.000000 1.000000 0.000000 0.000000
10.000000 96.096249 -0.152262 4.182440 0.507972 0.000000 0.000000 0.000000 1.000000 0.000000 0.000000
10.000000 96.098453 -0.069478 4.163674 0.499923 0.000000 0.000000 0.000000 1.000000 0.000000 0.000000
10.000000 96.106347 -0.052674 4.156914 0.487277 0.000000 0.000000 0.000000 1.000000 0.000000 0.000000
10.000000 96.108554 -0.240794 4.201164 0.458690 0.000000 0.000000 0.000000 1.000000 0.000000 0.000000
10.000000 96.116187 -0.223110 4.193866 0.448937 0.000000 0.000000 0.000000 1.000000 0.000000 0.000000
10.000000 96.118429 -0.271601 4.205665 0.425843 0.000000 0.000000 0.000000 1.000000 0.000000 0.000000
10.000000 96.126368 -0.246537 4.195222 0.416700 0.000000 0.000000 0.000000 1.000000 0.000000 0.000000
10.000000 96.128516 -0.293867 4.206710 0.396604 0.000000 0.000000 0.000000 1.000000 0.000000 0.000000
10.000000 96.136104 -0.287853 4.204602 0.382264 0.000000 0.000000 0.000000 1.000000 0.000000 0.000000
10.000000 96.138373 -0.381571 4.227046 0.352495 0.000000 0.000000 0.000000 1.000000 0.000000 0.000000
10.000000 96.146207 -0.386018 4.229379 0.340129 0.000000 0.000000 0.000000 1.000000 0.000000 0.000000
10.000000 96.148542 -0.333402 4.217698 0.329207 0.000000 0.000000 0.000000 1.000000 0.000000 0.000000
10.000000 96.156195 -0.297967 4.202763 0.324538 0.000000 0.000000 0.000000 1.000000 0.000000 0.000000
10.000000 96.158445 -0.418159 4.231317 0.298691 0.000000 0.000000 0.000000 1.000000 0.000000 0.000000
10.000000 96.166351 -0.421476 4.233342 0.282935 0.000000 0.000000 0.000000 1.000000 0.000000 0.000000
10.000000 96.168600 -0.463084 4.243699 0.261013 0.000000 0.000000 0.000000 1.000000 0.000000 0.000000
10.000000 96.176240 -0.416461 4.224227 0.250851 0.000000 0.000000 0.000000 1.000000 0.000000 0.000000
10.000000 96.178464 -0.489488 4.241949 0.223418 0.000000 0.000000 0.000000 1.000000 0.000000 0.000000
10.000000 96.186585 -0.516055 4.254150 0.199887 0.000000 0.000000 0.000000 1.000000 0.000000 0.000000
10.000000 96.188598 -0.581102 4.269734 0.177857 0.000000 0.000000 0.000000 1.000000 0.000000 0.000000
10.000000 96.196154 -0.564346 4.263008 0.165029 0.000000 0.000000 0.000000 1.000000 0.000000 0.000000
10.000000 96.198544 -0.517230 4.252909 0.144457 0.000000 0.000000 0.000000 1.000000 0.000000 0.000000
10.000000 96.206330 -0.461966 4.229698 0.139056 0.000000 0.000000 0.000000 1.000000 0.000000 0.000000
10.000000 96.208602 -0.590698 4.260147 0.112421 0.000000 0.000000 0.000000 1.000000 0.000000 0.000000
10.000000 96.216320 -0.619609 4.273239 0.091375 0.000000 0.000000 0.000000 1.000000 0.000000 0.000000
10.000000 96.218472 -0.651977 4.281472 0.067678 0.000000 0.000000 0.000000 1.000000 0.000000 0.000000
10.000000 96.226291 -0.633219 4.274213 0.049309 0.000000 0.000000 0.000000 1.000000 0.000000 0.000000
10.000000 96.228588 -0.741704 4.300186 0.013827 0.000000 0.000000 0.000000 1.000000 0.000000 0.000000
10.000000 96.236159 -0.724477 4.293472 -0.001799 0.000000 0.000000 0.000000 1.000000 0.000000 0.000000
10.000000 96.238469 -0.751283 4.300215 -0.022489 0.000000 0.000000 0.000000 1.000000 0.000000 0.000000
10.000000 96.246331 -0.724575 4.289443 -0.038937 0.000000 0.000000 0.000000 1.000000 0.000000 0.000000
