31.000000 325.799701 23.368406 -0.230909 0.248614 0.000000 0.000000 0.000000 1.000000 0.000000 0.000000
31.000000 325.802321 23.347795 -0.236871 0.265455 0.000000 0.000000 0.000000 1.000000 0.000000 0.000000
31.000000 325.807356 23.448381 -0.239606 0.269136 0.000000 0.000000 0.000000 1.000000 0.000000 0.000000
31.000000 325.809733 23.332328 -0.210482 0.337607 0.000000 0.000000 0.000000 1.000000 0.000000 0.000000
31.000000 325.812467 23.134605 -0.268711 0.390887 0.000000 0.000000 0.000000 1.000000 0.000000 0.000000
31.000000 325.817402 23.349440 -0.270689 0.400290 0.000000 0.000000 0.000000 1.000000 0.000000 0.000000
31.000000 325.819688 23.175363 -0.226981 0.437149 0.000000 0.000000 0.000000 1.000000 0.000000 0.000000
31.000000 325.822358 22.974537 -0.285952 0.471577 0.000000 0.000000 0.000000 1.000000 0.000000 0.000000
31.000000 325.827467 23.250291 -0.288556 0.469655 0.000000 0.000000 0.000000 1.000000 0.000000 0.000000
31.000000 325.829804 23.064564 -0.241431 0.511959 0.000000 0.000000 0.000000 1.000000 0.000000 0.000000
31.000000 325.832338 22.924530 -0.282661 0.548190 0.000000 0.000000 0.000000 1.000000 0.000000 0.000000
31.000000 325.837378 23.054351 -0.283852 0.574306 0.000000 0.000000 0.000000 1.000000 0.000000 0.000000
31.000000 325.839694 22.938965 -0.254520 0.607599 0.000000 0.000000 0.000000 1.000000 0.000000 0.000000
31.000000 325.842350 22.763272 -0.306456 0.639752 0.000000 0.000000 0.000000 1.000000 0.000000 0.000000
31.000000 325.847459 22.992331 -0.308958 0.643804 0.000000 0.000000 0.000000 1.000000 0.000000 0.000000
31.000000 325.849755 22.797055 -0.258871 0.687272 0.000000 0.000000 0.000000 1.000000 0.000000 0.000000
31.000000 325.852387 22.618559 -0.311802 0.730634 0.000000 0.000000 0.000000 1.000000 0.000000 0.000000
31.000000 325.857663 22.861516 -0.313850 0.731747 0.000000 0.000000 0.000000 1.000000 0.000000 0.000000
31.000000 325.859675 22.675487 -0.265728 0.763313 0.000000 0.000000 0.000000 1.000000 0.000000 0.000000
31.000000 325.862487 22.506668 -0.316006 0.805605 0.000000 0.000000 0.000000 1.000000 0.000000 0.000000
31.000000 325.867447 22.714140 -0.317988 0.816744 0.000000 0.000000 0.000000 1.000000 0.000000 0.000000
31.000000 325.869758 22.544115 -0.273981 0.846214 0.000000 0.000000 0.000000 1.000000 0.000000 0.000000
31.000000 325.872280 22.386422 -0.320976 0.881126 0.000000 0.000000 0.000000 1.000000 0.000000 0.000000
31.000000 325.877406 22.637130 -0.323521 0.892955 0.000000 0.000000 0.000000 1.000000 0.000000 0.000000
31.000000 325.879664 22.455252 -0.276449 0.920904 0.000000 0.000000 0.000000 1.000000 0.000000 0.000000
31.000000 325.882314 22.268690 -0.332170 0.950067 0.000000 0.000000 0.000000 1.000000 0.000000 0.000000
31.000000 325.887414 22.041004 -0.321025 1.005845 0.000000 0.000000 0.000000 1.000000 0.000000 0.000000
31.000000 325.887501 22.088009 -0.275057 1.033075 0.000000 0.000000 0.000000 1.000000 0.000000 0.000000
31.000000 325.889778 22.325717 -0.287180 0.995668 0.000000 0.000000 0.000000 1.000000 0.000000 0.000000
31.000000 325.892395 22.178021 -0.331465 1.025343 0.000000 0.000000 0.000000 1.000000 0.000000 0.000000
31.000000 325.897427 22.345338 -0.333346 1.047746 0.000000 0.000000 0.000000 1.000000 0.000000 0.000000
31.000000 325.897466 22.003225 -0.290892 1.112217 0.000000 0.000000 0.000000 1.000000 0.000000 0.000000
31.000000 325.899739 21.999665 -0.348672 1.099822 0.000000 0.000000 0.000000 1.000000 0.000000 0.000000
31.000000 325.902308 22.080244 -0.332896 1.101469 0.000000 0.000000 0.000000 1.000000 0.000000 0.000000
31.000000 325.907396 22.253293 -0.334596 1.115631 0.000000 0.000000 0.000000 1.000000 0.000000 0.000000
31.000000 325.907403 21.886631 -0.290452 1.173369 0.000000 0.000000 0.000000 1.000000 0.000000 0.000000
31.000000 325.909828 21.892820 -0.354573 1.168254 0.000000 0.000000 0.000000 1.000000 0.000000 0.000000
31.000000 325.912364 21.959158 -0.340751 1.171698 0.000000 0.000000 0.000000 1.000000 0.000000 0.000000
31.000000 325.917485 21.733946 -0.337750 1.218756 0.000000 0.000000 0.000000 1.000000 0.000000 0.000000
31.000000 325.917634 21.821489 -0.317173 1.255358 0.000000 0.000000 0.000000 1.000000 0.000000 0.000000
31.000000 325.919774 21.966980 -0.310054 1.226205 0.000000 0.000000 0.000000 1.000000 0.000000 0.000000
31.000000 325.922394 21.818485 -0.354936 1.256455 0.000000 0.000000 0.000000 1.000000 0.000000 0.000000
31.000000 325.927465 21.663120 -0.352586 1.300220 0.000000 0.000000 0.000000 1.000000 0.000000 0.000000
31.000000 325.927516 21.719957 -0.324852 1.322655 0.000000 0.000000 0.000000 1.000000 0.000000 0.000000
31.000000 325.929876 21.846086 -0.315206 1.302051 0.000000 0.000000 0.000000 1.000000 0.000000 0.000000
31.000000 325.932361 21.691395 -0.362341 1.326907 0.000000 0.000000 0.000000 1.000000 0.000000 0.000000
31.000000 325.937459 21.893216 -0.365011 1.338280 0.000000 0.000000 0.000000 1.000000 0.000000 0.000000
31.000000 325.937609 21.634799 -0.337524 1.390722 0.000000 0.000000 0.000000 1.000000 0.000000 0.000000
31.000000 325.939697 21.557020 -0.362238 1.355023 0.000000 0.000000 0.000000 1.000000 0.000000 0.000000
31.000000 325.942304 21.468470 -0.393965 1.384194 0.000000 0.000000 0.000000 1.000000 0.000000 0.000000
31.000000 325.947406 21.865001 -0.399455 1.389970 0.000000 0.000000 0.000000 1.000000 0.000000 0.000000
31.000000 325.947510 21.539195 -0.350223 1.458591 0.000000 0.000000 0.000000 1.000000 0.000000 0.000000
31.000000 325.949780 21.480319 -0.369446 1.442346 0.000000 0.000000 0.000000 1.000000 0.000000 0.000000
31.000000 325.952358 21.476608 -0.366644 1.458415 0.000000 0.000000 0.000000 1.000000 0.000000 0.000000
31.000000 325.957475 21.491171 -0.366942 1.485650 0.000000 0.000000 0.000000 1.000000 0.000000 0.000000
31.000000 325.957659 21.417796 -0.367700 1.511880 0.000000 0.000000 0.000000 1.000000 0.000000 0.000000
31.000000 325.959780 21.374471 -0.371817 1.502922 0.000000 0.000000 0.000000 1.000000 0.000000 0.000000
31.000000 325.962350 21.356269 -0.372559 1.526520 0.000000 0.000000 0.000000 1.000000 0.000000 0.000000
31.000000 325.967438 21.478975 -0.374188 1.548012 0.000000 0.000000 0.000000 1.000000 0.000000 0.000000
31.000000 325.967522 21.344298 -0.373083 1.583354 0.000000 0.000000 0.000000 1.000000 0.000000 0.000000
31.000000 325.969807 21.266785 -0.380824 1.566991 0.000000 0.000000 0.000000 1.000000 0.000000 0.000000
31.000000 325.972391 21.249074 -0.379210 1.589841 0.000000 0.000000 0.000000 1.000000 0.000000 0.000000
31.000000 325.977487 21.343871 -0.380699 1.615720 0.000000 0.000000 0.000000 1.000000 0.000000 0.000000
31.000000 325.977689 21.266541 -0.392751 1.649102 0.000000 0.000000 0.000000 1.000000 0.000000 0.000000
31.000000 325.979752 21.160754 -0.388683 1.626324 0.000000 0.000000 0.000000 1.000000 0.000000 0.000000
31.000000 325.982386 21.141605 -0.385991 1.657940 0.000000 0.000000 0.000000 1.000000 0.000000 0.000000
31.000000 325.987524 21.242601 -0.387216 1.680726 0.000000 0.000000 0.000000 1.000000 0.000000 0.000000
31.000000 325.987630 21.164161 -0.395534 1.705369 0.000000 0.000000 0.000000 1.000000 0.000000 0.000000
31.000000 325.989796 21.083728 -0.403541 1.681150 0.000000 0.000000 0.000000 1.000000 0.000000 0.000000
31.000000 325.992353 21.104842 -0.396396 1.701130 0.000000 0.000000 0.000000 1.000000 0.000000 0.000000
31.000000 325.997495 21.138245 -0.396820 1.743066 0.000000 0.000000 0.000000 1.000000 0.000000 0.000000
31.000000 325.997627 21.094701 -0.412821 1.772218 0.000000 0.000000 0.000000 1.000000 0.000000 0.000000
31.000000 325.999730 20.963987 -0.395603 1.746714 0.000000 0.000000 0.000000 1.000000 0.000000 0.000000
31.000000 326.002435 20.908348 -0.402851 1.781924 0.000000 0.000000 0.000000 1.000000 0.000000 0.000000
31.000000 326.007446 20.915657 -0.403008 1.817392 0.000000 0.000000 0.000000 1.000000 0.000000 0.000000
31.000000 326.007510 20.982827 -0.435265 1.831455 0.000000 0.000000 0.000000 1.000000 0.000000 0.000000
31.000000 326.009812 20.854083 -0.402381 1.809492 0.000000 0.000000 0.000000 1.000000 0.000000 0.000000
31.000000 326.012342 20.808326 -0.405101 1.841473 0.000000 0.000000 0.000000 1.000000 0.000000 0.000000
31.000000 326.017488 20.883947 -0.406321 1.864393 0.000000 0.000000 0.000000 1.000000 0.000000 0.000000
31.000000 326.017659 20.883307 -0.431438 1.885374 0.000000 0.000000 0.000000 1.000000 0.000000 0.000000
31.000000 326.019800 20.739974 -0.409700 1.858901 0.000000 0.000000 0.000000 1.000000 0.000000 0.000000
31.000000 326.022433 20.682941 -0.418174 1.894331 0.000000 0.000000 0.000000 1.000000 0.000000 0.000000
31.000000 326.027433 20.795832 -0.419868 1.918635 0.000000 0.000000 0.000000 1.000000 0.000000 0.000000
31.000000 326.027597 20.797695 -0.442312 1.939872 0.000000 0.000000 0.000000 1.000000 0.000000 0.000000
31.000000 326.029923 20.641154 -0.412653 1.913287 0.000000 0.000000 0.000000 1.000000 0.000000 0.000000
31.000000 326.032389 20.586618 -0.418887 1.952282 0.000000 0.000000 0.000000 1.000000 0.000000 0.000000
31.000000 326.035379 20.394602 -0.406953 1.971431 0.000000 0.000000 0.000000 1.000000 0.000000 0.000000
31.000000 326.037458 20.456013 -0.357776 1.998827 0.000000 0.000000 0.000000 1.000000 0.000000 0.000000
31.000000 326.037654 20.709654 -0.457820 1.999517 0.000000 0.000000 0.000000 1.000000 0.000000 0.000000
31.000000 326.039710 20.537521 -0.419312 1.971586 0.000000 0.000000 0.000000 1.000000 0.000000 0.000000
31.000000 326.042370 20.477479 -0.426457 2.010782 0.000000 0.000000 0.000000 1.000000 0.000000 0.000000
31.000000 326.045453 20.296737 -0.415841 2.028636 0.000000 0.000000 0.000000 1.000000 0.000000 0.000000
31.000000 326.047489 20.354079 -0.370394 2.053377 0.000000 0.000000 0.000000 1.000000 0.000000 0.000000
31.000000 326.047489 20.606843 -0.465441 2.051627 0.000000 0.000000 0.000000 1.000000 0.000000 0.000000
31.000000 326.049546 20.457460 -0.446345 2.076175 0.000000 0.000000 0.000000 1.000000 0.000000 0.000000
31.000000 326.049882 20.389940 -0.410955 2.084477 0.000000 0.000000 0.000000 1.000000 0.000000 0.000000
31.000000 326.052407 20.338607 -0.437668 2.068327 0.000000 0.000000 0.000000 1.000000 0.000000 0.000000
31.000000 326.055443 20.185157 -0.427952 2.081988 0.000000 0.000000 0.000000 1.000000 0.000000 0.000000
31.000000 326.057491 20.225677 -0.397547 2.105426 0.000000 0.000000 0.000000 1.000000 0.000000 0.000000
31.000000 326.057621 20.509049 -0.488874 2.102954 0.000000 0.000000 0.000000 1.000000 0.000000 0.000000
31.000000 326.059751 20.336693 -0.449649 2.118972 0.000000 0.000000 0.000000 1.000000 0.000000 0.000000
31.000000 326.059778 20.277478 -0.419276 2.135959 0.000000 0.000000 0.000000 1.000000 0.000000 0.000000
31.000000 326.062430 20.229588 -0.442535 2.123481 0.000000 0.000000 0.000000 1.000000 0.000000 0.000000
31.000000 326.065806 20.058989 -0.433410 2.136366 0.000000 0.000000 0.000000 1.000000 0.000000 0.000000
31.000000 326.067537 20.130248 -0.379867 2.167686 0.000000 0.000000 0.000000 1.000000 0.000000 0.000000
31.000000 326.067562 20.450776 -0.492736 2.161880 0.000000 0.000000 0.000000 1.000000 0.000000 0.000000
31.000000 326.069575 20.204294 -0.446543 2.159483 0.000000 0.000000 0.000000 1.000000 0.000000 0.000000
31.000000 326.069831 20.164406 -0.430556 2.185933 0.000000 0.000000 0.000000 1.000000 0.000000 0.000000
31.000000 326.072482 20.140373 -0.443911 2.177004 0.000000 0.000000 0.000000 1.000000 0.000000 0.000000
31.000000 326.075387 19.967903 -0.432319 2.182829 0.000000 0.000000 0.000000 1.000000 0.000000 0.000000
31.000000 326.077416 20.025019 -0.389001 2.209613 0.000000 0.000000 0.000000 1.000000 0.000000 0.000000
31.000000 326.077626 20.340827 -0.500278 2.209686 0.000000 0.000000 0.000000 1.000000 0.000000 0.000000
31.000000 326.079688 20.121363 -0.461738 2.237041 0.000000 0.000000 0.000000 1.000000 0.000000 0.000000
31.000000 326.079788 20.054343 -0.433490 2.256153 0.000000 0.000000 0.000000 1.000000 0.000000 0.000000
31.000000 326.082446 20.004155 -0.461468 2.225342 0.000000 0.000000 0.000000 1.000000 0.000000 0.000000
31.000000 326.085474 19.848761 -0.454394 2.236581 0.000000 0.000000 0.000000 1.000000 0.000000 0.000000
31.000000 326.087442 19.921885 -0.401927 2.270228 0.000000 0.000000 0.000000 1.000000 0.000000 0.000000
31.000000 326.087546 20.274690 -0.520066 2.261435 0.000000 0.000000 0.000000 1.000000 0.000000 0.000000
31.000000 326.089611 19.996966 -0.464782 2.269408 0.000000 0.000000 0.000000 1.000000 0.000000 0.000000
31.000000 326.089818 19.963233 -0.462148 2.294739 0.000000 0.000000 0.000000 1.000000 0.000000 0.000000
31.000000 326.092463 19.992337 -0.462871 2.266976 0.000000 0.000000 0.000000 1.000000 0.000000 0.000000
31.000000 326.095400 19.756120 -0.454934 2.292584 0.000000 0.000000 0.000000 1.000000 0.000000 0.000000
31.000000 326.097644 19.780207 -0.438258 2.256615 0.000000 0.000000 0.000000 1.000000 0.000000 0.000000
31.000000 326.097722 20.147535 -0.524716 2.306121 0.000000 0.000000 0.000000 1.000000 0.000000 0.000000
31.000000 326.099642 19.770262 -0.401971 2.361314 0.000000 0.000000 0.000000 1.000000 0.000000 0.000000
31.000000 326.099795 19.829497 -0.447688 2.356023 0.000000 0.000000 0.000000 1.000000 0.000000 0.000000
31.000000 326.102493 19.814594 -0.462195 2.329584 0.000000 0.000000 0.000000 1.000000 0.000000 0.000000
31.000000 326.105468 19.647138 -0.454671 2.342343 0.000000 0.000000 0.000000 1.000000 0.000000 0.000000
31.000000 326.107553 19.694901 -0.421291 2.366852 0.000000 0.000000 0.000000 1.000000 0.000000 0.000000
31.000000 326.107617 20.056346 -0.533804 2.355683 0.000000 0.000000 0.000000 1.000000 0.000000 0.000000
31.000000 326.109676 19.782015 -0.473704 2.379500 0.000000 0.000000 0.000000 1.000000 0.000000 0.000000
31.000000 326.109850 19.723492 -0.454589 2.405000 0.000000 0.000000 0.000000 1.000000 0.000000 0.000000
31.000000 326.112478 19.688972 -0.477518 2.373606 0.000000 0.000000 0.000000 1.000000 0.000000 0.000000
31.000000 326.115482 19.520447 -0.469231 2.386306 0.000000 0.000000 0.000000 1.000000 0.000000 0.000000
31.000000 326.117417 19.582485 -0.426267 2.416668 0.000000 0.000000 0.000000 1.000000 0.000000 0.000000
31.000000 326.117627 19.982496 -0.547465 2.406194 0.000000 0.000000 0.000000 1.000000 0.000000 0.000000
31.000000 326.119653 19.664197 -0.472579 2.419180 0.000000 0.000000 0.000000 1.000000 0.000000 0.000000
31.000000 326.119798 19.616634 -0.460508 2.450980 0.000000 0.000000 0.000000 1.000000 0.000000 0.000000
31.000000 326.122470 19.590124 -0.479212 2.421434 0.000000 0.000000 0.000000 1.000000 0.000000 0.000000
31.000000 326.125494 19.407322 -0.471855 2.434509 0.000000 0.000000 0.000000 1.000000 0.000000 0.000000
31.000000 326.127389 19.471436 -0.427975 2.464061 0.000000 0.000000 0.000000 1.000000 0.000000 0.000000
31.000000 326.127581 19.931961 -0.564912 2.444842 0.000000 0.000000 0.000000 1.000000 0.000000 0.000000
31.000000 326.129559 19.492903 -0.462185 2.441632 0.000000 0.000000 0.000000 1.000000 0.000000 0.000000
31.000000 326.129944 19.477899 -0.476894 2.496697 0.000000 0.000000 0.000000 1.000000 0.000000 0.000000
31.000000 326.132435 19.473046 -0.486000 2.472461 0.000000 0.000000 0.000000 1.000000 0.000000 0.000000
31.000000 326.135527 19.317036 -0.478706 2.479739 0.000000 0.000000 0.000000 1.000000 0.000000 0.000000
31.000000 326.137495 19.370800 -0.441888 2.504807 0.000000 0.000000 0.000000 1.000000 0.000000 0.000000
31.000000 326.137663 19.782168 -0.565225 2.489881 0.000000 0.000000 0.000000 1.000000 0.000000 0.000000
31.000000 326.139631 19.416338 -0.480303 2.495617 0.000000 0.000000 0.000000 1.000000 0.000000 0.000000
31.000000 326.139764 19.398502 -0.490740 2.536439 0.000000 0.000000 0.000000 1.000000 0.000000 0.000000
31.000000 326.142622 19.413575 -0.494398 2.507866 0.000000 0.000000 0.000000 1.000000 0.000000 0.000000
31.000000 326.145681 19.213153 -0.487324 2.524049 0.000000 0.000000 0.000000 1.000000 0.000000 0.000000
31.000000 326.147424 19.270380 -0.449728 2.553165 0.000000 0.000000 0.000000 1.000000 0.000000 0.000000
31.000000 326.147690 19.700958 -0.576115 2.537116 0.000000 0.000000 0.000000 1.000000 0.000000 0.000000
31.000000 326.149594 19.308789 -0.483112 2.543175 0.000000 0.000000 0.000000 1.000000 0.000000 0.000000
31.000000 326.150072 19.277436 -0.482229 2.590533 0.000000 0.000000 0.000000 1.000000 0.000000 0.000000
31.000000 326.152642 19.255707 -0.496840 2.562292 0.000000 0.000000 0.000000 1.000000 0.000000 0.000000
31.000000 326.155720 19.103897 -0.491645 2.568292 0.000000 0.000000 0.000000 1.000000 0.000000 0.000000
31.000000 326.157487 19.154867 -0.459332 2.596713 0.000000 0.000000 0.000000 1.000000 0.000000 0.000000
31.000000 326.157607 19.586876 -0.581679 2.578626 0.000000 0.000000 0.000000 1.000000 0.000000 0.000000
31.000000 326.159683 19.167825 -0.478522 2.578086 0.000000 0.000000 0.000000 1.000000 0.000000 0.000000
31.000000 326.159984 19.159808 -0.495210 2.627920 0.000000 0.000000 0.000000 1.000000 0.000000 0.000000
31.000000 326.162754 19.152285 -0.504807 2.603080 0.000000 0.000000 0.000000 1.000000 0.000000 0.000000
31.000000 326.165590 18.988802 -0.498101 2.610972 0.000000 0.000000 0.000000 1.000000 0.000000 0.000000
31.000000 326.167487 19.047663 -0.460287 2.641433 0.000000 0.000000 0.000000 1.000000 0.000000 0.000000
31.000000 326.167812 19.524601 -0.598594 2.623774 0.000000 0.000000 0.000000 1.000000 0.000000 0.000000
31.000000 326.169563 19.081536 -0.492559 2.625320 0.000000 0.000000 0.000000 1.000000 0.000000 0.000000
31.000000 326.170125 19.056088 -0.496477 2.674352 0.000000 0.000000 0.000000 1.000000 0.000000 0.000000
31.000000 326.172610 19.039671 -0.509383 2.647687 0.000000 0.000000 0.000000 1.000000 0.000000 0.000000
31.000000 326.175572 18.891031 -0.501590 2.649772 0.000000 0.000000 0.000000 1.000000 0.000000 0.000000
31.000000 326.177399 18.937588 -0.471563 2.675644 0.000000 0.000000 0.000000 1.000000 0.000000 0.000000
31.000000 326.177725 19.414833 -0.606313 2.658357 0.000000 0.000000 0.000000 1.000000 0.000000 0.000000
31.000000 326.179710 18.965256 -0.496040 2.666360 0.000000 0.000000 0.000000 1.000000 0.000000 0.000000
31.000000 326.179863 18.939071 -0.501683 2.718771 0.000000 0.000000 0.000000 1.000000 0.000000 0.000000
31.000000 326.182687 18.926805 -0.513982 2.687218 0.000000 0.000000 0.000000 1.000000 0.000000 0.000000
31.000000 326.185519 18.783102 -0.508188 2.692961 0.000000 0.000000 0.000000 1.000000 0.000000 0.000000
31.000000 326.187525 18.831710 -0.477819 2.719414 0.000000 0.000000 0.000000 1.000000 0.000000 0.000000
31.000000 326.187662 19.336326 -0.617730 2.694757 0.000000 0.000000 0.000000 1.000000 0.000000 0.000000
31.000000 326.189658 18.860126 -0.499770 2.695570 0.000000 0.000000 0.000000 1.000000 0.000000 0.000000
31.000000 326.189996 18.862873 -0.527495 2.744482 0.000000 0.000000 0.000000 1.000000 0.000000 0.000000
31.000000 326.192492 18.859458 -0.537783 2.711769 0.000000 0.000000 0.000000 1.000000 0.000000 0.000000
31.000000 326.195480 18.656998 -0.531238 2.728428 0.000000 0.000000 0.000000 1.000000 0.000000 0.000000
31.000000 326.197675 18.715877 -0.494369 2.686952 0.000000 0.000000 0.000000 1.000000 0.000000 0.000000
31.000000 326.197692 19.203752 -0.621730 2.731671 0.000000 0.000000 0.000000 1.000000 0.000000 0.000000
31.000000 326.199704 18.645528 -0.461898 2.807979 0.000000 0.000000 0.000000 1.000000 0.000000 0.000000
31.000000 326.199955 18.725078 -0.515589 2.803428 0.000000 0.000000 0.000000 1.000000 0.000000 0.000000
31.000000 326.202518 18.722871 -0.524881 2.765558 0.000000 0.000000 0.000000 1.000000 0.000000 0.000000
31.000000 326.205548 18.579446 -0.520683 2.772346 0.000000 0.000000 0.000000 1.000000 0.000000 0.000000
31.000000 326.207534 18.603315 -0.507420 2.791238 0.000000 0.000000 0.000000 1.000000 0.000000 0.000000
31.000000 326.207608 19.036344 -0.617326 2.762483 0.000000 0.000000 0.000000 1.000000 0.000000 0.000000
31.000000 326.209596 18.631637 -0.509308 2.775500 0.000000 0.000000 0.000000 1.000000 0.000000 0.000000
31.000000 326.210090 18.616454 -0.534125 2.824709 0.000000 0.000000 0.000000 1.000000 0.000000 0.000000
31.000000 326.212578 18.632824 -0.533417 2.803150 0.000000 0.000000 0.000000 1.000000 0.000000 0.000000
31.000000 326.215771 18.457008 -0.525338 2.805050 0.000000 0.000000 0.000000 1.000000 0.000000 0.000000
31.000000 326.217634 18.498991 -0.500085 2.832414 0.000000 0.000000 0.000000 1.000000 0.000000 0.000000
31.000000 326.217734 18.998676 -0.634825 2.812555 0.000000 0.000000 0.000000 1.000000 0.000000 0.000000
31.000000 326.219930 18.647132 -0.512739 2.786077 0.000000 0.000000 0.000000 1.000000 0.000000 0.000000
31.000000 326.219962 18.500786 -0.537000 2.864694 0.000000 0.000000 0.000000 1.000000 0.000000 0.000000
31.000000 326.222509 18.491623 -0.532902 2.866095 0.000000 0.000000 0.000000 1.000000 0.000000 0.000000
31.000000 326.225485 18.354491 -0.534874 2.848844 0.000000 0.000000 0.000000 1.000000 0.000000 0.000000
31.000000 326.227489 18.396245 -0.510336 2.873665 0.000000 0.000000 0.000000 1.000000 0.000000 0.000000
31.000000 326.227684 18.916263 -0.645879 2.841433 0.000000 0.000000 0.000000 1.000000 0.000000 0.000000
31.000000 326.229633 18.403434 -0.514732 2.849133 0.000000 0.000000 0.000000 1.000000 0.000000 0.000000
31.000000 326.230054 18.403470 -0.539372 2.913866 0.000000 0.000000 0.000000 1.000000 0.000000 0.000000
31.000000 326.232482 18.392364 -0.550597 2.876777 0.000000 0.000000 0.000000 1.000000 0.000000 0.000000
31.000000 326.235502 18.250701 -0.545985 2.878036 0.000000 0.000000 0.000000 1.000000 0.000000 0.000000
31.000000 326.237711 18.296095 -0.519971 2.906293 0.000000 0.000000 0.000000 1.000000 0.000000 0.000000
31.000000 326.237728 18.818714 -0.656698 2.875235 0.000000 0.000000 0.000000 1.000000 0.000000 0.000000
31.000000 326.239743 18.310946 -0.528029 2.891934 0.000000 0.000000 0.000000 1.000000 0.000000 0.000000
31.000000 326.239987 18.307631 -0.554685 2.945954 0.000000 0.000000 0.000000 1.000000 0.000000 0.000000
31.000000 326.242644 18.340938 -0.554029 2.897906 0.000000 0.000000 0.000000 1.000000 0.000000 0.000000
31.000000 326.245657 18.144768 -0.548657 2.915322 0.000000 0.000000 0.000000 1.000000 0.000000 0.000000
31.000000 326.247544 18.185855 -0.526088 2.943498 0.000000 0.000000 0.000000 1.000000 0.000000 0.000000
31.000000 326.247588 18.707527 -0.659917 2.909423 0.000000 0.000000 0.000000 1.000000 0.000000 0.000000
31.000000 326.249735 18.187379 -0.526474 2.921805 0.000000 0.000000 0.000000 1.000000 0.000000 0.000000
31.000000 326.249994 18.185790 -0.550842 2.986896 0.000000 0.000000 0.000000 1.000000 0.000000 0.000000
31.000000 326.252517 18.178367 -0.561417 2.947121 0.000000 0.000000 0.000000 1.000000 0.000000 0.000000
31.000000 326.255475 18.037655 -0.556097 2.947964 0.000000 0.000000 0.000000 1.000000 0.000000 0.000000
31.000000 326.257637 18.048161 -0.552511 2.969403 0.000000 0.000000 0.000000 1.000000 0.000000 0.000000
31.000000 326.257714 18.498508 -0.655791 2.937259 0.000000 0.000000 0.000000 1.000000 0.000000 0.000000
31.000000 326.259806 18.072045 -0.532299 2.956379 0.000000 0.000000 0.000000 1.000000 0.000000 0.000000
31.000000 326.259915 18.074980 -0.558725 3.020825 0.000000 0.000000 0.000000 1.000000 0.000000 0.000000
31.000000 326.262619 18.082385 -0.563906 2.981524 0.000000 0.000000 0.000000 1.000000 0.000000 0.000000
31.000000 326.265622 17.918271 -0.554790 2.974902 0.000000 0.000000 0.000000 1.000000 0.000000 0.000000
31.000000 326.267498 17.955476 -0.532324 2.997910 0.000000 0.000000 0.000000 1.000000 0.000000 0.000000
31.000000 326.267642 18.475823 -0.668595 2.971841 0.000000 0.000000 0.000000 1.000000 0.000000 0.000000
31.000000 326.269760 17.960708 -0.537806 2.989013 0.000000 0.000000 0.000000 1.000000 0.000000 0.000000
31.000000 326.269981 17.966991 -0.567806 3.054508 0.000000 0.000000 0.000000 1.000000 0.000000 0.000000
31.000000 326.272529 17.960892 -0.578199 3.014591 0.000000 0.000000 0.000000 1.000000 0.000000 0.000000
31.000000 326.275553 17.820309 -0.571009 3.012644 0.000000 0.000000 0.000000 1.000000 0.000000 0.000000
31.000000 326.277693 17.859388 -0.548460 3.037859 0.000000 0.000000 0.000000 1.000000 0.000000 0.000000
31.000000 326.277782 18.379352 -0.678274 3.005497 0.000000 0.000000 0.000000 1.000000 0.000000 0.000000
31.000000 326.279689 17.845836 -0.538072 3.014899 0.000000 0.000000 0.000000 1.000000 0.000000 0.000000
31.000000 326.279853 17.863429 -0.574136 3.084068 0.000000 0.000000 0.000000 1.000000 0.000000 0.000000
31.000000 326.282644 17.849580 -0.586356 3.044663 0.000000 0.000000 0.000000 1.000000 0.000000 0.000000
31.000000 326.285578 17.720346 -0.581414 3.043157 0.000000 0.000000 0.000000 1.000000 0.000000 0.000000
31.000000 326.287584 17.761184 -0.558937 3.070041 0.000000 0.000000 0.000000 1.000000 0.000000 0.000000
31.000000 326.287673 18.235393 -0.672844 3.035400 0.000000 0.000000 0.000000 1.000000 0.000000 0.000000
31.000000 326.289608 17.727962 -0.537566 3.045824 0.000000 0.000000 0.000000 1.000000 0.000000 0.000000
31.000000 326.289892 17.773762 -0.593385 3.106802 0.000000 0.000000 0.000000 1.000000 0.000000 0.000000
31.000000 326.292513 17.788789 -0.597054 3.061445 0.000000 0.000000 0.000000 1.000000 0.000000 0.000000
31.000000 326.295551 17.603961 -0.591031 3.070183 0.000000 0.000000 0.000000 1.000000 0.000000 0.000000
31.000000 326.297731 17.649914 -0.565862 3.098534 0.000000 0.000000 0.000000 1.000000 0.000000 0.000000
31.000000 326.297750 18.140645 -0.683832 3.060045 0.000000 0.000000 0.000000 1.000000 0.000000 0.000000
31.000000 326.299717 17.620341 -0.546158 3.073215 0.000000 0.000000 0.000000 1.000000 0.000000 0.000000
31.000000 326.299859 17.653382 -0.592919 3.142597 0.000000 0.000000 0.000000 1.000000 0.000000 0.000000
31.000000 326.302623 17.652269 -0.601326 3.096783 0.000000 0.000000 0.000000 1.000000 0.000000 0.000000
31.000000 326.305559 17.506350 -0.597040 3.098496 0.000000 0.000000 0.000000 1.000000 0.000000 0.000000
31.000000 326.307549 17.541099 -0.579379 3.125941 0.000000 0.000000 0.000000 1.000000 0.000000 0.000000
31.000000 326.307730 17.992155 -0.683417 3.086693 0.000000 0.000000 0.000000 1.000000 0.000000 0.000000
31.000000 326.309628 17.509712 -0.552272 3.101578 0.000000 0.000000 0.000000 1.000000 0.000000 0.000000
31.000000 326.309952 17.537739 -0.603567 3.152634 0.000000 0.000000 0.000000 1.000000 0.000000 0.000000
31.000000 326.312577 17.520785 -0.614275 3.125024 0.000000 0.000000 0.000000 1.000000 0.000000 0.000000
31.000000 326.315588 17.376161 -0.608290 3.121003 0.000000 0.000000 0.000000 1.000000 0.000000 0.000000
31.000000 326.317727 17.421500 -0.583476 3.149179 0.000000 0.000000 0.000000 1.000000 0.000000 0.000000
31.000000 326.317786 17.854999 -0.680963 3.113423 0.000000 0.000000 0.000000 1.000000 0.000000 0.000000
31.000000 326.319757 17.400960 -0.552721 3.126160 0.000000 0.000000 0.000000 1.000000 0.000000 0.000000
31.000000 326.319913 17.445695 -0.603979 3.195719 0.000000 0.000000 0.000000 1.000000 0.000000 0.000000
31.000000 326.322666 17.434156 -0.614950 3.156096 0.000000 0.000000 0.000000 1.000000 0.000000 0.000000
31.000000 326.325609 17.297516 -0.609945 3.154672 0.000000 0.000000 0.000000 1.000000 0.000000 0.000000
31.000000 326.327554 17.326890 -0.594923 3.178540 0.000000 0.000000 0.000000 1.000000 0.000000 0.000000
31.000000 326.327654 17.734907 -0.682732 3.137914 0.000000 0.000000 0.000000 1.000000 0.000000 0.000000
31.000000 326.329610 17.245463 -0.547385 3.139254 0.000000 0.000000 0.000000 1.000000 0.000000 0.000000
31.000000 326.329964 17.325587 -0.618597 3.214490 0.000000 0.000000 0.000000 1.000000 0.000000 0.000000
31.000000 326.332568 17.317276 -0.627002 3.176494 0.000000 0.000000 0.000000 1.000000 0.000000 0.000000
31.000000 326.335706 17.163415 -0.623015 3.174059 0.000000 0.000000 0.000000 1.000000 0.000000 0.000000
31.000000 326.337698 17.221237 -0.592340 3.206510 0.000000 0.000000 0.000000 1.000000 0.000000 0.000000
31.000000 326.337884 17.678175 -0.699043 3.163133 0.000000 0.000000 0.000000 1.000000 0.000000 0.000000
31.000000 326.339773 17.164169 -0.562358 3.163325 0.000000 0.000000 0.000000 1.000000 0.000000 0.000000
31.000000 326.339866 17.245950 -0.634602 3.235421 0.000000 0.000000 0.000000 1.000000 0.000000 0.000000
31.000000 326.342762 17.285641 -0.626695 3.189609 0.000000 0.000000 0.000000 1.000000 0.000000 0.000000
31.000000 326.345596 17.081420 -0.622992 3.195418 0.000000 0.000000 0.000000 1.000000 0.000000 0.000000
31.000000 326.347577 17.121147 -0.604508 3.228190 0.000000 0.000000 0.000000 1.000000 0.000000 0.000000
31.000000 326.347774 17.526794 -0.696447 3.185301 0.000000 0.000000 0.000000 1.000000 0.000000 0.000000
31.000000 326.349573 17.057479 -0.570817 3.188564 0.000000 0.000000 0.000000 1.000000 0.000000 0.000000
31.000000 326.349979 17.116084 -0.626108 3.256807 0.000000 0.000000 0.000000 1.000000 0.000000 0.000000
31.000000 326.352731 17.104455 -0.636043 3.214227 0.000000 0.000000 0.000000 1.000000 0.000000 0.000000
31.000000 326.355566 16.967686 -0.634346 3.214346 0.000000 0.000000 0.000000 1.000000 0.000000 0.000000
31.000000 326.357722 17.003515 -0.617217 3.239631 0.000000 0.000000 0.000000 1.000000 0.000000 0.000000
31.000000 326.357820 17.320119 -0.678072 3.193603 0.000000 0.000000 0.000000 1.000000 0.000000 0.000000
31.000000 326.359780 16.949984 -0.570422 3.205706 0.000000 0.000000 0.000000 1.000000 0.000000 0.000000
31.000000 326.359909 17.016365 -0.630046 3.272708 0.000000 0.000000 0.000000 1.000000 0.000000 0.000000
31.000000 326.362725 17.020450 -0.634344 3.231840 0.000000 0.000000 0.000000 1.000000 0.000000 0.000000
31.000000 326.365605 16.871799 -0.631867 3.234869 0.000000 0.000000 0.000000 1.000000 0.000000 0.000000
31.000000 326.367548 16.904946 -0.617836 3.268624 0.000000 0.000000 0.000000 1.000000 0.000000 0.000000
31.000000 326.367760 17.286304 -0.698760 3.223425 0.000000 0.000000 0.000000 1.000000 0.000000 0.000000
31.000000 326.369704 16.948325 -0.592653 3.232852 0.000000 0.000000 0.000000 1.000000 0.000000 0.000000
31.000000 326.369991 16.967782 -0.621754 3.292390 0.000000 0.000000 0.000000 1.000000 0.000000 0.000000
31.000000 326.372620 16.942869 -0.636793 3.249803 0.000000 0.000000 0.000000 1.000000 0.000000 0.000000
31.000000 326.377736 16.799413 -0.633704 3.271803 0.000000 0.000000 0.000000 1.000000 0.000000 0.000000
31.000000 326.377969 17.086129 -0.686071 3.237522 0.000000 0.000000 0.000000 1.000000 0.000000 0.000000
31.000000 326.379707 16.811987 -0.599015 3.254082 0.000000 0.000000 0.000000 1.000000 0.000000 0.000000
31.000000 326.379885 16.837823 -0.631006 3.307375 0.000000 0.000000 0.000000 1.000000 0.000000 0.000000
31.000000 326.382858 16.800146 -0.650886 3.265425 0.000000 0.000000 0.000000 1.000000 0.000000 0.000000
31.000000 326.385630 16.653247 -0.649843 3.273872 0.000000 0.000000 0.000000 1.000000 0.000000 0.000000
31.000000 326.387626 16.748612 -0.601107 3.239889 0.000000 0.000000 0.000000 1.000000 0.000000 0.000000
31.000000 326.387672 16.987883 -0.686105 3.252527 0.000000 0.000000 0.000000 1.000000 0.000000 0.000000
31.000000 326.389725 16.603558 -0.593337 3.329647 0.000000 0.000000 0.000000 1.000000 0.000000 0.000000
31.000000 326.389977 16.710064 -0.657581 3.321678 0.000000 0.000000 0.000000 1.000000 0.000000 0.000000
31.000000 326.392619 16.727860 -0.656542 3.279333 0.000000 0.000000 0.000000 1.000000 0.000000 0.000000
31.000000 326.395542 16.560151 -0.655740 3.290191 0.000000 0.000000 0.000000 1.000000 0.000000 0.000000
31.000000 326.397855 16.656510 -0.607622 3.258729 0.000000 0.000000 0.000000 1.000000 0.000000 0.000000
31.000000 326.399760 16.590987 -0.600695 3.278726 0.000000 0.000000 0.000000 1.000000 0.000000 0.000000
31.000000 326.399936 16.645510 -0.647942 3.335998 0.000000 0.000000 0.000000 1.000000 0.000000 0.000000
31.000000 326.402864 16.616939 -0.663385 3.298466 0.000000 0.000000 0.000000 1.000000 0.000000 0.000000
31.000000 326.405560 16.452616 -0.662265 3.308015 0.000000 0.000000 0.000000 1.000000 0.000000 0.000000
31.000000 326.407701 16.466256 -0.661065 3.342142 0.000000 0.000000 0.000000 1.000000 0.000000 0.000000
31.000000 326.407968 16.694789 -0.689775 3.294327 0.000000 0.000000 0.000000 1.000000 0.000000 0.000000
31.000000 326.409671 16.469682 -0.602634 3.293423 0.000000 0.000000 0.000000 1.000000 0.000000 0.000000
31.000000 326.409976 16.539024 -0.657501 3.348512 0.000000 0.000000 0.000000 1.000000 0.000000 0.000000
31.000000 326.417916 16.617554 -0.642990 3.290061 0.000000 0.000000 0.000000 1.000000 0.000000 0.000000
31.000000 326.417928 16.583417 -0.690137 3.306965 0.000000 0.000000 0.000000 1.000000 0.000000 0.000000
31.000000 326.419778 16.453332 -0.679140 3.376449 0.000000 0.000000 0.000000 1.000000 0.000000 0.000000
31.000000 326.419942 16.431650 -0.658074 3.367024 0.000000 0.000000 0.000000 1.000000 0.000000 0.000000
31.000000 326.422911 16.388496 -0.678464 3.331784 0.000000 0.000000 0.000000 1.000000 0.000000 0.000000
31.000000 326.425628 16.238426 -0.676552 3.335070 0.000000 0.000000 0.000000 1.000000 0.000000 0.000000
31.000000 326.427655 16.272216 -0.662215 3.363359 0.000000 0.000000 0.000000 1.000000 0.000000 0.000000
31.000000 326.427822 16.474418 -0.692891 3.321253 0.000000 0.000000 0.000000 1.000000 0.000000 0.000000
31.000000 326.429705 16.240361 -0.615409 3.319824 0.000000 0.000000 0.000000 1.000000 0.000000 0.000000
31.000000 326.429994 16.323092 -0.674911 3.373815 0.000000 0.000000 0.000000 1.000000 0.000000 0.000000
31.000000 326.432502 16.289368 -0.690733 3.348860 0.000000 0.000000 0.000000 1.000000 0.000000 0.000000
31.000000 326.435558 16.138751 -0.688705 3.357920 0.000000 0.000000 0.000000 1.000000 0.000000 0.000000
31.000000 326.437840 16.169311 -0.675561 3.381079 0.000000 0.000000 0.000000 1.000000 0.000000 0.000000
31.000000 326.437886 16.335416 -0.689425 3.331411 0.000000 0.000000 0.000000 1.000000 0.000000 0.000000
31.000000 326.439786 16.156424 -0.618814 3.339880 0.000000 0.000000 0.000000 1.000000 0.000000 0.000000
31.000000 326.439925 16.218506 -0.666914 3.400288 0.000000 0.000000 0.000000 1.000000 0.000000 0.000000
31.000000 326.442500 16.199021 -0.678090 3.361497 0.000000 0.000000 0.000000 1.000000 0.000000 0.000000
31.000000 326.445628 16.051906 -0.678593 3.367070 0.000000 0.000000 0.000000 1.000000 0.000000 0.000000
31.000000 326.447688 16.062433 -0.679003 3.396786 0.000000 0.000000 0.000000 1.000000 0.000000 0.000000
31.000000 326.447786 16.258455 -0.704090 3.344017 0.000000 0.000000 0.000000 1.000000 0.000000 0.000000
31.000000 326.449745 16.046145 -0.629422 3.354146 0.000000 0.000000 0.000000 1.000000 0.000000 0.000000
31.000000 326.450003 16.123158 -0.687406 3.416849 0.000000 0.000000 0.000000 1.000000 0.000000 0.000000
31.000000 326.452597 16.137259 -0.686744 3.374347 0.000000 0.000000 0.000000 1.000000 0.000000 0.000000
31.000000 326.455838 15.949290 -0.685696 3.384372 0.000000 0.000000 0.000000 1.000000 0.000000 0.000000
31.000000 326.457887 16.043583 -0.641394 3.352553 0.000000 0.000000 0.000000 1.000000 0.000000 0.000000
31.000000 326.459864 15.969310 -0.633338 3.365887 0.000000 0.000000 0.000000 1.000000 0.000000 0.000000
31.000000 326.459932 16.037990 -0.684770 3.424293 0.000000 0.000000 0.000000 1.000000 0.000000 0.000000
31.000000 326.462499 16.013935 -0.697931 3.385491 0.000000 0.000000 0.000000 1.000000 0.000000 0.000000
31.000000 326.465591 15.835855 -0.696371 3.391273 0.000000 0.000000 0.000000 1.000000 0.000000 0.000000
31.000000 326.467803 15.923282 -0.654715 3.363325 0.000000 0.000000 0.000000 1.000000 0.000000 0.000000
31.000000 326.469730 15.790967 -0.638822 3.388639 0.000000 0.000000 0.000000 1.000000 0.000000 0.000000
31.000000 326.470046 15.881440 -0.705087 3.446630 0.000000 0.000000 0.000000 1.000000 0.000000 0.000000
31.000000 326.472621 15.891716 -0.707096 3.395527 0.000000 0.000000 0.000000 1.000000 0.000000 0.000000
31.000000 326.475545 15.725825 -0.705223 3.398633 0.000000 0.000000 0.000000 1.000000 0.000000 0.000000
31.000000 326.477839 15.742096 -0.700509 3.419725 0.000000 0.000000 0.000000 1.000000 0.000000 0.000000
31.000000 326.477966 15.818167 -0.688056 3.373374 0.000000 0.000000 0.000000 1.000000 0.000000 0.000000
31.000000 326.479866 15.544928 -0.610670 3.383507 0.000000 0.000000 0.000000 1.000000 0.000000 0.000000
31.000000 326.479957 15.732499 -0.731185 3.452225 0.000000 0.000000 0.000000 1.000000 0.000000 0.000000
31.000000 326.482693 15.817360 -0.704383 3.401685 0.000000 0.000000 0.000000 1.000000 0.000000 0.000000
31.000000 326.485602 15.651550 -0.704157 3.411643 0.000000 0.000000 0.000000 1.000000 0.000000 0.000000
31.000000 326.487772 15.746744 -0.660404 3.382905 0.000000 0.000000 0.000000 1.000000 0.000000 0.000000
31.000000 326.487872 15.741108 -0.699229 3.380178 0.000000 0.000000 0.000000 1.000000 0.000000 0.000000
31.000000 326.489689 15.524452 -0.650489 3.459492 0.000000 0.000000 0.000000 1.000000 0.000000 0.000000
31.000000 326.489996 15.653645 -0.717001 3.456395 0.000000 0.000000 0.000000 1.000000 0.000000 0.000000
31.000000 326.492617 15.674264 -0.714306 3.410105 0.000000 0.000000 0.000000 1.000000 0.000000 0.000000
31.000000 326.495600 15.537480 -0.714967 3.419919 0.000000 0.000000 0.000000 1.000000 0.000000 0.000000
31.000000 326.497757 15.570800 -0.702760 3.448701 0.000000 0.000000 0.000000 1.000000 0.000000 0.000000
31.000000 326.497879 15.723688 -0.719108 3.394647 0.000000 0.000000 0.000000 1.000000 0.000000 0.000000
31.000000 326.499825 15.437285 -0.641198 3.402054 0.000000 0.000000 0.000000 1.000000 0.000000 0.000000
31.000000 326.499975 15.565592 -0.725841 3.468609 0.000000 0.000000 0.000000 1.000000 0.000000 0.000000
31.000000 326.502654 15.598382 -0.717960 3.422433 0.000000 0.000000 0.000000 1.000000 0.000000 0.000000
31.000000 326.505708 15.441461 -0.717840 3.429622 0.000000 0.000000 0.000000 1.000000 0.000000 0.000000
31.000000 326.507704 15.539888 -0.672779 3.401106 0.000000 0.000000 0.000000 1.000000 0.000000 0.000000
31.000000 326.509763 15.342191 -0.647991 3.416421 0.000000 0.000000 0.000000 1.000000 0.000000 0.000000
31.000000 326.510074 15.459644 -0.726951 3.478095 0.000000 0.000000 0.000000 1.000000 0.000000 0.000000
31.000000 326.512708 15.467452 -0.729306 3.430066 0.000000 0.000000 0.000000 1.000000 0.000000 0.000000
31.000000 326.515545 15.316943 -0.728378 3.435846 0.000000 0.000000 0.000000 1.000000 0.000000 0.000000
31.000000 326.517694 15.359837 -0.710196 3.461077 0.000000 0.000000 0.000000 1.000000 0.000000 0.000000
31.000000 326.517859 15.490542 -0.724033 3.412192 0.000000 0.000000 0.000000 1.000000 0.000000 0.000000
31.000000 326.519836 15.193611 -0.648755 3.406770 0.000000 0.000000 0.000000 1.000000 0.000000 0.000000
31.000000 326.519979 15.344113 -0.740397 3.468992 0.000000 0.000000 0.000000 1.000000 0.000000 0.000000
31.000000 326.522816 15.386719 -0.726889 3.434193 0.000000 0.000000 0.000000 1.000000 0.000000 0.000000
31.000000 326.525678 15.252940 -0.726818 3.438977 0.000000 0.000000 0.000000 1.000000 0.000000 0.000000
31.000000 326.527597 15.230516 -0.743845 3.459669 0.000000 0.000000 0.000000 1.000000 0.000000 0.000000
31.000000 326.527715 15.238650 -0.706573 3.410193 0.000000 0.000000 0.000000 1.000000 0.000000 0.000000
31.000000 326.529779 15.035973 -0.641879 3.420143 0.000000 0.000000 0.000000 1.000000 0.000000 0.000000
31.000000 326.530236 15.219735 -0.754759 3.490574 0.000000 0.000000 0.000000 1.000000 0.000000 0.000000
31.000000 326.532713 15.282239 -0.735171 3.442531 0.000000 0.000000 0.000000 1.000000 0.000000 0.000000
31.000000 326.535589 15.160880 -0.735815 3.445753 0.000000 0.000000 0.000000 1.000000 0.000000 0.000000
31.000000 326.537643 15.150171 -0.747101 3.470240 0.000000 0.000000 0.000000 1.000000 0.000000 0.000000
31.000000 326.537800 15.175781 -0.717992 3.421541 0.000000 0.000000 0.000000 1.000000 0.000000 0.000000
31.000000 326.539865 15.010434 -0.659638 3.429145 0.000000 0.000000 0.000000 1.000000 0.000000 0.000000
31.000000 326.539979 15.159967 -0.753105 3.486108 0.000000 0.000000 0.000000 1.000000 0.000000 0.000000
31.000000 326.542665 15.192947 -0.745530 3.438642 0.000000 0.000000 0.000000 1.000000 0.000000 0.000000
31.000000 326.545855 15.045397 -0.745736 3.450773 0.000000 0.000000 0.000000 1.000000 0.000000 0.000000
31.000000 326.547583 15.035837 -0.756775 3.476047 0.000000 0.000000 0.000000 1.000000 0.000000 0.000000
31.000000 326.547638 15.038512 -0.717830 3.424499 0.000000 0.000000 0.000000 1.000000 0.000000 0.000000
31.000000 326.549758 15.022105 -0.679388 3.432133 0.000000 0.000000 0.000000 1.000000 0.000000 0.000000
31.000000 326.550195 15.120092 -0.741173 3.489973 0.000000 0.000000 0.000000 1.000000 0.000000 0.000000
31.000000 326.552682 15.076855 -0.761240 3.449085 0.000000 0.000000 0.000000 1.000000 0.000000 0.000000
31.000000 326.555625 14.931701 -0.761560 3.449370 0.000000 0.000000 0.000000 1.000000 0.000000 0.000000
31.000000 326.557752 14.951853 -0.758392 3.486925 0.000000 0.000000 0.000000 1.000000 0.000000 0.000000
31.000000 326.557846 14.947620 -0.713999 3.439493 0.000000 0.000000 0.000000 1.000000 0.000000 0.000000
31.000000 326.559930 14.714901 -0.639846 3.419798 0.000000 0.000000 0.000000 1.000000 0.000000 0.000000
31.000000 326.560009 14.955194 -0.776755 3.487741 0.000000 0.000000 0.000000 1.000000 0.000000 0.000000
31.000000 326.562705 14.996847 -0.763095 3.450789 0.000000 0.000000 0.000000 1.000000 0.000000 0.000000
31.000000 326.565850 14.809085 -0.760050 3.450484 0.000000 0.000000 0.000000 1.000000 0.000000 0.000000
31.000000 326.567667 14.807720 -0.766796 3.481970 0.000000 0.000000 0.000000 1.000000 0.000000 0.000000
31.000000 326.567768 14.848253 -0.742938 3.436783 0.000000 0.000000 0.000000 1.000000 0.000000 0.000000
31.000000 326.569751 14.717822 -0.687295 3.434391 0.000000 0.000000 0.000000 1.000000 0.000000 0.000000
31.000000 326.570032 14.873152 -0.779301 3.497672 0.000000 0.000000 0.000000 1.000000 0.000000 0.000000
31.000000 326.572628 14.900898 -0.771988 3.454861 0.000000 0.000000 0.000000 1.000000 0.000000 0.000000
31.000000 326.575632 14.713575 -0.768385 3.452139 0.000000 0.000000 0.000000 1.000000 0.000000 0.000000
31.000000 326.577833 14.821543 -0.717567 3.424268 0.000000 0.000000 0.000000 1.000000 0.000000 0.000000
31.000000 326.577948 14.758539 -0.740945 3.426230 0.000000 0.000000 0.000000 1.000000 0.000000 0.000000
31.000000 326.579955 14.376724 -0.624276 3.504519 0.000000 0.000000 0.000000 1.000000 0.000000 0.000000
31.000000 326.579987 14.717015 -0.806106 3.505090 0.000000 0.000000 0.000000 1.000000 0.000000 0.000000
31.000000 326.582716 14.818752 -0.771051 3.454631 0.000000 0.000000 0.000000 1.000000 0.000000 0.000000
31.000000 326.585711 14.656120 -0.769663 3.462343 0.000000 0.000000 0.000000 1.000000 0.000000 0.000000
31.000000 326.587731 14.783880 -0.710838 3.437648 0.000000 0.000000 0.000000 1.000000 0.000000 0.000000
31.000000 326.589816 14.458214 -0.668709 3.432942 0.000000 0.000000 0.000000 1.000000 0.000000 0.000000
31.000000 326.590066 14.682255 -0.794984 3.501125 0.000000 0.000000 0.000000 1.000000 0.000000 0.000000
31.000000 326.592687 14.667964 -0.803463 3.461930 0.000000 0.000000 0.000000 1.000000 0.000000 0.000000
31.000000 326.595708 14.507874 -0.801301 3.457436 0.000000 0.000000 0.000000 1.000000 0.000000 0.000000
31.000000 326.597799 14.659359 -0.729743 3.430706 0.000000 0.000000 0.000000 1.000000 0.000000 0.000000
31.000000 326.597945 14.552752 -0.747930 3.427214 0.000000 0.000000 0.000000 1.000000 0.000000 0.000000
31.000000 326.599859 14.410340 -0.714264 3.500778 0.000000 0.000000 0.000000 1.000000 0.000000 0.000000
31.000000 326.600042 14.583929 -0.796029 3.502425 0.000000 0.000000 0.000000 1.000000 0.000000 0.000000
31.000000 326.602669 14.599411 -0.794147 3.454620 0.000000 0.000000 0.000000 1.000000 0.000000 0.000000
31.000000 326.605921 14.431945 -0.792335 3.455322 0.000000 0.000000 0.000000 1.000000 0.000000 0.000000
31.000000 326.607659 14.443620 -0.791993 3.482158 0.000000 0.000000 0.000000 1.000000 0.000000 0.000000
31.000000 326.607774 14.356496 -0.719075 3.436710 0.000000 0.000000 0.000000 1.000000 0.000000 0.000000
31.000000 326.609825 14.236443 -0.667899 3.438545 0.000000 0.000000 0.000000 1.000000 0.000000 0.000000
31.000000 326.610075 14.476675 -0.803123 3.503208 0.000000 0.000000 0.000000 1.000000 0.000000 0.000000
31.000000 326.612772 14.485134 -0.804228 3.453204 0.000000 0.000000 0.000000 1.000000 0.000000 0.000000
31.000000 326.615585 14.310691 -0.801101 3.449020 0.000000 0.000000 0.000000 1.000000 0.000000 0.000000
31.000000 326.617814 14.442104 -0.740165 3.420895 0.000000 0.000000 0.000000 1.000000 0.000000 0.000000
31.000000 326.617959 14.340302 -0.760289 3.422541 0.000000 0.000000 0.000000 1.000000 0.000000 0.000000
31.000000 326.619938 14.211198 -0.728532 3.500497 0.000000 0.000000 0.000000 1.000000 0.000000 0.000000
31.000000 326.620102 14.382027 -0.804340 3.499776 0.000000 0.000000 0.000000 1.000000 0.000000 0.000000
31.000000 326.622793 14.401902 -0.801342 3.446463 0.000000 0.000000 0.000000 1.000000 0.000000 0.000000
31.000000 326.625645 14.236926 -0.798293 3.440950 0.000000 0.000000 0.000000 1.000000 0.000000 0.000000
31.000000 326.627706 14.239942 -0.801343 3.463525 0.000000 0.000000 0.000000 1.000000 0.000000 0.000000
31.000000 326.627765 14.229615 -0.762606 3.419072 0.000000 0.000000 0.000000 1.000000 0.000000 0.000000
31.000000 326.629818 14.172153 -0.723780 3.429149 0.000000 0.000000 0.000000 1.000000 0.000000 0.000000
31.000000 326.630064 14.306464 -0.801997 3.490232 0.000000 0.000000 0.000000 1.000000 0.000000 0.000000
31.000000 326.632613 14.297028 -0.809745 3.441718 0.000000 0.000000 0.000000 1.000000 0.000000 0.000000
31.000000 326.635788 14.143631 -0.809310 3.440981 0.000000 0.000000 0.000000 1.000000 0.000000 0.000000
31.000000 326.637807 14.147913 -0.813333 3.467616 0.000000 0.000000 0.000000 1.000000 0.000000 0.000000
31.000000 326.638075 14.148013 -0.776057 3.414299 0.000000 0.000000 0.000000 1.000000 0.000000 0.000000
31.000000 326.640025 13.994372 -0.724595 3.427656 0.000000 0.000000 0.000000 1.000000 0.000000 0.000000
31.000000 326.640059 14.186993 -0.834975 3.496790 0.000000 0.000000 0.000000 1.000000 0.000000 0.000000
31.000000 326.642718 14.213577 -0.829614 3.438873 0.000000 0.000000 0.000000 1.000000 0.000000 0.000000
31.000000 326.645761 14.013886 -0.826224 3.438579 0.000000 0.000000 0.000000 1.000000 0.000000 0.000000
31.000000 326.647615 14.046767 -0.815527 3.466542 0.000000 0.000000 0.000000 1.000000 0.000000 0.000000
31.000000 326.647805 14.037361 -0.770876 3.410745 0.000000 0.000000 0.000000 1.000000 0.000000 0.000000
31.000000 326.649883 13.869851 -0.713112 3.410492 0.000000 0.000000 0.000000 1.000000 0.000000 0.000000
31.000000 326.650056 14.065986 -0.822399 3.483111 0.000000 0.000000 0.000000 1.000000 0.000000 0.000000
31.000000 326.652619 14.078950 -0.820878 3.438709 0.000000 0.000000 0.000000 1.000000 0.000000 0.000000
31.000000 326.655673 13.946060 -0.819341 3.434460 0.000000 0.000000 0.000000 1.000000 0.000000 0.000000
31.000000 326.657732 13.952630 -0.821575 3.461300 0.000000 0.000000 0.000000 1.000000 0.000000 0.000000
31.000000 326.657933 13.943653 -0.780125 3.411825 0.000000 0.000000 0.000000 1.000000 0.000000 0.000000
31.000000 326.660009 14.185656 -0.760025 3.406518 0.000000 0.000000 0.000000 1.000000 0.000000 0.000000
31.000000 326.662730 13.996208 -0.822855 3.434348 0.000000 0.000000 0.000000 1.000000 0.000000 0.000000
31.000000 326.665851 13.844198 -0.819633 3.420831 0.000000 0.000000 0.000000 1.000000 0.000000 0.000000
31.000000 326.667730 13.846475 -0.823916 3.449646 0.000000 0.000000 0.000000 1.000000 0.000000 0.000000
31.000000 326.667889 13.822920 -0.776986 3.406504 0.000000 0.000000 0.000000 1.000000 0.000000 0.000000
31.000000 326.669845 13.650447 -0.720607 3.406812 0.000000 0.000000 0.000000 1.000000 0.000000 0.000000
31.000000 326.670125 13.861803 -0.835630 3.481717 0.000000 0.000000 0.000000 1.000000 0.000000 0.000000
31.000000 326.672650 13.894894 -0.825844 3.429423 0.000000 0.000000 0.000000 1.000000 0.000000 0.000000
31.000000 326.675769 13.767718 -0.824251 3.414692 0.000000 0.000000 0.000000 1.000000 0.000000 0.000000
31.000000 326.677827 13.759228 -0.834012 3.441999 0.000000 0.000000 0.000000 1.000000 0.000000 0.000000
31.000000 326.677943 13.744945 -0.790833 3.395655 0.000000 0.000000 0.000000 1.000000 0.000000 0.000000
31.000000 326.679937 13.568993 -0.734818 3.396024 0.000000 0.000000 0.000000 1.000000 0.000000 0.000000
31.000000 326.680045 13.776803 -0.847004 3.472593 0.000000 0.000000 0.000000 1.000000 0.000000 0.000000
31.000000 326.682703 13.804459 -0.838972 3.425621 0.000000 0.000000 0.000000 1.000000 0.000000 0.000000
31.000000 326.685840 13.665997 -0.835348 3.409189 0.000000 0.000000 0.000000 1.000000 0.000000 0.000000
31.000000 326.687841 13.662673 -0.841077 3.431364 0.000000 0.000000 0.000000 1.000000 0.000000 0.000000
31.000000 326.687887 13.631221 -0.790778 3.385894 0.000000 0.000000 0.000000 1.000000 0.000000 0.000000
31.000000 326.689849 13.500976 -0.740854 3.390600 0.000000 0.000000 0.000000 1.000000 0.000000 0.000000
31.000000 326.690325 13.701981 -0.851038 3.458272 0.000000 0.000000 0.000000 1.000000 0.000000 0.000000
31.000000 326.692642 13.745310 -0.837959 3.410587 0.000000 0.000000 0.000000 1.000000 0.000000 0.000000
31.000000 326.695713 13.586298 -0.832780 3.404759 0.000000 0.000000 0.000000 1.000000 0.000000 0.000000
31.000000 326.697797 13.563211 -0.847150 3.420591 0.000000 0.000000 0.000000 1.000000 0.000000 0.000000
31.000000 326.698076 13.515754 -0.791471 3.375374 0.000000 0.000000 0.000000 1.000000 0.000000 0.000000
31.000000 326.699992 13.343010 -0.737791 3.375802 0.000000 0.000000 0.000000 1.000000 0.000000 0.000000
31.000000 326.700059 13.576809 -0.861272 3.449518 0.000000 0.000000 0.000000 1.000000 0.000000 0.000000
31.000000 326.702757 13.615183 -0.848980 3.403969 0.000000 0.000000 0.000000 1.000000 0.000000 0.000000
31.000000 326.706073 13.488628 -0.845556 3.391027 0.000000 0.000000 0.000000 1.000000 0.000000 0.000000
31.000000 326.707751 13.479031 -0.854169 3.411633 0.000000 0.000000 0.000000 1.000000 0.000000 0.000000
31.000000 326.707859 13.440410 -0.801592 3.366774 0.000000 0.000000 0.000000 1.000000 0.000000 0.000000
31.000000 326.709904 13.233678 -0.742944 3.361843 0.000000 0.000000 0.000000 1.000000 0.000000 0.000000
31.000000 326.710320 13.472809 -0.867433 3.438395 0.000000 0.000000 0.000000 1.000000 0.000000 0.000000
31.000000 326.712834 13.499856 -0.859195 3.394500 0.000000 0.000000 0.000000 1.000000 0.000000 0.000000
31.000000 326.715754 13.363816 -0.855743 3.380970 0.000000 0.000000 0.000000 1.000000 0.000000 0.000000
31.000000 326.717850 13.367616 -0.857255 3.397267 0.000000 0.000000 0.000000 1.000000 0.000000 0.000000
31.000000 326.717866 13.330702 -0.806801 3.349734 0.000000 0.000000 0.000000 1.000000 0.000000 0.000000
31.000000 326.720057 13.203855 -0.759797 3.346263 0.000000 0.000000 0.000000 1.000000 0.000000 0.000000
31.000000 326.720215 13.398822 -0.860174 3.419201 0.000000 0.000000 0.000000 1.000000 0.000000 0.000000
31.000000 326.722856 13.411743 -0.856633 3.380017 0.000000 0.000000 0.000000 1.000000 0.000000 0.000000
31.000000 326.725795 13.247284 -0.850288 3.358981 0.000000 0.000000 0.000000 1.000000 0.000000 0.000000
31.000000 326.727812 13.253097 -0.850345 3.377192 0.000000 0.000000 0.000000 1.000000 0.000000 0.000000
31.000000 326.728274 13.249464 -0.813395 3.332787 0.000000 0.000000 0.000000 1.000000 0.000000 0.000000
31.000000 326.729805 13.101847 -0.762729 3.329711 0.000000 0.000000 0.000000 1.000000 0.000000 0.000000
31.000000 326.730320 13.302084 -0.866449 3.403339 0.000000 0.000000 0.000000 1.000000 0.000000 0.000000
31.000000 326.732840 13.316487 -0.862888 3.365240 0.000000 0.000000 0.000000 1.000000 0.000000 0.000000
31.000000 326.735654 13.203103 -0.860221 3.352595 0.000000 0.000000 0.000000 1.000000 0.000000 0.000000
31.000000 326.737834 13.181407 -0.873702 3.365756 0.000000 0.000000 0.000000 1.000000 0.000000 0.000000
31.000000 326.738032 13.129074 -0.815247 3.316933 0.000000 0.000000 0.000000 1.000000 0.000000 0.000000
31.000000 326.739861 12.989861 -0.765491 3.305418 0.000000 0.000000 0.000000 1.000000 0.000000 0.000000
31.000000 326.740158 13.214113 -0.878154 3.375055 0.000000 0.000000 0.000000 1.000000 0.000000 0.000000
31.000000 326.742963 13.245531 -0.866745 3.342136 0.000000 0.000000 0.000000 1.000000 0.000000 0.000000
31.000000 326.745869 13.111663 -0.863133 3.333846 0.000000 0.000000 0.000000 1.000000 0.000000 0.000000
31.000000 326.747661 13.086267 -0.878934 3.349876 0.000000 0.000000 0.000000 1.000000 0.000000 0.000000
31.000000 326.747844 13.028864 -0.820074 3.306254 0.000000 0.000000 0.000000 1.000000 0.000000 0.000000
31.000000 326.749850 12.861756 -0.768812 3.298191 0.000000 0.000000 0.000000 1.000000 0.000000 0.000000
31.000000 326.750311 13.091665 -0.883803 3.370725 0.000000 0.000000 0.000000 1.000000 0.000000 0.000000
31.000000 326.752734 13.117653 -0.874834 3.331738 0.000000 0.000000 0.000000 1.000000 0.000000 0.000000
31.000000 326.756056 13.001668 -0.872115 3.316608 0.000000 0.000000 0.000000 1.000000 0.000000 0.000000
31.000000 326.757920 12.975504 -0.887604 3.328854 0.000000 0.000000 0.000000 1.000000 0.000000 0.000000
31.000000 326.757952 12.901897 -0.822726 3.285825 0.000000 0.000000 0.000000 1.000000 0.000000 0.000000
31.000000 326.759945 12.809685 -0.781745 3.282076 0.000000 0.000000 0.000000 1.000000 0.000000 0.000000
31.000000 326.760248 13.014970 -0.883493 3.353081 0.000000 0.000000 0.000000 1.000000 0.000000 0.000000
31.000000 326.762920 13.038090 -0.875069 3.316242 0.000000 0.000000 0.000000 1.000000 0.000000 0.000000
31.000000 326.767765 12.848756 -0.867835 3.315836 0.000000 0.000000 0.000000 1.000000 0.000000 0.000000
31.000000 326.767890 12.860811 -0.836688 3.271129 0.000000 0.000000 0.000000 1.000000 0.000000 0.000000
31.000000 326.769846 12.702062 -0.787213 3.264195 0.000000 0.000000 0.000000 1.000000 0.000000 0.000000
31.000000 326.770195 12.906478 -0.889129 3.334405 0.000000 0.000000 0.000000 1.000000 0.000000 0.000000
31.000000 326.772920 12.931095 -0.880763 3.294990 0.000000 0.000000 0.000000 1.000000 0.000000 0.000000
31.000000 326.775665 12.777646 -0.876173 3.282987 0.000000 0.000000 0.000000 1.000000 0.000000 0.000000
31.000000 326.777939 12.763756 -0.886102 3.297500 0.000000 0.000000 0.000000 1.000000 0.000000 0.000000
31.000000 326.778010 12.720909 -0.832368 3.250881 0.000000 0.000000 0.000000 1.000000 0.000000 0.000000
31.000000 326.779869 12.594632 -0.785778 3.243011 0.000000 0.000000 0.000000 1.000000 0.000000 0.000000
31.000000 326.780165 12.822351 -0.897418 3.315129 0.000000 0.000000 0.000000 1.000000 0.000000 0.000000
31.000000 326.782948 12.849380 -0.887613 3.277376 0.000000 0.000000 0.000000 1.000000 0.000000 0.000000
31.000000 326.785949 12.751988 -0.885507 3.261010 0.000000 0.000000 0.000000 1.000000 0.000000 0.000000
31.000000 326.787909 12.846401 -0.845527 3.226098 0.000000 0.000000 0.000000 1.000000 0.000000 0.000000
31.000000 326.787956 12.657601 -0.859274 3.229363 0.000000 0.000000 0.000000 1.000000 0.000000 0.000000
31.000000 326.789870 12.641169 -0.874847 3.294765 0.000000 0.000000 0.000000 1.000000 0.000000 0.000000
31.000000 326.790384 12.737802 -0.906809 3.294936 0.000000 0.000000 0.000000 1.000000 0.000000 0.000000
31.000000 326.792808 12.757582 -0.900550 3.254469 0.000000 0.000000 0.000000 1.000000 0.000000 0.000000
31.000000 326.795663 12.629617 -0.897717 3.242550 0.000000 0.000000 0.000000 1.000000 0.000000 0.000000
31.000000 326.797833 12.751130 -0.846768 3.206917 0.000000 0.000000 0.000000 1.000000 0.000000 0.000000
31.000000 326.797973 12.530670 -0.856339 3.200125 0.000000 0.000000 0.000000 1.000000 0.000000 0.000000
31.000000 326.799841 12.505823 -0.867356 3.263814 0.000000 0.000000 0.000000 1.000000 0.000000 0.000000
31.000000 326.800218 12.626773 -0.909026 3.272088 0.000000 0.000000 0.000000 1.000000 0.000000 0.000000
31.000000 326.802869 12.648371 -0.900633 3.236081 0.000000 0.000000 0.000000 1.000000 0.000000 0.000000
31.000000 326.805760 12.545364 -0.898929 3.219546 0.000000 0.000000 0.000000 1.000000 0.000000 0.000000
31.000000 326.807868 12.500837 -0.922901 3.229435 0.000000 0.000000 0.000000 1.000000 0.000000 0.000000
31.000000 326.807979 12.444726 -0.864966 3.184814 0.000000 0.000000 0.000000 1.000000 0.000000 0.000000
31.000000 326.809887 12.345800 -0.824613 3.183594 0.000000 0.000000 0.000000 1.000000 0.000000 0.000000
31.000000 326.810312 12.531116 -0.914560 3.254716 0.000000 0.000000 0.000000 1.000000 0.000000 0.000000
31.000000 326.812963 12.542436 -0.911064 3.217242 0.000000 0.000000 0.000000 1.000000 0.000000 0.000000
31.000000 326.815690 12.396909 -0.904802 3.197141 0.000000 0.000000 0.000000 1.000000 0.000000 0.000000
31.000000 326.817914 12.506262 -0.856640 3.160789 0.000000 0.000000 0.000000 1.000000 0.000000 0.000000
31.000000 326.817933 12.361375 -0.873662 3.165758 0.000000 0.000000 0.000000 1.000000 0.000000 0.000000
31.000000 326.819967 12.363225 -0.895793 3.224198 0.000000 0.000000 0.000000 1.000000 0.000000 0.000000
31.000000 326.820214 12.439198 -0.917440 3.226737 0.000000 0.000000 0.000000 1.000000 0.000000 0.000000
31.000000 326.822936 12.437749 -0.919215 3.191257 0.000000 0.000000 0.000000 1.000000 0.000000 0.000000
31.000000 326.825763 12.316560 -0.914767 3.171490 0.000000 0.000000 0.000000 1.000000 0.000000 0.000000
31.000000 326.827827 12.307068 -0.921412 3.181910 0.000000 0.000000 0.000000 1.000000 0.000000 0.000000
31.000000 326.827910 12.282761 -0.878777 3.139561 0.000000 0.000000 0.000000 1.000000 0.000000 0.000000
31.000000 326.829836 12.123808 -0.832077 3.128655 0.000000 0.000000 0.000000 1.000000 0.000000 0.000000
31.000000 326.830283 12.342197 -0.934645 3.198749 0.000000 0.000000 0.000000 1.000000 0.000000 0.000000
31.000000 326.832779 12.375698 -0.920941 3.163591 0.000000 0.000000 0.000000 1.000000 0.000000 0.000000
31.000000 326.835754 12.250102 -0.918222 3.152721 0.000000 0.000000 0.000000 1.000000 0.000000 0.000000
31.000000 326.837826 12.226815 -0.931926 3.160709 0.000000 0.000000 0.000000 1.000000 0.000000 0.000000
31.000000 326.837982 12.187880 -0.882658 3.114776 0.000000 0.000000 0.000000 1.000000 0.000000 0.000000
31.000000 326.839932 12.037937 -0.838190 3.103608 0.000000 0.000000 0.000000 1.000000 0.000000 0.000000
31.000000 326.840234 12.258106 -0.940360 3.172084 0.000000 0.000000 0.000000 1.000000 0.000000 0.000000
31.000000 326.842877 12.285198 -0.929102 3.136868 0.000000 0.000000 0.000000 1.000000 0.000000 0.000000
31.000000 326.845856 12.153389 -0.926003 3.124506 0.000000 0.000000 0.000000 1.000000 0.000000 0.000000
31.000000 326.847734 12.125547 -0.942697 3.136999 0.000000 0.000000 0.000000 1.000000 0.000000 0.000000
31.000000 326.847949 12.079676 -0.887606 3.091849 0.000000 0.000000 0.000000 1.000000 0.000000 0.000000
31.000000 326.849843 11.939377 -0.841741 3.084017 0.000000 0.000000 0.000000 1.000000 0.000000 0.000000
31.000000 326.850355 12.150545 -0.941383 3.154433 0.000000 0.000000 0.000000 1.000000 0.000000 0.000000
31.000000 326.852742 12.174228 -0.932641 3.113288 0.000000 0.000000 0.000000 1.000000 0.000000 0.000000
31.000000 326.855741 12.056444 -0.930568 3.100171 0.000000 0.000000 0.000000 1.000000 0.000000 0.000000
31.000000 326.857862 12.031414 -0.945942 3.111693 0.000000 0.000000 0.000000 1.000000 0.000000 0.000000
31.000000 326.857994 11.997952 -0.898024 3.066687 0.000000 0.000000 0.000000 1.000000 0.000000 0.000000
31.000000 326.859992 11.877298 -0.856085 3.060867 0.000000 0.000000 0.000000 1.000000 0.000000 0.000000
31.000000 326.860359 12.065676 -0.944784 3.127100 0.000000 0.000000 0.000000 1.000000 0.000000 0.000000
31.000000 326.862974 12.079683 -0.940214 3.086518 0.000000 0.000000 0.000000 1.000000 0.000000 0.000000
31.000000 326.865800 11.938495 -0.934194 3.067439 0.000000 0.000000 0.000000 1.000000 0.000000 0.000000
31.000000 326.867717 11.924480 -0.943253 3.079878 0.000000 0.000000 0.000000 1.000000 0.000000 0.000000
31.000000 326.867966 11.848495 -0.876523 3.046089 0.000000 0.000000 0.000000 1.000000 0.000000 0.000000
31.000000 326.869887 11.750277 -0.835640 3.035778 0.000000 0.000000 0.000000 1.000000 0.000000 0.000000
31.000000 326.870234 11.977746 -0.941132 3.098575 0.000000 0.000000 0.000000 1.000000 0.000000 0.000000
31.000000 326.872923 11.960743 -0.950648 3.051818 0.000000 0.000000 0.000000 1.000000 0.000000 0.000000
31.000000 326.875923 11.823328 -0.948763 3.036098 0.000000 0.000000 0.000000 1.000000 0.000000 0.000000
31.000000 326.877883 11.834630 -0.949367 3.054218 0.000000 0.000000 0.000000 1.000000 0.000000 0.000000
31.000000 326.877939 11.797976 -0.902861 3.015456 0.000000 0.000000 0.000000 1.000000 0.000000 0.000000
31.000000 326.879981 11.701202 -0.866166 3.014453 0.000000 0.000000 0.000000 1.000000 0.000000 0.000000
31.000000 326.880286 11.875558 -0.948747 3.073090 0.000000 0.000000 0.000000 1.000000 0.000000 0.000000
31.000000 326.883132 11.892720 -0.943723 3.027430 0.000000 0.000000 0.000000 1.000000 0.000000 0.000000
31.000000 326.885767 11.773249 -0.941256 3.014237 0.000000 0.000000 0.000000 1.000000 0.000000 0.000000
31.000000 326.887755 11.733840 -0.963278 3.026176 0.000000 0.000000 0.000000 1.000000 0.000000 0.000000
31.000000 326.888031 11.709227 -0.918436 2.982319 0.000000 0.000000 0.000000 1.000000 0.000000 0.000000
31.000000 326.889849 11.618962 -0.878313 2.971861 0.000000 0.000000 0.000000 1.000000 0.000000 0.000000
31.000000 326.890174 11.817095 -0.969300 3.034558 0.000000 0.000000 0.000000 1.000000 0.000000 0.000000
31.000000 326.892776 11.841377 -0.959971 2.991755 0.000000 0.000000 0.000000 1.000000 0.000000 0.000000
31.000000 326.895941 11.685403 -0.955788 2.981216 0.000000 0.000000 0.000000 1.000000 0.000000 0.000000
31.000000 326.897960 11.647651 -0.975775 2.986614 0.000000 0.000000 0.000000 1.000000 0.000000 0.000000
31.000000 326.898240 11.586355 -0.915268 2.944698 0.000000 0.000000 0.000000 1.000000 0.000000 0.000000
31.000000 326.900002 11.561698 -0.885595 2.952511 0.000000 0.000000 0.000000 1.000000 0.000000 0.000000
31.000000 326.900164 11.706303 -0.954313 3.016018 0.000000 0.000000 0.000000 1.000000 0.000000 0.000000
31.000000 326.902901 11.693411 -0.961976 2.974019 0.000000 0.000000 0.000000 1.000000 0.000000 0.000000
31.000000 326.905849 11.560672 -0.957364 2.956089 0.000000 0.000000 0.000000 1.000000 0.000000 0.000000
31.000000 326.907916 11.531601 -0.972658 2.962425 0.000000 0.000000 0.000000 1.000000 0.000000 0.000000
31.000000 326.908075 11.489036 -0.921353 2.922772 0.000000 0.000000 0.000000 1.000000 0.000000 0.000000
31.000000 326.909917 11.422786 -0.886453 2.920102 0.000000 0.000000 0.000000 1.000000 0.000000 0.000000
31.000000 326.910214 11.599598 -0.967538 2.981907 0.000000 0.000000 0.000000 1.000000 0.000000 0.000000
31.000000 326.912891 11.615215 -0.962020 2.939462 0.000000 0.000000 0.000000 1.000000 0.000000 0.000000
31.000000 326.915719 11.490311 -0.957058 2.920196 0.000000 0.000000 0.000000 1.000000 0.000000 0.000000
31.000000 326.917908 11.460497 -0.972291 2.926409 0.000000 0.000000 0.000000 1.000000 0.000000 0.000000
31.000000 326.917999 11.420876 -0.924466 2.891439 0.000000 0.000000 0.000000 1.000000 0.000000 0.000000
31.000000 326.920157 11.391460 -0.894719 2.891997 0.000000 0.000000 0.000000 1.000000 0.000000 0.000000
31.000000 326.920266 11.533004 -0.960483 2.946907 0.000000 0.000000 0.000000 1.000000 0.000000 0.000000
31.000000 326.922886 11.503413 -0.975643 2.907990 0.000000 0.000000 0.000000 1.000000 0.000000 0.000000
31.000000 326.925809 11.390421 -0.967989 2.879667 0.000000 0.000000 0.000000 1.000000 0.000000 0.000000
31.000000 326.927927 11.365652 -0.979421 2.886884 0.000000 0.000000 0.000000 1.000000 0.000000 0.000000
31.000000 326.928019 11.340083 -0.938963 2.857660 0.000000 0.000000 0.000000 1.000000 0.000000 0.000000
31.000000 326.930018 11.263233 -0.903610 2.854906 0.000000 0.000000 0.000000 1.000000 0.000000 0.000000
31.000000 326.930194 11.415514 -0.973286 2.915095 0.000000 0.000000 0.000000 1.000000 0.000000 0.000000
31.000000 326.932761 11.408476 -0.977784 2.874853 0.000000 0.000000 0.000000 1.000000 0.000000 0.000000
31.000000 326.935757 11.302978 -0.975945 2.858602 0.000000 0.000000 0.000000 1.000000 0.000000 0.000000
31.000000 326.937868 11.272446 -0.992590 2.864429 0.000000 0.000000 0.000000 1.000000 0.000000 0.000000
31.000000 326.938019 11.228603 -0.941712 2.825955 0.000000 0.000000 0.000000 1.000000 0.000000 0.000000
31.000000 326.940056 11.119397 -0.903912 2.812397 0.000000 0.000000 0.000000 1.000000 0.000000 0.000000
31.000000 326.940157 11.309751 -0.988206 2.865927 0.000000 0.000000 0.000000 1.000000 0.000000 0.000000
31.000000 326.942893 11.328661 -0.980853 2.827499 0.000000 0.000000 0.000000 1.000000 0.000000 0.000000
31.000000 326.945795 11.223837 -0.980615 2.820458 0.000000 0.000000 0.000000 1.000000 0.000000 0.000000
31.000000 326.947821 11.177929 -1.005481 2.827424 0.000000 0.000000 0.000000 1.000000 0.000000 0.000000
31.000000 326.947993 11.129609 -0.946159 2.780749 0.000000 0.000000 0.000000 1.000000 0.000000 0.000000
31.000000 326.950039 11.112919 -0.913662 2.783337 0.000000 0.000000 0.000000 1.000000 0.000000 0.000000
31.000000 326.950373 11.247263 -0.976165 2.846103 0.000000 0.000000 0.000000 1.000000 0.000000 0.000000
31.000000 326.952861 11.227052 -0.986949 2.807932 0.000000 0.000000 0.000000 1.000000 0.000000 0.000000
31.000000 326.955777 11.128577 -0.983184 2.787624 0.000000 0.000000 0.000000 1.000000 0.000000 0.000000
31.000000 326.957868 11.076996 -1.007594 2.791181 0.000000 0.000000 0.000000 1.000000 0.000000 0.000000
31.000000 326.958121 11.027205 -0.952601 2.756681 0.000000 0.000000 0.000000 1.000000 0.000000 0.000000
31.000000 326.960135 10.959949 -0.917823 2.752759 0.000000 0.000000 0.000000 1.000000 0.000000 0.000000
31.000000 326.960151 11.131438 -0.994977 2.810681 0.000000 0.000000 0.000000 1.000000 0.000000 0.000000
31.000000 326.962960 11.145768 -0.990200 2.765872 0.000000 0.000000 0.000000 1.000000 0.000000 0.000000
31.000000 326.965801 11.023627 -0.984274 2.745631 0.000000 0.000000 0.000000 1.000000 0.000000 0.000000
31.000000 326.967777 10.985096 -1.002507 2.750002 0.000000 0.000000 0.000000 1.000000 0.000000 0.000000
31.000000 326.968000 10.953879 -0.958228 2.717395 0.000000 0.000000 0.000000 1.000000 0.000000 0.000000
31.000000 326.970010 10.984559 -0.933382 2.713689 0.000000 0.000000 0.000000 1.000000 0.000000 0.000000
31.000000 326.970270 11.086855 -0.978552 2.762062 0.000000 0.000000 0.000000 1.000000 0.000000 0.000000
31.000000 326.972876 11.034928 -1.002547 2.732351 0.000000 0.000000 0.000000 1.000000 0.000000 0.000000
31.000000 326.975783 10.890843 -0.996362 2.716896 0.000000 0.000000 0.000000 1.000000 0.000000 0.000000
31.000000 326.977901 10.885068 -1.000174 2.720111 0.000000 0.000000 0.000000 1.000000 0.000000 0.000000
31.000000 326.978030 10.863996 -0.959798 2.680940 0.000000 0.000000 0.000000 1.000000 0.000000 0.000000
31.000000 326.979994 10.704941 -0.917682 2.666122 0.000000 0.000000 0.000000 1.000000 0.000000 0.000000
31.000000 326.980148 10.939545 -1.017327 2.732485 0.000000 0.000000 0.000000 1.000000 0.000000 0.000000
31.000000 326.982971 10.971579 -1.002163 2.691718 0.000000 0.000000 0.000000 1.000000 0.000000 0.000000
31.000000 326.985835 10.836498 -0.998577 2.679100 0.000000 0.000000 0.000000 1.000000 0.000000 0.000000
31.000000 326.987846 10.803276 -1.015504 2.680998 0.000000 0.000000 0.000000 1.000000 0.000000 0.000000
31.000000 326.987868 10.767980 -0.967178 2.641027 0.000000 0.000000 0.000000 1.000000 0.000000 0.000000
31.000000 326.989980 10.659725 -0.930458 2.636218 0.000000 0.000000 0.000000 1.000000 0.000000 0.000000
31.000000 326.990523 10.877003 -1.026255 2.694971 0.000000 0.000000 0.000000 1.000000 0.000000 0.000000
31.000000 326.992855 10.911438 -1.012891 2.648798 0.000000 0.000000 0.000000 1.000000 0.000000 0.000000
31.000000 326.996043 10.758798 -1.006733 2.642300 0.000000 0.000000 0.000000 1.000000 0.000000 0.000000
31.000000 326.997864 10.701437 -1.032928 2.640874 0.000000 0.000000 0.000000 1.000000 0.000000 0.000000
31.000000 326.998063 10.637403 -0.968301 2.604009 0.000000 0.000000 0.000000 1.000000 0.000000 0.000000
31.000000 327.000105 10.531740 -0.929535 2.593398 0.000000 0.000000 0.000000 1.000000 0.000000 0.000000
31.000000 327.000353 10.749323 -1.022424 2.657537 0.000000 0.000000 0.000000 1.000000 0.000000 0.000000
31.000000 327.002937 10.760042 -1.017879 2.616524 0.000000 0.000000 0.000000 1.000000 0.000000 0.000000
31.000000 327.005862 10.667279 -1.014226 2.594590 0.000000 0.000000 0.000000 1.000000 0.000000 0.000000
31.000000 327.007849 10.611449 -1.038961 2.592872 0.000000 0.000000 0.000000 1.000000 0.000000 0.000000
31.000000 327.008203 10.550243 -0.977175 2.560035 0.000000 0.000000 0.000000 1.000000 0.000000 0.000000
31.000000 327.009984 10.467073 -0.941195 2.548267 0.000000 0.000000 0.000000 1.000000 0.000000 0.000000
31.000000 327.010257 10.672897 -1.027881 2.608571 0.000000 0.000000 0.000000 1.000000 0.000000 0.000000
31.000000 327.013004 10.688242 -1.020626 2.571856 0.000000 0.000000 0.000000 1.000000 0.000000 0.000000
31.000000 327.015816 10.576995 -1.012304 2.548647 0.000000 0.000000 0.000000 1.000000 0.000000 0.000000
31.000000 327.017885 10.531895 -1.031043 2.549720 0.000000 0.000000 0.000000 1.000000 0.000000 0.000000
31.000000 327.017996 10.482442 -0.977067 2.524203 0.000000 0.000000 0.000000 1.000000 0.000000 0.000000
31.000000 327.020284 10.131374 -0.916459 2.493360 0.000000 0.000000 0.000000 1.000000 0.000000 0.000000
31.000000 327.020296 10.503625 -1.069756 2.577301 0.000000 0.000000 0.000000 1.000000 0.000000 0.000000
31.000000 327.022957 10.583099 -1.032123 2.528047 0.000000 0.000000 0.000000 1.000000 0.000000 0.000000
31.000000 327.025874 10.477233 -1.030058 2.513815 0.000000 0.000000 0.000000 1.000000 0.000000 0.000000
31.000000 327.027909 10.454825 -1.042628 2.517120 0.000000 0.000000 0.000000 1.000000 0.000000 0.000000
31.000000 327.027985 10.381788 -0.979235 2.491094 0.000000 0.000000 0.000000 1.000000 0.000000 0.000000
31.000000 327.029971 10.264563 -0.945496 2.484965 0.000000 0.000000 0.000000 1.000000 0.000000 0.000000
31.000000 327.030347 10.483857 -1.040349 2.535842 0.000000 0.000000 0.000000 1.000000 0.000000 0.000000
31.000000 327.032805 10.497265 -1.037117 2.483660 0.000000 0.000000 0.000000 1.000000 0.000000 0.000000
31.000000 327.036038 10.385563 -1.034110 2.468703 0.000000 0.000000 0.000000 1.000000 0.000000 0.000000
31.000000 327.037958 10.355587 -1.049480 2.471079 0.000000 0.000000 0.000000 1.000000 0.000000 0.000000
31.000000 327.037961 10.303717 -0.994154 2.440319 0.000000 0.000000 0.000000 1.000000 0.000000 0.000000
31.000000 327.040150 10.193376 -0.959891 2.444424 0.000000 0.000000 0.000000 1.000000 0.000000 0.000000
31.000000 327.040234 10.392065 -1.051469 2.493265 0.000000 0.000000 0.000000 1.000000 0.000000 0.000000
31.000000 327.042961 10.421491 -1.044274 2.430894 0.000000 0.000000 0.000000 1.000000 0.000000 0.000000
31.000000 327.045846 10.281954 -1.039435 2.425855 0.000000 0.000000 0.000000 1.000000 0.000000 0.000000
31.000000 327.047918 10.244562 -1.058164 2.428091 0.000000 0.000000 0.000000 1.000000 0.000000 0.000000
31.000000 327.048019 10.199657 -1.005512 2.396265 0.000000 0.000000 0.000000 1.000000 0.000000 0.000000
31.000000 327.050106 10.114964 -0.971877 2.390773 0.000000 0.000000 0.000000 1.000000 0.000000 0.000000
31.000000 327.050412 10.300000 -1.052564 2.440720 0.000000 0.000000 0.000000 1.000000 0.000000 0.000000
31.000000 327.052951 10.322226 -1.045047 2.387779 0.000000 0.000000 0.000000 1.000000 0.000000 0.000000
31.000000 327.056091 10.182887 -1.041787 2.381130 0.000000 0.000000 0.000000 1.000000 0.000000 0.000000
31.000000 327.057976 10.150643 -1.059091 2.383586 0.000000 0.000000 0.000000 1.000000 0.000000 0.000000
31.000000 327.058015 10.106736 -1.006975 2.350697 0.000000 0.000000 0.000000 1.000000 0.000000 0.000000
31.000000 327.060117 10.009948 -0.973896 2.352625 0.000000 0.000000 0.000000 1.000000 0.000000 0.000000
31.000000 327.060358 10.199259 -1.058827 2.403344 0.000000 0.000000 0.000000 1.000000 0.000000 0.000000
31.000000 327.062931 10.221063 -1.053428 2.345149 0.000000 0.000000 0.000000 1.000000 0.000000 0.000000
31.000000 327.065884 10.106801 -1.046988 2.328166 0.000000 0.000000 0.000000 1.000000 0.000000 0.000000
31.000000 327.067890 10.064281 -1.065574 2.328405 0.000000 0.000000 0.000000 1.000000 0.000000 0.000000
31.000000 327.067966 10.018232 -1.014722 2.304494 0.000000 0.000000 0.000000 1.000000 0.000000 0.000000
31.000000 327.069995 9.945618 -0.984902 2.315947 0.000000 0.000000 0.000000 1.000000 0.000000 0.000000
31.000000 327.070468 10.106169 -1.061763 2.361302 0.000000 0.000000 0.000000 1.000000 0.000000 0.000000
31.000000 327.072821 10.120923 -1.062367 2.299479 0.000000 0.000000 0.000000 1.000000 0.000000 0.000000
31.000000 327.075781 9.997910 -1.058606 2.294570 0.000000 0.000000 0.000000 1.000000 0.000000 0.000000
31.000000 327.078030 10.145052 -1.004379 2.275632 0.000000 0.000000 0.000000 1.000000 0.000000 0.000000
31.000000 327.078137 9.938345 -1.017306 2.256711 0.000000 0.000000 0.000000 1.000000 0.000000 0.000000
31.000000 327.080157 9.944664 -1.071842 2.304757 0.000000 0.000000 0.000000 1.000000 0.000000 0.000000
31.000000 327.080257 9.963688 -1.098244 2.305923 0.000000 0.000000 0.000000 1.000000 0.000000 0.000000
31.000000 327.082994 10.039260 -1.062890 2.252493 0.000000 0.000000 0.000000 1.000000 0.000000 0.000000
31.000000 327.086174 9.915120 -1.059894 2.246769 0.000000 0.000000 0.000000 1.000000 0.000000 0.000000
31.000000 327.087904 9.881603 -1.076792 2.246618 0.000000 0.000000 0.000000 1.000000 0.000000 0.000000
31.000000 327.088118 9.846759 -1.026186 2.210020 0.000000 0.000000 0.000000 1.000000 0.000000 0.000000
31.000000 327.090080 9.728716 -0.988103 2.193453 0.000000 0.000000 0.000000 1.000000 0.000000 0.000000
31.000000 327.090307 9.934082 -1.072401 2.248483 0.000000 0.000000 0.000000 1.000000 0.000000 0.000000
31.000000 327.093011 9.933432 -1.073435 2.205827 0.000000 0.000000 0.000000 1.000000 0.000000 0.000000
31.000000 327.096032 9.813311 -1.071330 2.196980 0.000000 0.000000 0.000000 1.000000 0.000000 0.000000
31.000000 327.097978 9.950834 -1.022559 2.184635 0.000000 0.000000 0.000000 1.000000 0.000000 0.000000
31.000000 327.098076 9.754590 -1.032414 2.164671 0.000000 0.000000 0.000000 1.000000 0.000000 0.000000
31.000000 327.100136 9.645737 -0.996283 2.217168 0.000000 0.000000 0.000000 1.000000 0.000000 0.000000
31.000000 327.100247 9.847856 -1.076665 2.210783 0.000000 0.000000 0.000000 1.000000 0.000000 0.000000
31.000000 327.103141 9.855094 -1.080385 2.155277 0.000000 0.000000 0.000000 1.000000 0.000000 0.000000
31.000000 327.105846 9.738172 -1.069780 2.140954 0.000000 0.000000 0.000000 1.000000 0.000000 0.000000
31.000000 327.107911 9.694599 -1.084856 2.135286 0.000000 0.000000 0.000000 1.000000 0.000000 0.000000
31.000000 327.107944 9.646443 -1.032838 2.114927 0.000000 0.000000 0.000000 1.000000 0.000000 0.000000
31.000000 327.110002 9.462306 -0.992463 2.098016 0.000000 0.000000 0.000000 1.000000 0.000000 0.000000
31.000000 327.110348 9.722286 -1.097685 2.160766 0.000000 0.000000 0.000000 1.000000 0.000000 0.000000
31.000000 327.113127 9.759620 -1.080531 2.113299 0.000000 0.000000 0.000000 1.000000 0.000000 0.000000
31.000000 327.115876 9.634644 -1.076059 2.106584 0.000000 0.000000 0.000000 1.000000 0.000000 0.000000
31.000000 327.117989 9.597963 -1.091100 2.098686 0.000000 0.000000 0.000000 1.000000 0.000000 0.000000
31.000000 327.118084 9.547330 -1.030036 2.062106 0.000000 0.000000 0.000000 1.000000 0.000000 0.000000
31.000000 327.120047 9.424074 -0.991538 2.042434 0.000000 0.000000 0.000000 1.000000 0.000000 0.000000
31.000000 327.120344 9.666050 -1.088245 2.100746 0.000000 0.000000 0.000000 1.000000 0.000000 0.000000
31.000000 327.123025 9.668386 -1.087520 2.062524 0.000000 0.000000 0.000000 1.000000 0.000000 0.000000
31.000000 327.125859 9.520095 -1.072810 2.046735 0.000000 0.000000 0.000000 1.000000 0.000000 0.000000
31.000000 327.127876 9.490708 -1.079571 2.039054 0.000000 0.000000 0.000000 1.000000 0.000000 0.000000
31.000000 327.128068 9.478620 -1.048327 2.014686 0.000000 0.000000 0.000000 1.000000 0.000000 0.000000
31.000000 327.130062 9.383788 -1.016687 1.999607 0.000000 0.000000 0.000000 1.000000 0.000000 0.000000
31.000000 327.130456 9.576899 -1.094040 2.047028 0.000000 0.000000 0.000000 1.000000 0.000000 0.000000
31.000000 327.132973 9.582055 -1.092023 2.008223 0.000000 0.000000 0.000000 1.000000 0.000000 0.000000
31.000000 327.135835 9.487160 -1.087126 1.994227 0.000000 0.000000 0.000000 1.000000 0.000000 0.000000
31.000000 327.138066 9.432557 -1.108970 1.987215 0.000000 0.000000 0.000000 1.000000 0.000000 0.000000
31.000000 327.138105 9.376819 -1.050322 1.963803 0.000000 0.000000 0.000000 1.000000 0.000000 0.000000
31.000000 327.140095 9.405496 -1.027316 1.955225 0.000000 0.000000 0.000000 1.000000 0.000000 0.000000
31.000000 327.140307 9.533522 -1.079705 1.987789 0.000000 0.000000 0.000000 1.000000 0.000000 0.000000
31.000000 327.142927 9.497058 -1.098815 1.954523 0.000000 0.000000 0.000000 1.000000 0.000000 0.000000
31.000000 327.145886 9.387826 -1.093312 1.942665 0.000000 0.000000 0.000000 1.000000 0.000000 0.000000
31.000000 327.147884 9.329047 -1.117848 1.937578 0.000000 0.000000 0.000000 1.000000 0.000000 0.000000
31.000000 327.148197 9.260481 -1.049397 1.915697 0.000000 0.000000 0.000000 1.000000 0.000000 0.000000
31.000000 327.150055 9.199686 -1.016050 1.894239 0.000000 0.000000 0.000000 1.000000 0.000000 0.000000
31.000000 327.150405 9.412224 -1.100175 1.939230 0.000000 0.000000 0.000000 1.000000 0.000000 0.000000
31.000000 327.152860 9.416636 -1.098773 1.900103 0.000000 0.000000 0.000000 1.000000 0.000000 0.000000
31.000000 327.156443 9.277749 -1.092527 1.898270 0.000000 0.000000 0.000000 1.000000 0.000000 0.000000
31.000000 327.157900 9.238381 -1.108237 1.890217 0.000000 0.000000 0.000000 1.000000 0.000000 0.000000
31.000000 327.158264 9.187395 -1.045558 1.857021 0.000000 0.000000 0.000000 1.000000 0.000000 0.000000
31.000000 327.160113 9.032432 -1.003324 1.824557 0.000000 0.000000 0.000000 1.000000 0.000000 0.000000
31.000000 327.160275 9.313081 -1.111110 1.884742 0.000000 0.000000 0.000000 1.000000 0.000000 0.000000
31.000000 327.162972 9.320448 -1.106628 1.849634 0.000000 0.000000 0.000000 1.000000 0.000000 0.000000
31.000000 327.166132 9.202072 -1.092857 1.831765 0.000000 0.000000 0.000000 1.000000 0.000000 0.000000
31.000000 327.167944 9.151110 -1.107378 1.821058 0.000000 0.000000 0.000000 1.000000 0.000000 0.000000
31.000000 327.168215 9.113543 -1.059480 1.801361 0.000000 0.000000 0.000000 1.000000 0.000000 0.000000
31.000000 327.169991 8.966856 -1.021390 1.775719 0.000000 0.000000 0.000000 1.000000 0.000000 0.000000
31.000000 327.170452 9.215305 -1.117864 1.830854 0.000000 0.000000 0.000000 1.000000 0.000000 0.000000
31.000000 327.172971 9.224927 -1.113253 1.793010 0.000000 0.000000 0.000000 1.000000 0.000000 0.000000
31.000000 327.175834 9.148134 -1.099869 1.765158 0.000000 0.000000 0.000000 1.000000 0.000000 0.000000
31.000000 327.178105 9.074717 -1.123160 1.755310 0.000000 0.000000 0.000000 1.000000 0.000000 0.000000
31.000000 327.178305 9.002906 -1.055693 1.747471 0.000000 0.000000 0.000000 1.000000 0.000000 0.000000
31.000000 327.180120 8.870597 -1.016054 1.718411 0.000000 0.000000 0.000000 1.000000 0.000000 0.000000
31.000000 327.180277 9.130716 -1.116239 1.774212 0.000000 0.000000 0.000000 1.000000 0.000000 0.000000
31.000000 327.183133 9.124619 -1.119405 1.738843 0.000000 0.000000 0.000000 1.000000 0.000000 0.000000
31.000000 327.186017 9.036429 -1.113408 1.724201 0.000000 0.000000 0.000000 1.000000 0.000000 0.000000
31.000000 327.188001 8.985021 -1.131644 1.713884 0.000000 0.000000 0.000000 1.000000 0.000000 0.000000
31.000000 327.188153 8.932312 -1.068626 1.687323 0.000000 0.000000 0.000000 1.000000 0.000000 0.000000
31.000000 327.190061 8.761916 -1.025597 1.655346 0.000000 0.000000 0.000000 1.000000 0.000000 0.000000
31.000000 327.190382 9.030848 -1.130012 1.712467 0.000000 0.000000 0.000000 1.000000 0.000000 0.000000
31.000000 327.192919 9.052044 -1.120791 1.676751 0.000000 0.000000 0.000000 1.000000 0.000000 0.000000
31.000000 327.195864 8.957160 -1.113229 1.671514 0.000000 0.000000 0.000000 1.000000 0.000000 0.000000
31.000000 327.198100 8.889241 -1.135434 1.653630 0.000000 0.000000 0.000000 1.000000 0.000000 0.000000
31.000000 327.198221 8.827347 -1.066455 1.626743 0.000000 0.000000 0.000000 1.000000 0.000000 0.000000
31.000000 327.200170 8.661529 -1.024619 1.592846 0.000000 0.000000 0.000000 1.000000 0.000000 0.000000
31.000000 327.200288 8.949335 -1.133595 1.653496 0.000000 0.000000 0.000000 1.000000 0.000000 0.000000
31.000000 327.203236 8.951756 -1.132193 1.621704 0.000000 0.000000 0.000000 1.000000 0.000000 0.000000
31.000000 327.205970 8.877661 -1.121153 1.601665 0.000000 0.000000 0.000000 1.000000 0.000000 0.000000
31.000000 327.208046 8.995776 -1.069003 1.587776 0.000000 0.000000 0.000000 1.000000 0.000000 0.000000
31.000000 327.209949 8.599717 -1.037702 1.539064 0.000000 0.000000 0.000000 1.000000 0.000000 0.000000
31.000000 327.210399 8.867782 -1.140825 1.595574 0.000000 0.000000 0.000000 1.000000 0.000000 0.000000
31.000000 327.213110 8.871746 -1.139921 1.556193 0.000000 0.000000 0.000000 1.000000 0.000000 0.000000
31.000000 327.215843 8.753446 -1.126743 1.544425 0.000000 0.000000 0.000000 1.000000 0.000000 0.000000
31.000000 327.218049 8.717905 -1.137323 1.540115 0.000000 0.000000 0.000000 1.000000 0.000000 0.000000
31.000000 327.218263 8.709479 -1.105925 1.518486 0.000000 0.000000 0.000000 1.000000 0.000000 0.000000
31.000000 327.220205 8.594007 -1.070158 1.490917 0.000000 0.000000 0.000000 1.000000 0.000000 0.000000
31.000000 327.220378 8.778320 -1.141783 1.532237 0.000000 0.000000 0.000000 1.000000 0.000000 0.000000
31.000000 327.223141 8.778501 -1.143107 1.501414 0.000000 0.000000 0.000000 1.000000 0.000000 0.000000
31.000000 327.226023 8.681100 -1.133184 1.495467 0.000000 0.000000 0.000000 1.000000 0.000000 0.000000
31.000000 327.227946 8.636652 -1.147355 1.487151 0.000000 0.000000 0.000000 1.000000 0.000000 0.000000
31.000000 327.228132 8.614696 -1.098286 1.456217 0.000000 0.000000 0.000000 1.000000 0.000000 0.000000
31.000000 327.230165 8.213034 -1.033773 1.393707 0.000000 0.000000 0.000000 1.000000 0.000000 0.000000
31.000000 327.230412 8.620441 -1.181610 1.491408 0.000000 0.000000 0.000000 1.000000 0.000000 0.000000
31.000000 327.232978 8.693881 -1.139532 1.451027 0.000000 0.000000 0.000000 1.000000 0.000000 0.000000
31.000000 327.236126 8.628578 -1.130942 1.434005 0.000000 0.000000 0.000000 1.000000 0.000000 0.000000
31.000000 327.237974 8.556674 -1.154867 1.421588 0.000000 0.000000 0.000000 1.000000 0.000000 0.000000
31.000000 327.238164 8.516086 -1.099125 1.400819 0.000000 0.000000 0.000000 1.000000 0.000000 0.000000
31.000000 327.240133 8.266584 -1.049242 1.351643 0.000000 0.000000 0.000000 1.000000 0.000000 0.000000
31.000000 327.240363 8.576623 -1.166518 1.411893 0.000000 0.000000 0.000000 1.000000 0.000000 0.000000
31.000000 327.243162 8.613034 -1.149908 1.375503 0.000000 0.000000 0.000000 1.000000 0.000000 0.000000
31.000000 327.245949 8.532832 -1.138238 1.368765 0.000000 0.000000 0.000000 1.000000 0.000000 0.000000
31.000000 327.248034 8.632302 -1.094407 1.355274 0.000000 0.000000 0.000000 1.000000 0.000000 0.000000
31.000000 327.248099 8.428944 -1.109378 1.342414 0.000000 0.000000 0.000000 1.000000 0.000000 0.000000
31.000000 327.250122 8.486957 -1.166313 1.358638 0.000000 0.000000 0.000000 1.000000 0.000000 0.000000
31.000000 327.250470 8.505751 -1.163834 1.354589 0.000000 0.000000 0.000000 1.000000 0.000000 0.000000
31.000000 327.252917 8.519641 -1.154818 1.323469 0.000000 0.000000 0.000000 1.000000 0.000000 0.000000
31.000000 327.255946 8.467390 -1.139387 1.294811 0.000000 0.000000 0.000000 1.000000 0.000000 0.000000
31.000000 327.258103 8.377024 -1.166254 1.281326 0.000000 0.000000 0.000000 1.000000 0.000000 0.000000
31.000000 327.258386 8.322438 -1.107848 1.277611 0.000000 0.000000 0.000000 1.000000 0.000000 0.000000
31.000000 327.260306 8.121611 -1.063214 1.234900 0.000000 0.000000 0.000000 1.000000 0.000000 0.000000
31.000000 327.260345 8.415078 -1.171782 1.296239 0.000000 0.000000 0.000000 1.000000 0.000000 0.000000
31.000000 327.263193 8.435974 -1.160758 1.258579 0.000000 0.000000 0.000000 1.000000 0.000000 0.000000
31.000000 327.265981 8.361886 -1.151715 1.245029 0.000000 0.000000 0.000000 1.000000 0.000000 0.000000
31.000000 327.267896 8.296905 -1.172269 1.231754 0.000000 0.000000 0.000000 1.000000 0.000000 0.000000
31.000000 327.268027 8.256875 -1.121605 1.216525 0.000000 0.000000 0.000000 1.000000 0.000000 0.000000
31.000000 327.270025 8.081226 -1.083165 1.175907 0.000000 0.000000 0.000000 1.000000 0.000000 0.000000
31.000000 327.270369 8.335018 -1.175639 1.227788 0.000000 0.000000 0.000000 1.000000 0.000000 0.000000
31.000000 327.273124 8.347415 -1.168290 1.197465 0.000000 0.000000 0.000000 1.000000 0.000000 0.000000
31.000000 327.275852 8.249435 -1.153116 1.188340 0.000000 0.000000 0.000000 1.000000 0.000000 0.000000
31.000000 327.278063 8.190479 -1.167730 1.173644 0.000000 0.000000 0.000000 1.000000 0.000000 0.000000
31.000000 327.278319 8.168542 -1.126442 1.154280 0.000000 0.000000 0.000000 1.000000 0.000000 0.000000
31.000000 327.280111 8.009796 -1.087287 1.110968 0.000000 0.000000 0.000000 1.000000 0.000000 0.000000
31.000000 327.280340 8.245678 -1.172465 1.159025 0.000000 0.000000 0.000000 1.000000 0.000000 0.000000
31.000000 327.283223 8.243340 -1.172721 1.135389 0.000000 0.000000 0.000000 1.000000 0.000000 0.000000
31.000000 327.286108 8.162835 -1.160149 1.126002 0.000000 0.000000 0.000000 1.000000 0.000000 0.000000
31.000000 327.287964 8.246963 -1.122114 1.106792 0.000000 0.000000 0.000000 1.000000 0.000000 0.000000
31.000000 327.288044 8.095076 -1.137161 1.089443 0.000000 0.000000 0.000000 1.000000 0.000000 0.000000
31.000000 327.290035 8.118135 -1.174598 1.109374 0.000000 0.000000 0.000000 1.000000 0.000000 0.000000
31.000000 327.290378 8.154058 -1.186545 1.103150 0.000000 0.000000 0.000000 1.000000 0.000000 0.000000
31.000000 327.293006 8.168934 -1.180546 1.068473 0.000000 0.000000 0.000000 1.000000 0.000000 0.000000
31.000000 327.295933 8.068915 -1.167712 1.066782 0.000000 0.000000 0.000000 1.000000 0.000000 0.000000
31.000000 327.298045 8.004178 -1.183291 1.044954 0.000000 0.000000 0.000000 1.000000 0.000000 0.000000
31.000000 327.298232 7.967498 -1.131143 1.023722 0.000000 0.000000 0.000000 1.000000 0.000000 0.000000
31.000000 327.300145 7.806510 -1.094343 0.985942 0.000000 0.000000 0.000000 1.000000 0.000000 0.000000
31.000000 327.300381 8.068139 -1.190549 1.037060 0.000000 0.000000 0.000000 1.000000 0.000000 0.000000
31.000000 327.303243 8.082945 -1.183727 1.002369 0.000000 0.000000 0.000000 1.000000 0.000000 0.000000
31.000000 327.305947 7.988822 -1.172401 0.999658 0.000000 0.000000 0.000000 1.000000 0.000000 0.000000
31.000000 327.308023 8.096210 -1.128861 0.984957 0.000000 0.000000 0.000000 1.000000 0.000000 0.000000
31.000000 327.308100 7.909472 -1.144048 0.960897 0.000000 0.000000 0.000000 1.000000 0.000000 0.000000
31.000000 327.310146 7.949124 -1.194892 0.977710 0.000000 0.000000 0.000000 1.000000 0.000000 0.000000
31.000000 327.310395 7.966761 -1.199081 0.971867 0.000000 0.000000 0.000000 1.000000 0.000000 0.000000
31.000000 327.313120 7.989809 -1.187130 0.939588 0.000000 0.000000 0.000000 1.000000 0.000000 0.000000
31.000000 327.315903 7.943036 -1.179762 0.928136 0.000000 0.000000 0.000000 1.000000 0.000000 0.000000
31.000000 327.318010 8.031526 -1.143038 0.918057 0.000000 0.000000 0.000000 1.000000 0.000000 0.000000
31.000000 327.318045 7.827265 -1.153240 0.893389 0.000000 0.000000 0.000000 1.000000 0.000000 0.000000
31.000000 327.320179 7.858390 -1.199899 0.910156 0.000000 0.000000 0.000000 1.000000 0.000000 0.000000
31.000000 327.320372 7.877809 -1.209865 0.905776 0.000000 0.000000 0.000000 1.000000 0.000000 0.000000
31.000000 327.323136 7.900926 -1.198302 0.870082 0.000000 0.000000 0.000000 1.000000 0.000000 0.000000
31.000000 327.325989 7.839238 -1.187853 0.859398 0.000000 0.000000 0.000000 1.000000 0.000000 0.000000
31.000000 327.327986 7.767586 -1.207870 0.841610 0.000000 0.000000 0.000000 1.000000 0.000000 0.000000
31.000000 327.328207 7.735149 -1.155806 0.822728 0.000000 0.000000 0.000000 1.000000 0.000000 0.000000
31.000000 327.330102 7.479435 -1.108509 0.769913 0.000000 0.000000 0.000000 1.000000 0.000000 0.000000
31.000000 327.330459 7.783363 -1.218303 0.835919 0.000000 0.000000 0.000000 1.000000 0.000000 0.000000
31.000000 327.333371 7.816281 -1.201374 0.799257 0.000000 0.000000 0.000000 1.000000 0.000000 0.000000
31.000000 327.335886 7.750269 -1.190354 0.792282 0.000000 0.000000 0.000000 1.000000 0.000000 0.000000
31.000000 327.338109 7.682367 -1.209088 0.775592 0.000000 0.000000 0.000000 1.000000 0.000000 0.000000
31.000000 327.338150 7.663436 -1.168825 0.756523 0.000000 0.000000 0.000000 1.000000 0.000000 0.000000
31.000000 327.340388 7.465313 -1.128837 0.715241 0.000000 0.000000 0.000000 1.000000 0.000000 0.000000
31.000000 327.340432 7.705865 -1.221132 0.761368 0.000000 0.000000 0.000000 1.000000 0.000000 0.000000
31.000000 327.343248 7.743942 -1.206400 0.719738 0.000000 0.000000 0.000000 1.000000 0.000000 0.000000
31.000000 327.346040 7.667923 -1.192784 0.720503 0.000000 0.000000 0.000000 1.000000 0.000000 0.000000
31.000000 327.348052 7.739520 -1.159170 0.703961 0.000000 0.000000 0.000000 1.000000 0.000000 0.000000
31.000000 327.348052 7.570114 -1.173824 0.683214 0.000000 0.000000 0.000000 1.000000 0.000000 0.000000
31.000000 327.350282 7.608684 -1.219457 0.694557 0.000000 0.000000 0.000000 1.000000 0.000000 0.000000
31.000000 327.350405 7.631233 -1.222065 0.689790 0.000000 0.000000 0.000000 1.000000 0.000000 0.000000
31.000000 327.353080 7.658577 -1.206514 0.657178 0.000000 0.000000 0.000000 1.000000 0.000000 0.000000
31.000000 327.356138 7.603035 -1.196949 0.648681 0.000000 0.000000 0.000000 1.000000 0.000000 0.000000
31.000000 327.357994 7.518078 -1.224096 0.632528 0.000000 0.000000 0.000000 1.000000 0.000000 0.000000
31.000000 327.358136 7.485920 -1.175673 0.620809 0.000000 0.000000 0.000000 1.000000 0.000000 0.000000
31.000000 327.360213 7.232172 -1.130788 0.566243 0.000000 0.000000 0.000000 1.000000 0.000000 0.000000
31.000000 327.360403 7.523697 -1.236940 0.625375 0.000000 0.000000 0.000000 1.000000 0.000000 0.000000
31.000000 327.363087 7.569692 -1.214911 0.584910 0.000000 0.000000 0.000000 1.000000 0.000000 0.000000
31.000000 327.365952 7.475915 -1.196862 0.588773 0.000000 0.000000 0.000000 1.000000 0.000000 0.000000
31.000000 327.368127 7.536627 -1.164600 0.566049 0.000000 0.000000 0.000000 1.000000 0.000000 0.000000
31.000000 327.368136 7.405433 -1.181151 0.547153 0.000000 0.000000 0.000000 1.000000 0.000000 0.000000
31.000000 327.370113 7.445899 -1.232237 0.557472 0.000000 0.000000 0.000000 1.000000 0.000000 0.000000
31.000000 327.370457 7.453777 -1.236649 0.548320 0.000000 0.000000 0.000000 1.000000 0.000000 0.000000
31.000000 327.373178 7.483081 -1.222687 0.514457 0.000000 0.000000 0.000000 1.000000 0.000000 0.000000
31.000000 327.375934 7.413275 -1.205422 0.509620 0.000000 0.000000 0.000000 1.000000 0.000000 0.000000
31.000000 327.378136 7.473518 -1.171638 0.489945 0.000000 0.000000 0.000000 1.000000 0.000000 0.000000
31.000000 327.378292 7.330865 -1.188495 0.473486 0.000000 0.000000 0.000000 1.000000 0.000000 0.000000
31.000000 327.380276 7.368232 -1.232632 0.482952 0.000000 0.000000 0.000000 1.000000 0.000000 0.000000
31.000000 327.380384 7.381128 -1.232913 0.472189 0.000000 0.000000 0.000000 1.000000 0.000000 0.000000
31.000000 327.383240 7.394477 -1.227876 0.445858 0.000000 0.000000 0.000000 1.000000 0.000000 0.000000
31.000000 327.385962 7.345770 -1.212260 0.436556 0.000000 0.000000 0.000000 1.000000 0.000000 0.000000
31.000000 327.387991 7.263251 -1.231380 0.415011 0.000000 0.000000 0.000000 1.000000 0.000000 0.000000
31.000000 327.388086 7.248442 -1.193988 0.399315 0.000000 0.000000 0.000000 1.000000 0.000000 0.000000
31.000000 327.390114 7.121316 -1.158339 0.360619 0.000000 0.000000 0.000000 1.000000 0.000000 0.000000
31.000000 327.390424 7.304948 -1.229740 0.392049 0.000000 0.000000 0.000000 1.000000 0.000000 0.000000
31.000000 327.393004 7.313962 -1.232068 0.364445 0.000000 0.000000 0.000000 1.000000 0.000000 0.000000
31.000000 327.395976 7.253913 -1.216536 0.365496 0.000000 0.000000 0.000000 1.000000 0.000000 0.000000
31.000000 327.398159 7.169292 -1.236092 0.341391 0.000000 0.000000 0.000000 1.000000 0.000000 0.000000
31.000000 327.398162 7.156644 -1.199564 0.323110 0.000000 0.000000 0.000000 1.000000 0.000000 0.000000
31.000000 327.400226 6.998785 -1.163123 0.281286 0.000000 0.000000 0.000000 1.000000 0.000000 0.000000
31.000000 327.400388 7.208712 -1.240170 0.324565 0.000000 0.000000 0.000000 1.000000 0.000000 0.000000
31.000000 327.403042 7.224204 -1.235261 0.296013 0.000000 0.000000 0.000000 1.000000 0.000000 0.000000
31.000000 327.408079 7.298668 -1.219241 0.258781 0.000000 0.000000 0.000000 1.000000 0.000000 0.000000
31.000000 327.408116 7.094318 -1.208463 0.249239 0.000000 0.000000 0.000000 1.000000 0.000000 0.000000
31.000000 327.410170 7.120233 -1.251097 0.263140 0.000000 0.000000 0.000000 1.000000 0.000000 0.000000
31.000000 327.410395 7.117679 -1.251489 0.249891 0.000000 0.000000 0.000000 1.000000 0.000000 0.000000
31.000000 327.413162 7.138592 -1.243500 0.221159 0.000000 0.000000 0.000000 1.000000 0.000000 0.000000
31.000000 327.415952 7.098336 -1.229222 0.213972 0.000000 0.000000 0.000000 1.000000 0.000000 0.000000
31.000000 327.418173 7.145510 -1.201161 0.195563 0.000000 0.000000 0.000000 1.000000 0.000000 0.000000
31.000000 327.418179 7.002313 -1.217543 0.177364 0.000000 0.000000 0.000000 1.000000 0.000000 0.000000
31.000000 327.420162 7.023205 -1.257771 0.192113 0.000000 0.000000 0.000000 1.000000 0.000000 0.000000
31.000000 327.420467 7.021921 -1.261817 0.178661 0.000000 0.000000 0.000000 1.000000 0.000000 0.000000
31.000000 327.423046 7.059550 -1.245168 0.143105 0.000000 0.000000 0.000000 1.000000 0.000000 0.000000
31.000000 327.425951 7.010683 -1.230626 0.141160 0.000000 0.000000 0.000000 1.000000 0.000000 0.000000
31.000000 327.427971 6.923712 -1.252650 0.119732 0.000000 0.000000 0.000000 1.000000 0.000000 0.000000
31.000000 327.428196 6.910348 -1.215755 0.105070 0.000000 0.000000 0.000000 1.000000 0.000000 0.000000
31.000000 327.430112 6.778874 -1.180081 0.066477 0.000000 0.000000 0.000000 1.000000 0.000000 0.000000
31.000000 327.430460 6.946276 -1.266869 0.096621 0.000000 0.000000 0.000000 1.000000 0.000000 0.000000
31.000000 327.433089 6.976960 -1.253845 0.066558 0.000000 0.000000 0.000000 1.000000 0.000000 0.000000
31.000000 327.435965 6.919825 -1.234486 0.066581 0.000000 0.000000 0.000000 1.000000 0.000000 0.000000
31.000000 327.438153 6.966649 -1.203228 0.045240 0.000000 0.000000 0.000000 1.000000 0.000000 0.000000
31.000000 327.438226 6.829319 -1.220569 0.026344 0.000000 0.000000 0.000000 1.000000 0.000000 0.000000
31.000000 327.440288 6.869789 -1.268145 0.030751 0.000000 0.000000 0.000000 1.000000 0.000000 0.000000
31.000000 327.440533 6.887027 -1.241927 0.034858 0.000000 0.000000 0.000000 1.000000 0.000000 0.000000
31.000000 327.443327 6.902912 -1.256271 -0.013929 0.000000 0.000000 0.000000 1.000000 0.000000 0.000000
31.000000 327.445991 6.822939 -1.245981 0.010767 0.000000 0.000000 0.000000 1.000000 0.000000 0.000000
31.000000 327.448086 6.792230 -1.262565 0.017352 0.000000 0.000000 0.000000 1.000000 0.000000 0.000000
31.000000 327.448132 6.764947 -1.220925 0.018108 0.000000 0.000000 0.000000 1.000000 0.000000 0.000000
31.000000 327.450157 6.421287 -1.170770 -0.049046 0.000000 0.000000 0.000000 1.000000 0.000000 0.000000
31.000000 327.450576 6.781538 -1.292910 0.045421 0.000000 0.000000 0.000000 1.000000 0.000000 0.000000
31.000000 327.453201 6.842296 -1.261209 0.031184 0.000000 0.000000 0.000000 1.000000 0.000000 0.000000
31.000000 327.455932 6.805644 -1.251459 0.052112 0.000000 0.000000 0.000000 1.000000 0.000000 0.000000
31.000000 327.458163 6.762182 -1.273895 0.061661 0.000000 0.000000 0.000000 1.000000 0.000000 0.000000
31.000000 327.458189 6.728554 -1.233846 0.073079 0.000000 0.000000 0.000000 1.000000 0.000000 0.000000
31.000000 327.460364 6.513542 -1.194597 0.039256 0.000000 0.000000 0.000000 1.000000 0.000000 0.000000
31.000000 327.460407 6.757825 -1.286095 0.106376 0.000000 0.000000 0.000000 1.000000 0.000000 0.000000
31.000000 327.463275 6.803023 -1.269664 0.086711 0.000000 0.000000 0.000000 1.000000 0.000000 0.000000
31.000000 327.466216 6.717575 -1.252917 0.121746 0.000000 0.000000 0.000000 1.000000 0.000000 0.000000
31.000000 327.467979 6.693648 -1.263188 0.129163 0.000000 0.000000 0.000000 1.000000 0.000000 0.000000
31.000000 327.468099 6.667364 -1.222617 0.130963 0.000000 0.000000 0.000000 1.000000 0.000000 0.000000
31.000000 327.470274 6.397761 -1.176485 0.078072 0.000000 0.000000 0.000000 1.000000 0.000000 0.000000
31.000000 327.470423 6.720998 -1.290953 0.155859 0.000000 0.000000 0.000000 1.000000 0.000000 0.000000
31.000000 327.473001 6.760632 -1.275442 0.136673 0.000000 0.000000 0.000000 1.000000 0.000000 0.000000
31.000000 327.475993 6.692356 -1.266410 0.166434 0.000000 0.000000 0.000000 1.000000 0.000000 0.000000
31.000000 327.478051 6.669459 -1.281709 0.177015 0.000000 0.000000 0.000000 1.000000 0.000000 0.000000
31.000000 327.478225 6.632360 -1.229335 0.178190 0.000000 0.000000 0.000000 1.000000 0.000000 0.000000
31.000000 327.480308 6.280514 -1.175391 0.111496 0.000000 0.000000 0.000000 1.000000 0.000000 0.000000
31.000000 327.480573 6.669606 -1.308073 0.209986 0.000000 0.000000 0.000000 1.000000 0.000000 0.000000
31.000000 327.483303 6.724512 -1.280579 0.192563 0.000000 0.000000 0.000000 1.000000 0.000000 0.000000
31.000000 327.486255 6.657088 -1.267755 0.220553 0.000000 0.000000 0.000000 1.000000 0.000000 0.000000
31.000000 327.488012 6.627465 -1.282533 0.229194 0.000000 0.000000 0.000000 1.000000 0.000000 0.000000
31.000000 327.488131 6.597888 -1.244663 0.235701 0.000000 0.000000 0.000000 1.000000 0.000000 0.000000
31.000000 327.490121 6.442621 -1.210080 0.199018 0.000000 0.000000 0.000000 1.000000 0.000000 0.000000
31.000000 327.490470 6.667922 -1.292293 0.245798 0.000000 0.000000 0.000000 1.000000 0.000000 0.000000
31.000000 327.493012 6.689748 -1.289325 0.237838 0.000000 0.000000 0.000000 1.000000 0.000000 0.000000
31.000000 327.496136 6.624093 -1.277075 0.269313 0.000000 0.000000 0.000000 1.000000 0.000000 0.000000
31.000000 327.498126 6.753453 -1.225431 0.290697 0.000000 0.000000 0.000000 1.000000 0.000000 0.000000
31.000000 327.498217 6.534473 -1.236081 0.280160 0.000000 0.000000 0.000000 1.000000 0.000000 0.000000
31.000000 327.500404 6.558406 -1.296796 0.301567 0.000000 0.000000 0.000000 1.000000 0.000000 0.000000
31.000000 327.500542 6.584119 -1.321026 0.311667 0.000000 0.000000 0.000000 1.000000 0.000000 0.000000
31.000000 327.503134 6.640817 -1.290295 0.294801 0.000000 0.000000 0.000000 1.000000 0.000000 0.000000
31.000000 327.505969 6.578187 -1.278140 0.319097 0.000000 0.000000 0.000000 1.000000 0.000000 0.000000
31.000000 327.508083 6.537836 -1.296380 0.325391 0.000000 0.000000 0.000000 1.000000 0.000000 0.000000
31.000000 327.508146 6.498653 -1.246083 0.329885 0.000000 0.000000 0.000000 1.000000 0.000000 0.000000
31.000000 327.510213 6.351138 -1.207589 0.290220 0.000000 0.000000 0.000000 1.000000 0.000000 0.000000
31.000000 327.510481 6.602821 -1.295158 0.345882 0.000000 0.000000 0.000000 1.000000 0.000000 0.000000
31.000000 327.513047 6.606459 -1.299002 0.342191 0.000000 0.000000 0.000000 1.000000 0.000000 0.000000
31.000000 327.515998 6.536883 -1.285305 0.366240 0.000000 0.000000 0.000000 1.000000 0.000000 0.000000
31.000000 327.518193 6.509582 -1.298418 0.375319 0.000000 0.000000 0.000000 1.000000 0.000000 0.000000
31.000000 327.518225 6.474737 -1.254821 0.381436 0.000000 0.000000 0.000000 1.000000 0.000000 0.000000
31.000000 327.520429 6.637690 -1.247851 0.368247 0.000000 0.000000 0.000000 1.000000 0.000000 0.000000
31.000000 327.520472 6.555939 -1.301993 0.396654 0.000000 0.000000 0.000000 1.000000 0.000000 0.000000
31.000000 327.523149 6.551587 -1.296951 0.404192 0.000000 0.000000 0.000000 1.000000 0.000000 0.000000
31.000000 327.525980 6.501786 -1.293018 0.420124 0.000000 0.000000 0.000000 1.000000 0.000000 0.000000
31.000000 327.528116 6.471645 -1.310972 0.428817 0.000000 0.000000 0.000000 1.000000 0.000000 0.000000
31.000000 327.528188 6.427520 -1.258625 0.433293 0.000000 0.000000 0.000000 1.000000 0.000000 0.000000
31.000000 327.530402 6.316939 -1.225993 0.401162 0.000000 0.000000 0.000000 1.000000 0.000000 0.000000
31.000000 327.530491 6.529253 -1.302288 0.442432 0.000000 0.000000 0.000000 1.000000 0.000000 0.000000
31.000000 327.533121 6.529042 -1.310614 0.437576 0.000000 0.000000 0.000000 1.000000 0.000000 0.000000
31.000000 327.536001 6.460057 -1.302998 0.467960 0.000000 0.000000 0.000000 1.000000 0.000000 0.000000
31.000000 327.538073 6.434485 -1.318466 0.475879 0.000000 0.000000 0.000000 1.000000 0.000000 0.000000
31.000000 327.538191 6.409112 -1.281996 0.474665 0.000000 0.000000 0.000000 1.000000 0.000000 0.000000
31.000000 327.540325 6.359487 -1.256911 0.458263 0.000000 0.000000 0.000000 1.000000 0.000000 0.000000
31.000000 327.540449 6.491357 -1.306381 0.488166 0.000000 0.000000 0.000000 1.000000 0.000000 0.000000
31.000000 327.543177 6.488280 -1.315198 0.483901 0.000000 0.000000 0.000000 1.000000 0.000000 0.000000
31.000000 327.546225 6.422268 -1.305281 0.508603 0.000000 0.000000 0.000000 1.000000 0.000000 0.000000
31.000000 327.548181 6.383958 -1.322398 0.512289 0.000000 0.000000 0.000000 1.000000 0.000000 0.000000
31.000000 327.548207 6.355360 -1.281426 0.510224 0.000000 0.000000 0.000000 1.000000 0.000000 0.000000
31.000000 327.550247 6.299851 -1.254297 0.495216 0.000000 0.000000 0.000000 1.000000 0.000000 0.000000
31.000000 327.550412 6.452212 -1.309997 0.534074 0.000000 0.000000 0.000000 1.000000 0.000000 0.000000
31.000000 327.553454 6.443184 -1.321387 0.530431 0.000000 0.000000 0.000000 1.000000 0.000000 0.000000
31.000000 327.556018 6.358404 -1.311489 0.560544 0.000000 0.000000 0.000000 1.000000 0.000000 0.000000
31.000000 327.558192 6.349080 -1.319336 0.569048 0.000000 0.000000 0.000000 1.000000 0.000000 0.000000
31.000000 327.558223 6.336798 -1.293514 0.563006 0.000000 0.000000 0.000000 1.000000 0.000000 0.000000
31.000000 327.560407 6.318409 -1.272696 0.554440 0.000000 0.000000 0.000000 1.000000 0.000000 0.000000
31.000000 327.560411 6.418914 -1.311985 0.578592 0.000000 0.000000 0.000000 1.000000 0.000000 0.000000
31.000000 327.563199 6.405016 -1.326934 0.574539 0.000000 0.000000 0.000000 1.000000 0.000000 0.000000
31.000000 327.566070 6.346962 -1.315316 0.590477 0.000000 0.000000 0.000000 1.000000 0.000000 0.000000
31.000000 327.568102 6.315919 -1.330164 0.599716 0.000000 0.000000 0.000000 1.000000 0.000000 0.000000
31.000000 327.568108 6.304997 -1.313501 0.604952 0.000000 0.000000 0.000000 1.000000 0.000000 0.000000
31.000000 327.570193 6.156453 -1.288400 0.580797 0.000000 0.000000 0.000000 1.000000 0.000000 0.000000
31.000000 327.570575 6.337158 -1.348958 0.626967 0.000000 0.000000 0.000000 1.000000 0.000000 0.000000
31.000000 327.573113 6.364030 -1.334648 0.614222 0.000000 0.000000 0.000000 1.000000 0.000000 0.000000
31.000000 327.576072 6.288074 -1.327315 0.640463 0.000000 0.000000 0.000000 1.000000 0.000000 0.000000
31.000000 327.578223 6.272179 -1.340086 0.651152 0.000000 0.000000 0.000000 1.000000 0.000000 0.000000
31.000000 327.578237 6.240212 -1.296890 0.649287 0.000000 0.000000 0.000000 1.000000 0.000000 0.000000
31.000000 327.580352 6.139758 -1.267335 0.621644 0.000000 0.000000 0.000000 1.000000 0.000000 0.000000
31.000000 327.580697 6.325629 -1.331412 0.662055 0.000000 0.000000 0.000000 1.000000 0.000000 0.000000
31.000000 327.583191 6.324117 -1.337056 0.658946 0.000000 0.000000 0.000000 1.000000 0.000000 0.000000
31.000000 327.586060 6.265387 -1.330859 0.682153 0.000000 0.000000 0.000000 1.000000 0.000000 0.000000
31.000000 327.588135 6.407275 -1.281130 0.704319 0.000000 0.000000 0.000000 1.000000 0.000000 0.000000
31.000000 327.588179 6.184328 -1.290940 0.696516 0.000000 0.000000 0.000000 1.000000 0.000000 0.000000
31.000000 327.590248 6.209241 -1.329361 0.710936 0.000000 0.000000 0.000000 1.000000 0.000000 0.000000
31.000000 327.590506 6.273403 -1.350917 0.705856 0.000000 0.000000 0.000000 1.000000 0.000000 0.000000
31.000000 327.593377 6.293047 -1.345882 0.692780 0.000000 0.000000 0.000000 1.000000 0.000000 0.000000
31.000000 327.596038 6.213902 -1.338399 0.725051 0.000000 0.000000 0.000000 1.000000 0.000000 0.000000
31.000000 327.598229 6.336197 -1.297240 0.735756 0.000000 0.000000 0.000000 1.000000 0.000000 0.000000
31.000000 327.598230 6.151222 -1.309811 0.725945 0.000000 0.000000 0.000000 1.000000 0.000000 0.000000
31.000000 327.600313 6.150928 -1.324482 0.746755 0.000000 0.000000 0.000000 1.000000 0.000000 0.000000
31.000000 327.600502 6.241047 -1.347652 0.744392 0.000000 0.000000 0.000000 1.000000 0.000000 0.000000
31.000000 327.603367 6.244036 -1.350912 0.736366 0.000000 0.000000 0.000000 1.000000 0.000000 0.000000
31.000000 327.606028 6.154741 -1.340748 0.766675 0.000000 0.000000 0.000000 1.000000 0.000000 0.000000
31.000000 327.608061 6.135476 -1.350527 0.770309 0.000000 0.000000 0.000000 1.000000 0.000000 0.000000
31.000000 327.608195 6.119726 -1.322355 0.762333 0.000000 0.000000 0.000000 1.000000 0.000000 0.000000
31.000000 327.610208 6.044982 -1.300608 0.750545 0.000000 0.000000 0.000000 1.000000 0.000000 0.000000
31.000000 327.610688 6.189764 -1.352568 0.786113 0.000000 0.000000 0.000000 1.000000 0.000000 0.000000
31.000000 327.613140 6.199502 -1.351945 0.775625 0.000000 0.000000 0.000000 1.000000 0.000000 0.000000
31.000000 327.616039 6.118696 -1.339250 0.799981 0.000000 0.000000 0.000000 1.000000 0.000000 0.000000
31.000000 327.618280 6.153798 -1.322990 0.795665 0.000000 0.000000 0.000000 1.000000 0.000000 0.000000
31.000000 327.618306 6.102590 -1.337358 0.804226 0.000000 0.000000 0.000000 1.000000 0.000000 0.000000
31.000000 327.620285 6.097145 -1.353663 0.826717 0.000000 0.000000 0.000000 1.000000 0.000000 0.000000
31.000000 327.620477 6.144189 -1.372999 0.826722 0.000000 0.000000 0.000000 1.000000 0.000000 0.000000
31.000000 327.623236 6.174008 -1.358928 0.811611 0.000000 0.000000 0.000000 1.000000 0.000000 0.000000
31.000000 327.626045 6.107143 -1.350773 0.834899 0.000000 0.000000 0.000000 1.000000 0.000000 0.000000
31.000000 327.628142 6.074073 -1.368392 0.843165 0.000000 0.000000 0.000000 1.000000 0.000000 0.000000
31.000000 327.628274 6.059017 -1.345875 0.843301 0.000000 0.000000 0.000000 1.000000 0.000000 0.000000
31.000000 327.630212 5.925189 -1.322541 0.824781 0.000000 0.000000 0.000000 1.000000 0.000000 0.000000
31.000000 327.630589 6.097411 -1.381256 0.866826 0.000000 0.000000 0.000000 1.000000 0.000000 0.000000
31.000000 327.633111 6.127062 -1.366244 0.848848 0.000000 0.000000 0.000000 1.000000 0.000000 0.000000
31.000000 327.636050 6.042806 -1.358341 0.876041 0.000000 0.000000 0.000000 1.000000 0.000000 0.000000
31.000000 327.638256 6.187187 -1.309548 0.891584 0.000000 0.000000 0.000000 1.000000 0.000000 0.000000
31.000000 327.638283 5.994167 -1.319574 0.882811 0.000000 0.000000 0.000000 1.000000 0.000000 0.000000
31.000000 327.640264 6.057726 -1.413805 0.900870 0.000000 0.000000 0.000000 1.000000 0.000000 0.000000
31.000000 327.640446 6.014310 -1.419534 0.911857 0.000000 0.000000 0.000000 1.000000 0.000000 0.000000
31.000000 327.643200 6.091870 -1.370264 0.884356 0.000000 0.000000 0.000000 1.000000 0.000000 0.000000
31.000000 327.646044 6.016140 -1.361089 0.905132 0.000000 0.000000 0.000000 1.000000 0.000000 0.000000
31.000000 327.648131 5.982714 -1.376719 0.909553 0.000000 0.000000 0.000000 1.000000 0.000000 0.000000
31.000000 327.648159 5.982486 -1.363812 0.901204 0.000000 0.000000 0.000000 1.000000 0.000000 0.000000
31.000000 327.650163 5.756856 -1.336450 0.876439 0.000000 0.000000 0.000000 1.000000 0.000000 0.000000
31.000000 327.650640 5.995618 -1.412692 0.940424 0.000000 0.000000 0.000000 1.000000 0.000000 0.000000
31.000000 327.653116 6.051706 -1.377630 0.918738 0.000000 0.000000 0.000000 1.000000 0.000000 0.000000
31.000000 327.656089 5.961483 -1.365400 0.942534 0.000000 0.000000 0.000000 1.000000 0.000000 0.000000
31.000000 327.658283 5.944482 -1.375245 0.951497 0.000000 0.000000 0.000000 1.000000 0.000000 0.000000
31.000000 327.658286 5.927293 -1.345160 0.945380 0.000000 0.000000 0.000000 1.000000 0.000000 0.000000
31.000000 327.660307 5.632804 -1.307446 0.896281 0.000000 0.000000 0.000000 1.000000 0.000000 0.000000
31.000000 327.660558 5.962680 -1.409759 0.969267 0.000000 0.000000 0.000000 1.000000 0.000000 0.000000
31.000000 327.663385 6.006199 -1.381324 0.955299 0.000000 0.000000 0.000000 1.000000 0.000000 0.000000
31.000000 327.666085 5.957261 -1.363147 0.955910 0.000000 0.000000 0.000000 1.000000 0.000000 0.000000
31.000000 327.668089 5.917504 -1.376608 0.966769 0.000000 0.000000 0.000000 1.000000 0.000000 0.000000
31.000000 327.668217 5.920427 -1.370835 0.971670 0.000000 0.000000 0.000000 1.000000 0.000000 0.000000
31.000000 327.670212 5.608525 -1.335303 0.930923 0.000000 0.000000 0.000000 1.000000 0.000000 0.000000
31.000000 327.670698 5.906876 -1.427861 1.006979 0.000000 0.000000 0.000000 1.000000 0.000000 0.000000
31.000000 327.673130 5.969274 -1.386783 0.985299 0.000000 0.000000 0.000000 1.000000 0.000000 0.000000
31.000000 327.676064 5.914898 -1.379130 0.997047 0.000000 0.000000 0.000000 1.000000 0.000000 0.000000
31.000000 327.678279 5.882339 -1.396921 1.008512 0.000000 0.000000 0.000000 1.000000 0.000000 0.000000
31.000000 327.678375 5.871220 -1.373913 1.004852 0.000000 0.000000 0.000000 1.000000 0.000000 0.000000
31.000000 327.680306 5.613486 -1.340209 0.970104 0.000000 0.000000 0.000000 1.000000 0.000000 0.000000
31.000000 327.680542 5.875486 -1.422698 1.037812 0.000000 0.000000 0.000000 1.000000 0.000000 0.000000
31.000000 327.683206 5.925227 -1.390580 1.017134 0.000000 0.000000 0.000000 1.000000 0.000000 0.000000
31.000000 327.686072 5.868682 -1.383729 1.029726 0.000000 0.000000 0.000000 1.000000 0.000000 0.000000
31.000000 327.688213 5.979733 -1.344329 1.043345 0.000000 0.000000 0.000000 1.000000 0.000000 0.000000
31.000000 327.688222 5.801999 -1.352725 1.042148 0.000000 0.000000 0.000000 1.000000 0.000000 0.000000
31.000000 327.690279 5.846517 -1.399009 1.046571 0.000000 0.000000 0.000000 1.000000 0.000000 0.000000
31.000000 327.690569 5.887694 -1.404046 1.049041 0.000000 0.000000 0.000000 1.000000 0.000000 0.000000
31.000000 327.693190 5.895156 -1.397536 1.044559 0.000000 0.000000 0.000000 1.000000 0.000000 0.000000
31.000000 327.696055 5.837723 -1.392535 1.059429 0.000000 0.000000 0.000000 1.000000 0.000000 0.000000
31.000000 327.698275 5.949703 -1.355170 1.071468 0.000000 0.000000 0.000000 1.000000 0.000000 0.000000
31.000000 327.698298 5.766970 -1.362616 1.065344 0.000000 0.000000 0.000000 1.000000 0.000000 0.000000
31.000000 327.700298 5.812534 -1.434767 1.085166 0.000000 0.000000 0.000000 1.000000 0.000000 0.000000
31.000000 327.700531 5.791299 -1.442313 1.097283 0.000000 0.000000 0.000000 1.000000 0.000000 0.000000
31.000000 327.703204 5.852080 -1.402184 1.073794 0.000000 0.000000 0.000000 1.000000 0.000000 0.000000
31.000000 327.706060 5.762630 -1.395636 1.100102 0.000000 0.000000 0.000000 1.000000 0.000000 0.000000
31.000000 327.708136 5.732155 -1.411377 1.102043 0.000000 0.000000 0.000000 1.000000 0.000000 0.000000
31.000000 327.708196 5.704417 -1.374169 1.093426 0.000000 0.000000 0.000000 1.000000 0.000000 0.000000
31.000000 327.710206 5.657879 -1.356063 1.077141 0.000000 0.000000 0.000000 1.000000 0.000000 0.000000
31.000000 327.710598 5.819678 -1.407635 1.109558 0.000000 0.000000 0.000000 1.000000 0.000000 0.000000
31.000000 327.713284 5.819251 -1.408394 1.100427 0.000000 0.000000 0.000000 1.000000 0.000000 0.000000
31.000000 327.716066 5.752646 -1.401700 1.115261 0.000000 0.000000 0.000000 1.000000 0.000000 0.000000
31.000000 327.718234 5.721532 -1.418370 1.122904 0.000000 0.000000 0.000000 1.000000 0.000000 0.000000
31.000000 327.718286 5.711697 -1.396689 1.115064 0.000000 0.000000 0.000000 1.000000 0.000000 0.000000
31.000000 327.720310 5.596577 -1.373909 1.096972 0.000000 0.000000 0.000000 1.000000 0.000000 0.000000
31.000000 327.720553 5.759332 -1.424889 1.141338 0.000000 0.000000 0.000000 1.000000 0.000000 0.000000
31.000000 327.723237 5.773974 -1.414763 1.130006 0.000000 0.000000 0.000000 1.000000 0.000000 0.000000
31.000000 327.726077 5.710719 -1.410104 1.145780 0.000000 0.000000 0.000000 1.000000 0.000000 0.000000
31.000000 327.728109 5.686024 -1.424881 1.152756 0.000000 0.000000 0.000000 1.000000 0.000000 0.000000
31.000000 327.728212 5.662431 -1.392351 1.146895 0.000000 0.000000 0.000000 1.000000 0.000000 0.000000
31.000000 327.730261 5.562077 -1.370911 1.124744 0.000000 0.000000 0.000000 1.000000 0.000000 0.000000
31.000000 327.730725 5.729533 -1.422030 1.163931 0.000000 0.000000 0.000000 1.000000 0.000000 0.000000
31.000000 327.733164 5.731871 -1.418848 1.156619 0.000000 0.000000 0.000000 1.000000 0.000000 0.000000
31.000000 327.736101 5.684470 -1.415192 1.165123 0.000000 0.000000 0.000000 1.000000 0.000000 0.000000
31.000000 327.738206 5.651000 -1.432755 1.171688 0.000000 0.000000 0.000000 1.000000 0.000000 0.000000
31.000000 327.738273 5.617885 -1.396217 1.173426 0.000000 0.000000 0.000000 1.000000 0.000000 0.000000
31.000000 327.740320 5.368646 -1.369479 1.144868 0.000000 0.000000 0.000000 1.000000 0.000000 0.000000
31.000000 327.740557 5.647098 -1.456449 1.205192 0.000000 0.000000 0.000000 1.000000 0.000000 0.000000
31.000000 327.743341 5.693221 -1.427009 1.180580 0.000000 0.000000 0.000000 1.000000 0.000000 0.000000
31.000000 327.746176 5.640175 -1.422295 1.190998 0.000000 0.000000 0.000000 1.000000 0.000000 0.000000
31.000000 327.748148 5.595561 -1.443441 1.195923 0.000000 0.000000 0.000000 1.000000 0.000000 0.000000
31.000000 327.748169 5.551245 -1.392545 1.194588 0.000000 0.000000 0.000000 1.000000 0.000000 0.000000
31.000000 327.750263 5.270603 -1.358963 1.154727 0.000000 0.000000 0.000000 1.000000 0.000000 0.000000
31.000000 327.750655 5.609747 -1.462649 1.226243 0.000000 0.000000 0.000000 1.000000 0.000000 0.000000
31.000000 327.753255 5.659278 -1.429326 1.202307 0.000000 0.000000 0.000000 1.000000 0.000000 0.000000
31.000000 327.756209 5.591557 -1.420849 1.213478 0.000000 0.000000 0.000000 1.000000 0.000000 0.000000
31.000000 327.758221 5.662296 -1.395559 1.217667 0.000000 0.000000 0.000000 1.000000 0.000000 0.000000
31.000000 327.758299 5.543439 -1.406807 1.224012 0.000000 0.000000 0.000000 1.000000 0.000000 0.000000
31.000000 327.760380 5.580895 -1.441126 1.226981 0.000000 0.000000 0.000000 1.000000 0.000000 0.000000
31.000000 327.760524 5.620629 -1.438124 1.227758 0.000000 0.000000 0.000000 1.000000 0.000000 0.000000
31.000000 327.763313 5.615777 -1.436688 1.227092 0.000000 0.000000 0.000000 1.000000 0.000000 0.000000
31.000000 327.766175 5.544925 -1.427398 1.237994 0.000000 0.000000 0.000000 1.000000 0.000000 0.000000
31.000000 327.768198 5.572101 -1.416875 1.232957 0.000000 0.000000 0.000000 1.000000 0.000000 0.000000
31.000000 327.768228 5.523113 -1.428977 1.241654 0.000000 0.000000 0.000000 1.000000 0.000000 0.000000
31.000000 327.770205 5.490063 -1.404153 1.262102 0.000000 0.000000 0.000000 1.000000 0.000000 0.000000
31.000000 327.770614 5.521984 -1.477023 1.272901 0.000000 0.000000 0.000000 1.000000 0.000000 0.000000
31.000000 327.773097 5.575866 -1.439642 1.247401 0.000000 0.000000 0.000000 1.000000 0.000000 0.000000
31.000000 327.776385 5.512650 -1.434535 1.258555 0.000000 0.000000 0.000000 1.000000 0.000000 0.000000
31.000000 327.778297 5.556818 -1.421774 1.258366 0.000000 0.000000 0.000000 1.000000 0.000000 0.000000
31.000000 327.778517 5.478492 -1.432354 1.262539 0.000000 0.000000 0.000000 1.000000 0.000000 0.000000
31.000000 327.780357 5.498867 -1.477154 1.286150 0.000000 0.000000 0.000000 1.000000 0.000000 0.000000
31.000000 327.780545 5.558322 -1.430831 1.278933 0.000000 0.000000 0.000000 1.000000 0.000000 0.000000
31.000000 327.783234 5.540267 -1.445237 1.267280 0.000000 0.000000 0.000000 1.000000 0.000000 0.000000
31.000000 327.786235 5.481520 -1.441865 1.280025 0.000000 0.000000 0.000000 1.000000 0.000000 0.000000
31.000000 327.788178 5.544857 -1.423872 1.285743 0.000000 0.000000 0.000000 1.000000 0.000000 0.000000
31.000000 327.788366 5.430365 -1.431828 1.286365 0.000000 0.000000 0.000000 1.000000 0.000000 0.000000
31.000000 327.790251 5.438156 -1.442229 1.296047 0.000000 0.000000 0.000000 1.000000 0.000000 0.000000
31.000000 327.790648 5.525177 -1.433957 1.295424 0.000000 0.000000 0.000000 1.000000 0.000000 0.000000
31.000000 327.793141 5.501178 -1.450708 1.288930 0.000000 0.000000 0.000000 1.000000 0.000000 0.000000
31.000000 327.796460 5.440089 -1.448222 1.303708 0.000000 0.000000 0.000000 1.000000 0.000000 0.000000
31.000000 327.798287 5.495044 -1.434667 1.305910 0.000000 0.000000 0.000000 1.000000 0.000000 0.000000
31.000000 327.798320 5.385361 -1.442373 1.302782 0.000000 0.000000 0.000000 1.000000 0.000000 0.000000
31.000000 327.800360 5.390867 -1.469413 1.326298 0.000000 0.000000 0.000000 1.000000 0.000000 0.000000
31.000000 327.800551 5.412928 -1.482937 1.333878 0.000000 0.000000 0.000000 1.000000 0.000000 0.000000
31.000000 327.803437 5.456130 -1.453749 1.306556 0.000000 0.000000 0.000000 1.000000 0.000000 0.000000
31.000000 327.806394 5.392420 -1.448186 1.315828 0.000000 0.000000 0.000000 1.000000 0.000000 0.000000
31.000000 327.808277 5.458976 -1.427191 1.322908 0.000000 0.000000 0.000000 1.000000 0.000000 0.000000
31.000000 327.808318 5.340467 -1.434899 1.326412 0.000000 0.000000 0.000000 1.000000 0.000000 0.000000
31.000000 327.810288 5.382981 -1.498909 1.344980 0.000000 0.000000 0.000000 1.000000 0.000000 0.000000
31.000000 327.810650 5.356745 -1.503607 1.354104 0.000000 0.000000 0.000000 1.000000 0.000000 0.000000
31.000000 327.813176 5.420560 -1.460819 1.324796 0.000000 0.000000 0.000000 1.000000 0.000000 0.000000
31.000000 327.816161 5.353209 -1.451924 1.335330 0.000000 0.000000 0.000000 1.000000 0.000000 0.000000
31.000000 327.818331 5.421562 -1.427424 1.339508 0.000000 0.000000 0.000000 1.000000 0.000000 0.000000
31.000000 327.818731 5.299042 -1.435558 1.343561 0.000000 0.000000 0.000000 1.000000 0.000000 0.000000
31.000000 327.820417 5.336777 -1.487098 1.357326 0.000000 0.000000 0.000000 1.000000 0.000000 0.000000
31.000000 327.820565 5.344999 -1.494424 1.362149 0.000000 0.000000 0.000000 1.000000 0.000000 0.000000
31.000000 327.823271 5.384183 -1.467767 1.339458 0.000000 0.000000 0.000000 1.000000 0.000000 0.000000
31.000000 327.826136 5.314330 -1.462035 1.354039 0.000000 0.000000 0.000000 1.000000 0.000000 0.000000
31.000000 327.828318 5.368823 -1.446527 1.352656 0.000000 0.000000 0.000000 1.000000 0.000000 0.000000
31.000000 327.828383 5.279587 -1.456674 1.353663 0.000000 0.000000 0.000000 1.000000 0.000000 0.000000
31.000000 327.830328 5.300154 -1.499225 1.376682 0.000000 0.000000 0.000000 1.000000 0.000000 0.000000
31.000000 327.830682 5.292494 -1.504797 1.384326 0.000000 0.000000 0.000000 1.000000 0.000000 0.000000
31.000000 327.833181 5.336911 -1.474125 1.361045 0.000000 0.000000 0.000000 1.000000 0.000000 0.000000
31.000000 327.836131 5.290993 -1.470587 1.367648 0.000000 0.000000 0.000000 1.000000 0.000000 0.000000
31.000000 327.838246 5.395292 -1.436692 1.381132 0.000000 0.000000 0.000000 1.000000 0.000000 0.000000
31.000000 327.838302 5.220070 -1.440966 1.379048 0.000000 0.000000 0.000000 1.000000 0.000000 0.000000
31.000000 327.840460 5.269874 -1.503950 1.390205 0.000000 0.000000 0.000000 1.000000 0.000000 0.000000
31.000000 327.840576 5.254570 -1.505887 1.396419 0.000000 0.000000 0.000000 1.000000 0.000000 0.000000
31.000000 327.843541 5.286902 -1.482719 1.376990 0.000000 0.000000 0.000000 1.000000 0.000000 0.000000
31.000000 327.846531 5.232860 -1.480023 1.387685 0.000000 0.000000 0.000000 1.000000 0.000000 0.000000
31.000000 327.848230 5.212335 -1.490894 1.388405 0.000000 0.000000 0.000000 1.000000 0.000000 0.000000
31.000000 327.848238 5.181879 -1.455829 1.382956 0.000000 0.000000 0.000000 1.000000 0.000000 0.000000
31.000000 327.850323 4.972423 -1.435920 1.360823 0.000000 0.000000 0.000000 1.000000 0.000000 0.000000
31.000000 327.850824 5.224628 -1.511460 1.410509 0.000000 0.000000 0.000000 1.000000 0.000000 0.000000
31.000000 327.853213 5.261250 -1.485865 1.386722 0.000000 0.000000 0.000000 1.000000 0.000000 0.000000
31.000000 327.856379 5.204305 -1.484187 1.398436 0.000000 0.000000 0.000000 1.000000 0.000000 0.000000
31.000000 327.858252 5.262381 -1.470184 1.401084 0.000000 0.000000 0.000000 1.000000 0.000000 0.000000
31.000000 327.858299 5.161166 -1.476825 1.397361 0.000000 0.000000 0.000000 1.000000 0.000000 0.000000
31.000000 327.860332 5.147240 -1.464227 1.408588 0.000000 0.000000 0.000000 1.000000 0.000000 0.000000
31.000000 327.860665 5.239248 -1.480543 1.405319 0.000000 0.000000 0.000000 1.000000 0.000000 0.000000
31.000000 327.863277 5.225439 -1.489018 1.396544 0.000000 0.000000 0.000000 1.000000 0.000000 0.000000
31.000000 327.866960 5.139566 -1.474274 1.405871 0.000000 0.000000 0.000000 1.000000 0.000000 0.000000
31.000000 327.868239 5.120940 -1.482341 1.414541 0.000000 0.000000 0.000000 1.000000 0.000000 0.000000
31.000000 327.868240 5.113014 -1.468203 1.414020 0.000000 0.000000 0.000000 1.000000 0.000000 0.000000
31.000000 327.870319 5.004149 -1.450404 1.393469 0.000000 0.000000 0.000000 1.000000 0.000000 0.000000
31.000000 327.870641 5.172468 -1.501326 1.425390 0.000000 0.000000 0.000000 1.000000 0.000000 0.000000
31.000000 327.873388 5.183514 -1.493328 1.409498 0.000000 0.000000 0.000000 1.000000 0.000000 0.000000
31.000000 327.877264 5.118371 -1.491492 1.425961 0.000000 0.000000 0.000000 1.000000 0.000000 0.000000
31.000000 327.878312 5.104302 -1.503172 1.431262 0.000000 0.000000 0.000000 1.000000 0.000000 0.000000
31.000000 327.878333 5.083576 -1.476295 1.423699 0.000000 0.000000 0.000000 1.000000 0.000000 0.000000
31.000000 327.880408 5.030328 -1.464387 1.408822 0.000000 0.000000 0.000000 1.000000 0.000000 0.000000
31.000000 327.880599 5.143051 -1.500159 1.424498 0.000000 0.000000 0.000000 1.000000 0.000000 0.000000
31.000000 327.883450 5.145270 -1.500466 1.414547 0.000000 0.000000 0.000000 1.000000 0.000000 0.000000
31.000000 327.886398 5.088669 -1.497369 1.432395 0.000000 0.000000 0.000000 1.000000 0.000000 0.000000
31.000000 327.888284 5.195064 -1.465728 1.443721 0.000000 0.000000 0.000000 1.000000 0.000000 0.000000
31.000000 327.888383 5.042444 -1.467772 1.434694 0.000000 0.000000 0.000000 1.000000 0.000000 0.000000
31.000000 327.890276 5.098295 -1.534012 1.440851 0.000000 0.000000 0.000000 1.000000 0.000000 0.000000
31.000000 327.890845 5.068323 -1.531418 1.450720 0.000000 0.000000 0.000000 1.000000 0.000000 0.000000
31.000000 327.893263 5.101365 -1.505362 1.431363 0.000000 0.000000 0.000000 1.000000 0.000000 0.000000
31.000000 327.896499 5.043629 -1.502399 1.440330 0.000000 0.000000 0.000000 1.000000 0.000000 0.000000
31.000000 327.898288 5.170187 -1.463906 1.448333 0.000000 0.000000 0.000000 1.000000 0.000000 0.000000
31.000000 327.900383 4.717811 -1.440976 1.397951 0.000000 0.000000 0.000000 1.000000 0.000000 0.000000
31.000000 327.900648 5.034443 -1.532640 1.456778 0.000000 0.000000 0.000000 1.000000 0.000000 0.000000
31.000000 327.903472 5.065062 -1.508597 1.436142 0.000000 0.000000 0.000000 1.000000 0.000000 0.000000
31.000000 327.906143 5.011274 -1.504305 1.440927 0.000000 0.000000 0.000000 1.000000 0.000000 0.000000
31.000000 327.908265 5.055260 -1.491712 1.443542 0.000000 0.000000 0.000000 1.000000 0.000000 0.000000
31.000000 327.910330 4.789267 -1.478659 1.422312 0.000000 0.000000 0.000000 1.000000 0.000000 0.000000
31.000000 327.910710 4.998402 -1.539899 1.464008 0.000000 0.000000 0.000000 1.000000 0.000000 0.000000
31.000000 327.913196 5.031162 -1.515921 1.442391 0.000000 0.000000 0.000000 1.000000 0.000000 0.000000
31.000000 327.916630 4.967232 -1.505454 1.446877 0.000000 0.000000 0.000000 1.000000 0.000000 0.000000
31.000000 327.918476 5.052151 -1.473553 1.458390 0.000000 0.000000 0.000000 1.000000 0.000000 0.000000
31.000000 327.920396 4.644256 -1.452894 1.421436 0.000000 0.000000 0.000000 1.000000 0.000000 0.000000
31.000000 327.920603 5.003333 -1.510228 1.463009 0.000000 0.000000 0.000000 1.000000 0.000000 0.000000
31.000000 327.923389 4.984550 -1.523237 1.448389 0.000000 0.000000 0.000000 1.000000 0.000000 0.000000
31.000000 327.926266 4.910727 -1.520356 1.463473 0.000000 0.000000 0.000000 1.000000 0.000000 0.000000
31.000000 327.928281 4.983717 -1.502733 1.470609 0.000000 0.000000 0.000000 1.000000 0.000000 0.000000
31.000000 327.930366 4.827108 -1.494932 1.448402 0.000000 0.000000 0.000000 1.000000 0.000000 0.000000
31.000000 327.930734 4.947576 -1.530016 1.469064 0.000000 0.000000 0.000000 1.000000 0.000000 0.000000
31.000000 327.933245 4.950810 -1.525788 1.455063 0.000000 0.000000 0.000000 1.000000 0.000000 0.000000
31.000000 327.936264 4.887292 -1.523661 1.468240 0.000000 0.000000 0.000000 1.000000 0.000000 0.000000
31.000000 327.938246 4.954768 -1.507337 1.475080 0.000000 0.000000 0.000000 1.000000 0.000000 0.000000
31.000000 327.940397 4.700385 -1.494986 1.450615 0.000000 0.000000 0.000000 1.000000 0.000000 0.000000
31.000000 327.940659 4.886911 -1.552167 1.480961 0.000000 0.000000 0.000000 1.000000 0.000000 0.000000
31.000000 327.943489 4.919156 -1.531404 1.454106 0.000000 0.000000 0.000000 1.000000 0.000000 0.000000
31.000000 327.946274 4.847199 -1.529297 1.474282 0.000000 0.000000 0.000000 1.000000 0.000000 0.000000
31.000000 327.948322 4.873206 -1.528753 1.476377 0.000000 0.000000 0.000000 1.000000 0.000000 0.000000
31.000000 327.950362 4.854931 -1.527828 1.469661 0.000000 0.000000 0.000000 1.000000 0.000000 0.000000
31.000000 327.950786 4.877356 -1.535062 1.475874 0.000000 0.000000 0.000000 1.000000 0.000000 0.000000
31.000000 327.953243 4.872829 -1.536877 1.462893 0.000000 0.000000 0.000000 1.000000 0.000000 0.000000
31.000000 327.956215 4.827716 -1.535527 1.468867 0.000000 0.000000 0.000000 1.000000 0.000000 0.000000
31.000000 327.958408 4.950820 -1.498392 1.481923 0.000000 0.000000 0.000000 1.000000 0.000000 0.000000
31.000000 327.960464 4.645498 -1.483217 1.446618 0.000000 0.000000 0.000000 1.000000 0.000000 0.000000
31.000000 327.960860 4.839938 -1.540215 1.476936 0.000000 0.000000 0.000000 1.000000 0.000000 0.000000
31.000000 327.963506 4.836982 -1.540972 1.464728 0.000000 0.000000 0.000000 1.000000 0.000000 0.000000
31.000000 327.966380 4.749413 -1.531715 1.481949 0.000000 0.000000 0.000000 1.000000 0.000000 0.000000
31.000000 327.968294 4.823293 -1.509392 1.484612 0.000000 0.000000 0.000000 1.000000 0.000000 0.000000
31.000000 327.970379 4.591216 -1.497973 1.449226 0.000000 0.000000 0.000000 1.000000 0.000000 0.000000
31.000000 327.971039 4.792087 -1.554639 1.477606 0.000000 0.000000 0.000000 1.000000 0.000000 0.000000
31.000000 327.973271 4.796681 -1.548337 1.466723 0.000000 0.000000 0.000000 1.000000 0.000000 0.000000
31.000000 327.976586 4.733486 -1.545201 1.479932 0.000000 0.000000 0.000000 1.000000 0.000000 0.000000
31.000000 327.978410 4.847520 -1.512178 1.494795 0.000000 0.000000 0.000000 1.000000 0.000000 0.000000
31.000000 327.980456 4.638349 -1.501886 1.467159 0.000000 0.000000 0.000000 1.000000 0.000000 0.000000
31.000000 327.980627 4.767938 -1.542278 1.478609 0.000000 0.000000 0.000000 1.000000 0.000000 0.000000
31.000000 327.983437 4.747838 -1.557335 1.467934 0.000000 0.000000 0.000000 1.000000 0.000000 0.000000
31.000000 327.986529 4.682504 -1.555178 1.485198 0.000000 0.000000 0.000000 1.000000 0.000000 0.000000
31.000000 327.988359 4.733045 -1.545636 1.487686 0.000000 0.000000 0.000000 1.000000 0.000000 0.000000
31.000000 327.990358 4.654530 -1.541888 1.469783 0.000000 0.000000 0.000000 1.000000 0.000000 0.000000
31.000000 327.990865 4.725010 -1.563616 1.477970 0.000000 0.000000 0.000000 1.000000 0.000000 0.000000
31.000000 327.993297 4.725243 -1.563219 1.463966 0.000000 0.000000 0.000000 1.000000 0.000000 0.000000
31.000000 327.996504 4.650307 -1.559353 1.483794 0.000000 0.000000 0.000000 1.000000 0.000000 0.000000
31.000000 327.998336 4.777608 -1.523237 1.500780 0.000000 0.000000 0.000000 1.000000 0.000000 0.000000
31.000000 328.000455 4.648389 -1.517150 1.471759 0.000000 0.000000 0.000000 1.000000 0.000000 0.000000
31.000000 328.000622 4.713107 -1.536772 1.470419 0.000000 0.000000 0.000000 1.000000 0.000000 0.000000
31.000000 328.003351 4.674877 -1.562038 1.468279 0.000000 0.000000 0.000000 1.000000 0.000000 0.000000
31.000000 328.006304 4.644424 -1.558032 1.464470 0.000000 0.000000 0.000000 1.000000 0.000000 0.000000
31.000000 328.008322 4.681372 -1.544961 1.473011 0.000000 0.000000 0.000000 1.000000 0.000000 0.000000
31.000000 328.010375 4.353853 -1.529553 1.440618 0.000000 0.000000 0.000000 1.000000 0.000000 0.000000
31.000000 328.010839 4.655441 -1.563354 1.480228 0.000000 0.000000 0.000000 1.000000 0.000000 0.000000
31.000000 328.013445 4.646107 -1.570585 1.463893 0.000000 0.000000 0.000000 1.000000 0.000000 0.000000
31.000000 328.016437 4.588152 -1.563068 1.468837 0.000000 0.000000 0.000000 1.000000 0.000000 0.000000
31.000000 328.018445 4.623421 -1.551181 1.473445 0.000000 0.000000 0.000000 1.000000 0.000000 0.000000
31.000000 328.020465 4.564897 -1.548429 1.471585 0.000000 0.000000 0.000000 1.000000 0.000000 0.000000
31.000000 328.020730 4.610386 -1.565123 1.473823 0.000000 0.000000 0.000000 1.000000 0.000000 0.000000
31.000000 328.023397 4.602986 -1.572325 1.458692 0.000000 0.000000 0.000000 1.000000 0.000000 0.000000
31.000000 328.026552 4.546813 -1.571994 1.475563 0.000000 0.000000 0.000000 1.000000 0.000000 0.000000
31.000000 328.028358 4.575576 -1.570676 1.478051 0.000000 0.000000 0.000000 1.000000 0.000000 0.000000
31.000000 328.030349 4.661001 -1.574614 1.476257 0.000000 0.000000 0.000000 1.000000 0.000000 0.000000
31.000000 328.030685 4.584326 -1.557286 1.455219 0.000000 0.000000 0.000000 1.000000 0.000000 0.000000
31.000000 328.033429 4.556644 -1.580729 1.451949 0.000000 0.000000 0.000000 1.000000 0.000000 0.000000
31.000000 328.036596 4.507705 -1.579127 1.471302 0.000000 0.000000 0.000000 1.000000 0.000000 0.000000
31.000000 328.038383 4.552520 -1.570311 1.474754 0.000000 0.000000 0.000000 1.000000 0.000000 0.000000
31.000000 328.040462 4.135504 -1.551112 1.423300 0.000000 0.000000 0.000000 1.000000 0.000000 0.000000
31.000000 328.040617 4.580437 -1.540923 1.452406 0.000000 0.000000 0.000000 1.000000 0.000000 0.000000
31.000000 328.043340 4.522350 -1.584597 1.450997 0.000000 0.000000 0.000000 1.000000 0.000000 0.000000
31.000000 328.046575 4.468723 -1.583989 1.465719 0.000000 0.000000 0.000000 1.000000 0.000000 0.000000
31.000000 328.048429 4.519436 -1.574546 1.472005 0.000000 0.000000 0.000000 1.000000 0.000000 0.000000
31.000000 328.050406 4.184044 -1.559158 1.425770 0.000000 0.000000 0.000000 1.000000 0.000000 0.000000
31.000000 328.050821 4.440630 -1.628612 1.463332 0.000000 0.000000 0.000000 1.000000 0.000000 0.000000
31.000000 328.053249 4.491248 -1.588438 1.440895 0.000000 0.000000 0.000000 1.000000 0.000000 0.000000
31.000000 328.056454 4.438297 -1.586447 1.452556 0.000000 0.000000 0.000000 1.000000 0.000000 0.000000
31.000000 328.058481 4.470054 -1.581719 1.454909 0.000000 0.000000 0.000000 1.000000 0.000000 0.000000
31.000000 328.060487 4.109617 -1.565363 1.412195 0.000000 0.000000 0.000000 1.000000 0.000000 0.000000
31.000000 328.060975 4.388620 -1.640715 1.458927 0.000000 0.000000 0.000000 1.000000 0.000000 0.000000
31.000000 328.063539 4.449850 -1.592975 1.434577 0.000000 0.000000 0.000000 1.000000 0.000000 0.000000
31.000000 328.066386 4.374048 -1.587540 1.454940 0.000000 0.000000 0.000000 1.000000 0.000000 0.000000
31.000000 328.068442 4.440562 -1.571391 1.458416 0.000000 0.000000 0.000000 1.000000 0.000000 0.000000
31.000000 328.070399 4.026865 -1.552468 1.404576 0.000000 0.000000 0.000000 1.000000 0.000000 0.000000
31.000000 328.070811 4.351403 -1.642633 1.450628 0.000000 0.000000 0.000000 1.000000 0.000000 0.000000
31.000000 328.073495 4.409675 -1.599471 1.425114 0.000000 0.000000 0.000000 1.000000 0.000000 0.000000
31.000000 328.076253 4.359630 -1.597546 1.440049 0.000000 0.000000 0.000000 1.000000 0.000000 0.000000
31.000000 328.078598 4.402957 -1.589018 1.441934 0.000000 0.000000 0.000000 1.000000 0.000000 0.000000
31.000000 328.080447 4.037358 -1.572692 1.400168 0.000000 0.000000 0.000000 1.000000 0.000000 0.000000
31.000000 328.080722 4.314707 -1.652213 1.439990 0.000000 0.000000 0.000000 1.000000 0.000000 0.000000
31.000000 328.083360 4.373027 -1.611683 1.409663 0.000000 0.000000 0.000000 1.000000 0.000000 0.000000
31.000000 328.086340 4.319178 -1.609095 1.426967 0.000000 0.000000 0.000000 1.000000 0.000000 0.000000
31.000000 328.088332 4.373004 -1.597040 1.431857 0.000000 0.000000 0.000000 1.000000 0.000000 0.000000
31.000000 328.090409 4.069033 -1.583449 1.392230 0.000000 0.000000 0.000000 1.000000 0.000000 0.000000
31.000000 328.090722 4.291387 -1.644225 1.425898 0.000000 0.000000 0.000000 1.000000 0.000000 0.000000
31.000000 328.093318 4.335447 -1.609893 1.403685 0.000000 0.000000 0.000000 1.000000 0.000000 0.000000
31.000000 328.096262 4.301527 -1.609202 1.409600 0.000000 0.000000 0.000000 1.000000 0.000000 0.000000
31.000000 328.098328 4.396173 -1.581703 1.424844 0.000000 0.000000 0.000000 1.000000 0.000000 0.000000
31.000000 328.100471 4.128118 -1.569679 1.387080 0.000000 0.000000 0.000000 1.000000 0.000000 0.000000
31.000000 328.100790 4.298270 -1.617750 1.402332 0.000000 0.000000 0.000000 1.000000 0.000000 0.000000
31.000000 328.103369 4.298221 -1.616604 1.393301 0.000000 0.000000 0.000000 1.000000 0.000000 0.000000
31.000000 328.106372 4.244999 -1.606896 1.399621 0.000000 0.000000 0.000000 1.000000 0.000000 0.000000
31.000000 328.108388 4.299347 -1.586329 1.404313 0.000000 0.000000 0.000000 1.000000 0.000000 0.000000
31.000000 328.110420 4.079110 -1.576458 1.377724 0.000000 0.000000 0.000000 1.000000 0.000000 0.000000
31.000000 328.110846 4.253660 -1.627126 1.394430 0.000000 0.000000 0.000000 1.000000 0.000000 0.000000
31.000000 328.113355 4.264144 -1.620079 1.378918 0.000000 0.000000 0.000000 1.000000 0.000000 0.000000
31.000000 328.116501 4.222838 -1.603521 1.372031 0.000000 0.000000 0.000000 1.000000 0.000000 0.000000
31.000000 328.118505 4.241043 -1.585314 1.371616 0.000000 0.000000 0.000000 1.000000 0.000000 0.000000
31.000000 328.120524 4.001108 -1.574765 1.352938 0.000000 0.000000 0.000000 1.000000 0.000000 0.000000
31.000000 328.120770 4.212153 -1.633838 1.378908 0.000000 0.000000 0.000000 1.000000 0.000000 0.000000
31.000000 328.123364 4.220638 -1.626577 1.367475 0.000000 0.000000 0.000000 1.000000 0.000000 0.000000
31.000000 328.126292 4.183651 -1.625827 1.377192 0.000000 0.000000 0.000000 1.000000 0.000000 0.000000
31.000000 328.128554 4.224936 -1.617515 1.374114 0.000000 0.000000 0.000000 1.000000 0.000000 0.000000
31.000000 328.130453 4.250127 -1.618736 1.358987 0.000000 0.000000 0.000000 1.000000 0.000000 0.000000
31.000000 328.130844 4.222745 -1.612648 1.348213 0.000000 0.000000 0.000000 1.000000 0.000000 0.000000
31.000000 328.133224 4.195206 -1.632727 1.347892 0.000000 0.000000 0.000000 1.000000 0.000000 0.000000
31.000000 328.136369 4.150861 -1.631014 1.361439 0.000000 0.000000 0.000000 1.000000 0.000000 0.000000
31.000000 328.138561 4.252314 -1.602575 1.372303 0.000000 0.000000 0.000000 1.000000 0.000000 0.000000
31.000000 328.140768 4.179510 -1.605978 1.345383 0.000000 0.000000 0.000000 1.000000 0.000000 0.000000
31.000000 328.143338 4.140818 -1.639167 1.338504 0.000000 0.000000 0.000000 1.000000 0.000000 0.000000
31.000000 328.146334 4.100284 -1.636604 1.345347 0.000000 0.000000 0.000000 1.000000 0.000000 0.000000
31.000000 328.148413 4.132389 -1.629565 1.346938 0.000000 0.000000 0.000000 1.000000 0.000000 0.000000
31.000000 328.150699 4.111731 -1.633522 1.330548 0.000000 0.000000 0.000000 1.000000 0.000000 0.000000
31.000000 328.153276 4.104616 -1.642754 1.319379 0.000000 0.000000 0.000000 1.000000 0.000000 0.000000
31.000000 328.156441 4.087859 -1.635778 1.313218 0.000000 0.000000 0.000000 1.000000 0.000000 0.000000
31.000000 328.158503 4.130974 -1.615985 1.316476 0.000000 0.000000 0.000000 1.000000 0.000000 0.000000
31.000000 328.160623 4.098197 -1.620284 1.306422 0.000000 0.000000 0.000000 1.000000 0.000000 0.000000
31.000000 328.163537 4.067766 -1.647228 1.302025 0.000000 0.000000 0.000000 1.000000 0.000000 0.000000
31.000000 328.166319 4.048231 -1.636199 1.292162 0.000000 0.000000 0.000000 1.000000 0.000000 0.000000
31.000000 328.168449 4.062612 -1.621901 1.292281 0.000000 0.000000 0.000000 1.000000 0.000000 0.000000
31.000000 328.170785 4.054163 -1.627920 1.288809 0.000000 0.000000 0.000000 1.000000 0.000000 0.000000
31.000000 328.173306 4.032171 -1.649685 1.282383 0.000000 0.000000 0.000000 1.000000 0.000000 0.000000
31.000000 328.176626 3.987554 -1.645867 1.295941 0.000000 0.000000 0.000000 1.000000 0.000000 0.000000
31.000000 328.178536 4.044403 -1.630715 1.294448 0.000000 0.000000 0.000000 1.000000 0.000000 0.000000
31.000000 328.180786 4.018874 -1.636081 1.268829 0.000000 0.000000 0.000000 1.000000 0.000000 0.000000
31.000000 328.183260 3.993526 -1.660354 1.262399 0.000000 0.000000 0.000000 1.000000 0.000000 0.000000
31.000000 328.186321 3.953909 -1.655780 1.271503 0.000000 0.000000 0.000000 1.000000 0.000000 0.000000
31.000000 328.188391 4.027280 -1.633286 1.271987 0.000000 0.000000 0.000000 1.000000 0.000000 0.000000
31.000000 328.190805 3.983483 -1.637000 1.247053 0.000000 0.000000 0.000000 1.000000 0.000000 0.000000
31.000000 328.193172 3.953781 -1.663769 1.244503 0.000000 0.000000 0.000000 1.000000 0.000000 0.000000
31.000000 328.196404 3.926810 -1.661334 1.250349 0.000000 0.000000 0.000000 1.000000 0.000000 0.000000
31.000000 328.198536 3.994839 -1.640666 1.253706 0.000000 0.000000 0.000000 1.000000 0.000000 0.000000
31.000000 328.200783 3.940863 -1.645265 1.228912 0.000000 0.000000 0.000000 1.000000 0.000000 0.000000
31.000000 328.203344 3.921702 -1.665565 1.219647 0.000000 0.000000 0.000000 1.000000 0.000000 0.000000
31.000000 328.206386 3.888739 -1.660053 1.224302 0.000000 0.000000 0.000000 1.000000 0.000000 0.000000
31.000000 328.208477 3.885391 -1.660706 1.218463 0.000000 0.000000 0.000000 1.000000 0.000000 0.000000
31.000000 328.210820 3.889060 -1.665211 1.207187 0.000000 0.000000 0.000000 1.000000 0.000000 0.000000
31.000000 328.213226 3.884129 -1.672638 1.197848 0.000000 0.000000 0.000000 1.000000 0.000000 0.000000
31.000000 328.216268 3.855490 -1.661069 1.195144 0.000000 0.000000 0.000000 1.000000 0.000000 0.000000
31.000000 328.218525 3.868793 -1.648539 1.192372 0.000000 0.000000 0.000000 1.000000 0.000000 0.000000
31.000000 328.220718 3.860757 -1.655907 1.182576 0.000000 0.000000 0.000000 1.000000 0.000000 0.000000
31.000000 328.223276 3.844682 -1.675509 1.174978 0.000000 0.000000 0.000000 1.000000 0.000000 0.000000
31.000000 328.226263 3.819887 -1.670231 1.179572 0.000000 0.000000 0.000000 1.000000 0.000000 0.000000
31.000000 328.228490 3.797473 -1.676309 1.170398 0.000000 0.000000 0.000000 1.000000 0.000000 0.000000
31.000000 328.230769 3.801005 -1.681854 1.157623 0.000000 0.000000 0.000000 1.000000 0.000000 0.000000
31.000000 328.233219 3.804352 -1.685271 1.148798 0.000000 0.000000 0.000000 1.000000 0.000000 0.000000
31.000000 328.236467 3.785246 -1.679232 1.152686 0.000000 0.000000 0.000000 1.000000 0.000000 0.000000
31.000000 328.238601 3.798552 -1.671692 1.149553 0.000000 0.000000 0.000000 1.000000 0.000000 0.000000
31.000000 328.240752 3.775768 -1.676882 1.135323 0.000000 0.000000 0.000000 1.000000 0.000000 0.000000
31.000000 328.243424 3.769065 -1.687804 1.125830 0.000000 0.000000 0.000000 1.000000 0.000000 0.000000
31.000000 328.246361 3.742200 -1.682747 1.131389 0.000000 0.000000 0.000000 1.000000 0.000000 0.000000
31.000000 328.248462 3.789819 -1.666247 1.131719 0.000000 0.000000 0.000000 1.000000 0.000000 0.000000
31.000000 328.250831 3.748333 -1.673901 1.106888 0.000000 0.000000 0.000000 1.000000 0.000000 0.000000
31.000000 328.253261 3.736180 -1.692610 1.096229 0.000000 0.000000 0.000000 1.000000 0.000000 0.000000
31.000000 328.256579 3.702863 -1.681073 1.099601 0.000000 0.000000 0.000000 1.000000 0.000000 0.000000
31.000000 328.258498 3.720857 -1.668373 1.094040 0.000000 0.000000 0.000000 1.000000 0.000000 0.000000
31.000000 328.260775 3.715858 -1.676954 1.078261 0.000000 0.000000 0.000000 1.000000 0.000000 0.000000
31.000000 328.263346 3.702342 -1.696113 1.069170 0.000000 0.000000 0.000000 1.000000 0.000000 0.000000
31.000000 328.266439 3.660606 -1.684857 1.077784 0.000000 0.000000 0.000000 1.000000 0.000000 0.000000
31.000000 328.268485 3.628222 -1.691064 1.060343 0.000000 0.000000 0.000000 1.000000 0.000000 0.000000
31.000000 328.270849 3.658202 -1.696803 1.048454 0.000000 0.000000 0.000000 1.000000 0.000000 0.000000
31.000000 328.273293 3.656402 -1.703187 1.043275 0.000000 0.000000 0.000000 1.000000 0.000000 0.000000
31.000000 328.276723 3.654221 -1.699904 1.041278 0.000000 0.000000 0.000000 1.000000 0.000000 0.000000
31.000000 328.278579 3.662328 -1.694181 1.032928 0.000000 0.000000 0.000000 1.000000 0.000000 0.000000
31.000000 328.280740 3.624015 -1.697873 1.013473 0.000000 0.000000 0.000000 1.000000 0.000000 0.000000
31.000000 328.283427 3.618649 -1.708024 1.010523 0.000000 0.000000 0.000000 1.000000 0.000000 0.000000
31.000000 328.286342 3.609391 -1.705377 1.014914 0.000000 0.000000 0.000000 1.000000 0.000000 0.000000
31.000000 328.288516 3.684420 -1.679756 1.017116 0.000000 0.000000 0.000000 1.000000 0.000000 0.000000
31.000000 328.290980 3.601510 -1.685268 0.985826 0.000000 0.000000 0.000000 1.000000 0.000000 0.000000
31.000000 328.293314 3.576594 -1.713648 0.983733 0.000000 0.000000 0.000000 1.000000 0.000000 0.000000
31.000000 328.296630 3.581108 -1.710808 0.977572 0.000000 0.000000 0.000000 1.000000 0.000000 0.000000
31.000000 328.298529 3.628778 -1.691127 0.973984 0.000000 0.000000 0.000000 1.000000 0.000000 0.000000
31.000000 328.300832 3.568609 -1.694728 0.950489 0.000000 0.000000 0.000000 1.000000 0.000000 0.000000
31.000000 328.303398 3.549447 -1.715687 0.949896 0.000000 0.000000 0.000000 1.000000 0.000000 0.000000
31.000000 328.306401 3.536845 -1.711904 0.952416 0.000000 0.000000 0.000000 1.000000 0.000000 0.000000
31.000000 328.308623 3.592465 -1.692028 0.949851 0.000000 0.000000 0.000000 1.000000 0.000000 0.000000
31.000000 328.310923 3.528750 -1.699812 0.917477 0.000000 0.000000 0.000000 1.000000 0.000000 0.000000
31.000000 328.313361 3.514881 -1.722746 0.915136 0.000000 0.000000 0.000000 1.000000 0.000000 0.000000
31.000000 328.316427 3.491662 -1.711358 0.922211 0.000000 0.000000 0.000000 1.000000 0.000000 0.000000
31.000000 328.318568 3.505981 -1.699154 0.909824 0.000000 0.000000 0.000000 1.000000 0.000000 0.000000
31.000000 328.320795 3.488073 -1.707479 0.886456 0.000000 0.000000 0.000000 1.000000 0.000000 0.000000
31.000000 328.323383 3.473865 -1.728713 0.883188 0.000000 0.000000 0.000000 1.000000 0.000000 0.000000
31.000000 328.326754 3.471914 -1.723359 0.881246 0.000000 0.000000 0.000000 1.000000 0.000000 0.000000
31.000000 328.328522 3.420637 -1.734970 0.865014 0.000000 0.000000 0.000000 1.000000 0.000000 0.000000
31.000000 328.330918 3.412379 -1.736512 0.856737 0.000000 0.000000 0.000000 1.000000 0.000000 0.000000
31.000000 328.333243 3.417639 -1.734936 0.853792 0.000000 0.000000 0.000000 1.000000 0.000000 0.000000
31.000000 328.336516 3.427165 -1.733090 0.848083 0.000000 0.000000 0.000000 1.000000 0.000000 0.000000
31.000000 328.338556 3.431077 -1.728147 0.839196 0.000000 0.000000 0.000000 1.000000 0.000000 0.000000
31.000000 328.340858 3.395518 -1.732270 0.820236 0.000000 0.000000 0.000000 1.000000 0.000000 0.000000
31.000000 328.343401 3.399224 -1.736091 0.814494 0.000000 0.000000 0.000000 1.000000 0.000000 0.000000
31.000000 328.346682 3.399281 -1.732750 0.814043 0.000000 0.000000 0.000000 1.000000 0.000000 0.000000
31.000000 328.348564 3.329101 -1.752521 0.795418 0.000000 0.000000 0.000000 1.000000 0.000000 0.000000
31.000000 328.350953 3.342688 -1.755612 0.787908 0.000000 0.000000 0.000000 1.000000 0.000000 0.000000
31.000000 328.353385 3.366466 -1.741296 0.779001 0.000000 0.000000 0.000000 1.000000 0.000000 0.000000
31.000000 328.356470 3.345573 -1.727199 0.782532 0.000000 0.000000 0.000000 1.000000 0.000000 0.000000
31.000000 328.358628 3.293859 -1.733058 0.763796 0.000000 0.000000 0.000000 1.000000 0.000000 0.000000
31.000000 328.360775 3.318212 -1.743121 0.752274 0.000000 0.000000 0.000000 1.000000 0.000000 0.000000
31.000000 328.363425 3.326610 -1.748221 0.743792 0.000000 0.000000 0.000000 1.000000 0.000000 0.000000
31.000000 328.366679 3.327018 -1.739487 0.741839 0.000000 0.000000 0.000000 1.000000 0.000000 0.000000
31.000000 328.368537 3.315191 -1.734106 0.729713 0.000000 0.000000 0.000000 1.000000 0.000000 0.000000
31.000000 328.370878 3.286607 -1.743063 0.708986 0.000000 0.000000 0.000000 1.000000 0.000000 0.000000
31.000000 328.373373 3.292114 -1.752045 0.703593 0.000000 0.000000 0.000000 1.000000 0.000000 0.000000
31.000000 328.376474 3.289314 -1.744218 0.707383 0.000000 0.000000 0.000000 1.000000 0.000000 0.000000
31.000000 328.378549 3.197419 -1.767522 0.675435 0.000000 0.000000 0.000000 1.000000 0.000000 0.000000
31.000000 328.380820 3.230298 -1.770367 0.665135 0.000000 0.000000 0.000000 1.000000 0.000000 0.000000
31.000000 328.383487 3.254165 -1.756393 0.663706 0.000000 0.000000 0.000000 1.000000 0.000000 0.000000
31.000000 328.386635 3.257010 -1.747327 0.665080 0.000000 0.000000 0.000000 1.000000 0.000000 0.000000
31.000000 328.388566 3.180651 -1.762708 0.640986 0.000000 0.000000 0.000000 1.000000 0.000000 0.000000
31.000000 328.390909 3.197673 -1.769642 0.629805 0.000000 0.000000 0.000000 1.000000 0.000000 0.000000
31.000000 328.393413 3.223541 -1.759144 0.621159 0.000000 0.000000 0.000000 1.000000 0.000000 0.000000
31.000000 328.396429 3.230158 -1.751432 0.621138 0.000000 0.000000 0.000000 1.000000 0.000000 0.000000
31.000000 328.398488 3.127549 -1.776261 0.590475 0.000000 0.000000 0.000000 1.000000 0.000000 0.000000
31.000000 328.400888 3.160945 -1.779393 0.584389 0.000000 0.000000 0.000000 1.000000 0.000000 0.000000
31.000000 328.403628 3.182948 -1.767259 0.583359 0.000000 0.000000 0.000000 1.000000 0.000000 0.000000
31.000000 328.406414 3.188167 -1.753731 0.579290 0.000000 0.000000 0.000000 1.000000 0.000000 0.000000
31.000000 328.408516 3.145505 -1.752317 0.561693 0.000000 0.000000 0.000000 1.000000 0.000000 0.000000
31.000000 328.410963 3.137354 -1.763661 0.545755 0.000000 0.000000 0.000000 1.000000 0.000000 0.000000
31.000000 328.413515 3.146843 -1.772437 0.541286 0.000000 0.000000 0.000000 1.000000 0.000000 0.000000
31.000000 328.416650 3.159825 -1.764485 0.539721 0.000000 0.000000 0.000000 1.000000 0.000000 0.000000
31.000000 328.418623 3.175757 -1.748669 0.536375 0.000000 0.000000 0.000000 1.000000 0.000000 0.000000
31.000000 328.420853 3.106515 -1.761945 0.507753 0.000000 0.000000 0.000000 1.000000 0.000000 0.000000
31.000000 328.423642 3.109931 -1.782032 0.509130 0.000000 0.000000 0.000000 1.000000 0.000000 0.000000
31.000000 328.426435 3.136141 -1.771116 0.504191 0.000000 0.000000 0.000000 1.000000 0.000000 0.000000
31.000000 328.430911 3.033446 -1.799943 0.468494 0.000000 0.000000 0.000000 1.000000 0.000000 0.000000
31.000000 328.436790 3.078710 -1.769140 0.443706 0.000000 0.000000 0.000000 1.000000 0.000000 0.000000
31.000000 328.438833 2.908899 -1.817684 0.419690 0.000000 0.000000 0.000000 1.000000 0.000000 0.000000
31.000000 328.440854 2.982344 -1.822855 0.424896 0.000000 0.000000 0.000000 1.000000 0.000000 0.000000
31.000000 328.446669 3.027082 -1.779955 0.402599 0.000000 0.000000 0.000000 1.000000 0.000000 0.000000
31.000000 328.448597 3.043913 -1.766249 0.402004 0.000000 0.000000 0.000000 1.000000 0.000000 0.000000
31.000000 328.450968 2.993468 -1.778062 0.367646 0.000000 0.000000 0.000000 1.000000 0.000000 0.000000
31.000000 328.456698 2.994308 -1.791514 0.352115 0.000000 0.000000 0.000000 1.000000 0.000000 0.000000
31.000000 328.458649 3.046816 -1.773741 0.359570 0.000000 0.000000 0.000000 1.000000 0.000000 0.000000
31.000000 328.460903 2.954296 -1.786628 0.323547 0.000000 0.000000 0.000000 1.000000 0.000000 0.000000
31.000000 328.466707 2.966753 -1.776360 0.305255 0.000000 0.000000 0.000000 1.000000 0.000000 0.000000
31.000000 328.468519 2.917414 -1.777290 0.306649 0.000000 0.000000 0.000000 1.000000 0.000000 0.000000
31.000000 328.470859 2.907309 -1.794077 0.282699 0.000000 0.000000 0.000000 1.000000 0.000000 0.000000
31.000000 328.476501 2.922993 -1.794412 0.257343 0.000000 0.000000 0.000000 1.000000 0.000000 0.000000
31.000000 328.478617 2.857668 -1.810926 0.248683 0.000000 0.000000 0.000000 1.000000 0.000000 0.000000
31.000000 328.486417 2.836300 -1.809760 0.229805 0.000000 0.000000 0.000000 1.000000 0.000000 0.000000
31.000000 328.488564 2.829591 -1.812395 0.207269 0.000000 0.000000 0.000000 1.000000 0.000000 0.000000
31.000000 328.497463 2.814970 -1.811165 0.177719 0.000000 0.000000 0.000000 1.000000 0.000000 0.000000
31.000000 328.498559 2.786583 -1.820523 0.151013 0.000000 0.000000 0.000000 1.000000 0.000000 0.000000
31.000000 328.516492 2.715381 -1.817156 0.062362 0.000000 0.000000 0.000000 1.000000 0.000000 0.000000
31.000000 328.518539 2.782914 -1.795131 0.055902 0.000000 0.000000 0.000000 1.000000 0.000000 0.000000
31.000000 328.526310 2.808445 -1.795283 0.042809 0.000000 0.000000 0.000000 1.000000 0.000000 0.000000
31.000000 328.528599 2.753867 -1.812989 0.033292 0.000000 0.000000 0.000000 1.000000 0.000000 0.000000
31.000000 328.536578 2.730913 -1.813017 0.055546 0.000000 0.000000 0.000000 1.000000 0.000000 0.000000
31.000000 328.538552 2.697932 -1.823380 0.072003 0.000000 0.000000 0.000000 1.000000 0.000000 0.000000
31.000000 328.546580 2.672973 -1.823137 0.086854 0.000000 0.000000 0.000000 1.000000 0.000000 0.000000
31.000000 328.548575 2.686996 -1.818424 0.094939 0.000000 0.000000 0.000000 1.000000 0.000000 0.000000
31.000000 328.556553 2.650017 -1.816913 0.116349 0.000000 0.000000 0.000000 1.000000 0.000000 0.000000
31.000000 328.558638 2.657210 -1.812844 0.146173 0.000000 0.000000 0.000000 1.000000 0.000000 0.000000
31.000000 328.566611 2.607823 -1.811344 0.150314 0.000000 0.000000 0.000000 1.000000 0.000000 0.000000
31.000000 328.568608 2.464441 -1.857239 0.144440 0.000000 0.000000 0.000000 1.000000 0.000000 0.000000
31.000000 328.576700 2.513149 -1.859027 0.179193 0.000000 0.000000 0.000000 1.000000 0.000000 0.000000
31.000000 328.578591 2.582019 -1.835814 0.212739 0.000000 0.000000 0.000000 1.000000 0.000000 0.000000
31.000000 328.586557 2.547608 -1.834862 0.226625 0.000000 0.000000 0.000000 1.000000 0.000000 0.000000
31.000000 328.588569 2.422725 -1.874543 0.222161 0.000000 0.000000 0.000000 1.000000 0.000000 0.000000
31.000000 328.596679 2.425599 -1.874573 0.244777 0.000000 0.000000 0.000000 1.000000 0.000000 0.000000
31.000000 328.598545 2.520899 -1.842747 0.279724 0.000000 0.000000 0.000000 1.000000 0.000000 0.000000
31.000000 328.606565 2.504794 -1.842259 0.291619 0.000000 0.000000 0.000000 1.000000 0.000000 0.000000
31.000000 328.608597 2.415566 -1.870434 0.291950 0.000000 0.000000 0.000000 1.000000 0.000000 0.000000
31.000000 328.616729 2.292503 -1.866466 0.295609 0.000000 0.000000 0.000000 1.000000 0.000000 0.000000
31.000000 328.618650 2.226361 -1.886748 0.299143 0.000000 0.000000 0.000000 1.000000 0.000000 0.000000
31.000000 328.626828 2.319484 -1.889411 0.325088 0.000000 0.000000 0.000000 1.000000 0.000000 0.000000
31.000000 328.628657 2.355660 -1.876937 0.344366 0.000000 0.000000 0.000000 1.000000 0.000000 0.000000
31.000000 328.636666 2.387906 -1.877832 0.361060 0.000000 0.000000 0.000000 1.000000 0.000000 0.000000
31.000000 328.638594 2.384459 -1.878109 0.383027 0.000000 0.000000 0.000000 1.000000 0.000000 0.000000
31.000000 328.646557 2.349176 -1.877212 0.396401 0.000000 0.000000 0.000000 1.000000 0.000000 0.000000
31.000000 328.648586 2.328703 -1.883294 0.407890 0.000000 0.000000 0.000000 1.000000 0.000000 0.000000
31.000000 328.656640 2.276482 -1.881740 0.402029 0.000000 0.000000 0.000000 1.000000 0.000000 0.000000
31.000000 328.658689 2.270114 -1.883886 0.414298 0.000000 0.000000 0.000000 1.000000 0.000000 0.000000
31.000000 328.666559 2.235773 -1.883394 0.430645 0.000000 0.000000 0.000000 1.000000 0.000000 0.000000
31.000000 328.668648 2.217336 -1.889118 0.445042 0.000000 0.000000 0.000000 1.000000 0.000000 0.000000
31.000000 328.678681 2.256166 -1.891604 0.480840 0.000000 0.000000 0.000000 1.000000 0.000000 0.000000
31.000000 328.688678 2.153747 -1.920602 0.494772 0.000000 0.000000 0.000000 1.000000 0.000000 0.000000
31.000000 328.696671 2.112003 -1.919454 0.503070 0.000000 0.000000 0.000000 1.000000 0.000000 0.000000
31.000000 328.698758 2.073666 -1.931321 0.508473 0.000000 0.000000 0.000000 1.000000 0.000000 0.000000
31.000000 328.706481 2.063546 -1.931060 0.516655 0.000000 0.000000 0.000000 1.000000 0.000000 0.000000
31.000000 328.708594 2.068902 -1.928955 0.533244 0.000000 0.000000 0.000000 1.000000 0.000000 0.000000
31.000000 328.716653 2.086180 -1.929618 0.551071 0.000000 0.000000 0.000000 1.000000 0.000000 0.000000
31.000000 328.718640 2.034118 -1.945984 0.559128 0.000000 0.000000 0.000000 1.000000 0.000000 0.000000
31.000000 328.726537 1.985843 -1.944831 0.564295 0.000000 0.000000 0.000000 1.000000 0.000000 0.000000
31.000000 328.728636 1.961612 -1.952431 0.568351 0.000000 0.000000 0.000000 1.000000 0.000000 0.000000
31.000000 328.736641 1.943515 -1.951998 0.579685 0.000000 0.000000 0.000000 1.000000 0.000000 0.000000
31.000000 328.738645 1.983639 -1.938734 0.601034 0.000000 0.000000 0.000000 1.000000 0.000000 0.000000
31.000000 328.746572 1.981465 -1.938808 0.610276 0.000000 0.000000 0.000000 1.000000 0.000000 0.000000
31.000000 328.748670 2.000542 -1.932555 0.621309 0.000000 0.000000 0.000000 1.000000 0.000000 0.000000
31.000000 328.756653 1.931559 -1.930077 0.646180 0.000000 0.000000 0.000000 1.000000 0.000000 0.000000
31.000000 328.758618 1.899326 -1.939399 0.651113 0.000000 0.000000 0.000000 1.000000 0.000000 0.000000
31.000000 328.776739 1.923034 -1.943006 0.662682 0.000000 0.000000 0.000000 1.000000 0.000000 0.000000
31.000000 328.778684 1.894611 -1.951922 0.668513 0.000000 0.000000 0.000000 1.000000 0.000000 0.000000
31.000000 328.786526 1.866398 -1.951257 0.671572 0.000000 0.000000 0.000000 1.000000 0.000000 0.000000
31.000000 328.788644 1.838579 -1.960110 0.668858 0.000000 0.000000 0.000000 1.000000 0.000000 0.000000
31.000000 328.796597 1.836483 -1.960053 0.679326 0.000000 0.000000 0.000000 1.000000 0.000000 0.000000
31.000000 328.798617 1.802825 -1.970373 0.691826 0.000000 0.000000 0.000000 1.000000 0.000000 0.000000
31.000000 328.806898 1.767546 -1.969583 0.697924 0.000000 0.000000 0.000000 1.000000 0.000000 0.000000
31.000000 328.808728 1.782231 -1.964789 0.705431 0.000000 0.000000 0.000000 1.000000 0.000000 0.000000
31.000000 328.816830 1.719993 -1.963153 0.700941 0.000000 0.000000 0.000000 1.000000 0.000000 0.000000
31.000000 328.818752 1.638113 -1.989093 0.695256 0.000000 0.000000 0.000000 1.000000 0.000000 0.000000
31.000000 328.826548 1.684535 -1.990355 0.705720 0.000000 0.000000 0.000000 1.000000 0.000000 0.000000
31.000000 328.828849 1.762841 -1.965384 0.725724 0.000000 0.000000 0.000000 1.000000 0.000000 0.000000
31.000000 328.836903 1.756755 -1.965408 0.734742 0.000000 0.000000 0.000000 1.000000 0.000000 0.000000
31.000000 328.838642 1.664633 -1.994782 0.720037 0.000000 0.000000 0.000000 1.000000 0.000000 0.000000
31.000000 328.846547 1.622908 -1.993714 0.717422 0.000000 0.000000 0.000000 1.000000 0.000000 0.000000
31.000000 328.849064 1.638477 -1.988567 0.730650 0.000000 0.000000 0.000000 1.000000 0.000000 0.000000
31.000000 328.856687 1.588126 -1.987255 0.723694 0.000000 0.000000 0.000000 1.000000 0.000000 0.000000
31.000000 328.858661 1.549880 -1.999464 0.725057 0.000000 0.000000 0.000000 1.000000 0.000000 0.000000
31.000000 328.866596 1.589558 -2.000732 0.741345 0.000000 0.000000 0.000000 1.000000 0.000000 0.000000
31.000000 328.868867 1.588985 -2.000891 0.745054 0.000000 0.000000 0.000000 1.000000 0.000000 0.000000
31.000000 328.876724 1.574262 -2.000563 0.745702 0.000000 0.000000 0.000000 1.000000 0.000000 0.000000
31.000000 328.878883 1.564792 -2.003590 0.751298 0.000000 0.000000 0.000000 1.000000 0.000000 0.000000
31.000000 328.886577 1.541654 -2.003119 0.752954 0.000000 0.000000 0.000000 1.000000 0.000000 0.000000
31.000000 328.888707 1.485761 -2.020885 0.750334 0.000000 0.000000 0.000000 1.000000 0.000000 0.000000
31.000000 328.896703 1.452240 -2.020223 0.753517 0.000000 0.000000 0.000000 1.000000 0.000000 0.000000
31.000000 328.898789 1.472066 -2.013960 0.754465 0.000000 0.000000 0.000000 1.000000 0.000000 0.000000
31.000000 328.916875 1.426850 -2.020243 0.759767 0.000000 0.000000 0.000000 1.000000 0.000000 0.000000
31.000000 328.918650 1.396123 -2.030038 0.750349 0.000000 0.000000 0.000000 1.000000 0.000000 0.000000
31.000000 328.926553 1.359807 -2.029059 0.738053 0.000000 0.000000 0.000000 1.000000 0.000000 0.000000
31.000000 328.928725 1.370879 -2.025562 0.740512 0.000000 0.000000 0.000000 1.000000 0.000000 0.000000
31.000000 328.936758 1.362045 -2.025353 0.739611 0.000000 0.000000 0.000000 1.000000 0.000000 0.000000
31.000000 328.938800 1.308078 -2.042429 0.735402 0.000000 0.000000 0.000000 1.000000 0.000000 0.000000
31.000000 328.946574 1.293274 -2.042257 0.744225 0.000000 0.000000 0.000000 1.000000 0.000000 0.000000
31.000000 328.948738 1.271913 -2.048959 0.744499 0.000000 0.000000 0.000000 1.000000 0.000000 0.000000
31.000000 328.956707 1.144782 -2.046037 0.735274 0.000000 0.000000 0.000000 1.000000 0.000000 0.000000
31.000000 328.958706 1.137268 -2.048438 0.732978 0.000000 0.000000 0.000000 1.000000 0.000000 0.000000
31.000000 328.966552 1.172171 -2.049154 0.726055 0.000000 0.000000 0.000000 1.000000 0.000000 0.000000
31.000000 328.968709 1.148414 -2.056634 0.721660 0.000000 0.000000 0.000000 1.000000 0.000000 0.000000
31.000000 328.976862 1.173401 -2.057226 0.726077 0.000000 0.000000 0.000000 1.000000 0.000000 0.000000
31.000000 328.978783 1.143886 -2.066519 0.722721 0.000000 0.000000 0.000000 1.000000 0.000000 0.000000
31.000000 328.986610 1.175608 -2.067180 0.723303 0.000000 0.000000 0.000000 1.000000 0.000000 0.000000
31.000000 328.988779 1.157907 -2.072768 0.722175 0.000000 0.000000 0.000000 1.000000 0.000000 0.000000
31.000000 328.996644 1.105155 -2.071664 0.719963 0.000000 0.000000 0.000000 1.000000 0.000000 0.000000
31.000000 328.998676 1.092675 -2.075666 0.712866 0.000000 0.000000 0.000000 1.000000 0.000000 0.000000
31.000000 329.006605 1.025170 -2.073834 0.685795 0.000000 0.000000 0.000000 1.000000 0.000000 0.000000
31.000000 329.008785 1.036253 -2.070356 0.687261 0.000000 0.000000 0.000000 1.000000 0.000000 0.000000
31.000000 329.016702 1.088455 -2.071599 0.696919 0.000000 0.000000 0.000000 1.000000 0.000000 0.000000
31.000000 329.018805 1.067821 -2.078020 0.688493 0.000000 0.000000 0.000000 1.000000 0.000000 0.000000
31.000000 329.026573 1.050983 -2.077639 0.685873 0.000000 0.000000 0.000000 1.000000 0.000000 0.000000
31.000000 329.028764 1.070922 -2.071367 0.685727 0.000000 0.000000 0.000000 1.000000 0.000000 0.000000
31.000000 329.036639 1.082052 -2.071537 0.682926 0.000000 0.000000 0.000000 1.000000 0.000000 0.000000
31.000000 329.038775 1.003167 -2.096396 0.662020 0.000000 0.000000 0.000000 1.000000 0.000000 0.000000
31.000000 329.046593 0.979220 -2.095843 0.655041 0.000000 0.000000 0.000000 1.000000 0.000000 0.000000
31.000000 329.049012 0.992735 -2.091581 0.661067 0.000000 0.000000 0.000000 1.000000 0.000000 0.000000
31.000000 329.056755 0.849970 -2.088472 0.640973 0.000000 0.000000 0.000000 1.000000 0.000000 0.000000
31.000000 329.058775 0.840204 -2.091546 0.633423 0.000000 0.000000 0.000000 1.000000 0.000000 0.000000
31.000000 329.067050 0.837193 -2.091530 0.639191 0.000000 0.000000 0.000000 1.000000 0.000000 0.000000
31.000000 329.068851 0.822775 -2.096268 0.630316 0.000000 0.000000 0.000000 1.000000 0.000000 0.000000
31.000000 329.076749 0.869766 -2.097151 0.618882 0.000000 0.000000 0.000000 1.000000 0.000000 0.000000
31.000000 329.078792 0.858361 -2.100756 0.612363 0.000000 0.000000 0.000000 1.000000 0.000000 0.000000
31.000000 329.086676 0.596200 -2.095177 0.576666 0.000000 0.000000 0.000000 1.000000 0.000000 0.000000
31.000000 329.088845 0.558172 -2.107040 0.566925 0.000000 0.000000 0.000000 1.000000 0.000000 0.000000
31.000000 329.096860 0.468648 -2.105104 0.546408 0.000000 0.000000 0.000000 1.000000 0.000000 0.000000
31.000000 329.098799 0.468092 -2.105331 0.540926 0.000000 0.000000 0.000000 1.000000 0.000000 0.000000
31.000000 329.106800 0.784928 -2.111714 0.569171 0.000000 0.000000 0.000000 1.000000 0.000000 0.000000
31.000000 329.108793 0.803169 -2.105972 0.560661 0.000000 0.000000 0.000000 1.000000 0.000000 0.000000
31.000000 329.116835 0.761240 -2.104963 0.546306 0.000000 0.000000 0.000000 1.000000 0.000000 0.000000
31.000000 329.118837 0.723132 -2.116845 0.533777 0.000000 0.000000 0.000000 1.000000 0.000000 0.000000
31.000000 329.126674 0.743373 -2.116876 0.516351 0.000000 0.000000 0.000000 1.000000 0.000000 0.000000
31.000000 329.128777 0.720934 -2.123649 0.504930 0.000000 0.000000 0.000000 1.000000 0.000000 0.000000
31.000000 329.137039 0.712151 -2.123384 0.499428 0.000000 0.000000 0.000000 1.000000 0.000000 0.000000
31.000000 329.138776 0.631137 -2.148570 0.484108 0.000000 0.000000 0.000000 1.000000 0.000000 0.000000
31.000000 329.176790 0.642743 -2.190713 0.411604 0.000000 0.000000 0.000000 1.000000 0.000000 0.000000
31.000000 329.178905 0.718977 -2.166780 0.416197 0.000000 0.000000 0.000000 1.000000 0.000000 0.000000
31.000000 329.186681 0.748277 -2.167174 0.410848 0.000000 0.000000 0.000000 1.000000 0.000000 0.000000
31.000000 329.189018 0.746614 -2.167650 0.398679 0.000000 0.000000 0.000000 1.000000 0.000000 0.000000
31.000000 329.196790 0.520090 -2.163104 0.342311 0.000000 0.000000 0.000000 1.000000 0.000000 0.000000
31.000000 329.198897 0.502779 -2.168215 0.323044 0.000000 0.000000 0.000000 1.000000 0.000000 0.000000
31.000000 329.206911 0.111598 -2.161018 0.276333 0.000000 0.000000 0.000000 1.000000 0.000000 0.000000
31.000000 329.209099 0.092707 -2.166954 0.266629 0.000000 0.000000 0.000000 1.000000 0.000000 0.000000
31.000000 329.216823 0.304896 -2.170752 0.278701 0.000000 0.000000 0.000000 1.000000 0.000000 0.000000
31.000000 329.219115 0.301876 -2.171890 0.261452 0.000000 0.000000 0.000000 1.000000 0.000000 0.000000
31.000000 329.226736 0.658438 -2.178098 0.286249 0.000000 0.000000 0.000000 1.000000 0.000000 0.000000
31.000000 329.229085 0.321782 -2.182443 0.233378 0.000000 0.000000 0.000000 1.000000 0.000000 0.000000
31.000000 329.236868 0.610082 -2.187392 0.252167 0.000000 0.000000 0.000000 1.000000 0.000000 0.000000
31.000000 329.238981 0.598981 -2.190838 0.239924 0.000000 0.000000 0.000000 1.000000 0.000000 0.000000
31.000000 329.246723 0.330507 -2.186000 0.190272 0.000000 0.000000 0.000000 1.000000 0.000000 0.000000
31.000000 329.249065 0.328966 -2.186582 0.175486 0.000000 0.000000 0.000000 1.000000 0.000000 0.000000
31.000000 329.306791 -0.020611 -2.219450 0.014275 0.000000 0.000000 0.000000 1.000000 0.000000 0.000000
31.000000 329.309043 0.015692 -2.207744 0.041549 0.000000 0.000000 0.000000 1.000000 0.000000 0.000000
31.000000 329.316859 0.461050 -2.215319 0.115361 0.000000 0.000000 0.000000 1.000000 0.000000 0.000000
31.000000 329.318940 0.374488 -2.242248 0.110801 0.000000 0.000000 0.000000 1.000000 0.000000 0.000000
31.000000 329.326743 -0.010086 -2.236196 0.067097 0.000000 0.000000 0.000000 1.000000 0.000000 0.000000
31.000000 329.329059 -0.058757 -2.250969 0.070403 0.000000 0.000000 0.000000 1.000000 0.000000 0.000000
31.000000 329.336797 -0.030124 -2.251474 0.087401 0.000000 0.000000 0.000000 1.000000 0.000000 0.000000
31.000000 329.339008 -0.000540 -2.242060 0.104686 0.000000 0.000000 0.000000 1.000000 0.000000 0.000000
31.000000 329.346754 -0.047976 -2.241382 0.111204 0.000000 0.000000 0.000000 1.000000 0.000000 0.000000
31.000000 329.349095 -0.062487 -2.245522 0.124586 0.000000 0.000000 0.000000 1.000000 0.000000 0.000000
31.000000 329.356905 -0.072050 -2.245530 0.145775 0.000000 0.000000 0.000000 1.000000 0.000000 0.000000
31.000000 329.358973 -0.086003 -2.249597 0.153028 0.000000 0.000000 0.000000 1.000000 0.000000 0.000000
31.000000 329.376903 0.052215 -2.271673 0.194833 0.000000 0.000000 0.000000 1.000000 0.000000 0.000000
31.000000 329.378956 0.062717 -2.268151 0.211965 0.000000 0.000000 0.000000 1.000000 0.000000 0.000000
31.000000 329.386790 -0.197369 -2.264290 0.191000 0.000000 0.000000 0.000000 1.000000 0.000000 0.000000
31.000000 329.389053 -0.200218 -2.264924 0.202281 0.000000 0.000000 0.000000 1.000000 0.000000 0.000000
31.000000 329.406855 -0.211615 -2.271850 0.230227 0.000000 0.000000 0.000000 1.000000 0.000000 0.000000
31.000000 329.409059 -0.305580 -2.300492 0.228640 0.000000 0.000000 0.000000 1.000000 0.000000 0.000000
31.000000 329.426729 -0.290447 -2.307226 0.255263 0.000000 0.000000 0.000000 1.000000 0.000000 0.000000
31.000000 329.429126 -0.313755 -2.314285 0.257634 0.000000 0.000000 0.000000 1.000000 0.000000 0.000000
31.000000 329.446813 -0.351387 -2.297060 0.278298 0.000000 0.000000 0.000000 1.000000 0.000000 0.000000
31.000000 329.449053 -0.452570 -2.328008 0.269095 0.000000 0.000000 0.000000 1.000000 0.000000 0.000000
31.000000 329.456932 -0.449597 -2.328235 0.285957 0.000000 0.000000 0.000000 1.000000 0.000000 0.000000
31.000000 329.459087 -0.456716 -2.330217 0.296420 0.000000 0.000000 0.000000 1.000000 0.000000 0.000000
31.000000 329.486787 -0.368256 -2.355835 0.329060 0.000000 0.000000 0.000000 1.000000 0.000000 0.000000
31.000000 329.489117 -0.285786 -2.330151 0.352411 0.000000 0.000000 0.000000 1.000000 0.000000 0.000000
31.000000 329.536872 -0.449031 -2.393459 0.360311 0.000000 0.000000 0.000000 1.000000 0.000000 0.000000
31.000000 329.538989 -0.366329 -2.367821 0.375562 0.000000 0.000000 0.000000 1.000000 0.000000 0.000000
31.000000 329.566808 -0.463552 -2.363565 0.377746 0.000000 0.000000 0.000000 1.000000 0.000000 0.000000
31.000000 329.569091 -0.572015 -2.397003 0.360614 0.000000 0.000000 0.000000 1.000000 0.000000 0.000000
31.000000 329.576999 -0.607728 -2.396706 0.352785 0.000000 0.000000 0.000000 1.000000 0.000000 0.000000
31.000000 329.579036 -0.525829 -2.371437 0.367725 0.000000 0.000000 0.000000 1.000000 0.000000 0.000000
31.000000 329.586834 -0.471805 -2.372007 0.375581 0.000000 0.000000 0.000000 1.000000 0.000000 0.000000
31.000000 329.589045 -0.515915 -2.385722 0.364111 0.000000 0.000000 0.000000 1.000000 0.000000 0.000000
