27.000000 254.928367 23.702533 -0.245397 0.182527 0.000000 0.000000 0.000000 1.000000 0.000000 0.000000
27.000000 254.929327 23.227119 -0.241754 0.261517 0.000000 0.000000 0.000000 1.000000 0.000000 0.000000
27.000000 254.937458 23.394187 -0.193513 0.278468 0.000000 0.000000 0.000000 1.000000 0.000000 0.000000
27.000000 254.938156 23.491737 -0.216904 0.287669 0.000000 0.000000 0.000000 1.000000 0.000000 0.000000
27.000000 254.939239 23.244325 -0.214479 0.325016 0.000000 0.000000 0.000000 1.000000 0.000000 0.000000
27.000000 254.947649 23.257476 -0.211383 0.376553 0.000000 0.000000 0.000000 1.000000 0.000000 0.000000
27.000000 254.948242 23.382520 -0.241993 0.400287 0.000000 0.000000 0.000000 1.000000 0.000000 0.000000
27.000000 254.949197 23.053545 -0.240403 0.422542 0.000000 0.000000 0.000000 1.000000 0.000000 0.000000
27.000000 254.957642 23.090694 -0.231049 0.457338 0.000000 0.000000 0.000000 1.000000 0.000000 0.000000
27.000000 254.958293 23.144105 -0.242946 0.514987 0.000000 0.000000 0.000000 1.000000 0.000000 0.000000
27.000000 254.959296 22.966789 -0.241721 0.525641 0.000000 0.000000 0.000000 1.000000 0.000000 0.000000
27.000000 254.967623 23.006788 -0.230858 0.558620 0.000000 0.000000 0.000000 1.000000 0.000000 0.000000
27.000000 254.968348 23.059541 -0.243147 0.589254 0.000000 0.000000 0.000000 1.000000 0.000000 0.000000
27.000000 254.969369 22.828492 -0.241342 0.605041 0.000000 0.000000 0.000000 1.000000 0.000000 0.000000
27.000000 254.977587 22.891380 -0.223610 0.639718 0.000000 0.000000 0.000000 1.000000 0.000000 0.000000
27.000000 254.978196 22.983865 -0.246088 0.667758 0.000000 0.000000 0.000000 1.000000 0.000000 0.000000
27.000000 254.979394 22.669812 -0.243659 0.693202 0.000000 0.000000 0.000000 1.000000 0.000000 0.000000
27.000000 254.987538 22.748909 -0.220850 0.719388 0.000000 0.000000 0.000000 1.000000 0.000000 0.000000
27.000000 254.988396 22.878880 -0.253245 0.748101 0.000000 0.000000 0.000000 1.000000 0.000000 0.000000
27.000000 254.989335 22.518487 -0.250665 0.786347 0.000000 0.000000 0.000000 1.000000 0.000000 0.000000
27.000000 254.997539 22.603980 -0.225734 0.805361 0.000000 0.000000 0.000000 1.000000 0.000000 0.000000
27.000000 254.998320 22.687891 -0.246481 0.833109 0.000000 0.000000 0.000000 1.000000 0.000000 0.000000
27.000000 254.999307 22.425497 -0.244623 0.854040 0.000000 0.000000 0.000000 1.000000 0.000000 0.000000
27.000000 255.007558 22.489570 -0.225843 0.865961 0.000000 0.000000 0.000000 1.000000 0.000000 0.000000
27.000000 255.008487 22.561957 -0.243959 0.891812 0.000000 0.000000 0.000000 1.000000 0.000000 0.000000
27.000000 255.009234 22.295840 -0.242103 0.925588 0.000000 0.000000 0.000000 1.000000 0.000000 0.000000
27.000000 255.012816 22.117402 -0.270326 0.972817 0.000000 0.000000 0.000000 1.000000 0.000000 0.000000
27.000000 255.017566 22.155117 -0.208472 1.023154 0.000000 0.000000 0.000000 1.000000 0.000000 0.000000
27.000000 255.018336 22.519962 -0.256462 0.977800 0.000000 0.000000 0.000000 1.000000 0.000000 0.000000
27.000000 255.019418 22.103233 -0.253109 1.023167 0.000000 0.000000 0.000000 1.000000 0.000000 0.000000
27.000000 255.022763 22.003528 -0.265432 1.050305 0.000000 0.000000 0.000000 1.000000 0.000000 0.000000
27.000000 255.027534 22.084597 -0.223416 1.110918 0.000000 0.000000 0.000000 1.000000 0.000000 0.000000
27.000000 255.028396 22.326867 -0.237225 1.073457 0.000000 0.000000 0.000000 1.000000 0.000000 0.000000
27.000000 255.029383 22.060806 -0.235099 1.088194 0.000000 0.000000 0.000000 1.000000 0.000000 0.000000
27.000000 255.032870 21.902530 -0.265824 1.122093 0.000000 0.000000 0.000000 1.000000 0.000000 0.000000
27.000000 255.037522 21.958527 -0.221593 1.169978 0.000000 0.000000 0.000000 1.000000 0.000000 0.000000
27.000000 255.038191 22.159334 -0.230827 1.145554 0.000000 0.000000 0.000000 1.000000 0.000000 0.000000
27.000000 255.039467 21.958623 -0.229458 1.158594 0.000000 0.000000 0.000000 1.000000 0.000000 0.000000
27.000000 255.042846 21.792280 -0.264124 1.191186 0.000000 0.000000 0.000000 1.000000 0.000000 0.000000
27.000000 255.047570 21.861566 -0.225581 1.242554 0.000000 0.000000 0.000000 1.000000 0.000000 0.000000
27.000000 255.048414 22.082612 -0.240646 1.215908 0.000000 0.000000 0.000000 1.000000 0.000000 0.000000
27.000000 255.049391 21.801449 -0.239051 1.219360 0.000000 0.000000 0.000000 1.000000 0.000000 0.000000
27.000000 255.052880 21.655851 -0.261114 1.237129 0.000000 0.000000 0.000000 1.000000 0.000000 0.000000
27.000000 255.057603 21.757497 -0.236552 1.309168 0.000000 0.000000 0.000000 1.000000 0.000000 0.000000
27.000000 255.058213 21.914465 -0.244575 1.294871 0.000000 0.000000 0.000000 1.000000 0.000000 0.000000
27.000000 255.059489 21.639232 -0.242560 1.323677 0.000000 0.000000 0.000000 1.000000 0.000000 0.000000
27.000000 255.062824 21.573692 -0.255173 1.334984 0.000000 0.000000 0.000000 1.000000 0.000000 0.000000
27.000000 255.067545 21.664653 -0.233180 1.381831 0.000000 0.000000 0.000000 1.000000 0.000000 0.000000
27.000000 255.068409 21.834988 -0.236677 1.360777 0.000000 0.000000 0.000000 1.000000 0.000000 0.000000
27.000000 255.069450 21.551094 -0.234508 1.385215 0.000000 0.000000 0.000000 1.000000 0.000000 0.000000
27.000000 255.072782 21.468072 -0.254244 1.398005 0.000000 0.000000 0.000000 1.000000 0.000000 0.000000
27.000000 255.077488 21.580285 -0.242821 1.449615 0.000000 0.000000 0.000000 1.000000 0.000000 0.000000
27.000000 255.078307 21.676220 -0.229133 1.437458 0.000000 0.000000 0.000000 1.000000 0.000000 0.000000
27.000000 255.079345 21.457586 -0.227574 1.451493 0.000000 0.000000 0.000000 1.000000 0.000000 0.000000
27.000000 255.083016 21.358444 -0.252991 1.463580 0.000000 0.000000 0.000000 1.000000 0.000000 0.000000
27.000000 255.087582 21.478128 -0.243701 1.515690 0.000000 0.000000 0.000000 1.000000 0.000000 0.000000
27.000000 255.088262 21.564938 -0.227416 1.502515 0.000000 0.000000 0.000000 1.000000 0.000000 0.000000
27.000000 255.089409 21.340606 -0.225735 1.516478 0.000000 0.000000 0.000000 1.000000 0.000000 0.000000
27.000000 255.092795 21.247946 -0.251411 1.526642 0.000000 0.000000 0.000000 1.000000 0.000000 0.000000
27.000000 255.097520 21.389764 -0.252570 1.582010 0.000000 0.000000 0.000000 1.000000 0.000000 0.000000
27.000000 255.098290 21.440318 -0.228520 1.574026 0.000000 0.000000 0.000000 1.000000 0.000000 0.000000
27.000000 255.099450 21.246117 -0.227020 1.587620 0.000000 0.000000 0.000000 1.000000 0.000000 0.000000
27.000000 255.102906 21.157493 -0.252901 1.597757 0.000000 0.000000 0.000000 1.000000 0.000000 0.000000
27.000000 255.107702 21.224401 -0.243558 1.623556 0.000000 0.000000 0.000000 1.000000 0.000000 0.000000
27.000000 255.108261 21.248741 -0.223671 1.632677 0.000000 0.000000 0.000000 1.000000 0.000000 0.000000
27.000000 255.109423 21.129920 -0.223193 1.647564 0.000000 0.000000 0.000000 1.000000 0.000000 0.000000
27.000000 255.112787 21.038419 -0.250450 1.652683 0.000000 0.000000 0.000000 1.000000 0.000000 0.000000
27.000000 255.117610 21.209214 -0.265096 1.711591 0.000000 0.000000 0.000000 1.000000 0.000000 0.000000
27.000000 255.118228 21.184360 -0.224622 1.707389 0.000000 0.000000 0.000000 1.000000 0.000000 0.000000
27.000000 255.119349 20.992172 -0.223148 1.712379 0.000000 0.000000 0.000000 1.000000 0.000000 0.000000
27.000000 255.122856 20.922490 -0.245895 1.712895 0.000000 0.000000 0.000000 1.000000 0.000000 0.000000
27.000000 255.127606 21.104698 -0.266505 1.769901 0.000000 0.000000 0.000000 1.000000 0.000000 0.000000
27.000000 255.128383 21.076399 -0.226017 1.766045 0.000000 0.000000 0.000000 1.000000 0.000000 0.000000
27.000000 255.129409 20.883178 -0.224491 1.772751 0.000000 0.000000 0.000000 1.000000 0.000000 0.000000
27.000000 255.132802 20.816968 -0.245618 1.775140 0.000000 0.000000 0.000000 1.000000 0.000000 0.000000
27.000000 255.137558 21.000998 -0.265687 1.831182 0.000000 0.000000 0.000000 1.000000 0.000000 0.000000
27.000000 255.138233 20.979867 -0.227255 1.827343 0.000000 0.000000 0.000000 1.000000 0.000000 0.000000
27.000000 255.139289 20.616075 -0.214963 1.840727 0.000000 0.000000 0.000000 1.000000 0.000000 0.000000
27.000000 255.139558 20.568578 -0.270378 1.829788 0.000000 0.000000 0.000000 1.000000 0.000000 0.000000
27.000000 255.142926 20.716249 -0.246404 1.836209 0.000000 0.000000 0.000000 1.000000 0.000000 0.000000
27.000000 255.147679 20.918020 -0.279062 1.894085 0.000000 0.000000 0.000000 1.000000 0.000000 0.000000
27.000000 255.148343 20.822651 -0.226894 1.893590 0.000000 0.000000 0.000000 1.000000 0.000000 0.000000
27.000000 255.149433 20.698046 -0.226112 1.877117 0.000000 0.000000 0.000000 1.000000 0.000000 0.000000
27.000000 255.149472 20.424573 -0.296504 1.870191 0.000000 0.000000 0.000000 1.000000 0.000000 0.000000
27.000000 255.152884 20.500738 -0.215559 1.867976 0.000000 0.000000 0.000000 1.000000 0.000000 0.000000
27.000000 255.157570 20.743002 -0.270322 1.929185 0.000000 0.000000 0.000000 1.000000 0.000000 0.000000
27.000000 255.158383 20.627682 -0.224746 1.947248 0.000000 0.000000 0.000000 1.000000 0.000000 0.000000
27.000000 255.159220 20.405438 -0.213086 1.955445 0.000000 0.000000 0.000000 1.000000 0.000000 0.000000
27.000000 255.159492 20.374216 -0.252724 1.947407 0.000000 0.000000 0.000000 1.000000 0.000000 0.000000
27.000000 255.163143 20.493940 -0.240409 1.950256 0.000000 0.000000 0.000000 1.000000 0.000000 0.000000
27.000000 255.167718 20.731002 -0.288457 2.007083 0.000000 0.000000 0.000000 1.000000 0.000000 0.000000
27.000000 255.168426 20.690096 -0.254000 1.992833 0.000000 0.000000 0.000000 1.000000 0.000000 0.000000
27.000000 255.169315 20.257341 -0.243803 2.006184 0.000000 0.000000 0.000000 1.000000 0.000000 0.000000
27.000000 255.169430 20.252426 -0.262623 2.010064 0.000000 0.000000 0.000000 1.000000 0.000000 0.000000
27.000000 255.172812 20.388738 -0.240943 2.007054 0.000000 0.000000 0.000000 1.000000 0.000000 0.000000
27.000000 255.177659 20.645041 -0.297089 2.066506 0.000000 0.000000 0.000000 1.000000 0.000000 0.000000
27.000000 255.178390 20.440458 -0.220148 2.073679 0.000000 0.000000 0.000000 1.000000 0.000000 0.000000
27.000000 255.179267 20.185935 -0.211965 2.072831 0.000000 0.000000 0.000000 1.000000 0.000000 0.000000
27.000000 255.179505 20.153277 -0.251674 2.069075 0.000000 0.000000 0.000000 1.000000 0.000000 0.000000
27.000000 255.182959 20.279404 -0.236268 2.061807 0.000000 0.000000 0.000000 1.000000 0.000000 0.000000
27.000000 255.185397 20.333336 -0.264989 2.125916 0.000000 0.000000 0.000000 1.000000 0.000000 0.000000
27.000000 255.187763 20.232890 -0.191861 2.159140 0.000000 0.000000 0.000000 1.000000 0.000000 0.000000
27.000000 255.188352 20.341292 -0.224141 2.128934 0.000000 0.000000 0.000000 1.000000 0.000000 0.000000
27.000000 255.189308 20.072547 -0.216280 2.128433 0.000000 0.000000 0.000000 1.000000 0.000000 0.000000
27.000000 255.189394 20.043737 -0.252951 2.126637 0.000000 0.000000 0.000000 1.000000 0.000000 0.000000
27.000000 255.192914 20.171393 -0.236336 2.119198 0.000000 0.000000 0.000000 1.000000 0.000000 0.000000
27.000000 255.195332 20.203302 -0.258359 2.176023 0.000000 0.000000 0.000000 1.000000 0.000000 0.000000
27.000000 255.197717 20.109516 -0.193459 2.207976 0.000000 0.000000 0.000000 1.000000 0.000000 0.000000
27.000000 255.198437 20.210959 -0.225588 2.183955 0.000000 0.000000 0.000000 1.000000 0.000000 0.000000
27.000000 255.199455 19.952931 -0.213975 2.181296 0.000000 0.000000 0.000000 1.000000 0.000000 0.000000
27.000000 255.199508 19.901276 -0.273265 2.173750 0.000000 0.000000 0.000000 1.000000 0.000000 0.000000
27.000000 255.202869 20.086722 -0.244367 2.172259 0.000000 0.000000 0.000000 1.000000 0.000000 0.000000
27.000000 255.205449 20.096316 -0.259058 2.230047 0.000000 0.000000 0.000000 1.000000 0.000000 0.000000
27.000000 255.207733 19.999384 -0.198534 2.258586 0.000000 0.000000 0.000000 1.000000 0.000000 0.000000
27.000000 255.208495 20.070458 -0.226742 2.232362 0.000000 0.000000 0.000000 1.000000 0.000000 0.000000
27.000000 255.209333 19.838027 -0.217142 2.232754 0.000000 0.000000 0.000000 1.000000 0.000000 0.000000
27.000000 255.209508 19.804853 -0.256545 2.227421 0.000000 0.000000 0.000000 1.000000 0.000000 0.000000
27.000000 255.212717 19.953601 -0.234971 2.219428 0.000000 0.000000 0.000000 1.000000 0.000000 0.000000
27.000000 255.215330 19.976901 -0.254414 2.271900 0.000000 0.000000 0.000000 1.000000 0.000000 0.000000
27.000000 255.217602 19.891354 -0.194580 2.310367 0.000000 0.000000 0.000000 1.000000 0.000000 0.000000
27.000000 255.218270 19.998127 -0.225871 2.285414 0.000000 0.000000 0.000000 1.000000 0.000000 0.000000
27.000000 255.219274 19.728268 -0.218093 2.286239 0.000000 0.000000 0.000000 1.000000 0.000000 0.000000
27.000000 255.219520 19.691761 -0.258659 2.282379 0.000000 0.000000 0.000000 1.000000 0.000000 0.000000
27.000000 255.222830 19.836453 -0.236059 2.270424 0.000000 0.000000 0.000000 1.000000 0.000000 0.000000
27.000000 255.225457 19.867328 -0.259214 2.333141 0.000000 0.000000 0.000000 1.000000 0.000000 0.000000
27.000000 255.227696 19.753846 -0.183453 2.369338 0.000000 0.000000 0.000000 1.000000 0.000000 0.000000
27.000000 255.228500 19.880690 -0.224921 2.338135 0.000000 0.000000 0.000000 1.000000 0.000000 0.000000
27.000000 255.229358 19.744825 -0.223643 2.340961 0.000000 0.000000 0.000000 1.000000 0.000000 0.000000
27.000000 255.229370 19.565393 -0.265506 2.338638 0.000000 0.000000 0.000000 1.000000 0.000000 0.000000
27.000000 255.232798 19.616104 -0.211787 2.301912 0.000000 0.000000 0.000000 1.000000 0.000000 0.000000
27.000000 255.235359 19.749699 -0.251726 2.376208 0.000000 0.000000 0.000000 1.000000 0.000000 0.000000
27.000000 255.237592 19.653346 -0.191130 2.422031 0.000000 0.000000 0.000000 1.000000 0.000000 0.000000
27.000000 255.238426 19.761912 -0.226347 2.390796 0.000000 0.000000 0.000000 1.000000 0.000000 0.000000
27.000000 255.239282 19.502950 -0.219288 2.390005 0.000000 0.000000 0.000000 1.000000 0.000000 0.000000
27.000000 255.239534 19.481398 -0.249840 2.391712 0.000000 0.000000 0.000000 1.000000 0.000000 0.000000
27.000000 255.243086 19.635132 -0.228142 2.372151 0.000000 0.000000 0.000000 1.000000 0.000000 0.000000
27.000000 255.245623 19.624795 -0.244775 2.424588 0.000000 0.000000 0.000000 1.000000 0.000000 0.000000
27.000000 255.247785 19.536838 -0.196266 2.470903 0.000000 0.000000 0.000000 1.000000 0.000000 0.000000
27.000000 255.248555 19.618785 -0.226950 2.441417 0.000000 0.000000 0.000000 1.000000 0.000000 0.000000
27.000000 255.249364 19.391482 -0.218266 2.437124 0.000000 0.000000 0.000000 1.000000 0.000000 0.000000
27.000000 255.249424 19.330649 -0.279009 2.430075 0.000000 0.000000 0.000000 1.000000 0.000000 0.000000
27.000000 255.252983 19.562217 -0.233189 2.410676 0.000000 0.000000 0.000000 1.000000 0.000000 0.000000
27.000000 255.255432 19.483569 -0.231267 2.457612 0.000000 0.000000 0.000000 1.000000 0.000000 0.000000
27.000000 255.257622 19.457411 -0.234304 2.524845 0.000000 0.000000 0.000000 1.000000 0.000000 0.000000
27.000000 255.258469 19.407840 -0.224600 2.505066 0.000000 0.000000 0.000000 1.000000 0.000000 0.000000
27.000000 255.259305 19.270255 -0.214171 2.480952 0.000000 0.000000 0.000000 1.000000 0.000000 0.000000
27.000000 255.259666 19.240923 -0.261836 2.484914 0.000000 0.000000 0.000000 1.000000 0.000000 0.000000
27.000000 255.262950 19.455448 -0.234006 2.473047 0.000000 0.000000 0.000000 1.000000 0.000000 0.000000
27.000000 255.265569 19.362381 -0.230067 2.506655 0.000000 0.000000 0.000000 1.000000 0.000000 0.000000
27.000000 255.267612 19.294796 -0.191281 2.568633 0.000000 0.000000 0.000000 1.000000 0.000000 0.000000
27.000000 255.268601 19.427369 -0.230256 2.541722 0.000000 0.000000 0.000000 1.000000 0.000000 0.000000
27.000000 255.269455 19.262553 -0.228549 2.544150 0.000000 0.000000 0.000000 1.000000 0.000000 0.000000
27.000000 255.269622 19.151644 -0.249522 2.538146 0.000000 0.000000 0.000000 1.000000 0.000000 0.000000
27.000000 255.272870 19.189241 -0.208089 2.496013 0.000000 0.000000 0.000000 1.000000 0.000000 0.000000
27.000000 255.275553 19.270048 -0.233412 2.557045 0.000000 0.000000 0.000000 1.000000 0.000000 0.000000
27.000000 255.277632 19.192614 -0.188966 2.614543 0.000000 0.000000 0.000000 1.000000 0.000000 0.000000
27.000000 255.278339 19.311031 -0.225908 2.586480 0.000000 0.000000 0.000000 1.000000 0.000000 0.000000
27.000000 255.279347 19.063477 -0.219059 2.583184 0.000000 0.000000 0.000000 1.000000 0.000000 0.000000
27.000000 255.279531 19.026492 -0.257512 2.580595 0.000000 0.000000 0.000000 1.000000 0.000000 0.000000
27.000000 255.282961 19.211051 -0.223771 2.552977 0.000000 0.000000 0.000000 1.000000 0.000000 0.000000
27.000000 255.285540 19.147027 -0.228532 2.597950 0.000000 0.000000 0.000000 1.000000 0.000000 0.000000
27.000000 255.287675 19.093080 -0.206081 2.665055 0.000000 0.000000 0.000000 1.000000 0.000000 0.000000
27.000000 255.288590 19.139825 -0.222693 2.637911 0.000000 0.000000 0.000000 1.000000 0.000000 0.000000
27.000000 255.289383 18.959192 -0.217181 2.626535 0.000000 0.000000 0.000000 1.000000 0.000000 0.000000
27.000000 255.289582 18.933694 -0.248179 2.627996 0.000000 0.000000 0.000000 1.000000 0.000000 0.000000
27.000000 255.293085 19.094803 -0.222215 2.601110 0.000000 0.000000 0.000000 1.000000 0.000000 0.000000
27.000000 255.295418 19.023938 -0.225507 2.643231 0.000000 0.000000 0.000000 1.000000 0.000000 0.000000
27.000000 255.297606 18.953608 -0.191038 2.705127 0.000000 0.000000 0.000000 1.000000 0.000000 0.000000
27.000000 255.298476 19.064682 -0.227978 2.673133 0.000000 0.000000 0.000000 1.000000 0.000000 0.000000
27.000000 255.299309 18.829586 -0.219978 2.663546 0.000000 0.000000 0.000000 1.000000 0.000000 0.000000
27.000000 255.299598 18.774577 -0.275346 2.660547 0.000000 0.000000 0.000000 1.000000 0.000000 0.000000
27.000000 255.302885 19.011106 -0.228413 2.634923 0.000000 0.000000 0.000000 1.000000 0.000000 0.000000
27.000000 255.305504 18.918785 -0.226680 2.681698 0.000000 0.000000 0.000000 1.000000 0.000000 0.000000
27.000000 255.307622 18.874635 -0.217147 2.751177 0.000000 0.000000 0.000000 1.000000 0.000000 0.000000
27.000000 255.309258 18.880615 -0.224793 2.725879 0.000000 0.000000 0.000000 1.000000 0.000000 0.000000
27.000000 255.309360 18.731384 -0.216812 2.708077 0.000000 0.000000 0.000000 1.000000 0.000000 0.000000
27.000000 255.309589 18.721958 -0.240051 2.710434 0.000000 0.000000 0.000000 1.000000 0.000000 0.000000
27.000000 255.312977 18.882008 -0.221788 2.683379 0.000000 0.000000 0.000000 1.000000 0.000000 0.000000
27.000000 255.315457 18.814490 -0.228769 2.724578 0.000000 0.000000 0.000000 1.000000 0.000000 0.000000
27.000000 255.317591 18.739566 -0.190105 2.793293 0.000000 0.000000 0.000000 1.000000 0.000000 0.000000
27.000000 255.318466 18.859210 -0.228190 2.759021 0.000000 0.000000 0.000000 1.000000 0.000000 0.000000
27.000000 255.319537 18.700129 -0.226343 2.757500 0.000000 0.000000 0.000000 1.000000 0.000000 0.000000
27.000000 255.319587 18.586907 -0.250084 2.755186 0.000000 0.000000 0.000000 1.000000 0.000000 0.000000
27.000000 255.323129 18.636974 -0.204011 2.705818 0.000000 0.000000 0.000000 1.000000 0.000000 0.000000
27.000000 255.325541 18.675367 -0.219139 2.759651 0.000000 0.000000 0.000000 1.000000 0.000000 0.000000
27.000000 255.327682 18.611093 -0.189130 2.832044 0.000000 0.000000 0.000000 1.000000 0.000000 0.000000
27.000000 255.328638 18.732259 -0.227706 2.801683 0.000000 0.000000 0.000000 1.000000 0.000000 0.000000
27.000000 255.329369 18.504052 -0.222222 2.795132 0.000000 0.000000 0.000000 1.000000 0.000000 0.000000
27.000000 255.329551 18.487777 -0.247324 2.799554 0.000000 0.000000 0.000000 1.000000 0.000000 0.000000
27.000000 255.332817 18.658641 -0.219432 2.765621 0.000000 0.000000 0.000000 1.000000 0.000000 0.000000
27.000000 255.335418 18.563781 -0.219460 2.800183 0.000000 0.000000 0.000000 1.000000 0.000000 0.000000
27.000000 255.337614 18.511407 -0.198758 2.869655 0.000000 0.000000 0.000000 1.000000 0.000000 0.000000
27.000000 255.338532 18.578443 -0.222018 2.843524 0.000000 0.000000 0.000000 1.000000 0.000000 0.000000
27.000000 255.339334 18.405667 -0.216939 2.833283 0.000000 0.000000 0.000000 1.000000 0.000000 0.000000
27.000000 255.339671 18.385208 -0.246408 2.838320 0.000000 0.000000 0.000000 1.000000 0.000000 0.000000
27.000000 255.342945 18.577740 -0.214042 2.800055 0.000000 0.000000 0.000000 1.000000 0.000000 0.000000
27.000000 255.345591 18.430786 -0.204634 2.830679 0.000000 0.000000 0.000000 1.000000 0.000000 0.000000
27.000000 255.347670 18.400037 -0.201468 2.912817 0.000000 0.000000 0.000000 1.000000 0.000000 0.000000
27.000000 255.348573 18.481471 -0.228182 2.882612 0.000000 0.000000 0.000000 1.000000 0.000000 0.000000
27.000000 255.349386 18.259851 -0.222408 2.870643 0.000000 0.000000 0.000000 1.000000 0.000000 0.000000
27.000000 255.349812 18.179874 -0.294090 2.870366 0.000000 0.000000 0.000000 1.000000 0.000000 0.000000
27.000000 255.352850 18.482300 -0.224225 2.832971 0.000000 0.000000 0.000000 1.000000 0.000000 0.000000
27.000000 255.355426 18.331156 -0.212156 2.872694 0.000000 0.000000 0.000000 1.000000 0.000000 0.000000
27.000000 255.357597 18.279594 -0.200822 2.944336 0.000000 0.000000 0.000000 1.000000 0.000000 0.000000
27.000000 255.358488 18.332432 -0.225065 2.915384 0.000000 0.000000 0.000000 1.000000 0.000000 0.000000
27.000000 255.359329 18.169550 -0.219712 2.908167 0.000000 0.000000 0.000000 1.000000 0.000000 0.000000
27.000000 255.359574 18.164752 -0.239663 2.914953 0.000000 0.000000 0.000000 1.000000 0.000000 0.000000
27.000000 255.363144 18.343293 -0.213414 2.875398 0.000000 0.000000 0.000000 1.000000 0.000000 0.000000
27.000000 255.365586 18.214118 -0.209229 2.906135 0.000000 0.000000 0.000000 1.000000 0.000000 0.000000
27.000000 255.367735 18.157774 -0.186868 2.984333 0.000000 0.000000 0.000000 1.000000 0.000000 0.000000
27.000000 255.368659 18.276246 -0.225472 2.950098 0.000000 0.000000 0.000000 1.000000 0.000000 0.000000
27.000000 255.369366 18.066399 -0.221905 2.941875 0.000000 0.000000 0.000000 1.000000 0.000000 0.000000
27.000000 255.369617 18.062909 -0.242132 2.954423 0.000000 0.000000 0.000000 1.000000 0.000000 0.000000
27.000000 255.372779 18.241402 -0.214480 2.912610 0.000000 0.000000 0.000000 1.000000 0.000000 0.000000
27.000000 255.375492 18.107287 -0.210234 2.947894 0.000000 0.000000 0.000000 1.000000 0.000000 0.000000
27.000000 255.377809 18.045853 -0.189669 3.024389 0.000000 0.000000 0.000000 1.000000 0.000000 0.000000
27.000000 255.378337 18.134100 -0.222870 2.992118 0.000000 0.000000 0.000000 1.000000 0.000000 0.000000
27.000000 255.379484 17.964202 -0.217955 2.981948 0.000000 0.000000 0.000000 1.000000 0.000000 0.000000
27.000000 255.379530 17.932696 -0.253273 2.984976 0.000000 0.000000 0.000000 1.000000 0.000000 0.000000
27.000000 255.383030 18.134901 -0.214825 2.944783 0.000000 0.000000 0.000000 1.000000 0.000000 0.000000
27.000000 255.385602 17.991738 -0.206808 2.981815 0.000000 0.000000 0.000000 1.000000 0.000000 0.000000
27.000000 255.387647 17.933938 -0.187478 3.059396 0.000000 0.000000 0.000000 1.000000 0.000000 0.000000
27.000000 255.388469 18.062361 -0.232215 3.024035 0.000000 0.000000 0.000000 1.000000 0.000000 0.000000
27.000000 255.389638 17.922580 -0.230409 3.030031 0.000000 0.000000 0.000000 1.000000 0.000000 0.000000
27.000000 255.389708 17.865911 -0.233036 3.027313 0.000000 0.000000 0.000000 1.000000 0.000000 0.000000
27.000000 255.392878 17.889990 -0.202719 2.966768 0.000000 0.000000 0.000000 1.000000 0.000000 0.000000
27.000000 255.395656 17.882355 -0.207796 3.017159 0.000000 0.000000 0.000000 1.000000 0.000000 0.000000
27.000000 255.397619 17.835270 -0.196918 3.094426 0.000000 0.000000 0.000000 1.000000 0.000000 0.000000
27.000000 255.398516 17.917457 -0.228151 3.060576 0.000000 0.000000 0.000000 1.000000 0.000000 0.000000
27.000000 255.399324 17.737821 -0.222843 3.047166 0.000000 0.000000 0.000000 1.000000 0.000000 0.000000
27.000000 255.399706 17.710702 -0.254586 3.049630 0.000000 0.000000 0.000000 1.000000 0.000000 0.000000
27.000000 255.402950 17.909396 -0.215002 3.011513 0.000000 0.000000 0.000000 1.000000 0.000000 0.000000
27.000000 255.405555 17.764997 -0.205417 3.049280 0.000000 0.000000 0.000000 1.000000 0.000000 0.000000
27.000000 255.407691 17.750200 -0.222746 3.119481 0.000000 0.000000 0.000000 1.000000 0.000000 0.000000
27.000000 255.408740 17.747236 -0.232240 3.086845 0.000000 0.000000 0.000000 1.000000 0.000000 0.000000
27.000000 255.409452 17.723089 -0.231500 3.089283 0.000000 0.000000 0.000000 1.000000 0.000000 0.000000
27.000000 255.409747 17.590542 -0.256076 3.087800 0.000000 0.000000 0.000000 1.000000 0.000000 0.000000
27.000000 255.412873 17.650245 -0.197684 3.029084 0.000000 0.000000 0.000000 1.000000 0.000000 0.000000
27.000000 255.415534 17.657478 -0.205433 3.079919 0.000000 0.000000 0.000000 1.000000 0.000000 0.000000
27.000000 255.417564 17.631549 -0.209116 3.154941 0.000000 0.000000 0.000000 1.000000 0.000000 0.000000
27.000000 255.418523 17.698590 -0.236244 3.119364 0.000000 0.000000 0.000000 1.000000 0.000000 0.000000
27.000000 255.419412 17.510604 -0.232288 3.108560 0.000000 0.000000 0.000000 1.000000 0.000000 0.000000
27.000000 255.419532 17.514504 -0.247878 3.120129 0.000000 0.000000 0.000000 1.000000 0.000000 0.000000
27.000000 255.422967 17.710643 -0.210768 3.078134 0.000000 0.000000 0.000000 1.000000 0.000000 0.000000
27.000000 255.425577 17.522900 -0.193280 3.106575 0.000000 0.000000 0.000000 1.000000 0.000000 0.000000
27.000000 255.427696 17.505384 -0.202816 3.185241 0.000000 0.000000 0.000000 1.000000 0.000000 0.000000
27.000000 255.428598 17.594580 -0.236597 3.145895 0.000000 0.000000 0.000000 1.000000 0.000000 0.000000
27.000000 255.429441 17.396280 -0.233311 3.135235 0.000000 0.000000 0.000000 1.000000 0.000000 0.000000
27.000000 255.429632 17.404620 -0.248958 3.151217 0.000000 0.000000 0.000000 1.000000 0.000000 0.000000
27.000000 255.432907 17.602521 -0.212599 3.109423 0.000000 0.000000 0.000000 1.000000 0.000000 0.000000
27.000000 255.435494 17.409630 -0.193735 3.131636 0.000000 0.000000 0.000000 1.000000 0.000000 0.000000
27.000000 255.437587 17.397545 -0.200998 3.214077 0.000000 0.000000 0.000000 1.000000 0.000000 0.000000
27.000000 255.438506 17.479780 -0.228445 3.176882 0.000000 0.000000 0.000000 1.000000 0.000000 0.000000
27.000000 255.439328 17.292297 -0.226371 3.162499 0.000000 0.000000 0.000000 1.000000 0.000000 0.000000
27.000000 255.439716 17.291514 -0.247897 3.180430 0.000000 0.000000 0.000000 1.000000 0.000000 0.000000
27.000000 255.443022 17.481538 -0.213068 3.138592 0.000000 0.000000 0.000000 1.000000 0.000000 0.000000
27.000000 255.445577 17.306004 -0.196902 3.156117 0.000000 0.000000 0.000000 1.000000 0.000000 0.000000
27.000000 255.447775 17.318797 -0.219754 3.234022 0.000000 0.000000 0.000000 1.000000 0.000000 0.000000
27.000000 255.448759 17.316760 -0.220456 3.198842 0.000000 0.000000 0.000000 1.000000 0.000000 0.000000
27.000000 255.449562 17.170540 -0.220070 3.182313 0.000000 0.000000 0.000000 1.000000 0.000000 0.000000
27.000000 255.449661 17.110308 -0.286683 3.205421 0.000000 0.000000 0.000000 1.000000 0.000000 0.000000
27.000000 255.452929 17.412961 -0.217740 3.164226 0.000000 0.000000 0.000000 1.000000 0.000000 0.000000
27.000000 255.455493 17.185903 -0.191047 3.182219 0.000000 0.000000 0.000000 1.000000 0.000000 0.000000
27.000000 255.457633 17.204253 -0.219210 3.263424 0.000000 0.000000 0.000000 1.000000 0.000000 0.000000
27.000000 255.458582 17.250846 -0.236203 3.221373 0.000000 0.000000 0.000000 1.000000 0.000000 0.000000
27.000000 255.459338 17.051271 -0.234743 3.204872 0.000000 0.000000 0.000000 1.000000 0.000000 0.000000
27.000000 255.459688 17.039741 -0.263675 3.224442 0.000000 0.000000 0.000000 1.000000 0.000000 0.000000
27.000000 255.462990 17.270389 -0.211277 3.183930 0.000000 0.000000 0.000000 1.000000 0.000000 0.000000
27.000000 255.465641 17.088631 -0.192936 3.210483 0.000000 0.000000 0.000000 1.000000 0.000000 0.000000
27.000000 255.467674 17.084639 -0.209517 3.282063 0.000000 0.000000 0.000000 1.000000 0.000000 0.000000
27.000000 255.468565 17.201298 -0.252988 3.241151 0.000000 0.000000 0.000000 1.000000 0.000000 0.000000
27.000000 255.469649 17.009744 -0.250337 3.246950 0.000000 0.000000 0.000000 1.000000 0.000000 0.000000
27.000000 255.469704 16.940026 -0.263014 3.253262 0.000000 0.000000 0.000000 1.000000 0.000000 0.000000
27.000000 255.472823 17.037666 -0.196867 3.200966 0.000000 0.000000 0.000000 1.000000 0.000000 0.000000
27.000000 255.475551 16.927462 -0.179174 3.225964 0.000000 0.000000 0.000000 1.000000 0.000000 0.000000
27.000000 255.477602 16.907701 -0.183049 3.298582 0.000000 0.000000 0.000000 1.000000 0.000000 0.000000
27.000000 255.478559 17.057256 -0.235849 3.259748 0.000000 0.000000 0.000000 1.000000 0.000000 0.000000
27.000000 255.479442 16.853030 -0.235564 3.260579 0.000000 0.000000 0.000000 1.000000 0.000000 0.000000
27.000000 255.479488 16.808397 -0.275600 3.273146 0.000000 0.000000 0.000000 1.000000 0.000000 0.000000
27.000000 255.482979 17.050886 -0.209065 3.227442 0.000000 0.000000 0.000000 1.000000 0.000000 0.000000
27.000000 255.485705 16.817121 -0.177948 3.241704 0.000000 0.000000 0.000000 1.000000 0.000000 0.000000
27.000000 255.488600 16.856719 -0.221591 3.289487 0.000000 0.000000 0.000000 1.000000 0.000000 0.000000
27.000000 255.489447 16.747009 -0.231336 3.279971 0.000000 0.000000 0.000000 1.000000 0.000000 0.000000
27.000000 255.489874 16.681613 -0.284148 3.296516 0.000000 0.000000 0.000000 1.000000 0.000000 0.000000
27.000000 255.492909 16.943377 -0.208769 3.250275 0.000000 0.000000 0.000000 1.000000 0.000000 0.000000
27.000000 255.497654 17.189763 -0.312522 3.264726 0.000000 0.000000 0.000000 1.000000 0.000000 0.000000
27.000000 255.498523 16.800552 -0.228071 3.297709 0.000000 0.000000 0.000000 1.000000 0.000000 0.000000
27.000000 255.499364 16.630600 -0.228292 3.295805 0.000000 0.000000 0.000000 1.000000 0.000000 0.000000
27.000000 255.499711 16.590792 -0.267511 3.310872 0.000000 0.000000 0.000000 1.000000 0.000000 0.000000
27.000000 255.503054 16.819543 -0.205772 3.270519 0.000000 0.000000 0.000000 1.000000 0.000000 0.000000
27.000000 255.507757 17.045233 -0.309735 3.289390 0.000000 0.000000 0.000000 1.000000 0.000000 0.000000
27.000000 255.508515 16.701202 -0.244748 3.321701 0.000000 0.000000 0.000000 1.000000 0.000000 0.000000
27.000000 255.509445 16.490997 -0.243958 3.318488 0.000000 0.000000 0.000000 1.000000 0.000000 0.000000
27.000000 255.509531 16.435709 -0.297430 3.335329 0.000000 0.000000 0.000000 1.000000 0.000000 0.000000
27.000000 255.512941 16.752223 -0.208291 3.291958 0.000000 0.000000 0.000000 1.000000 0.000000 0.000000
27.000000 255.517655 17.015884 -0.304406 3.301246 0.000000 0.000000 0.000000 1.000000 0.000000 0.000000
27.000000 255.518632 16.696758 -0.232382 3.331226 0.000000 0.000000 0.000000 1.000000 0.000000 0.000000
27.000000 255.519388 16.427473 -0.232872 3.345640 0.000000 0.000000 0.000000 1.000000 0.000000 0.000000
27.000000 255.519559 16.369949 -0.279984 3.361374 0.000000 0.000000 0.000000 1.000000 0.000000 0.000000
27.000000 255.523252 16.633202 -0.202761 3.313067 0.000000 0.000000 0.000000 1.000000 0.000000 0.000000
27.000000 255.527746 16.896281 -0.291604 3.315621 0.000000 0.000000 0.000000 1.000000 0.000000 0.000000
27.000000 255.528816 16.620797 -0.226773 3.343689 0.000000 0.000000 0.000000 1.000000 0.000000 0.000000
27.000000 255.529496 16.326756 -0.227339 3.365035 0.000000 0.000000 0.000000 1.000000 0.000000 0.000000
27.000000 255.529543 16.281852 -0.266388 3.381636 0.000000 0.000000 0.000000 1.000000 0.000000 0.000000
27.000000 255.532879 16.510282 -0.201441 3.332751 0.000000 0.000000 0.000000 1.000000 0.000000 0.000000
27.000000 255.537652 16.834490 -0.302835 3.339357 0.000000 0.000000 0.000000 1.000000 0.000000 0.000000
27.000000 255.538528 16.523947 -0.226716 3.369341 0.000000 0.000000 0.000000 1.000000 0.000000 0.000000
27.000000 255.539611 16.302952 -0.224255 3.382419 0.000000 0.000000 0.000000 1.000000 0.000000 0.000000
27.000000 255.539651 16.147010 -0.278024 3.397859 0.000000 0.000000 0.000000 1.000000 0.000000 0.000000
27.000000 255.543254 16.308327 -0.188122 3.353053 0.000000 0.000000 0.000000 1.000000 0.000000 0.000000
27.000000 255.548724 16.625697 -0.235194 3.340992 0.000000 0.000000 0.000000 1.000000 0.000000 0.000000
27.000000 255.549525 16.249983 -0.218532 3.388310 0.000000 0.000000 0.000000 1.000000 0.000000 0.000000
27.000000 255.552934 16.314381 -0.202951 3.360708 0.000000 0.000000 0.000000 1.000000 0.000000 0.000000
27.000000 255.558373 16.550532 -0.243450 3.363510 0.000000 0.000000 0.000000 1.000000 0.000000 0.000000
27.000000 255.559484 15.991422 -0.226969 3.418612 0.000000 0.000000 0.000000 1.000000 0.000000 0.000000
27.000000 255.559622 15.965065 -0.267860 3.439518 0.000000 0.000000 0.000000 1.000000 0.000000 0.000000
27.000000 255.563118 16.225042 -0.203441 3.392329 0.000000 0.000000 0.000000 1.000000 0.000000 0.000000
27.000000 255.567703 16.395889 -0.294057 3.398882 0.000000 0.000000 0.000000 1.000000 0.000000 0.000000
27.000000 255.569512 16.019209 -0.213020 3.460350 0.000000 0.000000 0.000000 1.000000 0.000000 0.000000
27.000000 255.569743 15.891219 -0.250751 3.458464 0.000000 0.000000 0.000000 1.000000 0.000000 0.000000
27.000000 255.573045 15.996434 -0.185163 3.404107 0.000000 0.000000 0.000000 1.000000 0.000000 0.000000
27.000000 255.577665 16.184069 -0.266306 3.407077 0.000000 0.000000 0.000000 1.000000 0.000000 0.000000
27.000000 255.578506 15.914706 -0.221454 3.447863 0.000000 0.000000 0.000000 1.000000 0.000000 0.000000
27.000000 255.579526 15.799755 -0.223927 3.452757 0.000000 0.000000 0.000000 1.000000 0.000000 0.000000
27.000000 255.579647 15.804645 -0.240541 3.477413 0.000000 0.000000 0.000000 1.000000 0.000000 0.000000
27.000000 255.583023 15.988205 -0.196710 3.424156 0.000000 0.000000 0.000000 1.000000 0.000000 0.000000
27.000000 255.587831 16.053140 -0.261254 3.415501 0.000000 0.000000 0.000000 1.000000 0.000000 0.000000
27.000000 255.589554 15.803467 -0.215944 3.481229 0.000000 0.000000 0.000000 1.000000 0.000000 0.000000
27.000000 255.589622 15.717401 -0.234240 3.490019 0.000000 0.000000 0.000000 1.000000 0.000000 0.000000
27.000000 255.593157 15.777283 -0.189367 3.430261 0.000000 0.000000 0.000000 1.000000 0.000000 0.000000
27.000000 255.597825 16.003326 -0.279001 3.440301 0.000000 0.000000 0.000000 1.000000 0.000000 0.000000
27.000000 255.598536 15.700118 -0.223497 3.482916 0.000000 0.000000 0.000000 1.000000 0.000000 0.000000
27.000000 255.599817 15.724494 -0.222612 3.488375 0.000000 0.000000 0.000000 1.000000 0.000000 0.000000
27.000000 255.599957 15.676611 -0.211041 3.500354 0.000000 0.000000 0.000000 1.000000 0.000000 0.000000
27.000000 255.602994 15.675709 -0.181627 3.434839 0.000000 0.000000 0.000000 1.000000 0.000000 0.000000
27.000000 255.607775 15.916100 -0.276308 3.456501 0.000000 0.000000 0.000000 1.000000 0.000000 0.000000
27.000000 255.608606 15.589416 -0.214805 3.499383 0.000000 0.000000 0.000000 1.000000 0.000000 0.000000
27.000000 255.609518 15.485067 -0.215887 3.489669 0.000000 0.000000 0.000000 1.000000 0.000000 0.000000
27.000000 255.609520 15.414249 -0.275814 3.505846 0.000000 0.000000 0.000000 1.000000 0.000000 0.000000
27.000000 255.612908 15.697663 -0.195141 3.453336 0.000000 0.000000 0.000000 1.000000 0.000000 0.000000
27.000000 255.618561 15.883258 -0.229094 3.433769 0.000000 0.000000 0.000000 1.000000 0.000000 0.000000
27.000000 255.619734 15.380388 -0.218279 3.495067 0.000000 0.000000 0.000000 1.000000 0.000000 0.000000
27.000000 255.619848 15.304017 -0.279064 3.517309 0.000000 0.000000 0.000000 1.000000 0.000000 0.000000
27.000000 255.623164 15.578342 -0.196791 3.465215 0.000000 0.000000 0.000000 1.000000 0.000000 0.000000
27.000000 255.628583 15.788694 -0.235289 3.448390 0.000000 0.000000 0.000000 1.000000 0.000000 0.000000
27.000000 255.629731 15.381562 -0.220982 3.503074 0.000000 0.000000 0.000000 1.000000 0.000000 0.000000
27.000000 255.630093 15.198901 -0.280633 3.526031 0.000000 0.000000 0.000000 1.000000 0.000000 0.000000
27.000000 255.633139 15.367640 -0.184360 3.477651 0.000000 0.000000 0.000000 1.000000 0.000000 0.000000
27.000000 255.637725 15.547445 -0.255946 3.480507 0.000000 0.000000 0.000000 1.000000 0.000000 0.000000
27.000000 255.638561 15.327735 -0.219305 3.516415 0.000000 0.000000 0.000000 1.000000 0.000000 0.000000
27.000000 255.639810 15.305558 -0.218329 3.514486 0.000000 0.000000 0.000000 1.000000 0.000000 0.000000
27.000000 255.640001 15.078003 -0.292629 3.535842 0.000000 0.000000 0.000000 1.000000 0.000000 0.000000
27.000000 255.643090 15.269002 -0.181856 3.484512 0.000000 0.000000 0.000000 1.000000 0.000000 0.000000
27.000000 255.647772 15.418570 -0.248515 3.484096 0.000000 0.000000 0.000000 1.000000 0.000000 0.000000
27.000000 255.648592 15.216868 -0.218606 3.523458 0.000000 0.000000 0.000000 1.000000 0.000000 0.000000
27.000000 255.649521 15.083469 -0.220085 3.526305 0.000000 0.000000 0.000000 1.000000 0.000000 0.000000
27.000000 255.649599 15.144306 -0.219890 3.554523 0.000000 0.000000 0.000000 1.000000 0.000000 0.000000
27.000000 255.653044 15.309776 -0.191685 3.502747 0.000000 0.000000 0.000000 1.000000 0.000000 0.000000
27.000000 255.657770 15.256323 -0.237507 3.495158 0.000000 0.000000 0.000000 1.000000 0.000000 0.000000
27.000000 255.658567 15.081440 -0.219245 3.534542 0.000000 0.000000 0.000000 1.000000 0.000000 0.000000
27.000000 255.659456 14.925047 -0.219159 3.531332 0.000000 0.000000 0.000000 1.000000 0.000000 0.000000
27.000000 255.659671 14.950946 -0.239255 3.552275 0.000000 0.000000 0.000000 1.000000 0.000000 0.000000
27.000000 255.663006 15.169815 -0.191447 3.502171 0.000000 0.000000 0.000000 1.000000 0.000000 0.000000
27.000000 255.667763 15.094001 -0.230602 3.497363 0.000000 0.000000 0.000000 1.000000 0.000000 0.000000
27.000000 255.668621 14.940940 -0.218065 3.534396 0.000000 0.000000 0.000000 1.000000 0.000000 0.000000
27.000000 255.669608 14.968537 -0.217316 3.538483 0.000000 0.000000 0.000000 1.000000 0.000000 0.000000
27.000000 255.669640 14.898065 -0.230306 3.561766 0.000000 0.000000 0.000000 1.000000 0.000000 0.000000
27.000000 255.673107 14.961963 -0.185578 3.505339 0.000000 0.000000 0.000000 1.000000 0.000000 0.000000
27.000000 255.677761 14.994116 -0.231852 3.503298 0.000000 0.000000 0.000000 1.000000 0.000000 0.000000
27.000000 255.678705 14.839939 -0.218734 3.545295 0.000000 0.000000 0.000000 1.000000 0.000000 0.000000
27.000000 255.679483 14.761126 -0.220712 3.545895 0.000000 0.000000 0.000000 1.000000 0.000000 0.000000
27.000000 255.679730 14.793504 -0.225443 3.566199 0.000000 0.000000 0.000000 1.000000 0.000000 0.000000
27.000000 255.683108 14.954526 -0.188180 3.511580 0.000000 0.000000 0.000000 1.000000 0.000000 0.000000
27.000000 255.687780 14.851684 -0.221627 3.504087 0.000000 0.000000 0.000000 1.000000 0.000000 0.000000
27.000000 255.688622 14.726713 -0.217404 3.546655 0.000000 0.000000 0.000000 1.000000 0.000000 0.000000
27.000000 255.689572 14.764424 -0.217056 3.550505 0.000000 0.000000 0.000000 1.000000 0.000000 0.000000
27.000000 255.689614 14.694727 -0.229484 3.568020 0.000000 0.000000 0.000000 1.000000 0.000000 0.000000
27.000000 255.693037 14.761227 -0.183125 3.512821 0.000000 0.000000 0.000000 1.000000 0.000000 0.000000
27.000000 255.697833 14.756712 -0.215055 3.500769 0.000000 0.000000 0.000000 1.000000 0.000000 0.000000
27.000000 255.698538 14.661510 -0.214836 3.540190 0.000000 0.000000 0.000000 1.000000 0.000000 0.000000
27.000000 255.699623 14.716668 -0.214855 3.544531 0.000000 0.000000 0.000000 1.000000 0.000000 0.000000
27.000000 255.699758 14.494501 -0.282985 3.565525 0.000000 0.000000 0.000000 1.000000 0.000000 0.000000
27.000000 255.703142 14.665046 -0.178405 3.518456 0.000000 0.000000 0.000000 1.000000 0.000000 0.000000
27.000000 255.707785 14.543046 -0.200081 3.516540 0.000000 0.000000 0.000000 1.000000 0.000000 0.000000
27.000000 255.708607 14.491045 -0.225552 3.557688 0.000000 0.000000 0.000000 1.000000 0.000000 0.000000
27.000000 255.709609 14.448529 -0.226741 3.551429 0.000000 0.000000 0.000000 1.000000 0.000000 0.000000
27.000000 255.709610 14.582083 -0.188846 3.573889 0.000000 0.000000 0.000000 1.000000 0.000000 0.000000
27.000000 255.713013 14.670592 -0.186135 3.526286 0.000000 0.000000 0.000000 1.000000 0.000000 0.000000
27.000000 255.717770 14.495452 -0.205732 3.518802 0.000000 0.000000 0.000000 1.000000 0.000000 0.000000
27.000000 255.718592 14.416427 -0.216566 3.551743 0.000000 0.000000 0.000000 1.000000 0.000000 0.000000
27.000000 255.719586 14.445496 -0.215733 3.555917 0.000000 0.000000 0.000000 1.000000 0.000000 0.000000
27.000000 255.719650 14.467923 -0.188165 3.577705 0.000000 0.000000 0.000000 1.000000 0.000000 0.000000
27.000000 255.723356 14.456039 -0.177927 3.519770 0.000000 0.000000 0.000000 1.000000 0.000000 0.000000
27.000000 255.727976 14.411930 -0.205660 3.512156 0.000000 0.000000 0.000000 1.000000 0.000000 0.000000
27.000000 255.728655 14.337167 -0.214941 3.548897 0.000000 0.000000 0.000000 1.000000 0.000000 0.000000
27.000000 255.729529 14.370086 -0.214375 3.556919 0.000000 0.000000 0.000000 1.000000 0.000000 0.000000
27.000000 255.729586 14.362157 -0.194491 3.576809 0.000000 0.000000 0.000000 1.000000 0.000000 0.000000
27.000000 255.733000 14.352451 -0.177705 3.517933 0.000000 0.000000 0.000000 1.000000 0.000000 0.000000
27.000000 255.737751 14.329297 -0.212975 3.516951 0.000000 0.000000 0.000000 1.000000 0.000000 0.000000
27.000000 255.738565 14.223463 -0.214507 3.548466 0.000000 0.000000 0.000000 1.000000 0.000000 0.000000
27.000000 255.739608 14.163841 -0.218547 3.544786 0.000000 0.000000 0.000000 1.000000 0.000000 0.000000
27.000000 255.739627 14.189715 -0.236037 3.570551 0.000000 0.000000 0.000000 1.000000 0.000000 0.000000
27.000000 255.743264 14.383190 -0.188270 3.516510 0.000000 0.000000 0.000000 1.000000 0.000000 0.000000
27.000000 255.747802 14.212913 -0.205750 3.509922 0.000000 0.000000 0.000000 1.000000 0.000000 0.000000
27.000000 255.748701 14.127422 -0.210785 3.540026 0.000000 0.000000 0.000000 1.000000 0.000000 0.000000
27.000000 255.749572 14.185494 -0.210365 3.534496 0.000000 0.000000 0.000000 1.000000 0.000000 0.000000
27.000000 255.749675 14.092081 -0.232170 3.558759 0.000000 0.000000 0.000000 1.000000 0.000000 0.000000
27.000000 255.753148 14.171651 -0.179104 3.511261 0.000000 0.000000 0.000000 1.000000 0.000000 0.000000
27.000000 255.758744 14.527390 -0.232127 3.489184 0.000000 0.000000 0.000000 1.000000 0.000000 0.000000
27.000000 255.759684 13.920916 -0.224434 3.547738 0.000000 0.000000 0.000000 1.000000 0.000000 0.000000
27.000000 255.763270 14.048396 -0.173487 3.513634 0.000000 0.000000 0.000000 1.000000 0.000000 0.000000
27.000000 255.767745 13.865557 -0.174496 3.489135 0.000000 0.000000 0.000000 1.000000 0.000000 0.000000
27.000000 255.768803 13.905949 -0.222481 3.522772 0.000000 0.000000 0.000000 1.000000 0.000000 0.000000
27.000000 255.769756 13.821646 -0.225771 3.536368 0.000000 0.000000 0.000000 1.000000 0.000000 0.000000
27.000000 255.773093 13.947328 -0.175743 3.506753 0.000000 0.000000 0.000000 1.000000 0.000000 0.000000
27.000000 255.777822 13.817007 -0.191424 3.498976 0.000000 0.000000 0.000000 1.000000 0.000000 0.000000
27.000000 255.778631 13.796194 -0.222318 3.535019 0.000000 0.000000 0.000000 1.000000 0.000000 0.000000
27.000000 255.779533 13.720565 -0.225013 3.536367 0.000000 0.000000 0.000000 1.000000 0.000000 0.000000
27.000000 255.779712 13.758265 -0.230118 3.553650 0.000000 0.000000 0.000000 1.000000 0.000000 0.000000
27.000000 255.783132 13.938069 -0.180504 3.498083 0.000000 0.000000 0.000000 1.000000 0.000000 0.000000
27.000000 255.787737 13.737539 -0.194140 3.494939 0.000000 0.000000 0.000000 1.000000 0.000000 0.000000
27.000000 255.788885 13.698740 -0.217032 3.529946 0.000000 0.000000 0.000000 1.000000 0.000000 0.000000
27.000000 255.789617 13.775140 -0.217082 3.521385 0.000000 0.000000 0.000000 1.000000 0.000000 0.000000
27.000000 255.789687 13.584956 -0.278349 3.548239 0.000000 0.000000 0.000000 1.000000 0.000000 0.000000
27.000000 255.793095 13.763839 -0.178307 3.501410 0.000000 0.000000 0.000000 1.000000 0.000000 0.000000
27.000000 255.798012 13.634661 -0.194742 3.490909 0.000000 0.000000 0.000000 1.000000 0.000000 0.000000
27.000000 255.798676 13.569631 -0.208897 3.521008 0.000000 0.000000 0.000000 1.000000 0.000000 0.000000
27.000000 255.799521 13.513756 -0.213300 3.517001 0.000000 0.000000 0.000000 1.000000 0.000000 0.000000
27.000000 255.803351 13.623502 -0.172909 3.488602 0.000000 0.000000 0.000000 1.000000 0.000000 0.000000
27.000000 255.808027 13.552897 -0.196120 3.480313 0.000000 0.000000 0.000000 1.000000 0.000000 0.000000
27.000000 255.808819 13.515952 -0.217974 3.505660 0.000000 0.000000 0.000000 1.000000 0.000000 0.000000
27.000000 255.809592 13.420746 -0.217910 3.489976 0.000000 0.000000 0.000000 1.000000 0.000000 0.000000
27.000000 255.809663 13.888726 -0.042150 3.524085 0.000000 0.000000 0.000000 1.000000 0.000000 0.000000
27.000000 255.813110 13.666658 -0.182458 3.487330 0.000000 0.000000 0.000000 1.000000 0.000000 0.000000
27.000000 255.817805 13.445511 -0.192353 3.473933 0.000000 0.000000 0.000000 1.000000 0.000000 0.000000
27.000000 255.818551 13.433335 -0.222595 3.498936 0.000000 0.000000 0.000000 1.000000 0.000000 0.000000
27.000000 255.819544 13.313365 -0.225512 3.498474 0.000000 0.000000 0.000000 1.000000 0.000000 0.000000
27.000000 255.819717 13.492243 -0.178452 3.524188 0.000000 0.000000 0.000000 1.000000 0.000000 0.000000
27.000000 255.823233 13.570051 -0.181160 3.473272 0.000000 0.000000 0.000000 1.000000 0.000000 0.000000
27.000000 255.825829 13.200279 -0.135028 3.471036 0.000000 0.000000 0.000000 1.000000 0.000000 0.000000
27.000000 255.827847 13.353692 -0.226529 3.535347 0.000000 0.000000 0.000000 1.000000 0.000000 0.000000
27.000000 255.828621 13.326494 -0.222102 3.497646 0.000000 0.000000 0.000000 1.000000 0.000000 0.000000
27.000000 255.829634 13.360912 -0.220937 3.493859 0.000000 0.000000 0.000000 1.000000 0.000000 0.000000
27.000000 255.829680 13.506575 -0.133680 3.517823 0.000000 0.000000 0.000000 1.000000 0.000000 0.000000
27.000000 255.833082 13.368116 -0.174287 3.461730 0.000000 0.000000 0.000000 1.000000 0.000000 0.000000
27.000000 255.835849 13.081850 -0.131349 3.457836 0.000000 0.000000 0.000000 1.000000 0.000000 0.000000
27.000000 255.837957 13.257012 -0.232814 3.523984 0.000000 0.000000 0.000000 1.000000 0.000000 0.000000
27.000000 255.838694 13.196240 -0.214636 3.490697 0.000000 0.000000 0.000000 1.000000 0.000000 0.000000
27.000000 255.839570 13.110866 -0.218461 3.482523 0.000000 0.000000 0.000000 1.000000 0.000000 0.000000
27.000000 255.839691 13.413780 -0.113159 3.517572 0.000000 0.000000 0.000000 1.000000 0.000000 0.000000
27.000000 255.843225 13.356006 -0.173393 3.464959 0.000000 0.000000 0.000000 1.000000 0.000000 0.000000
27.000000 255.845843 12.978057 -0.129244 3.452163 0.000000 0.000000 0.000000 1.000000 0.000000 0.000000
27.000000 255.847879 13.127142 -0.218671 3.516426 0.000000 0.000000 0.000000 1.000000 0.000000 0.000000
27.000000 255.848759 13.107824 -0.218421 3.480883 0.000000 0.000000 0.000000 1.000000 0.000000 0.000000
27.000000 255.849631 13.138802 -0.217312 3.479278 0.000000 0.000000 0.000000 1.000000 0.000000 0.000000
27.000000 255.849652 13.177023 -0.175372 3.511654 0.000000 0.000000 0.000000 1.000000 0.000000 0.000000
27.000000 255.853167 13.143097 -0.168265 3.453688 0.000000 0.000000 0.000000 1.000000 0.000000 0.000000
27.000000 255.855768 12.873025 -0.128867 3.441410 0.000000 0.000000 0.000000 1.000000 0.000000 0.000000
27.000000 255.858011 13.034538 -0.226540 3.505794 0.000000 0.000000 0.000000 1.000000 0.000000 0.000000
27.000000 255.858787 12.960622 -0.207002 3.474214 0.000000 0.000000 0.000000 1.000000 0.000000 0.000000
27.000000 255.859518 12.914339 -0.211898 3.468640 0.000000 0.000000 0.000000 1.000000 0.000000 0.000000
27.000000 255.859886 13.157962 -0.139063 3.499181 0.000000 0.000000 0.000000 1.000000 0.000000 0.000000
27.000000 255.863226 13.158853 -0.177583 3.441429 0.000000 0.000000 0.000000 1.000000 0.000000 0.000000
27.000000 255.865877 12.842982 -0.143917 3.432869 0.000000 0.000000 0.000000 1.000000 0.000000 0.000000
27.000000 255.867993 12.972236 -0.226764 3.492990 0.000000 0.000000 0.000000 1.000000 0.000000 0.000000
27.000000 255.868792 12.886197 -0.204475 3.465811 0.000000 0.000000 0.000000 1.000000 0.000000 0.000000
27.000000 255.869639 12.969851 -0.204083 3.464258 0.000000 0.000000 0.000000 1.000000 0.000000 0.000000
27.000000 255.870073 13.174515 -0.092949 3.481078 0.000000 0.000000 0.000000 1.000000 0.000000 0.000000
27.000000 255.873133 12.950893 -0.172935 3.420946 0.000000 0.000000 0.000000 1.000000 0.000000 0.000000
27.000000 255.875698 12.693642 -0.135511 3.416015 0.000000 0.000000 0.000000 1.000000 0.000000 0.000000
27.000000 255.877846 12.845325 -0.223434 3.478744 0.000000 0.000000 0.000000 1.000000 0.000000 0.000000
27.000000 255.878688 12.778147 -0.203321 3.454565 0.000000 0.000000 0.000000 1.000000 0.000000 0.000000
27.000000 255.879540 12.774605 -0.205233 3.438685 0.000000 0.000000 0.000000 1.000000 0.000000 0.000000
27.000000 255.879780 13.082049 -0.088654 3.464197 0.000000 0.000000 0.000000 1.000000 0.000000 0.000000
27.000000 255.883271 12.953432 -0.173673 3.416899 0.000000 0.000000 0.000000 1.000000 0.000000 0.000000
27.000000 255.885846 12.607556 -0.136291 3.402771 0.000000 0.000000 0.000000 1.000000 0.000000 0.000000
27.000000 255.887833 12.698342 -0.193573 3.463040 0.000000 0.000000 0.000000 1.000000 0.000000 0.000000
27.000000 255.888764 12.708946 -0.204782 3.435712 0.000000 0.000000 0.000000 1.000000 0.000000 0.000000
27.000000 255.889641 12.763112 -0.204167 3.437792 0.000000 0.000000 0.000000 1.000000 0.000000 0.000000
27.000000 255.889649 12.962367 -0.103106 3.452674 0.000000 0.000000 0.000000 1.000000 0.000000 0.000000
27.000000 255.893172 12.774962 -0.175649 3.390647 0.000000 0.000000 0.000000 1.000000 0.000000 0.000000
27.000000 255.895724 12.482655 -0.134032 3.386545 0.000000 0.000000 0.000000 1.000000 0.000000 0.000000
27.000000 255.897875 12.539484 -0.175408 3.449145 0.000000 0.000000 0.000000 1.000000 0.000000 0.000000
27.000000 255.898648 12.610575 -0.211772 3.416782 0.000000 0.000000 0.000000 1.000000 0.000000 0.000000
27.000000 255.899607 12.512373 -0.212986 3.410286 0.000000 0.000000 0.000000 1.000000 0.000000 0.000000
27.000000 255.899907 12.913537 -0.067790 3.439352 0.000000 0.000000 0.000000 1.000000 0.000000 0.000000
27.000000 255.903278 12.764831 -0.172249 3.388251 0.000000 0.000000 0.000000 1.000000 0.000000 0.000000
27.000000 255.905638 12.399864 -0.133799 3.372733 0.000000 0.000000 0.000000 1.000000 0.000000 0.000000
27.000000 255.907880 12.438353 -0.172361 3.428879 0.000000 0.000000 0.000000 1.000000 0.000000 0.000000
27.000000 255.908998 12.534722 -0.225613 3.391765 0.000000 0.000000 0.000000 1.000000 0.000000 0.000000
27.000000 255.909629 12.406388 -0.227237 3.391012 0.000000 0.000000 0.000000 1.000000 0.000000 0.000000
27.000000 255.909719 12.784986 -0.085819 3.423184 0.000000 0.000000 0.000000 1.000000 0.000000 0.000000
27.000000 255.913186 12.666622 -0.170043 3.369843 0.000000 0.000000 0.000000 1.000000 0.000000 0.000000
27.000000 255.915706 12.298733 -0.132759 3.357245 0.000000 0.000000 0.000000 1.000000 0.000000 0.000000
27.000000 255.917845 12.316366 -0.161716 3.417675 0.000000 0.000000 0.000000 1.000000 0.000000 0.000000
27.000000 255.918782 12.397283 -0.209141 3.380312 0.000000 0.000000 0.000000 1.000000 0.000000 0.000000
27.000000 255.919539 12.376936 -0.212630 3.372008 0.000000 0.000000 0.000000 1.000000 0.000000 0.000000
27.000000 255.919964 12.623314 -0.119366 3.399931 0.000000 0.000000 0.000000 1.000000 0.000000 0.000000
27.000000 255.923251 12.561471 -0.168618 3.347537 0.000000 0.000000 0.000000 1.000000 0.000000 0.000000
27.000000 255.925692 12.202985 -0.132576 3.338564 0.000000 0.000000 0.000000 1.000000 0.000000 0.000000
27.000000 255.927988 12.226972 -0.163571 3.400777 0.000000 0.000000 0.000000 1.000000 0.000000 0.000000
27.000000 255.928858 12.295522 -0.205107 3.361718 0.000000 0.000000 0.000000 1.000000 0.000000 0.000000
27.000000 255.929638 12.269047 -0.208245 3.349328 0.000000 0.000000 0.000000 1.000000 0.000000 0.000000
27.000000 255.929850 12.590856 -0.089688 3.379738 0.000000 0.000000 0.000000 1.000000 0.000000 0.000000
27.000000 255.933222 12.476340 -0.168965 3.331461 0.000000 0.000000 0.000000 1.000000 0.000000 0.000000
27.000000 255.935695 12.107491 -0.131287 3.322404 0.000000 0.000000 0.000000 1.000000 0.000000 0.000000
27.000000 255.937885 12.076536 -0.133445 3.381705 0.000000 0.000000 0.000000 1.000000 0.000000 0.000000
27.000000 255.938607 12.227821 -0.207381 3.338779 0.000000 0.000000 0.000000 1.000000 0.000000 0.000000
27.000000 255.939594 12.170299 -0.209854 3.329097 0.000000 0.000000 0.000000 1.000000 0.000000 0.000000
27.000000 255.939823 12.472475 -0.094790 3.358779 0.000000 0.000000 0.000000 1.000000 0.000000 0.000000
27.000000 255.943258 12.360192 -0.168882 3.311214 0.000000 0.000000 0.000000 1.000000 0.000000 0.000000
27.000000 255.945720 12.002609 -0.133523 3.300083 0.000000 0.000000 0.000000 1.000000 0.000000 0.000000
27.000000 255.947891 11.992653 -0.145104 3.359868 0.000000 0.000000 0.000000 1.000000 0.000000 0.000000
27.000000 255.948668 12.107389 -0.203750 3.320835 0.000000 0.000000 0.000000 1.000000 0.000000 0.000000
27.000000 255.949656 12.018417 -0.202930 3.305461 0.000000 0.000000 0.000000 1.000000 0.000000 0.000000
27.000000 255.949859 12.474133 -0.035623 3.332563 0.000000 0.000000 0.000000 1.000000 0.000000 0.000000
27.000000 255.953204 12.262909 -0.169141 3.290610 0.000000 0.000000 0.000000 1.000000 0.000000 0.000000
27.000000 255.955697 11.911988 -0.134622 3.280303 0.000000 0.000000 0.000000 1.000000 0.000000 0.000000
27.000000 255.957958 11.845337 -0.125778 3.332800 0.000000 0.000000 0.000000 1.000000 0.000000 0.000000
27.000000 255.958552 11.982859 -0.201336 3.292641 0.000000 0.000000 0.000000 1.000000 0.000000 0.000000
27.000000 255.959699 12.072552 -0.200982 3.296321 0.000000 0.000000 0.000000 1.000000 0.000000 0.000000
27.000000 255.959788 12.332736 -0.063953 3.310114 0.000000 0.000000 0.000000 1.000000 0.000000 0.000000
27.000000 255.963256 12.052477 -0.167172 3.249480 0.000000 0.000000 0.000000 1.000000 0.000000 0.000000
27.000000 255.965767 11.786155 -0.130910 3.248544 0.000000 0.000000 0.000000 1.000000 0.000000 0.000000
27.000000 255.967926 11.797470 -0.146456 3.307900 0.000000 0.000000 0.000000 1.000000 0.000000 0.000000
27.000000 255.968662 11.910843 -0.199493 3.272281 0.000000 0.000000 0.000000 1.000000 0.000000 0.000000
27.000000 255.969672 11.971580 -0.198744 3.275479 0.000000 0.000000 0.000000 1.000000 0.000000 0.000000
27.000000 255.969674 12.165459 -0.098381 3.293329 0.000000 0.000000 0.000000 1.000000 0.000000 0.000000
27.000000 255.973166 11.980031 -0.168495 3.233276 0.000000 0.000000 0.000000 1.000000 0.000000 0.000000
27.000000 255.975727 11.686193 -0.128697 3.228102 0.000000 0.000000 0.000000 1.000000 0.000000 0.000000
27.000000 255.977914 11.676523 -0.135042 3.287988 0.000000 0.000000 0.000000 1.000000 0.000000 0.000000
27.000000 255.978662 11.816367 -0.200081 3.246217 0.000000 0.000000 0.000000 1.000000 0.000000 0.000000
27.000000 255.979718 11.873148 -0.199205 3.246118 0.000000 0.000000 0.000000 1.000000 0.000000 0.000000
27.000000 255.979793 12.031492 -0.117514 3.266097 0.000000 0.000000 0.000000 1.000000 0.000000 0.000000
27.000000 255.983675 11.893852 -0.169886 3.210278 0.000000 0.000000 0.000000 1.000000 0.000000 0.000000
27.000000 255.985731 11.613164 -0.132232 3.207250 0.000000 0.000000 0.000000 1.000000 0.000000 0.000000
27.000000 255.987880 11.567119 -0.125489 3.263443 0.000000 0.000000 0.000000 1.000000 0.000000 0.000000
27.000000 255.988737 11.711963 -0.197210 3.223973 0.000000 0.000000 0.000000 1.000000 0.000000 0.000000
27.000000 255.989644 11.703824 -0.200681 3.212369 0.000000 0.000000 0.000000 1.000000 0.000000 0.000000
27.000000 255.989682 11.968062 -0.104506 3.240343 0.000000 0.000000 0.000000 1.000000 0.000000 0.000000
27.000000 255.993123 11.880609 -0.167675 3.194944 0.000000 0.000000 0.000000 1.000000 0.000000 0.000000
27.000000 255.995762 11.476568 -0.126430 3.176361 0.000000 0.000000 0.000000 1.000000 0.000000 0.000000
27.000000 255.997996 11.436165 -0.115599 3.231908 0.000000 0.000000 0.000000 1.000000 0.000000 0.000000
27.000000 255.998646 11.612707 -0.194638 3.193687 0.000000 0.000000 0.000000 1.000000 0.000000 0.000000
27.000000 255.999797 11.588182 -0.193429 3.174160 0.000000 0.000000 0.000000 1.000000 0.000000 0.000000
27.000000 255.999802 12.005066 -0.034227 3.202186 0.000000 0.000000 0.000000 1.000000 0.000000 0.000000
27.000000 256.003202 11.780859 -0.166427 3.169556 0.000000 0.000000 0.000000 1.000000 0.000000 0.000000
27.000000 256.005795 11.393615 -0.127921 3.151015 0.000000 0.000000 0.000000 1.000000 0.000000 0.000000
27.000000 256.007928 11.396126 -0.141066 3.207639 0.000000 0.000000 0.000000 1.000000 0.000000 0.000000
27.000000 256.008693 11.509501 -0.197435 3.172574 0.000000 0.000000 0.000000 1.000000 0.000000 0.000000
27.000000 256.009647 11.497700 -0.198883 3.156565 0.000000 0.000000 0.000000 1.000000 0.000000 0.000000
27.000000 256.009767 11.803887 -0.086133 3.182505 0.000000 0.000000 0.000000 1.000000 0.000000 0.000000
27.000000 256.013015 11.686197 -0.165230 3.142407 0.000000 0.000000 0.000000 1.000000 0.000000 0.000000
27.000000 256.015706 11.320259 -0.129112 3.121769 0.000000 0.000000 0.000000 1.000000 0.000000 0.000000
27.000000 256.017912 11.343523 -0.152275 3.174723 0.000000 0.000000 0.000000 1.000000 0.000000 0.000000
27.000000 256.018616 11.433349 -0.199714 3.140801 0.000000 0.000000 0.000000 1.000000 0.000000 0.000000
27.000000 256.019598 11.420761 -0.204071 3.130961 0.000000 0.000000 0.000000 1.000000 0.000000 0.000000
27.000000 256.019782 11.628940 -0.127068 3.159642 0.000000 0.000000 0.000000 1.000000 0.000000 0.000000
27.000000 256.023116 11.583818 -0.164712 3.113944 0.000000 0.000000 0.000000 1.000000 0.000000 0.000000
27.000000 256.025893 11.215175 -0.129572 3.093755 0.000000 0.000000 0.000000 1.000000 0.000000 0.000000
27.000000 256.028081 11.226678 -0.147861 3.148793 0.000000 0.000000 0.000000 1.000000 0.000000 0.000000
27.000000 256.028728 11.327641 -0.200704 3.115953 0.000000 0.000000 0.000000 1.000000 0.000000 0.000000
27.000000 256.029720 11.391826 -0.200147 3.117340 0.000000 0.000000 0.000000 1.000000 0.000000 0.000000
27.000000 256.029737 11.544258 -0.119557 3.132929 0.000000 0.000000 0.000000 1.000000 0.000000 0.000000
27.000000 256.033122 11.420202 -0.165175 3.080087 0.000000 0.000000 0.000000 1.000000 0.000000 0.000000
27.000000 256.035750 11.087068 -0.120124 3.063972 0.000000 0.000000 0.000000 1.000000 0.000000 0.000000
27.000000 256.037921 11.105378 -0.135966 3.117558 0.000000 0.000000 0.000000 1.000000 0.000000 0.000000
27.000000 256.038655 11.240238 -0.198501 3.081836 0.000000 0.000000 0.000000 1.000000 0.000000 0.000000
27.000000 256.039601 11.207926 -0.202463 3.074544 0.000000 0.000000 0.000000 1.000000 0.000000 0.000000
27.000000 256.039730 11.432626 -0.122938 3.102196 0.000000 0.000000 0.000000 1.000000 0.000000 0.000000
27.000000 256.043275 11.388459 -0.164102 3.055121 0.000000 0.000000 0.000000 1.000000 0.000000 0.000000
27.000000 256.045776 11.018501 -0.129827 3.033530 0.000000 0.000000 0.000000 1.000000 0.000000 0.000000
27.000000 256.047997 11.012520 -0.144015 3.086884 0.000000 0.000000 0.000000 1.000000 0.000000 0.000000
27.000000 256.048769 11.114785 -0.202122 3.054842 0.000000 0.000000 0.000000 1.000000 0.000000 0.000000
27.000000 256.049678 11.097462 -0.202386 3.039467 0.000000 0.000000 0.000000 1.000000 0.000000 0.000000
27.000000 256.049698 11.408465 -0.089485 3.063717 0.000000 0.000000 0.000000 1.000000 0.000000 0.000000
27.000000 256.053205 11.298732 -0.166805 3.024847 0.000000 0.000000 0.000000 1.000000 0.000000 0.000000
27.000000 256.055762 10.923242 -0.131569 3.007201 0.000000 0.000000 0.000000 1.000000 0.000000 0.000000
27.000000 256.057973 10.915656 -0.154367 3.061490 0.000000 0.000000 0.000000 1.000000 0.000000 0.000000
27.000000 256.058630 10.956431 -0.195079 3.032081 0.000000 0.000000 0.000000 1.000000 0.000000 0.000000
27.000000 256.059607 10.995139 -0.199167 3.015703 0.000000 0.000000 0.000000 1.000000 0.000000 0.000000
27.000000 256.059789 11.237198 -0.117688 3.040900 0.000000 0.000000 0.000000 1.000000 0.000000 0.000000
27.000000 256.063239 11.195448 -0.161947 2.994016 0.000000 0.000000 0.000000 1.000000 0.000000 0.000000
27.000000 256.065939 10.846460 -0.130150 2.969036 0.000000 0.000000 0.000000 1.000000 0.000000 0.000000
27.000000 256.068073 10.882271 -0.169741 3.019182 0.000000 0.000000 0.000000 1.000000 0.000000 0.000000
27.000000 256.068757 10.886062 -0.192078 2.994622 0.000000 0.000000 0.000000 1.000000 0.000000 0.000000
27.000000 256.069673 10.941615 -0.198248 2.980509 0.000000 0.000000 0.000000 1.000000 0.000000 0.000000
27.000000 256.069716 11.103107 -0.144715 3.006140 0.000000 0.000000 0.000000 1.000000 0.000000 0.000000
27.000000 256.073220 11.101552 -0.163302 2.958035 0.000000 0.000000 0.000000 1.000000 0.000000 0.000000
27.000000 256.075787 10.756368 -0.133206 2.939740 0.000000 0.000000 0.000000 1.000000 0.000000 0.000000
27.000000 256.078120 10.671280 -0.114598 2.987475 0.000000 0.000000 0.000000 1.000000 0.000000 0.000000
27.000000 256.078770 10.812611 -0.194078 2.956243 0.000000 0.000000 0.000000 1.000000 0.000000 0.000000
27.000000 256.079622 10.833292 -0.198215 2.949253 0.000000 0.000000 0.000000 1.000000 0.000000 0.000000
27.000000 256.079771 11.047971 -0.124991 2.974175 0.000000 0.000000 0.000000 1.000000 0.000000 0.000000
27.000000 256.083146 11.013047 -0.163263 2.928633 0.000000 0.000000 0.000000 1.000000 0.000000 0.000000
27.000000 256.085844 10.621846 -0.127145 2.904812 0.000000 0.000000 0.000000 1.000000 0.000000 0.000000
27.000000 256.088072 10.555795 -0.105848 2.953437 0.000000 0.000000 0.000000 1.000000 0.000000 0.000000
27.000000 256.088839 10.738572 -0.192545 2.918052 0.000000 0.000000 0.000000 1.000000 0.000000 0.000000
27.000000 256.089701 10.715443 -0.195036 2.912686 0.000000 0.000000 0.000000 1.000000 0.000000 0.000000
27.000000 256.089787 10.965514 -0.113185 2.934986 0.000000 0.000000 0.000000 1.000000 0.000000 0.000000
27.000000 256.093103 10.919892 -0.160938 2.893481 0.000000 0.000000 0.000000 1.000000 0.000000 0.000000
27.000000 256.095840 10.534416 -0.123625 2.870551 0.000000 0.000000 0.000000 1.000000 0.000000 0.000000
27.000000 256.098017 10.535663 -0.136766 2.919770 0.000000 0.000000 0.000000 1.000000 0.000000 0.000000
27.000000 256.098786 10.654684 -0.200090 2.885794 0.000000 0.000000 0.000000 1.000000 0.000000 0.000000
27.000000 256.099774 10.716777 -0.199541 2.886989 0.000000 0.000000 0.000000 1.000000 0.000000 0.000000
27.000000 256.099899 10.894011 -0.103078 2.896465 0.000000 0.000000 0.000000 1.000000 0.000000 0.000000
27.000000 256.103181 10.724003 -0.163708 2.845380 0.000000 0.000000 0.000000 1.000000 0.000000 0.000000
27.000000 256.105793 10.425638 -0.124968 2.832020 0.000000 0.000000 0.000000 1.000000 0.000000 0.000000
27.000000 256.108133 10.419007 -0.135302 2.880821 0.000000 0.000000 0.000000 1.000000 0.000000 0.000000
27.000000 256.108865 10.535450 -0.198571 2.848958 0.000000 0.000000 0.000000 1.000000 0.000000 0.000000
27.000000 256.109720 10.544043 -0.198822 2.831801 0.000000 0.000000 0.000000 1.000000 0.000000 0.000000
27.000000 256.109816 10.799335 -0.104292 2.856030 0.000000 0.000000 0.000000 1.000000 0.000000 0.000000
27.000000 256.113206 10.721723 -0.160410 2.823342 0.000000 0.000000 0.000000 1.000000 0.000000 0.000000
27.000000 256.115789 10.347514 -0.125571 2.796825 0.000000 0.000000 0.000000 1.000000 0.000000 0.000000
27.000000 256.118162 10.346011 -0.133766 2.843211 0.000000 0.000000 0.000000 1.000000 0.000000 0.000000
27.000000 256.118741 10.478755 -0.200429 2.809608 0.000000 0.000000 0.000000 1.000000 0.000000 0.000000
27.000000 256.119653 10.440544 -0.204595 2.806317 0.000000 0.000000 0.000000 1.000000 0.000000 0.000000
27.000000 256.119820 10.644052 -0.139948 2.830589 0.000000 0.000000 0.000000 1.000000 0.000000 0.000000
27.000000 256.123252 10.645886 -0.160495 2.784923 0.000000 0.000000 0.000000 1.000000 0.000000 0.000000
27.000000 256.125852 10.229857 -0.120733 2.756096 0.000000 0.000000 0.000000 1.000000 0.000000 0.000000
27.000000 256.128035 10.245084 -0.136474 2.806081 0.000000 0.000000 0.000000 1.000000 0.000000 0.000000
27.000000 256.128797 10.367247 -0.198587 2.773291 0.000000 0.000000 0.000000 1.000000 0.000000 0.000000
27.000000 256.129761 10.364738 -0.203030 2.765238 0.000000 0.000000 0.000000 1.000000 0.000000 0.000000
27.000000 256.129811 10.536109 -0.145244 2.789792 0.000000 0.000000 0.000000 1.000000 0.000000 0.000000
27.000000 256.133153 10.538184 -0.160333 2.747226 0.000000 0.000000 0.000000 1.000000 0.000000 0.000000
27.000000 256.135834 10.172171 -0.127644 2.719510 0.000000 0.000000 0.000000 1.000000 0.000000 0.000000
27.000000 256.138024 10.179121 -0.145265 2.766630 0.000000 0.000000 0.000000 1.000000 0.000000 0.000000
27.000000 256.138845 10.271946 -0.200268 2.738141 0.000000 0.000000 0.000000 1.000000 0.000000 0.000000
27.000000 256.139769 10.342530 -0.199998 2.736458 0.000000 0.000000 0.000000 1.000000 0.000000 0.000000
27.000000 256.139827 10.427065 -0.150114 2.752307 0.000000 0.000000 0.000000 1.000000 0.000000 0.000000
27.000000 256.143387 10.374126 -0.166114 2.708157 0.000000 0.000000 0.000000 1.000000 0.000000 0.000000
27.000000 256.145825 10.030390 -0.121651 2.678658 0.000000 0.000000 0.000000 1.000000 0.000000 0.000000
27.000000 256.148105 10.060801 -0.139881 2.724726 0.000000 0.000000 0.000000 1.000000 0.000000 0.000000
27.000000 256.148858 10.186999 -0.200931 2.690009 0.000000 0.000000 0.000000 1.000000 0.000000 0.000000
27.000000 256.149730 10.150213 -0.202168 2.680311 0.000000 0.000000 0.000000 1.000000 0.000000 0.000000
27.000000 256.149740 10.373246 -0.125874 2.703448 0.000000 0.000000 0.000000 1.000000 0.000000 0.000000
27.000000 256.153321 10.343485 -0.159961 2.667325 0.000000 0.000000 0.000000 1.000000 0.000000 0.000000
27.000000 256.155847 9.959297 -0.124139 2.636541 0.000000 0.000000 0.000000 1.000000 0.000000 0.000000
27.000000 256.158021 9.957805 -0.139582 2.679682 0.000000 0.000000 0.000000 1.000000 0.000000 0.000000
27.000000 256.158757 10.063751 -0.203296 2.651565 0.000000 0.000000 0.000000 1.000000 0.000000 0.000000
27.000000 256.159771 10.147165 -0.203208 2.651165 0.000000 0.000000 0.000000 1.000000 0.000000 0.000000
27.000000 256.159854 10.255688 -0.135006 2.667033 0.000000 0.000000 0.000000 1.000000 0.000000 0.000000
27.000000 256.163248 10.172108 -0.157164 2.625330 0.000000 0.000000 0.000000 1.000000 0.000000 0.000000
27.000000 256.165874 9.826964 -0.112295 2.590479 0.000000 0.000000 0.000000 1.000000 0.000000 0.000000
27.000000 256.168042 9.923253 -0.163856 2.637256 0.000000 0.000000 0.000000 1.000000 0.000000 0.000000
27.000000 256.168848 9.983685 -0.200614 2.607196 0.000000 0.000000 0.000000 1.000000 0.000000 0.000000
27.000000 256.169721 9.967163 -0.206497 2.598350 0.000000 0.000000 0.000000 1.000000 0.000000 0.000000
27.000000 256.169804 10.131027 -0.157636 2.623139 0.000000 0.000000 0.000000 1.000000 0.000000 0.000000
27.000000 256.173336 10.168403 -0.153797 2.583667 0.000000 0.000000 0.000000 1.000000 0.000000 0.000000
27.000000 256.175972 9.733995 -0.109873 2.553992 0.000000 0.000000 0.000000 1.000000 0.000000 0.000000
27.000000 256.178051 9.762923 -0.128115 2.599753 0.000000 0.000000 0.000000 1.000000 0.000000 0.000000
27.000000 256.178928 9.921392 -0.206221 2.560777 0.000000 0.000000 0.000000 1.000000 0.000000 0.000000
27.000000 256.179650 9.864654 -0.210690 2.560993 0.000000 0.000000 0.000000 1.000000 0.000000 0.000000
27.000000 256.179807 10.012459 -0.169321 2.580654 0.000000 0.000000 0.000000 1.000000 0.000000 0.000000
27.000000 256.183249 10.059772 -0.162390 2.539435 0.000000 0.000000 0.000000 1.000000 0.000000 0.000000
27.000000 256.185927 9.681981 -0.126115 2.515309 0.000000 0.000000 0.000000 1.000000 0.000000 0.000000
27.000000 256.188132 9.640508 -0.117535 2.554385 0.000000 0.000000 0.000000 1.000000 0.000000 0.000000
27.000000 256.188773 9.801450 -0.201148 2.516012 0.000000 0.000000 0.000000 1.000000 0.000000 0.000000
27.000000 256.189776 9.871297 -0.200809 2.517268 0.000000 0.000000 0.000000 1.000000 0.000000 0.000000
27.000000 256.189965 9.944502 -0.157018 2.535578 0.000000 0.000000 0.000000 1.000000 0.000000 0.000000
27.000000 256.193219 9.912757 -0.165544 2.498235 0.000000 0.000000 0.000000 1.000000 0.000000 0.000000
27.000000 256.195945 9.561749 -0.121083 2.468497 0.000000 0.000000 0.000000 1.000000 0.000000 0.000000
27.000000 256.198058 9.579842 -0.137206 2.512239 0.000000 0.000000 0.000000 1.000000 0.000000 0.000000
27.000000 256.198804 9.700751 -0.201473 2.476465 0.000000 0.000000 0.000000 1.000000 0.000000 0.000000
27.000000 256.199703 9.666223 -0.203144 2.467294 0.000000 0.000000 0.000000 1.000000 0.000000 0.000000
27.000000 256.199836 9.858607 -0.146450 2.484934 0.000000 0.000000 0.000000 1.000000 0.000000 0.000000
27.000000 256.203316 9.873077 -0.159855 2.449805 0.000000 0.000000 0.000000 1.000000 0.000000 0.000000
27.000000 256.206054 9.471720 -0.119743 2.422462 0.000000 0.000000 0.000000 1.000000 0.000000 0.000000
27.000000 256.208073 9.492596 -0.135474 2.464479 0.000000 0.000000 0.000000 1.000000 0.000000 0.000000
27.000000 256.208931 9.615725 -0.199919 2.422513 0.000000 0.000000 0.000000 1.000000 0.000000 0.000000
27.000000 256.209751 9.565351 -0.200625 2.409551 0.000000 0.000000 0.000000 1.000000 0.000000 0.000000
27.000000 256.209787 9.818330 -0.120820 2.434034 0.000000 0.000000 0.000000 1.000000 0.000000 0.000000
27.000000 256.213356 9.788787 -0.156643 2.408376 0.000000 0.000000 0.000000 1.000000 0.000000 0.000000
27.000000 256.215921 9.424391 -0.120636 2.382015 0.000000 0.000000 0.000000 1.000000 0.000000 0.000000
27.000000 256.218005 9.376128 -0.124288 2.416632 0.000000 0.000000 0.000000 1.000000 0.000000 0.000000
27.000000 256.219843 9.545798 -0.228776 2.399147 0.000000 0.000000 0.000000 1.000000 0.000000 0.000000
27.000000 256.220088 9.630883 -0.172691 2.397987 0.000000 0.000000 0.000000 1.000000 0.000000 0.000000
27.000000 256.223385 9.661871 -0.154936 2.368254 0.000000 0.000000 0.000000 1.000000 0.000000 0.000000
27.000000 256.225826 9.240921 -0.101261 2.320171 0.000000 0.000000 0.000000 1.000000 0.000000 0.000000
27.000000 256.228040 9.324242 -0.145354 2.364440 0.000000 0.000000 0.000000 1.000000 0.000000 0.000000
27.000000 256.228900 9.397871 -0.189185 2.330353 0.000000 0.000000 0.000000 1.000000 0.000000 0.000000
27.000000 256.229787 9.405828 -0.199843 2.322166 0.000000 0.000000 0.000000 1.000000 0.000000 0.000000
27.000000 256.229861 9.551705 -0.169113 2.347758 0.000000 0.000000 0.000000 1.000000 0.000000 0.000000
27.000000 256.233269 9.605055 -0.158474 2.310800 0.000000 0.000000 0.000000 1.000000 0.000000 0.000000
27.000000 256.235876 9.173119 -0.113571 2.278265 0.000000 0.000000 0.000000 1.000000 0.000000 0.000000
27.000000 256.238017 9.211494 -0.137808 2.318822 0.000000 0.000000 0.000000 1.000000 0.000000 0.000000
27.000000 256.238761 9.293454 -0.184433 2.297381 0.000000 0.000000 0.000000 1.000000 0.000000 0.000000
27.000000 256.239720 9.382829 -0.189399 2.280726 0.000000 0.000000 0.000000 1.000000 0.000000 0.000000
27.000000 256.239856 9.473305 -0.163565 2.295635 0.000000 0.000000 0.000000 1.000000 0.000000 0.000000
27.000000 256.243345 9.507337 -0.156416 2.265370 0.000000 0.000000 0.000000 1.000000 0.000000 0.000000
27.000000 256.245989 9.087559 -0.113760 2.231904 0.000000 0.000000 0.000000 1.000000 0.000000 0.000000
27.000000 256.248087 9.124084 -0.135816 2.271450 0.000000 0.000000 0.000000 1.000000 0.000000 0.000000
27.000000 256.248832 9.229260 -0.192883 2.242127 0.000000 0.000000 0.000000 1.000000 0.000000 0.000000
27.000000 256.249867 9.369552 -0.193552 2.228212 0.000000 0.000000 0.000000 1.000000 0.000000 0.000000
27.000000 256.250345 9.460967 -0.112061 2.251345 0.000000 0.000000 0.000000 1.000000 0.000000 0.000000
27.000000 256.253258 9.267848 -0.152384 2.212283 0.000000 0.000000 0.000000 1.000000 0.000000 0.000000
27.000000 256.256191 9.013202 -0.121103 2.181598 0.000000 0.000000 0.000000 1.000000 0.000000 0.000000
27.000000 256.257997 9.040026 -0.139131 2.219859 0.000000 0.000000 0.000000 1.000000 0.000000 0.000000
27.000000 256.258805 9.147882 -0.197986 2.189557 0.000000 0.000000 0.000000 1.000000 0.000000 0.000000
27.000000 256.259740 9.133514 -0.197976 2.180717 0.000000 0.000000 0.000000 1.000000 0.000000 0.000000
27.000000 256.259842 9.292312 -0.155631 2.191207 0.000000 0.000000 0.000000 1.000000 0.000000 0.000000
27.000000 256.263305 9.314240 -0.165550 2.160276 0.000000 0.000000 0.000000 1.000000 0.000000 0.000000
27.000000 256.266179 8.983334 -0.133180 2.135474 0.000000 0.000000 0.000000 1.000000 0.000000 0.000000
27.000000 256.267998 8.959491 -0.138708 2.167089 0.000000 0.000000 0.000000 1.000000 0.000000 0.000000
27.000000 256.268835 9.052826 -0.200228 2.139647 0.000000 0.000000 0.000000 1.000000 0.000000 0.000000
27.000000 256.269747 9.051685 -0.205302 2.134251 0.000000 0.000000 0.000000 1.000000 0.000000 0.000000
27.000000 256.269808 9.139776 -0.189159 2.145404 0.000000 0.000000 0.000000 1.000000 0.000000 0.000000
27.000000 256.273287 9.219649 -0.159864 2.109743 0.000000 0.000000 0.000000 1.000000 0.000000 0.000000
27.000000 256.275964 8.839155 -0.119984 2.084540 0.000000 0.000000 0.000000 1.000000 0.000000 0.000000
27.000000 256.278081 8.847806 -0.133783 2.120544 0.000000 0.000000 0.000000 1.000000 0.000000 0.000000
27.000000 256.278797 8.961991 -0.200304 2.087511 0.000000 0.000000 0.000000 1.000000 0.000000 0.000000
27.000000 256.279701 8.932540 -0.203040 2.083886 0.000000 0.000000 0.000000 1.000000 0.000000 0.000000
27.000000 256.279886 9.064959 -0.178790 2.091408 0.000000 0.000000 0.000000 1.000000 0.000000 0.000000
27.000000 256.283688 9.138550 -0.160484 2.056092 0.000000 0.000000 0.000000 1.000000 0.000000 0.000000
27.000000 256.286090 8.727879 -0.114297 2.025890 0.000000 0.000000 0.000000 1.000000 0.000000 0.000000
27.000000 256.288106 8.768000 -0.139681 2.059569 0.000000 0.000000 0.000000 1.000000 0.000000 0.000000
27.000000 256.288808 8.880317 -0.204450 2.031589 0.000000 0.000000 0.000000 1.000000 0.000000 0.000000
27.000000 256.289789 8.957496 -0.204665 2.027542 0.000000 0.000000 0.000000 1.000000 0.000000 0.000000
27.000000 256.289838 8.994916 -0.162404 2.050526 0.000000 0.000000 0.000000 1.000000 0.000000 0.000000
27.000000 256.293262 8.950597 -0.159624 2.020559 0.000000 0.000000 0.000000 1.000000 0.000000 0.000000
27.000000 256.296038 8.665383 -0.124887 1.978506 0.000000 0.000000 0.000000 1.000000 0.000000 0.000000
27.000000 256.298050 8.682011 -0.139426 2.012150 0.000000 0.000000 0.000000 1.000000 0.000000 0.000000
27.000000 256.298828 8.796254 -0.204138 1.980977 0.000000 0.000000 0.000000 1.000000 0.000000 0.000000
27.000000 256.299701 8.732640 -0.198797 1.977924 0.000000 0.000000 0.000000 1.000000 0.000000 0.000000
27.000000 256.299886 8.928263 -0.143367 1.986181 0.000000 0.000000 0.000000 1.000000 0.000000 0.000000
27.000000 256.303479 8.950296 -0.156157 1.955342 0.000000 0.000000 0.000000 1.000000 0.000000 0.000000
27.000000 256.305832 8.557163 -0.115760 1.920034 0.000000 0.000000 0.000000 1.000000 0.000000 0.000000
27.000000 256.308135 8.627538 -0.151275 1.957830 0.000000 0.000000 0.000000 1.000000 0.000000 0.000000
27.000000 256.308878 8.724499 -0.206871 1.926023 0.000000 0.000000 0.000000 1.000000 0.000000 0.000000
27.000000 256.309814 8.665461 -0.207839 1.926351 0.000000 0.000000 0.000000 1.000000 0.000000 0.000000
27.000000 256.309977 8.782302 -0.181852 1.935252 0.000000 0.000000 0.000000 1.000000 0.000000 0.000000
27.000000 256.313310 8.855533 -0.158276 1.899531 0.000000 0.000000 0.000000 1.000000 0.000000 0.000000
27.000000 256.315805 8.501884 -0.121280 1.862247 0.000000 0.000000 0.000000 1.000000 0.000000 0.000000
27.000000 256.318024 8.556236 -0.166631 1.894757 0.000000 0.000000 0.000000 1.000000 0.000000 0.000000
27.000000 256.318812 8.588557 -0.207939 1.877598 0.000000 0.000000 0.000000 1.000000 0.000000 0.000000
27.000000 256.319838 8.666904 -0.207908 1.868083 0.000000 0.000000 0.000000 1.000000 0.000000 0.000000
27.000000 256.320205 8.709745 -0.175590 1.884393 0.000000 0.000000 0.000000 1.000000 0.000000 0.000000
27.000000 256.323372 8.742777 -0.158621 1.856234 0.000000 0.000000 0.000000 1.000000 0.000000 0.000000
27.000000 256.326068 8.362447 -0.112450 1.801297 0.000000 0.000000 0.000000 1.000000 0.000000 0.000000
27.000000 256.328069 8.451090 -0.156980 1.844304 0.000000 0.000000 0.000000 1.000000 0.000000 0.000000
27.000000 256.328844 8.527347 -0.204132 1.819336 0.000000 0.000000 0.000000 1.000000 0.000000 0.000000
27.000000 256.329801 8.501130 -0.201055 1.811777 0.000000 0.000000 0.000000 1.000000 0.000000 0.000000
27.000000 256.329943 8.659536 -0.152995 1.824334 0.000000 0.000000 0.000000 1.000000 0.000000 0.000000
27.000000 256.333431 8.695439 -0.151732 1.790401 0.000000 0.000000 0.000000 1.000000 0.000000 0.000000
27.000000 256.335998 8.266865 -0.110281 1.741578 0.000000 0.000000 0.000000 1.000000 0.000000 0.000000
27.000000 256.338074 8.371390 -0.160116 1.783321 0.000000 0.000000 0.000000 1.000000 0.000000 0.000000
27.000000 256.338941 8.447895 -0.206967 1.757823 0.000000 0.000000 0.000000 1.000000 0.000000 0.000000
27.000000 256.339722 8.424229 -0.198732 1.744585 0.000000 0.000000 0.000000 1.000000 0.000000 0.000000
27.000000 256.339990 8.608875 -0.137349 1.755455 0.000000 0.000000 0.000000 1.000000 0.000000 0.000000
27.000000 256.343497 8.613544 -0.153658 1.731782 0.000000 0.000000 0.000000 1.000000 0.000000 0.000000
27.000000 256.345973 8.173765 -0.108906 1.680828 0.000000 0.000000 0.000000 1.000000 0.000000 0.000000
27.000000 256.348256 8.278134 -0.159491 1.719458 0.000000 0.000000 0.000000 1.000000 0.000000 0.000000
27.000000 256.348965 8.346298 -0.203680 1.695956 0.000000 0.000000 0.000000 1.000000 0.000000 0.000000
27.000000 256.349802 8.306084 -0.204644 1.696479 0.000000 0.000000 0.000000 1.000000 0.000000 0.000000
27.000000 256.349829 8.427669 -0.175817 1.707609 0.000000 0.000000 0.000000 1.000000 0.000000 0.000000
27.000000 256.353446 8.501855 -0.149953 1.670237 0.000000 0.000000 0.000000 1.000000 0.000000 0.000000
27.000000 256.355978 8.062407 -0.104467 1.623657 0.000000 0.000000 0.000000 1.000000 0.000000 0.000000
27.000000 256.358224 8.186890 -0.161922 1.667276 0.000000 0.000000 0.000000 1.000000 0.000000 0.000000
27.000000 256.358916 8.248603 -0.202316 1.635746 0.000000 0.000000 0.000000 1.000000 0.000000 0.000000
27.000000 256.359724 8.211490 -0.205520 1.629481 0.000000 0.000000 0.000000 1.000000 0.000000 0.000000
27.000000 256.360034 8.361120 -0.166766 1.649577 0.000000 0.000000 0.000000 1.000000 0.000000 0.000000
27.000000 256.363547 8.418890 -0.149656 1.612961 0.000000 0.000000 0.000000 1.000000 0.000000 0.000000
27.000000 256.366032 7.986942 -0.108337 1.566052 0.000000 0.000000 0.000000 1.000000 0.000000 0.000000
27.000000 256.368053 8.114060 -0.162951 1.613377 0.000000 0.000000 0.000000 1.000000 0.000000 0.000000
27.000000 256.368836 8.189519 -0.205856 1.583495 0.000000 0.000000 0.000000 1.000000 0.000000 0.000000
27.000000 256.369855 8.209508 -0.205301 1.580549 0.000000 0.000000 0.000000 1.000000 0.000000 0.000000
27.000000 256.370000 8.248756 -0.177752 1.588219 0.000000 0.000000 0.000000 1.000000 0.000000 0.000000
27.000000 256.373322 8.323620 -0.150057 1.571618 0.000000 0.000000 0.000000 1.000000 0.000000 0.000000
27.000000 256.376000 7.852487 -0.092989 1.500580 0.000000 0.000000 0.000000 1.000000 0.000000 0.000000
27.000000 256.378097 8.045068 -0.175942 1.551106 0.000000 0.000000 0.000000 1.000000 0.000000 0.000000
27.000000 256.378911 8.081742 -0.202194 1.528781 0.000000 0.000000 0.000000 1.000000 0.000000 0.000000
27.000000 256.379784 8.073991 -0.197286 1.511783 0.000000 0.000000 0.000000 1.000000 0.000000 0.000000
27.000000 256.379868 8.200476 -0.154633 1.523183 0.000000 0.000000 0.000000 1.000000 0.000000 0.000000
27.000000 256.383378 8.240243 -0.146014 1.491222 0.000000 0.000000 0.000000 1.000000 0.000000 0.000000
27.000000 256.385952 7.782000 -0.101990 1.429435 0.000000 0.000000 0.000000 1.000000 0.000000 0.000000
27.000000 256.388144 7.980400 -0.188549 1.480930 0.000000 0.000000 0.000000 1.000000 0.000000 0.000000
27.000000 256.388905 7.984291 -0.199085 1.468676 0.000000 0.000000 0.000000 1.000000 0.000000 0.000000
27.000000 256.389840 8.056558 -0.199141 1.454308 0.000000 0.000000 0.000000 1.000000 0.000000 0.000000
27.000000 256.389959 8.123693 -0.153380 1.455985 0.000000 0.000000 0.000000 1.000000 0.000000 0.000000
27.000000 256.393435 8.113608 -0.152830 1.432771 0.000000 0.000000 0.000000 1.000000 0.000000 0.000000
27.000000 256.395872 7.674573 -0.100227 1.368109 0.000000 0.000000 0.000000 1.000000 0.000000 0.000000
27.000000 256.398122 7.880896 -0.186530 1.420403 0.000000 0.000000 0.000000 1.000000 0.000000 0.000000
27.000000 256.398861 7.891739 -0.197306 1.408831 0.000000 0.000000 0.000000 1.000000 0.000000 0.000000
27.000000 256.399834 7.978196 -0.197768 1.389765 0.000000 0.000000 0.000000 1.000000 0.000000 0.000000
27.000000 256.400396 8.044670 -0.146000 1.389984 0.000000 0.000000 0.000000 1.000000 0.000000 0.000000
27.000000 256.403375 8.004257 -0.150176 1.366284 0.000000 0.000000 0.000000 1.000000 0.000000 0.000000
27.000000 256.405935 7.606106 -0.102802 1.307684 0.000000 0.000000 0.000000 1.000000 0.000000 0.000000
27.000000 256.408121 7.781135 -0.177789 1.357299 0.000000 0.000000 0.000000 1.000000 0.000000 0.000000
27.000000 256.408881 7.803951 -0.196256 1.343991 0.000000 0.000000 0.000000 1.000000 0.000000 0.000000
27.000000 256.409953 7.866908 -0.196424 1.331961 0.000000 0.000000 0.000000 1.000000 0.000000 0.000000
27.000000 256.410073 7.919043 -0.161178 1.332267 0.000000 0.000000 0.000000 1.000000 0.000000 0.000000
27.000000 256.413491 7.925497 -0.157112 1.308346 0.000000 0.000000 0.000000 1.000000 0.000000 0.000000
27.000000 256.415979 7.548591 -0.112500 1.247808 0.000000 0.000000 0.000000 1.000000 0.000000 0.000000
27.000000 256.418133 7.701637 -0.180761 1.293808 0.000000 0.000000 0.000000 1.000000 0.000000 0.000000
27.000000 256.418880 7.719457 -0.199008 1.282845 0.000000 0.000000 0.000000 1.000000 0.000000 0.000000
27.000000 256.419834 7.768654 -0.199165 1.270529 0.000000 0.000000 0.000000 1.000000 0.000000 0.000000
27.000000 256.419990 7.823389 -0.160346 1.266306 0.000000 0.000000 0.000000 1.000000 0.000000 0.000000
27.000000 256.423557 7.841649 -0.151097 1.248893 0.000000 0.000000 0.000000 1.000000 0.000000 0.000000
27.000000 256.426016 7.431570 -0.102270 1.181674 0.000000 0.000000 0.000000 1.000000 0.000000 0.000000
27.000000 256.428143 7.621517 -0.182999 1.228242 0.000000 0.000000 0.000000 1.000000 0.000000 0.000000
27.000000 256.428897 7.644236 -0.202790 1.214450 0.000000 0.000000 0.000000 1.000000 0.000000 0.000000
27.000000 256.429865 7.668526 -0.202528 1.208908 0.000000 0.000000 0.000000 1.000000 0.000000 0.000000
27.000000 256.430051 7.714217 -0.174490 1.206243 0.000000 0.000000 0.000000 1.000000 0.000000 0.000000
27.000000 256.433464 7.784998 -0.153006 1.189721 0.000000 0.000000 0.000000 1.000000 0.000000 0.000000
27.000000 256.435907 7.363617 -0.103006 1.114897 0.000000 0.000000 0.000000 1.000000 0.000000 0.000000
27.000000 256.438118 7.540324 -0.184585 1.161726 0.000000 0.000000 0.000000 1.000000 0.000000 0.000000
27.000000 256.438856 7.546216 -0.201811 1.155847 0.000000 0.000000 0.000000 1.000000 0.000000 0.000000
27.000000 256.440005 7.587140 -0.201942 1.144578 0.000000 0.000000 0.000000 1.000000 0.000000 0.000000
27.000000 256.440140 7.657545 -0.149081 1.135450 0.000000 0.000000 0.000000 1.000000 0.000000 0.000000
27.000000 256.443601 7.647612 -0.145713 1.120392 0.000000 0.000000 0.000000 1.000000 0.000000 0.000000
27.000000 256.446024 7.251095 -0.098608 1.053100 0.000000 0.000000 0.000000 1.000000 0.000000 0.000000
27.000000 256.448088 7.447189 -0.183948 1.097960 0.000000 0.000000 0.000000 1.000000 0.000000 0.000000
27.000000 256.448884 7.460128 -0.201867 1.088426 0.000000 0.000000 0.000000 1.000000 0.000000 0.000000
27.000000 256.449934 7.496532 -0.201905 1.077205 0.000000 0.000000 0.000000 1.000000 0.000000 0.000000
27.000000 256.449987 7.534946 -0.166630 1.078179 0.000000 0.000000 0.000000 1.000000 0.000000 0.000000
27.000000 256.453561 7.555028 -0.151895 1.059242 0.000000 0.000000 0.000000 1.000000 0.000000 0.000000
27.000000 256.456072 7.193935 -0.109707 0.992333 0.000000 0.000000 0.000000 1.000000 0.000000 0.000000
27.000000 256.458097 7.338037 -0.174247 1.035615 0.000000 0.000000 0.000000 1.000000 0.000000 0.000000
27.000000 256.458859 7.371922 -0.202930 1.019217 0.000000 0.000000 0.000000 1.000000 0.000000 0.000000
27.000000 256.459875 7.414452 -0.203055 1.005162 0.000000 0.000000 0.000000 1.000000 0.000000 0.000000
27.000000 256.460114 7.464257 -0.161494 1.001279 0.000000 0.000000 0.000000 1.000000 0.000000 0.000000
27.000000 256.463453 7.481619 -0.148159 0.990920 0.000000 0.000000 0.000000 1.000000 0.000000 0.000000
27.000000 256.465976 7.090589 -0.102197 0.923683 0.000000 0.000000 0.000000 1.000000 0.000000 0.000000
27.000000 256.468086 7.256959 -0.174946 0.966201 0.000000 0.000000 0.000000 1.000000 0.000000 0.000000
27.000000 256.468961 7.288458 -0.202809 0.949630 0.000000 0.000000 0.000000 1.000000 0.000000 0.000000
27.000000 256.469842 7.318526 -0.202746 0.937897 0.000000 0.000000 0.000000 1.000000 0.000000 0.000000
27.000000 256.470046 7.350670 -0.171224 0.939366 0.000000 0.000000 0.000000 1.000000 0.000000 0.000000
27.000000 256.473667 7.381846 -0.152966 0.924301 0.000000 0.000000 0.000000 1.000000 0.000000 0.000000
27.000000 256.475983 7.018923 -0.111006 0.858682 0.000000 0.000000 0.000000 1.000000 0.000000 0.000000
27.000000 256.478218 7.161439 -0.170784 0.902145 0.000000 0.000000 0.000000 1.000000 0.000000 0.000000
27.000000 256.478896 7.205340 -0.201079 0.882617 0.000000 0.000000 0.000000 1.000000 0.000000 0.000000
27.000000 256.479966 7.195227 -0.192674 0.872405 0.000000 0.000000 0.000000 1.000000 0.000000 0.000000
27.000000 256.480005 7.260071 -0.175571 0.869059 0.000000 0.000000 0.000000 1.000000 0.000000 0.000000
27.000000 256.483454 7.320920 -0.152318 0.839154 0.000000 0.000000 0.000000 1.000000 0.000000 0.000000
27.000000 256.486018 6.922742 -0.109457 0.786729 0.000000 0.000000 0.000000 1.000000 0.000000 0.000000
27.000000 256.488189 7.080393 -0.175838 0.830532 0.000000 0.000000 0.000000 1.000000 0.000000 0.000000
27.000000 256.488926 7.111896 -0.200794 0.814165 0.000000 0.000000 0.000000 1.000000 0.000000 0.000000
27.000000 256.489893 7.147423 -0.200928 0.799231 0.000000 0.000000 0.000000 1.000000 0.000000 0.000000
27.000000 256.490130 7.210057 -0.146638 0.788765 0.000000 0.000000 0.000000 1.000000 0.000000 0.000000
27.000000 256.493515 7.175471 -0.146999 0.772086 0.000000 0.000000 0.000000 1.000000 0.000000 0.000000
27.000000 256.496092 6.834173 -0.107584 0.712616 0.000000 0.000000 0.000000 1.000000 0.000000 0.000000
27.000000 256.498336 7.005691 -0.181175 0.759230 0.000000 0.000000 0.000000 1.000000 0.000000 0.000000
27.000000 256.498896 7.030556 -0.204831 0.746133 0.000000 0.000000 0.000000 1.000000 0.000000 0.000000
27.000000 256.499852 7.014876 -0.194730 0.736966 0.000000 0.000000 0.000000 1.000000 0.000000 0.000000
27.000000 256.499867 7.071026 -0.178039 0.732226 0.000000 0.000000 0.000000 1.000000 0.000000 0.000000
27.000000 256.503355 7.133386 -0.153512 0.700021 0.000000 0.000000 0.000000 1.000000 0.000000 0.000000
27.000000 256.505945 6.763021 -0.115120 0.644594 0.000000 0.000000 0.000000 1.000000 0.000000 0.000000
27.000000 256.508451 6.924982 -0.182487 0.686101 0.000000 0.000000 0.000000 1.000000 0.000000 0.000000
27.000000 256.508873 6.957634 -0.208531 0.669104 0.000000 0.000000 0.000000 1.000000 0.000000 0.000000
27.000000 256.509919 6.944667 -0.196035 0.657028 0.000000 0.000000 0.000000 1.000000 0.000000 0.000000
27.000000 256.509948 7.000817 -0.174284 0.652942 0.000000 0.000000 0.000000 1.000000 0.000000 0.000000
27.000000 256.513298 7.053655 -0.151672 0.626784 0.000000 0.000000 0.000000 1.000000 0.000000 0.000000
27.000000 256.515943 6.658336 -0.109314 0.568936 0.000000 0.000000 0.000000 1.000000 0.000000 0.000000
27.000000 256.518312 6.834638 -0.180878 0.613551 0.000000 0.000000 0.000000 1.000000 0.000000 0.000000
27.000000 256.518883 6.862227 -0.202666 0.600445 0.000000 0.000000 0.000000 1.000000 0.000000 0.000000
27.000000 256.519814 6.860313 -0.193461 0.589911 0.000000 0.000000 0.000000 1.000000 0.000000 0.000000
27.000000 256.519945 6.895569 -0.181766 0.584204 0.000000 0.000000 0.000000 1.000000 0.000000 0.000000
27.000000 256.523368 6.959032 -0.152044 0.553866 0.000000 0.000000 0.000000 1.000000 0.000000 0.000000
27.000000 256.526215 6.585878 -0.112505 0.498319 0.000000 0.000000 0.000000 1.000000 0.000000 0.000000
27.000000 256.528682 6.757487 -0.183321 0.542717 0.000000 0.000000 0.000000 1.000000 0.000000 0.000000
27.000000 256.528927 6.783242 -0.205792 0.528503 0.000000 0.000000 0.000000 1.000000 0.000000 0.000000
27.000000 256.529932 6.780309 -0.193059 0.514313 0.000000 0.000000 0.000000 1.000000 0.000000 0.000000
27.000000 256.529953 6.814403 -0.178254 0.506468 0.000000 0.000000 0.000000 1.000000 0.000000 0.000000
27.000000 256.533363 6.875688 -0.148661 0.478101 0.000000 0.000000 0.000000 1.000000 0.000000 0.000000
27.000000 256.536149 6.465239 -0.103719 0.415944 0.000000 0.000000 0.000000 1.000000 0.000000 0.000000
27.000000 256.538197 6.672153 -0.187088 0.465925 0.000000 0.000000 0.000000 1.000000 0.000000 0.000000
27.000000 256.538921 6.682156 -0.199763 0.459346 0.000000 0.000000 0.000000 1.000000 0.000000 0.000000
27.000000 256.539850 6.701801 -0.189506 0.441543 0.000000 0.000000 0.000000 1.000000 0.000000 0.000000
27.000000 256.539931 6.698479 -0.190665 0.426944 0.000000 0.000000 0.000000 1.000000 0.000000 0.000000
27.000000 256.543463 6.773944 -0.150075 0.396336 0.000000 0.000000 0.000000 1.000000 0.000000 0.000000
27.000000 256.545977 6.378957 -0.104200 0.344374 0.000000 0.000000 0.000000 1.000000 0.000000 0.000000
27.000000 256.548260 6.581707 -0.182919 0.396376 0.000000 0.000000 0.000000 1.000000 0.000000 0.000000
27.000000 256.549083 6.602501 -0.198687 0.384318 0.000000 0.000000 0.000000 1.000000 0.000000 0.000000
27.000000 256.549864 6.601562 -0.180313 0.367775 0.000000 0.000000 0.000000 1.000000 0.000000 0.000000
27.000000 256.549903 6.658905 -0.160664 0.355756 0.000000 0.000000 0.000000 1.000000 0.000000 0.000000
27.000000 256.553450 6.702480 -0.152202 0.329103 0.000000 0.000000 0.000000 1.000000 0.000000 0.000000
27.000000 256.556015 6.306122 -0.108975 0.264961 0.000000 0.000000 0.000000 1.000000 0.000000 0.000000
27.000000 256.558196 6.517879 -0.192615 0.314047 0.000000 0.000000 0.000000 1.000000 0.000000 0.000000
27.000000 256.558963 6.527437 -0.204014 0.309374 0.000000 0.000000 0.000000 1.000000 0.000000 0.000000
27.000000 256.559836 6.525569 -0.187409 0.297228 0.000000 0.000000 0.000000 1.000000 0.000000 0.000000
27.000000 256.559899 6.554640 -0.176504 0.282524 0.000000 0.000000 0.000000 1.000000 0.000000 0.000000
27.000000 256.563397 6.621953 -0.149820 0.246941 0.000000 0.000000 0.000000 1.000000 0.000000 0.000000
27.000000 256.566067 6.246923 -0.109454 0.179127 0.000000 0.000000 0.000000 1.000000 0.000000 0.000000
27.000000 256.568185 6.461858 -0.200458 0.226965 0.000000 0.000000 0.000000 1.000000 0.000000 0.000000
27.000000 256.568932 6.445895 -0.204232 0.231991 0.000000 0.000000 0.000000 1.000000 0.000000 0.000000
27.000000 256.569907 6.446740 -0.187587 0.217714 0.000000 0.000000 0.000000 1.000000 0.000000 0.000000
27.000000 256.569920 6.464547 -0.177986 0.202725 0.000000 0.000000 0.000000 1.000000 0.000000 0.000000
27.000000 256.573412 6.527588 -0.150041 0.171174 0.000000 0.000000 0.000000 1.000000 0.000000 0.000000
27.000000 256.576134 6.134237 -0.106680 0.107782 0.000000 0.000000 0.000000 1.000000 0.000000 0.000000
27.000000 256.578331 6.348981 -0.192878 0.160456 0.000000 0.000000 0.000000 1.000000 0.000000 0.000000
27.000000 256.578957 6.351357 -0.202094 0.159285 0.000000 0.000000 0.000000 1.000000 0.000000 0.000000
27.000000 256.579853 6.374387 -0.183411 0.137492 0.000000 0.000000 0.000000 1.000000 0.000000 0.000000
27.000000 256.579924 6.387576 -0.172057 0.121107 0.000000 0.000000 0.000000 1.000000 0.000000 0.000000
27.000000 256.583447 6.442561 -0.149550 0.091700 0.000000 0.000000 0.000000 1.000000 0.000000 0.000000
27.000000 256.586129 6.115105 -0.114444 0.039678 0.000000 0.000000 0.000000 1.000000 0.000000 0.000000
27.000000 256.588166 6.264170 -0.182430 0.084047 0.000000 0.000000 0.000000 1.000000 0.000000 0.000000
27.000000 256.589152 6.268351 -0.199714 0.081502 0.000000 0.000000 0.000000 1.000000 0.000000 0.000000
27.000000 256.589900 6.261517 -0.183528 0.070839 0.000000 0.000000 0.000000 1.000000 0.000000 0.000000
27.000000 256.589967 6.260893 -0.187276 0.048160 0.000000 0.000000 0.000000 1.000000 0.000000 0.000000
27.000000 256.593411 6.338574 -0.152479 0.011062 0.000000 0.000000 0.000000 1.000000 0.000000 0.000000
27.000000 256.596121 5.964281 -0.108093 -0.042058 0.000000 0.000000 0.000000 1.000000 0.000000 0.000000
27.000000 256.598083 6.186774 -0.193684 0.015051 0.000000 0.000000 0.000000 1.000000 0.000000 0.000000
27.000000 256.598942 6.195045 -0.202177 0.016351 0.000000 0.000000 0.000000 1.000000 0.000000 0.000000
27.000000 256.599877 6.181570 -0.184088 0.014599 0.000000 0.000000 0.000000 1.000000 0.000000 0.000000
27.000000 256.599921 6.222841 -0.168655 0.002314 0.000000 0.000000 0.000000 1.000000 0.000000 0.000000
27.000000 256.603494 6.245117 -0.158695 0.001191 0.000000 0.000000 0.000000 1.000000 0.000000 0.000000
27.000000 256.606058 5.915080 -0.111221 -0.022146 0.000000 0.000000 0.000000 1.000000 0.000000 0.000000
27.000000 256.608186 6.181433 -0.216311 0.052195 0.000000 0.000000 0.000000 1.000000 0.000000 0.000000
27.000000 256.609071 6.155123 -0.206581 0.068440 0.000000 0.000000 0.000000 1.000000 0.000000 0.000000
27.000000 256.609910 6.162324 -0.185675 0.057156 0.000000 0.000000 0.000000 1.000000 0.000000 0.000000
27.000000 256.609965 6.185928 -0.169601 0.041482 0.000000 0.000000 0.000000 1.000000 0.000000 0.000000
27.000000 256.613513 6.204313 -0.159099 0.043589 0.000000 0.000000 0.000000 1.000000 0.000000 0.000000
27.000000 256.616112 5.878419 -0.112195 0.025120 0.000000 0.000000 0.000000 1.000000 0.000000 0.000000
27.000000 256.618139 6.143986 -0.221471 0.103391 0.000000 0.000000 0.000000 1.000000 0.000000 0.000000
27.000000 256.618987 6.101277 -0.206382 0.126827 0.000000 0.000000 0.000000 1.000000 0.000000 0.000000
27.000000 256.619844 6.108267 -0.191241 0.118559 0.000000 0.000000 0.000000 1.000000 0.000000 0.000000
27.000000 256.620119 6.131799 -0.179101 0.107038 0.000000 0.000000 0.000000 1.000000 0.000000 0.000000
27.000000 256.623558 6.159606 -0.156428 0.110048 0.000000 0.000000 0.000000 1.000000 0.000000 0.000000
27.000000 256.626112 5.808004 -0.103668 0.085671 0.000000 0.000000 0.000000 1.000000 0.000000 0.000000
27.000000 256.628182 6.097300 -0.220002 0.161341 0.000000 0.000000 0.000000 1.000000 0.000000 0.000000
27.000000 256.628980 6.060007 -0.207779 0.180972 0.000000 0.000000 0.000000 1.000000 0.000000 0.000000
27.000000 256.629924 6.075191 -0.208346 0.170308 0.000000 0.000000 0.000000 1.000000 0.000000 0.000000
27.000000 256.629947 6.103731 -0.170964 0.157836 0.000000 0.000000 0.000000 1.000000 0.000000 0.000000
27.000000 256.633663 6.119729 -0.153170 0.173398 0.000000 0.000000 0.000000 1.000000 0.000000 0.000000
27.000000 256.635967 5.804114 -0.119742 0.144110 0.000000 0.000000 0.000000 1.000000 0.000000 0.000000
27.000000 256.638155 6.048290 -0.218684 0.215928 0.000000 0.000000 0.000000 1.000000 0.000000 0.000000
27.000000 256.638994 6.013971 -0.206663 0.233040 0.000000 0.000000 0.000000 1.000000 0.000000 0.000000
27.000000 256.639837 6.023395 -0.191722 0.221551 0.000000 0.000000 0.000000 1.000000 0.000000 0.000000
27.000000 256.639986 6.059124 -0.174537 0.213137 0.000000 0.000000 0.000000 1.000000 0.000000 0.000000
27.000000 256.643600 6.066387 -0.170077 0.218684 0.000000 0.000000 0.000000 1.000000 0.000000 0.000000
27.000000 256.646182 5.780436 -0.130160 0.204848 0.000000 0.000000 0.000000 1.000000 0.000000 0.000000
27.000000 256.648256 5.984724 -0.213777 0.266863 0.000000 0.000000 0.000000 1.000000 0.000000 0.000000
27.000000 256.649090 5.966366 -0.210320 0.283432 0.000000 0.000000 0.000000 1.000000 0.000000 0.000000
27.000000 256.649952 5.979749 -0.210968 0.279706 0.000000 0.000000 0.000000 1.000000 0.000000 0.000000
27.000000 256.650311 6.009679 -0.174569 0.267785 0.000000 0.000000 0.000000 1.000000 0.000000 0.000000
27.000000 256.653440 6.032234 -0.156501 0.281870 0.000000 0.000000 0.000000 1.000000 0.000000 0.000000
27.000000 256.656089 5.703263 -0.121742 0.250528 0.000000 0.000000 0.000000 1.000000 0.000000 0.000000
27.000000 256.658117 5.945072 -0.218679 0.320741 0.000000 0.000000 0.000000 1.000000 0.000000 0.000000
27.000000 256.659000 5.926992 -0.215579 0.333726 0.000000 0.000000 0.000000 1.000000 0.000000 0.000000
27.000000 256.659961 5.922696 -0.202119 0.330475 0.000000 0.000000 0.000000 1.000000 0.000000 0.000000
27.000000 256.659970 5.958294 -0.184322 0.324112 0.000000 0.000000 0.000000 1.000000 0.000000 0.000000
27.000000 256.663444 5.976172 -0.171157 0.324438 0.000000 0.000000 0.000000 1.000000 0.000000 0.000000
27.000000 256.666031 5.673633 -0.131560 0.309053 0.000000 0.000000 0.000000 1.000000 0.000000 0.000000
27.000000 256.668143 5.896633 -0.219972 0.374666 0.000000 0.000000 0.000000 1.000000 0.000000 0.000000
27.000000 256.669118 5.877980 -0.215019 0.385559 0.000000 0.000000 0.000000 1.000000 0.000000 0.000000
27.000000 256.669955 5.886475 -0.215334 0.381036 0.000000 0.000000 0.000000 1.000000 0.000000 0.000000
27.000000 256.672138 5.904072 -0.190722 0.375974 0.000000 0.000000 0.000000 1.000000 0.000000 0.000000
27.000000 256.673535 5.950378 -0.167676 0.389367 0.000000 0.000000 0.000000 1.000000 0.000000 0.000000
27.000000 256.676001 5.646702 -0.135708 0.359115 0.000000 0.000000 0.000000 1.000000 0.000000 0.000000
27.000000 256.678127 5.853198 -0.220110 0.421295 0.000000 0.000000 0.000000 1.000000 0.000000 0.000000
27.000000 256.679112 5.832302 -0.216112 0.434421 0.000000 0.000000 0.000000 1.000000 0.000000 0.000000
27.000000 256.679977 5.819921 -0.204514 0.433999 0.000000 0.000000 0.000000 1.000000 0.000000 0.000000
27.000000 256.680033 5.861236 -0.190672 0.426567 0.000000 0.000000 0.000000 1.000000 0.000000 0.000000
27.000000 256.683660 5.891656 -0.171952 0.420669 0.000000 0.000000 0.000000 1.000000 0.000000 0.000000
27.000000 256.686069 5.585583 -0.131563 0.403875 0.000000 0.000000 0.000000 1.000000 0.000000 0.000000
27.000000 256.688245 5.818057 -0.225331 0.468680 0.000000 0.000000 0.000000 1.000000 0.000000 0.000000
27.000000 256.688978 5.790017 -0.217422 0.483257 0.000000 0.000000 0.000000 1.000000 0.000000 0.000000
27.000000 256.689961 5.791531 -0.217736 0.476547 0.000000 0.000000 0.000000 1.000000 0.000000 0.000000
27.000000 256.690086 5.832696 -0.170654 0.460678 0.000000 0.000000 0.000000 1.000000 0.000000 0.000000
27.000000 256.693563 5.822382 -0.160960 0.472069 0.000000 0.000000 0.000000 1.000000 0.000000 0.000000
27.000000 256.696107 5.534270 -0.131055 0.452104 0.000000 0.000000 0.000000 1.000000 0.000000 0.000000
27.000000 256.698236 5.770051 -0.224226 0.518564 0.000000 0.000000 0.000000 1.000000 0.000000 0.000000
27.000000 256.698989 5.757782 -0.224422 0.525494 0.000000 0.000000 0.000000 1.000000 0.000000 0.000000
27.000000 256.699948 5.723962 -0.200922 0.522854 0.000000 0.000000 0.000000 1.000000 0.000000 0.000000
27.000000 256.699953 5.804272 -0.165155 0.513895 0.000000 0.000000 0.000000 1.000000 0.000000 0.000000
27.000000 256.703543 5.804742 -0.172782 0.515558 0.000000 0.000000 0.000000 1.000000 0.000000 0.000000
27.000000 256.706322 5.493421 -0.134108 0.498819 0.000000 0.000000 0.000000 1.000000 0.000000 0.000000
27.000000 256.708111 5.720596 -0.224538 0.563375 0.000000 0.000000 0.000000 1.000000 0.000000 0.000000
27.000000 256.709123 5.704176 -0.222431 0.573686 0.000000 0.000000 0.000000 1.000000 0.000000 0.000000
27.000000 256.709994 5.684768 -0.211518 0.575067 0.000000 0.000000 0.000000 1.000000 0.000000 0.000000
27.000000 256.710056 5.729267 -0.195590 0.569518 0.000000 0.000000 0.000000 1.000000 0.000000 0.000000
27.000000 256.713531 5.756883 -0.177567 0.564444 0.000000 0.000000 0.000000 1.000000 0.000000 0.000000
27.000000 256.716177 5.448958 -0.138259 0.545927 0.000000 0.000000 0.000000 1.000000 0.000000 0.000000
27.000000 256.718131 5.678168 -0.230262 0.606994 0.000000 0.000000 0.000000 1.000000 0.000000 0.000000
27.000000 256.719003 5.651844 -0.223649 0.620300 0.000000 0.000000 0.000000 1.000000 0.000000 0.000000
27.000000 256.719950 5.640757 -0.209652 0.615402 0.000000 0.000000 0.000000 1.000000 0.000000 0.000000
27.000000 256.719985 5.696615 -0.187259 0.609496 0.000000 0.000000 0.000000 1.000000 0.000000 0.000000
27.000000 256.723503 5.713694 -0.176571 0.609462 0.000000 0.000000 0.000000 1.000000 0.000000 0.000000
27.000000 256.726090 5.388936 -0.135032 0.593779 0.000000 0.000000 0.000000 1.000000 0.000000 0.000000
27.000000 256.728236 5.625336 -0.226567 0.657071 0.000000 0.000000 0.000000 1.000000 0.000000 0.000000
27.000000 256.729041 5.606028 -0.221027 0.665220 0.000000 0.000000 0.000000 1.000000 0.000000 0.000000
27.000000 256.730006 5.620627 -0.221231 0.659279 0.000000 0.000000 0.000000 1.000000 0.000000 0.000000
27.000000 256.730082 5.631767 -0.201828 0.661320 0.000000 0.000000 0.000000 1.000000 0.000000 0.000000
27.000000 256.733534 5.701643 -0.171994 0.676674 0.000000 0.000000 0.000000 1.000000 0.000000 0.000000
27.000000 256.736014 5.366116 -0.136466 0.637996 0.000000 0.000000 0.000000 1.000000 0.000000 0.000000
27.000000 256.738130 5.588593 -0.225935 0.695408 0.000000 0.000000 0.000000 1.000000 0.000000 0.000000
27.000000 256.739031 5.571991 -0.226413 0.702459 0.000000 0.000000 0.000000 1.000000 0.000000 0.000000
27.000000 256.740009 5.567722 -0.226414 0.696823 0.000000 0.000000 0.000000 1.000000 0.000000 0.000000
27.000000 256.740092 5.589115 -0.194438 0.692315 0.000000 0.000000 0.000000 1.000000 0.000000 0.000000
27.000000 256.743511 5.618020 -0.173483 0.706061 0.000000 0.000000 0.000000 1.000000 0.000000 0.000000
27.000000 256.746112 5.341899 -0.144691 0.681646 0.000000 0.000000 0.000000 1.000000 0.000000 0.000000
27.000000 256.748261 5.533589 -0.224978 0.736764 0.000000 0.000000 0.000000 1.000000 0.000000 0.000000
27.000000 256.749094 5.511523 -0.223277 0.749778 0.000000 0.000000 0.000000 1.000000 0.000000 0.000000
27.000000 256.750002 5.530023 -0.223574 0.745506 0.000000 0.000000 0.000000 1.000000 0.000000 0.000000
27.000000 256.750049 5.559129 -0.190508 0.742502 0.000000 0.000000 0.000000 1.000000 0.000000 0.000000
27.000000 256.753520 5.576686 -0.176088 0.748138 0.000000 0.000000 0.000000 1.000000 0.000000 0.000000
27.000000 256.756091 5.272680 -0.144193 0.714669 0.000000 0.000000 0.000000 1.000000 0.000000 0.000000
27.000000 256.758240 5.506619 -0.238635 0.774450 0.000000 0.000000 0.000000 1.000000 0.000000 0.000000
27.000000 256.759070 5.467663 -0.225579 0.791421 0.000000 0.000000 0.000000 1.000000 0.000000 0.000000
27.000000 256.760005 5.489200 -0.225857 0.784367 0.000000 0.000000 0.000000 1.000000 0.000000 0.000000
27.000000 256.760223 5.517938 -0.191290 0.783009 0.000000 0.000000 0.000000 1.000000 0.000000 0.000000
27.000000 256.763502 5.544054 -0.172943 0.789926 0.000000 0.000000 0.000000 1.000000 0.000000 0.000000
27.000000 256.766237 5.260804 -0.144081 0.767846 0.000000 0.000000 0.000000 1.000000 0.000000 0.000000
27.000000 256.768139 5.428544 -0.216689 0.826141 0.000000 0.000000 0.000000 1.000000 0.000000 0.000000
27.000000 256.769046 5.425765 -0.228395 0.828944 0.000000 0.000000 0.000000 1.000000 0.000000 0.000000
27.000000 256.770177 5.441928 -0.228494 0.823645 0.000000 0.000000 0.000000 1.000000 0.000000 0.000000
27.000000 256.770543 5.478402 -0.194326 0.817316 0.000000 0.000000 0.000000 1.000000 0.000000 0.000000
27.000000 256.773555 5.569938 -0.161665 0.841026 0.000000 0.000000 0.000000 1.000000 0.000000 0.000000
27.000000 256.776325 5.050465 -0.106198 0.778279 0.000000 0.000000 0.000000 1.000000 0.000000 0.000000
27.000000 256.778250 5.421424 -0.244589 0.848103 0.000000 0.000000 0.000000 1.000000 0.000000 0.000000
27.000000 256.779022 5.384778 -0.229215 0.863942 0.000000 0.000000 0.000000 1.000000 0.000000 0.000000
27.000000 256.780044 5.396507 -0.229294 0.862636 0.000000 0.000000 0.000000 1.000000 0.000000 0.000000
27.000000 256.780077 5.442293 -0.194052 0.849839 0.000000 0.000000 0.000000 1.000000 0.000000 0.000000
27.000000 256.783491 5.470737 -0.185048 0.858692 0.000000 0.000000 0.000000 1.000000 0.000000 0.000000
27.000000 256.786266 5.132159 -0.149914 0.829953 0.000000 0.000000 0.000000 1.000000 0.000000 0.000000
27.000000 256.788274 5.377505 -0.245723 0.888060 0.000000 0.000000 0.000000 1.000000 0.000000 0.000000
27.000000 256.789080 5.341345 -0.232187 0.902240 0.000000 0.000000 0.000000 1.000000 0.000000 0.000000
27.000000 256.790046 5.358234 -0.216156 0.883066 0.000000 0.000000 0.000000 1.000000 0.000000 0.000000
27.000000 256.790115 5.408474 -0.185410 0.879751 0.000000 0.000000 0.000000 1.000000 0.000000 0.000000
27.000000 256.793550 5.404806 -0.186335 0.885414 0.000000 0.000000 0.000000 1.000000 0.000000 0.000000
27.000000 256.796397 5.097844 -0.151396 0.864389 0.000000 0.000000 0.000000 1.000000 0.000000 0.000000
27.000000 256.798291 5.324878 -0.241153 0.920704 0.000000 0.000000 0.000000 1.000000 0.000000 0.000000
27.000000 256.799039 5.294501 -0.231513 0.935620 0.000000 0.000000 0.000000 1.000000 0.000000 0.000000
27.000000 256.800184 5.300124 -0.231454 0.938250 0.000000 0.000000 0.000000 1.000000 0.000000 0.000000
27.000000 256.800327 5.336504 -0.193094 0.936682 0.000000 0.000000 0.000000 1.000000 0.000000 0.000000
27.000000 256.803541 5.342181 -0.182621 0.934306 0.000000 0.000000 0.000000 1.000000 0.000000 0.000000
27.000000 256.806090 5.022164 -0.149329 0.894138 0.000000 0.000000 0.000000 1.000000 0.000000 0.000000
27.000000 256.808242 5.301671 -0.255378 0.956455 0.000000 0.000000 0.000000 1.000000 0.000000 0.000000
27.000000 256.809084 5.258119 -0.235439 0.970640 0.000000 0.000000 0.000000 1.000000 0.000000 0.000000
27.000000 256.810099 5.260140 -0.235077 0.972178 0.000000 0.000000 0.000000 1.000000 0.000000 0.000000
27.000000 256.810265 5.303878 -0.198902 0.965838 0.000000 0.000000 0.000000 1.000000 0.000000 0.000000
27.000000 256.813547 5.336583 -0.186664 0.965499 0.000000 0.000000 0.000000 1.000000 0.000000 0.000000
27.000000 256.816290 4.977177 -0.149751 0.929283 0.000000 0.000000 0.000000 1.000000 0.000000 0.000000
27.000000 256.818246 5.244203 -0.250741 0.993727 0.000000 0.000000 0.000000 1.000000 0.000000 0.000000
27.000000 256.819018 5.210660 -0.236153 1.004701 0.000000 0.000000 0.000000 1.000000 0.000000 0.000000
27.000000 256.820104 5.206633 -0.226749 0.995753 0.000000 0.000000 0.000000 1.000000 0.000000 0.000000
27.000000 256.820381 5.252996 -0.202633 0.997527 0.000000 0.000000 0.000000 1.000000 0.000000 0.000000
27.000000 256.823673 5.276382 -0.180663 0.994187 0.000000 0.000000 0.000000 1.000000 0.000000 0.000000
27.000000 256.826098 4.920281 -0.141278 0.966762 0.000000 0.000000 0.000000 1.000000 0.000000 0.000000
27.000000 256.828252 5.191813 -0.245813 1.028241 0.000000 0.000000 0.000000 1.000000 0.000000 0.000000
27.000000 256.829144 5.163265 -0.237724 1.037728 0.000000 0.000000 0.000000 1.000000 0.000000 0.000000
27.000000 256.830053 5.147781 -0.231048 1.033579 0.000000 0.000000 0.000000 1.000000 0.000000 0.000000
27.000000 256.830062 5.203243 -0.209098 1.036903 0.000000 0.000000 0.000000 1.000000 0.000000 0.000000
27.000000 256.833535 5.226734 -0.191534 1.028269 0.000000 0.000000 0.000000 1.000000 0.000000 0.000000
27.000000 256.836330 4.907193 -0.158710 1.003362 0.000000 0.000000 0.000000 1.000000 0.000000 0.000000
27.000000 256.838269 5.153038 -0.252890 1.061227 0.000000 0.000000 0.000000 1.000000 0.000000 0.000000
27.000000 256.839151 5.122845 -0.242192 1.070092 0.000000 0.000000 0.000000 1.000000 0.000000 0.000000
27.000000 256.839962 5.110714 -0.232236 1.061856 0.000000 0.000000 0.000000 1.000000 0.000000 0.000000
27.000000 256.840092 5.160752 -0.210478 1.060190 0.000000 0.000000 0.000000 1.000000 0.000000 0.000000
27.000000 256.843523 5.181119 -0.194979 1.055641 0.000000 0.000000 0.000000 1.000000 0.000000 0.000000
27.000000 256.846241 4.853034 -0.158523 1.032701 0.000000 0.000000 0.000000 1.000000 0.000000 0.000000
27.000000 256.848241 5.095432 -0.251787 1.088103 0.000000 0.000000 0.000000 1.000000 0.000000 0.000000
27.000000 256.849112 5.066526 -0.242025 1.101259 0.000000 0.000000 0.000000 1.000000 0.000000 0.000000
27.000000 256.849990 5.067119 -0.225165 1.088163 0.000000 0.000000 0.000000 1.000000 0.000000 0.000000
27.000000 256.850086 5.147431 -0.185392 1.087646 0.000000 0.000000 0.000000 1.000000 0.000000 0.000000
27.000000 256.853599 5.135986 -0.197007 1.089168 0.000000 0.000000 0.000000 1.000000 0.000000 0.000000
27.000000 256.856153 4.828511 -0.166504 1.064524 0.000000 0.000000 0.000000 1.000000 0.000000 0.000000
27.000000 256.858307 5.052273 -0.251620 1.117521 0.000000 0.000000 0.000000 1.000000 0.000000 0.000000
27.000000 256.859104 5.024086 -0.240406 1.129169 0.000000 0.000000 0.000000 1.000000 0.000000 0.000000
27.000000 256.859956 5.025074 -0.234290 1.122869 0.000000 0.000000 0.000000 1.000000 0.000000 0.000000
27.000000 256.860055 5.076584 -0.212808 1.126247 0.000000 0.000000 0.000000 1.000000 0.000000 0.000000
27.000000 256.863572 5.097639 -0.197592 1.116493 0.000000 0.000000 0.000000 1.000000 0.000000 0.000000
27.000000 256.866125 4.787562 -0.167518 1.090514 0.000000 0.000000 0.000000 1.000000 0.000000 0.000000
27.000000 256.868320 5.027037 -0.259796 1.146533 0.000000 0.000000 0.000000 1.000000 0.000000 0.000000
27.000000 256.869016 4.991710 -0.246379 1.157726 0.000000 0.000000 0.000000 1.000000 0.000000 0.000000
27.000000 256.870001 4.960733 -0.237001 1.156012 0.000000 0.000000 0.000000 1.000000 0.000000 0.000000
27.000000 256.870047 5.034795 -0.208979 1.158277 0.000000 0.000000 0.000000 1.000000 0.000000 0.000000
27.000000 256.873593 5.050085 -0.199618 1.151349 0.000000 0.000000 0.000000 1.000000 0.000000 0.000000
27.000000 256.876125 4.730235 -0.166892 1.126892 0.000000 0.000000 0.000000 1.000000 0.000000 0.000000
27.000000 256.878325 4.967861 -0.255780 1.179868 0.000000 0.000000 0.000000 1.000000 0.000000 0.000000
27.000000 256.879062 4.940713 -0.245004 1.187312 0.000000 0.000000 0.000000 1.000000 0.000000 0.000000
27.000000 256.880075 4.934077 -0.244388 1.192684 0.000000 0.000000 0.000000 1.000000 0.000000 0.000000
27.000000 256.880334 4.965177 -0.219562 1.191782 0.000000 0.000000 0.000000 1.000000 0.000000 0.000000
27.000000 256.883822 5.011980 -0.204937 1.191286 0.000000 0.000000 0.000000 1.000000 0.000000 0.000000
27.000000 256.886288 4.692419 -0.172279 1.155936 0.000000 0.000000 0.000000 1.000000 0.000000 0.000000
27.000000 256.888287 4.926228 -0.259375 1.205706 0.000000 0.000000 0.000000 1.000000 0.000000 0.000000
27.000000 256.889076 4.896629 -0.246631 1.214449 0.000000 0.000000 0.000000 1.000000 0.000000 0.000000
27.000000 256.890037 4.847595 -0.234157 1.217180 0.000000 0.000000 0.000000 1.000000 0.000000 0.000000
27.000000 256.890119 4.947395 -0.204978 1.211617 0.000000 0.000000 0.000000 1.000000 0.000000 0.000000
27.000000 256.893615 4.959607 -0.206667 1.201726 0.000000 0.000000 0.000000 1.000000 0.000000 0.000000
27.000000 256.896061 4.665656 -0.174665 1.184979 0.000000 0.000000 0.000000 1.000000 0.000000 0.000000
27.000000 256.898280 4.863998 -0.248289 1.230736 0.000000 0.000000 0.000000 1.000000 0.000000 0.000000
27.000000 256.899089 4.853973 -0.247214 1.234931 0.000000 0.000000 0.000000 1.000000 0.000000 0.000000
27.000000 256.900085 4.854914 -0.246904 1.240010 0.000000 0.000000 0.000000 1.000000 0.000000 0.000000
27.000000 256.900178 4.880855 -0.220131 1.243850 0.000000 0.000000 0.000000 1.000000 0.000000 0.000000
27.000000 256.903762 4.905479 -0.207362 1.241768 0.000000 0.000000 0.000000 1.000000 0.000000 0.000000
27.000000 256.906103 4.619192 -0.178331 1.208745 0.000000 0.000000 0.000000 1.000000 0.000000 0.000000
27.000000 256.908283 4.837124 -0.260666 1.257241 0.000000 0.000000 0.000000 1.000000 0.000000 0.000000
27.000000 256.909117 4.817542 -0.256101 1.261991 0.000000 0.000000 0.000000 1.000000 0.000000 0.000000
27.000000 256.910167 4.804075 -0.255304 1.268868 0.000000 0.000000 0.000000 1.000000 0.000000 0.000000
27.000000 256.910250 4.843537 -0.218729 1.268740 0.000000 0.000000 0.000000 1.000000 0.000000 0.000000
27.000000 256.913603 4.847976 -0.212418 1.267395 0.000000 0.000000 0.000000 1.000000 0.000000 0.000000
27.000000 256.916070 4.596007 -0.186930 1.241699 0.000000 0.000000 0.000000 1.000000 0.000000 0.000000
27.000000 256.918274 4.787840 -0.257853 1.283254 0.000000 0.000000 0.000000 1.000000 0.000000 0.000000
27.000000 256.919076 4.770453 -0.252273 1.285494 0.000000 0.000000 0.000000 1.000000 0.000000 0.000000
27.000000 256.919980 4.720887 -0.246875 1.291615 0.000000 0.000000 0.000000 1.000000 0.000000 0.000000
27.000000 256.920082 4.792051 -0.226120 1.294012 0.000000 0.000000 0.000000 1.000000 0.000000 0.000000
27.000000 256.923627 4.815918 -0.211516 1.282563 0.000000 0.000000 0.000000 1.000000 0.000000 0.000000
27.000000 256.926111 4.544045 -0.184170 1.265181 0.000000 0.000000 0.000000 1.000000 0.000000 0.000000
27.000000 256.928340 4.732329 -0.253075 1.308049 0.000000 0.000000 0.000000 1.000000 0.000000 0.000000
27.000000 256.929069 4.725472 -0.254010 1.305519 0.000000 0.000000 0.000000 1.000000 0.000000 0.000000
27.000000 256.930030 4.676277 -0.246734 1.309432 0.000000 0.000000 0.000000 1.000000 0.000000 0.000000
27.000000 256.930080 4.760188 -0.219876 1.312711 0.000000 0.000000 0.000000 1.000000 0.000000 0.000000
27.000000 256.933615 4.775518 -0.210833 1.305811 0.000000 0.000000 0.000000 1.000000 0.000000 0.000000
27.000000 256.936094 4.482585 -0.180635 1.285861 0.000000 0.000000 0.000000 1.000000 0.000000 0.000000
27.000000 256.938344 4.687264 -0.255722 1.329830 0.000000 0.000000 0.000000 1.000000 0.000000 0.000000
27.000000 256.939124 4.678788 -0.256162 1.330659 0.000000 0.000000 0.000000 1.000000 0.000000 0.000000
27.000000 256.940091 4.685506 -0.255996 1.327985 0.000000 0.000000 0.000000 1.000000 0.000000 0.000000
27.000000 256.940248 4.718268 -0.219140 1.329567 0.000000 0.000000 0.000000 1.000000 0.000000 0.000000
27.000000 256.943733 4.708977 -0.213016 1.329650 0.000000 0.000000 0.000000 1.000000 0.000000 0.000000
27.000000 256.946090 4.474275 -0.189763 1.310683 0.000000 0.000000 0.000000 1.000000 0.000000 0.000000
27.000000 256.948261 4.641286 -0.250123 1.351539 0.000000 0.000000 0.000000 1.000000 0.000000 0.000000
27.000000 256.949032 4.647461 -0.258582 1.346145 0.000000 0.000000 0.000000 1.000000 0.000000 0.000000
27.000000 256.950016 4.609571 -0.246021 1.344586 0.000000 0.000000 0.000000 1.000000 0.000000 0.000000
27.000000 256.950091 4.687773 -0.212256 1.346072 0.000000 0.000000 0.000000 1.000000 0.000000 0.000000
27.000000 256.953580 4.685652 -0.215859 1.344622 0.000000 0.000000 0.000000 1.000000 0.000000 0.000000
27.000000 256.956094 4.413384 -0.189717 1.328439 0.000000 0.000000 0.000000 1.000000 0.000000 0.000000
27.000000 256.958295 4.603614 -0.258086 1.372351 0.000000 0.000000 0.000000 1.000000 0.000000 0.000000
27.000000 256.959161 4.597417 -0.258230 1.369698 0.000000 0.000000 0.000000 1.000000 0.000000 0.000000
27.000000 256.959954 4.537773 -0.253372 1.379260 0.000000 0.000000 0.000000 1.000000 0.000000 0.000000
27.000000 256.960085 4.612367 -0.232275 1.382493 0.000000 0.000000 0.000000 1.000000 0.000000 0.000000
27.000000 256.963735 4.632479 -0.221687 1.369618 0.000000 0.000000 0.000000 1.000000 0.000000 0.000000
27.000000 256.966192 4.378297 -0.197723 1.348636 0.000000 0.000000 0.000000 1.000000 0.000000 0.000000
27.000000 256.968336 4.557790 -0.263291 1.386435 0.000000 0.000000 0.000000 1.000000 0.000000 0.000000
27.000000 256.969192 4.547557 -0.262274 1.385482 0.000000 0.000000 0.000000 1.000000 0.000000 0.000000
27.000000 256.970083 4.543501 -0.261501 1.391530 0.000000 0.000000 0.000000 1.000000 0.000000 0.000000
27.000000 256.970104 4.575893 -0.230437 1.398024 0.000000 0.000000 0.000000 1.000000 0.000000 0.000000
27.000000 256.973563 4.589992 -0.221284 1.395601 0.000000 0.000000 0.000000 1.000000 0.000000 0.000000
27.000000 256.976433 4.329705 -0.195202 1.365684 0.000000 0.000000 0.000000 1.000000 0.000000 0.000000
27.000000 256.978406 4.516372 -0.263214 1.403634 0.000000 0.000000 0.000000 1.000000 0.000000 0.000000
27.000000 256.979082 4.510510 -0.265337 1.402886 0.000000 0.000000 0.000000 1.000000 0.000000 0.000000
27.000000 256.979994 4.454480 -0.262410 1.413579 0.000000 0.000000 0.000000 1.000000 0.000000 0.000000
27.000000 256.980100 4.524894 -0.244543 1.417334 0.000000 0.000000 0.000000 1.000000 0.000000 0.000000
27.000000 256.983841 4.553886 -0.224763 1.404385 0.000000 0.000000 0.000000 1.000000 0.000000 0.000000
27.000000 256.986210 4.295032 -0.198814 1.385388 0.000000 0.000000 0.000000 1.000000 0.000000 0.000000
27.000000 256.988353 4.470982 -0.261951 1.420728 0.000000 0.000000 0.000000 1.000000 0.000000 0.000000
27.000000 256.989274 4.464906 -0.262625 1.418982 0.000000 0.000000 0.000000 1.000000 0.000000 0.000000
27.000000 256.990052 4.399817 -0.237609 1.416516 0.000000 0.000000 0.000000 1.000000 0.000000 0.000000
27.000000 256.990129 4.546461 -0.178228 1.411976 0.000000 0.000000 0.000000 1.000000 0.000000 0.000000
27.000000 256.993680 4.500637 -0.225961 1.418984 0.000000 0.000000 0.000000 1.000000 0.000000 0.000000
27.000000 256.996154 4.251720 -0.202142 1.397788 0.000000 0.000000 0.000000 1.000000 0.000000 0.000000
27.000000 256.998390 4.429361 -0.267967 1.433862 0.000000 0.000000 0.000000 1.000000 0.000000 0.000000
27.000000 256.999162 4.416752 -0.266245 1.438077 0.000000 0.000000 0.000000 1.000000 0.000000 0.000000
27.000000 257.000143 4.404059 -0.265492 1.447059 0.000000 0.000000 0.000000 1.000000 0.000000 0.000000
27.000000 257.000197 4.477534 -0.208153 1.429430 0.000000 0.000000 0.000000 1.000000 0.000000 0.000000
27.000000 257.003669 4.411349 -0.228970 1.426074 0.000000 0.000000 0.000000 1.000000 0.000000 0.000000
27.000000 257.006200 4.250669 -0.213364 1.423416 0.000000 0.000000 0.000000 1.000000 0.000000 0.000000
27.000000 257.008508 4.379651 -0.260831 1.450621 0.000000 0.000000 0.000000 1.000000 0.000000 0.000000
27.000000 257.009195 4.381458 -0.267961 1.445713 0.000000 0.000000 0.000000 1.000000 0.000000 0.000000
27.000000 257.010117 4.322165 -0.262545 1.454419 0.000000 0.000000 0.000000 1.000000 0.000000 0.000000
27.000000 257.010177 4.397882 -0.239222 1.458734 0.000000 0.000000 0.000000 1.000000 0.000000 0.000000
27.000000 257.013658 4.405358 -0.234761 1.455556 0.000000 0.000000 0.000000 1.000000 0.000000 0.000000
27.000000 257.016329 4.193216 -0.212931 1.436483 0.000000 0.000000 0.000000 1.000000 0.000000 0.000000
27.000000 257.018579 4.341607 -0.267960 1.462617 0.000000 0.000000 0.000000 1.000000 0.000000 0.000000
27.000000 257.019194 4.334783 -0.270358 1.460989 0.000000 0.000000 0.000000 1.000000 0.000000 0.000000
27.000000 257.020009 4.272529 -0.265895 1.470844 0.000000 0.000000 0.000000 1.000000 0.000000 0.000000
27.000000 257.020093 4.348047 -0.245570 1.473728 0.000000 0.000000 0.000000 1.000000 0.000000 0.000000
27.000000 257.023667 4.390090 -0.211258 1.462184 0.000000 0.000000 0.000000 1.000000 0.000000 0.000000
27.000000 257.026163 4.015327 -0.170402 1.432817 0.000000 0.000000 0.000000 1.000000 0.000000 0.000000
27.000000 257.028352 4.299847 -0.271497 1.478571 0.000000 0.000000 0.000000 1.000000 0.000000 0.000000
27.000000 257.029163 4.288063 -0.270879 1.479072 0.000000 0.000000 0.000000 1.000000 0.000000 0.000000
27.000000 257.030107 4.229342 -0.266149 1.487545 0.000000 0.000000 0.000000 1.000000 0.000000 0.000000
27.000000 257.030108 4.300886 -0.247345 1.488752 0.000000 0.000000 0.000000 1.000000 0.000000 0.000000
27.000000 257.033560 4.323434 -0.233529 1.477139 0.000000 0.000000 0.000000 1.000000 0.000000 0.000000
27.000000 257.036297 4.102094 -0.211209 1.456115 0.000000 0.000000 0.000000 1.000000 0.000000 0.000000
27.000000 257.038504 4.261404 -0.271110 1.484251 0.000000 0.000000 0.000000 1.000000 0.000000 0.000000
27.000000 257.039127 4.254531 -0.275152 1.483591 0.000000 0.000000 0.000000 1.000000 0.000000 0.000000
27.000000 257.040138 4.239796 -0.274200 1.489885 0.000000 0.000000 0.000000 1.000000 0.000000 0.000000
27.000000 257.040156 4.295392 -0.221753 1.486365 0.000000 0.000000 0.000000 1.000000 0.000000 0.000000
27.000000 257.043600 4.242282 -0.231072 1.485797 0.000000 0.000000 0.000000 1.000000 0.000000 0.000000
27.000000 257.046181 4.044291 -0.211574 1.470193 0.000000 0.000000 0.000000 1.000000 0.000000 0.000000
27.000000 257.048276 4.196842 -0.265910 1.498473 0.000000 0.000000 0.000000 1.000000 0.000000 0.000000
27.000000 257.049136 4.198638 -0.272217 1.494545 0.000000 0.000000 0.000000 1.000000 0.000000 0.000000
27.000000 257.050075 4.187803 -0.271300 1.504655 0.000000 0.000000 0.000000 1.000000 0.000000 0.000000
27.000000 257.050097 4.250085 -0.218829 1.497658 0.000000 0.000000 0.000000 1.000000 0.000000 0.000000
27.000000 257.053592 4.186182 -0.235477 1.496207 0.000000 0.000000 0.000000 1.000000 0.000000 0.000000
27.000000 257.056338 4.004080 -0.217690 1.483968 0.000000 0.000000 0.000000 1.000000 0.000000 0.000000
27.000000 257.058526 4.168908 -0.277139 1.510702 0.000000 0.000000 0.000000 1.000000 0.000000 0.000000
27.000000 257.059137 4.159986 -0.277305 1.508648 0.000000 0.000000 0.000000 1.000000 0.000000 0.000000
27.000000 257.060041 4.094721 -0.269809 1.516453 0.000000 0.000000 0.000000 1.000000 0.000000 0.000000
27.000000 257.060145 4.173159 -0.244578 1.518777 0.000000 0.000000 0.000000 1.000000 0.000000 0.000000
27.000000 257.063724 4.184272 -0.238950 1.511157 0.000000 0.000000 0.000000 1.000000 0.000000 0.000000
27.000000 257.066242 3.942575 -0.215741 1.489771 0.000000 0.000000 0.000000 1.000000 0.000000 0.000000
27.000000 257.068299 4.119392 -0.274809 1.517456 0.000000 0.000000 0.000000 1.000000 0.000000 0.000000
27.000000 257.069162 4.123620 -0.279326 1.510580 0.000000 0.000000 0.000000 1.000000 0.000000 0.000000
27.000000 257.070120 4.059848 -0.276507 1.524142 0.000000 0.000000 0.000000 1.000000 0.000000 0.000000
27.000000 257.070169 4.118458 -0.260365 1.528774 0.000000 0.000000 0.000000 1.000000 0.000000 0.000000
27.000000 257.073631 4.142248 -0.241342 1.519570 0.000000 0.000000 0.000000 1.000000 0.000000 0.000000
27.000000 257.076180 3.892471 -0.216649 1.495545 0.000000 0.000000 0.000000 1.000000 0.000000 0.000000
27.000000 257.078338 4.086926 -0.283564 1.524041 0.000000 0.000000 0.000000 1.000000 0.000000 0.000000
27.000000 257.079169 4.075765 -0.279727 1.519635 0.000000 0.000000 0.000000 1.000000 0.000000 0.000000
27.000000 257.080038 4.012975 -0.274240 1.526662 0.000000 0.000000 0.000000 1.000000 0.000000 0.000000
27.000000 257.080131 4.089214 -0.249594 1.532694 0.000000 0.000000 0.000000 1.000000 0.000000 0.000000
27.000000 257.083670 4.103378 -0.239599 1.524220 0.000000 0.000000 0.000000 1.000000 0.000000 0.000000
27.000000 257.086184 3.865274 -0.217823 1.499315 0.000000 0.000000 0.000000 1.000000 0.000000 0.000000
27.000000 257.088408 4.043423 -0.281800 1.529378 0.000000 0.000000 0.000000 1.000000 0.000000 0.000000
27.000000 257.089177 4.034489 -0.282547 1.526693 0.000000 0.000000 0.000000 1.000000 0.000000 0.000000
27.000000 257.090129 3.946382 -0.266274 1.534923 0.000000 0.000000 0.000000 1.000000 0.000000 0.000000
27.000000 257.090223 4.080292 -0.223092 1.531061 0.000000 0.000000 0.000000 1.000000 0.000000 0.000000
27.000000 257.093711 4.057585 -0.252281 1.532101 0.000000 0.000000 0.000000 1.000000 0.000000 0.000000
27.000000 257.096178 3.844096 -0.230178 1.512350 0.000000 0.000000 0.000000 1.000000 0.000000 0.000000
27.000000 257.098527 3.994733 -0.281388 1.532517 0.000000 0.000000 0.000000 1.000000 0.000000 0.000000
27.000000 257.099324 4.000687 -0.288421 1.528073 0.000000 0.000000 0.000000 1.000000 0.000000 0.000000
27.000000 257.100272 3.960740 -0.286808 1.548469 0.000000 0.000000 0.000000 1.000000 0.000000 0.000000
27.000000 257.100310 4.006594 -0.246167 1.546938 0.000000 0.000000 0.000000 1.000000 0.000000 0.000000
27.000000 257.103734 3.990235 -0.248537 1.540780 0.000000 0.000000 0.000000 1.000000 0.000000 0.000000
27.000000 257.106357 3.793745 -0.229408 1.518926 0.000000 0.000000 0.000000 1.000000 0.000000 0.000000
27.000000 257.108475 3.939530 -0.277543 1.542653 0.000000 0.000000 0.000000 1.000000 0.000000 0.000000
27.000000 257.109293 3.951720 -0.287893 1.533224 0.000000 0.000000 0.000000 1.000000 0.000000 0.000000
27.000000 257.110180 3.894953 -0.279988 1.541291 0.000000 0.000000 0.000000 1.000000 0.000000 0.000000
27.000000 257.110408 3.960061 -0.255455 1.544403 0.000000 0.000000 0.000000 1.000000 0.000000 0.000000
27.000000 257.113614 3.962630 -0.253788 1.542737 0.000000 0.000000 0.000000 1.000000 0.000000 0.000000
27.000000 257.116329 3.761893 -0.234578 1.523820 0.000000 0.000000 0.000000 1.000000 0.000000 0.000000
27.000000 257.118560 3.904116 -0.282079 1.544578 0.000000 0.000000 0.000000 1.000000 0.000000 0.000000
27.000000 257.119381 3.907805 -0.287206 1.535712 0.000000 0.000000 0.000000 1.000000 0.000000 0.000000
27.000000 257.120043 3.821270 -0.281111 1.552445 0.000000 0.000000 0.000000 1.000000 0.000000 0.000000
27.000000 257.120217 3.910427 -0.257115 1.554901 0.000000 0.000000 0.000000 1.000000 0.000000 0.000000
27.000000 257.123662 3.923660 -0.250931 1.545721 0.000000 0.000000 0.000000 1.000000 0.000000 0.000000
27.000000 257.126207 3.703722 -0.229429 1.524140 0.000000 0.000000 0.000000 1.000000 0.000000 0.000000
27.000000 257.128386 3.860873 -0.281531 1.544988 0.000000 0.000000 0.000000 1.000000 0.000000 0.000000
27.000000 257.129211 3.868422 -0.289751 1.532843 0.000000 0.000000 0.000000 1.000000 0.000000 0.000000
27.000000 257.130166 3.780873 -0.286176 1.550251 0.000000 0.000000 0.000000 1.000000 0.000000 0.000000
27.000000 257.130206 3.867367 -0.263974 1.556349 0.000000 0.000000 0.000000 1.000000 0.000000 0.000000
27.000000 257.133657 3.886460 -0.252340 1.543319 0.000000 0.000000 0.000000 1.000000 0.000000 0.000000
27.000000 257.136351 3.662585 -0.232436 1.522176 0.000000 0.000000 0.000000 1.000000 0.000000 0.000000
27.000000 257.138619 3.820100 -0.285162 1.548038 0.000000 0.000000 0.000000 1.000000 0.000000 0.000000
27.000000 257.139189 3.824248 -0.290846 1.540573 0.000000 0.000000 0.000000 1.000000 0.000000 0.000000
27.000000 257.140098 3.779101 -0.281275 1.542204 0.000000 0.000000 0.000000 1.000000 0.000000 0.000000
27.000000 257.140197 3.852382 -0.253020 1.544415 0.000000 0.000000 0.000000 1.000000 0.000000 0.000000
27.000000 257.143811 3.847972 -0.257670 1.545533 0.000000 0.000000 0.000000 1.000000 0.000000 0.000000
27.000000 257.146309 3.628113 -0.236278 1.524346 0.000000 0.000000 0.000000 1.000000 0.000000 0.000000
27.000000 257.148470 3.774277 -0.284775 1.544321 0.000000 0.000000 0.000000 1.000000 0.000000 0.000000
27.000000 257.149161 3.778953 -0.289943 1.539811 0.000000 0.000000 0.000000 1.000000 0.000000 0.000000
27.000000 257.150158 3.734113 -0.279217 1.543867 0.000000 0.000000 0.000000 1.000000 0.000000 0.000000
27.000000 257.150233 3.795161 -0.250988 1.546334 0.000000 0.000000 0.000000 1.000000 0.000000 0.000000
27.000000 257.153625 3.788381 -0.257450 1.546324 0.000000 0.000000 0.000000 1.000000 0.000000 0.000000
27.000000 257.156351 3.593166 -0.240553 1.524603 0.000000 0.000000 0.000000 1.000000 0.000000 0.000000
27.000000 257.158592 3.734282 -0.286846 1.544540 0.000000 0.000000 0.000000 1.000000 0.000000 0.000000
27.000000 257.159332 3.740721 -0.293504 1.535101 0.000000 0.000000 0.000000 1.000000 0.000000 0.000000
27.000000 257.160218 3.708398 -0.291936 1.549532 0.000000 0.000000 0.000000 1.000000 0.000000 0.000000
27.000000 257.160322 3.738932 -0.264764 1.552373 0.000000 0.000000 0.000000 1.000000 0.000000 0.000000
27.000000 257.163739 3.742000 -0.262226 1.549435 0.000000 0.000000 0.000000 1.000000 0.000000 0.000000
27.000000 257.166470 3.546899 -0.243429 1.524586 0.000000 0.000000 0.000000 1.000000 0.000000 0.000000
27.000000 257.168480 3.700054 -0.293893 1.544734 0.000000 0.000000 0.000000 1.000000 0.000000 0.000000
27.000000 257.169375 3.701406 -0.296949 1.537625 0.000000 0.000000 0.000000 1.000000 0.000000 0.000000
27.000000 257.170145 3.627228 -0.290141 1.551265 0.000000 0.000000 0.000000 1.000000 0.000000 0.000000
27.000000 257.170329 3.689107 -0.270381 1.552796 0.000000 0.000000 0.000000 1.000000 0.000000 0.000000
27.000000 257.173886 3.712429 -0.249065 1.547778 0.000000 0.000000 0.000000 1.000000 0.000000 0.000000
27.000000 257.176383 3.418633 -0.218074 1.518765 0.000000 0.000000 0.000000 1.000000 0.000000 0.000000
27.000000 257.178611 3.645350 -0.291107 1.541476 0.000000 0.000000 0.000000 1.000000 0.000000 0.000000
27.000000 257.179781 3.650474 -0.295429 1.533706 0.000000 0.000000 0.000000 1.000000 0.000000 0.000000
27.000000 257.180038 3.576895 -0.291087 1.550734 0.000000 0.000000 0.000000 1.000000 0.000000 0.000000
27.000000 257.180266 3.642686 -0.273715 1.553202 0.000000 0.000000 0.000000 1.000000 0.000000 0.000000
27.000000 257.183901 3.657054 -0.266532 1.540905 0.000000 0.000000 0.000000 1.000000 0.000000 0.000000
27.000000 257.186282 3.466973 -0.250291 1.518247 0.000000 0.000000 0.000000 1.000000 0.000000 0.000000
27.000000 257.188486 3.608067 -0.296307 1.536710 0.000000 0.000000 0.000000 1.000000 0.000000 0.000000
27.000000 257.189149 3.612342 -0.301240 1.528789 0.000000 0.000000 0.000000 1.000000 0.000000 0.000000
27.000000 257.190348 3.578443 -0.299763 1.540814 0.000000 0.000000 0.000000 1.000000 0.000000 0.000000
27.000000 257.190481 3.623187 -0.252060 1.540235 0.000000 0.000000 0.000000 1.000000 0.000000 0.000000
27.000000 257.193662 3.544999 -0.266759 1.532675 0.000000 0.000000 0.000000 1.000000 0.000000 0.000000
27.000000 257.196176 3.451397 -0.257783 1.512809 0.000000 0.000000 0.000000 1.000000 0.000000 0.000000
27.000000 257.198596 3.579397 -0.300769 1.526648 0.000000 0.000000 0.000000 1.000000 0.000000 0.000000
27.000000 257.199049 3.574533 -0.299843 1.523331 0.000000 0.000000 0.000000 1.000000 0.000000 0.000000
27.000000 257.200095 3.533604 -0.279118 1.516956 0.000000 0.000000 0.000000 1.000000 0.000000 0.000000
27.000000 257.200237 3.608554 -0.234352 1.517804 0.000000 0.000000 0.000000 1.000000 0.000000 0.000000
27.000000 257.203579 3.568052 -0.268745 1.532849 0.000000 0.000000 0.000000 1.000000 0.000000 0.000000
27.000000 257.206167 3.397493 -0.254255 1.508256 0.000000 0.000000 0.000000 1.000000 0.000000 0.000000
27.000000 257.208507 3.534473 -0.298323 1.521508 0.000000 0.000000 0.000000 1.000000 0.000000 0.000000
27.000000 257.209166 3.546996 -0.309806 1.507855 0.000000 0.000000 0.000000 1.000000 0.000000 0.000000
27.000000 257.210274 3.447279 -0.300467 1.527732 0.000000 0.000000 0.000000 1.000000 0.000000 0.000000
27.000000 257.210377 3.516147 -0.275562 1.531163 0.000000 0.000000 0.000000 1.000000 0.000000 0.000000
27.000000 257.213573 3.528086 -0.265519 1.525672 0.000000 0.000000 0.000000 1.000000 0.000000 0.000000
27.000000 257.216293 3.325039 -0.246591 1.498487 0.000000 0.000000 0.000000 1.000000 0.000000 0.000000
27.000000 257.219135 3.474574 -0.300421 1.508086 0.000000 0.000000 0.000000 1.000000 0.000000 0.000000
27.000000 257.220105 3.408483 -0.297432 1.521764 0.000000 0.000000 0.000000 1.000000 0.000000 0.000000
27.000000 257.220216 3.473837 -0.274602 1.522958 0.000000 0.000000 0.000000 1.000000 0.000000 0.000000
27.000000 257.223850 3.483778 -0.266533 1.519516 0.000000 0.000000 0.000000 1.000000 0.000000 0.000000
27.000000 257.226198 3.275753 -0.245797 1.493969 0.000000 0.000000 0.000000 1.000000 0.000000 0.000000
27.000000 257.229207 3.435858 -0.302715 1.504186 0.000000 0.000000 0.000000 1.000000 0.000000 0.000000
27.000000 257.230203 3.371428 -0.299780 1.517814 0.000000 0.000000 0.000000 1.000000 0.000000 0.000000
27.000000 257.230347 3.422793 -0.282118 1.516244 0.000000 0.000000 0.000000 1.000000 0.000000 0.000000
27.000000 257.233694 3.447302 -0.261187 1.507394 0.000000 0.000000 0.000000 1.000000 0.000000 0.000000
27.000000 257.236331 3.183886 -0.234650 1.475606 0.000000 0.000000 0.000000 1.000000 0.000000 0.000000
27.000000 257.239255 3.396797 -0.305307 1.492616 0.000000 0.000000 0.000000 1.000000 0.000000 0.000000
27.000000 257.240118 3.328472 -0.290740 1.504075 0.000000 0.000000 0.000000 1.000000 0.000000 0.000000
27.000000 257.240290 3.411679 -0.257554 1.498175 0.000000 0.000000 0.000000 1.000000 0.000000 0.000000
27.000000 257.243765 3.402058 -0.273796 1.494388 0.000000 0.000000 0.000000 1.000000 0.000000 0.000000
27.000000 257.246232 3.200548 -0.255660 1.471488 0.000000 0.000000 0.000000 1.000000 0.000000 0.000000
27.000000 257.249299 3.342215 -0.303444 1.487398 0.000000 0.000000 0.000000 1.000000 0.000000 0.000000
27.000000 257.250174 3.269513 -0.283133 1.496666 0.000000 0.000000 0.000000 1.000000 0.000000 0.000000
27.000000 257.250592 3.378725 -0.240419 1.485737 0.000000 0.000000 0.000000 1.000000 0.000000 0.000000
27.000000 257.253678 3.353205 -0.274902 1.486056 0.000000 0.000000 0.000000 1.000000 0.000000 0.000000
27.000000 257.256186 3.157415 -0.256338 1.458049 0.000000 0.000000 0.000000 1.000000 0.000000 0.000000
27.000000 257.259261 3.314302 -0.308121 1.468538 0.000000 0.000000 0.000000 1.000000 0.000000 0.000000
27.000000 257.260111 3.255836 -0.300180 1.482381 0.000000 0.000000 0.000000 1.000000 0.000000 0.000000
27.000000 257.260501 3.304824 -0.280660 1.481017 0.000000 0.000000 0.000000 1.000000 0.000000 0.000000
27.000000 257.263757 3.314318 -0.273529 1.476380 0.000000 0.000000 0.000000 1.000000 0.000000 0.000000
27.000000 257.266515 3.091269 -0.252112 1.450154 0.000000 0.000000 0.000000 1.000000 0.000000 0.000000
27.000000 257.269288 3.260643 -0.312017 1.463759 0.000000 0.000000 0.000000 1.000000 0.000000 0.000000
27.000000 257.270168 3.207385 -0.306869 1.472065 0.000000 0.000000 0.000000 1.000000 0.000000 0.000000
27.000000 257.270425 3.258814 -0.285143 1.470095 0.000000 0.000000 0.000000 1.000000 0.000000 0.000000
27.000000 257.273701 3.275407 -0.271693 1.461951 0.000000 0.000000 0.000000 1.000000 0.000000 0.000000
27.000000 257.276536 3.034069 -0.248950 1.433555 0.000000 0.000000 0.000000 1.000000 0.000000 0.000000
27.000000 257.279193 3.213346 -0.308418 1.451169 0.000000 0.000000 0.000000 1.000000 0.000000 0.000000
27.000000 257.280115 3.180941 -0.302739 1.456188 0.000000 0.000000 0.000000 1.000000 0.000000 0.000000
27.000000 257.280267 3.225274 -0.285620 1.454262 0.000000 0.000000 0.000000 1.000000 0.000000 0.000000
27.000000 257.283710 3.235221 -0.277078 1.451570 0.000000 0.000000 0.000000 1.000000 0.000000 0.000000
27.000000 257.286229 3.009762 -0.254283 1.424685 0.000000 0.000000 0.000000 1.000000 0.000000 0.000000
27.000000 257.289256 3.173783 -0.309602 1.436579 0.000000 0.000000 0.000000 1.000000 0.000000 0.000000
27.000000 257.290203 3.097236 -0.298937 1.453973 0.000000 0.000000 0.000000 1.000000 0.000000 0.000000
27.000000 257.290347 3.176376 -0.274785 1.444742 0.000000 0.000000 0.000000 1.000000 0.000000 0.000000
27.000000 257.293650 3.184267 -0.275574 1.437334 0.000000 0.000000 0.000000 1.000000 0.000000 0.000000
27.000000 257.296424 2.937380 -0.249580 1.411877 0.000000 0.000000 0.000000 1.000000 0.000000 0.000000
27.000000 257.299254 3.123166 -0.312935 1.426941 0.000000 0.000000 0.000000 1.000000 0.000000 0.000000
27.000000 257.300128 3.047166 -0.301476 1.442296 0.000000 0.000000 0.000000 1.000000 0.000000 0.000000
27.000000 257.300369 3.157541 -0.268758 1.433116 0.000000 0.000000 0.000000 1.000000 0.000000 0.000000
27.000000 257.303648 3.164071 -0.275211 1.420393 0.000000 0.000000 0.000000 1.000000 0.000000 0.000000
27.000000 257.306274 2.898155 -0.249208 1.389952 0.000000 0.000000 0.000000 1.000000 0.000000 0.000000
27.000000 257.309325 3.093450 -0.315618 1.407176 0.000000 0.000000 0.000000 1.000000 0.000000 0.000000
27.000000 257.310187 3.035650 -0.309896 1.419541 0.000000 0.000000 0.000000 1.000000 0.000000 0.000000
27.000000 257.310358 3.101367 -0.292762 1.410623 0.000000 0.000000 0.000000 1.000000 0.000000 0.000000
27.000000 257.313649 3.114227 -0.288374 1.402067 0.000000 0.000000 0.000000 1.000000 0.000000 0.000000
27.000000 257.316363 2.906245 -0.265807 1.377993 0.000000 0.000000 0.000000 1.000000 0.000000 0.000000
27.000000 257.319222 3.055737 -0.317345 1.385707 0.000000 0.000000 0.000000 1.000000 0.000000 0.000000
27.000000 257.320131 2.994383 -0.307185 1.397358 0.000000 0.000000 0.000000 1.000000 0.000000 0.000000
27.000000 257.320307 3.085978 -0.281035 1.386657 0.000000 0.000000 0.000000 1.000000 0.000000 0.000000
27.000000 257.323697 3.088185 -0.287833 1.382997 0.000000 0.000000 0.000000 1.000000 0.000000 0.000000
27.000000 257.326231 2.823915 -0.258395 1.358939 0.000000 0.000000 0.000000 1.000000 0.000000 0.000000
27.000000 257.329219 3.002603 -0.318185 1.373757 0.000000 0.000000 0.000000 1.000000 0.000000 0.000000
27.000000 257.330203 2.977289 -0.308931 1.373262 0.000000 0.000000 0.000000 1.000000 0.000000 0.000000
27.000000 257.333694 3.023424 -0.284190 1.373851 0.000000 0.000000 0.000000 1.000000 0.000000 0.000000
27.000000 257.336351 2.805492 -0.264290 1.342966 0.000000 0.000000 0.000000 1.000000 0.000000 0.000000
27.000000 257.339372 2.972915 -0.321639 1.352480 0.000000 0.000000 0.000000 1.000000 0.000000 0.000000
27.000000 257.340148 2.905543 -0.301756 1.360693 0.000000 0.000000 0.000000 1.000000 0.000000 0.000000
27.000000 257.343680 2.896875 -0.280974 1.343738 0.000000 0.000000 0.000000 1.000000 0.000000 0.000000
27.000000 257.346342 2.761304 -0.268614 1.316915 0.000000 0.000000 0.000000 1.000000 0.000000 0.000000
27.000000 257.349383 2.935350 -0.325819 1.328621 0.000000 0.000000 0.000000 1.000000 0.000000 0.000000
27.000000 257.350217 2.866287 -0.315644 1.346497 0.000000 0.000000 0.000000 1.000000 0.000000 0.000000
27.000000 257.353678 2.926408 -0.289177 1.336112 0.000000 0.000000 0.000000 1.000000 0.000000 0.000000
27.000000 257.356394 2.717483 -0.269931 1.300030 0.000000 0.000000 0.000000 1.000000 0.000000 0.000000
27.000000 257.359341 2.883384 -0.327578 1.316817 0.000000 0.000000 0.000000 1.000000 0.000000 0.000000
27.000000 257.360147 2.849253 -0.317073 1.316853 0.000000 0.000000 0.000000 1.000000 0.000000 0.000000
27.000000 257.363668 2.880993 -0.293049 1.308938 0.000000 0.000000 0.000000 1.000000 0.000000 0.000000
27.000000 257.366233 2.715181 -0.277894 1.280736 0.000000 0.000000 0.000000 1.000000 0.000000 0.000000
27.000000 257.369269 2.856724 -0.325900 1.290397 0.000000 0.000000 0.000000 1.000000 0.000000 0.000000
27.000000 257.370234 2.817847 -0.314983 1.294796 0.000000 0.000000 0.000000 1.000000 0.000000 0.000000
27.000000 257.373701 2.927835 -0.271821 1.294752 0.000000 0.000000 0.000000 1.000000 0.000000 0.000000
27.000000 257.376403 2.522030 -0.234192 1.238000 0.000000 0.000000 0.000000 1.000000 0.000000 0.000000
27.000000 257.379381 2.803377 -0.324847 1.267459 0.000000 0.000000 0.000000 1.000000 0.000000 0.000000
27.000000 257.380147 2.772991 -0.316610 1.271550 0.000000 0.000000 0.000000 1.000000 0.000000 0.000000
27.000000 257.384041 2.817967 -0.294408 1.268684 0.000000 0.000000 0.000000 1.000000 0.000000 0.000000
27.000000 257.386428 2.605740 -0.275185 1.232452 0.000000 0.000000 0.000000 1.000000 0.000000 0.000000
27.000000 257.389180 2.771068 -0.330018 1.242850 0.000000 0.000000 0.000000 1.000000 0.000000 0.000000
27.000000 257.390282 2.726406 -0.307599 1.244068 0.000000 0.000000 0.000000 1.000000 0.000000 0.000000
27.000000 257.394014 2.713499 -0.285926 1.232319 0.000000 0.000000 0.000000 1.000000 0.000000 0.000000
27.000000 257.396558 2.550730 -0.271365 1.207799 0.000000 0.000000 0.000000 1.000000 0.000000 0.000000
27.000000 257.399367 2.734176 -0.331324 1.220827 0.000000 0.000000 0.000000 1.000000 0.000000 0.000000
27.000000 257.400175 2.705839 -0.313331 1.218633 0.000000 0.000000 0.000000 1.000000 0.000000 0.000000
27.000000 257.403823 2.685778 -0.298217 1.199557 0.000000 0.000000 0.000000 1.000000 0.000000 0.000000
27.000000 257.406516 2.577993 -0.288525 1.173407 0.000000 0.000000 0.000000 1.000000 0.000000 0.000000
27.000000 257.409267 2.715698 -0.336531 1.180887 0.000000 0.000000 0.000000 1.000000 0.000000 0.000000
27.000000 257.410233 2.643686 -0.325921 1.198926 0.000000 0.000000 0.000000 1.000000 0.000000 0.000000
27.000000 257.414094 2.681488 -0.302664 1.185069 0.000000 0.000000 0.000000 1.000000 0.000000 0.000000
27.000000 257.416552 2.491504 -0.285450 1.147940 0.000000 0.000000 0.000000 1.000000 0.000000 0.000000
27.000000 257.419377 2.647614 -0.335997 1.163846 0.000000 0.000000 0.000000 1.000000 0.000000 0.000000
27.000000 257.420467 2.604433 -0.320499 1.170545 0.000000 0.000000 0.000000 1.000000 0.000000 0.000000
27.000000 257.423785 2.653733 -0.291153 1.152283 0.000000 0.000000 0.000000 1.000000 0.000000 0.000000
27.000000 257.426393 2.398904 -0.268096 1.106682 0.000000 0.000000 0.000000 1.000000 0.000000 0.000000
27.000000 257.429148 2.612765 -0.336668 1.133781 0.000000 0.000000 0.000000 1.000000 0.000000 0.000000
27.000000 257.430261 2.572283 -0.322275 1.140110 0.000000 0.000000 0.000000 1.000000 0.000000 0.000000
27.000000 257.433869 2.582079 -0.303943 1.125946 0.000000 0.000000 0.000000 1.000000 0.000000 0.000000
27.000000 257.436541 2.407828 -0.288174 1.094786 0.000000 0.000000 0.000000 1.000000 0.000000 0.000000
27.000000 257.439397 2.563472 -0.338535 1.110897 0.000000 0.000000 0.000000 1.000000 0.000000 0.000000
27.000000 257.440147 2.525002 -0.320641 1.114704 0.000000 0.000000 0.000000 1.000000 0.000000 0.000000
27.000000 257.444057 2.526203 -0.300788 1.099877 0.000000 0.000000 0.000000 1.000000 0.000000 0.000000
27.000000 257.446489 2.341341 -0.284326 1.062879 0.000000 0.000000 0.000000 1.000000 0.000000 0.000000
27.000000 257.449268 2.536729 -0.344096 1.079207 0.000000 0.000000 0.000000 1.000000 0.000000 0.000000
27.000000 257.450253 2.497626 -0.320917 1.083954 0.000000 0.000000 0.000000 1.000000 0.000000 0.000000
27.000000 257.453932 2.493421 -0.300000 1.068276 0.000000 0.000000 0.000000 1.000000 0.000000 0.000000
27.000000 257.456674 2.294727 -0.283289 1.020219 0.000000 0.000000 0.000000 1.000000 0.000000 0.000000
27.000000 257.459242 2.527168 -0.350782 1.033884 0.000000 0.000000 0.000000 1.000000 0.000000 0.000000
27.000000 257.460315 2.466012 -0.323285 1.051257 0.000000 0.000000 0.000000 1.000000 0.000000 0.000000
27.000000 257.463789 2.438364 -0.309517 1.034711 0.000000 0.000000 0.000000 1.000000 0.000000 0.000000
27.000000 257.466451 2.292582 -0.296590 1.006686 0.000000 0.000000 0.000000 1.000000 0.000000 0.000000
27.000000 257.469219 2.444370 -0.342851 1.019531 0.000000 0.000000 0.000000 1.000000 0.000000 0.000000
27.000000 257.470459 2.416209 -0.325096 1.022755 0.000000 0.000000 0.000000 1.000000 0.000000 0.000000
27.000000 257.473906 2.406195 -0.310804 1.010048 0.000000 0.000000 0.000000 1.000000 0.000000 0.000000
27.000000 257.476573 2.280971 -0.300127 0.978238 0.000000 0.000000 0.000000 1.000000 0.000000 0.000000
27.000000 257.479348 2.421571 -0.346166 0.982979 0.000000 0.000000 0.000000 1.000000 0.000000 0.000000
27.000000 257.480234 2.354670 -0.329978 1.001952 0.000000 0.000000 0.000000 1.000000 0.000000 0.000000
27.000000 257.483835 2.372601 -0.309140 0.981453 0.000000 0.000000 0.000000 1.000000 0.000000 0.000000
27.000000 257.486522 2.196077 -0.294155 0.929971 0.000000 0.000000 0.000000 1.000000 0.000000 0.000000
27.000000 257.489198 2.393626 -0.352174 0.943778 0.000000 0.000000 0.000000 1.000000 0.000000 0.000000
27.000000 257.490317 2.327114 -0.323460 0.962169 0.000000 0.000000 0.000000 1.000000 0.000000 0.000000
27.000000 257.493891 2.308867 -0.304183 0.939829 0.000000 0.000000 0.000000 1.000000 0.000000 0.000000
27.000000 257.496472 2.140238 -0.289592 0.897422 0.000000 0.000000 0.000000 1.000000 0.000000 0.000000
27.000000 257.499299 2.346438 -0.351116 0.913835 0.000000 0.000000 0.000000 1.000000 0.000000 0.000000
27.000000 257.500196 2.307306 -0.330822 0.923186 0.000000 0.000000 0.000000 1.000000 0.000000 0.000000
27.000000 257.503819 2.281154 -0.320330 0.902982 0.000000 0.000000 0.000000 1.000000 0.000000 0.000000
27.000000 257.506549 2.126447 -0.306689 0.868663 0.000000 0.000000 0.000000 1.000000 0.000000 0.000000
27.000000 257.510525 2.207407 -0.331544 0.873415 0.000000 0.000000 0.000000 1.000000 0.000000 0.000000
27.000000 257.513929 2.255627 -0.319117 0.870064 0.000000 0.000000 0.000000 1.000000 0.000000 0.000000
27.000000 257.516461 2.099769 -0.305568 0.831365 0.000000 0.000000 0.000000 1.000000 0.000000 0.000000
27.000000 257.520221 2.180141 -0.330414 0.835069 0.000000 0.000000 0.000000 1.000000 0.000000 0.000000
27.000000 257.523799 2.266128 -0.307852 0.843046 0.000000 0.000000 0.000000 1.000000 0.000000 0.000000
27.000000 257.526569 1.973193 -0.282754 0.782793 0.000000 0.000000 0.000000 1.000000 0.000000 0.000000
27.000000 257.534006 2.066574 -0.311961 0.772886 0.000000 0.000000 0.000000 1.000000 0.000000 0.000000
27.000000 257.536424 1.979318 -0.304328 0.746349 0.000000 0.000000 0.000000 1.000000 0.000000 0.000000
27.000000 257.540224 2.023374 -0.318016 0.752026 0.000000 0.000000 0.000000 1.000000 0.000000 0.000000
27.000000 257.544040 2.048877 -0.312220 0.743822 0.000000 0.000000 0.000000 1.000000 0.000000 0.000000
27.000000 257.546568 1.929326 -0.302202 0.702283 0.000000 0.000000 0.000000 1.000000 0.000000 0.000000
27.000000 257.550298 2.031990 -0.333424 0.707815 0.000000 0.000000 0.000000 1.000000 0.000000 0.000000
27.000000 257.554055 2.082059 -0.320341 0.713432 0.000000 0.000000 0.000000 1.000000 0.000000 0.000000
27.000000 257.556447 1.887048 -0.304020 0.674971 0.000000 0.000000 0.000000 1.000000 0.000000 0.000000
27.000000 257.560551 2.003897 -0.339939 0.671113 0.000000 0.000000 0.000000 1.000000 0.000000 0.000000
27.000000 257.563784 2.070337 -0.322589 0.677417 0.000000 0.000000 0.000000 1.000000 0.000000 0.000000
27.000000 257.566422 1.830956 -0.303490 0.627606 0.000000 0.000000 0.000000 1.000000 0.000000 0.000000
27.000000 257.570558 1.948398 -0.340679 0.625234 0.000000 0.000000 0.000000 1.000000 0.000000 0.000000
27.000000 257.573982 2.019913 -0.321962 0.642122 0.000000 0.000000 0.000000 1.000000 0.000000 0.000000
27.000000 257.580233 2.009432 -0.319294 0.621743 0.000000 0.000000 0.000000 1.000000 0.000000 0.000000
27.000000 257.583863 1.893693 -0.348835 0.569742 0.000000 0.000000 0.000000 1.000000 0.000000 0.000000
27.000000 257.586609 1.915941 -0.351054 0.552877 0.000000 0.000000 0.000000 1.000000 0.000000 0.000000
27.000000 257.590343 1.871560 -0.337881 0.541425 0.000000 0.000000 0.000000 1.000000 0.000000 0.000000
27.000000 257.593997 1.946620 -0.318972 0.540492 0.000000 0.000000 0.000000 1.000000 0.000000 0.000000
27.000000 257.596543 1.690806 -0.296922 0.482766 0.000000 0.000000 0.000000 1.000000 0.000000 0.000000
27.000000 257.603867 1.691663 -0.295968 0.460460 0.000000 0.000000 0.000000 1.000000 0.000000 0.000000
27.000000 257.606376 1.605503 -0.287266 0.426237 0.000000 0.000000 0.000000 1.000000 0.000000 0.000000
27.000000 257.610354 1.801699 -0.346284 0.445832 0.000000 0.000000 0.000000 1.000000 0.000000 0.000000
27.000000 257.613961 1.887385 -0.324348 0.446201 0.000000 0.000000 0.000000 1.000000 0.000000 0.000000
27.000000 257.616543 1.623595 -0.301494 0.393148 0.000000 0.000000 0.000000 1.000000 0.000000 0.000000
27.000000 257.620287 1.759938 -0.342532 0.404561 0.000000 0.000000 0.000000 1.000000 0.000000 0.000000
27.000000 257.623953 1.809649 -0.330081 0.399420 0.000000 0.000000 0.000000 1.000000 0.000000 0.000000
27.000000 257.626578 1.602901 -0.312641 0.348531 0.000000 0.000000 0.000000 1.000000 0.000000 0.000000
27.000000 257.630372 1.711166 -0.345461 0.353469 0.000000 0.000000 0.000000 1.000000 0.000000 0.000000
27.000000 257.634054 1.793566 -0.324675 0.352939 0.000000 0.000000 0.000000 1.000000 0.000000 0.000000
27.000000 257.636546 1.539807 -0.302981 0.295397 0.000000 0.000000 0.000000 1.000000 0.000000 0.000000
27.000000 257.643813 1.588924 -0.317064 0.283268 0.000000 0.000000 0.000000 1.000000 0.000000 0.000000
27.000000 257.646828 1.527377 -0.311325 0.253150 0.000000 0.000000 0.000000 1.000000 0.000000 0.000000
27.000000 257.650348 1.630875 -0.342242 0.253230 0.000000 0.000000 0.000000 1.000000 0.000000 0.000000
27.000000 257.653982 1.704609 -0.324006 0.243530 0.000000 0.000000 0.000000 1.000000 0.000000 0.000000
27.000000 257.656500 1.383704 -0.296494 0.175851 0.000000 0.000000 0.000000 1.000000 0.000000 0.000000
27.000000 257.660287 1.567766 -0.351570 0.204135 0.000000 0.000000 0.000000 1.000000 0.000000 0.000000
27.000000 257.663860 1.639190 -0.333489 0.209283 0.000000 0.000000 0.000000 1.000000 0.000000 0.000000
27.000000 257.666419 1.439023 -0.317063 0.154666 0.000000 0.000000 0.000000 1.000000 0.000000 0.000000
27.000000 257.670558 1.536541 -0.346776 0.160839 0.000000 0.000000 0.000000 1.000000 0.000000 0.000000
27.000000 257.674176 1.580564 -0.335892 0.159711 0.000000 0.000000 0.000000 1.000000 0.000000 0.000000
27.000000 257.676459 1.459988 -0.326079 0.119321 0.000000 0.000000 0.000000 1.000000 0.000000 0.000000
27.000000 257.680259 1.531830 -0.347618 0.115553 0.000000 0.000000 0.000000 1.000000 0.000000 0.000000
27.000000 257.683889 1.606777 -0.328581 0.116307 0.000000 0.000000 0.000000 1.000000 0.000000 0.000000
27.000000 257.686396 1.366645 -0.308355 0.062552 0.000000 0.000000 0.000000 1.000000 0.000000 0.000000
27.000000 257.690377 1.471118 -0.339349 0.058850 0.000000 0.000000 0.000000 1.000000 0.000000 0.000000
27.000000 257.694025 1.506001 -0.330586 0.050004 0.000000 0.000000 0.000000 1.000000 0.000000 0.000000
27.000000 257.696517 1.320655 -0.314865 0.009354 0.000000 0.000000 0.000000 1.000000 0.000000 0.000000
27.000000 257.700286 1.431895 -0.347220 0.005393 0.000000 0.000000 0.000000 1.000000 0.000000 0.000000
27.000000 257.703939 1.492745 -0.331900 0.014506 0.000000 0.000000 0.000000 1.000000 0.000000 0.000000
27.000000 257.706409 1.263252 -0.313206 -0.010048 0.000000 0.000000 0.000000 1.000000 0.000000 0.000000
27.000000 257.710358 1.404617 -0.355188 0.024362 0.000000 0.000000 0.000000 1.000000 0.000000 0.000000
27.000000 257.714005 1.468036 -0.338057 0.055419 0.000000 0.000000 0.000000 1.000000 0.000000 0.000000
27.000000 257.716571 1.298779 -0.323858 0.035883 0.000000 0.000000 0.000000 1.000000 0.000000 0.000000
27.000000 257.720296 1.365341 -0.343601 0.064771 0.000000 0.000000 0.000000 1.000000 0.000000 0.000000
27.000000 257.723956 1.406713 -0.331931 0.093716 0.000000 0.000000 0.000000 1.000000 0.000000 0.000000
27.000000 257.726412 1.201109 -0.314573 0.064806 0.000000 0.000000 0.000000 1.000000 0.000000 0.000000
27.000000 257.730376 1.337416 -0.354801 0.103071 0.000000 0.000000 0.000000 1.000000 0.000000 0.000000
27.000000 257.734040 1.383869 -0.341760 0.137724 0.000000 0.000000 0.000000 1.000000 0.000000 0.000000
27.000000 257.736623 1.189200 -0.326105 0.106281 0.000000 0.000000 0.000000 1.000000 0.000000 0.000000
27.000000 257.740537 1.287837 -0.355098 0.138128 0.000000 0.000000 0.000000 1.000000 0.000000 0.000000
27.000000 257.743843 1.338460 -0.340380 0.165132 0.000000 0.000000 0.000000 1.000000 0.000000 0.000000
27.000000 257.756605 1.119446 -0.322572 0.166280 0.000000 0.000000 0.000000 1.000000 0.000000 0.000000
27.000000 257.760334 1.230852 -0.355372 0.202960 0.000000 0.000000 0.000000 1.000000 0.000000 0.000000
27.000000 257.763922 1.266398 -0.345228 0.229683 0.000000 0.000000 0.000000 1.000000 0.000000 0.000000
27.000000 257.766692 1.086257 -0.330221 0.202049 0.000000 0.000000 0.000000 1.000000 0.000000 0.000000
27.000000 257.770393 1.172625 -0.355613 0.227032 0.000000 0.000000 0.000000 1.000000 0.000000 0.000000
27.000000 257.773994 1.206526 -0.346151 0.256680 0.000000 0.000000 0.000000 1.000000 0.000000 0.000000
27.000000 257.776508 1.044131 -0.333095 0.234117 0.000000 0.000000 0.000000 1.000000 0.000000 0.000000
27.000000 257.780336 1.143933 -0.362591 0.254496 0.000000 0.000000 0.000000 1.000000 0.000000 0.000000
27.000000 257.783895 1.206074 -0.346575 0.289766 0.000000 0.000000 0.000000 1.000000 0.000000 0.000000
27.000000 257.786614 0.980115 -0.328565 0.265073 0.000000 0.000000 0.000000 1.000000 0.000000 0.000000
27.000000 257.793975 1.056308 -0.349418 0.289177 0.000000 0.000000 0.000000 1.000000 0.000000 0.000000
27.000000 257.796732 0.992613 -0.342218 0.297976 0.000000 0.000000 0.000000 1.000000 0.000000 0.000000
27.000000 257.800304 1.055063 -0.360105 0.329126 0.000000 0.000000 0.000000 1.000000 0.000000 0.000000
27.000000 257.803910 1.080177 -0.352142 0.355388 0.000000 0.000000 0.000000 1.000000 0.000000 0.000000
27.000000 257.806493 0.955142 -0.343317 0.318897 0.000000 0.000000 0.000000 1.000000 0.000000 0.000000
27.000000 257.810381 1.011547 -0.360562 0.336635 0.000000 0.000000 0.000000 1.000000 0.000000 0.000000
27.000000 257.814030 1.032846 -0.353118 0.370860 0.000000 0.000000 0.000000 1.000000 0.000000 0.000000
27.000000 257.816793 0.890019 -0.341379 0.352100 0.000000 0.000000 0.000000 1.000000 0.000000 0.000000
27.000000 257.820356 0.993089 -0.371483 0.375677 0.000000 0.000000 0.000000 1.000000 0.000000 0.000000
27.000000 257.823886 1.037866 -0.359766 0.402449 0.000000 0.000000 0.000000 1.000000 0.000000 0.000000
27.000000 257.826562 0.894034 -0.348275 0.387665 0.000000 0.000000 0.000000 1.000000 0.000000 0.000000
27.000000 257.830409 0.962196 -0.368101 0.409466 0.000000 0.000000 0.000000 1.000000 0.000000 0.000000
27.000000 257.834040 0.994023 -0.359258 0.434040 0.000000 0.000000 0.000000 1.000000 0.000000 0.000000
27.000000 257.836592 0.855601 -0.348068 0.413553 0.000000 0.000000 0.000000 1.000000 0.000000 0.000000
27.000000 257.840597 0.894209 -0.359388 0.427356 0.000000 0.000000 0.000000 1.000000 0.000000 0.000000
27.000000 257.843944 0.914123 -0.353924 0.454198 0.000000 0.000000 0.000000 1.000000 0.000000 0.000000
27.000000 257.846630 0.799627 -0.345398 0.438939 0.000000 0.000000 0.000000 1.000000 0.000000 0.000000
27.000000 257.850439 0.849254 -0.360095 0.452652 0.000000 0.000000 0.000000 1.000000 0.000000 0.000000
27.000000 257.854097 0.875808 -0.352782 0.482468 0.000000 0.000000 0.000000 1.000000 0.000000 0.000000
27.000000 257.856568 0.817317 -0.348851 0.475091 0.000000 0.000000 0.000000 1.000000 0.000000 0.000000
27.000000 257.860378 0.858947 -0.361252 0.486047 0.000000 0.000000 0.000000 1.000000 0.000000 0.000000
27.000000 257.863922 0.861160 -0.360124 0.507769 0.000000 0.000000 0.000000 1.000000 0.000000 0.000000
27.000000 257.866638 0.752173 -0.351892 0.490294 0.000000 0.000000 0.000000 1.000000 0.000000 0.000000
27.000000 257.870654 0.814125 -0.370121 0.505898 0.000000 0.000000 0.000000 1.000000 0.000000 0.000000
27.000000 257.873990 0.815907 -0.368827 0.523512 0.000000 0.000000 0.000000 1.000000 0.000000 0.000000
27.000000 257.876589 0.730451 -0.361977 0.506746 0.000000 0.000000 0.000000 1.000000 0.000000 0.000000
27.000000 257.880355 0.759827 -0.370349 0.525404 0.000000 0.000000 0.000000 1.000000 0.000000 0.000000
27.000000 257.883938 0.774545 -0.365534 0.545437 0.000000 0.000000 0.000000 1.000000 0.000000 0.000000
27.000000 257.886633 0.683752 -0.358105 0.526627 0.000000 0.000000 0.000000 1.000000 0.000000 0.000000
27.000000 257.894093 0.715835 -0.366642 0.540528 0.000000 0.000000 0.000000 1.000000 0.000000 0.000000
27.000000 257.896618 0.670154 -0.361955 0.549288 0.000000 0.000000 0.000000 1.000000 0.000000 0.000000
27.000000 257.900355 0.667931 -0.361317 0.562046 0.000000 0.000000 0.000000 1.000000 0.000000 0.000000
27.000000 257.903924 0.661519 -0.362444 0.573879 0.000000 0.000000 0.000000 1.000000 0.000000 0.000000
27.000000 257.906533 0.603447 -0.357694 0.567764 0.000000 0.000000 0.000000 1.000000 0.000000 0.000000
27.000000 257.910451 0.649829 -0.371045 0.588463 0.000000 0.000000 0.000000 1.000000 0.000000 0.000000
27.000000 257.914028 0.696201 -0.359014 0.616438 0.000000 0.000000 0.000000 1.000000 0.000000 0.000000
27.000000 257.916619 0.526226 -0.346209 0.588575 0.000000 0.000000 0.000000 1.000000 0.000000 0.000000
27.000000 257.920572 0.613016 -0.371806 0.602779 0.000000 0.000000 0.000000 1.000000 0.000000 0.000000
27.000000 257.923925 0.625336 -0.368100 0.627574 0.000000 0.000000 0.000000 1.000000 0.000000 0.000000
27.000000 257.926502 0.535693 -0.361855 0.609275 0.000000 0.000000 0.000000 1.000000 0.000000 0.000000
27.000000 257.930642 0.566577 -0.371359 0.615573 0.000000 0.000000 0.000000 1.000000 0.000000 0.000000
27.000000 257.934028 0.573728 -0.369115 0.642030 0.000000 0.000000 0.000000 1.000000 0.000000 0.000000
27.000000 257.936607 0.490844 -0.364008 0.624252 0.000000 0.000000 0.000000 1.000000 0.000000 0.000000
27.000000 257.940384 0.494290 -0.365769 0.631180 0.000000 0.000000 0.000000 1.000000 0.000000 0.000000
27.000000 257.943988 0.539036 -0.353482 0.666528 0.000000 0.000000 0.000000 1.000000 0.000000 0.000000
27.000000 257.946468 0.395725 -0.342673 0.640566 0.000000 0.000000 0.000000 1.000000 0.000000 0.000000
27.000000 257.950565 0.461282 -0.362118 0.644428 0.000000 0.000000 0.000000 1.000000 0.000000 0.000000
27.000000 257.954060 0.484606 -0.356764 0.674761 0.000000 0.000000 0.000000 1.000000 0.000000 0.000000
27.000000 257.956581 0.419020 -0.353787 0.666459 0.000000 0.000000 0.000000 1.000000 0.000000 0.000000
27.000000 257.960489 0.470935 -0.369786 0.668413 0.000000 0.000000 0.000000 1.000000 0.000000 0.000000
27.000000 257.963875 0.474193 -0.368595 0.689375 0.000000 0.000000 0.000000 1.000000 0.000000 0.000000
27.000000 257.966552 0.391388 -0.362729 0.673362 0.000000 0.000000 0.000000 1.000000 0.000000 0.000000
27.000000 257.970531 0.426034 -0.373167 0.677759 0.000000 0.000000 0.000000 1.000000 0.000000 0.000000
27.000000 257.974073 0.436404 -0.370208 0.695475 0.000000 0.000000 0.000000 1.000000 0.000000 0.000000
27.000000 257.976595 0.339282 -0.363007 0.674555 0.000000 0.000000 0.000000 1.000000 0.000000 0.000000
27.000000 257.980451 0.385261 -0.376569 0.684744 0.000000 0.000000 0.000000 1.000000 0.000000 0.000000
27.000000 257.983976 0.405195 -0.371115 0.712265 0.000000 0.000000 0.000000 1.000000 0.000000 0.000000
27.000000 257.986537 0.344582 -0.367180 0.699250 0.000000 0.000000 0.000000 1.000000 0.000000 0.000000
27.000000 257.990428 0.318062 -0.360232 0.687913 0.000000 0.000000 0.000000 1.000000 0.000000 0.000000
27.000000 257.994176 0.294349 -0.366581 0.710039 0.000000 0.000000 0.000000 1.000000 0.000000 0.000000
27.000000 257.996698 0.291902 -0.368867 0.707704 0.000000 0.000000 0.000000 1.000000 0.000000 0.000000
27.000000 258.000503 0.291179 -0.369981 0.701325 0.000000 0.000000 0.000000 1.000000 0.000000 0.000000
27.000000 258.004075 0.287004 -0.370578 0.722044 0.000000 0.000000 0.000000 1.000000 0.000000 0.000000
27.000000 258.006577 0.311965 -0.373434 0.717408 0.000000 0.000000 0.000000 1.000000 0.000000 0.000000
27.000000 258.010514 0.288485 -0.367323 0.715878 0.000000 0.000000 0.000000 1.000000 0.000000 0.000000
27.000000 258.014299 0.249500 -0.376561 0.733367 0.000000 0.000000 0.000000 1.000000 0.000000 0.000000
27.000000 258.016664 0.268301 -0.379346 0.724998 0.000000 0.000000 0.000000 1.000000 0.000000 0.000000
27.000000 258.020466 0.246931 -0.374129 0.724465 0.000000 0.000000 0.000000 1.000000 0.000000 0.000000
27.000000 258.023940 0.215482 -0.381209 0.744252 0.000000 0.000000 0.000000 1.000000 0.000000 0.000000
27.000000 258.026587 0.263391 -0.386414 0.733928 0.000000 0.000000 0.000000 1.000000 0.000000 0.000000
27.000000 258.030513 0.208441 -0.371894 0.725911 0.000000 0.000000 0.000000 1.000000 0.000000 0.000000
27.000000 258.034291 0.181892 -0.377901 0.748884 0.000000 0.000000 0.000000 1.000000 0.000000 0.000000
27.000000 258.036634 0.225084 -0.382693 0.742469 0.000000 0.000000 0.000000 1.000000 0.000000 0.000000
27.000000 258.040480 0.197863 -0.375954 0.729114 0.000000 0.000000 0.000000 1.000000 0.000000 0.000000
27.000000 258.044043 0.122597 -0.394430 0.738799 0.000000 0.000000 0.000000 1.000000 0.000000 0.000000
27.000000 258.046561 0.276898 -0.407456 0.756109 0.000000 0.000000 0.000000 1.000000 0.000000 0.000000
27.000000 258.050470 0.112914 -0.361492 0.733637 0.000000 0.000000 0.000000 1.000000 0.000000 0.000000
27.000000 258.054205 0.012270 -0.386037 0.737855 0.000000 0.000000 0.000000 1.000000 0.000000 0.000000
27.000000 258.056737 0.290444 -0.408860 0.766265 0.000000 0.000000 0.000000 1.000000 0.000000 0.000000
27.000000 258.060490 0.124520 -0.362409 0.748574 0.000000 0.000000 0.000000 1.000000 0.000000 0.000000
27.000000 258.064030 0.146712 -0.356594 0.775681 0.000000 0.000000 0.000000 1.000000 0.000000 0.000000
27.000000 258.066628 0.055546 -0.350630 0.747906 0.000000 0.000000 0.000000 1.000000 0.000000 0.000000
27.000000 258.070461 0.105772 -0.365830 0.750710 0.000000 0.000000 0.000000 1.000000 0.000000 0.000000
27.000000 258.074114 0.049874 -0.379038 0.773531 0.000000 0.000000 0.000000 1.000000 0.000000 0.000000
27.000000 258.076704 0.123220 -0.386908 0.764450 0.000000 0.000000 0.000000 1.000000 0.000000 0.000000
27.000000 258.080416 0.067366 -0.372657 0.751542 0.000000 0.000000 0.000000 1.000000 0.000000 0.000000
27.000000 258.084090 0.063039 -0.373135 0.772972 0.000000 0.000000 0.000000 1.000000 0.000000 0.000000
27.000000 258.086565 0.047308 -0.372769 0.750339 0.000000 0.000000 0.000000 1.000000 0.000000 0.000000
27.000000 258.090585 -0.025181 -0.353181 0.741113 0.000000 0.000000 0.000000 1.000000 0.000000 0.000000
27.000000 258.094124 -0.129306 -0.378161 0.755525 0.000000 0.000000 0.000000 1.000000 0.000000 0.000000
27.000000 258.096777 0.087590 -0.396833 0.764417 0.000000 0.000000 0.000000 1.000000 0.000000 0.000000
27.000000 258.100451 -0.026802 -0.365725 0.734080 0.000000 0.000000 0.000000 1.000000 0.000000 0.000000
27.000000 258.104033 -0.079129 -0.378482 0.753679 0.000000 0.000000 0.000000 1.000000 0.000000 0.000000
27.000000 258.106653 0.034542 -0.389130 0.759435 0.000000 0.000000 0.000000 1.000000 0.000000 0.000000
27.000000 258.110610 -0.037242 -0.370063 0.744769 0.000000 0.000000 0.000000 1.000000 0.000000 0.000000
27.000000 258.114314 -0.151403 -0.397579 0.755983 0.000000 0.000000 0.000000 1.000000 0.000000 0.000000
27.000000 258.116682 0.098892 -0.418394 0.771229 0.000000 0.000000 0.000000 1.000000 0.000000 0.000000
27.000000 258.120455 -0.071366 -0.371533 0.746467 0.000000 0.000000 0.000000 1.000000 0.000000 0.000000
27.000000 258.124070 -0.068578 -0.370533 0.771569 0.000000 0.000000 0.000000 1.000000 0.000000 0.000000
27.000000 258.126598 -0.092899 -0.369514 0.749005 0.000000 0.000000 0.000000 1.000000 0.000000 0.000000
27.000000 258.130740 -0.106460 -0.366414 0.740073 0.000000 0.000000 0.000000 1.000000 0.000000 0.000000
27.000000 258.134232 -0.148253 -0.376280 0.760727 0.000000 0.000000 0.000000 1.000000 0.000000 0.000000
27.000000 258.136634 -0.060303 -0.384298 0.752029 0.000000 0.000000 0.000000 1.000000 0.000000 0.000000
27.000000 258.140535 -0.151523 -0.359597 0.735464 0.000000 0.000000 0.000000 1.000000 0.000000 0.000000
27.000000 258.144071 -0.264906 -0.386876 0.744246 0.000000 0.000000 0.000000 1.000000 0.000000 0.000000
27.000000 258.146653 -0.060506 -0.404013 0.743916 0.000000 0.000000 0.000000 1.000000 0.000000 0.000000
27.000000 258.150533 -0.180979 -0.371228 0.720543 0.000000 0.000000 0.000000 1.000000 0.000000 0.000000
27.000000 258.154171 -0.192990 -0.373866 0.747058 0.000000 0.000000 0.000000 1.000000 0.000000 0.000000
27.000000 258.156754 -0.238369 -0.370521 0.729946 0.000000 0.000000 0.000000 1.000000 0.000000 0.000000
27.000000 258.160445 -0.227579 -0.373754 0.727403 0.000000 0.000000 0.000000 1.000000 0.000000 0.000000
27.000000 258.164104 -0.340466 -0.401039 0.728357 0.000000 0.000000 0.000000 1.000000 0.000000 0.000000
27.000000 258.166636 -0.070747 -0.422653 0.739382 0.000000 0.000000 0.000000 1.000000 0.000000 0.000000
27.000000 258.170498 -0.279338 -0.365154 0.711692 0.000000 0.000000 0.000000 1.000000 0.000000 0.000000
27.000000 258.174190 -0.433011 -0.402263 0.711747 0.000000 0.000000 0.000000 1.000000 0.000000 0.000000
27.000000 258.176711 -0.042153 -0.433416 0.737048 0.000000 0.000000 0.000000 1.000000 0.000000 0.000000
27.000000 258.180498 -0.297916 -0.363058 0.705860 0.000000 0.000000 0.000000 1.000000 0.000000 0.000000
27.000000 258.184119 -0.458343 -0.401763 0.706365 0.000000 0.000000 0.000000 1.000000 0.000000 0.000000
27.000000 258.186657 -0.082418 -0.431685 0.724572 0.000000 0.000000 0.000000 1.000000 0.000000 0.000000
27.000000 258.190534 -0.324095 -0.365002 0.682698 0.000000 0.000000 0.000000 1.000000 0.000000 0.000000
27.000000 258.194136 -0.481202 -0.402847 0.685575 0.000000 0.000000 0.000000 1.000000 0.000000 0.000000
27.000000 258.196699 -0.104530 -0.432876 0.715298 0.000000 0.000000 0.000000 1.000000 0.000000 0.000000
27.000000 258.200476 -0.372144 -0.359120 0.673630 0.000000 0.000000 0.000000 1.000000 0.000000 0.000000
27.000000 258.204080 -0.510806 -0.392520 0.677339 0.000000 0.000000 0.000000 1.000000 0.000000 0.000000
27.000000 258.206658 -0.157892 -0.420405 0.702635 0.000000 0.000000 0.000000 1.000000 0.000000 0.000000
27.000000 258.210509 -0.374670 -0.360555 0.671180 0.000000 0.000000 0.000000 1.000000 0.000000 0.000000
27.000000 258.214180 -0.538498 -0.400038 0.671486 0.000000 0.000000 0.000000 1.000000 0.000000 0.000000
27.000000 258.220480 -0.566695 -0.397846 0.665961 0.000000 0.000000 0.000000 1.000000 0.000000 0.000000
27.000000 258.224033 -0.556586 -0.395401 0.667576 0.000000 0.000000 0.000000 1.000000 0.000000 0.000000
27.000000 258.230507 -0.567757 -0.394585 0.660912 0.000000 0.000000 0.000000 1.000000 0.000000 0.000000
27.000000 258.234151 -0.616277 -0.406451 0.647435 0.000000 0.000000 0.000000 1.000000 0.000000 0.000000
27.000000 258.240539 -0.724986 -0.398083 0.631355 0.000000 0.000000 0.000000 1.000000 0.000000 0.000000
27.000000 258.244062 -0.762242 -0.407067 0.624754 0.000000 0.000000 0.000000 1.000000 0.000000 0.000000
27.000000 258.250506 -0.747159 -0.409818 0.599615 0.000000 0.000000 0.000000 1.000000 0.000000 0.000000
27.000000 258.254207 -0.722767 -0.404759 0.595024 0.000000 0.000000 0.000000 1.000000 0.000000 0.000000
27.000000 258.260456 -0.694682 -0.406219 0.610839 0.000000 0.000000 0.000000 1.000000 0.000000 0.000000
27.000000 258.264087 -0.715323 -0.411421 0.599504 0.000000 0.000000 0.000000 1.000000 0.000000 0.000000
27.000000 258.270539 -0.757205 -0.408374 0.583921 0.000000 0.000000 0.000000 1.000000 0.000000 0.000000
27.000000 258.274202 -0.740988 -0.404797 0.576543 0.000000 0.000000 0.000000 1.000000 0.000000 0.000000
27.000000 258.280536 -0.758792 -0.403439 0.571322 0.000000 0.000000 0.000000 1.000000 0.000000 0.000000
27.000000 258.284102 -0.729451 -0.396489 0.569632 0.000000 0.000000 0.000000 1.000000 0.000000 0.000000
27.000000 258.290776 -0.772891 -0.393541 0.546904 0.000000 0.000000 0.000000 1.000000 0.000000 0.000000
27.000000 258.294189 -0.810361 -0.403135 0.528918 0.000000 0.000000 0.000000 1.000000 0.000000 0.000000
27.000000 258.300511 -0.818641 -0.402506 0.526971 0.000000 0.000000 0.000000 1.000000 0.000000 0.000000
27.000000 258.304115 -0.825620 -0.404265 0.520696 0.000000 0.000000 0.000000 1.000000 0.000000 0.000000
27.000000 258.310569 -0.874423 -0.400603 0.504197 0.000000 0.000000 0.000000 1.000000 0.000000 0.000000
27.000000 258.314209 -0.891442 -0.404847 0.497416 0.000000 0.000000 0.000000 1.000000 0.000000 0.000000
27.000000 258.320698 -0.896033 -0.404948 0.485325 0.000000 0.000000 0.000000 1.000000 0.000000 0.000000
27.000000 258.324103 -0.890639 -0.404321 0.473157 0.000000 0.000000 0.000000 1.000000 0.000000 0.000000
27.000000 258.330787 -0.921043 -0.402267 0.459570 0.000000 0.000000 0.000000 1.000000 0.000000 0.000000
27.000000 258.334270 -0.924780 -0.403601 0.449234 0.000000 0.000000 0.000000 1.000000 0.000000 0.000000
27.000000 258.340488 -1.005455 -0.398109 0.423299 0.000000 0.000000 0.000000 1.000000 0.000000 0.000000
27.000000 258.344227 -1.031209 -0.405020 0.408459 0.000000 0.000000 0.000000 1.000000 0.000000 0.000000
27.000000 258.350611 -1.074781 -0.401889 0.397913 0.000000 0.000000 0.000000 1.000000 0.000000 0.000000
27.000000 258.354218 -1.031944 -0.392090 0.395870 0.000000 0.000000 0.000000 1.000000 0.000000 0.000000
27.000000 258.360594 -0.996152 -0.395150 0.390763 0.000000 0.000000 0.000000 1.000000 0.000000 0.000000
27.000000 258.364092 -0.999473 -0.396488 0.378631 0.000000 0.000000 0.000000 1.000000 0.000000 0.000000
27.000000 258.370586 -1.030218 -0.394441 0.363258 0.000000 0.000000 0.000000 1.000000 0.000000 0.000000
27.000000 258.374547 -1.090901 -0.409189 0.349481 0.000000 0.000000 0.000000 1.000000 0.000000 0.000000
27.000000 258.380538 -1.112376 -0.408558 0.332133 0.000000 0.000000 0.000000 1.000000 0.000000 0.000000
27.000000 258.384215 -1.100290 -0.407114 0.312495 0.000000 0.000000 0.000000 1.000000 0.000000 0.000000
27.000000 258.390882 -1.118298 -0.405796 0.303555 0.000000 0.000000 0.000000 1.000000 0.000000 0.000000
27.000000 258.394294 -1.188979 -0.422692 0.278596 0.000000 0.000000 0.000000 1.000000 0.000000 0.000000
27.000000 258.400523 -1.274447 -0.416268 0.245470 0.000000 0.000000 0.000000 1.000000 0.000000 0.000000
27.000000 258.404172 -1.214947 -0.402757 0.242363 0.000000 0.000000 0.000000 1.000000 0.000000 0.000000
27.000000 258.410642 -1.195203 -0.404627 0.232456 0.000000 0.000000 0.000000 1.000000 0.000000 0.000000
27.000000 258.414253 -1.313040 -0.433103 0.205753 0.000000 0.000000 0.000000 1.000000 0.000000 0.000000
27.000000 258.420627 -1.361858 -0.430268 0.183483 0.000000 0.000000 0.000000 1.000000 0.000000 0.000000
27.000000 258.424240 -1.353291 -0.429440 0.163413 0.000000 0.000000 0.000000 1.000000 0.000000 0.000000
27.000000 258.440563 -1.248143 -0.401985 0.144319 0.000000 0.000000 0.000000 1.000000 0.000000 0.000000
27.000000 258.444284 -1.291356 -0.413949 0.119756 0.000000 0.000000 0.000000 1.000000 0.000000 0.000000
27.000000 258.450591 -1.403031 -0.406444 0.089949 0.000000 0.000000 0.000000 1.000000 0.000000 0.000000
27.000000 258.454267 -1.511724 -0.433300 0.057129 0.000000 0.000000 0.000000 1.000000 0.000000 0.000000
27.000000 258.460564 -1.500978 -0.434893 0.042336 0.000000 0.000000 0.000000 1.000000 0.000000 0.000000
27.000000 258.464198 -1.424411 -0.418100 0.033663 0.000000 0.000000 0.000000 1.000000 0.000000 0.000000
27.000000 258.470615 -1.438475 -0.417410 0.016559 0.000000 0.000000 0.000000 1.000000 0.000000 0.000000
27.000000 258.474330 -1.412401 -0.411429 0.018531 0.000000 0.000000 0.000000 1.000000 0.000000 0.000000
27.000000 258.480612 -1.465772 -0.407249 0.026592 0.000000 0.000000 0.000000 1.000000 0.000000 0.000000
27.000000 258.484228 -1.557712 -0.428002 0.031490 0.000000 0.000000 0.000000 1.000000 0.000000 0.000000
27.000000 258.490643 -1.594284 -0.425096 0.049175 0.000000 0.000000 0.000000 1.000000 0.000000 0.000000
27.000000 258.494460 -1.516733 -0.406570 0.077446 0.000000 0.000000 0.000000 1.000000 0.000000 0.000000
27.000000 258.510683 -1.581557 -0.411056 0.111343 0.000000 0.000000 0.000000 1.000000 0.000000 0.000000
27.000000 258.514318 -1.681343 -0.433876 0.109202 0.000000 0.000000 0.000000 1.000000 0.000000 0.000000
27.000000 258.520575 -1.673202 -0.434277 0.125121 0.000000 0.000000 0.000000 1.000000 0.000000 0.000000
27.000000 258.524213 -1.719950 -0.444691 0.132848 0.000000 0.000000 0.000000 1.000000 0.000000 0.000000
27.000000 258.530695 -1.749939 -0.442301 0.143165 0.000000 0.000000 0.000000 1.000000 0.000000 0.000000
27.000000 258.534341 -1.731417 -0.437417 0.160386 0.000000 0.000000 0.000000 1.000000 0.000000 0.000000
27.000000 258.540621 -1.744968 -0.436299 0.176638 0.000000 0.000000 0.000000 1.000000 0.000000 0.000000
27.000000 258.544258 -1.800340 -0.448797 0.185286 0.000000 0.000000 0.000000 1.000000 0.000000 0.000000
27.000000 258.550705 -1.894006 -0.441778 0.182567 0.000000 0.000000 0.000000 1.000000 0.000000 0.000000
27.000000 258.554434 -1.839140 -0.428372 0.203127 0.000000 0.000000 0.000000 1.000000 0.000000 0.000000
27.000000 258.560639 -1.799224 -0.430924 0.220252 0.000000 0.000000 0.000000 1.000000 0.000000 0.000000
27.000000 258.564258 -1.857831 -0.444000 0.223342 0.000000 0.000000 0.000000 1.000000 0.000000 0.000000
27.000000 258.570747 -1.876613 -0.442282 0.231695 0.000000 0.000000 0.000000 1.000000 0.000000 0.000000
27.000000 258.574279 -1.885336 -0.443917 0.238887 0.000000 0.000000 0.000000 1.000000 0.000000 0.000000
27.000000 258.580625 -1.899939 -0.442656 0.250155 0.000000 0.000000 0.000000 1.000000 0.000000 0.000000
27.000000 258.584251 -1.797978 -0.418202 0.280554 0.000000 0.000000 0.000000 1.000000 0.000000 0.000000
27.000000 258.590659 -1.859646 -0.413717 0.300075 0.000000 0.000000 0.000000 1.000000 0.000000 0.000000
27.000000 258.594348 -1.878931 -0.418397 0.308555 0.000000 0.000000 0.000000 1.000000 0.000000 0.000000
27.000000 258.600646 -1.901687 -0.416854 0.294588 0.000000 0.000000 0.000000 1.000000 0.000000 0.000000
27.000000 258.604281 -1.988125 -0.436495 0.288564 0.000000 0.000000 0.000000 1.000000 0.000000 0.000000
27.000000 258.610701 -1.968316 -0.437502 0.307411 0.000000 0.000000 0.000000 1.000000 0.000000 0.000000
27.000000 258.614362 -1.999406 -0.444265 0.315295 0.000000 0.000000 0.000000 1.000000 0.000000 0.000000
27.000000 258.620605 -2.003026 -0.443777 0.323675 0.000000 0.000000 0.000000 1.000000 0.000000 0.000000
27.000000 258.624322 -1.993774 -0.440791 0.339508 0.000000 0.000000 0.000000 1.000000 0.000000 0.000000
27.000000 258.630770 -2.029765 -0.437699 0.343793 0.000000 0.000000 0.000000 1.000000 0.000000 0.000000
27.000000 258.634377 -2.026531 -0.436594 0.349878 0.000000 0.000000 0.000000 1.000000 0.000000 0.000000
27.000000 258.640625 -2.076388 -0.432605 0.357798 0.000000 0.000000 0.000000 1.000000 0.000000 0.000000
27.000000 258.644366 -2.192111 -0.459293 0.344821 0.000000 0.000000 0.000000 1.000000 0.000000 0.000000
27.000000 258.650719 -2.220282 -0.457469 0.351367 0.000000 0.000000 0.000000 1.000000 0.000000 0.000000
27.000000 258.654369 -2.131298 -0.436612 0.380954 0.000000 0.000000 0.000000 1.000000 0.000000 0.000000
27.000000 258.660651 -2.132971 -0.436401 0.383414 0.000000 0.000000 0.000000 1.000000 0.000000 0.000000
27.000000 258.664315 -2.038678 -0.413867 0.406920 0.000000 0.000000 0.000000 1.000000 0.000000 0.000000
27.000000 258.670850 -2.044905 -0.413013 0.412108 0.000000 0.000000 0.000000 1.000000 0.000000 0.000000
27.000000 258.674342 -2.129685 -0.432585 0.400756 0.000000 0.000000 0.000000 1.000000 0.000000 0.000000
27.000000 258.680902 -2.136202 -0.431852 0.407971 0.000000 0.000000 0.000000 1.000000 0.000000 0.000000
27.000000 258.684316 -2.222294 -0.451400 0.403262 0.000000 0.000000 0.000000 1.000000 0.000000 0.000000
27.000000 258.690730 -2.367372 -0.440786 0.393469 0.000000 0.000000 0.000000 1.000000 0.000000 0.000000
27.000000 258.694383 -2.344909 -0.435291 0.404911 0.000000 0.000000 0.000000 1.000000 0.000000 0.000000
27.000000 258.700624 -2.313567 -0.437395 0.413546 0.000000 0.000000 0.000000 1.000000 0.000000 0.000000
27.000000 258.704365 -2.308373 -0.435946 0.419352 0.000000 0.000000 0.000000 1.000000 0.000000 0.000000
27.000000 258.710739 -2.260669 -0.439272 0.428179 0.000000 0.000000 0.000000 1.000000 0.000000 0.000000
27.000000 258.714503 -2.323698 -0.453069 0.430001 0.000000 0.000000 0.000000 1.000000 0.000000 0.000000
27.000000 258.720728 -2.341636 -0.451241 0.437721 0.000000 0.000000 0.000000 1.000000 0.000000 0.000000
27.000000 258.724397 -2.355877 -0.454806 0.425329 0.000000 0.000000 0.000000 1.000000 0.000000 0.000000
27.000000 258.730762 -2.395096 -0.452059 0.423231 0.000000 0.000000 0.000000 1.000000 0.000000 0.000000
27.000000 258.734322 -2.355188 -0.442297 0.446996 0.000000 0.000000 0.000000 1.000000 0.000000 0.000000
27.000000 258.740669 -2.439108 -0.435986 0.443673 0.000000 0.000000 0.000000 1.000000 0.000000 0.000000
27.000000 258.744414 -2.497656 -0.449477 0.432883 0.000000 0.000000 0.000000 1.000000 0.000000 0.000000
27.000000 258.750736 -2.479920 -0.450846 0.430155 0.000000 0.000000 0.000000 1.000000 0.000000 0.000000
27.000000 258.754544 -2.490064 -0.452753 0.435665 0.000000 0.000000 0.000000 1.000000 0.000000 0.000000
27.000000 258.760693 -2.466404 -0.454196 0.443358 0.000000 0.000000 0.000000 1.000000 0.000000 0.000000
27.000000 258.764471 -2.462158 -0.453304 0.442398 0.000000 0.000000 0.000000 1.000000 0.000000 0.000000
27.000000 258.770993 -2.506413 -0.450122 0.437931 0.000000 0.000000 0.000000 1.000000 0.000000 0.000000
27.000000 258.774557 -2.514664 -0.452042 0.436078 0.000000 0.000000 0.000000 1.000000 0.000000 0.000000
27.000000 258.780716 -2.509463 -0.452409 0.436836 0.000000 0.000000 0.000000 1.000000 0.000000 0.000000
27.000000 258.784509 -2.509194 -0.452407 0.435350 0.000000 0.000000 0.000000 1.000000 0.000000 0.000000
27.000000 258.790808 -2.564083 -0.448472 0.436056 0.000000 0.000000 0.000000 1.000000 0.000000 0.000000
27.000000 258.794562 -2.629422 -0.463260 0.433524 0.000000 0.000000 0.000000 1.000000 0.000000 0.000000
27.000000 258.800691 -2.641239 -0.463052 0.417251 0.000000 0.000000 0.000000 1.000000 0.000000 0.000000
27.000000 258.804357 -2.621086 -0.458383 0.420685 0.000000 0.000000 0.000000 1.000000 0.000000 0.000000
27.000000 258.810796 -2.714739 -0.451114 0.422747 0.000000 0.000000 0.000000 1.000000 0.000000 0.000000
27.000000 258.814443 -2.697244 -0.447267 0.420469 0.000000 0.000000 0.000000 1.000000 0.000000 0.000000
27.000000 258.820716 -2.690766 -0.447816 0.415111 0.000000 0.000000 0.000000 1.000000 0.000000 0.000000
27.000000 258.824421 -2.725031 -0.455417 0.414412 0.000000 0.000000 0.000000 1.000000 0.000000 0.000000
27.000000 258.830834 -2.708059 -0.456972 0.409859 0.000000 0.000000 0.000000 1.000000 0.000000 0.000000
27.000000 258.834487 -2.707865 -0.457047 0.408350 0.000000 0.000000 0.000000 1.000000 0.000000 0.000000
27.000000 258.850762 -2.714212 -0.463131 0.404284 0.000000 0.000000 0.000000 1.000000 0.000000 0.000000
27.000000 258.854593 -2.773260 -0.476640 0.394546 0.000000 0.000000 0.000000 1.000000 0.000000 0.000000
