26.000000 244.303868 23.543674 -0.233323 0.233902 0.000000 0.000000 0.000000 1.000000 0.000000 0.000000
26.000000 244.304781 23.228279 -0.230744 0.273423 0.000000 0.000000 0.000000 1.000000 0.000000 0.000000
26.000000 244.312836 23.357105 -0.193706 0.294729 0.000000 0.000000 0.000000 1.000000 0.000000 0.000000
26.000000 244.313827 23.439092 -0.213214 0.304382 0.000000 0.000000 0.000000 1.000000 0.000000 0.000000
26.000000 244.314839 23.254987 -0.211105 0.332690 0.000000 0.000000 0.000000 1.000000 0.000000 0.000000
26.000000 244.322948 23.283276 -0.203314 0.375176 0.000000 0.000000 0.000000 1.000000 0.000000 0.000000
26.000000 244.323890 23.488691 -0.254295 0.362833 0.000000 0.000000 0.000000 1.000000 0.000000 0.000000
26.000000 244.324813 23.017194 -0.250023 0.433389 0.000000 0.000000 0.000000 1.000000 0.000000 0.000000
26.000000 244.332848 23.145935 -0.212846 0.471276 0.000000 0.000000 0.000000 1.000000 0.000000 0.000000
26.000000 244.333933 23.273915 -0.244155 0.495018 0.000000 0.000000 0.000000 1.000000 0.000000 0.000000
26.000000 244.334943 22.960231 -0.242178 0.517952 0.000000 0.000000 0.000000 1.000000 0.000000 0.000000
26.000000 244.342944 23.070550 -0.210528 0.533068 0.000000 0.000000 0.000000 1.000000 0.000000 0.000000
26.000000 244.343940 23.022377 -0.240663 0.598125 0.000000 0.000000 0.000000 1.000000 0.000000 0.000000
26.000000 244.344695 22.802552 -0.238982 0.612553 0.000000 0.000000 0.000000 1.000000 0.000000 0.000000
26.000000 244.353113 22.874768 -0.218299 0.638451 0.000000 0.000000 0.000000 1.000000 0.000000 0.000000
26.000000 244.353800 22.975737 -0.243131 0.667463 0.000000 0.000000 0.000000 1.000000 0.000000 0.000000
26.000000 244.354769 22.616758 -0.240728 0.703090 0.000000 0.000000 0.000000 1.000000 0.000000 0.000000
26.000000 244.362966 22.724544 -0.209318 0.722130 0.000000 0.000000 0.000000 1.000000 0.000000 0.000000
26.000000 244.363839 22.837817 -0.237340 0.752480 0.000000 0.000000 0.000000 1.000000 0.000000 0.000000
26.000000 244.364863 22.519372 -0.235163 0.783590 0.000000 0.000000 0.000000 1.000000 0.000000 0.000000
26.000000 244.372916 22.595928 -0.212816 0.802014 0.000000 0.000000 0.000000 1.000000 0.000000 0.000000
26.000000 244.373779 22.672440 -0.231728 0.836195 0.000000 0.000000 0.000000 1.000000 0.000000 0.000000
26.000000 244.374866 22.396460 -0.230175 0.864453 0.000000 0.000000 0.000000 1.000000 0.000000 0.000000
26.000000 244.383089 22.466284 -0.209753 0.880133 0.000000 0.000000 0.000000 1.000000 0.000000 0.000000
26.000000 244.383911 22.516926 -0.222008 0.907745 0.000000 0.000000 0.000000 1.000000 0.000000 0.000000
26.000000 244.384878 22.296894 -0.220624 0.921009 0.000000 0.000000 0.000000 1.000000 0.000000 0.000000
26.000000 244.388317 22.095893 -0.255500 0.966194 0.000000 0.000000 0.000000 1.000000 0.000000 0.000000
26.000000 244.392892 22.103411 -0.177833 1.003015 0.000000 0.000000 0.000000 1.000000 0.000000 0.000000
26.000000 244.393752 22.572452 -0.248011 0.961794 0.000000 0.000000 0.000000 1.000000 0.000000 0.000000
26.000000 244.394800 22.088593 -0.244781 1.027497 0.000000 0.000000 0.000000 1.000000 0.000000 0.000000
26.000000 244.398494 22.010605 -0.247771 1.048606 0.000000 0.000000 0.000000 1.000000 0.000000 0.000000
26.000000 244.402927 22.058971 -0.197557 1.097792 0.000000 0.000000 0.000000 1.000000 0.000000 0.000000
26.000000 244.403842 22.317570 -0.220868 1.068328 0.000000 0.000000 0.000000 1.000000 0.000000 0.000000
26.000000 244.404691 22.035455 -0.219118 1.092069 0.000000 0.000000 0.000000 1.000000 0.000000 0.000000
26.000000 244.408302 21.890803 -0.246192 1.120018 0.000000 0.000000 0.000000 1.000000 0.000000 0.000000
26.000000 244.412899 21.945888 -0.204497 1.167251 0.000000 0.000000 0.000000 1.000000 0.000000 0.000000
26.000000 244.413813 22.136949 -0.213370 1.149272 0.000000 0.000000 0.000000 1.000000 0.000000 0.000000
26.000000 244.414838 21.930497 -0.212315 1.163639 0.000000 0.000000 0.000000 1.000000 0.000000 0.000000
26.000000 244.418473 21.780068 -0.242470 1.189214 0.000000 0.000000 0.000000 1.000000 0.000000 0.000000
26.000000 244.422927 21.851569 -0.208971 1.241466 0.000000 0.000000 0.000000 1.000000 0.000000 0.000000
26.000000 244.423856 22.057033 -0.223614 1.220481 0.000000 0.000000 0.000000 1.000000 0.000000 0.000000
26.000000 244.424730 21.770483 -0.221927 1.241138 0.000000 0.000000 0.000000 1.000000 0.000000 0.000000
26.000000 244.428462 21.685012 -0.234444 1.253344 0.000000 0.000000 0.000000 1.000000 0.000000 0.000000
26.000000 244.432949 21.760853 -0.208000 1.303715 0.000000 0.000000 0.000000 1.000000 0.000000 0.000000
26.000000 244.433790 21.974476 -0.228433 1.282805 0.000000 0.000000 0.000000 1.000000 0.000000 0.000000
26.000000 244.434819 21.706420 -0.227059 1.293625 0.000000 0.000000 0.000000 1.000000 0.000000 0.000000
26.000000 244.438379 21.573526 -0.248182 1.311215 0.000000 0.000000 0.000000 1.000000 0.000000 0.000000
26.000000 244.443025 21.629599 -0.212567 1.360747 0.000000 0.000000 0.000000 1.000000 0.000000 0.000000
26.000000 244.443866 21.758473 -0.214318 1.351002 0.000000 0.000000 0.000000 1.000000 0.000000 0.000000
26.000000 244.444713 21.541873 -0.212952 1.376092 0.000000 0.000000 0.000000 1.000000 0.000000 0.000000
26.000000 244.448306 21.465170 -0.230567 1.390079 0.000000 0.000000 0.000000 1.000000 0.000000 0.000000
26.000000 244.452914 21.557773 -0.212172 1.434823 0.000000 0.000000 0.000000 1.000000 0.000000 0.000000
26.000000 244.453823 21.672894 -0.202758 1.422215 0.000000 0.000000 0.000000 1.000000 0.000000 0.000000
26.000000 244.454825 21.455292 -0.201358 1.441389 0.000000 0.000000 0.000000 1.000000 0.000000 0.000000
26.000000 244.458477 21.355064 -0.228879 1.455163 0.000000 0.000000 0.000000 1.000000 0.000000 0.000000
26.000000 244.462995 21.468493 -0.219277 1.503069 0.000000 0.000000 0.000000 1.000000 0.000000 0.000000
26.000000 244.463915 21.549053 -0.200981 1.492043 0.000000 0.000000 0.000000 1.000000 0.000000 0.000000
26.000000 244.464794 21.333360 -0.199552 1.507883 0.000000 0.000000 0.000000 1.000000 0.000000 0.000000
26.000000 244.468326 21.248589 -0.222685 1.518986 0.000000 0.000000 0.000000 1.000000 0.000000 0.000000
26.000000 244.472949 21.359851 -0.217109 1.564093 0.000000 0.000000 0.000000 1.000000 0.000000 0.000000
26.000000 244.473822 21.418563 -0.197588 1.558723 0.000000 0.000000 0.000000 1.000000 0.000000 0.000000
26.000000 244.474818 21.222186 -0.196418 1.574009 0.000000 0.000000 0.000000 1.000000 0.000000 0.000000
26.000000 244.478529 21.138521 -0.221955 1.579999 0.000000 0.000000 0.000000 1.000000 0.000000 0.000000
26.000000 244.482992 21.276180 -0.224266 1.629018 0.000000 0.000000 0.000000 1.000000 0.000000 0.000000
26.000000 244.483884 21.315418 -0.197309 1.622178 0.000000 0.000000 0.000000 1.000000 0.000000 0.000000
26.000000 244.484768 21.167954 -0.196649 1.616598 0.000000 0.000000 0.000000 1.000000 0.000000 0.000000
26.000000 244.488263 21.037673 -0.228025 1.628925 0.000000 0.000000 0.000000 1.000000 0.000000 0.000000
26.000000 244.492917 21.173899 -0.226410 1.688984 0.000000 0.000000 0.000000 1.000000 0.000000 0.000000
26.000000 244.493817 21.163485 -0.191546 1.688112 0.000000 0.000000 0.000000 1.000000 0.000000 0.000000
26.000000 244.494872 20.987646 -0.190439 1.698927 0.000000 0.000000 0.000000 1.000000 0.000000 0.000000
26.000000 244.498519 20.922528 -0.212945 1.700209 0.000000 0.000000 0.000000 1.000000 0.000000 0.000000
26.000000 244.502974 21.088729 -0.227999 1.750935 0.000000 0.000000 0.000000 1.000000 0.000000 0.000000
26.000000 244.503879 21.197126 -0.222294 1.727895 0.000000 0.000000 0.000000 1.000000 0.000000 0.000000
26.000000 244.504791 20.685949 -0.207529 1.751353 0.000000 0.000000 0.000000 1.000000 0.000000 0.000000
26.000000 244.504802 20.681203 -0.228972 1.752273 0.000000 0.000000 0.000000 1.000000 0.000000 0.000000
26.000000 244.508495 20.817711 -0.211631 1.758193 0.000000 0.000000 0.000000 1.000000 0.000000 0.000000
26.000000 244.512933 20.996453 -0.232229 1.809352 0.000000 0.000000 0.000000 1.000000 0.000000 0.000000
26.000000 244.513944 20.966237 -0.190262 1.806285 0.000000 0.000000 0.000000 1.000000 0.000000 0.000000
26.000000 244.514806 20.751032 -0.188743 1.820040 0.000000 0.000000 0.000000 1.000000 0.000000 0.000000
26.000000 244.515068 20.613290 -0.214897 1.815237 0.000000 0.000000 0.000000 1.000000 0.000000 0.000000
26.000000 244.518516 20.623996 -0.185239 1.794334 0.000000 0.000000 0.000000 1.000000 0.000000 0.000000
26.000000 244.523096 20.900986 -0.236055 1.869426 0.000000 0.000000 0.000000 1.000000 0.000000 0.000000
26.000000 244.524012 20.823360 -0.185644 1.869030 0.000000 0.000000 0.000000 1.000000 0.000000 0.000000
26.000000 244.524730 20.665406 -0.184642 1.867230 0.000000 0.000000 0.000000 1.000000 0.000000 0.000000
26.000000 244.525152 20.450695 -0.236217 1.863811 0.000000 0.000000 0.000000 1.000000 0.000000 0.000000
26.000000 244.528454 20.495179 -0.181339 1.847676 0.000000 0.000000 0.000000 1.000000 0.000000 0.000000
26.000000 244.532953 20.801363 -0.240936 1.922764 0.000000 0.000000 0.000000 1.000000 0.000000 0.000000
26.000000 244.533903 20.710581 -0.188522 1.925647 0.000000 0.000000 0.000000 1.000000 0.000000 0.000000
26.000000 244.534818 20.591548 -0.187753 1.923684 0.000000 0.000000 0.000000 1.000000 0.000000 0.000000
26.000000 244.534924 20.329913 -0.246069 1.917919 0.000000 0.000000 0.000000 1.000000 0.000000 0.000000
26.000000 244.538510 20.381390 -0.175404 1.896702 0.000000 0.000000 0.000000 1.000000 0.000000 0.000000
26.000000 244.542994 20.654735 -0.238688 1.961495 0.000000 0.000000 0.000000 1.000000 0.000000 0.000000
26.000000 244.543947 20.523394 -0.188351 1.977259 0.000000 0.000000 0.000000 1.000000 0.000000 0.000000
26.000000 244.544799 20.400707 -0.187660 1.988246 0.000000 0.000000 0.000000 1.000000 0.000000 0.000000
26.000000 244.544849 20.243625 -0.214820 1.977083 0.000000 0.000000 0.000000 1.000000 0.000000 0.000000
26.000000 244.548505 20.264167 -0.171551 1.948942 0.000000 0.000000 0.000000 1.000000 0.000000 0.000000
26.000000 244.552921 20.621355 -0.248369 2.033180 0.000000 0.000000 0.000000 1.000000 0.000000 0.000000
26.000000 244.553908 20.538705 -0.202315 2.030052 0.000000 0.000000 0.000000 1.000000 0.000000 0.000000
26.000000 244.554866 20.226268 -0.199906 2.049238 0.000000 0.000000 0.000000 1.000000 0.000000 0.000000
26.000000 244.554888 20.135696 -0.210396 2.038323 0.000000 0.000000 0.000000 1.000000 0.000000 0.000000
26.000000 244.558569 20.162738 -0.169602 2.009958 0.000000 0.000000 0.000000 1.000000 0.000000 0.000000
26.000000 244.561190 20.322947 -0.219120 2.095221 0.000000 0.000000 0.000000 1.000000 0.000000 0.000000
26.000000 244.563124 20.216097 -0.141337 2.121098 0.000000 0.000000 0.000000 1.000000 0.000000 0.000000
26.000000 244.564074 20.327207 -0.176175 2.096652 0.000000 0.000000 0.000000 1.000000 0.000000 0.000000
26.000000 244.564826 20.052412 -0.166212 2.100896 0.000000 0.000000 0.000000 1.000000 0.000000 0.000000
26.000000 244.564829 20.018158 -0.207494 2.094579 0.000000 0.000000 0.000000 1.000000 0.000000 0.000000
26.000000 244.568390 20.162356 -0.189270 2.086479 0.000000 0.000000 0.000000 1.000000 0.000000 0.000000
26.000000 244.571029 20.221131 -0.219712 2.147580 0.000000 0.000000 0.000000 1.000000 0.000000 0.000000
26.000000 244.573071 20.115506 -0.142797 2.175954 0.000000 0.000000 0.000000 1.000000 0.000000 0.000000
26.000000 244.574104 20.224361 -0.176347 2.151619 0.000000 0.000000 0.000000 1.000000 0.000000 0.000000
26.000000 244.574845 20.063279 -0.175269 2.157254 0.000000 0.000000 0.000000 1.000000 0.000000 0.000000
26.000000 244.575077 19.906260 -0.207897 2.150612 0.000000 0.000000 0.000000 1.000000 0.000000 0.000000
26.000000 244.578361 19.945458 -0.159449 2.117113 0.000000 0.000000 0.000000 1.000000 0.000000 0.000000
26.000000 244.581004 20.088129 -0.203321 2.193384 0.000000 0.000000 0.000000 1.000000 0.000000 0.000000
26.000000 244.583110 19.989445 -0.134042 2.230496 0.000000 0.000000 0.000000 1.000000 0.000000 0.000000
26.000000 244.583949 20.119937 -0.173022 2.202659 0.000000 0.000000 0.000000 1.000000 0.000000 0.000000
26.000000 244.584845 19.826879 -0.163517 2.204409 0.000000 0.000000 0.000000 1.000000 0.000000 0.000000
26.000000 244.584849 19.772429 -0.219073 2.194246 0.000000 0.000000 0.000000 1.000000 0.000000 0.000000
26.000000 244.588405 19.966000 -0.182121 2.182820 0.000000 0.000000 0.000000 1.000000 0.000000 0.000000
26.000000 244.591087 19.976192 -0.198339 2.240614 0.000000 0.000000 0.000000 1.000000 0.000000 0.000000
26.000000 244.593171 19.892343 -0.154544 2.268905 0.000000 0.000000 0.000000 1.000000 0.000000 0.000000
26.000000 244.593890 19.907369 -0.170369 2.252032 0.000000 0.000000 0.000000 1.000000 0.000000 0.000000
26.000000 244.594847 19.843565 -0.170150 2.259845 0.000000 0.000000 0.000000 1.000000 0.000000 0.000000
26.000000 244.594905 19.699405 -0.193290 2.245259 0.000000 0.000000 0.000000 1.000000 0.000000 0.000000
26.000000 244.598431 19.725803 -0.146969 2.208483 0.000000 0.000000 0.000000 1.000000 0.000000 0.000000
26.000000 244.601061 19.834300 -0.181032 2.279984 0.000000 0.000000 0.000000 1.000000 0.000000 0.000000
26.000000 244.603016 19.768024 -0.140458 2.326309 0.000000 0.000000 0.000000 1.000000 0.000000 0.000000
26.000000 244.603977 19.879506 -0.173704 2.303320 0.000000 0.000000 0.000000 1.000000 0.000000 0.000000
26.000000 244.604818 19.711287 -0.172457 2.311954 0.000000 0.000000 0.000000 1.000000 0.000000 0.000000
26.000000 244.604867 19.575461 -0.195506 2.303765 0.000000 0.000000 0.000000 1.000000 0.000000 0.000000
26.000000 244.608820 19.610946 -0.147208 2.263455 0.000000 0.000000 0.000000 1.000000 0.000000 0.000000
26.000000 244.610947 19.733744 -0.185471 2.339344 0.000000 0.000000 0.000000 1.000000 0.000000 0.000000
26.000000 244.612957 19.637706 -0.127107 2.382459 0.000000 0.000000 0.000000 1.000000 0.000000 0.000000
26.000000 244.613882 19.736505 -0.161031 2.351160 0.000000 0.000000 0.000000 1.000000 0.000000 0.000000
26.000000 244.614841 19.525659 -0.156205 2.351629 0.000000 0.000000 0.000000 1.000000 0.000000 0.000000
26.000000 244.614877 19.493679 -0.191331 2.350094 0.000000 0.000000 0.000000 1.000000 0.000000 0.000000
26.000000 244.618636 19.631138 -0.169029 2.331925 0.000000 0.000000 0.000000 1.000000 0.000000 0.000000
26.000000 244.621006 19.625122 -0.184172 2.385938 0.000000 0.000000 0.000000 1.000000 0.000000 0.000000
26.000000 244.623028 19.536220 -0.131038 2.431571 0.000000 0.000000 0.000000 1.000000 0.000000 0.000000
26.000000 244.624065 19.626862 -0.161858 2.400659 0.000000 0.000000 0.000000 1.000000 0.000000 0.000000
26.000000 244.624802 19.499525 -0.160807 2.401294 0.000000 0.000000 0.000000 1.000000 0.000000 0.000000
26.000000 244.624887 19.314052 -0.202525 2.399383 0.000000 0.000000 0.000000 1.000000 0.000000 0.000000
26.000000 244.628360 19.367363 -0.145073 2.355992 0.000000 0.000000 0.000000 1.000000 0.000000 0.000000
26.000000 244.631178 19.518372 -0.189309 2.427886 0.000000 0.000000 0.000000 1.000000 0.000000 0.000000
26.000000 244.632968 19.421591 -0.129501 2.473808 0.000000 0.000000 0.000000 1.000000 0.000000 0.000000
26.000000 244.633933 19.507524 -0.158681 2.446928 0.000000 0.000000 0.000000 1.000000 0.000000 0.000000
26.000000 244.634869 19.445775 -0.158060 2.444319 0.000000 0.000000 0.000000 1.000000 0.000000 0.000000
26.000000 244.634953 19.229847 -0.206729 2.441322 0.000000 0.000000 0.000000 1.000000 0.000000 0.000000
26.000000 244.638459 19.273212 -0.151782 2.393966 0.000000 0.000000 0.000000 1.000000 0.000000 0.000000
26.000000 244.641082 19.405969 -0.191984 2.471546 0.000000 0.000000 0.000000 1.000000 0.000000 0.000000
26.000000 244.643155 19.317436 -0.146428 2.521137 0.000000 0.000000 0.000000 1.000000 0.000000 0.000000
26.000000 244.643955 19.324810 -0.156765 2.496060 0.000000 0.000000 0.000000 1.000000 0.000000 0.000000
26.000000 244.644789 19.279373 -0.156225 2.494830 0.000000 0.000000 0.000000 1.000000 0.000000 0.000000
26.000000 244.648388 19.319612 -0.157267 2.466403 0.000000 0.000000 0.000000 1.000000 0.000000 0.000000
26.000000 244.650995 19.258502 -0.162711 2.505756 0.000000 0.000000 0.000000 1.000000 0.000000 0.000000
26.000000 244.652988 19.182562 -0.119654 2.565827 0.000000 0.000000 0.000000 1.000000 0.000000 0.000000
26.000000 244.654094 19.287638 -0.152112 2.539799 0.000000 0.000000 0.000000 1.000000 0.000000 0.000000
26.000000 244.654872 19.170056 -0.151074 2.543789 0.000000 0.000000 0.000000 1.000000 0.000000 0.000000
26.000000 244.655120 19.069839 -0.169943 2.543198 0.000000 0.000000 0.000000 1.000000 0.000000 0.000000
26.000000 244.658584 19.090843 -0.142110 2.496413 0.000000 0.000000 0.000000 1.000000 0.000000 0.000000
26.000000 244.661084 19.152654 -0.163394 2.554435 0.000000 0.000000 0.000000 1.000000 0.000000 0.000000
26.000000 244.663029 19.072340 -0.121731 2.609835 0.000000 0.000000 0.000000 1.000000 0.000000 0.000000
26.000000 244.664189 19.158197 -0.152373 2.582703 0.000000 0.000000 0.000000 1.000000 0.000000 0.000000
26.000000 244.664805 19.060920 -0.151649 2.583091 0.000000 0.000000 0.000000 1.000000 0.000000 0.000000
26.000000 244.665163 18.894623 -0.188069 2.577372 0.000000 0.000000 0.000000 1.000000 0.000000 0.000000
26.000000 244.668351 18.953002 -0.129344 2.528758 0.000000 0.000000 0.000000 1.000000 0.000000 0.000000
26.000000 244.671019 19.036454 -0.156343 2.591075 0.000000 0.000000 0.000000 1.000000 0.000000 0.000000
26.000000 244.673010 18.965447 -0.121362 2.656014 0.000000 0.000000 0.000000 1.000000 0.000000 0.000000
26.000000 244.673819 19.051742 -0.150232 2.628885 0.000000 0.000000 0.000000 1.000000 0.000000 0.000000
26.000000 244.674880 18.955031 -0.149471 2.624331 0.000000 0.000000 0.000000 1.000000 0.000000 0.000000
26.000000 244.674971 18.774579 -0.195114 2.622518 0.000000 0.000000 0.000000 1.000000 0.000000 0.000000
26.000000 244.678403 18.848596 -0.131368 2.577649 0.000000 0.000000 0.000000 1.000000 0.000000 0.000000
26.000000 244.681114 18.920661 -0.154878 2.633018 0.000000 0.000000 0.000000 1.000000 0.000000 0.000000
26.000000 244.683070 18.848462 -0.118099 2.696922 0.000000 0.000000 0.000000 1.000000 0.000000 0.000000
26.000000 244.684005 18.937117 -0.147340 2.667481 0.000000 0.000000 0.000000 1.000000 0.000000 0.000000
26.000000 244.684855 18.840807 -0.146372 2.666295 0.000000 0.000000 0.000000 1.000000 0.000000 0.000000
26.000000 244.684875 18.710180 -0.170517 2.662208 0.000000 0.000000 0.000000 1.000000 0.000000 0.000000
26.000000 244.688328 18.742925 -0.128069 2.614212 0.000000 0.000000 0.000000 1.000000 0.000000 0.000000
26.000000 244.690979 18.797688 -0.147403 2.674539 0.000000 0.000000 0.000000 1.000000 0.000000 0.000000
26.000000 244.693035 18.733451 -0.124310 2.728967 0.000000 0.000000 0.000000 1.000000 0.000000 0.000000
26.000000 244.693899 18.782474 -0.148278 2.704559 0.000000 0.000000 0.000000 1.000000 0.000000 0.000000
26.000000 244.694915 18.721050 -0.147859 2.709275 0.000000 0.000000 0.000000 1.000000 0.000000 0.000000
26.000000 244.695098 18.608002 -0.168047 2.701357 0.000000 0.000000 0.000000 1.000000 0.000000 0.000000
26.000000 244.698440 18.641418 -0.127659 2.654160 0.000000 0.000000 0.000000 1.000000 0.000000 0.000000
26.000000 244.701175 18.686061 -0.144031 2.709558 0.000000 0.000000 0.000000 1.000000 0.000000 0.000000
26.000000 244.703048 18.632530 -0.121632 2.775015 0.000000 0.000000 0.000000 1.000000 0.000000 0.000000
26.000000 244.703894 18.704372 -0.146096 2.750573 0.000000 0.000000 0.000000 1.000000 0.000000 0.000000
26.000000 244.704846 18.601061 -0.145200 2.751585 0.000000 0.000000 0.000000 1.000000 0.000000 0.000000
26.000000 244.704885 18.470718 -0.171745 2.747977 0.000000 0.000000 0.000000 1.000000 0.000000 0.000000
26.000000 244.708343 18.525764 -0.118747 2.697305 0.000000 0.000000 0.000000 1.000000 0.000000 0.000000
26.000000 244.711010 18.546379 -0.129160 2.743352 0.000000 0.000000 0.000000 1.000000 0.000000 0.000000
26.000000 244.712982 18.498433 -0.109877 2.814416 0.000000 0.000000 0.000000 1.000000 0.000000 0.000000
26.000000 244.713863 18.603175 -0.142671 2.786479 0.000000 0.000000 0.000000 1.000000 0.000000 0.000000
26.000000 244.714908 18.376941 -0.138095 2.780581 0.000000 0.000000 0.000000 1.000000 0.000000 0.000000
26.000000 244.714939 18.336941 -0.183289 2.784841 0.000000 0.000000 0.000000 1.000000 0.000000 0.000000
26.000000 244.718443 18.563793 -0.140568 2.746274 0.000000 0.000000 0.000000 1.000000 0.000000 0.000000
26.000000 244.721293 18.448087 -0.136660 2.776979 0.000000 0.000000 0.000000 1.000000 0.000000 0.000000
26.000000 244.723057 18.383606 -0.105457 2.850076 0.000000 0.000000 0.000000 1.000000 0.000000 0.000000
26.000000 244.723970 18.486067 -0.137603 2.825022 0.000000 0.000000 0.000000 1.000000 0.000000 0.000000
26.000000 244.724963 18.244019 -0.132617 2.821137 0.000000 0.000000 0.000000 1.000000 0.000000 0.000000
26.000000 244.724980 18.183932 -0.193065 2.823852 0.000000 0.000000 0.000000 1.000000 0.000000 0.000000
26.000000 244.728403 18.449529 -0.141334 2.779684 0.000000 0.000000 0.000000 1.000000 0.000000 0.000000
26.000000 244.731181 18.357246 -0.145799 2.814146 0.000000 0.000000 0.000000 1.000000 0.000000 0.000000
26.000000 244.733032 18.277909 -0.106799 2.887024 0.000000 0.000000 0.000000 1.000000 0.000000 0.000000
26.000000 244.733914 18.372578 -0.138543 2.856305 0.000000 0.000000 0.000000 1.000000 0.000000 0.000000
26.000000 244.734961 18.186586 -0.133402 2.844148 0.000000 0.000000 0.000000 1.000000 0.000000 0.000000
26.000000 244.735040 18.121613 -0.191234 2.841195 0.000000 0.000000 0.000000 1.000000 0.000000 0.000000
26.000000 244.738513 18.354370 -0.141788 2.805496 0.000000 0.000000 0.000000 1.000000 0.000000 0.000000
26.000000 244.741050 18.230104 -0.134804 2.848031 0.000000 0.000000 0.000000 1.000000 0.000000 0.000000
26.000000 244.743107 18.178663 -0.124479 2.916158 0.000000 0.000000 0.000000 1.000000 0.000000 0.000000
26.000000 244.744052 18.171293 -0.131476 2.893021 0.000000 0.000000 0.000000 1.000000 0.000000 0.000000
26.000000 244.744907 18.184861 -0.131202 2.895599 0.000000 0.000000 0.000000 1.000000 0.000000 0.000000
26.000000 244.745376 18.069309 -0.146698 2.889255 0.000000 0.000000 0.000000 1.000000 0.000000 0.000000
26.000000 244.748400 18.092572 -0.107233 2.824385 0.000000 0.000000 0.000000 1.000000 0.000000 0.000000
26.000000 244.750955 18.098277 -0.116241 2.882127 0.000000 0.000000 0.000000 1.000000 0.000000 0.000000
26.000000 244.753074 18.040838 -0.098814 2.961930 0.000000 0.000000 0.000000 1.000000 0.000000 0.000000
26.000000 244.753937 18.190857 -0.149877 2.920565 0.000000 0.000000 0.000000 1.000000 0.000000 0.000000
26.000000 244.754973 18.009746 -0.148219 2.928549 0.000000 0.000000 0.000000 1.000000 0.000000 0.000000
26.000000 244.755039 17.942213 -0.153796 2.928775 0.000000 0.000000 0.000000 1.000000 0.000000 0.000000
26.000000 244.758497 17.989105 -0.109189 2.868041 0.000000 0.000000 0.000000 1.000000 0.000000 0.000000
26.000000 244.761001 17.995653 -0.117576 2.915945 0.000000 0.000000 0.000000 1.000000 0.000000 0.000000
26.000000 244.763203 17.935733 -0.097137 2.991913 0.000000 0.000000 0.000000 1.000000 0.000000 0.000000
26.000000 244.764017 18.024287 -0.129611 2.958593 0.000000 0.000000 0.000000 1.000000 0.000000 0.000000
26.000000 244.764854 17.952348 -0.128687 2.960442 0.000000 0.000000 0.000000 1.000000 0.000000 0.000000
26.000000 244.765058 17.878017 -0.134830 2.958448 0.000000 0.000000 0.000000 1.000000 0.000000 0.000000
26.000000 244.768402 17.882716 -0.112798 2.895443 0.000000 0.000000 0.000000 1.000000 0.000000 0.000000
26.000000 244.770935 17.875039 -0.118241 2.948573 0.000000 0.000000 0.000000 1.000000 0.000000 0.000000
26.000000 244.773075 17.807648 -0.092991 3.024952 0.000000 0.000000 0.000000 1.000000 0.000000 0.000000
26.000000 244.773993 17.914590 -0.131473 2.991297 0.000000 0.000000 0.000000 1.000000 0.000000 0.000000
26.000000 244.774978 17.753763 -0.128363 2.983457 0.000000 0.000000 0.000000 1.000000 0.000000 0.000000
26.000000 244.775059 17.745867 -0.148499 2.990354 0.000000 0.000000 0.000000 1.000000 0.000000 0.000000
26.000000 244.778495 17.915045 -0.120192 2.946453 0.000000 0.000000 0.000000 1.000000 0.000000 0.000000
26.000000 244.781047 17.758999 -0.109385 2.978417 0.000000 0.000000 0.000000 1.000000 0.000000 0.000000
26.000000 244.783084 17.706557 -0.095193 3.054383 0.000000 0.000000 0.000000 1.000000 0.000000 0.000000
26.000000 244.784157 17.826405 -0.138237 3.020140 0.000000 0.000000 0.000000 1.000000 0.000000 0.000000
26.000000 244.785024 17.727563 -0.137502 3.014252 0.000000 0.000000 0.000000 1.000000 0.000000 0.000000
26.000000 244.785079 17.542402 -0.182122 3.006557 0.000000 0.000000 0.000000 1.000000 0.000000 0.000000
26.000000 244.788528 17.652963 -0.094251 2.957334 0.000000 0.000000 0.000000 1.000000 0.000000 0.000000
26.000000 244.790959 17.634524 -0.096752 3.007287 0.000000 0.000000 0.000000 1.000000 0.000000 0.000000
26.000000 244.793012 17.603648 -0.102656 3.075907 0.000000 0.000000 0.000000 1.000000 0.000000 0.000000
26.000000 244.793992 17.650723 -0.127761 3.046125 0.000000 0.000000 0.000000 1.000000 0.000000 0.000000
26.000000 244.794976 17.523683 -0.123307 3.039122 0.000000 0.000000 0.000000 1.000000 0.000000 0.000000
26.000000 244.795036 17.544520 -0.133772 3.051112 0.000000 0.000000 0.000000 1.000000 0.000000 0.000000
26.000000 244.798706 17.714699 -0.113028 3.011322 0.000000 0.000000 0.000000 1.000000 0.000000 0.000000
26.000000 244.801070 17.540560 -0.097779 3.031409 0.000000 0.000000 0.000000 1.000000 0.000000 0.000000
26.000000 244.803114 17.527464 -0.105494 3.111999 0.000000 0.000000 0.000000 1.000000 0.000000 0.000000
26.000000 244.804123 17.600956 -0.130534 3.085557 0.000000 0.000000 0.000000 1.000000 0.000000 0.000000
26.000000 244.804903 17.515404 -0.129608 3.083811 0.000000 0.000000 0.000000 1.000000 0.000000 0.000000
26.000000 244.804941 17.407454 -0.150914 3.083421 0.000000 0.000000 0.000000 1.000000 0.000000 0.000000
26.000000 244.808457 17.471367 -0.097244 3.025299 0.000000 0.000000 0.000000 1.000000 0.000000 0.000000
26.000000 244.811122 17.409134 -0.089858 3.063399 0.000000 0.000000 0.000000 1.000000 0.000000 0.000000
26.000000 244.813064 17.390139 -0.097339 3.144058 0.000000 0.000000 0.000000 1.000000 0.000000 0.000000
26.000000 244.814010 17.471210 -0.127281 3.108655 0.000000 0.000000 0.000000 1.000000 0.000000 0.000000
26.000000 244.814906 17.303362 -0.124164 3.095124 0.000000 0.000000 0.000000 1.000000 0.000000 0.000000
26.000000 244.815133 17.297381 -0.149393 3.106379 0.000000 0.000000 0.000000 1.000000 0.000000 0.000000
26.000000 244.818536 17.506292 -0.109814 3.063223 0.000000 0.000000 0.000000 1.000000 0.000000 0.000000
26.000000 244.821161 17.287744 -0.084891 3.088109 0.000000 0.000000 0.000000 1.000000 0.000000 0.000000
26.000000 244.823104 17.284594 -0.103654 3.171039 0.000000 0.000000 0.000000 1.000000 0.000000 0.000000
26.000000 244.824090 17.335413 -0.124335 3.136763 0.000000 0.000000 0.000000 1.000000 0.000000 0.000000
26.000000 244.824914 17.302604 -0.123433 3.132555 0.000000 0.000000 0.000000 1.000000 0.000000 0.000000
26.000000 244.824928 17.231852 -0.134840 3.138778 0.000000 0.000000 0.000000 1.000000 0.000000 0.000000
26.000000 244.828450 17.283482 -0.093116 3.080868 0.000000 0.000000 0.000000 1.000000 0.000000 0.000000
26.000000 244.831118 17.165605 -0.073335 3.109209 0.000000 0.000000 0.000000 1.000000 0.000000 0.000000
26.000000 244.833045 17.183355 -0.105646 3.191355 0.000000 0.000000 0.000000 1.000000 0.000000 0.000000
26.000000 244.833999 17.219172 -0.121647 3.159664 0.000000 0.000000 0.000000 1.000000 0.000000 0.000000
26.000000 244.835216 17.228545 -0.121041 3.150867 0.000000 0.000000 0.000000 1.000000 0.000000 0.000000
26.000000 244.835226 17.080366 -0.158804 3.157318 0.000000 0.000000 0.000000 1.000000 0.000000 0.000000
26.000000 244.838723 17.170322 -0.092086 3.103171 0.000000 0.000000 0.000000 1.000000 0.000000 0.000000
26.000000 244.841082 17.054220 -0.072169 3.128156 0.000000 0.000000 0.000000 1.000000 0.000000 0.000000
26.000000 244.843309 17.090920 -0.113197 3.211466 0.000000 0.000000 0.000000 1.000000 0.000000 0.000000
26.000000 244.844147 17.104875 -0.119867 3.184347 0.000000 0.000000 0.000000 1.000000 0.000000 0.000000
26.000000 244.845081 17.014889 -0.117325 3.164434 0.000000 0.000000 0.000000 1.000000 0.000000 0.000000
26.000000 244.845117 17.022864 -0.131762 3.174820 0.000000 0.000000 0.000000 1.000000 0.000000 0.000000
26.000000 244.848376 17.199655 -0.099787 3.131139 0.000000 0.000000 0.000000 1.000000 0.000000 0.000000
26.000000 244.851093 16.974431 -0.072465 3.149507 0.000000 0.000000 0.000000 1.000000 0.000000 0.000000
26.000000 244.853056 17.019693 -0.121546 3.230885 0.000000 0.000000 0.000000 1.000000 0.000000 0.000000
26.000000 244.853965 16.990839 -0.116605 3.203965 0.000000 0.000000 0.000000 1.000000 0.000000 0.000000
26.000000 244.854949 16.916246 -0.116821 3.192234 0.000000 0.000000 0.000000 1.000000 0.000000 0.000000
26.000000 244.854991 16.929989 -0.126537 3.208353 0.000000 0.000000 0.000000 1.000000 0.000000 0.000000
26.000000 244.858450 17.081100 -0.100230 3.161988 0.000000 0.000000 0.000000 1.000000 0.000000 0.000000
26.000000 244.861185 16.838093 -0.069191 3.174901 0.000000 0.000000 0.000000 1.000000 0.000000 0.000000
26.000000 244.863191 16.865987 -0.103890 3.253774 0.000000 0.000000 0.000000 1.000000 0.000000 0.000000
26.000000 244.863999 16.906904 -0.120014 3.220808 0.000000 0.000000 0.000000 1.000000 0.000000 0.000000
26.000000 244.865007 16.796032 -0.121029 3.211332 0.000000 0.000000 0.000000 1.000000 0.000000 0.000000
26.000000 244.865073 16.819470 -0.125141 3.230595 0.000000 0.000000 0.000000 1.000000 0.000000 0.000000
26.000000 244.868399 16.958640 -0.103207 3.179470 0.000000 0.000000 0.000000 1.000000 0.000000 0.000000
26.000000 244.871042 16.738153 -0.079253 3.195394 0.000000 0.000000 0.000000 1.000000 0.000000 0.000000
26.000000 244.873067 16.757171 -0.109117 3.276811 0.000000 0.000000 0.000000 1.000000 0.000000 0.000000
26.000000 244.873936 16.739631 -0.106926 3.240957 0.000000 0.000000 0.000000 1.000000 0.000000 0.000000
26.000000 244.875035 16.639091 -0.108349 3.226377 0.000000 0.000000 0.000000 1.000000 0.000000 0.000000
26.000000 244.875164 16.637213 -0.140944 3.253116 0.000000 0.000000 0.000000 1.000000 0.000000 0.000000
26.000000 244.878567 16.865941 -0.096883 3.204524 0.000000 0.000000 0.000000 1.000000 0.000000 0.000000
26.000000 244.881168 16.614077 -0.065973 3.214473 0.000000 0.000000 0.000000 1.000000 0.000000 0.000000
26.000000 244.883154 16.645076 -0.101163 3.297017 0.000000 0.000000 0.000000 1.000000 0.000000 0.000000
26.000000 244.884098 16.692242 -0.118335 3.260697 0.000000 0.000000 0.000000 1.000000 0.000000 0.000000
26.000000 244.884996 16.695730 -0.117303 3.251093 0.000000 0.000000 0.000000 1.000000 0.000000 0.000000
26.000000 244.885168 16.611838 -0.127874 3.259692 0.000000 0.000000 0.000000 1.000000 0.000000 0.000000
26.000000 244.888413 16.661918 -0.080012 3.207616 0.000000 0.000000 0.000000 1.000000 0.000000 0.000000
26.000000 244.891110 16.461889 -0.042752 3.228403 0.000000 0.000000 0.000000 1.000000 0.000000 0.000000
26.000000 244.893076 16.552533 -0.113678 3.314346 0.000000 0.000000 0.000000 1.000000 0.000000 0.000000
26.000000 244.893929 16.555605 -0.114550 3.280440 0.000000 0.000000 0.000000 1.000000 0.000000 0.000000
26.000000 244.894988 16.469706 -0.116356 3.262929 0.000000 0.000000 0.000000 1.000000 0.000000 0.000000
26.000000 244.895118 16.480140 -0.127638 3.282300 0.000000 0.000000 0.000000 1.000000 0.000000 0.000000
26.000000 244.898545 16.644327 -0.092122 3.232133 0.000000 0.000000 0.000000 1.000000 0.000000 0.000000
26.000000 244.901134 16.386611 -0.057835 3.238559 0.000000 0.000000 0.000000 1.000000 0.000000 0.000000
26.000000 244.903161 16.474049 -0.125543 3.321104 0.000000 0.000000 0.000000 1.000000 0.000000 0.000000
26.000000 244.904085 16.425544 -0.109735 3.294444 0.000000 0.000000 0.000000 1.000000 0.000000 0.000000
26.000000 244.905076 16.352524 -0.112058 3.281135 0.000000 0.000000 0.000000 1.000000 0.000000 0.000000
26.000000 244.905178 16.348832 -0.133145 3.301231 0.000000 0.000000 0.000000 1.000000 0.000000 0.000000
26.000000 244.908444 16.525640 -0.093606 3.251907 0.000000 0.000000 0.000000 1.000000 0.000000 0.000000
26.000000 244.911106 16.255252 -0.055864 3.250803 0.000000 0.000000 0.000000 1.000000 0.000000 0.000000
26.000000 244.913131 16.303169 -0.092946 3.326849 0.000000 0.000000 0.000000 1.000000 0.000000 0.000000
26.000000 244.914089 16.356428 -0.108044 3.301093 0.000000 0.000000 0.000000 1.000000 0.000000 0.000000
26.000000 244.914929 16.278135 -0.112427 3.298084 0.000000 0.000000 0.000000 1.000000 0.000000 0.000000
26.000000 244.915236 16.249078 -0.139483 3.316738 0.000000 0.000000 0.000000 1.000000 0.000000 0.000000
26.000000 244.918788 16.429650 -0.087901 3.264818 0.000000 0.000000 0.000000 1.000000 0.000000 0.000000
26.000000 244.923186 16.658867 -0.194143 3.275733 0.000000 0.000000 0.000000 1.000000 0.000000 0.000000
26.000000 244.924114 16.245687 -0.105624 3.312508 0.000000 0.000000 0.000000 1.000000 0.000000 0.000000
26.000000 244.924875 16.224961 -0.104680 3.308837 0.000000 0.000000 0.000000 1.000000 0.000000 0.000000
26.000000 244.924982 16.052271 -0.157014 3.328124 0.000000 0.000000 0.000000 1.000000 0.000000 0.000000
26.000000 244.928714 16.189708 -0.071624 3.282150 0.000000 0.000000 0.000000 1.000000 0.000000 0.000000
26.000000 244.933986 16.436915 -0.109039 3.267548 0.000000 0.000000 0.000000 1.000000 0.000000 0.000000
26.000000 244.935018 16.059775 -0.101171 3.319058 0.000000 0.000000 0.000000 1.000000 0.000000 0.000000
26.000000 244.935286 16.049749 -0.128232 3.342253 0.000000 0.000000 0.000000 1.000000 0.000000 0.000000
26.000000 244.938581 16.222296 -0.089803 3.295297 0.000000 0.000000 0.000000 1.000000 0.000000 0.000000
26.000000 244.943144 16.336399 -0.179039 3.300893 0.000000 0.000000 0.000000 1.000000 0.000000 0.000000
26.000000 244.944041 15.943166 -0.102039 3.341733 0.000000 0.000000 0.000000 1.000000 0.000000 0.000000
26.000000 244.944992 15.937558 -0.107244 3.337990 0.000000 0.000000 0.000000 1.000000 0.000000 0.000000
26.000000 244.945067 15.897708 -0.147277 3.361321 0.000000 0.000000 0.000000 1.000000 0.000000 0.000000
26.000000 244.948644 16.120006 -0.085319 3.307386 0.000000 0.000000 0.000000 1.000000 0.000000 0.000000
26.000000 244.953041 16.297688 -0.189439 3.320146 0.000000 0.000000 0.000000 1.000000 0.000000 0.000000
26.000000 244.954012 15.856108 -0.097961 3.360527 0.000000 0.000000 0.000000 1.000000 0.000000 0.000000
26.000000 244.954978 15.946278 -0.097014 3.351421 0.000000 0.000000 0.000000 1.000000 0.000000 0.000000
26.000000 244.954989 15.813512 -0.132627 3.377198 0.000000 0.000000 0.000000 1.000000 0.000000 0.000000
26.000000 244.958649 15.902277 -0.072563 3.319969 0.000000 0.000000 0.000000 1.000000 0.000000 0.000000
26.000000 244.963132 16.203292 -0.185861 3.332901 0.000000 0.000000 0.000000 1.000000 0.000000 0.000000
26.000000 244.964037 15.805280 -0.106907 3.370810 0.000000 0.000000 0.000000 1.000000 0.000000 0.000000
26.000000 244.964953 15.786371 -0.105774 3.361110 0.000000 0.000000 0.000000 1.000000 0.000000 0.000000
26.000000 244.965061 15.659640 -0.146666 3.383067 0.000000 0.000000 0.000000 1.000000 0.000000 0.000000
26.000000 244.968734 15.797201 -0.069895 3.334389 0.000000 0.000000 0.000000 1.000000 0.000000 0.000000
26.000000 244.973142 16.069772 -0.173796 3.343407 0.000000 0.000000 0.000000 1.000000 0.000000 0.000000
26.000000 244.974085 15.734862 -0.112309 3.382872 0.000000 0.000000 0.000000 1.000000 0.000000 0.000000
26.000000 244.975147 15.687407 -0.111151 3.383907 0.000000 0.000000 0.000000 1.000000 0.000000 0.000000
26.000000 244.975539 15.638276 -0.119099 3.401945 0.000000 0.000000 0.000000 1.000000 0.000000 0.000000
26.000000 244.978638 15.713587 -0.071680 3.353286 0.000000 0.000000 0.000000 1.000000 0.000000 0.000000
26.000000 244.983202 15.895119 -0.155170 3.360497 0.000000 0.000000 0.000000 1.000000 0.000000 0.000000
26.000000 244.984094 15.578301 -0.096921 3.396619 0.000000 0.000000 0.000000 1.000000 0.000000 0.000000
26.000000 244.984911 15.672831 -0.096252 3.387355 0.000000 0.000000 0.000000 1.000000 0.000000 0.000000
26.000000 244.985009 15.466967 -0.147549 3.406827 0.000000 0.000000 0.000000 1.000000 0.000000 0.000000
26.000000 244.988497 15.580897 -0.059367 3.354744 0.000000 0.000000 0.000000 1.000000 0.000000 0.000000
26.000000 244.993120 15.593704 -0.108231 3.350297 0.000000 0.000000 0.000000 1.000000 0.000000 0.000000
26.000000 244.994044 15.401347 -0.090310 3.394087 0.000000 0.000000 0.000000 1.000000 0.000000 0.000000
26.000000 244.994989 15.392064 -0.094002 3.399615 0.000000 0.000000 0.000000 1.000000 0.000000 0.000000
26.000000 244.995146 15.375625 -0.128940 3.421029 0.000000 0.000000 0.000000 1.000000 0.000000 0.000000
26.000000 244.998497 15.604233 -0.070287 3.368812 0.000000 0.000000 0.000000 1.000000 0.000000 0.000000
26.000000 245.003179 15.581492 -0.124108 3.362572 0.000000 0.000000 0.000000 1.000000 0.000000 0.000000
26.000000 245.004154 15.376829 -0.100863 3.400497 0.000000 0.000000 0.000000 1.000000 0.000000 0.000000
26.000000 245.004951 15.383632 -0.100088 3.405272 0.000000 0.000000 0.000000 1.000000 0.000000 0.000000
26.000000 245.005023 15.306212 -0.124575 3.428428 0.000000 0.000000 0.000000 1.000000 0.000000 0.000000
26.000000 245.008668 15.423084 -0.062863 3.379424 0.000000 0.000000 0.000000 1.000000 0.000000 0.000000
26.000000 245.013131 15.526809 -0.131542 3.377465 0.000000 0.000000 0.000000 1.000000 0.000000 0.000000
26.000000 245.014053 15.276318 -0.095433 3.414906 0.000000 0.000000 0.000000 1.000000 0.000000 0.000000
26.000000 245.015035 15.289315 -0.094511 3.412800 0.000000 0.000000 0.000000 1.000000 0.000000 0.000000
26.000000 245.015242 15.142202 -0.136934 3.436899 0.000000 0.000000 0.000000 1.000000 0.000000 0.000000
26.000000 245.018796 15.274085 -0.057026 3.382447 0.000000 0.000000 0.000000 1.000000 0.000000 0.000000
26.000000 245.023196 15.416729 -0.132702 3.381592 0.000000 0.000000 0.000000 1.000000 0.000000 0.000000
26.000000 245.024075 15.164891 -0.095472 3.422334 0.000000 0.000000 0.000000 1.000000 0.000000 0.000000
26.000000 245.025031 15.191354 -0.094727 3.418526 0.000000 0.000000 0.000000 1.000000 0.000000 0.000000
26.000000 245.025367 15.097050 -0.111194 3.434774 0.000000 0.000000 0.000000 1.000000 0.000000 0.000000
26.000000 245.028676 15.165477 -0.057208 3.380983 0.000000 0.000000 0.000000 1.000000 0.000000 0.000000
26.000000 245.033146 15.339059 -0.137907 3.389639 0.000000 0.000000 0.000000 1.000000 0.000000 0.000000
26.000000 245.034021 15.032792 -0.080753 3.429784 0.000000 0.000000 0.000000 1.000000 0.000000 0.000000
26.000000 245.035002 15.100735 -0.080062 3.416262 0.000000 0.000000 0.000000 1.000000 0.000000 0.000000
26.000000 245.038623 15.158847 -0.065697 3.391312 0.000000 0.000000 0.000000 1.000000 0.000000 0.000000
26.000000 245.043195 15.104425 -0.109184 3.396307 0.000000 0.000000 0.000000 1.000000 0.000000 0.000000
26.000000 245.044067 14.931479 -0.093940 3.431199 0.000000 0.000000 0.000000 1.000000 0.000000 0.000000
26.000000 245.044908 14.972698 -0.093156 3.431352 0.000000 0.000000 0.000000 1.000000 0.000000 0.000000
26.000000 245.045094 14.935180 -0.079284 3.447538 0.000000 0.000000 0.000000 1.000000 0.000000 0.000000
26.000000 245.048506 14.949430 -0.044148 3.392556 0.000000 0.000000 0.000000 1.000000 0.000000 0.000000
26.000000 245.053142 15.047680 -0.103775 3.394149 0.000000 0.000000 0.000000 1.000000 0.000000 0.000000
26.000000 245.054090 14.903938 -0.095989 3.425783 0.000000 0.000000 0.000000 1.000000 0.000000 0.000000
26.000000 245.055032 14.788915 -0.100181 3.431503 0.000000 0.000000 0.000000 1.000000 0.000000 0.000000
26.000000 245.055116 14.839941 -0.094154 3.456031 0.000000 0.000000 0.000000 1.000000 0.000000 0.000000
26.000000 245.058557 14.980914 -0.060345 3.402176 0.000000 0.000000 0.000000 1.000000 0.000000 0.000000
26.000000 245.063226 14.959917 -0.110151 3.396975 0.000000 0.000000 0.000000 1.000000 0.000000 0.000000
26.000000 245.064098 14.780470 -0.089533 3.426819 0.000000 0.000000 0.000000 1.000000 0.000000 0.000000
26.000000 245.064992 14.745244 -0.088287 3.430944 0.000000 0.000000 0.000000 1.000000 0.000000 0.000000
26.000000 245.065131 14.735717 -0.090801 3.457773 0.000000 0.000000 0.000000 1.000000 0.000000 0.000000
26.000000 245.068524 14.813803 -0.055943 3.406257 0.000000 0.000000 0.000000 1.000000 0.000000 0.000000
26.000000 245.073204 14.824215 -0.101545 3.396497 0.000000 0.000000 0.000000 1.000000 0.000000 0.000000
26.000000 245.073986 14.640199 -0.081375 3.430989 0.000000 0.000000 0.000000 1.000000 0.000000 0.000000
26.000000 245.075046 14.653275 -0.080291 3.434447 0.000000 0.000000 0.000000 1.000000 0.000000 0.000000
26.000000 245.075102 14.690565 -0.049556 3.456025 0.000000 0.000000 0.000000 1.000000 0.000000 0.000000
26.000000 245.078623 14.659800 -0.051671 3.397203 0.000000 0.000000 0.000000 1.000000 0.000000 0.000000
26.000000 245.083242 14.758903 -0.113201 3.397824 0.000000 0.000000 0.000000 1.000000 0.000000 0.000000
26.000000 245.084128 14.525907 -0.075011 3.431150 0.000000 0.000000 0.000000 1.000000 0.000000 0.000000
26.000000 245.085163 14.581238 -0.073901 3.427356 0.000000 0.000000 0.000000 1.000000 0.000000 0.000000
26.000000 245.085605 14.423617 -0.107841 3.460642 0.000000 0.000000 0.000000 1.000000 0.000000 0.000000
26.000000 245.088651 14.503744 -0.039576 3.402863 0.000000 0.000000 0.000000 1.000000 0.000000 0.000000
26.000000 245.093179 14.615353 -0.098581 3.394463 0.000000 0.000000 0.000000 1.000000 0.000000 0.000000
26.000000 245.094037 14.446122 -0.078118 3.427745 0.000000 0.000000 0.000000 1.000000 0.000000 0.000000
26.000000 245.095056 14.305371 -0.082508 3.434577 0.000000 0.000000 0.000000 1.000000 0.000000 0.000000
26.000000 245.095228 14.426591 -0.063245 3.464285 0.000000 0.000000 0.000000 1.000000 0.000000 0.000000
26.000000 245.098592 14.585300 -0.037189 3.410910 0.000000 0.000000 0.000000 1.000000 0.000000 0.000000
26.000000 245.103281 14.443961 -0.068981 3.406519 0.000000 0.000000 0.000000 1.000000 0.000000 0.000000
26.000000 245.104189 14.339524 -0.078486 3.434391 0.000000 0.000000 0.000000 1.000000 0.000000 0.000000
26.000000 245.104991 14.366594 -0.077265 3.432729 0.000000 0.000000 0.000000 1.000000 0.000000 0.000000
26.000000 245.105057 14.384029 -0.048817 3.457755 0.000000 0.000000 0.000000 1.000000 0.000000 0.000000
26.000000 245.108498 14.374482 -0.034519 3.403086 0.000000 0.000000 0.000000 1.000000 0.000000 0.000000
26.000000 245.113288 14.396374 -0.083016 3.403389 0.000000 0.000000 0.000000 1.000000 0.000000 0.000000
26.000000 245.114134 14.254375 -0.077661 3.433106 0.000000 0.000000 0.000000 1.000000 0.000000 0.000000
26.000000 245.115054 14.256825 -0.076309 3.434572 0.000000 0.000000 0.000000 1.000000 0.000000 0.000000
26.000000 245.115086 14.298899 -0.029465 3.460073 0.000000 0.000000 0.000000 1.000000 0.000000 0.000000
26.000000 245.118632 14.249868 -0.025137 3.403204 0.000000 0.000000 0.000000 1.000000 0.000000 0.000000
26.000000 245.121284 13.963758 0.024010 3.389051 0.000000 0.000000 0.000000 1.000000 0.000000 0.000000
26.000000 245.123376 14.156132 -0.085013 3.460752 0.000000 0.000000 0.000000 1.000000 0.000000 0.000000
26.000000 245.124089 14.130166 -0.072434 3.434513 0.000000 0.000000 0.000000 1.000000 0.000000 0.000000
26.000000 245.125000 14.220943 -0.071283 3.425665 0.000000 0.000000 0.000000 1.000000 0.000000 0.000000
26.000000 245.125375 14.184565 -0.057931 3.455373 0.000000 0.000000 0.000000 1.000000 0.000000 0.000000
26.000000 245.128663 14.190503 -0.028210 3.400529 0.000000 0.000000 0.000000 1.000000 0.000000 0.000000
26.000000 245.131153 13.857264 0.028219 3.388875 0.000000 0.000000 0.000000 1.000000 0.000000 0.000000
26.000000 245.133312 14.050359 -0.084800 3.464543 0.000000 0.000000 0.000000 1.000000 0.000000 0.000000
26.000000 245.134013 14.019723 -0.073494 3.436084 0.000000 0.000000 0.000000 1.000000 0.000000 0.000000
26.000000 245.135031 13.941914 -0.075943 3.421842 0.000000 0.000000 0.000000 1.000000 0.000000 0.000000
26.000000 245.135073 14.187333 -0.000227 3.450285 0.000000 0.000000 0.000000 1.000000 0.000000 0.000000
26.000000 245.138751 14.173940 -0.050042 3.399940 0.000000 0.000000 0.000000 1.000000 0.000000 0.000000
26.000000 245.141290 13.814147 -0.003266 3.392413 0.000000 0.000000 0.000000 1.000000 0.000000 0.000000
26.000000 245.143307 13.915842 -0.071820 3.458303 0.000000 0.000000 0.000000 1.000000 0.000000 0.000000
26.000000 245.144053 13.864756 -0.058902 3.425468 0.000000 0.000000 0.000000 1.000000 0.000000 0.000000
26.000000 245.144974 14.034037 -0.057899 3.414243 0.000000 0.000000 0.000000 1.000000 0.000000 0.000000
26.000000 245.145082 13.987671 -0.043044 3.447145 0.000000 0.000000 0.000000 1.000000 0.000000 0.000000
26.000000 245.148679 13.941685 -0.030253 3.390992 0.000000 0.000000 0.000000 1.000000 0.000000 0.000000
26.000000 245.151168 13.734638 0.002723 3.390532 0.000000 0.000000 0.000000 1.000000 0.000000 0.000000
26.000000 245.153253 13.890577 -0.096263 3.458310 0.000000 0.000000 0.000000 1.000000 0.000000 0.000000
26.000000 245.154108 13.792145 -0.066674 3.428186 0.000000 0.000000 0.000000 1.000000 0.000000 0.000000
26.000000 245.155112 13.900914 -0.065749 3.415558 0.000000 0.000000 0.000000 1.000000 0.000000 0.000000
26.000000 245.155120 13.933479 -0.025550 3.437363 0.000000 0.000000 0.000000 1.000000 0.000000 0.000000
26.000000 245.158764 13.850675 -0.038451 3.380770 0.000000 0.000000 0.000000 1.000000 0.000000 0.000000
26.000000 245.161223 13.619425 -0.001708 3.381733 0.000000 0.000000 0.000000 1.000000 0.000000 0.000000
26.000000 245.163317 13.696454 -0.055231 3.447495 0.000000 0.000000 0.000000 1.000000 0.000000 0.000000
26.000000 245.164181 13.706912 -0.064341 3.421955 0.000000 0.000000 0.000000 1.000000 0.000000 0.000000
26.000000 245.165022 13.797350 -0.063900 3.408422 0.000000 0.000000 0.000000 1.000000 0.000000 0.000000
26.000000 245.165068 13.763941 -0.059578 3.422915 0.000000 0.000000 0.000000 1.000000 0.000000 0.000000
26.000000 245.168687 13.793518 -0.029357 3.374908 0.000000 0.000000 0.000000 1.000000 0.000000 0.000000
26.000000 245.171201 13.494214 0.019144 3.371929 0.000000 0.000000 0.000000 1.000000 0.000000 0.000000
26.000000 245.173232 13.609596 -0.053146 3.442341 0.000000 0.000000 0.000000 1.000000 0.000000 0.000000
26.000000 245.174146 13.621063 -0.060903 3.416070 0.000000 0.000000 0.000000 1.000000 0.000000 0.000000
26.000000 245.175109 13.598261 -0.058913 3.392008 0.000000 0.000000 0.000000 1.000000 0.000000 0.000000
26.000000 245.175137 13.810084 0.013221 3.400619 0.000000 0.000000 0.000000 1.000000 0.000000 0.000000
26.000000 245.178802 13.791851 -0.026842 3.362475 0.000000 0.000000 0.000000 1.000000 0.000000 0.000000
26.000000 245.181266 13.358600 0.035530 3.359798 0.000000 0.000000 0.000000 1.000000 0.000000 0.000000
26.000000 245.183302 13.553372 -0.078409 3.430640 0.000000 0.000000 0.000000 1.000000 0.000000 0.000000
26.000000 245.184257 13.498846 -0.061412 3.407259 0.000000 0.000000 0.000000 1.000000 0.000000 0.000000
26.000000 245.185107 13.585526 -0.060371 3.407023 0.000000 0.000000 0.000000 1.000000 0.000000 0.000000
26.000000 245.185125 13.868400 0.087979 3.418088 0.000000 0.000000 0.000000 1.000000 0.000000 0.000000
26.000000 245.188629 13.564957 -0.024699 3.350340 0.000000 0.000000 0.000000 1.000000 0.000000 0.000000
26.000000 245.191188 13.290869 0.019088 3.349216 0.000000 0.000000 0.000000 1.000000 0.000000 0.000000
26.000000 245.193312 13.494086 -0.105666 3.417100 0.000000 0.000000 0.000000 1.000000 0.000000 0.000000
26.000000 245.194154 13.344113 -0.058759 3.396573 0.000000 0.000000 0.000000 1.000000 0.000000 0.000000
26.000000 245.195111 13.408142 -0.060462 3.376935 0.000000 0.000000 0.000000 1.000000 0.000000 0.000000
26.000000 245.198781 13.508656 -0.021066 3.345200 0.000000 0.000000 0.000000 1.000000 0.000000 0.000000
26.000000 245.201331 13.175488 0.032970 3.341244 0.000000 0.000000 0.000000 1.000000 0.000000 0.000000
26.000000 245.203542 13.308527 -0.049153 3.406456 0.000000 0.000000 0.000000 1.000000 0.000000 0.000000
26.000000 245.204181 13.314412 -0.057083 3.380800 0.000000 0.000000 0.000000 1.000000 0.000000 0.000000
26.000000 245.205053 13.375765 -0.056209 3.380708 0.000000 0.000000 0.000000 1.000000 0.000000 0.000000
26.000000 245.205510 13.507243 0.007763 3.395384 0.000000 0.000000 0.000000 1.000000 0.000000 0.000000
26.000000 245.208528 13.419958 -0.028268 3.335671 0.000000 0.000000 0.000000 1.000000 0.000000 0.000000
26.000000 245.211214 13.102229 0.021298 3.334477 0.000000 0.000000 0.000000 1.000000 0.000000 0.000000
26.000000 245.213309 13.136512 -0.013170 3.400810 0.000000 0.000000 0.000000 1.000000 0.000000 0.000000
26.000000 245.214147 13.228925 -0.057407 3.369122 0.000000 0.000000 0.000000 1.000000 0.000000 0.000000
26.000000 245.215145 13.264891 -0.056674 3.370154 0.000000 0.000000 0.000000 1.000000 0.000000 0.000000
26.000000 245.215150 13.384823 0.018038 3.384504 0.000000 0.000000 0.000000 1.000000 0.000000 0.000000
26.000000 245.218816 13.260577 -0.017485 3.324594 0.000000 0.000000 0.000000 1.000000 0.000000 0.000000
26.000000 245.221276 13.000810 0.021654 3.328036 0.000000 0.000000 0.000000 1.000000 0.000000 0.000000
26.000000 245.223332 13.011173 -0.005108 3.391258 0.000000 0.000000 0.000000 1.000000 0.000000 0.000000
26.000000 245.224275 13.099161 -0.052356 3.354906 0.000000 0.000000 0.000000 1.000000 0.000000 0.000000
26.000000 245.225059 13.163062 -0.051539 3.356467 0.000000 0.000000 0.000000 1.000000 0.000000 0.000000
26.000000 245.225100 13.307779 0.010973 3.367909 0.000000 0.000000 0.000000 1.000000 0.000000 0.000000
26.000000 245.228716 13.232180 -0.027683 3.310324 0.000000 0.000000 0.000000 1.000000 0.000000 0.000000
26.000000 245.231216 12.901042 0.023140 3.313709 0.000000 0.000000 0.000000 1.000000 0.000000 0.000000
26.000000 245.233186 12.920644 -0.010242 3.377219 0.000000 0.000000 0.000000 1.000000 0.000000 0.000000
26.000000 245.234174 12.997173 -0.054963 3.339563 0.000000 0.000000 0.000000 1.000000 0.000000 0.000000
26.000000 245.235086 12.989609 -0.055156 3.323809 0.000000 0.000000 0.000000 1.000000 0.000000 0.000000
26.000000 245.235127 13.331700 0.073274 3.347157 0.000000 0.000000 0.000000 1.000000 0.000000 0.000000
26.000000 245.238829 13.170430 -0.030062 3.307173 0.000000 0.000000 0.000000 1.000000 0.000000 0.000000
26.000000 245.241234 12.831567 0.009535 3.303829 0.000000 0.000000 0.000000 1.000000 0.000000 0.000000
26.000000 245.243418 12.817772 -0.001210 3.360858 0.000000 0.000000 0.000000 1.000000 0.000000 0.000000
26.000000 245.244226 12.943422 -0.061286 3.316901 0.000000 0.000000 0.000000 1.000000 0.000000 0.000000
26.000000 245.245051 12.934118 -0.059929 3.325000 0.000000 0.000000 0.000000 1.000000 0.000000 0.000000
26.000000 245.245183 13.230474 0.088159 3.335845 0.000000 0.000000 0.000000 1.000000 0.000000 0.000000
26.000000 245.248582 12.981621 -0.007719 3.274775 0.000000 0.000000 0.000000 1.000000 0.000000 0.000000
26.000000 245.251231 12.698109 0.036330 3.273626 0.000000 0.000000 0.000000 1.000000 0.000000 0.000000
26.000000 245.253251 12.824599 -0.046563 3.335459 0.000000 0.000000 0.000000 1.000000 0.000000 0.000000
26.000000 245.254190 12.380016 -0.046989 3.322074 0.000000 0.000000 0.000000 1.000000 0.000000 0.000000
26.000000 245.255190 12.732071 -0.051271 3.299919 0.000000 0.000000 0.000000 1.000000 0.000000 0.000000
26.000000 245.255198 13.070777 0.065391 3.329438 0.000000 0.000000 0.000000 1.000000 0.000000 0.000000
26.000000 245.258715 12.984777 -0.009904 3.276639 0.000000 0.000000 0.000000 1.000000 0.000000 0.000000
26.000000 245.261359 12.558184 0.042380 3.262277 0.000000 0.000000 0.000000 1.000000 0.000000 0.000000
26.000000 245.263514 12.641897 -0.011775 3.331683 0.000000 0.000000 0.000000 1.000000 0.000000 0.000000
26.000000 245.264557 12.732405 -0.052136 3.293654 0.000000 0.000000 0.000000 1.000000 0.000000 0.000000
26.000000 245.265090 12.760653 -0.050810 3.295170 0.000000 0.000000 0.000000 1.000000 0.000000 0.000000
26.000000 245.265160 12.964253 0.052162 3.311358 0.000000 0.000000 0.000000 1.000000 0.000000 0.000000
26.000000 245.268732 12.801901 -0.010147 3.249905 0.000000 0.000000 0.000000 1.000000 0.000000 0.000000
26.000000 245.271340 12.471537 0.040098 3.245599 0.000000 0.000000 0.000000 1.000000 0.000000 0.000000
26.000000 245.273699 12.669175 -0.063290 3.329686 0.000000 0.000000 0.000000 1.000000 0.000000 0.000000
26.000000 245.274204 12.642367 -0.049247 3.291908 0.000000 0.000000 0.000000 1.000000 0.000000 0.000000
26.000000 245.275114 12.665693 -0.047573 3.275378 0.000000 0.000000 0.000000 1.000000 0.000000 0.000000
26.000000 245.275150 12.845343 0.034304 3.287103 0.000000 0.000000 0.000000 1.000000 0.000000 0.000000
26.000000 245.278780 12.751369 -0.009437 3.232745 0.000000 0.000000 0.000000 1.000000 0.000000 0.000000
26.000000 245.281288 12.324945 0.056986 3.222293 0.000000 0.000000 0.000000 1.000000 0.000000 0.000000
26.000000 245.283323 12.558179 -0.060920 3.305680 0.000000 0.000000 0.000000 1.000000 0.000000 0.000000
26.000000 245.284192 12.546401 -0.050581 3.268215 0.000000 0.000000 0.000000 1.000000 0.000000 0.000000
26.000000 245.285104 12.559970 -0.048884 3.252871 0.000000 0.000000 0.000000 1.000000 0.000000 0.000000
26.000000 245.285128 12.864260 0.107737 3.258681 0.000000 0.000000 0.000000 1.000000 0.000000 0.000000
26.000000 245.288718 12.580491 0.002565 3.203789 0.000000 0.000000 0.000000 1.000000 0.000000 0.000000
26.000000 245.291367 12.232839 0.055981 3.205795 0.000000 0.000000 0.000000 1.000000 0.000000 0.000000
26.000000 245.293315 12.307148 0.008048 3.270067 0.000000 0.000000 0.000000 1.000000 0.000000 0.000000
26.000000 245.294060 12.426021 -0.044228 3.233120 0.000000 0.000000 0.000000 1.000000 0.000000 0.000000
26.000000 245.295166 12.358285 -0.046799 3.223478 0.000000 0.000000 0.000000 1.000000 0.000000 0.000000
26.000000 245.295172 12.680636 0.069669 3.252329 0.000000 0.000000 0.000000 1.000000 0.000000 0.000000
26.000000 245.298809 12.575459 -0.009375 3.198147 0.000000 0.000000 0.000000 1.000000 0.000000 0.000000
26.000000 245.301476 12.204956 0.030026 3.178690 0.000000 0.000000 0.000000 1.000000 0.000000 0.000000
26.000000 245.303495 12.426938 -0.085694 3.260221 0.000000 0.000000 0.000000 1.000000 0.000000 0.000000
26.000000 245.304276 12.315813 -0.040142 3.227131 0.000000 0.000000 0.000000 1.000000 0.000000 0.000000
26.000000 245.305077 12.367535 -0.038376 3.209096 0.000000 0.000000 0.000000 1.000000 0.000000 0.000000
26.000000 245.305371 12.517860 0.026635 3.223002 0.000000 0.000000 0.000000 1.000000 0.000000 0.000000
26.000000 245.308728 12.439500 -0.014385 3.163941 0.000000 0.000000 0.000000 1.000000 0.000000 0.000000
26.000000 245.311484 12.076463 0.039652 3.158112 0.000000 0.000000 0.000000 1.000000 0.000000 0.000000
26.000000 245.313272 12.086679 0.020892 3.224090 0.000000 0.000000 0.000000 1.000000 0.000000 0.000000
26.000000 245.314119 12.221518 -0.040543 3.185313 0.000000 0.000000 0.000000 1.000000 0.000000 0.000000
26.000000 245.315153 12.279518 -0.039322 3.188301 0.000000 0.000000 0.000000 1.000000 0.000000 0.000000
26.000000 245.315408 12.456618 0.043090 3.201827 0.000000 0.000000 0.000000 1.000000 0.000000 0.000000
26.000000 245.318834 12.310477 0.006894 3.150784 0.000000 0.000000 0.000000 1.000000 0.000000 0.000000
26.000000 245.321573 11.934935 0.063605 3.137993 0.000000 0.000000 0.000000 1.000000 0.000000 0.000000
26.000000 245.323507 12.026250 0.006923 3.205194 0.000000 0.000000 0.000000 1.000000 0.000000 0.000000
26.000000 245.324255 12.146841 -0.047537 3.166262 0.000000 0.000000 0.000000 1.000000 0.000000 0.000000
26.000000 245.325201 12.149274 -0.046266 3.168783 0.000000 0.000000 0.000000 1.000000 0.000000 0.000000
26.000000 245.325291 12.340438 0.057959 3.183648 0.000000 0.000000 0.000000 1.000000 0.000000 0.000000
26.000000 245.328722 12.160230 -0.004755 3.124718 0.000000 0.000000 0.000000 1.000000 0.000000 0.000000
26.000000 245.331484 11.886902 0.035137 3.118042 0.000000 0.000000 0.000000 1.000000 0.000000 0.000000
26.000000 245.333452 11.908671 0.013345 3.178904 0.000000 0.000000 0.000000 1.000000 0.000000 0.000000
26.000000 245.334086 12.044717 -0.047727 3.139955 0.000000 0.000000 0.000000 1.000000 0.000000 0.000000
26.000000 245.335320 12.059767 -0.046494 3.143385 0.000000 0.000000 0.000000 1.000000 0.000000 0.000000
26.000000 245.338904 12.186440 0.001242 3.114146 0.000000 0.000000 0.000000 1.000000 0.000000 0.000000
26.000000 245.341309 11.771345 0.050812 3.095575 0.000000 0.000000 0.000000 1.000000 0.000000 0.000000
26.000000 245.343369 11.756576 0.040522 3.146130 0.000000 0.000000 0.000000 1.000000 0.000000 0.000000
26.000000 245.344236 11.930519 -0.043274 3.108359 0.000000 0.000000 0.000000 1.000000 0.000000 0.000000
26.000000 245.345220 11.968893 -0.042238 3.119062 0.000000 0.000000 0.000000 1.000000 0.000000 0.000000
26.000000 245.345293 12.121341 0.040309 3.137424 0.000000 0.000000 0.000000 1.000000 0.000000 0.000000
26.000000 245.348703 12.003005 -0.000826 3.082764 0.000000 0.000000 0.000000 1.000000 0.000000 0.000000
26.000000 245.351519 11.694486 0.044839 3.068255 0.000000 0.000000 0.000000 1.000000 0.000000 0.000000
26.000000 245.353478 11.756032 0.002554 3.126458 0.000000 0.000000 0.000000 1.000000 0.000000 0.000000
26.000000 245.354138 11.851244 -0.044245 3.089202 0.000000 0.000000 0.000000 1.000000 0.000000 0.000000
26.000000 245.355130 11.715540 -0.045943 3.082666 0.000000 0.000000 0.000000 1.000000 0.000000 0.000000
26.000000 245.355268 12.095716 0.081634 3.110208 0.000000 0.000000 0.000000 1.000000 0.000000 0.000000
26.000000 245.358744 12.012959 0.006622 3.061030 0.000000 0.000000 0.000000 1.000000 0.000000 0.000000
26.000000 245.361515 11.542206 0.062753 3.036394 0.000000 0.000000 0.000000 1.000000 0.000000 0.000000
26.000000 245.363364 11.630429 0.008266 3.099962 0.000000 0.000000 0.000000 1.000000 0.000000 0.000000
26.000000 245.364274 11.728169 -0.038882 3.065788 0.000000 0.000000 0.000000 1.000000 0.000000 0.000000
26.000000 245.365162 11.647943 -0.039752 3.054916 0.000000 0.000000 0.000000 1.000000 0.000000 0.000000
26.000000 245.365216 11.985835 0.077631 3.080108 0.000000 0.000000 0.000000 1.000000 0.000000 0.000000
26.000000 245.368693 11.905582 0.010245 3.036044 0.000000 0.000000 0.000000 1.000000 0.000000 0.000000
26.000000 245.371446 11.466432 0.061897 3.013714 0.000000 0.000000 0.000000 1.000000 0.000000 0.000000
26.000000 245.373479 11.499788 0.031553 3.070215 0.000000 0.000000 0.000000 1.000000 0.000000 0.000000
26.000000 245.374136 11.638538 -0.035613 3.032347 0.000000 0.000000 0.000000 1.000000 0.000000 0.000000
26.000000 245.375160 11.648871 -0.041217 3.024456 0.000000 0.000000 0.000000 1.000000 0.000000 0.000000
26.000000 245.375367 11.777941 0.006855 3.050957 0.000000 0.000000 0.000000 1.000000 0.000000 0.000000
26.000000 245.378817 11.800431 0.009131 3.008493 0.000000 0.000000 0.000000 1.000000 0.000000 0.000000
26.000000 245.381469 11.353968 0.062853 2.985934 0.000000 0.000000 0.000000 1.000000 0.000000 0.000000
26.000000 245.383484 11.420751 0.017015 3.042260 0.000000 0.000000 0.000000 1.000000 0.000000 0.000000
26.000000 245.384322 11.523603 -0.035553 3.007663 0.000000 0.000000 0.000000 1.000000 0.000000 0.000000
26.000000 245.385182 11.529942 -0.038836 2.994483 0.000000 0.000000 0.000000 1.000000 0.000000 0.000000
26.000000 245.385226 11.773163 0.046484 3.021119 0.000000 0.000000 0.000000 1.000000 0.000000 0.000000
26.000000 245.388774 11.737950 0.010199 2.979979 0.000000 0.000000 0.000000 1.000000 0.000000 0.000000
26.000000 245.391247 11.247652 0.070074 2.953067 0.000000 0.000000 0.000000 1.000000 0.000000 0.000000
26.000000 245.393422 11.300548 0.032598 3.009351 0.000000 0.000000 0.000000 1.000000 0.000000 0.000000
26.000000 245.394162 11.447583 -0.037046 2.973671 0.000000 0.000000 0.000000 1.000000 0.000000 0.000000
26.000000 245.395158 11.355364 -0.038525 2.969598 0.000000 0.000000 0.000000 1.000000 0.000000 0.000000
26.000000 245.395333 11.672600 0.069089 2.994910 0.000000 0.000000 0.000000 1.000000 0.000000 0.000000
26.000000 245.398781 11.616428 0.014497 2.952002 0.000000 0.000000 0.000000 1.000000 0.000000 0.000000
26.000000 245.401269 11.187678 0.064846 2.922887 0.000000 0.000000 0.000000 1.000000 0.000000 0.000000
26.000000 245.403532 11.268298 0.011803 2.974795 0.000000 0.000000 0.000000 1.000000 0.000000 0.000000
26.000000 245.404229 11.350707 -0.034204 2.943089 0.000000 0.000000 0.000000 1.000000 0.000000 0.000000
26.000000 245.405178 11.395172 -0.032994 2.948989 0.000000 0.000000 0.000000 1.000000 0.000000 0.000000
26.000000 245.405286 11.584387 0.075752 2.965155 0.000000 0.000000 0.000000 1.000000 0.000000 0.000000
26.000000 245.408681 11.399936 0.016221 2.910971 0.000000 0.000000 0.000000 1.000000 0.000000 0.000000
26.000000 245.411249 11.060439 0.065540 2.891229 0.000000 0.000000 0.000000 1.000000 0.000000 0.000000
26.000000 245.413273 11.113748 0.026959 2.946201 0.000000 0.000000 0.000000 1.000000 0.000000 0.000000
26.000000 245.414305 11.239617 -0.035887 2.913036 0.000000 0.000000 0.000000 1.000000 0.000000 0.000000
26.000000 245.415195 11.153540 -0.036220 2.907141 0.000000 0.000000 0.000000 1.000000 0.000000 0.000000
26.000000 245.415304 11.482362 0.073093 2.930031 0.000000 0.000000 0.000000 1.000000 0.000000 0.000000
26.000000 245.418723 11.434468 0.020008 2.886905 0.000000 0.000000 0.000000 1.000000 0.000000 0.000000
26.000000 245.421312 10.946201 0.078620 2.858273 0.000000 0.000000 0.000000 1.000000 0.000000 0.000000
26.000000 245.423390 11.044744 0.019864 2.917375 0.000000 0.000000 0.000000 1.000000 0.000000 0.000000
26.000000 245.424287 11.140645 -0.029546 2.882680 0.000000 0.000000 0.000000 1.000000 0.000000 0.000000
26.000000 245.425192 11.206036 -0.028283 2.883034 0.000000 0.000000 0.000000 1.000000 0.000000 0.000000
26.000000 245.425428 11.391488 0.078778 2.897632 0.000000 0.000000 0.000000 1.000000 0.000000 0.000000
26.000000 245.428674 11.216132 0.022832 2.847168 0.000000 0.000000 0.000000 1.000000 0.000000 0.000000
26.000000 245.431267 10.864764 0.073881 2.825798 0.000000 0.000000 0.000000 1.000000 0.000000 0.000000
26.000000 245.433443 10.975654 0.004620 2.882231 0.000000 0.000000 0.000000 1.000000 0.000000 0.000000
26.000000 245.434182 11.020955 -0.028754 2.852654 0.000000 0.000000 0.000000 1.000000 0.000000 0.000000
26.000000 245.435199 11.034215 -0.031040 2.835336 0.000000 0.000000 0.000000 1.000000 0.000000 0.000000
26.000000 245.435272 11.312361 0.062086 2.861595 0.000000 0.000000 0.000000 1.000000 0.000000 0.000000
26.000000 245.439002 11.262065 0.013248 2.822474 0.000000 0.000000 0.000000 1.000000 0.000000 0.000000
26.000000 245.441428 10.775370 0.070391 2.792187 0.000000 0.000000 0.000000 1.000000 0.000000 0.000000
26.000000 245.443586 10.814030 0.030695 2.844843 0.000000 0.000000 0.000000 1.000000 0.000000 0.000000
26.000000 245.444249 10.946359 -0.044380 2.809639 0.000000 0.000000 0.000000 1.000000 0.000000 0.000000
26.000000 245.445238 10.975066 -0.043291 2.818792 0.000000 0.000000 0.000000 1.000000 0.000000 0.000000
26.000000 245.445248 11.186949 0.070406 2.823827 0.000000 0.000000 0.000000 1.000000 0.000000 0.000000
26.000000 245.448636 11.049078 0.021490 2.778252 0.000000 0.000000 0.000000 1.000000 0.000000 0.000000
26.000000 245.451300 10.685221 0.074566 2.754653 0.000000 0.000000 0.000000 1.000000 0.000000 0.000000
26.000000 245.453336 10.788177 0.012574 2.804892 0.000000 0.000000 0.000000 1.000000 0.000000 0.000000
26.000000 245.454202 10.865349 -0.032448 2.776646 0.000000 0.000000 0.000000 1.000000 0.000000 0.000000
26.000000 245.455220 10.767704 -0.033710 2.774354 0.000000 0.000000 0.000000 1.000000 0.000000 0.000000
26.000000 245.455308 11.066525 0.064728 2.799499 0.000000 0.000000 0.000000 1.000000 0.000000 0.000000
26.000000 245.458686 11.018253 0.011471 2.752634 0.000000 0.000000 0.000000 1.000000 0.000000 0.000000
26.000000 245.461357 10.626384 0.050658 2.723596 0.000000 0.000000 0.000000 1.000000 0.000000 0.000000
26.000000 245.463379 10.655721 0.027232 2.777979 0.000000 0.000000 0.000000 1.000000 0.000000 0.000000
26.000000 245.464303 10.773844 -0.030453 2.741724 0.000000 0.000000 0.000000 1.000000 0.000000 0.000000
26.000000 245.465185 10.733757 -0.032717 2.730901 0.000000 0.000000 0.000000 1.000000 0.000000 0.000000
26.000000 245.465201 10.965095 0.047593 2.757050 0.000000 0.000000 0.000000 1.000000 0.000000 0.000000
26.000000 245.468673 10.955561 0.024315 2.713651 0.000000 0.000000 0.000000 1.000000 0.000000 0.000000
26.000000 245.471300 10.471288 0.078201 2.679574 0.000000 0.000000 0.000000 1.000000 0.000000 0.000000
26.000000 245.473453 10.547315 0.029914 2.738723 0.000000 0.000000 0.000000 1.000000 0.000000 0.000000
26.000000 245.474143 10.658725 -0.028427 2.707188 0.000000 0.000000 0.000000 1.000000 0.000000 0.000000
26.000000 245.475254 10.642041 -0.030556 2.697652 0.000000 0.000000 0.000000 1.000000 0.000000 0.000000
26.000000 245.475273 10.838901 0.037467 2.720437 0.000000 0.000000 0.000000 1.000000 0.000000 0.000000
26.000000 245.478791 10.840679 0.022119 2.680086 0.000000 0.000000 0.000000 1.000000 0.000000 0.000000
26.000000 245.481545 10.394633 0.071729 2.647927 0.000000 0.000000 0.000000 1.000000 0.000000 0.000000
26.000000 245.483815 10.457142 0.032646 2.701021 0.000000 0.000000 0.000000 1.000000 0.000000 0.000000
26.000000 245.484237 10.595902 -0.035807 2.665822 0.000000 0.000000 0.000000 1.000000 0.000000 0.000000
26.000000 245.485253 10.620304 -0.034757 2.671681 0.000000 0.000000 0.000000 1.000000 0.000000 0.000000
26.000000 245.485292 10.798176 0.062629 2.675284 0.000000 0.000000 0.000000 1.000000 0.000000 0.000000
26.000000 245.488707 10.679545 0.021011 2.628111 0.000000 0.000000 0.000000 1.000000 0.000000 0.000000
26.000000 245.491241 10.302512 0.074086 2.605502 0.000000 0.000000 0.000000 1.000000 0.000000 0.000000
26.000000 245.493326 10.360149 0.033727 2.659860 0.000000 0.000000 0.000000 1.000000 0.000000 0.000000
26.000000 245.494220 10.482636 -0.031380 2.625687 0.000000 0.000000 0.000000 1.000000 0.000000 0.000000
26.000000 245.495233 10.431787 -0.030472 2.615034 0.000000 0.000000 0.000000 1.000000 0.000000 0.000000
26.000000 245.495331 10.680561 0.056383 2.637301 0.000000 0.000000 0.000000 1.000000 0.000000 0.000000
26.000000 245.498827 10.662694 0.029687 2.603696 0.000000 0.000000 0.000000 1.000000 0.000000 0.000000
26.000000 245.501569 10.204460 0.083458 2.560519 0.000000 0.000000 0.000000 1.000000 0.000000 0.000000
26.000000 245.503448 10.368339 -0.008445 2.610244 0.000000 0.000000 0.000000 1.000000 0.000000 0.000000
26.000000 245.504274 10.369505 -0.025236 2.584448 0.000000 0.000000 0.000000 1.000000 0.000000 0.000000
26.000000 245.505330 10.329031 -0.030415 2.574868 0.000000 0.000000 0.000000 1.000000 0.000000 0.000000
26.000000 245.505353 10.537745 0.032144 2.601147 0.000000 0.000000 0.000000 1.000000 0.000000 0.000000
26.000000 245.508841 10.568203 0.030484 2.564122 0.000000 0.000000 0.000000 1.000000 0.000000 0.000000
26.000000 245.511367 10.086532 0.088287 2.531037 0.000000 0.000000 0.000000 1.000000 0.000000 0.000000
26.000000 245.513360 10.143427 0.049326 2.578496 0.000000 0.000000 0.000000 1.000000 0.000000 0.000000
26.000000 245.514315 10.280261 -0.022933 2.542739 0.000000 0.000000 0.000000 1.000000 0.000000 0.000000
26.000000 245.515223 10.253804 -0.026209 2.536426 0.000000 0.000000 0.000000 1.000000 0.000000 0.000000
26.000000 245.515357 10.445692 0.033039 2.558321 0.000000 0.000000 0.000000 1.000000 0.000000 0.000000
26.000000 245.518692 10.448407 0.014067 2.518759 0.000000 0.000000 0.000000 1.000000 0.000000 0.000000
26.000000 245.521359 10.060449 0.054448 2.488264 0.000000 0.000000 0.000000 1.000000 0.000000 0.000000
26.000000 245.523466 10.082999 0.031550 2.533808 0.000000 0.000000 0.000000 1.000000 0.000000 0.000000
26.000000 245.524371 10.197210 -0.030386 2.498095 0.000000 0.000000 0.000000 1.000000 0.000000 0.000000
26.000000 245.525279 10.245789 -0.029192 2.499727 0.000000 0.000000 0.000000 1.000000 0.000000 0.000000
26.000000 245.525326 10.404919 0.068850 2.510647 0.000000 0.000000 0.000000 1.000000 0.000000 0.000000
26.000000 245.528681 10.239540 0.020079 2.468544 0.000000 0.000000 0.000000 1.000000 0.000000 0.000000
26.000000 245.531435 9.941060 0.061204 2.449436 0.000000 0.000000 0.000000 1.000000 0.000000 0.000000
26.000000 245.533455 9.960712 0.043292 2.493917 0.000000 0.000000 0.000000 1.000000 0.000000 0.000000
26.000000 245.534225 10.114527 -0.033416 2.448390 0.000000 0.000000 0.000000 1.000000 0.000000 0.000000
26.000000 245.535234 10.021708 -0.035670 2.443495 0.000000 0.000000 0.000000 1.000000 0.000000 0.000000
26.000000 245.535450 10.262209 0.040863 2.469915 0.000000 0.000000 0.000000 1.000000 0.000000 0.000000
26.000000 245.538752 10.252686 0.015580 2.434344 0.000000 0.000000 0.000000 1.000000 0.000000 0.000000
26.000000 245.541491 9.875493 0.054141 2.406962 0.000000 0.000000 0.000000 1.000000 0.000000 0.000000
26.000000 245.543447 9.877594 0.041026 2.451760 0.000000 0.000000 0.000000 1.000000 0.000000 0.000000
26.000000 245.544253 10.047675 -0.046731 2.393195 0.000000 0.000000 0.000000 1.000000 0.000000 0.000000
26.000000 245.545297 10.025171 -0.044634 2.403132 0.000000 0.000000 0.000000 1.000000 0.000000 0.000000
26.000000 245.545321 10.130366 0.018383 2.430388 0.000000 0.000000 0.000000 1.000000 0.000000 0.000000
26.000000 245.548672 10.148547 0.029099 2.397072 0.000000 0.000000 0.000000 1.000000 0.000000 0.000000
26.000000 245.551376 9.702384 0.091271 2.353323 0.000000 0.000000 0.000000 1.000000 0.000000 0.000000
26.000000 245.553461 9.788238 0.041555 2.404650 0.000000 0.000000 0.000000 1.000000 0.000000 0.000000
26.000000 245.554258 10.003449 -0.067069 2.339138 0.000000 0.000000 0.000000 1.000000 0.000000 0.000000
26.000000 245.555200 9.687226 -0.066211 2.356080 0.000000 0.000000 0.000000 1.000000 0.000000 0.000000
26.000000 245.555410 10.074039 0.049792 2.387338 0.000000 0.000000 0.000000 1.000000 0.000000 0.000000
26.000000 245.558837 10.097433 0.032363 2.347305 0.000000 0.000000 0.000000 1.000000 0.000000 0.000000
26.000000 245.561306 9.601852 0.091452 2.308868 0.000000 0.000000 0.000000 1.000000 0.000000 0.000000
26.000000 245.563468 9.707710 0.035267 2.358842 0.000000 0.000000 0.000000 1.000000 0.000000 0.000000
26.000000 245.564300 9.913756 -0.067959 2.294581 0.000000 0.000000 0.000000 1.000000 0.000000 0.000000
26.000000 245.565352 9.592391 -0.066407 2.312996 0.000000 0.000000 0.000000 1.000000 0.000000 0.000000
26.000000 245.565389 9.957025 0.041171 2.340876 0.000000 0.000000 0.000000 1.000000 0.000000 0.000000
26.000000 245.568795 10.001490 0.036960 2.302165 0.000000 0.000000 0.000000 1.000000 0.000000 0.000000
26.000000 245.571334 9.484227 0.101252 2.262471 0.000000 0.000000 0.000000 1.000000 0.000000 0.000000
26.000000 245.573410 9.610618 0.036888 2.311477 0.000000 0.000000 0.000000 1.000000 0.000000 0.000000
26.000000 245.575327 9.762377 -0.039690 2.294171 0.000000 0.000000 0.000000 1.000000 0.000000 0.000000
26.000000 245.575369 9.863104 0.035036 2.295924 0.000000 0.000000 0.000000 1.000000 0.000000 0.000000
26.000000 245.578807 9.831342 0.039240 2.262417 0.000000 0.000000 0.000000 1.000000 0.000000 0.000000
26.000000 245.581446 9.407687 0.097397 2.214459 0.000000 0.000000 0.000000 1.000000 0.000000 0.000000
26.000000 245.583404 9.497999 0.044802 2.265846 0.000000 0.000000 0.000000 1.000000 0.000000 0.000000
26.000000 245.584350 9.645879 -0.035061 2.233913 0.000000 0.000000 0.000000 1.000000 0.000000 0.000000
26.000000 245.585315 9.669542 -0.034513 2.237011 0.000000 0.000000 0.000000 1.000000 0.000000 0.000000
26.000000 245.585370 9.810023 0.058347 2.235451 0.000000 0.000000 0.000000 1.000000 0.000000 0.000000
26.000000 245.588783 9.680074 0.025154 2.198948 0.000000 0.000000 0.000000 1.000000 0.000000 0.000000
26.000000 245.591272 9.386521 0.064613 2.175303 0.000000 0.000000 0.000000 1.000000 0.000000 0.000000
26.000000 245.593454 9.408280 0.044746 2.217470 0.000000 0.000000 0.000000 1.000000 0.000000 0.000000
26.000000 245.594306 9.560722 -0.035250 2.179906 0.000000 0.000000 0.000000 1.000000 0.000000 0.000000
26.000000 245.595331 9.580114 -0.034455 2.183384 0.000000 0.000000 0.000000 1.000000 0.000000 0.000000
26.000000 245.595337 9.715254 0.068293 2.193977 0.000000 0.000000 0.000000 1.000000 0.000000 0.000000
26.000000 245.598827 9.582401 0.046010 2.164071 0.000000 0.000000 0.000000 1.000000 0.000000 0.000000
26.000000 245.601478 9.207423 0.098261 2.112004 0.000000 0.000000 0.000000 1.000000 0.000000 0.000000
26.000000 245.603631 9.386351 0.013784 2.155770 0.000000 0.000000 0.000000 1.000000 0.000000 0.000000
26.000000 245.604315 9.437406 -0.016856 2.136647 0.000000 0.000000 0.000000 1.000000 0.000000 0.000000
26.000000 245.605388 9.528020 -0.016100 2.127902 0.000000 0.000000 0.000000 1.000000 0.000000 0.000000
26.000000 245.605544 9.564601 0.017188 2.145897 0.000000 0.000000 0.000000 1.000000 0.000000 0.000000
26.000000 245.608943 9.571172 0.030216 2.121512 0.000000 0.000000 0.000000 1.000000 0.000000 0.000000
26.000000 245.611498 9.165157 0.085613 2.074585 0.000000 0.000000 0.000000 1.000000 0.000000 0.000000
26.000000 245.613572 9.237949 0.043637 2.117699 0.000000 0.000000 0.000000 1.000000 0.000000 0.000000
26.000000 245.614462 9.350782 -0.019149 2.086990 0.000000 0.000000 0.000000 1.000000 0.000000 0.000000
26.000000 245.615257 9.316022 -0.020758 2.084637 0.000000 0.000000 0.000000 1.000000 0.000000 0.000000
26.000000 245.615526 9.437670 0.006555 2.093024 0.000000 0.000000 0.000000 1.000000 0.000000 0.000000
26.000000 245.618896 9.501655 0.021217 2.054757 0.000000 0.000000 0.000000 1.000000 0.000000 0.000000
26.000000 245.621581 9.144547 0.060269 2.031506 0.000000 0.000000 0.000000 1.000000 0.000000 0.000000
26.000000 245.623633 9.146524 0.045258 2.070398 0.000000 0.000000 0.000000 1.000000 0.000000 0.000000
26.000000 245.624462 9.244022 -0.013995 2.040100 0.000000 0.000000 0.000000 1.000000 0.000000 0.000000
26.000000 245.625274 9.318014 -0.013229 2.028000 0.000000 0.000000 0.000000 1.000000 0.000000 0.000000
26.000000 245.625399 9.367810 0.027307 2.039587 0.000000 0.000000 0.000000 1.000000 0.000000 0.000000
26.000000 245.628832 9.384252 0.042911 2.017767 0.000000 0.000000 0.000000 1.000000 0.000000 0.000000
26.000000 245.631312 8.931769 0.104484 1.964890 0.000000 0.000000 0.000000 1.000000 0.000000 0.000000
26.000000 245.633473 9.097485 0.025608 2.018610 0.000000 0.000000 0.000000 1.000000 0.000000 0.000000
26.000000 245.634233 9.168891 -0.015574 1.990057 0.000000 0.000000 0.000000 1.000000 0.000000 0.000000
26.000000 245.635439 9.131170 -0.016583 1.983208 0.000000 0.000000 0.000000 1.000000 0.000000 0.000000
26.000000 245.635520 9.266943 0.017959 1.994894 0.000000 0.000000 0.000000 1.000000 0.000000 0.000000
26.000000 245.638958 9.338633 0.040859 1.958058 0.000000 0.000000 0.000000 1.000000 0.000000 0.000000
26.000000 245.641595 8.863084 0.097032 1.918257 0.000000 0.000000 0.000000 1.000000 0.000000 0.000000
26.000000 245.643578 8.989445 0.035690 1.968741 0.000000 0.000000 0.000000 1.000000 0.000000 0.000000
26.000000 245.644455 9.086431 -0.017451 1.934188 0.000000 0.000000 0.000000 1.000000 0.000000 0.000000
26.000000 245.645309 9.128893 -0.016532 1.926066 0.000000 0.000000 0.000000 1.000000 0.000000 0.000000
26.000000 245.645389 9.154683 0.009008 1.943434 0.000000 0.000000 0.000000 1.000000 0.000000 0.000000
26.000000 245.648865 9.172167 0.023459 1.914428 0.000000 0.000000 0.000000 1.000000 0.000000 0.000000
26.000000 245.651381 8.851773 0.065852 1.868488 0.000000 0.000000 0.000000 1.000000 0.000000 0.000000
26.000000 245.653451 8.928825 0.026355 1.911203 0.000000 0.000000 0.000000 1.000000 0.000000 0.000000
26.000000 245.654280 8.993183 -0.010760 1.880882 0.000000 0.000000 0.000000 1.000000 0.000000 0.000000
26.000000 245.655427 8.962434 -0.012754 1.871694 0.000000 0.000000 0.000000 1.000000 0.000000 0.000000
26.000000 245.655445 9.100704 0.021914 1.885919 0.000000 0.000000 0.000000 1.000000 0.000000 0.000000
26.000000 245.658973 9.161712 0.039476 1.850965 0.000000 0.000000 0.000000 1.000000 0.000000 0.000000
26.000000 245.661489 8.700141 0.092844 1.809255 0.000000 0.000000 0.000000 1.000000 0.000000 0.000000
26.000000 245.663515 8.810426 0.041323 1.856507 0.000000 0.000000 0.000000 1.000000 0.000000 0.000000
26.000000 245.664340 8.915412 -0.013576 1.821614 0.000000 0.000000 0.000000 1.000000 0.000000 0.000000
26.000000 245.665329 8.937666 -0.012662 1.821185 0.000000 0.000000 0.000000 1.000000 0.000000 0.000000
26.000000 245.665532 9.003429 0.037818 1.832443 0.000000 0.000000 0.000000 1.000000 0.000000 0.000000
26.000000 245.668870 8.946110 0.028406 1.796957 0.000000 0.000000 0.000000 1.000000 0.000000 0.000000
26.000000 245.671325 8.682921 0.062902 1.756663 0.000000 0.000000 0.000000 1.000000 0.000000 0.000000
26.000000 245.673476 8.732910 0.032445 1.794063 0.000000 0.000000 0.000000 1.000000 0.000000 0.000000
26.000000 245.674314 8.800358 -0.009351 1.768589 0.000000 0.000000 0.000000 1.000000 0.000000 0.000000
26.000000 245.675333 8.848767 -0.008343 1.768110 0.000000 0.000000 0.000000 1.000000 0.000000 0.000000
26.000000 245.675382 8.867834 -0.008857 1.780226 0.000000 0.000000 0.000000 1.000000 0.000000 0.000000
26.000000 245.678977 9.026887 0.033615 1.763631 0.000000 0.000000 0.000000 1.000000 0.000000 0.000000
26.000000 245.681635 8.484083 0.106484 1.688993 0.000000 0.000000 0.000000 1.000000 0.000000 0.000000
26.000000 245.683784 8.642198 0.032814 1.738345 0.000000 0.000000 0.000000 1.000000 0.000000 0.000000
26.000000 245.684401 8.689375 0.002851 1.719343 0.000000 0.000000 0.000000 1.000000 0.000000 0.000000
26.000000 245.685355 8.788544 0.003780 1.707150 0.000000 0.000000 0.000000 1.000000 0.000000 0.000000
26.000000 245.685606 8.872810 0.056295 1.708230 0.000000 0.000000 0.000000 1.000000 0.000000 0.000000
26.000000 245.688876 8.798870 0.033219 1.668526 0.000000 0.000000 0.000000 1.000000 0.000000 0.000000
26.000000 245.691360 8.483742 0.073680 1.633696 0.000000 0.000000 0.000000 1.000000 0.000000 0.000000
26.000000 245.693394 8.552460 0.034167 1.682529 0.000000 0.000000 0.000000 1.000000 0.000000 0.000000
26.000000 245.694308 8.608192 -0.002562 1.659865 0.000000 0.000000 0.000000 1.000000 0.000000 0.000000
26.000000 245.695340 8.693455 -0.001675 1.646541 0.000000 0.000000 0.000000 1.000000 0.000000 0.000000
26.000000 245.695568 8.730036 0.034765 1.662850 0.000000 0.000000 0.000000 1.000000 0.000000 0.000000
26.000000 245.698917 8.692801 0.034374 1.627398 0.000000 0.000000 0.000000 1.000000 0.000000 0.000000
26.000000 245.701499 8.385409 0.073979 1.577883 0.000000 0.000000 0.000000 1.000000 0.000000 0.000000
26.000000 245.703566 8.484280 0.023310 1.625267 0.000000 0.000000 0.000000 1.000000 0.000000 0.000000
26.000000 245.704355 8.555855 -0.021508 1.591254 0.000000 0.000000 0.000000 1.000000 0.000000 0.000000
26.000000 245.705258 8.557017 -0.020433 1.588845 0.000000 0.000000 0.000000 1.000000 0.000000 0.000000
26.000000 245.705584 8.616551 0.028714 1.599723 0.000000 0.000000 0.000000 1.000000 0.000000 0.000000
26.000000 245.708767 8.593016 0.031931 1.569748 0.000000 0.000000 0.000000 1.000000 0.000000 0.000000
26.000000 245.711583 8.326953 0.066222 1.526013 0.000000 0.000000 0.000000 1.000000 0.000000 0.000000
26.000000 245.713434 8.414321 0.020906 1.568260 0.000000 0.000000 0.000000 1.000000 0.000000 0.000000
26.000000 245.714307 8.452641 -0.006988 1.546602 0.000000 0.000000 0.000000 1.000000 0.000000 0.000000
26.000000 245.715401 8.481537 -0.010724 1.530750 0.000000 0.000000 0.000000 1.000000 0.000000 0.000000
26.000000 245.715475 8.517377 0.002066 1.543584 0.000000 0.000000 0.000000 1.000000 0.000000 0.000000
26.000000 245.718936 8.598465 0.049694 1.512541 0.000000 0.000000 0.000000 1.000000 0.000000 0.000000
26.000000 245.721730 8.125365 0.103757 1.456573 0.000000 0.000000 0.000000 1.000000 0.000000 0.000000
26.000000 245.723499 8.309408 0.020027 1.508591 0.000000 0.000000 0.000000 1.000000 0.000000 0.000000
26.000000 245.724377 8.335088 -0.000612 1.492118 0.000000 0.000000 0.000000 1.000000 0.000000 0.000000
26.000000 245.725365 8.393509 0.000234 1.482167 0.000000 0.000000 0.000000 1.000000 0.000000 0.000000
26.000000 245.725973 8.463245 0.047421 1.482874 0.000000 0.000000 0.000000 1.000000 0.000000 0.000000
26.000000 245.728883 8.454827 0.048141 1.457068 0.000000 0.000000 0.000000 1.000000 0.000000 0.000000
26.000000 245.731488 8.046800 0.101775 1.393872 0.000000 0.000000 0.000000 1.000000 0.000000 0.000000
26.000000 245.733576 8.250062 0.010173 1.446861 0.000000 0.000000 0.000000 1.000000 0.000000 0.000000
26.000000 245.734355 8.246021 0.004043 1.436976 0.000000 0.000000 0.000000 1.000000 0.000000 0.000000
26.000000 245.735326 8.312343 0.004988 1.425644 0.000000 0.000000 0.000000 1.000000 0.000000 0.000000
26.000000 245.735428 8.375242 0.049621 1.429850 0.000000 0.000000 0.000000 1.000000 0.000000 0.000000
26.000000 245.738957 8.363121 0.050247 1.400006 0.000000 0.000000 0.000000 1.000000 0.000000 0.000000
26.000000 245.741581 7.961899 0.102645 1.333233 0.000000 0.000000 0.000000 1.000000 0.000000 0.000000
26.000000 245.743670 8.134121 0.018647 1.384675 0.000000 0.000000 0.000000 1.000000 0.000000 0.000000
26.000000 245.744427 8.138329 0.002885 1.376768 0.000000 0.000000 0.000000 1.000000 0.000000 0.000000
26.000000 245.745285 8.219204 0.003680 1.362864 0.000000 0.000000 0.000000 1.000000 0.000000 0.000000
26.000000 245.745466 8.289865 0.052346 1.361905 0.000000 0.000000 0.000000 1.000000 0.000000 0.000000
26.000000 245.748906 8.218896 0.033185 1.325822 0.000000 0.000000 0.000000 1.000000 0.000000 0.000000
26.000000 245.751421 7.962496 0.066413 1.276657 0.000000 0.000000 0.000000 1.000000 0.000000 0.000000
26.000000 245.753470 8.094741 0.004242 1.315544 0.000000 0.000000 0.000000 1.000000 0.000000 0.000000
26.000000 245.754302 8.083927 0.000969 1.306920 0.000000 0.000000 0.000000 1.000000 0.000000 0.000000
26.000000 245.755325 8.132332 0.001919 1.298656 0.000000 0.000000 0.000000 1.000000 0.000000 0.000000
26.000000 245.755371 8.180356 0.041270 1.307997 0.000000 0.000000 0.000000 1.000000 0.000000 0.000000
26.000000 245.758927 8.140884 0.036163 1.273006 0.000000 0.000000 0.000000 1.000000 0.000000 0.000000
26.000000 245.761479 7.859227 0.072235 1.216275 0.000000 0.000000 0.000000 1.000000 0.000000 0.000000
26.000000 245.763581 7.992694 0.008444 1.259608 0.000000 0.000000 0.000000 1.000000 0.000000 0.000000
26.000000 245.764389 7.987507 0.001233 1.250515 0.000000 0.000000 0.000000 1.000000 0.000000 0.000000
26.000000 245.765446 8.036868 0.002014 1.237737 0.000000 0.000000 0.000000 1.000000 0.000000 0.000000
26.000000 245.768901 8.134096 0.053370 1.208102 0.000000 0.000000 0.000000 1.000000 0.000000 0.000000
26.000000 245.771332 7.708546 0.099759 1.145642 0.000000 0.000000 0.000000 1.000000 0.000000 0.000000
26.000000 245.773505 7.908139 0.009089 1.195307 0.000000 0.000000 0.000000 1.000000 0.000000 0.000000
26.000000 245.774352 7.903122 0.000638 1.183106 0.000000 0.000000 0.000000 1.000000 0.000000 0.000000
26.000000 245.775297 7.970950 0.001581 1.162637 0.000000 0.000000 0.000000 1.000000 0.000000 0.000000
26.000000 245.775361 7.980456 0.028076 1.183046 0.000000 0.000000 0.000000 1.000000 0.000000 0.000000
26.000000 245.778991 7.971524 0.042575 1.161453 0.000000 0.000000 0.000000 1.000000 0.000000 0.000000
26.000000 245.781424 7.644652 0.084754 1.090323 0.000000 0.000000 0.000000 1.000000 0.000000 0.000000
26.000000 245.783556 7.814412 0.007515 1.132302 0.000000 0.000000 0.000000 1.000000 0.000000 0.000000
26.000000 245.784470 7.810067 0.000111 1.126272 0.000000 0.000000 0.000000 1.000000 0.000000 0.000000
26.000000 245.785420 7.849230 0.000384 1.105707 0.000000 0.000000 0.000000 1.000000 0.000000 0.000000
26.000000 245.785482 7.863546 0.028965 1.109273 0.000000 0.000000 0.000000 1.000000 0.000000 0.000000
26.000000 245.788898 7.848833 0.039425 1.088392 0.000000 0.000000 0.000000 1.000000 0.000000 0.000000
26.000000 245.791472 7.616053 0.068718 1.043547 0.000000 0.000000 0.000000 1.000000 0.000000 0.000000
26.000000 245.793538 7.668927 0.032586 1.077757 0.000000 0.000000 0.000000 1.000000 0.000000 0.000000
26.000000 245.794389 7.692783 0.005073 1.069040 0.000000 0.000000 0.000000 1.000000 0.000000 0.000000
26.000000 245.795328 7.773760 0.005544 1.050385 0.000000 0.000000 0.000000 1.000000 0.000000 0.000000
26.000000 245.795367 7.809062 0.037000 1.051929 0.000000 0.000000 0.000000 1.000000 0.000000 0.000000
26.000000 245.799011 7.816463 0.046017 1.030149 0.000000 0.000000 0.000000 1.000000 0.000000 0.000000
26.000000 245.801481 7.508324 0.085081 0.974270 0.000000 0.000000 0.000000 1.000000 0.000000 0.000000
26.000000 245.803554 7.603560 0.037099 1.013302 0.000000 0.000000 0.000000 1.000000 0.000000 0.000000
26.000000 245.804449 7.637641 0.009133 0.998001 0.000000 0.000000 0.000000 1.000000 0.000000 0.000000
26.000000 245.805443 7.686133 0.009550 0.981261 0.000000 0.000000 0.000000 1.000000 0.000000 0.000000
26.000000 245.805508 7.677749 -0.001061 0.984569 0.000000 0.000000 0.000000 1.000000 0.000000 0.000000
26.000000 245.808913 7.799860 0.031850 0.974738 0.000000 0.000000 0.000000 1.000000 0.000000 0.000000
26.000000 245.811379 7.396511 0.083135 0.900920 0.000000 0.000000 0.000000 1.000000 0.000000 0.000000
26.000000 245.813503 7.531686 0.024385 0.941363 0.000000 0.000000 0.000000 1.000000 0.000000 0.000000
26.000000 245.814350 7.548133 0.010484 0.928884 0.000000 0.000000 0.000000 1.000000 0.000000 0.000000
26.000000 245.815412 7.545017 0.019789 0.914992 0.000000 0.000000 0.000000 1.000000 0.000000 0.000000
26.000000 245.815533 7.629399 0.043716 0.914306 0.000000 0.000000 0.000000 1.000000 0.000000 0.000000
26.000000 245.819018 7.667843 0.047953 0.885099 0.000000 0.000000 0.000000 1.000000 0.000000 0.000000
26.000000 245.821468 7.317109 0.085099 0.837055 0.000000 0.000000 0.000000 1.000000 0.000000 0.000000
26.000000 245.823594 7.433347 0.032924 0.877131 0.000000 0.000000 0.000000 1.000000 0.000000 0.000000
26.000000 245.824482 7.464032 0.010302 0.860540 0.000000 0.000000 0.000000 1.000000 0.000000 0.000000
26.000000 245.825414 7.513173 0.010855 0.844075 0.000000 0.000000 0.000000 1.000000 0.000000 0.000000
26.000000 245.825492 7.537725 0.036114 0.846949 0.000000 0.000000 0.000000 1.000000 0.000000 0.000000
26.000000 245.829001 7.536453 0.042791 0.826305 0.000000 0.000000 0.000000 1.000000 0.000000 0.000000
26.000000 245.831421 7.224199 0.082155 0.764379 0.000000 0.000000 0.000000 1.000000 0.000000 0.000000
26.000000 245.833513 7.361308 0.019936 0.805467 0.000000 0.000000 0.000000 1.000000 0.000000 0.000000
26.000000 245.834328 7.359277 0.012194 0.796700 0.000000 0.000000 0.000000 1.000000 0.000000 0.000000
26.000000 245.835415 7.424153 0.012871 0.772329 0.000000 0.000000 0.000000 1.000000 0.000000 0.000000
26.000000 245.835454 7.446386 0.032639 0.773141 0.000000 0.000000 0.000000 1.000000 0.000000 0.000000
26.000000 245.839014 7.457020 0.039850 0.758385 0.000000 0.000000 0.000000 1.000000 0.000000 0.000000
26.000000 245.841518 7.146379 0.078953 0.700559 0.000000 0.000000 0.000000 1.000000 0.000000 0.000000
26.000000 245.843631 7.270212 0.022928 0.737545 0.000000 0.000000 0.000000 1.000000 0.000000 0.000000
26.000000 245.844427 7.274971 0.012244 0.728088 0.000000 0.000000 0.000000 1.000000 0.000000 0.000000
26.000000 245.845361 7.335484 0.012781 0.703610 0.000000 0.000000 0.000000 1.000000 0.000000 0.000000
26.000000 245.845515 7.340112 0.026271 0.709709 0.000000 0.000000 0.000000 1.000000 0.000000 0.000000
26.000000 245.849067 7.380715 0.046447 0.694702 0.000000 0.000000 0.000000 1.000000 0.000000 0.000000
26.000000 245.851419 7.062773 0.086192 0.628925 0.000000 0.000000 0.000000 1.000000 0.000000 0.000000
26.000000 245.853492 7.183070 0.029883 0.669077 0.000000 0.000000 0.000000 1.000000 0.000000 0.000000
26.000000 245.854353 7.190873 0.015605 0.656908 0.000000 0.000000 0.000000 1.000000 0.000000 0.000000
26.000000 245.855402 7.224751 0.015952 0.635882 0.000000 0.000000 0.000000 1.000000 0.000000 0.000000
26.000000 245.855513 7.246334 0.018531 0.636975 0.000000 0.000000 0.000000 1.000000 0.000000 0.000000
26.000000 245.859222 7.322887 0.061181 0.603318 0.000000 0.000000 0.000000 1.000000 0.000000 0.000000
26.000000 245.861434 6.916711 0.107551 0.542933 0.000000 0.000000 0.000000 1.000000 0.000000 0.000000
26.000000 245.863589 7.111599 0.022200 0.595302 0.000000 0.000000 0.000000 1.000000 0.000000 0.000000
26.000000 245.864440 7.103542 0.016406 0.588635 0.000000 0.000000 0.000000 1.000000 0.000000 0.000000
26.000000 245.865495 7.159836 0.016974 0.561261 0.000000 0.000000 0.000000 1.000000 0.000000 0.000000
26.000000 245.865723 7.175060 0.027327 0.556978 0.000000 0.000000 0.000000 1.000000 0.000000 0.000000
26.000000 245.869054 7.215269 0.066575 0.556208 0.000000 0.000000 0.000000 1.000000 0.000000 0.000000
26.000000 245.871480 6.795869 0.119288 0.471946 0.000000 0.000000 0.000000 1.000000 0.000000 0.000000
26.000000 245.873719 7.006180 0.031012 0.524892 0.000000 0.000000 0.000000 1.000000 0.000000 0.000000
26.000000 245.874354 7.017906 0.017495 0.515728 0.000000 0.000000 0.000000 1.000000 0.000000 0.000000
26.000000 245.875391 7.036034 0.021277 0.501639 0.000000 0.000000 0.000000 1.000000 0.000000 0.000000
26.000000 245.875462 7.055275 0.017414 0.493422 0.000000 0.000000 0.000000 1.000000 0.000000 0.000000
26.000000 245.879155 7.135398 0.054033 0.455042 0.000000 0.000000 0.000000 1.000000 0.000000 0.000000
26.000000 245.881599 6.775597 0.095819 0.403365 0.000000 0.000000 0.000000 1.000000 0.000000 0.000000
26.000000 245.883759 6.914547 0.034844 0.445726 0.000000 0.000000 0.000000 1.000000 0.000000 0.000000
26.000000 245.884540 6.934901 0.016711 0.440031 0.000000 0.000000 0.000000 1.000000 0.000000 0.000000
26.000000 245.885452 6.979548 0.016682 0.421398 0.000000 0.000000 0.000000 1.000000 0.000000 0.000000
26.000000 245.885468 6.995335 0.048172 0.420230 0.000000 0.000000 0.000000 1.000000 0.000000 0.000000
26.000000 245.889087 6.980741 0.058694 0.397736 0.000000 0.000000 0.000000 1.000000 0.000000 0.000000
26.000000 245.891500 6.684702 0.095208 0.326453 0.000000 0.000000 0.000000 1.000000 0.000000 0.000000
26.000000 245.893564 6.842320 0.025764 0.372097 0.000000 0.000000 0.000000 1.000000 0.000000 0.000000
26.000000 245.894610 6.841133 0.017673 0.371317 0.000000 0.000000 0.000000 1.000000 0.000000 0.000000
26.000000 245.895434 6.874532 0.031016 0.349636 0.000000 0.000000 0.000000 1.000000 0.000000 0.000000
26.000000 245.895462 6.908253 0.043817 0.340765 0.000000 0.000000 0.000000 1.000000 0.000000 0.000000
26.000000 245.899236 6.959933 0.060520 0.308468 0.000000 0.000000 0.000000 1.000000 0.000000 0.000000
26.000000 245.901748 6.576867 0.101817 0.247513 0.000000 0.000000 0.000000 1.000000 0.000000 0.000000
26.000000 245.903668 6.770896 0.021405 0.301548 0.000000 0.000000 0.000000 1.000000 0.000000 0.000000
26.000000 245.904669 6.760145 0.021702 0.300816 0.000000 0.000000 0.000000 1.000000 0.000000 0.000000
26.000000 245.905365 6.821974 0.021887 0.267188 0.000000 0.000000 0.000000 1.000000 0.000000 0.000000
26.000000 245.905505 6.824048 0.042735 0.266996 0.000000 0.000000 0.000000 1.000000 0.000000 0.000000
26.000000 245.909207 6.823972 0.056215 0.247957 0.000000 0.000000 0.000000 1.000000 0.000000 0.000000
26.000000 245.911604 6.533075 0.091724 0.179579 0.000000 0.000000 0.000000 1.000000 0.000000 0.000000
26.000000 245.913571 6.688502 0.024377 0.226735 0.000000 0.000000 0.000000 1.000000 0.000000 0.000000
26.000000 245.914630 6.674789 0.024121 0.226982 0.000000 0.000000 0.000000 1.000000 0.000000 0.000000
26.000000 245.915444 6.770258 0.019936 0.190492 0.000000 0.000000 0.000000 1.000000 0.000000 0.000000
26.000000 245.915585 6.712957 0.005076 0.187119 0.000000 0.000000 0.000000 1.000000 0.000000 0.000000
26.000000 245.919108 6.777370 0.055163 0.161239 0.000000 0.000000 0.000000 1.000000 0.000000 0.000000
26.000000 245.921692 6.445393 0.091746 0.106219 0.000000 0.000000 0.000000 1.000000 0.000000 0.000000
26.000000 245.923586 6.606186 0.022886 0.151369 0.000000 0.000000 0.000000 1.000000 0.000000 0.000000
26.000000 245.924733 6.588814 0.024681 0.152653 0.000000 0.000000 0.000000 1.000000 0.000000 0.000000
26.000000 245.925338 6.646344 0.024810 0.115076 0.000000 0.000000 0.000000 1.000000 0.000000 0.000000
26.000000 245.925594 6.668030 0.064869 0.105390 0.000000 0.000000 0.000000 1.000000 0.000000 0.000000
26.000000 245.928930 6.598784 0.062434 0.086594 0.000000 0.000000 0.000000 1.000000 0.000000 0.000000
26.000000 245.931715 6.381131 0.089247 0.032926 0.000000 0.000000 0.000000 1.000000 0.000000 0.000000
26.000000 245.933567 6.526414 0.026009 0.070611 0.000000 0.000000 0.000000 1.000000 0.000000 0.000000
26.000000 245.934608 6.523697 0.019159 0.072758 0.000000 0.000000 0.000000 1.000000 0.000000 0.000000
26.000000 245.935428 6.542849 0.028009 0.060595 0.000000 0.000000 0.000000 1.000000 0.000000 0.000000
26.000000 245.935588 6.524273 0.018615 0.043305 0.000000 0.000000 0.000000 1.000000 0.000000 0.000000
26.000000 245.941551 6.518140 -0.004701 0.032956 0.000000 0.000000 0.000000 1.000000 0.000000 0.000000
26.000000 245.943743 6.451594 0.020260 0.012691 0.000000 0.000000 0.000000 1.000000 0.000000 0.000000
26.000000 245.944741 6.453594 0.023306 0.015954 0.000000 0.000000 0.000000 1.000000 0.000000 0.000000
26.000000 245.945383 6.478651 0.023057 0.005950 0.000000 0.000000 0.000000 1.000000 0.000000 0.000000
26.000000 245.951576 6.447911 0.010413 0.028864 0.000000 0.000000 0.000000 1.000000 0.000000 0.000000
26.000000 245.953659 6.440390 0.010603 0.047309 0.000000 0.000000 0.000000 1.000000 0.000000 0.000000
26.000000 245.954586 6.396968 0.024815 0.072892 0.000000 0.000000 0.000000 1.000000 0.000000 0.000000
26.000000 245.955455 6.444006 0.026488 0.060948 0.000000 0.000000 0.000000 1.000000 0.000000 0.000000
26.000000 245.955602 6.425824 0.020194 0.054572 0.000000 0.000000 0.000000 1.000000 0.000000 0.000000
26.000000 245.959158 6.464346 0.055695 0.051543 0.000000 0.000000 0.000000 1.000000 0.000000 0.000000
26.000000 245.961719 6.201165 0.096182 0.042574 0.000000 0.000000 0.000000 1.000000 0.000000 0.000000
26.000000 245.963692 6.395724 0.008144 0.108774 0.000000 0.000000 0.000000 1.000000 0.000000 0.000000
26.000000 245.964695 6.338916 0.028224 0.134496 0.000000 0.000000 0.000000 1.000000 0.000000 0.000000
26.000000 245.965407 6.392695 0.028163 0.109033 0.000000 0.000000 0.000000 1.000000 0.000000 0.000000
26.000000 245.965826 6.376754 0.011921 0.105496 0.000000 0.000000 0.000000 1.000000 0.000000 0.000000
26.000000 245.969068 6.511574 0.046831 0.130120 0.000000 0.000000 0.000000 1.000000 0.000000 0.000000
26.000000 245.971626 6.168636 0.086629 0.096678 0.000000 0.000000 0.000000 1.000000 0.000000 0.000000
26.000000 245.973662 6.352349 0.007427 0.160742 0.000000 0.000000 0.000000 1.000000 0.000000 0.000000
26.000000 245.974662 6.307274 0.026002 0.180759 0.000000 0.000000 0.000000 1.000000 0.000000 0.000000
26.000000 245.975527 6.319996 0.035725 0.171618 0.000000 0.000000 0.000000 1.000000 0.000000 0.000000
26.000000 245.975577 6.326108 0.034771 0.158314 0.000000 0.000000 0.000000 1.000000 0.000000 0.000000
26.000000 245.979080 6.360140 0.053699 0.150272 0.000000 0.000000 0.000000 1.000000 0.000000 0.000000
26.000000 245.981742 6.109539 0.090707 0.148485 0.000000 0.000000 0.000000 1.000000 0.000000 0.000000
26.000000 245.983617 6.292455 0.011948 0.214517 0.000000 0.000000 0.000000 1.000000 0.000000 0.000000
26.000000 245.984532 6.250304 0.029570 0.235165 0.000000 0.000000 0.000000 1.000000 0.000000 0.000000
26.000000 245.985547 6.294754 0.029505 0.217852 0.000000 0.000000 0.000000 1.000000 0.000000 0.000000
26.000000 245.985563 6.307657 0.052120 0.214183 0.000000 0.000000 0.000000 1.000000 0.000000 0.000000
26.000000 245.988986 6.326923 0.068066 0.222787 0.000000 0.000000 0.000000 1.000000 0.000000 0.000000
26.000000 245.991546 6.064605 0.098301 0.200105 0.000000 0.000000 0.000000 1.000000 0.000000 0.000000
26.000000 245.993718 6.251879 0.016448 0.264244 0.000000 0.000000 0.000000 1.000000 0.000000 0.000000
26.000000 245.994550 6.216665 0.026988 0.277164 0.000000 0.000000 0.000000 1.000000 0.000000 0.000000
26.000000 245.995482 6.239508 0.028445 0.265802 0.000000 0.000000 0.000000 1.000000 0.000000 0.000000
26.000000 245.995503 6.243990 0.030835 0.265773 0.000000 0.000000 0.000000 1.000000 0.000000 0.000000
26.000000 245.999095 6.275483 0.062423 0.265064 0.000000 0.000000 0.000000 1.000000 0.000000 0.000000
26.000000 246.001687 6.005397 0.102032 0.250577 0.000000 0.000000 0.000000 1.000000 0.000000 0.000000
26.000000 246.003799 6.210883 0.015296 0.310789 0.000000 0.000000 0.000000 1.000000 0.000000 0.000000
26.000000 246.004601 6.166489 0.032600 0.328192 0.000000 0.000000 0.000000 1.000000 0.000000 0.000000
26.000000 246.005364 6.202226 0.032749 0.312663 0.000000 0.000000 0.000000 1.000000 0.000000 0.000000
26.000000 246.005589 6.203598 0.036772 0.311809 0.000000 0.000000 0.000000 1.000000 0.000000 0.000000
26.000000 246.008978 6.285095 0.062994 0.330862 0.000000 0.000000 0.000000 1.000000 0.000000 0.000000
26.000000 246.011490 5.969059 0.099721 0.302452 0.000000 0.000000 0.000000 1.000000 0.000000 0.000000
26.000000 246.013706 6.148913 0.022489 0.361028 0.000000 0.000000 0.000000 1.000000 0.000000 0.000000
26.000000 246.014502 6.111759 0.036140 0.378417 0.000000 0.000000 0.000000 1.000000 0.000000 0.000000
26.000000 246.015510 6.146150 0.038083 0.366669 0.000000 0.000000 0.000000 1.000000 0.000000 0.000000
26.000000 246.015649 6.149228 0.039731 0.365339 0.000000 0.000000 0.000000 1.000000 0.000000 0.000000
26.000000 246.019040 6.178823 0.065730 0.360791 0.000000 0.000000 0.000000 1.000000 0.000000 0.000000
26.000000 246.021510 5.931657 0.099213 0.349847 0.000000 0.000000 0.000000 1.000000 0.000000 0.000000
26.000000 246.023716 6.109022 0.023198 0.406907 0.000000 0.000000 0.000000 1.000000 0.000000 0.000000
26.000000 246.024539 6.073976 0.035431 0.421457 0.000000 0.000000 0.000000 1.000000 0.000000 0.000000
26.000000 246.025446 6.092769 0.035375 0.409276 0.000000 0.000000 0.000000 1.000000 0.000000 0.000000
26.000000 246.025566 6.104007 0.064233 0.409642 0.000000 0.000000 0.000000 1.000000 0.000000 0.000000
26.000000 246.028988 6.157145 0.095951 0.431288 0.000000 0.000000 0.000000 1.000000 0.000000 0.000000
26.000000 246.031483 5.780092 0.140883 0.385632 0.000000 0.000000 0.000000 1.000000 0.000000 0.000000
26.000000 246.033579 6.046507 0.034088 0.452743 0.000000 0.000000 0.000000 1.000000 0.000000 0.000000
26.000000 246.034467 6.029167 0.038244 0.464706 0.000000 0.000000 0.000000 1.000000 0.000000 0.000000
26.000000 246.035510 6.063563 0.038245 0.456168 0.000000 0.000000 0.000000 1.000000 0.000000 0.000000
26.000000 246.035753 6.073413 0.061103 0.459972 0.000000 0.000000 0.000000 1.000000 0.000000 0.000000
26.000000 246.039228 6.145091 0.094715 0.480243 0.000000 0.000000 0.000000 1.000000 0.000000 0.000000
26.000000 246.041652 5.730546 0.144150 0.427998 0.000000 0.000000 0.000000 1.000000 0.000000 0.000000
26.000000 246.043614 6.014112 0.030565 0.498459 0.000000 0.000000 0.000000 1.000000 0.000000 0.000000
26.000000 246.044527 5.988943 0.038091 0.507493 0.000000 0.000000 0.000000 1.000000 0.000000 0.000000
26.000000 246.045509 6.009334 0.038300 0.499691 0.000000 0.000000 0.000000 1.000000 0.000000 0.000000
26.000000 246.045586 6.018165 0.045446 0.498054 0.000000 0.000000 0.000000 1.000000 0.000000 0.000000
26.000000 246.049124 6.035674 0.084826 0.506038 0.000000 0.000000 0.000000 1.000000 0.000000 0.000000
26.000000 246.051512 5.755111 0.117315 0.477050 0.000000 0.000000 0.000000 1.000000 0.000000 0.000000
26.000000 246.053558 5.967863 0.030628 0.540336 0.000000 0.000000 0.000000 1.000000 0.000000 0.000000
26.000000 246.054484 5.944335 0.038519 0.549091 0.000000 0.000000 0.000000 1.000000 0.000000 0.000000
26.000000 246.055506 5.911846 0.053128 0.550271 0.000000 0.000000 0.000000 1.000000 0.000000 0.000000
26.000000 246.055537 5.994340 0.079665 0.546011 0.000000 0.000000 0.000000 1.000000 0.000000 0.000000
26.000000 246.059074 6.017563 0.087037 0.536476 0.000000 0.000000 0.000000 1.000000 0.000000 0.000000
26.000000 246.061654 5.692750 0.129344 0.517778 0.000000 0.000000 0.000000 1.000000 0.000000 0.000000
26.000000 246.063755 5.918273 0.035934 0.584078 0.000000 0.000000 0.000000 1.000000 0.000000 0.000000
26.000000 246.064504 5.895131 0.041166 0.592063 0.000000 0.000000 0.000000 1.000000 0.000000 0.000000
26.000000 246.065527 5.909539 0.041465 0.588769 0.000000 0.000000 0.000000 1.000000 0.000000 0.000000
26.000000 246.065810 5.922314 0.046950 0.586554 0.000000 0.000000 0.000000 1.000000 0.000000 0.000000
26.000000 246.069152 6.052520 0.081842 0.607433 0.000000 0.000000 0.000000 1.000000 0.000000 0.000000
26.000000 246.071551 5.634399 0.131103 0.561969 0.000000 0.000000 0.000000 1.000000 0.000000 0.000000
26.000000 246.073587 5.876540 0.032217 0.625111 0.000000 0.000000 0.000000 1.000000 0.000000 0.000000
26.000000 246.074409 5.845788 0.041581 0.633490 0.000000 0.000000 0.000000 1.000000 0.000000 0.000000
26.000000 246.075544 5.826171 0.053407 0.628232 0.000000 0.000000 0.000000 1.000000 0.000000 0.000000
26.000000 246.075626 5.898925 0.078611 0.627240 0.000000 0.000000 0.000000 1.000000 0.000000 0.000000
26.000000 246.079033 5.913740 0.083495 0.621248 0.000000 0.000000 0.000000 1.000000 0.000000 0.000000
26.000000 246.081656 5.627177 0.119436 0.606294 0.000000 0.000000 0.000000 1.000000 0.000000 0.000000
26.000000 246.083684 5.819710 0.043204 0.663366 0.000000 0.000000 0.000000 1.000000 0.000000 0.000000
26.000000 246.084587 5.808316 0.046664 0.668322 0.000000 0.000000 0.000000 1.000000 0.000000 0.000000
26.000000 246.085525 5.819411 0.046845 0.668167 0.000000 0.000000 0.000000 1.000000 0.000000 0.000000
26.000000 246.085585 5.837344 0.071551 0.672178 0.000000 0.000000 0.000000 1.000000 0.000000 0.000000
26.000000 246.088926 5.880968 0.093616 0.681139 0.000000 0.000000 0.000000 1.000000 0.000000 0.000000
26.000000 246.091520 5.558270 0.131039 0.649249 0.000000 0.000000 0.000000 1.000000 0.000000 0.000000
26.000000 246.093650 5.765988 0.046493 0.709915 0.000000 0.000000 0.000000 1.000000 0.000000 0.000000
26.000000 246.094476 5.753862 0.046884 0.713238 0.000000 0.000000 0.000000 1.000000 0.000000 0.000000
26.000000 246.095471 5.777975 0.040382 0.706564 0.000000 0.000000 0.000000 1.000000 0.000000 0.000000
26.000000 246.095571 5.761314 0.035140 0.713362 0.000000 0.000000 0.000000 1.000000 0.000000 0.000000
26.000000 246.099045 5.832486 0.104403 0.701975 0.000000 0.000000 0.000000 1.000000 0.000000 0.000000
26.000000 246.101625 5.453806 0.155187 0.671214 0.000000 0.000000 0.000000 1.000000 0.000000 0.000000
26.000000 246.103691 5.744908 0.036588 0.738974 0.000000 0.000000 0.000000 1.000000 0.000000 0.000000
26.000000 246.104790 5.711176 0.044987 0.747926 0.000000 0.000000 0.000000 1.000000 0.000000 0.000000
26.000000 246.105486 5.722405 0.045541 0.745949 0.000000 0.000000 0.000000 1.000000 0.000000 0.000000
26.000000 246.105590 5.745634 0.069574 0.750379 0.000000 0.000000 0.000000 1.000000 0.000000 0.000000
26.000000 246.109162 5.822516 0.097557 0.757419 0.000000 0.000000 0.000000 1.000000 0.000000 0.000000
26.000000 246.111555 5.469259 0.138836 0.715788 0.000000 0.000000 0.000000 1.000000 0.000000 0.000000
26.000000 246.113608 5.694352 0.045588 0.778178 0.000000 0.000000 0.000000 1.000000 0.000000 0.000000
26.000000 246.114616 5.677267 0.045559 0.781191 0.000000 0.000000 0.000000 1.000000 0.000000 0.000000
26.000000 246.115514 5.669384 0.046389 0.777709 0.000000 0.000000 0.000000 1.000000 0.000000 0.000000
26.000000 246.115611 5.693766 0.055870 0.782854 0.000000 0.000000 0.000000 1.000000 0.000000 0.000000
26.000000 246.119078 5.742873 0.101758 0.775311 0.000000 0.000000 0.000000 1.000000 0.000000 0.000000
26.000000 246.121627 5.396855 0.147748 0.748393 0.000000 0.000000 0.000000 1.000000 0.000000 0.000000
26.000000 246.123675 5.655095 0.043119 0.808240 0.000000 0.000000 0.000000 1.000000 0.000000 0.000000
26.000000 246.124533 5.631225 0.047382 0.815630 0.000000 0.000000 0.000000 1.000000 0.000000 0.000000
26.000000 246.125576 5.571342 0.065793 0.820435 0.000000 0.000000 0.000000 1.000000 0.000000 0.000000
26.000000 246.125737 5.680872 0.104652 0.816755 0.000000 0.000000 0.000000 1.000000 0.000000 0.000000
26.000000 246.129125 5.683769 0.094761 0.810159 0.000000 0.000000 0.000000 1.000000 0.000000 0.000000
26.000000 246.131529 5.388379 0.130974 0.789450 0.000000 0.000000 0.000000 1.000000 0.000000 0.000000
26.000000 246.133586 5.596039 0.045852 0.844256 0.000000 0.000000 0.000000 1.000000 0.000000 0.000000
26.000000 246.134463 5.569747 0.053490 0.855873 0.000000 0.000000 0.000000 1.000000 0.000000 0.000000
26.000000 246.135538 5.580408 0.053756 0.858125 0.000000 0.000000 0.000000 1.000000 0.000000 0.000000
26.000000 246.135583 5.624480 0.090994 0.851221 0.000000 0.000000 0.000000 1.000000 0.000000 0.000000
26.000000 246.139000 5.625351 0.094183 0.843030 0.000000 0.000000 0.000000 1.000000 0.000000 0.000000
26.000000 246.141773 5.377861 0.122684 0.816619 0.000000 0.000000 0.000000 1.000000 0.000000 0.000000
26.000000 246.143680 5.580826 0.036962 0.873582 0.000000 0.000000 0.000000 1.000000 0.000000 0.000000
26.000000 246.144591 5.529347 0.057798 0.893059 0.000000 0.000000 0.000000 1.000000 0.000000 0.000000
26.000000 246.145452 5.537443 0.058063 0.892827 0.000000 0.000000 0.000000 1.000000 0.000000 0.000000
26.000000 246.145622 5.543777 0.056003 0.891354 0.000000 0.000000 0.000000 1.000000 0.000000 0.000000
26.000000 246.149006 5.692517 0.092758 0.895653 0.000000 0.000000 0.000000 1.000000 0.000000 0.000000
26.000000 246.151536 5.290108 0.139337 0.848659 0.000000 0.000000 0.000000 1.000000 0.000000 0.000000
26.000000 246.153649 5.507857 0.048385 0.911445 0.000000 0.000000 0.000000 1.000000 0.000000 0.000000
26.000000 246.154461 5.478797 0.055599 0.921923 0.000000 0.000000 0.000000 1.000000 0.000000 0.000000
26.000000 246.155549 5.497867 0.056051 0.919639 0.000000 0.000000 0.000000 1.000000 0.000000 0.000000
26.000000 246.155565 5.496481 0.046225 0.922668 0.000000 0.000000 0.000000 1.000000 0.000000 0.000000
26.000000 246.159065 5.695281 0.096478 0.939739 0.000000 0.000000 0.000000 1.000000 0.000000 0.000000
26.000000 246.161636 5.193117 0.155664 0.877792 0.000000 0.000000 0.000000 1.000000 0.000000 0.000000
26.000000 246.163697 5.482896 0.043641 0.941314 0.000000 0.000000 0.000000 1.000000 0.000000 0.000000
26.000000 246.164606 5.450082 0.057728 0.950226 0.000000 0.000000 0.000000 1.000000 0.000000 0.000000
26.000000 246.165431 5.447381 0.058093 0.953525 0.000000 0.000000 0.000000 1.000000 0.000000 0.000000
26.000000 246.165621 5.472230 0.063694 0.943906 0.000000 0.000000 0.000000 1.000000 0.000000 0.000000
26.000000 246.169121 5.608787 0.091871 0.949071 0.000000 0.000000 0.000000 1.000000 0.000000 0.000000
26.000000 246.171622 5.216636 0.137149 0.911295 0.000000 0.000000 0.000000 1.000000 0.000000 0.000000
26.000000 246.173618 5.436401 0.046703 0.971623 0.000000 0.000000 0.000000 1.000000 0.000000 0.000000
26.000000 246.174515 5.406130 0.055291 0.980091 0.000000 0.000000 0.000000 1.000000 0.000000 0.000000
26.000000 246.175523 5.381675 0.055497 0.988192 0.000000 0.000000 0.000000 1.000000 0.000000 0.000000
26.000000 246.175579 5.482777 0.157083 0.973798 0.000000 0.000000 0.000000 1.000000 0.000000 0.000000
26.000000 246.179138 5.287585 0.120375 0.944815 0.000000 0.000000 0.000000 1.000000 0.000000 0.000000
26.000000 246.181670 5.195514 0.129740 0.940948 0.000000 0.000000 0.000000 1.000000 0.000000 0.000000
26.000000 246.183756 5.385592 0.052047 0.998810 0.000000 0.000000 0.000000 1.000000 0.000000 0.000000
26.000000 246.184590 5.361919 0.059315 1.006357 0.000000 0.000000 0.000000 1.000000 0.000000 0.000000
26.000000 246.185553 5.350906 0.059618 1.015181 0.000000 0.000000 0.000000 1.000000 0.000000 0.000000
26.000000 246.185619 5.408548 0.102809 1.002995 0.000000 0.000000 0.000000 1.000000 0.000000 0.000000
26.000000 246.188931 5.459955 0.116299 1.008797 0.000000 0.000000 0.000000 1.000000 0.000000 0.000000
26.000000 246.191600 5.027532 0.166803 0.966466 0.000000 0.000000 0.000000 1.000000 0.000000 0.000000
26.000000 246.193691 5.342788 0.047707 1.032169 0.000000 0.000000 0.000000 1.000000 0.000000 0.000000
26.000000 246.194513 5.327609 0.051885 1.030053 0.000000 0.000000 0.000000 1.000000 0.000000 0.000000
26.000000 246.195544 5.336801 0.045927 1.022467 0.000000 0.000000 0.000000 1.000000 0.000000 0.000000
26.000000 246.195563 5.313744 0.047790 1.037474 0.000000 0.000000 0.000000 1.000000 0.000000 0.000000
26.000000 246.199274 5.366342 0.104426 1.024807 0.000000 0.000000 0.000000 1.000000 0.000000 0.000000
26.000000 246.201644 5.115355 0.129037 1.007147 0.000000 0.000000 0.000000 1.000000 0.000000 0.000000
26.000000 246.203702 5.292483 0.056320 1.059291 0.000000 0.000000 0.000000 1.000000 0.000000 0.000000
26.000000 246.204569 5.269845 0.062224 1.064558 0.000000 0.000000 0.000000 1.000000 0.000000 0.000000
26.000000 246.205443 5.251673 0.062517 1.072397 0.000000 0.000000 0.000000 1.000000 0.000000 0.000000
26.000000 246.205640 5.278409 0.073538 1.064475 0.000000 0.000000 0.000000 1.000000 0.000000 0.000000
26.000000 246.208963 5.427743 0.107901 1.071956 0.000000 0.000000 0.000000 1.000000 0.000000 0.000000
26.000000 246.211636 4.994695 0.158469 1.023883 0.000000 0.000000 0.000000 1.000000 0.000000 0.000000
26.000000 246.213655 5.250351 0.057338 1.081984 0.000000 0.000000 0.000000 1.000000 0.000000 0.000000
26.000000 246.214485 5.226024 0.063628 1.088847 0.000000 0.000000 0.000000 1.000000 0.000000 0.000000
26.000000 246.215512 5.204670 0.063880 1.098764 0.000000 0.000000 0.000000 1.000000 0.000000 0.000000
26.000000 246.215541 5.235117 0.078707 1.090447 0.000000 0.000000 0.000000 1.000000 0.000000 0.000000
26.000000 246.219128 5.327256 0.097581 1.089298 0.000000 0.000000 0.000000 1.000000 0.000000 0.000000
26.000000 246.221599 5.038442 0.130881 1.060246 0.000000 0.000000 0.000000 1.000000 0.000000 0.000000
26.000000 246.223692 5.203089 0.060575 1.106195 0.000000 0.000000 0.000000 1.000000 0.000000 0.000000
26.000000 246.224658 5.175653 0.066594 1.116055 0.000000 0.000000 0.000000 1.000000 0.000000 0.000000
26.000000 246.225651 5.168168 0.066818 1.119772 0.000000 0.000000 0.000000 1.000000 0.000000 0.000000
26.000000 246.225660 5.208063 0.100737 1.112845 0.000000 0.000000 0.000000 1.000000 0.000000 0.000000
26.000000 246.229101 5.272308 0.120553 1.118489 0.000000 0.000000 0.000000 1.000000 0.000000 0.000000
26.000000 246.231623 4.876584 0.166726 1.076052 0.000000 0.000000 0.000000 1.000000 0.000000 0.000000
26.000000 246.233709 5.163105 0.057883 1.134389 0.000000 0.000000 0.000000 1.000000 0.000000 0.000000
26.000000 246.234571 5.141511 0.065657 1.138661 0.000000 0.000000 0.000000 1.000000 0.000000 0.000000
26.000000 246.235546 5.120197 0.065977 1.149496 0.000000 0.000000 0.000000 1.000000 0.000000 0.000000
26.000000 246.235612 5.169178 0.110364 1.146768 0.000000 0.000000 0.000000 1.000000 0.000000 0.000000
26.000000 246.239381 5.217892 0.128559 1.144515 0.000000 0.000000 0.000000 1.000000 0.000000 0.000000
26.000000 246.241733 4.837579 0.172806 1.098041 0.000000 0.000000 0.000000 1.000000 0.000000 0.000000
26.000000 246.243787 5.109559 0.066603 1.158004 0.000000 0.000000 0.000000 1.000000 0.000000 0.000000
26.000000 246.244548 5.091443 0.069254 1.161544 0.000000 0.000000 0.000000 1.000000 0.000000 0.000000
26.000000 246.245565 5.075331 0.069632 1.170222 0.000000 0.000000 0.000000 1.000000 0.000000 0.000000
26.000000 246.245824 5.108185 0.089895 1.165089 0.000000 0.000000 0.000000 1.000000 0.000000 0.000000
26.000000 246.249095 5.187207 0.107767 1.163466 0.000000 0.000000 0.000000 1.000000 0.000000 0.000000
26.000000 246.251585 4.887196 0.142255 1.133676 0.000000 0.000000 0.000000 1.000000 0.000000 0.000000
26.000000 246.253649 5.062588 0.071122 1.179704 0.000000 0.000000 0.000000 1.000000 0.000000 0.000000
26.000000 246.254523 5.047334 0.072098 1.181841 0.000000 0.000000 0.000000 1.000000 0.000000 0.000000
26.000000 246.255597 4.985810 0.087116 1.185747 0.000000 0.000000 0.000000 1.000000 0.000000 0.000000
26.000000 246.255601 5.090055 0.127690 1.186989 0.000000 0.000000 0.000000 1.000000 0.000000 0.000000
26.000000 246.259163 5.101784 0.132101 1.179151 0.000000 0.000000 0.000000 1.000000 0.000000 0.000000
26.000000 246.261649 4.758477 0.172190 1.146692 0.000000 0.000000 0.000000 1.000000 0.000000 0.000000
26.000000 246.263675 5.019880 0.070877 1.197999 0.000000 0.000000 0.000000 1.000000 0.000000 0.000000
26.000000 246.264749 4.999529 0.075613 1.204564 0.000000 0.000000 0.000000 1.000000 0.000000 0.000000
26.000000 246.265526 4.974560 0.075816 1.218136 0.000000 0.000000 0.000000 1.000000 0.000000 0.000000
26.000000 246.265663 4.992958 0.077362 1.212688 0.000000 0.000000 0.000000 1.000000 0.000000 0.000000
26.000000 246.269102 5.180544 0.119684 1.221193 0.000000 0.000000 0.000000 1.000000 0.000000 0.000000
26.000000 246.271770 4.698678 0.175891 1.166826 0.000000 0.000000 0.000000 1.000000 0.000000 0.000000
26.000000 246.273671 4.974440 0.072120 1.221281 0.000000 0.000000 0.000000 1.000000 0.000000 0.000000
26.000000 246.274516 4.958184 0.076993 1.223014 0.000000 0.000000 0.000000 1.000000 0.000000 0.000000
26.000000 246.275575 4.937256 0.077231 1.230476 0.000000 0.000000 0.000000 1.000000 0.000000 0.000000
26.000000 246.275637 4.980649 0.125257 1.232888 0.000000 0.000000 0.000000 1.000000 0.000000 0.000000
26.000000 246.279276 4.968255 0.132184 1.226894 0.000000 0.000000 0.000000 1.000000 0.000000 0.000000
26.000000 246.281765 4.710044 0.161871 1.194067 0.000000 0.000000 0.000000 1.000000 0.000000 0.000000
26.000000 246.283717 4.926568 0.077829 1.242831 0.000000 0.000000 0.000000 1.000000 0.000000 0.000000
26.000000 246.284621 4.915442 0.077559 1.242548 0.000000 0.000000 0.000000 1.000000 0.000000 0.000000
26.000000 246.285585 4.888854 0.077851 1.252997 0.000000 0.000000 0.000000 1.000000 0.000000 0.000000
26.000000 246.286037 4.917519 0.107145 1.257845 0.000000 0.000000 0.000000 1.000000 0.000000 0.000000
26.000000 246.289096 4.964000 0.125226 1.254678 0.000000 0.000000 0.000000 1.000000 0.000000 0.000000
26.000000 246.291692 4.680395 0.157892 1.218211 0.000000 0.000000 0.000000 1.000000 0.000000 0.000000
26.000000 246.293725 4.870032 0.085473 1.261042 0.000000 0.000000 0.000000 1.000000 0.000000 0.000000
26.000000 246.294770 4.880544 0.072528 1.250569 0.000000 0.000000 0.000000 1.000000 0.000000 0.000000
26.000000 246.295589 4.827640 0.076184 1.256150 0.000000 0.000000 0.000000 1.000000 0.000000 0.000000
26.000000 246.295678 4.873550 0.098270 1.266234 0.000000 0.000000 0.000000 1.000000 0.000000 0.000000
26.000000 246.299100 4.905439 0.130514 1.258306 0.000000 0.000000 0.000000 1.000000 0.000000 0.000000
26.000000 246.301756 4.623354 0.161812 1.233250 0.000000 0.000000 0.000000 1.000000 0.000000 0.000000
26.000000 246.303730 4.837406 0.080866 1.276382 0.000000 0.000000 0.000000 1.000000 0.000000 0.000000
26.000000 246.304767 4.831649 0.079035 1.274702 0.000000 0.000000 0.000000 1.000000 0.000000 0.000000
26.000000 246.305588 4.794223 0.079213 1.290629 0.000000 0.000000 0.000000 1.000000 0.000000 0.000000
26.000000 246.305769 4.809979 0.082273 1.289011 0.000000 0.000000 0.000000 1.000000 0.000000 0.000000
26.000000 246.309094 4.959352 0.116486 1.290895 0.000000 0.000000 0.000000 1.000000 0.000000 0.000000
26.000000 246.311675 4.591653 0.158843 1.249517 0.000000 0.000000 0.000000 1.000000 0.000000 0.000000
26.000000 246.313678 4.786303 0.084976 1.292563 0.000000 0.000000 0.000000 1.000000 0.000000 0.000000
26.000000 246.314611 4.782602 0.082023 1.289694 0.000000 0.000000 0.000000 1.000000 0.000000 0.000000
26.000000 246.315630 4.749244 0.082318 1.306243 0.000000 0.000000 0.000000 1.000000 0.000000 0.000000
26.000000 246.315639 4.761618 0.080352 1.306719 0.000000 0.000000 0.000000 1.000000 0.000000 0.000000
26.000000 246.319219 4.940053 0.121065 1.310180 0.000000 0.000000 0.000000 1.000000 0.000000 0.000000
26.000000 246.321753 4.531267 0.168155 1.264597 0.000000 0.000000 0.000000 1.000000 0.000000 0.000000
26.000000 246.323756 4.736734 0.090673 1.309835 0.000000 0.000000 0.000000 1.000000 0.000000 0.000000
26.000000 246.324667 4.741732 0.082026 1.303588 0.000000 0.000000 0.000000 1.000000 0.000000 0.000000
26.000000 246.325573 4.715630 0.082272 1.313557 0.000000 0.000000 0.000000 1.000000 0.000000 0.000000
26.000000 246.325691 4.759537 0.124057 1.311982 0.000000 0.000000 0.000000 1.000000 0.000000 0.000000
26.000000 246.329077 4.790657 0.137342 1.312797 0.000000 0.000000 0.000000 1.000000 0.000000 0.000000
26.000000 246.331672 4.486276 0.172453 1.279755 0.000000 0.000000 0.000000 1.000000 0.000000 0.000000
26.000000 246.333708 4.682099 0.099941 1.319947 0.000000 0.000000 0.000000 1.000000 0.000000 0.000000
26.000000 246.334541 4.696097 0.086944 1.312813 0.000000 0.000000 0.000000 1.000000 0.000000 0.000000
26.000000 246.335578 4.554276 0.085996 1.353613 0.000000 0.000000 0.000000 1.000000 0.000000 0.000000
26.000000 246.335824 4.664836 0.104566 1.353692 0.000000 0.000000 0.000000 1.000000 0.000000 0.000000
26.000000 246.339160 4.724432 0.138942 1.317781 0.000000 0.000000 0.000000 1.000000 0.000000 0.000000
26.000000 246.341686 4.434790 0.170394 1.292606 0.000000 0.000000 0.000000 1.000000 0.000000 0.000000
26.000000 246.343694 4.647146 0.085474 1.339146 0.000000 0.000000 0.000000 1.000000 0.000000 0.000000
26.000000 246.344840 4.624336 0.088815 1.340908 0.000000 0.000000 0.000000 1.000000 0.000000 0.000000
26.000000 246.345606 4.610817 0.089460 1.346423 0.000000 0.000000 0.000000 1.000000 0.000000 0.000000
26.000000 246.346013 4.655643 0.126566 1.344251 0.000000 0.000000 0.000000 1.000000 0.000000 0.000000
26.000000 246.349078 4.673384 0.132025 1.336860 0.000000 0.000000 0.000000 1.000000 0.000000 0.000000
26.000000 246.351744 4.432592 0.159581 1.309980 0.000000 0.000000 0.000000 1.000000 0.000000 0.000000
26.000000 246.353714 4.606706 0.093863 1.347541 0.000000 0.000000 0.000000 1.000000 0.000000 0.000000
26.000000 246.354790 4.612839 0.084360 1.340471 0.000000 0.000000 0.000000 1.000000 0.000000 0.000000
26.000000 246.355610 4.565716 0.084513 1.359632 0.000000 0.000000 0.000000 1.000000 0.000000 0.000000
26.000000 246.355620 4.608772 0.112957 1.351345 0.000000 0.000000 0.000000 1.000000 0.000000 0.000000
26.000000 246.359170 4.737252 0.142670 1.355063 0.000000 0.000000 0.000000 1.000000 0.000000 0.000000
26.000000 246.361768 4.316342 0.191170 1.312305 0.000000 0.000000 0.000000 1.000000 0.000000 0.000000
26.000000 246.363817 4.555875 0.102079 1.360286 0.000000 0.000000 0.000000 1.000000 0.000000 0.000000
26.000000 246.364672 4.571677 0.085569 1.349401 0.000000 0.000000 0.000000 1.000000 0.000000 0.000000
26.000000 246.365555 4.513749 0.085631 1.371253 0.000000 0.000000 0.000000 1.000000 0.000000 0.000000
26.000000 246.365728 4.558089 0.116290 1.363089 0.000000 0.000000 0.000000 1.000000 0.000000 0.000000
26.000000 246.369048 4.650794 0.136966 1.363274 0.000000 0.000000 0.000000 1.000000 0.000000 0.000000
26.000000 246.371718 4.311091 0.175899 1.329647 0.000000 0.000000 0.000000 1.000000 0.000000 0.000000
26.000000 246.373726 4.507546 0.103476 1.369898 0.000000 0.000000 0.000000 1.000000 0.000000 0.000000
26.000000 246.374763 4.507106 0.099633 1.364370 0.000000 0.000000 0.000000 1.000000 0.000000 0.000000
26.000000 246.375630 4.449294 0.111848 1.367867 0.000000 0.000000 0.000000 1.000000 0.000000 0.000000
26.000000 246.375660 4.551971 0.150386 1.371212 0.000000 0.000000 0.000000 1.000000 0.000000 0.000000
26.000000 246.379173 4.560834 0.156177 1.367641 0.000000 0.000000 0.000000 1.000000 0.000000 0.000000
26.000000 246.381684 4.183837 0.200717 1.332043 0.000000 0.000000 0.000000 1.000000 0.000000 0.000000
26.000000 246.383772 4.465527 0.097939 1.377084 0.000000 0.000000 0.000000 1.000000 0.000000 0.000000
26.000000 246.384893 4.458354 0.097676 1.374728 0.000000 0.000000 0.000000 1.000000 0.000000 0.000000
26.000000 246.385608 4.424917 0.097979 1.391853 0.000000 0.000000 0.000000 1.000000 0.000000 0.000000
26.000000 246.385670 4.480213 0.144014 1.387015 0.000000 0.000000 0.000000 1.000000 0.000000 0.000000
26.000000 246.389088 4.480298 0.144264 1.378759 0.000000 0.000000 0.000000 1.000000 0.000000 0.000000
26.000000 246.391770 4.235523 0.172459 1.348277 0.000000 0.000000 0.000000 1.000000 0.000000 0.000000
26.000000 246.393754 4.432015 0.100192 1.382327 0.000000 0.000000 0.000000 1.000000 0.000000 0.000000
26.000000 246.394632 4.441025 0.089046 1.372795 0.000000 0.000000 0.000000 1.000000 0.000000 0.000000
26.000000 246.395614 4.354214 0.102652 1.383555 0.000000 0.000000 0.000000 1.000000 0.000000 0.000000
26.000000 246.395635 4.441286 0.142640 1.388823 0.000000 0.000000 0.000000 1.000000 0.000000 0.000000
26.000000 246.399125 4.454742 0.154304 1.381798 0.000000 0.000000 0.000000 1.000000 0.000000 0.000000
26.000000 246.401725 4.148765 0.187170 1.353401 0.000000 0.000000 0.000000 1.000000 0.000000 0.000000
26.000000 246.403819 4.382156 0.104460 1.394569 0.000000 0.000000 0.000000 1.000000 0.000000 0.000000
26.000000 246.404885 4.392304 0.095517 1.383149 0.000000 0.000000 0.000000 1.000000 0.000000 0.000000
26.000000 246.405652 4.333186 0.095577 1.406303 0.000000 0.000000 0.000000 1.000000 0.000000 0.000000
26.000000 246.405705 4.353683 0.101625 1.404324 0.000000 0.000000 0.000000 1.000000 0.000000 0.000000
26.000000 246.409094 4.538714 0.143912 1.411993 0.000000 0.000000 0.000000 1.000000 0.000000 0.000000
26.000000 246.411701 4.105802 0.193910 1.360573 0.000000 0.000000 0.000000 1.000000 0.000000 0.000000
26.000000 246.413896 4.333135 0.110572 1.397826 0.000000 0.000000 0.000000 1.000000 0.000000 0.000000
26.000000 246.414856 4.341197 0.099546 1.389755 0.000000 0.000000 0.000000 1.000000 0.000000 0.000000
26.000000 246.415620 4.298544 0.099712 1.408018 0.000000 0.000000 0.000000 1.000000 0.000000 0.000000
26.000000 246.415642 4.334436 0.126734 1.406058 0.000000 0.000000 0.000000 1.000000 0.000000 0.000000
26.000000 246.419203 4.395642 0.141266 1.404400 0.000000 0.000000 0.000000 1.000000 0.000000 0.000000
26.000000 246.421758 4.118250 0.173120 1.370309 0.000000 0.000000 0.000000 1.000000 0.000000 0.000000
26.000000 246.423794 4.297594 0.107484 1.400302 0.000000 0.000000 0.000000 1.000000 0.000000 0.000000
26.000000 246.424883 4.297044 0.103497 1.395427 0.000000 0.000000 0.000000 1.000000 0.000000 0.000000
26.000000 246.425574 4.248134 0.103367 1.410736 0.000000 0.000000 0.000000 1.000000 0.000000 0.000000
26.000000 246.425698 4.291133 0.138442 1.400773 0.000000 0.000000 0.000000 1.000000 0.000000 0.000000
26.000000 246.429142 4.337407 0.149305 1.400971 0.000000 0.000000 0.000000 1.000000 0.000000 0.000000
26.000000 246.431713 4.047467 0.182313 1.374469 0.000000 0.000000 0.000000 1.000000 0.000000 0.000000
26.000000 246.433923 4.222655 0.119986 1.407725 0.000000 0.000000 0.000000 1.000000 0.000000 0.000000
26.000000 246.434844 4.245910 0.102250 1.398780 0.000000 0.000000 0.000000 1.000000 0.000000 0.000000
26.000000 246.435623 4.204751 0.102125 1.420604 0.000000 0.000000 0.000000 1.000000 0.000000 0.000000
26.000000 246.435644 4.294208 0.188512 1.407559 0.000000 0.000000 0.000000 1.000000 0.000000 0.000000
26.000000 246.439208 4.167248 0.161655 1.393433 0.000000 0.000000 0.000000 1.000000 0.000000 0.000000
26.000000 246.441763 4.024084 0.177841 1.380926 0.000000 0.000000 0.000000 1.000000 0.000000 0.000000
26.000000 246.443885 4.201054 0.116440 1.412921 0.000000 0.000000 0.000000 1.000000 0.000000 0.000000
26.000000 246.444960 4.221916 0.101111 1.397836 0.000000 0.000000 0.000000 1.000000 0.000000 0.000000
26.000000 246.445569 4.160193 0.101038 1.421742 0.000000 0.000000 0.000000 1.000000 0.000000 0.000000
26.000000 246.445809 4.218041 0.150047 1.413078 0.000000 0.000000 0.000000 1.000000 0.000000 0.000000
26.000000 246.449094 4.263508 0.161709 1.412141 0.000000 0.000000 0.000000 1.000000 0.000000 0.000000
26.000000 246.451802 3.921045 0.200929 1.375390 0.000000 0.000000 0.000000 1.000000 0.000000 0.000000
26.000000 246.453902 4.153997 0.119620 1.413184 0.000000 0.000000 0.000000 1.000000 0.000000 0.000000
26.000000 246.454861 4.167544 0.108636 1.400404 0.000000 0.000000 0.000000 1.000000 0.000000 0.000000
26.000000 246.455633 4.093860 0.118442 1.409941 0.000000 0.000000 0.000000 1.000000 0.000000 0.000000
26.000000 246.455668 4.169540 0.149638 1.413973 0.000000 0.000000 0.000000 1.000000 0.000000 0.000000
26.000000 246.459228 4.199499 0.176250 1.402460 0.000000 0.000000 0.000000 1.000000 0.000000 0.000000
26.000000 246.461820 3.833557 0.217593 1.366977 0.000000 0.000000 0.000000 1.000000 0.000000 0.000000
26.000000 246.463818 4.120291 0.114580 1.412547 0.000000 0.000000 0.000000 1.000000 0.000000 0.000000
26.000000 246.464912 4.115065 0.112929 1.406082 0.000000 0.000000 0.000000 1.000000 0.000000 0.000000
26.000000 246.465634 4.070212 0.113112 1.422160 0.000000 0.000000 0.000000 1.000000 0.000000 0.000000
26.000000 246.465810 4.106708 0.141162 1.419164 0.000000 0.000000 0.000000 1.000000 0.000000 0.000000
26.000000 246.469103 4.156722 0.152344 1.415421 0.000000 0.000000 0.000000 1.000000 0.000000 0.000000
26.000000 246.471780 3.901645 0.181489 1.383460 0.000000 0.000000 0.000000 1.000000 0.000000 0.000000
26.000000 246.473963 4.072407 0.120264 1.410912 0.000000 0.000000 0.000000 1.000000 0.000000 0.000000
26.000000 246.474830 4.079561 0.111622 1.401841 0.000000 0.000000 0.000000 1.000000 0.000000 0.000000
26.000000 246.475664 4.025193 0.129520 1.401260 0.000000 0.000000 0.000000 1.000000 0.000000 0.000000
26.000000 246.475687 4.098448 0.168694 1.401615 0.000000 0.000000 0.000000 1.000000 0.000000 0.000000
26.000000 246.479222 4.088618 0.159746 1.404290 0.000000 0.000000 0.000000 1.000000 0.000000 0.000000
26.000000 246.481821 3.845354 0.186665 1.379802 0.000000 0.000000 0.000000 1.000000 0.000000 0.000000
26.000000 246.483968 4.028572 0.123913 1.406720 0.000000 0.000000 0.000000 1.000000 0.000000 0.000000
26.000000 246.484974 4.039825 0.116024 1.398447 0.000000 0.000000 0.000000 1.000000 0.000000 0.000000
26.000000 246.485697 3.993363 0.115774 1.417175 0.000000 0.000000 0.000000 1.000000 0.000000 0.000000
26.000000 246.485727 4.049496 0.164367 1.403855 0.000000 0.000000 0.000000 1.000000 0.000000 0.000000
26.000000 246.489117 4.048047 0.163117 1.400876 0.000000 0.000000 0.000000 1.000000 0.000000 0.000000
26.000000 246.491765 3.798123 0.191505 1.377027 0.000000 0.000000 0.000000 1.000000 0.000000 0.000000
26.000000 246.493969 3.984648 0.126044 1.407006 0.000000 0.000000 0.000000 1.000000 0.000000 0.000000
26.000000 246.494783 3.999191 0.113404 1.395622 0.000000 0.000000 0.000000 1.000000 0.000000 0.000000
26.000000 246.495689 3.940141 0.113159 1.417139 0.000000 0.000000 0.000000 1.000000 0.000000 0.000000
26.000000 246.495709 3.979470 0.145311 1.410354 0.000000 0.000000 0.000000 1.000000 0.000000 0.000000
26.000000 246.499172 4.009633 0.151486 1.401843 0.000000 0.000000 0.000000 1.000000 0.000000 0.000000
26.000000 246.501905 3.815531 0.173411 1.377749 0.000000 0.000000 0.000000 1.000000 0.000000 0.000000
26.000000 246.503891 3.942716 0.125412 1.404726 0.000000 0.000000 0.000000 1.000000 0.000000 0.000000
26.000000 246.504918 3.944677 0.117818 1.396157 0.000000 0.000000 0.000000 1.000000 0.000000 0.000000
26.000000 246.505646 3.890403 0.117819 1.414841 0.000000 0.000000 0.000000 1.000000 0.000000 0.000000
26.000000 246.505797 3.931369 0.149299 1.407830 0.000000 0.000000 0.000000 1.000000 0.000000 0.000000
26.000000 246.509155 4.044337 0.175667 1.405991 0.000000 0.000000 0.000000 1.000000 0.000000 0.000000
26.000000 246.511775 3.600836 0.226111 1.354970 0.000000 0.000000 0.000000 1.000000 0.000000 0.000000
26.000000 246.513872 3.897700 0.124863 1.402208 0.000000 0.000000 0.000000 1.000000 0.000000 0.000000
26.000000 246.514694 3.908710 0.117116 1.388804 0.000000 0.000000 0.000000 1.000000 0.000000 0.000000
26.000000 246.515641 3.847858 0.116875 1.408709 0.000000 0.000000 0.000000 1.000000 0.000000 0.000000
26.000000 246.515713 3.889079 0.151992 1.401072 0.000000 0.000000 0.000000 1.000000 0.000000 0.000000
26.000000 246.519186 3.926863 0.160721 1.394596 0.000000 0.000000 0.000000 1.000000 0.000000 0.000000
26.000000 246.521855 3.684695 0.187999 1.366960 0.000000 0.000000 0.000000 1.000000 0.000000 0.000000
26.000000 246.523947 3.853769 0.129102 1.397986 0.000000 0.000000 0.000000 1.000000 0.000000 0.000000
26.000000 246.524730 3.860935 0.121982 1.387269 0.000000 0.000000 0.000000 1.000000 0.000000 0.000000
26.000000 246.525588 3.807347 0.121569 1.397239 0.000000 0.000000 0.000000 1.000000 0.000000 0.000000
26.000000 246.525769 3.848316 0.162562 1.385189 0.000000 0.000000 0.000000 1.000000 0.000000 0.000000
26.000000 246.529095 3.867577 0.169742 1.384556 0.000000 0.000000 0.000000 1.000000 0.000000 0.000000
26.000000 246.531777 3.605276 0.199496 1.354234 0.000000 0.000000 0.000000 1.000000 0.000000 0.000000
26.000000 246.533858 3.787250 0.134653 1.384062 0.000000 0.000000 0.000000 1.000000 0.000000 0.000000
26.000000 246.534690 3.800350 0.122206 1.380219 0.000000 0.000000 0.000000 1.000000 0.000000 0.000000
26.000000 246.535665 3.758401 0.121816 1.400256 0.000000 0.000000 0.000000 1.000000 0.000000 0.000000
26.000000 246.535682 3.820554 0.181138 1.386383 0.000000 0.000000 0.000000 1.000000 0.000000 0.000000
26.000000 246.539215 3.838200 0.187677 1.387886 0.000000 0.000000 0.000000 1.000000 0.000000 0.000000
26.000000 246.541787 3.500488 0.226221 1.339229 0.000000 0.000000 0.000000 1.000000 0.000000 0.000000
26.000000 246.544050 3.790019 0.121468 1.372718 0.000000 0.000000 0.000000 1.000000 0.000000 0.000000
26.000000 246.544714 3.772532 0.126410 1.372655 0.000000 0.000000 0.000000 1.000000 0.000000 0.000000
26.000000 246.545616 3.715031 0.126192 1.390071 0.000000 0.000000 0.000000 1.000000 0.000000 0.000000
26.000000 246.545745 3.749015 0.155216 1.384380 0.000000 0.000000 0.000000 1.000000 0.000000 0.000000
26.000000 246.549192 3.820237 0.172703 1.383123 0.000000 0.000000 0.000000 1.000000 0.000000 0.000000
26.000000 246.551819 3.504826 0.208556 1.340699 0.000000 0.000000 0.000000 1.000000 0.000000 0.000000
26.000000 246.554062 3.728745 0.132365 1.370778 0.000000 0.000000 0.000000 1.000000 0.000000 0.000000
26.000000 246.554639 3.739399 0.123786 1.359236 0.000000 0.000000 0.000000 1.000000 0.000000 0.000000
26.000000 246.555691 3.668118 0.123249 1.383118 0.000000 0.000000 0.000000 1.000000 0.000000 0.000000
26.000000 246.555729 3.716592 0.167978 1.372545 0.000000 0.000000 0.000000 1.000000 0.000000 0.000000
26.000000 246.559178 3.718636 0.168550 1.359874 0.000000 0.000000 0.000000 1.000000 0.000000 0.000000
26.000000 246.561825 3.530574 0.189742 1.330456 0.000000 0.000000 0.000000 1.000000 0.000000 0.000000
26.000000 246.564152 3.696644 0.129836 1.359013 0.000000 0.000000 0.000000 1.000000 0.000000 0.000000
26.000000 246.564690 3.691142 0.128837 1.353435 0.000000 0.000000 0.000000 1.000000 0.000000 0.000000
26.000000 246.565627 3.642311 0.128729 1.368789 0.000000 0.000000 0.000000 1.000000 0.000000 0.000000
26.000000 246.565827 3.705831 0.194699 1.360185 0.000000 0.000000 0.000000 1.000000 0.000000 0.000000
26.000000 246.569136 3.644649 0.184651 1.352391 0.000000 0.000000 0.000000 1.000000 0.000000 0.000000
26.000000 246.571813 3.434567 0.208538 1.319805 0.000000 0.000000 0.000000 1.000000 0.000000 0.000000
26.000000 246.574064 3.653923 0.130871 1.348778 0.000000 0.000000 0.000000 1.000000 0.000000 0.000000
26.000000 246.574693 3.644354 0.133241 1.345125 0.000000 0.000000 0.000000 1.000000 0.000000 0.000000
26.000000 246.575743 3.607933 0.133100 1.350863 0.000000 0.000000 0.000000 1.000000 0.000000 0.000000
26.000000 246.575764 3.640037 0.173383 1.350158 0.000000 0.000000 0.000000 1.000000 0.000000 0.000000
26.000000 246.579249 3.642355 0.181616 1.348340 0.000000 0.000000 0.000000 1.000000 0.000000 0.000000
26.000000 246.581994 3.385199 0.210750 1.307680 0.000000 0.000000 0.000000 1.000000 0.000000 0.000000
26.000000 246.583959 3.598824 0.136649 1.337047 0.000000 0.000000 0.000000 1.000000 0.000000 0.000000
26.000000 246.584767 3.599891 0.133223 1.331017 0.000000 0.000000 0.000000 1.000000 0.000000 0.000000
26.000000 246.585742 3.561731 0.132915 1.338961 0.000000 0.000000 0.000000 1.000000 0.000000 0.000000
26.000000 246.586040 3.607388 0.181199 1.326859 0.000000 0.000000 0.000000 1.000000 0.000000 0.000000
26.000000 246.589206 3.605332 0.184314 1.327822 0.000000 0.000000 0.000000 1.000000 0.000000 0.000000
26.000000 246.591887 3.349118 0.213288 1.296538 0.000000 0.000000 0.000000 1.000000 0.000000 0.000000
26.000000 246.593938 3.560796 0.139625 1.326063 0.000000 0.000000 0.000000 1.000000 0.000000 0.000000
26.000000 246.594703 3.568197 0.130794 1.316501 0.000000 0.000000 0.000000 1.000000 0.000000 0.000000
26.000000 246.595747 3.467294 0.149042 1.333920 0.000000 0.000000 0.000000 1.000000 0.000000 0.000000
26.000000 246.595752 3.579468 0.186667 1.323092 0.000000 0.000000 0.000000 1.000000 0.000000 0.000000
26.000000 246.599237 3.591928 0.188935 1.314316 0.000000 0.000000 0.000000 1.000000 0.000000 0.000000
26.000000 246.602097 3.248167 0.232554 1.282179 0.000000 0.000000 0.000000 1.000000 0.000000 0.000000
26.000000 246.603954 3.522469 0.138426 1.314607 0.000000 0.000000 0.000000 1.000000 0.000000 0.000000
26.000000 246.604714 3.518865 0.138299 1.306327 0.000000 0.000000 0.000000 1.000000 0.000000 0.000000
26.000000 246.605840 3.423602 0.159616 1.318252 0.000000 0.000000 0.000000 1.000000 0.000000 0.000000
26.000000 246.609225 3.468923 0.194520 1.302856 0.000000 0.000000 0.000000 1.000000 0.000000 0.000000
26.000000 246.611760 3.250524 0.219258 1.264495 0.000000 0.000000 0.000000 1.000000 0.000000 0.000000
26.000000 246.613876 3.481706 0.137651 1.293806 0.000000 0.000000 0.000000 1.000000 0.000000 0.000000
26.000000 246.614678 3.476525 0.136513 1.290213 0.000000 0.000000 0.000000 1.000000 0.000000 0.000000
26.000000 246.616018 3.383316 0.156254 1.305132 0.000000 0.000000 0.000000 1.000000 0.000000 0.000000
26.000000 246.619241 3.479888 0.202713 1.297660 0.000000 0.000000 0.000000 1.000000 0.000000 0.000000
26.000000 246.621800 3.154997 0.239576 1.247458 0.000000 0.000000 0.000000 1.000000 0.000000 0.000000
26.000000 246.624100 3.437645 0.142061 1.282146 0.000000 0.000000 0.000000 1.000000 0.000000 0.000000
26.000000 246.624758 3.439882 0.136956 1.275037 0.000000 0.000000 0.000000 1.000000 0.000000 0.000000
26.000000 246.625824 3.359431 0.160035 1.284471 0.000000 0.000000 0.000000 1.000000 0.000000 0.000000
26.000000 246.629209 3.459509 0.210721 1.279475 0.000000 0.000000 0.000000 1.000000 0.000000 0.000000
26.000000 246.631924 3.058732 0.256242 1.222883 0.000000 0.000000 0.000000 1.000000 0.000000 0.000000
26.000000 246.633894 3.384530 0.145197 1.261899 0.000000 0.000000 0.000000 1.000000 0.000000 0.000000
26.000000 246.634745 3.387263 0.141229 1.256752 0.000000 0.000000 0.000000 1.000000 0.000000 0.000000
26.000000 246.635714 3.306583 0.165185 1.268925 0.000000 0.000000 0.000000 1.000000 0.000000 0.000000
26.000000 246.639256 3.387908 0.212016 1.258701 0.000000 0.000000 0.000000 1.000000 0.000000 0.000000
26.000000 246.641919 3.036913 0.251792 1.208672 0.000000 0.000000 0.000000 1.000000 0.000000 0.000000
26.000000 246.644157 3.349252 0.145227 1.249618 0.000000 0.000000 0.000000 1.000000 0.000000 0.000000
26.000000 246.644862 3.350122 0.141677 1.240860 0.000000 0.000000 0.000000 1.000000 0.000000 0.000000
26.000000 246.646053 3.233886 0.165711 1.261880 0.000000 0.000000 0.000000 1.000000 0.000000 0.000000
26.000000 246.649223 3.340426 0.219173 1.249487 0.000000 0.000000 0.000000 1.000000 0.000000 0.000000
26.000000 246.651953 2.990895 0.258751 1.188748 0.000000 0.000000 0.000000 1.000000 0.000000 0.000000
26.000000 246.654100 3.312590 0.147224 1.227442 0.000000 0.000000 0.000000 1.000000 0.000000 0.000000
26.000000 246.654711 3.313026 0.141800 1.220655 0.000000 0.000000 0.000000 1.000000 0.000000 0.000000
26.000000 246.655999 3.208725 0.166228 1.238266 0.000000 0.000000 0.000000 1.000000 0.000000 0.000000
26.000000 246.659270 3.290266 0.213529 1.222655 0.000000 0.000000 0.000000 1.000000 0.000000 0.000000
26.000000 246.662028 2.956453 0.251117 1.171214 0.000000 0.000000 0.000000 1.000000 0.000000 0.000000
26.000000 246.663900 3.265458 0.147880 1.212898 0.000000 0.000000 0.000000 1.000000 0.000000 0.000000
26.000000 246.664857 3.273554 0.141179 1.201264 0.000000 0.000000 0.000000 1.000000 0.000000 0.000000
26.000000 246.665893 3.193458 0.163763 1.211979 0.000000 0.000000 0.000000 1.000000 0.000000 0.000000
26.000000 246.669273 3.279244 0.210140 1.206603 0.000000 0.000000 0.000000 1.000000 0.000000 0.000000
26.000000 246.671817 2.933132 0.249181 1.156792 0.000000 0.000000 0.000000 1.000000 0.000000 0.000000
26.000000 246.674034 3.219747 0.151149 1.192479 0.000000 0.000000 0.000000 1.000000 0.000000 0.000000
26.000000 246.674756 3.215881 0.150769 1.187186 0.000000 0.000000 0.000000 1.000000 0.000000 0.000000
26.000000 246.675818 3.188948 0.170174 1.179975 0.000000 0.000000 0.000000 1.000000 0.000000 0.000000
26.000000 246.679313 3.213179 0.196734 1.171955 0.000000 0.000000 0.000000 1.000000 0.000000 0.000000
26.000000 246.682082 2.968843 0.224081 1.139309 0.000000 0.000000 0.000000 1.000000 0.000000 0.000000
26.000000 246.683972 3.176135 0.153656 1.166078 0.000000 0.000000 0.000000 1.000000 0.000000 0.000000
26.000000 246.684833 3.178949 0.149720 1.161470 0.000000 0.000000 0.000000 1.000000 0.000000 0.000000
26.000000 246.685816 3.131909 0.170673 1.165108 0.000000 0.000000 0.000000 1.000000 0.000000 0.000000
26.000000 246.689187 3.169283 0.202591 1.152654 0.000000 0.000000 0.000000 1.000000 0.000000 0.000000
26.000000 246.691828 2.924932 0.230008 1.113236 0.000000 0.000000 0.000000 1.000000 0.000000 0.000000
26.000000 246.694006 3.144224 0.153350 1.142468 0.000000 0.000000 0.000000 1.000000 0.000000 0.000000
26.000000 246.694733 3.142138 0.150223 1.139597 0.000000 0.000000 0.000000 1.000000 0.000000 0.000000
26.000000 246.695999 3.057671 0.169427 1.156803 0.000000 0.000000 0.000000 1.000000 0.000000 0.000000
26.000000 246.699247 3.145352 0.212309 1.141154 0.000000 0.000000 0.000000 1.000000 0.000000 0.000000
26.000000 246.701745 2.840858 0.246338 1.084238 0.000000 0.000000 0.000000 1.000000 0.000000 0.000000
26.000000 246.703998 3.104630 0.153872 1.120703 0.000000 0.000000 0.000000 1.000000 0.000000 0.000000
26.000000 246.704837 3.099295 0.151720 1.117679 0.000000 0.000000 0.000000 1.000000 0.000000 0.000000
26.000000 246.705963 3.031516 0.173718 1.125672 0.000000 0.000000 0.000000 1.000000 0.000000 0.000000
26.000000 246.709291 3.071385 0.207172 1.105682 0.000000 0.000000 0.000000 1.000000 0.000000 0.000000
26.000000 246.711781 2.850782 0.231734 1.064446 0.000000 0.000000 0.000000 1.000000 0.000000 0.000000
26.000000 246.713870 3.053495 0.159725 1.096015 0.000000 0.000000 0.000000 1.000000 0.000000 0.000000
26.000000 246.714770 3.046689 0.158695 1.093650 0.000000 0.000000 0.000000 1.000000 0.000000 0.000000
26.000000 246.716302 2.995384 0.182636 1.094897 0.000000 0.000000 0.000000 1.000000 0.000000 0.000000
26.000000 246.719270 3.041728 0.219810 1.084093 0.000000 0.000000 0.000000 1.000000 0.000000 0.000000
26.000000 246.721869 2.736660 0.254003 1.034096 0.000000 0.000000 0.000000 1.000000 0.000000 0.000000
26.000000 246.723966 3.014925 0.159966 1.066340 0.000000 0.000000 0.000000 1.000000 0.000000 0.000000
26.000000 246.724967 3.018745 0.154820 1.061326 0.000000 0.000000 0.000000 1.000000 0.000000 0.000000
26.000000 246.725986 2.975177 0.177424 1.064122 0.000000 0.000000 0.000000 1.000000 0.000000 0.000000
26.000000 246.729253 3.007778 0.209727 1.051201 0.000000 0.000000 0.000000 1.000000 0.000000 0.000000
26.000000 246.731865 2.748734 0.238673 1.008959 0.000000 0.000000 0.000000 1.000000 0.000000 0.000000
26.000000 246.733854 2.970868 0.159709 1.040275 0.000000 0.000000 0.000000 1.000000 0.000000 0.000000
26.000000 246.734911 2.965374 0.156777 1.038037 0.000000 0.000000 0.000000 1.000000 0.000000 0.000000
26.000000 246.735774 2.924485 0.186979 1.033569 0.000000 0.000000 0.000000 1.000000 0.000000 0.000000
26.000000 246.739267 2.927643 0.219638 1.016604 0.000000 0.000000 0.000000 1.000000 0.000000 0.000000
26.000000 246.741810 2.671306 0.248209 0.982045 0.000000 0.000000 0.000000 1.000000 0.000000 0.000000
26.000000 246.743897 2.937352 0.159377 1.020427 0.000000 0.000000 0.000000 1.000000 0.000000 0.000000
26.000000 246.744835 2.937613 0.157139 1.011091 0.000000 0.000000 0.000000 1.000000 0.000000 0.000000
26.000000 246.746016 2.871950 0.182143 1.017332 0.000000 0.000000 0.000000 1.000000 0.000000 0.000000
26.000000 246.749249 2.862317 0.206167 0.990688 0.000000 0.000000 0.000000 1.000000 0.000000 0.000000
26.000000 246.751856 2.726609 0.221133 0.959380 0.000000 0.000000 0.000000 1.000000 0.000000 0.000000
26.000000 246.753906 2.893932 0.161327 0.986416 0.000000 0.000000 0.000000 1.000000 0.000000 0.000000
26.000000 246.754793 2.885712 0.161807 0.986349 0.000000 0.000000 0.000000 1.000000 0.000000 0.000000
26.000000 246.755745 2.829108 0.186077 0.992612 0.000000 0.000000 0.000000 1.000000 0.000000 0.000000
26.000000 246.759243 2.894686 0.228176 0.978034 0.000000 0.000000 0.000000 1.000000 0.000000 0.000000
26.000000 246.761861 2.542626 0.267399 0.912358 0.000000 0.000000 0.000000 1.000000 0.000000 0.000000
26.000000 246.763974 2.863194 0.157430 0.951651 0.000000 0.000000 0.000000 1.000000 0.000000 0.000000
26.000000 246.764818 2.848998 0.163967 0.955641 0.000000 0.000000 0.000000 1.000000 0.000000 0.000000
26.000000 246.766053 2.812744 0.194030 0.953331 0.000000 0.000000 0.000000 1.000000 0.000000 0.000000
26.000000 246.769255 2.775586 0.216576 0.932007 0.000000 0.000000 0.000000 1.000000 0.000000 0.000000
26.000000 246.771863 2.575570 0.238771 0.897088 0.000000 0.000000 0.000000 1.000000 0.000000 0.000000
26.000000 246.773896 2.823294 0.158533 0.924940 0.000000 0.000000 0.000000 1.000000 0.000000 0.000000
26.000000 246.774789 2.816659 0.165430 0.922775 0.000000 0.000000 0.000000 1.000000 0.000000 0.000000
26.000000 246.775865 2.779279 0.196480 0.921380 0.000000 0.000000 0.000000 1.000000 0.000000 0.000000
26.000000 246.779318 2.749544 0.221904 0.899234 0.000000 0.000000 0.000000 1.000000 0.000000 0.000000
26.000000 246.781834 2.510298 0.248486 0.858918 0.000000 0.000000 0.000000 1.000000 0.000000 0.000000
26.000000 246.784053 2.777013 0.163238 0.890273 0.000000 0.000000 0.000000 1.000000 0.000000 0.000000
26.000000 246.784824 2.773545 0.169577 0.889054 0.000000 0.000000 0.000000 1.000000 0.000000 0.000000
26.000000 246.785992 2.705088 0.183513 0.910778 0.000000 0.000000 0.000000 1.000000 0.000000 0.000000
26.000000 246.789302 2.786919 0.218668 0.893266 0.000000 0.000000 0.000000 1.000000 0.000000 0.000000
26.000000 246.791857 2.454757 0.255045 0.823336 0.000000 0.000000 0.000000 1.000000 0.000000 0.000000
26.000000 246.793950 2.753420 0.161481 0.857253 0.000000 0.000000 0.000000 1.000000 0.000000 0.000000
26.000000 246.794824 2.750580 0.169597 0.853138 0.000000 0.000000 0.000000 1.000000 0.000000 0.000000
26.000000 246.795850 2.703231 0.190349 0.862275 0.000000 0.000000 0.000000 1.000000 0.000000 0.000000
26.000000 246.799390 2.713027 0.215148 0.848036 0.000000 0.000000 0.000000 1.000000 0.000000 0.000000
26.000000 246.801803 2.493732 0.239385 0.805833 0.000000 0.000000 0.000000 1.000000 0.000000 0.000000
26.000000 246.804877 2.687591 0.172669 0.825877 0.000000 0.000000 0.000000 1.000000 0.000000 0.000000
26.000000 246.805922 2.647250 0.192133 0.832468 0.000000 0.000000 0.000000 1.000000 0.000000 0.000000
26.000000 246.809449 2.728731 0.235476 0.820721 0.000000 0.000000 0.000000 1.000000 0.000000 0.000000
26.000000 246.811923 2.321002 0.280750 0.750068 0.000000 0.000000 0.000000 1.000000 0.000000 0.000000
26.000000 246.814836 2.639079 0.174994 0.792760 0.000000 0.000000 0.000000 1.000000 0.000000 0.000000
26.000000 246.816037 2.611031 0.199653 0.794250 0.000000 0.000000 0.000000 1.000000 0.000000 0.000000
26.000000 246.819424 2.623595 0.229503 0.776009 0.000000 0.000000 0.000000 1.000000 0.000000 0.000000
26.000000 246.821884 2.345960 0.260213 0.723563 0.000000 0.000000 0.000000 1.000000 0.000000 0.000000
26.000000 246.829262 2.338705 0.263142 0.709194 0.000000 0.000000 0.000000 1.000000 0.000000 0.000000
26.000000 246.831918 2.256637 0.272408 0.677630 0.000000 0.000000 0.000000 1.000000 0.000000 0.000000
26.000000 246.835821 2.407899 0.222332 0.696622 0.000000 0.000000 0.000000 1.000000 0.000000 0.000000
26.000000 246.839329 2.404709 0.221118 0.688328 0.000000 0.000000 0.000000 1.000000 0.000000 0.000000
26.000000 246.841857 2.353360 0.226628 0.661572 0.000000 0.000000 0.000000 1.000000 0.000000 0.000000
26.000000 246.845962 2.397030 0.212221 0.666427 0.000000 0.000000 0.000000 1.000000 0.000000 0.000000
26.000000 246.849348 2.471730 0.230195 0.667859 0.000000 0.000000 0.000000 1.000000 0.000000 0.000000
26.000000 246.851933 2.246050 0.254854 0.616284 0.000000 0.000000 0.000000 1.000000 0.000000 0.000000
26.000000 246.855852 2.342351 0.223180 0.621350 0.000000 0.000000 0.000000 1.000000 0.000000 0.000000
26.000000 246.859373 2.344504 0.223229 0.608179 0.000000 0.000000 0.000000 1.000000 0.000000 0.000000
26.000000 246.861953 2.273625 0.230927 0.580743 0.000000 0.000000 0.000000 1.000000 0.000000 0.000000
26.000000 246.865943 2.309592 0.219109 0.582576 0.000000 0.000000 0.000000 1.000000 0.000000 0.000000
26.000000 246.869294 2.419920 0.245959 0.594070 0.000000 0.000000 0.000000 1.000000 0.000000 0.000000
26.000000 246.871925 2.073761 0.283755 0.527183 0.000000 0.000000 0.000000 1.000000 0.000000 0.000000
26.000000 246.875818 2.250771 0.226005 0.530298 0.000000 0.000000 0.000000 1.000000 0.000000 0.000000
26.000000 246.879447 2.348007 0.249658 0.536120 0.000000 0.000000 0.000000 1.000000 0.000000 0.000000
26.000000 246.881949 2.039485 0.283220 0.484367 0.000000 0.000000 0.000000 1.000000 0.000000 0.000000
26.000000 246.885941 2.166059 0.242149 0.482652 0.000000 0.000000 0.000000 1.000000 0.000000 0.000000
26.000000 246.889323 2.200404 0.250332 0.472544 0.000000 0.000000 0.000000 1.000000 0.000000 0.000000
26.000000 246.891934 2.051012 0.266732 0.441672 0.000000 0.000000 0.000000 1.000000 0.000000 0.000000
26.000000 246.895915 2.177232 0.225535 0.456703 0.000000 0.000000 0.000000 1.000000 0.000000 0.000000
26.000000 246.899361 2.289159 0.252248 0.461910 0.000000 0.000000 0.000000 1.000000 0.000000 0.000000
26.000000 246.901990 1.936238 0.290950 0.391722 0.000000 0.000000 0.000000 1.000000 0.000000 0.000000
26.000000 246.905904 2.149910 0.221428 0.414698 0.000000 0.000000 0.000000 1.000000 0.000000 0.000000
26.000000 246.909337 2.189199 0.230603 0.408234 0.000000 0.000000 0.000000 1.000000 0.000000 0.000000
26.000000 246.911979 2.059403 0.244566 0.370742 0.000000 0.000000 0.000000 1.000000 0.000000 0.000000
26.000000 246.915854 2.110086 0.227892 0.371630 0.000000 0.000000 0.000000 1.000000 0.000000 0.000000
26.000000 246.919405 2.207178 0.251209 0.380253 0.000000 0.000000 0.000000 1.000000 0.000000 0.000000
26.000000 246.921906 1.914695 0.282755 0.315569 0.000000 0.000000 0.000000 1.000000 0.000000 0.000000
26.000000 246.925996 2.057493 0.235704 0.332090 0.000000 0.000000 0.000000 1.000000 0.000000 0.000000
26.000000 246.931937 2.034976 0.229442 0.315548 0.000000 0.000000 0.000000 1.000000 0.000000 0.000000
26.000000 246.935827 2.040458 0.227704 0.294569 0.000000 0.000000 0.000000 1.000000 0.000000 0.000000
26.000000 246.939387 2.142628 0.251856 0.297123 0.000000 0.000000 0.000000 1.000000 0.000000 0.000000
26.000000 246.941958 1.812346 0.287262 0.220431 0.000000 0.000000 0.000000 1.000000 0.000000 0.000000
26.000000 246.945937 1.977570 0.233074 0.234913 0.000000 0.000000 0.000000 1.000000 0.000000 0.000000
26.000000 246.949321 2.016374 0.242276 0.236797 0.000000 0.000000 0.000000 1.000000 0.000000 0.000000
26.000000 246.952025 1.926918 0.251594 0.203701 0.000000 0.000000 0.000000 1.000000 0.000000 0.000000
26.000000 246.955893 1.943962 0.245876 0.191098 0.000000 0.000000 0.000000 1.000000 0.000000 0.000000
26.000000 246.959333 2.000907 0.258890 0.183492 0.000000 0.000000 0.000000 1.000000 0.000000 0.000000
26.000000 246.962026 1.793119 0.281426 0.132738 0.000000 0.000000 0.000000 1.000000 0.000000 0.000000
26.000000 246.965948 1.907961 0.244369 0.142766 0.000000 0.000000 0.000000 1.000000 0.000000 0.000000
26.000000 246.969376 1.955635 0.255575 0.141483 0.000000 0.000000 0.000000 1.000000 0.000000 0.000000
26.000000 246.971967 1.764935 0.275997 0.094530 0.000000 0.000000 0.000000 1.000000 0.000000 0.000000
26.000000 246.975906 1.862142 0.244162 0.105133 0.000000 0.000000 0.000000 1.000000 0.000000 0.000000
26.000000 246.979378 1.891614 0.250480 0.099515 0.000000 0.000000 0.000000 1.000000 0.000000 0.000000
26.000000 246.982002 1.744460 0.265759 0.048112 0.000000 0.000000 0.000000 1.000000 0.000000 0.000000
26.000000 246.985911 1.826711 0.239219 0.044347 0.000000 0.000000 0.000000 1.000000 0.000000 0.000000
26.000000 246.989520 1.932509 0.264090 0.046319 0.000000 0.000000 0.000000 1.000000 0.000000 0.000000
26.000000 246.991999 1.620381 0.298012 -0.019739 0.000000 0.000000 0.000000 1.000000 0.000000 0.000000
26.000000 246.995898 1.774426 0.248345 -0.001846 0.000000 0.000000 0.000000 1.000000 0.000000 0.000000
26.000000 246.999621 1.864748 0.269725 0.023829 0.000000 0.000000 0.000000 1.000000 0.000000 0.000000
26.000000 247.001943 1.581843 0.299802 -0.009548 0.000000 0.000000 0.000000 1.000000 0.000000 0.000000
26.000000 247.006182 1.737944 0.249405 0.030932 0.000000 0.000000 0.000000 1.000000 0.000000 0.000000
26.000000 247.009570 1.821726 0.270113 0.065239 0.000000 0.000000 0.000000 1.000000 0.000000 0.000000
26.000000 247.011981 1.573269 0.296818 0.034229 0.000000 0.000000 0.000000 1.000000 0.000000 0.000000
26.000000 247.015881 1.713874 0.251303 0.069999 0.000000 0.000000 0.000000 1.000000 0.000000 0.000000
26.000000 247.019384 1.757105 0.261956 0.095657 0.000000 0.000000 0.000000 1.000000 0.000000 0.000000
26.000000 247.021921 1.592629 0.279318 0.077322 0.000000 0.000000 0.000000 1.000000 0.000000 0.000000
26.000000 247.025973 1.657354 0.258566 0.106939 0.000000 0.000000 0.000000 1.000000 0.000000 0.000000
26.000000 247.029422 1.635691 0.254532 0.122871 0.000000 0.000000 0.000000 1.000000 0.000000 0.000000
26.000000 247.032095 1.667424 0.251073 0.130157 0.000000 0.000000 0.000000 1.000000 0.000000 0.000000
26.000000 247.035923 1.655140 0.254986 0.153111 0.000000 0.000000 0.000000 1.000000 0.000000 0.000000
26.000000 247.039449 1.694871 0.265426 0.174433 0.000000 0.000000 0.000000 1.000000 0.000000 0.000000
26.000000 247.042082 1.483995 0.288193 0.138836 0.000000 0.000000 0.000000 1.000000 0.000000 0.000000
26.000000 247.046169 1.583370 0.256142 0.172175 0.000000 0.000000 0.000000 1.000000 0.000000 0.000000
26.000000 247.049529 1.586001 0.257445 0.188932 0.000000 0.000000 0.000000 1.000000 0.000000 0.000000
26.000000 247.052047 1.516660 0.264826 0.177313 0.000000 0.000000 0.000000 1.000000 0.000000 0.000000
26.000000 247.059544 1.464229 0.282542 0.182712 0.000000 0.000000 0.000000 1.000000 0.000000 0.000000
26.000000 247.062065 1.436804 0.286429 0.199570 0.000000 0.000000 0.000000 1.000000 0.000000 0.000000
26.000000 247.066060 1.538823 0.253549 0.232955 0.000000 0.000000 0.000000 1.000000 0.000000 0.000000
26.000000 247.069544 1.537837 0.253875 0.244751 0.000000 0.000000 0.000000 1.000000 0.000000 0.000000
26.000000 247.072056 1.471138 0.260831 0.239175 0.000000 0.000000 0.000000 1.000000 0.000000 0.000000
26.000000 247.075902 1.487333 0.255310 0.262248 0.000000 0.000000 0.000000 1.000000 0.000000 0.000000
26.000000 247.079538 1.498468 0.258578 0.278678 0.000000 0.000000 0.000000 1.000000 0.000000 0.000000
26.000000 247.085969 1.477897 0.260813 0.286758 0.000000 0.000000 0.000000 1.000000 0.000000 0.000000
26.000000 247.089557 1.541072 0.276144 0.308208 0.000000 0.000000 0.000000 1.000000 0.000000 0.000000
26.000000 247.092126 1.237775 0.308706 0.268454 0.000000 0.000000 0.000000 1.000000 0.000000 0.000000
26.000000 247.095998 1.362935 0.268918 0.310404 0.000000 0.000000 0.000000 1.000000 0.000000 0.000000
26.000000 247.099540 1.417464 0.282740 0.341381 0.000000 0.000000 0.000000 1.000000 0.000000 0.000000
26.000000 247.102065 1.200751 0.305892 0.308566 0.000000 0.000000 0.000000 1.000000 0.000000 0.000000
26.000000 247.106083 1.331292 0.264385 0.338478 0.000000 0.000000 0.000000 1.000000 0.000000 0.000000
26.000000 247.109422 1.393428 0.279581 0.363771 0.000000 0.000000 0.000000 1.000000 0.000000 0.000000
26.000000 247.112052 1.203665 0.299853 0.340451 0.000000 0.000000 0.000000 1.000000 0.000000 0.000000
26.000000 247.115926 1.293224 0.271260 0.367938 0.000000 0.000000 0.000000 1.000000 0.000000 0.000000
26.000000 247.119437 1.306154 0.274717 0.381874 0.000000 0.000000 0.000000 1.000000 0.000000 0.000000
26.000000 247.122105 1.206302 0.285379 0.367167 0.000000 0.000000 0.000000 1.000000 0.000000 0.000000
26.000000 247.126019 1.269112 0.265767 0.396998 0.000000 0.000000 0.000000 1.000000 0.000000 0.000000
26.000000 247.129404 1.311180 0.276315 0.413815 0.000000 0.000000 0.000000 1.000000 0.000000 0.000000
26.000000 247.132140 1.155267 0.292763 0.385730 0.000000 0.000000 0.000000 1.000000 0.000000 0.000000
26.000000 247.135942 1.253143 0.261791 0.424909 0.000000 0.000000 0.000000 1.000000 0.000000 0.000000
26.000000 247.139420 1.293946 0.271970 0.440862 0.000000 0.000000 0.000000 1.000000 0.000000 0.000000
26.000000 247.146015 1.283286 0.273647 0.448193 0.000000 0.000000 0.000000 1.000000 0.000000 0.000000
26.000000 247.149467 1.244593 0.265747 0.465906 0.000000 0.000000 0.000000 1.000000 0.000000 0.000000
26.000000 247.152298 1.137016 0.276858 0.449651 0.000000 0.000000 0.000000 1.000000 0.000000 0.000000
26.000000 247.159651 1.146278 0.275686 0.465770 0.000000 0.000000 0.000000 1.000000 0.000000 0.000000
26.000000 247.162089 1.097666 0.282603 0.473981 0.000000 0.000000 0.000000 1.000000 0.000000 0.000000
26.000000 247.166111 1.167102 0.260614 0.492570 0.000000 0.000000 0.000000 1.000000 0.000000 0.000000
26.000000 247.169549 1.177084 0.263516 0.513186 0.000000 0.000000 0.000000 1.000000 0.000000 0.000000
26.000000 247.172089 1.095860 0.271694 0.498078 0.000000 0.000000 0.000000 1.000000 0.000000 0.000000
26.000000 247.175964 1.066254 0.281503 0.512310 0.000000 0.000000 0.000000 1.000000 0.000000 0.000000
26.000000 247.179500 1.122920 0.295933 0.538691 0.000000 0.000000 0.000000 1.000000 0.000000 0.000000
26.000000 247.182110 0.893809 0.320386 0.494439 0.000000 0.000000 0.000000 1.000000 0.000000 0.000000
26.000000 247.186059 1.046859 0.272242 0.526868 0.000000 0.000000 0.000000 1.000000 0.000000 0.000000
26.000000 247.189479 1.136424 0.293539 0.561409 0.000000 0.000000 0.000000 1.000000 0.000000 0.000000
26.000000 247.192062 0.879385 0.320642 0.528112 0.000000 0.000000 0.000000 1.000000 0.000000 0.000000
26.000000 247.196006 1.048654 0.267278 0.557125 0.000000 0.000000 0.000000 1.000000 0.000000 0.000000
26.000000 247.199481 1.031732 0.263588 0.571239 0.000000 0.000000 0.000000 1.000000 0.000000 0.000000
26.000000 247.202000 1.028557 0.263228 0.566862 0.000000 0.000000 0.000000 1.000000 0.000000 0.000000
26.000000 247.206100 1.014147 0.267361 0.566628 0.000000 0.000000 0.000000 1.000000 0.000000 0.000000
26.000000 247.209644 1.088182 0.284877 0.589380 0.000000 0.000000 0.000000 1.000000 0.000000 0.000000
26.000000 247.212092 0.839732 0.311276 0.556515 0.000000 0.000000 0.000000 1.000000 0.000000 0.000000
26.000000 247.215983 0.970017 0.270396 0.587055 0.000000 0.000000 0.000000 1.000000 0.000000 0.000000
26.000000 247.219590 0.992756 0.276092 0.602631 0.000000 0.000000 0.000000 1.000000 0.000000 0.000000
26.000000 247.222110 0.907687 0.285075 0.587379 0.000000 0.000000 0.000000 1.000000 0.000000 0.000000
26.000000 247.226093 0.907561 0.285094 0.596358 0.000000 0.000000 0.000000 1.000000 0.000000 0.000000
26.000000 247.229444 0.887042 0.280749 0.604393 0.000000 0.000000 0.000000 1.000000 0.000000 0.000000
26.000000 247.232156 0.859831 0.283651 0.598949 0.000000 0.000000 0.000000 1.000000 0.000000 0.000000
26.000000 247.235985 0.891329 0.273999 0.620826 0.000000 0.000000 0.000000 1.000000 0.000000 0.000000
26.000000 247.239527 0.887171 0.273742 0.634824 0.000000 0.000000 0.000000 1.000000 0.000000 0.000000
26.000000 247.242037 0.904716 0.271499 0.622202 0.000000 0.000000 0.000000 1.000000 0.000000 0.000000
26.000000 247.246033 0.880758 0.278814 0.627542 0.000000 0.000000 0.000000 1.000000 0.000000 0.000000
26.000000 247.249416 0.886453 0.280915 0.644781 0.000000 0.000000 0.000000 1.000000 0.000000 0.000000
26.000000 247.252069 0.762307 0.294057 0.626294 0.000000 0.000000 0.000000 1.000000 0.000000 0.000000
26.000000 247.255986 0.821666 0.275453 0.644176 0.000000 0.000000 0.000000 1.000000 0.000000 0.000000
26.000000 247.259450 0.893208 0.292107 0.665098 0.000000 0.000000 0.000000 1.000000 0.000000 0.000000
26.000000 247.262022 0.670784 0.315506 0.632626 0.000000 0.000000 0.000000 1.000000 0.000000 0.000000
26.000000 247.266108 0.791983 0.277575 0.654841 0.000000 0.000000 0.000000 1.000000 0.000000 0.000000
26.000000 247.269498 0.825161 0.285504 0.671648 0.000000 0.000000 0.000000 1.000000 0.000000 0.000000
26.000000 247.272156 0.653349 0.303513 0.645113 0.000000 0.000000 0.000000 1.000000 0.000000 0.000000
26.000000 247.276025 0.706120 0.288201 0.680210 0.000000 0.000000 0.000000 1.000000 0.000000 0.000000
26.000000 247.279485 0.708843 0.289116 0.688612 0.000000 0.000000 0.000000 1.000000 0.000000 0.000000
26.000000 247.282053 0.688345 0.290191 0.659905 0.000000 0.000000 0.000000 1.000000 0.000000 0.000000
26.000000 247.286085 0.687073 0.290526 0.664492 0.000000 0.000000 0.000000 1.000000 0.000000 0.000000
26.000000 247.289538 0.681365 0.289307 0.667592 0.000000 0.000000 0.000000 1.000000 0.000000 0.000000
26.000000 247.292097 0.702482 0.287107 0.670475 0.000000 0.000000 0.000000 1.000000 0.000000 0.000000
26.000000 247.296047 0.692498 0.290320 0.686538 0.000000 0.000000 0.000000 1.000000 0.000000 0.000000
26.000000 247.299530 0.654123 0.282100 0.697041 0.000000 0.000000 0.000000 1.000000 0.000000 0.000000
26.000000 247.302042 0.622366 0.285231 0.684043 0.000000 0.000000 0.000000 1.000000 0.000000 0.000000
26.000000 247.306366 0.636999 0.280487 0.690707 0.000000 0.000000 0.000000 1.000000 0.000000 0.000000
26.000000 247.309498 0.671091 0.288610 0.707976 0.000000 0.000000 0.000000 1.000000 0.000000 0.000000
26.000000 247.312112 0.552250 0.300953 0.685559 0.000000 0.000000 0.000000 1.000000 0.000000 0.000000
26.000000 247.316063 0.596740 0.286977 0.695236 0.000000 0.000000 0.000000 1.000000 0.000000 0.000000
26.000000 247.319532 0.575692 0.282442 0.703492 0.000000 0.000000 0.000000 1.000000 0.000000 0.000000
26.000000 247.322171 0.554913 0.284430 0.693330 0.000000 0.000000 0.000000 1.000000 0.000000 0.000000
26.000000 247.326199 0.526647 0.293293 0.703375 0.000000 0.000000 0.000000 1.000000 0.000000 0.000000
26.000000 247.329495 0.508230 0.289645 0.712133 0.000000 0.000000 0.000000 1.000000 0.000000 0.000000
26.000000 247.332772 0.540033 0.286330 0.702287 0.000000 0.000000 0.000000 1.000000 0.000000 0.000000
26.000000 247.336042 0.479746 0.304963 0.692201 0.000000 0.000000 0.000000 1.000000 0.000000 0.000000
26.000000 247.339494 0.437442 0.295268 0.696309 0.000000 0.000000 0.000000 1.000000 0.000000 0.000000
26.000000 247.342139 0.537932 0.283761 0.703565 0.000000 0.000000 0.000000 1.000000 0.000000 0.000000
26.000000 247.346104 0.498048 0.295529 0.700152 0.000000 0.000000 0.000000 1.000000 0.000000 0.000000
26.000000 247.349497 0.502824 0.297031 0.718851 0.000000 0.000000 0.000000 1.000000 0.000000 0.000000
26.000000 247.352104 0.388736 0.308621 0.695641 0.000000 0.000000 0.000000 1.000000 0.000000 0.000000
26.000000 247.356010 0.438848 0.292922 0.708381 0.000000 0.000000 0.000000 1.000000 0.000000 0.000000
26.000000 247.359588 0.430292 0.291436 0.721820 0.000000 0.000000 0.000000 1.000000 0.000000 0.000000
26.000000 247.362336 0.420150 0.292374 0.709356 0.000000 0.000000 0.000000 1.000000 0.000000 0.000000
26.000000 247.366102 0.419719 0.292352 0.716230 0.000000 0.000000 0.000000 1.000000 0.000000 0.000000
26.000000 247.369454 0.399364 0.288029 0.721292 0.000000 0.000000 0.000000 1.000000 0.000000 0.000000
26.000000 247.372077 0.404065 0.287430 0.704719 0.000000 0.000000 0.000000 1.000000 0.000000 0.000000
26.000000 247.376066 0.394126 0.290305 0.709699 0.000000 0.000000 0.000000 1.000000 0.000000 0.000000
26.000000 247.379554 0.461918 0.305942 0.729916 0.000000 0.000000 0.000000 1.000000 0.000000 0.000000
26.000000 247.382053 0.256037 0.327549 0.694085 0.000000 0.000000 0.000000 1.000000 0.000000 0.000000
26.000000 247.386102 0.316675 0.308799 0.697206 0.000000 0.000000 0.000000 1.000000 0.000000 0.000000
26.000000 247.389482 0.290222 0.302683 0.705225 0.000000 0.000000 0.000000 1.000000 0.000000 0.000000
26.000000 247.392320 0.373141 0.292938 0.710468 0.000000 0.000000 0.000000 1.000000 0.000000 0.000000
26.000000 247.396346 0.332214 0.304899 0.705333 0.000000 0.000000 0.000000 1.000000 0.000000 0.000000
26.000000 247.399585 0.311604 0.300620 0.719094 0.000000 0.000000 0.000000 1.000000 0.000000 0.000000
26.000000 247.402314 0.246087 0.307205 0.699424 0.000000 0.000000 0.000000 1.000000 0.000000 0.000000
26.000000 247.406133 0.272650 0.298713 0.702762 0.000000 0.000000 0.000000 1.000000 0.000000 0.000000
26.000000 247.409648 0.259402 0.295915 0.715917 0.000000 0.000000 0.000000 1.000000 0.000000 0.000000
26.000000 247.412395 0.258046 0.295691 0.706711 0.000000 0.000000 0.000000 1.000000 0.000000 0.000000
26.000000 247.416037 0.241237 0.300473 0.701751 0.000000 0.000000 0.000000 1.000000 0.000000 0.000000
26.000000 247.419572 0.233307 0.298773 0.716250 0.000000 0.000000 0.000000 1.000000 0.000000 0.000000
26.000000 247.422132 0.203891 0.301267 0.703582 0.000000 0.000000 0.000000 1.000000 0.000000 0.000000
26.000000 247.426150 0.182898 0.307222 0.693964 0.000000 0.000000 0.000000 1.000000 0.000000 0.000000
26.000000 247.429569 0.237018 0.319351 0.715789 0.000000 0.000000 0.000000 1.000000 0.000000 0.000000
26.000000 247.432386 0.056830 0.337761 0.681825 0.000000 0.000000 0.000000 1.000000 0.000000 0.000000
26.000000 247.436102 0.158460 0.306274 0.692910 0.000000 0.000000 0.000000 1.000000 0.000000 0.000000
26.000000 247.439659 0.136770 0.301674 0.703303 0.000000 0.000000 0.000000 1.000000 0.000000 0.000000
26.000000 247.442096 0.193636 0.295328 0.688408 0.000000 0.000000 0.000000 1.000000 0.000000 0.000000
26.000000 247.446088 0.145495 0.309390 0.682004 0.000000 0.000000 0.000000 1.000000 0.000000 0.000000
26.000000 247.449641 0.151262 0.310989 0.698837 0.000000 0.000000 0.000000 1.000000 0.000000 0.000000
26.000000 247.452412 0.061215 0.320335 0.671524 0.000000 0.000000 0.000000 1.000000 0.000000 0.000000
26.000000 247.456037 0.096099 0.309417 0.673886 0.000000 0.000000 0.000000 1.000000 0.000000 0.000000
26.000000 247.459578 0.061630 0.301851 0.682772 0.000000 0.000000 0.000000 1.000000 0.000000 0.000000
26.000000 247.462185 0.071765 0.300577 0.671185 0.000000 0.000000 0.000000 1.000000 0.000000 0.000000
26.000000 247.466437 0.052476 0.306106 0.665787 0.000000 0.000000 0.000000 1.000000 0.000000 0.000000
26.000000 247.469570 0.058666 0.307621 0.678149 0.000000 0.000000 0.000000 1.000000 0.000000 0.000000
26.000000 247.472368 -0.008001 0.314533 0.652036 0.000000 0.000000 0.000000 1.000000 0.000000 0.000000
26.000000 247.476192 0.001149 0.311475 0.658727 0.000000 0.000000 0.000000 1.000000 0.000000 0.000000
26.000000 247.479567 -0.016566 0.307734 0.667403 0.000000 0.000000 0.000000 1.000000 0.000000 0.000000
26.000000 247.482287 -0.016965 0.307999 0.643831 0.000000 0.000000 0.000000 1.000000 0.000000 0.000000
26.000000 247.486129 -0.032977 0.312675 0.641656 0.000000 0.000000 0.000000 1.000000 0.000000 0.000000
26.000000 247.489725 -0.037103 0.311859 0.651005 0.000000 0.000000 0.000000 1.000000 0.000000 0.000000
26.000000 247.492111 0.006168 0.307401 0.635132 0.000000 0.000000 0.000000 1.000000 0.000000 0.000000
26.000000 247.496075 -0.032609 0.318857 0.625648 0.000000 0.000000 0.000000 1.000000 0.000000 0.000000
26.000000 247.499718 -0.018958 0.321983 0.646536 0.000000 0.000000 0.000000 1.000000 0.000000 0.000000
26.000000 247.502144 -0.192541 0.340117 0.613942 0.000000 0.000000 0.000000 1.000000 0.000000 0.000000
26.000000 247.506172 -0.107389 0.314250 0.621570 0.000000 0.000000 0.000000 1.000000 0.000000 0.000000
26.000000 247.509634 -0.121334 0.311247 0.624270 0.000000 0.000000 0.000000 1.000000 0.000000 0.000000
26.000000 247.512439 -0.117084 0.311142 0.603752 0.000000 0.000000 0.000000 1.000000 0.000000 0.000000
26.000000 247.516109 -0.130924 0.315195 0.602526 0.000000 0.000000 0.000000 1.000000 0.000000 0.000000
26.000000 247.519526 -0.137135 0.313894 0.611167 0.000000 0.000000 0.000000 1.000000 0.000000 0.000000
26.000000 247.522344 -0.184984 0.319050 0.591509 0.000000 0.000000 0.000000 1.000000 0.000000 0.000000
26.000000 247.526185 -0.174781 0.315975 0.587343 0.000000 0.000000 0.000000 1.000000 0.000000 0.000000
26.000000 247.529593 -0.213385 0.307483 0.585298 0.000000 0.000000 0.000000 1.000000 0.000000 0.000000
26.000000 247.532431 -0.172241 0.303513 0.576297 0.000000 0.000000 0.000000 1.000000 0.000000 0.000000
26.000000 247.536117 -0.263622 0.330936 0.569582 0.000000 0.000000 0.000000 1.000000 0.000000 0.000000
26.000000 247.539659 -0.326088 0.317208 0.573678 0.000000 0.000000 0.000000 1.000000 0.000000 0.000000
26.000000 247.542099 -0.131036 0.297832 0.570792 0.000000 0.000000 0.000000 1.000000 0.000000 0.000000
26.000000 247.546155 -0.201485 0.319130 0.554618 0.000000 0.000000 0.000000 1.000000 0.000000 0.000000
26.000000 247.549661 -0.258799 0.306534 0.561227 0.000000 0.000000 0.000000 1.000000 0.000000 0.000000
26.000000 247.552413 -0.236092 0.304808 0.545338 0.000000 0.000000 0.000000 1.000000 0.000000 0.000000
26.000000 247.556108 -0.275714 0.316984 0.533233 0.000000 0.000000 0.000000 1.000000 0.000000 0.000000
26.000000 247.559726 -0.286156 0.314693 0.544369 0.000000 0.000000 0.000000 1.000000 0.000000 0.000000
26.000000 247.562198 -0.298927 0.316437 0.528548 0.000000 0.000000 0.000000 1.000000 0.000000 0.000000
26.000000 247.566278 -0.309898 0.319935 0.521101 0.000000 0.000000 0.000000 1.000000 0.000000 0.000000
26.000000 247.569718 -0.364606 0.307951 0.521979 0.000000 0.000000 0.000000 1.000000 0.000000 0.000000
26.000000 247.572375 -0.273164 0.299291 0.515439 0.000000 0.000000 0.000000 1.000000 0.000000 0.000000
26.000000 247.576142 -0.347294 0.321788 0.503023 0.000000 0.000000 0.000000 1.000000 0.000000 0.000000
26.000000 247.579599 -0.327059 0.326182 0.515568 0.000000 0.000000 0.000000 1.000000 0.000000 0.000000
26.000000 247.582204 -0.431769 0.337631 0.482842 0.000000 0.000000 0.000000 1.000000 0.000000 0.000000
26.000000 247.586185 -0.402781 0.329213 0.479563 0.000000 0.000000 0.000000 1.000000 0.000000 0.000000
26.000000 247.589633 -0.348039 0.341202 0.496461 0.000000 0.000000 0.000000 1.000000 0.000000 0.000000
26.000000 247.592172 -0.491049 0.358352 0.453978 0.000000 0.000000 0.000000 1.000000 0.000000 0.000000
26.000000 247.596164 -0.402325 0.333459 0.449928 0.000000 0.000000 0.000000 1.000000 0.000000 0.000000
26.000000 247.600013 -0.418939 0.329820 0.461964 0.000000 0.000000 0.000000 1.000000 0.000000 0.000000
26.000000 247.602263 -0.524343 0.342136 0.429976 0.000000 0.000000 0.000000 1.000000 0.000000 0.000000
26.000000 247.606222 -0.460424 0.323968 0.429948 0.000000 0.000000 0.000000 1.000000 0.000000 0.000000
26.000000 247.609766 -0.452088 0.325751 0.439169 0.000000 0.000000 0.000000 1.000000 0.000000 0.000000
26.000000 247.612330 -0.518998 0.333489 0.411445 0.000000 0.000000 0.000000 1.000000 0.000000 0.000000
26.000000 247.616416 -0.476518 0.321213 0.410497 0.000000 0.000000 0.000000 1.000000 0.000000 0.000000
26.000000 247.619855 -0.454960 0.325927 0.418633 0.000000 0.000000 0.000000 1.000000 0.000000 0.000000
26.000000 247.622285 -0.577783 0.339628 0.383175 0.000000 0.000000 0.000000 1.000000 0.000000 0.000000
26.000000 247.626217 -0.574842 0.339347 0.378965 0.000000 0.000000 0.000000 1.000000 0.000000 0.000000
26.000000 247.629573 -0.610369 0.331574 0.383243 0.000000 0.000000 0.000000 1.000000 0.000000 0.000000
26.000000 247.632362 -0.568054 0.328799 0.366957 0.000000 0.000000 0.000000 1.000000 0.000000 0.000000
26.000000 247.636091 -0.604127 0.340883 0.345223 0.000000 0.000000 0.000000 1.000000 0.000000 0.000000
26.000000 247.639657 -0.629439 0.335614 0.353061 0.000000 0.000000 0.000000 1.000000 0.000000 0.000000
26.000000 247.642246 -0.588146 0.334234 0.340939 0.000000 0.000000 0.000000 1.000000 0.000000 0.000000
26.000000 247.646240 -0.574909 0.332477 0.328806 0.000000 0.000000 0.000000 1.000000 0.000000 0.000000
26.000000 247.649885 -0.576330 0.332063 0.341126 0.000000 0.000000 0.000000 1.000000 0.000000 0.000000
26.000000 247.652386 -0.711532 0.348233 0.299606 0.000000 0.000000 0.000000 1.000000 0.000000 0.000000
26.000000 247.656176 -0.638608 0.328054 0.301586 0.000000 0.000000 0.000000 1.000000 0.000000 0.000000
26.000000 247.659590 -0.617184 0.332571 0.313905 0.000000 0.000000 0.000000 1.000000 0.000000 0.000000
26.000000 247.662237 -0.693798 0.342479 0.277488 0.000000 0.000000 0.000000 1.000000 0.000000 0.000000
26.000000 247.666281 -0.660274 0.333937 0.270673 0.000000 0.000000 0.000000 1.000000 0.000000 0.000000
26.000000 247.669631 -0.645377 0.337132 0.281794 0.000000 0.000000 0.000000 1.000000 0.000000 0.000000
26.000000 247.672277 -0.721244 0.347468 0.247899 0.000000 0.000000 0.000000 1.000000 0.000000 0.000000
26.000000 247.676442 -0.723643 0.350217 0.234986 0.000000 0.000000 0.000000 1.000000 0.000000 0.000000
26.000000 247.679636 -0.735337 0.347660 0.239611 0.000000 0.000000 0.000000 1.000000 0.000000 0.000000
26.000000 247.686324 -0.725563 0.346682 0.219144 0.000000 0.000000 0.000000 1.000000 0.000000 0.000000
26.000000 247.689669 -0.811714 0.327705 0.200899 0.000000 0.000000 0.000000 1.000000 0.000000 0.000000
26.000000 247.696203 -0.826127 0.328961 0.193621 0.000000 0.000000 0.000000 1.000000 0.000000 0.000000
26.000000 247.699836 -0.784271 0.337211 0.183154 0.000000 0.000000 0.000000 1.000000 0.000000 0.000000
26.000000 247.706619 -0.815560 0.340340 0.164936 0.000000 0.000000 0.000000 1.000000 0.000000 0.000000
26.000000 247.709676 -0.820961 0.338654 0.149851 0.000000 0.000000 0.000000 1.000000 0.000000 0.000000
26.000000 247.736204 -0.895754 0.346273 0.052015 0.000000 0.000000 0.000000 1.000000 0.000000 0.000000
26.000000 247.752320 -0.958225 0.347799 -0.006100 0.000000 0.000000 0.000000 1.000000 0.000000 0.000000
26.000000 247.766253 -1.027791 0.347361 0.018692 0.000000 0.000000 0.000000 1.000000 0.000000 0.000000
26.000000 247.772422 -1.049969 0.342265 0.026129 0.000000 0.000000 0.000000 1.000000 0.000000 0.000000
26.000000 247.792521 -1.125667 0.357458 0.085937 0.000000 0.000000 0.000000 1.000000 0.000000 0.000000
26.000000 247.796479 -1.103686 0.350561 0.102882 0.000000 0.000000 0.000000 1.000000 0.000000 0.000000
26.000000 247.802313 -1.133762 0.344106 0.101971 0.000000 0.000000 0.000000 1.000000 0.000000 0.000000
26.000000 247.806369 -1.156471 0.349694 0.115208 0.000000 0.000000 0.000000 1.000000 0.000000 0.000000
26.000000 247.812423 -1.184832 0.343020 0.125111 0.000000 0.000000 0.000000 1.000000 0.000000 0.000000
26.000000 247.816249 -1.202006 0.347045 0.137052 0.000000 0.000000 0.000000 1.000000 0.000000 0.000000
26.000000 247.822286 -1.210003 0.344736 0.147514 0.000000 0.000000 0.000000 1.000000 0.000000 0.000000
26.000000 247.826332 -1.249538 0.356251 0.143835 0.000000 0.000000 0.000000 1.000000 0.000000 0.000000
26.000000 247.832420 -1.279669 0.349733 0.155311 0.000000 0.000000 0.000000 1.000000 0.000000 0.000000
26.000000 247.846332 -1.260766 0.352871 0.193334 0.000000 0.000000 0.000000 1.000000 0.000000 0.000000
26.000000 247.852462 -1.302609 0.343414 0.201468 0.000000 0.000000 0.000000 1.000000 0.000000 0.000000
26.000000 247.856263 -1.344986 0.354852 0.210426 0.000000 0.000000 0.000000 1.000000 0.000000 0.000000
26.000000 247.862348 -1.352996 0.352595 0.220427 0.000000 0.000000 0.000000 1.000000 0.000000 0.000000
26.000000 247.876244 -1.396421 0.354482 0.245256 0.000000 0.000000 0.000000 1.000000 0.000000 0.000000
26.000000 247.882543 -1.416818 0.349776 0.250355 0.000000 0.000000 0.000000 1.000000 0.000000 0.000000
26.000000 247.886306 -1.430228 0.353178 0.255892 0.000000 0.000000 0.000000 1.000000 0.000000 0.000000
26.000000 247.892412 -1.444103 0.349918 0.260505 0.000000 0.000000 0.000000 1.000000 0.000000 0.000000
26.000000 247.896480 -1.461707 0.354650 0.263939 0.000000 0.000000 0.000000 1.000000 0.000000 0.000000
26.000000 247.902408 -1.465866 0.353304 0.274969 0.000000 0.000000 0.000000 1.000000 0.000000 0.000000
26.000000 247.906291 -1.492532 0.360537 0.280909 0.000000 0.000000 0.000000 1.000000 0.000000 0.000000
26.000000 247.912427 -1.512377 0.356164 0.282793 0.000000 0.000000 0.000000 1.000000 0.000000 0.000000
26.000000 247.916239 -1.527404 0.360026 0.288286 0.000000 0.000000 0.000000 1.000000 0.000000 0.000000
26.000000 247.922382 -1.551263 0.354569 0.294804 0.000000 0.000000 0.000000 1.000000 0.000000 0.000000
26.000000 247.936289 -1.633299 0.369191 0.304148 0.000000 0.000000 0.000000 1.000000 0.000000 0.000000
26.000000 247.942305 -1.637680 0.368261 0.303889 0.000000 0.000000 0.000000 1.000000 0.000000 0.000000
26.000000 247.946325 -1.620196 0.362738 0.312032 0.000000 0.000000 0.000000 1.000000 0.000000 0.000000
26.000000 247.952495 -1.660040 0.353759 0.322208 0.000000 0.000000 0.000000 1.000000 0.000000 0.000000
26.000000 247.956997 -1.695089 0.363126 0.331490 0.000000 0.000000 0.000000 1.000000 0.000000 0.000000
26.000000 247.962286 -1.696845 0.362721 0.331888 0.000000 0.000000 0.000000 1.000000 0.000000 0.000000
26.000000 247.966383 -1.715885 0.367548 0.337397 0.000000 0.000000 0.000000 1.000000 0.000000 0.000000
26.000000 247.972448 -1.730798 0.363858 0.343455 0.000000 0.000000 0.000000 1.000000 0.000000 0.000000
26.000000 247.976599 -1.758761 0.372525 0.330686 0.000000 0.000000 0.000000 1.000000 0.000000 0.000000
26.000000 247.982409 -1.784199 0.367213 0.328402 0.000000 0.000000 0.000000 1.000000 0.000000 0.000000
26.000000 247.986341 -1.819861 0.376869 0.334680 0.000000 0.000000 0.000000 1.000000 0.000000 0.000000
26.000000 247.992528 -1.827408 0.375180 0.335847 0.000000 0.000000 0.000000 1.000000 0.000000 0.000000
26.000000 247.996736 -1.806670 0.368779 0.343764 0.000000 0.000000 0.000000 1.000000 0.000000 0.000000
26.000000 248.002353 -1.821145 0.365457 0.346943 0.000000 0.000000 0.000000 1.000000 0.000000 0.000000
26.000000 248.006453 -1.840654 0.370989 0.345893 0.000000 0.000000 0.000000 1.000000 0.000000 0.000000
26.000000 248.012473 -1.859356 0.366917 0.347121 0.000000 0.000000 0.000000 1.000000 0.000000 0.000000
26.000000 248.016322 -1.793572 0.348098 0.352777 0.000000 0.000000 0.000000 1.000000 0.000000 0.000000
26.000000 248.022368 -1.818889 0.342722 0.352609 0.000000 0.000000 0.000000 1.000000 0.000000 0.000000
26.000000 248.026378 -1.921119 0.371808 0.346265 0.000000 0.000000 0.000000 1.000000 0.000000 0.000000
26.000000 248.032560 -1.940652 0.367759 0.343940 0.000000 0.000000 0.000000 1.000000 0.000000 0.000000
26.000000 248.036348 -1.977536 0.378954 0.326922 0.000000 0.000000 0.000000 1.000000 0.000000 0.000000
26.000000 248.042403 -1.979708 0.378489 0.331366 0.000000 0.000000 0.000000 1.000000 0.000000 0.000000
26.000000 248.046389 -1.972530 0.376025 0.344155 0.000000 0.000000 0.000000 1.000000 0.000000 0.000000
26.000000 248.052467 -1.996849 0.371148 0.337344 0.000000 0.000000 0.000000 1.000000 0.000000 0.000000
26.000000 248.056339 -2.005249 0.373414 0.338656 0.000000 0.000000 0.000000 1.000000 0.000000 0.000000
26.000000 248.062553 -2.030031 0.368305 0.335422 0.000000 0.000000 0.000000 1.000000 0.000000 0.000000
26.000000 248.066392 -2.058749 0.377000 0.323359 0.000000 0.000000 0.000000 1.000000 0.000000 0.000000
26.000000 248.072507 -2.079236 0.372757 0.322164 0.000000 0.000000 0.000000 1.000000 0.000000 0.000000
26.000000 248.076374 -2.091694 0.376102 0.325620 0.000000 0.000000 0.000000 1.000000 0.000000 0.000000
26.000000 248.082422 -2.116067 0.371181 0.320187 0.000000 0.000000 0.000000 1.000000 0.000000 0.000000
26.000000 248.086390 -2.110637 0.369707 0.319417 0.000000 0.000000 0.000000 1.000000 0.000000 0.000000
26.000000 248.092470 -2.092224 0.373735 0.316357 0.000000 0.000000 0.000000 1.000000 0.000000 0.000000
26.000000 248.096364 -2.119571 0.381346 0.316023 0.000000 0.000000 0.000000 1.000000 0.000000 0.000000
26.000000 248.102422 -2.166284 0.371610 0.312517 0.000000 0.000000 0.000000 1.000000 0.000000 0.000000
26.000000 248.106404 -2.184357 0.376921 0.308030 0.000000 0.000000 0.000000 1.000000 0.000000 0.000000
26.000000 248.112513 -2.202554 0.373072 0.308486 0.000000 0.000000 0.000000 1.000000 0.000000 0.000000
26.000000 248.116360 -2.222818 0.379397 0.290770 0.000000 0.000000 0.000000 1.000000 0.000000 0.000000
26.000000 248.122406 -2.249787 0.373984 0.277139 0.000000 0.000000 0.000000 1.000000 0.000000 0.000000
26.000000 248.126441 -2.250954 0.374316 0.277019 0.000000 0.000000 0.000000 1.000000 0.000000 0.000000
26.000000 248.132470 -2.260326 0.372507 0.272030 0.000000 0.000000 0.000000 1.000000 0.000000 0.000000
26.000000 248.136367 -2.267092 0.374085 0.277121 0.000000 0.000000 0.000000 1.000000 0.000000 0.000000
26.000000 248.142436 -2.281823 0.371322 0.270775 0.000000 0.000000 0.000000 1.000000 0.000000 0.000000
26.000000 248.146865 -2.304417 0.377714 0.268455 0.000000 0.000000 0.000000 1.000000 0.000000 0.000000
26.000000 248.152542 -2.323241 0.374066 0.263071 0.000000 0.000000 0.000000 1.000000 0.000000 0.000000
26.000000 248.156399 -2.353672 0.383391 0.250258 0.000000 0.000000 0.000000 1.000000 0.000000 0.000000
26.000000 248.162457 -2.380625 0.378154 0.241944 0.000000 0.000000 0.000000 1.000000 0.000000 0.000000
26.000000 248.166425 -2.336728 0.366421 0.234971 0.000000 0.000000 0.000000 1.000000 0.000000 0.000000
26.000000 248.172546 -2.362989 0.361382 0.222553 0.000000 0.000000 0.000000 1.000000 0.000000 0.000000
26.000000 248.176344 -2.439599 0.383656 0.202490 0.000000 0.000000 0.000000 1.000000 0.000000 0.000000
26.000000 248.182429 -2.450945 0.381431 0.197846 0.000000 0.000000 0.000000 1.000000 0.000000 0.000000
26.000000 248.186422 -2.446201 0.380026 0.199677 0.000000 0.000000 0.000000 1.000000 0.000000 0.000000
26.000000 248.192472 -2.427844 0.384153 0.193050 0.000000 0.000000 0.000000 1.000000 0.000000 0.000000
26.000000 248.196675 -2.452678 0.391115 0.191027 0.000000 0.000000 0.000000 1.000000 0.000000 0.000000
26.000000 248.202463 -2.498068 0.382263 0.179568 0.000000 0.000000 0.000000 1.000000 0.000000 0.000000
26.000000 248.206528 -2.517366 0.388592 0.165430 0.000000 0.000000 0.000000 1.000000 0.000000 0.000000
26.000000 248.212544 -2.546138 0.383045 0.155891 0.000000 0.000000 0.000000 1.000000 0.000000 0.000000
26.000000 248.226511 -2.636104 0.395404 0.127162 0.000000 0.000000 0.000000 1.000000 0.000000 0.000000
26.000000 248.232577 -2.643781 0.394429 0.118113 0.000000 0.000000 0.000000 1.000000 0.000000 0.000000
26.000000 248.236417 -2.679540 0.406462 0.080135 0.000000 0.000000 0.000000 1.000000 0.000000 0.000000
26.000000 248.242491 -2.656851 0.411029 0.077834 0.000000 0.000000 0.000000 1.000000 0.000000 0.000000
26.000000 248.246778 -2.608812 0.396476 0.102345 0.000000 0.000000 0.000000 1.000000 0.000000 0.000000
26.000000 248.252616 -2.663045 0.386549 0.081168 0.000000 0.000000 0.000000 1.000000 0.000000 0.000000
