9.000000 99.029036 23.428392 -0.149311 0.260828 0.000000 0.000000 0.000000 1.000000 0.000000 0.000000
9.000000 99.032333 23.262099 -0.147663 0.321287 0.000000 0.000000 0.000000 1.000000 0.000000 0.000000
9.000000 99.039029 23.254039 -0.150025 0.359905 0.000000 0.000000 0.000000 1.000000 0.000000 0.000000
9.000000 99.040931 23.432916 -0.150273 0.362797 0.000000 0.000000 0.000000 1.000000 0.000000 0.000000
9.000000 99.042327 23.269166 -0.109884 0.378452 0.000000 0.000000 0.000000 1.000000 0.000000 0.000000
9.000000 99.048923 23.135860 -0.149362 0.419854 0.000000 0.000000 0.000000 1.000000 0.000000 0.000000
9.000000 99.050896 23.421039 -0.150062 0.421208 0.000000 0.000000 0.000000 1.000000 0.000000 0.000000
9.000000 99.052250 23.148162 -0.082425 0.462893 0.000000 0.000000 0.000000 1.000000 0.000000 0.000000
9.000000 99.058952 23.007932 -0.124336 0.498820 0.000000 0.000000 0.000000 1.000000 0.000000 0.000000
9.000000 99.060911 23.257986 -0.125200 0.507179 0.000000 0.000000 0.000000 1.000000 0.000000 0.000000
9.000000 99.062229 22.990744 -0.058695 0.566622 0.000000 0.000000 0.000000 1.000000 0.000000 0.000000
9.000000 99.069088 22.863315 -0.097213 0.619523 0.000000 0.000000 0.000000 1.000000 0.000000 0.000000
9.000000 99.070940 23.016823 -0.096921 0.636626 0.000000 0.000000 0.000000 1.000000 0.000000 0.000000
9.000000 99.072253 22.804017 -0.043898 0.660553 0.000000 0.000000 0.000000 1.000000 0.000000 0.000000
9.000000 99.079044 22.689765 -0.078501 0.699932 0.000000 0.000000 0.000000 1.000000 0.000000 0.000000
9.000000 99.080892 22.928616 -0.078316 0.704738 0.000000 0.000000 0.000000 1.000000 0.000000 0.000000
9.000000 99.082314 22.703003 -0.022044 0.730537 0.000000 0.000000 0.000000 1.000000 0.000000 0.000000
9.000000 99.089038 22.615003 -0.048787 0.764848 0.000000 0.000000 0.000000 1.000000 0.000000 0.000000
9.000000 99.090889 22.766902 -0.048567 0.790619 0.000000 0.000000 0.000000 1.000000 0.000000 0.000000
9.000000 99.092304 22.576840 -0.001187 0.821718 0.000000 0.000000 0.000000 1.000000 0.000000 0.000000
9.000000 99.099051 22.439994 -0.043219 0.867605 0.000000 0.000000 0.000000 1.000000 0.000000 0.000000
9.000000 99.101180 22.693441 -0.042653 0.871561 0.000000 0.000000 0.000000 1.000000 0.000000 0.000000
9.000000 99.102339 22.447578 0.018905 0.895393 0.000000 0.000000 0.000000 1.000000 0.000000 0.000000
9.000000 99.109084 22.366020 -0.006164 0.924384 0.000000 0.000000 0.000000 1.000000 0.000000 0.000000
9.000000 99.111069 22.523925 -0.005547 0.937738 0.000000 0.000000 0.000000 1.000000 0.000000 0.000000
9.000000 99.112443 22.336542 0.041519 0.965927 0.000000 0.000000 0.000000 1.000000 0.000000 0.000000
9.000000 99.113185 22.074375 -0.030254 1.011430 0.000000 0.000000 0.000000 1.000000 0.000000 0.000000
9.000000 99.121163 22.127476 0.025199 1.055897 0.000000 0.000000 0.000000 1.000000 0.000000 0.000000
9.000000 99.122396 22.256943 0.054189 1.031313 0.000000 0.000000 0.000000 1.000000 0.000000 0.000000
9.000000 99.123037 21.973446 -0.016375 1.071535 0.000000 0.000000 0.000000 1.000000 0.000000 0.000000
9.000000 99.129016 21.995248 0.018942 1.120930 0.000000 0.000000 0.000000 1.000000 0.000000 0.000000
9.000000 99.130900 22.133953 0.044076 1.111627 0.000000 0.000000 0.000000 1.000000 0.000000 0.000000
9.000000 99.132432 22.044569 0.066789 1.116227 0.000000 0.000000 0.000000 1.000000 0.000000 0.000000
9.000000 99.133126 21.857854 0.012304 1.147460 0.000000 0.000000 0.000000 1.000000 0.000000 0.000000
9.000000 99.139175 21.882623 0.034000 1.181379 0.000000 0.000000 0.000000 1.000000 0.000000 0.000000
9.000000 99.140918 22.156992 0.059543 1.175048 0.000000 0.000000 0.000000 1.000000 0.000000 0.000000
9.000000 99.142251 21.993574 0.100411 1.191187 0.000000 0.000000 0.000000 1.000000 0.000000 0.000000
9.000000 99.142985 21.757811 0.032650 1.214270 0.000000 0.000000 0.000000 1.000000 0.000000 0.000000
9.000000 99.149029 21.782881 0.059152 1.253580 0.000000 0.000000 0.000000 1.000000 0.000000 0.000000
9.000000 99.151021 22.028912 0.087337 1.251345 0.000000 0.000000 0.000000 1.000000 0.000000 0.000000
9.000000 99.152390 21.876101 0.125717 1.271877 0.000000 0.000000 0.000000 1.000000 0.000000 0.000000
9.000000 99.153085 21.657409 0.055352 1.291355 0.000000 0.000000 0.000000 1.000000 0.000000 0.000000
9.000000 99.159168 21.692255 0.067350 1.322276 0.000000 0.000000 0.000000 1.000000 0.000000 0.000000
9.000000 99.161003 21.919533 0.091806 1.319811 0.000000 0.000000 0.000000 1.000000 0.000000 0.000000
9.000000 99.162354 21.737692 0.137668 1.341494 0.000000 0.000000 0.000000 1.000000 0.000000 0.000000
9.000000 99.163103 21.544027 0.071810 1.351927 0.000000 0.000000 0.000000 1.000000 0.000000 0.000000
9.000000 99.169072 21.577549 0.086816 1.381529 0.000000 0.000000 0.000000 1.000000 0.000000 0.000000
9.000000 99.170841 21.821446 0.116636 1.384833 0.000000 0.000000 0.000000 1.000000 0.000000 0.000000
9.000000 99.172295 21.683046 0.151186 1.387423 0.000000 0.000000 0.000000 1.000000 0.000000 0.000000
9.000000 99.173217 21.443087 0.081275 1.400896 0.000000 0.000000 0.000000 1.000000 0.000000 0.000000
9.000000 99.179167 21.464960 0.113961 1.443868 0.000000 0.000000 0.000000 1.000000 0.000000 0.000000
9.000000 99.180977 21.617261 0.146731 1.449071 0.000000 0.000000 0.000000 1.000000 0.000000 0.000000
9.000000 99.182366 21.507481 0.174683 1.464049 0.000000 0.000000 0.000000 1.000000 0.000000 0.000000
9.000000 99.183111 21.335067 0.114633 1.482084 0.000000 0.000000 0.000000 1.000000 0.000000 0.000000
9.000000 99.189086 21.358184 0.134578 1.508516 0.000000 0.000000 0.000000 1.000000 0.000000 0.000000
9.000000 99.190863 21.551258 0.165776 1.519446 0.000000 0.000000 0.000000 1.000000 0.000000 0.000000
9.000000 99.192334 21.412894 0.200674 1.536567 0.000000 0.000000 0.000000 1.000000 0.000000 0.000000
9.000000 99.193197 21.228553 0.135416 1.542055 0.000000 0.000000 0.000000 1.000000 0.000000 0.000000
9.000000 99.198994 21.081008 0.179903 1.525789 0.000000 0.000000 0.000000 1.000000 0.000000 0.000000
9.000000 99.199140 21.094900 0.187865 1.590226 0.000000 0.000000 0.000000 1.000000 0.000000 0.000000
9.000000 99.201001 21.421105 0.178791 1.584608 0.000000 0.000000 0.000000 1.000000 0.000000 0.000000
9.000000 99.202482 21.280252 0.214381 1.603100 0.000000 0.000000 0.000000 1.000000 0.000000 0.000000
9.000000 99.203130 21.118792 0.154290 1.601380 0.000000 0.000000 0.000000 1.000000 0.000000 0.000000
9.000000 99.208690 20.983826 0.191889 1.590618 0.000000 0.000000 0.000000 1.000000 0.000000 0.000000
9.000000 99.209327 21.004063 0.206905 1.657307 0.000000 0.000000 0.000000 1.000000 0.000000 0.000000
9.000000 99.210881 21.336133 0.199843 1.647021 0.000000 0.000000 0.000000 1.000000 0.000000 0.000000
9.000000 99.212673 21.186337 0.237745 1.663514 0.000000 0.000000 0.000000 1.000000 0.000000 0.000000
9.000000 99.213252 21.014116 0.172501 1.660186 0.000000 0.000000 0.000000 1.000000 0.000000 0.000000
9.000000 99.218798 20.871696 0.211201 1.648180 0.000000 0.000000 0.000000 1.000000 0.000000 0.000000
9.000000 99.219124 20.897661 0.232063 1.716233 0.000000 0.000000 0.000000 1.000000 0.000000 0.000000
9.000000 99.220975 21.169502 0.226084 1.714554 0.000000 0.000000 0.000000 1.000000 0.000000 0.000000
9.000000 99.222464 21.091654 0.245571 1.722055 0.000000 0.000000 0.000000 1.000000 0.000000 0.000000
9.000000 99.223149 20.920917 0.183472 1.718131 0.000000 0.000000 0.000000 1.000000 0.000000 0.000000
9.000000 99.228742 20.754428 0.232920 1.705054 0.000000 0.000000 0.000000 1.000000 0.000000 0.000000
9.000000 99.229084 20.780858 0.251746 1.776767 0.000000 0.000000 0.000000 1.000000 0.000000 0.000000
9.000000 99.230865 20.980904 0.243883 1.773619 0.000000 0.000000 0.000000 1.000000 0.000000 0.000000
9.000000 99.232718 20.914692 0.260861 1.782702 0.000000 0.000000 0.000000 1.000000 0.000000 0.000000
9.000000 99.233243 20.804786 0.211392 1.776224 0.000000 0.000000 0.000000 1.000000 0.000000 0.000000
9.000000 99.238672 20.637542 0.254067 1.752286 0.000000 0.000000 0.000000 1.000000 0.000000 0.000000
9.000000 99.239069 20.675402 0.276455 1.833936 0.000000 0.000000 0.000000 1.000000 0.000000 0.000000
9.000000 99.240995 20.919843 0.265229 1.836558 0.000000 0.000000 0.000000 1.000000 0.000000 0.000000
9.000000 99.242432 20.827484 0.288781 1.845588 0.000000 0.000000 0.000000 1.000000 0.000000 0.000000
9.000000 99.243323 20.695604 0.232061 1.835260 0.000000 0.000000 0.000000 1.000000 0.000000 0.000000
9.000000 99.248720 20.538448 0.271293 1.818408 0.000000 0.000000 0.000000 1.000000 0.000000 0.000000
9.000000 99.249062 20.565344 0.290281 1.891036 0.000000 0.000000 0.000000 1.000000 0.000000 0.000000
9.000000 99.250903 20.804121 0.283442 1.893671 0.000000 0.000000 0.000000 1.000000 0.000000 0.000000
9.000000 99.252634 20.708836 0.307660 1.907358 0.000000 0.000000 0.000000 1.000000 0.000000 0.000000
9.000000 99.253204 20.590350 0.251492 1.886834 0.000000 0.000000 0.000000 1.000000 0.000000 0.000000
9.000000 99.258679 20.431789 0.287058 1.871400 0.000000 0.000000 0.000000 1.000000 0.000000 0.000000
9.000000 99.259078 20.456354 0.306050 1.949014 0.000000 0.000000 0.000000 1.000000 0.000000 0.000000
9.000000 99.261030 20.731850 0.300533 1.947407 0.000000 0.000000 0.000000 1.000000 0.000000 0.000000
9.000000 99.262563 20.616517 0.329906 1.963100 0.000000 0.000000 0.000000 1.000000 0.000000 0.000000
9.000000 99.263206 20.487296 0.272055 1.946340 0.000000 0.000000 0.000000 1.000000 0.000000 0.000000
9.000000 99.268784 20.326116 0.310646 1.932257 0.000000 0.000000 0.000000 1.000000 0.000000 0.000000
9.000000 99.269182 20.344728 0.324644 2.004753 0.000000 0.000000 0.000000 1.000000 0.000000 0.000000
9.000000 99.270897 20.607669 0.319538 2.005141 0.000000 0.000000 0.000000 1.000000 0.000000 0.000000
9.000000 99.272415 20.524663 0.340550 2.009880 0.000000 0.000000 0.000000 1.000000 0.000000 0.000000
9.000000 99.273224 20.392474 0.285258 1.990836 0.000000 0.000000 0.000000 1.000000 0.000000 0.000000
9.000000 99.278741 20.216855 0.331652 1.985243 0.000000 0.000000 0.000000 1.000000 0.000000 0.000000
9.000000 99.279112 20.234783 0.346320 2.061071 0.000000 0.000000 0.000000 1.000000 0.000000 0.000000
9.000000 99.280959 20.433835 0.341626 2.052674 0.000000 0.000000 0.000000 1.000000 0.000000 0.000000
9.000000 99.282589 20.368662 0.358519 2.058478 0.000000 0.000000 0.000000 1.000000 0.000000 0.000000
9.000000 99.283260 20.266419 0.308306 2.045230 0.000000 0.000000 0.000000 1.000000 0.000000 0.000000
9.000000 99.288752 20.102926 0.346063 2.031564 0.000000 0.000000 0.000000 1.000000 0.000000 0.000000
9.000000 99.289232 20.121728 0.358751 2.106643 0.000000 0.000000 0.000000 1.000000 0.000000 0.000000
9.000000 99.290978 20.390169 0.353383 2.110068 0.000000 0.000000 0.000000 1.000000 0.000000 0.000000
9.000000 99.292646 20.274262 0.383011 2.126387 0.000000 0.000000 0.000000 1.000000 0.000000 0.000000
9.000000 99.293170 20.164512 0.328990 2.100475 0.000000 0.000000 0.000000 1.000000 0.000000 0.000000
9.000000 99.298671 19.992623 0.368601 2.082286 0.000000 0.000000 0.000000 1.000000 0.000000 0.000000
9.000000 99.299361 20.020357 0.386282 2.159094 0.000000 0.000000 0.000000 1.000000 0.000000 0.000000
9.000000 99.300997 20.252137 0.380279 2.167294 0.000000 0.000000 0.000000 1.000000 0.000000 0.000000
9.000000 99.302585 20.160959 0.403545 2.181013 0.000000 0.000000 0.000000 1.000000 0.000000 0.000000
9.000000 99.303357 20.055975 0.348603 2.149681 0.000000 0.000000 0.000000 1.000000 0.000000 0.000000
9.000000 99.308760 19.881029 0.386740 2.130073 0.000000 0.000000 0.000000 1.000000 0.000000 0.000000
9.000000 99.309310 19.909828 0.405556 2.209404 0.000000 0.000000 0.000000 1.000000 0.000000 0.000000
9.000000 99.310943 20.123635 0.399919 2.216096 0.000000 0.000000 0.000000 1.000000 0.000000 0.000000
9.000000 99.312719 20.046924 0.419581 2.230576 0.000000 0.000000 0.000000 1.000000 0.000000 0.000000
9.000000 99.313240 19.959093 0.370345 2.201707 0.000000 0.000000 0.000000 1.000000 0.000000 0.000000
9.000000 99.318699 19.782503 0.408760 2.183394 0.000000 0.000000 0.000000 1.000000 0.000000 0.000000
9.000000 99.319246 19.802166 0.422404 2.259814 0.000000 0.000000 0.000000 1.000000 0.000000 0.000000
9.000000 99.321062 20.018245 0.417989 2.267641 0.000000 0.000000 0.000000 1.000000 0.000000 0.000000
9.000000 99.322512 19.971566 0.429720 2.267537 0.000000 0.000000 0.000000 1.000000 0.000000 0.000000
9.000000 99.323372 19.856197 0.377020 2.238167 0.000000 0.000000 0.000000 1.000000 0.000000 0.000000
9.000000 99.329050 19.672546 0.423060 2.233505 0.000000 0.000000 0.000000 1.000000 0.000000 0.000000
9.000000 99.329253 19.694130 0.437994 2.311896 0.000000 0.000000 0.000000 1.000000 0.000000 0.000000
9.000000 99.330970 19.862789 0.433526 2.306900 0.000000 0.000000 0.000000 1.000000 0.000000 0.000000
9.000000 99.332424 19.792270 0.452055 2.319393 0.000000 0.000000 0.000000 1.000000 0.000000 0.000000
9.000000 99.333221 19.728395 0.408609 2.295394 0.000000 0.000000 0.000000 1.000000 0.000000 0.000000
9.000000 99.336212 19.850017 0.343023 2.354330 0.000000 0.000000 0.000000 1.000000 0.000000 0.000000
9.000000 99.338712 19.649518 0.515283 2.367775 0.000000 0.000000 0.000000 1.000000 0.000000 0.000000
9.000000 99.339303 19.571579 0.453747 2.351586 0.000000 0.000000 0.000000 1.000000 0.000000 0.000000
9.000000 99.341103 19.822191 0.449392 2.361481 0.000000 0.000000 0.000000 1.000000 0.000000 0.000000
9.000000 99.342495 19.713428 0.477351 2.383381 0.000000 0.000000 0.000000 1.000000 0.000000 0.000000
9.000000 99.343254 19.641577 0.429509 2.341441 0.000000 0.000000 0.000000 1.000000 0.000000 0.000000
9.000000 99.346119 19.779222 0.356862 2.405160 0.000000 0.000000 0.000000 1.000000 0.000000 0.000000
9.000000 99.348741 19.557215 0.546355 2.422008 0.000000 0.000000 0.000000 1.000000 0.000000 0.000000
9.000000 99.349079 19.460696 0.474529 2.402052 0.000000 0.000000 0.000000 1.000000 0.000000 0.000000
9.000000 99.350914 19.696968 0.470846 2.409287 0.000000 0.000000 0.000000 1.000000 0.000000 0.000000
9.000000 99.352730 19.604833 0.494569 2.423238 0.000000 0.000000 0.000000 1.000000 0.000000 0.000000
9.000000 99.353308 19.509351 0.441507 2.386659 0.000000 0.000000 0.000000 1.000000 0.000000 0.000000
9.000000 99.356152 19.681588 0.361819 2.459910 0.000000 0.000000 0.000000 1.000000 0.000000 0.000000
9.000000 99.358726 19.447059 0.563641 2.466851 0.000000 0.000000 0.000000 1.000000 0.000000 0.000000
9.000000 99.359328 19.359409 0.497078 2.444092 0.000000 0.000000 0.000000 1.000000 0.000000 0.000000
9.000000 99.361087 19.568512 0.492545 2.457092 0.000000 0.000000 0.000000 1.000000 0.000000 0.000000
9.000000 99.362443 19.487595 0.513336 2.473055 0.000000 0.000000 0.000000 1.000000 0.000000 0.000000
9.000000 99.363401 19.411034 0.462719 2.426132 0.000000 0.000000 0.000000 1.000000 0.000000 0.000000
9.000000 99.366128 19.574535 0.381337 2.494773 0.000000 0.000000 0.000000 1.000000 0.000000 0.000000
9.000000 99.368771 19.343960 0.575030 2.513822 0.000000 0.000000 0.000000 1.000000 0.000000 0.000000
9.000000 99.369384 19.258371 0.513373 2.489879 0.000000 0.000000 0.000000 1.000000 0.000000 0.000000
9.000000 99.370925 19.454571 0.511018 2.503872 0.000000 0.000000 0.000000 1.000000 0.000000 0.000000
9.000000 99.372607 19.418147 0.520084 2.518162 0.000000 0.000000 0.000000 1.000000 0.000000 0.000000
9.000000 99.373458 19.336614 0.470963 2.475901 0.000000 0.000000 0.000000 1.000000 0.000000 0.000000
9.000000 99.376160 19.457110 0.407610 2.535320 0.000000 0.000000 0.000000 1.000000 0.000000 0.000000
9.000000 99.378705 19.234931 0.593402 2.554582 0.000000 0.000000 0.000000 1.000000 0.000000 0.000000
9.000000 99.379422 19.142136 0.529375 2.531247 0.000000 0.000000 0.000000 1.000000 0.000000 0.000000
9.000000 99.381201 19.352884 0.528449 2.538471 0.000000 0.000000 0.000000 1.000000 0.000000 0.000000
9.000000 99.382433 19.272394 0.549211 2.559069 0.000000 0.000000 0.000000 1.000000 0.000000 0.000000
9.000000 99.383513 19.210799 0.505772 2.517355 0.000000 0.000000 0.000000 1.000000 0.000000 0.000000
9.000000 99.386304 19.320970 0.444126 2.573682 0.000000 0.000000 0.000000 1.000000 0.000000 0.000000
9.000000 99.388778 19.120981 0.608252 2.597522 0.000000 0.000000 0.000000 1.000000 0.000000 0.000000
9.000000 99.389358 19.049280 0.556355 2.576084 0.000000 0.000000 0.000000 1.000000 0.000000 0.000000
9.000000 99.391002 19.207914 0.553584 2.589363 0.000000 0.000000 0.000000 1.000000 0.000000 0.000000
9.000000 99.392462 19.156628 0.566705 2.601860 0.000000 0.000000 0.000000 1.000000 0.000000 0.000000
9.000000 99.393210 19.098452 0.523833 2.552667 0.000000 0.000000 0.000000 1.000000 0.000000 0.000000
9.000000 99.396106 19.221729 0.457241 2.612811 0.000000 0.000000 0.000000 1.000000 0.000000 0.000000
9.000000 99.398711 19.006085 0.633201 2.637534 0.000000 0.000000 0.000000 1.000000 0.000000 0.000000
9.000000 99.399398 18.924305 0.573968 2.616681 0.000000 0.000000 0.000000 1.000000 0.000000 0.000000
9.000000 99.401099 19.119354 0.570351 2.632599 0.000000 0.000000 0.000000 1.000000 0.000000 0.000000
9.000000 99.402469 19.047517 0.588847 2.649230 0.000000 0.000000 0.000000 1.000000 0.000000 0.000000
9.000000 99.403139 18.987394 0.543635 2.596328 0.000000 0.000000 0.000000 1.000000 0.000000 0.000000
9.000000 99.406137 19.106707 0.477141 2.652457 0.000000 0.000000 0.000000 1.000000 0.000000 0.000000
9.000000 99.408786 18.900852 0.643014 2.679480 0.000000 0.000000 0.000000 1.000000 0.000000 0.000000
9.000000 99.409596 18.825256 0.589563 2.654631 0.000000 0.000000 0.000000 1.000000 0.000000 0.000000
9.000000 99.411012 18.994436 0.586978 2.672339 0.000000 0.000000 0.000000 1.000000 0.000000 0.000000
9.000000 99.412419 18.929338 0.603671 2.688556 0.000000 0.000000 0.000000 1.000000 0.000000 0.000000
9.000000 99.413202 18.883725 0.563667 2.630481 0.000000 0.000000 0.000000 1.000000 0.000000 0.000000
9.000000 99.416207 19.004818 0.496116 2.689086 0.000000 0.000000 0.000000 1.000000 0.000000 0.000000
9.000000 99.418756 18.803186 0.655774 2.722861 0.000000 0.000000 0.000000 1.000000 0.000000 0.000000
9.000000 99.419349 18.728839 0.604777 2.697796 0.000000 0.000000 0.000000 1.000000 0.000000 0.000000
9.000000 99.421054 18.896544 0.603359 2.710170 0.000000 0.000000 0.000000 1.000000 0.000000 0.000000
9.000000 99.422414 18.871950 0.609489 2.725227 0.000000 0.000000 0.000000 1.000000 0.000000 0.000000
9.000000 99.423222 18.809890 0.563173 2.673801 0.000000 0.000000 0.000000 1.000000 0.000000 0.000000
9.000000 99.426370 18.912286 0.501936 2.727568 0.000000 0.000000 0.000000 1.000000 0.000000 0.000000
9.000000 99.428846 18.693380 0.675507 2.759519 0.000000 0.000000 0.000000 1.000000 0.000000 0.000000
9.000000 99.429145 18.617989 0.624215 2.735243 0.000000 0.000000 0.000000 1.000000 0.000000 0.000000
9.000000 99.431063 18.770364 0.622372 2.744808 0.000000 0.000000 0.000000 1.000000 0.000000 0.000000
9.000000 99.432453 18.712030 0.637576 2.760004 0.000000 0.000000 0.000000 1.000000 0.000000 0.000000
9.000000 99.433241 18.671090 0.597857 2.704801 0.000000 0.000000 0.000000 1.000000 0.000000 0.000000
9.000000 99.436360 18.783223 0.532422 2.757290 0.000000 0.000000 0.000000 1.000000 0.000000 0.000000
9.000000 99.438752 18.579925 0.690138 2.797283 0.000000 0.000000 0.000000 1.000000 0.000000 0.000000
9.000000 99.439262 18.507928 0.643842 2.772512 0.000000 0.000000 0.000000 1.000000 0.000000 0.000000
9.000000 99.441150 18.655900 0.643922 2.783471 0.000000 0.000000 0.000000 1.000000 0.000000 0.000000
9.000000 99.442407 18.606762 0.656573 2.801620 0.000000 0.000000 0.000000 1.000000 0.000000 0.000000
9.000000 99.443264 18.568208 0.616339 2.740282 0.000000 0.000000 0.000000 1.000000 0.000000 0.000000
9.000000 99.446079 18.673620 0.551909 2.788393 0.000000 0.000000 0.000000 1.000000 0.000000 0.000000
9.000000 99.448828 18.476393 0.704068 2.825009 0.000000 0.000000 0.000000 1.000000 0.000000 0.000000
9.000000 99.449194 18.420301 0.663466 2.802541 0.000000 0.000000 0.000000 1.000000 0.000000 0.000000
9.000000 99.450961 18.575575 0.660810 2.821347 0.000000 0.000000 0.000000 1.000000 0.000000 0.000000
9.000000 99.452571 18.513220 0.676914 2.835909 0.000000 0.000000 0.000000 1.000000 0.000000 0.000000
9.000000 99.453242 18.461371 0.632761 2.771109 0.000000 0.000000 0.000000 1.000000 0.000000 0.000000
9.000000 99.456195 18.563959 0.570401 2.821879 0.000000 0.000000 0.000000 1.000000 0.000000 0.000000
9.000000 99.458742 18.373641 0.713769 2.870267 0.000000 0.000000 0.000000 1.000000 0.000000 0.000000
9.000000 99.459301 18.310703 0.676549 2.843614 0.000000 0.000000 0.000000 1.000000 0.000000 0.000000
9.000000 99.461079 18.463687 0.679511 2.854385 0.000000 0.000000 0.000000 1.000000 0.000000 0.000000
9.000000 99.462425 18.405932 0.694317 2.871180 0.000000 0.000000 0.000000 1.000000 0.000000 0.000000
9.000000 99.463311 18.354038 0.651267 2.806951 0.000000 0.000000 0.000000 1.000000 0.000000 0.000000
9.000000 99.466481 18.456862 0.590414 2.857574 0.000000 0.000000 0.000000 1.000000 0.000000 0.000000
9.000000 99.468813 18.266249 0.734012 2.902758 0.000000 0.000000 0.000000 1.000000 0.000000 0.000000
9.000000 99.469246 18.198683 0.693402 2.875506 0.000000 0.000000 0.000000 1.000000 0.000000 0.000000
9.000000 99.471018 18.357157 0.695616 2.886090 0.000000 0.000000 0.000000 1.000000 0.000000 0.000000
9.000000 99.472469 18.326567 0.703282 2.892113 0.000000 0.000000 0.000000 1.000000 0.000000 0.000000
9.000000 99.473234 18.270536 0.661820 2.829430 0.000000 0.000000 0.000000 1.000000 0.000000 0.000000
9.000000 99.476153 18.337304 0.615008 2.882002 0.000000 0.000000 0.000000 1.000000 0.000000 0.000000
9.000000 99.478760 18.154838 0.750741 2.929497 0.000000 0.000000 0.000000 1.000000 0.000000 0.000000
9.000000 99.479233 18.087975 0.710938 2.903710 0.000000 0.000000 0.000000 1.000000 0.000000 0.000000
9.000000 99.481160 18.209596 0.712412 2.904705 0.000000 0.000000 0.000000 1.000000 0.000000 0.000000
9.000000 99.482481 18.161366 0.725180 2.925267 0.000000 0.000000 0.000000 1.000000 0.000000 0.000000
9.000000 99.483164 18.136453 0.691524 2.873741 0.000000 0.000000 0.000000 1.000000 0.000000 0.000000
9.000000 99.486124 18.227156 0.635185 2.909362 0.000000 0.000000 0.000000 1.000000 0.000000 0.000000
9.000000 99.488853 18.043312 0.772368 2.954955 0.000000 0.000000 0.000000 1.000000 0.000000 0.000000
9.000000 99.489195 17.972336 0.729505 2.936673 0.000000 0.000000 0.000000 1.000000 0.000000 0.000000
9.000000 99.491082 18.078793 0.728796 2.950645 0.000000 0.000000 0.000000 1.000000 0.000000 0.000000
9.000000 99.492589 18.041773 0.738363 2.968019 0.000000 0.000000 0.000000 1.000000 0.000000 0.000000
9.000000 99.493260 18.028295 0.709204 2.903482 0.000000 0.000000 0.000000 1.000000 0.000000 0.000000
9.000000 99.496106 18.105718 0.656357 2.940827 0.000000 0.000000 0.000000 1.000000 0.000000 0.000000
9.000000 99.498780 17.936064 0.780819 2.985784 0.000000 0.000000 0.000000 1.000000 0.000000 0.000000
9.000000 99.499309 17.889388 0.751051 2.962095 0.000000 0.000000 0.000000 1.000000 0.000000 0.000000
9.000000 99.501095 18.023086 0.751402 2.981122 0.000000 0.000000 0.000000 1.000000 0.000000 0.000000
9.000000 99.502468 17.965240 0.766311 3.001452 0.000000 0.000000 0.000000 1.000000 0.000000 0.000000
9.000000 99.503196 17.930158 0.728918 2.932204 0.000000 0.000000 0.000000 1.000000 0.000000 0.000000
9.000000 99.506136 17.978566 0.686054 2.961708 0.000000 0.000000 0.000000 1.000000 0.000000 0.000000
9.000000 99.508843 17.825628 0.795653 3.014795 0.000000 0.000000 0.000000 1.000000 0.000000 0.000000
9.000000 99.509537 17.764476 0.758834 2.999751 0.000000 0.000000 0.000000 1.000000 0.000000 0.000000
9.000000 99.510972 17.950956 0.760703 3.011540 0.000000 0.000000 0.000000 1.000000 0.000000 0.000000
9.000000 99.512577 17.855573 0.785827 3.032154 0.000000 0.000000 0.000000 1.000000 0.000000 0.000000
9.000000 99.513282 17.823892 0.749535 2.962978 0.000000 0.000000 0.000000 1.000000 0.000000 0.000000
9.000000 99.516153 17.840046 0.718418 2.972918 0.000000 0.000000 0.000000 1.000000 0.000000 0.000000
9.000000 99.518795 17.711146 0.809384 3.028462 0.000000 0.000000 0.000000 1.000000 0.000000 0.000000
9.000000 99.519322 17.643157 0.771868 3.021498 0.000000 0.000000 0.000000 1.000000 0.000000 0.000000
9.000000 99.521261 17.825079 0.775237 3.030986 0.000000 0.000000 0.000000 1.000000 0.000000 0.000000
9.000000 99.522457 17.767962 0.790131 3.047622 0.000000 0.000000 0.000000 1.000000 0.000000 0.000000
9.000000 99.523279 17.742057 0.759625 2.984901 0.000000 0.000000 0.000000 1.000000 0.000000 0.000000
9.000000 99.528872 17.562735 0.794054 2.978138 0.000000 0.000000 0.000000 1.000000 0.000000 0.000000
9.000000 99.529204 17.547610 0.791560 3.053135 0.000000 0.000000 0.000000 1.000000 0.000000 0.000000
9.000000 99.531044 17.672681 0.794423 3.060014 0.000000 0.000000 0.000000 1.000000 0.000000 0.000000
9.000000 99.532604 17.617511 0.808958 3.083483 0.000000 0.000000 0.000000 1.000000 0.000000 0.000000
9.000000 99.533241 17.606519 0.781086 3.019952 0.000000 0.000000 0.000000 1.000000 0.000000 0.000000
9.000000 99.538788 17.434657 0.810572 2.994432 0.000000 0.000000 0.000000 1.000000 0.000000 0.000000
9.000000 99.539208 17.442320 0.815445 3.070260 0.000000 0.000000 0.000000 1.000000 0.000000 0.000000
9.000000 99.541405 17.555924 0.815001 3.089973 0.000000 0.000000 0.000000 1.000000 0.000000 0.000000
9.000000 99.542478 17.517153 0.824970 3.112574 0.000000 0.000000 0.000000 1.000000 0.000000 0.000000
9.000000 99.543262 17.516565 0.802550 3.045149 0.000000 0.000000 0.000000 1.000000 0.000000 0.000000
9.000000 99.548810 17.329171 0.837659 3.022016 0.000000 0.000000 0.000000 1.000000 0.000000 0.000000
9.000000 99.549313 17.302674 0.824472 3.097376 0.000000 0.000000 0.000000 1.000000 0.000000 0.000000
9.000000 99.551107 17.514382 0.826572 3.114805 0.000000 0.000000 0.000000 1.000000 0.000000 0.000000
9.000000 99.552603 17.430389 0.848700 3.140286 0.000000 0.000000 0.000000 1.000000 0.000000 0.000000
9.000000 99.553296 17.422761 0.823053 3.068816 0.000000 0.000000 0.000000 1.000000 0.000000 0.000000
9.000000 99.558849 17.244027 0.855310 3.046143 0.000000 0.000000 0.000000 1.000000 0.000000 0.000000
9.000000 99.559242 17.212878 0.840441 3.121009 0.000000 0.000000 0.000000 1.000000 0.000000 0.000000
9.000000 99.561152 17.405162 0.842511 3.137929 0.000000 0.000000 0.000000 1.000000 0.000000 0.000000
9.000000 99.562512 17.316690 0.865926 3.164227 0.000000 0.000000 0.000000 1.000000 0.000000 0.000000
9.000000 99.563274 17.326988 0.848640 3.094252 0.000000 0.000000 0.000000 1.000000 0.000000 0.000000
9.000000 99.568811 17.164471 0.876820 3.077526 0.000000 0.000000 0.000000 1.000000 0.000000 0.000000
9.000000 99.569277 17.131440 0.864775 3.146708 0.000000 0.000000 0.000000 1.000000 0.000000 0.000000
9.000000 99.571054 17.257116 0.867934 3.158379 0.000000 0.000000 0.000000 1.000000 0.000000 0.000000
9.000000 99.572612 17.219692 0.877630 3.167708 0.000000 0.000000 0.000000 1.000000 0.000000 0.000000
9.000000 99.573301 17.218347 0.860272 3.101423 0.000000 0.000000 0.000000 1.000000 0.000000 0.000000
9.000000 99.578808 17.051776 0.893228 3.101119 0.000000 0.000000 0.000000 1.000000 0.000000 0.000000
9.000000 99.579195 17.012021 0.878979 3.169743 0.000000 0.000000 0.000000 1.000000 0.000000 0.000000
9.000000 99.581166 17.150205 0.883499 3.178433 0.000000 0.000000 0.000000 1.000000 0.000000 0.000000
9.000000 99.582537 17.107892 0.894536 3.201325 0.000000 0.000000 0.000000 1.000000 0.000000 0.000000
9.000000 99.583280 17.097058 0.869211 3.136114 0.000000 0.000000 0.000000 1.000000 0.000000 0.000000
9.000000 99.588826 16.915803 0.903244 3.114101 0.000000 0.000000 0.000000 1.000000 0.000000 0.000000
9.000000 99.589233 16.894318 0.896176 3.180395 0.000000 0.000000 0.000000 1.000000 0.000000 0.000000
9.000000 99.591135 17.062190 0.900817 3.198235 0.000000 0.000000 0.000000 1.000000 0.000000 0.000000
9.000000 99.592676 17.017894 0.912136 3.225987 0.000000 0.000000 0.000000 1.000000 0.000000 0.000000
9.000000 99.593250 17.022956 0.894375 3.156609 0.000000 0.000000 0.000000 1.000000 0.000000 0.000000
9.000000 99.598854 16.829275 0.932904 3.134049 0.000000 0.000000 0.000000 1.000000 0.000000 0.000000
9.000000 99.599223 16.794348 0.920259 3.195894 0.000000 0.000000 0.000000 1.000000 0.000000 0.000000
9.000000 99.601156 16.925020 0.924396 3.213625 0.000000 0.000000 0.000000 1.000000 0.000000 0.000000
9.000000 99.602505 16.896568 0.931434 3.243006 0.000000 0.000000 0.000000 1.000000 0.000000 0.000000
9.000000 99.603207 16.888639 0.907203 3.174251 0.000000 0.000000 0.000000 1.000000 0.000000 0.000000
9.000000 99.609054 16.717257 0.938114 3.152776 0.000000 0.000000 0.000000 1.000000 0.000000 0.000000
9.000000 99.609364 16.690022 0.930583 3.214879 0.000000 0.000000 0.000000 1.000000 0.000000 0.000000
9.000000 99.611131 16.850828 0.937096 3.233218 0.000000 0.000000 0.000000 1.000000 0.000000 0.000000
9.000000 99.612620 16.807097 0.948160 3.261849 0.000000 0.000000 0.000000 1.000000 0.000000 0.000000
9.000000 99.613268 16.791100 0.921940 3.190222 0.000000 0.000000 0.000000 1.000000 0.000000 0.000000
9.000000 99.618814 16.625150 0.952304 3.176442 0.000000 0.000000 0.000000 1.000000 0.000000 0.000000
9.000000 99.619256 16.603134 0.949853 3.236236 0.000000 0.000000 0.000000 1.000000 0.000000 0.000000
9.000000 99.621172 16.721334 0.957116 3.248856 0.000000 0.000000 0.000000 1.000000 0.000000 0.000000
9.000000 99.622489 16.703733 0.961146 3.273993 0.000000 0.000000 0.000000 1.000000 0.000000 0.000000
9.000000 99.623305 16.709289 0.946174 3.207704 0.000000 0.000000 0.000000 1.000000 0.000000 0.000000
9.000000 99.629076 16.545637 0.977506 3.198962 0.000000 0.000000 0.000000 1.000000 0.000000 0.000000
9.000000 99.629267 16.502640 0.966828 3.252281 0.000000 0.000000 0.000000 1.000000 0.000000 0.000000
9.000000 99.631066 16.637296 0.976470 3.255134 0.000000 0.000000 0.000000 1.000000 0.000000 0.000000
9.000000 99.632624 16.601275 0.985714 3.281598 0.000000 0.000000 0.000000 1.000000 0.000000 0.000000
9.000000 99.633291 16.593837 0.965383 3.222150 0.000000 0.000000 0.000000 1.000000 0.000000 0.000000
9.000000 99.638856 16.424417 0.998677 3.204784 0.000000 0.000000 0.000000 1.000000 0.000000 0.000000
9.000000 99.639257 16.394853 0.988010 3.263397 0.000000 0.000000 0.000000 1.000000 0.000000 0.000000
9.000000 99.641284 16.503529 0.991380 3.283578 0.000000 0.000000 0.000000 1.000000 0.000000 0.000000
9.000000 99.642553 16.479674 0.997204 3.311438 0.000000 0.000000 0.000000 1.000000 0.000000 0.000000
9.000000 99.643266 16.496047 0.984950 3.240061 0.000000 0.000000 0.000000 1.000000 0.000000 0.000000
9.000000 99.648825 16.331615 1.014759 3.223271 0.000000 0.000000 0.000000 1.000000 0.000000 0.000000
9.000000 99.649281 16.253786 0.987022 3.277952 0.000000 0.000000 0.000000 1.000000 0.000000 0.000000
9.000000 99.651241 16.442198 0.997229 3.290977 0.000000 0.000000 0.000000 1.000000 0.000000 0.000000
9.000000 99.652680 16.394468 1.009472 3.319251 0.000000 0.000000 0.000000 1.000000 0.000000 0.000000
9.000000 99.653263 16.408993 0.999454 3.250197 0.000000 0.000000 0.000000 1.000000 0.000000 0.000000
9.000000 99.658815 16.223824 1.037549 3.238903 0.000000 0.000000 0.000000 1.000000 0.000000 0.000000
9.000000 99.659367 16.125200 1.000160 3.290371 0.000000 0.000000 0.000000 1.000000 0.000000 0.000000
9.000000 99.661195 16.354532 1.011999 3.298073 0.000000 0.000000 0.000000 1.000000 0.000000 0.000000
9.000000 99.663355 17.115925 0.779925 3.273801 0.000000 0.000000 0.000000 1.000000 0.000000 0.000000
9.000000 99.668881 16.112720 1.043019 3.254483 0.000000 0.000000 0.000000 1.000000 0.000000 0.000000
9.000000 99.669600 16.041621 1.021397 3.305277 0.000000 0.000000 0.000000 1.000000 0.000000 0.000000
9.000000 99.671134 16.237476 1.034799 3.311253 0.000000 0.000000 0.000000 1.000000 0.000000 0.000000
9.000000 99.672609 16.185058 1.048402 3.342369 0.000000 0.000000 0.000000 1.000000 0.000000 0.000000
9.000000 99.673278 16.180463 1.030949 3.280218 0.000000 0.000000 0.000000 1.000000 0.000000 0.000000
9.000000 99.679339 16.152320 1.043935 3.253634 0.000000 0.000000 0.000000 1.000000 0.000000 0.000000
9.000000 99.679392 15.964798 1.044787 3.314689 0.000000 0.000000 0.000000 1.000000 0.000000 0.000000
9.000000 99.681141 16.019727 1.060026 3.342220 0.000000 0.000000 0.000000 1.000000 0.000000 0.000000
9.000000 99.682544 16.039869 1.052610 3.348352 0.000000 0.000000 0.000000 1.000000 0.000000 0.000000
9.000000 99.683323 16.074695 1.052814 3.286415 0.000000 0.000000 0.000000 1.000000 0.000000 0.000000
9.000000 99.688864 15.913444 1.084426 3.277498 0.000000 0.000000 0.000000 1.000000 0.000000 0.000000
9.000000 99.689329 15.835746 1.059484 3.323583 0.000000 0.000000 0.000000 1.000000 0.000000 0.000000
9.000000 99.691114 16.001949 1.071376 3.331685 0.000000 0.000000 0.000000 1.000000 0.000000 0.000000
9.000000 99.692683 15.971885 1.078886 3.355983 0.000000 0.000000 0.000000 1.000000 0.000000 0.000000
9.000000 99.693364 15.976448 1.066421 3.291028 0.000000 0.000000 0.000000 1.000000 0.000000 0.000000
9.000000 99.698848 15.807785 1.100749 3.282770 0.000000 0.000000 0.000000 1.000000 0.000000 0.000000
9.000000 99.699286 15.740571 1.079097 3.330831 0.000000 0.000000 0.000000 1.000000 0.000000 0.000000
9.000000 99.701236 15.891085 1.089203 3.342466 0.000000 0.000000 0.000000 1.000000 0.000000 0.000000
9.000000 99.702564 15.869108 1.094484 3.368752 0.000000 0.000000 0.000000 1.000000 0.000000 0.000000
9.000000 99.703284 15.873833 1.080572 3.300560 0.000000 0.000000 0.000000 1.000000 0.000000 0.000000
9.000000 99.708883 15.705015 1.113573 3.290437 0.000000 0.000000 0.000000 1.000000 0.000000 0.000000
9.000000 99.709285 15.646625 1.098749 3.337699 0.000000 0.000000 0.000000 1.000000 0.000000 0.000000
9.000000 99.711099 15.767197 1.109956 3.345632 0.000000 0.000000 0.000000 1.000000 0.000000 0.000000
9.000000 99.712653 15.759475 1.111263 3.375792 0.000000 0.000000 0.000000 1.000000 0.000000 0.000000
9.000000 99.713359 15.767767 1.099587 3.313553 0.000000 0.000000 0.000000 1.000000 0.000000 0.000000
9.000000 99.718878 15.612807 1.129038 3.309102 0.000000 0.000000 0.000000 1.000000 0.000000 0.000000
9.000000 99.719289 15.537786 1.110102 3.352264 0.000000 0.000000 0.000000 1.000000 0.000000 0.000000
9.000000 99.721188 15.699960 1.125763 3.355300 0.000000 0.000000 0.000000 1.000000 0.000000 0.000000
9.000000 99.722562 15.689007 1.127879 3.383954 0.000000 0.000000 0.000000 1.000000 0.000000 0.000000
9.000000 99.723303 15.686896 1.111512 3.317335 0.000000 0.000000 0.000000 1.000000 0.000000 0.000000
9.000000 99.728886 15.508851 1.147422 3.311556 0.000000 0.000000 0.000000 1.000000 0.000000 0.000000
9.000000 99.729270 15.435820 1.128123 3.358935 0.000000 0.000000 0.000000 1.000000 0.000000 0.000000
9.000000 99.731124 15.537989 1.139627 3.361608 0.000000 0.000000 0.000000 1.000000 0.000000 0.000000
9.000000 99.732656 15.533773 1.140107 3.389159 0.000000 0.000000 0.000000 1.000000 0.000000 0.000000
9.000000 99.733377 15.551377 1.132350 3.325703 0.000000 0.000000 0.000000 1.000000 0.000000 0.000000
9.000000 99.738878 15.384230 1.164688 3.312167 0.000000 0.000000 0.000000 1.000000 0.000000 0.000000
9.000000 99.739282 15.301762 1.138644 3.359010 0.000000 0.000000 0.000000 1.000000 0.000000 0.000000
9.000000 99.741235 15.517254 1.153425 3.369985 0.000000 0.000000 0.000000 1.000000 0.000000 0.000000
9.000000 99.742569 15.460421 1.168369 3.402403 0.000000 0.000000 0.000000 1.000000 0.000000 0.000000
9.000000 99.743275 15.458045 1.151420 3.331833 0.000000 0.000000 0.000000 1.000000 0.000000 0.000000
9.000000 99.748909 15.295584 1.182432 3.320011 0.000000 0.000000 0.000000 1.000000 0.000000 0.000000
9.000000 99.749288 15.214474 1.159638 3.363460 0.000000 0.000000 0.000000 1.000000 0.000000 0.000000
9.000000 99.751136 15.374413 1.173799 3.373518 0.000000 0.000000 0.000000 1.000000 0.000000 0.000000
9.000000 99.752683 15.362012 1.176279 3.405898 0.000000 0.000000 0.000000 1.000000 0.000000 0.000000
9.000000 99.753317 15.367219 1.163307 3.338307 0.000000 0.000000 0.000000 1.000000 0.000000 0.000000
9.000000 99.758949 15.196834 1.196751 3.325481 0.000000 0.000000 0.000000 1.000000 0.000000 0.000000
9.000000 99.759351 15.123250 1.176003 3.370334 0.000000 0.000000 0.000000 1.000000 0.000000 0.000000
9.000000 99.761221 15.261452 1.188347 3.377310 0.000000 0.000000 0.000000 1.000000 0.000000 0.000000
9.000000 99.762699 15.241746 1.193119 3.407526 0.000000 0.000000 0.000000 1.000000 0.000000 0.000000
9.000000 99.763423 15.257056 1.184683 3.342156 0.000000 0.000000 0.000000 1.000000 0.000000 0.000000
9.000000 99.768888 15.114909 1.210002 3.329505 0.000000 0.000000 0.000000 1.000000 0.000000 0.000000
9.000000 99.769405 15.070672 1.202396 3.373083 0.000000 0.000000 0.000000 1.000000 0.000000 0.000000
9.000000 99.771198 15.171030 1.214007 3.382215 0.000000 0.000000 0.000000 1.000000 0.000000 0.000000
9.000000 99.772695 15.136067 1.223007 3.408530 0.000000 0.000000 0.000000 1.000000 0.000000 0.000000
9.000000 99.773356 15.149321 1.213514 3.334558 0.000000 0.000000 0.000000 1.000000 0.000000 0.000000
9.000000 99.778945 15.027167 1.233039 3.332810 0.000000 0.000000 0.000000 1.000000 0.000000 0.000000
9.000000 99.779399 14.940067 1.211288 3.379392 0.000000 0.000000 0.000000 1.000000 0.000000 0.000000
9.000000 99.781353 15.046046 1.225041 3.381856 0.000000 0.000000 0.000000 1.000000 0.000000 0.000000
9.000000 99.782786 15.024716 1.230307 3.414927 0.000000 0.000000 0.000000 1.000000 0.000000 0.000000
9.000000 99.783379 15.064761 1.231027 3.339277 0.000000 0.000000 0.000000 1.000000 0.000000 0.000000
9.000000 99.788897 14.906051 1.258697 3.319743 0.000000 0.000000 0.000000 1.000000 0.000000 0.000000
9.000000 99.789262 14.814445 1.229838 3.373471 0.000000 0.000000 0.000000 1.000000 0.000000 0.000000
9.000000 99.791384 14.962643 1.240928 3.389021 0.000000 0.000000 0.000000 1.000000 0.000000 0.000000
9.000000 99.792786 14.938165 1.246965 3.422907 0.000000 0.000000 0.000000 1.000000 0.000000 0.000000
9.000000 99.793386 14.968771 1.242784 3.341980 0.000000 0.000000 0.000000 1.000000 0.000000 0.000000
9.000000 99.799170 14.819676 1.267277 3.326820 0.000000 0.000000 0.000000 1.000000 0.000000 0.000000
9.000000 99.799454 14.740445 1.247498 3.379602 0.000000 0.000000 0.000000 1.000000 0.000000 0.000000
9.000000 99.801225 14.870693 1.261223 3.387745 0.000000 0.000000 0.000000 1.000000 0.000000 0.000000
9.000000 99.802799 14.843634 1.268035 3.421045 0.000000 0.000000 0.000000 1.000000 0.000000 0.000000
9.000000 99.803351 14.858915 1.259226 3.351174 0.000000 0.000000 0.000000 1.000000 0.000000 0.000000
9.000000 99.808936 14.726805 1.281092 3.335075 0.000000 0.000000 0.000000 1.000000 0.000000 0.000000
9.000000 99.809405 14.650576 1.261075 3.377650 0.000000 0.000000 0.000000 1.000000 0.000000 0.000000
9.000000 99.811203 14.799159 1.275291 3.387942 0.000000 0.000000 0.000000 1.000000 0.000000 0.000000
9.000000 99.812760 14.748393 1.288803 3.424419 0.000000 0.000000 0.000000 1.000000 0.000000 0.000000
9.000000 99.813498 14.751159 1.273084 3.351793 0.000000 0.000000 0.000000 1.000000 0.000000 0.000000
9.000000 99.818895 14.617930 1.294491 3.333923 0.000000 0.000000 0.000000 1.000000 0.000000 0.000000
9.000000 99.819353 14.543577 1.276471 3.376715 0.000000 0.000000 0.000000 1.000000 0.000000 0.000000
9.000000 99.821344 14.680374 1.291098 3.383371 0.000000 0.000000 0.000000 1.000000 0.000000 0.000000
9.000000 99.822618 14.669198 1.293462 3.420837 0.000000 0.000000 0.000000 1.000000 0.000000 0.000000
9.000000 99.823393 14.683522 1.282761 3.351323 0.000000 0.000000 0.000000 1.000000 0.000000 0.000000
9.000000 99.828939 14.519876 1.311955 3.330732 0.000000 0.000000 0.000000 1.000000 0.000000 0.000000
9.000000 99.829263 14.446643 1.294169 3.376975 0.000000 0.000000 0.000000 1.000000 0.000000 0.000000
9.000000 99.831246 14.538499 1.305630 3.385833 0.000000 0.000000 0.000000 1.000000 0.000000 0.000000
9.000000 99.832858 14.533689 1.306262 3.423647 0.000000 0.000000 0.000000 1.000000 0.000000 0.000000
9.000000 99.833353 14.564611 1.304033 3.355967 0.000000 0.000000 0.000000 1.000000 0.000000 0.000000
9.000000 99.838928 14.417737 1.328775 3.328480 0.000000 0.000000 0.000000 1.000000 0.000000 0.000000
9.000000 99.839435 14.361582 1.314654 3.372489 0.000000 0.000000 0.000000 1.000000 0.000000 0.000000
9.000000 99.841253 14.471233 1.325698 3.372029 0.000000 0.000000 0.000000 1.000000 0.000000 0.000000
9.000000 99.842916 14.441009 1.334012 3.408275 0.000000 0.000000 0.000000 1.000000 0.000000 0.000000
9.000000 99.843431 14.473273 1.331605 3.347076 0.000000 0.000000 0.000000 1.000000 0.000000 0.000000
9.000000 99.848884 14.319899 1.357467 3.320338 0.000000 0.000000 0.000000 1.000000 0.000000 0.000000
9.000000 99.849520 14.198545 1.318244 3.367453 0.000000 0.000000 0.000000 1.000000 0.000000 0.000000
9.000000 99.851271 14.423447 1.334767 3.373586 0.000000 0.000000 0.000000 1.000000 0.000000 0.000000
9.000000 99.852949 14.355394 1.353611 3.413492 0.000000 0.000000 0.000000 1.000000 0.000000 0.000000
9.000000 99.853385 14.376731 1.346404 3.344852 0.000000 0.000000 0.000000 1.000000 0.000000 0.000000
9.000000 99.858937 14.216895 1.374297 3.317464 0.000000 0.000000 0.000000 1.000000 0.000000 0.000000
9.000000 99.859337 14.154749 1.356174 3.368204 0.000000 0.000000 0.000000 1.000000 0.000000 0.000000
9.000000 99.861353 14.253791 1.364395 3.377324 0.000000 0.000000 0.000000 1.000000 0.000000 0.000000
9.000000 99.862857 14.251959 1.364444 3.406184 0.000000 0.000000 0.000000 1.000000 0.000000 0.000000
9.000000 99.863379 14.272222 1.356796 3.337770 0.000000 0.000000 0.000000 1.000000 0.000000 0.000000
9.000000 99.868969 14.136788 1.377897 3.311867 0.000000 0.000000 0.000000 1.000000 0.000000 0.000000
9.000000 99.869272 14.091909 1.367769 3.360256 0.000000 0.000000 0.000000 1.000000 0.000000 0.000000
9.000000 99.871246 14.168346 1.376154 3.367822 0.000000 0.000000 0.000000 1.000000 0.000000 0.000000
9.000000 99.872734 14.137948 1.384435 3.394627 0.000000 0.000000 0.000000 1.000000 0.000000 0.000000
9.000000 99.873473 14.170771 1.385497 3.329380 0.000000 0.000000 0.000000 1.000000 0.000000 0.000000
9.000000 99.878957 14.054693 1.403015 3.311243 0.000000 0.000000 0.000000 1.000000 0.000000 0.000000
9.000000 99.879368 13.991105 1.385748 3.357024 0.000000 0.000000 0.000000 1.000000 0.000000 0.000000
9.000000 99.881274 14.074607 1.394730 3.352474 0.000000 0.000000 0.000000 1.000000 0.000000 0.000000
9.000000 99.882851 14.055708 1.400094 3.379457 0.000000 0.000000 0.000000 1.000000 0.000000 0.000000
9.000000 99.883412 14.105021 1.408530 3.323259 0.000000 0.000000 0.000000 1.000000 0.000000 0.000000
9.000000 99.889182 13.968853 1.430876 3.295350 0.000000 0.000000 0.000000 1.000000 0.000000 0.000000
9.000000 99.889339 13.868056 1.397775 3.338894 0.000000 0.000000 0.000000 1.000000 0.000000 0.000000
9.000000 99.891272 13.981452 1.406044 3.344146 0.000000 0.000000 0.000000 1.000000 0.000000 0.000000
9.000000 99.892916 13.950035 1.414882 3.377659 0.000000 0.000000 0.000000 1.000000 0.000000 0.000000
9.000000 99.893420 13.987826 1.414725 3.310275 0.000000 0.000000 0.000000 1.000000 0.000000 0.000000
9.000000 99.898959 13.844414 1.436504 3.282265 0.000000 0.000000 0.000000 1.000000 0.000000 0.000000
9.000000 99.899308 13.760506 1.412814 3.333720 0.000000 0.000000 0.000000 1.000000 0.000000 0.000000
9.000000 99.901397 13.881627 1.424198 3.335673 0.000000 0.000000 0.000000 1.000000 0.000000 0.000000
9.000000 99.902835 13.854189 1.431867 3.370182 0.000000 0.000000 0.000000 1.000000 0.000000 0.000000
9.000000 99.903597 13.904844 1.441235 3.311330 0.000000 0.000000 0.000000 1.000000 0.000000 0.000000
9.000000 99.908928 13.768912 1.463217 3.283496 0.000000 0.000000 0.000000 1.000000 0.000000 0.000000
9.000000 99.909276 13.642042 1.422597 3.324261 0.000000 0.000000 0.000000 1.000000 0.000000 0.000000
9.000000 99.911299 13.800817 1.435059 3.327870 0.000000 0.000000 0.000000 1.000000 0.000000 0.000000
9.000000 99.912787 13.748100 1.450068 3.364126 0.000000 0.000000 0.000000 1.000000 0.000000 0.000000
9.000000 99.913426 13.787597 1.453170 3.302342 0.000000 0.000000 0.000000 1.000000 0.000000 0.000000
9.000000 99.918951 13.665374 1.470803 3.272466 0.000000 0.000000 0.000000 1.000000 0.000000 0.000000
9.000000 99.919305 13.601052 1.455003 3.312233 0.000000 0.000000 0.000000 1.000000 0.000000 0.000000
9.000000 99.921284 13.674636 1.464489 3.314425 0.000000 0.000000 0.000000 1.000000 0.000000 0.000000
9.000000 99.922879 13.676630 1.463636 3.340249 0.000000 0.000000 0.000000 1.000000 0.000000 0.000000
9.000000 99.923370 13.703047 1.459615 3.274745 0.000000 0.000000 0.000000 1.000000 0.000000 0.000000
9.000000 99.929197 13.563366 1.481344 3.254539 0.000000 0.000000 0.000000 1.000000 0.000000 0.000000
9.000000 99.929345 13.486697 1.462373 3.304535 0.000000 0.000000 0.000000 1.000000 0.000000 0.000000
9.000000 99.931265 13.578439 1.473793 3.297630 0.000000 0.000000 0.000000 1.000000 0.000000 0.000000
9.000000 99.932936 13.551240 1.481720 3.327398 0.000000 0.000000 0.000000 1.000000 0.000000 0.000000
9.000000 99.933447 13.587595 1.481414 3.265110 0.000000 0.000000 0.000000 1.000000 0.000000 0.000000
9.000000 99.938913 13.452776 1.500634 3.234865 0.000000 0.000000 0.000000 1.000000 0.000000 0.000000
9.000000 99.939272 13.396411 1.487421 3.283586 0.000000 0.000000 0.000000 1.000000 0.000000 0.000000
9.000000 99.941356 13.477923 1.496843 3.288587 0.000000 0.000000 0.000000 1.000000 0.000000 0.000000
9.000000 99.942901 13.462103 1.501195 3.319726 0.000000 0.000000 0.000000 1.000000 0.000000 0.000000
9.000000 99.943422 13.478243 1.492582 3.260044 0.000000 0.000000 0.000000 1.000000 0.000000 0.000000
9.000000 99.948943 13.315249 1.520935 3.229627 0.000000 0.000000 0.000000 1.000000 0.000000 0.000000
9.000000 99.949503 13.234281 1.498851 3.270834 0.000000 0.000000 0.000000 1.000000 0.000000 0.000000
9.000000 99.951329 13.366595 1.511767 3.273958 0.000000 0.000000 0.000000 1.000000 0.000000 0.000000
9.000000 99.952918 13.357793 1.514074 3.305636 0.000000 0.000000 0.000000 1.000000 0.000000 0.000000
9.000000 99.953441 13.407364 1.523973 3.245367 0.000000 0.000000 0.000000 1.000000 0.000000 0.000000
9.000000 99.959382 13.279248 1.543572 3.212856 0.000000 0.000000 0.000000 1.000000 0.000000 0.000000
9.000000 99.959391 13.217758 1.527310 3.249767 0.000000 0.000000 0.000000 1.000000 0.000000 0.000000
9.000000 99.961325 13.277236 1.534242 3.257087 0.000000 0.000000 0.000000 1.000000 0.000000 0.000000
9.000000 99.962774 13.271784 1.535659 3.290185 0.000000 0.000000 0.000000 1.000000 0.000000 0.000000
9.000000 99.963410 13.308011 1.537833 3.232827 0.000000 0.000000 0.000000 1.000000 0.000000 0.000000
9.000000 99.968987 13.203384 1.550613 3.200349 0.000000 0.000000 0.000000 1.000000 0.000000 0.000000
9.000000 99.969332 13.129225 1.532247 3.233774 0.000000 0.000000 0.000000 1.000000 0.000000 0.000000
9.000000 99.971244 13.187624 1.540872 3.239862 0.000000 0.000000 0.000000 1.000000 0.000000 0.000000
9.000000 99.972854 13.180100 1.542780 3.261775 0.000000 0.000000 0.000000 1.000000 0.000000 0.000000
9.000000 99.973725 13.196070 1.535883 3.199989 0.000000 0.000000 0.000000 1.000000 0.000000 0.000000
9.000000 99.978969 13.049000 1.560682 3.181442 0.000000 0.000000 0.000000 1.000000 0.000000 0.000000
9.000000 99.979400 12.961470 1.540608 3.221324 0.000000 0.000000 0.000000 1.000000 0.000000 0.000000
9.000000 99.981364 13.061653 1.554661 3.218116 0.000000 0.000000 0.000000 1.000000 0.000000 0.000000
9.000000 99.982806 13.048181 1.558565 3.250293 0.000000 0.000000 0.000000 1.000000 0.000000 0.000000
9.000000 99.983468 13.091374 1.564412 3.192507 0.000000 0.000000 0.000000 1.000000 0.000000 0.000000
9.000000 99.989208 12.965145 1.582351 3.156574 0.000000 0.000000 0.000000 1.000000 0.000000 0.000000
9.000000 99.989356 12.919290 1.571026 3.194559 0.000000 0.000000 0.000000 1.000000 0.000000 0.000000
9.000000 99.991435 12.975176 1.577282 3.204763 0.000000 0.000000 0.000000 1.000000 0.000000 0.000000
9.000000 99.992920 12.963249 1.580633 3.237808 0.000000 0.000000 0.000000 1.000000 0.000000 0.000000
9.000000 99.993501 13.017906 1.591711 3.171417 0.000000 0.000000 0.000000 1.000000 0.000000 0.000000
9.000000 99.998986 12.870796 1.614007 3.142065 0.000000 0.000000 0.000000 1.000000 0.000000 0.000000
9.000000 99.999352 12.724780 1.571848 3.184567 0.000000 0.000000 0.000000 1.000000 0.000000 0.000000
9.000000 100.001381 12.889675 1.587517 3.183828 0.000000 0.000000 0.000000 1.000000 0.000000 0.000000
9.000000 100.002878 12.862974 1.595308 3.214464 0.000000 0.000000 0.000000 1.000000 0.000000 0.000000
9.000000 100.003455 12.902651 1.598200 3.148143 0.000000 0.000000 0.000000 1.000000 0.000000 0.000000
9.000000 100.009355 12.918076 1.595096 3.105696 0.000000 0.000000 0.000000 1.000000 0.000000 0.000000
9.000000 100.009562 12.643918 1.582136 3.165847 0.000000 0.000000 0.000000 1.000000 0.000000 0.000000
9.000000 100.011381 12.765414 1.615304 3.182525 0.000000 0.000000 0.000000 1.000000 0.000000 0.000000
9.000000 100.012808 12.777055 1.611818 3.195436 0.000000 0.000000 0.000000 1.000000 0.000000 0.000000
9.000000 100.013676 12.817651 1.617360 3.137806 0.000000 0.000000 0.000000 1.000000 0.000000 0.000000
9.000000 100.016363 12.649644 1.644333 3.109961 0.000000 0.000000 0.000000 1.000000 0.000000 0.000000
9.000000 100.019005 12.679077 1.621656 3.158852 0.000000 0.000000 0.000000 1.000000 0.000000 0.000000
9.000000 100.019396 12.614534 1.608721 3.139513 0.000000 0.000000 0.000000 1.000000 0.000000 0.000000
9.000000 100.021387 12.697831 1.622106 3.140413 0.000000 0.000000 0.000000 1.000000 0.000000 0.000000
9.000000 100.022887 12.681032 1.627015 3.172081 0.000000 0.000000 0.000000 1.000000 0.000000 0.000000
9.000000 100.024031 12.720356 1.630799 3.110738 0.000000 0.000000 0.000000 1.000000 0.000000 0.000000
9.000000 100.026381 12.579487 1.647716 3.095380 0.000000 0.000000 0.000000 1.000000 0.000000 0.000000
9.000000 100.029053 12.586161 1.637369 3.147718 0.000000 0.000000 0.000000 1.000000 0.000000 0.000000
9.000000 100.029325 12.511761 1.622183 3.118540 0.000000 0.000000 0.000000 1.000000 0.000000 0.000000
9.000000 100.031259 12.599541 1.637063 3.109548 0.000000 0.000000 0.000000 1.000000 0.000000 0.000000
9.000000 100.032908 12.576626 1.644102 3.140392 0.000000 0.000000 0.000000 1.000000 0.000000 0.000000
9.000000 100.033756 12.607625 1.643693 3.090530 0.000000 0.000000 0.000000 1.000000 0.000000 0.000000
9.000000 100.036358 12.530236 1.644741 3.080795 0.000000 0.000000 0.000000 1.000000 0.000000 0.000000
9.000000 100.038990 12.479215 1.670286 3.122015 0.000000 0.000000 0.000000 1.000000 0.000000 0.000000
9.000000 100.039614 12.354674 1.630394 3.095696 0.000000 0.000000 0.000000 1.000000 0.000000 0.000000
9.000000 100.041404 12.540898 1.644694 3.094384 0.000000 0.000000 0.000000 1.000000 0.000000 0.000000
9.000000 100.042794 12.486519 1.660968 3.124275 0.000000 0.000000 0.000000 1.000000 0.000000 0.000000
9.000000 100.043523 12.519842 1.661654 3.063464 0.000000 0.000000 0.000000 1.000000 0.000000 0.000000
9.000000 100.046417 12.445156 1.661025 3.054433 0.000000 0.000000 0.000000 1.000000 0.000000 0.000000
9.000000 100.049026 12.382587 1.693007 3.097295 0.000000 0.000000 0.000000 1.000000 0.000000 0.000000
9.000000 100.049541 12.258688 1.656892 3.067676 0.000000 0.000000 0.000000 1.000000 0.000000 0.000000
9.000000 100.051366 12.415941 1.671916 3.065992 0.000000 0.000000 0.000000 1.000000 0.000000 0.000000
9.000000 100.052884 12.394132 1.678519 3.097521 0.000000 0.000000 0.000000 1.000000 0.000000 0.000000
9.000000 100.053457 12.403393 1.666090 3.045984 0.000000 0.000000 0.000000 1.000000 0.000000 0.000000
9.000000 100.056366 12.393244 1.649911 3.040335 0.000000 0.000000 0.000000 1.000000 0.000000 0.000000
9.000000 100.059016 12.321127 1.688360 3.077831 0.000000 0.000000 0.000000 1.000000 0.000000 0.000000
9.000000 100.059480 12.228434 1.667971 3.044644 0.000000 0.000000 0.000000 1.000000 0.000000 0.000000
9.000000 100.061369 12.332061 1.684068 3.041952 0.000000 0.000000 0.000000 1.000000 0.000000 0.000000
9.000000 100.062840 12.296018 1.694921 3.073130 0.000000 0.000000 0.000000 1.000000 0.000000 0.000000
9.000000 100.063474 12.326327 1.694633 3.016362 0.000000 0.000000 0.000000 1.000000 0.000000 0.000000
9.000000 100.066440 12.252345 1.694279 3.009106 0.000000 0.000000 0.000000 1.000000 0.000000 0.000000
9.000000 100.068998 12.222287 1.706573 3.053365 0.000000 0.000000 0.000000 1.000000 0.000000 0.000000
9.000000 100.069368 12.106329 1.680508 3.017050 0.000000 0.000000 0.000000 1.000000 0.000000 0.000000
9.000000 100.071322 12.245941 1.701055 3.010502 0.000000 0.000000 0.000000 1.000000 0.000000 0.000000
9.000000 100.072889 12.216504 1.709916 3.039476 0.000000 0.000000 0.000000 1.000000 0.000000 0.000000
9.000000 100.073560 12.237812 1.705257 2.984742 0.000000 0.000000 0.000000 1.000000 0.000000 0.000000
9.000000 100.076379 12.162241 1.704396 2.990026 0.000000 0.000000 0.000000 1.000000 0.000000 0.000000
9.000000 100.079038 12.116315 1.724972 3.035054 0.000000 0.000000 0.000000 1.000000 0.000000 0.000000
9.000000 100.079410 12.007196 1.698965 2.994985 0.000000 0.000000 0.000000 1.000000 0.000000 0.000000
9.000000 100.081378 12.115140 1.714647 2.989813 0.000000 0.000000 0.000000 1.000000 0.000000 0.000000
9.000000 100.082738 12.094981 1.720941 3.019800 0.000000 0.000000 0.000000 1.000000 0.000000 0.000000
9.000000 100.083578 12.138971 1.727880 2.963941 0.000000 0.000000 0.000000 1.000000 0.000000 0.000000
9.000000 100.086416 12.086212 1.720120 2.963922 0.000000 0.000000 0.000000 1.000000 0.000000 0.000000
9.000000 100.089075 12.031131 1.746413 3.006574 0.000000 0.000000 0.000000 1.000000 0.000000 0.000000
9.000000 100.089343 11.890571 1.710189 2.965502 0.000000 0.000000 0.000000 1.000000 0.000000 0.000000
9.000000 100.091316 12.031196 1.727766 2.961573 0.000000 0.000000 0.000000 1.000000 0.000000 0.000000
9.000000 100.092841 12.002896 1.736482 2.993222 0.000000 0.000000 0.000000 1.000000 0.000000 0.000000
9.000000 100.093540 12.043635 1.742138 2.937163 0.000000 0.000000 0.000000 1.000000 0.000000 0.000000
9.000000 100.096365 11.962691 1.742146 2.934704 0.000000 0.000000 0.000000 1.000000 0.000000 0.000000
9.000000 100.099032 11.932618 1.753724 2.977577 0.000000 0.000000 0.000000 1.000000 0.000000 0.000000
9.000000 100.099509 11.804657 1.722113 2.937105 0.000000 0.000000 0.000000 1.000000 0.000000 0.000000
9.000000 100.101467 11.951061 1.741037 2.931948 0.000000 0.000000 0.000000 1.000000 0.000000 0.000000
9.000000 100.102920 11.919758 1.750748 2.965891 0.000000 0.000000 0.000000 1.000000 0.000000 0.000000
9.000000 100.103516 11.957359 1.754060 2.910895 0.000000 0.000000 0.000000 1.000000 0.000000 0.000000
9.000000 100.106485 11.916243 1.744596 2.901467 0.000000 0.000000 0.000000 1.000000 0.000000 0.000000
9.000000 100.109056 11.849689 1.778638 2.941297 0.000000 0.000000 0.000000 1.000000 0.000000 0.000000
9.000000 100.109411 11.710592 1.745533 2.907769 0.000000 0.000000 0.000000 1.000000 0.000000 0.000000
9.000000 100.111368 11.823502 1.762769 2.904104 0.000000 0.000000 0.000000 1.000000 0.000000 0.000000
9.000000 100.112780 11.818530 1.764426 2.930647 0.000000 0.000000 0.000000 1.000000 0.000000 0.000000
9.000000 100.113620 11.865948 1.776414 2.879261 0.000000 0.000000 0.000000 1.000000 0.000000 0.000000
9.000000 100.116424 11.756291 1.786078 2.876178 0.000000 0.000000 0.000000 1.000000 0.000000 0.000000
9.000000 100.119019 11.749262 1.784866 2.915907 0.000000 0.000000 0.000000 1.000000 0.000000 0.000000
9.000000 100.119402 11.615608 1.751731 2.876138 0.000000 0.000000 0.000000 1.000000 0.000000 0.000000
9.000000 100.121494 11.755011 1.769845 2.872206 0.000000 0.000000 0.000000 1.000000 0.000000 0.000000
9.000000 100.122903 11.725930 1.778910 2.902853 0.000000 0.000000 0.000000 1.000000 0.000000 0.000000
9.000000 100.123568 11.765433 1.784387 2.847362 0.000000 0.000000 0.000000 1.000000 0.000000 0.000000
9.000000 100.126403 11.693869 1.782159 2.844717 0.000000 0.000000 0.000000 1.000000 0.000000 0.000000
9.000000 100.129045 11.650499 1.801550 2.886552 0.000000 0.000000 0.000000 1.000000 0.000000 0.000000
9.000000 100.129554 11.494225 1.764625 2.845371 0.000000 0.000000 0.000000 1.000000 0.000000 0.000000
9.000000 100.131332 11.632470 1.785302 2.833974 0.000000 0.000000 0.000000 1.000000 0.000000 0.000000
9.000000 100.132969 11.607806 1.793302 2.865651 0.000000 0.000000 0.000000 1.000000 0.000000 0.000000
9.000000 100.133586 11.664555 1.809538 2.817410 0.000000 0.000000 0.000000 1.000000 0.000000 0.000000
9.000000 100.136428 11.569611 1.814050 2.812156 0.000000 0.000000 0.000000 1.000000 0.000000 0.000000
9.000000 100.139044 11.542080 1.824902 2.848059 0.000000 0.000000 0.000000 1.000000 0.000000 0.000000
9.000000 100.139368 11.401925 1.784960 2.810159 0.000000 0.000000 0.000000 1.000000 0.000000 0.000000
9.000000 100.141447 11.590763 1.803298 2.800368 0.000000 0.000000 0.000000 1.000000 0.000000 0.000000
9.000000 100.142740 11.546103 1.817411 2.833630 0.000000 0.000000 0.000000 1.000000 0.000000 0.000000
9.000000 100.143585 11.571527 1.813611 2.784951 0.000000 0.000000 0.000000 1.000000 0.000000 0.000000
9.000000 100.146536 11.507393 1.809229 2.779301 0.000000 0.000000 0.000000 1.000000 0.000000 0.000000
9.000000 100.149039 11.448737 1.838101 2.813179 0.000000 0.000000 0.000000 1.000000 0.000000 0.000000
9.000000 100.149610 11.314122 1.801789 2.775376 0.000000 0.000000 0.000000 1.000000 0.000000 0.000000
9.000000 100.151418 11.473199 1.818790 2.771641 0.000000 0.000000 0.000000 1.000000 0.000000 0.000000
9.000000 100.152999 11.442967 1.828367 2.802504 0.000000 0.000000 0.000000 1.000000 0.000000 0.000000
9.000000 100.153568 11.480060 1.832448 2.748358 0.000000 0.000000 0.000000 1.000000 0.000000 0.000000
9.000000 100.156482 11.432710 1.824846 2.738865 0.000000 0.000000 0.000000 1.000000 0.000000 0.000000
9.000000 100.159038 11.382985 1.848885 2.775028 0.000000 0.000000 0.000000 1.000000 0.000000 0.000000
9.000000 100.159472 11.246092 1.816887 2.741704 0.000000 0.000000 0.000000 1.000000 0.000000 0.000000
9.000000 100.161407 11.378437 1.835975 2.734967 0.000000 0.000000 0.000000 1.000000 0.000000 0.000000
9.000000 100.162782 11.338323 1.848681 2.765695 0.000000 0.000000 0.000000 1.000000 0.000000 0.000000
9.000000 100.163897 11.379928 1.856603 2.715075 0.000000 0.000000 0.000000 1.000000 0.000000 0.000000
9.000000 100.166460 11.295606 1.858422 2.710919 0.000000 0.000000 0.000000 1.000000 0.000000 0.000000
9.000000 100.169055 11.279725 1.862199 2.750474 0.000000 0.000000 0.000000 1.000000 0.000000 0.000000
9.000000 100.169558 11.128062 1.825897 2.711324 0.000000 0.000000 0.000000 1.000000 0.000000 0.000000
9.000000 100.171497 11.292303 1.848003 2.701169 0.000000 0.000000 0.000000 1.000000 0.000000 0.000000
9.000000 100.172909 11.271858 1.854619 2.727365 0.000000 0.000000 0.000000 1.000000 0.000000 0.000000
9.000000 100.173532 11.317627 1.866969 2.679733 0.000000 0.000000 0.000000 1.000000 0.000000 0.000000
9.000000 100.176348 11.176052 1.884948 2.673452 0.000000 0.000000 0.000000 1.000000 0.000000 0.000000
9.000000 100.179034 11.178611 1.878591 2.710431 0.000000 0.000000 0.000000 1.000000 0.000000 0.000000
9.000000 100.179650 11.046797 1.843258 2.674523 0.000000 0.000000 0.000000 1.000000 0.000000 0.000000
9.000000 100.181497 11.155632 1.855562 2.661606 0.000000 0.000000 0.000000 1.000000 0.000000 0.000000
9.000000 100.182887 11.142305 1.860470 2.687250 0.000000 0.000000 0.000000 1.000000 0.000000 0.000000
9.000000 100.183531 11.204898 1.880617 2.644716 0.000000 0.000000 0.000000 1.000000 0.000000 0.000000
9.000000 100.186495 11.122929 1.881528 2.638372 0.000000 0.000000 0.000000 1.000000 0.000000 0.000000
9.000000 100.189075 11.072261 1.906156 2.665410 0.000000 0.000000 0.000000 1.000000 0.000000 0.000000
9.000000 100.189738 10.949716 1.864499 2.631011 0.000000 0.000000 0.000000 1.000000 0.000000 0.000000
9.000000 100.191497 11.112431 1.873582 2.625073 0.000000 0.000000 0.000000 1.000000 0.000000 0.000000
9.000000 100.192851 11.065030 1.888867 2.655244 0.000000 0.000000 0.000000 1.000000 0.000000 0.000000
9.000000 100.193542 11.118565 1.905158 2.610047 0.000000 0.000000 0.000000 1.000000 0.000000 0.000000
9.000000 100.196347 10.986797 1.920059 2.599251 0.000000 0.000000 0.000000 1.000000 0.000000 0.000000
9.000000 100.199067 10.989718 1.914269 2.629792 0.000000 0.000000 0.000000 1.000000 0.000000 0.000000
9.000000 100.199657 10.877944 1.882344 2.593729 0.000000 0.000000 0.000000 1.000000 0.000000 0.000000
9.000000 100.201447 10.996437 1.893208 2.588060 0.000000 0.000000 0.000000 1.000000 0.000000 0.000000
9.000000 100.202967 10.971096 1.901617 2.613289 0.000000 0.000000 0.000000 1.000000 0.000000 0.000000
9.000000 100.203723 11.016501 1.912552 2.566387 0.000000 0.000000 0.000000 1.000000 0.000000 0.000000
9.000000 100.206515 10.932346 1.915457 2.554218 0.000000 0.000000 0.000000 1.000000 0.000000 0.000000
9.000000 100.209568 10.892686 1.934465 2.579291 0.000000 0.000000 0.000000 1.000000 0.000000 0.000000
9.000000 100.209571 10.777957 1.898687 2.548500 0.000000 0.000000 0.000000 1.000000 0.000000 0.000000
9.000000 100.211378 10.892035 1.905823 2.548931 0.000000 0.000000 0.000000 1.000000 0.000000 0.000000
9.000000 100.212979 10.875830 1.911340 2.574206 0.000000 0.000000 0.000000 1.000000 0.000000 0.000000
9.000000 100.213525 10.921011 1.922542 2.525313 0.000000 0.000000 0.000000 1.000000 0.000000 0.000000
9.000000 100.216424 10.847721 1.921680 2.522109 0.000000 0.000000 0.000000 1.000000 0.000000 0.000000
9.000000 100.219089 10.807358 1.939427 2.558328 0.000000 0.000000 0.000000 1.000000 0.000000 0.000000
9.000000 100.219614 10.621014 1.890431 2.521129 0.000000 0.000000 0.000000 1.000000 0.000000 0.000000
9.000000 100.221476 10.834791 1.914502 2.501811 0.000000 0.000000 0.000000 1.000000 0.000000 0.000000
9.000000 100.222789 10.799425 1.925965 2.524087 0.000000 0.000000 0.000000 1.000000 0.000000 0.000000
9.000000 100.223555 10.844979 1.941171 2.483175 0.000000 0.000000 0.000000 1.000000 0.000000 0.000000
9.000000 100.226506 10.713883 1.958412 2.479717 0.000000 0.000000 0.000000 1.000000 0.000000 0.000000
9.000000 100.229085 10.713558 1.954654 2.509926 0.000000 0.000000 0.000000 1.000000 0.000000 0.000000
9.000000 100.229519 10.553406 1.909090 2.472239 0.000000 0.000000 0.000000 1.000000 0.000000 0.000000
9.000000 100.231369 10.710730 1.923454 2.457806 0.000000 0.000000 0.000000 1.000000 0.000000 0.000000
9.000000 100.232920 10.678841 1.934269 2.485065 0.000000 0.000000 0.000000 1.000000 0.000000 0.000000
9.000000 100.233779 10.734962 1.953239 2.445395 0.000000 0.000000 0.000000 1.000000 0.000000 0.000000
9.000000 100.236438 10.659394 1.954187 2.441018 0.000000 0.000000 0.000000 1.000000 0.000000 0.000000
9.000000 100.239071 10.607549 1.979396 2.466599 0.000000 0.000000 0.000000 1.000000 0.000000 0.000000
9.000000 100.239505 10.459121 1.931740 2.433074 0.000000 0.000000 0.000000 1.000000 0.000000 0.000000
9.000000 100.241477 10.645601 1.944331 2.418696 0.000000 0.000000 0.000000 1.000000 0.000000 0.000000
9.000000 100.242915 10.601130 1.958951 2.444430 0.000000 0.000000 0.000000 1.000000 0.000000 0.000000
9.000000 100.243506 10.643896 1.970491 2.404118 0.000000 0.000000 0.000000 1.000000 0.000000 0.000000
9.000000 100.246495 10.553538 1.975760 2.399903 0.000000 0.000000 0.000000 1.000000 0.000000 0.000000
9.000000 100.249058 10.506960 1.998105 2.423972 0.000000 0.000000 0.000000 1.000000 0.000000 0.000000
9.000000 100.249759 10.346974 1.943226 2.389690 0.000000 0.000000 0.000000 1.000000 0.000000 0.000000
9.000000 100.251399 10.552851 1.953856 2.374390 0.000000 0.000000 0.000000 1.000000 0.000000 0.000000
9.000000 100.252938 10.515242 1.966292 2.397234 0.000000 0.000000 0.000000 1.000000 0.000000 0.000000
9.000000 100.253546 10.561400 1.981165 2.356926 0.000000 0.000000 0.000000 1.000000 0.000000 0.000000
9.000000 100.256501 10.470922 1.986835 2.356790 0.000000 0.000000 0.000000 1.000000 0.000000 0.000000
9.000000 100.259078 10.440786 1.999170 2.388872 0.000000 0.000000 0.000000 1.000000 0.000000 0.000000
9.000000 100.259619 10.254790 1.948822 2.351185 0.000000 0.000000 0.000000 1.000000 0.000000 0.000000
9.000000 100.261462 10.464349 1.970964 2.327801 0.000000 0.000000 0.000000 1.000000 0.000000 0.000000
9.000000 100.262779 10.419599 1.985720 2.351103 0.000000 0.000000 0.000000 1.000000 0.000000 0.000000
9.000000 100.263569 10.470916 2.004320 2.310960 0.000000 0.000000 0.000000 1.000000 0.000000 0.000000
9.000000 100.266513 10.351636 2.017384 2.307410 0.000000 0.000000 0.000000 1.000000 0.000000 0.000000
9.000000 100.269284 10.352750 2.012540 2.339228 0.000000 0.000000 0.000000 1.000000 0.000000 0.000000
9.000000 100.269793 10.181379 1.966689 2.299822 0.000000 0.000000 0.000000 1.000000 0.000000 0.000000
9.000000 100.271426 10.374579 1.987461 2.280418 0.000000 0.000000 0.000000 1.000000 0.000000 0.000000
9.000000 100.272866 10.341459 1.998417 2.300636 0.000000 0.000000 0.000000 1.000000 0.000000 0.000000
9.000000 100.273496 10.380867 2.012107 2.265772 0.000000 0.000000 0.000000 1.000000 0.000000 0.000000
9.000000 100.276456 10.278224 2.023517 2.267778 0.000000 0.000000 0.000000 1.000000 0.000000 0.000000
9.000000 100.279107 10.257636 2.031553 2.291603 0.000000 0.000000 0.000000 1.000000 0.000000 0.000000
9.000000 100.279543 10.096054 1.983235 2.253538 0.000000 0.000000 0.000000 1.000000 0.000000 0.000000
9.000000 100.282915 10.192407 1.987601 2.258444 0.000000 0.000000 0.000000 1.000000 0.000000 0.000000
9.000000 100.283655 10.291514 2.040693 2.221242 0.000000 0.000000 0.000000 1.000000 0.000000 0.000000
9.000000 100.286578 10.121600 2.068686 2.210615 0.000000 0.000000 0.000000 1.000000 0.000000 0.000000
9.000000 100.289128 10.166393 2.040539 2.241941 0.000000 0.000000 0.000000 1.000000 0.000000 0.000000
9.000000 100.289641 9.986946 1.987312 2.204630 0.000000 0.000000 0.000000 1.000000 0.000000 0.000000
9.000000 100.291461 10.209614 2.006249 2.183985 0.000000 0.000000 0.000000 1.000000 0.000000 0.000000
9.000000 100.292962 10.145010 2.027475 2.212350 0.000000 0.000000 0.000000 1.000000 0.000000 0.000000
9.000000 100.293630 10.200355 2.049538 2.168520 0.000000 0.000000 0.000000 1.000000 0.000000 0.000000
9.000000 100.296440 10.063470 2.066584 2.162417 0.000000 0.000000 0.000000 1.000000 0.000000 0.000000
9.000000 100.299368 10.061541 2.063230 2.195475 0.000000 0.000000 0.000000 1.000000 0.000000 0.000000
9.000000 100.299532 9.902480 2.011357 2.162973 0.000000 0.000000 0.000000 1.000000 0.000000 0.000000
9.000000 100.301551 10.122263 2.026375 2.142980 0.000000 0.000000 0.000000 1.000000 0.000000 0.000000
9.000000 100.302831 10.053521 2.048951 2.171093 0.000000 0.000000 0.000000 1.000000 0.000000 0.000000
9.000000 100.303592 10.102960 2.065765 2.123990 0.000000 0.000000 0.000000 1.000000 0.000000 0.000000
9.000000 100.306558 9.996777 2.075450 2.103508 0.000000 0.000000 0.000000 1.000000 0.000000 0.000000
9.000000 100.309103 9.994572 2.073152 2.137749 0.000000 0.000000 0.000000 1.000000 0.000000 0.000000
9.000000 100.309672 9.848841 2.029127 2.119790 0.000000 0.000000 0.000000 1.000000 0.000000 0.000000
9.000000 100.311486 10.015967 2.042295 2.100342 0.000000 0.000000 0.000000 1.000000 0.000000 0.000000
9.000000 100.313021 9.960919 2.060597 2.123419 0.000000 0.000000 0.000000 1.000000 0.000000 0.000000
9.000000 100.313611 10.031113 2.094436 2.082792 0.000000 0.000000 0.000000 1.000000 0.000000 0.000000
9.000000 100.316427 9.822556 2.131078 2.066580 0.000000 0.000000 0.000000 1.000000 0.000000 0.000000
9.000000 100.319124 9.895748 2.087620 2.099075 0.000000 0.000000 0.000000 1.000000 0.000000 0.000000
9.000000 100.319505 9.782660 2.050710 2.065714 0.000000 0.000000 0.000000 1.000000 0.000000 0.000000
9.000000 100.321574 9.913716 2.058496 2.050708 0.000000 0.000000 0.000000 1.000000 0.000000 0.000000
9.000000 100.322904 9.878511 2.070452 2.069569 0.000000 0.000000 0.000000 1.000000 0.000000 0.000000
9.000000 100.323688 9.949338 2.102728 2.023586 0.000000 0.000000 0.000000 1.000000 0.000000 0.000000
9.000000 100.326520 9.777087 2.127190 2.013646 0.000000 0.000000 0.000000 1.000000 0.000000 0.000000
9.000000 100.329120 9.806211 2.106610 2.048796 0.000000 0.000000 0.000000 1.000000 0.000000 0.000000
9.000000 100.329624 9.666934 2.061520 2.012872 0.000000 0.000000 0.000000 1.000000 0.000000 0.000000
9.000000 100.331403 9.841853 2.073253 1.989951 0.000000 0.000000 0.000000 1.000000 0.000000 0.000000
9.000000 100.333002 9.780397 2.094132 2.020100 0.000000 0.000000 0.000000 1.000000 0.000000 0.000000
9.000000 100.333667 9.828863 2.108912 1.981856 0.000000 0.000000 0.000000 1.000000 0.000000 0.000000
9.000000 100.336460 9.723305 2.116433 1.969278 0.000000 0.000000 0.000000 1.000000 0.000000 0.000000
9.000000 100.339146 9.697328 2.127211 1.991180 0.000000 0.000000 0.000000 1.000000 0.000000 0.000000
9.000000 100.339645 9.591411 2.084352 1.961722 0.000000 0.000000 0.000000 1.000000 0.000000 0.000000
9.000000 100.341482 9.744697 2.087417 1.946735 0.000000 0.000000 0.000000 1.000000 0.000000 0.000000
9.000000 100.342983 9.687728 2.106534 1.971129 0.000000 0.000000 0.000000 1.000000 0.000000 0.000000
9.000000 100.343631 9.754369 2.136687 1.925076 0.000000 0.000000 0.000000 1.000000 0.000000 0.000000
9.000000 100.346609 9.572973 2.164008 1.908162 0.000000 0.000000 0.000000 1.000000 0.000000 0.000000
9.000000 100.349163 9.599608 2.146440 1.931597 0.000000 0.000000 0.000000 1.000000 0.000000 0.000000
9.000000 100.349571 9.536861 2.108993 1.902217 0.000000 0.000000 0.000000 1.000000 0.000000 0.000000
9.000000 100.351360 9.648328 2.101746 1.895092 0.000000 0.000000 0.000000 1.000000 0.000000 0.000000
9.000000 100.353123 9.592989 2.120405 1.919014 0.000000 0.000000 0.000000 1.000000 0.000000 0.000000
9.000000 100.353687 9.653692 2.146517 1.873915 0.000000 0.000000 0.000000 1.000000 0.000000 0.000000
9.000000 100.356508 9.542593 2.157042 1.858559 0.000000 0.000000 0.000000 1.000000 0.000000 0.000000
9.000000 100.359152 9.549586 2.150024 1.886046 0.000000 0.000000 0.000000 1.000000 0.000000 0.000000
9.000000 100.359564 9.425879 2.107948 1.859346 0.000000 0.000000 0.000000 1.000000 0.000000 0.000000
9.000000 100.361541 9.565041 2.114293 1.840992 0.000000 0.000000 0.000000 1.000000 0.000000 0.000000
9.000000 100.362978 9.518732 2.129931 1.859687 0.000000 0.000000 0.000000 1.000000 0.000000 0.000000
9.000000 100.363647 9.584125 2.162026 1.818205 0.000000 0.000000 0.000000 1.000000 0.000000 0.000000
9.000000 100.366509 9.388323 2.195170 1.799745 0.000000 0.000000 0.000000 1.000000 0.000000 0.000000
9.000000 100.369403 9.443577 2.162006 1.832200 0.000000 0.000000 0.000000 1.000000 0.000000 0.000000
9.000000 100.369686 9.324060 2.117062 1.803449 0.000000 0.000000 0.000000 1.000000 0.000000 0.000000
9.000000 100.371554 9.497241 2.124119 1.781674 0.000000 0.000000 0.000000 1.000000 0.000000 0.000000
9.000000 100.373101 9.428486 2.146755 1.799771 0.000000 0.000000 0.000000 1.000000 0.000000 0.000000
9.000000 100.373634 9.462262 2.157331 1.756546 0.000000 0.000000 0.000000 1.000000 0.000000 0.000000
9.000000 100.376519 9.383782 2.160826 1.755853 0.000000 0.000000 0.000000 1.000000 0.000000 0.000000
9.000000 100.379138 9.347508 2.176977 1.775926 0.000000 0.000000 0.000000 1.000000 0.000000 0.000000
9.000000 100.379734 9.255024 2.138338 1.747810 0.000000 0.000000 0.000000 1.000000 0.000000 0.000000
9.000000 100.381576 9.376965 2.138821 1.727794 0.000000 0.000000 0.000000 1.000000 0.000000 0.000000
9.000000 100.382958 9.326282 2.156187 1.747394 0.000000 0.000000 0.000000 1.000000 0.000000 0.000000
9.000000 100.383619 9.375276 2.174392 1.709110 0.000000 0.000000 0.000000 1.000000 0.000000 0.000000
9.000000 100.386564 9.301596 2.175882 1.697803 0.000000 0.000000 0.000000 1.000000 0.000000 0.000000
9.000000 100.389163 9.264438 2.193384 1.712323 0.000000 0.000000 0.000000 1.000000 0.000000 0.000000
9.000000 100.389619 9.198932 2.159660 1.689163 0.000000 0.000000 0.000000 1.000000 0.000000 0.000000
9.000000 100.391525 9.301264 2.155706 1.679857 0.000000 0.000000 0.000000 1.000000 0.000000 0.000000
9.000000 100.393196 9.244693 2.174477 1.696032 0.000000 0.000000 0.000000 1.000000 0.000000 0.000000
9.000000 100.393690 9.295183 2.197981 1.650500 0.000000 0.000000 0.000000 1.000000 0.000000 0.000000
9.000000 100.396530 9.176613 2.212261 1.639659 0.000000 0.000000 0.000000 1.000000 0.000000 0.000000
9.000000 100.399168 9.176193 2.210193 1.656366 0.000000 0.000000 0.000000 1.000000 0.000000 0.000000
9.000000 100.399709 9.129660 2.180429 1.631888 0.000000 0.000000 0.000000 1.000000 0.000000 0.000000
9.000000 100.401691 9.203588 2.172321 1.624270 0.000000 0.000000 0.000000 1.000000 0.000000 0.000000
9.000000 100.402947 9.157939 2.187400 1.634556 0.000000 0.000000 0.000000 1.000000 0.000000 0.000000
9.000000 100.403683 9.215834 2.217282 1.588707 0.000000 0.000000 0.000000 1.000000 0.000000 0.000000
9.000000 100.406611 9.060362 2.240767 1.577342 0.000000 0.000000 0.000000 1.000000 0.000000 0.000000
9.000000 100.409188 9.086188 2.223535 1.606867 0.000000 0.000000 0.000000 1.000000 0.000000 0.000000
9.000000 100.409677 8.981825 2.179315 1.580404 0.000000 0.000000 0.000000 1.000000 0.000000 0.000000
9.000000 100.411528 9.124129 2.179890 1.556894 0.000000 0.000000 0.000000 1.000000 0.000000 0.000000
9.000000 100.413205 9.060685 2.200758 1.567961 0.000000 0.000000 0.000000 1.000000 0.000000 0.000000
9.000000 100.413516 9.116770 2.233391 1.528715 0.000000 0.000000 0.000000 1.000000 0.000000 0.000000
9.000000 100.416535 8.946593 2.263968 1.518878 0.000000 0.000000 0.000000 1.000000 0.000000 0.000000
9.000000 100.419345 8.998312 2.233729 1.547289 0.000000 0.000000 0.000000 1.000000 0.000000 0.000000
9.000000 100.419557 8.868956 2.185423 1.516174 0.000000 0.000000 0.000000 1.000000 0.000000 0.000000
9.000000 100.421676 9.041394 2.191939 1.485690 0.000000 0.000000 0.000000 1.000000 0.000000 0.000000
9.000000 100.422923 8.975473 2.215017 1.516023 0.000000 0.000000 0.000000 1.000000 0.000000 0.000000
9.000000 100.423702 9.038053 2.243623 1.478726 0.000000 0.000000 0.000000 1.000000 0.000000 0.000000
9.000000 100.426626 8.871990 2.267181 1.457651 0.000000 0.000000 0.000000 1.000000 0.000000 0.000000
9.000000 100.429153 8.900810 2.248768 1.484794 0.000000 0.000000 0.000000 1.000000 0.000000 0.000000
9.000000 100.429772 8.852921 2.215273 1.464689 0.000000 0.000000 0.000000 1.000000 0.000000 0.000000
9.000000 100.431519 8.988184 2.212903 1.444037 0.000000 0.000000 0.000000 1.000000 0.000000 0.000000
9.000000 100.432983 8.899957 2.242553 1.469181 0.000000 0.000000 0.000000 1.000000 0.000000 0.000000
9.000000 100.433741 8.937192 2.252417 1.420893 0.000000 0.000000 0.000000 1.000000 0.000000 0.000000
9.000000 100.436589 8.834384 2.258758 1.403577 0.000000 0.000000 0.000000 1.000000 0.000000 0.000000
9.000000 100.439162 8.832015 2.257120 1.424511 0.000000 0.000000 0.000000 1.000000 0.000000 0.000000
9.000000 100.439575 8.796598 2.232711 1.404284 0.000000 0.000000 0.000000 1.000000 0.000000 0.000000
9.000000 100.441711 8.854697 2.225410 1.394935 0.000000 0.000000 0.000000 1.000000 0.000000 0.000000
9.000000 100.442871 8.798808 2.244095 1.407145 0.000000 0.000000 0.000000 1.000000 0.000000 0.000000
9.000000 100.443732 8.856105 2.273916 1.361280 0.000000 0.000000 0.000000 1.000000 0.000000 0.000000
9.000000 100.446611 8.700579 2.297483 1.339260 0.000000 0.000000 0.000000 1.000000 0.000000 0.000000
9.000000 100.449176 8.699818 2.295368 1.360231 0.000000 0.000000 0.000000 1.000000 0.000000 0.000000
9.000000 100.449739 8.671532 2.257671 1.348951 0.000000 0.000000 0.000000 1.000000 0.000000 0.000000
9.000000 100.451528 8.773288 2.242341 1.332297 0.000000 0.000000 0.000000 1.000000 0.000000 0.000000
9.000000 100.452960 8.714576 2.262041 1.346013 0.000000 0.000000 0.000000 1.000000 0.000000 0.000000
9.000000 100.453735 8.768523 2.286870 1.295418 0.000000 0.000000 0.000000 1.000000 0.000000 0.000000
9.000000 100.456594 8.624467 2.305663 1.264337 0.000000 0.000000 0.000000 1.000000 0.000000 0.000000
9.000000 100.459155 8.632839 2.298595 1.290564 0.000000 0.000000 0.000000 1.000000 0.000000 0.000000
9.000000 100.459655 8.592145 2.261641 1.285177 0.000000 0.000000 0.000000 1.000000 0.000000 0.000000
9.000000 100.461480 8.691469 2.249311 1.268218 0.000000 0.000000 0.000000 1.000000 0.000000 0.000000
9.000000 100.462924 8.619533 2.273413 1.283972 0.000000 0.000000 0.000000 1.000000 0.000000 0.000000
9.000000 100.463757 8.680065 2.305649 1.233241 0.000000 0.000000 0.000000 1.000000 0.000000 0.000000
9.000000 100.466774 8.517784 2.329579 1.209677 0.000000 0.000000 0.000000 1.000000 0.000000 0.000000
9.000000 100.469332 8.549049 2.310084 1.239654 0.000000 0.000000 0.000000 1.000000 0.000000 0.000000
9.000000 100.469726 8.501743 2.274963 1.226356 0.000000 0.000000 0.000000 1.000000 0.000000 0.000000
9.000000 100.471393 8.601197 2.266166 1.206642 0.000000 0.000000 0.000000 1.000000 0.000000 0.000000
9.000000 100.473192 8.536216 2.287922 1.219848 0.000000 0.000000 0.000000 1.000000 0.000000 0.000000
9.000000 100.473634 8.579350 2.309318 1.178726 0.000000 0.000000 0.000000 1.000000 0.000000 0.000000
9.000000 100.476763 8.466280 2.324464 1.154878 0.000000 0.000000 0.000000 1.000000 0.000000 0.000000
9.000000 100.479163 8.464005 2.323964 1.171361 0.000000 0.000000 0.000000 1.000000 0.000000 0.000000
9.000000 100.479556 8.427790 2.290144 1.163959 0.000000 0.000000 0.000000 1.000000 0.000000 0.000000
9.000000 100.481564 8.510793 2.278357 1.138134 0.000000 0.000000 0.000000 1.000000 0.000000 0.000000
9.000000 100.482907 8.441997 2.301805 1.152541 0.000000 0.000000 0.000000 1.000000 0.000000 0.000000
9.000000 100.483858 8.485952 2.322760 1.121794 0.000000 0.000000 0.000000 1.000000 0.000000 0.000000
9.000000 100.486750 8.407469 2.330753 1.092145 0.000000 0.000000 0.000000 1.000000 0.000000 0.000000
9.000000 100.489210 8.374571 2.347012 1.098015 0.000000 0.000000 0.000000 1.000000 0.000000 0.000000
9.000000 100.489773 8.343788 2.309267 1.097686 0.000000 0.000000 0.000000 1.000000 0.000000 0.000000
9.000000 100.491423 8.425625 2.291593 1.081871 0.000000 0.000000 0.000000 1.000000 0.000000 0.000000
9.000000 100.492993 8.353453 2.316018 1.098696 0.000000 0.000000 0.000000 1.000000 0.000000 0.000000
9.000000 100.493705 8.400889 2.340942 1.056801 0.000000 0.000000 0.000000 1.000000 0.000000 0.000000
9.000000 100.496729 8.302956 2.352553 1.029464 0.000000 0.000000 0.000000 1.000000 0.000000 0.000000
9.000000 100.499279 8.283342 2.361319 1.041882 0.000000 0.000000 0.000000 1.000000 0.000000 0.000000
9.000000 100.499595 8.242428 2.317606 1.037699 0.000000 0.000000 0.000000 1.000000 0.000000 0.000000
9.000000 100.501525 8.360924 2.302012 1.014051 0.000000 0.000000 0.000000 1.000000 0.000000 0.000000
9.000000 100.502998 8.262137 2.335645 1.039852 0.000000 0.000000 0.000000 1.000000 0.000000 0.000000
9.000000 100.503954 8.312251 2.362694 0.995905 0.000000 0.000000 0.000000 1.000000 0.000000 0.000000
9.000000 100.506810 8.152134 2.388698 0.961316 0.000000 0.000000 0.000000 1.000000 0.000000 0.000000
9.000000 100.509215 8.196106 2.364939 0.977498 0.000000 0.000000 0.000000 1.000000 0.000000 0.000000
9.000000 100.509948 8.188630 2.335205 0.967909 0.000000 0.000000 0.000000 1.000000 0.000000 0.000000
9.000000 100.511418 8.257726 2.319014 0.951746 0.000000 0.000000 0.000000 1.000000 0.000000 0.000000
9.000000 100.513026 8.177379 2.346238 0.969445 0.000000 0.000000 0.000000 1.000000 0.000000 0.000000
9.000000 100.513631 8.215760 2.366023 0.932504 0.000000 0.000000 0.000000 1.000000 0.000000 0.000000
9.000000 100.516760 8.099581 2.383177 0.904952 0.000000 0.000000 0.000000 1.000000 0.000000 0.000000
9.000000 100.519255 8.109013 2.377524 0.914602 0.000000 0.000000 0.000000 1.000000 0.000000 0.000000
9.000000 100.519683 8.089329 2.343725 0.905747 0.000000 0.000000 0.000000 1.000000 0.000000 0.000000
9.000000 100.521519 8.172719 2.328487 0.884744 0.000000 0.000000 0.000000 1.000000 0.000000 0.000000
9.000000 100.523035 8.103578 2.351578 0.895667 0.000000 0.000000 0.000000 1.000000 0.000000 0.000000
9.000000 100.523638 8.149653 2.379895 0.855757 0.000000 0.000000 0.000000 1.000000 0.000000 0.000000
9.000000 100.526723 8.020056 2.400942 0.835382 0.000000 0.000000 0.000000 1.000000 0.000000 0.000000
9.000000 100.529220 8.033355 2.392680 0.850190 0.000000 0.000000 0.000000 1.000000 0.000000 0.000000
9.000000 100.529848 8.007424 2.358923 0.838080 0.000000 0.000000 0.000000 1.000000 0.000000 0.000000
9.000000 100.531425 8.078338 2.343347 0.815915 0.000000 0.000000 0.000000 1.000000 0.000000 0.000000
9.000000 100.532962 7.998871 2.370297 0.831233 0.000000 0.000000 0.000000 1.000000 0.000000 0.000000
9.000000 100.533707 8.045722 2.397263 0.793074 0.000000 0.000000 0.000000 1.000000 0.000000 0.000000
9.000000 100.536711 7.946130 2.409861 0.774814 0.000000 0.000000 0.000000 1.000000 0.000000 0.000000
9.000000 100.539297 7.945899 2.409761 0.776321 0.000000 0.000000 0.000000 1.000000 0.000000 0.000000
9.000000 100.539698 7.964318 2.381392 0.760765 0.000000 0.000000 0.000000 1.000000 0.000000 0.000000
9.000000 100.541599 8.006502 2.357323 0.747965 0.000000 0.000000 0.000000 1.000000 0.000000 0.000000
9.000000 100.542922 7.920879 2.385941 0.761117 0.000000 0.000000 0.000000 1.000000 0.000000 0.000000
9.000000 100.543719 7.977669 2.426807 0.721456 0.000000 0.000000 0.000000 1.000000 0.000000 0.000000
9.000000 100.546695 7.801347 2.462259 0.689507 0.000000 0.000000 0.000000 1.000000 0.000000 0.000000
9.000000 100.549697 7.927841 2.380014 0.703770 0.000000 0.000000 0.000000 1.000000 0.000000 0.000000
9.000000 100.549939 7.868940 2.392568 0.694870 0.000000 0.000000 0.000000 1.000000 0.000000 0.000000
9.000000 100.551442 7.822154 2.411075 0.694970 0.000000 0.000000 0.000000 1.000000 0.000000 0.000000
9.000000 100.552994 7.838608 2.396079 0.689645 0.000000 0.000000 0.000000 1.000000 0.000000 0.000000
9.000000 100.553670 7.885123 2.426674 0.646563 0.000000 0.000000 0.000000 1.000000 0.000000 0.000000
9.000000 100.556609 7.732985 2.453646 0.616929 0.000000 0.000000 0.000000 1.000000 0.000000 0.000000
9.000000 100.559320 7.770126 2.433253 0.636963 0.000000 0.000000 0.000000 1.000000 0.000000 0.000000
9.000000 100.559690 7.764459 2.401768 0.633912 0.000000 0.000000 0.000000 1.000000 0.000000 0.000000
9.000000 100.561566 7.833185 2.384107 0.611011 0.000000 0.000000 0.000000 1.000000 0.000000 0.000000
9.000000 100.562944 7.752286 2.410834 0.619776 0.000000 0.000000 0.000000 1.000000 0.000000 0.000000
9.000000 100.563764 7.805916 2.451332 0.579150 0.000000 0.000000 0.000000 1.000000 0.000000 0.000000
9.000000 100.566651 7.587659 2.497214 0.543425 0.000000 0.000000 0.000000 1.000000 0.000000 0.000000
9.000000 100.569234 7.685432 2.446660 0.566998 0.000000 0.000000 0.000000 1.000000 0.000000 0.000000
9.000000 100.569840 7.693352 2.414259 0.559470 0.000000 0.000000 0.000000 1.000000 0.000000 0.000000
9.000000 100.571472 7.764664 2.393699 0.534313 0.000000 0.000000 0.000000 1.000000 0.000000 0.000000
9.000000 100.572987 7.674784 2.424082 0.550536 0.000000 0.000000 0.000000 1.000000 0.000000 0.000000
9.000000 100.573734 7.714561 2.448556 0.512822 0.000000 0.000000 0.000000 1.000000 0.000000 0.000000
9.000000 100.576574 7.576071 2.471609 0.488233 0.000000 0.000000 0.000000 1.000000 0.000000 0.000000
9.000000 100.579668 7.650130 2.415686 0.501295 0.000000 0.000000 0.000000 1.000000 0.000000 0.000000
9.000000 100.579947 7.621668 2.429341 0.486154 0.000000 0.000000 0.000000 1.000000 0.000000 0.000000
9.000000 100.581557 7.571940 2.444321 0.484953 0.000000 0.000000 0.000000 1.000000 0.000000 0.000000
9.000000 100.582912 7.569810 2.436532 0.484948 0.000000 0.000000 0.000000 1.000000 0.000000 0.000000
9.000000 100.583669 7.628416 2.479994 0.441850 0.000000 0.000000 0.000000 1.000000 0.000000 0.000000
9.000000 100.586717 7.377136 2.532618 0.392786 0.000000 0.000000 0.000000 1.000000 0.000000 0.000000
9.000000 100.589315 7.484004 2.478315 0.413690 0.000000 0.000000 0.000000 1.000000 0.000000 0.000000
9.000000 100.589729 7.537650 2.450297 0.412772 0.000000 0.000000 0.000000 1.000000 0.000000 0.000000
9.000000 100.591591 7.582799 2.420692 0.394858 0.000000 0.000000 0.000000 1.000000 0.000000 0.000000
9.000000 100.593037 7.489508 2.451889 0.408589 0.000000 0.000000 0.000000 1.000000 0.000000 0.000000
9.000000 100.593686 7.534440 2.485566 0.368628 0.000000 0.000000 0.000000 1.000000 0.000000 0.000000
9.000000 100.596684 7.316395 2.530519 0.329157 0.000000 0.000000 0.000000 1.000000 0.000000 0.000000
9.000000 100.599658 7.473630 2.435753 0.356479 0.000000 0.000000 0.000000 1.000000 0.000000 0.000000
9.000000 100.599671 7.445099 2.462043 0.345620 0.000000 0.000000 0.000000 1.000000 0.000000 0.000000
9.000000 100.601650 7.382807 2.483558 0.344517 0.000000 0.000000 0.000000 1.000000 0.000000 0.000000
9.000000 100.602985 7.408178 2.463620 0.334189 0.000000 0.000000 0.000000 1.000000 0.000000 0.000000
9.000000 100.603728 7.454534 2.498286 0.292578 0.000000 0.000000 0.000000 1.000000 0.000000 0.000000
9.000000 100.606848 7.293399 2.529360 0.258330 0.000000 0.000000 0.000000 1.000000 0.000000 0.000000
9.000000 100.609395 7.337729 2.506541 0.271139 0.000000 0.000000 0.000000 1.000000 0.000000 0.000000
9.000000 100.609784 7.367480 2.473090 0.269943 0.000000 0.000000 0.000000 1.000000 0.000000 0.000000
9.000000 100.611607 7.422442 2.444908 0.245438 0.000000 0.000000 0.000000 1.000000 0.000000 0.000000
9.000000 100.613064 7.323865 2.477941 0.260262 0.000000 0.000000 0.000000 1.000000 0.000000 0.000000
9.000000 100.613775 7.375663 2.519798 0.220256 0.000000 0.000000 0.000000 1.000000 0.000000 0.000000
9.000000 100.616708 7.169992 2.562952 0.187076 0.000000 0.000000 0.000000 1.000000 0.000000 0.000000
9.000000 100.619317 7.255482 2.519237 0.208986 0.000000 0.000000 0.000000 1.000000 0.000000 0.000000
9.000000 100.619621 7.277873 2.485721 0.201667 0.000000 0.000000 0.000000 1.000000 0.000000 0.000000
9.000000 100.621620 7.333302 2.459336 0.174863 0.000000 0.000000 0.000000 1.000000 0.000000 0.000000
9.000000 100.622989 7.245075 2.487437 0.175345 0.000000 0.000000 0.000000 1.000000 0.000000 0.000000
9.000000 100.624006 7.290010 2.533048 0.138621 0.000000 0.000000 0.000000 1.000000 0.000000 0.000000
9.000000 100.626932 7.087579 2.581439 0.113182 0.000000 0.000000 0.000000 1.000000 0.000000 0.000000
9.000000 100.629720 7.243455 2.483554 0.134711 0.000000 0.000000 0.000000 1.000000 0.000000 0.000000
9.000000 100.631536 7.258737 2.472123 0.093772 0.000000 0.000000 0.000000 1.000000 0.000000 0.000000
9.000000 100.633068 7.155724 2.506437 0.106947 0.000000 0.000000 0.000000 1.000000 0.000000 0.000000
9.000000 100.633760 7.199412 2.541900 0.069115 0.000000 0.000000 0.000000 1.000000 0.000000 0.000000
9.000000 100.636579 6.964753 2.592352 0.019404 0.000000 0.000000 0.000000 1.000000 0.000000 0.000000
9.000000 100.639694 7.146977 2.491259 0.051901 0.000000 0.000000 0.000000 1.000000 0.000000 0.000000
9.000000 100.641638 7.162468 2.487137 0.027001 0.000000 0.000000 0.000000 1.000000 0.000000 0.000000
9.000000 100.642991 7.068385 2.517723 0.034094 0.000000 0.000000 0.000000 1.000000 0.000000 0.000000
9.000000 100.643867 7.106571 2.551390 -0.010022 0.000000 0.000000 0.000000 1.000000 0.000000 0.000000
9.000000 100.646869 6.785096 2.621895 -0.067239 0.000000 0.000000 0.000000 1.000000 0.000000 0.000000
9.000000 100.649750 7.072610 2.483525 0.012601 0.000000 0.000000 0.000000 1.000000 0.000000 0.000000
9.000000 100.651550 7.101399 2.494370 0.011502 0.000000 0.000000 0.000000 1.000000 0.000000 0.000000
9.000000 100.653149 7.014788 2.524960 0.039620 0.000000 0.000000 0.000000 1.000000 0.000000 0.000000
9.000000 100.653731 7.066229 2.568482 0.007300 0.000000 0.000000 0.000000 1.000000 0.000000 0.000000
9.000000 100.656835 6.856628 2.613032 -0.013819 0.000000 0.000000 0.000000 1.000000 0.000000 0.000000
9.000000 100.659759 7.073784 2.501049 0.054398 0.000000 0.000000 0.000000 1.000000 0.000000 0.000000
9.000000 100.661701 7.070316 2.499832 0.058392 0.000000 0.000000 0.000000 1.000000 0.000000 0.000000
9.000000 100.662998 6.964074 2.537607 0.094579 0.000000 0.000000 0.000000 1.000000 0.000000 0.000000
9.000000 100.663855 7.011826 2.578848 0.063815 0.000000 0.000000 0.000000 1.000000 0.000000 0.000000
9.000000 100.666885 6.754047 2.634337 0.043445 0.000000 0.000000 0.000000 1.000000 0.000000 0.000000
9.000000 100.669799 6.992414 2.508251 0.120480 0.000000 0.000000 0.000000 1.000000 0.000000 0.000000
9.000000 100.671521 7.011902 2.509381 0.113727 0.000000 0.000000 0.000000 1.000000 0.000000 0.000000
9.000000 100.673068 6.929338 2.538745 0.141411 0.000000 0.000000 0.000000 1.000000 0.000000 0.000000
9.000000 100.673757 6.980061 2.580971 0.107066 0.000000 0.000000 0.000000 1.000000 0.000000 0.000000
9.000000 100.676754 6.728437 2.632379 0.093432 0.000000 0.000000 0.000000 1.000000 0.000000 0.000000
9.000000 100.679747 6.949326 2.512310 0.172773 0.000000 0.000000 0.000000 1.000000 0.000000 0.000000
9.000000 100.681572 6.982303 2.515275 0.155676 0.000000 0.000000 0.000000 1.000000 0.000000 0.000000
9.000000 100.682990 6.875840 2.553538 0.192243 0.000000 0.000000 0.000000 1.000000 0.000000 0.000000
9.000000 100.683896 6.923922 2.593832 0.165711 0.000000 0.000000 0.000000 1.000000 0.000000 0.000000
9.000000 100.686676 6.638737 2.656320 0.134254 0.000000 0.000000 0.000000 1.000000 0.000000 0.000000
9.000000 100.689751 6.909739 2.519517 0.214217 0.000000 0.000000 0.000000 1.000000 0.000000 0.000000
9.000000 100.691522 6.924100 2.523001 0.213555 0.000000 0.000000 0.000000 1.000000 0.000000 0.000000
9.000000 100.693008 6.831905 2.556297 0.246573 0.000000 0.000000 0.000000 1.000000 0.000000 0.000000
9.000000 100.693741 6.889884 2.602867 0.209198 0.000000 0.000000 0.000000 1.000000 0.000000 0.000000
9.000000 100.696681 6.558451 2.672107 0.175172 0.000000 0.000000 0.000000 1.000000 0.000000 0.000000
9.000000 100.699686 6.845126 2.525647 0.268116 0.000000 0.000000 0.000000 1.000000 0.000000 0.000000
9.000000 100.701596 6.878630 2.532700 0.260970 0.000000 0.000000 0.000000 1.000000 0.000000 0.000000
9.000000 100.702975 6.790863 2.564650 0.293956 0.000000 0.000000 0.000000 1.000000 0.000000 0.000000
9.000000 100.703940 6.843270 2.607423 0.262729 0.000000 0.000000 0.000000 1.000000 0.000000 0.000000
9.000000 100.706768 6.463592 2.689912 0.218767 0.000000 0.000000 0.000000 1.000000 0.000000 0.000000
9.000000 100.709717 6.792636 2.524983 0.315698 0.000000 0.000000 0.000000 1.000000 0.000000 0.000000
9.000000 100.711528 6.841680 2.536115 0.305119 0.000000 0.000000 0.000000 1.000000 0.000000 0.000000
9.000000 100.713067 6.742841 2.571957 0.340223 0.000000 0.000000 0.000000 1.000000 0.000000 0.000000
9.000000 100.713712 6.793546 2.615161 0.309795 0.000000 0.000000 0.000000 1.000000 0.000000 0.000000
9.000000 100.716596 6.654676 2.642177 0.307092 0.000000 0.000000 0.000000 1.000000 0.000000 0.000000
9.000000 100.719629 6.810372 2.552691 0.354297 0.000000 0.000000 0.000000 1.000000 0.000000 0.000000
9.000000 100.721645 6.795414 2.542130 0.352517 0.000000 0.000000 0.000000 1.000000 0.000000 0.000000
9.000000 100.723149 6.705112 2.574256 0.379052 0.000000 0.000000 0.000000 1.000000 0.000000 0.000000
9.000000 100.723846 6.743210 2.605756 0.343449 0.000000 0.000000 0.000000 1.000000 0.000000 0.000000
9.000000 100.726866 6.658839 2.616692 0.357506 0.000000 0.000000 0.000000 1.000000 0.000000 0.000000
9.000000 100.729984 6.750811 2.558282 0.404440 0.000000 0.000000 0.000000 1.000000 0.000000 0.000000
9.000000 100.731532 6.733983 2.548624 0.400716 0.000000 0.000000 0.000000 1.000000 0.000000 0.000000
9.000000 100.733117 6.643054 2.582013 0.433329 0.000000 0.000000 0.000000 1.000000 0.000000 0.000000
9.000000 100.733778 6.705463 2.633922 0.400446 0.000000 0.000000 0.000000 1.000000 0.000000 0.000000
9.000000 100.736770 6.541491 2.665238 0.395602 0.000000 0.000000 0.000000 1.000000 0.000000 0.000000
9.000000 100.739786 6.711617 2.567125 0.447284 0.000000 0.000000 0.000000 1.000000 0.000000 0.000000
9.000000 100.741673 6.708900 2.558134 0.439445 0.000000 0.000000 0.000000 1.000000 0.000000 0.000000
9.000000 100.743174 6.614071 2.593277 0.477073 0.000000 0.000000 0.000000 1.000000 0.000000 0.000000
9.000000 100.743859 6.666735 2.635843 0.446957 0.000000 0.000000 0.000000 1.000000 0.000000 0.000000
9.000000 100.746730 6.407245 2.690891 0.409578 0.000000 0.000000 0.000000 1.000000 0.000000 0.000000
9.000000 100.749958 6.670448 2.561506 0.476986 0.000000 0.000000 0.000000 1.000000 0.000000 0.000000
9.000000 100.751576 6.671577 2.563352 0.482371 0.000000 0.000000 0.000000 1.000000 0.000000 0.000000
9.000000 100.753084 6.569226 2.600498 0.515343 0.000000 0.000000 0.000000 1.000000 0.000000 0.000000
9.000000 100.753746 6.621379 2.648132 0.486074 0.000000 0.000000 0.000000 1.000000 0.000000 0.000000
9.000000 100.756704 6.337690 2.711917 0.454262 0.000000 0.000000 0.000000 1.000000 0.000000 0.000000
9.000000 100.759896 6.627733 2.566454 0.524264 0.000000 0.000000 0.000000 1.000000 0.000000 0.000000
9.000000 100.761624 6.628996 2.566271 0.523005 0.000000 0.000000 0.000000 1.000000 0.000000 0.000000
9.000000 100.763001 6.517688 2.607226 0.561122 0.000000 0.000000 0.000000 1.000000 0.000000 0.000000
9.000000 100.763897 6.578843 2.659184 0.528720 0.000000 0.000000 0.000000 1.000000 0.000000 0.000000
9.000000 100.766819 6.307956 2.717170 0.497511 0.000000 0.000000 0.000000 1.000000 0.000000 0.000000
9.000000 100.769809 6.587005 2.572985 0.563859 0.000000 0.000000 0.000000 1.000000 0.000000 0.000000
9.000000 100.771551 6.591376 2.569972 0.560659 0.000000 0.000000 0.000000 1.000000 0.000000 0.000000
9.000000 100.773112 6.471093 2.613498 0.596111 0.000000 0.000000 0.000000 1.000000 0.000000 0.000000
9.000000 100.773793 6.515435 2.653454 0.561113 0.000000 0.000000 0.000000 1.000000 0.000000 0.000000
9.000000 100.776768 6.383520 2.678080 0.563728 0.000000 0.000000 0.000000 1.000000 0.000000 0.000000
9.000000 100.779934 6.545287 2.586123 0.612675 0.000000 0.000000 0.000000 1.000000 0.000000 0.000000
9.000000 100.781631 6.547332 2.579524 0.600101 0.000000 0.000000 0.000000 1.000000 0.000000 0.000000
9.000000 100.783052 6.434309 2.621563 0.640616 0.000000 0.000000 0.000000 1.000000 0.000000 0.000000
9.000000 100.783899 6.483630 2.659159 0.609168 0.000000 0.000000 0.000000 1.000000 0.000000 0.000000
9.000000 100.786803 6.342438 2.682403 0.605552 0.000000 0.000000 0.000000 1.000000 0.000000 0.000000
9.000000 100.789948 6.495393 2.591041 0.650988 0.000000 0.000000 0.000000 1.000000 0.000000 0.000000
9.000000 100.791553 6.513061 2.584440 0.633579 0.000000 0.000000 0.000000 1.000000 0.000000 0.000000
9.000000 100.793171 6.389691 2.630574 0.680690 0.000000 0.000000 0.000000 1.000000 0.000000 0.000000
9.000000 100.793807 6.435207 2.665303 0.648705 0.000000 0.000000 0.000000 1.000000 0.000000 0.000000
9.000000 100.796759 6.286454 2.690810 0.639939 0.000000 0.000000 0.000000 1.000000 0.000000 0.000000
9.000000 100.799821 6.444466 2.597513 0.681607 0.000000 0.000000 0.000000 1.000000 0.000000 0.000000
9.000000 100.801919 6.468085 2.591575 0.666378 0.000000 0.000000 0.000000 1.000000 0.000000 0.000000
9.000000 100.803050 6.340506 2.639589 0.718190 0.000000 0.000000 0.000000 1.000000 0.000000 0.000000
9.000000 100.803981 6.399078 2.690889 0.687782 0.000000 0.000000 0.000000 1.000000 0.000000 0.000000
9.000000 100.806894 6.183693 2.735793 0.673174 0.000000 0.000000 0.000000 1.000000 0.000000 0.000000
9.000000 100.809778 6.421689 2.600364 0.720058 0.000000 0.000000 0.000000 1.000000 0.000000 0.000000
9.000000 100.811690 6.442841 2.591211 0.699116 0.000000 0.000000 0.000000 1.000000 0.000000 0.000000
9.000000 100.813108 6.303109 2.644047 0.755822 0.000000 0.000000 0.000000 1.000000 0.000000 0.000000
9.000000 100.813870 6.350875 2.680974 0.724567 0.000000 0.000000 0.000000 1.000000 0.000000 0.000000
9.000000 100.816650 6.176477 2.713278 0.705869 0.000000 0.000000 0.000000 1.000000 0.000000 0.000000
9.000000 100.819839 6.379765 2.597692 0.746297 0.000000 0.000000 0.000000 1.000000 0.000000 0.000000
9.000000 100.821893 6.406474 2.591106 0.730721 0.000000 0.000000 0.000000 1.000000 0.000000 0.000000
9.000000 100.823097 6.262502 2.644935 0.783977 0.000000 0.000000 0.000000 1.000000 0.000000 0.000000
9.000000 100.823920 6.306997 2.686101 0.754226 0.000000 0.000000 0.000000 1.000000 0.000000 0.000000
9.000000 100.826720 5.903419 2.774358 0.726186 0.000000 0.000000 0.000000 1.000000 0.000000 0.000000
9.000000 100.831614 6.209586 2.642179 0.817847 0.000000 0.000000 0.000000 1.000000 0.000000 0.000000
9.000000 100.833093 6.230332 2.655453 0.818541 0.000000 0.000000 0.000000 1.000000 0.000000 0.000000
9.000000 100.833844 6.283109 2.701832 0.793747 0.000000 0.000000 0.000000 1.000000 0.000000 0.000000
9.000000 100.836704 5.781841 2.813122 0.748528 0.000000 0.000000 0.000000 1.000000 0.000000 0.000000
9.000000 100.841654 6.162808 2.644931 0.849674 0.000000 0.000000 0.000000 1.000000 0.000000 0.000000
9.000000 100.842984 6.200436 2.651552 0.844543 0.000000 0.000000 0.000000 1.000000 0.000000 0.000000
9.000000 100.843953 6.245655 2.689209 0.818974 0.000000 0.000000 0.000000 1.000000 0.000000 0.000000
9.000000 100.846933 5.693936 2.809402 0.770293 0.000000 0.000000 0.000000 1.000000 0.000000 0.000000
9.000000 100.851631 6.103443 2.642927 0.883728 0.000000 0.000000 0.000000 1.000000 0.000000 0.000000
9.000000 100.853806 6.201202 2.675685 0.856803 0.000000 0.000000 0.000000 1.000000 0.000000 0.000000
9.000000 100.856664 5.986084 2.757700 0.839160 0.000000 0.000000 0.000000 1.000000 0.000000 0.000000
9.000000 100.861718 6.177681 2.652800 0.891439 0.000000 0.000000 0.000000 1.000000 0.000000 0.000000
9.000000 100.863934 6.180517 2.676610 0.882375 0.000000 0.000000 0.000000 1.000000 0.000000 0.000000
9.000000 100.866831 5.697484 2.820165 0.839228 0.000000 0.000000 0.000000 1.000000 0.000000 0.000000
9.000000 100.871701 6.067021 2.655232 0.935681 0.000000 0.000000 0.000000 1.000000 0.000000 0.000000
9.000000 100.876708 6.081634 2.672624 0.937973 0.000000 0.000000 0.000000 1.000000 0.000000 0.000000
9.000000 100.881698 6.099240 2.656417 0.939585 0.000000 0.000000 0.000000 1.000000 0.000000 0.000000
9.000000 100.884014 6.120923 2.665090 0.923416 0.000000 0.000000 0.000000 1.000000 0.000000 0.000000
9.000000 100.886763 5.765489 2.773468 0.904905 0.000000 0.000000 0.000000 1.000000 0.000000 0.000000
9.000000 100.891817 6.003261 2.666340 0.983651 0.000000 0.000000 0.000000 1.000000 0.000000 0.000000
9.000000 100.893904 6.083669 2.670571 0.957085 0.000000 0.000000 0.000000 1.000000 0.000000 0.000000
9.000000 100.896831 5.914649 2.729016 0.962310 0.000000 0.000000 0.000000 1.000000 0.000000 0.000000
9.000000 100.901794 5.980542 2.685236 1.006656 0.000000 0.000000 0.000000 1.000000 0.000000 0.000000
9.000000 100.903940 6.040245 2.679581 0.980280 0.000000 0.000000 0.000000 1.000000 0.000000 0.000000
9.000000 100.906802 5.802339 2.757282 0.967805 0.000000 0.000000 0.000000 1.000000 0.000000 0.000000
9.000000 100.911896 5.979257 2.669092 1.022649 0.000000 0.000000 0.000000 1.000000 0.000000 0.000000
9.000000 100.913852 5.996996 2.684596 1.012917 0.000000 0.000000 0.000000 1.000000 0.000000 0.000000
9.000000 100.916825 5.593655 2.796813 0.989327 0.000000 0.000000 0.000000 1.000000 0.000000 0.000000
9.000000 100.921963 5.854037 2.686433 1.069092 0.000000 0.000000 0.000000 1.000000 0.000000 0.000000
9.000000 100.924013 5.926674 2.703530 1.046218 0.000000 0.000000 0.000000 1.000000 0.000000 0.000000
9.000000 100.926852 5.773082 2.763283 1.042340 0.000000 0.000000 0.000000 1.000000 0.000000 0.000000
9.000000 100.931895 5.857861 2.705438 1.077989 0.000000 0.000000 0.000000 1.000000 0.000000 0.000000
9.000000 100.933949 5.860057 2.716415 1.068051 0.000000 0.000000 0.000000 1.000000 0.000000 0.000000
9.000000 100.936733 5.719797 2.773076 1.065001 0.000000 0.000000 0.000000 1.000000 0.000000 0.000000
9.000000 100.941729 5.824952 2.709415 1.102772 0.000000 0.000000 0.000000 1.000000 0.000000 0.000000
9.000000 100.944054 5.858983 2.709176 1.084042 0.000000 0.000000 0.000000 1.000000 0.000000 0.000000
9.000000 100.946764 5.699652 2.766710 1.087364 0.000000 0.000000 0.000000 1.000000 0.000000 0.000000
9.000000 100.951635 5.764746 2.722093 1.127303 0.000000 0.000000 0.000000 1.000000 0.000000 0.000000
9.000000 100.953998 5.819188 2.722983 1.100764 0.000000 0.000000 0.000000 1.000000 0.000000 0.000000
9.000000 100.961904 5.831864 2.713577 1.104687 0.000000 0.000000 0.000000 1.000000 0.000000 0.000000
9.000000 100.963938 5.745610 2.735687 1.134480 0.000000 0.000000 0.000000 1.000000 0.000000 0.000000
9.000000 100.966812 5.241586 2.876533 1.095108 0.000000 0.000000 0.000000 1.000000 0.000000 0.000000
9.000000 100.971736 5.601157 2.728141 1.184867 0.000000 0.000000 0.000000 1.000000 0.000000 0.000000
9.000000 100.973973 5.700145 2.741972 1.155130 0.000000 0.000000 0.000000 1.000000 0.000000 0.000000
9.000000 100.976744 5.210185 2.878961 1.112432 0.000000 0.000000 0.000000 1.000000 0.000000 0.000000
9.000000 100.981992 5.566027 2.734058 1.195579 0.000000 0.000000 0.000000 1.000000 0.000000 0.000000
9.000000 100.983893 5.671927 2.743721 1.164008 0.000000 0.000000 0.000000 1.000000 0.000000 0.000000
9.000000 100.986831 5.221678 2.868588 1.134016 0.000000 0.000000 0.000000 1.000000 0.000000 0.000000
9.000000 100.991895 5.526793 2.742090 1.215534 0.000000 0.000000 0.000000 1.000000 0.000000 0.000000
9.000000 100.993932 5.636923 2.754405 1.179650 0.000000 0.000000 0.000000 1.000000 0.000000 0.000000
9.000000 100.996853 5.096776 2.908668 1.139383 0.000000 0.000000 0.000000 1.000000 0.000000 0.000000
9.000000 101.001891 5.479476 2.745552 1.235366 0.000000 0.000000 0.000000 1.000000 0.000000 0.000000
9.000000 101.004018 5.586065 2.757852 1.201014 0.000000 0.000000 0.000000 1.000000 0.000000 0.000000
9.000000 101.006821 5.212605 2.872086 1.177190 0.000000 0.000000 0.000000 1.000000 0.000000 0.000000
9.000000 101.011657 5.455125 2.762274 1.245981 0.000000 0.000000 0.000000 1.000000 0.000000 0.000000
9.000000 101.014020 5.542758 2.756313 1.216162 0.000000 0.000000 0.000000 1.000000 0.000000 0.000000
9.000000 101.016814 5.210345 2.849737 1.197755 0.000000 0.000000 0.000000 1.000000 0.000000 0.000000
9.000000 101.021891 5.420794 2.760389 1.258419 0.000000 0.000000 0.000000 1.000000 0.000000 0.000000
9.000000 101.023759 5.495475 2.775021 1.231657 0.000000 0.000000 0.000000 1.000000 0.000000 0.000000
9.000000 101.026896 5.011486 2.914319 1.195922 0.000000 0.000000 0.000000 1.000000 0.000000 0.000000
9.000000 101.031806 5.329453 2.778006 1.276972 0.000000 0.000000 0.000000 1.000000 0.000000 0.000000
9.000000 101.034001 5.454012 2.766836 1.237151 0.000000 0.000000 0.000000 1.000000 0.000000 0.000000
9.000000 101.036808 5.051330 2.875766 1.219688 0.000000 0.000000 0.000000 1.000000 0.000000 0.000000
9.000000 101.041741 5.289271 2.781272 1.293855 0.000000 0.000000 0.000000 1.000000 0.000000 0.000000
9.000000 101.044182 5.388070 2.799896 1.260377 0.000000 0.000000 0.000000 1.000000 0.000000 0.000000
9.000000 101.046891 5.172455 2.882985 1.246630 0.000000 0.000000 0.000000 1.000000 0.000000 0.000000
9.000000 101.051869 5.316283 2.799537 1.289762 0.000000 0.000000 0.000000 1.000000 0.000000 0.000000
9.000000 101.053956 5.349544 2.806672 1.268508 0.000000 0.000000 0.000000 1.000000 0.000000 0.000000
9.000000 101.056815 4.935341 2.932559 1.236939 0.000000 0.000000 0.000000 1.000000 0.000000 0.000000
9.000000 101.061984 5.232229 2.799000 1.308931 0.000000 0.000000 0.000000 1.000000 0.000000 0.000000
9.000000 101.064017 5.323167 2.801567 1.275897 0.000000 0.000000 0.000000 1.000000 0.000000 0.000000
9.000000 101.066847 5.135054 2.871039 1.272334 0.000000 0.000000 0.000000 1.000000 0.000000 0.000000
9.000000 101.071918 5.229536 2.809076 1.312809 0.000000 0.000000 0.000000 1.000000 0.000000 0.000000
9.000000 101.073973 5.266988 2.812670 1.289666 0.000000 0.000000 0.000000 1.000000 0.000000 0.000000
9.000000 101.076730 4.881564 2.931917 1.257666 0.000000 0.000000 0.000000 1.000000 0.000000 0.000000
9.000000 101.081958 5.153189 2.808082 1.321418 0.000000 0.000000 0.000000 1.000000 0.000000 0.000000
9.000000 101.084051 5.222141 2.818605 1.293920 0.000000 0.000000 0.000000 1.000000 0.000000 0.000000
9.000000 101.086917 5.057065 2.885368 1.290518 0.000000 0.000000 0.000000 1.000000 0.000000 0.000000
9.000000 101.091930 5.146213 2.823823 1.328065 0.000000 0.000000 0.000000 1.000000 0.000000 0.000000
9.000000 101.093974 5.185415 2.820651 1.304264 0.000000 0.000000 0.000000 1.000000 0.000000 0.000000
9.000000 101.096852 5.047046 2.879346 1.302666 0.000000 0.000000 0.000000 1.000000 0.000000 0.000000
9.000000 101.102288 5.096998 2.838319 1.333086 0.000000 0.000000 0.000000 1.000000 0.000000 0.000000
9.000000 101.104032 5.134512 2.836191 1.310523 0.000000 0.000000 0.000000 1.000000 0.000000 0.000000
9.000000 101.106997 4.686278 2.964569 1.277903 0.000000 0.000000 0.000000 1.000000 0.000000 0.000000
9.000000 101.112037 4.993062 2.835499 1.351390 0.000000 0.000000 0.000000 1.000000 0.000000 0.000000
9.000000 101.114075 5.091745 2.843949 1.316803 0.000000 0.000000 0.000000 1.000000 0.000000 0.000000
9.000000 101.116923 4.862569 2.924727 1.302758 0.000000 0.000000 0.000000 1.000000 0.000000 0.000000
9.000000 101.121850 5.011128 2.842982 1.345669 0.000000 0.000000 0.000000 1.000000 0.000000 0.000000
9.000000 101.123996 5.047015 2.848183 1.324783 0.000000 0.000000 0.000000 1.000000 0.000000 0.000000
9.000000 101.126884 4.905946 2.908410 1.312633 0.000000 0.000000 0.000000 1.000000 0.000000 0.000000
9.000000 101.131980 4.982337 2.852839 1.336372 0.000000 0.000000 0.000000 1.000000 0.000000 0.000000
9.000000 101.133998 5.001024 2.849881 1.320065 0.000000 0.000000 0.000000 1.000000 0.000000 0.000000
9.000000 101.136837 4.873834 2.900038 1.319751 0.000000 0.000000 0.000000 1.000000 0.000000 0.000000
9.000000 101.141900 4.929059 2.860976 1.348983 0.000000 0.000000 0.000000 1.000000 0.000000 0.000000
9.000000 101.144031 4.979693 2.855164 1.323470 0.000000 0.000000 0.000000 1.000000 0.000000 0.000000
9.000000 101.146943 4.550647 2.976660 1.294069 0.000000 0.000000 0.000000 1.000000 0.000000 0.000000
9.000000 101.151919 4.824275 2.862187 1.362297 0.000000 0.000000 0.000000 1.000000 0.000000 0.000000
9.000000 101.154122 4.945936 2.858076 1.319242 0.000000 0.000000 0.000000 1.000000 0.000000 0.000000
9.000000 101.156876 4.519084 2.981701 1.291523 0.000000 0.000000 0.000000 1.000000 0.000000 0.000000
9.000000 101.162029 4.785272 2.869767 1.361149 0.000000 0.000000 0.000000 1.000000 0.000000 0.000000
9.000000 101.164054 4.888763 2.871249 1.323982 0.000000 0.000000 0.000000 1.000000 0.000000 0.000000
9.000000 101.166989 4.471736 2.991948 1.295292 0.000000 0.000000 0.000000 1.000000 0.000000 0.000000
9.000000 101.171849 4.742244 2.876546 1.362585 0.000000 0.000000 0.000000 1.000000 0.000000 0.000000
9.000000 101.173918 4.825627 2.890337 1.330170 0.000000 0.000000 0.000000 1.000000 0.000000 0.000000
9.000000 101.176993 4.651740 2.962731 1.312597 0.000000 0.000000 0.000000 1.000000 0.000000 0.000000
9.000000 101.181809 4.773168 2.889208 1.342775 0.000000 0.000000 0.000000 1.000000 0.000000 0.000000
9.000000 101.184190 4.820303 2.881581 1.316831 0.000000 0.000000 0.000000 1.000000 0.000000 0.000000
9.000000 101.187104 4.381597 3.006349 1.285626 0.000000 0.000000 0.000000 1.000000 0.000000 0.000000
9.000000 101.191819 4.709803 2.894281 1.346104 0.000000 0.000000 0.000000 1.000000 0.000000 0.000000
9.000000 101.193909 4.757077 2.882472 1.322518 0.000000 0.000000 0.000000 1.000000 0.000000 0.000000
9.000000 101.196985 4.687182 2.916314 1.327719 0.000000 0.000000 0.000000 1.000000 0.000000 0.000000
9.000000 101.201854 4.660044 2.911489 1.343669 0.000000 0.000000 0.000000 1.000000 0.000000 0.000000
9.000000 101.204174 4.722549 2.891546 1.313451 0.000000 0.000000 0.000000 1.000000 0.000000 0.000000
9.000000 101.207040 4.589006 2.941490 1.314636 0.000000 0.000000 0.000000 1.000000 0.000000 0.000000
9.000000 101.211969 4.597823 2.890141 1.338947 0.000000 0.000000 0.000000 1.000000 0.000000 0.000000
9.000000 101.213932 4.665366 2.896481 1.314057 0.000000 0.000000 0.000000 1.000000 0.000000 0.000000
9.000000 101.216864 4.599063 2.930119 1.321166 0.000000 0.000000 0.000000 1.000000 0.000000 0.000000
9.000000 101.221996 4.572020 2.923594 1.338864 0.000000 0.000000 0.000000 1.000000 0.000000 0.000000
9.000000 101.224114 4.615451 2.925337 1.311363 0.000000 0.000000 0.000000 1.000000 0.000000 0.000000
9.000000 101.227141 4.146579 3.067514 1.266995 0.000000 0.000000 0.000000 1.000000 0.000000 0.000000
9.000000 101.231832 4.482593 2.922808 1.336376 0.000000 0.000000 0.000000 1.000000 0.000000 0.000000
9.000000 101.233977 4.566302 2.931363 1.303416 0.000000 0.000000 0.000000 1.000000 0.000000 0.000000
9.000000 101.237092 4.375763 3.001569 1.303894 0.000000 0.000000 0.000000 1.000000 0.000000 0.000000
9.000000 101.241939 4.423289 2.962133 1.342976 0.000000 0.000000 0.000000 1.000000 0.000000 0.000000
9.000000 101.244173 4.553871 2.910774 1.290369 0.000000 0.000000 0.000000 1.000000 0.000000 0.000000
9.000000 101.247136 4.215884 3.002187 1.270574 0.000000 0.000000 0.000000 1.000000 0.000000 0.000000
9.000000 101.251993 4.397023 2.933313 1.321548 0.000000 0.000000 0.000000 1.000000 0.000000 0.000000
9.000000 101.254077 4.499892 2.937126 1.282371 0.000000 0.000000 0.000000 1.000000 0.000000 0.000000
9.000000 101.257029 4.015970 3.074858 1.239662 0.000000 0.000000 0.000000 1.000000 0.000000 0.000000
9.000000 101.262023 4.356060 2.934763 1.310749 0.000000 0.000000 0.000000 1.000000 0.000000 0.000000
9.000000 101.264297 4.456234 2.933057 1.274455 0.000000 0.000000 0.000000 1.000000 0.000000 0.000000
9.000000 101.267047 4.105482 3.031861 1.249310 0.000000 0.000000 0.000000 1.000000 0.000000 0.000000
9.000000 101.271982 4.321486 2.943166 1.302534 0.000000 0.000000 0.000000 1.000000 0.000000 0.000000
9.000000 101.274046 4.423779 2.936618 1.263513 0.000000 0.000000 0.000000 1.000000 0.000000 0.000000
9.000000 101.276981 4.265527 2.994324 1.252266 0.000000 0.000000 0.000000 1.000000 0.000000 0.000000
9.000000 101.281942 4.318872 2.960259 1.275448 0.000000 0.000000 0.000000 1.000000 0.000000 0.000000
9.000000 101.284255 4.385771 2.944146 1.244964 0.000000 0.000000 0.000000 1.000000 0.000000 0.000000
9.000000 101.287126 4.270795 2.988483 1.245921 0.000000 0.000000 0.000000 1.000000 0.000000 0.000000
9.000000 101.292020 4.276394 2.970189 1.268228 0.000000 0.000000 0.000000 1.000000 0.000000 0.000000
9.000000 101.294139 4.341516 2.951089 1.236470 0.000000 0.000000 0.000000 1.000000 0.000000 0.000000
9.000000 101.296956 3.949782 3.060319 1.205955 0.000000 0.000000 0.000000 1.000000 0.000000 0.000000
9.000000 101.302003 4.189823 2.961599 1.262884 0.000000 0.000000 0.000000 1.000000 0.000000 0.000000
9.000000 101.304235 4.302480 2.954574 1.218541 0.000000 0.000000 0.000000 1.000000 0.000000 0.000000
9.000000 101.307002 4.088551 3.027946 1.202989 0.000000 0.000000 0.000000 1.000000 0.000000 0.000000
9.000000 101.311829 4.196230 2.971144 1.237376 0.000000 0.000000 0.000000 1.000000 0.000000 0.000000
9.000000 101.313985 4.265144 2.965196 1.204378 0.000000 0.000000 0.000000 1.000000 0.000000 0.000000
9.000000 101.316995 4.031531 3.045157 1.185107 0.000000 0.000000 0.000000 1.000000 0.000000 0.000000
9.000000 101.321778 4.153291 2.979693 1.220927 0.000000 0.000000 0.000000 1.000000 0.000000 0.000000
9.000000 101.324049 4.214123 2.970378 1.191191 0.000000 0.000000 0.000000 1.000000 0.000000 0.000000
9.000000 101.327112 3.989166 3.044050 1.173689 0.000000 0.000000 0.000000 1.000000 0.000000 0.000000
9.000000 101.331810 4.104933 2.986414 1.208045 0.000000 0.000000 0.000000 1.000000 0.000000 0.000000
9.000000 101.333990 4.187462 2.972348 1.171203 0.000000 0.000000 0.000000 1.000000 0.000000 0.000000
9.000000 101.337024 3.953134 3.047617 1.153647 0.000000 0.000000 0.000000 1.000000 0.000000 0.000000
9.000000 101.341814 4.061979 2.991903 1.188243 0.000000 0.000000 0.000000 1.000000 0.000000 0.000000
9.000000 101.344104 4.130482 2.979846 1.156720 0.000000 0.000000 0.000000 1.000000 0.000000 0.000000
9.000000 101.347169 3.941580 3.042482 1.141862 0.000000 0.000000 0.000000 1.000000 0.000000 0.000000
9.000000 101.351809 4.021677 2.997835 1.168909 0.000000 0.000000 0.000000 1.000000 0.000000 0.000000
9.000000 101.353975 4.097222 2.978674 1.134280 0.000000 0.000000 0.000000 1.000000 0.000000 0.000000
9.000000 101.357033 3.872129 3.048089 1.114829 0.000000 0.000000 0.000000 1.000000 0.000000 0.000000
9.000000 101.361855 3.990568 2.994465 1.146733 0.000000 0.000000 0.000000 1.000000 0.000000 0.000000
9.000000 101.364075 4.057535 2.994087 1.115463 0.000000 0.000000 0.000000 1.000000 0.000000 0.000000
9.000000 101.367052 3.910462 3.052446 1.101630 0.000000 0.000000 0.000000 1.000000 0.000000 0.000000
9.000000 101.371811 3.970137 3.009872 1.123929 0.000000 0.000000 0.000000 1.000000 0.000000 0.000000
9.000000 101.373944 4.022249 2.993704 1.096234 0.000000 0.000000 0.000000 1.000000 0.000000 0.000000
9.000000 101.377144 3.496590 3.131121 1.047971 0.000000 0.000000 0.000000 1.000000 0.000000 0.000000
9.000000 101.381834 3.849163 3.002960 1.120422 0.000000 0.000000 0.000000 1.000000 0.000000 0.000000
9.000000 101.384087 4.002754 2.996387 1.060853 0.000000 0.000000 0.000000 1.000000 0.000000 0.000000
9.000000 101.387211 3.422300 3.149471 1.015082 0.000000 0.000000 0.000000 1.000000 0.000000 0.000000
9.000000 101.391809 3.801616 3.008964 1.102586 0.000000 0.000000 0.000000 1.000000 0.000000 0.000000
9.000000 101.394143 3.909525 3.039311 1.057521 0.000000 0.000000 0.000000 1.000000 0.000000 0.000000
9.000000 101.397080 3.610799 3.146603 1.019522 0.000000 0.000000 0.000000 1.000000 0.000000 0.000000
9.000000 101.401849 3.822754 3.034902 1.063413 0.000000 0.000000 0.000000 1.000000 0.000000 0.000000
9.000000 101.404107 3.900868 3.007997 1.024946 0.000000 0.000000 0.000000 1.000000 0.000000 0.000000
9.000000 101.407113 3.771813 3.056359 1.016614 0.000000 0.000000 0.000000 1.000000 0.000000 0.000000
9.000000 101.411824 3.792867 3.035182 1.035383 0.000000 0.000000 0.000000 1.000000 0.000000 0.000000
9.000000 101.414045 3.856587 3.020542 1.002545 0.000000 0.000000 0.000000 1.000000 0.000000 0.000000
9.000000 101.417017 3.687537 3.080846 0.986205 0.000000 0.000000 0.000000 1.000000 0.000000 0.000000
9.000000 101.421841 3.734321 3.022258 1.010379 0.000000 0.000000 0.000000 1.000000 0.000000 0.000000
9.000000 101.424061 3.817669 3.028011 0.974324 0.000000 0.000000 0.000000 1.000000 0.000000 0.000000
9.000000 101.427028 3.381590 3.148236 0.938674 0.000000 0.000000 0.000000 1.000000 0.000000 0.000000
9.000000 101.431816 3.637250 3.050289 1.003054 0.000000 0.000000 0.000000 1.000000 0.000000 0.000000
9.000000 101.434071 3.741297 3.060450 0.956686 0.000000 0.000000 0.000000 1.000000 0.000000 0.000000
9.000000 101.437124 3.120446 3.234085 0.881867 0.000000 0.000000 0.000000 1.000000 0.000000 0.000000
9.000000 101.441964 3.625130 3.034267 0.969753 0.000000 0.000000 0.000000 1.000000 0.000000 0.000000
9.000000 101.444202 3.754648 3.017830 0.918585 0.000000 0.000000 0.000000 1.000000 0.000000 0.000000
9.000000 101.447104 3.702359 3.038936 0.920341 0.000000 0.000000 0.000000 1.000000 0.000000 0.000000
9.000000 101.451837 3.647245 3.054296 0.925195 0.000000 0.000000 0.000000 1.000000 0.000000 0.000000
9.000000 101.454077 3.685643 3.073821 0.898595 0.000000 0.000000 0.000000 1.000000 0.000000 0.000000
9.000000 101.456933 3.249037 3.216542 0.832140 0.000000 0.000000 0.000000 1.000000 0.000000 0.000000
9.000000 101.461914 3.609355 3.051195 0.891071 0.000000 0.000000 0.000000 1.000000 0.000000 0.000000
9.000000 101.464149 3.623975 3.084807 0.876617 0.000000 0.000000 0.000000 1.000000 0.000000 0.000000
9.000000 101.467191 2.942578 3.278635 0.791178 0.000000 0.000000 0.000000 1.000000 0.000000 0.000000
9.000000 101.471862 3.488960 3.058793 0.887311 0.000000 0.000000 0.000000 1.000000 0.000000 0.000000
9.000000 101.474036 3.577851 3.093469 0.845054 0.000000 0.000000 0.000000 1.000000 0.000000 0.000000
9.000000 101.476986 3.256105 3.210243 0.793137 0.000000 0.000000 0.000000 1.000000 0.000000 0.000000
9.000000 101.481848 3.493913 3.087269 0.835293 0.000000 0.000000 0.000000 1.000000 0.000000 0.000000
9.000000 101.484119 3.535529 3.096795 0.806346 0.000000 0.000000 0.000000 1.000000 0.000000 0.000000
9.000000 101.487076 3.203575 3.213002 0.753128 0.000000 0.000000 0.000000 1.000000 0.000000 0.000000
9.000000 101.491851 3.484087 3.075441 0.800986 0.000000 0.000000 0.000000 1.000000 0.000000 0.000000
9.000000 101.494034 3.518988 3.095358 0.775355 0.000000 0.000000 0.000000 1.000000 0.000000 0.000000
9.000000 101.496916 3.563023 3.129108 0.762372 0.000000 0.000000 0.000000 1.000000 0.000000 0.000000
9.000000 101.501909 3.501605 3.102712 0.751902 0.000000 0.000000 0.000000 1.000000 0.000000 0.000000
9.000000 101.504134 3.474563 3.101700 0.745018 0.000000 0.000000 0.000000 1.000000 0.000000 0.000000
9.000000 101.507123 3.160908 3.213921 0.691715 0.000000 0.000000 0.000000 1.000000 0.000000 0.000000
9.000000 101.511862 3.399028 3.096879 0.732255 0.000000 0.000000 0.000000 1.000000 0.000000 0.000000
9.000000 101.514101 3.424538 3.119716 0.711392 0.000000 0.000000 0.000000 1.000000 0.000000 0.000000
9.000000 101.517064 3.197710 3.212932 0.662401 0.000000 0.000000 0.000000 1.000000 0.000000 0.000000
9.000000 101.521906 3.386190 3.103485 0.689207 0.000000 0.000000 0.000000 1.000000 0.000000 0.000000
9.000000 101.524141 3.417410 3.089358 0.665691 0.000000 0.000000 0.000000 1.000000 0.000000 0.000000
9.000000 101.527055 3.419627 3.112298 0.660712 0.000000 0.000000 0.000000 1.000000 0.000000 0.000000
9.000000 101.531833 3.344331 3.115532 0.654269 0.000000 0.000000 0.000000 1.000000 0.000000 0.000000
9.000000 101.534088 3.363167 3.118939 0.632224 0.000000 0.000000 0.000000 1.000000 0.000000 0.000000
9.000000 101.537071 2.998080 3.242804 0.571601 0.000000 0.000000 0.000000 1.000000 0.000000 0.000000
9.000000 101.541925 3.287222 3.107580 0.621492 0.000000 0.000000 0.000000 1.000000 0.000000 0.000000
9.000000 101.544114 3.330741 3.122901 0.593489 0.000000 0.000000 0.000000 1.000000 0.000000 0.000000
9.000000 101.547130 2.920755 3.253236 0.529501 0.000000 0.000000 0.000000 1.000000 0.000000 0.000000
9.000000 101.551882 3.241879 3.108883 0.586428 0.000000 0.000000 0.000000 1.000000 0.000000 0.000000
9.000000 101.554094 3.280444 3.138537 0.560632 0.000000 0.000000 0.000000 1.000000 0.000000 0.000000
9.000000 101.557215 2.915438 3.265640 0.494248 0.000000 0.000000 0.000000 1.000000 0.000000 0.000000
9.000000 101.562031 3.216523 3.121043 0.543070 0.000000 0.000000 0.000000 1.000000 0.000000 0.000000
9.000000 101.564165 3.219929 3.137050 0.535307 0.000000 0.000000 0.000000 1.000000 0.000000 0.000000
9.000000 101.567073 2.759994 3.266864 0.449209 0.000000 0.000000 0.000000 1.000000 0.000000 0.000000
9.000000 101.571912 3.165111 3.127383 0.509595 0.000000 0.000000 0.000000 1.000000 0.000000 0.000000
9.000000 101.574051 3.219803 3.126028 0.476512 0.000000 0.000000 0.000000 1.000000 0.000000 0.000000
9.000000 101.581898 3.131465 3.147400 0.462711 0.000000 0.000000 0.000000 1.000000 0.000000 0.000000
9.000000 101.584298 3.185867 3.145766 0.432528 0.000000 0.000000 0.000000 1.000000 0.000000 0.000000
9.000000 101.587190 2.917199 3.256021 0.374383 0.000000 0.000000 0.000000 1.000000 0.000000 0.000000
9.000000 101.594109 2.932765 3.249210 0.373569 0.000000 0.000000 0.000000 1.000000 0.000000 0.000000
9.000000 101.597097 2.794427 3.280833 0.345716 0.000000 0.000000 0.000000 1.000000 0.000000 0.000000
9.000000 101.604200 3.036615 3.174006 0.360844 0.000000 0.000000 0.000000 1.000000 0.000000 0.000000
9.000000 101.607190 2.935223 3.197909 0.326724 0.000000 0.000000 0.000000 1.000000 0.000000 0.000000
9.000000 101.614091 2.840578 3.241338 0.298272 0.000000 0.000000 0.000000 1.000000 0.000000 0.000000
9.000000 101.627216 2.629283 3.299590 0.207977 0.000000 0.000000 0.000000 1.000000 0.000000 0.000000
9.000000 101.634069 2.699035 3.270660 0.192972 0.000000 0.000000 0.000000 1.000000 0.000000 0.000000
9.000000 101.637126 2.306626 3.359818 0.123148 0.000000 0.000000 0.000000 1.000000 0.000000 0.000000
9.000000 101.644291 2.461465 3.293486 0.129788 0.000000 0.000000 0.000000 1.000000 0.000000 0.000000
9.000000 101.647206 2.406761 3.307593 0.097722 0.000000 0.000000 0.000000 1.000000 0.000000 0.000000
9.000000 101.654130 2.454363 3.288866 0.085182 0.000000 0.000000 0.000000 1.000000 0.000000 0.000000
9.000000 101.657202 2.655069 3.245903 0.087771 0.000000 0.000000 0.000000 1.000000 0.000000 0.000000
9.000000 101.664203 2.451414 3.338448 0.033391 0.000000 0.000000 0.000000 1.000000 0.000000 0.000000
9.000000 101.667252 2.146164 3.408462 -0.030876 0.000000 0.000000 0.000000 1.000000 0.000000 0.000000
9.000000 101.674180 2.241530 3.369105 -0.039642 0.000000 0.000000 0.000000 1.000000 0.000000 0.000000
9.000000 101.677139 2.398616 3.335872 -0.045790 0.000000 0.000000 0.000000 1.000000 0.000000 0.000000
9.000000 101.684369 2.358345 3.353244 -0.043555 0.000000 0.000000 0.000000 1.000000 0.000000 0.000000
9.000000 101.687123 2.531729 3.313485 -0.000549 0.000000 0.000000 0.000000 1.000000 0.000000 0.000000
9.000000 101.694239 2.675510 3.248434 0.043031 0.000000 0.000000 0.000000 1.000000 0.000000 0.000000
9.000000 101.697076 2.151826 3.363923 -0.000845 0.000000 0.000000 0.000000 1.000000 0.000000 0.000000
9.000000 101.704319 2.025277 3.417429 0.001336 0.000000 0.000000 0.000000 1.000000 0.000000 0.000000
9.000000 101.707182 2.312351 3.352235 0.056469 0.000000 0.000000 0.000000 1.000000 0.000000 0.000000
9.000000 101.714269 2.357010 3.331160 0.082760 0.000000 0.000000 0.000000 1.000000 0.000000 0.000000
9.000000 101.717172 2.271509 3.349547 0.087974 0.000000 0.000000 0.000000 1.000000 0.000000 0.000000
9.000000 101.724308 2.285077 3.342550 0.104194 0.000000 0.000000 0.000000 1.000000 0.000000 0.000000
9.000000 101.727228 2.349308 3.327073 0.134155 0.000000 0.000000 0.000000 1.000000 0.000000 0.000000
9.000000 101.734200 2.333220 3.332394 0.158654 0.000000 0.000000 0.000000 1.000000 0.000000 0.000000
9.000000 101.737207 1.957119 3.415585 0.130313 0.000000 0.000000 0.000000 1.000000 0.000000 0.000000
9.000000 101.744292 2.232171 3.369410 0.185462 0.000000 0.000000 0.000000 1.000000 0.000000 0.000000
9.000000 101.747283 1.833633 3.458558 0.138389 0.000000 0.000000 0.000000 1.000000 0.000000 0.000000
9.000000 101.754156 2.016927 3.377258 0.179394 0.000000 0.000000 0.000000 1.000000 0.000000 0.000000
9.000000 101.767136 2.826311 3.225823 0.327381 0.000000 0.000000 0.000000 1.000000 0.000000 0.000000
9.000000 101.774141 2.911312 3.187788 0.357127 0.000000 0.000000 0.000000 1.000000 0.000000 0.000000
9.000000 101.794111 1.755459 3.432142 0.265577 0.000000 0.000000 0.000000 1.000000 0.000000 0.000000
9.000000 101.797065 2.127125 3.348639 0.327070 0.000000 0.000000 0.000000 1.000000 0.000000 0.000000
9.000000 101.804201 2.016849 3.395909 0.328434 0.000000 0.000000 0.000000 1.000000 0.000000 0.000000
9.000000 101.807196 2.330350 3.325134 0.384480 0.000000 0.000000 0.000000 1.000000 0.000000 0.000000
9.000000 101.814126 2.354193 3.313863 0.403009 0.000000 0.000000 0.000000 1.000000 0.000000 0.000000
9.000000 101.817198 1.603922 3.480722 0.325288 0.000000 0.000000 0.000000 1.000000 0.000000 0.000000
9.000000 101.824583 1.719532 3.429257 0.355179 0.000000 0.000000 0.000000 1.000000 0.000000 0.000000
9.000000 101.827182 2.001612 3.366919 0.379563 0.000000 0.000000 0.000000 1.000000 0.000000 0.000000
9.000000 101.834228 1.994809 3.369825 0.381075 0.000000 0.000000 0.000000 1.000000 0.000000 0.000000
9.000000 101.837218 1.912895 3.387661 0.382597 0.000000 0.000000 0.000000 1.000000 0.000000 0.000000
9.000000 101.844376 1.768076 3.450310 0.386562 0.000000 0.000000 0.000000 1.000000 0.000000 0.000000
9.000000 101.847270 1.727336 3.459099 0.396797 0.000000 0.000000 0.000000 1.000000 0.000000 0.000000
9.000000 101.854133 1.616437 3.507312 0.393886 0.000000 0.000000 0.000000 1.000000 0.000000 0.000000
9.000000 101.857222 1.647136 3.499429 0.428203 0.000000 0.000000 0.000000 1.000000 0.000000 0.000000
9.000000 101.864308 1.605462 3.516886 0.437567 0.000000 0.000000 0.000000 1.000000 0.000000 0.000000
9.000000 101.867235 1.539242 3.531748 0.430400 0.000000 0.000000 0.000000 1.000000 0.000000 0.000000
9.000000 101.874189 1.736346 3.445418 0.464385 0.000000 0.000000 0.000000 1.000000 0.000000 0.000000
9.000000 101.877121 2.201514 3.341169 0.531938 0.000000 0.000000 0.000000 1.000000 0.000000 0.000000
9.000000 101.884248 2.193935 3.344376 0.541663 0.000000 0.000000 0.000000 1.000000 0.000000 0.000000
9.000000 101.887406 1.988718 3.390065 0.527921 0.000000 0.000000 0.000000 1.000000 0.000000 0.000000
9.000000 101.894151 1.987291 3.390472 0.536006 0.000000 0.000000 0.000000 1.000000 0.000000 0.000000
9.000000 101.897330 1.747860 3.442899 0.533794 0.000000 0.000000 0.000000 1.000000 0.000000 0.000000
9.000000 101.904244 1.781053 3.427975 0.543734 0.000000 0.000000 0.000000 1.000000 0.000000 0.000000
9.000000 101.907403 1.719469 3.442004 0.529992 0.000000 0.000000 0.000000 1.000000 0.000000 0.000000
9.000000 101.914184 1.532228 3.522988 0.522152 0.000000 0.000000 0.000000 1.000000 0.000000 0.000000
9.000000 101.917429 1.441896 3.542972 0.521009 0.000000 0.000000 0.000000 1.000000 0.000000 0.000000
9.000000 101.924252 1.627555 3.461889 0.550616 0.000000 0.000000 0.000000 1.000000 0.000000 0.000000
9.000000 101.927458 2.293596 3.313126 0.631337 0.000000 0.000000 0.000000 1.000000 0.000000 0.000000
9.000000 101.934233 2.305280 3.307970 0.636280 0.000000 0.000000 0.000000 1.000000 0.000000 0.000000
9.000000 101.937239 1.243843 3.544312 0.524907 0.000000 0.000000 0.000000 1.000000 0.000000 0.000000
9.000000 101.944582 1.324774 3.508629 0.547368 0.000000 0.000000 0.000000 1.000000 0.000000 0.000000
9.000000 101.947354 1.572768 3.453039 0.588178 0.000000 0.000000 0.000000 1.000000 0.000000 0.000000
9.000000 101.954229 1.604456 3.438670 0.603459 0.000000 0.000000 0.000000 1.000000 0.000000 0.000000
9.000000 101.957171 1.584625 3.443161 0.598569 0.000000 0.000000 0.000000 1.000000 0.000000 0.000000
9.000000 101.964431 1.516726 3.472483 0.594886 0.000000 0.000000 0.000000 1.000000 0.000000 0.000000
9.000000 101.967179 1.437054 3.489767 0.598765 0.000000 0.000000 0.000000 1.000000 0.000000 0.000000
9.000000 101.974402 1.388098 3.510593 0.601374 0.000000 0.000000 0.000000 1.000000 0.000000 0.000000
9.000000 101.977305 1.345653 3.520025 0.597350 0.000000 0.000000 0.000000 1.000000 0.000000 0.000000
9.000000 101.984428 1.419568 3.487909 0.609153 0.000000 0.000000 0.000000 1.000000 0.000000 0.000000
9.000000 101.987329 1.292487 3.516200 0.593369 0.000000 0.000000 0.000000 1.000000 0.000000 0.000000
9.000000 101.994272 1.083044 3.606870 0.563544 0.000000 0.000000 0.000000 1.000000 0.000000 0.000000
9.000000 101.997297 1.152698 3.590860 0.583471 0.000000 0.000000 0.000000 1.000000 0.000000 0.000000
9.000000 102.004452 1.369300 3.496570 0.622924 0.000000 0.000000 0.000000 1.000000 0.000000 0.000000
9.000000 102.007386 1.704935 3.421989 0.660575 0.000000 0.000000 0.000000 1.000000 0.000000 0.000000
9.000000 102.014387 1.695291 3.426077 0.665400 0.000000 0.000000 0.000000 1.000000 0.000000 0.000000
9.000000 102.017336 1.603452 3.446333 0.662009 0.000000 0.000000 0.000000 1.000000 0.000000 0.000000
9.000000 102.024496 1.737419 3.388054 0.680254 0.000000 0.000000 0.000000 1.000000 0.000000 0.000000
9.000000 102.027462 0.950833 3.562050 0.592353 0.000000 0.000000 0.000000 1.000000 0.000000 0.000000
9.000000 102.034384 0.784986 3.633138 0.571026 0.000000 0.000000 0.000000 1.000000 0.000000 0.000000
9.000000 102.037385 1.150922 3.551622 0.614976 0.000000 0.000000 0.000000 1.000000 0.000000 0.000000
9.000000 102.044453 1.280411 3.495673 0.633433 0.000000 0.000000 0.000000 1.000000 0.000000 0.000000
9.000000 102.047490 1.461567 3.455596 0.652868 0.000000 0.000000 0.000000 1.000000 0.000000 0.000000
9.000000 102.054309 1.512961 3.433182 0.663957 0.000000 0.000000 0.000000 1.000000 0.000000 0.000000
9.000000 102.057370 1.244131 3.492433 0.638777 0.000000 0.000000 0.000000 1.000000 0.000000 0.000000
9.000000 102.064392 1.222658 3.501527 0.639366 0.000000 0.000000 0.000000 1.000000 0.000000 0.000000
9.000000 102.067378 1.127605 3.522770 0.622193 0.000000 0.000000 0.000000 1.000000 0.000000 0.000000
9.000000 102.074412 1.051984 3.555127 0.617877 0.000000 0.000000 0.000000 1.000000 0.000000 0.000000
9.000000 102.077256 1.031701 3.559760 0.611302 0.000000 0.000000 0.000000 1.000000 0.000000 0.000000
9.000000 102.084457 1.112357 3.525431 0.610406 0.000000 0.000000 0.000000 1.000000 0.000000 0.000000
9.000000 102.087379 1.064295 3.536050 0.605368 0.000000 0.000000 0.000000 1.000000 0.000000 0.000000
9.000000 102.094372 0.929805 3.593782 0.589330 0.000000 0.000000 0.000000 1.000000 0.000000 0.000000
9.000000 102.097261 0.883501 3.604053 0.584668 0.000000 0.000000 0.000000 1.000000 0.000000 0.000000
9.000000 102.104311 1.016689 3.546848 0.602491 0.000000 0.000000 0.000000 1.000000 0.000000 0.000000
9.000000 102.107290 0.907875 3.571332 0.577448 0.000000 0.000000 0.000000 1.000000 0.000000 0.000000
9.000000 102.114354 0.771436 3.629654 0.565529 0.000000 0.000000 0.000000 1.000000 0.000000 0.000000
9.000000 102.117421 0.763111 3.631565 0.562893 0.000000 0.000000 0.000000 1.000000 0.000000 0.000000
9.000000 102.124309 0.867632 3.586764 0.577426 0.000000 0.000000 0.000000 1.000000 0.000000 0.000000
9.000000 102.127358 0.769668 3.608065 0.578271 0.000000 0.000000 0.000000 1.000000 0.000000 0.000000
9.000000 102.134325 0.746656 3.618513 0.560192 0.000000 0.000000 0.000000 1.000000 0.000000 0.000000
9.000000 102.137310 0.406075 3.694132 0.522545 0.000000 0.000000 0.000000 1.000000 0.000000 0.000000
9.000000 102.144303 0.509552 3.649962 0.540491 0.000000 0.000000 0.000000 1.000000 0.000000 0.000000
9.000000 102.147400 0.830789 3.579261 0.565542 0.000000 0.000000 0.000000 1.000000 0.000000 0.000000
9.000000 102.154329 0.882338 3.557325 0.569208 0.000000 0.000000 0.000000 1.000000 0.000000 0.000000
9.000000 102.157399 0.777918 3.581090 0.535320 0.000000 0.000000 0.000000 1.000000 0.000000 0.000000
9.000000 102.164377 0.620172 3.648392 0.515907 0.000000 0.000000 0.000000 1.000000 0.000000 0.000000
9.000000 102.167375 0.647487 3.641995 0.527847 0.000000 0.000000 0.000000 1.000000 0.000000 0.000000
9.000000 102.174445 0.783908 3.583882 0.540273 0.000000 0.000000 0.000000 1.000000 0.000000 0.000000
9.000000 102.177269 0.742432 3.593203 0.530588 0.000000 0.000000 0.000000 1.000000 0.000000 0.000000
9.000000 102.184385 0.759193 3.586245 0.526587 0.000000 0.000000 0.000000 1.000000 0.000000 0.000000
9.000000 102.187386 0.684034 3.602969 0.513586 0.000000 0.000000 0.000000 1.000000 0.000000 0.000000
9.000000 102.194377 0.644010 3.620471 0.496433 0.000000 0.000000 0.000000 1.000000 0.000000 0.000000
9.000000 102.197299 0.523423 3.647634 0.466252 0.000000 0.000000 0.000000 1.000000 0.000000 0.000000
9.000000 102.204551 0.520512 3.649103 0.459251 0.000000 0.000000 0.000000 1.000000 0.000000 0.000000
9.000000 102.207447 0.844260 3.577263 0.506255 0.000000 0.000000 0.000000 1.000000 0.000000 0.000000
9.000000 102.214478 0.840922 3.578460 0.512090 0.000000 0.000000 0.000000 1.000000 0.000000 0.000000
9.000000 102.217324 0.192110 3.722038 0.430805 0.000000 0.000000 0.000000 1.000000 0.000000 0.000000
9.000000 102.224493 0.171394 3.731102 0.419339 0.000000 0.000000 0.000000 1.000000 0.000000 0.000000
9.000000 102.227419 0.728055 3.608313 0.472204 0.000000 0.000000 0.000000 1.000000 0.000000 0.000000
9.000000 102.234411 0.862147 3.551758 0.470805 0.000000 0.000000 0.000000 1.000000 0.000000 0.000000
9.000000 102.237525 0.487862 3.634631 0.412841 0.000000 0.000000 0.000000 1.000000 0.000000 0.000000
9.000000 102.244429 0.401948 3.671005 0.404055 0.000000 0.000000 0.000000 1.000000 0.000000 0.000000
9.000000 102.247461 0.429309 3.664890 0.409618 0.000000 0.000000 0.000000 1.000000 0.000000 0.000000
9.000000 102.254320 0.477389 3.645088 0.400753 0.000000 0.000000 0.000000 1.000000 0.000000 0.000000
9.000000 102.257436 0.445090 3.652479 0.385621 0.000000 0.000000 0.000000 1.000000 0.000000 0.000000
9.000000 102.264462 0.477412 3.638968 0.384859 0.000000 0.000000 0.000000 1.000000 0.000000 0.000000
9.000000 102.267403 0.639780 3.603716 0.386664 0.000000 0.000000 0.000000 1.000000 0.000000 0.000000
9.000000 102.274383 0.514879 3.657013 0.366220 0.000000 0.000000 0.000000 1.000000 0.000000 0.000000
9.000000 102.277293 0.160527 3.735489 0.320770 0.000000 0.000000 0.000000 1.000000 0.000000 0.000000
9.000000 102.284426 0.313714 3.671303 0.324304 0.000000 0.000000 0.000000 1.000000 0.000000 0.000000
9.000000 102.287381 0.276095 3.680878 0.280807 0.000000 0.000000 0.000000 1.000000 0.000000 0.000000
9.000000 102.294325 0.177468 3.723087 0.254533 0.000000 0.000000 0.000000 1.000000 0.000000 0.000000
9.000000 102.297405 0.639247 3.620654 0.323264 0.000000 0.000000 0.000000 1.000000 0.000000 0.000000
9.000000 102.304440 0.707991 3.591388 0.331671 0.000000 0.000000 0.000000 1.000000 0.000000 0.000000
9.000000 102.307493 0.406396 3.658374 0.280513 0.000000 0.000000 0.000000 1.000000 0.000000 0.000000
9.000000 102.314273 0.438507 3.645248 0.272029 0.000000 0.000000 0.000000 1.000000 0.000000 0.000000
9.000000 102.317379 0.265553 3.683707 0.239605 0.000000 0.000000 0.000000 1.000000 0.000000 0.000000
9.000000 102.324343 0.324549 3.659113 0.238540 0.000000 0.000000 0.000000 1.000000 0.000000 0.000000
9.000000 102.327419 0.246146 3.676797 0.215390 0.000000 0.000000 0.000000 1.000000 0.000000 0.000000
9.000000 102.334368 0.357597 3.630762 0.204983 0.000000 0.000000 0.000000 1.000000 0.000000 0.000000
9.000000 102.337381 0.359680 3.630560 0.192287 0.000000 0.000000 0.000000 1.000000 0.000000 0.000000
9.000000 102.344378 0.234613 3.683689 0.167216 0.000000 0.000000 0.000000 1.000000 0.000000 0.000000
9.000000 102.347621 0.072117 3.719861 0.130139 0.000000 0.000000 0.000000 1.000000 0.000000 0.000000
9.000000 102.354363 -0.043733 3.769104 0.102117 0.000000 0.000000 0.000000 1.000000 0.000000 0.000000
9.000000 102.357376 -0.403984 3.848947 0.047104 0.000000 0.000000 0.000000 1.000000 0.000000 0.000000
9.000000 102.364427 -0.259177 3.788386 0.063434 0.000000 0.000000 0.000000 1.000000 0.000000 0.000000
9.000000 102.367512 0.063978 3.717909 0.083058 0.000000 0.000000 0.000000 1.000000 0.000000 0.000000
9.000000 102.374407 0.151961 3.681573 0.078302 0.000000 0.000000 0.000000 1.000000 0.000000 0.000000
9.000000 102.377332 0.151234 3.682198 0.064147 0.000000 0.000000 0.000000 1.000000 0.000000 0.000000
9.000000 102.384482 0.168184 3.675559 0.054568 0.000000 0.000000 0.000000 1.000000 0.000000 0.000000
9.000000 102.414536 -0.035855 3.723063 -0.008550 0.000000 0.000000 0.000000 1.000000 0.000000 0.000000
