22.000000 206.477756 23.738623 -0.237207 0.174062 0.000000 0.000000 0.000000 1.000000 0.000000 0.000000
22.000000 206.486709 23.714189 -0.237670 0.205716 0.000000 0.000000 0.000000 1.000000 0.000000 0.000000
22.000000 206.487906 23.647990 -0.221155 0.213554 0.000000 0.000000 0.000000 1.000000 0.000000 0.000000
22.000000 206.488735 23.148134 -0.216955 0.301215 0.000000 0.000000 0.000000 1.000000 0.000000 0.000000
22.000000 206.496634 23.365105 -0.153532 0.325150 0.000000 0.000000 0.000000 1.000000 0.000000 0.000000
22.000000 206.497754 23.556938 -0.200490 0.344192 0.000000 0.000000 0.000000 1.000000 0.000000 0.000000
22.000000 206.498730 23.098449 -0.198609 0.398422 0.000000 0.000000 0.000000 1.000000 0.000000 0.000000
22.000000 206.506893 23.215905 -0.165148 0.416318 0.000000 0.000000 0.000000 1.000000 0.000000 0.000000
22.000000 206.507843 23.355217 -0.198650 0.447339 0.000000 0.000000 0.000000 1.000000 0.000000 0.000000
22.000000 206.508596 22.955834 -0.196146 0.490393 0.000000 0.000000 0.000000 1.000000 0.000000 0.000000
22.000000 206.516576 23.112326 -0.150443 0.508410 0.000000 0.000000 0.000000 1.000000 0.000000 0.000000
22.000000 206.517789 23.263356 -0.187373 0.547935 0.000000 0.000000 0.000000 1.000000 0.000000 0.000000
22.000000 206.518450 22.812221 -0.185711 0.602730 0.000000 0.000000 0.000000 1.000000 0.000000 0.000000
22.000000 206.526696 22.982746 -0.135275 0.589693 0.000000 0.000000 0.000000 1.000000 0.000000 0.000000
22.000000 206.527845 23.085696 -0.160406 0.614144 0.000000 0.000000 0.000000 1.000000 0.000000 0.000000
22.000000 206.528551 22.681490 -0.158809 0.662651 0.000000 0.000000 0.000000 1.000000 0.000000 0.000000
22.000000 206.536903 22.830345 -0.114698 0.675631 0.000000 0.000000 0.000000 1.000000 0.000000 0.000000
22.000000 206.537802 22.955523 -0.145313 0.699749 0.000000 0.000000 0.000000 1.000000 0.000000 0.000000
22.000000 206.538727 22.560407 -0.143643 0.745301 0.000000 0.000000 0.000000 1.000000 0.000000 0.000000
22.000000 206.546896 22.694404 -0.103594 0.760348 0.000000 0.000000 0.000000 1.000000 0.000000 0.000000
22.000000 206.547951 22.763796 -0.120364 0.794102 0.000000 0.000000 0.000000 1.000000 0.000000 0.000000
22.000000 206.548635 22.446110 -0.119882 0.819493 0.000000 0.000000 0.000000 1.000000 0.000000 0.000000
22.000000 206.556683 22.548482 -0.089665 0.840347 0.000000 0.000000 0.000000 1.000000 0.000000 0.000000
22.000000 206.557751 22.614660 -0.105364 0.889833 0.000000 0.000000 0.000000 1.000000 0.000000 0.000000
22.000000 206.558601 22.363319 -0.105109 0.905985 0.000000 0.000000 0.000000 1.000000 0.000000 0.000000
22.000000 206.562355 22.157192 -0.135813 0.951873 0.000000 0.000000 0.000000 1.000000 0.000000 0.000000
22.000000 206.566998 22.145744 -0.051426 0.989962 0.000000 0.000000 0.000000 1.000000 0.000000 0.000000
22.000000 206.567909 22.458396 -0.085508 0.958269 0.000000 0.000000 0.000000 1.000000 0.000000 0.000000
22.000000 206.568589 22.274784 -0.085420 0.973511 0.000000 0.000000 0.000000 1.000000 0.000000 0.000000
22.000000 206.572354 22.080357 -0.121747 1.015746 0.000000 0.000000 0.000000 1.000000 0.000000 0.000000
22.000000 206.576839 22.113999 -0.049681 1.065748 0.000000 0.000000 0.000000 1.000000 0.000000 0.000000
22.000000 206.577778 22.451892 -0.077798 1.031963 0.000000 0.000000 0.000000 1.000000 0.000000 0.000000
22.000000 206.578688 22.114628 -0.077386 1.065503 0.000000 0.000000 0.000000 1.000000 0.000000 0.000000
22.000000 206.582421 21.973490 -0.102739 1.095309 0.000000 0.000000 0.000000 1.000000 0.000000 0.000000
22.000000 206.586853 22.025337 -0.046522 1.146787 0.000000 0.000000 0.000000 1.000000 0.000000 0.000000
22.000000 206.587897 22.300504 -0.062839 1.122013 0.000000 0.000000 0.000000 1.000000 0.000000 0.000000
22.000000 206.588433 21.978453 -0.062779 1.147537 0.000000 0.000000 0.000000 1.000000 0.000000 0.000000
22.000000 206.592269 21.859414 -0.085058 1.164299 0.000000 0.000000 0.000000 1.000000 0.000000 0.000000
22.000000 206.596672 21.904324 -0.030259 1.207878 0.000000 0.000000 0.000000 1.000000 0.000000 0.000000
22.000000 206.597794 22.158941 -0.042104 1.192243 0.000000 0.000000 0.000000 1.000000 0.000000 0.000000
22.000000 206.598690 21.962563 -0.042703 1.199523 0.000000 0.000000 0.000000 1.000000 0.000000 0.000000
22.000000 206.602701 21.763665 -0.083718 1.226784 0.000000 0.000000 0.000000 1.000000 0.000000 0.000000
22.000000 206.606857 21.842015 -0.040126 1.292329 0.000000 0.000000 0.000000 1.000000 0.000000 0.000000
22.000000 206.607941 22.038381 -0.042506 1.264676 0.000000 0.000000 0.000000 1.000000 0.000000 0.000000
22.000000 206.608508 21.710928 -0.041979 1.293215 0.000000 0.000000 0.000000 1.000000 0.000000 0.000000
22.000000 206.612623 21.655271 -0.051559 1.309910 0.000000 0.000000 0.000000 1.000000 0.000000 0.000000
22.000000 206.616715 21.712673 -0.011731 1.348288 0.000000 0.000000 0.000000 1.000000 0.000000 0.000000
22.000000 206.617912 21.908314 -0.012355 1.335742 0.000000 0.000000 0.000000 1.000000 0.000000 0.000000
22.000000 206.618628 21.643841 -0.012671 1.363347 0.000000 0.000000 0.000000 1.000000 0.000000 0.000000
22.000000 206.622541 21.544167 -0.035579 1.379984 0.000000 0.000000 0.000000 1.000000 0.000000 0.000000
22.000000 206.626809 21.612320 0.002068 1.423308 0.000000 0.000000 0.000000 1.000000 0.000000 0.000000
22.000000 206.627940 21.793606 0.005639 1.412040 0.000000 0.000000 0.000000 1.000000 0.000000 0.000000
22.000000 206.628489 21.548462 0.005114 1.432442 0.000000 0.000000 0.000000 1.000000 0.000000 0.000000
22.000000 206.632428 21.435318 -0.025236 1.443562 0.000000 0.000000 0.000000 1.000000 0.000000 0.000000
22.000000 206.636696 21.540505 0.005093 1.496558 0.000000 0.000000 0.000000 1.000000 0.000000 0.000000
22.000000 206.637822 21.695039 0.023220 1.483841 0.000000 0.000000 0.000000 1.000000 0.000000 0.000000
22.000000 206.638473 21.437052 0.022766 1.503491 0.000000 0.000000 0.000000 1.000000 0.000000 0.000000
22.000000 206.642514 21.333471 -0.007408 1.514174 0.000000 0.000000 0.000000 1.000000 0.000000 0.000000
22.000000 206.646840 21.437125 0.012481 1.560831 0.000000 0.000000 0.000000 1.000000 0.000000 0.000000
22.000000 206.647941 21.521575 0.040434 1.557492 0.000000 0.000000 0.000000 1.000000 0.000000 0.000000
22.000000 206.648453 21.404917 0.039743 1.547793 0.000000 0.000000 0.000000 1.000000 0.000000 0.000000
22.000000 206.652407 21.233033 -0.004187 1.563553 0.000000 0.000000 0.000000 1.000000 0.000000 0.000000
22.000000 206.656664 21.340982 0.017783 1.622942 0.000000 0.000000 0.000000 1.000000 0.000000 0.000000
22.000000 206.657847 21.411075 0.044814 1.615414 0.000000 0.000000 0.000000 1.000000 0.000000 0.000000
22.000000 206.658601 21.177498 0.044387 1.632959 0.000000 0.000000 0.000000 1.000000 0.000000 0.000000
22.000000 206.662467 21.114571 0.023476 1.638009 0.000000 0.000000 0.000000 1.000000 0.000000 0.000000
22.000000 206.666809 21.249812 0.032846 1.687543 0.000000 0.000000 0.000000 1.000000 0.000000 0.000000
22.000000 206.667956 21.300962 0.072296 1.688853 0.000000 0.000000 0.000000 1.000000 0.000000 0.000000
22.000000 206.668524 21.102656 0.071467 1.700585 0.000000 0.000000 0.000000 1.000000 0.000000 0.000000
22.000000 206.669037 20.898488 0.026197 1.694114 0.000000 0.000000 0.000000 1.000000 0.000000 0.000000
22.000000 206.672446 20.915490 0.065567 1.676758 0.000000 0.000000 0.000000 1.000000 0.000000 0.000000
22.000000 206.676690 21.148175 0.040957 1.751682 0.000000 0.000000 0.000000 1.000000 0.000000 0.000000
22.000000 206.677886 21.156368 0.089314 1.753107 0.000000 0.000000 0.000000 1.000000 0.000000 0.000000
22.000000 206.678590 21.002818 0.088714 1.758654 0.000000 0.000000 0.000000 1.000000 0.000000 0.000000
22.000000 206.679403 20.812056 0.044402 1.756648 0.000000 0.000000 0.000000 1.000000 0.000000 0.000000
22.000000 206.682521 20.828034 0.078998 1.741561 0.000000 0.000000 0.000000 1.000000 0.000000 0.000000
22.000000 206.687036 21.061271 0.053756 1.814315 0.000000 0.000000 0.000000 1.000000 0.000000 0.000000
22.000000 206.687941 21.072080 0.100621 1.815703 0.000000 0.000000 0.000000 1.000000 0.000000 0.000000
22.000000 206.688485 20.877869 0.099748 1.824852 0.000000 0.000000 0.000000 1.000000 0.000000 0.000000
22.000000 206.689259 20.692163 0.054818 1.822901 0.000000 0.000000 0.000000 1.000000 0.000000 0.000000
22.000000 206.692437 20.715566 0.091435 1.805302 0.000000 0.000000 0.000000 1.000000 0.000000 0.000000
22.000000 206.696920 20.985498 0.053609 1.880018 0.000000 0.000000 0.000000 1.000000 0.000000 0.000000
22.000000 206.697840 20.911683 0.121127 1.886313 0.000000 0.000000 0.000000 1.000000 0.000000 0.000000
22.000000 206.698587 20.857770 0.120764 1.868806 0.000000 0.000000 0.000000 1.000000 0.000000 0.000000
22.000000 206.699114 20.535407 0.036829 1.867564 0.000000 0.000000 0.000000 1.000000 0.000000 0.000000
22.000000 206.702511 20.592305 0.107333 1.855658 0.000000 0.000000 0.000000 1.000000 0.000000 0.000000
22.000000 206.706837 20.882722 0.054469 1.934310 0.000000 0.000000 0.000000 1.000000 0.000000 0.000000
22.000000 206.707998 20.807010 0.114023 1.941518 0.000000 0.000000 0.000000 1.000000 0.000000 0.000000
22.000000 206.708510 20.611352 0.113140 1.951253 0.000000 0.000000 0.000000 1.000000 0.000000 0.000000
22.000000 206.709313 20.481951 0.089916 1.942092 0.000000 0.000000 0.000000 1.000000 0.000000 0.000000
22.000000 206.712394 20.494119 0.121823 1.918817 0.000000 0.000000 0.000000 1.000000 0.000000 0.000000
22.000000 206.716682 20.794560 0.071588 1.997032 0.000000 0.000000 0.000000 1.000000 0.000000 0.000000
22.000000 206.717883 20.694420 0.142684 2.003457 0.000000 0.000000 0.000000 1.000000 0.000000 0.000000
22.000000 206.718627 20.540117 0.141943 2.005272 0.000000 0.000000 0.000000 1.000000 0.000000 0.000000
22.000000 206.719154 20.352867 0.097882 2.003635 0.000000 0.000000 0.000000 1.000000 0.000000 0.000000
22.000000 206.722491 20.368695 0.130072 1.975823 0.000000 0.000000 0.000000 1.000000 0.000000 0.000000
22.000000 206.726774 20.678566 0.083477 2.047252 0.000000 0.000000 0.000000 1.000000 0.000000 0.000000
22.000000 206.727946 20.585770 0.157462 2.058303 0.000000 0.000000 0.000000 1.000000 0.000000 0.000000
22.000000 206.728512 20.430899 0.156518 2.065872 0.000000 0.000000 0.000000 1.000000 0.000000 0.000000
22.000000 206.729125 20.251646 0.117254 2.061674 0.000000 0.000000 0.000000 1.000000 0.000000 0.000000
22.000000 206.732458 20.261652 0.147659 2.028545 0.000000 0.000000 0.000000 1.000000 0.000000 0.000000
22.000000 206.736681 20.604960 0.088484 2.104136 0.000000 0.000000 0.000000 1.000000 0.000000 0.000000
22.000000 206.737851 20.499572 0.163462 2.113391 0.000000 0.000000 0.000000 1.000000 0.000000 0.000000
22.000000 206.738609 20.294169 0.162202 2.123640 0.000000 0.000000 0.000000 1.000000 0.000000 0.000000
22.000000 206.739170 20.135773 0.129010 2.118166 0.000000 0.000000 0.000000 1.000000 0.000000 0.000000
22.000000 206.742489 20.158802 0.167588 2.087521 0.000000 0.000000 0.000000 1.000000 0.000000 0.000000
22.000000 206.746728 20.513257 0.100366 2.160918 0.000000 0.000000 0.000000 1.000000 0.000000 0.000000
22.000000 206.747993 20.355081 0.184571 2.175510 0.000000 0.000000 0.000000 1.000000 0.000000 0.000000
22.000000 206.748564 20.363776 0.184392 2.147230 0.000000 0.000000 0.000000 1.000000 0.000000 0.000000
22.000000 206.749174 19.929233 0.061981 2.146216 0.000000 0.000000 0.000000 1.000000 0.000000 0.000000
22.000000 206.752564 20.039150 0.169220 2.134451 0.000000 0.000000 0.000000 1.000000 0.000000 0.000000
22.000000 206.756666 20.421873 0.091797 2.212857 0.000000 0.000000 0.000000 1.000000 0.000000 0.000000
22.000000 206.757878 20.149076 0.204325 2.240022 0.000000 0.000000 0.000000 1.000000 0.000000 0.000000
22.000000 206.758638 20.117539 0.204115 2.235402 0.000000 0.000000 0.000000 1.000000 0.000000 0.000000
22.000000 206.759181 19.920513 0.161174 2.228799 0.000000 0.000000 0.000000 1.000000 0.000000 0.000000
22.000000 206.762538 19.934252 0.198135 2.193538 0.000000 0.000000 0.000000 1.000000 0.000000 0.000000
22.000000 206.766766 20.303975 0.122123 2.265169 0.000000 0.000000 0.000000 1.000000 0.000000 0.000000
22.000000 206.768108 20.095394 0.214802 2.287598 0.000000 0.000000 0.000000 1.000000 0.000000 0.000000
22.000000 206.768519 19.990292 0.213875 2.292167 0.000000 0.000000 0.000000 1.000000 0.000000 0.000000
22.000000 206.769280 19.818835 0.176657 2.285576 0.000000 0.000000 0.000000 1.000000 0.000000 0.000000
22.000000 206.772478 19.833381 0.210205 2.248926 0.000000 0.000000 0.000000 1.000000 0.000000 0.000000
22.000000 206.774986 20.044122 0.139086 2.344592 0.000000 0.000000 0.000000 1.000000 0.000000 0.000000
22.000000 206.776667 19.896991 0.251623 2.368222 0.000000 0.000000 0.000000 1.000000 0.000000 0.000000
22.000000 206.777879 19.970662 0.226181 2.342236 0.000000 0.000000 0.000000 1.000000 0.000000 0.000000
22.000000 206.778640 19.863220 0.225357 2.345369 0.000000 0.000000 0.000000 1.000000 0.000000 0.000000
22.000000 206.779226 19.712207 0.192025 2.342462 0.000000 0.000000 0.000000 1.000000 0.000000 0.000000
22.000000 206.782456 19.713448 0.212352 2.301417 0.000000 0.000000 0.000000 1.000000 0.000000 0.000000
22.000000 206.785234 19.950309 0.134519 2.395870 0.000000 0.000000 0.000000 1.000000 0.000000 0.000000
22.000000 206.786836 19.768226 0.284475 2.420398 0.000000 0.000000 0.000000 1.000000 0.000000 0.000000
22.000000 206.787970 19.915639 0.243916 2.393370 0.000000 0.000000 0.000000 1.000000 0.000000 0.000000
22.000000 206.788573 19.781762 0.242786 2.393215 0.000000 0.000000 0.000000 1.000000 0.000000 0.000000
22.000000 206.789272 19.589293 0.195771 2.390789 0.000000 0.000000 0.000000 1.000000 0.000000 0.000000
22.000000 206.792545 19.606922 0.228802 2.353403 0.000000 0.000000 0.000000 1.000000 0.000000 0.000000
22.000000 206.795058 19.831496 0.154633 2.448101 0.000000 0.000000 0.000000 1.000000 0.000000 0.000000
22.000000 206.796658 19.647439 0.303439 2.476207 0.000000 0.000000 0.000000 1.000000 0.000000 0.000000
22.000000 206.798043 19.808820 0.258581 2.444619 0.000000 0.000000 0.000000 1.000000 0.000000 0.000000
22.000000 206.798637 19.681141 0.257314 2.432051 0.000000 0.000000 0.000000 1.000000 0.000000 0.000000
22.000000 206.799146 19.445045 0.188048 2.429825 0.000000 0.000000 0.000000 1.000000 0.000000 0.000000
22.000000 206.802595 19.507312 0.241843 2.396098 0.000000 0.000000 0.000000 1.000000 0.000000 0.000000
22.000000 206.805223 19.724140 0.169064 2.491415 0.000000 0.000000 0.000000 1.000000 0.000000 0.000000
22.000000 206.806833 19.558683 0.284847 2.521117 0.000000 0.000000 0.000000 1.000000 0.000000 0.000000
22.000000 206.808068 19.553734 0.275794 2.495030 0.000000 0.000000 0.000000 1.000000 0.000000 0.000000
22.000000 206.808524 19.593005 0.276399 2.489294 0.000000 0.000000 0.000000 1.000000 0.000000 0.000000
22.000000 206.809313 19.388273 0.233401 2.483870 0.000000 0.000000 0.000000 1.000000 0.000000 0.000000
22.000000 206.812629 19.379588 0.258982 2.430367 0.000000 0.000000 0.000000 1.000000 0.000000 0.000000
22.000000 206.815144 19.613952 0.181320 2.533118 0.000000 0.000000 0.000000 1.000000 0.000000 0.000000
22.000000 206.816758 19.467930 0.286430 2.576911 0.000000 0.000000 0.000000 1.000000 0.000000 0.000000
22.000000 206.817944 19.607012 0.290299 2.531895 0.000000 0.000000 0.000000 1.000000 0.000000 0.000000
22.000000 206.818648 19.453502 0.288540 2.538720 0.000000 0.000000 0.000000 1.000000 0.000000 0.000000
22.000000 206.819212 19.258852 0.238144 2.537673 0.000000 0.000000 0.000000 1.000000 0.000000 0.000000
22.000000 206.822608 19.297121 0.281189 2.495068 0.000000 0.000000 0.000000 1.000000 0.000000 0.000000
22.000000 206.825098 19.463681 0.224290 2.577586 0.000000 0.000000 0.000000 1.000000 0.000000 0.000000
22.000000 206.826876 19.313369 0.332625 2.624126 0.000000 0.000000 0.000000 1.000000 0.000000 0.000000
22.000000 206.828022 19.431233 0.296796 2.592503 0.000000 0.000000 0.000000 1.000000 0.000000 0.000000
22.000000 206.828593 19.315032 0.295679 2.590878 0.000000 0.000000 0.000000 1.000000 0.000000 0.000000
22.000000 206.829120 19.170321 0.263504 2.587011 0.000000 0.000000 0.000000 1.000000 0.000000 0.000000
22.000000 206.832529 19.169102 0.282132 2.539305 0.000000 0.000000 0.000000 1.000000 0.000000 0.000000
22.000000 206.835065 19.388506 0.210214 2.632273 0.000000 0.000000 0.000000 1.000000 0.000000 0.000000
22.000000 206.836977 19.197064 0.352554 2.668065 0.000000 0.000000 0.000000 1.000000 0.000000 0.000000
22.000000 206.838176 19.330567 0.310885 2.632096 0.000000 0.000000 0.000000 1.000000 0.000000 0.000000
22.000000 206.838645 19.205366 0.309676 2.636676 0.000000 0.000000 0.000000 1.000000 0.000000 0.000000
22.000000 206.839216 19.072859 0.286206 2.633362 0.000000 0.000000 0.000000 1.000000 0.000000 0.000000
22.000000 206.842516 19.056719 0.300690 2.580248 0.000000 0.000000 0.000000 1.000000 0.000000 0.000000
22.000000 206.845140 19.289311 0.225629 2.671900 0.000000 0.000000 0.000000 1.000000 0.000000 0.000000
22.000000 206.846869 19.116148 0.352866 2.710392 0.000000 0.000000 0.000000 1.000000 0.000000 0.000000
22.000000 206.848193 19.206555 0.323525 2.681660 0.000000 0.000000 0.000000 1.000000 0.000000 0.000000
22.000000 206.848568 19.121632 0.322427 2.668273 0.000000 0.000000 0.000000 1.000000 0.000000 0.000000
22.000000 206.850450 18.896605 0.259104 2.661085 0.000000 0.000000 0.000000 1.000000 0.000000 0.000000
22.000000 206.852370 18.961557 0.317626 2.623750 0.000000 0.000000 0.000000 1.000000 0.000000 0.000000
22.000000 206.855037 19.168391 0.249971 2.710982 0.000000 0.000000 0.000000 1.000000 0.000000 0.000000
22.000000 206.856795 19.030691 0.347155 2.765736 0.000000 0.000000 0.000000 1.000000 0.000000 0.000000
22.000000 206.858006 19.062750 0.336305 2.735011 0.000000 0.000000 0.000000 1.000000 0.000000 0.000000
22.000000 206.858657 18.978506 0.335846 2.727907 0.000000 0.000000 0.000000 1.000000 0.000000 0.000000
22.000000 206.859191 18.851976 0.311526 2.728478 0.000000 0.000000 0.000000 1.000000 0.000000 0.000000
22.000000 206.862558 18.859435 0.337045 2.674441 0.000000 0.000000 0.000000 1.000000 0.000000 0.000000
22.000000 206.865180 19.016952 0.284683 2.745888 0.000000 0.000000 0.000000 1.000000 0.000000 0.000000
22.000000 206.867075 18.859440 0.390169 2.808264 0.000000 0.000000 0.000000 1.000000 0.000000 0.000000
22.000000 206.867966 18.957769 0.355607 2.769161 0.000000 0.000000 0.000000 1.000000 0.000000 0.000000
22.000000 206.868605 18.901522 0.355140 2.764099 0.000000 0.000000 0.000000 1.000000 0.000000 0.000000
22.000000 206.869165 18.712572 0.304819 2.766880 0.000000 0.000000 0.000000 1.000000 0.000000 0.000000
22.000000 206.872535 18.757013 0.349468 2.716998 0.000000 0.000000 0.000000 1.000000 0.000000 0.000000
22.000000 206.875136 18.921771 0.294589 2.790725 0.000000 0.000000 0.000000 1.000000 0.000000 0.000000
22.000000 206.876779 18.772656 0.394630 2.841018 0.000000 0.000000 0.000000 1.000000 0.000000 0.000000
22.000000 206.877913 18.848469 0.367850 2.810353 0.000000 0.000000 0.000000 1.000000 0.000000 0.000000
22.000000 206.878672 18.785375 0.367225 2.810614 0.000000 0.000000 0.000000 1.000000 0.000000 0.000000
22.000000 206.879716 18.622349 0.328326 2.811892 0.000000 0.000000 0.000000 1.000000 0.000000 0.000000
22.000000 206.882772 18.645826 0.362298 2.754860 0.000000 0.000000 0.000000 1.000000 0.000000 0.000000
22.000000 206.885097 18.816058 0.306469 2.825095 0.000000 0.000000 0.000000 1.000000 0.000000 0.000000
22.000000 206.887007 18.668081 0.408804 2.881503 0.000000 0.000000 0.000000 1.000000 0.000000 0.000000
22.000000 206.888598 18.705994 0.395090 2.864821 0.000000 0.000000 0.000000 1.000000 0.000000 0.000000
22.000000 206.889478 18.547048 0.361451 2.851019 0.000000 0.000000 0.000000 1.000000 0.000000 0.000000
22.000000 206.892536 18.530301 0.376256 2.784516 0.000000 0.000000 0.000000 1.000000 0.000000 0.000000
22.000000 206.895101 18.726600 0.312112 2.865126 0.000000 0.000000 0.000000 1.000000 0.000000 0.000000
22.000000 206.896840 18.582435 0.405627 2.924019 0.000000 0.000000 0.000000 1.000000 0.000000 0.000000
22.000000 206.898690 18.595348 0.396261 2.896641 0.000000 0.000000 0.000000 1.000000 0.000000 0.000000
22.000000 206.900066 18.359898 0.332084 2.883771 0.000000 0.000000 0.000000 1.000000 0.000000 0.000000
22.000000 206.902598 18.424721 0.393008 2.829051 0.000000 0.000000 0.000000 1.000000 0.000000 0.000000
22.000000 206.905271 18.597314 0.336090 2.902822 0.000000 0.000000 0.000000 1.000000 0.000000 0.000000
22.000000 206.907074 18.506566 0.378943 2.957686 0.000000 0.000000 0.000000 1.000000 0.000000 0.000000
22.000000 206.908627 18.413561 0.394146 2.938519 0.000000 0.000000 0.000000 1.000000 0.000000 0.000000
22.000000 206.911295 18.317439 0.380119 2.928463 0.000000 0.000000 0.000000 1.000000 0.000000 0.000000
22.000000 206.912603 18.311879 0.397720 2.866071 0.000000 0.000000 0.000000 1.000000 0.000000 0.000000
22.000000 206.915053 18.462336 0.348631 2.930011 0.000000 0.000000 0.000000 1.000000 0.000000 0.000000
22.000000 206.916757 18.333177 0.434847 2.993802 0.000000 0.000000 0.000000 1.000000 0.000000 0.000000
22.000000 206.917917 18.407533 0.412393 2.973955 0.000000 0.000000 0.000000 1.000000 0.000000 0.000000
22.000000 206.918703 18.322140 0.411261 2.978339 0.000000 0.000000 0.000000 1.000000 0.000000 0.000000
22.000000 206.919227 18.251360 0.407330 2.974135 0.000000 0.000000 0.000000 1.000000 0.000000 0.000000
22.000000 206.922779 18.210479 0.404758 2.902091 0.000000 0.000000 0.000000 1.000000 0.000000 0.000000
22.000000 206.925119 18.386549 0.348958 2.963990 0.000000 0.000000 0.000000 1.000000 0.000000 0.000000
22.000000 206.927115 18.245506 0.445534 3.028462 0.000000 0.000000 0.000000 1.000000 0.000000 0.000000
22.000000 206.928091 18.316938 0.424877 3.003742 0.000000 0.000000 0.000000 1.000000 0.000000 0.000000
22.000000 206.928632 18.202971 0.423481 3.009019 0.000000 0.000000 0.000000 1.000000 0.000000 0.000000
22.000000 206.929175 18.139141 0.421806 3.011212 0.000000 0.000000 0.000000 1.000000 0.000000 0.000000
22.000000 206.932638 18.108803 0.425194 2.942204 0.000000 0.000000 0.000000 1.000000 0.000000 0.000000
22.000000 206.935045 18.245436 0.379819 3.004388 0.000000 0.000000 0.000000 1.000000 0.000000 0.000000
22.000000 206.936993 18.116246 0.462731 3.072266 0.000000 0.000000 0.000000 1.000000 0.000000 0.000000
22.000000 206.937934 18.184909 0.441132 3.042510 0.000000 0.000000 0.000000 1.000000 0.000000 0.000000
22.000000 206.938745 18.116828 0.440489 3.040625 0.000000 0.000000 0.000000 1.000000 0.000000 0.000000
22.000000 206.939241 18.028683 0.431468 3.040555 0.000000 0.000000 0.000000 1.000000 0.000000 0.000000
22.000000 206.942728 18.006442 0.442718 2.976962 0.000000 0.000000 0.000000 1.000000 0.000000 0.000000
22.000000 206.945078 18.115375 0.406687 3.029563 0.000000 0.000000 0.000000 1.000000 0.000000 0.000000
22.000000 206.947024 18.026359 0.464458 3.102059 0.000000 0.000000 0.000000 1.000000 0.000000 0.000000
22.000000 206.948076 18.097414 0.446254 3.076657 0.000000 0.000000 0.000000 1.000000 0.000000 0.000000
22.000000 206.948764 18.054576 0.446139 3.062641 0.000000 0.000000 0.000000 1.000000 0.000000 0.000000
22.000000 206.949340 17.750085 0.358334 3.070820 0.000000 0.000000 0.000000 1.000000 0.000000 0.000000
22.000000 206.952564 17.874943 0.455814 3.013102 0.000000 0.000000 0.000000 1.000000 0.000000 0.000000
22.000000 206.957062 18.672074 0.252341 3.055242 0.000000 0.000000 0.000000 1.000000 0.000000 0.000000
22.000000 206.957960 17.996963 0.457910 3.095107 0.000000 0.000000 0.000000 1.000000 0.000000 0.000000
22.000000 206.958820 17.891154 0.456340 3.110281 0.000000 0.000000 0.000000 1.000000 0.000000 0.000000
22.000000 206.959210 17.822938 0.458324 3.113375 0.000000 0.000000 0.000000 1.000000 0.000000 0.000000
22.000000 206.962699 17.796908 0.471136 3.042975 0.000000 0.000000 0.000000 1.000000 0.000000 0.000000
22.000000 206.967007 18.708402 0.226298 3.101517 0.000000 0.000000 0.000000 1.000000 0.000000 0.000000
22.000000 206.968088 17.862602 0.471598 3.137500 0.000000 0.000000 0.000000 1.000000 0.000000 0.000000
22.000000 206.968724 17.780128 0.470867 3.138690 0.000000 0.000000 0.000000 1.000000 0.000000 0.000000
22.000000 206.969434 17.706630 0.467898 3.146611 0.000000 0.000000 0.000000 1.000000 0.000000 0.000000
22.000000 206.972631 17.676119 0.475306 3.076766 0.000000 0.000000 0.000000 1.000000 0.000000 0.000000
22.000000 206.976879 18.638804 0.223663 3.135794 0.000000 0.000000 0.000000 1.000000 0.000000 0.000000
22.000000 206.978024 17.752538 0.486097 3.164985 0.000000 0.000000 0.000000 1.000000 0.000000 0.000000
22.000000 206.978797 17.689381 0.486066 3.162340 0.000000 0.000000 0.000000 1.000000 0.000000 0.000000
22.000000 206.979316 17.596828 0.476463 3.177417 0.000000 0.000000 0.000000 1.000000 0.000000 0.000000
22.000000 206.982553 17.592472 0.498460 3.104776 0.000000 0.000000 0.000000 1.000000 0.000000 0.000000
22.000000 206.986976 18.621757 0.221155 3.163200 0.000000 0.000000 0.000000 1.000000 0.000000 0.000000
22.000000 206.988058 17.654226 0.500012 3.195351 0.000000 0.000000 0.000000 1.000000 0.000000 0.000000
22.000000 206.988753 17.566520 0.499333 3.186211 0.000000 0.000000 0.000000 1.000000 0.000000 0.000000
22.000000 206.989549 17.475268 0.486217 3.197639 0.000000 0.000000 0.000000 1.000000 0.000000 0.000000
22.000000 206.992700 17.483157 0.510953 3.130291 0.000000 0.000000 0.000000 1.000000 0.000000 0.000000
22.000000 206.996891 18.484435 0.238401 3.183792 0.000000 0.000000 0.000000 1.000000 0.000000 0.000000
22.000000 206.997987 17.505411 0.517163 3.219810 0.000000 0.000000 0.000000 1.000000 0.000000 0.000000
22.000000 206.998749 17.443040 0.516769 3.206128 0.000000 0.000000 0.000000 1.000000 0.000000 0.000000
22.000000 206.999159 17.287978 0.468204 3.221682 0.000000 0.000000 0.000000 1.000000 0.000000 0.000000
22.000000 207.002689 17.379061 0.526250 3.168939 0.000000 0.000000 0.000000 1.000000 0.000000 0.000000
22.000000 207.006924 18.227958 0.297635 3.201876 0.000000 0.000000 0.000000 1.000000 0.000000 0.000000
22.000000 207.008120 17.467445 0.515385 3.240072 0.000000 0.000000 0.000000 1.000000 0.000000 0.000000
22.000000 207.009293 17.173193 0.509526 3.244465 0.000000 0.000000 0.000000 1.000000 0.000000 0.000000
22.000000 207.012585 17.244135 0.542787 3.194714 0.000000 0.000000 0.000000 1.000000 0.000000 0.000000
22.000000 207.018802 17.301693 0.545097 3.207879 0.000000 0.000000 0.000000 1.000000 0.000000 0.000000
22.000000 207.019209 17.074685 0.489130 3.278236 0.000000 0.000000 0.000000 1.000000 0.000000 0.000000
22.000000 207.022637 17.160002 0.547081 3.223362 0.000000 0.000000 0.000000 1.000000 0.000000 0.000000
22.000000 207.026949 18.062166 0.301907 3.256742 0.000000 0.000000 0.000000 1.000000 0.000000 0.000000
22.000000 207.028073 17.202941 0.545209 3.285144 0.000000 0.000000 0.000000 1.000000 0.000000 0.000000
22.000000 207.028680 17.150867 0.545144 3.284456 0.000000 0.000000 0.000000 1.000000 0.000000 0.000000
22.000000 207.029391 16.995880 0.506213 3.308018 0.000000 0.000000 0.000000 1.000000 0.000000 0.000000
22.000000 207.032670 17.070117 0.565456 3.248511 0.000000 0.000000 0.000000 1.000000 0.000000 0.000000
22.000000 207.037998 17.175332 0.563509 3.243678 0.000000 0.000000 0.000000 1.000000 0.000000 0.000000
22.000000 207.038742 17.103105 0.585313 3.305244 0.000000 0.000000 0.000000 1.000000 0.000000 0.000000
22.000000 207.039247 16.906708 0.530998 3.323575 0.000000 0.000000 0.000000 1.000000 0.000000 0.000000
22.000000 207.042627 16.956923 0.580573 3.266439 0.000000 0.000000 0.000000 1.000000 0.000000 0.000000
22.000000 207.048074 17.101602 0.564816 3.265204 0.000000 0.000000 0.000000 1.000000 0.000000 0.000000
22.000000 207.048737 16.891222 0.579761 3.320950 0.000000 0.000000 0.000000 1.000000 0.000000 0.000000
22.000000 207.049470 16.704130 0.509022 3.337935 0.000000 0.000000 0.000000 1.000000 0.000000 0.000000
22.000000 207.052491 16.854525 0.587199 3.294254 0.000000 0.000000 0.000000 1.000000 0.000000 0.000000
22.000000 207.057110 17.537575 0.396872 3.301600 0.000000 0.000000 0.000000 1.000000 0.000000 0.000000
22.000000 207.058018 16.847394 0.586377 3.346454 0.000000 0.000000 0.000000 1.000000 0.000000 0.000000
22.000000 207.058802 16.807735 0.585517 3.357145 0.000000 0.000000 0.000000 1.000000 0.000000 0.000000
22.000000 207.059237 16.656885 0.542931 3.369223 0.000000 0.000000 0.000000 1.000000 0.000000 0.000000
22.000000 207.062815 16.740163 0.601640 3.314617 0.000000 0.000000 0.000000 1.000000 0.000000 0.000000
22.000000 207.067111 17.632664 0.366399 3.337480 0.000000 0.000000 0.000000 1.000000 0.000000 0.000000
22.000000 207.068107 16.831638 0.597861 3.367786 0.000000 0.000000 0.000000 1.000000 0.000000 0.000000
22.000000 207.068798 16.695362 0.595003 3.371174 0.000000 0.000000 0.000000 1.000000 0.000000 0.000000
22.000000 207.069656 16.541229 0.545586 3.391913 0.000000 0.000000 0.000000 1.000000 0.000000 0.000000
22.000000 207.072707 16.651893 0.611688 3.340960 0.000000 0.000000 0.000000 1.000000 0.000000 0.000000
22.000000 207.076858 17.472558 0.399048 3.353915 0.000000 0.000000 0.000000 1.000000 0.000000 0.000000
22.000000 207.078037 16.738010 0.614036 3.386621 0.000000 0.000000 0.000000 1.000000 0.000000 0.000000
22.000000 207.078799 16.613797 0.611345 3.404480 0.000000 0.000000 0.000000 1.000000 0.000000 0.000000
22.000000 207.079218 16.548312 0.606008 3.425944 0.000000 0.000000 0.000000 1.000000 0.000000 0.000000
22.000000 207.082690 16.531606 0.617336 3.359313 0.000000 0.000000 0.000000 1.000000 0.000000 0.000000
22.000000 207.086915 17.448835 0.381557 3.375850 0.000000 0.000000 0.000000 1.000000 0.000000 0.000000
22.000000 207.088082 16.599463 0.631218 3.412441 0.000000 0.000000 0.000000 1.000000 0.000000 0.000000
22.000000 207.089765 16.399088 0.622761 3.417908 0.000000 0.000000 0.000000 1.000000 0.000000 0.000000
22.000000 207.092515 16.439021 0.635725 3.377839 0.000000 0.000000 0.000000 1.000000 0.000000 0.000000
22.000000 207.096892 17.362423 0.390743 3.400301 0.000000 0.000000 0.000000 1.000000 0.000000 0.000000
22.000000 207.098940 16.443998 0.653307 3.454733 0.000000 0.000000 0.000000 1.000000 0.000000 0.000000
22.000000 207.099446 16.262256 0.599969 3.457560 0.000000 0.000000 0.000000 1.000000 0.000000 0.000000
22.000000 207.102696 16.330586 0.654104 3.398077 0.000000 0.000000 0.000000 1.000000 0.000000 0.000000
22.000000 207.108126 16.429457 0.649458 3.382982 0.000000 0.000000 0.000000 1.000000 0.000000 0.000000
22.000000 207.109211 16.347191 0.665872 3.451032 0.000000 0.000000 0.000000 1.000000 0.000000 0.000000
22.000000 207.109518 16.293838 0.672690 3.475784 0.000000 0.000000 0.000000 1.000000 0.000000 0.000000
22.000000 207.112654 16.225101 0.668045 3.410423 0.000000 0.000000 0.000000 1.000000 0.000000 0.000000
22.000000 207.116922 17.128905 0.433658 3.425433 0.000000 0.000000 0.000000 1.000000 0.000000 0.000000
22.000000 207.118775 16.255380 0.687683 3.478798 0.000000 0.000000 0.000000 1.000000 0.000000 0.000000
22.000000 207.119289 16.048598 0.619161 3.488252 0.000000 0.000000 0.000000 1.000000 0.000000 0.000000
22.000000 207.122756 16.131988 0.676113 3.432681 0.000000 0.000000 0.000000 1.000000 0.000000 0.000000
22.000000 207.126941 17.017953 0.444902 3.440606 0.000000 0.000000 0.000000 1.000000 0.000000 0.000000
22.000000 207.129408 16.078066 0.715210 3.505713 0.000000 0.000000 0.000000 1.000000 0.000000 0.000000
22.000000 207.132628 16.031874 0.689638 3.449282 0.000000 0.000000 0.000000 1.000000 0.000000 0.000000
22.000000 207.136921 16.921674 0.447232 3.457744 0.000000 0.000000 0.000000 1.000000 0.000000 0.000000
22.000000 207.138145 16.050618 0.690076 3.495053 0.000000 0.000000 0.000000 1.000000 0.000000 0.000000
22.000000 207.139264 15.851712 0.681195 3.497302 0.000000 0.000000 0.000000 1.000000 0.000000 0.000000
22.000000 207.142774 15.913526 0.703628 3.457064 0.000000 0.000000 0.000000 1.000000 0.000000 0.000000
22.000000 207.147082 16.767234 0.475492 3.466838 0.000000 0.000000 0.000000 1.000000 0.000000 0.000000
22.000000 207.148094 15.927132 0.713356 3.510643 0.000000 0.000000 0.000000 1.000000 0.000000 0.000000
22.000000 207.149370 15.755599 0.704844 3.520353 0.000000 0.000000 0.000000 1.000000 0.000000 0.000000
22.000000 207.152655 15.784316 0.711982 3.475058 0.000000 0.000000 0.000000 1.000000 0.000000 0.000000
22.000000 207.156919 16.571478 0.511294 3.473259 0.000000 0.000000 0.000000 1.000000 0.000000 0.000000
22.000000 207.158024 15.828496 0.729507 3.512198 0.000000 0.000000 0.000000 1.000000 0.000000 0.000000
22.000000 207.159271 15.681689 0.718746 3.532359 0.000000 0.000000 0.000000 1.000000 0.000000 0.000000
22.000000 207.162853 15.741103 0.736368 3.496193 0.000000 0.000000 0.000000 1.000000 0.000000 0.000000
22.000000 207.167007 16.200470 0.607272 3.471821 0.000000 0.000000 0.000000 1.000000 0.000000 0.000000
22.000000 207.168149 15.703323 0.741576 3.515788 0.000000 0.000000 0.000000 1.000000 0.000000 0.000000
22.000000 207.168694 15.764393 0.743620 3.535042 0.000000 0.000000 0.000000 1.000000 0.000000 0.000000
22.000000 207.169503 15.687053 0.742778 3.554038 0.000000 0.000000 0.000000 1.000000 0.000000 0.000000
22.000000 207.172638 15.598048 0.735146 3.496296 0.000000 0.000000 0.000000 1.000000 0.000000 0.000000
22.000000 207.176927 16.301711 0.573097 3.484646 0.000000 0.000000 0.000000 1.000000 0.000000 0.000000
22.000000 207.178049 15.753170 0.749294 3.517777 0.000000 0.000000 0.000000 1.000000 0.000000 0.000000
22.000000 207.178809 15.618879 0.744569 3.537602 0.000000 0.000000 0.000000 1.000000 0.000000 0.000000
22.000000 207.179454 15.511830 0.724112 3.554669 0.000000 0.000000 0.000000 1.000000 0.000000 0.000000
22.000000 207.182773 15.500435 0.744598 3.503641 0.000000 0.000000 0.000000 1.000000 0.000000 0.000000
22.000000 207.187004 16.270049 0.542227 3.504927 0.000000 0.000000 0.000000 1.000000 0.000000 0.000000
22.000000 207.188131 15.482100 0.768238 3.542335 0.000000 0.000000 0.000000 1.000000 0.000000 0.000000
22.000000 207.188715 15.536973 0.771000 3.553533 0.000000 0.000000 0.000000 1.000000 0.000000 0.000000
22.000000 207.189274 15.563396 0.810697 3.582746 0.000000 0.000000 0.000000 1.000000 0.000000 0.000000
22.000000 207.192642 15.392803 0.762154 3.518597 0.000000 0.000000 0.000000 1.000000 0.000000 0.000000
22.000000 207.196894 16.034087 0.593962 3.506574 0.000000 0.000000 0.000000 1.000000 0.000000 0.000000
22.000000 207.198081 15.377450 0.782324 3.545028 0.000000 0.000000 0.000000 1.000000 0.000000 0.000000
22.000000 207.199287 15.257662 0.772455 3.564475 0.000000 0.000000 0.000000 1.000000 0.000000 0.000000
22.000000 207.202646 15.321898 0.791933 3.528245 0.000000 0.000000 0.000000 1.000000 0.000000 0.000000
22.000000 207.207015 15.724618 0.666886 3.504757 0.000000 0.000000 0.000000 1.000000 0.000000 0.000000
22.000000 207.208139 15.245117 0.786730 3.539713 0.000000 0.000000 0.000000 1.000000 0.000000 0.000000
22.000000 207.209410 15.125873 0.775051 3.565918 0.000000 0.000000 0.000000 1.000000 0.000000 0.000000
22.000000 207.212801 15.218226 0.804466 3.537436 0.000000 0.000000 0.000000 1.000000 0.000000 0.000000
22.000000 207.218024 15.344656 0.787397 3.517243 0.000000 0.000000 0.000000 1.000000 0.000000 0.000000
22.000000 207.219311 15.049462 0.782386 3.581092 0.000000 0.000000 0.000000 1.000000 0.000000 0.000000
22.000000 207.222694 15.108603 0.798436 3.543538 0.000000 0.000000 0.000000 1.000000 0.000000 0.000000
22.000000 207.228163 15.200222 0.793115 3.523685 0.000000 0.000000 0.000000 1.000000 0.000000 0.000000
22.000000 207.228810 15.062614 0.803415 3.597100 0.000000 0.000000 0.000000 1.000000 0.000000 0.000000
22.000000 207.229475 15.257267 0.907683 3.621607 0.000000 0.000000 0.000000 1.000000 0.000000 0.000000
22.000000 207.232597 15.005439 0.814090 3.548798 0.000000 0.000000 0.000000 1.000000 0.000000 0.000000
22.000000 207.236961 15.391345 0.698805 3.519919 0.000000 0.000000 0.000000 1.000000 0.000000 0.000000
22.000000 207.238055 14.935390 0.816662 3.562799 0.000000 0.000000 0.000000 1.000000 0.000000 0.000000
22.000000 207.238813 14.976945 0.818565 3.598184 0.000000 0.000000 0.000000 1.000000 0.000000 0.000000
22.000000 207.239357 15.200561 0.937729 3.621680 0.000000 0.000000 0.000000 1.000000 0.000000 0.000000
22.000000 207.242809 14.883928 0.819553 3.550420 0.000000 0.000000 0.000000 1.000000 0.000000 0.000000
22.000000 207.248241 14.955826 0.818230 3.532191 0.000000 0.000000 0.000000 1.000000 0.000000 0.000000
22.000000 207.248746 14.927659 0.831614 3.590318 0.000000 0.000000 0.000000 1.000000 0.000000 0.000000
22.000000 207.249586 15.108367 0.940376 3.612680 0.000000 0.000000 0.000000 1.000000 0.000000 0.000000
22.000000 207.252714 14.803224 0.837359 3.547796 0.000000 0.000000 0.000000 1.000000 0.000000 0.000000
22.000000 207.258081 14.923957 0.824350 3.534763 0.000000 0.000000 0.000000 1.000000 0.000000 0.000000
22.000000 207.258831 14.766211 0.832823 3.603760 0.000000 0.000000 0.000000 1.000000 0.000000 0.000000
22.000000 207.259463 15.035055 0.975256 3.621537 0.000000 0.000000 0.000000 1.000000 0.000000 0.000000
22.000000 207.262906 14.703203 0.854086 3.549047 0.000000 0.000000 0.000000 1.000000 0.000000 0.000000
22.000000 207.267178 15.337184 0.677561 3.538508 0.000000 0.000000 0.000000 1.000000 0.000000 0.000000
22.000000 207.268189 14.684733 0.855692 3.581108 0.000000 0.000000 0.000000 1.000000 0.000000 0.000000
22.000000 207.269398 14.548364 0.845666 3.595556 0.000000 0.000000 0.000000 1.000000 0.000000 0.000000
22.000000 207.272732 14.609920 0.863732 3.552366 0.000000 0.000000 0.000000 1.000000 0.000000 0.000000
22.000000 207.277159 15.326407 0.668472 3.544155 0.000000 0.000000 0.000000 1.000000 0.000000 0.000000
22.000000 207.278093 14.588233 0.874326 3.585723 0.000000 0.000000 0.000000 1.000000 0.000000 0.000000
22.000000 207.278863 14.589553 0.875080 3.598969 0.000000 0.000000 0.000000 1.000000 0.000000 0.000000
22.000000 207.279442 14.693331 0.938611 3.625535 0.000000 0.000000 0.000000 1.000000 0.000000 0.000000
22.000000 207.282801 14.531845 0.885542 3.562272 0.000000 0.000000 0.000000 1.000000 0.000000 0.000000
22.000000 207.287200 15.081688 0.720964 3.548337 0.000000 0.000000 0.000000 1.000000 0.000000 0.000000
22.000000 207.288187 14.454047 0.883869 3.593131 0.000000 0.000000 0.000000 1.000000 0.000000 0.000000
22.000000 207.288841 14.446575 0.884001 3.607248 0.000000 0.000000 0.000000 1.000000 0.000000 0.000000
22.000000 207.289401 14.659115 0.993024 3.618978 0.000000 0.000000 0.000000 1.000000 0.000000 0.000000
22.000000 207.292867 14.398479 0.894937 3.549234 0.000000 0.000000 0.000000 1.000000 0.000000 0.000000
22.000000 207.296941 15.342914 0.652166 3.554026 0.000000 0.000000 0.000000 1.000000 0.000000 0.000000
22.000000 207.298070 14.506346 0.895606 3.587860 0.000000 0.000000 0.000000 1.000000 0.000000 0.000000
22.000000 207.299446 14.197249 0.878423 3.594388 0.000000 0.000000 0.000000 1.000000 0.000000 0.000000
22.000000 207.302722 14.293883 0.909874 3.550030 0.000000 0.000000 0.000000 1.000000 0.000000 0.000000
22.000000 207.307019 15.043524 0.695348 3.548196 0.000000 0.000000 0.000000 1.000000 0.000000 0.000000
22.000000 207.308216 14.270632 0.902286 3.590828 0.000000 0.000000 0.000000 1.000000 0.000000 0.000000
22.000000 207.308947 14.259866 0.902745 3.597434 0.000000 0.000000 0.000000 1.000000 0.000000 0.000000
22.000000 207.309433 14.506223 1.034636 3.616060 0.000000 0.000000 0.000000 1.000000 0.000000 0.000000
22.000000 207.312763 14.195172 0.923921 3.546775 0.000000 0.000000 0.000000 1.000000 0.000000 0.000000
22.000000 207.317124 14.878329 0.729963 3.543538 0.000000 0.000000 0.000000 1.000000 0.000000 0.000000
22.000000 207.318142 14.208530 0.909276 3.576394 0.000000 0.000000 0.000000 1.000000 0.000000 0.000000
22.000000 207.319399 13.998483 0.894626 3.582062 0.000000 0.000000 0.000000 1.000000 0.000000 0.000000
22.000000 207.322680 14.118411 0.933016 3.545997 0.000000 0.000000 0.000000 1.000000 0.000000 0.000000
22.000000 207.327022 14.768586 0.754611 3.535509 0.000000 0.000000 0.000000 1.000000 0.000000 0.000000
22.000000 207.328198 14.154575 0.923555 3.567453 0.000000 0.000000 0.000000 1.000000 0.000000 0.000000
22.000000 207.329424 13.908151 0.907394 3.578660 0.000000 0.000000 0.000000 1.000000 0.000000 0.000000
22.000000 207.332647 13.993673 0.932928 3.540627 0.000000 0.000000 0.000000 1.000000 0.000000 0.000000
22.000000 207.337033 14.799562 0.697149 3.553286 0.000000 0.000000 0.000000 1.000000 0.000000 0.000000
22.000000 207.338119 13.922719 0.930271 3.594429 0.000000 0.000000 0.000000 1.000000 0.000000 0.000000
22.000000 207.338869 13.980084 0.934484 3.585636 0.000000 0.000000 0.000000 1.000000 0.000000 0.000000
22.000000 207.339408 14.200016 1.053976 3.608657 0.000000 0.000000 0.000000 1.000000 0.000000 0.000000
22.000000 207.342697 13.911049 0.952812 3.538099 0.000000 0.000000 0.000000 1.000000 0.000000 0.000000
22.000000 207.347049 14.639338 0.755295 3.532160 0.000000 0.000000 0.000000 1.000000 0.000000 0.000000
22.000000 207.348204 13.937682 0.951622 3.559327 0.000000 0.000000 0.000000 1.000000 0.000000 0.000000
22.000000 207.348947 13.823450 0.947368 3.563197 0.000000 0.000000 0.000000 1.000000 0.000000 0.000000
22.000000 207.349789 13.913010 1.000828 3.590749 0.000000 0.000000 0.000000 1.000000 0.000000 0.000000
22.000000 207.352596 13.792071 0.961902 3.531770 0.000000 0.000000 0.000000 1.000000 0.000000 0.000000
22.000000 207.356931 14.538370 0.766082 3.526898 0.000000 0.000000 0.000000 1.000000 0.000000 0.000000
22.000000 207.358150 13.864514 0.959317 3.547052 0.000000 0.000000 0.000000 1.000000 0.000000 0.000000
22.000000 207.358895 13.742779 0.954918 3.558361 0.000000 0.000000 0.000000 1.000000 0.000000 0.000000
22.000000 207.359327 14.044785 1.114824 3.582974 0.000000 0.000000 0.000000 1.000000 0.000000 0.000000
22.000000 207.362792 13.673907 0.983728 3.514206 0.000000 0.000000 0.000000 1.000000 0.000000 0.000000
22.000000 207.367033 14.332417 0.796591 3.517497 0.000000 0.000000 0.000000 1.000000 0.000000 0.000000
22.000000 207.368297 13.701115 0.965435 3.547608 0.000000 0.000000 0.000000 1.000000 0.000000 0.000000
22.000000 207.368946 13.660169 0.964673 3.553335 0.000000 0.000000 0.000000 1.000000 0.000000 0.000000
22.000000 207.369366 13.833092 1.059867 3.579446 0.000000 0.000000 0.000000 1.000000 0.000000 0.000000
22.000000 207.372703 13.631857 0.991177 3.513034 0.000000 0.000000 0.000000 1.000000 0.000000 0.000000
22.000000 207.376973 14.224453 0.811206 3.509275 0.000000 0.000000 0.000000 1.000000 0.000000 0.000000
22.000000 207.378189 13.568252 0.980439 3.541383 0.000000 0.000000 0.000000 1.000000 0.000000 0.000000
22.000000 207.378945 13.578419 0.982406 3.540892 0.000000 0.000000 0.000000 1.000000 0.000000 0.000000
22.000000 207.379345 13.731545 1.070087 3.571302 0.000000 0.000000 0.000000 1.000000 0.000000 0.000000
22.000000 207.382773 13.511093 0.996959 3.508038 0.000000 0.000000 0.000000 1.000000 0.000000 0.000000
22.000000 207.387099 14.089987 0.827785 3.502578 0.000000 0.000000 0.000000 1.000000 0.000000 0.000000
22.000000 207.388239 13.479436 0.989621 3.533623 0.000000 0.000000 0.000000 1.000000 0.000000 0.000000
22.000000 207.388986 13.457064 0.989753 3.537930 0.000000 0.000000 0.000000 1.000000 0.000000 0.000000
22.000000 207.389366 13.631380 1.081423 3.559303 0.000000 0.000000 0.000000 1.000000 0.000000 0.000000
22.000000 207.392680 13.428095 1.008500 3.494712 0.000000 0.000000 0.000000 1.000000 0.000000 0.000000
22.000000 207.396990 13.909196 0.866107 3.485977 0.000000 0.000000 0.000000 1.000000 0.000000 0.000000
22.000000 207.398182 13.380307 1.005601 3.515346 0.000000 0.000000 0.000000 1.000000 0.000000 0.000000
22.000000 207.399071 13.382380 1.006869 3.525029 0.000000 0.000000 0.000000 1.000000 0.000000 0.000000
22.000000 207.399301 13.590602 1.121783 3.551435 0.000000 0.000000 0.000000 1.000000 0.000000 0.000000
22.000000 207.402726 13.303451 1.024354 3.485386 0.000000 0.000000 0.000000 1.000000 0.000000 0.000000
22.000000 207.407132 13.910510 0.847751 3.486099 0.000000 0.000000 0.000000 1.000000 0.000000 0.000000
22.000000 207.408275 13.281276 1.015389 3.512440 0.000000 0.000000 0.000000 1.000000 0.000000 0.000000
22.000000 207.408942 13.265573 1.016253 3.515809 0.000000 0.000000 0.000000 1.000000 0.000000 0.000000
22.000000 207.409408 13.431803 1.104739 3.545124 0.000000 0.000000 0.000000 1.000000 0.000000 0.000000
22.000000 207.412671 13.226884 1.032035 3.475829 0.000000 0.000000 0.000000 1.000000 0.000000 0.000000
22.000000 207.416998 13.814647 0.866222 3.468991 0.000000 0.000000 0.000000 1.000000 0.000000 0.000000
22.000000 207.418200 13.217685 1.029394 3.496058 0.000000 0.000000 0.000000 1.000000 0.000000 0.000000
22.000000 207.419065 13.156958 1.027649 3.510130 0.000000 0.000000 0.000000 1.000000 0.000000 0.000000
22.000000 207.419334 13.347524 1.126955 3.538172 0.000000 0.000000 0.000000 1.000000 0.000000 0.000000
22.000000 207.422771 13.149228 1.054883 3.464269 0.000000 0.000000 0.000000 1.000000 0.000000 0.000000
22.000000 207.427061 13.676271 0.887801 3.460251 0.000000 0.000000 0.000000 1.000000 0.000000 0.000000
22.000000 207.428252 13.066619 1.041125 3.492821 0.000000 0.000000 0.000000 1.000000 0.000000 0.000000
22.000000 207.428998 13.073838 1.043224 3.499130 0.000000 0.000000 0.000000 1.000000 0.000000 0.000000
22.000000 207.429443 13.276331 1.148177 3.525306 0.000000 0.000000 0.000000 1.000000 0.000000 0.000000
22.000000 207.432673 13.053539 1.066946 3.447905 0.000000 0.000000 0.000000 1.000000 0.000000 0.000000
22.000000 207.436934 13.605267 0.896056 3.444188 0.000000 0.000000 0.000000 1.000000 0.000000 0.000000
22.000000 207.438241 12.975687 1.057801 3.480536 0.000000 0.000000 0.000000 1.000000 0.000000 0.000000
22.000000 207.439296 12.827853 1.045163 3.470959 0.000000 0.000000 0.000000 1.000000 0.000000 0.000000
22.000000 207.439496 13.228974 1.181511 3.510695 0.000000 0.000000 0.000000 1.000000 0.000000 0.000000
22.000000 207.442742 13.043201 1.069729 3.452268 0.000000 0.000000 0.000000 1.000000 0.000000 0.000000
22.000000 207.447166 13.465618 0.916840 3.429124 0.000000 0.000000 0.000000 1.000000 0.000000 0.000000
22.000000 207.448437 12.866347 1.070989 3.467455 0.000000 0.000000 0.000000 1.000000 0.000000 0.000000
22.000000 207.448952 12.878714 1.073046 3.471905 0.000000 0.000000 0.000000 1.000000 0.000000 0.000000
22.000000 207.449559 13.077069 1.172380 3.485030 0.000000 0.000000 0.000000 1.000000 0.000000 0.000000
22.000000 207.452629 12.855122 1.088820 3.410223 0.000000 0.000000 0.000000 1.000000 0.000000 0.000000
22.000000 207.457026 13.257008 0.957057 3.404159 0.000000 0.000000 0.000000 1.000000 0.000000 0.000000
22.000000 207.458262 12.794202 1.068993 3.445917 0.000000 0.000000 0.000000 1.000000 0.000000 0.000000
22.000000 207.458922 12.757880 1.067749 3.465253 0.000000 0.000000 0.000000 1.000000 0.000000 0.000000
22.000000 207.459322 12.978982 1.186708 3.482237 0.000000 0.000000 0.000000 1.000000 0.000000 0.000000
22.000000 207.462760 12.739374 1.103851 3.407072 0.000000 0.000000 0.000000 1.000000 0.000000 0.000000
22.000000 207.467097 13.240705 0.950096 3.400318 0.000000 0.000000 0.000000 1.000000 0.000000 0.000000
22.000000 207.468324 12.702860 1.087904 3.434093 0.000000 0.000000 0.000000 1.000000 0.000000 0.000000
22.000000 207.468941 12.682447 1.088132 3.444721 0.000000 0.000000 0.000000 1.000000 0.000000 0.000000
22.000000 207.469350 12.904670 1.203163 3.461624 0.000000 0.000000 0.000000 1.000000 0.000000 0.000000
22.000000 207.472726 12.650956 1.111452 3.383717 0.000000 0.000000 0.000000 1.000000 0.000000 0.000000
22.000000 207.477087 13.138570 0.965123 3.378519 0.000000 0.000000 0.000000 1.000000 0.000000 0.000000
22.000000 207.478390 12.616661 1.101816 3.415666 0.000000 0.000000 0.000000 1.000000 0.000000 0.000000
22.000000 207.478932 12.571980 1.100320 3.431461 0.000000 0.000000 0.000000 1.000000 0.000000 0.000000
22.000000 207.479324 12.740445 1.185076 3.447612 0.000000 0.000000 0.000000 1.000000 0.000000 0.000000
22.000000 207.482856 12.566435 1.118874 3.368737 0.000000 0.000000 0.000000 1.000000 0.000000 0.000000
22.000000 207.487355 13.052154 0.971914 3.360796 0.000000 0.000000 0.000000 1.000000 0.000000 0.000000
22.000000 207.488516 12.513578 1.113378 3.398297 0.000000 0.000000 0.000000 1.000000 0.000000 0.000000
22.000000 207.488953 12.491633 1.113169 3.398719 0.000000 0.000000 0.000000 1.000000 0.000000 0.000000
22.000000 207.489763 12.729011 1.243497 3.405483 0.000000 0.000000 0.000000 1.000000 0.000000 0.000000
22.000000 207.492713 12.427684 1.142750 3.332839 0.000000 0.000000 0.000000 1.000000 0.000000 0.000000
22.000000 207.497210 12.977831 0.977912 3.338570 0.000000 0.000000 0.000000 1.000000 0.000000 0.000000
22.000000 207.498165 12.399175 1.129935 3.379014 0.000000 0.000000 0.000000 1.000000 0.000000 0.000000
22.000000 207.498949 12.418160 1.132410 3.378569 0.000000 0.000000 0.000000 1.000000 0.000000 0.000000
22.000000 207.499300 12.527627 1.193578 3.400135 0.000000 0.000000 0.000000 1.000000 0.000000 0.000000
22.000000 207.502814 12.365778 1.139265 3.329940 0.000000 0.000000 0.000000 1.000000 0.000000 0.000000
22.000000 207.507118 12.735562 1.017423 3.316391 0.000000 0.000000 0.000000 1.000000 0.000000 0.000000
22.000000 207.508227 12.241043 1.143859 3.353882 0.000000 0.000000 0.000000 1.000000 0.000000 0.000000
22.000000 207.508958 12.299934 1.148907 3.362485 0.000000 0.000000 0.000000 1.000000 0.000000 0.000000
22.000000 207.509511 12.422758 1.210008 3.383679 0.000000 0.000000 0.000000 1.000000 0.000000 0.000000
22.000000 207.512728 12.276442 1.154343 3.308530 0.000000 0.000000 0.000000 1.000000 0.000000 0.000000
22.000000 207.516988 12.599106 1.046798 3.293074 0.000000 0.000000 0.000000 1.000000 0.000000 0.000000
22.000000 207.518181 12.181273 1.151356 3.325303 0.000000 0.000000 0.000000 1.000000 0.000000 0.000000
22.000000 207.518955 12.198833 1.153755 3.341761 0.000000 0.000000 0.000000 1.000000 0.000000 0.000000
22.000000 207.519416 12.352071 1.229385 3.360115 0.000000 0.000000 0.000000 1.000000 0.000000 0.000000
22.000000 207.522841 12.177802 1.162529 3.280838 0.000000 0.000000 0.000000 1.000000 0.000000 0.000000
22.000000 207.527240 12.594129 1.035373 3.272302 0.000000 0.000000 0.000000 1.000000 0.000000 0.000000
22.000000 207.528366 12.124961 1.158721 3.309592 0.000000 0.000000 0.000000 1.000000 0.000000 0.000000
22.000000 207.528962 12.084241 1.157200 3.322839 0.000000 0.000000 0.000000 1.000000 0.000000 0.000000
22.000000 207.529429 12.233813 1.234048 3.335081 0.000000 0.000000 0.000000 1.000000 0.000000 0.000000
22.000000 207.533062 12.077750 1.176168 3.261573 0.000000 0.000000 0.000000 1.000000 0.000000 0.000000
22.000000 207.535303 11.902018 1.213970 3.245123 0.000000 0.000000 0.000000 1.000000 0.000000 0.000000
22.000000 207.537000 11.929623 1.200531 3.303150 0.000000 0.000000 0.000000 1.000000 0.000000 0.000000
22.000000 207.538165 12.012466 1.178325 3.279389 0.000000 0.000000 0.000000 1.000000 0.000000 0.000000
22.000000 207.538988 12.015156 1.179799 3.293021 0.000000 0.000000 0.000000 1.000000 0.000000 0.000000
22.000000 207.539613 12.196488 1.276477 3.310312 0.000000 0.000000 0.000000 1.000000 0.000000 0.000000
22.000000 207.543027 11.959212 1.194318 3.233516 0.000000 0.000000 0.000000 1.000000 0.000000 0.000000
22.000000 207.545383 11.855245 1.215058 3.229195 0.000000 0.000000 0.000000 1.000000 0.000000 0.000000
22.000000 207.547139 11.875108 1.198157 3.284921 0.000000 0.000000 0.000000 1.000000 0.000000 0.000000
22.000000 207.548388 11.929929 1.178997 3.253330 0.000000 0.000000 0.000000 1.000000 0.000000 0.000000
22.000000 207.548895 11.930796 1.180350 3.258844 0.000000 0.000000 0.000000 1.000000 0.000000 0.000000
22.000000 207.549425 12.100674 1.274337 3.273892 0.000000 0.000000 0.000000 1.000000 0.000000 0.000000
22.000000 207.552873 11.915202 1.212471 3.209771 0.000000 0.000000 0.000000 1.000000 0.000000 0.000000
22.000000 207.555253 11.668367 1.265414 3.202728 0.000000 0.000000 0.000000 1.000000 0.000000 0.000000
22.000000 207.557032 11.726545 1.218650 3.254078 0.000000 0.000000 0.000000 1.000000 0.000000 0.000000
22.000000 207.558294 11.796435 1.186701 3.222056 0.000000 0.000000 0.000000 1.000000 0.000000 0.000000
22.000000 207.558938 11.786033 1.186944 3.243209 0.000000 0.000000 0.000000 1.000000 0.000000 0.000000
22.000000 207.559340 11.969822 1.287374 3.258775 0.000000 0.000000 0.000000 1.000000 0.000000 0.000000
22.000000 207.562845 11.765738 1.217717 3.181761 0.000000 0.000000 0.000000 1.000000 0.000000 0.000000
22.000000 207.565465 11.718755 1.225581 3.176256 0.000000 0.000000 0.000000 1.000000 0.000000 0.000000
22.000000 207.567110 11.718174 1.216861 3.225773 0.000000 0.000000 0.000000 1.000000 0.000000 0.000000
22.000000 207.568487 11.717901 1.213079 3.197752 0.000000 0.000000 0.000000 1.000000 0.000000 0.000000
22.000000 207.568920 11.734801 1.215562 3.212470 0.000000 0.000000 0.000000 1.000000 0.000000 0.000000
22.000000 207.569660 11.866176 1.284443 3.233945 0.000000 0.000000 0.000000 1.000000 0.000000 0.000000
22.000000 207.572909 11.701664 1.225731 3.156479 0.000000 0.000000 0.000000 1.000000 0.000000 0.000000
22.000000 207.575554 11.556360 1.254210 3.154219 0.000000 0.000000 0.000000 1.000000 0.000000 0.000000
22.000000 207.577036 11.515904 1.264202 3.210074 0.000000 0.000000 0.000000 1.000000 0.000000 0.000000
22.000000 207.578303 11.632331 1.219158 3.170672 0.000000 0.000000 0.000000 1.000000 0.000000 0.000000
22.000000 207.579059 11.607978 1.218637 3.183626 0.000000 0.000000 0.000000 1.000000 0.000000 0.000000
22.000000 207.579420 11.730372 1.282575 3.198494 0.000000 0.000000 0.000000 1.000000 0.000000 0.000000
22.000000 207.582868 11.615974 1.239758 3.124953 0.000000 0.000000 0.000000 1.000000 0.000000 0.000000
22.000000 207.585413 11.533778 1.253837 3.129076 0.000000 0.000000 0.000000 1.000000 0.000000 0.000000
22.000000 207.587143 11.519700 1.242362 3.181558 0.000000 0.000000 0.000000 1.000000 0.000000 0.000000
22.000000 207.588454 11.528868 1.227776 3.143403 0.000000 0.000000 0.000000 1.000000 0.000000 0.000000
22.000000 207.588898 11.518828 1.228379 3.156389 0.000000 0.000000 0.000000 1.000000 0.000000 0.000000
22.000000 207.589661 11.696655 1.329387 3.174266 0.000000 0.000000 0.000000 1.000000 0.000000 0.000000
22.000000 207.592944 11.497026 1.264325 3.096134 0.000000 0.000000 0.000000 1.000000 0.000000 0.000000
22.000000 207.595589 11.407728 1.277651 3.110927 0.000000 0.000000 0.000000 1.000000 0.000000 0.000000
22.000000 207.597018 11.340335 1.286059 3.167322 0.000000 0.000000 0.000000 1.000000 0.000000 0.000000
22.000000 207.598330 11.420916 1.240751 3.113310 0.000000 0.000000 0.000000 1.000000 0.000000 0.000000
22.000000 207.598953 11.446001 1.243895 3.115346 0.000000 0.000000 0.000000 1.000000 0.000000 0.000000
22.000000 207.599504 11.605832 1.333376 3.126813 0.000000 0.000000 0.000000 1.000000 0.000000 0.000000
22.000000 207.602881 11.386661 1.261896 3.058720 0.000000 0.000000 0.000000 1.000000 0.000000 0.000000
22.000000 207.605467 11.356034 1.262669 3.088736 0.000000 0.000000 0.000000 1.000000 0.000000 0.000000
22.000000 207.607174 11.297883 1.264434 3.141145 0.000000 0.000000 0.000000 1.000000 0.000000 0.000000
22.000000 207.608222 11.296970 1.245127 3.091431 0.000000 0.000000 0.000000 1.000000 0.000000 0.000000
22.000000 207.608957 11.319382 1.248252 3.095287 0.000000 0.000000 0.000000 1.000000 0.000000 0.000000
22.000000 207.610767 11.433539 1.307648 3.110732 0.000000 0.000000 0.000000 1.000000 0.000000 0.000000
22.000000 207.612787 11.330853 1.268541 3.039250 0.000000 0.000000 0.000000 1.000000 0.000000 0.000000
22.000000 207.615297 11.248692 1.283418 3.037700 0.000000 0.000000 0.000000 1.000000 0.000000 0.000000
22.000000 207.617068 11.200273 1.294091 3.083383 0.000000 0.000000 0.000000 1.000000 0.000000 0.000000
22.000000 207.618325 11.241420 1.270445 3.045291 0.000000 0.000000 0.000000 1.000000 0.000000 0.000000
22.000000 207.618945 11.253248 1.272666 3.056348 0.000000 0.000000 0.000000 1.000000 0.000000 0.000000
22.000000 207.621968 11.344037 1.319527 3.077112 0.000000 0.000000 0.000000 1.000000 0.000000 0.000000
22.000000 207.623036 11.248591 1.283446 3.002960 0.000000 0.000000 0.000000 1.000000 0.000000 0.000000
22.000000 207.625431 11.151754 1.300080 3.005845 0.000000 0.000000 0.000000 1.000000 0.000000 0.000000
22.000000 207.627227 11.101304 1.304233 3.056311 0.000000 0.000000 0.000000 1.000000 0.000000 0.000000
22.000000 207.628362 11.151136 1.272091 3.014532 0.000000 0.000000 0.000000 1.000000 0.000000 0.000000
22.000000 207.628941 11.143600 1.272757 3.028840 0.000000 0.000000 0.000000 1.000000 0.000000 0.000000
22.000000 207.629779 11.258621 1.333678 3.045001 0.000000 0.000000 0.000000 1.000000 0.000000 0.000000
22.000000 207.632758 11.164736 1.298123 2.977385 0.000000 0.000000 0.000000 1.000000 0.000000 0.000000
22.000000 207.635382 10.961887 1.339375 2.971577 0.000000 0.000000 0.000000 1.000000 0.000000 0.000000
22.000000 207.637394 10.947164 1.332097 3.023602 0.000000 0.000000 0.000000 1.000000 0.000000 0.000000
22.000000 207.638296 11.062849 1.283222 2.980422 0.000000 0.000000 0.000000 1.000000 0.000000 0.000000
22.000000 207.639108 11.031079 1.282070 2.995670 0.000000 0.000000 0.000000 1.000000 0.000000 0.000000
22.000000 207.639561 11.212181 1.379804 2.999789 0.000000 0.000000 0.000000 1.000000 0.000000 0.000000
22.000000 207.643026 11.030794 1.315823 2.929094 0.000000 0.000000 0.000000 1.000000 0.000000 0.000000
22.000000 207.645525 10.856532 1.350371 2.935589 0.000000 0.000000 0.000000 1.000000 0.000000 0.000000
22.000000 207.647183 10.832089 1.348824 2.989294 0.000000 0.000000 0.000000 1.000000 0.000000 0.000000
22.000000 207.648351 10.959916 1.296275 2.944469 0.000000 0.000000 0.000000 1.000000 0.000000 0.000000
22.000000 207.649046 10.944075 1.296367 2.957479 0.000000 0.000000 0.000000 1.000000 0.000000 0.000000
22.000000 207.649680 11.082763 1.372643 2.970140 0.000000 0.000000 0.000000 1.000000 0.000000 0.000000
22.000000 207.652917 10.927489 1.319566 2.899790 0.000000 0.000000 0.000000 1.000000 0.000000 0.000000
22.000000 207.655444 10.793776 1.344890 2.903729 0.000000 0.000000 0.000000 1.000000 0.000000 0.000000
22.000000 207.657218 10.803250 1.325511 2.961074 0.000000 0.000000 0.000000 1.000000 0.000000 0.000000
22.000000 207.658242 10.842402 1.304283 2.918950 0.000000 0.000000 0.000000 1.000000 0.000000 0.000000
22.000000 207.658946 10.862380 1.307527 2.921196 0.000000 0.000000 0.000000 1.000000 0.000000 0.000000
22.000000 207.659509 10.966544 1.363064 2.938012 0.000000 0.000000 0.000000 1.000000 0.000000 0.000000
22.000000 207.662955 10.863762 1.325609 2.871599 0.000000 0.000000 0.000000 1.000000 0.000000 0.000000
22.000000 207.665565 10.722038 1.353498 2.867650 0.000000 0.000000 0.000000 1.000000 0.000000 0.000000
22.000000 207.667469 10.707915 1.345746 2.915536 0.000000 0.000000 0.000000 1.000000 0.000000 0.000000
22.000000 207.668322 10.754814 1.319849 2.876490 0.000000 0.000000 0.000000 1.000000 0.000000 0.000000
22.000000 207.668989 10.769296 1.322415 2.882620 0.000000 0.000000 0.000000 1.000000 0.000000 0.000000
22.000000 207.669562 10.875965 1.380972 2.897905 0.000000 0.000000 0.000000 1.000000 0.000000 0.000000
22.000000 207.672787 10.754042 1.339046 2.830961 0.000000 0.000000 0.000000 1.000000 0.000000 0.000000
22.000000 207.675457 10.652040 1.358121 2.830094 0.000000 0.000000 0.000000 1.000000 0.000000 0.000000
22.000000 207.677091 10.584334 1.377196 2.872474 0.000000 0.000000 0.000000 1.000000 0.000000 0.000000
22.000000 207.678319 10.683634 1.331170 2.831252 0.000000 0.000000 0.000000 1.000000 0.000000 0.000000
22.000000 207.679137 10.678933 1.331961 2.843878 0.000000 0.000000 0.000000 1.000000 0.000000 0.000000
22.000000 207.679751 10.760870 1.378507 2.864189 0.000000 0.000000 0.000000 1.000000 0.000000 0.000000
22.000000 207.682987 10.707486 1.359227 2.804843 0.000000 0.000000 0.000000 1.000000 0.000000 0.000000
22.000000 207.685674 10.466065 1.409034 2.789104 0.000000 0.000000 0.000000 1.000000 0.000000 0.000000
22.000000 207.687174 10.553359 1.346157 2.844447 0.000000 0.000000 0.000000 1.000000 0.000000 0.000000
22.000000 207.688490 10.551767 1.336025 2.806075 0.000000 0.000000 0.000000 1.000000 0.000000 0.000000
22.000000 207.689014 10.564366 1.338712 2.808778 0.000000 0.000000 0.000000 1.000000 0.000000 0.000000
22.000000 207.689717 10.659011 1.390123 2.825528 0.000000 0.000000 0.000000 1.000000 0.000000 0.000000
22.000000 207.692792 10.641734 1.378917 2.770907 0.000000 0.000000 0.000000 1.000000 0.000000 0.000000
22.000000 207.695417 10.386515 1.433101 2.748495 0.000000 0.000000 0.000000 1.000000 0.000000 0.000000
22.000000 207.697103 10.466663 1.373896 2.792586 0.000000 0.000000 0.000000 1.000000 0.000000 0.000000
22.000000 207.698402 10.510240 1.346161 2.755595 0.000000 0.000000 0.000000 1.000000 0.000000 0.000000
22.000000 207.699111 10.512753 1.347626 2.764338 0.000000 0.000000 0.000000 1.000000 0.000000 0.000000
22.000000 207.699557 10.664295 1.442517 2.779202 0.000000 0.000000 0.000000 1.000000 0.000000 0.000000
22.000000 207.702859 10.443819 1.379560 2.715114 0.000000 0.000000 0.000000 1.000000 0.000000 0.000000
22.000000 207.705515 10.325676 1.402496 2.711641 0.000000 0.000000 0.000000 1.000000 0.000000 0.000000
22.000000 207.707215 10.302092 1.393903 2.751323 0.000000 0.000000 0.000000 1.000000 0.000000 0.000000
22.000000 207.708351 10.378724 1.351084 2.716916 0.000000 0.000000 0.000000 1.000000 0.000000 0.000000
22.000000 207.709014 10.371345 1.351292 2.732531 0.000000 0.000000 0.000000 1.000000 0.000000 0.000000
22.000000 207.709635 10.466455 1.405008 2.743673 0.000000 0.000000 0.000000 1.000000 0.000000 0.000000
22.000000 207.712811 10.388735 1.377390 2.682950 0.000000 0.000000 0.000000 1.000000 0.000000 0.000000
22.000000 207.715426 10.236860 1.407038 2.677645 0.000000 0.000000 0.000000 1.000000 0.000000 0.000000
22.000000 207.717110 10.167458 1.431068 2.722437 0.000000 0.000000 0.000000 1.000000 0.000000 0.000000
22.000000 207.718277 10.306301 1.374494 2.678515 0.000000 0.000000 0.000000 1.000000 0.000000 0.000000
22.000000 207.719082 10.305386 1.375592 2.686534 0.000000 0.000000 0.000000 1.000000 0.000000 0.000000
22.000000 207.719600 10.387083 1.421701 2.700400 0.000000 0.000000 0.000000 1.000000 0.000000 0.000000
22.000000 207.722926 10.305202 1.393520 2.639368 0.000000 0.000000 0.000000 1.000000 0.000000 0.000000
22.000000 207.725540 10.247097 1.403499 2.636295 0.000000 0.000000 0.000000 1.000000 0.000000 0.000000
22.000000 207.727273 10.186696 1.411035 2.669392 0.000000 0.000000 0.000000 1.000000 0.000000 0.000000
22.000000 207.728424 10.218254 1.381076 2.631479 0.000000 0.000000 0.000000 1.000000 0.000000 0.000000
22.000000 207.729019 10.216307 1.382142 2.642849 0.000000 0.000000 0.000000 1.000000 0.000000 0.000000
22.000000 207.729737 10.294547 1.425417 2.659668 0.000000 0.000000 0.000000 1.000000 0.000000 0.000000
22.000000 207.732819 10.215689 1.397624 2.598893 0.000000 0.000000 0.000000 1.000000 0.000000 0.000000
22.000000 207.735508 10.066541 1.426980 2.589699 0.000000 0.000000 0.000000 1.000000 0.000000 0.000000
22.000000 207.737335 10.002972 1.441240 2.627668 0.000000 0.000000 0.000000 1.000000 0.000000 0.000000
22.000000 207.738365 10.125230 1.383559 2.583126 0.000000 0.000000 0.000000 1.000000 0.000000 0.000000
22.000000 207.739172 10.102629 1.382703 2.596042 0.000000 0.000000 0.000000 1.000000 0.000000 0.000000
22.000000 207.739527 10.236076 1.466195 2.606093 0.000000 0.000000 0.000000 1.000000 0.000000 0.000000
22.000000 207.742963 10.108127 1.428843 2.549484 0.000000 0.000000 0.000000 1.000000 0.000000 0.000000
22.000000 207.745583 10.018783 1.445848 2.545592 0.000000 0.000000 0.000000 1.000000 0.000000 0.000000
22.000000 207.747221 10.000788 1.431954 2.581056 0.000000 0.000000 0.000000 1.000000 0.000000 0.000000
22.000000 207.748468 10.054699 1.394172 2.539822 0.000000 0.000000 0.000000 1.000000 0.000000 0.000000
22.000000 207.749015 9.999137 1.390582 2.554608 0.000000 0.000000 0.000000 1.000000 0.000000 0.000000
22.000000 207.749632 10.110996 1.455180 2.562037 0.000000 0.000000 0.000000 1.000000 0.000000 0.000000
22.000000 207.752816 10.044855 1.430575 2.505864 0.000000 0.000000 0.000000 1.000000 0.000000 0.000000
22.000000 207.755486 9.844928 1.471035 2.494107 0.000000 0.000000 0.000000 1.000000 0.000000 0.000000
22.000000 207.757116 9.787476 1.477245 2.529059 0.000000 0.000000 0.000000 1.000000 0.000000 0.000000
22.000000 207.758440 9.938902 1.404046 2.486690 0.000000 0.000000 0.000000 1.000000 0.000000 0.000000
22.000000 207.759163 9.923171 1.403315 2.509724 0.000000 0.000000 0.000000 1.000000 0.000000 0.000000
22.000000 207.759548 10.012711 1.457481 2.524895 0.000000 0.000000 0.000000 1.000000 0.000000 0.000000
22.000000 207.762871 9.964590 1.440841 2.469043 0.000000 0.000000 0.000000 1.000000 0.000000 0.000000
22.000000 207.765521 9.744276 1.485763 2.447174 0.000000 0.000000 0.000000 1.000000 0.000000 0.000000
22.000000 207.767228 9.830466 1.418365 2.495113 0.000000 0.000000 0.000000 1.000000 0.000000 0.000000
22.000000 207.768353 9.810180 1.407823 2.460094 0.000000 0.000000 0.000000 1.000000 0.000000 0.000000
22.000000 207.768985 9.825156 1.410743 2.458617 0.000000 0.000000 0.000000 1.000000 0.000000 0.000000
22.000000 207.769661 9.908290 1.463964 2.475865 0.000000 0.000000 0.000000 1.000000 0.000000 0.000000
22.000000 207.772989 9.880084 1.455341 2.426242 0.000000 0.000000 0.000000 1.000000 0.000000 0.000000
22.000000 207.775483 9.564434 1.520770 2.394709 0.000000 0.000000 0.000000 1.000000 0.000000 0.000000
22.000000 207.777132 9.603295 1.487231 2.442068 0.000000 0.000000 0.000000 1.000000 0.000000 0.000000
22.000000 207.778426 9.758184 1.421111 2.394755 0.000000 0.000000 0.000000 1.000000 0.000000 0.000000
22.000000 207.779208 9.723682 1.419053 2.407884 0.000000 0.000000 0.000000 1.000000 0.000000 0.000000
22.000000 207.779479 9.794320 1.465455 2.425543 0.000000 0.000000 0.000000 1.000000 0.000000 0.000000
22.000000 207.782879 9.776582 1.460705 2.380982 0.000000 0.000000 0.000000 1.000000 0.000000 0.000000
22.000000 207.785565 9.583134 1.500623 2.355931 0.000000 0.000000 0.000000 1.000000 0.000000 0.000000
22.000000 207.787473 9.633033 1.453335 2.392571 0.000000 0.000000 0.000000 1.000000 0.000000 0.000000
22.000000 207.788512 9.653988 1.427576 2.355837 0.000000 0.000000 0.000000 1.000000 0.000000 0.000000
22.000000 207.788967 9.632929 1.427045 2.364178 0.000000 0.000000 0.000000 1.000000 0.000000 0.000000
22.000000 207.792065 9.745858 1.496344 2.372043 0.000000 0.000000 0.000000 1.000000 0.000000 0.000000
22.000000 207.792788 9.659909 1.469044 2.321937 0.000000 0.000000 0.000000 1.000000 0.000000 0.000000
22.000000 207.795438 9.500590 1.501008 2.312623 0.000000 0.000000 0.000000 1.000000 0.000000 0.000000
22.000000 207.797381 9.461571 1.499316 2.344799 0.000000 0.000000 0.000000 1.000000 0.000000 0.000000
22.000000 207.798318 9.567259 1.442885 2.302201 0.000000 0.000000 0.000000 1.000000 0.000000 0.000000
22.000000 207.799097 9.552391 1.442487 2.312857 0.000000 0.000000 0.000000 1.000000 0.000000 0.000000
22.000000 207.799527 9.654441 1.515775 2.328963 0.000000 0.000000 0.000000 1.000000 0.000000 0.000000
22.000000 207.802907 9.538283 1.488889 2.276879 0.000000 0.000000 0.000000 1.000000 0.000000 0.000000
22.000000 207.805487 9.323293 1.532444 2.251736 0.000000 0.000000 0.000000 1.000000 0.000000 0.000000
22.000000 207.807326 9.324228 1.519249 2.293078 0.000000 0.000000 0.000000 1.000000 0.000000 0.000000
22.000000 207.808507 9.479605 1.452761 2.248742 0.000000 0.000000 0.000000 1.000000 0.000000 0.000000
22.000000 207.809030 9.452236 1.451076 2.267145 0.000000 0.000000 0.000000 1.000000 0.000000 0.000000
22.000000 207.809627 9.542639 1.509872 2.280753 0.000000 0.000000 0.000000 1.000000 0.000000 0.000000
22.000000 207.812838 9.483792 1.493019 2.233381 0.000000 0.000000 0.000000 1.000000 0.000000 0.000000
22.000000 207.815399 9.280958 1.534552 2.210019 0.000000 0.000000 0.000000 1.000000 0.000000 0.000000
22.000000 207.817137 9.288976 1.519026 2.247105 0.000000 0.000000 0.000000 1.000000 0.000000 0.000000
22.000000 207.818293 9.405144 1.467473 2.206619 0.000000 0.000000 0.000000 1.000000 0.000000 0.000000
22.000000 207.819090 9.376980 1.465792 2.220352 0.000000 0.000000 0.000000 1.000000 0.000000 0.000000
22.000000 207.819510 9.467435 1.526139 2.232386 0.000000 0.000000 0.000000 1.000000 0.000000 0.000000
22.000000 207.823148 9.422911 1.513711 2.181625 0.000000 0.000000 0.000000 1.000000 0.000000 0.000000
22.000000 207.825601 9.170697 1.565167 2.151341 0.000000 0.000000 0.000000 1.000000 0.000000 0.000000
22.000000 207.827258 9.187479 1.538990 2.192966 0.000000 0.000000 0.000000 1.000000 0.000000 0.000000
22.000000 207.828510 9.302403 1.482551 2.151527 0.000000 0.000000 0.000000 1.000000 0.000000 0.000000
22.000000 207.829012 9.289257 1.482216 2.165087 0.000000 0.000000 0.000000 1.000000 0.000000 0.000000
22.000000 207.830573 9.365076 1.530157 2.177066 0.000000 0.000000 0.000000 1.000000 0.000000 0.000000
22.000000 207.832960 9.339080 1.520811 2.132913 0.000000 0.000000 0.000000 1.000000 0.000000 0.000000
22.000000 207.835557 9.058219 1.578666 2.103019 0.000000 0.000000 0.000000 1.000000 0.000000 0.000000
22.000000 207.837196 9.092324 1.547825 2.144481 0.000000 0.000000 0.000000 1.000000 0.000000 0.000000
22.000000 207.838362 9.226488 1.487196 2.098463 0.000000 0.000000 0.000000 1.000000 0.000000 0.000000
22.000000 207.839283 9.170796 1.482812 2.118813 0.000000 0.000000 0.000000 1.000000 0.000000 0.000000
22.000000 207.839679 9.318391 1.582601 2.121394 0.000000 0.000000 0.000000 1.000000 0.000000 0.000000
22.000000 207.843087 9.163071 1.541459 2.065654 0.000000 0.000000 0.000000 1.000000 0.000000 0.000000
22.000000 207.845577 8.941094 1.586473 2.044294 0.000000 0.000000 0.000000 1.000000 0.000000 0.000000
22.000000 207.847280 8.987246 1.556958 2.090165 0.000000 0.000000 0.000000 1.000000 0.000000 0.000000
22.000000 207.848409 9.135978 1.497687 2.045793 0.000000 0.000000 0.000000 1.000000 0.000000 0.000000
22.000000 207.849209 9.090357 1.494074 2.059477 0.000000 0.000000 0.000000 1.000000 0.000000 0.000000
22.000000 207.849820 9.204118 1.572137 2.060965 0.000000 0.000000 0.000000 1.000000 0.000000 0.000000
22.000000 207.853080 9.088721 1.542117 2.013076 0.000000 0.000000 0.000000 1.000000 0.000000 0.000000
22.000000 207.855500 8.944221 1.570934 1.999995 0.000000 0.000000 0.000000 1.000000 0.000000 0.000000
22.000000 207.857225 8.928873 1.562867 2.033018 0.000000 0.000000 0.000000 1.000000 0.000000 0.000000
22.000000 207.858430 9.044113 1.506741 1.989940 0.000000 0.000000 0.000000 1.000000 0.000000 0.000000
22.000000 207.859165 9.005958 1.503872 2.002197 0.000000 0.000000 0.000000 1.000000 0.000000 0.000000
22.000000 207.862218 9.083171 1.563024 2.016759 0.000000 0.000000 0.000000 1.000000 0.000000 0.000000
22.000000 207.862964 9.008797 1.548350 1.971062 0.000000 0.000000 0.000000 1.000000 0.000000 0.000000
22.000000 207.865760 8.848943 1.580163 1.946971 0.000000 0.000000 0.000000 1.000000 0.000000 0.000000
22.000000 207.867310 8.822195 1.579360 1.980135 0.000000 0.000000 0.000000 1.000000 0.000000 0.000000
22.000000 207.868610 8.958540 1.516741 1.935425 0.000000 0.000000 0.000000 1.000000 0.000000 0.000000
22.000000 207.869183 8.909335 1.512545 1.947575 0.000000 0.000000 0.000000 1.000000 0.000000 0.000000
22.000000 207.869634 8.976594 1.561375 1.954844 0.000000 0.000000 0.000000 1.000000 0.000000 0.000000
22.000000 207.872994 8.972512 1.561581 1.914652 0.000000 0.000000 0.000000 1.000000 0.000000 0.000000
22.000000 207.875515 8.703683 1.616165 1.880169 0.000000 0.000000 0.000000 1.000000 0.000000 0.000000
22.000000 207.877269 8.740483 1.587183 1.924142 0.000000 0.000000 0.000000 1.000000 0.000000 0.000000
22.000000 207.878477 8.884715 1.524821 1.876526 0.000000 0.000000 0.000000 1.000000 0.000000 0.000000
22.000000 207.879298 8.817159 1.518844 1.895022 0.000000 0.000000 0.000000 1.000000 0.000000 0.000000
22.000000 207.879573 8.916263 1.587569 1.897942 0.000000 0.000000 0.000000 1.000000 0.000000 0.000000
22.000000 207.883024 8.843591 1.568333 1.849342 0.000000 0.000000 0.000000 1.000000 0.000000 0.000000
22.000000 207.885579 8.791983 1.577826 1.837481 0.000000 0.000000 0.000000 1.000000 0.000000 0.000000
22.000000 207.887193 8.732141 1.580099 1.858400 0.000000 0.000000 0.000000 1.000000 0.000000 0.000000
22.000000 207.888581 8.791531 1.533104 1.820641 0.000000 0.000000 0.000000 1.000000 0.000000 0.000000
22.000000 207.889076 8.711655 1.525761 1.836388 0.000000 0.000000 0.000000 1.000000 0.000000 0.000000
22.000000 207.889628 8.845428 1.623686 1.829841 0.000000 0.000000 0.000000 1.000000 0.000000 0.000000
22.000000 207.892995 8.710235 1.591888 1.780444 0.000000 0.000000 0.000000 1.000000 0.000000 0.000000
22.000000 207.895515 8.596605 1.614359 1.764473 0.000000 0.000000 0.000000 1.000000 0.000000 0.000000
22.000000 207.897148 8.629326 1.584138 1.800364 0.000000 0.000000 0.000000 1.000000 0.000000 0.000000
22.000000 207.898401 8.691428 1.548863 1.767835 0.000000 0.000000 0.000000 1.000000 0.000000 0.000000
22.000000 207.899164 8.644846 1.544845 1.776674 0.000000 0.000000 0.000000 1.000000 0.000000 0.000000
22.000000 207.899699 8.740850 1.615936 1.775252 0.000000 0.000000 0.000000 1.000000 0.000000 0.000000
22.000000 207.903010 8.646431 1.594061 1.729239 0.000000 0.000000 0.000000 1.000000 0.000000 0.000000
22.000000 207.905608 8.609557 1.600468 1.720961 0.000000 0.000000 0.000000 1.000000 0.000000 0.000000
22.000000 207.907265 8.559585 1.590070 1.741145 0.000000 0.000000 0.000000 1.000000 0.000000 0.000000
22.000000 207.908468 8.577078 1.551688 1.713150 0.000000 0.000000 0.000000 1.000000 0.000000 0.000000
22.000000 207.909128 8.552497 1.549836 1.716400 0.000000 0.000000 0.000000 1.000000 0.000000 0.000000
22.000000 207.909767 8.625046 1.614194 1.724959 0.000000 0.000000 0.000000 1.000000 0.000000 0.000000
22.000000 207.912964 8.548484 1.603843 1.678974 0.000000 0.000000 0.000000 1.000000 0.000000 0.000000
22.000000 207.915621 8.414789 1.630341 1.644354 0.000000 0.000000 0.000000 1.000000 0.000000 0.000000
22.000000 207.917172 8.421520 1.605467 1.674353 0.000000 0.000000 0.000000 1.000000 0.000000 0.000000
22.000000 207.918537 8.488364 1.560659 1.640804 0.000000 0.000000 0.000000 1.000000 0.000000 0.000000
22.000000 207.919105 8.443268 1.556576 1.656655 0.000000 0.000000 0.000000 1.000000 0.000000 0.000000
22.000000 207.919600 8.527276 1.616302 1.657804 0.000000 0.000000 0.000000 1.000000 0.000000 0.000000
22.000000 207.923078 8.528675 1.615842 1.618775 0.000000 0.000000 0.000000 1.000000 0.000000 0.000000
22.000000 207.925630 8.236331 1.675035 1.578197 0.000000 0.000000 0.000000 1.000000 0.000000 0.000000
22.000000 207.927228 8.324106 1.622836 1.627149 0.000000 0.000000 0.000000 1.000000 0.000000 0.000000
22.000000 207.928658 8.425404 1.576819 1.583619 0.000000 0.000000 0.000000 1.000000 0.000000 0.000000
22.000000 207.929029 8.380693 1.573066 1.594760 0.000000 0.000000 0.000000 1.000000 0.000000 0.000000
22.000000 207.929753 8.460956 1.634848 1.601719 0.000000 0.000000 0.000000 1.000000 0.000000 0.000000
22.000000 207.932974 8.413201 1.625755 1.557877 0.000000 0.000000 0.000000 1.000000 0.000000 0.000000
22.000000 207.935534 8.205479 1.667394 1.522491 0.000000 0.000000 0.000000 1.000000 0.000000 0.000000
22.000000 207.937198 8.258195 1.633120 1.564156 0.000000 0.000000 0.000000 1.000000 0.000000 0.000000
22.000000 207.938465 8.348915 1.591826 1.529515 0.000000 0.000000 0.000000 1.000000 0.000000 0.000000
22.000000 207.939137 8.289065 1.585885 1.545958 0.000000 0.000000 0.000000 1.000000 0.000000 0.000000
22.000000 207.939687 8.378193 1.648963 1.539471 0.000000 0.000000 0.000000 1.000000 0.000000 0.000000
22.000000 207.943176 8.392962 1.650719 1.505627 0.000000 0.000000 0.000000 1.000000 0.000000 0.000000
22.000000 207.945593 7.990176 1.733725 1.447746 0.000000 0.000000 0.000000 1.000000 0.000000 0.000000
22.000000 207.947342 8.167202 1.637727 1.503918 0.000000 0.000000 0.000000 1.000000 0.000000 0.000000
22.000000 207.948492 8.238802 1.601820 1.471621 0.000000 0.000000 0.000000 1.000000 0.000000 0.000000
22.000000 207.949031 8.192487 1.597377 1.481431 0.000000 0.000000 0.000000 1.000000 0.000000 0.000000
22.000000 207.949724 8.297243 1.674147 1.468908 0.000000 0.000000 0.000000 1.000000 0.000000 0.000000
22.000000 207.953012 8.219347 1.654361 1.426157 0.000000 0.000000 0.000000 1.000000 0.000000 0.000000
22.000000 207.955464 7.951160 1.708824 1.388741 0.000000 0.000000 0.000000 1.000000 0.000000 0.000000
22.000000 207.957182 8.057970 1.650923 1.435105 0.000000 0.000000 0.000000 1.000000 0.000000 0.000000
22.000000 207.958508 8.167691 1.603570 1.398252 0.000000 0.000000 0.000000 1.000000 0.000000 0.000000
22.000000 207.959177 8.090719 1.595370 1.420240 0.000000 0.000000 0.000000 1.000000 0.000000 0.000000
22.000000 207.959646 8.179159 1.660608 1.411952 0.000000 0.000000 0.000000 1.000000 0.000000 0.000000
22.000000 207.963050 8.148360 1.652006 1.367293 0.000000 0.000000 0.000000 1.000000 0.000000 0.000000
22.000000 207.965616 7.888885 1.704407 1.321044 0.000000 0.000000 0.000000 1.000000 0.000000 0.000000
22.000000 207.967263 8.022881 1.635925 1.371838 0.000000 0.000000 0.000000 1.000000 0.000000 0.000000
22.000000 207.968742 8.075823 1.613032 1.344085 0.000000 0.000000 0.000000 1.000000 0.000000 0.000000
22.000000 207.969202 8.007039 1.605977 1.357852 0.000000 0.000000 0.000000 1.000000 0.000000 0.000000
22.000000 207.969671 8.098185 1.675244 1.348047 0.000000 0.000000 0.000000 1.000000 0.000000 0.000000
22.000000 207.972983 8.067279 1.668115 1.310365 0.000000 0.000000 0.000000 1.000000 0.000000 0.000000
22.000000 207.975538 7.792287 1.723690 1.267593 0.000000 0.000000 0.000000 1.000000 0.000000 0.000000
22.000000 207.977203 7.896597 1.671377 1.314874 0.000000 0.000000 0.000000 1.000000 0.000000 0.000000
22.000000 207.978379 8.003028 1.628939 1.276215 0.000000 0.000000 0.000000 1.000000 0.000000 0.000000
22.000000 207.979198 7.922291 1.620209 1.296482 0.000000 0.000000 0.000000 1.000000 0.000000 0.000000
22.000000 207.979640 8.010924 1.687476 1.286710 0.000000 0.000000 0.000000 1.000000 0.000000 0.000000
22.000000 207.983166 7.951815 1.672985 1.241441 0.000000 0.000000 0.000000 1.000000 0.000000 0.000000
22.000000 207.985645 7.704430 1.723641 1.188080 0.000000 0.000000 0.000000 1.000000 0.000000 0.000000
22.000000 207.987235 7.865211 1.649799 1.233781 0.000000 0.000000 0.000000 1.000000 0.000000 0.000000
22.000000 207.988432 7.907952 1.636672 1.214063 0.000000 0.000000 0.000000 1.000000 0.000000 0.000000
22.000000 207.989123 7.817100 1.626541 1.239667 0.000000 0.000000 0.000000 1.000000 0.000000 0.000000
22.000000 207.989813 7.926480 1.705910 1.220723 0.000000 0.000000 0.000000 1.000000 0.000000 0.000000
22.000000 207.993087 7.853533 1.684915 1.171563 0.000000 0.000000 0.000000 1.000000 0.000000 0.000000
22.000000 207.995596 7.701149 1.715397 1.140534 0.000000 0.000000 0.000000 1.000000 0.000000 0.000000
22.000000 207.997208 7.747406 1.689203 1.174336 0.000000 0.000000 0.000000 1.000000 0.000000 0.000000
22.000000 207.998436 7.848447 1.646355 1.138715 0.000000 0.000000 0.000000 1.000000 0.000000 0.000000
22.000000 207.999367 7.754927 1.635658 1.160920 0.000000 0.000000 0.000000 1.000000 0.000000 0.000000
22.000000 207.999646 7.846243 1.715088 1.150253 0.000000 0.000000 0.000000 1.000000 0.000000 0.000000
22.000000 208.003143 7.781319 1.706382 1.116671 0.000000 0.000000 0.000000 1.000000 0.000000 0.000000
22.000000 208.005617 7.517628 1.760351 1.064681 0.000000 0.000000 0.000000 1.000000 0.000000 0.000000
22.000000 208.007444 7.677100 1.682010 1.110471 0.000000 0.000000 0.000000 1.000000 0.000000 0.000000
22.000000 208.008570 7.733271 1.657775 1.083400 0.000000 0.000000 0.000000 1.000000 0.000000 0.000000
22.000000 208.009288 7.650291 1.648418 1.102344 0.000000 0.000000 0.000000 1.000000 0.000000 0.000000
22.000000 208.009794 7.730819 1.711707 1.089777 0.000000 0.000000 0.000000 1.000000 0.000000 0.000000
22.000000 208.013113 7.721909 1.709674 1.054276 0.000000 0.000000 0.000000 1.000000 0.000000 0.000000
22.000000 208.015561 7.415471 1.772097 0.994276 0.000000 0.000000 0.000000 1.000000 0.000000 0.000000
22.000000 208.017210 7.581037 1.694413 1.043880 0.000000 0.000000 0.000000 1.000000 0.000000 0.000000
22.000000 208.018529 7.655654 1.666103 1.012831 0.000000 0.000000 0.000000 1.000000 0.000000 0.000000
22.000000 208.019266 7.571782 1.656479 1.032525 0.000000 0.000000 0.000000 1.000000 0.000000 0.000000
22.000000 208.019676 7.653691 1.723897 1.020149 0.000000 0.000000 0.000000 1.000000 0.000000 0.000000
22.000000 208.023199 7.641414 1.723366 0.991131 0.000000 0.000000 0.000000 1.000000 0.000000 0.000000
22.000000 208.025591 7.396036 1.773105 0.945874 0.000000 0.000000 0.000000 1.000000 0.000000 0.000000
22.000000 208.027537 7.491209 1.716379 0.984826 0.000000 0.000000 0.000000 1.000000 0.000000 0.000000
22.000000 208.028621 7.560133 1.677908 0.949055 0.000000 0.000000 0.000000 1.000000 0.000000 0.000000
22.000000 208.029168 7.479580 1.668744 0.963391 0.000000 0.000000 0.000000 1.000000 0.000000 0.000000
22.000000 208.029773 7.553476 1.730148 0.950296 0.000000 0.000000 0.000000 1.000000 0.000000 0.000000
22.000000 208.033118 7.577369 1.737572 0.925391 0.000000 0.000000 0.000000 1.000000 0.000000 0.000000
22.000000 208.035552 7.204853 1.813654 0.855316 0.000000 0.000000 0.000000 1.000000 0.000000 0.000000
22.000000 208.037381 7.403490 1.719923 0.909554 0.000000 0.000000 0.000000 1.000000 0.000000 0.000000
22.000000 208.038497 7.482436 1.688592 0.877023 0.000000 0.000000 0.000000 1.000000 0.000000 0.000000
22.000000 208.039232 7.396214 1.678333 0.897070 0.000000 0.000000 0.000000 1.000000 0.000000 0.000000
22.000000 208.039704 7.463583 1.739060 0.888083 0.000000 0.000000 0.000000 1.000000 0.000000 0.000000
22.000000 208.043252 7.454414 1.741453 0.854605 0.000000 0.000000 0.000000 1.000000 0.000000 0.000000
22.000000 208.045781 7.239537 1.785213 0.797924 0.000000 0.000000 0.000000 1.000000 0.000000 0.000000
22.000000 208.047428 7.353843 1.719212 0.834302 0.000000 0.000000 0.000000 1.000000 0.000000 0.000000
22.000000 208.048393 7.380213 1.696880 0.812299 0.000000 0.000000 0.000000 1.000000 0.000000 0.000000
22.000000 208.049166 7.327967 1.690965 0.819218 0.000000 0.000000 0.000000 1.000000 0.000000 0.000000
22.000000 208.049820 7.399645 1.760514 0.810526 0.000000 0.000000 0.000000 1.000000 0.000000 0.000000
22.000000 208.053056 7.358875 1.759638 0.779593 0.000000 0.000000 0.000000 1.000000 0.000000 0.000000
22.000000 208.055616 7.083570 1.815605 0.717767 0.000000 0.000000 0.000000 1.000000 0.000000 0.000000
22.000000 208.057378 7.245587 1.731603 0.764389 0.000000 0.000000 0.000000 1.000000 0.000000 0.000000
22.000000 208.058517 7.301851 1.701393 0.738199 0.000000 0.000000 0.000000 1.000000 0.000000 0.000000
22.000000 208.059242 7.212555 1.690388 0.762814 0.000000 0.000000 0.000000 1.000000 0.000000 0.000000
22.000000 208.059705 7.302950 1.763565 0.740250 0.000000 0.000000 0.000000 1.000000 0.000000 0.000000
22.000000 208.063124 7.303521 1.763225 0.709888 0.000000 0.000000 0.000000 1.000000 0.000000 0.000000
22.000000 208.065603 7.044423 1.815816 0.654449 0.000000 0.000000 0.000000 1.000000 0.000000 0.000000
22.000000 208.067559 7.166948 1.747783 0.694490 0.000000 0.000000 0.000000 1.000000 0.000000 0.000000
22.000000 208.068723 7.222775 1.714961 0.666826 0.000000 0.000000 0.000000 1.000000 0.000000 0.000000
22.000000 208.069157 7.142713 1.705036 0.684636 0.000000 0.000000 0.000000 1.000000 0.000000 0.000000
22.000000 208.069766 7.213902 1.769120 0.667597 0.000000 0.000000 0.000000 1.000000 0.000000 0.000000
22.000000 208.072961 7.215074 1.772808 0.638233 0.000000 0.000000 0.000000 1.000000 0.000000 0.000000
22.000000 208.075735 6.881740 1.839952 0.570142 0.000000 0.000000 0.000000 1.000000 0.000000 0.000000
22.000000 208.077250 7.067016 1.754380 0.626166 0.000000 0.000000 0.000000 1.000000 0.000000 0.000000
22.000000 208.078355 7.143146 1.724810 0.593268 0.000000 0.000000 0.000000 1.000000 0.000000 0.000000
22.000000 208.079255 7.044539 1.712360 0.616088 0.000000 0.000000 0.000000 1.000000 0.000000 0.000000
22.000000 208.079687 7.127501 1.783985 0.591526 0.000000 0.000000 0.000000 1.000000 0.000000 0.000000
22.000000 208.083081 7.124637 1.784962 0.565173 0.000000 0.000000 0.000000 1.000000 0.000000 0.000000
22.000000 208.085779 6.841674 1.842422 0.503899 0.000000 0.000000 0.000000 1.000000 0.000000 0.000000
22.000000 208.087425 7.001068 1.761192 0.548554 0.000000 0.000000 0.000000 1.000000 0.000000 0.000000
22.000000 208.088768 7.053242 1.732982 0.522957 0.000000 0.000000 0.000000 1.000000 0.000000 0.000000
22.000000 208.089233 6.956743 1.720567 0.545025 0.000000 0.000000 0.000000 1.000000 0.000000 0.000000
22.000000 208.089872 7.030234 1.792356 0.525974 0.000000 0.000000 0.000000 1.000000 0.000000 0.000000
22.000000 208.093126 7.015202 1.795420 0.494648 0.000000 0.000000 0.000000 1.000000 0.000000 0.000000
22.000000 208.095534 6.744729 1.850120 0.425544 0.000000 0.000000 0.000000 1.000000 0.000000 0.000000
22.000000 208.097422 6.917919 1.766639 0.473286 0.000000 0.000000 0.000000 1.000000 0.000000 0.000000
22.000000 208.098521 6.974417 1.740381 0.446671 0.000000 0.000000 0.000000 1.000000 0.000000 0.000000
22.000000 208.099189 6.878160 1.727863 0.465703 0.000000 0.000000 0.000000 1.000000 0.000000 0.000000
22.000000 208.099707 6.978655 1.814459 0.425700 0.000000 0.000000 0.000000 1.000000 0.000000 0.000000
22.000000 208.103103 6.950042 1.808661 0.402721 0.000000 0.000000 0.000000 1.000000 0.000000 0.000000
22.000000 208.105816 6.677312 1.863993 0.348632 0.000000 0.000000 0.000000 1.000000 0.000000 0.000000
22.000000 208.107338 6.856109 1.771177 0.394612 0.000000 0.000000 0.000000 1.000000 0.000000 0.000000
22.000000 208.108616 6.882529 1.750172 0.374645 0.000000 0.000000 0.000000 1.000000 0.000000 0.000000
22.000000 208.109125 6.783039 1.737202 0.393123 0.000000 0.000000 0.000000 1.000000 0.000000 0.000000
22.000000 208.109823 6.864643 1.813135 0.362018 0.000000 0.000000 0.000000 1.000000 0.000000 0.000000
22.000000 208.113085 6.859488 1.815431 0.337121 0.000000 0.000000 0.000000 1.000000 0.000000 0.000000
22.000000 208.115831 6.589645 1.870404 0.268609 0.000000 0.000000 0.000000 1.000000 0.000000 0.000000
22.000000 208.117287 6.782083 1.772874 0.314042 0.000000 0.000000 0.000000 1.000000 0.000000 0.000000
22.000000 208.118554 6.798197 1.757239 0.298974 0.000000 0.000000 0.000000 1.000000 0.000000 0.000000
22.000000 208.119141 6.703169 1.744668 0.317756 0.000000 0.000000 0.000000 1.000000 0.000000 0.000000
22.000000 208.119742 6.796294 1.832011 0.282352 0.000000 0.000000 0.000000 1.000000 0.000000 0.000000
22.000000 208.123082 6.761640 1.829204 0.262491 0.000000 0.000000 0.000000 1.000000 0.000000 0.000000
22.000000 208.125652 6.502098 1.882030 0.203133 0.000000 0.000000 0.000000 1.000000 0.000000 0.000000
22.000000 208.127394 6.679843 1.793337 0.244283 0.000000 0.000000 0.000000 1.000000 0.000000 0.000000
22.000000 208.128622 6.725249 1.766800 0.219812 0.000000 0.000000 0.000000 1.000000 0.000000 0.000000
22.000000 208.129364 6.617089 1.752173 0.243171 0.000000 0.000000 0.000000 1.000000 0.000000 0.000000
22.000000 208.129783 6.701998 1.831609 0.206328 0.000000 0.000000 0.000000 1.000000 0.000000 0.000000
22.000000 208.133054 6.689983 1.831662 0.179957 0.000000 0.000000 0.000000 1.000000 0.000000 0.000000
22.000000 208.135643 6.407184 1.888849 0.110747 0.000000 0.000000 0.000000 1.000000 0.000000 0.000000
22.000000 208.137260 6.613422 1.794094 0.162023 0.000000 0.000000 0.000000 1.000000 0.000000 0.000000
22.000000 208.138707 6.647586 1.779465 0.142162 0.000000 0.000000 0.000000 1.000000 0.000000 0.000000
22.000000 208.139430 6.539774 1.764758 0.160462 0.000000 0.000000 0.000000 1.000000 0.000000 0.000000
22.000000 208.139692 6.621877 1.847735 0.121298 0.000000 0.000000 0.000000 1.000000 0.000000 0.000000
22.000000 208.143136 6.587879 1.846738 0.103618 0.000000 0.000000 0.000000 1.000000 0.000000 0.000000
22.000000 208.145652 6.384205 1.888047 0.054702 0.000000 0.000000 0.000000 1.000000 0.000000 0.000000
22.000000 208.147431 6.521519 1.814843 0.090048 0.000000 0.000000 0.000000 1.000000 0.000000 0.000000
22.000000 208.148618 6.556374 1.789303 0.067896 0.000000 0.000000 0.000000 1.000000 0.000000 0.000000
22.000000 208.149334 6.449401 1.774521 0.086048 0.000000 0.000000 0.000000 1.000000 0.000000 0.000000
22.000000 208.149797 6.537424 1.866143 0.044550 0.000000 0.000000 0.000000 1.000000 0.000000 0.000000
22.000000 208.153073 6.470070 1.859696 0.018213 0.000000 0.000000 0.000000 1.000000 0.000000 0.000000
22.000000 208.155675 6.259014 1.901948 -0.029847 0.000000 0.000000 0.000000 1.000000 0.000000 0.000000
22.000000 208.157271 6.427406 1.821310 0.018542 0.000000 0.000000 0.000000 1.000000 0.000000 0.000000
22.000000 208.158628 6.492378 1.790689 -0.006504 0.000000 0.000000 0.000000 1.000000 0.000000 0.000000
22.000000 208.159378 6.356050 1.771019 0.035721 0.000000 0.000000 0.000000 1.000000 0.000000 0.000000
22.000000 208.159703 6.434387 1.850906 -0.000010 0.000000 0.000000 0.000000 1.000000 0.000000 0.000000
22.000000 208.163146 6.412831 1.853066 -0.001538 0.000000 0.000000 0.000000 1.000000 0.000000 0.000000
22.000000 208.165615 6.325752 1.868567 0.006020 0.000000 0.000000 0.000000 1.000000 0.000000 0.000000
22.000000 208.167361 6.430483 1.810795 0.054523 0.000000 0.000000 0.000000 1.000000 0.000000 0.000000
22.000000 208.168596 6.437020 1.801649 0.055077 0.000000 0.000000 0.000000 1.000000 0.000000 0.000000
22.000000 208.169256 6.320249 1.784409 0.093247 0.000000 0.000000 0.000000 1.000000 0.000000 0.000000
22.000000 208.169995 6.391163 1.857253 0.061179 0.000000 0.000000 0.000000 1.000000 0.000000 0.000000
22.000000 208.173200 6.400813 1.865603 0.063136 0.000000 0.000000 0.000000 1.000000 0.000000 0.000000
22.000000 208.175622 6.234576 1.897537 0.049765 0.000000 0.000000 0.000000 1.000000 0.000000 0.000000
22.000000 208.177273 6.401788 1.811679 0.106012 0.000000 0.000000 0.000000 1.000000 0.000000 0.000000
22.000000 208.178586 6.404529 1.803798 0.107660 0.000000 0.000000 0.000000 1.000000 0.000000 0.000000
22.000000 208.179321 6.279223 1.785275 0.149029 0.000000 0.000000 0.000000 1.000000 0.000000 0.000000
22.000000 208.179832 6.366532 1.865470 0.106602 0.000000 0.000000 0.000000 1.000000 0.000000 0.000000
22.000000 208.183165 6.414021 1.876689 0.115440 0.000000 0.000000 0.000000 1.000000 0.000000 0.000000
22.000000 208.185657 6.102972 1.937349 0.083437 0.000000 0.000000 0.000000 1.000000 0.000000 0.000000
22.000000 208.187361 6.361058 1.814282 0.157928 0.000000 0.000000 0.000000 1.000000 0.000000 0.000000
22.000000 208.188528 6.366809 1.809363 0.159779 0.000000 0.000000 0.000000 1.000000 0.000000 0.000000
22.000000 208.189300 6.244816 1.791164 0.203320 0.000000 0.000000 0.000000 1.000000 0.000000 0.000000
22.000000 208.190306 6.351252 1.895576 0.162797 0.000000 0.000000 0.000000 1.000000 0.000000 0.000000
22.000000 208.193097 6.281141 1.887544 0.155050 0.000000 0.000000 0.000000 1.000000 0.000000 0.000000
22.000000 208.195590 6.107764 1.920739 0.145405 0.000000 0.000000 0.000000 1.000000 0.000000 0.000000
22.000000 208.197310 6.330229 1.814801 0.210208 0.000000 0.000000 0.000000 1.000000 0.000000 0.000000
22.000000 208.198453 6.328476 1.813492 0.214147 0.000000 0.000000 0.000000 1.000000 0.000000 0.000000
22.000000 208.199398 6.224209 1.797879 0.248345 0.000000 0.000000 0.000000 1.000000 0.000000 0.000000
22.000000 208.199662 6.311906 1.883536 0.211691 0.000000 0.000000 0.000000 1.000000 0.000000 0.000000
22.000000 208.203157 6.296440 1.885106 0.214537 0.000000 0.000000 0.000000 1.000000 0.000000 0.000000
22.000000 208.205664 6.056800 1.931146 0.198959 0.000000 0.000000 0.000000 1.000000 0.000000 0.000000
22.000000 208.207385 6.264144 1.831342 0.263221 0.000000 0.000000 0.000000 1.000000 0.000000 0.000000
22.000000 208.208684 6.291686 1.816720 0.256869 0.000000 0.000000 0.000000 1.000000 0.000000 0.000000
22.000000 208.209111 6.163861 1.797461 0.306537 0.000000 0.000000 0.000000 1.000000 0.000000 0.000000
22.000000 208.209880 6.248125 1.878032 0.277426 0.000000 0.000000 0.000000 1.000000 0.000000 0.000000
22.000000 208.212999 6.285969 1.890221 0.284998 0.000000 0.000000 0.000000 1.000000 0.000000 0.000000
22.000000 208.215686 5.974526 1.951301 0.249232 0.000000 0.000000 0.000000 1.000000 0.000000 0.000000
22.000000 208.217334 6.233989 1.828337 0.318812 0.000000 0.000000 0.000000 1.000000 0.000000 0.000000
22.000000 208.218494 6.242398 1.821632 0.317510 0.000000 0.000000 0.000000 1.000000 0.000000 0.000000
22.000000 208.219335 6.114993 1.802472 0.361236 0.000000 0.000000 0.000000 1.000000 0.000000 0.000000
22.000000 208.219707 6.207307 1.889374 0.324627 0.000000 0.000000 0.000000 1.000000 0.000000 0.000000
22.000000 208.223111 6.203974 1.891237 0.322336 0.000000 0.000000 0.000000 1.000000 0.000000 0.000000
22.000000 208.225574 5.984984 1.933299 0.306455 0.000000 0.000000 0.000000 1.000000 0.000000 0.000000
22.000000 208.227393 6.193039 1.831590 0.369761 0.000000 0.000000 0.000000 1.000000 0.000000 0.000000
22.000000 208.228534 6.204927 1.821547 0.366034 0.000000 0.000000 0.000000 1.000000 0.000000 0.000000
22.000000 208.229365 6.077024 1.802314 0.409810 0.000000 0.000000 0.000000 1.000000 0.000000 0.000000
22.000000 208.230128 6.163471 1.886240 0.378716 0.000000 0.000000 0.000000 1.000000 0.000000 0.000000
22.000000 208.233034 6.165749 1.890937 0.375419 0.000000 0.000000 0.000000 1.000000 0.000000 0.000000
22.000000 208.235626 6.003583 1.921793 0.365352 0.000000 0.000000 0.000000 1.000000 0.000000 0.000000
22.000000 208.237311 6.152821 1.842410 0.417960 0.000000 0.000000 0.000000 1.000000 0.000000 0.000000
22.000000 208.238521 6.165277 1.827776 0.414066 0.000000 0.000000 0.000000 1.000000 0.000000 0.000000
22.000000 208.239399 6.045582 1.809656 0.445667 0.000000 0.000000 0.000000 1.000000 0.000000 0.000000
22.000000 208.239686 6.124209 1.893884 0.411563 0.000000 0.000000 0.000000 1.000000 0.000000 0.000000
22.000000 208.243195 6.119511 1.900860 0.416541 0.000000 0.000000 0.000000 1.000000 0.000000 0.000000
22.000000 208.245719 5.983494 1.924479 0.430780 0.000000 0.000000 0.000000 1.000000 0.000000 0.000000
22.000000 208.247428 6.066324 1.870128 0.485522 0.000000 0.000000 0.000000 1.000000 0.000000 0.000000
22.000000 208.248559 6.129232 1.830172 0.462067 0.000000 0.000000 0.000000 1.000000 0.000000 0.000000
22.000000 208.249350 5.997093 1.810072 0.508753 0.000000 0.000000 0.000000 1.000000 0.000000 0.000000
22.000000 208.249965 6.104109 1.907831 0.468743 0.000000 0.000000 0.000000 1.000000 0.000000 0.000000
22.000000 208.253075 6.075397 1.902475 0.465722 0.000000 0.000000 0.000000 1.000000 0.000000 0.000000
22.000000 208.255599 5.869108 1.941803 0.457656 0.000000 0.000000 0.000000 1.000000 0.000000 0.000000
22.000000 208.257319 6.060611 1.850969 0.514479 0.000000 0.000000 0.000000 1.000000 0.000000 0.000000
22.000000 208.258515 6.083020 1.838996 0.508957 0.000000 0.000000 0.000000 1.000000 0.000000 0.000000
22.000000 208.259406 5.958924 1.819858 0.554051 0.000000 0.000000 0.000000 1.000000 0.000000 0.000000
22.000000 208.259645 6.039824 1.896782 0.526278 0.000000 0.000000 0.000000 1.000000 0.000000 0.000000
22.000000 208.263153 6.052764 1.901922 0.522353 0.000000 0.000000 0.000000 1.000000 0.000000 0.000000
22.000000 208.265634 5.914830 1.926462 0.528847 0.000000 0.000000 0.000000 1.000000 0.000000 0.000000
22.000000 208.267420 5.980870 1.882228 0.577795 0.000000 0.000000 0.000000 1.000000 0.000000 0.000000
22.000000 208.268750 6.053456 1.839629 0.551063 0.000000 0.000000 0.000000 1.000000 0.000000 0.000000
22.000000 208.269270 5.919689 1.819079 0.598415 0.000000 0.000000 0.000000 1.000000 0.000000 0.000000
22.000000 208.270131 6.008121 1.903787 0.569983 0.000000 0.000000 0.000000 1.000000 0.000000 0.000000
22.000000 208.273109 6.004501 1.906188 0.565972 0.000000 0.000000 0.000000 1.000000 0.000000 0.000000
22.000000 208.275844 5.814517 1.942238 0.556005 0.000000 0.000000 0.000000 1.000000 0.000000 0.000000
22.000000 208.277340 5.969364 1.863471 0.609577 0.000000 0.000000 0.000000 1.000000 0.000000 0.000000
22.000000 208.278572 6.000746 1.842979 0.598580 0.000000 0.000000 0.000000 1.000000 0.000000 0.000000
22.000000 208.279406 5.881563 1.824545 0.640945 0.000000 0.000000 0.000000 1.000000 0.000000 0.000000
22.000000 208.279790 5.969341 1.909334 0.613708 0.000000 0.000000 0.000000 1.000000 0.000000 0.000000
22.000000 208.283207 5.978453 1.914726 0.611386 0.000000 0.000000 0.000000 1.000000 0.000000 0.000000
22.000000 208.285829 5.763284 1.956113 0.594371 0.000000 0.000000 0.000000 1.000000 0.000000 0.000000
22.000000 208.287473 5.943413 1.865364 0.649513 0.000000 0.000000 0.000000 1.000000 0.000000 0.000000
22.000000 208.288777 5.969288 1.846208 0.640170 0.000000 0.000000 0.000000 1.000000 0.000000 0.000000
22.000000 208.289225 5.837615 1.825791 0.684021 0.000000 0.000000 0.000000 1.000000 0.000000 0.000000
22.000000 208.289867 5.951026 1.928426 0.639879 0.000000 0.000000 0.000000 1.000000 0.000000 0.000000
22.000000 208.293154 5.919064 1.920473 0.637096 0.000000 0.000000 0.000000 1.000000 0.000000 0.000000
22.000000 208.295697 5.716986 1.958388 0.637487 0.000000 0.000000 0.000000 1.000000 0.000000 0.000000
22.000000 208.297339 5.900561 1.868560 0.694195 0.000000 0.000000 0.000000 1.000000 0.000000 0.000000
22.000000 208.298554 5.925720 1.852196 0.684900 0.000000 0.000000 0.000000 1.000000 0.000000 0.000000
22.000000 208.299490 5.782984 1.829950 0.736044 0.000000 0.000000 0.000000 1.000000 0.000000 0.000000
22.000000 208.299784 5.892999 1.933387 0.702136 0.000000 0.000000 0.000000 1.000000 0.000000 0.000000
22.000000 208.303172 5.857475 1.928034 0.695507 0.000000 0.000000 0.000000 1.000000 0.000000 0.000000
22.000000 208.305874 5.614532 1.975505 0.670766 0.000000 0.000000 0.000000 1.000000 0.000000 0.000000
22.000000 208.307498 5.863097 1.864220 0.726454 0.000000 0.000000 0.000000 1.000000 0.000000 0.000000
22.000000 208.308620 5.896342 1.850203 0.715228 0.000000 0.000000 0.000000 1.000000 0.000000 0.000000
22.000000 208.309323 5.748509 1.827117 0.770755 0.000000 0.000000 0.000000 1.000000 0.000000 0.000000
22.000000 208.311066 5.850117 1.922611 0.743163 0.000000 0.000000 0.000000 1.000000 0.000000 0.000000
22.000000 208.313140 5.876172 1.930223 0.745319 0.000000 0.000000 0.000000 1.000000 0.000000 0.000000
22.000000 208.315851 5.549059 1.994439 0.707907 0.000000 0.000000 0.000000 1.000000 0.000000 0.000000
22.000000 208.317406 5.827646 1.868431 0.769225 0.000000 0.000000 0.000000 1.000000 0.000000 0.000000
22.000000 208.318555 5.848913 1.858411 0.761149 0.000000 0.000000 0.000000 1.000000 0.000000 0.000000
22.000000 208.319308 5.708534 1.836384 0.807215 0.000000 0.000000 0.000000 1.000000 0.000000 0.000000
22.000000 208.319816 5.802480 1.928908 0.778967 0.000000 0.000000 0.000000 1.000000 0.000000 0.000000
22.000000 208.323165 5.815387 1.935511 0.777055 0.000000 0.000000 0.000000 1.000000 0.000000 0.000000
22.000000 208.325725 5.564957 1.984474 0.748668 0.000000 0.000000 0.000000 1.000000 0.000000 0.000000
22.000000 208.327447 5.800380 1.871863 0.804550 0.000000 0.000000 0.000000 1.000000 0.000000 0.000000
22.000000 208.328648 5.807783 1.862332 0.801172 0.000000 0.000000 0.000000 1.000000 0.000000 0.000000
22.000000 208.329362 5.679767 1.842100 0.845009 0.000000 0.000000 0.000000 1.000000 0.000000 0.000000
22.000000 208.330992 5.774375 1.936192 0.819648 0.000000 0.000000 0.000000 1.000000 0.000000 0.000000
22.000000 208.333075 5.751075 1.936075 0.812076 0.000000 0.000000 0.000000 1.000000 0.000000 0.000000
22.000000 208.337358 5.785571 1.894773 0.824182 0.000000 0.000000 0.000000 1.000000 0.000000 0.000000
22.000000 208.338541 5.765535 1.867314 0.841488 0.000000 0.000000 0.000000 1.000000 0.000000 0.000000
22.000000 208.339312 5.641016 1.847665 0.880420 0.000000 0.000000 0.000000 1.000000 0.000000 0.000000
22.000000 208.340120 5.734452 1.937491 0.850569 0.000000 0.000000 0.000000 1.000000 0.000000 0.000000
22.000000 208.343210 5.701010 1.932230 0.832513 0.000000 0.000000 0.000000 1.000000 0.000000 0.000000
22.000000 208.345592 5.585327 1.953194 0.831475 0.000000 0.000000 0.000000 1.000000 0.000000 0.000000
22.000000 208.347482 5.725778 1.880036 0.884196 0.000000 0.000000 0.000000 1.000000 0.000000 0.000000
22.000000 208.348667 5.721891 1.874073 0.883267 0.000000 0.000000 0.000000 1.000000 0.000000 0.000000
22.000000 208.349378 5.597604 1.854259 0.924551 0.000000 0.000000 0.000000 1.000000 0.000000 0.000000
22.000000 208.350983 5.701315 1.951716 0.891634 0.000000 0.000000 0.000000 1.000000 0.000000 0.000000
22.000000 208.353204 5.661919 1.943722 0.868367 0.000000 0.000000 0.000000 1.000000 0.000000 0.000000
22.000000 208.355854 5.475927 1.978040 0.859246 0.000000 0.000000 0.000000 1.000000 0.000000 0.000000
22.000000 208.357375 5.659400 1.888629 0.922203 0.000000 0.000000 0.000000 1.000000 0.000000 0.000000
22.000000 208.358547 5.679661 1.875210 0.915329 0.000000 0.000000 0.000000 1.000000 0.000000 0.000000
22.000000 208.359421 5.554205 1.854979 0.959739 0.000000 0.000000 0.000000 1.000000 0.000000 0.000000
22.000000 208.362773 5.656119 1.949081 0.926885 0.000000 0.000000 0.000000 1.000000 0.000000 0.000000
22.000000 208.363191 5.660453 1.948871 0.912094 0.000000 0.000000 0.000000 1.000000 0.000000 0.000000
22.000000 208.365939 5.387431 2.001292 0.886917 0.000000 0.000000 0.000000 1.000000 0.000000 0.000000
22.000000 208.367452 5.636891 1.886177 0.952033 0.000000 0.000000 0.000000 1.000000 0.000000 0.000000
22.000000 208.368680 5.647719 1.879176 0.946348 0.000000 0.000000 0.000000 1.000000 0.000000 0.000000
22.000000 208.369394 5.512691 1.857456 0.994561 0.000000 0.000000 0.000000 1.000000 0.000000 0.000000
22.000000 208.369907 5.616310 1.952768 0.964625 0.000000 0.000000 0.000000 1.000000 0.000000 0.000000
22.000000 208.373207 5.587268 1.945770 0.948192 0.000000 0.000000 0.000000 1.000000 0.000000 0.000000
22.000000 208.375796 5.375937 1.986438 0.929472 0.000000 0.000000 0.000000 1.000000 0.000000 0.000000
22.000000 208.377397 5.602469 1.882994 0.984490 0.000000 0.000000 0.000000 1.000000 0.000000 0.000000
22.000000 208.378511 5.601978 1.881595 0.982027 0.000000 0.000000 0.000000 1.000000 0.000000 0.000000
22.000000 208.379467 5.480917 1.862077 1.027246 0.000000 0.000000 0.000000 1.000000 0.000000 0.000000
22.000000 208.379777 5.577758 1.951086 1.002666 0.000000 0.000000 0.000000 1.000000 0.000000 0.000000
22.000000 208.383166 5.553075 1.945041 0.979778 0.000000 0.000000 0.000000 1.000000 0.000000 0.000000
22.000000 208.385892 5.375004 1.979068 0.960310 0.000000 0.000000 0.000000 1.000000 0.000000 0.000000
22.000000 208.387449 5.579475 1.883308 1.013865 0.000000 0.000000 0.000000 1.000000 0.000000 0.000000
22.000000 208.388630 5.561140 1.888291 1.017808 0.000000 0.000000 0.000000 1.000000 0.000000 0.000000
22.000000 208.389239 5.454561 1.870976 1.054086 0.000000 0.000000 0.000000 1.000000 0.000000 0.000000
22.000000 208.390081 5.541087 1.955525 1.032478 0.000000 0.000000 0.000000 1.000000 0.000000 0.000000
22.000000 208.393146 5.478527 1.944616 1.004587 0.000000 0.000000 0.000000 1.000000 0.000000 0.000000
22.000000 208.395904 5.355323 1.967841 0.988580 0.000000 0.000000 0.000000 1.000000 0.000000 0.000000
22.000000 208.397369 5.554383 1.877353 1.040450 0.000000 0.000000 0.000000 1.000000 0.000000 0.000000
22.000000 208.398565 5.523671 1.890715 1.047457 0.000000 0.000000 0.000000 1.000000 0.000000 0.000000
22.000000 208.399336 5.399162 1.870463 1.089721 0.000000 0.000000 0.000000 1.000000 0.000000 0.000000
22.000000 208.399780 5.503832 1.969089 1.060601 0.000000 0.000000 0.000000 1.000000 0.000000 0.000000
22.000000 208.403234 5.434014 1.954501 1.033249 0.000000 0.000000 0.000000 1.000000 0.000000 0.000000
22.000000 208.405676 5.364546 1.965769 1.042477 0.000000 0.000000 0.000000 1.000000 0.000000 0.000000
22.000000 208.407446 5.457391 1.915891 1.090842 0.000000 0.000000 0.000000 1.000000 0.000000 0.000000
22.000000 208.408630 5.489896 1.894940 1.075498 0.000000 0.000000 0.000000 1.000000 0.000000 0.000000
22.000000 208.409454 5.400561 1.880435 1.106698 0.000000 0.000000 0.000000 1.000000 0.000000 0.000000
22.000000 208.409873 5.482968 1.962277 1.090909 0.000000 0.000000 0.000000 1.000000 0.000000 0.000000
22.000000 208.413278 5.427900 1.953862 1.063357 0.000000 0.000000 0.000000 1.000000 0.000000 0.000000
22.000000 208.415765 5.307559 1.975068 1.057953 0.000000 0.000000 0.000000 1.000000 0.000000 0.000000
22.000000 208.417463 5.436429 1.910741 1.111571 0.000000 0.000000 0.000000 1.000000 0.000000 0.000000
22.000000 208.418592 5.456404 1.897199 1.101674 0.000000 0.000000 0.000000 1.000000 0.000000 0.000000
22.000000 208.419331 5.386142 1.885721 1.127460 0.000000 0.000000 0.000000 1.000000 0.000000 0.000000
22.000000 208.419777 5.468251 1.972204 1.116623 0.000000 0.000000 0.000000 1.000000 0.000000 0.000000
22.000000 208.423357 5.421503 1.969553 1.111593 0.000000 0.000000 0.000000 1.000000 0.000000 0.000000
22.000000 208.425750 5.180984 2.015926 1.091236 0.000000 0.000000 0.000000 1.000000 0.000000 0.000000
22.000000 208.427476 5.398902 1.913609 1.142838 0.000000 0.000000 0.000000 1.000000 0.000000 0.000000
22.000000 208.428713 5.413368 1.901509 1.133301 0.000000 0.000000 0.000000 1.000000 0.000000 0.000000
22.000000 208.429834 5.343653 1.926288 1.147189 0.000000 0.000000 0.000000 1.000000 0.000000 0.000000
22.000000 208.433215 5.390259 1.972002 1.137489 0.000000 0.000000 0.000000 1.000000 0.000000 0.000000
22.000000 208.435654 5.125844 2.022269 1.117077 0.000000 0.000000 0.000000 1.000000 0.000000 0.000000
22.000000 208.437454 5.344047 1.921374 1.176401 0.000000 0.000000 0.000000 1.000000 0.000000 0.000000
22.000000 208.438637 5.367944 1.907228 1.162765 0.000000 0.000000 0.000000 1.000000 0.000000 0.000000
22.000000 208.439794 5.339423 1.935616 1.162988 0.000000 0.000000 0.000000 1.000000 0.000000 0.000000
22.000000 208.443391 5.374586 1.975792 1.158303 0.000000 0.000000 0.000000 1.000000 0.000000 0.000000
22.000000 208.445976 5.112182 2.025039 1.149027 0.000000 0.000000 0.000000 1.000000 0.000000 0.000000
22.000000 208.447609 5.285466 1.939270 1.206056 0.000000 0.000000 0.000000 1.000000 0.000000 0.000000
22.000000 208.448649 5.325541 1.913327 1.187936 0.000000 0.000000 0.000000 1.000000 0.000000 0.000000
22.000000 208.450275 5.355660 1.965982 1.170642 0.000000 0.000000 0.000000 1.000000 0.000000 0.000000
22.000000 208.453084 5.207669 1.983852 1.154968 0.000000 0.000000 0.000000 1.000000 0.000000 0.000000
22.000000 208.455785 5.123054 1.997645 1.182532 0.000000 0.000000 0.000000 1.000000 0.000000 0.000000
22.000000 208.457414 5.251041 1.936959 1.230715 0.000000 0.000000 0.000000 1.000000 0.000000 0.000000
22.000000 208.458614 5.304418 1.909302 1.206512 0.000000 0.000000 0.000000 1.000000 0.000000 0.000000
22.000000 208.459748 5.169365 1.928288 1.238209 0.000000 0.000000 0.000000 1.000000 0.000000 0.000000
22.000000 208.463226 5.213997 1.978281 1.214461 0.000000 0.000000 0.000000 1.000000 0.000000 0.000000
22.000000 208.465782 5.082300 2.002782 1.194378 0.000000 0.000000 0.000000 1.000000 0.000000 0.000000
22.000000 208.467746 5.234532 1.926528 1.240917 0.000000 0.000000 0.000000 1.000000 0.000000 0.000000
22.000000 208.468658 5.242388 1.914966 1.236723 0.000000 0.000000 0.000000 1.000000 0.000000 0.000000
22.000000 208.473130 5.333291 1.948827 1.224569 0.000000 0.000000 0.000000 1.000000 0.000000 0.000000
22.000000 208.475819 5.010842 2.029871 1.226805 0.000000 0.000000 0.000000 1.000000 0.000000 0.000000
22.000000 208.477494 5.164378 1.950727 1.274809 0.000000 0.000000 0.000000 1.000000 0.000000 0.000000
22.000000 208.478565 5.205408 1.921003 1.259302 0.000000 0.000000 0.000000 1.000000 0.000000 0.000000
22.000000 208.483146 5.280032 1.946075 1.246240 0.000000 0.000000 0.000000 1.000000 0.000000 0.000000
22.000000 208.485983 5.055732 2.000323 1.262830 0.000000 0.000000 0.000000 1.000000 0.000000 0.000000
22.000000 208.487616 5.117996 1.966157 1.304651 0.000000 0.000000 0.000000 1.000000 0.000000 0.000000
22.000000 208.488677 5.182206 1.931347 1.280326 0.000000 0.000000 0.000000 1.000000 0.000000 0.000000
22.000000 208.493104 5.234705 1.955004 1.274655 0.000000 0.000000 0.000000 1.000000 0.000000 0.000000
22.000000 208.495833 4.976211 2.017298 1.296737 0.000000 0.000000 0.000000 1.000000 0.000000 0.000000
22.000000 208.497476 5.003913 1.995348 1.341301 0.000000 0.000000 0.000000 1.000000 0.000000 0.000000
22.000000 208.498576 5.130301 1.929083 1.300285 0.000000 0.000000 0.000000 1.000000 0.000000 0.000000
22.000000 208.503283 5.225586 1.963588 1.289004 0.000000 0.000000 0.000000 1.000000 0.000000 0.000000
22.000000 208.505785 4.701280 2.083168 1.271800 0.000000 0.000000 0.000000 1.000000 0.000000 0.000000
22.000000 208.507565 5.043443 1.945793 1.345236 0.000000 0.000000 0.000000 1.000000 0.000000 0.000000
22.000000 208.508657 5.101466 1.932068 1.321954 0.000000 0.000000 0.000000 1.000000 0.000000 0.000000
22.000000 208.513115 5.183469 1.966671 1.311440 0.000000 0.000000 0.000000 1.000000 0.000000 0.000000
22.000000 208.515857 4.617451 2.096364 1.292184 0.000000 0.000000 0.000000 1.000000 0.000000 0.000000
22.000000 208.517529 4.994153 1.947397 1.369609 0.000000 0.000000 0.000000 1.000000 0.000000 0.000000
22.000000 208.518642 5.058347 1.933819 1.344228 0.000000 0.000000 0.000000 1.000000 0.000000 0.000000
22.000000 208.523216 5.154732 1.971282 1.329750 0.000000 0.000000 0.000000 1.000000 0.000000 0.000000
22.000000 208.525881 4.533148 2.111971 1.305524 0.000000 0.000000 0.000000 1.000000 0.000000 0.000000
22.000000 208.527599 4.961017 1.941749 1.389802 0.000000 0.000000 0.000000 1.000000 0.000000 0.000000
22.000000 208.528706 5.002334 1.939616 1.368890 0.000000 0.000000 0.000000 1.000000 0.000000 0.000000
22.000000 208.533137 5.085856 1.966068 1.346646 0.000000 0.000000 0.000000 1.000000 0.000000 0.000000
22.000000 208.535779 4.601507 2.069372 1.332778 0.000000 0.000000 0.000000 1.000000 0.000000 0.000000
22.000000 208.537580 4.891335 1.964546 1.399979 0.000000 0.000000 0.000000 1.000000 0.000000 0.000000
22.000000 208.538642 4.982643 1.945014 1.372860 0.000000 0.000000 0.000000 1.000000 0.000000 0.000000
22.000000 208.543274 5.037542 1.966711 1.370360 0.000000 0.000000 0.000000 1.000000 0.000000 0.000000
22.000000 208.545813 4.748688 2.033198 1.381318 0.000000 0.000000 0.000000 1.000000 0.000000 0.000000
22.000000 208.547616 4.877636 1.976252 1.430647 0.000000 0.000000 0.000000 1.000000 0.000000 0.000000
22.000000 208.548682 4.941154 1.946377 1.398711 0.000000 0.000000 0.000000 1.000000 0.000000 0.000000
22.000000 208.553177 4.983390 1.966722 1.386154 0.000000 0.000000 0.000000 1.000000 0.000000 0.000000
22.000000 208.555827 4.753753 2.021983 1.400118 0.000000 0.000000 0.000000 1.000000 0.000000 0.000000
22.000000 208.557496 4.810709 1.994967 1.436658 0.000000 0.000000 0.000000 1.000000 0.000000 0.000000
22.000000 208.558651 4.905773 1.948611 1.405037 0.000000 0.000000 0.000000 1.000000 0.000000 0.000000
22.000000 208.563214 4.964284 1.972365 1.399496 0.000000 0.000000 0.000000 1.000000 0.000000 0.000000
22.000000 208.565807 4.540477 2.066429 1.392776 0.000000 0.000000 0.000000 1.000000 0.000000 0.000000
22.000000 208.567534 4.783411 1.975470 1.450852 0.000000 0.000000 0.000000 1.000000 0.000000 0.000000
22.000000 208.568696 4.859250 1.955058 1.423090 0.000000 0.000000 0.000000 1.000000 0.000000 0.000000
22.000000 208.573135 4.960370 1.992273 1.408071 0.000000 0.000000 0.000000 1.000000 0.000000 0.000000
22.000000 208.575853 4.645128 2.071580 1.420752 0.000000 0.000000 0.000000 1.000000 0.000000 0.000000
22.000000 208.577697 4.767900 2.000984 1.469144 0.000000 0.000000 0.000000 1.000000 0.000000 0.000000
22.000000 208.578634 4.824078 1.957245 1.442334 0.000000 0.000000 0.000000 1.000000 0.000000 0.000000
22.000000 208.583269 4.882688 1.989387 1.437166 0.000000 0.000000 0.000000 1.000000 0.000000 0.000000
22.000000 208.585938 4.489918 2.086834 1.434382 0.000000 0.000000 0.000000 1.000000 0.000000 0.000000
22.000000 208.587681 4.702477 2.001568 1.481685 0.000000 0.000000 0.000000 1.000000 0.000000 0.000000
22.000000 208.588768 4.796393 1.963056 1.445823 0.000000 0.000000 0.000000 1.000000 0.000000 0.000000
22.000000 208.593203 4.841716 1.983791 1.438650 0.000000 0.000000 0.000000 1.000000 0.000000 0.000000
22.000000 208.595798 4.593760 2.042649 1.451277 0.000000 0.000000 0.000000 1.000000 0.000000 0.000000
22.000000 208.597669 4.656436 2.011030 1.488553 0.000000 0.000000 0.000000 1.000000 0.000000 0.000000
22.000000 208.598627 4.750390 1.962160 1.456581 0.000000 0.000000 0.000000 1.000000 0.000000 0.000000
22.000000 208.603108 4.803953 1.985070 1.451839 0.000000 0.000000 0.000000 1.000000 0.000000 0.000000
22.000000 208.605838 4.613381 2.033771 1.472999 0.000000 0.000000 0.000000 1.000000 0.000000 0.000000
22.000000 208.607599 4.630341 2.019608 1.505673 0.000000 0.000000 0.000000 1.000000 0.000000 0.000000
22.000000 208.608743 4.717352 1.971226 1.469863 0.000000 0.000000 0.000000 1.000000 0.000000 0.000000
22.000000 208.613216 4.767848 1.994349 1.460236 0.000000 0.000000 0.000000 1.000000 0.000000 0.000000
22.000000 208.615883 4.504111 2.057558 1.472130 0.000000 0.000000 0.000000 1.000000 0.000000 0.000000
22.000000 208.617618 4.593451 2.016676 1.511752 0.000000 0.000000 0.000000 1.000000 0.000000 0.000000
22.000000 208.618711 4.673343 1.976112 1.478165 0.000000 0.000000 0.000000 1.000000 0.000000 0.000000
22.000000 208.623226 4.695914 2.005516 1.488784 0.000000 0.000000 0.000000 1.000000 0.000000 0.000000
22.000000 208.625853 4.471504 2.075087 1.500062 0.000000 0.000000 0.000000 1.000000 0.000000 0.000000
22.000000 208.627558 4.551081 2.031088 1.523464 0.000000 0.000000 0.000000 1.000000 0.000000 0.000000
22.000000 208.628755 4.638105 1.977156 1.485923 0.000000 0.000000 0.000000 1.000000 0.000000 0.000000
22.000000 208.633142 4.696867 2.010384 1.480797 0.000000 0.000000 0.000000 1.000000 0.000000 0.000000
22.000000 208.635824 4.175184 2.133442 1.463623 0.000000 0.000000 0.000000 1.000000 0.000000 0.000000
22.000000 208.637699 4.519216 1.998232 1.523291 0.000000 0.000000 0.000000 1.000000 0.000000 0.000000
22.000000 208.638658 4.586858 1.977608 1.495336 0.000000 0.000000 0.000000 1.000000 0.000000 0.000000
22.000000 208.643257 4.668328 2.014591 1.486914 0.000000 0.000000 0.000000 1.000000 0.000000 0.000000
22.000000 208.645917 4.259506 2.115501 1.483150 0.000000 0.000000 0.000000 1.000000 0.000000 0.000000
22.000000 208.647572 4.475841 2.023650 1.529965 0.000000 0.000000 0.000000 1.000000 0.000000 0.000000
22.000000 208.648845 4.559541 1.983565 1.498721 0.000000 0.000000 0.000000 1.000000 0.000000 0.000000
22.000000 208.653270 4.633677 2.020826 1.496015 0.000000 0.000000 0.000000 1.000000 0.000000 0.000000
22.000000 208.655830 4.157030 2.137006 1.483183 0.000000 0.000000 0.000000 1.000000 0.000000 0.000000
22.000000 208.657569 4.438577 2.018081 1.534342 0.000000 0.000000 0.000000 1.000000 0.000000 0.000000
22.000000 208.658794 4.502396 1.987979 1.508366 0.000000 0.000000 0.000000 1.000000 0.000000 0.000000
22.000000 208.663278 4.609188 2.030363 1.493335 0.000000 0.000000 0.000000 1.000000 0.000000 0.000000
22.000000 208.665851 4.121273 2.146428 1.488234 0.000000 0.000000 0.000000 1.000000 0.000000 0.000000
22.000000 208.667606 4.386290 2.035459 1.546701 0.000000 0.000000 0.000000 1.000000 0.000000 0.000000
22.000000 208.668853 4.481805 1.991139 1.507888 0.000000 0.000000 0.000000 1.000000 0.000000 0.000000
22.000000 208.673200 4.541154 2.021201 1.501038 0.000000 0.000000 0.000000 1.000000 0.000000 0.000000
22.000000 208.675891 4.277716 2.089548 1.519715 0.000000 0.000000 0.000000 1.000000 0.000000 0.000000
22.000000 208.677679 4.298157 2.073061 1.552814 0.000000 0.000000 0.000000 1.000000 0.000000 0.000000
22.000000 208.678795 4.438460 1.996319 1.506091 0.000000 0.000000 0.000000 1.000000 0.000000 0.000000
22.000000 208.683321 4.519195 2.033080 1.502716 0.000000 0.000000 0.000000 1.000000 0.000000 0.000000
22.000000 208.685802 4.205121 2.114942 1.516051 0.000000 0.000000 0.000000 1.000000 0.000000 0.000000
22.000000 208.687624 4.297250 2.065336 1.555288 0.000000 0.000000 0.000000 1.000000 0.000000 0.000000
22.000000 208.688859 4.410933 1.998358 1.511974 0.000000 0.000000 0.000000 1.000000 0.000000 0.000000
22.000000 208.693254 4.465786 2.030718 1.511110 0.000000 0.000000 0.000000 1.000000 0.000000 0.000000
22.000000 208.695862 4.046994 2.133484 1.504261 0.000000 0.000000 0.000000 1.000000 0.000000 0.000000
22.000000 208.697699 4.270555 2.041897 1.548229 0.000000 0.000000 0.000000 1.000000 0.000000 0.000000
22.000000 208.698742 4.355105 2.003241 1.516586 0.000000 0.000000 0.000000 1.000000 0.000000 0.000000
22.000000 208.703229 4.440591 2.040749 1.508264 0.000000 0.000000 0.000000 1.000000 0.000000 0.000000
22.000000 208.705781 3.989784 2.148904 1.498814 0.000000 0.000000 0.000000 1.000000 0.000000 0.000000
22.000000 208.707603 4.220057 2.051892 1.545622 0.000000 0.000000 0.000000 1.000000 0.000000 0.000000
22.000000 208.708864 4.327783 1.998644 1.506732 0.000000 0.000000 0.000000 1.000000 0.000000 0.000000
22.000000 208.713260 4.407818 2.039331 1.504947 0.000000 0.000000 0.000000 1.000000 0.000000 0.000000
22.000000 208.715878 3.932102 2.156839 1.496983 0.000000 0.000000 0.000000 1.000000 0.000000 0.000000
22.000000 208.717624 4.181936 2.056278 1.545036 0.000000 0.000000 0.000000 1.000000 0.000000 0.000000
22.000000 208.718752 4.289099 2.008138 1.506921 0.000000 0.000000 0.000000 1.000000 0.000000 0.000000
22.000000 208.723272 4.366986 2.046015 1.504111 0.000000 0.000000 0.000000 1.000000 0.000000 0.000000
22.000000 208.725917 3.917959 2.155634 1.497293 0.000000 0.000000 0.000000 1.000000 0.000000 0.000000
22.000000 208.727675 4.162270 2.053026 1.546065 0.000000 0.000000 0.000000 1.000000 0.000000 0.000000
22.000000 208.728826 4.249482 2.009874 1.510456 0.000000 0.000000 0.000000 1.000000 0.000000 0.000000
22.000000 208.733279 4.310056 2.037791 1.501230 0.000000 0.000000 0.000000 1.000000 0.000000 0.000000
22.000000 208.735894 4.066752 2.100381 1.506545 0.000000 0.000000 0.000000 1.000000 0.000000 0.000000
22.000000 208.737610 4.151239 2.033196 1.527013 0.000000 0.000000 0.000000 1.000000 0.000000 0.000000
22.000000 208.738808 4.209654 2.015036 1.505621 0.000000 0.000000 0.000000 1.000000 0.000000 0.000000
22.000000 208.743283 4.311938 2.056637 1.494717 0.000000 0.000000 0.000000 1.000000 0.000000 0.000000
22.000000 208.745978 3.950368 2.148642 1.490423 0.000000 0.000000 0.000000 1.000000 0.000000 0.000000
22.000000 208.747694 4.104350 2.068996 1.526165 0.000000 0.000000 0.000000 1.000000 0.000000 0.000000
22.000000 208.748773 4.177475 2.016397 1.498674 0.000000 0.000000 0.000000 1.000000 0.000000 0.000000
22.000000 208.753254 4.226320 2.042068 1.496069 0.000000 0.000000 0.000000 1.000000 0.000000 0.000000
22.000000 208.755799 3.906425 2.118784 1.499511 0.000000 0.000000 0.000000 1.000000 0.000000 0.000000
22.000000 208.757618 4.046724 2.062869 1.538073 0.000000 0.000000 0.000000 1.000000 0.000000 0.000000
22.000000 208.758762 4.134524 2.021735 1.501398 0.000000 0.000000 0.000000 1.000000 0.000000 0.000000
22.000000 208.763299 4.232297 2.063004 1.485992 0.000000 0.000000 0.000000 1.000000 0.000000 0.000000
22.000000 208.765846 3.611222 2.204178 1.457055 0.000000 0.000000 0.000000 1.000000 0.000000 0.000000
22.000000 208.767657 4.016788 2.048808 1.520305 0.000000 0.000000 0.000000 1.000000 0.000000 0.000000
22.000000 208.768842 4.095505 2.024903 1.489776 0.000000 0.000000 0.000000 1.000000 0.000000 0.000000
22.000000 208.773253 4.170919 2.056555 1.480141 0.000000 0.000000 0.000000 1.000000 0.000000 0.000000
22.000000 208.775771 3.877295 2.127978 1.495927 0.000000 0.000000 0.000000 1.000000 0.000000 0.000000
22.000000 208.777593 3.921684 2.104981 1.533284 0.000000 0.000000 0.000000 1.000000 0.000000 0.000000
22.000000 208.778904 4.060898 2.030115 1.481240 0.000000 0.000000 0.000000 1.000000 0.000000 0.000000
22.000000 208.783331 4.157350 2.073683 1.470882 0.000000 0.000000 0.000000 1.000000 0.000000 0.000000
22.000000 208.785811 3.452462 2.233952 1.431226 0.000000 0.000000 0.000000 1.000000 0.000000 0.000000
22.000000 208.787667 3.938655 2.079566 1.504835 0.000000 0.000000 0.000000 1.000000 0.000000 0.000000
22.000000 208.788849 4.016586 2.029654 1.476625 0.000000 0.000000 0.000000 1.000000 0.000000 0.000000
22.000000 208.793317 4.096717 2.065927 1.469605 0.000000 0.000000 0.000000 1.000000 0.000000 0.000000
22.000000 208.795856 3.767685 2.148591 1.479613 0.000000 0.000000 0.000000 1.000000 0.000000 0.000000
22.000000 208.797704 3.865604 2.101924 1.518540 0.000000 0.000000 0.000000 1.000000 0.000000 0.000000
22.000000 208.798797 3.986498 2.034079 1.471547 0.000000 0.000000 0.000000 1.000000 0.000000 0.000000
22.000000 208.803341 4.049789 2.066535 1.465578 0.000000 0.000000 0.000000 1.000000 0.000000 0.000000
22.000000 208.805859 3.751028 2.142856 1.474845 0.000000 0.000000 0.000000 1.000000 0.000000 0.000000
22.000000 208.807689 3.839405 2.100185 1.509561 0.000000 0.000000 0.000000 1.000000 0.000000 0.000000
22.000000 208.808825 3.955615 2.033371 1.457553 0.000000 0.000000 0.000000 1.000000 0.000000 0.000000
22.000000 208.813408 3.989871 2.055864 1.449531 0.000000 0.000000 0.000000 1.000000 0.000000 0.000000
22.000000 208.815996 3.818711 2.101837 1.476280 0.000000 0.000000 0.000000 1.000000 0.000000 0.000000
22.000000 208.817654 3.772182 2.118173 1.502069 0.000000 0.000000 0.000000 1.000000 0.000000 0.000000
22.000000 208.818831 3.923419 2.036660 1.442116 0.000000 0.000000 0.000000 1.000000 0.000000 0.000000
22.000000 208.823384 3.953300 2.066718 1.449605 0.000000 0.000000 0.000000 1.000000 0.000000 0.000000
22.000000 208.825994 3.676911 2.144033 1.455748 0.000000 0.000000 0.000000 1.000000 0.000000 0.000000
22.000000 208.827719 3.762707 2.104907 1.480657 0.000000 0.000000 0.000000 1.000000 0.000000 0.000000
22.000000 208.828851 3.878773 2.039739 1.432369 0.000000 0.000000 0.000000 1.000000 0.000000 0.000000
22.000000 208.833354 3.933635 2.077220 1.433214 0.000000 0.000000 0.000000 1.000000 0.000000 0.000000
22.000000 208.835900 3.618473 2.163893 1.442938 0.000000 0.000000 0.000000 1.000000 0.000000 0.000000
22.000000 208.837622 3.717070 2.115404 1.475896 0.000000 0.000000 0.000000 1.000000 0.000000 0.000000
22.000000 208.838816 3.831703 2.046095 1.419610 0.000000 0.000000 0.000000 1.000000 0.000000 0.000000
22.000000 208.843366 3.868343 2.083955 1.421387 0.000000 0.000000 0.000000 1.000000 0.000000 0.000000
22.000000 208.846001 3.447015 2.195306 1.409635 0.000000 0.000000 0.000000 1.000000 0.000000 0.000000
22.000000 208.847813 3.690265 2.097927 1.445142 0.000000 0.000000 0.000000 1.000000 0.000000 0.000000
22.000000 208.848933 3.797111 2.044880 1.401155 0.000000 0.000000 0.000000 1.000000 0.000000 0.000000
22.000000 208.853349 3.858115 2.078029 1.395852 0.000000 0.000000 0.000000 1.000000 0.000000 0.000000
22.000000 208.855905 3.590792 2.148533 1.413270 0.000000 0.000000 0.000000 1.000000 0.000000 0.000000
22.000000 208.857596 3.625071 2.129119 1.446061 0.000000 0.000000 0.000000 1.000000 0.000000 0.000000
22.000000 208.858817 3.766988 2.048713 1.385209 0.000000 0.000000 0.000000 1.000000 0.000000 0.000000
22.000000 208.863410 3.821560 2.080731 1.377273 0.000000 0.000000 0.000000 1.000000 0.000000 0.000000
22.000000 208.866007 3.552032 2.151650 1.391501 0.000000 0.000000 0.000000 1.000000 0.000000 0.000000
22.000000 208.867607 3.598990 2.127806 1.423337 0.000000 0.000000 0.000000 1.000000 0.000000 0.000000
22.000000 208.868917 3.749485 2.043505 1.362068 0.000000 0.000000 0.000000 1.000000 0.000000 0.000000
22.000000 208.873365 3.821672 2.078941 1.351097 0.000000 0.000000 0.000000 1.000000 0.000000 0.000000
22.000000 208.876003 3.511832 2.156485 1.368308 0.000000 0.000000 0.000000 1.000000 0.000000 0.000000
22.000000 208.877585 3.554158 2.131283 1.407917 0.000000 0.000000 0.000000 1.000000 0.000000 0.000000
22.000000 208.878887 3.709231 2.041986 1.345982 0.000000 0.000000 0.000000 1.000000 0.000000 0.000000
22.000000 208.883462 3.755618 2.082763 1.356120 0.000000 0.000000 0.000000 1.000000 0.000000 0.000000
22.000000 208.886013 3.448106 2.174327 1.348277 0.000000 0.000000 0.000000 1.000000 0.000000 0.000000
22.000000 208.887654 3.580941 2.107439 1.366019 0.000000 0.000000 0.000000 1.000000 0.000000 0.000000
22.000000 208.888826 3.682103 2.039483 1.324211 0.000000 0.000000 0.000000 1.000000 0.000000 0.000000
22.000000 208.893446 3.744886 2.079933 1.324198 0.000000 0.000000 0.000000 1.000000 0.000000 0.000000
22.000000 208.895871 3.358258 2.181218 1.322835 0.000000 0.000000 0.000000 1.000000 0.000000 0.000000
22.000000 208.897631 3.525429 2.113589 1.360493 0.000000 0.000000 0.000000 1.000000 0.000000 0.000000
22.000000 208.903501 3.565832 2.117073 1.333704 0.000000 0.000000 0.000000 1.000000 0.000000 0.000000
22.000000 208.905835 3.407896 2.165546 1.331948 0.000000 0.000000 0.000000 1.000000 0.000000 0.000000
22.000000 208.907655 3.423734 2.154579 1.364312 0.000000 0.000000 0.000000 1.000000 0.000000 0.000000
22.000000 208.913460 3.537154 2.117844 1.307529 0.000000 0.000000 0.000000 1.000000 0.000000 0.000000
22.000000 208.915826 3.343327 2.177539 1.299154 0.000000 0.000000 0.000000 1.000000 0.000000 0.000000
22.000000 208.917623 3.398012 2.150800 1.336896 0.000000 0.000000 0.000000 1.000000 0.000000 0.000000
22.000000 208.923451 3.487549 2.126708 1.289307 0.000000 0.000000 0.000000 1.000000 0.000000 0.000000
22.000000 208.925929 3.224712 2.200436 1.254861 0.000000 0.000000 0.000000 1.000000 0.000000 0.000000
22.000000 208.927727 3.436510 2.112407 1.293962 0.000000 0.000000 0.000000 1.000000 0.000000 0.000000
22.000000 208.933433 3.478362 2.119946 1.262931 0.000000 0.000000 0.000000 1.000000 0.000000 0.000000
22.000000 208.936137 3.292720 2.180476 1.255153 0.000000 0.000000 0.000000 1.000000 0.000000 0.000000
22.000000 208.937593 3.333843 2.156830 1.293430 0.000000 0.000000 0.000000 1.000000 0.000000 0.000000
22.000000 208.943341 3.428614 2.126129 1.243867 0.000000 0.000000 0.000000 1.000000 0.000000 0.000000
22.000000 208.945899 3.292113 2.173304 1.243047 0.000000 0.000000 0.000000 1.000000 0.000000 0.000000
22.000000 208.947704 3.272544 2.171653 1.273095 0.000000 0.000000 0.000000 1.000000 0.000000 0.000000
22.000000 208.953394 3.389578 2.128027 1.212983 0.000000 0.000000 0.000000 1.000000 0.000000 0.000000
22.000000 208.955850 3.112529 2.206387 1.176175 0.000000 0.000000 0.000000 1.000000 0.000000 0.000000
22.000000 208.957687 3.342511 2.113805 1.218634 0.000000 0.000000 0.000000 1.000000 0.000000 0.000000
22.000000 208.963378 3.366921 2.133555 1.194304 0.000000 0.000000 0.000000 1.000000 0.000000 0.000000
22.000000 208.965934 2.948442 2.239753 1.135340 0.000000 0.000000 0.000000 1.000000 0.000000 0.000000
22.000000 208.967739 3.315689 2.100776 1.188729 0.000000 0.000000 0.000000 1.000000 0.000000 0.000000
22.000000 208.973404 3.316393 2.142972 1.173555 0.000000 0.000000 0.000000 1.000000 0.000000 0.000000
22.000000 208.975943 2.923943 2.243588 1.114624 0.000000 0.000000 0.000000 1.000000 0.000000 0.000000
22.000000 208.977660 3.271951 2.109478 1.163348 0.000000 0.000000 0.000000 1.000000 0.000000 0.000000
22.000000 208.983666 3.284326 2.139496 1.144713 0.000000 0.000000 0.000000 1.000000 0.000000 0.000000
22.000000 208.985950 2.941255 2.228789 1.091810 0.000000 0.000000 0.000000 1.000000 0.000000 0.000000
22.000000 208.987701 3.237064 2.113888 1.133867 0.000000 0.000000 0.000000 1.000000 0.000000 0.000000
22.000000 208.993597 3.249004 2.143206 1.114982 0.000000 0.000000 0.000000 1.000000 0.000000 0.000000
22.000000 208.995955 2.954528 2.224691 1.070050 0.000000 0.000000 0.000000 1.000000 0.000000 0.000000
22.000000 208.997697 3.190000 2.127465 1.109515 0.000000 0.000000 0.000000 1.000000 0.000000 0.000000
22.000000 209.003497 3.206057 2.150809 1.087914 0.000000 0.000000 0.000000 1.000000 0.000000 0.000000
22.000000 209.005973 2.884957 2.240912 1.035313 0.000000 0.000000 0.000000 1.000000 0.000000 0.000000
22.000000 209.007756 3.147069 2.136294 1.075810 0.000000 0.000000 0.000000 1.000000 0.000000 0.000000
22.000000 209.013447 3.181458 2.147507 1.048462 0.000000 0.000000 0.000000 1.000000 0.000000 0.000000
22.000000 209.015970 2.858347 2.232883 0.999463 0.000000 0.000000 0.000000 1.000000 0.000000 0.000000
22.000000 209.017802 3.126390 2.123409 1.042626 0.000000 0.000000 0.000000 1.000000 0.000000 0.000000
22.000000 209.023431 3.132268 2.156505 1.024165 0.000000 0.000000 0.000000 1.000000 0.000000 0.000000
22.000000 209.025949 2.675546 2.274715 0.954383 0.000000 0.000000 0.000000 1.000000 0.000000 0.000000
22.000000 209.027694 3.075835 2.125051 1.012789 0.000000 0.000000 0.000000 1.000000 0.000000 0.000000
22.000000 209.033417 3.086015 2.164821 0.993658 0.000000 0.000000 0.000000 1.000000 0.000000 0.000000
22.000000 209.035945 2.777255 2.250426 0.939134 0.000000 0.000000 0.000000 1.000000 0.000000 0.000000
22.000000 209.037688 3.048433 2.139208 0.978477 0.000000 0.000000 0.000000 1.000000 0.000000 0.000000
22.000000 209.043602 3.062305 2.164263 0.957869 0.000000 0.000000 0.000000 1.000000 0.000000 0.000000
22.000000 209.045928 2.723480 2.258271 0.896639 0.000000 0.000000 0.000000 1.000000 0.000000 0.000000
22.000000 209.047729 3.035511 2.132033 0.940713 0.000000 0.000000 0.000000 1.000000 0.000000 0.000000
22.000000 209.053629 3.045297 2.164651 0.920492 0.000000 0.000000 0.000000 1.000000 0.000000 0.000000
22.000000 209.055941 2.520048 2.296114 0.845875 0.000000 0.000000 0.000000 1.000000 0.000000 0.000000
22.000000 209.057676 2.976257 2.130699 0.916726 0.000000 0.000000 0.000000 1.000000 0.000000 0.000000
22.000000 209.063612 3.000452 2.169978 0.890799 0.000000 0.000000 0.000000 1.000000 0.000000 0.000000
22.000000 209.066124 2.580514 2.276316 0.822660 0.000000 0.000000 0.000000 1.000000 0.000000 0.000000
22.000000 209.067750 2.949884 2.136407 0.875038 0.000000 0.000000 0.000000 1.000000 0.000000 0.000000
22.000000 209.073589 2.967049 2.169632 0.852913 0.000000 0.000000 0.000000 1.000000 0.000000 0.000000
22.000000 209.075897 2.627883 2.261984 0.792146 0.000000 0.000000 0.000000 1.000000 0.000000 0.000000
22.000000 209.077701 2.920299 2.147125 0.834157 0.000000 0.000000 0.000000 1.000000 0.000000 0.000000
22.000000 209.083538 2.934518 2.177189 0.813298 0.000000 0.000000 0.000000 1.000000 0.000000 0.000000
22.000000 209.085942 2.474773 2.293773 0.738789 0.000000 0.000000 0.000000 1.000000 0.000000 0.000000
22.000000 209.087765 2.880893 2.139502 0.798722 0.000000 0.000000 0.000000 1.000000 0.000000 0.000000
22.000000 209.093476 2.913839 2.164804 0.768867 0.000000 0.000000 0.000000 1.000000 0.000000 0.000000
22.000000 209.095924 2.593568 2.254065 0.714221 0.000000 0.000000 0.000000 1.000000 0.000000 0.000000
22.000000 209.097679 2.856086 2.149186 0.758055 0.000000 0.000000 0.000000 1.000000 0.000000 0.000000
22.000000 209.103402 2.856823 2.185956 0.743558 0.000000 0.000000 0.000000 1.000000 0.000000 0.000000
22.000000 209.105902 2.466207 2.290694 0.674501 0.000000 0.000000 0.000000 1.000000 0.000000 0.000000
22.000000 209.107755 2.810608 2.155065 0.726211 0.000000 0.000000 0.000000 1.000000 0.000000 0.000000
22.000000 209.113423 2.868630 2.170886 0.708691 0.000000 0.000000 0.000000 1.000000 0.000000 0.000000
22.000000 209.115900 2.292548 2.315371 0.615491 0.000000 0.000000 0.000000 1.000000 0.000000 0.000000
22.000000 209.117715 2.766302 2.145420 0.686060 0.000000 0.000000 0.000000 1.000000 0.000000 0.000000
22.000000 209.123442 2.822739 2.179000 0.671110 0.000000 0.000000 0.000000 1.000000 0.000000 0.000000
22.000000 209.126372 2.301624 2.314107 0.577256 0.000000 0.000000 0.000000 1.000000 0.000000 0.000000
22.000000 209.127740 2.754128 2.144106 0.641063 0.000000 0.000000 0.000000 1.000000 0.000000 0.000000
22.000000 209.133367 2.768031 2.190162 0.617886 0.000000 0.000000 0.000000 1.000000 0.000000 0.000000
22.000000 209.136010 2.353711 2.303889 0.539213 0.000000 0.000000 0.000000 1.000000 0.000000 0.000000
22.000000 209.137685 2.730684 2.152793 0.595965 0.000000 0.000000 0.000000 1.000000 0.000000 0.000000
22.000000 209.143489 2.743897 2.181380 0.575981 0.000000 0.000000 0.000000 1.000000 0.000000 0.000000
22.000000 209.146082 2.411321 2.274743 0.512940 0.000000 0.000000 0.000000 1.000000 0.000000 0.000000
22.000000 209.147809 2.685394 2.150013 0.560946 0.000000 0.000000 0.000000 1.000000 0.000000 0.000000
22.000000 209.153480 2.698405 2.180149 0.535730 0.000000 0.000000 0.000000 1.000000 0.000000 0.000000
22.000000 209.156031 2.325009 2.297307 0.458591 0.000000 0.000000 0.000000 1.000000 0.000000 0.000000
22.000000 209.163482 2.351713 2.288498 0.443552 0.000000 0.000000 0.000000 1.000000 0.000000 0.000000
22.000000 209.166011 2.297376 2.300302 0.410267 0.000000 0.000000 0.000000 1.000000 0.000000 0.000000
22.000000 209.173441 2.340900 2.283693 0.403100 0.000000 0.000000 0.000000 1.000000 0.000000 0.000000
22.000000 209.176096 2.273492 2.297025 0.375372 0.000000 0.000000 0.000000 1.000000 0.000000 0.000000
22.000000 209.183463 2.246964 2.309890 0.345446 0.000000 0.000000 0.000000 1.000000 0.000000 0.000000
22.000000 209.186171 2.186476 2.322483 0.317423 0.000000 0.000000 0.000000 1.000000 0.000000 0.000000
22.000000 209.193433 2.250726 2.298274 0.310023 0.000000 0.000000 0.000000 1.000000 0.000000 0.000000
22.000000 209.196023 2.182828 2.312241 0.278815 0.000000 0.000000 0.000000 1.000000 0.000000 0.000000
22.000000 209.203428 2.158210 2.323444 0.259475 0.000000 0.000000 0.000000 1.000000 0.000000 0.000000
22.000000 209.206187 2.127698 2.330127 0.236068 0.000000 0.000000 0.000000 1.000000 0.000000 0.000000
22.000000 209.213444 2.177945 2.311906 0.221166 0.000000 0.000000 0.000000 1.000000 0.000000 0.000000
22.000000 209.216162 2.118536 2.324403 0.187640 0.000000 0.000000 0.000000 1.000000 0.000000 0.000000
22.000000 209.223477 2.173273 2.303633 0.179393 0.000000 0.000000 0.000000 1.000000 0.000000 0.000000
22.000000 209.226126 2.108877 2.316512 0.149489 0.000000 0.000000 0.000000 1.000000 0.000000 0.000000
22.000000 209.233479 2.112363 2.316794 0.127915 0.000000 0.000000 0.000000 1.000000 0.000000 0.000000
22.000000 209.236181 2.030976 2.333099 0.090705 0.000000 0.000000 0.000000 1.000000 0.000000 0.000000
22.000000 209.243480 2.089318 2.311719 0.074267 0.000000 0.000000 0.000000 1.000000 0.000000 0.000000
22.000000 209.246165 2.007640 2.328265 0.034067 0.000000 0.000000 0.000000 1.000000 0.000000 0.000000
22.000000 209.253541 2.070000 2.304789 0.022463 0.000000 0.000000 0.000000 1.000000 0.000000 0.000000
22.000000 209.256406 1.991003 2.320453 -0.014745 0.000000 0.000000 0.000000 1.000000 0.000000 0.000000
22.000000 209.263492 1.968423 2.329883 -0.028383 0.000000 0.000000 0.000000 1.000000 0.000000 0.000000
22.000000 209.266042 1.904595 2.341403 -0.032453 0.000000 0.000000 0.000000 1.000000 0.000000 0.000000
22.000000 209.273603 1.959087 2.318775 -0.004690 0.000000 0.000000 0.000000 1.000000 0.000000 0.000000
22.000000 209.276376 1.932431 2.322896 0.014699 0.000000 0.000000 0.000000 1.000000 0.000000 0.000000
22.000000 209.283608 1.885021 2.340656 0.030362 0.000000 0.000000 0.000000 1.000000 0.000000 0.000000
22.000000 209.286006 1.822400 2.351645 0.041190 0.000000 0.000000 0.000000 1.000000 0.000000 0.000000
22.000000 209.293676 1.843998 2.342203 0.068992 0.000000 0.000000 0.000000 1.000000 0.000000 0.000000
22.000000 209.296344 1.831857 2.343997 0.090106 0.000000 0.000000 0.000000 1.000000 0.000000 0.000000
22.000000 209.303469 1.839313 2.340387 0.106593 0.000000 0.000000 0.000000 1.000000 0.000000 0.000000
22.000000 209.306025 1.817513 2.343986 0.118768 0.000000 0.000000 0.000000 1.000000 0.000000 0.000000
22.000000 209.313438 1.815927 2.344046 0.141310 0.000000 0.000000 0.000000 1.000000 0.000000 0.000000
22.000000 209.316403 1.771056 2.352041 0.155203 0.000000 0.000000 0.000000 1.000000 0.000000 0.000000
22.000000 209.323581 1.778036 2.348859 0.174546 0.000000 0.000000 0.000000 1.000000 0.000000 0.000000
22.000000 209.326087 1.722163 2.358953 0.182476 0.000000 0.000000 0.000000 1.000000 0.000000 0.000000
22.000000 209.333670 1.756798 2.344893 0.199761 0.000000 0.000000 0.000000 1.000000 0.000000 0.000000
22.000000 209.353621 1.662030 2.349047 0.255596 0.000000 0.000000 0.000000 1.000000 0.000000 0.000000
22.000000 209.356078 1.610205 2.358215 0.259589 0.000000 0.000000 0.000000 1.000000 0.000000 0.000000
22.000000 209.363652 1.617966 2.354608 0.276305 0.000000 0.000000 0.000000 1.000000 0.000000 0.000000
22.000000 209.366134 1.576461 2.361924 0.283885 0.000000 0.000000 0.000000 1.000000 0.000000 0.000000
22.000000 209.373514 1.571350 2.363633 0.304551 0.000000 0.000000 0.000000 1.000000 0.000000 0.000000
22.000000 209.386178 1.501978 2.367518 0.339072 0.000000 0.000000 0.000000 1.000000 0.000000 0.000000
22.000000 209.393511 1.474617 2.377995 0.344255 0.000000 0.000000 0.000000 1.000000 0.000000 0.000000
22.000000 209.396346 1.427324 2.386187 0.352811 0.000000 0.000000 0.000000 1.000000 0.000000 0.000000
22.000000 209.403512 1.472058 2.367847 0.377714 0.000000 0.000000 0.000000 1.000000 0.000000 0.000000
22.000000 209.406085 1.555877 2.352368 0.398036 0.000000 0.000000 0.000000 1.000000 0.000000 0.000000
22.000000 209.413674 1.578571 2.343317 0.416730 0.000000 0.000000 0.000000 1.000000 0.000000 0.000000
22.000000 209.416047 1.378416 2.379571 0.411094 0.000000 0.000000 0.000000 1.000000 0.000000 0.000000
22.000000 209.423687 1.364412 2.384727 0.418244 0.000000 0.000000 0.000000 1.000000 0.000000 0.000000
22.000000 209.426173 1.340988 2.388714 0.425230 0.000000 0.000000 0.000000 1.000000 0.000000 0.000000
22.000000 209.433692 1.390724 2.368689 0.447102 0.000000 0.000000 0.000000 1.000000 0.000000 0.000000
22.000000 209.436357 1.303463 2.384297 0.448725 0.000000 0.000000 0.000000 1.000000 0.000000 0.000000
22.000000 209.443629 1.281181 2.392731 0.454444 0.000000 0.000000 0.000000 1.000000 0.000000 0.000000
22.000000 209.446179 1.280616 2.392485 0.466466 0.000000 0.000000 0.000000 1.000000 0.000000 0.000000
22.000000 209.453550 1.331864 2.371910 0.485265 0.000000 0.000000 0.000000 1.000000 0.000000 0.000000
22.000000 209.456152 1.262990 2.384352 0.480398 0.000000 0.000000 0.000000 1.000000 0.000000 0.000000
22.000000 209.463632 1.272832 2.380298 0.493739 0.000000 0.000000 0.000000 1.000000 0.000000 0.000000
22.000000 209.466158 1.218336 2.389868 0.503656 0.000000 0.000000 0.000000 1.000000 0.000000 0.000000
22.000000 209.473732 1.234012 2.383341 0.522683 0.000000 0.000000 0.000000 1.000000 0.000000 0.000000
22.000000 209.476104 1.210354 2.387438 0.532063 0.000000 0.000000 0.000000 1.000000 0.000000 0.000000
22.000000 209.483576 1.222690 2.382424 0.543610 0.000000 0.000000 0.000000 1.000000 0.000000 0.000000
22.000000 209.486156 1.136581 2.397891 0.542377 0.000000 0.000000 0.000000 1.000000 0.000000 0.000000
22.000000 209.493865 1.145426 2.394270 0.550590 0.000000 0.000000 0.000000 1.000000 0.000000 0.000000
22.000000 209.496187 1.087858 2.404598 0.549413 0.000000 0.000000 0.000000 1.000000 0.000000 0.000000
22.000000 209.503584 1.103752 2.398218 0.563920 0.000000 0.000000 0.000000 1.000000 0.000000 0.000000
22.000000 209.506121 1.055794 2.406792 0.566909 0.000000 0.000000 0.000000 1.000000 0.000000 0.000000
22.000000 209.513608 1.066657 2.402477 0.573527 0.000000 0.000000 0.000000 1.000000 0.000000 0.000000
22.000000 209.516194 1.017769 2.411164 0.576474 0.000000 0.000000 0.000000 1.000000 0.000000 0.000000
22.000000 209.523731 1.069237 2.390945 0.590713 0.000000 0.000000 0.000000 1.000000 0.000000 0.000000
22.000000 209.526158 1.036334 2.396817 0.590975 0.000000 0.000000 0.000000 1.000000 0.000000 0.000000
22.000000 209.533577 1.043238 2.394019 0.599191 0.000000 0.000000 0.000000 1.000000 0.000000 0.000000
22.000000 209.536121 0.982764 2.404746 0.602597 0.000000 0.000000 0.000000 1.000000 0.000000 0.000000
22.000000 209.543608 0.964319 2.411744 0.607260 0.000000 0.000000 0.000000 1.000000 0.000000 0.000000
22.000000 209.546220 0.905201 2.422349 0.604657 0.000000 0.000000 0.000000 1.000000 0.000000 0.000000
22.000000 209.553688 0.926695 2.413887 0.612567 0.000000 0.000000 0.000000 1.000000 0.000000 0.000000
22.000000 209.556297 0.870099 2.424001 0.611301 0.000000 0.000000 0.000000 1.000000 0.000000 0.000000
22.000000 209.563614 0.920708 2.404208 0.625106 0.000000 0.000000 0.000000 1.000000 0.000000 0.000000
22.000000 209.566185 0.883355 2.410699 0.631685 0.000000 0.000000 0.000000 1.000000 0.000000 0.000000
22.000000 209.573607 0.814812 2.437003 0.633111 0.000000 0.000000 0.000000 1.000000 0.000000 0.000000
22.000000 209.576356 0.762856 2.446391 0.627594 0.000000 0.000000 0.000000 1.000000 0.000000 0.000000
22.000000 209.583740 0.849600 2.412719 0.644899 0.000000 0.000000 0.000000 1.000000 0.000000 0.000000
22.000000 209.586197 0.853905 2.411888 0.648674 0.000000 0.000000 0.000000 1.000000 0.000000 0.000000
22.000000 209.593893 0.901996 2.393318 0.650998 0.000000 0.000000 0.000000 1.000000 0.000000 0.000000
22.000000 209.596347 0.793212 2.412770 0.643343 0.000000 0.000000 0.000000 1.000000 0.000000 0.000000
22.000000 209.603784 0.772864 2.420388 0.652642 0.000000 0.000000 0.000000 1.000000 0.000000 0.000000
22.000000 209.606224 0.747125 2.424931 0.654427 0.000000 0.000000 0.000000 1.000000 0.000000 0.000000
22.000000 209.613940 0.765239 2.417887 0.659479 0.000000 0.000000 0.000000 1.000000 0.000000 0.000000
22.000000 209.616397 0.718835 2.426210 0.655442 0.000000 0.000000 0.000000 1.000000 0.000000 0.000000
22.000000 209.623717 0.771438 2.405919 0.661197 0.000000 0.000000 0.000000 1.000000 0.000000 0.000000
22.000000 209.626363 0.515891 2.451743 0.633850 0.000000 0.000000 0.000000 1.000000 0.000000 0.000000
22.000000 209.633662 0.488486 2.462251 0.631142 0.000000 0.000000 0.000000 1.000000 0.000000 0.000000
22.000000 209.636430 0.646948 2.433657 0.654817 0.000000 0.000000 0.000000 1.000000 0.000000 0.000000
22.000000 209.643682 0.668380 2.425475 0.655394 0.000000 0.000000 0.000000 1.000000 0.000000 0.000000
22.000000 209.646378 0.386582 2.476186 0.618524 0.000000 0.000000 0.000000 1.000000 0.000000 0.000000
22.000000 209.653600 0.383763 2.476988 0.629700 0.000000 0.000000 0.000000 1.000000 0.000000 0.000000
22.000000 209.656325 0.490205 2.458197 0.629091 0.000000 0.000000 0.000000 1.000000 0.000000 0.000000
22.000000 209.663672 0.491211 2.457818 0.627398 0.000000 0.000000 0.000000 1.000000 0.000000 0.000000
22.000000 209.666259 0.332890 2.485911 0.622761 0.000000 0.000000 0.000000 1.000000 0.000000 0.000000
22.000000 209.673637 0.414096 2.454676 0.640249 0.000000 0.000000 0.000000 1.000000 0.000000 0.000000
22.000000 209.676193 0.520047 2.435682 0.653541 0.000000 0.000000 0.000000 1.000000 0.000000 0.000000
22.000000 209.683689 0.508212 2.440174 0.657063 0.000000 0.000000 0.000000 1.000000 0.000000 0.000000
22.000000 209.686363 0.252845 2.485996 0.625421 0.000000 0.000000 0.000000 1.000000 0.000000 0.000000
22.000000 209.693695 0.245336 2.488951 0.619586 0.000000 0.000000 0.000000 1.000000 0.000000 0.000000
22.000000 209.696421 0.192565 2.498450 0.611820 0.000000 0.000000 0.000000 1.000000 0.000000 0.000000
22.000000 209.703635 0.214469 2.490193 0.609702 0.000000 0.000000 0.000000 1.000000 0.000000 0.000000
22.000000 209.706329 0.368508 2.462718 0.624027 0.000000 0.000000 0.000000 1.000000 0.000000 0.000000
22.000000 209.713642 0.396415 2.452196 0.619411 0.000000 0.000000 0.000000 1.000000 0.000000 0.000000
22.000000 209.716604 0.349914 2.460560 0.611684 0.000000 0.000000 0.000000 1.000000 0.000000 0.000000
22.000000 209.723663 0.369342 2.453184 0.611812 0.000000 0.000000 0.000000 1.000000 0.000000 0.000000
22.000000 209.726390 0.315343 2.462872 0.603604 0.000000 0.000000 0.000000 1.000000 0.000000 0.000000
22.000000 209.733736 0.342689 2.452485 0.604567 0.000000 0.000000 0.000000 1.000000 0.000000 0.000000
22.000000 209.736181 0.301124 2.460039 0.593433 0.000000 0.000000 0.000000 1.000000 0.000000 0.000000
22.000000 209.743698 0.291343 2.463938 0.584961 0.000000 0.000000 0.000000 1.000000 0.000000 0.000000
22.000000 209.746262 0.234752 2.474030 0.579371 0.000000 0.000000 0.000000 1.000000 0.000000 0.000000
22.000000 209.754093 0.244631 2.470225 0.582202 0.000000 0.000000 0.000000 1.000000 0.000000 0.000000
22.000000 209.756402 0.176263 2.482906 0.555881 0.000000 0.000000 0.000000 1.000000 0.000000 0.000000
22.000000 209.763820 0.211473 2.469521 0.559527 0.000000 0.000000 0.000000 1.000000 0.000000 0.000000
22.000000 209.766300 0.171875 2.476492 0.557508 0.000000 0.000000 0.000000 1.000000 0.000000 0.000000
22.000000 209.773761 0.167408 2.478145 0.559123 0.000000 0.000000 0.000000 1.000000 0.000000 0.000000
22.000000 209.776500 0.150747 2.481254 0.553404 0.000000 0.000000 0.000000 1.000000 0.000000 0.000000
22.000000 209.783791 0.202931 2.461788 0.542796 0.000000 0.000000 0.000000 1.000000 0.000000 0.000000
22.000000 209.786416 0.115599 2.477448 0.526437 0.000000 0.000000 0.000000 1.000000 0.000000 0.000000
22.000000 209.793901 0.153954 2.462943 0.528589 0.000000 0.000000 0.000000 1.000000 0.000000 0.000000
22.000000 209.796412 0.083208 2.475710 0.511758 0.000000 0.000000 0.000000 1.000000 0.000000 0.000000
22.000000 209.803819 0.080842 2.476733 0.506098 0.000000 0.000000 0.000000 1.000000 0.000000 0.000000
22.000000 209.806379 0.046083 2.482909 0.501991 0.000000 0.000000 0.000000 1.000000 0.000000 0.000000
22.000000 209.813861 0.078120 2.470902 0.499917 0.000000 0.000000 0.000000 1.000000 0.000000 0.000000
22.000000 209.816384 0.026206 2.480467 0.477813 0.000000 0.000000 0.000000 1.000000 0.000000 0.000000
22.000000 209.823781 0.025720 2.480836 0.470184 0.000000 0.000000 0.000000 1.000000 0.000000 0.000000
22.000000 209.826253 0.032862 2.479809 0.462581 0.000000 0.000000 0.000000 1.000000 0.000000 0.000000
22.000000 209.833876 0.039803 2.477324 0.457772 0.000000 0.000000 0.000000 1.000000 0.000000 0.000000
22.000000 209.836357 -0.072753 2.497504 0.437225 0.000000 0.000000 0.000000 1.000000 0.000000 0.000000
22.000000 209.843820 -0.033735 2.482920 0.436000 0.000000 0.000000 0.000000 1.000000 0.000000 0.000000
22.000000 209.846287 -0.091765 2.493614 0.416915 0.000000 0.000000 0.000000 1.000000 0.000000 0.000000
22.000000 209.853770 -0.090273 2.493398 0.404737 0.000000 0.000000 0.000000 1.000000 0.000000 0.000000
22.000000 209.856356 -0.117572 2.498546 0.391246 0.000000 0.000000 0.000000 1.000000 0.000000 0.000000
22.000000 209.863833 -0.075866 2.483079 0.386531 0.000000 0.000000 0.000000 1.000000 0.000000 0.000000
22.000000 209.866287 -0.139605 2.494595 0.369801 0.000000 0.000000 0.000000 1.000000 0.000000 0.000000
22.000000 209.873966 -0.122354 2.488329 0.362807 0.000000 0.000000 0.000000 1.000000 0.000000 0.000000
22.000000 209.876456 -0.175535 2.498170 0.341608 0.000000 0.000000 0.000000 1.000000 0.000000 0.000000
22.000000 209.883844 -0.181722 2.500830 0.329687 0.000000 0.000000 0.000000 1.000000 0.000000 0.000000
22.000000 209.886259 -0.249052 2.512990 0.312627 0.000000 0.000000 0.000000 1.000000 0.000000 0.000000
22.000000 209.893757 -0.197349 2.493768 0.311073 0.000000 0.000000 0.000000 1.000000 0.000000 0.000000
22.000000 209.916354 -0.298477 2.504867 0.241288 0.000000 0.000000 0.000000 1.000000 0.000000 0.000000
22.000000 209.923842 -0.316287 2.511989 0.226354 0.000000 0.000000 0.000000 1.000000 0.000000 0.000000
22.000000 209.926300 -0.354685 2.519278 0.208265 0.000000 0.000000 0.000000 1.000000 0.000000 0.000000
22.000000 209.934102 -0.309162 2.502678 0.200620 0.000000 0.000000 0.000000 1.000000 0.000000 0.000000
22.000000 209.936468 -0.391001 2.517473 0.178116 0.000000 0.000000 0.000000 1.000000 0.000000 0.000000
22.000000 209.943837 -0.386753 2.516309 0.163755 0.000000 0.000000 0.000000 1.000000 0.000000 0.000000
22.000000 209.946350 -0.434111 2.525159 0.139659 0.000000 0.000000 0.000000 1.000000 0.000000 0.000000
22.000000 209.954016 -0.425779 2.522377 0.131859 0.000000 0.000000 0.000000 1.000000 0.000000 0.000000
22.000000 209.956470 -0.417889 2.521965 0.114526 0.000000 0.000000 0.000000 1.000000 0.000000 0.000000
22.000000 209.963781 -0.381051 2.508903 0.104491 0.000000 0.000000 0.000000 1.000000 0.000000 0.000000
22.000000 209.966372 -0.523686 2.534610 0.073024 0.000000 0.000000 0.000000 1.000000 0.000000 0.000000
22.000000 209.973868 -0.490132 2.522761 0.060063 0.000000 0.000000 0.000000 1.000000 0.000000 0.000000
22.000000 209.976423 -0.535219 2.531135 0.039821 0.000000 0.000000 0.000000 1.000000 0.000000 0.000000
22.000000 209.983774 -0.509107 2.521816 0.031304 0.000000 0.000000 0.000000 1.000000 0.000000 0.000000
22.000000 209.986318 -0.556631 2.530771 0.008683 0.000000 0.000000 0.000000 1.000000 0.000000 0.000000
22.000000 209.993849 -0.556515 2.531369 -0.009433 0.000000 0.000000 0.000000 1.000000 0.000000 0.000000
22.000000 209.996430 -0.588179 2.537444 -0.031038 0.000000 0.000000 0.000000 1.000000 0.000000 0.000000
22.000000 210.003802 -0.517561 2.511568 -0.032613 0.000000 0.000000 0.000000 1.000000 0.000000 0.000000
22.000000 210.006347 -0.560421 2.519171 -0.042547 0.000000 0.000000 0.000000 1.000000 0.000000 0.000000
22.000000 210.013757 -0.572837 2.523128 -0.030544 0.000000 0.000000 0.000000 1.000000 0.000000 0.000000
22.000000 210.016609 -0.596384 2.526524 -0.019734 0.000000 0.000000 0.000000 1.000000 0.000000 0.000000
22.000000 210.023785 -0.640094 2.541806 -0.007879 0.000000 0.000000 0.000000 1.000000 0.000000 0.000000
22.000000 210.026448 -0.710970 2.553324 -0.004847 0.000000 0.000000 0.000000 1.000000 0.000000 0.000000
22.000000 210.033731 -0.719758 2.555737 0.007296 0.000000 0.000000 0.000000 1.000000 0.000000 0.000000
22.000000 210.036532 -0.740665 2.558210 0.022540 0.000000 0.000000 0.000000 1.000000 0.000000 0.000000
22.000000 210.043745 -0.741338 2.557666 0.037034 0.000000 0.000000 0.000000 1.000000 0.000000 0.000000
22.000000 210.046396 -0.791862 2.565563 0.047110 0.000000 0.000000 0.000000 1.000000 0.000000 0.000000
22.000000 210.053899 -0.763812 2.554260 0.068206 0.000000 0.000000 0.000000 1.000000 0.000000 0.000000
22.000000 210.056671 -0.757308 2.552719 0.074077 0.000000 0.000000 0.000000 1.000000 0.000000 0.000000
22.000000 210.063826 -0.758722 2.552043 0.088724 0.000000 0.000000 0.000000 1.000000 0.000000 0.000000
22.000000 210.066479 -0.838243 2.564049 0.099934 0.000000 0.000000 0.000000 1.000000 0.000000 0.000000
22.000000 210.083964 -0.832068 2.558885 0.134644 0.000000 0.000000 0.000000 1.000000 0.000000 0.000000
22.000000 210.086374 -0.896139 2.569173 0.140245 0.000000 0.000000 0.000000 1.000000 0.000000 0.000000
22.000000 210.093731 -0.887266 2.564856 0.158458 0.000000 0.000000 0.000000 1.000000 0.000000 0.000000
22.000000 210.096583 -0.871768 2.561049 0.174644 0.000000 0.000000 0.000000 1.000000 0.000000 0.000000
22.000000 210.103757 -0.858925 2.555325 0.191097 0.000000 0.000000 0.000000 1.000000 0.000000 0.000000
22.000000 210.116416 -0.980919 2.581940 0.204136 0.000000 0.000000 0.000000 1.000000 0.000000 0.000000
22.000000 210.133911 -0.971530 2.566589 0.234847 0.000000 0.000000 0.000000 1.000000 0.000000 0.000000
22.000000 210.136468 -0.952430 2.562344 0.249435 0.000000 0.000000 0.000000 1.000000 0.000000 0.000000
22.000000 210.144040 -0.936280 2.555824 0.261046 0.000000 0.000000 0.000000 1.000000 0.000000 0.000000
22.000000 210.146399 -1.046195 2.574551 0.252168 0.000000 0.000000 0.000000 1.000000 0.000000 0.000000
22.000000 210.153925 -1.041592 2.572412 0.259344 0.000000 0.000000 0.000000 1.000000 0.000000 0.000000
22.000000 210.156534 -1.056209 2.574392 0.264463 0.000000 0.000000 0.000000 1.000000 0.000000 0.000000
22.000000 210.163872 -1.069094 2.578270 0.274334 0.000000 0.000000 0.000000 1.000000 0.000000 0.000000
22.000000 210.166457 -1.126950 2.587136 0.280848 0.000000 0.000000 0.000000 1.000000 0.000000 0.000000
22.000000 210.174075 -1.110103 2.580225 0.293753 0.000000 0.000000 0.000000 1.000000 0.000000 0.000000
22.000000 210.176529 -1.130126 2.583240 0.296279 0.000000 0.000000 0.000000 1.000000 0.000000 0.000000
22.000000 210.183922 -1.131061 2.583194 0.301271 0.000000 0.000000 0.000000 1.000000 0.000000 0.000000
22.000000 210.196523 -1.162860 2.579558 0.322011 0.000000 0.000000 0.000000 1.000000 0.000000 0.000000
22.000000 210.203948 -1.145419 2.572812 0.330682 0.000000 0.000000 0.000000 1.000000 0.000000 0.000000
22.000000 210.206480 -1.173300 2.577636 0.327341 0.000000 0.000000 0.000000 1.000000 0.000000 0.000000
22.000000 210.214082 -1.174889 2.577787 0.333076 0.000000 0.000000 0.000000 1.000000 0.000000 0.000000
22.000000 210.216614 -1.246203 2.589374 0.333867 0.000000 0.000000 0.000000 1.000000 0.000000 0.000000
22.000000 210.224003 -1.241759 2.587378 0.340490 0.000000 0.000000 0.000000 1.000000 0.000000 0.000000
22.000000 210.226430 -1.269640 2.591805 0.342533 0.000000 0.000000 0.000000 1.000000 0.000000 0.000000
22.000000 210.233958 -1.274161 2.593107 0.347634 0.000000 0.000000 0.000000 1.000000 0.000000 0.000000
22.000000 210.236547 -1.297714 2.596953 0.347666 0.000000 0.000000 0.000000 1.000000 0.000000 0.000000
22.000000 210.244003 -1.305292 2.599556 0.349258 0.000000 0.000000 0.000000 1.000000 0.000000 0.000000
22.000000 210.246580 -1.341317 2.605300 0.352021 0.000000 0.000000 0.000000 1.000000 0.000000 0.000000
22.000000 210.254119 -1.321685 2.597781 0.360515 0.000000 0.000000 0.000000 1.000000 0.000000 0.000000
22.000000 210.256590 -1.310725 2.595977 0.360718 0.000000 0.000000 0.000000 1.000000 0.000000 0.000000
22.000000 210.263999 -1.297326 2.590464 0.369868 0.000000 0.000000 0.000000 1.000000 0.000000 0.000000
22.000000 210.266388 -1.409635 2.609598 0.358704 0.000000 0.000000 0.000000 1.000000 0.000000 0.000000
22.000000 210.274030 -1.403853 2.607432 0.360089 0.000000 0.000000 0.000000 1.000000 0.000000 0.000000
22.000000 210.276619 -1.433996 2.612426 0.358546 0.000000 0.000000 0.000000 1.000000 0.000000 0.000000
22.000000 210.283951 -1.402752 2.600976 0.363192 0.000000 0.000000 0.000000 1.000000 0.000000 0.000000
22.000000 210.286672 -1.450912 2.609166 0.358645 0.000000 0.000000 0.000000 1.000000 0.000000 0.000000
22.000000 210.294083 -1.458373 2.611453 0.362758 0.000000 0.000000 0.000000 1.000000 0.000000 0.000000
22.000000 210.296507 -1.499659 2.618199 0.361339 0.000000 0.000000 0.000000 1.000000 0.000000 0.000000
22.000000 210.303933 -1.485241 2.612581 0.367329 0.000000 0.000000 0.000000 1.000000 0.000000 0.000000
22.000000 210.306450 -1.468902 2.610274 0.365221 0.000000 0.000000 0.000000 1.000000 0.000000 0.000000
22.000000 210.313984 -1.460680 2.607570 0.363508 0.000000 0.000000 0.000000 1.000000 0.000000 0.000000
22.000000 210.316569 -1.566702 2.625388 0.354819 0.000000 0.000000 0.000000 1.000000 0.000000 0.000000
22.000000 210.323955 -1.550375 2.619371 0.357827 0.000000 0.000000 0.000000 1.000000 0.000000 0.000000
22.000000 210.326599 -1.593781 2.626920 0.351901 0.000000 0.000000 0.000000 1.000000 0.000000 0.000000
22.000000 210.334121 -1.563690 2.615953 0.356111 0.000000 0.000000 0.000000 1.000000 0.000000 0.000000
22.000000 210.336601 -1.607910 2.623375 0.352618 0.000000 0.000000 0.000000 1.000000 0.000000 0.000000
22.000000 210.344063 -1.615802 2.626414 0.349390 0.000000 0.000000 0.000000 1.000000 0.000000 0.000000
22.000000 210.346494 -1.672045 2.636197 0.341512 0.000000 0.000000 0.000000 1.000000 0.000000 0.000000
22.000000 210.354195 -1.654597 2.629865 0.343738 0.000000 0.000000 0.000000 1.000000 0.000000 0.000000
22.000000 210.356659 -1.643516 2.629146 0.334553 0.000000 0.000000 0.000000 1.000000 0.000000 0.000000
22.000000 210.364078 -1.696045 2.648337 0.326624 0.000000 0.000000 0.000000 1.000000 0.000000 0.000000
22.000000 210.366674 -1.738158 2.654534 0.331152 0.000000 0.000000 0.000000 1.000000 0.000000 0.000000
22.000000 210.374171 -1.657530 2.625652 0.335603 0.000000 0.000000 0.000000 1.000000 0.000000 0.000000
22.000000 210.376538 -1.722320 2.637160 0.322649 0.000000 0.000000 0.000000 1.000000 0.000000 0.000000
22.000000 210.384034 -1.682824 2.622822 0.328077 0.000000 0.000000 0.000000 1.000000 0.000000 0.000000
22.000000 210.386528 -1.740626 2.632892 0.319381 0.000000 0.000000 0.000000 1.000000 0.000000 0.000000
22.000000 210.394207 -1.731337 2.629628 0.319177 0.000000 0.000000 0.000000 1.000000 0.000000 0.000000
22.000000 210.396586 -1.768509 2.636544 0.308814 0.000000 0.000000 0.000000 1.000000 0.000000 0.000000
22.000000 210.404120 -1.749739 2.629889 0.309641 0.000000 0.000000 0.000000 1.000000 0.000000 0.000000
22.000000 210.406603 -1.669828 2.616180 0.319385 0.000000 0.000000 0.000000 1.000000 0.000000 0.000000
22.000000 210.414209 -1.643534 2.607255 0.313672 0.000000 0.000000 0.000000 1.000000 0.000000 0.000000
22.000000 210.416522 -1.800051 2.634813 0.285144 0.000000 0.000000 0.000000 1.000000 0.000000 0.000000
22.000000 210.424130 -1.807416 2.637602 0.282517 0.000000 0.000000 0.000000 1.000000 0.000000 0.000000
22.000000 210.426539 -1.845952 2.644897 0.270893 0.000000 0.000000 0.000000 1.000000 0.000000 0.000000
22.000000 210.434109 -1.827192 2.638725 0.266136 0.000000 0.000000 0.000000 1.000000 0.000000 0.000000
22.000000 210.436676 -1.907106 2.652636 0.253868 0.000000 0.000000 0.000000 1.000000 0.000000 0.000000
22.000000 210.444135 -1.887115 2.645887 0.248977 0.000000 0.000000 0.000000 1.000000 0.000000 0.000000
22.000000 210.446679 -1.905941 2.649886 0.236470 0.000000 0.000000 0.000000 1.000000 0.000000 0.000000
22.000000 210.454163 -1.903677 2.649381 0.232743 0.000000 0.000000 0.000000 1.000000 0.000000 0.000000
22.000000 210.456689 -1.958911 2.659724 0.216949 0.000000 0.000000 0.000000 1.000000 0.000000 0.000000
22.000000 210.464021 -1.930540 2.650100 0.213912 0.000000 0.000000 0.000000 1.000000 0.000000 0.000000
22.000000 210.466682 -1.974564 2.658211 0.202564 0.000000 0.000000 0.000000 1.000000 0.000000 0.000000
22.000000 210.474141 -1.911123 2.636035 0.202351 0.000000 0.000000 0.000000 1.000000 0.000000 0.000000
22.000000 210.476720 -1.983374 2.648922 0.186840 0.000000 0.000000 0.000000 1.000000 0.000000 0.000000
22.000000 210.484121 -2.002833 2.656274 0.179591 0.000000 0.000000 0.000000 1.000000 0.000000 0.000000
22.000000 210.486498 -2.072049 2.668916 0.162209 0.000000 0.000000 0.000000 1.000000 0.000000 0.000000
22.000000 210.494146 -2.049562 2.661708 0.153230 0.000000 0.000000 0.000000 1.000000 0.000000 0.000000
22.000000 210.496706 -2.033574 2.659525 0.147547 0.000000 0.000000 0.000000 1.000000 0.000000 0.000000
22.000000 210.504052 -2.024128 2.656362 0.145602 0.000000 0.000000 0.000000 1.000000 0.000000 0.000000
22.000000 210.526648 -2.147277 2.671051 0.080008 0.000000 0.000000 0.000000 1.000000 0.000000 0.000000
22.000000 210.534127 -2.131089 2.665917 0.072268 0.000000 0.000000 0.000000 1.000000 0.000000 0.000000
22.000000 210.536712 -2.167257 2.672993 0.055960 0.000000 0.000000 0.000000 1.000000 0.000000 0.000000
22.000000 210.544054 -2.160917 2.671611 0.042826 0.000000 0.000000 0.000000 1.000000 0.000000 0.000000
22.000000 210.556625 -2.184567 2.669370 -0.010001 0.000000 0.000000 0.000000 1.000000 0.000000 0.000000
22.000000 210.564061 -2.216399 2.681972 -0.023238 0.000000 0.000000 0.000000 1.000000 0.000000 0.000000
22.000000 210.566627 -2.276465 2.691941 -0.028974 0.000000 0.000000 0.000000 1.000000 0.000000 0.000000
