9.000000 111.937885 23.446943 -0.202504 0.222442 0.000000 0.000000 0.000000 1.000000 0.000000 0.000000
9.000000 111.946918 23.391391 -0.219748 0.286879 0.000000 0.000000 0.000000 1.000000 0.000000 0.000000
9.000000 111.947984 23.365257 -0.212047 0.334240 0.000000 0.000000 0.000000 1.000000 0.000000 0.000000
9.000000 111.951046 23.281444 -0.236663 0.368506 0.000000 0.000000 0.000000 1.000000 0.000000 0.000000
9.000000 111.956903 23.413216 -0.237300 0.375536 0.000000 0.000000 0.000000 1.000000 0.000000 0.000000
9.000000 111.957882 23.318026 -0.213769 0.380540 0.000000 0.000000 0.000000 1.000000 0.000000 0.000000
9.000000 111.961080 23.200537 -0.247961 0.398827 0.000000 0.000000 0.000000 1.000000 0.000000 0.000000
9.000000 111.966973 23.302768 -0.248821 0.420155 0.000000 0.000000 0.000000 1.000000 0.000000 0.000000
9.000000 111.968121 23.220569 -0.228413 0.439662 0.000000 0.000000 0.000000 1.000000 0.000000 0.000000
9.000000 111.971195 23.089509 -0.266721 0.478969 0.000000 0.000000 0.000000 1.000000 0.000000 0.000000
9.000000 111.976859 23.222900 -0.268103 0.531781 0.000000 0.000000 0.000000 1.000000 0.000000 0.000000
9.000000 111.977955 23.087831 -0.234285 0.579574 0.000000 0.000000 0.000000 1.000000 0.000000 0.000000
9.000000 111.981084 22.928161 -0.281179 0.621188 0.000000 0.000000 0.000000 1.000000 0.000000 0.000000
9.000000 111.986965 23.010216 -0.281810 0.666583 0.000000 0.000000 0.000000 1.000000 0.000000 0.000000
9.000000 111.988128 22.883787 -0.250020 0.688608 0.000000 0.000000 0.000000 1.000000 0.000000 0.000000
9.000000 111.991053 22.731907 -0.294724 0.699797 0.000000 0.000000 0.000000 1.000000 0.000000 0.000000
9.000000 111.996895 22.876283 -0.296509 0.721499 0.000000 0.000000 0.000000 1.000000 0.000000 0.000000
9.000000 111.997976 22.749969 -0.264387 0.753280 0.000000 0.000000 0.000000 1.000000 0.000000 0.000000
9.000000 112.001108 22.619170 -0.303018 0.778561 0.000000 0.000000 0.000000 1.000000 0.000000 0.000000
9.000000 112.006969 22.815118 -0.305181 0.806362 0.000000 0.000000 0.000000 1.000000 0.000000 0.000000
9.000000 112.007927 22.610839 -0.252806 0.848795 0.000000 0.000000 0.000000 1.000000 0.000000 0.000000
9.000000 112.011042 22.438132 -0.304209 0.877479 0.000000 0.000000 0.000000 1.000000 0.000000 0.000000
9.000000 112.016899 22.644193 -0.306235 0.895979 0.000000 0.000000 0.000000 1.000000 0.000000 0.000000
9.000000 112.017874 22.500505 -0.269394 0.915140 0.000000 0.000000 0.000000 1.000000 0.000000 0.000000
9.000000 112.021201 22.342174 -0.316484 0.937605 0.000000 0.000000 0.000000 1.000000 0.000000 0.000000
9.000000 112.024464 22.110190 -0.305243 0.996638 0.000000 0.000000 0.000000 1.000000 0.000000 0.000000
9.000000 112.027003 22.189558 -0.267913 1.040205 0.000000 0.000000 0.000000 1.000000 0.000000 0.000000
9.000000 112.028121 22.379672 -0.265044 1.003554 0.000000 0.000000 0.000000 1.000000 0.000000 0.000000
9.000000 112.031067 22.214168 -0.314613 1.034306 0.000000 0.000000 0.000000 1.000000 0.000000 0.000000
9.000000 112.034373 22.049330 -0.307663 1.083386 0.000000 0.000000 0.000000 1.000000 0.000000 0.000000
9.000000 112.036865 22.103403 -0.275734 1.111795 0.000000 0.000000 0.000000 1.000000 0.000000 0.000000
9.000000 112.038013 22.255475 -0.272969 1.079215 0.000000 0.000000 0.000000 1.000000 0.000000 0.000000
9.000000 112.041117 22.095989 -0.320948 1.100633 0.000000 0.000000 0.000000 1.000000 0.000000 0.000000
9.000000 112.044318 21.928864 -0.310238 1.143980 0.000000 0.000000 0.000000 1.000000 0.000000 0.000000
9.000000 112.046919 21.993371 -0.295337 1.177838 0.000000 0.000000 0.000000 1.000000 0.000000 0.000000
9.000000 112.048019 22.088593 -0.294802 1.154462 0.000000 0.000000 0.000000 1.000000 0.000000 0.000000
9.000000 112.051080 22.012715 -0.317513 1.172545 0.000000 0.000000 0.000000 1.000000 0.000000 0.000000
9.000000 112.054403 21.834536 -0.312408 1.217788 0.000000 0.000000 0.000000 1.000000 0.000000 0.000000
9.000000 112.056937 21.870062 -0.295161 1.234788 0.000000 0.000000 0.000000 1.000000 0.000000 0.000000
9.000000 112.057905 21.955900 -0.293315 1.220771 0.000000 0.000000 0.000000 1.000000 0.000000 0.000000
9.000000 112.061092 21.828800 -0.331857 1.257642 0.000000 0.000000 0.000000 1.000000 0.000000 0.000000
9.000000 112.064416 21.758265 -0.329892 1.291591 0.000000 0.000000 0.000000 1.000000 0.000000 0.000000
9.000000 112.067130 21.826856 -0.310833 1.320325 0.000000 0.000000 0.000000 1.000000 0.000000 0.000000
9.000000 112.067976 21.880097 -0.286611 1.305947 0.000000 0.000000 0.000000 1.000000 0.000000 0.000000
9.000000 112.071130 21.757908 -0.323807 1.326521 0.000000 0.000000 0.000000 1.000000 0.000000 0.000000
9.000000 112.074404 21.632725 -0.322576 1.357249 0.000000 0.000000 0.000000 1.000000 0.000000 0.000000
9.000000 112.076935 21.710577 -0.310470 1.387767 0.000000 0.000000 0.000000 1.000000 0.000000 0.000000
9.000000 112.077936 21.766754 -0.290136 1.372073 0.000000 0.000000 0.000000 1.000000 0.000000 0.000000
9.000000 112.081278 21.651829 -0.325206 1.392817 0.000000 0.000000 0.000000 1.000000 0.000000 0.000000
9.000000 112.084363 21.536299 -0.326329 1.422535 0.000000 0.000000 0.000000 1.000000 0.000000 0.000000
9.000000 112.087008 21.625161 -0.322358 1.454630 0.000000 0.000000 0.000000 1.000000 0.000000 0.000000
9.000000 112.088049 21.648802 -0.295865 1.440413 0.000000 0.000000 0.000000 1.000000 0.000000 0.000000
9.000000 112.091115 21.427652 -0.364001 1.462826 0.000000 0.000000 0.000000 1.000000 0.000000 0.000000
9.000000 112.094376 21.444569 -0.350980 1.477244 0.000000 0.000000 0.000000 1.000000 0.000000 0.000000
9.000000 112.097035 21.503425 -0.333036 1.506591 0.000000 0.000000 0.000000 1.000000 0.000000 0.000000
9.000000 112.098013 21.518397 -0.315957 1.491538 0.000000 0.000000 0.000000 1.000000 0.000000 0.000000
9.000000 112.101063 21.426806 -0.343847 1.517340 0.000000 0.000000 0.000000 1.000000 0.000000 0.000000
9.000000 112.104368 21.345600 -0.344657 1.553687 0.000000 0.000000 0.000000 1.000000 0.000000 0.000000
9.000000 112.106997 21.434730 -0.342229 1.583209 0.000000 0.000000 0.000000 1.000000 0.000000 0.000000
9.000000 112.107977 21.413200 -0.305991 1.573886 0.000000 0.000000 0.000000 1.000000 0.000000 0.000000
9.000000 112.111151 21.279846 -0.347183 1.593644 0.000000 0.000000 0.000000 1.000000 0.000000 0.000000
9.000000 112.114381 21.236296 -0.349940 1.613279 0.000000 0.000000 0.000000 1.000000 0.000000 0.000000
9.000000 112.116983 21.343344 -0.354692 1.646851 0.000000 0.000000 0.000000 1.000000 0.000000 0.000000
9.000000 112.117885 21.300099 -0.313435 1.638611 0.000000 0.000000 0.000000 1.000000 0.000000 0.000000
9.000000 112.121282 21.191297 -0.347055 1.656158 0.000000 0.000000 0.000000 1.000000 0.000000 0.000000
9.000000 112.124424 21.141478 -0.352585 1.676533 0.000000 0.000000 0.000000 1.000000 0.000000 0.000000
9.000000 112.127031 21.248444 -0.364465 1.706923 0.000000 0.000000 0.000000 1.000000 0.000000 0.000000
9.000000 112.127995 21.178238 -0.320064 1.700984 0.000000 0.000000 0.000000 1.000000 0.000000 0.000000
9.000000 112.131127 21.007094 -0.373499 1.716515 0.000000 0.000000 0.000000 1.000000 0.000000 0.000000
9.000000 112.134528 21.037525 -0.368786 1.726478 0.000000 0.000000 0.000000 1.000000 0.000000 0.000000
9.000000 112.136985 21.166004 -0.375128 1.769664 0.000000 0.000000 0.000000 1.000000 0.000000 0.000000
9.000000 112.137920 21.067590 -0.323501 1.766050 0.000000 0.000000 0.000000 1.000000 0.000000 0.000000
9.000000 112.141212 20.962907 -0.356116 1.779104 0.000000 0.000000 0.000000 1.000000 0.000000 0.000000
9.000000 112.144321 20.938562 -0.363562 1.792673 0.000000 0.000000 0.000000 1.000000 0.000000 0.000000
9.000000 112.147068 21.055496 -0.387514 1.822756 0.000000 0.000000 0.000000 1.000000 0.000000 0.000000
9.000000 112.147977 20.926293 -0.334543 1.826965 0.000000 0.000000 0.000000 1.000000 0.000000 0.000000
9.000000 112.151095 20.852143 -0.357722 1.837499 0.000000 0.000000 0.000000 1.000000 0.000000 0.000000
9.000000 112.154431 20.816140 -0.365770 1.848031 0.000000 0.000000 0.000000 1.000000 0.000000 0.000000
9.000000 112.156910 20.945804 -0.393837 1.879974 0.000000 0.000000 0.000000 1.000000 0.000000 0.000000
9.000000 112.157904 20.815426 -0.340713 1.884876 0.000000 0.000000 0.000000 1.000000 0.000000 0.000000
9.000000 112.161129 20.739869 -0.364437 1.895577 0.000000 0.000000 0.000000 1.000000 0.000000 0.000000
9.000000 112.164476 20.729373 -0.373536 1.902001 0.000000 0.000000 0.000000 1.000000 0.000000 0.000000
9.000000 112.167050 20.892497 -0.409048 1.941589 0.000000 0.000000 0.000000 1.000000 0.000000 0.000000
9.000000 112.167978 20.713535 -0.340238 1.946294 0.000000 0.000000 0.000000 1.000000 0.000000 0.000000
9.000000 112.171163 20.630618 -0.366368 1.953710 0.000000 0.000000 0.000000 1.000000 0.000000 0.000000
9.000000 112.174434 20.618348 -0.377145 1.960130 0.000000 0.000000 0.000000 1.000000 0.000000 0.000000
9.000000 112.176875 20.789283 -0.416028 1.998741 0.000000 0.000000 0.000000 1.000000 0.000000 0.000000
9.000000 112.177942 20.615415 -0.348600 1.997145 0.000000 0.000000 0.000000 1.000000 0.000000 0.000000
9.000000 112.178818 20.327380 -0.423816 1.989260 0.000000 0.000000 0.000000 1.000000 0.000000 0.000000
9.000000 112.181193 20.399677 -0.357805 2.014845 0.000000 0.000000 0.000000 1.000000 0.000000 0.000000
9.000000 112.184347 20.537327 -0.384341 2.014205 0.000000 0.000000 0.000000 1.000000 0.000000 0.000000
9.000000 112.187251 20.684069 -0.425716 2.043466 0.000000 0.000000 0.000000 1.000000 0.000000 0.000000
9.000000 112.187914 20.404829 -0.327222 2.083770 0.000000 0.000000 0.000000 1.000000 0.000000 0.000000
9.000000 112.188052 20.442928 -0.362124 2.073370 0.000000 0.000000 0.000000 1.000000 0.000000 0.000000
9.000000 112.189024 20.228701 -0.422660 2.044580 0.000000 0.000000 0.000000 1.000000 0.000000 0.000000
9.000000 112.191110 20.292911 -0.363403 2.068116 0.000000 0.000000 0.000000 1.000000 0.000000 0.000000
9.000000 112.194403 20.431275 -0.390678 2.069286 0.000000 0.000000 0.000000 1.000000 0.000000 0.000000
9.000000 112.197016 20.563031 -0.427534 2.092880 0.000000 0.000000 0.000000 1.000000 0.000000 0.000000
9.000000 112.197930 20.380261 -0.363431 2.103147 0.000000 0.000000 0.000000 1.000000 0.000000 0.000000
9.000000 112.198042 20.329928 -0.370434 2.131486 0.000000 0.000000 0.000000 1.000000 0.000000 0.000000
9.000000 112.198891 20.259036 -0.294178 2.129503 0.000000 0.000000 0.000000 1.000000 0.000000 0.000000
9.000000 112.201133 20.178597 -0.371720 2.117234 0.000000 0.000000 0.000000 1.000000 0.000000 0.000000
9.000000 112.204426 20.331801 -0.393588 2.120468 0.000000 0.000000 0.000000 1.000000 0.000000 0.000000
9.000000 112.207368 20.497833 -0.439523 2.155909 0.000000 0.000000 0.000000 1.000000 0.000000 0.000000
9.000000 112.207971 20.254303 -0.363716 2.168077 0.000000 0.000000 0.000000 1.000000 0.000000 0.000000
9.000000 112.208005 20.210959 -0.369830 2.187481 0.000000 0.000000 0.000000 1.000000 0.000000 0.000000
9.000000 112.208759 20.149035 -0.303442 2.183146 0.000000 0.000000 0.000000 1.000000 0.000000 0.000000
9.000000 112.211164 20.075313 -0.375375 2.172669 0.000000 0.000000 0.000000 1.000000 0.000000 0.000000
9.000000 112.214525 20.228898 -0.400419 2.174649 0.000000 0.000000 0.000000 1.000000 0.000000 0.000000
9.000000 112.217098 20.414072 -0.450986 2.210596 0.000000 0.000000 0.000000 1.000000 0.000000 0.000000
9.000000 112.217921 20.152089 -0.366852 2.223087 0.000000 0.000000 0.000000 1.000000 0.000000 0.000000
9.000000 112.218006 20.098566 -0.377192 2.240084 0.000000 0.000000 0.000000 1.000000 0.000000 0.000000
9.000000 112.218924 20.036975 -0.313549 2.237343 0.000000 0.000000 0.000000 1.000000 0.000000 0.000000
9.000000 112.221189 19.963968 -0.380647 2.225734 0.000000 0.000000 0.000000 1.000000 0.000000 0.000000
9.000000 112.224401 20.125458 -0.403914 2.220958 0.000000 0.000000 0.000000 1.000000 0.000000 0.000000
9.000000 112.227247 20.317783 -0.460155 2.256955 0.000000 0.000000 0.000000 1.000000 0.000000 0.000000
9.000000 112.227936 19.936263 -0.338613 2.303323 0.000000 0.000000 0.000000 1.000000 0.000000 0.000000
9.000000 112.227989 19.983434 -0.380882 2.291522 0.000000 0.000000 0.000000 1.000000 0.000000 0.000000
9.000000 112.228976 19.806348 -0.433080 2.260667 0.000000 0.000000 0.000000 1.000000 0.000000 0.000000
9.000000 112.231212 19.854452 -0.389039 2.276509 0.000000 0.000000 0.000000 1.000000 0.000000 0.000000
9.000000 112.234413 20.046748 -0.413727 2.269036 0.000000 0.000000 0.000000 1.000000 0.000000 0.000000
9.000000 112.237103 20.257154 -0.478416 2.307752 0.000000 0.000000 0.000000 1.000000 0.000000 0.000000
9.000000 112.237914 19.924575 -0.380035 2.324374 0.000000 0.000000 0.000000 1.000000 0.000000 0.000000
9.000000 112.238008 19.875537 -0.388305 2.342007 0.000000 0.000000 0.000000 1.000000 0.000000 0.000000
9.000000 112.238863 19.813011 -0.324063 2.340405 0.000000 0.000000 0.000000 1.000000 0.000000 0.000000
9.000000 112.241204 19.737118 -0.392327 2.326503 0.000000 0.000000 0.000000 1.000000 0.000000 0.000000
9.000000 112.244417 19.946319 -0.418443 2.316641 0.000000 0.000000 0.000000 1.000000 0.000000 0.000000
9.000000 112.247227 20.100330 -0.484198 2.342963 0.000000 0.000000 0.000000 1.000000 0.000000 0.000000
9.000000 112.248008 19.718837 -0.373382 2.399404 0.000000 0.000000 0.000000 1.000000 0.000000 0.000000
9.000000 112.248061 19.757275 -0.400428 2.393829 0.000000 0.000000 0.000000 1.000000 0.000000 0.000000
9.000000 112.249043 19.574474 -0.450227 2.358108 0.000000 0.000000 0.000000 1.000000 0.000000 0.000000
9.000000 112.251139 19.633219 -0.394465 2.372422 0.000000 0.000000 0.000000 1.000000 0.000000 0.000000
9.000000 112.257040 19.729123 -0.405452 2.407509 0.000000 0.000000 0.000000 1.000000 0.000000 0.000000
9.000000 112.257966 19.691673 -0.394926 2.418515 0.000000 0.000000 0.000000 1.000000 0.000000 0.000000
9.000000 112.257976 19.650098 -0.399903 2.440161 0.000000 0.000000 0.000000 1.000000 0.000000 0.000000
9.000000 112.258868 19.592443 -0.339002 2.437821 0.000000 0.000000 0.000000 1.000000 0.000000 0.000000
9.000000 112.261334 19.523067 -0.401697 2.418543 0.000000 0.000000 0.000000 1.000000 0.000000 0.000000
9.000000 112.264482 19.741414 -0.427332 2.407972 0.000000 0.000000 0.000000 1.000000 0.000000 0.000000
9.000000 112.267138 19.953175 -0.500533 2.443232 0.000000 0.000000 0.000000 1.000000 0.000000 0.000000
9.000000 112.267998 19.474435 -0.363081 2.493489 0.000000 0.000000 0.000000 1.000000 0.000000 0.000000
9.000000 112.267999 19.525378 -0.407478 2.484643 0.000000 0.000000 0.000000 1.000000 0.000000 0.000000
9.000000 112.269046 19.380770 -0.446574 2.456506 0.000000 0.000000 0.000000 1.000000 0.000000 0.000000
9.000000 112.271441 19.414236 -0.412885 2.465910 0.000000 0.000000 0.000000 1.000000 0.000000 0.000000
9.000000 112.274436 19.655570 -0.438293 2.453458 0.000000 0.000000 0.000000 1.000000 0.000000 0.000000
9.000000 112.277032 19.886396 -0.516764 2.491947 0.000000 0.000000 0.000000 1.000000 0.000000 0.000000
9.000000 112.277945 19.472308 -0.402751 2.513848 0.000000 0.000000 0.000000 1.000000 0.000000 0.000000
9.000000 112.278047 19.417466 -0.413266 2.531655 0.000000 0.000000 0.000000 1.000000 0.000000 0.000000
9.000000 112.278921 19.358982 -0.352901 2.520964 0.000000 0.000000 0.000000 1.000000 0.000000 0.000000
9.000000 112.281157 19.292780 -0.414554 2.501479 0.000000 0.000000 0.000000 1.000000 0.000000 0.000000
9.000000 112.284444 19.560254 -0.440694 2.493004 0.000000 0.000000 0.000000 1.000000 0.000000 0.000000
9.000000 112.287166 19.784517 -0.520130 2.531324 0.000000 0.000000 0.000000 1.000000 0.000000 0.000000
9.000000 112.287946 19.353406 -0.405017 2.561615 0.000000 0.000000 0.000000 1.000000 0.000000 0.000000
9.000000 112.288115 19.307254 -0.413587 2.581968 0.000000 0.000000 0.000000 1.000000 0.000000 0.000000
9.000000 112.288786 19.251251 -0.357232 2.571764 0.000000 0.000000 0.000000 1.000000 0.000000 0.000000
9.000000 112.291358 19.182755 -0.417811 2.551352 0.000000 0.000000 0.000000 1.000000 0.000000 0.000000
9.000000 112.294487 19.457992 -0.443613 2.538102 0.000000 0.000000 0.000000 1.000000 0.000000 0.000000
9.000000 112.297025 19.543943 -0.502399 2.551135 0.000000 0.000000 0.000000 1.000000 0.000000 0.000000
9.000000 112.297972 19.205100 -0.424491 2.589391 0.000000 0.000000 0.000000 1.000000 0.000000 0.000000
9.000000 112.298120 19.200358 -0.419325 2.619749 0.000000 0.000000 0.000000 1.000000 0.000000 0.000000
9.000000 112.298915 19.147060 -0.365836 2.609695 0.000000 0.000000 0.000000 1.000000 0.000000 0.000000
9.000000 112.301161 19.084955 -0.421518 2.590882 0.000000 0.000000 0.000000 1.000000 0.000000 0.000000
9.000000 112.304397 19.349800 -0.450048 2.577147 0.000000 0.000000 0.000000 1.000000 0.000000 0.000000
9.000000 112.307108 19.604553 -0.544470 2.617279 0.000000 0.000000 0.000000 1.000000 0.000000 0.000000
9.000000 112.308022 19.123238 -0.418089 2.649101 0.000000 0.000000 0.000000 1.000000 0.000000 0.000000
9.000000 112.308074 19.091715 -0.422045 2.664809 0.000000 0.000000 0.000000 1.000000 0.000000 0.000000
9.000000 112.308847 19.045654 -0.375593 2.660324 0.000000 0.000000 0.000000 1.000000 0.000000 0.000000
9.000000 112.311203 18.981411 -0.430111 2.641434 0.000000 0.000000 0.000000 1.000000 0.000000 0.000000
9.000000 112.314419 19.278813 -0.457664 2.621583 0.000000 0.000000 0.000000 1.000000 0.000000 0.000000
9.000000 112.317026 19.495574 -0.545095 2.654380 0.000000 0.000000 0.000000 1.000000 0.000000 0.000000
9.000000 112.317970 19.014215 -0.420134 2.688856 0.000000 0.000000 0.000000 1.000000 0.000000 0.000000
9.000000 112.318012 18.974026 -0.427243 2.707287 0.000000 0.000000 0.000000 1.000000 0.000000 0.000000
9.000000 112.318887 18.927907 -0.380790 2.698610 0.000000 0.000000 0.000000 1.000000 0.000000 0.000000
9.000000 112.321213 18.871354 -0.429667 2.676893 0.000000 0.000000 0.000000 1.000000 0.000000 0.000000
9.000000 112.324445 19.156370 -0.457943 2.656992 0.000000 0.000000 0.000000 1.000000 0.000000 0.000000
9.000000 112.327118 19.390181 -0.551388 2.691516 0.000000 0.000000 0.000000 1.000000 0.000000 0.000000
9.000000 112.328035 18.806435 -0.390619 2.756440 0.000000 0.000000 0.000000 1.000000 0.000000 0.000000
9.000000 112.328088 18.864157 -0.435363 2.744816 0.000000 0.000000 0.000000 1.000000 0.000000 0.000000
9.000000 112.328866 18.713070 -0.480308 2.711567 0.000000 0.000000 0.000000 1.000000 0.000000 0.000000
9.000000 112.331228 18.759592 -0.438452 2.718535 0.000000 0.000000 0.000000 1.000000 0.000000 0.000000
9.000000 112.334550 19.072771 -0.462794 2.696527 0.000000 0.000000 0.000000 1.000000 0.000000 0.000000
9.000000 112.337054 19.301203 -0.558890 2.734687 0.000000 0.000000 0.000000 1.000000 0.000000 0.000000
9.000000 112.337974 18.795473 -0.434286 2.771921 0.000000 0.000000 0.000000 1.000000 0.000000 0.000000
9.000000 112.338056 18.757070 -0.441712 2.785815 0.000000 0.000000 0.000000 1.000000 0.000000 0.000000
9.000000 112.338942 18.709812 -0.395873 2.773056 0.000000 0.000000 0.000000 1.000000 0.000000 0.000000
9.000000 112.341216 18.658277 -0.441645 2.754067 0.000000 0.000000 0.000000 1.000000 0.000000 0.000000
9.000000 112.344406 18.974747 -0.470343 2.736204 0.000000 0.000000 0.000000 1.000000 0.000000 0.000000
9.000000 112.347104 19.135979 -0.562123 2.764646 0.000000 0.000000 0.000000 1.000000 0.000000 0.000000
9.000000 112.347963 18.665373 -0.455759 2.808420 0.000000 0.000000 0.000000 1.000000 0.000000 0.000000
9.000000 112.348145 18.649416 -0.455611 2.826876 0.000000 0.000000 0.000000 1.000000 0.000000 0.000000
9.000000 112.349075 18.585698 -0.398013 2.812616 0.000000 0.000000 0.000000 1.000000 0.000000 0.000000
9.000000 112.351190 18.532425 -0.443623 2.792617 0.000000 0.000000 0.000000 1.000000 0.000000 0.000000
9.000000 112.354479 18.880216 -0.471348 2.771611 0.000000 0.000000 0.000000 1.000000 0.000000 0.000000
9.000000 112.357111 19.077555 -0.565487 2.804503 0.000000 0.000000 0.000000 1.000000 0.000000 0.000000
9.000000 112.358006 18.575618 -0.444990 2.844092 0.000000 0.000000 0.000000 1.000000 0.000000 0.000000
9.000000 112.358081 18.532904 -0.454128 2.859326 0.000000 0.000000 0.000000 1.000000 0.000000 0.000000
9.000000 112.358879 18.486842 -0.410912 2.850700 0.000000 0.000000 0.000000 1.000000 0.000000 0.000000
9.000000 112.361295 18.426226 -0.459018 2.828254 0.000000 0.000000 0.000000 1.000000 0.000000 0.000000
9.000000 112.364523 18.796270 -0.485045 2.802167 0.000000 0.000000 0.000000 1.000000 0.000000 0.000000
9.000000 112.367154 18.999666 -0.578775 2.836401 0.000000 0.000000 0.000000 1.000000 0.000000 0.000000
9.000000 112.368086 18.472421 -0.449270 2.877601 0.000000 0.000000 0.000000 1.000000 0.000000 0.000000
9.000000 112.368130 18.421537 -0.460783 2.895556 0.000000 0.000000 0.000000 1.000000 0.000000 0.000000
9.000000 112.369055 18.382430 -0.422687 2.889797 0.000000 0.000000 0.000000 1.000000 0.000000 0.000000
9.000000 112.371343 18.339847 -0.457174 2.865763 0.000000 0.000000 0.000000 1.000000 0.000000 0.000000
9.000000 112.374616 18.678533 -0.485277 2.835484 0.000000 0.000000 0.000000 1.000000 0.000000 0.000000
9.000000 112.377065 18.897800 -0.587875 2.869465 0.000000 0.000000 0.000000 1.000000 0.000000 0.000000
9.000000 112.378018 18.358941 -0.455704 2.917291 0.000000 0.000000 0.000000 1.000000 0.000000 0.000000
9.000000 112.378197 18.313828 -0.466384 2.934623 0.000000 0.000000 0.000000 1.000000 0.000000 0.000000
9.000000 112.378875 18.268381 -0.424708 2.921413 0.000000 0.000000 0.000000 1.000000 0.000000 0.000000
9.000000 112.381368 18.222523 -0.462583 2.899041 0.000000 0.000000 0.000000 1.000000 0.000000 0.000000
9.000000 112.384455 18.601530 -0.494272 2.868993 0.000000 0.000000 0.000000 1.000000 0.000000 0.000000
9.000000 112.387114 18.791629 -0.596103 2.899654 0.000000 0.000000 0.000000 1.000000 0.000000 0.000000
9.000000 112.387978 18.134223 -0.424352 2.977512 0.000000 0.000000 0.000000 1.000000 0.000000 0.000000
9.000000 112.388079 18.202666 -0.473007 2.968048 0.000000 0.000000 0.000000 1.000000 0.000000 0.000000
9.000000 112.388867 18.079167 -0.504638 2.928875 0.000000 0.000000 0.000000 1.000000 0.000000 0.000000
9.000000 112.391383 18.110400 -0.469076 2.926808 0.000000 0.000000 0.000000 1.000000 0.000000 0.000000
9.000000 112.394690 18.485650 -0.498378 2.897295 0.000000 0.000000 0.000000 1.000000 0.000000 0.000000
9.000000 112.397127 18.510662 -0.563329 2.906414 0.000000 0.000000 0.000000 1.000000 0.000000 0.000000
9.000000 112.398068 18.030896 -0.437960 2.985878 0.000000 0.000000 0.000000 1.000000 0.000000 0.000000
9.000000 112.398090 18.098684 -0.474857 2.997594 0.000000 0.000000 0.000000 1.000000 0.000000 0.000000
9.000000 112.398935 17.980120 -0.500726 2.962997 0.000000 0.000000 0.000000 1.000000 0.000000 0.000000
9.000000 112.401296 17.992758 -0.475568 2.959088 0.000000 0.000000 0.000000 1.000000 0.000000 0.000000
9.000000 112.404578 18.393862 -0.506652 2.931565 0.000000 0.000000 0.000000 1.000000 0.000000 0.000000
9.000000 112.407206 18.558682 -0.601454 2.961294 0.000000 0.000000 0.000000 1.000000 0.000000 0.000000
9.000000 112.408029 17.905407 -0.428910 3.042171 0.000000 0.000000 0.000000 1.000000 0.000000 0.000000
9.000000 112.408058 17.983862 -0.482262 3.035819 0.000000 0.000000 0.000000 1.000000 0.000000 0.000000
9.000000 112.408886 17.882959 -0.507523 2.997105 0.000000 0.000000 0.000000 1.000000 0.000000 0.000000
9.000000 112.411304 17.897210 -0.485975 2.997768 0.000000 0.000000 0.000000 1.000000 0.000000 0.000000
9.000000 112.414593 18.332473 -0.517641 2.968349 0.000000 0.000000 0.000000 1.000000 0.000000 0.000000
9.000000 112.417277 18.458334 -0.608252 2.995762 0.000000 0.000000 0.000000 1.000000 0.000000 0.000000
9.000000 112.418205 17.805483 -0.440558 3.075869 0.000000 0.000000 0.000000 1.000000 0.000000 0.000000
9.000000 112.418233 17.883067 -0.494510 3.067041 0.000000 0.000000 0.000000 1.000000 0.000000 0.000000
9.000000 112.418902 17.756529 -0.528008 3.030391 0.000000 0.000000 0.000000 1.000000 0.000000 0.000000
9.000000 112.421263 17.787497 -0.492994 3.025775 0.000000 0.000000 0.000000 1.000000 0.000000 0.000000
9.000000 112.424544 18.215403 -0.520188 2.992309 0.000000 0.000000 0.000000 1.000000 0.000000 0.000000
9.000000 112.427259 18.341198 -0.610710 3.023841 0.000000 0.000000 0.000000 1.000000 0.000000 0.000000
9.000000 112.428103 17.805472 -0.487075 3.077140 0.000000 0.000000 0.000000 1.000000 0.000000 0.000000
9.000000 112.428126 17.773661 -0.493260 3.093165 0.000000 0.000000 0.000000 1.000000 0.000000 0.000000
9.000000 112.428877 17.734472 -0.458065 3.084078 0.000000 0.000000 0.000000 1.000000 0.000000 0.000000
9.000000 112.431383 17.680044 -0.496916 3.054461 0.000000 0.000000 0.000000 1.000000 0.000000 0.000000
9.000000 112.434791 18.107445 -0.522167 3.019945 0.000000 0.000000 0.000000 1.000000 0.000000 0.000000
9.000000 112.437092 18.209147 -0.607404 3.050957 0.000000 0.000000 0.000000 1.000000 0.000000 0.000000
9.000000 112.438106 17.594198 -0.453612 3.131171 0.000000 0.000000 0.000000 1.000000 0.000000 0.000000
9.000000 112.438108 17.669020 -0.504595 3.122158 0.000000 0.000000 0.000000 1.000000 0.000000 0.000000
9.000000 112.438961 17.527915 -0.537100 3.080733 0.000000 0.000000 0.000000 1.000000 0.000000 0.000000
9.000000 112.441295 17.543430 -0.506941 3.073744 0.000000 0.000000 0.000000 1.000000 0.000000 0.000000
9.000000 112.444489 17.988964 -0.531327 3.050209 0.000000 0.000000 0.000000 1.000000 0.000000 0.000000
9.000000 112.447324 17.988029 -0.589149 3.072055 0.000000 0.000000 0.000000 1.000000 0.000000 0.000000
9.000000 112.448079 17.586238 -0.505267 3.123268 0.000000 0.000000 0.000000 1.000000 0.000000 0.000000
9.000000 112.448176 17.563838 -0.507454 3.149295 0.000000 0.000000 0.000000 1.000000 0.000000 0.000000
9.000000 112.448863 17.516810 -0.465628 3.132232 0.000000 0.000000 0.000000 1.000000 0.000000 0.000000
9.000000 112.451422 17.462543 -0.507308 3.100048 0.000000 0.000000 0.000000 1.000000 0.000000 0.000000
9.000000 112.454855 17.915268 -0.533856 3.075157 0.000000 0.000000 0.000000 1.000000 0.000000 0.000000
9.000000 112.457131 17.918796 -0.602125 3.102006 0.000000 0.000000 0.000000 1.000000 0.000000 0.000000
9.000000 112.458083 17.474290 -0.511194 3.157599 0.000000 0.000000 0.000000 1.000000 0.000000 0.000000
9.000000 112.458310 17.452784 -0.513810 3.176454 0.000000 0.000000 0.000000 1.000000 0.000000 0.000000
9.000000 112.458967 17.404850 -0.473289 3.163842 0.000000 0.000000 0.000000 1.000000 0.000000 0.000000
9.000000 112.461357 17.341258 -0.516975 3.129935 0.000000 0.000000 0.000000 1.000000 0.000000 0.000000
9.000000 112.464624 17.787491 -0.539899 3.098288 0.000000 0.000000 0.000000 1.000000 0.000000 0.000000
9.000000 112.467274 17.782724 -0.603678 3.125724 0.000000 0.000000 0.000000 1.000000 0.000000 0.000000
9.000000 112.468087 17.367774 -0.519874 3.182838 0.000000 0.000000 0.000000 1.000000 0.000000 0.000000
9.000000 112.468289 17.353650 -0.520284 3.202356 0.000000 0.000000 0.000000 1.000000 0.000000 0.000000
9.000000 112.468853 17.307910 -0.482078 3.188813 0.000000 0.000000 0.000000 1.000000 0.000000 0.000000
9.000000 112.471457 17.249536 -0.522561 3.157524 0.000000 0.000000 0.000000 1.000000 0.000000 0.000000
9.000000 112.474660 17.717170 -0.549954 3.122905 0.000000 0.000000 0.000000 1.000000 0.000000 0.000000
9.000000 112.477163 17.715477 -0.618821 3.149664 0.000000 0.000000 0.000000 1.000000 0.000000 0.000000
9.000000 112.478022 17.274239 -0.526527 3.204995 0.000000 0.000000 0.000000 1.000000 0.000000 0.000000
9.000000 112.478182 17.244254 -0.532050 3.224011 0.000000 0.000000 0.000000 1.000000 0.000000 0.000000
9.000000 112.479013 17.196375 -0.492129 3.212663 0.000000 0.000000 0.000000 1.000000 0.000000 0.000000
9.000000 112.481385 17.142339 -0.528319 3.176024 0.000000 0.000000 0.000000 1.000000 0.000000 0.000000
9.000000 112.484646 17.626004 -0.552110 3.138441 0.000000 0.000000 0.000000 1.000000 0.000000 0.000000
9.000000 112.487193 17.592153 -0.615156 3.167778 0.000000 0.000000 0.000000 1.000000 0.000000 0.000000
9.000000 112.488167 17.068192 -0.490463 3.255783 0.000000 0.000000 0.000000 1.000000 0.000000 0.000000
9.000000 112.488289 17.136927 -0.532202 3.247518 0.000000 0.000000 0.000000 1.000000 0.000000 0.000000
9.000000 112.491483 17.116497 -0.545059 3.207476 0.000000 0.000000 0.000000 1.000000 0.000000 0.000000
9.000000 112.494720 17.552679 -0.563990 3.157712 0.000000 0.000000 0.000000 1.000000 0.000000 0.000000
9.000000 112.497220 17.506478 -0.623445 3.191891 0.000000 0.000000 0.000000 1.000000 0.000000 0.000000
9.000000 112.498156 16.939830 -0.488325 3.280290 0.000000 0.000000 0.000000 1.000000 0.000000 0.000000
9.000000 112.498248 17.020960 -0.541013 3.267446 0.000000 0.000000 0.000000 1.000000 0.000000 0.000000
9.000000 112.498959 16.875564 -0.577913 3.226169 0.000000 0.000000 0.000000 1.000000 0.000000 0.000000
9.000000 112.501343 16.904618 -0.538211 3.210838 0.000000 0.000000 0.000000 1.000000 0.000000 0.000000
9.000000 112.504560 17.364101 -0.557959 3.177428 0.000000 0.000000 0.000000 1.000000 0.000000 0.000000
9.000000 112.507303 17.322877 -0.613146 3.210907 0.000000 0.000000 0.000000 1.000000 0.000000 0.000000
9.000000 112.508069 16.853033 -0.502220 3.295616 0.000000 0.000000 0.000000 1.000000 0.000000 0.000000
9.000000 112.509053 16.925420 -0.546238 3.283796 0.000000 0.000000 0.000000 1.000000 0.000000 0.000000
9.000000 112.509098 16.766450 -0.596117 3.249594 0.000000 0.000000 0.000000 1.000000 0.000000 0.000000
9.000000 112.511318 16.829281 -0.542465 3.235898 0.000000 0.000000 0.000000 1.000000 0.000000 0.000000
9.000000 112.514749 17.277073 -0.558599 3.194487 0.000000 0.000000 0.000000 1.000000 0.000000 0.000000
9.000000 112.517189 17.173981 -0.605353 3.226768 0.000000 0.000000 0.000000 1.000000 0.000000 0.000000
9.000000 112.518249 16.835398 -0.548371 3.278746 0.000000 0.000000 0.000000 1.000000 0.000000 0.000000
9.000000 112.518302 16.810004 -0.552045 3.296402 0.000000 0.000000 0.000000 1.000000 0.000000 0.000000
9.000000 112.519002 16.769561 -0.518453 3.293620 0.000000 0.000000 0.000000 1.000000 0.000000 0.000000
9.000000 112.521327 16.725280 -0.544631 3.253041 0.000000 0.000000 0.000000 1.000000 0.000000 0.000000
9.000000 112.524559 17.161253 -0.561356 3.213187 0.000000 0.000000 0.000000 1.000000 0.000000 0.000000
9.000000 112.527310 17.048755 -0.603766 3.243320 0.000000 0.000000 0.000000 1.000000 0.000000 0.000000
9.000000 112.528047 16.635899 -0.512063 3.324364 0.000000 0.000000 0.000000 1.000000 0.000000 0.000000
9.000000 112.528149 16.708147 -0.556514 3.310956 0.000000 0.000000 0.000000 1.000000 0.000000 0.000000
9.000000 112.528934 16.527353 -0.615252 3.280736 0.000000 0.000000 0.000000 1.000000 0.000000 0.000000
9.000000 112.531360 16.617646 -0.547235 3.270679 0.000000 0.000000 0.000000 1.000000 0.000000 0.000000
9.000000 112.534810 17.036157 -0.563817 3.230660 0.000000 0.000000 0.000000 1.000000 0.000000 0.000000
9.000000 112.537157 16.906000 -0.598965 3.256408 0.000000 0.000000 0.000000 1.000000 0.000000 0.000000
9.000000 112.538073 16.510227 -0.506746 3.335282 0.000000 0.000000 0.000000 1.000000 0.000000 0.000000
9.000000 112.538314 16.603675 -0.563174 3.325182 0.000000 0.000000 0.000000 1.000000 0.000000 0.000000
9.000000 112.538981 16.427213 -0.613629 3.288230 0.000000 0.000000 0.000000 1.000000 0.000000 0.000000
9.000000 112.541359 16.477321 -0.564028 3.276990 0.000000 0.000000 0.000000 1.000000 0.000000 0.000000
9.000000 112.544504 16.950157 -0.580441 3.246888 0.000000 0.000000 0.000000 1.000000 0.000000 0.000000
9.000000 112.547254 16.784132 -0.602319 3.273116 0.000000 0.000000 0.000000 1.000000 0.000000 0.000000
9.000000 112.548112 16.411161 -0.514488 3.349706 0.000000 0.000000 0.000000 1.000000 0.000000 0.000000
9.000000 112.548141 16.494861 -0.564716 3.335673 0.000000 0.000000 0.000000 1.000000 0.000000 0.000000
9.000000 112.548916 16.235623 -0.652911 3.308572 0.000000 0.000000 0.000000 1.000000 0.000000 0.000000
9.000000 112.551434 16.356814 -0.567750 3.300555 0.000000 0.000000 0.000000 1.000000 0.000000 0.000000
9.000000 112.554654 16.858682 -0.581534 3.259608 0.000000 0.000000 0.000000 1.000000 0.000000 0.000000
9.000000 112.558040 16.568648 -0.520392 3.279738 0.000000 0.000000 0.000000 1.000000 0.000000 0.000000
9.000000 112.558129 16.388014 -0.566914 3.361856 0.000000 0.000000 0.000000 1.000000 0.000000 0.000000
9.000000 112.558935 16.356948 -0.542726 3.356515 0.000000 0.000000 0.000000 1.000000 0.000000 0.000000
9.000000 112.561289 16.297229 -0.575029 3.317570 0.000000 0.000000 0.000000 1.000000 0.000000 0.000000
9.000000 112.564699 16.817114 -0.587938 3.273315 0.000000 0.000000 0.000000 1.000000 0.000000 0.000000
9.000000 112.567214 16.509718 -0.587662 3.294335 0.000000 0.000000 0.000000 1.000000 0.000000 0.000000
9.000000 112.568144 16.317822 -0.571004 3.352036 0.000000 0.000000 0.000000 1.000000 0.000000 0.000000
9.000000 112.568146 16.289560 -0.577524 3.375385 0.000000 0.000000 0.000000 1.000000 0.000000 0.000000
9.000000 112.568938 16.250208 -0.548153 3.371909 0.000000 0.000000 0.000000 1.000000 0.000000 0.000000
9.000000 112.571415 16.182374 -0.585521 3.335385 0.000000 0.000000 0.000000 1.000000 0.000000 0.000000
9.000000 112.574826 16.718485 -0.599069 3.294017 0.000000 0.000000 0.000000 1.000000 0.000000 0.000000
9.000000 112.578094 16.384206 -0.531725 3.307523 0.000000 0.000000 0.000000 1.000000 0.000000 0.000000
9.000000 112.578136 16.189647 -0.585359 3.390080 0.000000 0.000000 0.000000 1.000000 0.000000 0.000000
9.000000 112.578976 16.141008 -0.550052 3.385996 0.000000 0.000000 0.000000 1.000000 0.000000 0.000000
9.000000 112.581520 16.086225 -0.579701 3.347490 0.000000 0.000000 0.000000 1.000000 0.000000 0.000000
9.000000 112.584725 16.576012 -0.595582 3.304797 0.000000 0.000000 0.000000 1.000000 0.000000 0.000000
9.000000 112.587272 16.268811 -0.599204 3.327560 0.000000 0.000000 0.000000 1.000000 0.000000 0.000000
9.000000 112.588143 16.085390 -0.584487 3.379985 0.000000 0.000000 0.000000 1.000000 0.000000 0.000000
9.000000 112.588221 16.080434 -0.580949 3.403503 0.000000 0.000000 0.000000 1.000000 0.000000 0.000000
9.000000 112.588919 16.035942 -0.546899 3.400272 0.000000 0.000000 0.000000 1.000000 0.000000 0.000000
9.000000 112.591342 15.957311 -0.589277 3.351552 0.000000 0.000000 0.000000 1.000000 0.000000 0.000000
9.000000 112.594693 16.431210 -0.600554 3.312105 0.000000 0.000000 0.000000 1.000000 0.000000 0.000000
9.000000 112.597178 16.222694 -0.617182 3.349876 0.000000 0.000000 0.000000 1.000000 0.000000 0.000000
9.000000 112.598059 15.998454 -0.588201 3.406459 0.000000 0.000000 0.000000 1.000000 0.000000 0.000000
9.000000 112.598268 15.972581 -0.594505 3.418912 0.000000 0.000000 0.000000 1.000000 0.000000 0.000000
9.000000 112.598956 15.926119 -0.561495 3.406383 0.000000 0.000000 0.000000 1.000000 0.000000 0.000000
9.000000 112.601274 15.869076 -0.591736 3.362321 0.000000 0.000000 0.000000 1.000000 0.000000 0.000000
9.000000 112.604697 16.358983 -0.602954 3.322936 0.000000 0.000000 0.000000 1.000000 0.000000 0.000000
9.000000 112.607275 16.007252 -0.593002 3.348169 0.000000 0.000000 0.000000 1.000000 0.000000 0.000000
9.000000 112.608150 15.747634 -0.538812 3.429712 0.000000 0.000000 0.000000 1.000000 0.000000 0.000000
9.000000 112.608286 15.868761 -0.604912 3.422302 0.000000 0.000000 0.000000 1.000000 0.000000 0.000000
9.000000 112.608996 15.684433 -0.668135 3.393344 0.000000 0.000000 0.000000 1.000000 0.000000 0.000000
9.000000 112.611325 15.787385 -0.595509 3.378062 0.000000 0.000000 0.000000 1.000000 0.000000 0.000000
9.000000 112.614749 16.243466 -0.607374 3.333751 0.000000 0.000000 0.000000 1.000000 0.000000 0.000000
9.000000 112.617169 15.898184 -0.599902 3.356822 0.000000 0.000000 0.000000 1.000000 0.000000 0.000000
9.000000 112.618189 15.636330 -0.542218 3.437887 0.000000 0.000000 0.000000 1.000000 0.000000 0.000000
9.000000 112.618199 15.764130 -0.611338 3.431627 0.000000 0.000000 0.000000 1.000000 0.000000 0.000000
9.000000 112.618950 15.576998 -0.675593 3.403846 0.000000 0.000000 0.000000 1.000000 0.000000 0.000000
9.000000 112.621374 15.704558 -0.590296 3.392071 0.000000 0.000000 0.000000 1.000000 0.000000 0.000000
9.000000 112.624708 16.155451 -0.606382 3.346069 0.000000 0.000000 0.000000 1.000000 0.000000 0.000000
9.000000 112.627216 15.759260 -0.595622 3.363248 0.000000 0.000000 0.000000 1.000000 0.000000 0.000000
9.000000 112.628152 15.676267 -0.611744 3.418199 0.000000 0.000000 0.000000 1.000000 0.000000 0.000000
9.000000 112.628159 15.656958 -0.614822 3.443539 0.000000 0.000000 0.000000 1.000000 0.000000 0.000000
9.000000 112.628947 15.620763 -0.588327 3.441884 0.000000 0.000000 0.000000 1.000000 0.000000 0.000000
9.000000 112.631499 15.599079 -0.597687 3.402440 0.000000 0.000000 0.000000 1.000000 0.000000 0.000000
9.000000 112.634771 16.053605 -0.612829 3.356927 0.000000 0.000000 0.000000 1.000000 0.000000 0.000000
9.000000 112.638083 15.728208 -0.555073 3.371698 0.000000 0.000000 0.000000 1.000000 0.000000 0.000000
9.000000 112.638110 15.541082 -0.608851 3.451285 0.000000 0.000000 0.000000 1.000000 0.000000 0.000000
9.000000 112.641403 15.489027 -0.585911 3.430630 0.000000 0.000000 0.000000 1.000000 0.000000 0.000000
9.000000 112.644738 15.945293 -0.612906 3.359748 0.000000 0.000000 0.000000 1.000000 0.000000 0.000000
9.000000 112.647269 15.508907 -0.596306 3.380757 0.000000 0.000000 0.000000 1.000000 0.000000 0.000000
9.000000 112.648163 15.373969 -0.583216 3.460485 0.000000 0.000000 0.000000 1.000000 0.000000 0.000000
9.000000 112.648177 15.445002 -0.615301 3.456849 0.000000 0.000000 0.000000 1.000000 0.000000 0.000000
9.000000 112.648950 15.309407 -0.656381 3.429412 0.000000 0.000000 0.000000 1.000000 0.000000 0.000000
9.000000 112.651549 15.337240 -0.621097 3.404987 0.000000 0.000000 0.000000 1.000000 0.000000 0.000000
9.000000 112.654822 15.850483 -0.631099 3.359821 0.000000 0.000000 0.000000 1.000000 0.000000 0.000000
9.000000 112.658167 15.204897 -0.535225 3.395228 0.000000 0.000000 0.000000 1.000000 0.000000 0.000000
9.000000 112.658174 15.351645 -0.629971 3.463217 0.000000 0.000000 0.000000 1.000000 0.000000 0.000000
9.000000 112.658947 15.215536 -0.672754 3.438791 0.000000 0.000000 0.000000 1.000000 0.000000 0.000000
9.000000 112.661430 15.274357 -0.621820 3.413722 0.000000 0.000000 0.000000 1.000000 0.000000 0.000000
9.000000 112.664840 15.739081 -0.631333 3.365425 0.000000 0.000000 0.000000 1.000000 0.000000 0.000000
9.000000 112.667236 15.327556 -0.608761 3.387149 0.000000 0.000000 0.000000 1.000000 0.000000 0.000000
9.000000 112.668221 15.280728 -0.632040 3.441554 0.000000 0.000000 0.000000 1.000000 0.000000 0.000000
9.000000 112.668271 15.258807 -0.636847 3.466817 0.000000 0.000000 0.000000 1.000000 0.000000 0.000000
9.000000 112.669077 15.209670 -0.604598 3.465158 0.000000 0.000000 0.000000 1.000000 0.000000 0.000000
9.000000 112.671466 15.158136 -0.627186 3.420911 0.000000 0.000000 0.000000 1.000000 0.000000 0.000000
9.000000 112.674813 15.654931 -0.635830 3.371945 0.000000 0.000000 0.000000 1.000000 0.000000 0.000000
9.000000 112.677131 15.199531 -0.604223 3.392584 0.000000 0.000000 0.000000 1.000000 0.000000 0.000000
9.000000 112.678120 15.013444 -0.564576 3.467910 0.000000 0.000000 0.000000 1.000000 0.000000 0.000000
9.000000 112.678135 15.160760 -0.639131 3.470179 0.000000 0.000000 0.000000 1.000000 0.000000 0.000000
9.000000 112.679021 15.010827 -0.684295 3.446873 0.000000 0.000000 0.000000 1.000000 0.000000 0.000000
9.000000 112.681437 15.073428 -0.628314 3.420116 0.000000 0.000000 0.000000 1.000000 0.000000 0.000000
9.000000 112.684795 15.533971 -0.636515 3.372782 0.000000 0.000000 0.000000 1.000000 0.000000 0.000000
9.000000 112.687212 15.084625 -0.608799 3.397140 0.000000 0.000000 0.000000 1.000000 0.000000 0.000000
9.000000 112.688081 15.069843 -0.644943 3.450564 0.000000 0.000000 0.000000 1.000000 0.000000 0.000000
9.000000 112.688128 15.067596 -0.641731 3.475197 0.000000 0.000000 0.000000 1.000000 0.000000 0.000000
9.000000 112.688984 15.008523 -0.603546 3.469194 0.000000 0.000000 0.000000 1.000000 0.000000 0.000000
9.000000 112.691386 14.932920 -0.639845 3.422209 0.000000 0.000000 0.000000 1.000000 0.000000 0.000000
9.000000 112.694812 15.496790 -0.650504 3.376265 0.000000 0.000000 0.000000 1.000000 0.000000 0.000000
9.000000 112.697154 14.926302 -0.613232 3.409985 0.000000 0.000000 0.000000 1.000000 0.000000 0.000000
9.000000 112.698131 15.007983 -0.687458 3.483671 0.000000 0.000000 0.000000 1.000000 0.000000 0.000000
9.000000 112.698155 14.961655 -0.654828 3.471633 0.000000 0.000000 0.000000 1.000000 0.000000 0.000000
9.000000 112.699000 14.767770 -0.708916 3.447273 0.000000 0.000000 0.000000 1.000000 0.000000 0.000000
9.000000 112.701450 14.836179 -0.643549 3.425784 0.000000 0.000000 0.000000 1.000000 0.000000 0.000000
9.000000 112.704922 15.380619 -0.657439 3.382216 0.000000 0.000000 0.000000 1.000000 0.000000 0.000000
9.000000 112.707285 14.876139 -0.617780 3.397247 0.000000 0.000000 0.000000 1.000000 0.000000 0.000000
9.000000 112.708131 14.866650 -0.650092 3.448545 0.000000 0.000000 0.000000 1.000000 0.000000 0.000000
9.000000 112.708162 14.851079 -0.653245 3.470345 0.000000 0.000000 0.000000 1.000000 0.000000 0.000000
9.000000 112.709254 14.812484 -0.628456 3.467984 0.000000 0.000000 0.000000 1.000000 0.000000 0.000000
9.000000 112.711381 14.763510 -0.650063 3.431366 0.000000 0.000000 0.000000 1.000000 0.000000 0.000000
9.000000 112.714754 15.326627 -0.663481 3.381692 0.000000 0.000000 0.000000 1.000000 0.000000 0.000000
9.000000 112.717231 14.772368 -0.618258 3.395713 0.000000 0.000000 0.000000 1.000000 0.000000 0.000000
9.000000 112.718094 14.770768 -0.654890 3.448827 0.000000 0.000000 0.000000 1.000000 0.000000 0.000000
9.000000 112.718171 14.751055 -0.659920 3.469644 0.000000 0.000000 0.000000 1.000000 0.000000 0.000000
9.000000 112.719023 14.708559 -0.633373 3.465732 0.000000 0.000000 0.000000 1.000000 0.000000 0.000000
9.000000 112.721476 14.658171 -0.654903 3.426858 0.000000 0.000000 0.000000 1.000000 0.000000 0.000000
9.000000 112.724766 15.198945 -0.664381 3.378531 0.000000 0.000000 0.000000 1.000000 0.000000 0.000000
9.000000 112.727415 14.645820 -0.617783 3.397565 0.000000 0.000000 0.000000 1.000000 0.000000 0.000000
9.000000 112.728131 14.664523 -0.663107 3.449497 0.000000 0.000000 0.000000 1.000000 0.000000 0.000000
9.000000 112.728171 14.649108 -0.666069 3.470766 0.000000 0.000000 0.000000 1.000000 0.000000 0.000000
9.000000 112.729008 14.605097 -0.638279 3.465084 0.000000 0.000000 0.000000 1.000000 0.000000 0.000000
9.000000 112.731479 14.564979 -0.654153 3.421320 0.000000 0.000000 0.000000 1.000000 0.000000 0.000000
9.000000 112.734794 15.011259 -0.661794 3.376079 0.000000 0.000000 0.000000 1.000000 0.000000 0.000000
9.000000 112.737450 14.578295 -0.633063 3.400954 0.000000 0.000000 0.000000 1.000000 0.000000 0.000000
9.000000 112.738138 14.564978 -0.664180 3.453685 0.000000 0.000000 0.000000 1.000000 0.000000 0.000000
9.000000 112.738169 14.550129 -0.667448 3.471981 0.000000 0.000000 0.000000 1.000000 0.000000 0.000000
9.000000 112.738990 14.499733 -0.636864 3.462589 0.000000 0.000000 0.000000 1.000000 0.000000 0.000000
9.000000 112.741385 14.443334 -0.662270 3.423050 0.000000 0.000000 0.000000 1.000000 0.000000 0.000000
9.000000 112.744696 15.012596 -0.675097 3.375921 0.000000 0.000000 0.000000 1.000000 0.000000 0.000000
9.000000 112.747381 14.463479 -0.631897 3.396581 0.000000 0.000000 0.000000 1.000000 0.000000 0.000000
9.000000 112.748161 14.463864 -0.670502 3.452889 0.000000 0.000000 0.000000 1.000000 0.000000 0.000000
9.000000 112.748221 14.445001 -0.675159 3.474111 0.000000 0.000000 0.000000 1.000000 0.000000 0.000000
9.000000 112.749199 14.401827 -0.647931 3.457827 0.000000 0.000000 0.000000 1.000000 0.000000 0.000000
9.000000 112.751502 14.355193 -0.669815 3.414683 0.000000 0.000000 0.000000 1.000000 0.000000 0.000000
9.000000 112.754784 14.925011 -0.682294 3.373432 0.000000 0.000000 0.000000 1.000000 0.000000 0.000000
9.000000 112.757242 14.320451 -0.631225 3.394690 0.000000 0.000000 0.000000 1.000000 0.000000 0.000000
9.000000 112.758141 14.198461 -0.610687 3.471853 0.000000 0.000000 0.000000 1.000000 0.000000 0.000000
9.000000 112.758142 14.341464 -0.676314 3.468724 0.000000 0.000000 0.000000 1.000000 0.000000 0.000000
9.000000 112.759241 14.276155 -0.691345 3.440672 0.000000 0.000000 0.000000 1.000000 0.000000 0.000000
9.000000 112.761468 14.271675 -0.672563 3.416287 0.000000 0.000000 0.000000 1.000000 0.000000 0.000000
9.000000 112.764634 14.803062 -0.684122 3.367138 0.000000 0.000000 0.000000 1.000000 0.000000 0.000000
9.000000 112.767319 14.308630 -0.654815 3.399414 0.000000 0.000000 0.000000 1.000000 0.000000 0.000000
9.000000 112.768205 14.113821 -0.615398 3.480060 0.000000 0.000000 0.000000 1.000000 0.000000 0.000000
9.000000 112.768237 14.250044 -0.684087 3.469929 0.000000 0.000000 0.000000 1.000000 0.000000 0.000000
9.000000 112.769001 14.207746 -0.686324 3.438350 0.000000 0.000000 0.000000 1.000000 0.000000 0.000000
9.000000 112.771680 14.189704 -0.670679 3.413126 0.000000 0.000000 0.000000 1.000000 0.000000 0.000000
9.000000 112.774767 14.694784 -0.684953 3.364412 0.000000 0.000000 0.000000 1.000000 0.000000 0.000000
9.000000 112.777320 14.203140 -0.660630 3.396087 0.000000 0.000000 0.000000 1.000000 0.000000 0.000000
9.000000 112.778108 14.160213 -0.687503 3.458848 0.000000 0.000000 0.000000 1.000000 0.000000 0.000000
9.000000 112.778166 14.155874 -0.686846 3.470355 0.000000 0.000000 0.000000 1.000000 0.000000 0.000000
9.000000 112.779033 14.119116 -0.664097 3.454824 0.000000 0.000000 0.000000 1.000000 0.000000 0.000000
9.000000 112.781438 14.084221 -0.678342 3.411119 0.000000 0.000000 0.000000 1.000000 0.000000 0.000000
9.000000 112.784679 14.644681 -0.695149 3.360858 0.000000 0.000000 0.000000 1.000000 0.000000 0.000000
9.000000 112.787324 14.097189 -0.662286 3.387237 0.000000 0.000000 0.000000 1.000000 0.000000 0.000000
9.000000 112.788244 13.944192 -0.637200 3.465408 0.000000 0.000000 0.000000 1.000000 0.000000 0.000000
9.000000 112.788264 14.060100 -0.692393 3.462962 0.000000 0.000000 0.000000 1.000000 0.000000 0.000000
9.000000 112.789073 14.168696 -0.616884 3.424897 0.000000 0.000000 0.000000 1.000000 0.000000 0.000000
9.000000 112.791471 13.926960 -0.698422 3.393947 0.000000 0.000000 0.000000 1.000000 0.000000 0.000000
9.000000 112.794744 14.641264 -0.714777 3.353717 0.000000 0.000000 0.000000 1.000000 0.000000 0.000000
9.000000 112.797426 13.865384 -0.644503 3.378642 0.000000 0.000000 0.000000 1.000000 0.000000 0.000000
9.000000 112.798177 13.915372 -0.710935 3.444327 0.000000 0.000000 0.000000 1.000000 0.000000 0.000000
9.000000 112.798215 13.948483 -0.694976 3.457313 0.000000 0.000000 0.000000 1.000000 0.000000 0.000000
9.000000 112.799019 13.893923 -0.663245 3.437084 0.000000 0.000000 0.000000 1.000000 0.000000 0.000000
9.000000 112.801517 13.828170 -0.693747 3.393592 0.000000 0.000000 0.000000 1.000000 0.000000 0.000000
9.000000 112.804772 14.456010 -0.712080 3.345885 0.000000 0.000000 0.000000 1.000000 0.000000 0.000000
9.000000 112.807476 13.883864 -0.671073 3.368787 0.000000 0.000000 0.000000 1.000000 0.000000 0.000000
9.000000 112.808218 13.868346 -0.703841 3.428572 0.000000 0.000000 0.000000 1.000000 0.000000 0.000000
9.000000 112.808227 13.857566 -0.705636 3.445668 0.000000 0.000000 0.000000 1.000000 0.000000 0.000000
9.000000 112.809012 13.821140 -0.683216 3.429648 0.000000 0.000000 0.000000 1.000000 0.000000 0.000000
9.000000 112.811435 13.788114 -0.697955 3.390747 0.000000 0.000000 0.000000 1.000000 0.000000 0.000000
9.000000 112.814806 14.402868 -0.718067 3.342777 0.000000 0.000000 0.000000 1.000000 0.000000 0.000000
9.000000 112.817407 13.789466 -0.674169 3.361815 0.000000 0.000000 0.000000 1.000000 0.000000 0.000000
9.000000 112.818181 13.769711 -0.705286 3.421579 0.000000 0.000000 0.000000 1.000000 0.000000 0.000000
9.000000 112.818205 13.756362 -0.708378 3.436686 0.000000 0.000000 0.000000 1.000000 0.000000 0.000000
9.000000 112.819069 13.719084 -0.685904 3.419910 0.000000 0.000000 0.000000 1.000000 0.000000 0.000000
9.000000 112.821471 13.674376 -0.705885 3.380137 0.000000 0.000000 0.000000 1.000000 0.000000 0.000000
9.000000 112.824862 14.306229 -0.723667 3.331929 0.000000 0.000000 0.000000 1.000000 0.000000 0.000000
9.000000 112.827390 13.676406 -0.674000 3.350697 0.000000 0.000000 0.000000 1.000000 0.000000 0.000000
9.000000 112.828213 13.672077 -0.710206 3.411410 0.000000 0.000000 0.000000 1.000000 0.000000 0.000000
9.000000 112.828287 13.663330 -0.711859 3.426693 0.000000 0.000000 0.000000 1.000000 0.000000 0.000000
9.000000 112.829021 13.630015 -0.691906 3.406657 0.000000 0.000000 0.000000 1.000000 0.000000 0.000000
9.000000 112.831517 13.593599 -0.708247 3.368132 0.000000 0.000000 0.000000 1.000000 0.000000 0.000000
9.000000 112.834888 14.193535 -0.726054 3.322587 0.000000 0.000000 0.000000 1.000000 0.000000 0.000000
9.000000 112.837365 13.599537 -0.682540 3.343819 0.000000 0.000000 0.000000 1.000000 0.000000 0.000000
9.000000 112.838157 13.569857 -0.708551 3.405766 0.000000 0.000000 0.000000 1.000000 0.000000 0.000000
9.000000 112.838242 13.553880 -0.713841 3.416837 0.000000 0.000000 0.000000 1.000000 0.000000 0.000000
9.000000 112.839022 13.517626 -0.693094 3.392192 0.000000 0.000000 0.000000 1.000000 0.000000 0.000000
9.000000 112.841424 13.447773 -0.726177 3.353639 0.000000 0.000000 0.000000 1.000000 0.000000 0.000000
9.000000 112.844724 14.171808 -0.742958 3.307028 0.000000 0.000000 0.000000 1.000000 0.000000 0.000000
9.000000 112.847553 13.429899 -0.672851 3.322091 0.000000 0.000000 0.000000 1.000000 0.000000 0.000000
9.000000 112.848271 13.460485 -0.723140 3.384300 0.000000 0.000000 0.000000 1.000000 0.000000 0.000000
9.000000 112.848526 13.452730 -0.724775 3.401297 0.000000 0.000000 0.000000 1.000000 0.000000 0.000000
9.000000 112.849425 13.396186 -0.694009 3.379603 0.000000 0.000000 0.000000 1.000000 0.000000 0.000000
9.000000 112.851686 13.348144 -0.715263 3.341774 0.000000 0.000000 0.000000 1.000000 0.000000 0.000000
9.000000 112.854756 13.951653 -0.733263 3.294155 0.000000 0.000000 0.000000 1.000000 0.000000 0.000000
9.000000 112.857424 13.393655 -0.695136 3.317135 0.000000 0.000000 0.000000 1.000000 0.000000 0.000000
9.000000 112.858191 13.377009 -0.725876 3.375842 0.000000 0.000000 0.000000 1.000000 0.000000 0.000000
9.000000 112.858350 13.360023 -0.731387 3.386372 0.000000 0.000000 0.000000 1.000000 0.000000 0.000000
9.000000 112.859065 13.330665 -0.714192 3.366029 0.000000 0.000000 0.000000 1.000000 0.000000 0.000000
9.000000 112.861444 13.323349 -0.716369 3.331161 0.000000 0.000000 0.000000 1.000000 0.000000 0.000000
9.000000 112.864752 13.901341 -0.735692 3.283877 0.000000 0.000000 0.000000 1.000000 0.000000 0.000000
9.000000 112.867310 13.285019 -0.691657 3.299263 0.000000 0.000000 0.000000 1.000000 0.000000 0.000000
9.000000 112.868186 13.085950 -0.649606 3.368830 0.000000 0.000000 0.000000 1.000000 0.000000 0.000000
9.000000 112.868211 13.258767 -0.739481 3.370939 0.000000 0.000000 0.000000 1.000000 0.000000 0.000000
9.000000 112.869088 13.413090 -0.653343 3.345448 0.000000 0.000000 0.000000 1.000000 0.000000 0.000000
9.000000 112.871477 13.209378 -0.721008 3.313610 0.000000 0.000000 0.000000 1.000000 0.000000 0.000000
9.000000 112.874795 13.752474 -0.735058 3.263442 0.000000 0.000000 0.000000 1.000000 0.000000 0.000000
9.000000 112.877362 13.175948 -0.694963 3.284243 0.000000 0.000000 0.000000 1.000000 0.000000 0.000000
9.000000 112.878191 13.173403 -0.731268 3.341870 0.000000 0.000000 0.000000 1.000000 0.000000 0.000000
9.000000 112.878247 13.149880 -0.739859 3.351875 0.000000 0.000000 0.000000 1.000000 0.000000 0.000000
9.000000 112.879061 13.121441 -0.723689 3.333041 0.000000 0.000000 0.000000 1.000000 0.000000 0.000000
9.000000 112.881582 13.112298 -0.725541 3.298005 0.000000 0.000000 0.000000 1.000000 0.000000 0.000000
9.000000 112.884784 13.652456 -0.741476 3.249903 0.000000 0.000000 0.000000 1.000000 0.000000 0.000000
9.000000 112.887346 13.062152 -0.701540 3.269412 0.000000 0.000000 0.000000 1.000000 0.000000 0.000000
9.000000 112.888216 13.064250 -0.740046 3.326653 0.000000 0.000000 0.000000 1.000000 0.000000 0.000000
9.000000 112.888465 13.053028 -0.743415 3.335122 0.000000 0.000000 0.000000 1.000000 0.000000 0.000000
9.000000 112.889034 13.008785 -0.719472 3.310743 0.000000 0.000000 0.000000 1.000000 0.000000 0.000000
9.000000 112.891396 12.963411 -0.740735 3.276532 0.000000 0.000000 0.000000 1.000000 0.000000 0.000000
9.000000 112.894777 13.583231 -0.753325 3.235485 0.000000 0.000000 0.000000 1.000000 0.000000 0.000000
9.000000 112.897310 12.877202 -0.686740 3.247915 0.000000 0.000000 0.000000 1.000000 0.000000 0.000000
9.000000 112.898207 12.782435 -0.671709 3.312823 0.000000 0.000000 0.000000 1.000000 0.000000 0.000000
9.000000 112.898209 12.966019 -0.751432 3.319895 0.000000 0.000000 0.000000 1.000000 0.000000 0.000000
9.000000 112.899072 13.209862 -0.620146 3.286667 0.000000 0.000000 0.000000 1.000000 0.000000 0.000000
9.000000 112.901412 12.905302 -0.728807 3.255996 0.000000 0.000000 0.000000 1.000000 0.000000 0.000000
9.000000 112.904766 13.397926 -0.744133 3.215471 0.000000 0.000000 0.000000 1.000000 0.000000 0.000000
9.000000 112.907317 12.874481 -0.710650 3.235699 0.000000 0.000000 0.000000 1.000000 0.000000 0.000000
9.000000 112.908248 12.749045 -0.696669 3.298799 0.000000 0.000000 0.000000 1.000000 0.000000 0.000000
9.000000 112.908261 12.867573 -0.758398 3.300359 0.000000 0.000000 0.000000 1.000000 0.000000 0.000000
9.000000 112.909384 13.046314 -0.663784 3.276940 0.000000 0.000000 0.000000 1.000000 0.000000 0.000000
9.000000 112.911504 12.819451 -0.744094 3.246211 0.000000 0.000000 0.000000 1.000000 0.000000 0.000000
9.000000 112.914846 13.420251 -0.757150 3.191946 0.000000 0.000000 0.000000 1.000000 0.000000 0.000000
9.000000 112.917365 12.769839 -0.706425 3.208914 0.000000 0.000000 0.000000 1.000000 0.000000 0.000000
9.000000 112.918191 12.793864 -0.754955 3.266412 0.000000 0.000000 0.000000 1.000000 0.000000 0.000000
9.000000 112.918375 12.773649 -0.761927 3.279211 0.000000 0.000000 0.000000 1.000000 0.000000 0.000000
9.000000 112.919069 12.746459 -0.746391 3.263601 0.000000 0.000000 0.000000 1.000000 0.000000 0.000000
9.000000 112.921432 12.734540 -0.748225 3.227252 0.000000 0.000000 0.000000 1.000000 0.000000 0.000000
9.000000 112.924866 13.225179 -0.759884 3.178684 0.000000 0.000000 0.000000 1.000000 0.000000 0.000000
9.000000 112.927524 12.649116 -0.718009 3.192781 0.000000 0.000000 0.000000 1.000000 0.000000 0.000000
9.000000 112.928299 12.522642 -0.699895 3.254861 0.000000 0.000000 0.000000 1.000000 0.000000 0.000000
9.000000 112.928366 12.661935 -0.768712 3.260099 0.000000 0.000000 0.000000 1.000000 0.000000 0.000000
9.000000 112.929209 12.822979 -0.682682 3.240199 0.000000 0.000000 0.000000 1.000000 0.000000 0.000000
9.000000 112.931419 12.624989 -0.749074 3.207721 0.000000 0.000000 0.000000 1.000000 0.000000 0.000000
9.000000 112.934896 13.086297 -0.757780 3.156679 0.000000 0.000000 0.000000 1.000000 0.000000 0.000000
9.000000 112.937269 12.579998 -0.725460 3.177607 0.000000 0.000000 0.000000 1.000000 0.000000 0.000000
9.000000 112.938211 12.593482 -0.766195 3.230539 0.000000 0.000000 0.000000 1.000000 0.000000 0.000000
9.000000 112.938442 12.588533 -0.767579 3.235672 0.000000 0.000000 0.000000 1.000000 0.000000 0.000000
9.000000 112.941441 12.518001 -0.745685 3.205905 0.000000 0.000000 0.000000 1.000000 0.000000 0.000000
9.000000 112.944773 13.115112 -0.775127 3.130396 0.000000 0.000000 0.000000 1.000000 0.000000 0.000000
9.000000 112.947340 12.394629 -0.718180 3.135985 0.000000 0.000000 0.000000 1.000000 0.000000 0.000000
9.000000 112.948230 12.464271 -0.784416 3.199332 0.000000 0.000000 0.000000 1.000000 0.000000 0.000000
9.000000 112.948506 12.475227 -0.779272 3.215923 0.000000 0.000000 0.000000 1.000000 0.000000 0.000000
9.000000 112.949099 12.430472 -0.757091 3.191796 0.000000 0.000000 0.000000 1.000000 0.000000 0.000000
9.000000 112.951661 12.402318 -0.767451 3.157943 0.000000 0.000000 0.000000 1.000000 0.000000 0.000000
9.000000 112.954863 13.012489 -0.777813 3.105203 0.000000 0.000000 0.000000 1.000000 0.000000 0.000000
9.000000 112.957272 12.283356 -0.712870 3.112692 0.000000 0.000000 0.000000 1.000000 0.000000 0.000000
9.000000 112.958403 12.174187 -0.695811 3.178343 0.000000 0.000000 0.000000 1.000000 0.000000 0.000000
9.000000 112.958444 12.375315 -0.783540 3.190490 0.000000 0.000000 0.000000 1.000000 0.000000 0.000000
9.000000 112.959152 12.573707 -0.679476 3.168231 0.000000 0.000000 0.000000 1.000000 0.000000 0.000000
9.000000 112.961448 12.332816 -0.764507 3.137033 0.000000 0.000000 0.000000 1.000000 0.000000 0.000000
9.000000 112.964802 12.848737 -0.772286 3.085488 0.000000 0.000000 0.000000 1.000000 0.000000 0.000000
9.000000 112.967345 12.258729 -0.728557 3.103686 0.000000 0.000000 0.000000 1.000000 0.000000 0.000000
9.000000 112.968295 12.299019 -0.783888 3.157594 0.000000 0.000000 0.000000 1.000000 0.000000 0.000000
9.000000 112.968486 12.290297 -0.786633 3.165399 0.000000 0.000000 0.000000 1.000000 0.000000 0.000000
9.000000 112.969112 12.255337 -0.768627 3.146206 0.000000 0.000000 0.000000 1.000000 0.000000 0.000000
9.000000 112.971429 12.235142 -0.773760 3.110678 0.000000 0.000000 0.000000 1.000000 0.000000 0.000000
9.000000 112.975181 12.666833 -0.779673 3.065438 0.000000 0.000000 0.000000 1.000000 0.000000 0.000000
9.000000 112.977544 12.160527 -0.745027 3.084870 0.000000 0.000000 0.000000 1.000000 0.000000 0.000000
9.000000 112.978344 12.157127 -0.777910 3.137477 0.000000 0.000000 0.000000 1.000000 0.000000 0.000000
9.000000 112.978349 12.188332 -0.792411 3.137554 0.000000 0.000000 0.000000 1.000000 0.000000 0.000000
9.000000 112.979115 12.377644 -0.694946 3.116923 0.000000 0.000000 0.000000 1.000000 0.000000 0.000000
9.000000 112.981467 12.146506 -0.778429 3.086939 0.000000 0.000000 0.000000 1.000000 0.000000 0.000000
9.000000 112.984808 12.649241 -0.783772 3.036048 0.000000 0.000000 0.000000 1.000000 0.000000 0.000000
9.000000 112.987429 12.076893 -0.741796 3.056765 0.000000 0.000000 0.000000 1.000000 0.000000 0.000000
9.000000 112.988259 12.056751 -0.776290 3.116014 0.000000 0.000000 0.000000 1.000000 0.000000 0.000000
9.000000 112.988358 12.111934 -0.807760 3.111095 0.000000 0.000000 0.000000 1.000000 0.000000 0.000000
9.000000 112.989434 12.220321 -0.727116 3.092369 0.000000 0.000000 0.000000 1.000000 0.000000 0.000000
9.000000 112.991470 12.000041 -0.783769 3.064811 0.000000 0.000000 0.000000 1.000000 0.000000 0.000000
9.000000 112.994972 12.530517 -0.784606 3.012086 0.000000 0.000000 0.000000 1.000000 0.000000 0.000000
9.000000 112.997480 11.821749 -0.721769 3.024529 0.000000 0.000000 0.000000 1.000000 0.000000 0.000000
9.000000 112.998267 11.844108 -0.754608 3.081455 0.000000 0.000000 0.000000 1.000000 0.000000 0.000000
9.000000 112.998565 11.993599 -0.806720 3.086800 0.000000 0.000000 0.000000 1.000000 0.000000 0.000000
9.000000 112.999098 12.241410 -0.675777 3.056360 0.000000 0.000000 0.000000 1.000000 0.000000 0.000000
9.000000 113.001480 11.933816 -0.786805 3.027569 0.000000 0.000000 0.000000 1.000000 0.000000 0.000000
9.000000 113.004819 12.391192 -0.793580 2.985400 0.000000 0.000000 0.000000 1.000000 0.000000 0.000000
9.000000 113.007488 11.881160 -0.755391 3.001067 0.000000 0.000000 0.000000 1.000000 0.000000 0.000000
9.000000 113.008266 11.810851 -0.763612 3.057601 0.000000 0.000000 0.000000 1.000000 0.000000 0.000000
9.000000 113.008415 11.903178 -0.811861 3.061993 0.000000 0.000000 0.000000 1.000000 0.000000 0.000000
9.000000 113.009094 12.113539 -0.703390 3.038003 0.000000 0.000000 0.000000 1.000000 0.000000 0.000000
9.000000 113.011477 11.857767 -0.794458 3.003710 0.000000 0.000000 0.000000 1.000000 0.000000 0.000000
9.000000 113.014924 12.237638 -0.795235 2.958226 0.000000 0.000000 0.000000 1.000000 0.000000 0.000000
9.000000 113.017410 11.769596 -0.766525 2.982028 0.000000 0.000000 0.000000 1.000000 0.000000 0.000000
9.000000 113.018309 11.803930 -0.819699 3.027159 0.000000 0.000000 0.000000 1.000000 0.000000 0.000000
9.000000 113.018353 11.810126 -0.815071 3.027972 0.000000 0.000000 0.000000 1.000000 0.000000 0.000000
9.000000 113.019129 11.787264 -0.802471 3.013580 0.000000 0.000000 0.000000 1.000000 0.000000 0.000000
9.000000 113.021478 11.781432 -0.798501 2.976225 0.000000 0.000000 0.000000 1.000000 0.000000 0.000000
9.000000 113.025001 12.138700 -0.795753 2.929856 0.000000 0.000000 0.000000 1.000000 0.000000 0.000000
9.000000 113.027650 11.671235 -0.758672 2.941670 0.000000 0.000000 0.000000 1.000000 0.000000 0.000000
9.000000 113.028249 11.736002 -0.817609 2.984064 0.000000 0.000000 0.000000 1.000000 0.000000 0.000000
9.000000 113.028327 11.716009 -0.825781 2.996949 0.000000 0.000000 0.000000 1.000000 0.000000 0.000000
9.000000 113.029135 11.676711 -0.806604 2.978923 0.000000 0.000000 0.000000 1.000000 0.000000 0.000000
9.000000 113.031531 11.661424 -0.808243 2.945135 0.000000 0.000000 0.000000 1.000000 0.000000 0.000000
9.000000 113.034936 12.083518 -0.801382 2.898793 0.000000 0.000000 0.000000 1.000000 0.000000 0.000000
9.000000 113.037545 11.531819 -0.755563 2.921189 0.000000 0.000000 0.000000 1.000000 0.000000 0.000000
9.000000 113.038262 11.614923 -0.834134 2.966002 0.000000 0.000000 0.000000 1.000000 0.000000 0.000000
9.000000 113.038327 11.642013 -0.820841 2.962602 0.000000 0.000000 0.000000 1.000000 0.000000 0.000000
9.000000 113.041493 11.570458 -0.803115 2.932747 0.000000 0.000000 0.000000 1.000000 0.000000 0.000000
9.000000 113.044894 12.018539 -0.811107 2.868929 0.000000 0.000000 0.000000 1.000000 0.000000 0.000000
9.000000 113.047650 11.390384 -0.747244 2.877029 0.000000 0.000000 0.000000 1.000000 0.000000 0.000000
9.000000 113.048285 11.370173 -0.770338 2.928753 0.000000 0.000000 0.000000 1.000000 0.000000 0.000000
9.000000 113.048314 11.526374 -0.837281 2.937500 0.000000 0.000000 0.000000 1.000000 0.000000 0.000000
9.000000 113.049129 11.800675 -0.686841 2.905656 0.000000 0.000000 0.000000 1.000000 0.000000 0.000000
9.000000 113.051533 11.442420 -0.813272 2.875845 0.000000 0.000000 0.000000 1.000000 0.000000 0.000000
9.000000 113.054921 11.878302 -0.809716 2.837556 0.000000 0.000000 0.000000 1.000000 0.000000 0.000000
9.000000 113.057467 11.350669 -0.759429 2.850912 0.000000 0.000000 0.000000 1.000000 0.000000 0.000000
9.000000 113.058362 11.372159 -0.804457 2.896747 0.000000 0.000000 0.000000 1.000000 0.000000 0.000000
9.000000 113.058445 11.437181 -0.834378 2.900004 0.000000 0.000000 0.000000 1.000000 0.000000 0.000000
9.000000 113.059175 11.606052 -0.738763 2.880454 0.000000 0.000000 0.000000 1.000000 0.000000 0.000000
9.000000 113.061596 11.359108 -0.819970 2.849553 0.000000 0.000000 0.000000 1.000000 0.000000 0.000000
9.000000 113.065114 11.732403 -0.819412 2.802697 0.000000 0.000000 0.000000 1.000000 0.000000 0.000000
9.000000 113.067464 11.261757 -0.784756 2.813005 0.000000 0.000000 0.000000 1.000000 0.000000 0.000000
9.000000 113.068320 11.328834 -0.847363 2.860115 0.000000 0.000000 0.000000 1.000000 0.000000 0.000000
9.000000 113.068441 11.334377 -0.844214 2.873466 0.000000 0.000000 0.000000 1.000000 0.000000 0.000000
9.000000 113.069155 11.352022 -0.849943 2.853539 0.000000 0.000000 0.000000 1.000000 0.000000 0.000000
9.000000 113.071498 11.370211 -0.834121 2.811201 0.000000 0.000000 0.000000 1.000000 0.000000 0.000000
9.000000 113.074917 11.652668 -0.815762 2.770139 0.000000 0.000000 0.000000 1.000000 0.000000 0.000000
9.000000 113.077451 11.127714 -0.764652 2.779512 0.000000 0.000000 0.000000 1.000000 0.000000 0.000000
9.000000 113.078339 11.129226 -0.799854 2.825311 0.000000 0.000000 0.000000 1.000000 0.000000 0.000000
9.000000 113.078562 11.241730 -0.850050 2.834343 0.000000 0.000000 0.000000 1.000000 0.000000 0.000000
9.000000 113.079366 11.426436 -0.770750 2.810035 0.000000 0.000000 0.000000 1.000000 0.000000 0.000000
9.000000 113.081530 11.252998 -0.842931 2.776053 0.000000 0.000000 0.000000 1.000000 0.000000 0.000000
9.000000 113.084838 11.542746 -0.823460 2.736326 0.000000 0.000000 0.000000 1.000000 0.000000 0.000000
9.000000 113.087369 11.040915 -0.772221 2.746595 0.000000 0.000000 0.000000 1.000000 0.000000 0.000000
9.000000 113.088386 11.148840 -0.855153 2.787667 0.000000 0.000000 0.000000 1.000000 0.000000 0.000000
9.000000 113.088623 11.152137 -0.853660 2.798091 0.000000 0.000000 0.000000 1.000000 0.000000 0.000000
9.000000 113.089160 11.097385 -0.829204 2.773543 0.000000 0.000000 0.000000 1.000000 0.000000 0.000000
9.000000 113.091796 11.076290 -0.834670 2.742453 0.000000 0.000000 0.000000 1.000000 0.000000 0.000000
9.000000 113.094841 11.443198 -0.824207 2.700381 0.000000 0.000000 0.000000 1.000000 0.000000 0.000000
9.000000 113.097392 10.897017 -0.771288 2.705509 0.000000 0.000000 0.000000 1.000000 0.000000 0.000000
9.000000 113.098444 10.903082 -0.801110 2.749195 0.000000 0.000000 0.000000 1.000000 0.000000 0.000000
9.000000 113.098484 11.051633 -0.858424 2.760476 0.000000 0.000000 0.000000 1.000000 0.000000 0.000000
9.000000 113.099121 11.248729 -0.766822 2.734456 0.000000 0.000000 0.000000 1.000000 0.000000 0.000000
9.000000 113.101650 11.046601 -0.845486 2.700484 0.000000 0.000000 0.000000 1.000000 0.000000 0.000000
9.000000 113.104967 11.328195 -0.828840 2.661073 0.000000 0.000000 0.000000 1.000000 0.000000 0.000000
9.000000 113.107351 10.854207 -0.784919 2.671850 0.000000 0.000000 0.000000 1.000000 0.000000 0.000000
9.000000 113.108441 10.963922 -0.870550 2.713004 0.000000 0.000000 0.000000 1.000000 0.000000 0.000000
9.000000 113.108658 10.975047 -0.865241 2.723241 0.000000 0.000000 0.000000 1.000000 0.000000 0.000000
9.000000 113.109127 10.978907 -0.865690 2.705997 0.000000 0.000000 0.000000 1.000000 0.000000 0.000000
9.000000 113.111664 10.957416 -0.864751 2.663960 0.000000 0.000000 0.000000 1.000000 0.000000 0.000000
9.000000 113.115066 11.214603 -0.835575 2.622425 0.000000 0.000000 0.000000 1.000000 0.000000 0.000000
9.000000 113.117438 10.738897 -0.781848 2.632831 0.000000 0.000000 0.000000 1.000000 0.000000 0.000000
9.000000 113.118504 10.868465 -0.876214 2.672551 0.000000 0.000000 0.000000 1.000000 0.000000 0.000000
9.000000 113.118508 10.881079 -0.870257 2.686160 0.000000 0.000000 0.000000 1.000000 0.000000 0.000000
9.000000 113.119196 10.885086 -0.870650 2.668791 0.000000 0.000000 0.000000 1.000000 0.000000 0.000000
9.000000 113.121697 10.883648 -0.863258 2.632421 0.000000 0.000000 0.000000 1.000000 0.000000 0.000000
9.000000 113.124914 11.168672 -0.841373 2.589379 0.000000 0.000000 0.000000 1.000000 0.000000 0.000000
9.000000 113.127576 10.656354 -0.789952 2.595475 0.000000 0.000000 0.000000 1.000000 0.000000 0.000000
9.000000 113.128500 10.770474 -0.878952 2.634728 0.000000 0.000000 0.000000 1.000000 0.000000 0.000000
9.000000 113.128555 10.785703 -0.871315 2.645210 0.000000 0.000000 0.000000 1.000000 0.000000 0.000000
9.000000 113.129153 10.746169 -0.853356 2.627570 0.000000 0.000000 0.000000 1.000000 0.000000 0.000000
9.000000 113.131771 10.713071 -0.860747 2.594748 0.000000 0.000000 0.000000 1.000000 0.000000 0.000000
9.000000 113.134942 11.015700 -0.839215 2.552751 0.000000 0.000000 0.000000 1.000000 0.000000 0.000000
9.000000 113.137408 10.553509 -0.787490 2.558111 0.000000 0.000000 0.000000 1.000000 0.000000 0.000000
9.000000 113.138494 10.581277 -0.836104 2.595334 0.000000 0.000000 0.000000 1.000000 0.000000 0.000000
9.000000 113.138533 10.685612 -0.884988 2.602543 0.000000 0.000000 0.000000 1.000000 0.000000 0.000000
9.000000 113.139340 10.857091 -0.782496 2.578880 0.000000 0.000000 0.000000 1.000000 0.000000 0.000000
9.000000 113.141714 10.588650 -0.867463 2.549748 0.000000 0.000000 0.000000 1.000000 0.000000 0.000000
9.000000 113.144863 10.944485 -0.857010 2.503188 0.000000 0.000000 0.000000 1.000000 0.000000 0.000000
9.000000 113.147544 10.467833 -0.811852 2.505579 0.000000 0.000000 0.000000 1.000000 0.000000 0.000000
9.000000 113.148514 10.573926 -0.895235 2.544871 0.000000 0.000000 0.000000 1.000000 0.000000 0.000000
9.000000 113.148691 10.604120 -0.881123 2.554239 0.000000 0.000000 0.000000 1.000000 0.000000 0.000000
9.000000 113.149163 10.545750 -0.856404 2.537839 0.000000 0.000000 0.000000 1.000000 0.000000 0.000000
9.000000 113.151801 10.488118 -0.874254 2.509782 0.000000 0.000000 0.000000 1.000000 0.000000 0.000000
9.000000 113.154957 10.774553 -0.863695 2.465987 0.000000 0.000000 0.000000 1.000000 0.000000 0.000000
9.000000 113.157391 10.418388 -0.831026 2.469990 0.000000 0.000000 0.000000 1.000000 0.000000 0.000000
9.000000 113.158269 10.374169 -0.837010 2.510399 0.000000 0.000000 0.000000 1.000000 0.000000 0.000000
9.000000 113.158450 10.503582 -0.894332 2.516863 0.000000 0.000000 0.000000 1.000000 0.000000 0.000000
9.000000 113.159160 10.575183 -0.873501 2.496619 0.000000 0.000000 0.000000 1.000000 0.000000 0.000000
9.000000 113.161556 10.521166 -0.893190 2.463285 0.000000 0.000000 0.000000 1.000000 0.000000 0.000000
9.000000 113.164948 10.716621 -0.862321 2.419004 0.000000 0.000000 0.000000 1.000000 0.000000 0.000000
9.000000 113.167575 10.305709 -0.822256 2.428279 0.000000 0.000000 0.000000 1.000000 0.000000 0.000000
9.000000 113.168536 10.406388 -0.905673 2.461087 0.000000 0.000000 0.000000 1.000000 0.000000 0.000000
9.000000 113.168567 10.422212 -0.895445 2.473956 0.000000 0.000000 0.000000 1.000000 0.000000 0.000000
9.000000 113.169183 10.432062 -0.895683 2.463796 0.000000 0.000000 0.000000 1.000000 0.000000 0.000000
9.000000 113.171556 10.399600 -0.898060 2.419675 0.000000 0.000000 0.000000 1.000000 0.000000 0.000000
9.000000 113.174984 10.633955 -0.867449 2.375205 0.000000 0.000000 0.000000 1.000000 0.000000 0.000000
9.000000 113.177471 10.203075 -0.819869 2.380024 0.000000 0.000000 0.000000 1.000000 0.000000 0.000000
9.000000 113.178394 10.314647 -0.907682 2.409435 0.000000 0.000000 0.000000 1.000000 0.000000 0.000000
9.000000 113.178515 10.309652 -0.907674 2.426075 0.000000 0.000000 0.000000 1.000000 0.000000 0.000000
9.000000 113.179214 10.354655 -0.922190 2.420564 0.000000 0.000000 0.000000 1.000000 0.000000 0.000000
9.000000 113.181546 10.351615 -0.908868 2.375052 0.000000 0.000000 0.000000 1.000000 0.000000 0.000000
9.000000 113.184931 10.474918 -0.878130 2.337155 0.000000 0.000000 0.000000 1.000000 0.000000 0.000000
9.000000 113.187553 10.137903 -0.847781 2.345944 0.000000 0.000000 0.000000 1.000000 0.000000 0.000000
9.000000 113.188368 10.218294 -0.918080 2.373742 0.000000 0.000000 0.000000 1.000000 0.000000 0.000000
9.000000 113.188438 10.230993 -0.910787 2.378750 0.000000 0.000000 0.000000 1.000000 0.000000 0.000000
9.000000 113.191653 10.118978 -0.884965 2.345199 0.000000 0.000000 0.000000 1.000000 0.000000 0.000000
9.000000 113.195142 10.372311 -0.886200 2.287850 0.000000 0.000000 0.000000 1.000000 0.000000 0.000000
9.000000 113.197605 10.016863 -0.840333 2.286576 0.000000 0.000000 0.000000 1.000000 0.000000 0.000000
9.000000 113.198429 9.954725 -0.836993 2.327090 0.000000 0.000000 0.000000 1.000000 0.000000 0.000000
9.000000 113.198546 10.134632 -0.916492 2.339104 0.000000 0.000000 0.000000 1.000000 0.000000 0.000000
9.000000 113.199171 10.259627 -0.834524 2.315308 0.000000 0.000000 0.000000 1.000000 0.000000 0.000000
9.000000 113.201546 10.015490 -0.902185 2.283105 0.000000 0.000000 0.000000 1.000000 0.000000 0.000000
9.000000 113.205029 10.308023 -0.885283 2.232450 0.000000 0.000000 0.000000 1.000000 0.000000 0.000000
9.000000 113.207546 9.957765 -0.854410 2.241106 0.000000 0.000000 0.000000 1.000000 0.000000 0.000000
9.000000 113.208325 9.929764 -0.871867 2.285221 0.000000 0.000000 0.000000 1.000000 0.000000 0.000000
9.000000 113.208364 10.050974 -0.921709 2.290561 0.000000 0.000000 0.000000 1.000000 0.000000 0.000000
9.000000 113.209217 10.095271 -0.916266 2.272304 0.000000 0.000000 0.000000 1.000000 0.000000 0.000000
9.000000 113.211683 10.063978 -0.925139 2.237248 0.000000 0.000000 0.000000 1.000000 0.000000 0.000000
9.000000 113.214984 10.168197 -0.890913 2.198249 0.000000 0.000000 0.000000 1.000000 0.000000 0.000000
9.000000 113.217554 9.847438 -0.858587 2.200045 0.000000 0.000000 0.000000 1.000000 0.000000 0.000000
9.000000 113.218367 9.947210 -0.935253 2.222529 0.000000 0.000000 0.000000 1.000000 0.000000 0.000000
9.000000 113.218444 9.960489 -0.925200 2.241167 0.000000 0.000000 0.000000 1.000000 0.000000 0.000000
9.000000 113.219194 9.993845 -0.933390 2.236387 0.000000 0.000000 0.000000 1.000000 0.000000 0.000000
9.000000 113.221590 9.813717 -0.916619 2.199155 0.000000 0.000000 0.000000 1.000000 0.000000 0.000000
9.000000 113.224909 10.103420 -0.891060 2.149092 0.000000 0.000000 0.000000 1.000000 0.000000 0.000000
9.000000 113.227483 9.724556 -0.848165 2.153925 0.000000 0.000000 0.000000 1.000000 0.000000 0.000000
9.000000 113.228395 9.841985 -0.941682 2.179222 0.000000 0.000000 0.000000 1.000000 0.000000 0.000000
9.000000 113.228478 9.864005 -0.928791 2.189110 0.000000 0.000000 0.000000 1.000000 0.000000 0.000000
9.000000 113.229504 9.801112 -0.901131 2.178730 0.000000 0.000000 0.000000 1.000000 0.000000 0.000000
9.000000 113.231668 9.873383 -0.930086 2.141140 0.000000 0.000000 0.000000 1.000000 0.000000 0.000000
9.000000 113.235015 9.990649 -0.900850 2.107939 0.000000 0.000000 0.000000 1.000000 0.000000 0.000000
9.000000 113.237418 9.655496 -0.867722 2.106652 0.000000 0.000000 0.000000 1.000000 0.000000 0.000000
9.000000 113.238397 9.755354 -0.945682 2.128911 0.000000 0.000000 0.000000 1.000000 0.000000 0.000000
9.000000 113.238623 9.775212 -0.933676 2.142135 0.000000 0.000000 0.000000 1.000000 0.000000 0.000000
9.000000 113.239217 9.717554 -0.907749 2.130810 0.000000 0.000000 0.000000 1.000000 0.000000 0.000000
9.000000 113.241648 9.664164 -0.923675 2.103693 0.000000 0.000000 0.000000 1.000000 0.000000 0.000000
9.000000 113.244935 9.912001 -0.908550 2.058760 0.000000 0.000000 0.000000 1.000000 0.000000 0.000000
9.000000 113.247484 9.574256 -0.876034 2.056100 0.000000 0.000000 0.000000 1.000000 0.000000 0.000000
9.000000 113.248359 9.660513 -0.946930 2.084715 0.000000 0.000000 0.000000 1.000000 0.000000 0.000000
9.000000 113.248750 9.676675 -0.938939 2.097351 0.000000 0.000000 0.000000 1.000000 0.000000 0.000000
9.000000 113.249217 9.618305 -0.914660 2.077682 0.000000 0.000000 0.000000 1.000000 0.000000 0.000000
9.000000 113.251652 9.583860 -0.921994 2.048779 0.000000 0.000000 0.000000 1.000000 0.000000 0.000000
9.000000 113.255035 9.822159 -0.907898 2.002329 0.000000 0.000000 0.000000 1.000000 0.000000 0.000000
9.000000 113.257593 9.458114 -0.878392 1.998106 0.000000 0.000000 0.000000 1.000000 0.000000 0.000000
9.000000 113.258471 9.558537 -0.959588 2.029898 0.000000 0.000000 0.000000 1.000000 0.000000 0.000000
9.000000 113.258481 9.592836 -0.941671 2.045599 0.000000 0.000000 0.000000 1.000000 0.000000 0.000000
9.000000 113.259213 9.528190 -0.913979 2.026681 0.000000 0.000000 0.000000 1.000000 0.000000 0.000000
9.000000 113.261587 9.481325 -0.927874 1.997537 0.000000 0.000000 0.000000 1.000000 0.000000 0.000000
9.000000 113.264860 9.748913 -0.901830 1.950306 0.000000 0.000000 0.000000 1.000000 0.000000 0.000000
9.000000 113.267590 9.365474 -0.856874 1.948321 0.000000 0.000000 0.000000 1.000000 0.000000 0.000000
9.000000 113.268335 9.496585 -0.958507 1.968651 0.000000 0.000000 0.000000 1.000000 0.000000 0.000000
9.000000 113.268726 9.507191 -0.950706 1.984525 0.000000 0.000000 0.000000 1.000000 0.000000 0.000000
9.000000 113.269263 9.430294 -0.917123 1.970594 0.000000 0.000000 0.000000 1.000000 0.000000 0.000000
9.000000 113.271724 9.379708 -0.934772 1.947229 0.000000 0.000000 0.000000 1.000000 0.000000 0.000000
9.000000 113.274988 9.664327 -0.923420 1.896929 0.000000 0.000000 0.000000 1.000000 0.000000 0.000000
9.000000 113.277446 9.313240 -0.892257 1.893519 0.000000 0.000000 0.000000 1.000000 0.000000 0.000000
9.000000 113.278443 9.399459 -0.968458 1.919253 0.000000 0.000000 0.000000 1.000000 0.000000 0.000000
9.000000 113.278707 9.425476 -0.953294 1.929700 0.000000 0.000000 0.000000 1.000000 0.000000 0.000000
9.000000 113.279227 9.340626 -0.917471 1.913764 0.000000 0.000000 0.000000 1.000000 0.000000 0.000000
9.000000 113.281617 9.285756 -0.938574 1.893332 0.000000 0.000000 0.000000 1.000000 0.000000 0.000000
9.000000 113.284886 9.562479 -0.930893 1.845257 0.000000 0.000000 0.000000 1.000000 0.000000 0.000000
9.000000 113.287612 9.238145 -0.902768 1.841065 0.000000 0.000000 0.000000 1.000000 0.000000 0.000000
9.000000 113.288351 9.309719 -0.968980 1.867403 0.000000 0.000000 0.000000 1.000000 0.000000 0.000000
9.000000 113.289034 9.327179 -0.957770 1.881677 0.000000 0.000000 0.000000 1.000000 0.000000 0.000000
9.000000 113.289204 9.296625 -0.942334 1.872386 0.000000 0.000000 0.000000 1.000000 0.000000 0.000000
9.000000 113.291666 9.244881 -0.951965 1.837789 0.000000 0.000000 0.000000 1.000000 0.000000 0.000000
9.000000 113.295016 9.451065 -0.927234 1.788554 0.000000 0.000000 0.000000 1.000000 0.000000 0.000000
9.000000 113.297502 9.129401 -0.896999 1.785745 0.000000 0.000000 0.000000 1.000000 0.000000 0.000000
9.000000 113.298400 9.215933 -0.972773 1.813163 0.000000 0.000000 0.000000 1.000000 0.000000 0.000000
9.000000 113.298528 9.239786 -0.960589 1.823518 0.000000 0.000000 0.000000 1.000000 0.000000 0.000000
9.000000 113.299248 9.187527 -0.939300 1.810193 0.000000 0.000000 0.000000 1.000000 0.000000 0.000000
9.000000 113.301598 9.125531 -0.956945 1.784489 0.000000 0.000000 0.000000 1.000000 0.000000 0.000000
9.000000 113.304913 9.357082 -0.926720 1.736910 0.000000 0.000000 0.000000 1.000000 0.000000 0.000000
9.000000 113.307481 9.010193 -0.884711 1.733876 0.000000 0.000000 0.000000 1.000000 0.000000 0.000000
9.000000 113.308356 9.121415 -0.976692 1.758762 0.000000 0.000000 0.000000 1.000000 0.000000 0.000000
9.000000 113.308708 9.146211 -0.965097 1.766986 0.000000 0.000000 0.000000 1.000000 0.000000 0.000000
9.000000 113.309241 9.071118 -0.936107 1.743657 0.000000 0.000000 0.000000 1.000000 0.000000 0.000000
9.000000 113.311652 9.031380 -0.952062 1.725025 0.000000 0.000000 0.000000 1.000000 0.000000 0.000000
9.000000 113.314908 9.273006 -0.927270 1.683115 0.000000 0.000000 0.000000 1.000000 0.000000 0.000000
9.000000 113.317557 8.909482 -0.883054 1.677512 0.000000 0.000000 0.000000 1.000000 0.000000 0.000000
9.000000 113.318387 9.037233 -0.985080 1.700412 0.000000 0.000000 0.000000 1.000000 0.000000 0.000000
9.000000 113.318743 9.063478 -0.971821 1.712959 0.000000 0.000000 0.000000 1.000000 0.000000 0.000000
9.000000 113.319265 8.984888 -0.940359 1.688646 0.000000 0.000000 0.000000 1.000000 0.000000 0.000000
9.000000 113.321608 8.959041 -0.952332 1.670131 0.000000 0.000000 0.000000 1.000000 0.000000 0.000000
9.000000 113.324929 9.183781 -0.946220 1.629108 0.000000 0.000000 0.000000 1.000000 0.000000 0.000000
9.000000 113.327705 8.874175 -0.922709 1.622124 0.000000 0.000000 0.000000 1.000000 0.000000 0.000000
9.000000 113.328331 8.946260 -0.990796 1.641840 0.000000 0.000000 0.000000 1.000000 0.000000 0.000000
9.000000 113.328693 8.968892 -0.977352 1.647702 0.000000 0.000000 0.000000 1.000000 0.000000 0.000000
9.000000 113.329247 8.861285 -0.934314 1.626964 0.000000 0.000000 0.000000 1.000000 0.000000 0.000000
9.000000 113.331712 8.820958 -0.956536 1.617127 0.000000 0.000000 0.000000 1.000000 0.000000 0.000000
9.000000 113.334868 9.121596 -0.943097 1.567297 0.000000 0.000000 0.000000 1.000000 0.000000 0.000000
9.000000 113.337476 8.726205 -0.895370 1.550386 0.000000 0.000000 0.000000 1.000000 0.000000 0.000000
9.000000 113.338407 8.858796 -0.996964 1.573813 0.000000 0.000000 0.000000 1.000000 0.000000 0.000000
9.000000 113.338494 8.890343 -0.981691 1.591932 0.000000 0.000000 0.000000 1.000000 0.000000 0.000000
9.000000 113.339240 8.828359 -0.957318 1.580101 0.000000 0.000000 0.000000 1.000000 0.000000 0.000000
9.000000 113.341681 8.760826 -0.975998 1.556710 0.000000 0.000000 0.000000 1.000000 0.000000 0.000000
9.000000 113.344837 8.976051 -0.942608 1.507377 0.000000 0.000000 0.000000 1.000000 0.000000 0.000000
9.000000 113.347492 8.643368 -0.903123 1.504325 0.000000 0.000000 0.000000 1.000000 0.000000 0.000000
9.000000 113.348441 8.758783 -1.002168 1.527082 0.000000 0.000000 0.000000 1.000000 0.000000 0.000000
9.000000 113.348674 8.792673 -0.985208 1.533756 0.000000 0.000000 0.000000 1.000000 0.000000 0.000000
9.000000 113.349247 8.728911 -0.960181 1.506015 0.000000 0.000000 0.000000 1.000000 0.000000 0.000000
9.000000 113.351691 8.719104 -0.967682 1.488007 0.000000 0.000000 0.000000 1.000000 0.000000 0.000000
9.000000 113.354979 8.910868 -0.948028 1.453655 0.000000 0.000000 0.000000 1.000000 0.000000 0.000000
9.000000 113.357423 8.601341 -0.918215 1.453262 0.000000 0.000000 0.000000 1.000000 0.000000 0.000000
9.000000 113.358391 8.679787 -0.998996 1.475772 0.000000 0.000000 0.000000 1.000000 0.000000 0.000000
9.000000 113.358547 8.706136 -0.985095 1.474430 0.000000 0.000000 0.000000 1.000000 0.000000 0.000000
9.000000 113.359292 8.618379 -0.951913 1.452315 0.000000 0.000000 0.000000 1.000000 0.000000 0.000000
9.000000 113.361621 8.592674 -0.964513 1.440966 0.000000 0.000000 0.000000 1.000000 0.000000 0.000000
9.000000 113.364887 8.829382 -0.955173 1.393881 0.000000 0.000000 0.000000 1.000000 0.000000 0.000000
9.000000 113.367629 8.526395 -0.929518 1.386534 0.000000 0.000000 0.000000 1.000000 0.000000 0.000000
9.000000 113.368388 8.600639 -1.002135 1.408709 0.000000 0.000000 0.000000 1.000000 0.000000 0.000000
9.000000 113.368653 8.622663 -0.991421 1.412300 0.000000 0.000000 0.000000 1.000000 0.000000 0.000000
9.000000 113.369246 8.561326 -0.968667 1.397106 0.000000 0.000000 0.000000 1.000000 0.000000 0.000000
9.000000 113.371682 8.519671 -0.981482 1.381538 0.000000 0.000000 0.000000 1.000000 0.000000 0.000000
9.000000 113.374928 8.730368 -0.957451 1.333694 0.000000 0.000000 0.000000 1.000000 0.000000 0.000000
9.000000 113.377550 8.419386 -0.924027 1.326414 0.000000 0.000000 0.000000 1.000000 0.000000 0.000000
9.000000 113.378380 8.511576 -1.008823 1.345196 0.000000 0.000000 0.000000 1.000000 0.000000 0.000000
9.000000 113.378553 8.535424 -0.995615 1.352240 0.000000 0.000000 0.000000 1.000000 0.000000 0.000000
9.000000 113.379265 8.481539 -0.974013 1.339307 0.000000 0.000000 0.000000 1.000000 0.000000 0.000000
9.000000 113.381757 8.438141 -0.985503 1.319100 0.000000 0.000000 0.000000 1.000000 0.000000 0.000000
9.000000 113.384918 8.624661 -0.953814 1.274000 0.000000 0.000000 0.000000 1.000000 0.000000 0.000000
9.000000 113.387581 8.310548 -0.920836 1.271543 0.000000 0.000000 0.000000 1.000000 0.000000 0.000000
9.000000 113.388395 8.411472 -1.017326 1.289279 0.000000 0.000000 0.000000 1.000000 0.000000 0.000000
9.000000 113.388857 8.438276 -1.001532 1.293334 0.000000 0.000000 0.000000 1.000000 0.000000 0.000000
9.000000 113.389611 8.394357 -0.983067 1.281470 0.000000 0.000000 0.000000 1.000000 0.000000 0.000000
9.000000 113.391705 8.352099 -0.992485 1.258333 0.000000 0.000000 0.000000 1.000000 0.000000 0.000000
9.000000 113.394943 8.493655 -0.965643 1.219947 0.000000 0.000000 0.000000 1.000000 0.000000 0.000000
9.000000 113.397463 8.230584 -0.938415 1.213445 0.000000 0.000000 0.000000 1.000000 0.000000 0.000000
9.000000 113.398414 8.327419 -1.023276 1.222953 0.000000 0.000000 0.000000 1.000000 0.000000 0.000000
9.000000 113.398695 8.360696 -1.004371 1.224372 0.000000 0.000000 0.000000 1.000000 0.000000 0.000000
9.000000 113.399270 8.277946 -0.972475 1.208263 0.000000 0.000000 0.000000 1.000000 0.000000 0.000000
9.000000 113.401667 8.238250 -0.988496 1.196153 0.000000 0.000000 0.000000 1.000000 0.000000 0.000000
9.000000 113.404864 8.435155 -0.969144 1.151881 0.000000 0.000000 0.000000 1.000000 0.000000 0.000000
9.000000 113.407528 8.164288 -0.940839 1.146612 0.000000 0.000000 0.000000 1.000000 0.000000 0.000000
9.000000 113.408628 8.215737 -0.994296 1.160399 0.000000 0.000000 0.000000 1.000000 0.000000 0.000000
9.000000 113.408632 8.267867 -1.006273 1.160849 0.000000 0.000000 0.000000 1.000000 0.000000 0.000000
9.000000 113.409274 8.316199 -0.952025 1.152571 0.000000 0.000000 0.000000 1.000000 0.000000 0.000000
9.000000 113.411774 8.133437 -0.993526 1.136760 0.000000 0.000000 0.000000 1.000000 0.000000 0.000000
9.000000 113.415051 8.308671 -0.977106 1.096580 0.000000 0.000000 0.000000 1.000000 0.000000 0.000000
9.000000 113.417533 8.069605 -0.950831 1.089518 0.000000 0.000000 0.000000 1.000000 0.000000 0.000000
9.000000 113.418407 8.158610 -1.030064 1.095000 0.000000 0.000000 0.000000 1.000000 0.000000 0.000000
9.000000 113.418563 8.179605 -1.015266 1.101810 0.000000 0.000000 0.000000 1.000000 0.000000 0.000000
9.000000 113.419294 8.090905 -0.979049 1.086295 0.000000 0.000000 0.000000 1.000000 0.000000 0.000000
9.000000 113.421695 8.050657 -0.998083 1.073551 0.000000 0.000000 0.000000 1.000000 0.000000 0.000000
9.000000 113.424948 8.246343 -0.988637 1.029011 0.000000 0.000000 0.000000 1.000000 0.000000 0.000000
9.000000 113.427653 8.001969 -0.964914 1.019084 0.000000 0.000000 0.000000 1.000000 0.000000 0.000000
9.000000 113.428401 8.072297 -1.032776 1.027862 0.000000 0.000000 0.000000 1.000000 0.000000 0.000000
9.000000 113.428727 8.083192 -1.022952 1.038129 0.000000 0.000000 0.000000 1.000000 0.000000 0.000000
9.000000 113.429283 7.987662 -0.983665 1.018981 0.000000 0.000000 0.000000 1.000000 0.000000 0.000000
9.000000 113.431750 7.967673 -0.995910 1.006373 0.000000 0.000000 0.000000 1.000000 0.000000 0.000000
9.000000 113.435087 8.155732 -0.991535 0.962566 0.000000 0.000000 0.000000 1.000000 0.000000 0.000000
9.000000 113.437549 7.916157 -0.974531 0.953146 0.000000 0.000000 0.000000 1.000000 0.000000 0.000000
9.000000 113.438423 7.977116 -1.038190 0.963669 0.000000 0.000000 0.000000 1.000000 0.000000 0.000000
9.000000 113.438663 8.001982 -1.023898 0.961087 0.000000 0.000000 0.000000 1.000000 0.000000 0.000000
9.000000 113.439501 7.964144 -1.009456 0.951892 0.000000 0.000000 0.000000 1.000000 0.000000 0.000000
9.000000 113.441681 7.936904 -1.012851 0.936612 0.000000 0.000000 0.000000 1.000000 0.000000 0.000000
9.000000 113.445012 8.067912 -0.993494 0.896160 0.000000 0.000000 0.000000 1.000000 0.000000 0.000000
9.000000 113.447729 7.819644 -0.974748 0.884263 0.000000 0.000000 0.000000 1.000000 0.000000 0.000000
9.000000 113.448464 7.891514 -1.044685 0.893642 0.000000 0.000000 0.000000 1.000000 0.000000 0.000000
9.000000 113.448686 7.913834 -1.030048 0.899146 0.000000 0.000000 0.000000 1.000000 0.000000 0.000000
9.000000 113.449315 7.850361 -1.004389 0.890863 0.000000 0.000000 0.000000 1.000000 0.000000 0.000000
9.000000 113.451777 7.813676 -1.013726 0.877152 0.000000 0.000000 0.000000 1.000000 0.000000 0.000000
9.000000 113.455150 7.978187 -0.993047 0.829633 0.000000 0.000000 0.000000 1.000000 0.000000 0.000000
9.000000 113.457621 7.739269 -0.970498 0.820629 0.000000 0.000000 0.000000 1.000000 0.000000 0.000000
9.000000 113.458450 7.809790 -1.042755 0.826445 0.000000 0.000000 0.000000 1.000000 0.000000 0.000000
9.000000 113.458491 7.822959 -1.033169 0.828067 0.000000 0.000000 0.000000 1.000000 0.000000 0.000000
9.000000 113.459294 7.745254 -1.003308 0.816564 0.000000 0.000000 0.000000 1.000000 0.000000 0.000000
9.000000 113.461689 7.709941 -1.017836 0.808813 0.000000 0.000000 0.000000 1.000000 0.000000 0.000000
9.000000 113.464935 7.886818 -1.006766 0.761754 0.000000 0.000000 0.000000 1.000000 0.000000 0.000000
9.000000 113.467640 7.659091 -0.985206 0.749609 0.000000 0.000000 0.000000 1.000000 0.000000 0.000000
9.000000 113.468426 7.719556 -1.047679 0.754368 0.000000 0.000000 0.000000 1.000000 0.000000 0.000000
9.000000 113.468629 7.732261 -1.037070 0.758496 0.000000 0.000000 0.000000 1.000000 0.000000 0.000000
9.000000 113.469302 7.686351 -1.016966 0.749626 0.000000 0.000000 0.000000 1.000000 0.000000 0.000000
9.000000 113.471766 7.653349 -1.027487 0.734282 0.000000 0.000000 0.000000 1.000000 0.000000 0.000000
9.000000 113.475098 7.793060 -1.009953 0.693619 0.000000 0.000000 0.000000 1.000000 0.000000 0.000000
9.000000 113.477592 7.576708 -0.988273 0.682230 0.000000 0.000000 0.000000 1.000000 0.000000 0.000000
9.000000 113.478428 7.641013 -1.052992 0.685071 0.000000 0.000000 0.000000 1.000000 0.000000 0.000000
9.000000 113.478659 7.656230 -1.041966 0.686471 0.000000 0.000000 0.000000 1.000000 0.000000 0.000000
9.000000 113.479343 7.629084 -1.029442 0.677080 0.000000 0.000000 0.000000 1.000000 0.000000 0.000000
9.000000 113.481684 7.607589 -1.031154 0.658286 0.000000 0.000000 0.000000 1.000000 0.000000 0.000000
9.000000 113.485012 7.704851 -1.011957 0.624606 0.000000 0.000000 0.000000 1.000000 0.000000 0.000000
9.000000 113.487687 7.493058 -0.996367 0.612579 0.000000 0.000000 0.000000 1.000000 0.000000 0.000000
9.000000 113.488485 7.552506 -1.058561 0.612314 0.000000 0.000000 0.000000 1.000000 0.000000 0.000000
9.000000 113.488677 7.569932 -1.043015 0.614179 0.000000 0.000000 0.000000 1.000000 0.000000 0.000000
9.000000 113.489521 7.528626 -1.022790 0.604170 0.000000 0.000000 0.000000 1.000000 0.000000 0.000000
9.000000 113.491712 7.502263 -1.034328 0.588036 0.000000 0.000000 0.000000 1.000000 0.000000 0.000000
9.000000 113.495121 7.616970 -1.017680 0.555811 0.000000 0.000000 0.000000 1.000000 0.000000 0.000000
9.000000 113.497565 7.413311 -0.994434 0.542462 0.000000 0.000000 0.000000 1.000000 0.000000 0.000000
9.000000 113.498523 7.478516 -1.058297 0.537954 0.000000 0.000000 0.000000 1.000000 0.000000 0.000000
9.000000 113.498615 7.475106 -1.053629 0.548883 0.000000 0.000000 0.000000 1.000000 0.000000 0.000000
9.000000 113.499344 7.434575 -1.032783 0.545715 0.000000 0.000000 0.000000 1.000000 0.000000 0.000000
9.000000 113.501697 7.402372 -1.039807 0.528113 0.000000 0.000000 0.000000 1.000000 0.000000 0.000000
9.000000 113.504995 7.551183 -1.023116 0.478741 0.000000 0.000000 0.000000 1.000000 0.000000 0.000000
9.000000 113.507676 7.330676 -1.006518 0.466142 0.000000 0.000000 0.000000 1.000000 0.000000 0.000000
9.000000 113.508499 7.381264 -1.066432 0.470942 0.000000 0.000000 0.000000 1.000000 0.000000 0.000000
9.000000 113.508579 7.390935 -1.056737 0.473874 0.000000 0.000000 0.000000 1.000000 0.000000 0.000000
9.000000 113.509600 7.298533 -1.020606 0.457933 0.000000 0.000000 0.000000 1.000000 0.000000 0.000000
9.000000 113.511756 7.284727 -1.033712 0.454892 0.000000 0.000000 0.000000 1.000000 0.000000 0.000000
9.000000 113.515125 7.455169 -1.029301 0.408355 0.000000 0.000000 0.000000 1.000000 0.000000 0.000000
9.000000 113.517595 7.240872 -1.011577 0.395484 0.000000 0.000000 0.000000 1.000000 0.000000 0.000000
9.000000 113.518570 7.267157 -1.046187 0.405415 0.000000 0.000000 0.000000 1.000000 0.000000 0.000000
9.000000 113.518718 7.307324 -1.056388 0.400055 0.000000 0.000000 0.000000 1.000000 0.000000 0.000000
9.000000 113.519423 7.347421 -1.002369 0.386598 0.000000 0.000000 0.000000 1.000000 0.000000 0.000000
9.000000 113.521741 7.201298 -1.032728 0.382165 0.000000 0.000000 0.000000 1.000000 0.000000 0.000000
9.000000 113.525061 7.373248 -1.029864 0.336154 0.000000 0.000000 0.000000 1.000000 0.000000 0.000000
9.000000 113.527694 7.156851 -1.011927 0.323333 0.000000 0.000000 0.000000 1.000000 0.000000 0.000000
9.000000 113.528661 7.188900 -1.053805 0.332436 0.000000 0.000000 0.000000 1.000000 0.000000 0.000000
9.000000 113.528675 7.215555 -1.061907 0.324338 0.000000 0.000000 0.000000 1.000000 0.000000 0.000000
9.000000 113.530416 7.249181 -1.014052 0.310941 0.000000 0.000000 0.000000 1.000000 0.000000 0.000000
9.000000 113.531806 7.124525 -1.038808 0.309701 0.000000 0.000000 0.000000 1.000000 0.000000 0.000000
9.000000 113.535106 7.298022 -1.030567 0.262474 0.000000 0.000000 0.000000 1.000000 0.000000 0.000000
9.000000 113.537633 7.062037 -1.008702 0.249209 0.000000 0.000000 0.000000 1.000000 0.000000 0.000000
9.000000 113.538564 7.118264 -1.068858 0.251778 0.000000 0.000000 0.000000 1.000000 0.000000 0.000000
9.000000 113.538744 7.135026 -1.070818 0.242961 0.000000 0.000000 0.000000 1.000000 0.000000 0.000000
9.000000 113.541684 7.154466 -1.061873 0.217465 0.000000 0.000000 0.000000 1.000000 0.000000 0.000000
9.000000 113.545068 7.196501 -1.032616 0.193876 0.000000 0.000000 0.000000 1.000000 0.000000 0.000000
9.000000 113.547913 6.987691 -1.007600 0.180663 0.000000 0.000000 0.000000 1.000000 0.000000 0.000000
9.000000 113.548620 7.054274 -1.080849 0.169943 0.000000 0.000000 0.000000 1.000000 0.000000 0.000000
9.000000 113.548687 7.052037 -1.073722 0.174241 0.000000 0.000000 0.000000 1.000000 0.000000 0.000000
9.000000 113.550377 7.008556 -1.051604 0.168781 0.000000 0.000000 0.000000 1.000000 0.000000 0.000000
9.000000 113.551776 6.994561 -1.057245 0.157254 0.000000 0.000000 0.000000 1.000000 0.000000 0.000000
9.000000 113.555228 7.100014 -1.036759 0.121738 0.000000 0.000000 0.000000 1.000000 0.000000 0.000000
9.000000 113.557643 6.889169 -1.014827 0.106141 0.000000 0.000000 0.000000 1.000000 0.000000 0.000000
9.000000 113.558578 6.939999 -1.069613 0.105899 0.000000 0.000000 0.000000 1.000000 0.000000 0.000000
9.000000 113.558701 6.963086 -1.078685 0.097075 0.000000 0.000000 0.000000 1.000000 0.000000 0.000000
9.000000 113.559387 6.990175 -1.032721 0.084563 0.000000 0.000000 0.000000 1.000000 0.000000 0.000000
9.000000 113.561881 6.876019 -1.050817 0.084861 0.000000 0.000000 0.000000 1.000000 0.000000 0.000000
9.000000 113.565020 7.029702 -1.040500 0.039657 0.000000 0.000000 0.000000 1.000000 0.000000 0.000000
9.000000 113.567788 6.810278 -1.019066 0.026196 0.000000 0.000000 0.000000 1.000000 0.000000 0.000000
9.000000 113.568618 6.861018 -1.076933 0.028335 0.000000 0.000000 0.000000 1.000000 0.000000 0.000000
9.000000 113.568679 6.879012 -1.081980 0.017606 0.000000 0.000000 0.000000 1.000000 0.000000 0.000000
9.000000 113.569762 6.902240 -1.055661 0.002304 0.000000 0.000000 0.000000 1.000000 0.000000 0.000000
9.000000 113.571844 6.853994 -1.061996 0.004502 0.000000 0.000000 0.000000 1.000000 0.000000 0.000000
9.000000 113.574957 6.883330 -1.044158 -0.000796 0.000000 0.000000 0.000000 1.000000 0.000000 0.000000
9.000000 113.577584 6.797158 -1.043844 0.015294 0.000000 0.000000 0.000000 1.000000 0.000000 0.000000
9.000000 113.578632 6.779637 -1.065594 0.048077 0.000000 0.000000 0.000000 1.000000 0.000000 0.000000
9.000000 113.578804 6.826345 -1.085269 0.043223 0.000000 0.000000 0.000000 1.000000 0.000000 0.000000
9.000000 113.579412 6.839696 -1.055209 0.032578 0.000000 0.000000 0.000000 1.000000 0.000000 0.000000
9.000000 113.581728 6.810802 -1.054374 0.049930 0.000000 0.000000 0.000000 1.000000 0.000000 0.000000
9.000000 113.585026 6.829762 -1.050050 0.055343 0.000000 0.000000 0.000000 1.000000 0.000000 0.000000
9.000000 113.587630 6.761223 -1.050971 0.069463 0.000000 0.000000 0.000000 1.000000 0.000000 0.000000
9.000000 113.588564 6.779212 -1.093069 0.085598 0.000000 0.000000 0.000000 1.000000 0.000000 0.000000
9.000000 113.588642 6.796309 -1.079526 0.084475 0.000000 0.000000 0.000000 1.000000 0.000000 0.000000
9.000000 113.589678 6.748404 -1.060790 0.088135 0.000000 0.000000 0.000000 1.000000 0.000000 0.000000
9.000000 113.591927 6.764925 -1.064494 0.105982 0.000000 0.000000 0.000000 1.000000 0.000000 0.000000
9.000000 113.595032 6.787882 -1.047231 0.106092 0.000000 0.000000 0.000000 1.000000 0.000000 0.000000
9.000000 113.597613 6.673631 -1.040053 0.115800 0.000000 0.000000 0.000000 1.000000 0.000000 0.000000
9.000000 113.598594 6.721234 -1.104329 0.133182 0.000000 0.000000 0.000000 1.000000 0.000000 0.000000
9.000000 113.598606 6.742858 -1.086474 0.145548 0.000000 0.000000 0.000000 1.000000 0.000000 0.000000
9.000000 113.599393 6.691078 -1.062229 0.139041 0.000000 0.000000 0.000000 1.000000 0.000000 0.000000
9.000000 113.601790 6.733377 -1.063089 0.149813 0.000000 0.000000 0.000000 1.000000 0.000000 0.000000
9.000000 113.605052 6.746880 -1.049396 0.157334 0.000000 0.000000 0.000000 1.000000 0.000000 0.000000
9.000000 113.607688 6.661020 -1.046485 0.175631 0.000000 0.000000 0.000000 1.000000 0.000000 0.000000
9.000000 113.608661 6.653635 -1.072020 0.204883 0.000000 0.000000 0.000000 1.000000 0.000000 0.000000
9.000000 113.608672 6.697796 -1.086230 0.200381 0.000000 0.000000 0.000000 1.000000 0.000000 0.000000
9.000000 113.609671 6.719866 -1.051055 0.189583 0.000000 0.000000 0.000000 1.000000 0.000000 0.000000
9.000000 113.611910 6.677087 -1.058230 0.205085 0.000000 0.000000 0.000000 1.000000 0.000000 0.000000
9.000000 113.614958 6.703933 -1.048383 0.209228 0.000000 0.000000 0.000000 1.000000 0.000000 0.000000
9.000000 113.617668 6.614751 -1.044941 0.225909 0.000000 0.000000 0.000000 1.000000 0.000000 0.000000
9.000000 113.618554 6.618962 -1.078802 0.250670 0.000000 0.000000 0.000000 1.000000 0.000000 0.000000
9.000000 113.618755 6.655030 -1.091481 0.247118 0.000000 0.000000 0.000000 1.000000 0.000000 0.000000
9.000000 113.619339 6.659528 -1.060947 0.246085 0.000000 0.000000 0.000000 1.000000 0.000000 0.000000
9.000000 113.621875 6.613010 -1.063638 0.263249 0.000000 0.000000 0.000000 1.000000 0.000000 0.000000
9.000000 113.624941 6.668534 -1.061077 0.256659 0.000000 0.000000 0.000000 1.000000 0.000000 0.000000
9.000000 113.627745 6.585635 -1.062180 0.273099 0.000000 0.000000 0.000000 1.000000 0.000000 0.000000
9.000000 113.628612 6.598683 -1.104386 0.294786 0.000000 0.000000 0.000000 1.000000 0.000000 0.000000
9.000000 113.628623 6.613383 -1.091177 0.296133 0.000000 0.000000 0.000000 1.000000 0.000000 0.000000
9.000000 113.629410 6.557735 -1.068641 0.292037 0.000000 0.000000 0.000000 1.000000 0.000000 0.000000
9.000000 113.631958 6.591250 -1.069371 0.305974 0.000000 0.000000 0.000000 1.000000 0.000000 0.000000
9.000000 113.635017 6.624995 -1.048360 0.304870 0.000000 0.000000 0.000000 1.000000 0.000000 0.000000
9.000000 113.637596 6.515157 -1.039849 0.323751 0.000000 0.000000 0.000000 1.000000 0.000000 0.000000
9.000000 113.638608 6.525451 -1.078547 0.349364 0.000000 0.000000 0.000000 1.000000 0.000000 0.000000
9.000000 113.638816 6.583860 -1.096774 0.343785 0.000000 0.000000 0.000000 1.000000 0.000000 0.000000
9.000000 113.639390 6.598295 -1.058443 0.337110 0.000000 0.000000 0.000000 1.000000 0.000000 0.000000
9.000000 113.641798 6.532501 -1.066007 0.354166 0.000000 0.000000 0.000000 1.000000 0.000000 0.000000
9.000000 113.645115 6.575217 -1.063018 0.353493 0.000000 0.000000 0.000000 1.000000 0.000000 0.000000
9.000000 113.647711 6.491138 -1.060983 0.368320 0.000000 0.000000 0.000000 1.000000 0.000000 0.000000
9.000000 113.648711 6.475264 -1.076920 0.398080 0.000000 0.000000 0.000000 1.000000 0.000000 0.000000
9.000000 113.648818 6.529041 -1.096203 0.396596 0.000000 0.000000 0.000000 1.000000 0.000000 0.000000
9.000000 113.649457 6.546006 -1.066797 0.388257 0.000000 0.000000 0.000000 1.000000 0.000000 0.000000
9.000000 113.651840 6.499928 -1.072509 0.399230 0.000000 0.000000 0.000000 1.000000 0.000000 0.000000
9.000000 113.655166 6.520609 -1.059956 0.401575 0.000000 0.000000 0.000000 1.000000 0.000000 0.000000
9.000000 113.657619 6.447488 -1.056890 0.419396 0.000000 0.000000 0.000000 1.000000 0.000000 0.000000
9.000000 113.658531 6.476833 -1.107672 0.437038 0.000000 0.000000 0.000000 1.000000 0.000000 0.000000
9.000000 113.658623 6.490405 -1.096965 0.438835 0.000000 0.000000 0.000000 1.000000 0.000000 0.000000
9.000000 113.659438 6.413074 -1.068859 0.430108 0.000000 0.000000 0.000000 1.000000 0.000000 0.000000
9.000000 113.661782 6.444717 -1.073165 0.446922 0.000000 0.000000 0.000000 1.000000 0.000000 0.000000
9.000000 113.665086 6.487152 -1.058550 0.445385 0.000000 0.000000 0.000000 1.000000 0.000000 0.000000
9.000000 113.667670 6.398212 -1.049512 0.464277 0.000000 0.000000 0.000000 1.000000 0.000000 0.000000
9.000000 113.668659 6.435922 -1.109962 0.479892 0.000000 0.000000 0.000000 1.000000 0.000000 0.000000
9.000000 113.668728 6.441355 -1.102108 0.485727 0.000000 0.000000 0.000000 1.000000 0.000000 0.000000
9.000000 113.669560 6.385446 -1.079266 0.482905 0.000000 0.000000 0.000000 1.000000 0.000000 0.000000
9.000000 113.671896 6.410898 -1.079498 0.492831 0.000000 0.000000 0.000000 1.000000 0.000000 0.000000
9.000000 113.675169 6.438732 -1.064093 0.491104 0.000000 0.000000 0.000000 1.000000 0.000000 0.000000
9.000000 113.677630 6.356965 -1.059984 0.509556 0.000000 0.000000 0.000000 1.000000 0.000000 0.000000
9.000000 113.678652 6.360495 -1.087433 0.533346 0.000000 0.000000 0.000000 1.000000 0.000000 0.000000
9.000000 113.678872 6.398402 -1.097032 0.529530 0.000000 0.000000 0.000000 1.000000 0.000000 0.000000
9.000000 113.679516 6.416024 -1.064162 0.524842 0.000000 0.000000 0.000000 1.000000 0.000000 0.000000
9.000000 113.681742 6.359398 -1.073843 0.536860 0.000000 0.000000 0.000000 1.000000 0.000000 0.000000
9.000000 113.685103 6.394410 -1.065100 0.535950 0.000000 0.000000 0.000000 1.000000 0.000000 0.000000
9.000000 113.687689 6.308871 -1.062428 0.553364 0.000000 0.000000 0.000000 1.000000 0.000000 0.000000
9.000000 113.688630 6.345240 -1.119331 0.565419 0.000000 0.000000 0.000000 1.000000 0.000000 0.000000
9.000000 113.688655 6.359527 -1.106775 0.563139 0.000000 0.000000 0.000000 1.000000 0.000000 0.000000
9.000000 113.689486 6.299237 -1.084253 0.563393 0.000000 0.000000 0.000000 1.000000 0.000000 0.000000
9.000000 113.691820 6.327935 -1.082457 0.579604 0.000000 0.000000 0.000000 1.000000 0.000000 0.000000
9.000000 113.695174 6.362852 -1.063830 0.575309 0.000000 0.000000 0.000000 1.000000 0.000000 0.000000
9.000000 113.697666 6.256140 -1.054683 0.590872 0.000000 0.000000 0.000000 1.000000 0.000000 0.000000
9.000000 113.698561 6.259516 -1.086726 0.617437 0.000000 0.000000 0.000000 1.000000 0.000000 0.000000
9.000000 113.698730 6.311772 -1.105926 0.615925 0.000000 0.000000 0.000000 1.000000 0.000000 0.000000
9.000000 113.699500 6.314141 -1.089497 0.612811 0.000000 0.000000 0.000000 1.000000 0.000000 0.000000
9.000000 113.701915 6.284404 -1.086987 0.621134 0.000000 0.000000 0.000000 1.000000 0.000000 0.000000
9.000000 113.704948 6.320908 -1.067922 0.613380 0.000000 0.000000 0.000000 1.000000 0.000000 0.000000
9.000000 113.707748 6.226382 -1.062492 0.631587 0.000000 0.000000 0.000000 1.000000 0.000000 0.000000
9.000000 113.708666 6.263424 -1.120462 0.649774 0.000000 0.000000 0.000000 1.000000 0.000000 0.000000
9.000000 113.708764 6.276256 -1.108143 0.655593 0.000000 0.000000 0.000000 1.000000 0.000000 0.000000
9.000000 113.709502 6.228710 -1.087870 0.650768 0.000000 0.000000 0.000000 1.000000 0.000000 0.000000
9.000000 113.711831 6.250429 -1.089041 0.655249 0.000000 0.000000 0.000000 1.000000 0.000000 0.000000
9.000000 113.715222 6.261788 -1.071100 0.658778 0.000000 0.000000 0.000000 1.000000 0.000000 0.000000
9.000000 113.717676 6.177852 -1.064215 0.676671 0.000000 0.000000 0.000000 1.000000 0.000000 0.000000
9.000000 113.718585 6.189576 -1.095576 0.697199 0.000000 0.000000 0.000000 1.000000 0.000000 0.000000
9.000000 113.718784 6.239239 -1.109178 0.695015 0.000000 0.000000 0.000000 1.000000 0.000000 0.000000
9.000000 113.719908 6.248789 -1.086450 0.692243 0.000000 0.000000 0.000000 1.000000 0.000000 0.000000
9.000000 113.721805 6.198524 -1.092616 0.699337 0.000000 0.000000 0.000000 1.000000 0.000000 0.000000
9.000000 113.725153 6.226638 -1.076768 0.696074 0.000000 0.000000 0.000000 1.000000 0.000000 0.000000
9.000000 113.727744 6.138305 -1.071434 0.713406 0.000000 0.000000 0.000000 1.000000 0.000000 0.000000
9.000000 113.728669 6.171422 -1.123865 0.731906 0.000000 0.000000 0.000000 1.000000 0.000000 0.000000
9.000000 113.728687 6.189963 -1.108880 0.734563 0.000000 0.000000 0.000000 1.000000 0.000000 0.000000
9.000000 113.729627 6.121321 -1.082946 0.728635 0.000000 0.000000 0.000000 1.000000 0.000000 0.000000
9.000000 113.732028 6.141393 -1.087428 0.738901 0.000000 0.000000 0.000000 1.000000 0.000000 0.000000
9.000000 113.735180 6.185154 -1.070460 0.734598 0.000000 0.000000 0.000000 1.000000 0.000000 0.000000
9.000000 113.737627 6.085253 -1.060447 0.754145 0.000000 0.000000 0.000000 1.000000 0.000000 0.000000
9.000000 113.738643 6.091827 -1.090595 0.779519 0.000000 0.000000 0.000000 1.000000 0.000000 0.000000
9.000000 113.738793 6.146510 -1.107650 0.772426 0.000000 0.000000 0.000000 1.000000 0.000000 0.000000
9.000000 113.739695 6.140192 -1.096405 0.770944 0.000000 0.000000 0.000000 1.000000 0.000000 0.000000
9.000000 113.742000 6.106769 -1.093520 0.780178 0.000000 0.000000 0.000000 1.000000 0.000000 0.000000
9.000000 113.745164 6.149003 -1.079200 0.770531 0.000000 0.000000 0.000000 1.000000 0.000000 0.000000
9.000000 113.747694 6.050943 -1.073754 0.785085 0.000000 0.000000 0.000000 1.000000 0.000000 0.000000
9.000000 113.748667 6.086512 -1.125189 0.805482 0.000000 0.000000 0.000000 1.000000 0.000000 0.000000
9.000000 113.748761 6.109314 -1.109031 0.809008 0.000000 0.000000 0.000000 1.000000 0.000000 0.000000
9.000000 113.749606 6.052294 -1.088009 0.808081 0.000000 0.000000 0.000000 1.000000 0.000000 0.000000
9.000000 113.752024 6.051341 -1.094415 0.815753 0.000000 0.000000 0.000000 1.000000 0.000000 0.000000
9.000000 113.755115 6.107962 -1.081987 0.803026 0.000000 0.000000 0.000000 1.000000 0.000000 0.000000
9.000000 113.757713 6.016103 -1.077932 0.821304 0.000000 0.000000 0.000000 1.000000 0.000000 0.000000
9.000000 113.758624 6.019532 -1.099053 0.843710 0.000000 0.000000 0.000000 1.000000 0.000000 0.000000
9.000000 113.758762 6.073542 -1.108857 0.841901 0.000000 0.000000 0.000000 1.000000 0.000000 0.000000
9.000000 113.759412 6.098068 -1.071850 0.838859 0.000000 0.000000 0.000000 1.000000 0.000000 0.000000
9.000000 113.761784 6.008758 -1.092225 0.845340 0.000000 0.000000 0.000000 1.000000 0.000000 0.000000
9.000000 113.765029 6.040090 -1.097048 0.844322 0.000000 0.000000 0.000000 1.000000 0.000000 0.000000
9.000000 113.767853 5.990412 -1.103696 0.859284 0.000000 0.000000 0.000000 1.000000 0.000000 0.000000
9.000000 113.768664 6.005397 -1.133972 0.875886 0.000000 0.000000 0.000000 1.000000 0.000000 0.000000
9.000000 113.768710 6.029554 -1.117223 0.872027 0.000000 0.000000 0.000000 1.000000 0.000000 0.000000
9.000000 113.769667 5.931275 -1.084430 0.869339 0.000000 0.000000 0.000000 1.000000 0.000000 0.000000
9.000000 113.771894 5.941346 -1.092060 0.889911 0.000000 0.000000 0.000000 1.000000 0.000000 0.000000
9.000000 113.775242 6.039288 -1.087567 0.868905 0.000000 0.000000 0.000000 1.000000 0.000000 0.000000
9.000000 113.777652 5.937828 -1.082250 0.886676 0.000000 0.000000 0.000000 1.000000 0.000000 0.000000
9.000000 113.778668 5.944847 -1.108434 0.909627 0.000000 0.000000 0.000000 1.000000 0.000000 0.000000
9.000000 113.778796 5.983874 -1.114072 0.909330 0.000000 0.000000 0.000000 1.000000 0.000000 0.000000
9.000000 113.781762 5.992436 -1.108439 0.903432 0.000000 0.000000 0.000000 1.000000 0.000000 0.000000
9.000000 113.785026 5.983570 -1.084294 0.903853 0.000000 0.000000 0.000000 1.000000 0.000000 0.000000
9.000000 113.787734 5.890921 -1.078831 0.922146 0.000000 0.000000 0.000000 1.000000 0.000000 0.000000
9.000000 113.788788 5.911378 -1.112803 0.939400 0.000000 0.000000 0.000000 1.000000 0.000000 0.000000
9.000000 113.788883 5.939056 -1.115809 0.933789 0.000000 0.000000 0.000000 1.000000 0.000000 0.000000
9.000000 113.789669 5.964624 -1.078610 0.930320 0.000000 0.000000 0.000000 1.000000 0.000000 0.000000
9.000000 113.791878 5.886223 -1.097781 0.940990 0.000000 0.000000 0.000000 1.000000 0.000000 0.000000
9.000000 113.795281 5.934126 -1.083701 0.937064 0.000000 0.000000 0.000000 1.000000 0.000000 0.000000
9.000000 113.797696 5.830495 -1.070554 0.953844 0.000000 0.000000 0.000000 1.000000 0.000000 0.000000
9.000000 113.798594 5.876188 -1.130480 0.973831 0.000000 0.000000 0.000000 1.000000 0.000000 0.000000
9.000000 113.798745 5.896346 -1.118722 0.972959 0.000000 0.000000 0.000000 1.000000 0.000000 0.000000
9.000000 113.799485 5.866863 -1.109561 0.969296 0.000000 0.000000 0.000000 1.000000 0.000000 0.000000
9.000000 113.801860 5.870819 -1.110197 0.972788 0.000000 0.000000 0.000000 1.000000 0.000000 0.000000
9.000000 113.804979 5.905124 -1.092539 0.963703 0.000000 0.000000 0.000000 1.000000 0.000000 0.000000
9.000000 113.807722 5.804345 -1.087426 0.981676 0.000000 0.000000 0.000000 1.000000 0.000000 0.000000
9.000000 113.808846 5.834515 -1.136744 1.006295 0.000000 0.000000 0.000000 1.000000 0.000000 0.000000
9.000000 113.808867 5.859374 -1.120586 1.004759 0.000000 0.000000 0.000000 1.000000 0.000000 0.000000
9.000000 113.809560 5.702356 -1.069691 0.988273 0.000000 0.000000 0.000000 1.000000 0.000000 0.000000
9.000000 113.811973 5.727733 -1.084008 1.015605 0.000000 0.000000 0.000000 1.000000 0.000000 0.000000
9.000000 113.815101 5.855830 -1.092318 0.995762 0.000000 0.000000 0.000000 1.000000 0.000000 0.000000
9.000000 113.817887 5.758743 -1.084468 1.013073 0.000000 0.000000 0.000000 1.000000 0.000000 0.000000
9.000000 113.818762 5.770264 -1.111279 1.033011 0.000000 0.000000 0.000000 1.000000 0.000000 0.000000
9.000000 113.818789 5.819686 -1.120315 1.033185 0.000000 0.000000 0.000000 1.000000 0.000000 0.000000
9.000000 113.819481 5.831213 -1.131232 1.021155 0.000000 0.000000 0.000000 1.000000 0.000000 0.000000
9.000000 113.821908 5.871943 -1.126615 1.011695 0.000000 0.000000 0.000000 1.000000 0.000000 0.000000
9.000000 113.825056 5.812104 -1.085717 1.023860 0.000000 0.000000 0.000000 1.000000 0.000000 0.000000
9.000000 113.828001 5.697813 -1.074729 1.043443 0.000000 0.000000 0.000000 1.000000 0.000000 0.000000
9.000000 113.828707 5.749403 -1.142398 1.063046 0.000000 0.000000 0.000000 1.000000 0.000000 0.000000
9.000000 113.829072 5.773339 -1.127129 1.059576 0.000000 0.000000 0.000000 1.000000 0.000000 0.000000
9.000000 113.829659 5.900236 -1.167252 1.073790 0.000000 0.000000 0.000000 1.000000 0.000000 0.000000
9.000000 113.831966 5.877489 -1.150762 1.044485 0.000000 0.000000 0.000000 1.000000 0.000000 0.000000
9.000000 113.835142 5.770917 -1.090463 1.053600 0.000000 0.000000 0.000000 1.000000 0.000000 0.000000
9.000000 113.837776 5.658647 -1.078761 1.071331 0.000000 0.000000 0.000000 1.000000 0.000000 0.000000
9.000000 113.838734 5.687401 -1.121400 1.088554 0.000000 0.000000 0.000000 1.000000 0.000000 0.000000
9.000000 113.838798 5.727617 -1.127926 1.090072 0.000000 0.000000 0.000000 1.000000 0.000000 0.000000
9.000000 113.839453 5.742001 -1.105418 1.091545 0.000000 0.000000 0.000000 1.000000 0.000000 0.000000
9.000000 113.841870 5.682628 -1.115374 1.091231 0.000000 0.000000 0.000000 1.000000 0.000000 0.000000
9.000000 113.845074 5.725537 -1.093903 1.078821 0.000000 0.000000 0.000000 1.000000 0.000000 0.000000
9.000000 113.847828 5.608191 -1.086053 1.099403 0.000000 0.000000 0.000000 1.000000 0.000000 0.000000
9.000000 113.848746 5.655162 -1.150922 1.122338 0.000000 0.000000 0.000000 1.000000 0.000000 0.000000
9.000000 113.848850 5.691922 -1.128250 1.112732 0.000000 0.000000 0.000000 1.000000 0.000000 0.000000
9.000000 113.849560 5.644911 -1.114309 1.102294 0.000000 0.000000 0.000000 1.000000 0.000000 0.000000
9.000000 113.852123 5.657224 -1.117797 1.108752 0.000000 0.000000 0.000000 1.000000 0.000000 0.000000
9.000000 113.855061 5.695106 -1.109605 1.103691 0.000000 0.000000 0.000000 1.000000 0.000000 0.000000
9.000000 113.857838 5.605005 -1.106445 1.121255 0.000000 0.000000 0.000000 1.000000 0.000000 0.000000
9.000000 113.858694 5.606639 -1.124323 1.143431 0.000000 0.000000 0.000000 1.000000 0.000000 0.000000
9.000000 113.858729 5.641665 -1.128029 1.143158 0.000000 0.000000 0.000000 1.000000 0.000000 0.000000
9.000000 113.859533 5.644811 -1.136537 1.138214 0.000000 0.000000 0.000000 1.000000 0.000000 0.000000
9.000000 113.862038 5.668536 -1.130556 1.128548 0.000000 0.000000 0.000000 1.000000 0.000000 0.000000
9.000000 113.865052 5.643253 -1.102837 1.128590 0.000000 0.000000 0.000000 1.000000 0.000000 0.000000
9.000000 113.867843 5.547178 -1.099683 1.146019 0.000000 0.000000 0.000000 1.000000 0.000000 0.000000
9.000000 113.868714 5.579497 -1.148030 1.167670 0.000000 0.000000 0.000000 1.000000 0.000000 0.000000
9.000000 113.868791 5.600475 -1.135086 1.164114 0.000000 0.000000 0.000000 1.000000 0.000000 0.000000
9.000000 113.870135 5.472180 -1.095040 1.150039 0.000000 0.000000 0.000000 1.000000 0.000000 0.000000
9.000000 113.872151 5.496979 -1.101740 1.170799 0.000000 0.000000 0.000000 1.000000 0.000000 0.000000
9.000000 113.875103 5.619663 -1.111545 1.146886 0.000000 0.000000 0.000000 1.000000 0.000000 0.000000
9.000000 113.877772 5.518456 -1.111178 1.164039 0.000000 0.000000 0.000000 1.000000 0.000000 0.000000
9.000000 113.878698 5.513124 -1.127052 1.190850 0.000000 0.000000 0.000000 1.000000 0.000000 0.000000
9.000000 113.878777 5.555054 -1.136355 1.191152 0.000000 0.000000 0.000000 1.000000 0.000000 0.000000
9.000000 113.879936 5.632391 -1.040817 1.186474 0.000000 0.000000 0.000000 1.000000 0.000000 0.000000
9.000000 113.882008 5.408916 -1.096872 1.201136 0.000000 0.000000 0.000000 1.000000 0.000000 0.000000
9.000000 113.885046 5.573660 -1.115996 1.170003 0.000000 0.000000 0.000000 1.000000 0.000000 0.000000
9.000000 113.887942 5.471369 -1.114006 1.185647 0.000000 0.000000 0.000000 1.000000 0.000000 0.000000
9.000000 113.888757 5.491642 -1.151571 1.213387 0.000000 0.000000 0.000000 1.000000 0.000000 0.000000
9.000000 113.888795 5.528932 -1.130078 1.203305 0.000000 0.000000 0.000000 1.000000 0.000000 0.000000
9.000000 113.889621 5.400347 -1.092208 1.197912 0.000000 0.000000 0.000000 1.000000 0.000000 0.000000
9.000000 113.892012 5.390391 -1.107318 1.224802 0.000000 0.000000 0.000000 1.000000 0.000000 0.000000
9.000000 113.895153 5.519966 -1.103182 1.196821 0.000000 0.000000 0.000000 1.000000 0.000000 0.000000
9.000000 113.897887 5.407435 -1.087248 1.210418 0.000000 0.000000 0.000000 1.000000 0.000000 0.000000
9.000000 113.898801 5.436956 -1.128112 1.224763 0.000000 0.000000 0.000000 1.000000 0.000000 0.000000
9.000000 113.898835 5.480463 -1.136895 1.229305 0.000000 0.000000 0.000000 1.000000 0.000000 0.000000
9.000000 113.899678 5.515548 -1.096370 1.227673 0.000000 0.000000 0.000000 1.000000 0.000000 0.000000
9.000000 113.901951 5.420276 -1.118074 1.227598 0.000000 0.000000 0.000000 1.000000 0.000000 0.000000
9.000000 113.905028 5.459188 -1.107561 1.218944 0.000000 0.000000 0.000000 1.000000 0.000000 0.000000
9.000000 113.908013 5.360310 -1.098577 1.228337 0.000000 0.000000 0.000000 1.000000 0.000000 0.000000
9.000000 113.908762 5.411875 -1.152818 1.244927 0.000000 0.000000 0.000000 1.000000 0.000000 0.000000
9.000000 113.908833 5.431312 -1.143208 1.248355 0.000000 0.000000 0.000000 1.000000 0.000000 0.000000
9.000000 113.909849 5.373011 -1.126227 1.239464 0.000000 0.000000 0.000000 1.000000 0.000000 0.000000
9.000000 113.912052 5.384169 -1.125678 1.245374 0.000000 0.000000 0.000000 1.000000 0.000000 0.000000
9.000000 113.915170 5.409028 -1.105915 1.240294 0.000000 0.000000 0.000000 1.000000 0.000000 0.000000
9.000000 113.917769 5.312466 -1.092751 1.254790 0.000000 0.000000 0.000000 1.000000 0.000000 0.000000
9.000000 113.918789 5.349125 -1.135804 1.264388 0.000000 0.000000 0.000000 1.000000 0.000000 0.000000
9.000000 113.918976 5.389537 -1.141816 1.267602 0.000000 0.000000 0.000000 1.000000 0.000000 0.000000
9.000000 113.919635 5.430055 -1.091698 1.267908 0.000000 0.000000 0.000000 1.000000 0.000000 0.000000
9.000000 113.921903 5.307738 -1.120589 1.270905 0.000000 0.000000 0.000000 1.000000 0.000000 0.000000
9.000000 113.925106 5.372321 -1.108528 1.257419 0.000000 0.000000 0.000000 1.000000 0.000000 0.000000
9.000000 113.927817 5.274939 -1.095474 1.271671 0.000000 0.000000 0.000000 1.000000 0.000000 0.000000
9.000000 113.928815 5.328346 -1.156005 1.286718 0.000000 0.000000 0.000000 1.000000 0.000000 0.000000
9.000000 113.928848 5.348924 -1.143289 1.286880 0.000000 0.000000 0.000000 1.000000 0.000000 0.000000
9.000000 113.929772 5.312235 -1.131957 1.284569 0.000000 0.000000 0.000000 1.000000 0.000000 0.000000
9.000000 113.932013 5.308420 -1.132449 1.286147 0.000000 0.000000 0.000000 1.000000 0.000000 0.000000
9.000000 113.935168 5.353790 -1.110587 1.271192 0.000000 0.000000 0.000000 1.000000 0.000000 0.000000
9.000000 113.937783 5.237676 -1.096964 1.285676 0.000000 0.000000 0.000000 1.000000 0.000000 0.000000
9.000000 113.938828 5.283908 -1.146404 1.292594 0.000000 0.000000 0.000000 1.000000 0.000000 0.000000
9.000000 113.938952 5.313420 -1.145795 1.294154 0.000000 0.000000 0.000000 1.000000 0.000000 0.000000
9.000000 113.939573 5.317981 -1.129137 1.303267 0.000000 0.000000 0.000000 1.000000 0.000000 0.000000
9.000000 113.941909 5.264815 -1.134612 1.301437 0.000000 0.000000 0.000000 1.000000 0.000000 0.000000
9.000000 113.945076 5.293255 -1.111093 1.290061 0.000000 0.000000 0.000000 1.000000 0.000000 0.000000
9.000000 113.947859 5.177525 -1.099308 1.305522 0.000000 0.000000 0.000000 1.000000 0.000000 0.000000
9.000000 113.948855 5.235827 -1.166061 1.323448 0.000000 0.000000 0.000000 1.000000 0.000000 0.000000
9.000000 113.948935 5.268055 -1.146335 1.319142 0.000000 0.000000 0.000000 1.000000 0.000000 0.000000
9.000000 113.950106 5.226343 -1.134435 1.316438 0.000000 0.000000 0.000000 1.000000 0.000000 0.000000
9.000000 113.952115 5.212127 -1.136434 1.317193 0.000000 0.000000 0.000000 1.000000 0.000000 0.000000
9.000000 113.955180 5.238283 -1.116459 1.306177 0.000000 0.000000 0.000000 1.000000 0.000000 0.000000
9.000000 113.957790 5.158173 -1.107389 1.320864 0.000000 0.000000 0.000000 1.000000 0.000000 0.000000
9.000000 113.958933 5.178981 -1.139342 1.335457 0.000000 0.000000 0.000000 1.000000 0.000000 0.000000
9.000000 113.958939 5.217176 -1.147770 1.338834 0.000000 0.000000 0.000000 1.000000 0.000000 0.000000
9.000000 113.959740 5.238403 -1.125749 1.336674 0.000000 0.000000 0.000000 1.000000 0.000000 0.000000
9.000000 113.961943 5.175255 -1.139687 1.331719 0.000000 0.000000 0.000000 1.000000 0.000000 0.000000
9.000000 113.965063 5.185362 -1.113544 1.326841 0.000000 0.000000 0.000000 1.000000 0.000000 0.000000
9.000000 113.967864 5.105385 -1.098255 1.341535 0.000000 0.000000 0.000000 1.000000 0.000000 0.000000
9.000000 113.968729 5.150156 -1.144068 1.345468 0.000000 0.000000 0.000000 1.000000 0.000000 0.000000
9.000000 113.968788 5.186118 -1.147613 1.345760 0.000000 0.000000 0.000000 1.000000 0.000000 0.000000
9.000000 113.969758 5.201344 -1.127832 1.347248 0.000000 0.000000 0.000000 1.000000 0.000000 0.000000
9.000000 113.972012 5.138960 -1.140551 1.343821 0.000000 0.000000 0.000000 1.000000 0.000000 0.000000
9.000000 113.975173 5.149731 -1.120654 1.339143 0.000000 0.000000 0.000000 1.000000 0.000000 0.000000
9.000000 113.977798 5.072755 -1.110750 1.353226 0.000000 0.000000 0.000000 1.000000 0.000000 0.000000
9.000000 113.978673 5.102487 -1.144575 1.361211 0.000000 0.000000 0.000000 1.000000 0.000000 0.000000
9.000000 113.978768 5.140112 -1.149717 1.360637 0.000000 0.000000 0.000000 1.000000 0.000000 0.000000
9.000000 113.979554 5.132304 -1.153816 1.364405 0.000000 0.000000 0.000000 1.000000 0.000000 0.000000
9.000000 113.981988 5.107606 -1.154044 1.355508 0.000000 0.000000 0.000000 1.000000 0.000000 0.000000
9.000000 113.985279 5.092105 -1.126104 1.352430 0.000000 0.000000 0.000000 1.000000 0.000000 0.000000
9.000000 113.987857 5.036554 -1.115827 1.366165 0.000000 0.000000 0.000000 1.000000 0.000000 0.000000
9.000000 113.988753 5.058509 -1.144043 1.375752 0.000000 0.000000 0.000000 1.000000 0.000000 0.000000
9.000000 113.988837 5.102769 -1.155001 1.374707 0.000000 0.000000 0.000000 1.000000 0.000000 0.000000
9.000000 113.990818 5.148710 -1.123566 1.357206 0.000000 0.000000 0.000000 1.000000 0.000000 0.000000
9.000000 113.992041 5.091727 -1.143335 1.351177 0.000000 0.000000 0.000000 1.000000 0.000000 0.000000
9.000000 113.995366 5.057680 -1.122804 1.361872 0.000000 0.000000 0.000000 1.000000 0.000000 0.000000
9.000000 113.997733 4.986127 -1.113084 1.373547 0.000000 0.000000 0.000000 1.000000 0.000000 0.000000
9.000000 113.998774 5.012795 -1.145318 1.381734 0.000000 0.000000 0.000000 1.000000 0.000000 0.000000
9.000000 113.998868 5.055021 -1.154039 1.385131 0.000000 0.000000 0.000000 1.000000 0.000000 0.000000
9.000000 113.999604 5.124114 -1.106007 1.363608 0.000000 0.000000 0.000000 1.000000 0.000000 0.000000
9.000000 114.001963 5.039146 -1.144108 1.359476 0.000000 0.000000 0.000000 1.000000 0.000000 0.000000
9.000000 114.005307 5.007667 -1.129181 1.376558 0.000000 0.000000 0.000000 1.000000 0.000000 0.000000
9.000000 114.007806 4.945959 -1.118173 1.388942 0.000000 0.000000 0.000000 1.000000 0.000000 0.000000
9.000000 114.008691 4.992515 -1.168925 1.398109 0.000000 0.000000 0.000000 1.000000 0.000000 0.000000
9.000000 114.008808 5.014251 -1.154950 1.394787 0.000000 0.000000 0.000000 1.000000 0.000000 0.000000
9.000000 114.010789 5.015483 -1.155876 1.399350 0.000000 0.000000 0.000000 1.000000 0.000000 0.000000
9.000000 114.012193 4.980824 -1.157806 1.391904 0.000000 0.000000 0.000000 1.000000 0.000000 0.000000
9.000000 114.015369 4.977358 -1.123453 1.382721 0.000000 0.000000 0.000000 1.000000 0.000000 0.000000
9.000000 114.017725 4.893151 -1.108822 1.398092 0.000000 0.000000 0.000000 1.000000 0.000000 0.000000
9.000000 114.018676 4.939258 -1.155287 1.401342 0.000000 0.000000 0.000000 1.000000 0.000000 0.000000
9.000000 114.018819 4.973227 -1.157013 1.399800 0.000000 0.000000 0.000000 1.000000 0.000000 0.000000
9.000000 114.019670 4.998940 -1.121521 1.402660 0.000000 0.000000 0.000000 1.000000 0.000000 0.000000
9.000000 114.022008 4.896382 -1.143020 1.402762 0.000000 0.000000 0.000000 1.000000 0.000000 0.000000
9.000000 114.025166 4.932175 -1.124993 1.393122 0.000000 0.000000 0.000000 1.000000 0.000000 0.000000
9.000000 114.027887 4.853767 -1.110723 1.406338 0.000000 0.000000 0.000000 1.000000 0.000000 0.000000
9.000000 114.028746 4.888123 -1.152987 1.415800 0.000000 0.000000 0.000000 1.000000 0.000000 0.000000
9.000000 114.028755 4.920339 -1.162421 1.414647 0.000000 0.000000 0.000000 1.000000 0.000000 0.000000
9.000000 114.030841 4.949621 -1.129565 1.409320 0.000000 0.000000 0.000000 1.000000 0.000000 0.000000
9.000000 114.032022 4.863758 -1.146400 1.407983 0.000000 0.000000 0.000000 1.000000 0.000000 0.000000
9.000000 114.035260 4.889180 -1.130113 1.399788 0.000000 0.000000 0.000000 1.000000 0.000000 0.000000
9.000000 114.037950 4.820404 -1.119268 1.411689 0.000000 0.000000 0.000000 1.000000 0.000000 0.000000
9.000000 114.038731 4.871248 -1.166622 1.408985 0.000000 0.000000 0.000000 1.000000 0.000000 0.000000
9.000000 114.038860 4.886121 -1.162375 1.408421 0.000000 0.000000 0.000000 1.000000 0.000000 0.000000
9.000000 114.040090 4.917057 -1.135749 1.404252 0.000000 0.000000 0.000000 1.000000 0.000000 0.000000
9.000000 114.042039 4.857444 -1.156728 1.401589 0.000000 0.000000 0.000000 1.000000 0.000000 0.000000
9.000000 114.045247 4.859680 -1.136590 1.403283 0.000000 0.000000 0.000000 1.000000 0.000000 0.000000
9.000000 114.047901 4.772253 -1.119599 1.412121 0.000000 0.000000 0.000000 1.000000 0.000000 0.000000
9.000000 114.048836 4.804400 -1.157391 1.418957 0.000000 0.000000 0.000000 1.000000 0.000000 0.000000
9.000000 114.048855 4.842723 -1.165627 1.423878 0.000000 0.000000 0.000000 1.000000 0.000000 0.000000
9.000000 114.049740 4.864207 -1.134536 1.427805 0.000000 0.000000 0.000000 1.000000 0.000000 0.000000
9.000000 114.052360 4.766584 -1.151516 1.423633 0.000000 0.000000 0.000000 1.000000 0.000000 0.000000
9.000000 114.055249 4.791541 -1.126490 1.412765 0.000000 0.000000 0.000000 1.000000 0.000000 0.000000
9.000000 114.057817 4.711309 -1.109071 1.424386 0.000000 0.000000 0.000000 1.000000 0.000000 0.000000
9.000000 114.058850 4.761085 -1.161308 1.426374 0.000000 0.000000 0.000000 1.000000 0.000000 0.000000
9.000000 114.058872 4.798804 -1.169421 1.428181 0.000000 0.000000 0.000000 1.000000 0.000000 0.000000
9.000000 114.059792 4.809432 -1.154968 1.428903 0.000000 0.000000 0.000000 1.000000 0.000000 0.000000
9.000000 114.062037 4.756682 -1.160589 1.421437 0.000000 0.000000 0.000000 1.000000 0.000000 0.000000
9.000000 114.065351 4.763518 -1.128922 1.412329 0.000000 0.000000 0.000000 1.000000 0.000000 0.000000
9.000000 114.067957 4.681411 -1.111191 1.425665 0.000000 0.000000 0.000000 1.000000 0.000000 0.000000
9.000000 114.068786 4.745173 -1.179208 1.431716 0.000000 0.000000 0.000000 1.000000 0.000000 0.000000
9.000000 114.068884 4.761564 -1.167663 1.431518 0.000000 0.000000 0.000000 1.000000 0.000000 0.000000
9.000000 114.069967 4.732436 -1.158303 1.429768 0.000000 0.000000 0.000000 1.000000 0.000000 0.000000
9.000000 114.072046 4.713747 -1.161361 1.425362 0.000000 0.000000 0.000000 1.000000 0.000000 0.000000
9.000000 114.075283 4.708205 -1.135584 1.422895 0.000000 0.000000 0.000000 1.000000 0.000000 0.000000
9.000000 114.077773 4.645998 -1.119908 1.432625 0.000000 0.000000 0.000000 1.000000 0.000000 0.000000
9.000000 114.078807 4.688913 -1.162822 1.432243 0.000000 0.000000 0.000000 1.000000 0.000000 0.000000
9.000000 114.078888 4.718334 -1.167541 1.432289 0.000000 0.000000 0.000000 1.000000 0.000000 0.000000
9.000000 114.079697 4.732752 -1.151185 1.431356 0.000000 0.000000 0.000000 1.000000 0.000000 0.000000
9.000000 114.081923 4.679603 -1.160535 1.425809 0.000000 0.000000 0.000000 1.000000 0.000000 0.000000
9.000000 114.085207 4.661086 -1.136181 1.427315 0.000000 0.000000 0.000000 1.000000 0.000000 0.000000
9.000000 114.087887 4.615083 -1.119856 1.431748 0.000000 0.000000 0.000000 1.000000 0.000000 0.000000
9.000000 114.088809 4.670800 -1.172291 1.426002 0.000000 0.000000 0.000000 1.000000 0.000000 0.000000
9.000000 114.088966 4.675084 -1.170414 1.424795 0.000000 0.000000 0.000000 1.000000 0.000000 0.000000
9.000000 114.089863 4.638074 -1.160111 1.428304 0.000000 0.000000 0.000000 1.000000 0.000000 0.000000
9.000000 114.092135 4.609594 -1.166704 1.432688 0.000000 0.000000 0.000000 1.000000 0.000000 0.000000
9.000000 114.095304 4.631243 -1.151446 1.422812 0.000000 0.000000 0.000000 1.000000 0.000000 0.000000
9.000000 114.098841 4.467207 -1.124759 1.407951 0.000000 0.000000 0.000000 1.000000 0.000000 0.000000
9.000000 114.099045 4.637752 -1.175776 1.435879 0.000000 0.000000 0.000000 1.000000 0.000000 0.000000
9.000000 114.099616 4.659754 -1.143007 1.439379 0.000000 0.000000 0.000000 1.000000 0.000000 0.000000
9.000000 114.101865 4.551765 -1.162191 1.435886 0.000000 0.000000 0.000000 1.000000 0.000000 0.000000
9.000000 114.105169 4.585224 -1.134802 1.422414 0.000000 0.000000 0.000000 1.000000 0.000000 0.000000
9.000000 114.108887 4.305177 -1.085828 1.391812 0.000000 0.000000 0.000000 1.000000 0.000000 0.000000
9.000000 114.108909 4.596101 -1.173460 1.432502 0.000000 0.000000 0.000000 1.000000 0.000000 0.000000
9.000000 114.109977 4.605371 -1.155955 1.435972 0.000000 0.000000 0.000000 1.000000 0.000000 0.000000
9.000000 114.112015 4.541684 -1.164648 1.433012 0.000000 0.000000 0.000000 1.000000 0.000000 0.000000
9.000000 114.115284 4.557687 -1.150615 1.424425 0.000000 0.000000 0.000000 1.000000 0.000000 0.000000
9.000000 114.118803 4.387820 -1.125994 1.407632 0.000000 0.000000 0.000000 1.000000 0.000000 0.000000
9.000000 114.119022 4.553811 -1.175984 1.432334 0.000000 0.000000 0.000000 1.000000 0.000000 0.000000
9.000000 114.119593 4.558697 -1.163793 1.435764 0.000000 0.000000 0.000000 1.000000 0.000000 0.000000
9.000000 114.121976 4.501598 -1.169414 1.429864 0.000000 0.000000 0.000000 1.000000 0.000000 0.000000
9.000000 114.125244 4.516235 -1.151783 1.419028 0.000000 0.000000 0.000000 1.000000 0.000000 0.000000
9.000000 114.128835 4.553408 -1.141134 1.418641 0.000000 0.000000 0.000000 1.000000 0.000000 0.000000
9.000000 114.128878 4.505847 -1.178541 1.431393 0.000000 0.000000 0.000000 1.000000 0.000000 0.000000
9.000000 114.129826 4.476657 -1.169820 1.433083 0.000000 0.000000 0.000000 1.000000 0.000000 0.000000
9.000000 114.132036 4.454518 -1.172247 1.431528 0.000000 0.000000 0.000000 1.000000 0.000000 0.000000
9.000000 114.135360 4.481005 -1.153271 1.417662 0.000000 0.000000 0.000000 1.000000 0.000000 0.000000
9.000000 114.138883 4.264399 -1.120930 1.390207 0.000000 0.000000 0.000000 1.000000 0.000000 0.000000
9.000000 114.139097 4.475429 -1.182557 1.419497 0.000000 0.000000 0.000000 1.000000 0.000000 0.000000
9.000000 114.139680 4.488814 -1.149607 1.431652 0.000000 0.000000 0.000000 1.000000 0.000000 0.000000
9.000000 114.141923 4.377035 -1.167534 1.433955 0.000000 0.000000 0.000000 1.000000 0.000000 0.000000
9.000000 114.145236 4.445998 -1.148898 1.411312 0.000000 0.000000 0.000000 1.000000 0.000000 0.000000
9.000000 114.148724 4.492117 -1.127477 1.408168 0.000000 0.000000 0.000000 1.000000 0.000000 0.000000
9.000000 114.149021 4.429759 -1.179377 1.420133 0.000000 0.000000 0.000000 1.000000 0.000000 0.000000
9.000000 114.149749 4.372960 -1.163856 1.413347 0.000000 0.000000 0.000000 1.000000 0.000000 0.000000
9.000000 114.152113 4.371012 -1.165387 1.417319 0.000000 0.000000 0.000000 1.000000 0.000000 0.000000
9.000000 114.155307 4.416359 -1.156818 1.402965 0.000000 0.000000 0.000000 1.000000 0.000000 0.000000
9.000000 114.158826 4.201880 -1.128286 1.384686 0.000000 0.000000 0.000000 1.000000 0.000000 0.000000
9.000000 114.158856 4.385410 -1.183578 1.414608 0.000000 0.000000 0.000000 1.000000 0.000000 0.000000
9.000000 114.160791 4.381286 -1.176472 1.421564 0.000000 0.000000 0.000000 1.000000 0.000000 0.000000
9.000000 114.162016 4.329548 -1.178071 1.417418 0.000000 0.000000 0.000000 1.000000 0.000000 0.000000
9.000000 114.165161 4.356566 -1.160477 1.401942 0.000000 0.000000 0.000000 1.000000 0.000000 0.000000
9.000000 114.168810 4.387262 -1.150065 1.397855 0.000000 0.000000 0.000000 1.000000 0.000000 0.000000
9.000000 114.168919 4.342484 -1.186684 1.409520 0.000000 0.000000 0.000000 1.000000 0.000000 0.000000
9.000000 114.169668 4.327801 -1.181403 1.414300 0.000000 0.000000 0.000000 1.000000 0.000000 0.000000
9.000000 114.172363 4.299870 -1.181868 1.407897 0.000000 0.000000 0.000000 1.000000 0.000000 0.000000
9.000000 114.175268 4.320605 -1.166120 1.392367 0.000000 0.000000 0.000000 1.000000 0.000000 0.000000
9.000000 114.178816 4.169140 -1.145747 1.379531 0.000000 0.000000 0.000000 1.000000 0.000000 0.000000
9.000000 114.179032 4.299904 -1.184798 1.401367 0.000000 0.000000 0.000000 1.000000 0.000000 0.000000
9.000000 114.179561 4.325365 -1.143284 1.406176 0.000000 0.000000 0.000000 1.000000 0.000000 0.000000
9.000000 114.182047 4.201334 -1.167755 1.411000 0.000000 0.000000 0.000000 1.000000 0.000000 0.000000
9.000000 114.185271 4.280497 -1.167884 1.388596 0.000000 0.000000 0.000000 1.000000 0.000000 0.000000
9.000000 114.188897 4.290086 -1.158702 1.382652 0.000000 0.000000 0.000000 1.000000 0.000000 0.000000
9.000000 114.188975 4.258774 -1.186531 1.387027 0.000000 0.000000 0.000000 1.000000 0.000000 0.000000
9.000000 114.189711 4.170956 -1.160982 1.387305 0.000000 0.000000 0.000000 1.000000 0.000000 0.000000
9.000000 114.192212 4.161795 -1.165124 1.399841 0.000000 0.000000 0.000000 1.000000 0.000000 0.000000
9.000000 114.195448 4.228922 -1.163419 1.378906 0.000000 0.000000 0.000000 1.000000 0.000000 0.000000
9.000000 114.198905 4.079746 -1.142927 1.360436 0.000000 0.000000 0.000000 1.000000 0.000000 0.000000
9.000000 114.198985 4.226554 -1.185917 1.380056 0.000000 0.000000 0.000000 1.000000 0.000000 0.000000
9.000000 114.199593 4.274755 -1.142346 1.368112 0.000000 0.000000 0.000000 1.000000 0.000000 0.000000
9.000000 114.202051 4.183228 -1.174071 1.367984 0.000000 0.000000 0.000000 1.000000 0.000000 0.000000
9.000000 114.205431 4.203786 -1.163923 1.367232 0.000000 0.000000 0.000000 1.000000 0.000000 0.000000
9.000000 114.208784 4.231042 -1.149412 1.360785 0.000000 0.000000 0.000000 1.000000 0.000000 0.000000
9.000000 114.208933 4.179057 -1.193486 1.372933 0.000000 0.000000 0.000000 1.000000 0.000000 0.000000
9.000000 114.209710 4.052881 -1.155717 1.363896 0.000000 0.000000 0.000000 1.000000 0.000000 0.000000
9.000000 114.212315 4.060716 -1.164015 1.379521 0.000000 0.000000 0.000000 1.000000 0.000000 0.000000
9.000000 114.215373 4.139288 -1.172149 1.362953 0.000000 0.000000 0.000000 1.000000 0.000000 0.000000
9.000000 114.218899 4.010622 -1.153093 1.343508 0.000000 0.000000 0.000000 1.000000 0.000000 0.000000
9.000000 114.218920 4.140676 -1.191430 1.356950 0.000000 0.000000 0.000000 1.000000 0.000000 0.000000
9.000000 114.219873 4.192517 -1.115344 1.361795 0.000000 0.000000 0.000000 1.000000 0.000000 0.000000
9.000000 114.222065 3.998145 -1.159881 1.377227 0.000000 0.000000 0.000000 1.000000 0.000000 0.000000
9.000000 114.225440 4.098587 -1.172188 1.356225 0.000000 0.000000 0.000000 1.000000 0.000000 0.000000
9.000000 114.228957 3.951002 -1.150527 1.330399 0.000000 0.000000 0.000000 1.000000 0.000000 0.000000
9.000000 114.229040 4.099113 -1.194111 1.342513 0.000000 0.000000 0.000000 1.000000 0.000000 0.000000
9.000000 114.229729 4.164025 -1.107504 1.342795 0.000000 0.000000 0.000000 1.000000 0.000000 0.000000
9.000000 114.232095 3.960375 -1.156658 1.358600 0.000000 0.000000 0.000000 1.000000 0.000000 0.000000
9.000000 114.235459 4.081844 -1.175054 1.332108 0.000000 0.000000 0.000000 1.000000 0.000000 0.000000
9.000000 114.238956 3.949399 -1.156153 1.318031 0.000000 0.000000 0.000000 1.000000 0.000000 0.000000
9.000000 114.239014 4.052377 -1.189604 1.326982 0.000000 0.000000 0.000000 1.000000 0.000000 0.000000
9.000000 114.239624 4.036590 -1.187767 1.336292 0.000000 0.000000 0.000000 1.000000 0.000000 0.000000
9.000000 114.242222 3.990208 -1.185314 1.340892 0.000000 0.000000 0.000000 1.000000 0.000000 0.000000
9.000000 114.245319 4.034948 -1.182715 1.323012 0.000000 0.000000 0.000000 1.000000 0.000000 0.000000
9.000000 114.248847 4.030311 -1.180069 1.316168 0.000000 0.000000 0.000000 1.000000 0.000000 0.000000
9.000000 114.249106 4.012102 -1.198907 1.315014 0.000000 0.000000 0.000000 1.000000 0.000000 0.000000
9.000000 114.249684 3.972733 -1.188488 1.308243 0.000000 0.000000 0.000000 1.000000 0.000000 0.000000
9.000000 114.252069 3.977821 -1.188662 1.310920 0.000000 0.000000 0.000000 1.000000 0.000000 0.000000
9.000000 114.255465 4.014540 -1.175207 1.298623 0.000000 0.000000 0.000000 1.000000 0.000000 0.000000
9.000000 114.258888 4.020217 -1.159517 1.289970 0.000000 0.000000 0.000000 1.000000 0.000000 0.000000
9.000000 114.258986 3.977880 -1.197251 1.298499 0.000000 0.000000 0.000000 1.000000 0.000000 0.000000
9.000000 114.259621 4.024655 -1.211067 1.303016 0.000000 0.000000 0.000000 1.000000 0.000000 0.000000
9.000000 114.261975 3.990971 -1.210522 1.287975 0.000000 0.000000 0.000000 1.000000 0.000000 0.000000
9.000000 114.265502 3.956170 -1.183787 1.288114 0.000000 0.000000 0.000000 1.000000 0.000000 0.000000
9.000000 114.268838 3.819085 -1.162504 1.266089 0.000000 0.000000 0.000000 1.000000 0.000000 0.000000
9.000000 114.268898 3.939235 -1.197278 1.278310 0.000000 0.000000 0.000000 1.000000 0.000000 0.000000
9.000000 114.269760 3.991600 -1.125353 1.278798 0.000000 0.000000 0.000000 1.000000 0.000000 0.000000
9.000000 114.272154 3.825687 -1.167432 1.293732 0.000000 0.000000 0.000000 1.000000 0.000000 0.000000
9.000000 114.275475 3.939452 -1.187211 1.268150 0.000000 0.000000 0.000000 1.000000 0.000000 0.000000
9.000000 114.278869 3.791565 -1.169793 1.250830 0.000000 0.000000 0.000000 1.000000 0.000000 0.000000
9.000000 114.278993 3.895370 -1.200530 1.264671 0.000000 0.000000 0.000000 1.000000 0.000000 0.000000
9.000000 114.279615 3.871845 -1.229379 1.267049 0.000000 0.000000 0.000000 1.000000 0.000000 0.000000
9.000000 114.281988 3.909938 -1.214037 1.255030 0.000000 0.000000 0.000000 1.000000 0.000000 0.000000
9.000000 114.285364 3.902593 -1.192209 1.245826 0.000000 0.000000 0.000000 1.000000 0.000000 0.000000
9.000000 114.288914 3.819521 -1.176298 1.237320 0.000000 0.000000 0.000000 1.000000 0.000000 0.000000
9.000000 114.288947 3.869698 -1.192871 1.242511 0.000000 0.000000 0.000000 1.000000 0.000000 0.000000
9.000000 114.289743 3.918482 -1.149897 1.223624 0.000000 0.000000 0.000000 1.000000 0.000000 0.000000
9.000000 114.292047 3.829992 -1.186623 1.228170 0.000000 0.000000 0.000000 1.000000 0.000000 0.000000
9.000000 114.295556 3.865921 -1.198684 1.227576 0.000000 0.000000 0.000000 1.000000 0.000000 0.000000
9.000000 114.298875 3.826721 -1.191554 1.221060 0.000000 0.000000 0.000000 1.000000 0.000000 0.000000
9.000000 114.298916 3.814500 -1.202277 1.224003 0.000000 0.000000 0.000000 1.000000 0.000000 0.000000
9.000000 114.299638 3.796051 -1.197328 1.227033 0.000000 0.000000 0.000000 1.000000 0.000000 0.000000
9.000000 114.302059 3.775774 -1.201579 1.229066 0.000000 0.000000 0.000000 1.000000 0.000000 0.000000
9.000000 114.305495 3.807270 -1.184109 1.214583 0.000000 0.000000 0.000000 1.000000 0.000000 0.000000
9.000000 114.308826 3.808244 -1.170174 1.201661 0.000000 0.000000 0.000000 1.000000 0.000000 0.000000
9.000000 114.309025 3.770981 -1.206338 1.206920 0.000000 0.000000 0.000000 1.000000 0.000000 0.000000
9.000000 114.309766 3.734936 -1.195371 1.204903 0.000000 0.000000 0.000000 1.000000 0.000000 0.000000
9.000000 114.312143 3.731672 -1.197745 1.207106 0.000000 0.000000 0.000000 1.000000 0.000000 0.000000
9.000000 114.315387 3.773143 -1.197414 1.192920 0.000000 0.000000 0.000000 1.000000 0.000000 0.000000
9.000000 114.318805 3.646675 -1.183017 1.175688 0.000000 0.000000 0.000000 1.000000 0.000000 0.000000
9.000000 114.319024 3.733178 -1.208932 1.184396 0.000000 0.000000 0.000000 1.000000 0.000000 0.000000
9.000000 114.319665 3.743674 -1.191587 1.184267 0.000000 0.000000 0.000000 1.000000 0.000000 0.000000
9.000000 114.322022 3.700351 -1.197806 1.186389 0.000000 0.000000 0.000000 1.000000 0.000000 0.000000
9.000000 114.325410 3.757684 -1.202224 1.166208 0.000000 0.000000 0.000000 1.000000 0.000000 0.000000
9.000000 114.328938 3.702552 -1.197454 1.155719 0.000000 0.000000 0.000000 1.000000 0.000000 0.000000
9.000000 114.328999 3.689878 -1.209177 1.158901 0.000000 0.000000 0.000000 1.000000 0.000000 0.000000
9.000000 114.329747 3.664773 -1.201347 1.154854 0.000000 0.000000 0.000000 1.000000 0.000000 0.000000
9.000000 114.332125 3.668700 -1.202562 1.155309 0.000000 0.000000 0.000000 1.000000 0.000000 0.000000
9.000000 114.335700 3.689489 -1.193365 1.148533 0.000000 0.000000 0.000000 1.000000 0.000000 0.000000
9.000000 114.338782 3.476819 -1.166152 1.117020 0.000000 0.000000 0.000000 1.000000 0.000000 0.000000
9.000000 114.338985 3.652702 -1.217241 1.136211 0.000000 0.000000 0.000000 1.000000 0.000000 0.000000
9.000000 114.339756 3.699113 -1.177527 1.118619 0.000000 0.000000 0.000000 1.000000 0.000000 0.000000
9.000000 114.342111 3.642745 -1.204100 1.121593 0.000000 0.000000 0.000000 1.000000 0.000000 0.000000
9.000000 114.345529 3.655090 -1.197271 1.124855 0.000000 0.000000 0.000000 1.000000 0.000000 0.000000
9.000000 114.348867 3.641120 -1.183755 1.109963 0.000000 0.000000 0.000000 1.000000 0.000000 0.000000
9.000000 114.348981 3.613092 -1.213886 1.110551 0.000000 0.000000 0.000000 1.000000 0.000000 0.000000
9.000000 114.349755 3.543549 -1.194035 1.101417 0.000000 0.000000 0.000000 1.000000 0.000000 0.000000
9.000000 114.352134 3.568943 -1.196731 1.113244 0.000000 0.000000 0.000000 1.000000 0.000000 0.000000
9.000000 114.355345 3.617734 -1.197678 1.102715 0.000000 0.000000 0.000000 1.000000 0.000000 0.000000
9.000000 114.358918 3.415223 -1.170375 1.070660 0.000000 0.000000 0.000000 1.000000 0.000000 0.000000
9.000000 114.359120 3.569667 -1.215317 1.085662 0.000000 0.000000 0.000000 1.000000 0.000000 0.000000
9.000000 114.359682 3.582694 -1.201689 1.081449 0.000000 0.000000 0.000000 1.000000 0.000000 0.000000
9.000000 114.362019 3.558447 -1.207424 1.081458 0.000000 0.000000 0.000000 1.000000 0.000000 0.000000
9.000000 114.365468 3.582051 -1.199250 1.072319 0.000000 0.000000 0.000000 1.000000 0.000000 0.000000
9.000000 114.368930 3.552878 -1.191184 1.056910 0.000000 0.000000 0.000000 1.000000 0.000000 0.000000
9.000000 114.368935 3.533005 -1.214644 1.054763 0.000000 0.000000 0.000000 1.000000 0.000000 0.000000
9.000000 114.369741 3.498133 -1.205081 1.055795 0.000000 0.000000 0.000000 1.000000 0.000000 0.000000
9.000000 114.372135 3.498590 -1.207900 1.064810 0.000000 0.000000 0.000000 1.000000 0.000000 0.000000
9.000000 114.375358 3.552232 -1.204243 1.045879 0.000000 0.000000 0.000000 1.000000 0.000000 0.000000
9.000000 114.378930 3.337648 -1.177772 1.014740 0.000000 0.000000 0.000000 1.000000 0.000000 0.000000
9.000000 114.379003 3.484913 -1.220698 1.031155 0.000000 0.000000 0.000000 1.000000 0.000000 0.000000
9.000000 114.379732 3.512724 -1.193689 1.020888 0.000000 0.000000 0.000000 1.000000 0.000000 0.000000
9.000000 114.382215 3.480644 -1.205479 1.024416 0.000000 0.000000 0.000000 1.000000 0.000000 0.000000
9.000000 114.385301 3.516316 -1.204087 1.014510 0.000000 0.000000 0.000000 1.000000 0.000000 0.000000
9.000000 114.388868 3.462907 -1.196106 0.995133 0.000000 0.000000 0.000000 1.000000 0.000000 0.000000
9.000000 114.388975 3.456212 -1.208530 0.988867 0.000000 0.000000 0.000000 1.000000 0.000000 0.000000
9.000000 114.389797 3.458303 -1.208614 0.996758 0.000000 0.000000 0.000000 1.000000 0.000000 0.000000
9.000000 114.392219 3.443573 -1.214299 1.002323 0.000000 0.000000 0.000000 1.000000 0.000000 0.000000
9.000000 114.395375 3.486147 -1.208004 0.985666 0.000000 0.000000 0.000000 1.000000 0.000000 0.000000
9.000000 114.398880 3.282131 -1.182577 0.956619 0.000000 0.000000 0.000000 1.000000 0.000000 0.000000
9.000000 114.399116 3.411698 -1.220218 0.972218 0.000000 0.000000 0.000000 1.000000 0.000000 0.000000
9.000000 114.399723 3.443847 -1.193690 0.957617 0.000000 0.000000 0.000000 1.000000 0.000000 0.000000
9.000000 114.402108 3.418385 -1.209254 0.960433 0.000000 0.000000 0.000000 1.000000 0.000000 0.000000
9.000000 114.405356 3.446185 -1.207829 0.954915 0.000000 0.000000 0.000000 1.000000 0.000000 0.000000
9.000000 114.408962 3.388514 -1.196662 0.937678 0.000000 0.000000 0.000000 1.000000 0.000000 0.000000
9.000000 114.409038 3.364700 -1.223334 0.938003 0.000000 0.000000 0.000000 1.000000 0.000000 0.000000
9.000000 114.409827 3.334234 -1.215918 0.931901 0.000000 0.000000 0.000000 1.000000 0.000000 0.000000
9.000000 114.412404 3.358038 -1.214271 0.939877 0.000000 0.000000 0.000000 1.000000 0.000000 0.000000
9.000000 114.415405 3.395380 -1.210951 0.928369 0.000000 0.000000 0.000000 1.000000 0.000000 0.000000
9.000000 114.418884 3.179493 -1.184592 0.892026 0.000000 0.000000 0.000000 1.000000 0.000000 0.000000
9.000000 114.419070 3.322125 -1.225401 0.905525 0.000000 0.000000 0.000000 1.000000 0.000000 0.000000
9.000000 114.419699 3.358843 -1.193213 0.890085 0.000000 0.000000 0.000000 1.000000 0.000000 0.000000
9.000000 114.422171 3.334838 -1.212615 0.897408 0.000000 0.000000 0.000000 1.000000 0.000000 0.000000
9.000000 114.425351 3.370389 -1.213469 0.892175 0.000000 0.000000 0.000000 1.000000 0.000000 0.000000
9.000000 114.428907 3.315825 -1.200042 0.872993 0.000000 0.000000 0.000000 1.000000 0.000000 0.000000
9.000000 114.428966 3.291477 -1.228722 0.872102 0.000000 0.000000 0.000000 1.000000 0.000000 0.000000
9.000000 114.429883 3.213914 -1.208055 0.866980 0.000000 0.000000 0.000000 1.000000 0.000000 0.000000
9.000000 114.432202 3.246478 -1.207986 0.886956 0.000000 0.000000 0.000000 1.000000 0.000000 0.000000
9.000000 114.435433 3.339565 -1.227807 0.856952 0.000000 0.000000 0.000000 1.000000 0.000000 0.000000
9.000000 114.438930 3.262937 -1.222016 0.841930 0.000000 0.000000 0.000000 1.000000 0.000000 0.000000
9.000000 114.439022 3.258973 -1.222479 0.834177 0.000000 0.000000 0.000000 1.000000 0.000000 0.000000
9.000000 114.439777 3.294398 -1.180575 0.822537 0.000000 0.000000 0.000000 1.000000 0.000000 0.000000
9.000000 114.442317 3.236520 -1.205338 0.836638 0.000000 0.000000 0.000000 1.000000 0.000000 0.000000
9.000000 114.445497 3.285471 -1.214328 0.829199 0.000000 0.000000 0.000000 1.000000 0.000000 0.000000
9.000000 114.448997 3.073169 -1.187432 0.794710 0.000000 0.000000 0.000000 1.000000 0.000000 0.000000
9.000000 114.449095 3.211474 -1.227649 0.808480 0.000000 0.000000 0.000000 1.000000 0.000000 0.000000
9.000000 114.449877 3.215324 -1.219855 0.807772 0.000000 0.000000 0.000000 1.000000 0.000000 0.000000
9.000000 114.452283 3.202973 -1.223218 0.812715 0.000000 0.000000 0.000000 1.000000 0.000000 0.000000
9.000000 114.455520 3.256168 -1.218500 0.792210 0.000000 0.000000 0.000000 1.000000 0.000000 0.000000
9.000000 114.458917 3.018999 -1.188791 0.752423 0.000000 0.000000 0.000000 1.000000 0.000000 0.000000
9.000000 114.459044 3.168856 -1.231477 0.768027 0.000000 0.000000 0.000000 1.000000 0.000000 0.000000
9.000000 114.459750 3.125570 -1.297204 0.773995 0.000000 0.000000 0.000000 1.000000 0.000000 0.000000
9.000000 114.462259 3.262892 -1.256235 0.759181 0.000000 0.000000 0.000000 1.000000 0.000000 0.000000
9.000000 114.465373 3.199238 -1.216301 0.767164 0.000000 0.000000 0.000000 1.000000 0.000000 0.000000
9.000000 114.468864 3.141568 -1.211289 0.741246 0.000000 0.000000 0.000000 1.000000 0.000000 0.000000
9.000000 114.469101 3.133300 -1.231239 0.728029 0.000000 0.000000 0.000000 1.000000 0.000000 0.000000
9.000000 114.469821 3.233155 -1.260531 0.741442 0.000000 0.000000 0.000000 1.000000 0.000000 0.000000
9.000000 114.472293 3.209460 -1.252085 0.728011 0.000000 0.000000 0.000000 1.000000 0.000000 0.000000
9.000000 114.475357 3.174247 -1.218498 0.728957 0.000000 0.000000 0.000000 1.000000 0.000000 0.000000
9.000000 114.478983 2.924814 -1.189294 0.680877 0.000000 0.000000 0.000000 1.000000 0.000000 0.000000
9.000000 114.479106 3.089867 -1.236376 0.693006 0.000000 0.000000 0.000000 1.000000 0.000000 0.000000
9.000000 114.479808 3.107103 -1.205427 0.692851 0.000000 0.000000 0.000000 1.000000 0.000000 0.000000
9.000000 114.482247 3.074519 -1.214938 0.708260 0.000000 0.000000 0.000000 1.000000 0.000000 0.000000
9.000000 114.485367 3.155799 -1.238431 0.682909 0.000000 0.000000 0.000000 1.000000 0.000000 0.000000
9.000000 114.488983 3.048430 -1.238050 0.660756 0.000000 0.000000 0.000000 1.000000 0.000000 0.000000
9.000000 114.489012 3.062449 -1.230744 0.648558 0.000000 0.000000 0.000000 1.000000 0.000000 0.000000
9.000000 114.489877 3.038811 -1.223507 0.645330 0.000000 0.000000 0.000000 1.000000 0.000000 0.000000
9.000000 114.492293 3.072185 -1.224368 0.656738 0.000000 0.000000 0.000000 1.000000 0.000000 0.000000
9.000000 114.495373 3.104878 -1.220136 0.648869 0.000000 0.000000 0.000000 1.000000 0.000000 0.000000
9.000000 114.498885 2.810932 -1.183932 0.596362 0.000000 0.000000 0.000000 1.000000 0.000000 0.000000
9.000000 114.499112 3.008213 -1.240058 0.615953 0.000000 0.000000 0.000000 1.000000 0.000000 0.000000
9.000000 114.499739 3.025798 -1.223163 0.607483 0.000000 0.000000 0.000000 1.000000 0.000000 0.000000
9.000000 114.502220 3.037573 -1.226887 0.616809 0.000000 0.000000 0.000000 1.000000 0.000000 0.000000
9.000000 114.505397 3.057571 -1.221963 0.613178 0.000000 0.000000 0.000000 1.000000 0.000000 0.000000
9.000000 114.508995 2.804105 -1.191143 0.563548 0.000000 0.000000 0.000000 1.000000 0.000000 0.000000
9.000000 114.509005 2.972152 -1.238976 0.576608 0.000000 0.000000 0.000000 1.000000 0.000000 0.000000
9.000000 114.509921 2.989571 -1.208597 0.575063 0.000000 0.000000 0.000000 1.000000 0.000000 0.000000
9.000000 114.512316 2.976435 -1.217113 0.594933 0.000000 0.000000 0.000000 1.000000 0.000000 0.000000
9.000000 114.515454 3.053701 -1.230685 0.571416 0.000000 0.000000 0.000000 1.000000 0.000000 0.000000
9.000000 114.518896 2.795466 -1.203223 0.521570 0.000000 0.000000 0.000000 1.000000 0.000000 0.000000
9.000000 114.519183 2.934941 -1.242399 0.532097 0.000000 0.000000 0.000000 1.000000 0.000000 0.000000
9.000000 114.520053 2.940223 -1.222333 0.537174 0.000000 0.000000 0.000000 1.000000 0.000000 0.000000
9.000000 114.525368 2.923191 -1.216193 0.524650 0.000000 0.000000 0.000000 1.000000 0.000000 0.000000
9.000000 114.529014 2.774418 -1.208179 0.475850 0.000000 0.000000 0.000000 1.000000 0.000000 0.000000
9.000000 114.529086 2.896369 -1.241723 0.489350 0.000000 0.000000 0.000000 1.000000 0.000000 0.000000
9.000000 114.529932 2.881289 -1.274353 0.489252 0.000000 0.000000 0.000000 1.000000 0.000000 0.000000
9.000000 114.535442 3.061208 -1.235511 0.498245 0.000000 0.000000 0.000000 1.000000 0.000000 0.000000
9.000000 114.538945 2.829793 -1.222634 0.450978 0.000000 0.000000 0.000000 1.000000 0.000000 0.000000
9.000000 114.539080 2.862204 -1.234882 0.443647 0.000000 0.000000 0.000000 1.000000 0.000000 0.000000
9.000000 114.539784 2.861236 -1.230032 0.442851 0.000000 0.000000 0.000000 1.000000 0.000000 0.000000
9.000000 114.548942 2.780828 -1.259388 0.426398 0.000000 0.000000 0.000000 1.000000 0.000000 0.000000
9.000000 114.549321 2.810707 -1.247513 0.404518 0.000000 0.000000 0.000000 1.000000 0.000000 0.000000
9.000000 114.549917 2.722027 -1.221656 0.374704 0.000000 0.000000 0.000000 1.000000 0.000000 0.000000
9.000000 114.555498 2.709955 -1.225510 0.354998 0.000000 0.000000 0.000000 1.000000 0.000000 0.000000
9.000000 114.559045 2.665488 -1.223048 0.345534 0.000000 0.000000 0.000000 1.000000 0.000000 0.000000
9.000000 114.559178 2.771489 -1.252600 0.359358 0.000000 0.000000 0.000000 1.000000 0.000000 0.000000
9.000000 114.559807 2.776000 -1.236711 0.362287 0.000000 0.000000 0.000000 1.000000 0.000000 0.000000
9.000000 114.565391 2.794707 -1.221716 0.363704 0.000000 0.000000 0.000000 1.000000 0.000000 0.000000
9.000000 114.568991 2.741014 -1.233233 0.325481 0.000000 0.000000 0.000000 1.000000 0.000000 0.000000
9.000000 114.569086 2.737242 -1.247659 0.317497 0.000000 0.000000 0.000000 1.000000 0.000000 0.000000
9.000000 114.569896 2.698879 -1.232217 0.323743 0.000000 0.000000 0.000000 1.000000 0.000000 0.000000
9.000000 114.575416 2.721150 -1.226091 0.316865 0.000000 0.000000 0.000000 1.000000 0.000000 0.000000
9.000000 114.578947 2.634878 -1.221722 0.278318 0.000000 0.000000 0.000000 1.000000 0.000000 0.000000
9.000000 114.579150 2.699774 -1.244805 0.270026 0.000000 0.000000 0.000000 1.000000 0.000000 0.000000
9.000000 114.579824 2.692428 -1.237538 0.274355 0.000000 0.000000 0.000000 1.000000 0.000000 0.000000
9.000000 114.585455 2.682297 -1.226113 0.269378 0.000000 0.000000 0.000000 1.000000 0.000000 0.000000
9.000000 114.589099 2.594030 -1.221877 0.226401 0.000000 0.000000 0.000000 1.000000 0.000000 0.000000
9.000000 114.589918 2.612565 -1.227452 0.222077 0.000000 0.000000 0.000000 1.000000 0.000000 0.000000
9.000000 114.595414 2.607205 -1.229216 0.217909 0.000000 0.000000 0.000000 1.000000 0.000000 0.000000
9.000000 114.599083 2.531938 -1.225485 0.185324 0.000000 0.000000 0.000000 1.000000 0.000000 0.000000
9.000000 114.600070 2.602962 -1.245087 0.176494 0.000000 0.000000 0.000000 1.000000 0.000000 0.000000
9.000000 114.605427 2.633987 -1.236109 0.168202 0.000000 0.000000 0.000000 1.000000 0.000000 0.000000
9.000000 114.609158 2.495088 -1.228878 0.129530 0.000000 0.000000 0.000000 1.000000 0.000000 0.000000
9.000000 114.609931 2.642260 -1.269649 0.137694 0.000000 0.000000 0.000000 1.000000 0.000000 0.000000
9.000000 114.615551 2.726975 -1.244686 0.136240 0.000000 0.000000 0.000000 1.000000 0.000000 0.000000
9.000000 114.619022 2.457254 -1.229970 0.074553 0.000000 0.000000 0.000000 1.000000 0.000000 0.000000
9.000000 114.619833 2.585030 -1.265087 0.084313 0.000000 0.000000 0.000000 1.000000 0.000000 0.000000
9.000000 114.625460 2.625527 -1.253657 0.073946 0.000000 0.000000 0.000000 1.000000 0.000000 0.000000
9.000000 114.629129 2.463475 -1.244972 0.028424 0.000000 0.000000 0.000000 1.000000 0.000000 0.000000
9.000000 114.629941 2.543046 -1.266735 0.030456 0.000000 0.000000 0.000000 1.000000 0.000000 0.000000
9.000000 114.635439 2.562183 -1.261158 0.027417 0.000000 0.000000 0.000000 1.000000 0.000000 0.000000
9.000000 114.639115 2.522710 -1.258998 0.019734 0.000000 0.000000 0.000000 1.000000 0.000000 0.000000
9.000000 114.639802 2.492835 -1.250930 0.022273 0.000000 0.000000 0.000000 1.000000 0.000000 0.000000
9.000000 114.645475 2.478892 -1.254721 0.039659 0.000000 0.000000 0.000000 1.000000 0.000000 0.000000
9.000000 114.649109 2.359607 -1.248848 0.039472 0.000000 0.000000 0.000000 1.000000 0.000000 0.000000
9.000000 114.650009 2.383499 -1.255649 0.051521 0.000000 0.000000 0.000000 1.000000 0.000000 0.000000
9.000000 114.655418 2.390602 -1.253508 0.070401 0.000000 0.000000 0.000000 1.000000 0.000000 0.000000
9.000000 114.659049 2.371997 -1.253195 0.084258 0.000000 0.000000 0.000000 1.000000 0.000000 0.000000
9.000000 114.660200 2.468505 -1.279650 0.100668 0.000000 0.000000 0.000000 1.000000 0.000000 0.000000
9.000000 114.665500 2.486988 -1.274330 0.124093 0.000000 0.000000 0.000000 1.000000 0.000000 0.000000
9.000000 114.669105 2.443648 -1.273047 0.136710 0.000000 0.000000 0.000000 1.000000 0.000000 0.000000
9.000000 114.669931 2.426944 -1.268567 0.138071 0.000000 0.000000 0.000000 1.000000 0.000000 0.000000
9.000000 114.675709 2.428689 -1.268005 0.161967 0.000000 0.000000 0.000000 1.000000 0.000000 0.000000
9.000000 114.678994 2.438013 -1.269449 0.178147 0.000000 0.000000 0.000000 1.000000 0.000000 0.000000
9.000000 114.679861 2.481642 -1.281485 0.184894 0.000000 0.000000 0.000000 1.000000 0.000000 0.000000
9.000000 114.685557 2.571197 -1.254512 0.221547 0.000000 0.000000 0.000000 1.000000 0.000000 0.000000
9.000000 114.689131 2.154838 -1.232839 0.171088 0.000000 0.000000 0.000000 1.000000 0.000000 0.000000
9.000000 114.690036 2.275487 -1.265767 0.186698 0.000000 0.000000 0.000000 1.000000 0.000000 0.000000
9.000000 114.695546 2.278218 -1.264932 0.201524 0.000000 0.000000 0.000000 1.000000 0.000000 0.000000
9.000000 114.699234 2.279382 -1.265536 0.218416 0.000000 0.000000 0.000000 1.000000 0.000000 0.000000
9.000000 114.699822 2.212356 -1.247461 0.221817 0.000000 0.000000 0.000000 1.000000 0.000000 0.000000
9.000000 114.705508 2.146570 -1.266470 0.232701 0.000000 0.000000 0.000000 1.000000 0.000000 0.000000
9.000000 114.709190 2.292203 -1.274668 0.260873 0.000000 0.000000 0.000000 1.000000 0.000000 0.000000
9.000000 114.710171 2.331760 -1.285583 0.270344 0.000000 0.000000 0.000000 1.000000 0.000000 0.000000
9.000000 114.715563 2.337282 -1.283558 0.290667 0.000000 0.000000 0.000000 1.000000 0.000000 0.000000
9.000000 114.719036 2.219508 -1.277761 0.282942 0.000000 0.000000 0.000000 1.000000 0.000000 0.000000
9.000000 114.719810 2.330151 -1.307871 0.302446 0.000000 0.000000 0.000000 1.000000 0.000000 0.000000
9.000000 114.725541 2.384144 -1.291400 0.322329 0.000000 0.000000 0.000000 1.000000 0.000000 0.000000
9.000000 114.729057 2.249158 -1.284570 0.314686 0.000000 0.000000 0.000000 1.000000 0.000000 0.000000
9.000000 114.729928 2.267867 -1.289872 0.329898 0.000000 0.000000 0.000000 1.000000 0.000000 0.000000
9.000000 114.735490 2.257762 -1.292517 0.340364 0.000000 0.000000 0.000000 1.000000 0.000000 0.000000
9.000000 114.739862 2.056492 -1.282133 0.321037 0.000000 0.000000 0.000000 1.000000 0.000000 0.000000
9.000000 114.745542 2.033694 -1.288733 0.335285 0.000000 0.000000 0.000000 1.000000 0.000000 0.000000
9.000000 114.749903 1.832440 -1.278477 0.335681 0.000000 0.000000 0.000000 1.000000 0.000000 0.000000
9.000000 114.755530 2.062830 -1.278179 0.374974 0.000000 0.000000 0.000000 1.000000 0.000000 0.000000
9.000000 114.759851 1.983717 -1.273779 0.374805 0.000000 0.000000 0.000000 1.000000 0.000000 0.000000
9.000000 114.765588 2.277664 -1.302645 0.423348 0.000000 0.000000 0.000000 1.000000 0.000000 0.000000
9.000000 114.769967 2.067897 -1.292746 0.414484 0.000000 0.000000 0.000000 1.000000 0.000000 0.000000
9.000000 114.775748 2.059867 -1.295190 0.427372 0.000000 0.000000 0.000000 1.000000 0.000000 0.000000
9.000000 114.779847 1.893991 -1.287045 0.428718 0.000000 0.000000 0.000000 1.000000 0.000000 0.000000
9.000000 114.785587 1.879123 -1.290856 0.441568 0.000000 0.000000 0.000000 1.000000 0.000000 0.000000
9.000000 114.799849 1.836677 -1.293793 0.469216 0.000000 0.000000 0.000000 1.000000 0.000000 0.000000
9.000000 114.805554 1.813391 -1.300609 0.477128 0.000000 0.000000 0.000000 1.000000 0.000000 0.000000
9.000000 114.819847 1.778708 -1.304983 0.508489 0.000000 0.000000 0.000000 1.000000 0.000000 0.000000
9.000000 114.825723 1.806630 -1.296665 0.526995 0.000000 0.000000 0.000000 1.000000 0.000000 0.000000
9.000000 114.830123 1.795998 -1.296489 0.540893 0.000000 0.000000 0.000000 1.000000 0.000000 0.000000
9.000000 114.835769 1.811113 -1.291909 0.547256 0.000000 0.000000 0.000000 1.000000 0.000000 0.000000
9.000000 114.849922 1.685990 -1.287816 0.569882 0.000000 0.000000 0.000000 1.000000 0.000000 0.000000
9.000000 114.855751 1.596900 -1.313905 0.561980 0.000000 0.000000 0.000000 1.000000 0.000000 0.000000
9.000000 114.859885 1.651589 -1.316819 0.578175 0.000000 0.000000 0.000000 1.000000 0.000000 0.000000
9.000000 114.865740 1.698558 -1.303043 0.599838 0.000000 0.000000 0.000000 1.000000 0.000000 0.000000
9.000000 114.870066 1.600008 -1.298460 0.606571 0.000000 0.000000 0.000000 1.000000 0.000000 0.000000
9.000000 114.875586 1.604121 -1.297054 0.612216 0.000000 0.000000 0.000000 1.000000 0.000000 0.000000
9.000000 114.879879 1.572978 -1.295470 0.608570 0.000000 0.000000 0.000000 1.000000 0.000000 0.000000
9.000000 114.885651 1.540547 -1.304836 0.612150 0.000000 0.000000 0.000000 1.000000 0.000000 0.000000
9.000000 114.889973 1.515511 -1.303712 0.616746 0.000000 0.000000 0.000000 1.000000 0.000000 0.000000
9.000000 114.895596 1.505451 -1.306566 0.624753 0.000000 0.000000 0.000000 1.000000 0.000000 0.000000
9.000000 114.900110 1.478105 -1.305386 0.631756 0.000000 0.000000 0.000000 1.000000 0.000000 0.000000
9.000000 114.905586 1.406028 -1.326274 0.629537 0.000000 0.000000 0.000000 1.000000 0.000000 0.000000
9.000000 114.910020 1.434680 -1.327739 0.635334 0.000000 0.000000 0.000000 1.000000 0.000000 0.000000
9.000000 114.915732 1.486499 -1.312724 0.651665 0.000000 0.000000 0.000000 1.000000 0.000000 0.000000
9.000000 114.919886 1.569190 -1.317212 0.672906 0.000000 0.000000 0.000000 1.000000 0.000000 0.000000
9.000000 114.925541 1.556312 -1.320975 0.672223 0.000000 0.000000 0.000000 1.000000 0.000000 0.000000
9.000000 114.939932 1.339844 -1.330249 0.670381 0.000000 0.000000 0.000000 1.000000 0.000000 0.000000
9.000000 114.945509 1.230920 -1.361538 0.662446 0.000000 0.000000 0.000000 1.000000 0.000000 0.000000
9.000000 114.950053 1.217282 -1.360876 0.656592 0.000000 0.000000 0.000000 1.000000 0.000000 0.000000
9.000000 114.955818 1.334452 -1.326756 0.682803 0.000000 0.000000 0.000000 1.000000 0.000000 0.000000
9.000000 114.959888 1.342307 -1.327164 0.684404 0.000000 0.000000 0.000000 1.000000 0.000000 0.000000
9.000000 114.965683 1.328989 -1.331272 0.690201 0.000000 0.000000 0.000000 1.000000 0.000000 0.000000
9.000000 114.970053 0.814269 -1.478759 0.543004 0.000000 0.000000 0.000000 1.000000 0.000000 0.000000
9.000000 114.975742 1.274947 -1.332804 0.686695 0.000000 0.000000 0.000000 1.000000 0.000000 0.000000
9.000000 114.979925 1.218258 -1.329991 0.677684 0.000000 0.000000 0.000000 1.000000 0.000000 0.000000
9.000000 114.985802 1.201139 -1.335061 0.683317 0.000000 0.000000 0.000000 1.000000 0.000000 0.000000
9.000000 114.999907 1.088826 -1.345003 0.681053 0.000000 0.000000 0.000000 1.000000 0.000000 0.000000
9.000000 115.005643 0.899312 -1.402458 0.613832 0.000000 0.000000 0.000000 1.000000 0.000000 0.000000
9.000000 115.010056 0.579936 -1.503969 0.533904 0.000000 0.000000 0.000000 1.000000 0.000000 0.000000
9.000000 115.015681 1.071479 -1.352655 0.679294 0.000000 0.000000 0.000000 1.000000 0.000000 0.000000
9.000000 115.020150 1.011838 -1.349864 0.675707 0.000000 0.000000 0.000000 1.000000 0.000000 0.000000
9.000000 115.025692 0.960603 -1.364609 0.671144 0.000000 0.000000 0.000000 1.000000 0.000000 0.000000
9.000000 115.030082 0.940369 -1.363666 0.669494 0.000000 0.000000 0.000000 1.000000 0.000000 0.000000
9.000000 115.035617 0.928533 -1.367101 0.666146 0.000000 0.000000 0.000000 1.000000 0.000000 0.000000
9.000000 115.039983 0.944906 -1.367627 0.657664 0.000000 0.000000 0.000000 1.000000 0.000000 0.000000
9.000000 115.045598 1.012917 -1.348066 0.668568 0.000000 0.000000 0.000000 1.000000 0.000000 0.000000
9.000000 115.050076 0.982299 -1.346882 0.674602 0.000000 0.000000 0.000000 1.000000 0.000000 0.000000
9.000000 115.055596 0.809695 -1.396579 0.651447 0.000000 0.000000 0.000000 1.000000 0.000000 0.000000
9.000000 115.059975 0.778026 -1.395034 0.642996 0.000000 0.000000 0.000000 1.000000 0.000000 0.000000
9.000000 115.065643 0.890655 -1.362660 0.653191 0.000000 0.000000 0.000000 1.000000 0.000000 0.000000
9.000000 115.070126 0.860006 -1.361250 0.652982 0.000000 0.000000 0.000000 1.000000 0.000000 0.000000
9.000000 115.075608 0.892656 -1.351795 0.662129 0.000000 0.000000 0.000000 1.000000 0.000000 0.000000
9.000000 115.079952 1.071956 -1.360200 0.679397 0.000000 0.000000 0.000000 1.000000 0.000000 0.000000
9.000000 115.085902 1.044585 -1.368155 0.677579 0.000000 0.000000 0.000000 1.000000 0.000000 0.000000
9.000000 115.090095 0.771342 -1.355358 0.646837 0.000000 0.000000 0.000000 1.000000 0.000000 0.000000
9.000000 115.095697 0.508901 -1.432203 0.575637 0.000000 0.000000 0.000000 1.000000 0.000000 0.000000
9.000000 115.099952 0.531394 -1.433262 0.573009 0.000000 0.000000 0.000000 1.000000 0.000000 0.000000
9.000000 115.105796 0.741819 -1.371812 0.623367 0.000000 0.000000 0.000000 1.000000 0.000000 0.000000
9.000000 115.110189 0.953265 -1.381648 0.646086 0.000000 0.000000 0.000000 1.000000 0.000000 0.000000
9.000000 115.115698 0.892419 -1.399216 0.638868 0.000000 0.000000 0.000000 1.000000 0.000000 0.000000
9.000000 115.119961 0.845500 -1.396802 0.623458 0.000000 0.000000 0.000000 1.000000 0.000000 0.000000
9.000000 115.125697 0.832576 -1.400436 0.616195 0.000000 0.000000 0.000000 1.000000 0.000000 0.000000
9.000000 115.130120 0.583946 -1.389033 0.583658 0.000000 0.000000 0.000000 1.000000 0.000000 0.000000
9.000000 115.135602 0.554880 -1.397327 0.578437 0.000000 0.000000 0.000000 1.000000 0.000000 0.000000
9.000000 115.140026 0.544060 -1.396375 0.560789 0.000000 0.000000 0.000000 1.000000 0.000000 0.000000
9.000000 115.145778 0.545948 -1.395525 0.550734 0.000000 0.000000 0.000000 1.000000 0.000000 0.000000
9.000000 115.160003 0.668591 -1.410090 0.553787 0.000000 0.000000 0.000000 1.000000 0.000000 0.000000
9.000000 115.165670 0.648736 -1.415797 0.552066 0.000000 0.000000 0.000000 1.000000 0.000000 0.000000
9.000000 115.170169 0.641678 -1.415357 0.546813 0.000000 0.000000 0.000000 1.000000 0.000000 0.000000
9.000000 115.175714 0.706777 -1.396627 0.552776 0.000000 0.000000 0.000000 1.000000 0.000000 0.000000
9.000000 115.180007 0.738943 -1.397850 0.550099 0.000000 0.000000 0.000000 1.000000 0.000000 0.000000
9.000000 115.185773 0.562731 -1.448234 0.515596 0.000000 0.000000 0.000000 1.000000 0.000000 0.000000
9.000000 115.190135 0.325776 -1.437923 0.487669 0.000000 0.000000 0.000000 1.000000 0.000000 0.000000
9.000000 115.195752 0.407759 -1.414748 0.490798 0.000000 0.000000 0.000000 1.000000 0.000000 0.000000
9.000000 115.210084 0.546168 -1.407128 0.476600 0.000000 0.000000 0.000000 1.000000 0.000000 0.000000
9.000000 115.215822 0.486295 -1.424031 0.456472 0.000000 0.000000 0.000000 1.000000 0.000000 0.000000
9.000000 115.220011 0.545967 -1.426457 0.455228 0.000000 0.000000 0.000000 1.000000 0.000000 0.000000
9.000000 115.225802 0.507778 -1.437277 0.439512 0.000000 0.000000 0.000000 1.000000 0.000000 0.000000
9.000000 115.230166 0.375961 -1.431440 0.420027 0.000000 0.000000 0.000000 1.000000 0.000000 0.000000
9.000000 115.235701 0.380429 -1.430230 0.414284 0.000000 0.000000 0.000000 1.000000 0.000000 0.000000
9.000000 115.250179 0.250616 -1.398382 0.374982 0.000000 0.000000 0.000000 1.000000 0.000000 0.000000
9.000000 115.255785 0.183686 -1.417370 0.354365 0.000000 0.000000 0.000000 1.000000 0.000000 0.000000
9.000000 115.260030 0.336695 -1.423837 0.356749 0.000000 0.000000 0.000000 1.000000 0.000000 0.000000
9.000000 115.265733 0.334926 -1.424236 0.345817 0.000000 0.000000 0.000000 1.000000 0.000000 0.000000
9.000000 115.270123 0.349447 -1.424665 0.336378 0.000000 0.000000 0.000000 1.000000 0.000000 0.000000
9.000000 115.275680 0.272314 -1.446482 0.312576 0.000000 0.000000 0.000000 1.000000 0.000000 0.000000
9.000000 115.280081 0.231036 -1.444575 0.297950 0.000000 0.000000 0.000000 1.000000 0.000000 0.000000
9.000000 115.285709 0.188046 -1.456777 0.283077 0.000000 0.000000 0.000000 1.000000 0.000000 0.000000
9.000000 115.300019 0.052053 -1.406994 0.237742 0.000000 0.000000 0.000000 1.000000 0.000000 0.000000
9.000000 115.305706 0.024295 -1.414876 0.229189 0.000000 0.000000 0.000000 1.000000 0.000000 0.000000
9.000000 115.310438 0.003642 -1.413776 0.208282 0.000000 0.000000 0.000000 1.000000 0.000000 0.000000
9.000000 115.315596 -0.112723 -1.446698 0.171671 0.000000 0.000000 0.000000 1.000000 0.000000 0.000000
9.000000 115.320109 0.093769 -1.455284 0.180125 0.000000 0.000000 0.000000 1.000000 0.000000 0.000000
9.000000 115.325724 0.059265 -1.465313 0.154796 0.000000 0.000000 0.000000 1.000000 0.000000 0.000000
9.000000 115.330191 -0.010189 -1.462160 0.125400 0.000000 0.000000 0.000000 1.000000 0.000000 0.000000
9.000000 115.335650 0.067860 -1.440314 0.124340 0.000000 0.000000 0.000000 1.000000 0.000000 0.000000
9.000000 115.340051 -0.048861 -1.435186 0.090252 0.000000 0.000000 0.000000 1.000000 0.000000 0.000000
9.000000 115.345695 -0.075285 -1.442760 0.074083 0.000000 0.000000 0.000000 1.000000 0.000000 0.000000
9.000000 115.350188 -0.171231 -1.438646 0.050526 0.000000 0.000000 0.000000 1.000000 0.000000 0.000000
9.000000 115.355756 -0.197293 -1.446138 0.035583 0.000000 0.000000 0.000000 1.000000 0.000000 0.000000
