4.000000 40.547452 23.488501 -0.198761 0.189927 0.000000 0.000000 0.000000 1.000000 0.000000 0.000000
4.000000 40.548070 23.268641 -0.263280 0.249198 0.000000 0.000000 0.000000 1.000000 0.000000 0.000000
4.000000 40.555233 23.550816 -0.265652 0.246656 0.000000 0.000000 0.000000 1.000000 0.000000 0.000000
4.000000 40.557392 23.365495 -0.219122 0.294435 0.000000 0.000000 0.000000 1.000000 0.000000 0.000000
4.000000 40.565245 23.314027 -0.234950 0.335571 0.000000 0.000000 0.000000 1.000000 0.000000 0.000000
4.000000 40.567466 23.265045 -0.221640 0.378750 0.000000 0.000000 0.000000 1.000000 0.000000 0.000000
4.000000 40.567945 23.148600 -0.255919 0.409665 0.000000 0.000000 0.000000 1.000000 0.000000 0.000000
4.000000 40.575413 23.161898 -0.256424 0.447052 0.000000 0.000000 0.000000 1.000000 0.000000 0.000000
4.000000 40.577357 23.134823 -0.249839 0.471788 0.000000 0.000000 0.000000 1.000000 0.000000 0.000000
4.000000 40.577880 23.021252 -0.283131 0.497235 0.000000 0.000000 0.000000 1.000000 0.000000 0.000000
4.000000 40.585513 23.030272 -0.283650 0.544201 0.000000 0.000000 0.000000 1.000000 0.000000 0.000000
4.000000 40.587438 22.989043 -0.273569 0.570359 0.000000 0.000000 0.000000 1.000000 0.000000 0.000000
4.000000 40.588028 22.860752 -0.311183 0.587989 0.000000 0.000000 0.000000 1.000000 0.000000 0.000000
4.000000 40.595494 22.967929 -0.312777 0.617442 0.000000 0.000000 0.000000 1.000000 0.000000 0.000000
4.000000 40.597451 22.852012 -0.283402 0.651280 0.000000 0.000000 0.000000 1.000000 0.000000 0.000000
4.000000 40.597890 22.733491 -0.318179 0.670653 0.000000 0.000000 0.000000 1.000000 0.000000 0.000000
4.000000 40.605358 22.830497 -0.319469 0.705989 0.000000 0.000000 0.000000 1.000000 0.000000 0.000000
4.000000 40.607627 22.741388 -0.296817 0.736257 0.000000 0.000000 0.000000 1.000000 0.000000 0.000000
4.000000 40.608017 22.600005 -0.338532 0.757928 0.000000 0.000000 0.000000 1.000000 0.000000 0.000000
4.000000 40.615397 22.747791 -0.340521 0.782580 0.000000 0.000000 0.000000 1.000000 0.000000 0.000000
4.000000 40.617450 22.611396 -0.305367 0.818814 0.000000 0.000000 0.000000 1.000000 0.000000 0.000000
4.000000 40.618006 22.478272 -0.344771 0.838784 0.000000 0.000000 0.000000 1.000000 0.000000 0.000000
4.000000 40.625327 22.634261 -0.346829 0.859832 0.000000 0.000000 0.000000 1.000000 0.000000 0.000000
4.000000 40.627518 22.487044 -0.308744 0.890184 0.000000 0.000000 0.000000 1.000000 0.000000 0.000000
4.000000 40.628078 22.328135 -0.355928 0.914367 0.000000 0.000000 0.000000 1.000000 0.000000 0.000000
4.000000 40.632890 22.092634 -0.346731 0.968229 0.000000 0.000000 0.000000 1.000000 0.000000 0.000000
4.000000 40.635357 22.166877 -0.317860 1.007303 0.000000 0.000000 0.000000 1.000000 0.000000 0.000000
4.000000 40.637609 22.384380 -0.330263 0.977153 0.000000 0.000000 0.000000 1.000000 0.000000 0.000000
4.000000 40.637946 22.225227 -0.377804 1.004841 0.000000 0.000000 0.000000 1.000000 0.000000 0.000000
4.000000 40.643023 22.010869 -0.366419 1.048351 0.000000 0.000000 0.000000 1.000000 0.000000 0.000000
4.000000 40.645339 22.058301 -0.336988 1.074787 0.000000 0.000000 0.000000 1.000000 0.000000 0.000000
4.000000 40.647418 22.199639 -0.340267 1.052438 0.000000 0.000000 0.000000 1.000000 0.000000 0.000000
4.000000 40.648065 22.140640 -0.357832 1.067436 0.000000 0.000000 0.000000 1.000000 0.000000 0.000000
4.000000 40.652928 21.875213 -0.354875 1.114862 0.000000 0.000000 0.000000 1.000000 0.000000 0.000000
4.000000 40.655320 21.989800 -0.350782 1.165311 0.000000 0.000000 0.000000 1.000000 0.000000 0.000000
4.000000 40.657324 22.101352 -0.341232 1.138794 0.000000 0.000000 0.000000 1.000000 0.000000 0.000000
4.000000 40.657917 21.987975 -0.375221 1.150183 0.000000 0.000000 0.000000 1.000000 0.000000 0.000000
4.000000 40.663087 21.784439 -0.370583 1.188619 0.000000 0.000000 0.000000 1.000000 0.000000 0.000000
4.000000 40.665289 21.891837 -0.364269 1.235175 0.000000 0.000000 0.000000 1.000000 0.000000 0.000000
4.000000 40.667425 21.996632 -0.355989 1.211461 0.000000 0.000000 0.000000 1.000000 0.000000 0.000000
4.000000 40.668031 21.901063 -0.384611 1.229170 0.000000 0.000000 0.000000 1.000000 0.000000 0.000000
4.000000 40.673055 21.699493 -0.385821 1.269820 0.000000 0.000000 0.000000 1.000000 0.000000 0.000000
4.000000 40.675354 21.795861 -0.382659 1.306459 0.000000 0.000000 0.000000 1.000000 0.000000 0.000000
4.000000 40.677434 21.876545 -0.368923 1.280411 0.000000 0.000000 0.000000 1.000000 0.000000 0.000000
4.000000 40.677966 21.760402 -0.403796 1.298393 0.000000 0.000000 0.000000 1.000000 0.000000 0.000000
4.000000 40.682990 21.602477 -0.403243 1.337378 0.000000 0.000000 0.000000 1.000000 0.000000 0.000000
4.000000 40.685577 21.728418 -0.411356 1.385417 0.000000 0.000000 0.000000 1.000000 0.000000 0.000000
4.000000 40.687457 21.726626 -0.380187 1.367134 0.000000 0.000000 0.000000 1.000000 0.000000 0.000000
4.000000 40.688016 21.596703 -0.419598 1.367641 0.000000 0.000000 0.000000 1.000000 0.000000 0.000000
4.000000 40.692852 21.476002 -0.410329 1.390940 0.000000 0.000000 0.000000 1.000000 0.000000 0.000000
4.000000 40.695381 21.591957 -0.408514 1.438637 0.000000 0.000000 0.000000 1.000000 0.000000 0.000000
4.000000 40.697483 21.610420 -0.386232 1.426306 0.000000 0.000000 0.000000 1.000000 0.000000 0.000000
4.000000 40.697932 21.511592 -0.416316 1.433895 0.000000 0.000000 0.000000 1.000000 0.000000 0.000000
4.000000 40.703163 21.369634 -0.412944 1.458019 0.000000 0.000000 0.000000 1.000000 0.000000 0.000000
4.000000 40.705539 21.522681 -0.428903 1.514203 0.000000 0.000000 0.000000 1.000000 0.000000 0.000000
4.000000 40.707519 21.497246 -0.395548 1.499973 0.000000 0.000000 0.000000 1.000000 0.000000 0.000000
4.000000 40.708092 21.400531 -0.424941 1.506291 0.000000 0.000000 0.000000 1.000000 0.000000 0.000000
4.000000 40.712933 21.275639 -0.428024 1.530490 0.000000 0.000000 0.000000 1.000000 0.000000 0.000000
4.000000 40.715365 21.416227 -0.442103 1.575867 0.000000 0.000000 0.000000 1.000000 0.000000 0.000000
4.000000 40.717412 21.381170 -0.401877 1.572934 0.000000 0.000000 0.000000 1.000000 0.000000 0.000000
4.000000 40.718014 21.252546 -0.441354 1.588918 0.000000 0.000000 0.000000 1.000000 0.000000 0.000000
4.000000 40.723026 21.191465 -0.444159 1.601761 0.000000 0.000000 0.000000 1.000000 0.000000 0.000000
4.000000 40.725473 21.327182 -0.460948 1.644493 0.000000 0.000000 0.000000 1.000000 0.000000 0.000000
4.000000 40.727485 21.279689 -0.423206 1.634645 0.000000 0.000000 0.000000 1.000000 0.000000 0.000000
4.000000 40.728047 21.188922 -0.450952 1.641224 0.000000 0.000000 0.000000 1.000000 0.000000 0.000000
4.000000 40.732876 21.079292 -0.453012 1.662520 0.000000 0.000000 0.000000 1.000000 0.000000 0.000000
4.000000 40.735600 21.230963 -0.474726 1.708590 0.000000 0.000000 0.000000 1.000000 0.000000 0.000000
4.000000 40.737356 21.139565 -0.425486 1.708205 0.000000 0.000000 0.000000 1.000000 0.000000 0.000000
4.000000 40.737934 20.962673 -0.480202 1.724330 0.000000 0.000000 0.000000 1.000000 0.000000 0.000000
4.000000 40.742927 20.998376 -0.476485 1.729070 0.000000 0.000000 0.000000 1.000000 0.000000 0.000000
4.000000 40.745392 21.134156 -0.488665 1.773207 0.000000 0.000000 0.000000 1.000000 0.000000 0.000000
4.000000 40.747465 21.023402 -0.437832 1.772250 0.000000 0.000000 0.000000 1.000000 0.000000 0.000000
4.000000 40.748152 20.919748 -0.469920 1.777056 0.000000 0.000000 0.000000 1.000000 0.000000 0.000000
4.000000 40.752930 20.883786 -0.471078 1.785918 0.000000 0.000000 0.000000 1.000000 0.000000 0.000000
4.000000 40.755362 21.021033 -0.498982 1.826238 0.000000 0.000000 0.000000 1.000000 0.000000 0.000000
4.000000 40.757376 20.892921 -0.452061 1.832959 0.000000 0.000000 0.000000 1.000000 0.000000 0.000000
4.000000 40.758011 20.805368 -0.479225 1.842991 0.000000 0.000000 0.000000 1.000000 0.000000 0.000000
4.000000 40.763026 20.783608 -0.482882 1.850063 0.000000 0.000000 0.000000 1.000000 0.000000 0.000000
4.000000 40.765486 20.932802 -0.514040 1.890649 0.000000 0.000000 0.000000 1.000000 0.000000 0.000000
4.000000 40.767575 20.782625 -0.459071 1.896515 0.000000 0.000000 0.000000 1.000000 0.000000 0.000000
4.000000 40.768103 20.674095 -0.492950 1.902841 0.000000 0.000000 0.000000 1.000000 0.000000 0.000000
4.000000 40.772963 20.677467 -0.495516 1.905232 0.000000 0.000000 0.000000 1.000000 0.000000 0.000000
4.000000 40.775325 20.837103 -0.530652 1.948585 0.000000 0.000000 0.000000 1.000000 0.000000 0.000000
4.000000 40.777388 20.676939 -0.476304 1.939965 0.000000 0.000000 0.000000 1.000000 0.000000 0.000000
4.000000 40.777969 20.604456 -0.498556 1.945725 0.000000 0.000000 0.000000 1.000000 0.000000 0.000000
4.000000 40.783170 20.584420 -0.503104 1.967256 0.000000 0.000000 0.000000 1.000000 0.000000 0.000000
4.000000 40.785245 20.576004 -0.511370 2.014562 0.000000 0.000000 0.000000 1.000000 0.000000 0.000000
4.000000 40.785305 20.502409 -0.462200 2.040918 0.000000 0.000000 0.000000 1.000000 0.000000 0.000000
4.000000 40.787651 20.551364 -0.479995 2.019419 0.000000 0.000000 0.000000 1.000000 0.000000 0.000000
4.000000 40.788045 20.454168 -0.510526 2.023282 0.000000 0.000000 0.000000 1.000000 0.000000 0.000000
4.000000 40.790151 20.312887 -0.499343 2.023885 0.000000 0.000000 0.000000 1.000000 0.000000 0.000000
4.000000 40.792871 20.324744 -0.483426 1.993295 0.000000 0.000000 0.000000 1.000000 0.000000 0.000000
4.000000 40.795026 20.456765 -0.520519 2.070878 0.000000 0.000000 0.000000 1.000000 0.000000 0.000000
4.000000 40.795318 20.386928 -0.476462 2.104240 0.000000 0.000000 0.000000 1.000000 0.000000 0.000000
4.000000 40.797551 20.429883 -0.492356 2.083599 0.000000 0.000000 0.000000 1.000000 0.000000 0.000000
4.000000 40.798049 20.365496 -0.512743 2.078011 0.000000 0.000000 0.000000 1.000000 0.000000 0.000000
4.000000 40.800109 20.206057 -0.504143 2.080519 0.000000 0.000000 0.000000 1.000000 0.000000 0.000000
4.000000 40.802971 20.214601 -0.494260 2.053020 0.000000 0.000000 0.000000 1.000000 0.000000 0.000000
4.000000 40.805397 20.334962 -0.527714 2.124621 0.000000 0.000000 0.000000 1.000000 0.000000 0.000000
4.000000 40.805401 20.264996 -0.481858 2.160945 0.000000 0.000000 0.000000 1.000000 0.000000 0.000000
4.000000 40.807679 20.329108 -0.502424 2.133085 0.000000 0.000000 0.000000 1.000000 0.000000 0.000000
4.000000 40.808126 20.232491 -0.532850 2.133817 0.000000 0.000000 0.000000 1.000000 0.000000 0.000000
4.000000 40.810164 20.098433 -0.523931 2.142895 0.000000 0.000000 0.000000 1.000000 0.000000 0.000000
4.000000 40.812947 20.117067 -0.506592 2.111581 0.000000 0.000000 0.000000 1.000000 0.000000 0.000000
4.000000 40.815132 20.218880 -0.535334 2.177870 0.000000 0.000000 0.000000 1.000000 0.000000 0.000000
4.000000 40.815373 20.148304 -0.494291 2.216102 0.000000 0.000000 0.000000 1.000000 0.000000 0.000000
4.000000 40.817672 20.199376 -0.513852 2.188630 0.000000 0.000000 0.000000 1.000000 0.000000 0.000000
4.000000 40.818014 20.131948 -0.535151 2.187618 0.000000 0.000000 0.000000 1.000000 0.000000 0.000000
4.000000 40.819849 19.984851 -0.525794 2.195155 0.000000 0.000000 0.000000 1.000000 0.000000 0.000000
4.000000 40.822984 19.996989 -0.513315 2.161504 0.000000 0.000000 0.000000 1.000000 0.000000 0.000000
4.000000 40.825236 20.099704 -0.542256 2.231222 0.000000 0.000000 0.000000 1.000000 0.000000 0.000000
4.000000 40.825310 20.025799 -0.501772 2.270529 0.000000 0.000000 0.000000 1.000000 0.000000 0.000000
4.000000 40.827443 20.109155 -0.532638 2.237393 0.000000 0.000000 0.000000 1.000000 0.000000 0.000000
4.000000 40.828069 20.056204 -0.549323 2.236498 0.000000 0.000000 0.000000 1.000000 0.000000 0.000000
4.000000 40.829989 19.875472 -0.541512 2.253547 0.000000 0.000000 0.000000 1.000000 0.000000 0.000000
4.000000 40.832809 19.896843 -0.525473 2.221417 0.000000 0.000000 0.000000 1.000000 0.000000 0.000000
4.000000 40.835222 19.978521 -0.548970 2.281798 0.000000 0.000000 0.000000 1.000000 0.000000 0.000000
4.000000 40.835412 19.915271 -0.523003 2.320786 0.000000 0.000000 0.000000 1.000000 0.000000 0.000000
4.000000 40.837408 19.943941 -0.541284 2.296987 0.000000 0.000000 0.000000 1.000000 0.000000 0.000000
4.000000 40.838008 19.860950 -0.567927 2.297575 0.000000 0.000000 0.000000 1.000000 0.000000 0.000000
4.000000 40.839983 19.745123 -0.560429 2.294388 0.000000 0.000000 0.000000 1.000000 0.000000 0.000000
4.000000 40.842969 19.779906 -0.532152 2.266454 0.000000 0.000000 0.000000 1.000000 0.000000 0.000000
4.000000 40.845340 20.193822 -0.632179 2.336836 0.000000 0.000000 0.000000 1.000000 0.000000 0.000000
4.000000 40.845368 19.777908 -0.509908 2.383475 0.000000 0.000000 0.000000 1.000000 0.000000 0.000000
4.000000 40.847517 19.821788 -0.549246 2.371465 0.000000 0.000000 0.000000 1.000000 0.000000 0.000000
4.000000 40.848082 19.798950 -0.564050 2.349474 0.000000 0.000000 0.000000 1.000000 0.000000 0.000000
4.000000 40.849988 19.650440 -0.555263 2.352567 0.000000 0.000000 0.000000 1.000000 0.000000 0.000000
4.000000 40.852937 19.672717 -0.536935 2.315094 0.000000 0.000000 0.000000 1.000000 0.000000 0.000000
4.000000 40.855308 19.730953 -0.555257 2.375762 0.000000 0.000000 0.000000 1.000000 0.000000 0.000000
4.000000 40.855383 19.674068 -0.530099 2.432561 0.000000 0.000000 0.000000 1.000000 0.000000 0.000000
4.000000 40.857368 19.742913 -0.554950 2.405088 0.000000 0.000000 0.000000 1.000000 0.000000 0.000000
4.000000 40.858039 19.672586 -0.577522 2.403085 0.000000 0.000000 0.000000 1.000000 0.000000 0.000000
4.000000 40.859885 19.540629 -0.570379 2.410634 0.000000 0.000000 0.000000 1.000000 0.000000 0.000000
4.000000 40.863061 19.568045 -0.550489 2.373250 0.000000 0.000000 0.000000 1.000000 0.000000 0.000000
4.000000 40.865242 19.617256 -0.565541 2.421112 0.000000 0.000000 0.000000 1.000000 0.000000 0.000000
4.000000 40.865469 19.578785 -0.550918 2.479749 0.000000 0.000000 0.000000 1.000000 0.000000 0.000000
4.000000 40.867478 19.627271 -0.567225 2.458368 0.000000 0.000000 0.000000 1.000000 0.000000 0.000000
4.000000 40.868223 19.570273 -0.585638 2.452309 0.000000 0.000000 0.000000 1.000000 0.000000 0.000000
4.000000 40.869960 19.427488 -0.577784 2.456564 0.000000 0.000000 0.000000 1.000000 0.000000 0.000000
4.000000 40.872947 19.452869 -0.559235 2.415340 0.000000 0.000000 0.000000 1.000000 0.000000 0.000000
4.000000 40.875404 19.902168 -0.678087 2.478109 0.000000 0.000000 0.000000 1.000000 0.000000 0.000000
4.000000 40.875425 19.447531 -0.555583 2.533071 0.000000 0.000000 0.000000 1.000000 0.000000 0.000000
4.000000 40.877408 19.500169 -0.598326 2.524595 0.000000 0.000000 0.000000 1.000000 0.000000 0.000000
4.000000 40.877992 19.452252 -0.620914 2.500844 0.000000 0.000000 0.000000 1.000000 0.000000 0.000000
4.000000 40.879878 19.286071 -0.611229 2.499117 0.000000 0.000000 0.000000 1.000000 0.000000 0.000000
4.000000 40.883062 19.342000 -0.563475 2.454418 0.000000 0.000000 0.000000 1.000000 0.000000 0.000000
4.000000 40.885260 19.373670 -0.575768 2.515520 0.000000 0.000000 0.000000 1.000000 0.000000 0.000000
4.000000 40.885347 19.302046 -0.541034 2.573013 0.000000 0.000000 0.000000 1.000000 0.000000 0.000000
4.000000 40.887467 19.419502 -0.581882 2.545021 0.000000 0.000000 0.000000 1.000000 0.000000 0.000000
4.000000 40.888027 19.330532 -0.610676 2.551106 0.000000 0.000000 0.000000 1.000000 0.000000 0.000000
4.000000 40.889967 19.204691 -0.604133 2.560173 0.000000 0.000000 0.000000 1.000000 0.000000 0.000000
4.000000 40.892957 19.244034 -0.577241 2.520879 0.000000 0.000000 0.000000 1.000000 0.000000 0.000000
4.000000 40.895321 19.251702 -0.583624 2.564090 0.000000 0.000000 0.000000 1.000000 0.000000 0.000000
4.000000 40.895415 19.215239 -0.576757 2.627261 0.000000 0.000000 0.000000 1.000000 0.000000 0.000000
4.000000 40.897379 19.271186 -0.599047 2.602536 0.000000 0.000000 0.000000 1.000000 0.000000 0.000000
4.000000 40.897934 19.229391 -0.612772 2.594731 0.000000 0.000000 0.000000 1.000000 0.000000 0.000000
4.000000 40.899877 19.099255 -0.608107 2.601718 0.000000 0.000000 0.000000 1.000000 0.000000 0.000000
4.000000 40.903003 19.138686 -0.583391 2.565796 0.000000 0.000000 0.000000 1.000000 0.000000 0.000000
4.000000 40.905312 19.139503 -0.588557 2.609398 0.000000 0.000000 0.000000 1.000000 0.000000 0.000000
4.000000 40.905399 19.107877 -0.585105 2.677478 0.000000 0.000000 0.000000 1.000000 0.000000 0.000000
4.000000 40.907474 19.167018 -0.607710 2.652342 0.000000 0.000000 0.000000 1.000000 0.000000 0.000000
4.000000 40.907990 19.109268 -0.626712 2.644719 0.000000 0.000000 0.000000 1.000000 0.000000 0.000000
4.000000 40.910259 18.985844 -0.618912 2.642516 0.000000 0.000000 0.000000 1.000000 0.000000 0.000000
4.000000 40.913007 19.019224 -0.594699 2.599717 0.000000 0.000000 0.000000 1.000000 0.000000 0.000000
4.000000 40.915245 19.027939 -0.601759 2.649881 0.000000 0.000000 0.000000 1.000000 0.000000 0.000000
4.000000 40.915400 18.992439 -0.596244 2.718212 0.000000 0.000000 0.000000 1.000000 0.000000 0.000000
4.000000 40.917402 19.047756 -0.618322 2.694001 0.000000 0.000000 0.000000 1.000000 0.000000 0.000000
4.000000 40.917949 18.991978 -0.636735 2.687689 0.000000 0.000000 0.000000 1.000000 0.000000 0.000000
4.000000 40.919897 18.863647 -0.628412 2.684585 0.000000 0.000000 0.000000 1.000000 0.000000 0.000000
4.000000 40.923161 18.896600 -0.604483 2.638680 0.000000 0.000000 0.000000 1.000000 0.000000 0.000000
4.000000 40.925256 18.919477 -0.614889 2.694332 0.000000 0.000000 0.000000 1.000000 0.000000 0.000000
4.000000 40.925367 18.882196 -0.609963 2.765834 0.000000 0.000000 0.000000 1.000000 0.000000 0.000000
4.000000 40.927496 18.953363 -0.637957 2.735704 0.000000 0.000000 0.000000 1.000000 0.000000 0.000000
4.000000 40.928001 18.922915 -0.647988 2.727368 0.000000 0.000000 0.000000 1.000000 0.000000 0.000000
4.000000 40.929946 18.764814 -0.638838 2.729878 0.000000 0.000000 0.000000 1.000000 0.000000 0.000000
4.000000 40.932949 18.801840 -0.612353 2.683384 0.000000 0.000000 0.000000 1.000000 0.000000 0.000000
4.000000 40.935179 18.781851 -0.613888 2.730093 0.000000 0.000000 0.000000 1.000000 0.000000 0.000000
4.000000 40.935475 18.739564 -0.606817 2.797805 0.000000 0.000000 0.000000 1.000000 0.000000 0.000000
4.000000 40.937453 18.825355 -0.641076 2.773722 0.000000 0.000000 0.000000 1.000000 0.000000 0.000000
4.000000 40.937947 18.704234 -0.681279 2.775622 0.000000 0.000000 0.000000 1.000000 0.000000 0.000000
4.000000 40.939904 18.622069 -0.674090 2.764316 0.000000 0.000000 0.000000 1.000000 0.000000 0.000000
4.000000 40.943056 18.689213 -0.626691 2.722504 0.000000 0.000000 0.000000 1.000000 0.000000 0.000000
4.000000 40.945280 18.674003 -0.629153 2.770146 0.000000 0.000000 0.000000 1.000000 0.000000 0.000000
4.000000 40.945390 18.635456 -0.619568 2.845341 0.000000 0.000000 0.000000 1.000000 0.000000 0.000000
4.000000 40.947515 18.718186 -0.648703 2.820981 0.000000 0.000000 0.000000 1.000000 0.000000 0.000000
4.000000 40.948043 18.658537 -0.668688 2.810856 0.000000 0.000000 0.000000 1.000000 0.000000 0.000000
4.000000 40.949981 18.550068 -0.665320 2.815838 0.000000 0.000000 0.000000 1.000000 0.000000 0.000000
4.000000 40.953002 18.604273 -0.633460 2.773590 0.000000 0.000000 0.000000 1.000000 0.000000 0.000000
4.000000 40.955096 18.552301 -0.628785 2.806747 0.000000 0.000000 0.000000 1.000000 0.000000 0.000000
4.000000 40.955452 18.530724 -0.634689 2.883542 0.000000 0.000000 0.000000 1.000000 0.000000 0.000000
4.000000 40.957414 18.596415 -0.660650 2.861462 0.000000 0.000000 0.000000 1.000000 0.000000 0.000000
4.000000 40.958086 18.574133 -0.668247 2.851921 0.000000 0.000000 0.000000 1.000000 0.000000 0.000000
4.000000 40.959940 18.452146 -0.663784 2.854728 0.000000 0.000000 0.000000 1.000000 0.000000 0.000000
4.000000 40.963192 18.501778 -0.634524 2.808492 0.000000 0.000000 0.000000 1.000000 0.000000 0.000000
4.000000 40.965281 18.418272 -0.624319 2.840431 0.000000 0.000000 0.000000 1.000000 0.000000 0.000000
4.000000 40.965330 18.411449 -0.639628 2.925840 0.000000 0.000000 0.000000 1.000000 0.000000 0.000000
4.000000 40.967483 18.494151 -0.669484 2.901877 0.000000 0.000000 0.000000 1.000000 0.000000 0.000000
4.000000 40.968179 18.450012 -0.684397 2.892186 0.000000 0.000000 0.000000 1.000000 0.000000 0.000000
4.000000 40.970015 18.328750 -0.677513 2.889312 0.000000 0.000000 0.000000 1.000000 0.000000 0.000000
4.000000 40.973061 18.373592 -0.648769 2.838051 0.000000 0.000000 0.000000 1.000000 0.000000 0.000000
4.000000 40.975161 18.322129 -0.645480 2.882200 0.000000 0.000000 0.000000 1.000000 0.000000 0.000000
4.000000 40.975487 18.301416 -0.653535 2.966406 0.000000 0.000000 0.000000 1.000000 0.000000 0.000000
4.000000 40.977443 18.398613 -0.690251 2.930550 0.000000 0.000000 0.000000 1.000000 0.000000 0.000000
4.000000 40.978113 18.381636 -0.695988 2.917058 0.000000 0.000000 0.000000 1.000000 0.000000 0.000000
4.000000 40.979911 18.225029 -0.688581 2.924610 0.000000 0.000000 0.000000 1.000000 0.000000 0.000000
4.000000 40.983223 18.276167 -0.656669 2.874383 0.000000 0.000000 0.000000 1.000000 0.000000 0.000000
4.000000 40.985314 18.199517 -0.648889 2.914818 0.000000 0.000000 0.000000 1.000000 0.000000 0.000000
4.000000 40.985363 18.179296 -0.655829 3.002484 0.000000 0.000000 0.000000 1.000000 0.000000 0.000000
4.000000 40.987495 18.267332 -0.688297 2.981586 0.000000 0.000000 0.000000 1.000000 0.000000 0.000000
4.000000 40.988187 18.212647 -0.706898 2.974733 0.000000 0.000000 0.000000 1.000000 0.000000 0.000000
4.000000 40.989987 18.113526 -0.703170 2.975583 0.000000 0.000000 0.000000 1.000000 0.000000 0.000000
4.000000 40.993011 18.170515 -0.670537 2.924163 0.000000 0.000000 0.000000 1.000000 0.000000 0.000000
4.000000 40.995279 18.094900 -0.662882 2.956112 0.000000 0.000000 0.000000 1.000000 0.000000 0.000000
4.000000 40.995429 18.089157 -0.682861 3.039734 0.000000 0.000000 0.000000 1.000000 0.000000 0.000000
4.000000 40.997590 18.142437 -0.707152 3.015710 0.000000 0.000000 0.000000 1.000000 0.000000 0.000000
4.000000 40.998292 18.117135 -0.715860 3.007124 0.000000 0.000000 0.000000 1.000000 0.000000 0.000000
4.000000 40.999933 18.003315 -0.712308 3.012464 0.000000 0.000000 0.000000 1.000000 0.000000 0.000000
4.000000 41.003164 18.057791 -0.676555 2.945696 0.000000 0.000000 0.000000 1.000000 0.000000 0.000000
4.000000 41.005244 17.974724 -0.667680 2.992285 0.000000 0.000000 0.000000 1.000000 0.000000 0.000000
4.000000 41.005362 17.979519 -0.690235 3.080992 0.000000 0.000000 0.000000 1.000000 0.000000 0.000000
4.000000 41.007636 18.042349 -0.714401 3.056570 0.000000 0.000000 0.000000 1.000000 0.000000 0.000000
4.000000 41.008229 17.993795 -0.731241 3.039545 0.000000 0.000000 0.000000 1.000000 0.000000 0.000000
4.000000 41.010300 17.888217 -0.724718 3.029087 0.000000 0.000000 0.000000 1.000000 0.000000 0.000000
4.000000 41.012949 17.951745 -0.683841 2.981512 0.000000 0.000000 0.000000 1.000000 0.000000 0.000000
4.000000 41.015232 17.861655 -0.673844 3.023454 0.000000 0.000000 0.000000 1.000000 0.000000 0.000000
4.000000 41.015463 17.878740 -0.707643 3.109635 0.000000 0.000000 0.000000 1.000000 0.000000 0.000000
4.000000 41.017582 17.933471 -0.731954 3.082756 0.000000 0.000000 0.000000 1.000000 0.000000 0.000000
4.000000 41.018117 17.889918 -0.747058 3.068666 0.000000 0.000000 0.000000 1.000000 0.000000 0.000000
4.000000 41.019953 17.751063 -0.740463 3.065540 0.000000 0.000000 0.000000 1.000000 0.000000 0.000000
4.000000 41.023108 17.829995 -0.691363 3.019948 0.000000 0.000000 0.000000 1.000000 0.000000 0.000000
4.000000 41.025244 17.739794 -0.681347 3.057954 0.000000 0.000000 0.000000 1.000000 0.000000 0.000000
4.000000 41.025369 17.759447 -0.717290 3.141575 0.000000 0.000000 0.000000 1.000000 0.000000 0.000000
4.000000 41.027601 17.830844 -0.748364 3.109349 0.000000 0.000000 0.000000 1.000000 0.000000 0.000000
4.000000 41.028300 17.815925 -0.753604 3.096298 0.000000 0.000000 0.000000 1.000000 0.000000 0.000000
4.000000 41.029996 17.633698 -0.750385 3.118558 0.000000 0.000000 0.000000 1.000000 0.000000 0.000000
4.000000 41.033083 17.725995 -0.700987 3.069599 0.000000 0.000000 0.000000 1.000000 0.000000 0.000000
4.000000 41.035356 17.624689 -0.689545 3.086973 0.000000 0.000000 0.000000 1.000000 0.000000 0.000000
4.000000 41.035454 17.634154 -0.718605 3.172369 0.000000 0.000000 0.000000 1.000000 0.000000 0.000000
4.000000 41.037526 17.712924 -0.752035 3.151162 0.000000 0.000000 0.000000 1.000000 0.000000 0.000000
4.000000 41.038077 17.667453 -0.768058 3.138436 0.000000 0.000000 0.000000 1.000000 0.000000 0.000000
4.000000 41.039968 17.540260 -0.766650 3.143517 0.000000 0.000000 0.000000 1.000000 0.000000 0.000000
4.000000 41.043008 17.629226 -0.709872 3.082153 0.000000 0.000000 0.000000 1.000000 0.000000 0.000000
4.000000 41.045334 17.513959 -0.695878 3.121946 0.000000 0.000000 0.000000 1.000000 0.000000 0.000000
4.000000 41.045404 17.537812 -0.733015 3.206127 0.000000 0.000000 0.000000 1.000000 0.000000 0.000000
4.000000 41.047601 17.605458 -0.762580 3.183224 0.000000 0.000000 0.000000 1.000000 0.000000 0.000000
4.000000 41.048218 17.580927 -0.771552 3.165149 0.000000 0.000000 0.000000 1.000000 0.000000 0.000000
4.000000 41.050013 17.439859 -0.769412 3.169510 0.000000 0.000000 0.000000 1.000000 0.000000 0.000000
4.000000 41.053021 17.522664 -0.725031 3.125434 0.000000 0.000000 0.000000 1.000000 0.000000 0.000000
4.000000 41.055231 17.415388 -0.712977 3.150663 0.000000 0.000000 0.000000 1.000000 0.000000 0.000000
4.000000 41.055460 17.430311 -0.745036 3.235619 0.000000 0.000000 0.000000 1.000000 0.000000 0.000000
4.000000 41.057533 17.491369 -0.773213 3.205691 0.000000 0.000000 0.000000 1.000000 0.000000 0.000000
4.000000 41.058076 17.438613 -0.792164 3.179102 0.000000 0.000000 0.000000 1.000000 0.000000 0.000000
4.000000 41.060015 17.328271 -0.790914 3.177421 0.000000 0.000000 0.000000 1.000000 0.000000 0.000000
4.000000 41.063224 17.428311 -0.734239 3.147738 0.000000 0.000000 0.000000 1.000000 0.000000 0.000000
4.000000 41.065323 17.292545 -0.717552 3.182826 0.000000 0.000000 0.000000 1.000000 0.000000 0.000000
4.000000 41.065407 17.309401 -0.753969 3.261946 0.000000 0.000000 0.000000 1.000000 0.000000 0.000000
4.000000 41.067642 17.372230 -0.786151 3.229951 0.000000 0.000000 0.000000 1.000000 0.000000 0.000000
4.000000 41.068199 17.353793 -0.793225 3.205723 0.000000 0.000000 0.000000 1.000000 0.000000 0.000000
4.000000 41.070074 17.212612 -0.788253 3.197417 0.000000 0.000000 0.000000 1.000000 0.000000 0.000000
4.000000 41.072976 17.295724 -0.738927 3.164420 0.000000 0.000000 0.000000 1.000000 0.000000 0.000000
4.000000 41.075273 17.172913 -0.724438 3.207922 0.000000 0.000000 0.000000 1.000000 0.000000 0.000000
4.000000 41.075467 17.176993 -0.750089 3.285934 0.000000 0.000000 0.000000 1.000000 0.000000 0.000000
4.000000 41.077591 17.291925 -0.798944 3.250033 0.000000 0.000000 0.000000 1.000000 0.000000 0.000000
4.000000 41.078093 17.296859 -0.797893 3.223886 0.000000 0.000000 0.000000 1.000000 0.000000 0.000000
4.000000 41.079942 17.123674 -0.793663 3.227400 0.000000 0.000000 0.000000 1.000000 0.000000 0.000000
4.000000 41.083159 17.198579 -0.752115 3.196740 0.000000 0.000000 0.000000 1.000000 0.000000 0.000000
4.000000 41.085396 17.077765 -0.737904 3.234730 0.000000 0.000000 0.000000 1.000000 0.000000 0.000000
4.000000 41.085510 17.134236 -0.800320 3.309882 0.000000 0.000000 0.000000 1.000000 0.000000 0.000000
4.000000 41.087640 17.123941 -0.809645 3.275729 0.000000 0.000000 0.000000 1.000000 0.000000 0.000000
4.000000 41.088204 17.147792 -0.801949 3.249088 0.000000 0.000000 0.000000 1.000000 0.000000 0.000000
4.000000 41.090058 17.022522 -0.801565 3.260495 0.000000 0.000000 0.000000 1.000000 0.000000 0.000000
4.000000 41.093108 17.107782 -0.757533 3.229072 0.000000 0.000000 0.000000 1.000000 0.000000 0.000000
4.000000 41.095203 16.948541 -0.737825 3.256411 0.000000 0.000000 0.000000 1.000000 0.000000 0.000000
4.000000 41.095645 16.920783 -0.745682 3.330048 0.000000 0.000000 0.000000 1.000000 0.000000 0.000000
4.000000 41.097530 17.063854 -0.807007 3.296034 0.000000 0.000000 0.000000 1.000000 0.000000 0.000000
4.000000 41.098116 17.045688 -0.814032 3.275311 0.000000 0.000000 0.000000 1.000000 0.000000 0.000000
4.000000 41.100038 16.916807 -0.813577 3.281791 0.000000 0.000000 0.000000 1.000000 0.000000 0.000000
4.000000 41.103252 17.008549 -0.765721 3.251656 0.000000 0.000000 0.000000 1.000000 0.000000 0.000000
4.000000 41.105369 16.830348 -0.743130 3.277036 0.000000 0.000000 0.000000 1.000000 0.000000 0.000000
4.000000 41.105439 16.848924 -0.780617 3.352258 0.000000 0.000000 0.000000 1.000000 0.000000 0.000000
4.000000 41.107720 16.939577 -0.824843 3.320076 0.000000 0.000000 0.000000 1.000000 0.000000 0.000000
4.000000 41.108195 16.921659 -0.831781 3.299629 0.000000 0.000000 0.000000 1.000000 0.000000 0.000000
4.000000 41.110055 16.780624 -0.829866 3.304189 0.000000 0.000000 0.000000 1.000000 0.000000 0.000000
4.000000 41.113137 16.880698 -0.775988 3.274975 0.000000 0.000000 0.000000 1.000000 0.000000 0.000000
4.000000 41.115327 16.732367 -0.757425 3.298875 0.000000 0.000000 0.000000 1.000000 0.000000 0.000000
4.000000 41.115550 16.764924 -0.801292 3.367661 0.000000 0.000000 0.000000 1.000000 0.000000 0.000000
4.000000 41.117583 16.819735 -0.832858 3.336143 0.000000 0.000000 0.000000 1.000000 0.000000 0.000000
4.000000 41.118352 16.817205 -0.834299 3.316110 0.000000 0.000000 0.000000 1.000000 0.000000 0.000000
4.000000 41.120020 16.679498 -0.831743 3.321870 0.000000 0.000000 0.000000 1.000000 0.000000 0.000000
4.000000 41.123145 16.769277 -0.783411 3.293002 0.000000 0.000000 0.000000 1.000000 0.000000 0.000000
4.000000 41.125268 16.599255 -0.761646 3.318126 0.000000 0.000000 0.000000 1.000000 0.000000 0.000000
4.000000 41.125447 16.672342 -0.824499 3.396245 0.000000 0.000000 0.000000 1.000000 0.000000 0.000000
4.000000 41.127646 16.703522 -0.843224 3.367970 0.000000 0.000000 0.000000 1.000000 0.000000 0.000000
4.000000 41.128289 16.714033 -0.840190 3.340280 0.000000 0.000000 0.000000 1.000000 0.000000 0.000000
4.000000 41.130080 16.589633 -0.838273 3.345387 0.000000 0.000000 0.000000 1.000000 0.000000 0.000000
4.000000 41.133106 16.670879 -0.795330 3.318182 0.000000 0.000000 0.000000 1.000000 0.000000 0.000000
4.000000 41.135298 16.498991 -0.773294 3.342407 0.000000 0.000000 0.000000 1.000000 0.000000 0.000000
4.000000 41.135551 16.484584 -0.781969 3.410418 0.000000 0.000000 0.000000 1.000000 0.000000 0.000000
4.000000 41.137610 16.618305 -0.837381 3.381654 0.000000 0.000000 0.000000 1.000000 0.000000 0.000000
4.000000 41.138132 16.545086 -0.863491 3.377637 0.000000 0.000000 0.000000 1.000000 0.000000 0.000000
4.000000 41.139965 16.480821 -0.862352 3.386496 0.000000 0.000000 0.000000 1.000000 0.000000 0.000000
4.000000 41.143158 16.582581 -0.807310 3.347429 0.000000 0.000000 0.000000 1.000000 0.000000 0.000000
4.000000 41.145369 16.389172 -0.782806 3.364009 0.000000 0.000000 0.000000 1.000000 0.000000 0.000000
4.000000 41.145445 16.447511 -0.839927 3.435663 0.000000 0.000000 0.000000 1.000000 0.000000 0.000000
4.000000 41.147663 16.485130 -0.865019 3.404339 0.000000 0.000000 0.000000 1.000000 0.000000 0.000000
4.000000 41.148367 16.473822 -0.869564 3.384091 0.000000 0.000000 0.000000 1.000000 0.000000 0.000000
4.000000 41.150082 16.380708 -0.869829 3.395934 0.000000 0.000000 0.000000 1.000000 0.000000 0.000000
4.000000 41.153116 16.489020 -0.813236 3.370857 0.000000 0.000000 0.000000 1.000000 0.000000 0.000000
4.000000 41.155287 16.253486 -0.782483 3.385884 0.000000 0.000000 0.000000 1.000000 0.000000 0.000000
4.000000 41.155533 16.317391 -0.838618 3.460194 0.000000 0.000000 0.000000 1.000000 0.000000 0.000000
4.000000 41.157594 16.382522 -0.870788 3.428787 0.000000 0.000000 0.000000 1.000000 0.000000 0.000000
4.000000 41.160173 16.155596 -0.942570 3.415705 0.000000 0.000000 0.000000 1.000000 0.000000 0.000000
4.000000 41.163161 16.352678 -0.819390 3.375836 0.000000 0.000000 0.000000 1.000000 0.000000 0.000000
4.000000 41.165352 16.151346 -0.794390 3.401914 0.000000 0.000000 0.000000 1.000000 0.000000 0.000000
4.000000 41.165472 16.212141 -0.849179 3.477338 0.000000 0.000000 0.000000 1.000000 0.000000 0.000000
4.000000 41.167658 16.289549 -0.886524 3.448677 0.000000 0.000000 0.000000 1.000000 0.000000 0.000000
4.000000 41.168401 16.304630 -0.881969 3.419383 0.000000 0.000000 0.000000 1.000000 0.000000 0.000000
4.000000 41.170081 16.148215 -0.879099 3.423127 0.000000 0.000000 0.000000 1.000000 0.000000 0.000000
4.000000 41.173024 16.242271 -0.830432 3.396264 0.000000 0.000000 0.000000 1.000000 0.000000 0.000000
4.000000 41.175373 16.038963 -0.805311 3.418345 0.000000 0.000000 0.000000 1.000000 0.000000 0.000000
4.000000 41.175555 16.041626 -0.827006 3.485353 0.000000 0.000000 0.000000 1.000000 0.000000 0.000000
4.000000 41.177634 16.208553 -0.898898 3.452053 0.000000 0.000000 0.000000 1.000000 0.000000 0.000000
4.000000 41.179974 15.909481 -0.994181 3.447558 0.000000 0.000000 0.000000 1.000000 0.000000 0.000000
4.000000 41.183197 16.156398 -0.840207 3.410772 0.000000 0.000000 0.000000 1.000000 0.000000 0.000000
4.000000 41.185358 15.944329 -0.813597 3.432354 0.000000 0.000000 0.000000 1.000000 0.000000 0.000000
4.000000 41.185463 16.076681 -0.913149 3.499336 0.000000 0.000000 0.000000 1.000000 0.000000 0.000000
4.000000 41.187689 16.041018 -0.913905 3.484549 0.000000 0.000000 0.000000 1.000000 0.000000 0.000000
4.000000 41.188362 16.115132 -0.888216 3.454928 0.000000 0.000000 0.000000 1.000000 0.000000 0.000000
4.000000 41.190056 15.987110 -0.888655 3.456354 0.000000 0.000000 0.000000 1.000000 0.000000 0.000000
4.000000 41.193170 16.070463 -0.848927 3.435005 0.000000 0.000000 0.000000 1.000000 0.000000 0.000000
4.000000 41.195322 15.796246 -0.813860 3.444139 0.000000 0.000000 0.000000 1.000000 0.000000 0.000000
4.000000 41.195663 15.815553 -0.844902 3.506430 0.000000 0.000000 0.000000 1.000000 0.000000 0.000000
4.000000 41.197581 15.964758 -0.911783 3.488013 0.000000 0.000000 0.000000 1.000000 0.000000 0.000000
4.000000 41.200027 15.814576 -0.952773 3.486997 0.000000 0.000000 0.000000 1.000000 0.000000 0.000000
4.000000 41.203176 15.957326 -0.858692 3.439498 0.000000 0.000000 0.000000 1.000000 0.000000 0.000000
4.000000 41.205448 15.694936 -0.825686 3.456403 0.000000 0.000000 0.000000 1.000000 0.000000 0.000000
4.000000 41.205666 15.738758 -0.866920 3.523813 0.000000 0.000000 0.000000 1.000000 0.000000 0.000000
4.000000 41.207666 15.857086 -0.919586 3.509516 0.000000 0.000000 0.000000 1.000000 0.000000 0.000000
4.000000 41.210140 15.661440 -0.976074 3.507429 0.000000 0.000000 0.000000 1.000000 0.000000 0.000000
4.000000 41.213193 15.833174 -0.865053 3.456779 0.000000 0.000000 0.000000 1.000000 0.000000 0.000000
4.000000 41.215386 15.579574 -0.833410 3.467733 0.000000 0.000000 0.000000 1.000000 0.000000 0.000000
4.000000 41.215613 15.616465 -0.863712 3.538957 0.000000 0.000000 0.000000 1.000000 0.000000 0.000000
4.000000 41.217671 15.775145 -0.926128 3.524387 0.000000 0.000000 0.000000 1.000000 0.000000 0.000000
4.000000 41.220074 15.553703 -0.984097 3.508685 0.000000 0.000000 0.000000 1.000000 0.000000 0.000000
4.000000 41.223150 15.718328 -0.867915 3.454432 0.000000 0.000000 0.000000 1.000000 0.000000 0.000000
4.000000 41.225498 15.726643 -0.906568 3.475903 0.000000 0.000000 0.000000 1.000000 0.000000 0.000000
4.000000 41.225776 15.497122 -0.858752 3.548951 0.000000 0.000000 0.000000 1.000000 0.000000 0.000000
4.000000 41.230165 15.579646 -0.902908 3.537757 0.000000 0.000000 0.000000 1.000000 0.000000 0.000000
4.000000 41.233096 15.624965 -0.881260 3.476415 0.000000 0.000000 0.000000 1.000000 0.000000 0.000000
4.000000 41.235351 15.385998 -0.852607 3.489873 0.000000 0.000000 0.000000 1.000000 0.000000 0.000000
4.000000 41.235707 15.468229 -0.906252 3.567184 0.000000 0.000000 0.000000 1.000000 0.000000 0.000000
4.000000 41.237684 15.564024 -0.944280 3.554326 0.000000 0.000000 0.000000 1.000000 0.000000 0.000000
4.000000 41.240005 15.425660 -0.976590 3.534749 0.000000 0.000000 0.000000 1.000000 0.000000 0.000000
4.000000 41.243120 15.537664 -0.895024 3.485554 0.000000 0.000000 0.000000 1.000000 0.000000 0.000000
4.000000 41.245368 15.260454 -0.860845 3.499229 0.000000 0.000000 0.000000 1.000000 0.000000 0.000000
4.000000 41.245569 15.387745 -0.939657 3.568631 0.000000 0.000000 0.000000 1.000000 0.000000 0.000000
4.000000 41.247825 15.419303 -0.955311 3.564479 0.000000 0.000000 0.000000 1.000000 0.000000 0.000000
4.000000 41.250393 15.386414 -0.949469 3.546889 0.000000 0.000000 0.000000 1.000000 0.000000 0.000000
4.000000 41.253190 15.440687 -0.901081 3.492971 0.000000 0.000000 0.000000 1.000000 0.000000 0.000000
4.000000 41.255307 15.144781 -0.865047 3.506347 0.000000 0.000000 0.000000 1.000000 0.000000 0.000000
4.000000 41.255652 15.243886 -0.924413 3.579856 0.000000 0.000000 0.000000 1.000000 0.000000 0.000000
4.000000 41.257687 15.346633 -0.964032 3.577097 0.000000 0.000000 0.000000 1.000000 0.000000 0.000000
4.000000 41.260144 15.280399 -0.967273 3.559661 0.000000 0.000000 0.000000 1.000000 0.000000 0.000000
4.000000 41.263219 15.338327 -0.913337 3.502512 0.000000 0.000000 0.000000 1.000000 0.000000 0.000000
4.000000 41.265409 15.043407 -0.877857 3.514909 0.000000 0.000000 0.000000 1.000000 0.000000 0.000000
4.000000 41.265509 15.108615 -0.920362 3.582908 0.000000 0.000000 0.000000 1.000000 0.000000 0.000000
4.000000 41.267652 15.240008 -0.973275 3.579218 0.000000 0.000000 0.000000 1.000000 0.000000 0.000000
4.000000 41.268263 15.222402 -0.980832 3.557536 0.000000 0.000000 0.000000 1.000000 0.000000 0.000000
4.000000 41.270142 15.096268 -0.977451 3.542489 0.000000 0.000000 0.000000 1.000000 0.000000 0.000000
4.000000 41.273174 15.218421 -0.914572 3.515370 0.000000 0.000000 0.000000 1.000000 0.000000 0.000000
4.000000 41.275535 15.103061 -0.931222 3.523894 0.000000 0.000000 0.000000 1.000000 0.000000 0.000000
4.000000 41.275667 14.983547 -0.914992 3.590326 0.000000 0.000000 0.000000 1.000000 0.000000 0.000000
4.000000 41.277820 15.146154 -0.998423 3.605492 0.000000 0.000000 0.000000 1.000000 0.000000 0.000000
4.000000 41.280126 15.032818 -1.008341 3.579213 0.000000 0.000000 0.000000 1.000000 0.000000 0.000000
4.000000 41.283085 15.119092 -0.927308 3.515018 0.000000 0.000000 0.000000 1.000000 0.000000 0.000000
4.000000 41.285519 14.995848 -0.945084 3.534530 0.000000 0.000000 0.000000 1.000000 0.000000 0.000000
4.000000 41.287619 15.034685 -0.995616 3.597350 0.000000 0.000000 0.000000 1.000000 0.000000 0.000000
4.000000 41.288325 15.043406 -0.993359 3.572853 0.000000 0.000000 0.000000 1.000000 0.000000 0.000000
4.000000 41.290189 14.928436 -0.989612 3.554736 0.000000 0.000000 0.000000 1.000000 0.000000 0.000000
4.000000 41.293357 15.037095 -0.933827 3.523218 0.000000 0.000000 0.000000 1.000000 0.000000 0.000000
4.000000 41.295501 14.751941 -0.901694 3.540593 0.000000 0.000000 0.000000 1.000000 0.000000 0.000000
4.000000 41.295581 14.737379 -0.903953 3.610548 0.000000 0.000000 0.000000 1.000000 0.000000 0.000000
4.000000 41.297590 14.961438 -0.995943 3.594639 0.000000 0.000000 0.000000 1.000000 0.000000 0.000000
4.000000 41.298410 14.950401 -1.000774 3.577351 0.000000 0.000000 0.000000 1.000000 0.000000 0.000000
4.000000 41.300080 14.834672 -0.995586 3.563101 0.000000 0.000000 0.000000 1.000000 0.000000 0.000000
4.000000 41.303375 14.941554 -0.940193 3.522969 0.000000 0.000000 0.000000 1.000000 0.000000 0.000000
4.000000 41.305497 14.635184 -0.906137 3.538242 0.000000 0.000000 0.000000 1.000000 0.000000 0.000000
4.000000 41.305508 14.743064 -0.974387 3.616426 0.000000 0.000000 0.000000 1.000000 0.000000 0.000000
4.000000 41.307643 14.822402 -1.011285 3.608452 0.000000 0.000000 0.000000 1.000000 0.000000 0.000000
4.000000 41.308452 14.849562 -1.001970 3.582880 0.000000 0.000000 0.000000 1.000000 0.000000 0.000000
4.000000 41.310194 14.747924 -0.999217 3.569219 0.000000 0.000000 0.000000 1.000000 0.000000 0.000000
4.000000 41.313255 14.848206 -0.949619 3.532718 0.000000 0.000000 0.000000 1.000000 0.000000 0.000000
4.000000 41.315295 14.507746 -0.911623 3.539744 0.000000 0.000000 0.000000 1.000000 0.000000 0.000000
4.000000 41.315562 14.606123 -0.975169 3.614101 0.000000 0.000000 0.000000 1.000000 0.000000 0.000000
4.000000 41.317594 14.711928 -1.023930 3.607022 0.000000 0.000000 0.000000 1.000000 0.000000 0.000000
4.000000 41.318280 14.728858 -1.018373 3.585805 0.000000 0.000000 0.000000 1.000000 0.000000 0.000000
4.000000 41.320181 14.644381 -1.016266 3.571353 0.000000 0.000000 0.000000 1.000000 0.000000 0.000000
4.000000 41.323214 14.752932 -0.962663 3.532292 0.000000 0.000000 0.000000 1.000000 0.000000 0.000000
4.000000 41.325537 14.574797 -0.975970 3.538741 0.000000 0.000000 0.000000 1.000000 0.000000 0.000000
4.000000 41.325684 14.445587 -0.957715 3.615926 0.000000 0.000000 0.000000 1.000000 0.000000 0.000000
4.000000 41.327668 14.610154 -1.039611 3.622483 0.000000 0.000000 0.000000 1.000000 0.000000 0.000000
4.000000 41.330190 14.532239 -1.046787 3.598775 0.000000 0.000000 0.000000 1.000000 0.000000 0.000000
4.000000 41.333195 14.640096 -0.966638 3.533198 0.000000 0.000000 0.000000 1.000000 0.000000 0.000000
4.000000 41.335350 14.294784 -0.930215 3.548430 0.000000 0.000000 0.000000 1.000000 0.000000 0.000000
4.000000 41.337600 14.493971 -1.040403 3.629961 0.000000 0.000000 0.000000 1.000000 0.000000 0.000000
4.000000 41.338333 14.459130 -1.056563 3.595885 0.000000 0.000000 0.000000 1.000000 0.000000 0.000000
4.000000 41.340126 14.402352 -1.053773 3.573560 0.000000 0.000000 0.000000 1.000000 0.000000 0.000000
4.000000 41.343302 14.550220 -0.977842 3.531797 0.000000 0.000000 0.000000 1.000000 0.000000 0.000000
4.000000 41.345534 14.197352 -0.940724 3.546612 0.000000 0.000000 0.000000 1.000000 0.000000 0.000000
4.000000 41.345551 14.131745 -0.922422 3.618451 0.000000 0.000000 0.000000 1.000000 0.000000 0.000000
4.000000 41.347635 14.421386 -1.048066 3.604475 0.000000 0.000000 0.000000 1.000000 0.000000 0.000000
4.000000 41.348318 14.435624 -1.043279 3.590828 0.000000 0.000000 0.000000 1.000000 0.000000 0.000000
4.000000 41.350310 14.352860 -1.041074 3.579185 0.000000 0.000000 0.000000 1.000000 0.000000 0.000000
4.000000 41.353139 14.456250 -0.990911 3.541879 0.000000 0.000000 0.000000 1.000000 0.000000 0.000000
4.000000 41.355437 14.096911 -0.952753 3.546574 0.000000 0.000000 0.000000 1.000000 0.000000 0.000000
4.000000 41.355535 14.224383 -1.024827 3.624920 0.000000 0.000000 0.000000 1.000000 0.000000 0.000000
4.000000 41.357580 14.303233 -1.059932 3.619747 0.000000 0.000000 0.000000 1.000000 0.000000 0.000000
4.000000 41.358261 14.311846 -1.057670 3.590797 0.000000 0.000000 0.000000 1.000000 0.000000 0.000000
4.000000 41.360078 14.219148 -1.055806 3.575957 0.000000 0.000000 0.000000 1.000000 0.000000 0.000000
4.000000 41.363535 14.338926 -0.998454 3.539832 0.000000 0.000000 0.000000 1.000000 0.000000 0.000000
4.000000 41.365495 14.166140 -1.010814 3.544808 0.000000 0.000000 0.000000 1.000000 0.000000 0.000000
4.000000 41.365528 14.037943 -0.991093 3.619222 0.000000 0.000000 0.000000 1.000000 0.000000 0.000000
4.000000 41.367697 14.200049 -1.072201 3.618411 0.000000 0.000000 0.000000 1.000000 0.000000 0.000000
4.000000 41.368283 14.255588 -1.053208 3.581356 0.000000 0.000000 0.000000 1.000000 0.000000 0.000000
4.000000 41.370223 14.146976 -1.050244 3.573930 0.000000 0.000000 0.000000 1.000000 0.000000 0.000000
4.000000 41.373102 14.237283 -1.008195 3.537908 0.000000 0.000000 0.000000 1.000000 0.000000 0.000000
4.000000 41.375395 13.900644 -0.973274 3.539076 0.000000 0.000000 0.000000 1.000000 0.000000 0.000000
4.000000 41.375622 14.025071 -1.045207 3.611920 0.000000 0.000000 0.000000 1.000000 0.000000 0.000000
4.000000 41.377682 14.136684 -1.096976 3.611459 0.000000 0.000000 0.000000 1.000000 0.000000 0.000000
4.000000 41.378239 14.189862 -1.077554 3.583540 0.000000 0.000000 0.000000 1.000000 0.000000 0.000000
4.000000 41.383221 14.811479 -1.102806 3.519220 0.000000 0.000000 0.000000 1.000000 0.000000 0.000000
4.000000 41.385522 13.827950 -0.988125 3.547372 0.000000 0.000000 0.000000 1.000000 0.000000 0.000000
4.000000 41.385531 14.021380 -1.106269 3.626067 0.000000 0.000000 0.000000 1.000000 0.000000 0.000000
4.000000 41.387772 13.975227 -1.104381 3.609924 0.000000 0.000000 0.000000 1.000000 0.000000 0.000000
4.000000 41.388328 13.970937 -1.107086 3.573092 0.000000 0.000000 0.000000 1.000000 0.000000 0.000000
4.000000 41.390311 13.888893 -1.106024 3.562776 0.000000 0.000000 0.000000 1.000000 0.000000 0.000000
4.000000 41.393158 14.046553 -1.030712 3.533118 0.000000 0.000000 0.000000 1.000000 0.000000 0.000000
4.000000 41.395439 13.709012 -0.996811 3.534099 0.000000 0.000000 0.000000 1.000000 0.000000 0.000000
4.000000 41.395619 13.838019 -1.070349 3.608179 0.000000 0.000000 0.000000 1.000000 0.000000 0.000000
4.000000 41.397797 13.903327 -1.103893 3.600705 0.000000 0.000000 0.000000 1.000000 0.000000 0.000000
4.000000 41.398206 13.939034 -1.090898 3.570157 0.000000 0.000000 0.000000 1.000000 0.000000 0.000000
4.000000 41.400166 13.829661 -1.087345 3.555892 0.000000 0.000000 0.000000 1.000000 0.000000 0.000000
4.000000 41.403266 13.940311 -1.034805 3.523221 0.000000 0.000000 0.000000 1.000000 0.000000 0.000000
4.000000 41.405546 13.616893 -1.002812 3.531581 0.000000 0.000000 0.000000 1.000000 0.000000 0.000000
4.000000 41.405702 13.662940 -1.041095 3.600183 0.000000 0.000000 0.000000 1.000000 0.000000 0.000000
4.000000 41.407897 13.808004 -1.113498 3.589298 0.000000 0.000000 0.000000 1.000000 0.000000 0.000000
4.000000 41.408279 13.840054 -1.101800 3.563625 0.000000 0.000000 0.000000 1.000000 0.000000 0.000000
4.000000 41.410234 13.714412 -1.096892 3.549364 0.000000 0.000000 0.000000 1.000000 0.000000 0.000000
4.000000 41.413158 13.824649 -1.044440 3.515576 0.000000 0.000000 0.000000 1.000000 0.000000 0.000000
4.000000 41.415306 13.521264 -1.014916 3.524064 0.000000 0.000000 0.000000 1.000000 0.000000 0.000000
4.000000 41.415628 13.664698 -1.095766 3.598193 0.000000 0.000000 0.000000 1.000000 0.000000 0.000000
4.000000 41.417654 13.701951 -1.119288 3.588473 0.000000 0.000000 0.000000 1.000000 0.000000 0.000000
4.000000 41.418250 13.761355 -1.096964 3.549178 0.000000 0.000000 0.000000 1.000000 0.000000 0.000000
4.000000 41.420156 13.651022 -1.094499 3.537106 0.000000 0.000000 0.000000 1.000000 0.000000 0.000000
4.000000 41.423340 13.741415 -1.053843 3.509596 0.000000 0.000000 0.000000 1.000000 0.000000 0.000000
4.000000 41.425475 13.410382 -1.021668 3.516362 0.000000 0.000000 0.000000 1.000000 0.000000 0.000000
4.000000 41.425823 13.523446 -1.084797 3.589374 0.000000 0.000000 0.000000 1.000000 0.000000 0.000000
4.000000 41.427730 13.607950 -1.126122 3.576010 0.000000 0.000000 0.000000 1.000000 0.000000 0.000000
4.000000 41.428332 13.636307 -1.115802 3.541276 0.000000 0.000000 0.000000 1.000000 0.000000 0.000000
4.000000 41.430230 13.547188 -1.115561 3.538759 0.000000 0.000000 0.000000 1.000000 0.000000 0.000000
4.000000 41.433240 13.665676 -1.063153 3.510618 0.000000 0.000000 0.000000 1.000000 0.000000 0.000000
4.000000 41.435285 13.328106 -1.031163 3.510543 0.000000 0.000000 0.000000 1.000000 0.000000 0.000000
4.000000 41.435876 13.578505 -1.168169 3.591042 0.000000 0.000000 0.000000 1.000000 0.000000 0.000000
4.000000 41.437818 13.492578 -1.145331 3.581762 0.000000 0.000000 0.000000 1.000000 0.000000 0.000000
4.000000 41.438313 13.545053 -1.125593 3.536405 0.000000 0.000000 0.000000 1.000000 0.000000 0.000000
4.000000 41.440153 13.432435 -1.121903 3.519883 0.000000 0.000000 0.000000 1.000000 0.000000 0.000000
4.000000 41.443281 13.545360 -1.069340 3.491327 0.000000 0.000000 0.000000 1.000000 0.000000 0.000000
4.000000 41.445378 13.213905 -1.037769 3.498518 0.000000 0.000000 0.000000 1.000000 0.000000 0.000000
4.000000 41.447650 13.419431 -1.140412 3.563977 0.000000 0.000000 0.000000 1.000000 0.000000 0.000000
4.000000 41.448368 13.430256 -1.139004 3.525219 0.000000 0.000000 0.000000 1.000000 0.000000 0.000000
4.000000 41.450281 13.317742 -1.134258 3.512173 0.000000 0.000000 0.000000 1.000000 0.000000 0.000000
4.000000 41.453197 13.432877 -1.080096 3.480917 0.000000 0.000000 0.000000 1.000000 0.000000 0.000000
4.000000 41.455512 13.090232 -1.047685 3.485891 0.000000 0.000000 0.000000 1.000000 0.000000 0.000000
4.000000 41.455744 13.269430 -1.146508 3.558899 0.000000 0.000000 0.000000 1.000000 0.000000 0.000000
4.000000 41.457640 13.288448 -1.166603 3.551220 0.000000 0.000000 0.000000 1.000000 0.000000 0.000000
4.000000 41.458241 13.350429 -1.142721 3.514065 0.000000 0.000000 0.000000 1.000000 0.000000 0.000000
4.000000 41.460164 13.220206 -1.137471 3.499670 0.000000 0.000000 0.000000 1.000000 0.000000 0.000000
4.000000 41.463336 13.329699 -1.086784 3.470693 0.000000 0.000000 0.000000 1.000000 0.000000 0.000000
4.000000 41.465432 13.012713 -1.057302 3.477306 0.000000 0.000000 0.000000 1.000000 0.000000 0.000000
4.000000 41.465632 13.262875 -1.187301 3.554186 0.000000 0.000000 0.000000 1.000000 0.000000 0.000000
4.000000 41.467701 13.199696 -1.170358 3.551492 0.000000 0.000000 0.000000 1.000000 0.000000 0.000000
4.000000 41.468359 13.250710 -1.150957 3.507837 0.000000 0.000000 0.000000 1.000000 0.000000 0.000000
4.000000 41.470337 13.131289 -1.145327 3.481804 0.000000 0.000000 0.000000 1.000000 0.000000 0.000000
4.000000 41.473299 13.233468 -1.096780 3.453237 0.000000 0.000000 0.000000 1.000000 0.000000 0.000000
4.000000 41.475475 12.940637 -1.069913 3.465874 0.000000 0.000000 0.000000 1.000000 0.000000 0.000000
4.000000 41.475850 13.191128 -1.204877 3.541158 0.000000 0.000000 0.000000 1.000000 0.000000 0.000000
4.000000 41.477721 13.089597 -1.176728 3.534975 0.000000 0.000000 0.000000 1.000000 0.000000 0.000000
4.000000 41.478375 13.122201 -1.164242 3.499349 0.000000 0.000000 0.000000 1.000000 0.000000 0.000000
4.000000 41.480170 13.081470 -1.163005 3.481714 0.000000 0.000000 0.000000 1.000000 0.000000 0.000000
4.000000 41.483361 13.198101 -1.108069 3.450487 0.000000 0.000000 0.000000 1.000000 0.000000 0.000000
4.000000 41.485494 12.813170 -1.072487 3.453539 0.000000 0.000000 0.000000 1.000000 0.000000 0.000000
4.000000 41.485738 13.241764 -1.289824 3.540383 0.000000 0.000000 0.000000 1.000000 0.000000 0.000000
4.000000 41.487769 12.982605 -1.193158 3.545223 0.000000 0.000000 0.000000 1.000000 0.000000 0.000000
4.000000 41.488425 13.051855 -1.166121 3.496004 0.000000 0.000000 0.000000 1.000000 0.000000 0.000000
4.000000 41.490486 12.966133 -1.161480 3.466009 0.000000 0.000000 0.000000 1.000000 0.000000 0.000000
4.000000 41.493200 13.073968 -1.109714 3.433369 0.000000 0.000000 0.000000 1.000000 0.000000 0.000000
4.000000 41.495431 12.706727 -1.075616 3.435118 0.000000 0.000000 0.000000 1.000000 0.000000 0.000000
4.000000 41.495717 12.892402 -1.182494 3.503284 0.000000 0.000000 0.000000 1.000000 0.000000 0.000000
4.000000 41.497650 12.885081 -1.198883 3.512705 0.000000 0.000000 0.000000 1.000000 0.000000 0.000000
4.000000 41.498370 12.942521 -1.176375 3.486859 0.000000 0.000000 0.000000 1.000000 0.000000 0.000000
4.000000 41.500310 12.847608 -1.170770 3.457479 0.000000 0.000000 0.000000 1.000000 0.000000 0.000000
4.000000 41.503346 12.958190 -1.117969 3.418905 0.000000 0.000000 0.000000 1.000000 0.000000 0.000000
4.000000 41.505395 12.572670 -1.083242 3.420647 0.000000 0.000000 0.000000 1.000000 0.000000 0.000000
4.000000 41.505686 12.779861 -1.191316 3.497119 0.000000 0.000000 0.000000 1.000000 0.000000 0.000000
4.000000 41.507752 12.797472 -1.210728 3.499749 0.000000 0.000000 0.000000 1.000000 0.000000 0.000000
4.000000 41.508398 12.850669 -1.189716 3.473422 0.000000 0.000000 0.000000 1.000000 0.000000 0.000000
4.000000 41.510342 12.735256 -1.182801 3.452096 0.000000 0.000000 0.000000 1.000000 0.000000 0.000000
4.000000 41.513175 12.860217 -1.124235 3.407548 0.000000 0.000000 0.000000 1.000000 0.000000 0.000000
4.000000 41.515441 12.474156 -1.090096 3.401055 0.000000 0.000000 0.000000 1.000000 0.000000 0.000000
4.000000 41.515819 12.690699 -1.199297 3.478908 0.000000 0.000000 0.000000 1.000000 0.000000 0.000000
4.000000 41.517717 12.698557 -1.211719 3.485809 0.000000 0.000000 0.000000 1.000000 0.000000 0.000000
4.000000 41.518387 12.730537 -1.199371 3.460318 0.000000 0.000000 0.000000 1.000000 0.000000 0.000000
4.000000 41.520298 12.621367 -1.194426 3.441194 0.000000 0.000000 0.000000 1.000000 0.000000 0.000000
4.000000 41.523485 12.729959 -1.145824 3.400595 0.000000 0.000000 0.000000 1.000000 0.000000 0.000000
4.000000 41.525570 12.452248 -1.121975 3.390460 0.000000 0.000000 0.000000 1.000000 0.000000 0.000000
4.000000 41.525686 12.703112 -1.252564 3.462826 0.000000 0.000000 0.000000 1.000000 0.000000 0.000000
4.000000 41.527808 12.613726 -1.228633 3.472548 0.000000 0.000000 0.000000 1.000000 0.000000 0.000000
4.000000 41.528332 12.687973 -1.198818 3.441090 0.000000 0.000000 0.000000 1.000000 0.000000 0.000000
4.000000 41.530294 12.570892 -1.192515 3.421566 0.000000 0.000000 0.000000 1.000000 0.000000 0.000000
4.000000 41.533349 12.671151 -1.146929 3.380850 0.000000 0.000000 0.000000 1.000000 0.000000 0.000000
4.000000 41.535306 12.353152 -1.119893 3.377963 0.000000 0.000000 0.000000 1.000000 0.000000 0.000000
4.000000 41.535770 12.519881 -1.211058 3.451683 0.000000 0.000000 0.000000 1.000000 0.000000 0.000000
4.000000 41.537871 12.514311 -1.223115 3.453472 0.000000 0.000000 0.000000 1.000000 0.000000 0.000000
4.000000 41.538298 12.550007 -1.209007 3.422837 0.000000 0.000000 0.000000 1.000000 0.000000 0.000000
4.000000 41.540516 12.463632 -1.207292 3.412607 0.000000 0.000000 0.000000 1.000000 0.000000 0.000000
4.000000 41.543256 12.588019 -1.154178 3.377002 0.000000 0.000000 0.000000 1.000000 0.000000 0.000000
4.000000 41.545510 12.225272 -1.123488 3.362642 0.000000 0.000000 0.000000 1.000000 0.000000 0.000000
4.000000 41.545842 12.333552 -1.191906 3.433492 0.000000 0.000000 0.000000 1.000000 0.000000 0.000000
4.000000 41.547883 12.398825 -1.240173 3.434933 0.000000 0.000000 0.000000 1.000000 0.000000 0.000000
4.000000 41.548354 12.446761 -1.220929 3.406603 0.000000 0.000000 0.000000 1.000000 0.000000 0.000000
4.000000 41.550289 12.361392 -1.218743 3.393325 0.000000 0.000000 0.000000 1.000000 0.000000 0.000000
4.000000 41.553340 12.481165 -1.167164 3.359756 0.000000 0.000000 0.000000 1.000000 0.000000 0.000000
4.000000 41.555485 12.129566 -1.138181 3.353636 0.000000 0.000000 0.000000 1.000000 0.000000 0.000000
4.000000 41.555751 12.184134 -1.169344 3.422483 0.000000 0.000000 0.000000 1.000000 0.000000 0.000000
4.000000 41.557904 12.320644 -1.236649 3.414201 0.000000 0.000000 0.000000 1.000000 0.000000 0.000000
4.000000 41.558553 12.336207 -1.230792 3.384576 0.000000 0.000000 0.000000 1.000000 0.000000 0.000000
4.000000 41.560247 12.239917 -1.226247 3.364861 0.000000 0.000000 0.000000 1.000000 0.000000 0.000000
4.000000 41.563189 12.361373 -1.171774 3.333652 0.000000 0.000000 0.000000 1.000000 0.000000 0.000000
4.000000 41.565456 12.030933 -1.144534 3.334420 0.000000 0.000000 0.000000 1.000000 0.000000 0.000000
4.000000 41.565726 12.036706 -1.159473 3.398617 0.000000 0.000000 0.000000 1.000000 0.000000 0.000000
4.000000 41.567870 12.218604 -1.253968 3.389132 0.000000 0.000000 0.000000 1.000000 0.000000 0.000000
4.000000 41.568520 12.253884 -1.239799 3.360268 0.000000 0.000000 0.000000 1.000000 0.000000 0.000000
4.000000 41.570272 12.151204 -1.235069 3.343130 0.000000 0.000000 0.000000 1.000000 0.000000 0.000000
4.000000 41.573356 12.266746 -1.183888 3.314304 0.000000 0.000000 0.000000 1.000000 0.000000 0.000000
4.000000 41.575485 11.927345 -1.155951 3.312569 0.000000 0.000000 0.000000 1.000000 0.000000 0.000000
4.000000 41.575812 11.985865 -1.191449 3.376911 0.000000 0.000000 0.000000 1.000000 0.000000 0.000000
4.000000 41.577853 12.130684 -1.267313 3.369729 0.000000 0.000000 0.000000 1.000000 0.000000 0.000000
4.000000 41.578510 12.184272 -1.245473 3.334767 0.000000 0.000000 0.000000 1.000000 0.000000 0.000000
4.000000 41.583477 12.593183 -1.249372 3.275763 0.000000 0.000000 0.000000 1.000000 0.000000 0.000000
4.000000 41.585625 11.825616 -1.157049 3.288174 0.000000 0.000000 0.000000 1.000000 0.000000 0.000000
4.000000 41.585716 11.827469 -1.174427 3.347519 0.000000 0.000000 0.000000 1.000000 0.000000 0.000000
4.000000 41.587921 12.010164 -1.275339 3.344132 0.000000 0.000000 0.000000 1.000000 0.000000 0.000000
4.000000 41.588614 12.053941 -1.257528 3.314876 0.000000 0.000000 0.000000 1.000000 0.000000 0.000000
4.000000 41.590328 11.972007 -1.256970 3.301674 0.000000 0.000000 0.000000 1.000000 0.000000 0.000000
4.000000 41.593438 12.119935 -1.194737 3.278751 0.000000 0.000000 0.000000 1.000000 0.000000 0.000000
4.000000 41.595495 11.693123 -1.159976 3.265588 0.000000 0.000000 0.000000 1.000000 0.000000 0.000000
4.000000 41.595857 11.762475 -1.194391 3.331222 0.000000 0.000000 0.000000 1.000000 0.000000 0.000000
4.000000 41.597805 11.928499 -1.275421 3.321602 0.000000 0.000000 0.000000 1.000000 0.000000 0.000000
4.000000 41.598504 11.969999 -1.258343 3.291538 0.000000 0.000000 0.000000 1.000000 0.000000 0.000000
4.000000 41.600287 11.887126 -1.257640 3.282428 0.000000 0.000000 0.000000 1.000000 0.000000 0.000000
4.000000 41.603389 12.007026 -1.208819 3.257654 0.000000 0.000000 0.000000 1.000000 0.000000 0.000000
4.000000 41.605550 11.612375 -1.177048 3.241489 0.000000 0.000000 0.000000 1.000000 0.000000 0.000000
4.000000 41.605705 11.682289 -1.211059 3.302815 0.000000 0.000000 0.000000 1.000000 0.000000 0.000000
4.000000 41.607974 11.835873 -1.286657 3.294331 0.000000 0.000000 0.000000 1.000000 0.000000 0.000000
4.000000 41.608595 11.878866 -1.268840 3.264752 0.000000 0.000000 0.000000 1.000000 0.000000 0.000000
4.000000 41.610348 11.793901 -1.265651 3.247913 0.000000 0.000000 0.000000 1.000000 0.000000 0.000000
4.000000 41.613248 11.904012 -1.218410 3.222766 0.000000 0.000000 0.000000 1.000000 0.000000 0.000000
4.000000 41.615495 11.507592 -1.186567 3.213154 0.000000 0.000000 0.000000 1.000000 0.000000 0.000000
4.000000 41.615709 11.590266 -1.226908 3.274313 0.000000 0.000000 0.000000 1.000000 0.000000 0.000000
4.000000 41.617918 11.727443 -1.296438 3.269726 0.000000 0.000000 0.000000 1.000000 0.000000 0.000000
4.000000 41.618486 11.768603 -1.279324 3.241679 0.000000 0.000000 0.000000 1.000000 0.000000 0.000000
4.000000 41.621366 11.667582 -1.274253 3.222948 0.000000 0.000000 0.000000 1.000000 0.000000 0.000000
4.000000 41.623354 11.791854 -1.219994 3.197151 0.000000 0.000000 0.000000 1.000000 0.000000 0.000000
4.000000 41.625590 11.418879 -1.190390 3.189208 0.000000 0.000000 0.000000 1.000000 0.000000 0.000000
4.000000 41.625689 11.509945 -1.233247 3.250464 0.000000 0.000000 0.000000 1.000000 0.000000 0.000000
4.000000 41.627905 11.656545 -1.307303 3.237235 0.000000 0.000000 0.000000 1.000000 0.000000 0.000000
4.000000 41.628541 11.709450 -1.284909 3.204538 0.000000 0.000000 0.000000 1.000000 0.000000 0.000000
4.000000 41.630320 11.605602 -1.281908 3.198602 0.000000 0.000000 0.000000 1.000000 0.000000 0.000000
4.000000 41.633235 11.714839 -1.237863 3.175056 0.000000 0.000000 0.000000 1.000000 0.000000 0.000000
4.000000 41.635522 11.336314 -1.208408 3.160197 0.000000 0.000000 0.000000 1.000000 0.000000 0.000000
4.000000 41.635710 11.338509 -1.214110 3.214804 0.000000 0.000000 0.000000 1.000000 0.000000 0.000000
4.000000 41.637791 11.534987 -1.312173 3.209393 0.000000 0.000000 0.000000 1.000000 0.000000 0.000000
4.000000 41.638530 11.564877 -1.299809 3.185707 0.000000 0.000000 0.000000 1.000000 0.000000 0.000000
4.000000 41.640351 11.486785 -1.299132 3.172429 0.000000 0.000000 0.000000 1.000000 0.000000 0.000000
4.000000 41.643291 11.624157 -1.242982 3.151112 0.000000 0.000000 0.000000 1.000000 0.000000 0.000000
4.000000 41.645584 11.220362 -1.211685 3.132233 0.000000 0.000000 0.000000 1.000000 0.000000 0.000000
4.000000 41.645710 11.283982 -1.243660 3.190828 0.000000 0.000000 0.000000 1.000000 0.000000 0.000000
4.000000 41.647768 11.434171 -1.321063 3.186222 0.000000 0.000000 0.000000 1.000000 0.000000 0.000000
4.000000 41.648517 11.484273 -1.299763 3.158467 0.000000 0.000000 0.000000 1.000000 0.000000 0.000000
4.000000 41.650302 11.406977 -1.297784 3.142655 0.000000 0.000000 0.000000 1.000000 0.000000 0.000000
4.000000 41.653298 11.541784 -1.241429 3.120077 0.000000 0.000000 0.000000 1.000000 0.000000 0.000000
4.000000 41.655571 11.092748 -1.206411 3.100095 0.000000 0.000000 0.000000 1.000000 0.000000 0.000000
4.000000 41.655694 11.209104 -1.256014 3.160378 0.000000 0.000000 0.000000 1.000000 0.000000 0.000000
4.000000 41.657968 11.347946 -1.324347 3.154896 0.000000 0.000000 0.000000 1.000000 0.000000 0.000000
4.000000 41.658334 11.385531 -1.308336 3.130388 0.000000 0.000000 0.000000 1.000000 0.000000 0.000000
4.000000 41.660434 11.290367 -1.303148 3.112987 0.000000 0.000000 0.000000 1.000000 0.000000 0.000000
4.000000 41.663297 11.400094 -1.256237 3.086002 0.000000 0.000000 0.000000 1.000000 0.000000 0.000000
4.000000 41.665623 11.023187 -1.227532 3.071941 0.000000 0.000000 0.000000 1.000000 0.000000 0.000000
4.000000 41.665693 11.128120 -1.275514 3.131237 0.000000 0.000000 0.000000 1.000000 0.000000 0.000000
4.000000 41.667902 11.250043 -1.339883 3.124257 0.000000 0.000000 0.000000 1.000000 0.000000 0.000000
4.000000 41.668609 11.307219 -1.315116 3.094166 0.000000 0.000000 0.000000 1.000000 0.000000 0.000000
4.000000 41.670328 11.178306 -1.308656 3.085266 0.000000 0.000000 0.000000 1.000000 0.000000 0.000000
4.000000 41.673260 11.282369 -1.266393 3.057832 0.000000 0.000000 0.000000 1.000000 0.000000 0.000000
4.000000 41.675716 11.064373 -1.272584 3.049644 0.000000 0.000000 0.000000 1.000000 0.000000 0.000000
4.000000 41.675722 11.049434 -1.288087 3.098780 0.000000 0.000000 0.000000 1.000000 0.000000 0.000000
4.000000 41.677895 11.190572 -1.345187 3.097408 0.000000 0.000000 0.000000 1.000000 0.000000 0.000000
4.000000 41.678356 11.228814 -1.330949 3.058101 0.000000 0.000000 0.000000 1.000000 0.000000 0.000000
4.000000 41.680316 11.118315 -1.326165 3.053144 0.000000 0.000000 0.000000 1.000000 0.000000 0.000000
4.000000 41.684530 11.239290 -1.276908 3.031792 0.000000 0.000000 0.000000 1.000000 0.000000 0.000000
4.000000 41.685512 10.848538 -1.247368 3.007402 0.000000 0.000000 0.000000 1.000000 0.000000 0.000000
4.000000 41.685719 10.890419 -1.275030 3.058810 0.000000 0.000000 0.000000 1.000000 0.000000 0.000000
4.000000 41.688014 11.042668 -1.361675 3.056297 0.000000 0.000000 0.000000 1.000000 0.000000 0.000000
4.000000 41.688503 11.105773 -1.334109 3.031363 0.000000 0.000000 0.000000 1.000000 0.000000 0.000000
4.000000 41.690407 11.035826 -1.335195 3.027348 0.000000 0.000000 0.000000 1.000000 0.000000 0.000000
4.000000 41.693294 11.166836 -1.285103 3.010041 0.000000 0.000000 0.000000 1.000000 0.000000 0.000000
4.000000 41.695455 10.734691 -1.252793 2.977151 0.000000 0.000000 0.000000 1.000000 0.000000 0.000000
4.000000 41.695813 10.856177 -1.302737 3.030228 0.000000 0.000000 0.000000 1.000000 0.000000 0.000000
4.000000 41.697805 10.976307 -1.363709 3.022787 0.000000 0.000000 0.000000 1.000000 0.000000 0.000000
4.000000 41.698324 11.027763 -1.341084 2.992027 0.000000 0.000000 0.000000 1.000000 0.000000 0.000000
4.000000 41.700265 10.933875 -1.338763 2.982363 0.000000 0.000000 0.000000 1.000000 0.000000 0.000000
4.000000 41.703348 11.044767 -1.295424 2.966544 0.000000 0.000000 0.000000 1.000000 0.000000 0.000000
4.000000 41.705533 10.658363 -1.266869 2.944150 0.000000 0.000000 0.000000 1.000000 0.000000 0.000000
4.000000 41.705784 10.740330 -1.307851 2.997175 0.000000 0.000000 0.000000 1.000000 0.000000 0.000000
4.000000 41.707993 10.861284 -1.377245 2.993182 0.000000 0.000000 0.000000 1.000000 0.000000 0.000000
4.000000 41.708555 10.911355 -1.355089 2.963703 0.000000 0.000000 0.000000 1.000000 0.000000 0.000000
4.000000 41.710306 10.840217 -1.352817 2.947961 0.000000 0.000000 0.000000 1.000000 0.000000 0.000000
4.000000 41.713291 10.956741 -1.305185 2.930745 0.000000 0.000000 0.000000 1.000000 0.000000 0.000000
4.000000 41.715411 10.553160 -1.275607 2.908814 0.000000 0.000000 0.000000 1.000000 0.000000 0.000000
4.000000 41.715711 10.660433 -1.321137 2.960839 0.000000 0.000000 0.000000 1.000000 0.000000 0.000000
4.000000 41.717882 10.777535 -1.383209 2.956458 0.000000 0.000000 0.000000 1.000000 0.000000 0.000000
4.000000 41.718387 10.817641 -1.365436 2.928108 0.000000 0.000000 0.000000 1.000000 0.000000 0.000000
4.000000 41.720465 10.700135 -1.357888 2.911036 0.000000 0.000000 0.000000 1.000000 0.000000 0.000000
4.000000 41.723390 10.813405 -1.310258 2.888373 0.000000 0.000000 0.000000 1.000000 0.000000 0.000000
4.000000 41.725551 10.459003 -1.285003 2.871687 0.000000 0.000000 0.000000 1.000000 0.000000 0.000000
4.000000 41.725768 10.571468 -1.332510 2.926831 0.000000 0.000000 0.000000 1.000000 0.000000 0.000000
4.000000 41.728025 10.687243 -1.394888 2.913669 0.000000 0.000000 0.000000 1.000000 0.000000 0.000000
4.000000 41.728643 10.736650 -1.372551 2.882483 0.000000 0.000000 0.000000 1.000000 0.000000 0.000000
4.000000 41.730329 10.632998 -1.368483 2.878722 0.000000 0.000000 0.000000 1.000000 0.000000 0.000000
4.000000 41.733264 10.754841 -1.320584 2.861825 0.000000 0.000000 0.000000 1.000000 0.000000 0.000000
4.000000 41.735423 10.374329 -1.293390 2.835029 0.000000 0.000000 0.000000 1.000000 0.000000 0.000000
4.000000 41.735798 10.442700 -1.326356 2.884063 0.000000 0.000000 0.000000 1.000000 0.000000 0.000000
4.000000 41.737896 10.574440 -1.400056 2.882449 0.000000 0.000000 0.000000 1.000000 0.000000 0.000000
4.000000 41.738394 10.621653 -1.378919 2.854706 0.000000 0.000000 0.000000 1.000000 0.000000 0.000000
4.000000 41.740532 10.538264 -1.378391 2.844081 0.000000 0.000000 0.000000 1.000000 0.000000 0.000000
4.000000 41.743332 10.659195 -1.333198 2.827124 0.000000 0.000000 0.000000 1.000000 0.000000 0.000000
4.000000 41.745543 10.286800 -1.307179 2.796569 0.000000 0.000000 0.000000 1.000000 0.000000 0.000000
4.000000 41.745755 10.361778 -1.345244 2.848364 0.000000 0.000000 0.000000 1.000000 0.000000 0.000000
4.000000 41.747836 10.477580 -1.414208 2.846671 0.000000 0.000000 0.000000 1.000000 0.000000 0.000000
4.000000 41.748596 10.537662 -1.387007 2.816789 0.000000 0.000000 0.000000 1.000000 0.000000 0.000000
4.000000 41.750310 10.458754 -1.385420 2.805130 0.000000 0.000000 0.000000 1.000000 0.000000 0.000000
4.000000 41.753256 10.580205 -1.338507 2.788792 0.000000 0.000000 0.000000 1.000000 0.000000 0.000000
4.000000 41.755514 10.167490 -1.309561 2.756486 0.000000 0.000000 0.000000 1.000000 0.000000 0.000000
4.000000 41.755797 10.312983 -1.365771 2.807693 0.000000 0.000000 0.000000 1.000000 0.000000 0.000000
4.000000 41.757897 10.406649 -1.413858 2.805105 0.000000 0.000000 0.000000 1.000000 0.000000 0.000000
4.000000 41.758437 10.443193 -1.397272 2.779842 0.000000 0.000000 0.000000 1.000000 0.000000 0.000000
4.000000 41.760275 10.338053 -1.391944 2.767985 0.000000 0.000000 0.000000 1.000000 0.000000 0.000000
4.000000 41.763432 10.449548 -1.347982 2.746799 0.000000 0.000000 0.000000 1.000000 0.000000 0.000000
4.000000 41.765563 10.097235 -1.323940 2.720206 0.000000 0.000000 0.000000 1.000000 0.000000 0.000000
4.000000 41.765712 10.201323 -1.365349 2.769889 0.000000 0.000000 0.000000 1.000000 0.000000 0.000000
4.000000 41.768048 10.311238 -1.423625 2.766024 0.000000 0.000000 0.000000 1.000000 0.000000 0.000000
4.000000 41.768453 10.362494 -1.400193 2.737129 0.000000 0.000000 0.000000 1.000000 0.000000 0.000000
4.000000 41.770350 10.252826 -1.395128 2.725469 0.000000 0.000000 0.000000 1.000000 0.000000 0.000000
4.000000 41.773357 10.352412 -1.357121 2.705602 0.000000 0.000000 0.000000 1.000000 0.000000 0.000000
4.000000 41.775458 10.020533 -1.334818 2.680852 0.000000 0.000000 0.000000 1.000000 0.000000 0.000000
4.000000 41.775742 10.088668 -1.365813 2.729355 0.000000 0.000000 0.000000 1.000000 0.000000 0.000000
4.000000 41.777969 10.222601 -1.441622 2.718509 0.000000 0.000000 0.000000 1.000000 0.000000 0.000000
4.000000 41.778374 10.277937 -1.416092 2.694191 0.000000 0.000000 0.000000 1.000000 0.000000 0.000000
4.000000 41.780393 10.186828 -1.411736 2.690358 0.000000 0.000000 0.000000 1.000000 0.000000 0.000000
4.000000 41.783313 10.303362 -1.366305 2.671206 0.000000 0.000000 0.000000 1.000000 0.000000 0.000000
4.000000 41.785548 9.920306 -1.340243 2.634813 0.000000 0.000000 0.000000 1.000000 0.000000 0.000000
4.000000 41.785769 9.984918 -1.369338 2.677442 0.000000 0.000000 0.000000 1.000000 0.000000 0.000000
4.000000 41.787933 10.122139 -1.446675 2.674330 0.000000 0.000000 0.000000 1.000000 0.000000 0.000000
4.000000 41.788530 10.176274 -1.421863 2.655194 0.000000 0.000000 0.000000 1.000000 0.000000 0.000000
4.000000 41.790453 10.099785 -1.418801 2.645896 0.000000 0.000000 0.000000 1.000000 0.000000 0.000000
4.000000 41.793305 10.219352 -1.372046 2.629105 0.000000 0.000000 0.000000 1.000000 0.000000 0.000000
4.000000 41.795429 9.804602 -1.344061 2.592799 0.000000 0.000000 0.000000 1.000000 0.000000 0.000000
4.000000 41.795973 9.923935 -1.395424 2.643307 0.000000 0.000000 0.000000 1.000000 0.000000 0.000000
4.000000 41.797870 10.025613 -1.456749 2.636827 0.000000 0.000000 0.000000 1.000000 0.000000 0.000000
4.000000 41.798489 10.084889 -1.428951 2.606093 0.000000 0.000000 0.000000 1.000000 0.000000 0.000000
4.000000 41.800407 9.992670 -1.426226 2.601627 0.000000 0.000000 0.000000 1.000000 0.000000 0.000000
4.000000 41.803315 10.104475 -1.385140 2.585811 0.000000 0.000000 0.000000 1.000000 0.000000 0.000000
4.000000 41.805473 9.733224 -1.360846 2.552810 0.000000 0.000000 0.000000 1.000000 0.000000 0.000000
4.000000 41.805774 9.835547 -1.401848 2.601400 0.000000 0.000000 0.000000 1.000000 0.000000 0.000000
4.000000 41.808114 9.942907 -1.462236 2.591073 0.000000 0.000000 0.000000 1.000000 0.000000 0.000000
4.000000 41.808603 9.995794 -1.437227 2.560817 0.000000 0.000000 0.000000 1.000000 0.000000 0.000000
4.000000 41.810421 9.859241 -1.427411 2.555500 0.000000 0.000000 0.000000 1.000000 0.000000 0.000000
4.000000 41.813365 9.957377 -1.388697 2.534225 0.000000 0.000000 0.000000 1.000000 0.000000 0.000000
4.000000 41.815444 9.654967 -1.369281 2.509543 0.000000 0.000000 0.000000 1.000000 0.000000 0.000000
4.000000 41.815941 9.744682 -1.409536 2.559267 0.000000 0.000000 0.000000 1.000000 0.000000 0.000000
4.000000 41.817782 9.847454 -1.472808 2.547215 0.000000 0.000000 0.000000 1.000000 0.000000 0.000000
4.000000 41.818429 9.902414 -1.446424 2.512376 0.000000 0.000000 0.000000 1.000000 0.000000 0.000000
4.000000 41.820381 9.793590 -1.440078 2.506769 0.000000 0.000000 0.000000 1.000000 0.000000 0.000000
4.000000 41.823411 9.905154 -1.396861 2.493267 0.000000 0.000000 0.000000 1.000000 0.000000 0.000000
4.000000 41.825492 9.536374 -1.372981 2.463887 0.000000 0.000000 0.000000 1.000000 0.000000 0.000000
4.000000 41.825757 9.653878 -1.419139 2.512431 0.000000 0.000000 0.000000 1.000000 0.000000 0.000000
4.000000 41.827898 9.759292 -1.479622 2.499417 0.000000 0.000000 0.000000 1.000000 0.000000 0.000000
4.000000 41.828593 9.798756 -1.460467 2.468863 0.000000 0.000000 0.000000 1.000000 0.000000 0.000000
4.000000 41.830526 9.692367 -1.455539 2.465911 0.000000 0.000000 0.000000 1.000000 0.000000 0.000000
4.000000 41.833332 9.832431 -1.402184 2.456041 0.000000 0.000000 0.000000 1.000000 0.000000 0.000000
4.000000 41.835467 9.499538 -1.380691 2.422751 0.000000 0.000000 0.000000 1.000000 0.000000 0.000000
4.000000 41.835837 9.505246 -1.400247 2.466031 0.000000 0.000000 0.000000 1.000000 0.000000 0.000000
4.000000 41.837778 9.648876 -1.499191 2.455671 0.000000 0.000000 0.000000 1.000000 0.000000 0.000000
4.000000 41.838375 9.712749 -1.468379 2.421618 0.000000 0.000000 0.000000 1.000000 0.000000 0.000000
4.000000 41.840322 9.609429 -1.465154 2.422089 0.000000 0.000000 0.000000 1.000000 0.000000 0.000000
4.000000 41.843388 9.750443 -1.413558 2.412775 0.000000 0.000000 0.000000 1.000000 0.000000 0.000000
4.000000 41.845559 9.332212 -1.386950 2.369705 0.000000 0.000000 0.000000 1.000000 0.000000 0.000000
4.000000 41.845814 9.465736 -1.439937 2.419589 0.000000 0.000000 0.000000 1.000000 0.000000 0.000000
4.000000 41.847857 9.565947 -1.500598 2.403673 0.000000 0.000000 0.000000 1.000000 0.000000 0.000000
4.000000 41.848452 9.616274 -1.475810 2.369802 0.000000 0.000000 0.000000 1.000000 0.000000 0.000000
4.000000 41.850402 9.515782 -1.473122 2.373382 0.000000 0.000000 0.000000 1.000000 0.000000 0.000000
4.000000 41.853415 9.653329 -1.423657 2.366256 0.000000 0.000000 0.000000 1.000000 0.000000 0.000000
4.000000 41.855614 9.280723 -1.400180 2.325694 0.000000 0.000000 0.000000 1.000000 0.000000 0.000000
4.000000 41.855796 9.370767 -1.438229 2.369216 0.000000 0.000000 0.000000 1.000000 0.000000 0.000000
4.000000 41.857893 9.480257 -1.505437 2.355817 0.000000 0.000000 0.000000 1.000000 0.000000 0.000000
4.000000 41.858403 9.525429 -1.483038 2.321912 0.000000 0.000000 0.000000 1.000000 0.000000 0.000000
4.000000 41.860307 9.419531 -1.477907 2.317853 0.000000 0.000000 0.000000 1.000000 0.000000 0.000000
4.000000 41.863352 9.548015 -1.429744 2.310967 0.000000 0.000000 0.000000 1.000000 0.000000 0.000000
4.000000 41.865512 9.172256 -1.406163 2.273908 0.000000 0.000000 0.000000 1.000000 0.000000 0.000000
4.000000 41.865864 9.277964 -1.448801 2.317859 0.000000 0.000000 0.000000 1.000000 0.000000 0.000000
4.000000 41.868238 9.385803 -1.514324 2.306822 0.000000 0.000000 0.000000 1.000000 0.000000 0.000000
4.000000 41.868533 9.433981 -1.490566 2.276773 0.000000 0.000000 0.000000 1.000000 0.000000 0.000000
4.000000 41.870339 9.292925 -1.484198 2.284446 0.000000 0.000000 0.000000 1.000000 0.000000 0.000000
4.000000 41.873373 9.428694 -1.436666 2.272764 0.000000 0.000000 0.000000 1.000000 0.000000 0.000000
4.000000 41.875479 9.081294 -1.415438 2.227448 0.000000 0.000000 0.000000 1.000000 0.000000 0.000000
4.000000 41.875850 9.191769 -1.458986 2.271401 0.000000 0.000000 0.000000 1.000000 0.000000 0.000000
4.000000 41.878044 9.302475 -1.526385 2.255053 0.000000 0.000000 0.000000 1.000000 0.000000 0.000000
4.000000 41.878392 9.359716 -1.498000 2.223830 0.000000 0.000000 0.000000 1.000000 0.000000 0.000000
4.000000 41.880311 9.254799 -1.491762 2.224775 0.000000 0.000000 0.000000 1.000000 0.000000 0.000000
4.000000 41.883363 9.379787 -1.444691 2.215480 0.000000 0.000000 0.000000 1.000000 0.000000 0.000000
4.000000 41.885693 9.015562 -1.422138 2.172719 0.000000 0.000000 0.000000 1.000000 0.000000 0.000000
4.000000 41.885714 9.071747 -1.451743 2.210996 0.000000 0.000000 0.000000 1.000000 0.000000 0.000000
4.000000 41.888038 9.193501 -1.531858 2.202104 0.000000 0.000000 0.000000 1.000000 0.000000 0.000000
4.000000 41.888526 9.253426 -1.502341 2.174932 0.000000 0.000000 0.000000 1.000000 0.000000 0.000000
4.000000 41.890329 9.172925 -1.499678 2.172751 0.000000 0.000000 0.000000 1.000000 0.000000 0.000000
4.000000 41.893514 9.294738 -1.455358 2.167142 0.000000 0.000000 0.000000 1.000000 0.000000 0.000000
4.000000 41.895523 8.910021 -1.431955 2.126040 0.000000 0.000000 0.000000 1.000000 0.000000 0.000000
4.000000 41.895864 9.027219 -1.478068 2.170410 0.000000 0.000000 0.000000 1.000000 0.000000 0.000000
4.000000 41.898025 9.113389 -1.532912 2.156113 0.000000 0.000000 0.000000 1.000000 0.000000 0.000000
4.000000 41.898520 9.158866 -1.509646 2.124039 0.000000 0.000000 0.000000 1.000000 0.000000 0.000000
4.000000 41.900405 9.072217 -1.505860 2.123463 0.000000 0.000000 0.000000 1.000000 0.000000 0.000000
4.000000 41.903521 9.190126 -1.463040 2.115236 0.000000 0.000000 0.000000 1.000000 0.000000 0.000000
4.000000 41.905521 8.826503 -1.441162 2.072268 0.000000 0.000000 0.000000 1.000000 0.000000 0.000000
4.000000 41.905821 8.938149 -1.484264 2.113906 0.000000 0.000000 0.000000 1.000000 0.000000 0.000000
4.000000 41.907936 9.022005 -1.536923 2.101942 0.000000 0.000000 0.000000 1.000000 0.000000 0.000000
4.000000 41.908535 9.053583 -1.520512 2.075309 0.000000 0.000000 0.000000 1.000000 0.000000 0.000000
4.000000 41.911016 8.973507 -1.512107 2.064753 0.000000 0.000000 0.000000 1.000000 0.000000 0.000000
4.000000 41.913562 9.078599 -1.468398 2.053363 0.000000 0.000000 0.000000 1.000000 0.000000 0.000000
4.000000 41.915536 8.707977 -1.446148 2.015001 0.000000 0.000000 0.000000 1.000000 0.000000 0.000000
4.000000 41.915835 8.864333 -1.505203 2.061355 0.000000 0.000000 0.000000 1.000000 0.000000 0.000000
4.000000 41.917827 8.936401 -1.551862 2.053075 0.000000 0.000000 0.000000 1.000000 0.000000 0.000000
4.000000 41.918398 8.983861 -1.527556 2.022769 0.000000 0.000000 0.000000 1.000000 0.000000 0.000000
4.000000 41.920297 8.875699 -1.515013 2.013482 0.000000 0.000000 0.000000 1.000000 0.000000 0.000000
4.000000 41.923404 8.959062 -1.478927 1.995469 0.000000 0.000000 0.000000 1.000000 0.000000 0.000000
4.000000 41.925679 8.656788 -1.461264 1.963989 0.000000 0.000000 0.000000 1.000000 0.000000 0.000000
4.000000 41.925761 8.754979 -1.500233 2.005471 0.000000 0.000000 0.000000 1.000000 0.000000 0.000000
4.000000 41.928021 8.851741 -1.562570 1.989061 0.000000 0.000000 0.000000 1.000000 0.000000 0.000000
4.000000 41.928529 8.883584 -1.545626 1.960081 0.000000 0.000000 0.000000 1.000000 0.000000 0.000000
4.000000 41.930696 8.778517 -1.538849 1.962243 0.000000 0.000000 0.000000 1.000000 0.000000 0.000000
4.000000 41.933382 8.925195 -1.484015 1.956640 0.000000 0.000000 0.000000 1.000000 0.000000 0.000000
4.000000 41.935478 8.564309 -1.462715 1.905208 0.000000 0.000000 0.000000 1.000000 0.000000 0.000000
4.000000 41.935827 8.633844 -1.498913 1.942586 0.000000 0.000000 0.000000 1.000000 0.000000 0.000000
4.000000 41.937824 8.738872 -1.574327 1.938716 0.000000 0.000000 0.000000 1.000000 0.000000 0.000000
4.000000 41.938493 8.802971 -1.542036 1.912243 0.000000 0.000000 0.000000 1.000000 0.000000 0.000000
4.000000 41.940629 8.713858 -1.537037 1.911029 0.000000 0.000000 0.000000 1.000000 0.000000 0.000000
4.000000 41.943394 8.841576 -1.490209 1.903748 0.000000 0.000000 0.000000 1.000000 0.000000 0.000000
4.000000 41.945623 8.459167 -1.468226 1.857127 0.000000 0.000000 0.000000 1.000000 0.000000 0.000000
4.000000 41.945793 8.546913 -1.504808 1.899787 0.000000 0.000000 0.000000 1.000000 0.000000 0.000000
4.000000 41.947830 8.655768 -1.576532 1.884779 0.000000 0.000000 0.000000 1.000000 0.000000 0.000000
4.000000 41.948545 8.703743 -1.551462 1.854012 0.000000 0.000000 0.000000 1.000000 0.000000 0.000000
4.000000 41.950415 8.608625 -1.544350 1.850730 0.000000 0.000000 0.000000 1.000000 0.000000 0.000000
4.000000 41.953513 8.743609 -1.493314 1.840756 0.000000 0.000000 0.000000 1.000000 0.000000 0.000000
4.000000 41.955544 8.348535 -1.470849 1.790698 0.000000 0.000000 0.000000 1.000000 0.000000 0.000000
4.000000 41.955810 8.474479 -1.521065 1.839489 0.000000 0.000000 0.000000 1.000000 0.000000 0.000000
4.000000 41.958081 8.568288 -1.584482 1.830215 0.000000 0.000000 0.000000 1.000000 0.000000 0.000000
4.000000 41.958426 8.622882 -1.556165 1.800470 0.000000 0.000000 0.000000 1.000000 0.000000 0.000000
4.000000 41.960375 8.517924 -1.546955 1.797842 0.000000 0.000000 0.000000 1.000000 0.000000 0.000000
4.000000 41.963394 8.636577 -1.501688 1.783148 0.000000 0.000000 0.000000 1.000000 0.000000 0.000000
4.000000 41.965679 8.265472 -1.480839 1.732015 0.000000 0.000000 0.000000 1.000000 0.000000 0.000000
4.000000 41.965779 8.365352 -1.522081 1.776078 0.000000 0.000000 0.000000 1.000000 0.000000 0.000000
4.000000 41.967945 8.477768 -1.597375 1.764564 0.000000 0.000000 0.000000 1.000000 0.000000 0.000000
4.000000 41.968553 8.537215 -1.566853 1.738957 0.000000 0.000000 0.000000 1.000000 0.000000 0.000000
4.000000 41.970461 8.436119 -1.554992 1.734885 0.000000 0.000000 0.000000 1.000000 0.000000 0.000000
4.000000 41.973424 8.547925 -1.509037 1.721413 0.000000 0.000000 0.000000 1.000000 0.000000 0.000000
4.000000 41.975611 8.166929 -1.487491 1.669946 0.000000 0.000000 0.000000 1.000000 0.000000 0.000000
4.000000 41.975804 8.279326 -1.528559 1.708692 0.000000 0.000000 0.000000 1.000000 0.000000 0.000000
4.000000 41.977981 8.399706 -1.604749 1.691801 0.000000 0.000000 0.000000 1.000000 0.000000 0.000000
4.000000 41.978451 8.465198 -1.571316 1.669572 0.000000 0.000000 0.000000 1.000000 0.000000 0.000000
4.000000 41.980411 8.359410 -1.562042 1.677748 0.000000 0.000000 0.000000 1.000000 0.000000 0.000000
4.000000 41.983516 8.481312 -1.516307 1.668586 0.000000 0.000000 0.000000 1.000000 0.000000 0.000000
4.000000 41.985630 8.065740 -1.492723 1.600940 0.000000 0.000000 0.000000 1.000000 0.000000 0.000000
4.000000 41.985754 8.258349 -1.572479 1.652055 0.000000 0.000000 0.000000 1.000000 0.000000 0.000000
4.000000 41.988075 8.289947 -1.609702 1.650793 0.000000 0.000000 0.000000 1.000000 0.000000 0.000000
4.000000 41.988591 8.337856 -1.583575 1.618499 0.000000 0.000000 0.000000 1.000000 0.000000 0.000000
4.000000 41.990400 8.255812 -1.575952 1.619266 0.000000 0.000000 0.000000 1.000000 0.000000 0.000000
4.000000 41.993421 8.392459 -1.523739 1.609437 0.000000 0.000000 0.000000 1.000000 0.000000 0.000000
4.000000 41.995594 7.987644 -1.501537 1.551312 0.000000 0.000000 0.000000 1.000000 0.000000 0.000000
4.000000 41.995947 8.101869 -1.550813 1.599162 0.000000 0.000000 0.000000 1.000000 0.000000 0.000000
4.000000 41.998004 8.193605 -1.619125 1.592475 0.000000 0.000000 0.000000 1.000000 0.000000 0.000000
4.000000 41.998464 8.256251 -1.586486 1.567528 0.000000 0.000000 0.000000 1.000000 0.000000 0.000000
4.000000 42.000379 8.190922 -1.579840 1.562872 0.000000 0.000000 0.000000 1.000000 0.000000 0.000000
4.000000 42.003457 8.309799 -1.533707 1.551930 0.000000 0.000000 0.000000 1.000000 0.000000 0.000000
4.000000 42.005571 7.902656 -1.511329 1.489096 0.000000 0.000000 0.000000 1.000000 0.000000 0.000000
4.000000 42.005857 8.030496 -1.558223 1.528718 0.000000 0.000000 0.000000 1.000000 0.000000 0.000000
4.000000 42.008224 8.120795 -1.618025 1.521351 0.000000 0.000000 0.000000 1.000000 0.000000 0.000000
4.000000 42.008547 8.171713 -1.591625 1.502262 0.000000 0.000000 0.000000 1.000000 0.000000 0.000000
4.000000 42.010431 8.094671 -1.582318 1.498486 0.000000 0.000000 0.000000 1.000000 0.000000 0.000000
4.000000 42.013432 8.194052 -1.542168 1.488968 0.000000 0.000000 0.000000 1.000000 0.000000 0.000000
4.000000 42.015550 7.825563 -1.521960 1.432120 0.000000 0.000000 0.000000 1.000000 0.000000 0.000000
4.000000 42.015890 7.974466 -1.578693 1.473219 0.000000 0.000000 0.000000 1.000000 0.000000 0.000000
4.000000 42.018071 8.038325 -1.627078 1.465818 0.000000 0.000000 0.000000 1.000000 0.000000 0.000000
4.000000 42.018481 8.090638 -1.599051 1.440389 0.000000 0.000000 0.000000 1.000000 0.000000 0.000000
4.000000 42.020377 8.003459 -1.586234 1.438957 0.000000 0.000000 0.000000 1.000000 0.000000 0.000000
4.000000 42.023528 8.097901 -1.546264 1.419785 0.000000 0.000000 0.000000 1.000000 0.000000 0.000000
4.000000 42.025572 7.733659 -1.526799 1.361409 0.000000 0.000000 0.000000 1.000000 0.000000 0.000000
4.000000 42.025849 7.892812 -1.590245 1.411976 0.000000 0.000000 0.000000 1.000000 0.000000 0.000000
4.000000 42.028161 7.958873 -1.645637 1.396030 0.000000 0.000000 0.000000 1.000000 0.000000 0.000000
4.000000 42.028676 8.022181 -1.610912 1.361831 0.000000 0.000000 0.000000 1.000000 0.000000 0.000000
4.000000 42.030463 7.921357 -1.598170 1.371104 0.000000 0.000000 0.000000 1.000000 0.000000 0.000000
4.000000 42.033638 8.031799 -1.554035 1.359803 0.000000 0.000000 0.000000 1.000000 0.000000 0.000000
4.000000 42.035625 7.675081 -1.535160 1.304883 0.000000 0.000000 0.000000 1.000000 0.000000 0.000000
4.000000 42.035804 7.784762 -1.591018 1.355796 0.000000 0.000000 0.000000 1.000000 0.000000 0.000000
4.000000 42.037864 7.844706 -1.652736 1.348928 0.000000 0.000000 0.000000 1.000000 0.000000 0.000000
4.000000 42.038458 7.915439 -1.613651 1.309457 0.000000 0.000000 0.000000 1.000000 0.000000 0.000000
4.000000 42.040437 7.832617 -1.603752 1.310334 0.000000 0.000000 0.000000 1.000000 0.000000 0.000000
4.000000 42.043612 7.935514 -1.563574 1.296873 0.000000 0.000000 0.000000 1.000000 0.000000 0.000000
4.000000 42.045779 7.560455 -1.543798 1.231107 0.000000 0.000000 0.000000 1.000000 0.000000 0.000000
4.000000 42.045975 7.730824 -1.612058 1.281185 0.000000 0.000000 0.000000 1.000000 0.000000 0.000000
4.000000 42.047965 7.767705 -1.650455 1.278952 0.000000 0.000000 0.000000 1.000000 0.000000 0.000000
4.000000 42.048539 7.817975 -1.622419 1.249240 0.000000 0.000000 0.000000 1.000000 0.000000 0.000000
4.000000 42.050476 7.757554 -1.614740 1.246344 0.000000 0.000000 0.000000 1.000000 0.000000 0.000000
4.000000 42.053520 7.872735 -1.569416 1.238145 0.000000 0.000000 0.000000 1.000000 0.000000 0.000000
4.000000 42.055603 7.449882 -1.547150 1.166398 0.000000 0.000000 0.000000 1.000000 0.000000 0.000000
4.000000 42.056061 7.648692 -1.618442 1.215292 0.000000 0.000000 0.000000 1.000000 0.000000 0.000000
4.000000 42.058032 7.696179 -1.657038 1.207198 0.000000 0.000000 0.000000 1.000000 0.000000 0.000000
4.000000 42.058517 7.739482 -1.632835 1.182043 0.000000 0.000000 0.000000 1.000000 0.000000 0.000000
4.000000 42.060433 7.662266 -1.620862 1.183125 0.000000 0.000000 0.000000 1.000000 0.000000 0.000000
4.000000 42.063504 7.755177 -1.582270 1.165745 0.000000 0.000000 0.000000 1.000000 0.000000 0.000000
4.000000 42.065752 7.401083 -1.564103 1.100976 0.000000 0.000000 0.000000 1.000000 0.000000 0.000000
4.000000 42.065861 7.562754 -1.628478 1.149960 0.000000 0.000000 0.000000 1.000000 0.000000 0.000000
4.000000 42.068026 7.600056 -1.667151 1.145364 0.000000 0.000000 0.000000 1.000000 0.000000 0.000000
4.000000 42.068580 7.653216 -1.637267 1.115541 0.000000 0.000000 0.000000 1.000000 0.000000 0.000000
4.000000 42.070461 7.558138 -1.624833 1.124748 0.000000 0.000000 0.000000 1.000000 0.000000 0.000000
4.000000 42.073623 7.661218 -1.584615 1.109617 0.000000 0.000000 0.000000 1.000000 0.000000 0.000000
4.000000 42.075700 7.304084 -1.566354 1.038683 0.000000 0.000000 0.000000 1.000000 0.000000 0.000000
4.000000 42.075888 7.466248 -1.625768 1.081504 0.000000 0.000000 0.000000 1.000000 0.000000 0.000000
4.000000 42.078032 7.524304 -1.672778 1.068739 0.000000 0.000000 0.000000 1.000000 0.000000 0.000000
4.000000 42.078710 7.572014 -1.645996 1.043430 0.000000 0.000000 0.000000 1.000000 0.000000 0.000000
4.000000 42.080357 7.498460 -1.635377 1.049239 0.000000 0.000000 0.000000 1.000000 0.000000 0.000000
4.000000 42.083655 7.598508 -1.595085 1.042602 0.000000 0.000000 0.000000 1.000000 0.000000 0.000000
4.000000 42.085688 7.242508 -1.576830 0.976220 0.000000 0.000000 0.000000 1.000000 0.000000 0.000000
4.000000 42.085887 7.346348 -1.624704 1.011907 0.000000 0.000000 0.000000 1.000000 0.000000 0.000000
4.000000 42.088024 7.410379 -1.684695 1.003353 0.000000 0.000000 0.000000 1.000000 0.000000 0.000000
4.000000 42.088781 7.472840 -1.650081 0.975829 0.000000 0.000000 0.000000 1.000000 0.000000 0.000000
4.000000 42.090477 7.404567 -1.639739 0.980933 0.000000 0.000000 0.000000 1.000000 0.000000 0.000000
4.000000 42.093590 7.490183 -1.605164 0.968647 0.000000 0.000000 0.000000 1.000000 0.000000 0.000000
4.000000 42.095716 7.149159 -1.588244 0.908636 0.000000 0.000000 0.000000 1.000000 0.000000 0.000000
4.000000 42.095880 7.249719 -1.632153 0.949727 0.000000 0.000000 0.000000 1.000000 0.000000 0.000000
4.000000 42.098014 7.319372 -1.692657 0.936513 0.000000 0.000000 0.000000 1.000000 0.000000 0.000000
4.000000 42.098771 7.380947 -1.658264 0.908770 0.000000 0.000000 0.000000 1.000000 0.000000 0.000000
4.000000 42.100436 7.314301 -1.648533 0.915152 0.000000 0.000000 0.000000 1.000000 0.000000 0.000000
4.000000 42.103584 7.408756 -1.611159 0.906755 0.000000 0.000000 0.000000 1.000000 0.000000 0.000000
4.000000 42.105725 7.044688 -1.592974 0.836230 0.000000 0.000000 0.000000 1.000000 0.000000 0.000000
4.000000 42.105877 7.218179 -1.658505 0.881327 0.000000 0.000000 0.000000 1.000000 0.000000 0.000000
4.000000 42.108022 7.251050 -1.694716 0.869919 0.000000 0.000000 0.000000 1.000000 0.000000 0.000000
4.000000 42.108594 7.295019 -1.668543 0.840146 0.000000 0.000000 0.000000 1.000000 0.000000 0.000000
4.000000 42.110491 7.210049 -1.653189 0.850190 0.000000 0.000000 0.000000 1.000000 0.000000 0.000000
4.000000 42.113518 7.296597 -1.615917 0.831962 0.000000 0.000000 0.000000 1.000000 0.000000 0.000000
4.000000 42.115718 6.955471 -1.599214 0.760927 0.000000 0.000000 0.000000 1.000000 0.000000 0.000000
4.000000 42.115946 7.129636 -1.664515 0.808484 0.000000 0.000000 0.000000 1.000000 0.000000 0.000000
4.000000 42.118013 7.162293 -1.699688 0.800713 0.000000 0.000000 0.000000 1.000000 0.000000 0.000000
4.000000 42.118636 7.206445 -1.673719 0.773438 0.000000 0.000000 0.000000 1.000000 0.000000 0.000000
4.000000 42.120426 7.142781 -1.659718 0.775192 0.000000 0.000000 0.000000 1.000000 0.000000 0.000000
4.000000 42.123613 7.213320 -1.626666 0.759583 0.000000 0.000000 0.000000 1.000000 0.000000 0.000000
4.000000 42.125950 7.008842 -1.636153 0.730560 0.000000 0.000000 0.000000 1.000000 0.000000 0.000000
4.000000 42.126040 7.033793 -1.665670 0.740282 0.000000 0.000000 0.000000 1.000000 0.000000 0.000000
4.000000 42.127992 7.089684 -1.685265 0.725022 0.000000 0.000000 0.000000 1.000000 0.000000 0.000000
4.000000 42.128814 7.115924 -1.680851 0.697483 0.000000 0.000000 0.000000 1.000000 0.000000 0.000000
4.000000 42.130478 7.071411 -1.669464 0.703988 0.000000 0.000000 0.000000 1.000000 0.000000 0.000000
4.000000 42.133537 7.143854 -1.636638 0.690649 0.000000 0.000000 0.000000 1.000000 0.000000 0.000000
4.000000 42.135740 6.819698 -1.620943 0.622096 0.000000 0.000000 0.000000 1.000000 0.000000 0.000000
4.000000 42.135954 6.947487 -1.677205 0.661695 0.000000 0.000000 0.000000 1.000000 0.000000 0.000000
4.000000 42.138000 6.983434 -1.722727 0.654728 0.000000 0.000000 0.000000 1.000000 0.000000 0.000000
4.000000 42.138534 7.041021 -1.689297 0.625406 0.000000 0.000000 0.000000 1.000000 0.000000 0.000000
4.000000 42.140461 6.991012 -1.678420 0.630194 0.000000 0.000000 0.000000 1.000000 0.000000 0.000000
4.000000 42.143552 7.069974 -1.644431 0.617842 0.000000 0.000000 0.000000 1.000000 0.000000 0.000000
4.000000 42.145829 6.714848 -1.627738 0.551745 0.000000 0.000000 0.000000 1.000000 0.000000 0.000000
4.000000 42.145938 6.862588 -1.682323 0.598593 0.000000 0.000000 0.000000 1.000000 0.000000 0.000000
4.000000 42.148001 6.906270 -1.724285 0.580957 0.000000 0.000000 0.000000 1.000000 0.000000 0.000000
4.000000 42.148533 6.953087 -1.696209 0.552709 0.000000 0.000000 0.000000 1.000000 0.000000 0.000000
4.000000 42.150486 6.898533 -1.683276 0.558880 0.000000 0.000000 0.000000 1.000000 0.000000 0.000000
4.000000 42.153593 6.971814 -1.649974 0.545356 0.000000 0.000000 0.000000 1.000000 0.000000 0.000000
4.000000 42.155793 6.642103 -1.634585 0.482256 0.000000 0.000000 0.000000 1.000000 0.000000 0.000000
4.000000 42.155894 6.776325 -1.684005 0.525204 0.000000 0.000000 0.000000 1.000000 0.000000 0.000000
4.000000 42.158015 6.826825 -1.730480 0.503034 0.000000 0.000000 0.000000 1.000000 0.000000 0.000000
4.000000 42.158577 6.870241 -1.704156 0.476310 0.000000 0.000000 0.000000 1.000000 0.000000 0.000000
4.000000 42.160436 6.818307 -1.688090 0.480715 0.000000 0.000000 0.000000 1.000000 0.000000 0.000000
4.000000 42.163524 6.870614 -1.658766 0.464926 0.000000 0.000000 0.000000 1.000000 0.000000 0.000000
4.000000 42.165712 6.552522 -1.643952 0.403795 0.000000 0.000000 0.000000 1.000000 0.000000 0.000000
4.000000 42.166071 6.703022 -1.699062 0.447292 0.000000 0.000000 0.000000 1.000000 0.000000 0.000000
4.000000 42.168005 6.738393 -1.736547 0.429987 0.000000 0.000000 0.000000 1.000000 0.000000 0.000000
4.000000 42.168654 6.784722 -1.708447 0.402584 0.000000 0.000000 0.000000 1.000000 0.000000 0.000000
4.000000 42.170479 6.715783 -1.689718 0.414342 0.000000 0.000000 0.000000 1.000000 0.000000 0.000000
4.000000 42.173472 6.761824 -1.663344 0.388340 0.000000 0.000000 0.000000 1.000000 0.000000 0.000000
4.000000 42.175735 6.463492 -1.649742 0.320899 0.000000 0.000000 0.000000 1.000000 0.000000 0.000000
4.000000 42.176009 6.627933 -1.710171 0.368700 0.000000 0.000000 0.000000 1.000000 0.000000 0.000000
4.000000 42.178077 6.650280 -1.741083 0.351388 0.000000 0.000000 0.000000 1.000000 0.000000 0.000000
4.000000 42.178528 6.688945 -1.716807 0.325831 0.000000 0.000000 0.000000 1.000000 0.000000 0.000000
4.000000 42.180668 6.640540 -1.705890 0.341480 0.000000 0.000000 0.000000 1.000000 0.000000 0.000000
4.000000 42.183517 6.719330 -1.673610 0.325210 0.000000 0.000000 0.000000 1.000000 0.000000 0.000000
4.000000 42.185778 6.410677 -1.659584 0.245901 0.000000 0.000000 0.000000 1.000000 0.000000 0.000000
4.000000 42.186084 6.559824 -1.719839 0.288069 0.000000 0.000000 0.000000 1.000000 0.000000 0.000000
4.000000 42.188056 6.572170 -1.749367 0.278869 0.000000 0.000000 0.000000 1.000000 0.000000 0.000000
4.000000 42.188632 6.614445 -1.722912 0.251426 0.000000 0.000000 0.000000 1.000000 0.000000 0.000000
4.000000 42.190643 6.584214 -1.710137 0.254671 0.000000 0.000000 0.000000 1.000000 0.000000 0.000000
4.000000 42.193506 6.630738 -1.684225 0.238361 0.000000 0.000000 0.000000 1.000000 0.000000 0.000000
4.000000 42.195758 6.309502 -1.669760 0.171080 0.000000 0.000000 0.000000 1.000000 0.000000 0.000000
4.000000 42.196167 6.463032 -1.726311 0.215636 0.000000 0.000000 0.000000 1.000000 0.000000 0.000000
4.000000 42.198011 6.484522 -1.756488 0.200630 0.000000 0.000000 0.000000 1.000000 0.000000 0.000000
4.000000 42.198523 6.525166 -1.731042 0.175029 0.000000 0.000000 0.000000 1.000000 0.000000 0.000000
4.000000 42.200656 6.485682 -1.716304 0.182351 0.000000 0.000000 0.000000 1.000000 0.000000 0.000000
4.000000 42.203482 6.546426 -1.684566 0.167761 0.000000 0.000000 0.000000 1.000000 0.000000 0.000000
4.000000 42.205782 6.222890 -1.670081 0.098932 0.000000 0.000000 0.000000 1.000000 0.000000 0.000000
4.000000 42.206091 6.365859 -1.723439 0.142379 0.000000 0.000000 0.000000 1.000000 0.000000 0.000000
4.000000 42.208138 6.399955 -1.763479 0.121395 0.000000 0.000000 0.000000 1.000000 0.000000 0.000000
4.000000 42.208627 6.443775 -1.736322 0.096310 0.000000 0.000000 0.000000 1.000000 0.000000 0.000000
4.000000 42.210570 6.404530 -1.720187 0.105794 0.000000 0.000000 0.000000 1.000000 0.000000 0.000000
4.000000 42.213539 6.463233 -1.688196 0.087588 0.000000 0.000000 0.000000 1.000000 0.000000 0.000000
4.000000 42.215955 6.135980 -1.673715 0.015446 0.000000 0.000000 0.000000 1.000000 0.000000 0.000000
4.000000 42.216343 6.286544 -1.730800 0.062786 0.000000 0.000000 0.000000 1.000000 0.000000 0.000000
4.000000 42.218050 6.318491 -1.771935 0.040874 0.000000 0.000000 0.000000 1.000000 0.000000 0.000000
4.000000 42.218573 6.367265 -1.741309 0.011574 0.000000 0.000000 0.000000 1.000000 0.000000 0.000000
4.000000 42.220479 6.322503 -1.726393 0.026146 0.000000 0.000000 0.000000 1.000000 0.000000 0.000000
4.000000 42.223519 6.371958 -1.699874 0.012121 0.000000 0.000000 0.000000 1.000000 0.000000 0.000000
4.000000 42.225964 6.068693 -1.686843 -0.046997 0.000000 0.000000 0.000000 1.000000 0.000000 0.000000
4.000000 42.226079 6.228253 -1.744166 0.005437 0.000000 0.000000 0.000000 1.000000 0.000000 0.000000
4.000000 42.228300 6.252285 -1.772870 0.000327 0.000000 0.000000 0.000000 1.000000 0.000000 0.000000
4.000000 42.228653 6.298341 -1.748258 -0.005252 0.000000 0.000000 0.000000 1.000000 0.000000 0.000000
4.000000 42.230775 6.240165 -1.735371 0.025724 0.000000 0.000000 0.000000 1.000000 0.000000 0.000000
4.000000 42.233489 6.310867 -1.704865 0.034692 0.000000 0.000000 0.000000 1.000000 0.000000 0.000000
4.000000 42.235954 6.111328 -1.696736 0.015533 0.000000 0.000000 0.000000 1.000000 0.000000 0.000000
4.000000 42.236037 6.170477 -1.731107 0.057711 0.000000 0.000000 0.000000 1.000000 0.000000 0.000000
4.000000 42.237988 6.207954 -1.777265 0.054919 0.000000 0.000000 0.000000 1.000000 0.000000 0.000000
4.000000 42.238568 6.256808 -1.751271 0.049558 0.000000 0.000000 0.000000 1.000000 0.000000 0.000000
4.000000 42.240567 6.214883 -1.742105 0.072806 0.000000 0.000000 0.000000 1.000000 0.000000 0.000000
4.000000 42.243528 6.315399 -1.701964 0.090155 0.000000 0.000000 0.000000 1.000000 0.000000 0.000000
4.000000 42.245742 5.960517 -1.687373 0.048888 0.000000 0.000000 0.000000 1.000000 0.000000 0.000000
4.000000 42.246182 6.140805 -1.751139 0.112868 0.000000 0.000000 0.000000 1.000000 0.000000 0.000000
4.000000 42.248398 6.166835 -1.781085 0.107791 0.000000 0.000000 0.000000 1.000000 0.000000 0.000000
4.000000 42.248643 6.211406 -1.756677 0.100177 0.000000 0.000000 0.000000 1.000000 0.000000 0.000000
4.000000 42.250773 6.158699 -1.745522 0.126201 0.000000 0.000000 0.000000 1.000000 0.000000 0.000000
4.000000 42.253592 6.223123 -1.718100 0.139160 0.000000 0.000000 0.000000 1.000000 0.000000 0.000000
4.000000 42.255916 5.947435 -1.707095 0.114392 0.000000 0.000000 0.000000 1.000000 0.000000 0.000000
4.000000 42.255926 6.093568 -1.757881 0.167487 0.000000 0.000000 0.000000 1.000000 0.000000 0.000000
4.000000 42.258087 6.119595 -1.784949 0.161366 0.000000 0.000000 0.000000 1.000000 0.000000 0.000000
4.000000 42.258545 6.163358 -1.760778 0.153356 0.000000 0.000000 0.000000 1.000000 0.000000 0.000000
4.000000 42.260660 6.092717 -1.745658 0.183453 0.000000 0.000000 0.000000 1.000000 0.000000 0.000000
4.000000 42.263594 6.152626 -1.718739 0.186689 0.000000 0.000000 0.000000 1.000000 0.000000 0.000000
4.000000 42.265875 6.043934 -1.738709 0.193594 0.000000 0.000000 0.000000 1.000000 0.000000 0.000000
4.000000 42.265941 6.051488 -1.761091 0.211206 0.000000 0.000000 0.000000 1.000000 0.000000 0.000000
4.000000 42.268056 6.096374 -1.768603 0.206217 0.000000 0.000000 0.000000 1.000000 0.000000 0.000000
4.000000 42.268687 6.114579 -1.763188 0.203656 0.000000 0.000000 0.000000 1.000000 0.000000 0.000000
4.000000 42.270689 6.077099 -1.749724 0.219785 0.000000 0.000000 0.000000 1.000000 0.000000 0.000000
4.000000 42.273669 6.123784 -1.723872 0.228792 0.000000 0.000000 0.000000 1.000000 0.000000 0.000000
4.000000 42.275758 5.861236 -1.713497 0.209370 0.000000 0.000000 0.000000 1.000000 0.000000 0.000000
4.000000 42.275979 6.009018 -1.767397 0.262694 0.000000 0.000000 0.000000 1.000000 0.000000 0.000000
4.000000 42.278261 6.029678 -1.794021 0.262130 0.000000 0.000000 0.000000 1.000000 0.000000 0.000000
4.000000 42.278568 6.076455 -1.767929 0.253158 0.000000 0.000000 0.000000 1.000000 0.000000 0.000000
4.000000 42.280576 6.025991 -1.757205 0.275742 0.000000 0.000000 0.000000 1.000000 0.000000 0.000000
4.000000 42.283543 6.097090 -1.727721 0.285742 0.000000 0.000000 0.000000 1.000000 0.000000 0.000000
4.000000 42.285840 5.845557 -1.717512 0.258198 0.000000 0.000000 0.000000 1.000000 0.000000 0.000000
4.000000 42.285893 5.961666 -1.763631 0.304256 0.000000 0.000000 0.000000 1.000000 0.000000 0.000000
4.000000 42.288089 5.990250 -1.798129 0.304443 0.000000 0.000000 0.000000 1.000000 0.000000 0.000000
4.000000 42.288686 6.038505 -1.771477 0.296836 0.000000 0.000000 0.000000 1.000000 0.000000 0.000000
4.000000 42.290976 5.985425 -1.760448 0.319572 0.000000 0.000000 0.000000 1.000000 0.000000 0.000000
4.000000 42.293559 6.060757 -1.729529 0.329959 0.000000 0.000000 0.000000 1.000000 0.000000 0.000000
4.000000 42.295790 5.772282 -1.718251 0.303413 0.000000 0.000000 0.000000 1.000000 0.000000 0.000000
4.000000 42.295983 5.912412 -1.769891 0.358679 0.000000 0.000000 0.000000 1.000000 0.000000 0.000000
4.000000 42.298040 5.940805 -1.802509 0.355273 0.000000 0.000000 0.000000 1.000000 0.000000 0.000000
4.000000 42.298592 5.989953 -1.774624 0.344532 0.000000 0.000000 0.000000 1.000000 0.000000 0.000000
4.000000 42.300720 5.936557 -1.765706 0.369322 0.000000 0.000000 0.000000 1.000000 0.000000 0.000000
4.000000 42.303554 6.012871 -1.736870 0.382844 0.000000 0.000000 0.000000 1.000000 0.000000 0.000000
4.000000 42.305829 5.745176 -1.726132 0.354617 0.000000 0.000000 0.000000 1.000000 0.000000 0.000000
4.000000 42.305920 5.873748 -1.774147 0.401254 0.000000 0.000000 0.000000 1.000000 0.000000 0.000000
4.000000 42.308055 5.894301 -1.801338 0.401622 0.000000 0.000000 0.000000 1.000000 0.000000 0.000000
4.000000 42.308707 5.936806 -1.777142 0.392517 0.000000 0.000000 0.000000 1.000000 0.000000 0.000000
4.000000 42.310542 5.893969 -1.765855 0.408023 0.000000 0.000000 0.000000 1.000000 0.000000 0.000000
4.000000 42.313497 5.947770 -1.740804 0.415466 0.000000 0.000000 0.000000 1.000000 0.000000 0.000000
4.000000 42.315811 5.691763 -1.730912 0.395920 0.000000 0.000000 0.000000 1.000000 0.000000 0.000000
4.000000 42.315984 5.830668 -1.781071 0.447349 0.000000 0.000000 0.000000 1.000000 0.000000 0.000000
4.000000 42.317997 5.854346 -1.809404 0.446138 0.000000 0.000000 0.000000 1.000000 0.000000 0.000000
4.000000 42.318703 5.900317 -1.783226 0.436766 0.000000 0.000000 0.000000 1.000000 0.000000 0.000000
4.000000 42.320493 5.845539 -1.769036 0.456023 0.000000 0.000000 0.000000 1.000000 0.000000 0.000000
4.000000 42.323560 5.904565 -1.740971 0.462045 0.000000 0.000000 0.000000 1.000000 0.000000 0.000000
4.000000 42.325916 5.645309 -1.730844 0.439830 0.000000 0.000000 0.000000 1.000000 0.000000 0.000000
4.000000 42.325918 5.787918 -1.782918 0.491147 0.000000 0.000000 0.000000 1.000000 0.000000 0.000000
4.000000 42.328042 5.813618 -1.815282 0.485555 0.000000 0.000000 0.000000 1.000000 0.000000 0.000000
4.000000 42.328841 5.863938 -1.785729 0.471599 0.000000 0.000000 0.000000 1.000000 0.000000 0.000000
4.000000 42.330555 5.802759 -1.776025 0.500464 0.000000 0.000000 0.000000 1.000000 0.000000 0.000000
4.000000 42.333587 5.865873 -1.752737 0.512470 0.000000 0.000000 0.000000 1.000000 0.000000 0.000000
4.000000 42.335812 5.663206 -1.744783 0.495089 0.000000 0.000000 0.000000 1.000000 0.000000 0.000000
4.000000 42.335970 5.716035 -1.771835 0.527759 0.000000 0.000000 0.000000 1.000000 0.000000 0.000000
4.000000 42.338027 5.762474 -1.820082 0.526091 0.000000 0.000000 0.000000 1.000000 0.000000 0.000000
4.000000 42.338815 5.816064 -1.790242 0.519504 0.000000 0.000000 0.000000 1.000000 0.000000 0.000000
4.000000 42.340461 5.767533 -1.782722 0.541819 0.000000 0.000000 0.000000 1.000000 0.000000 0.000000
4.000000 42.343593 5.845076 -1.754458 0.555917 0.000000 0.000000 0.000000 1.000000 0.000000 0.000000
4.000000 42.345915 5.567232 -1.743758 0.531776 0.000000 0.000000 0.000000 1.000000 0.000000 0.000000
4.000000 42.345990 5.698548 -1.788994 0.578213 0.000000 0.000000 0.000000 1.000000 0.000000 0.000000
4.000000 42.348057 5.727392 -1.819304 0.572024 0.000000 0.000000 0.000000 1.000000 0.000000 0.000000
4.000000 42.348968 5.771459 -1.793200 0.559274 0.000000 0.000000 0.000000 1.000000 0.000000 0.000000
4.000000 42.350534 5.716900 -1.786930 0.584218 0.000000 0.000000 0.000000 1.000000 0.000000 0.000000
4.000000 42.353644 5.796795 -1.760325 0.597520 0.000000 0.000000 0.000000 1.000000 0.000000 0.000000
4.000000 42.355766 5.549166 -1.750625 0.570793 0.000000 0.000000 0.000000 1.000000 0.000000 0.000000
4.000000 42.355964 5.654870 -1.792268 0.612222 0.000000 0.000000 0.000000 1.000000 0.000000 0.000000
4.000000 42.358059 5.681534 -1.825709 0.612388 0.000000 0.000000 0.000000 1.000000 0.000000 0.000000
4.000000 42.358836 5.727134 -1.799128 0.601915 0.000000 0.000000 0.000000 1.000000 0.000000 0.000000
4.000000 42.360481 5.639316 -1.786634 0.637434 0.000000 0.000000 0.000000 1.000000 0.000000 0.000000
4.000000 42.363654 5.711640 -1.762115 0.638773 0.000000 0.000000 0.000000 1.000000 0.000000 0.000000
4.000000 42.365845 5.497362 -1.754003 0.612385 0.000000 0.000000 0.000000 1.000000 0.000000 0.000000
4.000000 42.366085 5.608455 -1.795535 0.656868 0.000000 0.000000 0.000000 1.000000 0.000000 0.000000
4.000000 42.368053 5.636936 -1.828404 0.654413 0.000000 0.000000 0.000000 1.000000 0.000000 0.000000
4.000000 42.368700 5.683504 -1.800613 0.640695 0.000000 0.000000 0.000000 1.000000 0.000000 0.000000
4.000000 42.370565 5.614771 -1.786012 0.661782 0.000000 0.000000 0.000000 1.000000 0.000000 0.000000
4.000000 42.373657 5.666887 -1.762439 0.668924 0.000000 0.000000 0.000000 1.000000 0.000000 0.000000
4.000000 42.375815 5.460514 -1.754479 0.653430 0.000000 0.000000 0.000000 1.000000 0.000000 0.000000
4.000000 42.375997 5.561648 -1.795583 0.693652 0.000000 0.000000 0.000000 1.000000 0.000000 0.000000
4.000000 42.378056 5.593829 -1.835050 0.692434 0.000000 0.000000 0.000000 1.000000 0.000000 0.000000
4.000000 42.378767 5.636153 -1.809862 0.680854 0.000000 0.000000 0.000000 1.000000 0.000000 0.000000
4.000000 42.380461 5.573095 -1.798716 0.703053 0.000000 0.000000 0.000000 1.000000 0.000000 0.000000
4.000000 42.383587 5.646672 -1.770542 0.712745 0.000000 0.000000 0.000000 1.000000 0.000000 0.000000
4.000000 42.385776 5.481345 -1.764086 0.696428 0.000000 0.000000 0.000000 1.000000 0.000000 0.000000
4.000000 42.385974 5.497369 -1.784092 0.722965 0.000000 0.000000 0.000000 1.000000 0.000000 0.000000
4.000000 42.387990 5.544456 -1.838733 0.725510 0.000000 0.000000 0.000000 1.000000 0.000000 0.000000
4.000000 42.388721 5.594535 -1.809675 0.715788 0.000000 0.000000 0.000000 1.000000 0.000000 0.000000
4.000000 42.390555 5.569972 -1.813777 0.733605 0.000000 0.000000 0.000000 1.000000 0.000000 0.000000
4.000000 42.393633 5.729201 -1.764773 0.768886 0.000000 0.000000 0.000000 1.000000 0.000000 0.000000
4.000000 42.395776 5.328799 -1.748869 0.718415 0.000000 0.000000 0.000000 1.000000 0.000000 0.000000
4.000000 42.396053 5.478155 -1.804025 0.762038 0.000000 0.000000 0.000000 1.000000 0.000000 0.000000
4.000000 42.398007 5.504010 -1.839403 0.764093 0.000000 0.000000 0.000000 1.000000 0.000000 0.000000
4.000000 42.398632 5.545532 -1.814348 0.751902 0.000000 0.000000 0.000000 1.000000 0.000000 0.000000
4.000000 42.400657 5.484631 -1.805383 0.774230 0.000000 0.000000 0.000000 1.000000 0.000000 0.000000
4.000000 42.403585 5.580305 -1.771551 0.785825 0.000000 0.000000 0.000000 1.000000 0.000000 0.000000
4.000000 42.405879 5.294870 -1.760317 0.747258 0.000000 0.000000 0.000000 1.000000 0.000000 0.000000
4.000000 42.405959 5.453726 -1.819045 0.792863 0.000000 0.000000 0.000000 1.000000 0.000000 0.000000
4.000000 42.408065 5.462292 -1.842089 0.801044 0.000000 0.000000 0.000000 1.000000 0.000000 0.000000
4.000000 42.408684 5.508901 -1.813428 0.785075 0.000000 0.000000 0.000000 1.000000 0.000000 0.000000
4.000000 42.413694 5.455133 -1.792546 0.800911 0.000000 0.000000 0.000000 1.000000 0.000000 0.000000
4.000000 42.415894 5.296486 -1.773623 0.790966 0.000000 0.000000 0.000000 1.000000 0.000000 0.000000
4.000000 42.415994 5.390454 -1.805093 0.825353 0.000000 0.000000 0.000000 1.000000 0.000000 0.000000
4.000000 42.418052 5.431554 -1.841372 0.822509 0.000000 0.000000 0.000000 1.000000 0.000000 0.000000
4.000000 42.418715 5.466254 -1.821688 0.819343 0.000000 0.000000 0.000000 1.000000 0.000000 0.000000
4.000000 42.420523 5.425716 -1.809969 0.827343 0.000000 0.000000 0.000000 1.000000 0.000000 0.000000
4.000000 42.423617 5.482722 -1.783307 0.832423 0.000000 0.000000 0.000000 1.000000 0.000000 0.000000
4.000000 42.425982 5.359977 -1.797143 0.843933 0.000000 0.000000 0.000000 1.000000 0.000000 0.000000
4.000000 42.426016 5.368469 -1.817641 0.860657 0.000000 0.000000 0.000000 1.000000 0.000000 0.000000
4.000000 42.428068 5.421836 -1.827968 0.860576 0.000000 0.000000 0.000000 1.000000 0.000000 0.000000
4.000000 42.428716 5.430348 -1.823235 0.852102 0.000000 0.000000 0.000000 1.000000 0.000000 0.000000
4.000000 42.430547 5.381553 -1.816762 0.866231 0.000000 0.000000 0.000000 1.000000 0.000000 0.000000
4.000000 42.433715 5.444997 -1.795140 0.872809 0.000000 0.000000 0.000000 1.000000 0.000000 0.000000
4.000000 42.435833 5.210862 -1.786486 0.850590 0.000000 0.000000 0.000000 1.000000 0.000000 0.000000
4.000000 42.438052 5.368718 -1.832250 0.889110 0.000000 0.000000 0.000000 1.000000 0.000000 0.000000
4.000000 42.438730 5.377188 -1.827069 0.883910 0.000000 0.000000 0.000000 1.000000 0.000000 0.000000
4.000000 42.440522 5.337429 -1.820615 0.895357 0.000000 0.000000 0.000000 1.000000 0.000000 0.000000
4.000000 42.443719 5.398746 -1.798324 0.902051 0.000000 0.000000 0.000000 1.000000 0.000000 0.000000
4.000000 42.445995 5.160803 -1.789553 0.880875 0.000000 0.000000 0.000000 1.000000 0.000000 0.000000
4.000000 42.448114 5.322807 -1.835738 0.920168 0.000000 0.000000 0.000000 1.000000 0.000000 0.000000
4.000000 42.448911 5.331374 -1.829951 0.916431 0.000000 0.000000 0.000000 1.000000 0.000000 0.000000
4.000000 42.450582 5.304050 -1.824916 0.923512 0.000000 0.000000 0.000000 1.000000 0.000000 0.000000
4.000000 42.453611 5.369552 -1.800545 0.931344 0.000000 0.000000 0.000000 1.000000 0.000000 0.000000
4.000000 42.455920 5.124712 -1.791673 0.912960 0.000000 0.000000 0.000000 1.000000 0.000000 0.000000
4.000000 42.458123 5.284125 -1.840289 0.948106 0.000000 0.000000 0.000000 1.000000 0.000000 0.000000
4.000000 42.458769 5.296192 -1.835657 0.938913 0.000000 0.000000 0.000000 1.000000 0.000000 0.000000
4.000000 42.460528 5.229630 -1.820530 0.956079 0.000000 0.000000 0.000000 1.000000 0.000000 0.000000
4.000000 42.463832 5.263922 -1.803171 0.956726 0.000000 0.000000 0.000000 1.000000 0.000000 0.000000
4.000000 42.466002 5.051827 -1.795356 0.939298 0.000000 0.000000 0.000000 1.000000 0.000000 0.000000
4.000000 42.468112 5.235685 -1.847487 0.977456 0.000000 0.000000 0.000000 1.000000 0.000000 0.000000
4.000000 42.468818 5.252370 -1.836817 0.970657 0.000000 0.000000 0.000000 1.000000 0.000000 0.000000
4.000000 42.470825 5.213533 -1.823918 0.974661 0.000000 0.000000 0.000000 1.000000 0.000000 0.000000
4.000000 42.473664 5.247853 -1.803875 0.977801 0.000000 0.000000 0.000000 1.000000 0.000000 0.000000
4.000000 42.475955 5.019582 -1.795611 0.964925 0.000000 0.000000 0.000000 1.000000 0.000000 0.000000
4.000000 42.478232 5.192208 -1.845069 1.001732 0.000000 0.000000 0.000000 1.000000 0.000000 0.000000
4.000000 42.478783 5.201060 -1.839754 0.996400 0.000000 0.000000 0.000000 1.000000 0.000000 0.000000
4.000000 42.480535 5.158546 -1.835048 1.011628 0.000000 0.000000 0.000000 1.000000 0.000000 0.000000
4.000000 42.483869 5.236569 -1.809599 1.021827 0.000000 0.000000 0.000000 1.000000 0.000000 0.000000
4.000000 42.486025 5.000344 -1.800770 0.991977 0.000000 0.000000 0.000000 1.000000 0.000000 0.000000
4.000000 42.488152 5.163302 -1.845656 1.023287 0.000000 0.000000 0.000000 1.000000 0.000000 0.000000
4.000000 42.488827 5.165974 -1.842590 1.022003 0.000000 0.000000 0.000000 1.000000 0.000000 0.000000
4.000000 42.490618 5.121829 -1.836903 1.035878 0.000000 0.000000 0.000000 1.000000 0.000000 0.000000
4.000000 42.493577 5.183816 -1.816311 1.044498 0.000000 0.000000 0.000000 1.000000 0.000000 0.000000
4.000000 42.495873 4.980384 -1.808868 1.024966 0.000000 0.000000 0.000000 1.000000 0.000000 0.000000
4.000000 42.498080 5.113765 -1.846645 1.053330 0.000000 0.000000 0.000000 1.000000 0.000000 0.000000
4.000000 42.498754 5.112410 -1.847309 1.051264 0.000000 0.000000 0.000000 1.000000 0.000000 0.000000
4.000000 42.500563 5.065626 -1.843617 1.068985 0.000000 0.000000 0.000000 1.000000 0.000000 0.000000
4.000000 42.503777 5.132741 -1.824195 1.076712 0.000000 0.000000 0.000000 1.000000 0.000000 0.000000
4.000000 42.505961 4.979589 -1.818685 1.061137 0.000000 0.000000 0.000000 1.000000 0.000000 0.000000
4.000000 42.508108 5.079711 -1.849655 1.081145 0.000000 0.000000 0.000000 1.000000 0.000000 0.000000
4.000000 42.508809 5.079775 -1.851795 1.072911 0.000000 0.000000 0.000000 1.000000 0.000000 0.000000
4.000000 42.510643 5.013762 -1.838156 1.087725 0.000000 0.000000 0.000000 1.000000 0.000000 0.000000
4.000000 42.513557 5.040984 -1.825075 1.087569 0.000000 0.000000 0.000000 1.000000 0.000000 0.000000
4.000000 42.515889 4.954008 -1.821942 1.083515 0.000000 0.000000 0.000000 1.000000 0.000000 0.000000
4.000000 42.518075 5.041252 -1.848512 1.099627 0.000000 0.000000 0.000000 1.000000 0.000000 0.000000
4.000000 42.518699 5.034330 -1.854706 1.096278 0.000000 0.000000 0.000000 1.000000 0.000000 0.000000
4.000000 42.520545 4.977994 -1.844657 1.111675 0.000000 0.000000 0.000000 1.000000 0.000000 0.000000
4.000000 42.523588 5.022169 -1.828091 1.113000 0.000000 0.000000 0.000000 1.000000 0.000000 0.000000
4.000000 42.525983 4.865696 -1.822468 1.097979 0.000000 0.000000 0.000000 1.000000 0.000000 0.000000
4.000000 42.528172 4.991349 -1.857456 1.125045 0.000000 0.000000 0.000000 1.000000 0.000000 0.000000
4.000000 42.528737 4.984437 -1.861253 1.124913 0.000000 0.000000 0.000000 1.000000 0.000000 0.000000
4.000000 42.530581 4.954496 -1.857745 1.133343 0.000000 0.000000 0.000000 1.000000 0.000000 0.000000
4.000000 42.533668 5.018232 -1.836608 1.141125 0.000000 0.000000 0.000000 1.000000 0.000000 0.000000
4.000000 42.535910 4.818381 -1.829418 1.117755 0.000000 0.000000 0.000000 1.000000 0.000000 0.000000
4.000000 42.538169 4.945606 -1.863360 1.143415 0.000000 0.000000 0.000000 1.000000 0.000000 0.000000
4.000000 42.538674 4.943818 -1.862265 1.141879 0.000000 0.000000 0.000000 1.000000 0.000000 0.000000
4.000000 42.540549 4.900833 -1.857065 1.153005 0.000000 0.000000 0.000000 1.000000 0.000000 0.000000
4.000000 42.543622 4.976133 -1.832121 1.169694 0.000000 0.000000 0.000000 1.000000 0.000000 0.000000
4.000000 42.545860 4.791266 -1.825582 1.147366 0.000000 0.000000 0.000000 1.000000 0.000000 0.000000
4.000000 42.548106 4.911946 -1.859236 1.160937 0.000000 0.000000 0.000000 1.000000 0.000000 0.000000
4.000000 42.548759 4.901864 -1.865303 1.160287 0.000000 0.000000 0.000000 1.000000 0.000000 0.000000
4.000000 42.551009 4.864746 -1.862972 1.173053 0.000000 0.000000 0.000000 1.000000 0.000000 0.000000
4.000000 42.553743 4.926681 -1.845153 1.185331 0.000000 0.000000 0.000000 1.000000 0.000000 0.000000
4.000000 42.555879 4.812281 -1.841091 1.175142 0.000000 0.000000 0.000000 1.000000 0.000000 0.000000
4.000000 42.558161 4.872560 -1.860254 1.183588 0.000000 0.000000 0.000000 1.000000 0.000000 0.000000
4.000000 42.558767 4.860578 -1.869666 1.178081 0.000000 0.000000 0.000000 1.000000 0.000000 0.000000
4.000000 42.560850 4.817979 -1.863477 1.187843 0.000000 0.000000 0.000000 1.000000 0.000000 0.000000
4.000000 42.563697 4.865172 -1.847510 1.196410 0.000000 0.000000 0.000000 1.000000 0.000000 0.000000
4.000000 42.565920 4.817795 -1.845844 1.193548 0.000000 0.000000 0.000000 1.000000 0.000000 0.000000
4.000000 42.568170 4.846846 -1.855615 1.195930 0.000000 0.000000 0.000000 1.000000 0.000000 0.000000
4.000000 42.568826 4.818112 -1.875548 1.199064 0.000000 0.000000 0.000000 1.000000 0.000000 0.000000
4.000000 42.570596 4.783697 -1.865754 1.201517 0.000000 0.000000 0.000000 1.000000 0.000000 0.000000
4.000000 42.573667 4.813449 -1.850387 1.206171 0.000000 0.000000 0.000000 1.000000 0.000000 0.000000
4.000000 42.578199 4.808725 -1.851149 1.209957 0.000000 0.000000 0.000000 1.000000 0.000000 0.000000
4.000000 42.578784 4.773147 -1.874576 1.216085 0.000000 0.000000 0.000000 1.000000 0.000000 0.000000
4.000000 42.580552 4.728132 -1.872942 1.232853 0.000000 0.000000 0.000000 1.000000 0.000000 0.000000
4.000000 42.583663 4.787226 -1.858741 1.241735 0.000000 0.000000 0.000000 1.000000 0.000000 0.000000
4.000000 42.588175 4.759558 -1.860247 1.228566 0.000000 0.000000 0.000000 1.000000 0.000000 0.000000
4.000000 42.588931 4.731728 -1.880408 1.229716 0.000000 0.000000 0.000000 1.000000 0.000000 0.000000
4.000000 42.590611 4.691535 -1.878738 1.243893 0.000000 0.000000 0.000000 1.000000 0.000000 0.000000
4.000000 42.593657 4.745229 -1.865377 1.255961 0.000000 0.000000 0.000000 1.000000 0.000000 0.000000
4.000000 42.598121 4.709690 -1.867116 1.246128 0.000000 0.000000 0.000000 1.000000 0.000000 0.000000
4.000000 42.598776 4.682742 -1.887574 1.248249 0.000000 0.000000 0.000000 1.000000 0.000000 0.000000
4.000000 42.600653 4.643624 -1.883400 1.260749 0.000000 0.000000 0.000000 1.000000 0.000000 0.000000
4.000000 42.603649 4.708466 -1.863391 1.268423 0.000000 0.000000 0.000000 1.000000 0.000000 0.000000
4.000000 42.608141 4.675515 -1.864455 1.257095 0.000000 0.000000 0.000000 1.000000 0.000000 0.000000
4.000000 42.608953 4.640382 -1.889385 1.261629 0.000000 0.000000 0.000000 1.000000 0.000000 0.000000
4.000000 42.610637 4.556760 -1.870556 1.278177 0.000000 0.000000 0.000000 1.000000 0.000000 0.000000
4.000000 42.613636 4.558870 -1.864704 1.269268 0.000000 0.000000 0.000000 1.000000 0.000000 0.000000
4.000000 42.618240 4.629473 -1.871822 1.267280 0.000000 0.000000 0.000000 1.000000 0.000000 0.000000
4.000000 42.618799 4.607164 -1.891602 1.267799 0.000000 0.000000 0.000000 1.000000 0.000000 0.000000
4.000000 42.620604 4.528297 -1.877466 1.291922 0.000000 0.000000 0.000000 1.000000 0.000000 0.000000
4.000000 42.623803 4.556608 -1.867309 1.288790 0.000000 0.000000 0.000000 1.000000 0.000000 0.000000
4.000000 42.628221 4.593635 -1.870754 1.283599 0.000000 0.000000 0.000000 1.000000 0.000000 0.000000
4.000000 42.628851 4.558350 -1.895657 1.286432 0.000000 0.000000 0.000000 1.000000 0.000000 0.000000
4.000000 42.630904 4.515155 -1.893387 1.300463 0.000000 0.000000 0.000000 1.000000 0.000000 0.000000
4.000000 42.633622 4.573141 -1.878755 1.309148 0.000000 0.000000 0.000000 1.000000 0.000000 0.000000
4.000000 42.638384 4.542560 -1.880149 1.296786 0.000000 0.000000 0.000000 1.000000 0.000000 0.000000
4.000000 42.638833 4.515591 -1.899747 1.296067 0.000000 0.000000 0.000000 1.000000 0.000000 0.000000
4.000000 42.640620 4.469714 -1.899731 1.314295 0.000000 0.000000 0.000000 1.000000 0.000000 0.000000
4.000000 42.643673 4.563500 -1.875747 1.329322 0.000000 0.000000 0.000000 1.000000 0.000000 0.000000
4.000000 42.648374 4.500062 -1.879165 1.306544 0.000000 0.000000 0.000000 1.000000 0.000000 0.000000
4.000000 42.648882 4.474359 -1.901686 1.303383 0.000000 0.000000 0.000000 1.000000 0.000000 0.000000
4.000000 42.650675 4.424218 -1.897844 1.321554 0.000000 0.000000 0.000000 1.000000 0.000000 0.000000
4.000000 42.653724 4.474115 -1.886020 1.327918 0.000000 0.000000 0.000000 1.000000 0.000000 0.000000
4.000000 42.658193 4.454727 -1.888959 1.314097 0.000000 0.000000 0.000000 1.000000 0.000000 0.000000
4.000000 42.658916 4.429626 -1.909201 1.314472 0.000000 0.000000 0.000000 1.000000 0.000000 0.000000
4.000000 42.660614 4.381459 -1.903734 1.330564 0.000000 0.000000 0.000000 1.000000 0.000000 0.000000
4.000000 42.663757 4.431684 -1.889643 1.337150 0.000000 0.000000 0.000000 1.000000 0.000000 0.000000
4.000000 42.668168 4.406494 -1.892595 1.324810 0.000000 0.000000 0.000000 1.000000 0.000000 0.000000
4.000000 42.669254 4.382837 -1.911900 1.322966 0.000000 0.000000 0.000000 1.000000 0.000000 0.000000
4.000000 42.670705 4.325574 -1.906282 1.342550 0.000000 0.000000 0.000000 1.000000 0.000000 0.000000
4.000000 42.673668 4.383512 -1.891420 1.345450 0.000000 0.000000 0.000000 1.000000 0.000000 0.000000
4.000000 42.678367 4.372845 -1.893813 1.329917 0.000000 0.000000 0.000000 1.000000 0.000000 0.000000
4.000000 42.678915 4.344688 -1.915105 1.331188 0.000000 0.000000 0.000000 1.000000 0.000000 0.000000
4.000000 42.680591 4.298591 -1.913742 1.350242 0.000000 0.000000 0.000000 1.000000 0.000000 0.000000
4.000000 42.683934 4.347957 -1.904378 1.356869 0.000000 0.000000 0.000000 1.000000 0.000000 0.000000
4.000000 42.688164 4.314781 -1.905971 1.340777 0.000000 0.000000 0.000000 1.000000 0.000000 0.000000
4.000000 42.688926 4.300676 -1.917661 1.337193 0.000000 0.000000 0.000000 1.000000 0.000000 0.000000
4.000000 42.690719 4.259994 -1.913124 1.349089 0.000000 0.000000 0.000000 1.000000 0.000000 0.000000
4.000000 42.693645 4.329578 -1.891851 1.359916 0.000000 0.000000 0.000000 1.000000 0.000000 0.000000
4.000000 42.698374 4.289219 -1.897399 1.343442 0.000000 0.000000 0.000000 1.000000 0.000000 0.000000
4.000000 42.698934 4.261606 -1.923211 1.340883 0.000000 0.000000 0.000000 1.000000 0.000000 0.000000
4.000000 42.700638 4.173427 -1.916929 1.379978 0.000000 0.000000 0.000000 1.000000 0.000000 0.000000
4.000000 42.703714 4.228802 -1.909794 1.378168 0.000000 0.000000 0.000000 1.000000 0.000000 0.000000
4.000000 42.708444 4.226796 -1.914914 1.349111 0.000000 0.000000 0.000000 1.000000 0.000000 0.000000
4.000000 42.708884 4.224147 -1.921561 1.340501 0.000000 0.000000 0.000000 1.000000 0.000000 0.000000
4.000000 42.713731 4.168239 -1.909908 1.355764 0.000000 0.000000 0.000000 1.000000 0.000000 0.000000
4.000000 42.718368 4.188358 -1.912924 1.351623 0.000000 0.000000 0.000000 1.000000 0.000000 0.000000
4.000000 42.718905 4.171347 -1.928129 1.347370 0.000000 0.000000 0.000000 1.000000 0.000000 0.000000
4.000000 42.720630 4.101420 -1.918052 1.369133 0.000000 0.000000 0.000000 1.000000 0.000000 0.000000
4.000000 42.723650 4.102862 -1.920984 1.359864 0.000000 0.000000 0.000000 1.000000 0.000000 0.000000
4.000000 42.728425 4.140781 -1.923543 1.349479 0.000000 0.000000 0.000000 1.000000 0.000000 0.000000
4.000000 42.728937 4.130518 -1.931720 1.349155 0.000000 0.000000 0.000000 1.000000 0.000000 0.000000
4.000000 42.730693 4.041996 -1.930780 1.396885 0.000000 0.000000 0.000000 1.000000 0.000000 0.000000
4.000000 42.733685 4.143257 -1.914759 1.402116 0.000000 0.000000 0.000000 1.000000 0.000000 0.000000
4.000000 42.738448 4.098853 -1.921195 1.358333 0.000000 0.000000 0.000000 1.000000 0.000000 0.000000
4.000000 42.738867 4.089052 -1.935298 1.348304 0.000000 0.000000 0.000000 1.000000 0.000000 0.000000
4.000000 42.740631 3.984139 -1.933594 1.403904 0.000000 0.000000 0.000000 1.000000 0.000000 0.000000
4.000000 42.743645 4.116757 -1.909670 1.413432 0.000000 0.000000 0.000000 1.000000 0.000000 0.000000
4.000000 42.748398 4.061190 -1.918856 1.361178 0.000000 0.000000 0.000000 1.000000 0.000000 0.000000
4.000000 42.748979 4.050747 -1.936822 1.348473 0.000000 0.000000 0.000000 1.000000 0.000000 0.000000
4.000000 42.750712 4.110803 -1.971316 1.358299 0.000000 0.000000 0.000000 1.000000 0.000000 0.000000
4.000000 42.753905 4.294500 -1.933324 1.409554 0.000000 0.000000 0.000000 1.000000 0.000000 0.000000
4.000000 42.758244 4.007329 -1.932411 1.362533 0.000000 0.000000 0.000000 1.000000 0.000000 0.000000
4.000000 42.758754 4.009047 -1.938966 1.346382 0.000000 0.000000 0.000000 1.000000 0.000000 0.000000
4.000000 42.763875 3.914734 -1.923570 1.374551 0.000000 0.000000 0.000000 1.000000 0.000000 0.000000
4.000000 42.768849 3.873345 -1.925747 1.370856 0.000000 0.000000 0.000000 1.000000 0.000000 0.000000
4.000000 42.770707 3.811187 -1.905467 1.380019 0.000000 0.000000 0.000000 1.000000 0.000000 0.000000
4.000000 42.773954 3.748794 -1.916170 1.352476 0.000000 0.000000 0.000000 1.000000 0.000000 0.000000
4.000000 42.778296 3.931477 -1.930227 1.352565 0.000000 0.000000 0.000000 1.000000 0.000000 0.000000
4.000000 42.778811 3.915192 -1.950108 1.343207 0.000000 0.000000 0.000000 1.000000 0.000000 0.000000
4.000000 42.780685 3.990349 -1.985888 1.343137 0.000000 0.000000 0.000000 1.000000 0.000000 0.000000
4.000000 42.783885 4.202555 -1.935958 1.395178 0.000000 0.000000 0.000000 1.000000 0.000000 0.000000
4.000000 42.788377 3.891532 -1.934855 1.344504 0.000000 0.000000 0.000000 1.000000 0.000000 0.000000
4.000000 42.788843 3.880071 -1.951761 1.335385 0.000000 0.000000 0.000000 1.000000 0.000000 0.000000
4.000000 42.790813 3.911038 -1.971400 1.341621 0.000000 0.000000 0.000000 1.000000 0.000000 0.000000
4.000000 42.794037 4.054250 -1.937407 1.396045 0.000000 0.000000 0.000000 1.000000 0.000000 0.000000
4.000000 42.798413 3.822873 -1.948653 1.362032 0.000000 0.000000 0.000000 1.000000 0.000000 0.000000
4.000000 42.798781 3.841200 -1.954101 1.329030 0.000000 0.000000 0.000000 1.000000 0.000000 0.000000
4.000000 42.800649 3.875275 -1.978302 1.340224 0.000000 0.000000 0.000000 1.000000 0.000000 0.000000
4.000000 42.803809 3.932793 -1.978489 1.363188 0.000000 0.000000 0.000000 1.000000 0.000000 0.000000
4.000000 42.808224 3.774832 -1.974602 1.337392 0.000000 0.000000 0.000000 1.000000 0.000000 0.000000
4.000000 42.809017 3.798423 -1.957971 1.325131 0.000000 0.000000 0.000000 1.000000 0.000000 0.000000
4.000000 42.810752 3.762059 -1.953959 1.338890 0.000000 0.000000 0.000000 1.000000 0.000000 0.000000
4.000000 42.814071 3.732317 -1.967517 1.338177 0.000000 0.000000 0.000000 1.000000 0.000000 0.000000
4.000000 42.818416 3.732279 -1.973875 1.328056 0.000000 0.000000 0.000000 1.000000 0.000000 0.000000
4.000000 42.818833 3.756029 -1.964221 1.313261 0.000000 0.000000 0.000000 1.000000 0.000000 0.000000
4.000000 42.820691 3.712680 -1.953665 1.328917 0.000000 0.000000 0.000000 1.000000 0.000000 0.000000
4.000000 42.824095 3.645693 -1.974515 1.320821 0.000000 0.000000 0.000000 1.000000 0.000000 0.000000
4.000000 42.828287 3.689084 -1.978700 1.324061 0.000000 0.000000 0.000000 1.000000 0.000000 0.000000
4.000000 42.828806 3.708651 -1.967713 1.312470 0.000000 0.000000 0.000000 1.000000 0.000000 0.000000
4.000000 42.830721 3.630022 -1.964817 1.356252 0.000000 0.000000 0.000000 1.000000 0.000000 0.000000
4.000000 42.834031 3.641621 -1.976901 1.345758 0.000000 0.000000 0.000000 1.000000 0.000000 0.000000
4.000000 42.838296 3.649203 -1.981931 1.312159 0.000000 0.000000 0.000000 1.000000 0.000000 0.000000
4.000000 42.839049 3.672732 -1.969662 1.298356 0.000000 0.000000 0.000000 1.000000 0.000000 0.000000
4.000000 42.840714 3.702275 -1.985776 1.302486 0.000000 0.000000 0.000000 1.000000 0.000000 0.000000
4.000000 42.843897 3.776499 -1.971947 1.329084 0.000000 0.000000 0.000000 1.000000 0.000000 0.000000
4.000000 42.848308 3.612637 -1.975095 1.302811 0.000000 0.000000 0.000000 1.000000 0.000000 0.000000
4.000000 42.849116 3.630642 -1.970594 1.286243 0.000000 0.000000 0.000000 1.000000 0.000000 0.000000
4.000000 42.850991 3.667223 -1.992929 1.294327 0.000000 0.000000 0.000000 1.000000 0.000000 0.000000
4.000000 42.853947 3.758640 -1.978656 1.325448 0.000000 0.000000 0.000000 1.000000 0.000000 0.000000
4.000000 42.858469 3.566235 -1.981210 1.291904 0.000000 0.000000 0.000000 1.000000 0.000000 0.000000
4.000000 42.858809 3.585269 -1.976338 1.275548 0.000000 0.000000 0.000000 1.000000 0.000000 0.000000
4.000000 42.860670 3.525407 -1.970229 1.306758 0.000000 0.000000 0.000000 1.000000 0.000000 0.000000
4.000000 42.863753 3.522861 -1.978722 1.298886 0.000000 0.000000 0.000000 1.000000 0.000000 0.000000
4.000000 42.868367 3.531079 -1.985173 1.275528 0.000000 0.000000 0.000000 1.000000 0.000000 0.000000
4.000000 42.869018 3.549876 -1.978261 1.261209 0.000000 0.000000 0.000000 1.000000 0.000000 0.000000
4.000000 42.871073 3.527106 -1.971091 1.267738 0.000000 0.000000 0.000000 1.000000 0.000000 0.000000
4.000000 42.873738 3.506852 -1.975134 1.267557 0.000000 0.000000 0.000000 1.000000 0.000000 0.000000
4.000000 42.878300 3.496138 -1.981892 1.261203 0.000000 0.000000 0.000000 1.000000 0.000000 0.000000
4.000000 42.878828 3.506179 -1.982714 1.251108 0.000000 0.000000 0.000000 1.000000 0.000000 0.000000
4.000000 42.880695 3.470587 -1.979981 1.273386 0.000000 0.000000 0.000000 1.000000 0.000000 0.000000
4.000000 42.883770 3.486254 -1.980421 1.272373 0.000000 0.000000 0.000000 1.000000 0.000000 0.000000
4.000000 42.888499 3.453307 -1.986639 1.248962 0.000000 0.000000 0.000000 1.000000 0.000000 0.000000
4.000000 42.888947 3.466655 -1.984449 1.233806 0.000000 0.000000 0.000000 1.000000 0.000000 0.000000
4.000000 42.890740 3.504154 -2.008302 1.240933 0.000000 0.000000 0.000000 1.000000 0.000000 0.000000
4.000000 42.894029 3.609848 -1.990501 1.272743 0.000000 0.000000 0.000000 1.000000 0.000000 0.000000
4.000000 42.898306 3.403990 -1.992023 1.236389 0.000000 0.000000 0.000000 1.000000 0.000000 0.000000
4.000000 42.898856 3.420728 -1.987298 1.219142 0.000000 0.000000 0.000000 1.000000 0.000000 0.000000
4.000000 42.900754 3.380026 -1.982925 1.238505 0.000000 0.000000 0.000000 1.000000 0.000000 0.000000
4.000000 42.903762 3.387882 -1.984984 1.238574 0.000000 0.000000 0.000000 1.000000 0.000000 0.000000
4.000000 42.908339 3.369752 -1.991940 1.219669 0.000000 0.000000 0.000000 1.000000 0.000000 0.000000
4.000000 42.908917 3.377560 -1.994343 1.207155 0.000000 0.000000 0.000000 1.000000 0.000000 0.000000
4.000000 42.911589 3.335256 -1.980516 1.217562 0.000000 0.000000 0.000000 1.000000 0.000000 0.000000
4.000000 42.913887 3.284920 -1.991909 1.203590 0.000000 0.000000 0.000000 1.000000 0.000000 0.000000
4.000000 42.918475 3.314941 -1.999189 1.195794 0.000000 0.000000 0.000000 1.000000 0.000000 0.000000
4.000000 42.918832 3.332641 -1.994690 1.188219 0.000000 0.000000 0.000000 1.000000 0.000000 0.000000
4.000000 42.920758 3.313801 -1.990851 1.204255 0.000000 0.000000 0.000000 1.000000 0.000000 0.000000
4.000000 42.923739 3.300511 -1.996384 1.197457 0.000000 0.000000 0.000000 1.000000 0.000000 0.000000
4.000000 42.928320 3.283496 -2.002680 1.179379 0.000000 0.000000 0.000000 1.000000 0.000000 0.000000
4.000000 42.929032 3.300943 -1.997852 1.167606 0.000000 0.000000 0.000000 1.000000 0.000000 0.000000
4.000000 42.930775 3.265814 -1.993396 1.189233 0.000000 0.000000 0.000000 1.000000 0.000000 0.000000
4.000000 42.933912 3.266487 -1.997193 1.184719 0.000000 0.000000 0.000000 1.000000 0.000000 0.000000
4.000000 42.938332 3.242332 -2.004545 1.161570 0.000000 0.000000 0.000000 1.000000 0.000000 0.000000
4.000000 42.938996 3.258625 -2.001652 1.147603 0.000000 0.000000 0.000000 1.000000 0.000000 0.000000
4.000000 42.940985 3.230383 -1.998230 1.165231 0.000000 0.000000 0.000000 1.000000 0.000000 0.000000
4.000000 42.943939 3.246079 -1.996285 1.166182 0.000000 0.000000 0.000000 1.000000 0.000000 0.000000
4.000000 42.948409 3.199712 -2.004868 1.141794 0.000000 0.000000 0.000000 1.000000 0.000000 0.000000
4.000000 42.948976 3.217536 -2.003099 1.126254 0.000000 0.000000 0.000000 1.000000 0.000000 0.000000
4.000000 42.950834 3.193387 -2.000715 1.144318 0.000000 0.000000 0.000000 1.000000 0.000000 0.000000
4.000000 42.953996 3.184960 -2.007266 1.142940 0.000000 0.000000 0.000000 1.000000 0.000000 0.000000
4.000000 42.958555 3.147964 -2.015216 1.121549 0.000000 0.000000 0.000000 1.000000 0.000000 0.000000
4.000000 42.958852 3.171988 -2.008313 1.107224 0.000000 0.000000 0.000000 1.000000 0.000000 0.000000
4.000000 42.960753 3.140498 -1.999301 1.124918 0.000000 0.000000 0.000000 1.000000 0.000000 0.000000
4.000000 42.963875 3.108270 -2.008374 1.114698 0.000000 0.000000 0.000000 1.000000 0.000000 0.000000
4.000000 42.968379 3.118334 -2.019532 1.096028 0.000000 0.000000 0.000000 1.000000 0.000000 0.000000
4.000000 42.969163 3.145001 -2.013042 1.079634 0.000000 0.000000 0.000000 1.000000 0.000000 0.000000
4.000000 42.970811 3.133577 -2.003026 1.085151 0.000000 0.000000 0.000000 1.000000 0.000000 0.000000
4.000000 42.973938 3.074789 -2.014923 1.078806 0.000000 0.000000 0.000000 1.000000 0.000000 0.000000
4.000000 42.978457 3.072865 -2.023350 1.075726 0.000000 0.000000 0.000000 1.000000 0.000000 0.000000
4.000000 42.979078 3.094582 -2.017611 1.063925 0.000000 0.000000 0.000000 1.000000 0.000000 0.000000
4.000000 42.980712 3.072501 -2.013800 1.082771 0.000000 0.000000 0.000000 1.000000 0.000000 0.000000
4.000000 42.983862 3.080917 -2.013219 1.075888 0.000000 0.000000 0.000000 1.000000 0.000000 0.000000
4.000000 42.988397 3.033754 -2.019192 1.049668 0.000000 0.000000 0.000000 1.000000 0.000000 0.000000
4.000000 42.989037 3.052545 -2.013741 1.037445 0.000000 0.000000 0.000000 1.000000 0.000000 0.000000
4.000000 42.991133 3.044186 -2.015197 1.050314 0.000000 0.000000 0.000000 1.000000 0.000000 0.000000
4.000000 42.993929 3.033104 -2.023232 1.049353 0.000000 0.000000 0.000000 1.000000 0.000000 0.000000
4.000000 42.998358 2.987745 -2.030425 1.028204 0.000000 0.000000 0.000000 1.000000 0.000000 0.000000
4.000000 42.998955 3.010162 -2.023092 1.011383 0.000000 0.000000 0.000000 1.000000 0.000000 0.000000
4.000000 43.000824 2.983265 -2.020666 1.030536 0.000000 0.000000 0.000000 1.000000 0.000000 0.000000
4.000000 43.003849 2.991225 -2.022714 1.025389 0.000000 0.000000 0.000000 1.000000 0.000000 0.000000
4.000000 43.008456 2.945450 -2.030053 0.997085 0.000000 0.000000 0.000000 1.000000 0.000000 0.000000
4.000000 43.009108 2.967319 -2.024388 0.985388 0.000000 0.000000 0.000000 1.000000 0.000000 0.000000
4.000000 43.010843 2.955071 -2.021473 0.999604 0.000000 0.000000 0.000000 1.000000 0.000000 0.000000
4.000000 43.013995 2.925263 -2.032173 0.991680 0.000000 0.000000 0.000000 1.000000 0.000000 0.000000
4.000000 43.018408 2.894647 -2.040729 0.970161 0.000000 0.000000 0.000000 1.000000 0.000000 0.000000
4.000000 43.019011 2.928853 -2.027461 0.956444 0.000000 0.000000 0.000000 1.000000 0.000000 0.000000
4.000000 43.020771 2.924664 -2.021408 0.966670 0.000000 0.000000 0.000000 1.000000 0.000000 0.000000
4.000000 43.023858 2.873190 -2.034014 0.956364 0.000000 0.000000 0.000000 1.000000 0.000000 0.000000
4.000000 43.028430 2.858564 -2.041774 0.944119 0.000000 0.000000 0.000000 1.000000 0.000000 0.000000
4.000000 43.029206 2.888574 -2.029753 0.931130 0.000000 0.000000 0.000000 1.000000 0.000000 0.000000
4.000000 43.030831 2.885297 -2.030072 0.945261 0.000000 0.000000 0.000000 1.000000 0.000000 0.000000
4.000000 43.033995 2.877853 -2.034965 0.940358 0.000000 0.000000 0.000000 1.000000 0.000000 0.000000
4.000000 43.038350 2.818439 -2.042814 0.913676 0.000000 0.000000 0.000000 1.000000 0.000000 0.000000
4.000000 43.039168 2.846579 -2.034090 0.902113 0.000000 0.000000 0.000000 1.000000 0.000000 0.000000
4.000000 43.040764 2.840770 -2.028965 0.914099 0.000000 0.000000 0.000000 1.000000 0.000000 0.000000
4.000000 43.043920 2.820706 -2.032682 0.903667 0.000000 0.000000 0.000000 1.000000 0.000000 0.000000
4.000000 43.048384 2.783638 -2.041728 0.880148 0.000000 0.000000 0.000000 1.000000 0.000000 0.000000
4.000000 43.049181 2.808065 -2.037118 0.871640 0.000000 0.000000 0.000000 1.000000 0.000000 0.000000
4.000000 43.050840 2.810693 -2.033914 0.882319 0.000000 0.000000 0.000000 1.000000 0.000000 0.000000
4.000000 43.053954 2.774310 -2.043279 0.870455 0.000000 0.000000 0.000000 1.000000 0.000000 0.000000
4.000000 43.058593 2.742551 -2.051363 0.849840 0.000000 0.000000 0.000000 1.000000 0.000000 0.000000
4.000000 43.058977 2.774574 -2.039408 0.838588 0.000000 0.000000 0.000000 1.000000 0.000000 0.000000
4.000000 43.060826 2.736497 -2.033187 0.873439 0.000000 0.000000 0.000000 1.000000 0.000000 0.000000
4.000000 43.063910 2.714182 -2.045740 0.855708 0.000000 0.000000 0.000000 1.000000 0.000000 0.000000
4.000000 43.068459 2.695366 -2.056082 0.820080 0.000000 0.000000 0.000000 1.000000 0.000000 0.000000
4.000000 43.069009 2.737669 -2.038111 0.803258 0.000000 0.000000 0.000000 1.000000 0.000000 0.000000
4.000000 43.070809 2.755703 -2.032725 0.802118 0.000000 0.000000 0.000000 1.000000 0.000000 0.000000
4.000000 43.073972 2.684585 -2.046976 0.793005 0.000000 0.000000 0.000000 1.000000 0.000000 0.000000
4.000000 43.078478 2.655404 -2.056352 0.785000 0.000000 0.000000 0.000000 1.000000 0.000000 0.000000
4.000000 43.078935 2.691198 -2.043268 0.773853 0.000000 0.000000 0.000000 1.000000 0.000000 0.000000
4.000000 43.080801 2.697190 -2.040711 0.785941 0.000000 0.000000 0.000000 1.000000 0.000000 0.000000
4.000000 43.083902 2.659507 -2.050641 0.773410 0.000000 0.000000 0.000000 1.000000 0.000000 0.000000
4.000000 43.088437 2.619282 -2.060193 0.749015 0.000000 0.000000 0.000000 1.000000 0.000000 0.000000
4.000000 43.088959 2.651916 -2.050803 0.740494 0.000000 0.000000 0.000000 1.000000 0.000000 0.000000
4.000000 43.090870 2.657021 -2.047841 0.754721 0.000000 0.000000 0.000000 1.000000 0.000000 0.000000
4.000000 43.094023 2.628855 -2.054676 0.740871 0.000000 0.000000 0.000000 1.000000 0.000000 0.000000
4.000000 43.098421 2.578018 -2.063364 0.713215 0.000000 0.000000 0.000000 1.000000 0.000000 0.000000
4.000000 43.100904 2.580201 -2.065300 0.703200 0.000000 0.000000 0.000000 1.000000 0.000000 0.000000
4.000000 43.104002 2.571974 -2.062201 0.700308 0.000000 0.000000 0.000000 1.000000 0.000000 0.000000
4.000000 43.108831 2.533133 -2.070155 0.677329 0.000000 0.000000 0.000000 1.000000 0.000000 0.000000
4.000000 43.111127 2.557905 -2.049861 0.658153 0.000000 0.000000 0.000000 1.000000 0.000000 0.000000
4.000000 43.114226 2.493269 -2.062785 0.657028 0.000000 0.000000 0.000000 1.000000 0.000000 0.000000
4.000000 43.118417 2.487756 -2.073713 0.644507 0.000000 0.000000 0.000000 1.000000 0.000000 0.000000
4.000000 43.120816 2.509801 -2.052340 0.626295 0.000000 0.000000 0.000000 1.000000 0.000000 0.000000
4.000000 43.123897 2.441135 -2.061981 0.623721 0.000000 0.000000 0.000000 1.000000 0.000000 0.000000
4.000000 43.128400 2.445486 -2.075036 0.606081 0.000000 0.000000 0.000000 1.000000 0.000000 0.000000
4.000000 43.130792 2.453129 -2.077498 0.589307 0.000000 0.000000 0.000000 1.000000 0.000000 0.000000
4.000000 43.134023 2.477050 -2.065156 0.592083 0.000000 0.000000 0.000000 1.000000 0.000000 0.000000
4.000000 43.138391 2.411014 -2.075504 0.563595 0.000000 0.000000 0.000000 1.000000 0.000000 0.000000
4.000000 43.140853 2.420565 -2.071971 0.548273 0.000000 0.000000 0.000000 1.000000 0.000000 0.000000
4.000000 43.143951 2.395620 -2.072913 0.547489 0.000000 0.000000 0.000000 1.000000 0.000000 0.000000
4.000000 43.148438 2.365150 -2.082202 0.528336 0.000000 0.000000 0.000000 1.000000 0.000000 0.000000
4.000000 43.150858 2.374599 -2.083055 0.512961 0.000000 0.000000 0.000000 1.000000 0.000000 0.000000
4.000000 43.154028 2.392910 -2.075055 0.516305 0.000000 0.000000 0.000000 1.000000 0.000000 0.000000
4.000000 43.160808 2.338862 -2.073267 0.489831 0.000000 0.000000 0.000000 1.000000 0.000000 0.000000
4.000000 43.163950 2.319556 -2.079620 0.468646 0.000000 0.000000 0.000000 1.000000 0.000000 0.000000
4.000000 43.181351 2.298547 -2.082495 0.409898 0.000000 0.000000 0.000000 1.000000 0.000000 0.000000
4.000000 43.183956 2.265619 -2.093452 0.385503 0.000000 0.000000 0.000000 1.000000 0.000000 0.000000
4.000000 43.190842 2.207454 -2.091733 0.358755 0.000000 0.000000 0.000000 1.000000 0.000000 0.000000
4.000000 43.193998 2.241643 -2.080559 0.350057 0.000000 0.000000 0.000000 1.000000 0.000000 0.000000
4.000000 43.200870 2.199270 -2.078983 0.324684 0.000000 0.000000 0.000000 1.000000 0.000000 0.000000
4.000000 43.204105 2.123465 -2.104003 0.287655 0.000000 0.000000 0.000000 1.000000 0.000000 0.000000
4.000000 43.210824 2.070483 -2.102456 0.259090 0.000000 0.000000 0.000000 1.000000 0.000000 0.000000
4.000000 43.214105 2.089316 -2.096334 0.250130 0.000000 0.000000 0.000000 1.000000 0.000000 0.000000
4.000000 43.220838 2.064530 -2.094877 0.222807 0.000000 0.000000 0.000000 1.000000 0.000000 0.000000
4.000000 43.223994 2.019705 -2.109183 0.193080 0.000000 0.000000 0.000000 1.000000 0.000000 0.000000
4.000000 43.230912 2.030796 -2.108955 0.179352 0.000000 0.000000 0.000000 1.000000 0.000000 0.000000
4.000000 43.234013 2.030035 -2.109210 0.162874 0.000000 0.000000 0.000000 1.000000 0.000000 0.000000
4.000000 43.240821 2.002933 -2.107914 0.137545 0.000000 0.000000 0.000000 1.000000 0.000000 0.000000
4.000000 43.244027 1.978754 -2.115697 0.112669 0.000000 0.000000 0.000000 1.000000 0.000000 0.000000
4.000000 43.250886 1.941711 -2.114325 0.087831 0.000000 0.000000 0.000000 1.000000 0.000000 0.000000
4.000000 43.254222 1.943284 -2.114173 0.060895 0.000000 0.000000 0.000000 1.000000 0.000000 0.000000
4.000000 43.260874 1.866039 -2.112053 0.023943 0.000000 0.000000 0.000000 1.000000 0.000000 0.000000
4.000000 43.263961 1.840693 -2.120342 0.005337 0.000000 0.000000 0.000000 1.000000 0.000000 0.000000
4.000000 43.270878 1.866534 -2.120658 0.034208 0.000000 0.000000 0.000000 1.000000 0.000000 0.000000
4.000000 43.274142 1.856756 -2.122331 0.055458 0.000000 0.000000 0.000000 1.000000 0.000000 0.000000
4.000000 43.281105 1.856874 -2.122262 0.071953 0.000000 0.000000 0.000000 1.000000 0.000000 0.000000
4.000000 43.284130 1.826366 -2.131170 0.090919 0.000000 0.000000 0.000000 1.000000 0.000000 0.000000
4.000000 43.290859 1.793769 -2.130655 0.103852 0.000000 0.000000 0.000000 1.000000 0.000000 0.000000
4.000000 43.294041 1.805719 -2.126243 0.128512 0.000000 0.000000 0.000000 1.000000 0.000000 0.000000
4.000000 43.300903 1.766397 -2.125755 0.143787 0.000000 0.000000 0.000000 1.000000 0.000000 0.000000
4.000000 43.304083 1.725943 -2.138471 0.149277 0.000000 0.000000 0.000000 1.000000 0.000000 0.000000
4.000000 43.310907 1.727492 -2.138585 0.156111 0.000000 0.000000 0.000000 1.000000 0.000000 0.000000
4.000000 43.314176 1.731905 -2.137168 0.179378 0.000000 0.000000 0.000000 1.000000 0.000000 0.000000
4.000000 43.320906 1.663369 -2.136399 0.196792 0.000000 0.000000 0.000000 1.000000 0.000000 0.000000
4.000000 43.324275 1.649422 -2.140545 0.208723 0.000000 0.000000 0.000000 1.000000 0.000000 0.000000
4.000000 43.330914 1.688866 -2.141495 0.231907 0.000000 0.000000 0.000000 1.000000 0.000000 0.000000
4.000000 43.334141 1.679313 -2.144101 0.245692 0.000000 0.000000 0.000000 1.000000 0.000000 0.000000
4.000000 43.340867 1.641486 -2.143435 0.256838 0.000000 0.000000 0.000000 1.000000 0.000000 0.000000
4.000000 43.344135 1.595478 -2.157768 0.270377 0.000000 0.000000 0.000000 1.000000 0.000000 0.000000
4.000000 43.350939 1.588367 -2.157712 0.272774 0.000000 0.000000 0.000000 1.000000 0.000000 0.000000
4.000000 43.354028 1.578764 -2.160970 0.283117 0.000000 0.000000 0.000000 1.000000 0.000000 0.000000
4.000000 43.360901 1.493994 -2.159794 0.302368 0.000000 0.000000 0.000000 1.000000 0.000000 0.000000
4.000000 43.363890 1.479166 -2.163992 0.314787 0.000000 0.000000 0.000000 1.000000 0.000000 0.000000
4.000000 43.380918 1.496716 -2.158123 0.360983 0.000000 0.000000 0.000000 1.000000 0.000000 0.000000
4.000000 43.384032 1.465356 -2.167960 0.374122 0.000000 0.000000 0.000000 1.000000 0.000000 0.000000
4.000000 43.390919 1.454227 -2.168001 0.388823 0.000000 0.000000 0.000000 1.000000 0.000000 0.000000
4.000000 43.394081 1.463287 -2.165000 0.411229 0.000000 0.000000 0.000000 1.000000 0.000000 0.000000
4.000000 43.401371 1.456524 -2.165237 0.424733 0.000000 0.000000 0.000000 1.000000 0.000000 0.000000
4.000000 43.404008 1.407982 -2.180837 0.423219 0.000000 0.000000 0.000000 1.000000 0.000000 0.000000
4.000000 43.420929 1.306959 -2.187548 0.453652 0.000000 0.000000 0.000000 1.000000 0.000000 0.000000
4.000000 43.424041 1.313886 -2.184944 0.466618 0.000000 0.000000 0.000000 1.000000 0.000000 0.000000
4.000000 43.430934 1.330497 -2.185306 0.478289 0.000000 0.000000 0.000000 1.000000 0.000000 0.000000
4.000000 43.434121 1.290680 -2.197819 0.488899 0.000000 0.000000 0.000000 1.000000 0.000000 0.000000
4.000000 43.440948 1.261375 -2.197463 0.498105 0.000000 0.000000 0.000000 1.000000 0.000000 0.000000
4.000000 43.443996 1.244765 -2.202638 0.504596 0.000000 0.000000 0.000000 1.000000 0.000000 0.000000
4.000000 43.450960 1.219841 -2.202288 0.511478 0.000000 0.000000 0.000000 1.000000 0.000000 0.000000
4.000000 43.454081 1.211218 -2.204857 0.522174 0.000000 0.000000 0.000000 1.000000 0.000000 0.000000
4.000000 43.470955 1.118191 -2.209525 0.544573 0.000000 0.000000 0.000000 1.000000 0.000000 0.000000
4.000000 43.474069 1.114740 -2.210422 0.552626 0.000000 0.000000 0.000000 1.000000 0.000000 0.000000
4.000000 43.481007 1.121549 -2.210585 0.559139 0.000000 0.000000 0.000000 1.000000 0.000000 0.000000
4.000000 43.483991 1.085612 -2.221953 0.568041 0.000000 0.000000 0.000000 1.000000 0.000000 0.000000
4.000000 43.491186 1.071675 -2.221876 0.577470 0.000000 0.000000 0.000000 1.000000 0.000000 0.000000
4.000000 43.494184 1.063232 -2.224503 0.584150 0.000000 0.000000 0.000000 1.000000 0.000000 0.000000
4.000000 43.501032 1.033984 -2.224124 0.591650 0.000000 0.000000 0.000000 1.000000 0.000000 0.000000
4.000000 43.503969 1.022855 -2.227532 0.601575 0.000000 0.000000 0.000000 1.000000 0.000000 0.000000
4.000000 43.510999 0.979308 -2.226926 0.614483 0.000000 0.000000 0.000000 1.000000 0.000000 0.000000
4.000000 43.514149 0.953593 -2.234935 0.616131 0.000000 0.000000 0.000000 1.000000 0.000000 0.000000
4.000000 43.521081 0.930910 -2.234560 0.613164 0.000000 0.000000 0.000000 1.000000 0.000000 0.000000
4.000000 43.524070 0.927823 -2.235391 0.619891 0.000000 0.000000 0.000000 1.000000 0.000000 0.000000
4.000000 43.530987 0.928969 -2.235444 0.624761 0.000000 0.000000 0.000000 1.000000 0.000000 0.000000
4.000000 43.534237 0.916314 -2.239373 0.629378 0.000000 0.000000 0.000000 1.000000 0.000000 0.000000
4.000000 43.541007 0.917306 -2.239410 0.652516 0.000000 0.000000 0.000000 1.000000 0.000000 0.000000
4.000000 43.544104 0.891798 -2.247034 0.659377 0.000000 0.000000 0.000000 1.000000 0.000000 0.000000
4.000000 43.551024 0.871782 -2.246700 0.663161 0.000000 0.000000 0.000000 1.000000 0.000000 0.000000
4.000000 43.554069 0.835469 -2.258002 0.664156 0.000000 0.000000 0.000000 1.000000 0.000000 0.000000
4.000000 43.571020 0.735893 -2.258760 0.651638 0.000000 0.000000 0.000000 1.000000 0.000000 0.000000
4.000000 43.574350 0.718539 -2.264239 0.651591 0.000000 0.000000 0.000000 1.000000 0.000000 0.000000
4.000000 43.581041 0.835831 -2.266062 0.668822 0.000000 0.000000 0.000000 1.000000 0.000000 0.000000
4.000000 43.584297 0.828679 -2.268307 0.674588 0.000000 0.000000 0.000000 1.000000 0.000000 0.000000
4.000000 43.591031 0.791967 -2.267824 0.677036 0.000000 0.000000 0.000000 1.000000 0.000000 0.000000
4.000000 43.594287 0.768271 -2.275329 0.677890 0.000000 0.000000 0.000000 1.000000 0.000000 0.000000
4.000000 43.601037 0.737868 -2.274926 0.680250 0.000000 0.000000 0.000000 1.000000 0.000000 0.000000
4.000000 43.604173 0.714368 -2.282334 0.682080 0.000000 0.000000 0.000000 1.000000 0.000000 0.000000
4.000000 43.611001 0.499019 -2.279181 0.657203 0.000000 0.000000 0.000000 1.000000 0.000000 0.000000
4.000000 43.614238 0.490602 -2.281802 0.659287 0.000000 0.000000 0.000000 1.000000 0.000000 0.000000
4.000000 43.621050 0.494831 -2.281873 0.661141 0.000000 0.000000 0.000000 1.000000 0.000000 0.000000
4.000000 43.624106 0.481353 -2.286092 0.665011 0.000000 0.000000 0.000000 1.000000 0.000000 0.000000
4.000000 43.631041 0.628232 -2.288204 0.683390 0.000000 0.000000 0.000000 1.000000 0.000000 0.000000
4.000000 43.634249 0.604913 -2.295596 0.680597 0.000000 0.000000 0.000000 1.000000 0.000000 0.000000
4.000000 43.641054 0.620782 -2.295828 0.683372 0.000000 0.000000 0.000000 1.000000 0.000000 0.000000
4.000000 43.644144 0.608690 -2.299665 0.679573 0.000000 0.000000 0.000000 1.000000 0.000000 0.000000
4.000000 43.651045 0.519856 -2.298443 0.671519 0.000000 0.000000 0.000000 1.000000 0.000000 0.000000
4.000000 43.654275 0.511608 -2.301032 0.672945 0.000000 0.000000 0.000000 1.000000 0.000000 0.000000
4.000000 43.661327 0.443353 -2.300037 0.657884 0.000000 0.000000 0.000000 1.000000 0.000000 0.000000
4.000000 43.664183 0.417813 -2.308102 0.657190 0.000000 0.000000 0.000000 1.000000 0.000000 0.000000
4.000000 43.671082 0.335631 -2.307059 0.660340 0.000000 0.000000 0.000000 1.000000 0.000000 0.000000
4.000000 43.674274 0.322183 -2.311349 0.654710 0.000000 0.000000 0.000000 1.000000 0.000000 0.000000
4.000000 43.681113 0.482628 -2.313480 0.668112 0.000000 0.000000 0.000000 1.000000 0.000000 0.000000
4.000000 43.684203 0.469844 -2.317514 0.667890 0.000000 0.000000 0.000000 1.000000 0.000000 0.000000
4.000000 43.691062 0.454474 -2.317292 0.663321 0.000000 0.000000 0.000000 1.000000 0.000000 0.000000
4.000000 43.694316 0.439128 -2.322150 0.659147 0.000000 0.000000 0.000000 1.000000 0.000000 0.000000
4.000000 43.701333 0.371726 -2.321267 0.651359 0.000000 0.000000 0.000000 1.000000 0.000000 0.000000
4.000000 43.704191 0.338659 -2.331679 0.649377 0.000000 0.000000 0.000000 1.000000 0.000000 0.000000
4.000000 43.711094 0.312150 -2.331739 0.696558 0.000000 0.000000 0.000000 1.000000 0.000000 0.000000
4.000000 43.714261 0.381257 -2.310180 0.704174 0.000000 0.000000 0.000000 1.000000 0.000000 0.000000
4.000000 43.721317 0.215965 -2.307614 0.622712 0.000000 0.000000 0.000000 1.000000 0.000000 0.000000
4.000000 43.724220 0.203785 -2.311427 0.617654 0.000000 0.000000 0.000000 1.000000 0.000000 0.000000
4.000000 43.731410 0.152059 -2.310738 0.615029 0.000000 0.000000 0.000000 1.000000 0.000000 0.000000
4.000000 43.734275 0.137203 -2.315442 0.607175 0.000000 0.000000 0.000000 1.000000 0.000000 0.000000
4.000000 43.741185 0.122845 -2.315250 0.605007 0.000000 0.000000 0.000000 1.000000 0.000000 0.000000
4.000000 43.744181 0.113312 -2.318235 0.603254 0.000000 0.000000 0.000000 1.000000 0.000000 0.000000
4.000000 43.751108 0.110916 -2.318202 0.591420 0.000000 0.000000 0.000000 1.000000 0.000000 0.000000
4.000000 43.754257 0.095081 -2.323152 0.588007 0.000000 0.000000 0.000000 1.000000 0.000000 0.000000
4.000000 43.771138 0.080806 -2.325551 0.563514 0.000000 0.000000 0.000000 1.000000 0.000000 0.000000
4.000000 43.774258 0.023828 -2.343380 0.550337 0.000000 0.000000 0.000000 1.000000 0.000000 0.000000
4.000000 43.781088 -0.059621 -2.342353 0.546978 0.000000 0.000000 0.000000 1.000000 0.000000 0.000000
4.000000 43.784250 -0.041889 -2.336952 0.542311 0.000000 0.000000 0.000000 1.000000 0.000000 0.000000
4.000000 43.791104 -0.045948 -2.336861 0.529732 0.000000 0.000000 0.000000 1.000000 0.000000 0.000000
4.000000 43.794249 -0.084427 -2.348812 0.526874 0.000000 0.000000 0.000000 1.000000 0.000000 0.000000
4.000000 43.801134 -0.050151 -2.349234 0.529085 0.000000 0.000000 0.000000 1.000000 0.000000 0.000000
4.000000 43.804145 -0.045346 -2.347905 0.517724 0.000000 0.000000 0.000000 1.000000 0.000000 0.000000
4.000000 43.811133 -0.249163 -2.345434 0.491424 0.000000 0.000000 0.000000 1.000000 0.000000 0.000000
4.000000 43.814453 -0.258614 -2.348497 0.482555 0.000000 0.000000 0.000000 1.000000 0.000000 0.000000
4.000000 43.821153 -0.084279 -2.350515 0.488216 0.000000 0.000000 0.000000 1.000000 0.000000 0.000000
4.000000 43.824320 -0.108442 -2.358177 0.476323 0.000000 0.000000 0.000000 1.000000 0.000000 0.000000
4.000000 43.841141 -0.258692 -2.361656 0.435100 0.000000 0.000000 0.000000 1.000000 0.000000 0.000000
4.000000 43.844278 -0.262029 -2.362772 0.430142 0.000000 0.000000 0.000000 1.000000 0.000000 0.000000
4.000000 43.851155 -0.216523 -2.363321 0.428242 0.000000 0.000000 0.000000 1.000000 0.000000 0.000000
4.000000 43.854304 -0.244674 -2.372259 0.413418 0.000000 0.000000 0.000000 1.000000 0.000000 0.000000
4.000000 43.861135 -0.283604 -2.371815 0.401477 0.000000 0.000000 0.000000 1.000000 0.000000 0.000000
4.000000 43.864336 -0.288061 -2.373379 0.391250 0.000000 0.000000 0.000000 1.000000 0.000000 0.000000
4.000000 43.871341 -0.253975 -2.373742 0.383309 0.000000 0.000000 0.000000 1.000000 0.000000 0.000000
4.000000 43.874269 -0.259876 -2.375817 0.369798 0.000000 0.000000 0.000000 1.000000 0.000000 0.000000
4.000000 43.881149 -0.371665 -2.374613 0.337280 0.000000 0.000000 0.000000 1.000000 0.000000 0.000000
4.000000 43.884261 -0.404071 -2.384790 0.325415 0.000000 0.000000 0.000000 1.000000 0.000000 0.000000
4.000000 43.891136 -0.454415 -2.384354 0.309787 0.000000 0.000000 0.000000 1.000000 0.000000 0.000000
4.000000 43.894464 -0.472049 -2.390092 0.294186 0.000000 0.000000 0.000000 1.000000 0.000000 0.000000
4.000000 43.901140 -0.434556 -2.390731 0.279964 0.000000 0.000000 0.000000 1.000000 0.000000 0.000000
4.000000 43.904231 -0.467068 -2.400981 0.267208 0.000000 0.000000 0.000000 1.000000 0.000000 0.000000
4.000000 43.911174 -0.479157 -2.401255 0.251207 0.000000 0.000000 0.000000 1.000000 0.000000 0.000000
4.000000 43.914402 -0.482468 -2.402578 0.240139 0.000000 0.000000 0.000000 1.000000 0.000000 0.000000
4.000000 43.921154 -0.518456 -2.402426 0.228008 0.000000 0.000000 0.000000 1.000000 0.000000 0.000000
4.000000 43.924198 -0.560343 -2.415856 0.203464 0.000000 0.000000 0.000000 1.000000 0.000000 0.000000
4.000000 43.931172 -0.566737 -2.416199 0.182799 0.000000 0.000000 0.000000 1.000000 0.000000 0.000000
4.000000 43.934242 -0.547485 -2.410550 0.176400 0.000000 0.000000 0.000000 1.000000 0.000000 0.000000
4.000000 43.941182 -0.590874 -2.410442 0.160284 0.000000 0.000000 0.000000 1.000000 0.000000 0.000000
4.000000 43.944241 -0.614433 -2.418030 0.146838 0.000000 0.000000 0.000000 1.000000 0.000000 0.000000
4.000000 43.981330 -0.724053 -2.426768 0.026775 0.000000 0.000000 0.000000 1.000000 0.000000 0.000000
4.000000 43.984252 -0.735627 -2.430854 0.010900 0.000000 0.000000 0.000000 1.000000 0.000000 0.000000
4.000000 43.991196 -0.758552 -2.430840 -0.000556 0.000000 0.000000 0.000000 1.000000 0.000000 0.000000
4.000000 43.994262 -0.788083 -2.439737 -0.000969 0.000000 0.000000 0.000000 1.000000 0.000000 0.000000
4.000000 44.001309 -0.805957 -2.439187 0.020428 0.000000 0.000000 0.000000 1.000000 0.000000 0.000000
4.000000 44.004221 -0.820112 -2.443219 0.029950 0.000000 0.000000 0.000000 1.000000 0.000000 0.000000
4.000000 44.031224 -0.756761 -2.452573 0.107218 0.000000 0.000000 0.000000 1.000000 0.000000 0.000000
4.000000 44.034341 -0.774823 -2.457657 0.122616 0.000000 0.000000 0.000000 1.000000 0.000000 0.000000
4.000000 44.041373 -0.767349 -2.457565 0.136308 0.000000 0.000000 0.000000 1.000000 0.000000 0.000000
4.000000 44.044234 -0.848089 -2.481964 0.139782 0.000000 0.000000 0.000000 1.000000 0.000000 0.000000
4.000000 44.071240 -0.953894 -2.496754 0.190185 0.000000 0.000000 0.000000 1.000000 0.000000 0.000000
4.000000 44.074276 -0.971607 -2.501829 0.199847 0.000000 0.000000 0.000000 1.000000 0.000000 0.000000
4.000000 44.081303 -0.966655 -2.501687 0.209293 0.000000 0.000000 0.000000 1.000000 0.000000 0.000000
4.000000 44.084347 -0.908833 -2.483348 0.233602 0.000000 0.000000 0.000000 1.000000 0.000000 0.000000
4.000000 44.091288 -0.892137 -2.483062 0.249184 0.000000 0.000000 0.000000 1.000000 0.000000 0.000000
4.000000 44.094357 -0.915743 -2.490045 0.254035 0.000000 0.000000 0.000000 1.000000 0.000000 0.000000
4.000000 44.101386 -1.084883 -2.489679 0.216278 0.000000 0.000000 0.000000 1.000000 0.000000 0.000000
4.000000 44.104374 -1.136199 -2.504926 0.215360 0.000000 0.000000 0.000000 1.000000 0.000000 0.000000
4.000000 44.121336 -1.215636 -2.494905 0.255748 0.000000 0.000000 0.000000 1.000000 0.000000 0.000000
4.000000 44.124355 -1.356052 -2.537362 0.247249 0.000000 0.000000 0.000000 1.000000 0.000000 0.000000
4.000000 44.131246 -1.079713 -2.538724 0.290341 0.000000 0.000000 0.000000 1.000000 0.000000 0.000000
4.000000 44.134378 -1.011373 -2.517343 0.310951 0.000000 0.000000 0.000000 1.000000 0.000000 0.000000
4.000000 44.141344 -1.146486 -2.516251 0.303323 0.000000 0.000000 0.000000 1.000000 0.000000 0.000000
4.000000 44.144321 -1.142157 -2.514677 0.311367 0.000000 0.000000 0.000000 1.000000 0.000000 0.000000
4.000000 44.161348 -1.299766 -2.522864 0.304389 0.000000 0.000000 0.000000 1.000000 0.000000 0.000000
4.000000 44.164350 -1.318336 -2.528315 0.306498 0.000000 0.000000 0.000000 1.000000 0.000000 0.000000
4.000000 44.171424 -1.370122 -2.527568 0.319533 0.000000 0.000000 0.000000 1.000000 0.000000 0.000000
4.000000 44.174551 -1.413128 -2.540511 0.319675 0.000000 0.000000 0.000000 1.000000 0.000000 0.000000
4.000000 44.181473 -1.196533 -2.541655 0.348293 0.000000 0.000000 0.000000 1.000000 0.000000 0.000000
4.000000 44.184293 -1.186682 -2.538360 0.358198 0.000000 0.000000 0.000000 1.000000 0.000000 0.000000
4.000000 44.191475 -1.290705 -2.537631 0.351225 0.000000 0.000000 0.000000 1.000000 0.000000 0.000000
4.000000 44.194546 -1.320388 -2.546444 0.354254 0.000000 0.000000 0.000000 1.000000 0.000000 0.000000
4.000000 44.221400 -1.272566 -2.547801 0.377380 0.000000 0.000000 0.000000 1.000000 0.000000 0.000000
4.000000 44.224354 -1.342946 -2.569065 0.375485 0.000000 0.000000 0.000000 1.000000 0.000000 0.000000
4.000000 44.231321 -1.429595 -2.568579 0.367773 0.000000 0.000000 0.000000 1.000000 0.000000 0.000000
4.000000 44.234460 -1.426279 -2.567374 0.373166 0.000000 0.000000 0.000000 1.000000 0.000000 0.000000
4.000000 44.241448 -1.640488 -2.566236 0.351474 0.000000 0.000000 0.000000 1.000000 0.000000 0.000000
4.000000 44.244391 -1.698567 -2.583906 0.341211 0.000000 0.000000 0.000000 1.000000 0.000000 0.000000
4.000000 44.251381 -1.577917 -2.584353 0.357704 0.000000 0.000000 0.000000 1.000000 0.000000 0.000000
4.000000 44.254554 -1.521220 -2.566832 0.373261 0.000000 0.000000 0.000000 1.000000 0.000000 0.000000
4.000000 44.261575 -1.644710 -2.566578 0.351036 0.000000 0.000000 0.000000 1.000000 0.000000 0.000000
4.000000 44.264353 -1.709560 -2.586227 0.341950 0.000000 0.000000 0.000000 1.000000 0.000000 0.000000
4.000000 44.281429 -1.760331 -2.588634 0.352536 0.000000 0.000000 0.000000 1.000000 0.000000 0.000000
4.000000 44.284462 -1.848396 -2.615310 0.339264 0.000000 0.000000 0.000000 1.000000 0.000000 0.000000
4.000000 44.291338 -1.887148 -2.615174 0.335968 0.000000 0.000000 0.000000 1.000000 0.000000 0.000000
4.000000 44.294597 -1.914652 -2.623364 0.336060 0.000000 0.000000 0.000000 1.000000 0.000000 0.000000
4.000000 44.301424 -1.922681 -2.623626 0.326764 0.000000 0.000000 0.000000 1.000000 0.000000 0.000000
4.000000 44.304525 -1.897513 -2.616103 0.328574 0.000000 0.000000 0.000000 1.000000 0.000000 0.000000
4.000000 44.311564 -1.775609 -2.617014 0.333541 0.000000 0.000000 0.000000 1.000000 0.000000 0.000000
4.000000 44.314631 -1.755728 -2.610980 0.336390 0.000000 0.000000 0.000000 1.000000 0.000000 0.000000
4.000000 44.321648 -1.659873 -2.610701 0.359096 0.000000 0.000000 0.000000 1.000000 0.000000 0.000000
4.000000 44.324341 -1.673632 -2.614952 0.355719 0.000000 0.000000 0.000000 1.000000 0.000000 0.000000
4.000000 44.341582 -2.022635 -2.627833 0.305702 0.000000 0.000000 0.000000 1.000000 0.000000 0.000000
4.000000 44.344421 -2.048525 -2.635744 0.299046 0.000000 0.000000 0.000000 1.000000 0.000000 0.000000
4.000000 44.351398 -2.211642 -2.635340 0.280978 0.000000 0.000000 0.000000 1.000000 0.000000 0.000000
4.000000 44.354548 -2.292281 -2.659367 0.274223 0.000000 0.000000 0.000000 1.000000 0.000000 0.000000
4.000000 44.361467 -2.176810 -2.659694 0.283835 0.000000 0.000000 0.000000 1.000000 0.000000 0.000000
4.000000 44.364384 -2.107723 -2.639252 0.284263 0.000000 0.000000 0.000000 1.000000 0.000000 0.000000
4.000000 44.371366 -1.875675 -2.640048 0.303156 0.000000 0.000000 0.000000 1.000000 0.000000 0.000000
4.000000 44.374577 -1.957710 -2.664878 0.292389 0.000000 0.000000 0.000000 1.000000 0.000000 0.000000
4.000000 44.381429 -1.931896 -2.665027 0.293239 0.000000 0.000000 0.000000 1.000000 0.000000 0.000000
4.000000 44.384520 -1.960109 -2.674071 0.278257 0.000000 0.000000 0.000000 1.000000 0.000000 0.000000
4.000000 44.391531 -2.060935 -2.674233 0.257149 0.000000 0.000000 0.000000 1.000000 0.000000 0.000000
4.000000 44.394620 -2.045951 -2.669724 0.258778 0.000000 0.000000 0.000000 1.000000 0.000000 0.000000
4.000000 44.401714 -2.144201 -2.669561 0.247475 0.000000 0.000000 0.000000 1.000000 0.000000 0.000000
4.000000 44.404496 -2.172769 -2.678457 0.236098 0.000000 0.000000 0.000000 1.000000 0.000000 0.000000
4.000000 44.421572 -2.139677 -2.680444 0.212841 0.000000 0.000000 0.000000 1.000000 0.000000 0.000000
4.000000 44.424504 -2.166937 -2.688477 0.213024 0.000000 0.000000 0.000000 1.000000 0.000000 0.000000
4.000000 44.431439 -2.258760 -2.688970 0.191642 0.000000 0.000000 0.000000 1.000000 0.000000 0.000000
4.000000 44.434486 -2.283241 -2.696884 0.179448 0.000000 0.000000 0.000000 1.000000 0.000000 0.000000
4.000000 44.441525 -2.202667 -2.697206 0.184391 0.000000 0.000000 0.000000 1.000000 0.000000 0.000000
4.000000 44.444357 -2.273112 -2.718908 0.166628 0.000000 0.000000 0.000000 1.000000 0.000000 0.000000
4.000000 44.471418 -2.401829 -2.711439 0.108130 0.000000 0.000000 0.000000 1.000000 0.000000 0.000000
4.000000 44.474574 -2.420796 -2.717671 0.095601 0.000000 0.000000 0.000000 1.000000 0.000000 0.000000
