13.000000 146.912789 23.348536 -0.201937 0.255499 0.000000 0.000000 0.000000 1.000000 0.000000 0.000000
13.000000 146.922126 23.461146 -0.169549 0.296709 0.000000 0.000000 0.000000 1.000000 0.000000 0.000000
13.000000 146.922940 23.413743 -0.157362 0.319154 0.000000 0.000000 0.000000 1.000000 0.000000 0.000000
13.000000 146.925805 23.272684 -0.198550 0.356308 0.000000 0.000000 0.000000 1.000000 0.000000 0.000000
13.000000 146.932049 23.589224 -0.199806 0.353193 0.000000 0.000000 0.000000 1.000000 0.000000 0.000000
13.000000 146.932812 23.331493 -0.135838 0.392366 0.000000 0.000000 0.000000 1.000000 0.000000 0.000000
13.000000 146.935961 23.105660 -0.202654 0.431674 0.000000 0.000000 0.000000 1.000000 0.000000 0.000000
13.000000 146.941937 23.568311 -0.204984 0.366150 0.000000 0.000000 0.000000 1.000000 0.000000 0.000000
13.000000 146.942875 23.220815 -0.117396 0.440383 0.000000 0.000000 0.000000 1.000000 0.000000 0.000000
13.000000 146.945850 23.043774 -0.170774 0.521869 0.000000 0.000000 0.000000 1.000000 0.000000 0.000000
13.000000 146.951979 23.173009 -0.171723 0.556055 0.000000 0.000000 0.000000 1.000000 0.000000 0.000000
13.000000 146.952819 23.148029 -0.063945 0.535306 0.000000 0.000000 0.000000 1.000000 0.000000 0.000000
13.000000 146.955968 22.795037 -0.170937 0.658389 0.000000 0.000000 0.000000 1.000000 0.000000 0.000000
13.000000 146.961957 23.093528 -0.172607 0.663767 0.000000 0.000000 0.000000 1.000000 0.000000 0.000000
13.000000 146.962911 22.822409 -0.104839 0.705437 0.000000 0.000000 0.000000 1.000000 0.000000 0.000000
13.000000 146.965777 22.646023 -0.157797 0.732520 0.000000 0.000000 0.000000 1.000000 0.000000 0.000000
13.000000 146.972030 22.997797 -0.159330 0.725271 0.000000 0.000000 0.000000 1.000000 0.000000 0.000000
13.000000 146.972841 22.713695 -0.087807 0.773839 0.000000 0.000000 0.000000 1.000000 0.000000 0.000000
13.000000 146.975973 22.529328 -0.143762 0.811713 0.000000 0.000000 0.000000 1.000000 0.000000 0.000000
13.000000 146.981909 22.882618 -0.145323 0.804805 0.000000 0.000000 0.000000 1.000000 0.000000 0.000000
13.000000 146.983016 22.609144 -0.076406 0.853508 0.000000 0.000000 0.000000 1.000000 0.000000 0.000000
13.000000 146.985780 22.493369 -0.111565 0.887388 0.000000 0.000000 0.000000 1.000000 0.000000 0.000000
13.000000 146.992044 22.624424 -0.111805 0.916290 0.000000 0.000000 0.000000 1.000000 0.000000 0.000000
13.000000 146.992930 22.447726 -0.067208 0.948787 0.000000 0.000000 0.000000 1.000000 0.000000 0.000000
13.000000 146.995903 22.328024 -0.103840 0.974636 0.000000 0.000000 0.000000 1.000000 0.000000 0.000000
13.000000 146.999119 22.099267 -0.101020 1.025106 0.000000 0.000000 0.000000 1.000000 0.000000 0.000000
13.000000 147.001931 22.082443 -0.037328 1.022711 0.000000 0.000000 0.000000 1.000000 0.000000 0.000000
13.000000 147.002957 22.360519 -0.055357 0.992442 0.000000 0.000000 0.000000 1.000000 0.000000 0.000000
13.000000 147.005870 22.256541 -0.087340 1.037630 0.000000 0.000000 0.000000 1.000000 0.000000 0.000000
13.000000 147.009001 21.995188 -0.088032 1.101877 0.000000 0.000000 0.000000 1.000000 0.000000 0.000000
13.000000 147.012027 22.018179 -0.039274 1.115790 0.000000 0.000000 0.000000 1.000000 0.000000 0.000000
13.000000 147.012938 22.211594 -0.032483 1.097138 0.000000 0.000000 0.000000 1.000000 0.000000 0.000000
13.000000 147.015918 22.103365 -0.066080 1.129577 0.000000 0.000000 0.000000 1.000000 0.000000 0.000000
13.000000 147.019116 21.893051 -0.070526 1.173139 0.000000 0.000000 0.000000 1.000000 0.000000 0.000000
13.000000 147.021944 21.964920 -0.042758 1.206054 0.000000 0.000000 0.000000 1.000000 0.000000 0.000000
13.000000 147.022984 22.104007 -0.022442 1.182937 0.000000 0.000000 0.000000 1.000000 0.000000 0.000000
13.000000 147.025811 22.003934 -0.053490 1.200617 0.000000 0.000000 0.000000 1.000000 0.000000 0.000000
13.000000 147.029094 21.786665 -0.055949 1.244723 0.000000 0.000000 0.000000 1.000000 0.000000 0.000000
13.000000 147.031962 21.854989 -0.026705 1.276168 0.000000 0.000000 0.000000 1.000000 0.000000 0.000000
13.000000 147.032870 21.977435 -0.004267 1.253581 0.000000 0.000000 0.000000 1.000000 0.000000 0.000000
13.000000 147.035871 21.853093 -0.043126 1.278837 0.000000 0.000000 0.000000 1.000000 0.000000 0.000000
13.000000 147.039203 21.699856 -0.051291 1.316739 0.000000 0.000000 0.000000 1.000000 0.000000 0.000000
13.000000 147.041980 21.766282 -0.020757 1.342889 0.000000 0.000000 0.000000 1.000000 0.000000 0.000000
13.000000 147.043128 21.867243 0.013168 1.324921 0.000000 0.000000 0.000000 1.000000 0.000000 0.000000
13.000000 147.045787 21.763125 -0.019523 1.345817 0.000000 0.000000 0.000000 1.000000 0.000000 0.000000
13.000000 147.049093 21.583646 -0.030314 1.382459 0.000000 0.000000 0.000000 1.000000 0.000000 0.000000
13.000000 147.052117 21.635272 -0.007785 1.399144 0.000000 0.000000 0.000000 1.000000 0.000000 0.000000
13.000000 147.053153 21.756822 0.010362 1.370349 0.000000 0.000000 0.000000 1.000000 0.000000 0.000000
13.000000 147.055871 21.696365 -0.008318 1.394894 0.000000 0.000000 0.000000 1.000000 0.000000 0.000000
13.000000 147.059109 21.485391 -0.018916 1.450143 0.000000 0.000000 0.000000 1.000000 0.000000 0.000000
13.000000 147.062085 21.577536 -0.009563 1.481330 0.000000 0.000000 0.000000 1.000000 0.000000 0.000000
13.000000 147.063164 21.614237 0.031386 1.473016 0.000000 0.000000 0.000000 1.000000 0.000000 0.000000
13.000000 147.065871 21.549409 0.010868 1.486012 0.000000 0.000000 0.000000 1.000000 0.000000 0.000000
13.000000 147.069073 21.366795 -0.003002 1.514356 0.000000 0.000000 0.000000 1.000000 0.000000 0.000000
13.000000 147.072018 21.470661 0.001265 1.546425 0.000000 0.000000 0.000000 1.000000 0.000000 0.000000
13.000000 147.073031 21.491595 0.047690 1.540585 0.000000 0.000000 0.000000 1.000000 0.000000 0.000000
13.000000 147.076004 21.402355 0.019145 1.557679 0.000000 0.000000 0.000000 1.000000 0.000000 0.000000
13.000000 147.079065 21.269501 0.007889 1.582298 0.000000 0.000000 0.000000 1.000000 0.000000 0.000000
13.000000 147.082185 21.385287 0.008623 1.618669 0.000000 0.000000 0.000000 1.000000 0.000000 0.000000
13.000000 147.083067 21.374635 0.060878 1.610322 0.000000 0.000000 0.000000 1.000000 0.000000 0.000000
13.000000 147.085908 21.317023 0.042525 1.618462 0.000000 0.000000 0.000000 1.000000 0.000000 0.000000
13.000000 147.088998 21.157390 0.027002 1.643557 0.000000 0.000000 0.000000 1.000000 0.000000 0.000000
13.000000 147.092008 21.281860 0.022888 1.678234 0.000000 0.000000 0.000000 1.000000 0.000000 0.000000
13.000000 147.092972 21.272208 0.076890 1.673045 0.000000 0.000000 0.000000 1.000000 0.000000 0.000000
13.000000 147.093589 20.968916 0.005362 1.667017 0.000000 0.000000 0.000000 1.000000 0.000000 0.000000
13.000000 147.096014 21.032005 0.071873 1.692857 0.000000 0.000000 0.000000 1.000000 0.000000 0.000000
13.000000 147.099057 21.044521 0.041536 1.708159 0.000000 0.000000 0.000000 1.000000 0.000000 0.000000
13.000000 147.102079 21.127683 0.043916 1.727608 0.000000 0.000000 0.000000 1.000000 0.000000 0.000000
13.000000 147.103182 21.151156 0.080730 1.713686 0.000000 0.000000 0.000000 1.000000 0.000000 0.000000
13.000000 147.105853 21.124828 0.072624 1.731199 0.000000 0.000000 0.000000 1.000000 0.000000 0.000000
13.000000 147.109043 20.944754 0.055092 1.768864 0.000000 0.000000 0.000000 1.000000 0.000000 0.000000
13.000000 147.112095 21.083888 0.042379 1.802708 0.000000 0.000000 0.000000 1.000000 0.000000 0.000000
13.000000 147.113002 21.028554 0.106244 1.806360 0.000000 0.000000 0.000000 1.000000 0.000000 0.000000
13.000000 147.113652 20.775815 0.043739 1.804064 0.000000 0.000000 0.000000 1.000000 0.000000 0.000000
13.000000 147.115967 20.821755 0.092470 1.821226 0.000000 0.000000 0.000000 1.000000 0.000000 0.000000
13.000000 147.119157 20.837301 0.066591 1.828777 0.000000 0.000000 0.000000 1.000000 0.000000 0.000000
13.000000 147.122173 20.997627 0.046729 1.869415 0.000000 0.000000 0.000000 1.000000 0.000000 0.000000
13.000000 147.123036 20.903069 0.117243 1.872096 0.000000 0.000000 0.000000 1.000000 0.000000 0.000000
13.000000 147.123717 20.654832 0.054038 1.866004 0.000000 0.000000 0.000000 1.000000 0.000000 0.000000
13.000000 147.125911 20.710445 0.108585 1.885701 0.000000 0.000000 0.000000 1.000000 0.000000 0.000000
13.000000 147.129096 20.732647 0.079730 1.887797 0.000000 0.000000 0.000000 1.000000 0.000000 0.000000
13.000000 147.132201 20.890898 0.055579 1.922350 0.000000 0.000000 0.000000 1.000000 0.000000 0.000000
13.000000 147.132886 20.781146 0.128967 1.930871 0.000000 0.000000 0.000000 1.000000 0.000000 0.000000
13.000000 147.133731 20.544013 0.069673 1.927310 0.000000 0.000000 0.000000 1.000000 0.000000 0.000000
13.000000 147.135996 20.595711 0.121551 1.944716 0.000000 0.000000 0.000000 1.000000 0.000000 0.000000
13.000000 147.139138 20.628145 0.092593 1.945253 0.000000 0.000000 0.000000 1.000000 0.000000 0.000000
13.000000 147.142200 20.799473 0.063765 1.981150 0.000000 0.000000 0.000000 1.000000 0.000000 0.000000
13.000000 147.143208 20.671892 0.141442 1.992086 0.000000 0.000000 0.000000 1.000000 0.000000 0.000000
13.000000 147.143558 20.438740 0.084473 1.987304 0.000000 0.000000 0.000000 1.000000 0.000000 0.000000
13.000000 147.145929 20.488281 0.135802 2.002724 0.000000 0.000000 0.000000 1.000000 0.000000 0.000000
13.000000 147.149143 20.514001 0.107183 2.004275 0.000000 0.000000 0.000000 1.000000 0.000000 0.000000
13.000000 147.152217 20.728174 0.055496 2.049319 0.000000 0.000000 0.000000 1.000000 0.000000 0.000000
13.000000 147.152909 20.555382 0.135715 2.044213 0.000000 0.000000 0.000000 1.000000 0.000000 0.000000
13.000000 147.153611 20.256769 0.055453 2.027956 0.000000 0.000000 0.000000 1.000000 0.000000 0.000000
13.000000 147.155962 20.368134 0.150371 2.061545 0.000000 0.000000 0.000000 1.000000 0.000000 0.000000
13.000000 147.159238 20.414594 0.119507 2.059553 0.000000 0.000000 0.000000 1.000000 0.000000 0.000000
13.000000 147.162047 20.622384 0.077120 2.099047 0.000000 0.000000 0.000000 1.000000 0.000000 0.000000
13.000000 147.163145 20.433387 0.170366 2.113367 0.000000 0.000000 0.000000 1.000000 0.000000 0.000000
13.000000 147.163469 20.210235 0.117395 2.103481 0.000000 0.000000 0.000000 1.000000 0.000000 0.000000
13.000000 147.165885 20.247667 0.158989 2.116779 0.000000 0.000000 0.000000 1.000000 0.000000 0.000000
13.000000 147.169198 20.306258 0.129773 2.118196 0.000000 0.000000 0.000000 1.000000 0.000000 0.000000
13.000000 147.172268 20.510693 0.093488 2.156748 0.000000 0.000000 0.000000 1.000000 0.000000 0.000000
13.000000 147.173076 20.338712 0.183917 2.170112 0.000000 0.000000 0.000000 1.000000 0.000000 0.000000
13.000000 147.173614 20.092713 0.120412 2.165473 0.000000 0.000000 0.000000 1.000000 0.000000 0.000000
13.000000 147.175969 20.139270 0.168702 2.177241 0.000000 0.000000 0.000000 1.000000 0.000000 0.000000
13.000000 147.179176 20.200498 0.139554 2.170210 0.000000 0.000000 0.000000 1.000000 0.000000 0.000000
13.000000 147.182163 20.438596 0.091746 2.212033 0.000000 0.000000 0.000000 1.000000 0.000000 0.000000
13.000000 147.183007 20.218803 0.196449 2.223605 0.000000 0.000000 0.000000 1.000000 0.000000 0.000000
13.000000 147.183586 19.965933 0.130164 2.213255 0.000000 0.000000 0.000000 1.000000 0.000000 0.000000
13.000000 147.185865 20.023876 0.185827 2.228129 0.000000 0.000000 0.000000 1.000000 0.000000 0.000000
13.000000 147.189186 20.094978 0.156242 2.220054 0.000000 0.000000 0.000000 1.000000 0.000000 0.000000
13.000000 147.192259 20.343295 0.097564 2.261037 0.000000 0.000000 0.000000 1.000000 0.000000 0.000000
13.000000 147.193107 20.095444 0.202648 2.279134 0.000000 0.000000 0.000000 1.000000 0.000000 0.000000
13.000000 147.193731 19.867207 0.146579 2.269145 0.000000 0.000000 0.000000 1.000000 0.000000 0.000000
13.000000 147.195997 19.916850 0.197239 2.282205 0.000000 0.000000 0.000000 1.000000 0.000000 0.000000
13.000000 147.199201 20.003348 0.166160 2.274211 0.000000 0.000000 0.000000 1.000000 0.000000 0.000000
13.000000 147.202064 20.251171 0.105320 2.311750 0.000000 0.000000 0.000000 1.000000 0.000000 0.000000
13.000000 147.202675 19.899907 0.243952 2.365119 0.000000 0.000000 0.000000 1.000000 0.000000 0.000000
13.000000 147.202957 19.953875 0.196848 2.362480 0.000000 0.000000 0.000000 1.000000 0.000000 0.000000
13.000000 147.203589 19.734465 0.145273 2.324315 0.000000 0.000000 0.000000 1.000000 0.000000 0.000000
13.000000 147.205898 19.796530 0.214513 2.333136 0.000000 0.000000 0.000000 1.000000 0.000000 0.000000
13.000000 147.209198 19.888193 0.181681 2.323600 0.000000 0.000000 0.000000 1.000000 0.000000 0.000000
13.000000 147.212223 20.179550 0.108398 2.366642 0.000000 0.000000 0.000000 1.000000 0.000000 0.000000
13.000000 147.212733 19.783202 0.257904 2.416954 0.000000 0.000000 0.000000 1.000000 0.000000 0.000000
13.000000 147.213180 19.819957 0.224344 2.409487 0.000000 0.000000 0.000000 1.000000 0.000000 0.000000
13.000000 147.213562 19.659419 0.185863 2.378811 0.000000 0.000000 0.000000 1.000000 0.000000 0.000000
13.000000 147.216136 19.695765 0.228277 2.386537 0.000000 0.000000 0.000000 1.000000 0.000000 0.000000
13.000000 147.219244 19.758878 0.194297 2.375288 0.000000 0.000000 0.000000 1.000000 0.000000 0.000000
13.000000 147.222169 20.064408 0.118427 2.416090 0.000000 0.000000 0.000000 1.000000 0.000000 0.000000
13.000000 147.222647 19.666520 0.272928 2.469033 0.000000 0.000000 0.000000 1.000000 0.000000 0.000000
13.000000 147.223202 19.707318 0.237640 2.463513 0.000000 0.000000 0.000000 1.000000 0.000000 0.000000
13.000000 147.223492 19.555683 0.198881 2.432748 0.000000 0.000000 0.000000 1.000000 0.000000 0.000000
13.000000 147.226025 19.592353 0.240068 2.438674 0.000000 0.000000 0.000000 1.000000 0.000000 0.000000
13.000000 147.229127 19.662802 0.207139 2.421320 0.000000 0.000000 0.000000 1.000000 0.000000 0.000000
13.000000 147.232234 19.998846 0.119151 2.464380 0.000000 0.000000 0.000000 1.000000 0.000000 0.000000
13.000000 147.232796 19.548482 0.285948 2.521298 0.000000 0.000000 0.000000 1.000000 0.000000 0.000000
13.000000 147.233073 19.593646 0.246121 2.510818 0.000000 0.000000 0.000000 1.000000 0.000000 0.000000
13.000000 147.233565 19.412849 0.194867 2.477427 0.000000 0.000000 0.000000 1.000000 0.000000 0.000000
13.000000 147.236074 19.477892 0.254022 2.489308 0.000000 0.000000 0.000000 1.000000 0.000000 0.000000
13.000000 147.239245 19.585803 0.220369 2.466481 0.000000 0.000000 0.000000 1.000000 0.000000 0.000000
13.000000 147.242097 19.956216 0.115276 2.511996 0.000000 0.000000 0.000000 1.000000 0.000000 0.000000
13.000000 147.242711 19.437986 0.294474 2.571901 0.000000 0.000000 0.000000 1.000000 0.000000 0.000000
13.000000 147.243162 19.480585 0.256782 2.560977 0.000000 0.000000 0.000000 1.000000 0.000000 0.000000
13.000000 147.243482 19.296168 0.209170 2.525707 0.000000 0.000000 0.000000 1.000000 0.000000 0.000000
13.000000 147.245876 19.351683 0.263863 2.537810 0.000000 0.000000 0.000000 1.000000 0.000000 0.000000
13.000000 147.249182 19.473465 0.225460 2.517198 0.000000 0.000000 0.000000 1.000000 0.000000 0.000000
13.000000 147.252287 19.786588 0.134953 2.545525 0.000000 0.000000 0.000000 1.000000 0.000000 0.000000
13.000000 147.252780 19.323594 0.300514 2.604420 0.000000 0.000000 0.000000 1.000000 0.000000 0.000000
13.000000 147.253082 19.363268 0.270299 2.606224 0.000000 0.000000 0.000000 1.000000 0.000000 0.000000
13.000000 147.253636 19.211755 0.236210 2.577102 0.000000 0.000000 0.000000 1.000000 0.000000 0.000000
13.000000 147.255992 19.248282 0.279421 2.582884 0.000000 0.000000 0.000000 1.000000 0.000000 0.000000
13.000000 147.259189 19.350334 0.244299 2.563012 0.000000 0.000000 0.000000 1.000000 0.000000 0.000000
13.000000 147.262227 19.743851 0.137017 2.605462 0.000000 0.000000 0.000000 1.000000 0.000000 0.000000
13.000000 147.262728 19.199839 0.326691 2.665939 0.000000 0.000000 0.000000 1.000000 0.000000 0.000000
13.000000 147.263078 19.253569 0.280543 2.658383 0.000000 0.000000 0.000000 1.000000 0.000000 0.000000
13.000000 147.263503 19.089040 0.241187 2.622010 0.000000 0.000000 0.000000 1.000000 0.000000 0.000000
13.000000 147.265875 19.132826 0.290102 2.628377 0.000000 0.000000 0.000000 1.000000 0.000000 0.000000
13.000000 147.269179 19.240232 0.255877 2.608559 0.000000 0.000000 0.000000 1.000000 0.000000 0.000000
13.000000 147.272151 19.642498 0.145975 2.649812 0.000000 0.000000 0.000000 1.000000 0.000000 0.000000
13.000000 147.272799 19.082247 0.339448 2.711813 0.000000 0.000000 0.000000 1.000000 0.000000 0.000000
13.000000 147.273270 19.133400 0.297166 2.707077 0.000000 0.000000 0.000000 1.000000 0.000000 0.000000
13.000000 147.273585 19.009963 0.268099 2.673668 0.000000 0.000000 0.000000 1.000000 0.000000 0.000000
13.000000 147.275998 19.030995 0.299805 2.673323 0.000000 0.000000 0.000000 1.000000 0.000000 0.000000
13.000000 147.279202 19.141488 0.268954 2.646963 0.000000 0.000000 0.000000 1.000000 0.000000 0.000000
13.000000 147.282027 19.593760 0.142612 2.694240 0.000000 0.000000 0.000000 1.000000 0.000000 0.000000
13.000000 147.282774 18.980611 0.347249 2.757155 0.000000 0.000000 0.000000 1.000000 0.000000 0.000000
13.000000 147.283159 19.026958 0.308840 2.752368 0.000000 0.000000 0.000000 1.000000 0.000000 0.000000
13.000000 147.283652 18.903112 0.280879 2.721631 0.000000 0.000000 0.000000 1.000000 0.000000 0.000000
13.000000 147.285879 18.919220 0.311100 2.717980 0.000000 0.000000 0.000000 1.000000 0.000000 0.000000
13.000000 147.289176 19.038445 0.282331 2.689563 0.000000 0.000000 0.000000 1.000000 0.000000 0.000000
13.000000 147.292143 19.502027 0.150683 2.736256 0.000000 0.000000 0.000000 1.000000 0.000000 0.000000
13.000000 147.292811 18.858636 0.361629 2.803108 0.000000 0.000000 0.000000 1.000000 0.000000 0.000000
13.000000 147.293027 18.910529 0.319193 2.794869 0.000000 0.000000 0.000000 1.000000 0.000000 0.000000
13.000000 147.293617 18.775838 0.284347 2.759577 0.000000 0.000000 0.000000 1.000000 0.000000 0.000000
13.000000 147.295982 18.814724 0.325498 2.764037 0.000000 0.000000 0.000000 1.000000 0.000000 0.000000
13.000000 147.299341 18.954105 0.295005 2.735498 0.000000 0.000000 0.000000 1.000000 0.000000 0.000000
13.000000 147.302080 19.453576 0.136230 2.783537 0.000000 0.000000 0.000000 1.000000 0.000000 0.000000
13.000000 147.302761 18.789300 0.336354 2.845831 0.000000 0.000000 0.000000 1.000000 0.000000 0.000000
13.000000 147.303029 18.801475 0.324884 2.822881 0.000000 0.000000 0.000000 1.000000 0.000000 0.000000
13.000000 147.303425 18.615382 0.266544 2.790406 0.000000 0.000000 0.000000 1.000000 0.000000 0.000000
13.000000 147.305979 18.703823 0.334882 2.802864 0.000000 0.000000 0.000000 1.000000 0.000000 0.000000
13.000000 147.309321 18.846941 0.305867 2.771023 0.000000 0.000000 0.000000 1.000000 0.000000 0.000000
13.000000 147.312225 19.343370 0.160534 2.815225 0.000000 0.000000 0.000000 1.000000 0.000000 0.000000
13.000000 147.312850 18.632891 0.384935 2.882442 0.000000 0.000000 0.000000 1.000000 0.000000 0.000000
13.000000 147.313038 18.682153 0.345335 2.877952 0.000000 0.000000 0.000000 1.000000 0.000000 0.000000
13.000000 147.313618 18.586576 0.328826 2.844928 0.000000 0.000000 0.000000 1.000000 0.000000 0.000000
13.000000 147.316020 18.601211 0.358296 2.842819 0.000000 0.000000 0.000000 1.000000 0.000000 0.000000
13.000000 147.319409 18.727985 0.325197 2.809441 0.000000 0.000000 0.000000 1.000000 0.000000 0.000000
13.000000 147.322105 19.265353 0.165149 2.852238 0.000000 0.000000 0.000000 1.000000 0.000000 0.000000
13.000000 147.322733 18.512901 0.401422 2.922296 0.000000 0.000000 0.000000 1.000000 0.000000 0.000000
13.000000 147.323101 18.567427 0.357643 2.915568 0.000000 0.000000 0.000000 1.000000 0.000000 0.000000
13.000000 147.323451 18.465759 0.333796 2.883215 0.000000 0.000000 0.000000 1.000000 0.000000 0.000000
13.000000 147.326004 18.490016 0.364600 2.884682 0.000000 0.000000 0.000000 1.000000 0.000000 0.000000
13.000000 147.329062 18.635921 0.331198 2.846666 0.000000 0.000000 0.000000 1.000000 0.000000 0.000000
13.000000 147.332104 19.220052 0.160036 2.891208 0.000000 0.000000 0.000000 1.000000 0.000000 0.000000
13.000000 147.332849 18.396736 0.419449 2.967429 0.000000 0.000000 0.000000 1.000000 0.000000 0.000000
13.000000 147.333055 18.461823 0.368126 2.962078 0.000000 0.000000 0.000000 1.000000 0.000000 0.000000
13.000000 147.333810 18.351416 0.341487 2.928054 0.000000 0.000000 0.000000 1.000000 0.000000 0.000000
13.000000 147.335999 18.367590 0.370756 2.922393 0.000000 0.000000 0.000000 1.000000 0.000000 0.000000
13.000000 147.339149 18.524465 0.344038 2.882896 0.000000 0.000000 0.000000 1.000000 0.000000 0.000000
13.000000 147.342131 19.114997 0.169613 2.929935 0.000000 0.000000 0.000000 1.000000 0.000000 0.000000
13.000000 147.342737 18.293427 0.422547 3.003726 0.000000 0.000000 0.000000 1.000000 0.000000 0.000000
13.000000 147.343153 18.348138 0.379827 2.996921 0.000000 0.000000 0.000000 1.000000 0.000000 0.000000
13.000000 147.343611 18.243931 0.356949 2.962827 0.000000 0.000000 0.000000 1.000000 0.000000 0.000000
13.000000 147.345941 18.255275 0.382340 2.961571 0.000000 0.000000 0.000000 1.000000 0.000000 0.000000
13.000000 147.349359 18.440802 0.353732 2.924779 0.000000 0.000000 0.000000 1.000000 0.000000 0.000000
13.000000 147.352155 19.004394 0.174332 2.964504 0.000000 0.000000 0.000000 1.000000 0.000000 0.000000
13.000000 147.352843 18.242411 0.399662 3.034151 0.000000 0.000000 0.000000 1.000000 0.000000 0.000000
13.000000 147.352991 18.261894 0.385477 3.017757 0.000000 0.000000 0.000000 1.000000 0.000000 0.000000
13.000000 147.353723 18.018262 0.313480 2.984653 0.000000 0.000000 0.000000 1.000000 0.000000 0.000000
13.000000 147.356061 18.124025 0.397392 2.995948 0.000000 0.000000 0.000000 1.000000 0.000000 0.000000
13.000000 147.359404 18.337545 0.368544 2.959248 0.000000 0.000000 0.000000 1.000000 0.000000 0.000000
13.000000 147.362127 18.880555 0.197711 2.992862 0.000000 0.000000 0.000000 1.000000 0.000000 0.000000
13.000000 147.362781 18.075846 0.436894 3.064444 0.000000 0.000000 0.000000 1.000000 0.000000 0.000000
13.000000 147.363104 18.127932 0.398700 3.066187 0.000000 0.000000 0.000000 1.000000 0.000000 0.000000
13.000000 147.363644 18.049193 0.390030 3.037121 0.000000 0.000000 0.000000 1.000000 0.000000 0.000000
13.000000 147.365995 18.035200 0.405849 3.027553 0.000000 0.000000 0.000000 1.000000 0.000000 0.000000
13.000000 147.369160 18.226159 0.380698 2.988132 0.000000 0.000000 0.000000 1.000000 0.000000 0.000000
13.000000 147.372084 18.896706 0.180334 3.037149 0.000000 0.000000 0.000000 1.000000 0.000000 0.000000
13.000000 147.372828 17.961053 0.453974 3.101364 0.000000 0.000000 0.000000 1.000000 0.000000 0.000000
13.000000 147.373106 18.012782 0.409979 3.094290 0.000000 0.000000 0.000000 1.000000 0.000000 0.000000
13.000000 147.373655 17.942648 0.402485 3.073433 0.000000 0.000000 0.000000 1.000000 0.000000 0.000000
13.000000 147.376043 17.935832 0.420038 3.064435 0.000000 0.000000 0.000000 1.000000 0.000000 0.000000
13.000000 147.379278 18.095771 0.395064 3.022955 0.000000 0.000000 0.000000 1.000000 0.000000 0.000000
13.000000 147.382174 18.764070 0.196554 3.066824 0.000000 0.000000 0.000000 1.000000 0.000000 0.000000
13.000000 147.383066 17.959401 0.435726 3.115568 0.000000 0.000000 0.000000 1.000000 0.000000 0.000000
13.000000 147.383613 17.797444 0.394903 3.103443 0.000000 0.000000 0.000000 1.000000 0.000000 0.000000
13.000000 147.386014 17.822973 0.431571 3.097127 0.000000 0.000000 0.000000 1.000000 0.000000 0.000000
13.000000 147.389250 17.990739 0.409907 3.056504 0.000000 0.000000 0.000000 1.000000 0.000000 0.000000
13.000000 147.392133 18.645761 0.213174 3.098940 0.000000 0.000000 0.000000 1.000000 0.000000 0.000000
13.000000 147.393052 17.841606 0.447925 3.148919 0.000000 0.000000 0.000000 1.000000 0.000000 0.000000
13.000000 147.393770 17.718383 0.428022 3.132376 0.000000 0.000000 0.000000 1.000000 0.000000 0.000000
13.000000 147.396019 17.668937 0.428649 3.118043 0.000000 0.000000 0.000000 1.000000 0.000000 0.000000
13.000000 147.399370 17.882214 0.409894 3.083642 0.000000 0.000000 0.000000 1.000000 0.000000 0.000000
13.000000 147.402110 18.601000 0.207115 3.135204 0.000000 0.000000 0.000000 1.000000 0.000000 0.000000
13.000000 147.403019 17.761230 0.458291 3.179977 0.000000 0.000000 0.000000 1.000000 0.000000 0.000000
13.000000 147.403562 17.558879 0.408278 3.162600 0.000000 0.000000 0.000000 1.000000 0.000000 0.000000
13.000000 147.405957 17.561787 0.442630 3.144477 0.000000 0.000000 0.000000 1.000000 0.000000 0.000000
13.000000 147.409261 17.765966 0.430678 3.105000 0.000000 0.000000 0.000000 1.000000 0.000000 0.000000
13.000000 147.412138 18.474830 0.227535 3.157875 0.000000 0.000000 0.000000 1.000000 0.000000 0.000000
13.000000 147.413070 17.632176 0.473763 3.208987 0.000000 0.000000 0.000000 1.000000 0.000000 0.000000
13.000000 147.413640 17.487126 0.445821 3.194627 0.000000 0.000000 0.000000 1.000000 0.000000 0.000000
13.000000 147.416106 17.445513 0.455843 3.173250 0.000000 0.000000 0.000000 1.000000 0.000000 0.000000
13.000000 147.419286 17.647964 0.443042 3.133722 0.000000 0.000000 0.000000 1.000000 0.000000 0.000000
13.000000 147.422181 18.435111 0.216155 3.191497 0.000000 0.000000 0.000000 1.000000 0.000000 0.000000
13.000000 147.423122 17.503232 0.485654 3.237251 0.000000 0.000000 0.000000 1.000000 0.000000 0.000000
13.000000 147.423609 17.344325 0.440873 3.220272 0.000000 0.000000 0.000000 1.000000 0.000000 0.000000
13.000000 147.425987 17.354638 0.469588 3.203159 0.000000 0.000000 0.000000 1.000000 0.000000 0.000000
13.000000 147.429172 17.531105 0.460875 3.159349 0.000000 0.000000 0.000000 1.000000 0.000000 0.000000
13.000000 147.432157 18.252980 0.254283 3.209413 0.000000 0.000000 0.000000 1.000000 0.000000 0.000000
13.000000 147.433721 17.331985 0.523591 3.261576 0.000000 0.000000 0.000000 1.000000 0.000000 0.000000
13.000000 147.436012 17.265859 0.493117 3.239621 0.000000 0.000000 0.000000 1.000000 0.000000 0.000000
13.000000 147.439253 17.405012 0.478718 3.193241 0.000000 0.000000 0.000000 1.000000 0.000000 0.000000
13.000000 147.442122 18.074388 0.281850 3.227874 0.000000 0.000000 0.000000 1.000000 0.000000 0.000000
13.000000 147.443224 17.286765 0.510402 3.276388 0.000000 0.000000 0.000000 1.000000 0.000000 0.000000
13.000000 147.443645 17.086937 0.446317 3.277283 0.000000 0.000000 0.000000 1.000000 0.000000 0.000000
13.000000 147.445963 17.149986 0.501827 3.261623 0.000000 0.000000 0.000000 1.000000 0.000000 0.000000
13.000000 147.449241 17.319492 0.495260 3.211649 0.000000 0.000000 0.000000 1.000000 0.000000 0.000000
13.000000 147.452167 18.024313 0.274058 3.257412 0.000000 0.000000 0.000000 1.000000 0.000000 0.000000
13.000000 147.453069 17.150105 0.510198 3.311430 0.000000 0.000000 0.000000 1.000000 0.000000 0.000000
13.000000 147.453787 17.005261 0.479649 3.301898 0.000000 0.000000 0.000000 1.000000 0.000000 0.000000
13.000000 147.456050 16.985980 0.502815 3.280012 0.000000 0.000000 0.000000 1.000000 0.000000 0.000000
13.000000 147.459392 17.234261 0.498463 3.236403 0.000000 0.000000 0.000000 1.000000 0.000000 0.000000
13.000000 147.463387 17.113348 0.532193 3.264223 0.000000 0.000000 0.000000 1.000000 0.000000 0.000000
13.000000 147.463550 16.892408 0.485953 3.327338 0.000000 0.000000 0.000000 1.000000 0.000000 0.000000
13.000000 147.465996 16.914868 0.530542 3.303695 0.000000 0.000000 0.000000 1.000000 0.000000 0.000000
13.000000 147.469199 17.073643 0.524326 3.253423 0.000000 0.000000 0.000000 1.000000 0.000000 0.000000
13.000000 147.472175 17.764448 0.314511 3.293021 0.000000 0.000000 0.000000 1.000000 0.000000 0.000000
13.000000 147.473114 16.956455 0.537727 3.346297 0.000000 0.000000 0.000000 1.000000 0.000000 0.000000
13.000000 147.473643 16.766102 0.477529 3.350228 0.000000 0.000000 0.000000 1.000000 0.000000 0.000000
13.000000 147.476035 16.851973 0.547563 3.328830 0.000000 0.000000 0.000000 1.000000 0.000000 0.000000
13.000000 147.479249 16.957451 0.545592 3.279018 0.000000 0.000000 0.000000 1.000000 0.000000 0.000000
13.000000 147.482183 17.631109 0.346368 3.319107 0.000000 0.000000 0.000000 1.000000 0.000000 0.000000
13.000000 147.483189 16.856195 0.562687 3.366130 0.000000 0.000000 0.000000 1.000000 0.000000 0.000000
13.000000 147.483616 16.650235 0.492800 3.369480 0.000000 0.000000 0.000000 1.000000 0.000000 0.000000
13.000000 147.485991 16.721040 0.547436 3.360795 0.000000 0.000000 0.000000 1.000000 0.000000 0.000000
13.000000 147.489215 16.903542 0.538637 3.310631 0.000000 0.000000 0.000000 1.000000 0.000000 0.000000
13.000000 147.492184 17.566182 0.339342 3.339577 0.000000 0.000000 0.000000 1.000000 0.000000 0.000000
13.000000 147.493309 16.730970 0.574277 3.389204 0.000000 0.000000 0.000000 1.000000 0.000000 0.000000
13.000000 147.493697 16.551320 0.510732 3.391957 0.000000 0.000000 0.000000 1.000000 0.000000 0.000000
13.000000 147.499271 16.656042 0.570907 3.343003 0.000000 0.000000 0.000000 1.000000 0.000000 0.000000
13.000000 147.502134 17.530960 0.343141 3.362937 0.000000 0.000000 0.000000 1.000000 0.000000 0.000000
13.000000 147.503286 16.685379 0.588079 3.419350 0.000000 0.000000 0.000000 1.000000 0.000000 0.000000
13.000000 147.503609 16.607599 0.593368 3.414958 0.000000 0.000000 0.000000 1.000000 0.000000 0.000000
13.000000 147.506005 16.490600 0.578966 3.386853 0.000000 0.000000 0.000000 1.000000 0.000000 0.000000
13.000000 147.509195 16.658617 0.571623 3.344513 0.000000 0.000000 0.000000 1.000000 0.000000 0.000000
13.000000 147.512297 17.440977 0.337051 3.386461 0.000000 0.000000 0.000000 1.000000 0.000000 0.000000
13.000000 147.513165 16.532312 0.587130 3.447026 0.000000 0.000000 0.000000 1.000000 0.000000 0.000000
13.000000 147.513974 16.452798 0.583802 3.444134 0.000000 0.000000 0.000000 1.000000 0.000000 0.000000
13.000000 147.516087 16.377418 0.582638 3.420048 0.000000 0.000000 0.000000 1.000000 0.000000 0.000000
13.000000 147.519341 16.558675 0.575755 3.371907 0.000000 0.000000 0.000000 1.000000 0.000000 0.000000
13.000000 147.522169 17.279240 0.365507 3.402783 0.000000 0.000000 0.000000 1.000000 0.000000 0.000000
13.000000 147.523162 16.429373 0.606426 3.458949 0.000000 0.000000 0.000000 1.000000 0.000000 0.000000
13.000000 147.523585 16.320079 0.581789 3.461947 0.000000 0.000000 0.000000 1.000000 0.000000 0.000000
13.000000 147.526110 16.295264 0.596333 3.443871 0.000000 0.000000 0.000000 1.000000 0.000000 0.000000
13.000000 147.529251 16.487752 0.588501 3.390037 0.000000 0.000000 0.000000 1.000000 0.000000 0.000000
13.000000 147.532179 17.340224 0.342482 3.426393 0.000000 0.000000 0.000000 1.000000 0.000000 0.000000
13.000000 147.533082 16.339640 0.627559 3.488422 0.000000 0.000000 0.000000 1.000000 0.000000 0.000000
13.000000 147.533712 16.283898 0.624294 3.486642 0.000000 0.000000 0.000000 1.000000 0.000000 0.000000
13.000000 147.539322 16.232529 0.618423 3.418240 0.000000 0.000000 0.000000 1.000000 0.000000 0.000000
13.000000 147.542174 17.226744 0.354442 3.437698 0.000000 0.000000 0.000000 1.000000 0.000000 0.000000
13.000000 147.543631 16.161759 0.659144 3.497250 0.000000 0.000000 0.000000 1.000000 0.000000 0.000000
13.000000 147.549298 16.121234 0.639240 3.437347 0.000000 0.000000 0.000000 1.000000 0.000000 0.000000
13.000000 147.552127 16.964522 0.403588 3.456133 0.000000 0.000000 0.000000 1.000000 0.000000 0.000000
13.000000 147.553103 16.125436 0.631220 3.514095 0.000000 0.000000 0.000000 1.000000 0.000000 0.000000
13.000000 147.556109 16.184314 0.655762 3.485098 0.000000 0.000000 0.000000 1.000000 0.000000 0.000000
13.000000 147.559357 16.100054 0.638235 3.432887 0.000000 0.000000 0.000000 1.000000 0.000000 0.000000
13.000000 147.562173 17.158313 0.341872 3.483643 0.000000 0.000000 0.000000 1.000000 0.000000 0.000000
13.000000 147.563905 15.962108 0.687435 3.540979 0.000000 0.000000 0.000000 1.000000 0.000000 0.000000
13.000000 147.569330 15.915670 0.666395 3.464378 0.000000 0.000000 0.000000 1.000000 0.000000 0.000000
13.000000 147.573722 15.844641 0.684371 3.474059 0.000000 0.000000 0.000000 1.000000 0.000000 0.000000
13.000000 147.576120 15.793851 0.669610 3.528661 0.000000 0.000000 0.000000 1.000000 0.000000 0.000000
13.000000 147.579334 15.925419 0.660221 3.470461 0.000000 0.000000 0.000000 1.000000 0.000000 0.000000
13.000000 147.582213 16.834028 0.411339 3.495675 0.000000 0.000000 0.000000 1.000000 0.000000 0.000000
13.000000 147.583643 15.790856 0.719221 3.560362 0.000000 0.000000 0.000000 1.000000 0.000000 0.000000
13.000000 147.589413 15.730516 0.688861 3.499759 0.000000 0.000000 0.000000 1.000000 0.000000 0.000000
13.000000 147.592258 16.722056 0.437472 3.508259 0.000000 0.000000 0.000000 1.000000 0.000000 0.000000
13.000000 147.593974 15.703082 0.736955 3.570699 0.000000 0.000000 0.000000 1.000000 0.000000 0.000000
13.000000 147.596318 15.569336 0.680599 3.552809 0.000000 0.000000 0.000000 1.000000 0.000000 0.000000
13.000000 147.599357 15.776116 0.673631 3.494381 0.000000 0.000000 0.000000 1.000000 0.000000 0.000000
13.000000 147.603198 15.631366 0.704854 3.516787 0.000000 0.000000 0.000000 1.000000 0.000000 0.000000
13.000000 147.603631 15.722604 0.790666 3.582690 0.000000 0.000000 0.000000 1.000000 0.000000 0.000000
13.000000 147.606031 15.444588 0.700589 3.557789 0.000000 0.000000 0.000000 1.000000 0.000000 0.000000
13.000000 147.609290 15.658441 0.694954 3.505185 0.000000 0.000000 0.000000 1.000000 0.000000 0.000000
13.000000 147.613082 15.571539 0.713037 3.533909 0.000000 0.000000 0.000000 1.000000 0.000000 0.000000
13.000000 147.613741 15.653990 0.797927 3.600571 0.000000 0.000000 0.000000 1.000000 0.000000 0.000000
13.000000 147.616319 15.365928 0.710250 3.568876 0.000000 0.000000 0.000000 1.000000 0.000000 0.000000
13.000000 147.619467 15.532157 0.705026 3.509769 0.000000 0.000000 0.000000 1.000000 0.000000 0.000000
13.000000 147.623186 15.423491 0.726744 3.530125 0.000000 0.000000 0.000000 1.000000 0.000000 0.000000
13.000000 147.623645 15.367636 0.738760 3.599616 0.000000 0.000000 0.000000 1.000000 0.000000 0.000000
13.000000 147.626104 15.256196 0.718277 3.581432 0.000000 0.000000 0.000000 1.000000 0.000000 0.000000
13.000000 147.629361 15.456547 0.713704 3.521087 0.000000 0.000000 0.000000 1.000000 0.000000 0.000000
13.000000 147.632280 16.346575 0.461606 3.547520 0.000000 0.000000 0.000000 1.000000 0.000000 0.000000
13.000000 147.633126 15.300190 0.762724 3.609170 0.000000 0.000000 0.000000 1.000000 0.000000 0.000000
13.000000 147.633762 15.230475 0.745567 3.611942 0.000000 0.000000 0.000000 1.000000 0.000000 0.000000
13.000000 147.636096 15.145774 0.731145 3.587170 0.000000 0.000000 0.000000 1.000000 0.000000 0.000000
13.000000 147.639381 15.300884 0.729959 3.526358 0.000000 0.000000 0.000000 1.000000 0.000000 0.000000
13.000000 147.642260 16.064733 0.502946 3.553401 0.000000 0.000000 0.000000 1.000000 0.000000 0.000000
13.000000 147.643260 15.144088 0.758823 3.620290 0.000000 0.000000 0.000000 1.000000 0.000000 0.000000
13.000000 147.643709 15.267452 0.827772 3.619919 0.000000 0.000000 0.000000 1.000000 0.000000 0.000000
13.000000 147.646057 15.011732 0.735815 3.595188 0.000000 0.000000 0.000000 1.000000 0.000000 0.000000
13.000000 147.649420 15.284525 0.735550 3.538605 0.000000 0.000000 0.000000 1.000000 0.000000 0.000000
13.000000 147.653214 15.096740 0.777513 3.553302 0.000000 0.000000 0.000000 1.000000 0.000000 0.000000
13.000000 147.653764 15.075091 0.793438 3.616321 0.000000 0.000000 0.000000 1.000000 0.000000 0.000000
13.000000 147.656404 14.945202 0.758425 3.592326 0.000000 0.000000 0.000000 1.000000 0.000000 0.000000
13.000000 147.659425 15.119288 0.759366 3.536916 0.000000 0.000000 0.000000 1.000000 0.000000 0.000000
13.000000 147.663283 15.014340 0.784443 3.572015 0.000000 0.000000 0.000000 1.000000 0.000000 0.000000
13.000000 147.663673 15.131690 0.867187 3.638207 0.000000 0.000000 0.000000 1.000000 0.000000 0.000000
13.000000 147.666066 14.830770 0.761943 3.603511 0.000000 0.000000 0.000000 1.000000 0.000000 0.000000
13.000000 147.669382 15.019367 0.762327 3.543535 0.000000 0.000000 0.000000 1.000000 0.000000 0.000000
13.000000 147.672263 15.809278 0.547800 3.563933 0.000000 0.000000 0.000000 1.000000 0.000000 0.000000
13.000000 147.673221 14.908705 0.814304 3.634914 0.000000 0.000000 0.000000 1.000000 0.000000 0.000000
13.000000 147.673875 15.091349 0.908968 3.642956 0.000000 0.000000 0.000000 1.000000 0.000000 0.000000
13.000000 147.676210 14.726999 0.773528 3.608025 0.000000 0.000000 0.000000 1.000000 0.000000 0.000000
13.000000 147.679357 14.926165 0.772726 3.550790 0.000000 0.000000 0.000000 1.000000 0.000000 0.000000
13.000000 147.682311 15.615616 0.571440 3.569423 0.000000 0.000000 0.000000 1.000000 0.000000 0.000000
13.000000 147.683321 14.784703 0.807261 3.643800 0.000000 0.000000 0.000000 1.000000 0.000000 0.000000
13.000000 147.683733 15.058154 0.947308 3.650013 0.000000 0.000000 0.000000 1.000000 0.000000 0.000000
13.000000 147.686106 14.622648 0.787118 3.611051 0.000000 0.000000 0.000000 1.000000 0.000000 0.000000
13.000000 147.689398 14.816174 0.786375 3.551822 0.000000 0.000000 0.000000 1.000000 0.000000 0.000000
13.000000 147.692243 15.656624 0.562028 3.571474 0.000000 0.000000 0.000000 1.000000 0.000000 0.000000
13.000000 147.693309 14.728310 0.840038 3.632930 0.000000 0.000000 0.000000 1.000000 0.000000 0.000000
13.000000 147.693845 14.836817 0.914989 3.641916 0.000000 0.000000 0.000000 1.000000 0.000000 0.000000
13.000000 147.696122 14.469824 0.796781 3.611518 0.000000 0.000000 0.000000 1.000000 0.000000 0.000000
13.000000 147.699281 14.704946 0.799852 3.550345 0.000000 0.000000 0.000000 1.000000 0.000000 0.000000
13.000000 147.703801 14.459900 0.844265 3.569701 0.000000 0.000000 0.000000 1.000000 0.000000 0.000000
13.000000 147.706066 14.354589 0.808466 3.614206 0.000000 0.000000 0.000000 1.000000 0.000000 0.000000
13.000000 147.709300 14.647818 0.810116 3.553042 0.000000 0.000000 0.000000 1.000000 0.000000 0.000000
13.000000 147.712259 15.317128 0.603989 3.573663 0.000000 0.000000 0.000000 1.000000 0.000000 0.000000
13.000000 147.713265 14.465716 0.838813 3.642974 0.000000 0.000000 0.000000 1.000000 0.000000 0.000000
13.000000 147.713769 14.658045 0.943190 3.643056 0.000000 0.000000 0.000000 1.000000 0.000000 0.000000
13.000000 147.716235 14.287109 0.814390 3.609294 0.000000 0.000000 0.000000 1.000000 0.000000 0.000000
13.000000 147.719384 14.536585 0.818588 3.549380 0.000000 0.000000 0.000000 1.000000 0.000000 0.000000
13.000000 147.722225 15.299221 0.601299 3.576217 0.000000 0.000000 0.000000 1.000000 0.000000 0.000000
13.000000 147.723276 14.354571 0.873188 3.633428 0.000000 0.000000 0.000000 1.000000 0.000000 0.000000
13.000000 147.723665 14.334773 0.867641 3.627466 0.000000 0.000000 0.000000 1.000000 0.000000 0.000000
13.000000 147.729313 14.301318 0.856442 3.569263 0.000000 0.000000 0.000000 1.000000 0.000000 0.000000
13.000000 147.732242 15.014058 0.658611 3.566976 0.000000 0.000000 0.000000 1.000000 0.000000 0.000000
13.000000 147.733152 14.255016 0.867512 3.637030 0.000000 0.000000 0.000000 1.000000 0.000000 0.000000
13.000000 147.733788 14.466209 0.973532 3.636947 0.000000 0.000000 0.000000 1.000000 0.000000 0.000000
13.000000 147.736174 14.113357 0.844921 3.602795 0.000000 0.000000 0.000000 1.000000 0.000000 0.000000
13.000000 147.739443 14.348712 0.847445 3.544704 0.000000 0.000000 0.000000 1.000000 0.000000 0.000000
13.000000 147.742272 14.858834 0.677937 3.562600 0.000000 0.000000 0.000000 1.000000 0.000000 0.000000
13.000000 147.743319 14.136566 0.870934 3.634638 0.000000 0.000000 0.000000 1.000000 0.000000 0.000000
13.000000 147.743656 14.402406 1.004078 3.631801 0.000000 0.000000 0.000000 1.000000 0.000000 0.000000
13.000000 147.746177 14.012545 0.860879 3.599804 0.000000 0.000000 0.000000 1.000000 0.000000 0.000000
13.000000 147.749440 14.255690 0.861136 3.542238 0.000000 0.000000 0.000000 1.000000 0.000000 0.000000
13.000000 147.752313 14.683949 0.702969 3.556382 0.000000 0.000000 0.000000 1.000000 0.000000 0.000000
13.000000 147.753176 14.033013 0.867799 3.622773 0.000000 0.000000 0.000000 1.000000 0.000000 0.000000
13.000000 147.753803 14.307412 1.022518 3.625335 0.000000 0.000000 0.000000 1.000000 0.000000 0.000000
13.000000 147.756199 13.822733 0.861665 3.598199 0.000000 0.000000 0.000000 1.000000 0.000000 0.000000
13.000000 147.759467 14.171659 0.868905 3.535750 0.000000 0.000000 0.000000 1.000000 0.000000 0.000000
13.000000 147.762259 14.508347 0.736519 3.547043 0.000000 0.000000 0.000000 1.000000 0.000000 0.000000
13.000000 147.763296 13.936850 0.879172 3.622156 0.000000 0.000000 0.000000 1.000000 0.000000 0.000000
13.000000 147.763793 14.215179 1.025201 3.630821 0.000000 0.000000 0.000000 1.000000 0.000000 0.000000
13.000000 147.766122 13.777473 0.874684 3.592236 0.000000 0.000000 0.000000 1.000000 0.000000 0.000000
13.000000 147.769423 14.016005 0.880040 3.530891 0.000000 0.000000 0.000000 1.000000 0.000000 0.000000
13.000000 147.772237 14.424996 0.732846 3.547846 0.000000 0.000000 0.000000 1.000000 0.000000 0.000000
13.000000 147.773197 13.820661 0.887827 3.616426 0.000000 0.000000 0.000000 1.000000 0.000000 0.000000
13.000000 147.773791 14.098820 1.030978 3.613059 0.000000 0.000000 0.000000 1.000000 0.000000 0.000000
13.000000 147.776265 13.705394 0.891646 3.583109 0.000000 0.000000 0.000000 1.000000 0.000000 0.000000
13.000000 147.779548 13.955537 0.893591 3.527476 0.000000 0.000000 0.000000 1.000000 0.000000 0.000000
13.000000 147.782241 14.295287 0.753534 3.542943 0.000000 0.000000 0.000000 1.000000 0.000000 0.000000
13.000000 147.783311 13.689438 0.901823 3.610727 0.000000 0.000000 0.000000 1.000000 0.000000 0.000000
13.000000 147.783722 13.903537 1.011298 3.603417 0.000000 0.000000 0.000000 1.000000 0.000000 0.000000
13.000000 147.786139 13.585726 0.901419 3.569675 0.000000 0.000000 0.000000 1.000000 0.000000 0.000000
13.000000 147.789546 13.796328 0.905684 3.513657 0.000000 0.000000 0.000000 1.000000 0.000000 0.000000
13.000000 147.792253 14.203212 0.767345 3.528283 0.000000 0.000000 0.000000 1.000000 0.000000 0.000000
13.000000 147.793180 13.627255 0.921269 3.594194 0.000000 0.000000 0.000000 1.000000 0.000000 0.000000
13.000000 147.793830 13.811943 1.015285 3.594945 0.000000 0.000000 0.000000 1.000000 0.000000 0.000000
13.000000 147.796169 13.474746 0.899463 3.555084 0.000000 0.000000 0.000000 1.000000 0.000000 0.000000
13.000000 147.799574 13.740520 0.912911 3.502833 0.000000 0.000000 0.000000 1.000000 0.000000 0.000000
13.000000 147.802341 13.878443 0.825633 3.524410 0.000000 0.000000 0.000000 1.000000 0.000000 0.000000
13.000000 147.803296 13.468520 0.910889 3.587127 0.000000 0.000000 0.000000 1.000000 0.000000 0.000000
13.000000 147.803795 13.738585 1.048316 3.579035 0.000000 0.000000 0.000000 1.000000 0.000000 0.000000
13.000000 147.806149 13.388647 0.925494 3.546446 0.000000 0.000000 0.000000 1.000000 0.000000 0.000000
13.000000 147.809657 13.643470 0.932299 3.495623 0.000000 0.000000 0.000000 1.000000 0.000000 0.000000
13.000000 147.813202 13.500031 0.965273 3.526240 0.000000 0.000000 0.000000 1.000000 0.000000 0.000000
13.000000 147.814080 13.624682 1.049450 3.587625 0.000000 0.000000 0.000000 1.000000 0.000000 0.000000
13.000000 147.816208 13.254158 0.930720 3.548952 0.000000 0.000000 0.000000 1.000000 0.000000 0.000000
13.000000 147.819473 13.495688 0.941566 3.488358 0.000000 0.000000 0.000000 1.000000 0.000000 0.000000
13.000000 147.822284 13.811077 0.819418 3.507954 0.000000 0.000000 0.000000 1.000000 0.000000 0.000000
13.000000 147.823365 13.304821 0.945568 3.574107 0.000000 0.000000 0.000000 1.000000 0.000000 0.000000
13.000000 147.823755 13.529574 1.060816 3.569357 0.000000 0.000000 0.000000 1.000000 0.000000 0.000000
13.000000 147.826180 13.197153 0.945719 3.537591 0.000000 0.000000 0.000000 1.000000 0.000000 0.000000
13.000000 147.829611 13.406364 0.948237 3.484545 0.000000 0.000000 0.000000 1.000000 0.000000 0.000000
13.000000 147.832337 13.746258 0.823953 3.496375 0.000000 0.000000 0.000000 1.000000 0.000000 0.000000
13.000000 147.833159 13.222245 0.962001 3.559868 0.000000 0.000000 0.000000 1.000000 0.000000 0.000000
13.000000 147.833864 13.393580 1.053974 3.560581 0.000000 0.000000 0.000000 1.000000 0.000000 0.000000
13.000000 147.836246 13.057512 0.944286 3.526230 0.000000 0.000000 0.000000 1.000000 0.000000 0.000000
13.000000 147.839488 13.340151 0.956510 3.470514 0.000000 0.000000 0.000000 1.000000 0.000000 0.000000
13.000000 147.842339 13.595053 0.850360 3.489100 0.000000 0.000000 0.000000 1.000000 0.000000 0.000000
13.000000 147.843221 13.113494 0.970191 3.554426 0.000000 0.000000 0.000000 1.000000 0.000000 0.000000
13.000000 147.843800 13.313130 1.075735 3.552800 0.000000 0.000000 0.000000 1.000000 0.000000 0.000000
13.000000 147.846123 12.962433 0.961276 3.514265 0.000000 0.000000 0.000000 1.000000 0.000000 0.000000
13.000000 147.849499 13.185993 0.971480 3.460077 0.000000 0.000000 0.000000 1.000000 0.000000 0.000000
13.000000 147.852297 13.546122 0.844331 3.483149 0.000000 0.000000 0.000000 1.000000 0.000000 0.000000
13.000000 147.853278 13.023254 0.981146 3.554176 0.000000 0.000000 0.000000 1.000000 0.000000 0.000000
13.000000 147.853837 13.331411 1.143829 3.549260 0.000000 0.000000 0.000000 1.000000 0.000000 0.000000
13.000000 147.856309 12.819576 0.972181 3.505029 0.000000 0.000000 0.000000 1.000000 0.000000 0.000000
13.000000 147.859488 13.115327 0.984578 3.449710 0.000000 0.000000 0.000000 1.000000 0.000000 0.000000
13.000000 147.862354 13.488547 0.849139 3.476677 0.000000 0.000000 0.000000 1.000000 0.000000 0.000000
13.000000 147.863286 12.916845 0.997372 3.547971 0.000000 0.000000 0.000000 1.000000 0.000000 0.000000
13.000000 147.863656 13.147638 1.118995 3.539885 0.000000 0.000000 0.000000 1.000000 0.000000 0.000000
13.000000 147.866152 12.740830 0.985329 3.497277 0.000000 0.000000 0.000000 1.000000 0.000000 0.000000
13.000000 147.869479 13.042499 0.999091 3.436979 0.000000 0.000000 0.000000 1.000000 0.000000 0.000000
13.000000 147.872858 13.362801 0.874875 3.459746 0.000000 0.000000 0.000000 1.000000 0.000000 0.000000
13.000000 147.873271 12.835227 1.008914 3.535429 0.000000 0.000000 0.000000 1.000000 0.000000 0.000000
13.000000 147.873874 13.082270 1.134530 3.527656 0.000000 0.000000 0.000000 1.000000 0.000000 0.000000
13.000000 147.876237 12.718247 1.011742 3.483021 0.000000 0.000000 0.000000 1.000000 0.000000 0.000000
13.000000 147.879426 12.917473 1.018934 3.427827 0.000000 0.000000 0.000000 1.000000 0.000000 0.000000
13.000000 147.883051 13.214839 0.897184 3.448327 0.000000 0.000000 0.000000 1.000000 0.000000 0.000000
13.000000 147.883243 12.725529 1.017586 3.521340 0.000000 0.000000 0.000000 1.000000 0.000000 0.000000
13.000000 147.883623 12.932514 1.123682 3.515052 0.000000 0.000000 0.000000 1.000000 0.000000 0.000000
13.000000 147.886138 12.629186 1.021654 3.479357 0.000000 0.000000 0.000000 1.000000 0.000000 0.000000
13.000000 147.889565 12.852383 1.025249 3.420432 0.000000 0.000000 0.000000 1.000000 0.000000 0.000000
13.000000 147.892585 13.124190 0.909161 3.430979 0.000000 0.000000 0.000000 1.000000 0.000000 0.000000
13.000000 147.893275 12.632225 1.033851 3.504049 0.000000 0.000000 0.000000 1.000000 0.000000 0.000000
13.000000 147.893865 12.857461 1.147418 3.493946 0.000000 0.000000 0.000000 1.000000 0.000000 0.000000
13.000000 147.896260 12.542753 1.037949 3.457702 0.000000 0.000000 0.000000 1.000000 0.000000 0.000000
13.000000 147.899442 12.717895 1.036536 3.404039 0.000000 0.000000 0.000000 1.000000 0.000000 0.000000
13.000000 147.902644 12.930722 0.934960 3.408814 0.000000 0.000000 0.000000 1.000000 0.000000 0.000000
13.000000 147.903251 12.509952 1.038679 3.475219 0.000000 0.000000 0.000000 1.000000 0.000000 0.000000
13.000000 147.903797 12.615102 1.100468 3.485046 0.000000 0.000000 0.000000 1.000000 0.000000 0.000000
13.000000 147.906155 12.388847 1.039957 3.453886 0.000000 0.000000 0.000000 1.000000 0.000000 0.000000
13.000000 147.909434 12.653122 1.052984 3.385319 0.000000 0.000000 0.000000 1.000000 0.000000 0.000000
13.000000 147.912537 12.838396 0.958969 3.394680 0.000000 0.000000 0.000000 1.000000 0.000000 0.000000
13.000000 147.913208 12.416699 1.061992 3.466287 0.000000 0.000000 0.000000 1.000000 0.000000 0.000000
13.000000 147.913813 12.661304 1.188770 3.457601 0.000000 0.000000 0.000000 1.000000 0.000000 0.000000
13.000000 147.916224 12.236233 1.043442 3.418186 0.000000 0.000000 0.000000 1.000000 0.000000 0.000000
13.000000 147.919536 12.589290 1.054257 3.362371 0.000000 0.000000 0.000000 1.000000 0.000000 0.000000
13.000000 147.922324 12.770265 0.959749 3.375336 0.000000 0.000000 0.000000 1.000000 0.000000 0.000000
13.000000 147.923260 12.318803 1.070908 3.447973 0.000000 0.000000 0.000000 1.000000 0.000000 0.000000
13.000000 147.923763 12.479107 1.150281 3.439589 0.000000 0.000000 0.000000 1.000000 0.000000 0.000000
13.000000 147.926320 12.213136 1.059834 3.402490 0.000000 0.000000 0.000000 1.000000 0.000000 0.000000
13.000000 147.929389 12.477105 1.066494 3.343718 0.000000 0.000000 0.000000 1.000000 0.000000 0.000000
13.000000 147.932350 12.709417 0.960488 3.355065 0.000000 0.000000 0.000000 1.000000 0.000000 0.000000
13.000000 147.933326 12.233826 1.082227 3.429126 0.000000 0.000000 0.000000 1.000000 0.000000 0.000000
13.000000 147.933878 12.371749 1.151364 3.423976 0.000000 0.000000 0.000000 1.000000 0.000000 0.000000
13.000000 147.936271 12.120647 1.071974 3.382257 0.000000 0.000000 0.000000 1.000000 0.000000 0.000000
13.000000 147.939408 12.351757 1.081491 3.320125 0.000000 0.000000 0.000000 1.000000 0.000000 0.000000
13.000000 147.942380 12.562123 0.984885 3.329747 0.000000 0.000000 0.000000 1.000000 0.000000 0.000000
13.000000 147.943435 12.128252 1.096736 3.401508 0.000000 0.000000 0.000000 1.000000 0.000000 0.000000
13.000000 147.943942 12.317018 1.196464 3.396424 0.000000 0.000000 0.000000 1.000000 0.000000 0.000000
13.000000 147.946325 11.975626 1.085341 3.359410 0.000000 0.000000 0.000000 1.000000 0.000000 0.000000
13.000000 147.949467 12.252234 1.091724 3.299585 0.000000 0.000000 0.000000 1.000000 0.000000 0.000000
13.000000 147.952349 12.412069 1.002612 3.304742 0.000000 0.000000 0.000000 1.000000 0.000000 0.000000
13.000000 147.953304 12.042479 1.091433 3.376334 0.000000 0.000000 0.000000 1.000000 0.000000 0.000000
13.000000 147.953816 12.292893 1.229383 3.372969 0.000000 0.000000 0.000000 1.000000 0.000000 0.000000
13.000000 147.956444 11.865910 1.094490 3.334133 0.000000 0.000000 0.000000 1.000000 0.000000 0.000000
13.000000 147.959482 12.142081 1.102234 3.276406 0.000000 0.000000 0.000000 1.000000 0.000000 0.000000
13.000000 147.962404 12.348362 1.008302 3.284398 0.000000 0.000000 0.000000 1.000000 0.000000 0.000000
13.000000 147.962906 11.852678 1.136930 3.337704 0.000000 0.000000 0.000000 1.000000 0.000000 0.000000
13.000000 147.963420 11.905382 1.102627 3.352772 0.000000 0.000000 0.000000 1.000000 0.000000 0.000000
13.000000 147.963935 12.101344 1.207334 3.348130 0.000000 0.000000 0.000000 1.000000 0.000000 0.000000
13.000000 147.966222 11.810215 1.111705 3.308111 0.000000 0.000000 0.000000 1.000000 0.000000 0.000000
13.000000 147.969365 12.004956 1.115059 3.254600 0.000000 0.000000 0.000000 1.000000 0.000000 0.000000
13.000000 147.972368 12.245242 1.015124 3.263532 0.000000 0.000000 0.000000 1.000000 0.000000 0.000000
13.000000 147.973236 11.729217 1.157579 3.324051 0.000000 0.000000 0.000000 1.000000 0.000000 0.000000
13.000000 147.973293 11.810780 1.111027 3.337949 0.000000 0.000000 0.000000 1.000000 0.000000 0.000000
13.000000 147.973878 11.976685 1.199435 3.328212 0.000000 0.000000 0.000000 1.000000 0.000000 0.000000
13.000000 147.976312 11.713932 1.117459 3.287095 0.000000 0.000000 0.000000 1.000000 0.000000 0.000000
13.000000 147.979397 12.006687 1.134639 3.229876 0.000000 0.000000 0.000000 1.000000 0.000000 0.000000
13.000000 147.982356 12.019783 1.081806 3.237650 0.000000 0.000000 0.000000 1.000000 0.000000 0.000000
13.000000 147.983095 11.607803 1.185718 3.300280 0.000000 0.000000 0.000000 1.000000 0.000000 0.000000
13.000000 147.983391 11.720167 1.126615 3.315633 0.000000 0.000000 0.000000 1.000000 0.000000 0.000000
13.000000 147.983849 11.875330 1.208827 3.300373 0.000000 0.000000 0.000000 1.000000 0.000000 0.000000
13.000000 147.986261 11.620083 1.130018 3.260144 0.000000 0.000000 0.000000 1.000000 0.000000 0.000000
13.000000 147.989409 11.848118 1.139277 3.201612 0.000000 0.000000 0.000000 1.000000 0.000000 0.000000
13.000000 147.992355 11.996408 1.057475 3.208848 0.000000 0.000000 0.000000 1.000000 0.000000 0.000000
13.000000 147.993044 11.584937 1.167763 3.270408 0.000000 0.000000 0.000000 1.000000 0.000000 0.000000
13.000000 147.993610 11.632302 1.146065 3.285516 0.000000 0.000000 0.000000 1.000000 0.000000 0.000000
13.000000 147.993982 11.757814 1.213044 3.276376 0.000000 0.000000 0.000000 1.000000 0.000000 0.000000
13.000000 147.996375 11.497445 1.134761 3.235154 0.000000 0.000000 0.000000 1.000000 0.000000 0.000000
13.000000 147.999492 11.771270 1.149386 3.173793 0.000000 0.000000 0.000000 1.000000 0.000000 0.000000
13.000000 148.002366 11.818408 1.085179 3.180787 0.000000 0.000000 0.000000 1.000000 0.000000 0.000000
13.000000 148.002987 11.545746 1.147935 3.240412 0.000000 0.000000 0.000000 1.000000 0.000000 0.000000
13.000000 148.003361 11.555296 1.153224 3.258210 0.000000 0.000000 0.000000 1.000000 0.000000 0.000000
13.000000 148.003851 11.752800 1.263646 3.243436 0.000000 0.000000 0.000000 1.000000 0.000000 0.000000
13.000000 148.006202 11.390561 1.150178 3.204785 0.000000 0.000000 0.000000 1.000000 0.000000 0.000000
13.000000 148.009476 11.667976 1.159786 3.150662 0.000000 0.000000 0.000000 1.000000 0.000000 0.000000
13.000000 148.012355 11.758597 1.091489 3.156420 0.000000 0.000000 0.000000 1.000000 0.000000 0.000000
13.000000 148.013226 11.358407 1.202760 3.222713 0.000000 0.000000 0.000000 1.000000 0.000000 0.000000
13.000000 148.013372 11.442730 1.164439 3.237773 0.000000 0.000000 0.000000 1.000000 0.000000 0.000000
13.000000 148.014061 11.628701 1.266173 3.215414 0.000000 0.000000 0.000000 1.000000 0.000000 0.000000
13.000000 148.016274 11.285010 1.156450 3.177034 0.000000 0.000000 0.000000 1.000000 0.000000 0.000000
13.000000 148.019455 11.635924 1.174074 3.124515 0.000000 0.000000 0.000000 1.000000 0.000000 0.000000
13.000000 148.022361 11.603642 1.138283 3.127301 0.000000 0.000000 0.000000 1.000000 0.000000 0.000000
13.000000 148.023002 11.163403 1.262112 3.193899 0.000000 0.000000 0.000000 1.000000 0.000000 0.000000
13.000000 148.023439 11.334342 1.173436 3.209295 0.000000 0.000000 0.000000 1.000000 0.000000 0.000000
13.000000 148.023810 11.438640 1.226122 3.189650 0.000000 0.000000 0.000000 1.000000 0.000000 0.000000
13.000000 148.026215 11.238792 1.167671 3.149607 0.000000 0.000000 0.000000 1.000000 0.000000 0.000000
13.000000 148.029466 11.504906 1.182850 3.087246 0.000000 0.000000 0.000000 1.000000 0.000000 0.000000
13.000000 148.032417 11.559586 1.122278 3.090593 0.000000 0.000000 0.000000 1.000000 0.000000 0.000000
13.000000 148.033106 11.116438 1.250295 3.162831 0.000000 0.000000 0.000000 1.000000 0.000000 0.000000
13.000000 148.033330 11.246026 1.188321 3.179142 0.000000 0.000000 0.000000 1.000000 0.000000 0.000000
13.000000 148.034073 11.354860 1.245029 3.160105 0.000000 0.000000 0.000000 1.000000 0.000000 0.000000
13.000000 148.036330 11.115896 1.173331 3.121570 0.000000 0.000000 0.000000 1.000000 0.000000 0.000000
13.000000 148.039544 11.400440 1.188549 3.062483 0.000000 0.000000 0.000000 1.000000 0.000000 0.000000
13.000000 148.042381 11.439263 1.132823 3.066396 0.000000 0.000000 0.000000 1.000000 0.000000 0.000000
13.000000 148.043162 11.047143 1.244409 3.134213 0.000000 0.000000 0.000000 1.000000 0.000000 0.000000
13.000000 148.043423 11.147336 1.198979 3.149347 0.000000 0.000000 0.000000 1.000000 0.000000 0.000000
13.000000 148.043869 11.256384 1.255464 3.129802 0.000000 0.000000 0.000000 1.000000 0.000000 0.000000
13.000000 148.046207 11.036162 1.192592 3.087475 0.000000 0.000000 0.000000 1.000000 0.000000 0.000000
13.000000 148.049492 11.272450 1.209326 3.030853 0.000000 0.000000 0.000000 1.000000 0.000000 0.000000
13.000000 148.052385 11.242549 1.169697 3.032281 0.000000 0.000000 0.000000 1.000000 0.000000 0.000000
13.000000 148.053182 10.986681 1.237921 3.090896 0.000000 0.000000 0.000000 1.000000 0.000000 0.000000
13.000000 148.053328 11.072902 1.204327 3.105783 0.000000 0.000000 0.000000 1.000000 0.000000 0.000000
13.000000 148.056327 11.113446 1.228908 3.063572 0.000000 0.000000 0.000000 1.000000 0.000000 0.000000
13.000000 148.059476 11.169778 1.218446 3.000333 0.000000 0.000000 0.000000 1.000000 0.000000 0.000000
13.000000 148.062452 11.218430 1.164241 3.000060 0.000000 0.000000 0.000000 1.000000 0.000000 0.000000
13.000000 148.063216 10.805907 1.288218 3.067536 0.000000 0.000000 0.000000 1.000000 0.000000 0.000000
13.000000 148.063411 10.956404 1.215419 3.085317 0.000000 0.000000 0.000000 1.000000 0.000000 0.000000
13.000000 148.063725 11.116725 1.306804 3.063639 0.000000 0.000000 0.000000 1.000000 0.000000 0.000000
13.000000 148.066231 10.793473 1.211953 3.023233 0.000000 0.000000 0.000000 1.000000 0.000000 0.000000
13.000000 148.069496 11.103615 1.229137 2.964595 0.000000 0.000000 0.000000 1.000000 0.000000 0.000000
13.000000 148.072399 11.121310 1.177345 2.969548 0.000000 0.000000 0.000000 1.000000 0.000000 0.000000
13.000000 148.073101 10.762879 1.275652 3.034708 0.000000 0.000000 0.000000 1.000000 0.000000 0.000000
13.000000 148.073484 10.864781 1.228167 3.047903 0.000000 0.000000 0.000000 1.000000 0.000000 0.000000
13.000000 148.074002 10.972767 1.284945 3.026948 0.000000 0.000000 0.000000 1.000000 0.000000 0.000000
13.000000 148.076319 10.759098 1.224804 2.985861 0.000000 0.000000 0.000000 1.000000 0.000000 0.000000
13.000000 148.079527 10.999490 1.244058 2.932838 0.000000 0.000000 0.000000 1.000000 0.000000 0.000000
13.000000 148.082365 10.994391 1.200635 2.939882 0.000000 0.000000 0.000000 1.000000 0.000000 0.000000
13.000000 148.082985 10.696871 1.276648 2.997051 0.000000 0.000000 0.000000 1.000000 0.000000 0.000000
13.000000 148.083530 10.767095 1.244467 3.007246 0.000000 0.000000 0.000000 1.000000 0.000000 0.000000
13.000000 148.083813 10.848443 1.289605 2.994260 0.000000 0.000000 0.000000 1.000000 0.000000 0.000000
13.000000 148.086304 10.620999 1.229895 2.956184 0.000000 0.000000 0.000000 1.000000 0.000000 0.000000
13.000000 148.089468 10.907174 1.254732 2.899629 0.000000 0.000000 0.000000 1.000000 0.000000 0.000000
13.000000 148.092391 10.873422 1.222563 2.904097 0.000000 0.000000 0.000000 1.000000 0.000000 0.000000
13.000000 148.093077 10.537035 1.318782 2.966063 0.000000 0.000000 0.000000 1.000000 0.000000 0.000000
13.000000 148.093464 10.668111 1.256539 2.979734 0.000000 0.000000 0.000000 1.000000 0.000000 0.000000
13.000000 148.094017 10.763665 1.307273 2.958507 0.000000 0.000000 0.000000 1.000000 0.000000 0.000000
13.000000 148.096281 10.552910 1.249640 2.919347 0.000000 0.000000 0.000000 1.000000 0.000000 0.000000
13.000000 148.099523 10.772020 1.265701 2.866142 0.000000 0.000000 0.000000 1.000000 0.000000 0.000000
13.000000 148.102522 10.780872 1.223683 2.867601 0.000000 0.000000 0.000000 1.000000 0.000000 0.000000
13.000000 148.103033 10.479406 1.309089 2.923312 0.000000 0.000000 0.000000 1.000000 0.000000 0.000000
13.000000 148.103502 10.582171 1.260109 2.933149 0.000000 0.000000 0.000000 1.000000 0.000000 0.000000
13.000000 148.104890 10.699386 1.334244 2.920086 0.000000 0.000000 0.000000 1.000000 0.000000 0.000000
13.000000 148.106259 10.385162 1.250801 2.888637 0.000000 0.000000 0.000000 1.000000 0.000000 0.000000
13.000000 148.109465 10.704719 1.271621 2.830780 0.000000 0.000000 0.000000 1.000000 0.000000 0.000000
13.000000 148.112364 10.634249 1.248781 2.826769 0.000000 0.000000 0.000000 1.000000 0.000000 0.000000
13.000000 148.113104 10.340287 1.338600 2.885934 0.000000 0.000000 0.000000 1.000000 0.000000 0.000000
13.000000 148.113404 10.480668 1.276344 2.903619 0.000000 0.000000 0.000000 1.000000 0.000000 0.000000
13.000000 148.114131 10.644740 1.372123 2.876170 0.000000 0.000000 0.000000 1.000000 0.000000 0.000000
13.000000 148.116286 10.313879 1.271257 2.839027 0.000000 0.000000 0.000000 1.000000 0.000000 0.000000
13.000000 148.119595 10.622116 1.286589 2.789806 0.000000 0.000000 0.000000 1.000000 0.000000 0.000000
13.000000 148.122509 10.583573 1.253761 2.792697 0.000000 0.000000 0.000000 1.000000 0.000000 0.000000
13.000000 148.123015 10.267440 1.342050 2.853113 0.000000 0.000000 0.000000 1.000000 0.000000 0.000000
13.000000 148.123439 10.388210 1.284050 2.864239 0.000000 0.000000 0.000000 1.000000 0.000000 0.000000
13.000000 148.123782 10.489232 1.342959 2.845157 0.000000 0.000000 0.000000 1.000000 0.000000 0.000000
13.000000 148.126253 10.220283 1.270049 2.808316 0.000000 0.000000 0.000000 1.000000 0.000000 0.000000
13.000000 148.129514 10.563515 1.300142 2.752601 0.000000 0.000000 0.000000 1.000000 0.000000 0.000000
13.000000 148.132397 10.442275 1.285534 2.756810 0.000000 0.000000 0.000000 1.000000 0.000000 0.000000
13.000000 148.133240 10.189008 1.347174 2.811886 0.000000 0.000000 0.000000 1.000000 0.000000 0.000000
13.000000 148.133306 10.292723 1.298651 2.824444 0.000000 0.000000 0.000000 1.000000 0.000000 0.000000
13.000000 148.133885 10.385246 1.351370 2.807059 0.000000 0.000000 0.000000 1.000000 0.000000 0.000000
13.000000 148.136304 10.131376 1.282307 2.768743 0.000000 0.000000 0.000000 1.000000 0.000000 0.000000
13.000000 148.139575 10.401995 1.304028 2.715811 0.000000 0.000000 0.000000 1.000000 0.000000 0.000000
13.000000 148.142380 10.362337 1.280547 2.714666 0.000000 0.000000 0.000000 1.000000 0.000000 0.000000
13.000000 148.143052 10.081117 1.366617 2.768384 0.000000 0.000000 0.000000 1.000000 0.000000 0.000000
13.000000 148.143355 10.203661 1.309829 2.782560 0.000000 0.000000 0.000000 1.000000 0.000000 0.000000
13.000000 148.143832 10.300547 1.368414 2.766713 0.000000 0.000000 0.000000 1.000000 0.000000 0.000000
13.000000 148.146293 10.023877 1.296152 2.729380 0.000000 0.000000 0.000000 1.000000 0.000000 0.000000
13.000000 148.149538 10.347875 1.319950 2.665351 0.000000 0.000000 0.000000 1.000000 0.000000 0.000000
13.000000 148.152434 10.303412 1.277802 2.669903 0.000000 0.000000 0.000000 1.000000 0.000000 0.000000
13.000000 148.153183 10.071369 1.332544 2.728003 0.000000 0.000000 0.000000 1.000000 0.000000 0.000000
13.000000 148.153339 10.116708 1.317224 2.729814 0.000000 0.000000 0.000000 1.000000 0.000000 0.000000
13.000000 148.153873 10.216447 1.380112 2.709804 0.000000 0.000000 0.000000 1.000000 0.000000 0.000000
13.000000 148.156326 9.957404 1.309856 2.683566 0.000000 0.000000 0.000000 1.000000 0.000000 0.000000
13.000000 148.159546 10.274861 1.330277 2.629782 0.000000 0.000000 0.000000 1.000000 0.000000 0.000000
13.000000 148.162444 10.151978 1.313603 2.627893 0.000000 0.000000 0.000000 1.000000 0.000000 0.000000
13.000000 148.163117 9.931921 1.366266 2.679846 0.000000 0.000000 0.000000 1.000000 0.000000 0.000000
13.000000 148.163363 10.017700 1.329285 2.695721 0.000000 0.000000 0.000000 1.000000 0.000000 0.000000
13.000000 148.163796 10.147266 1.410539 2.679975 0.000000 0.000000 0.000000 1.000000 0.000000 0.000000
13.000000 148.166358 9.825257 1.320497 2.642588 0.000000 0.000000 0.000000 1.000000 0.000000 0.000000
13.000000 148.169528 10.124801 1.341089 2.590932 0.000000 0.000000 0.000000 1.000000 0.000000 0.000000
13.000000 148.172401 10.041743 1.323207 2.589951 0.000000 0.000000 0.000000 1.000000 0.000000 0.000000
13.000000 148.173165 9.831314 1.379318 2.637814 0.000000 0.000000 0.000000 1.000000 0.000000 0.000000
13.000000 148.173462 9.921725 1.339132 2.649121 0.000000 0.000000 0.000000 1.000000 0.000000 0.000000
13.000000 148.173837 9.994125 1.382048 2.634668 0.000000 0.000000 0.000000 1.000000 0.000000 0.000000
13.000000 148.176399 9.760594 1.322746 2.599320 0.000000 0.000000 0.000000 1.000000 0.000000 0.000000
13.000000 148.179570 10.058316 1.350774 2.543270 0.000000 0.000000 0.000000 1.000000 0.000000 0.000000
13.000000 148.182427 9.925641 1.341634 2.540698 0.000000 0.000000 0.000000 1.000000 0.000000 0.000000
13.000000 148.183141 9.685137 1.408018 2.595918 0.000000 0.000000 0.000000 1.000000 0.000000 0.000000
13.000000 148.183439 9.825747 1.343533 2.609400 0.000000 0.000000 0.000000 1.000000 0.000000 0.000000
13.000000 148.183800 9.912611 1.397998 2.591971 0.000000 0.000000 0.000000 1.000000 0.000000 0.000000
13.000000 148.186381 9.639581 1.327204 2.557891 0.000000 0.000000 0.000000 1.000000 0.000000 0.000000
13.000000 148.189493 10.002824 1.362312 2.500009 0.000000 0.000000 0.000000 1.000000 0.000000 0.000000
13.000000 148.192423 9.808247 1.370415 2.496628 0.000000 0.000000 0.000000 1.000000 0.000000 0.000000
13.000000 148.193136 9.589222 1.424762 2.547212 0.000000 0.000000 0.000000 1.000000 0.000000 0.000000
13.000000 148.193385 9.733793 1.355410 2.563997 0.000000 0.000000 0.000000 1.000000 0.000000 0.000000
13.000000 148.193927 9.863414 1.439634 2.545031 0.000000 0.000000 0.000000 1.000000 0.000000 0.000000
13.000000 148.196399 9.519417 1.343286 2.508938 0.000000 0.000000 0.000000 1.000000 0.000000 0.000000
13.000000 148.199578 9.907404 1.373162 2.450471 0.000000 0.000000 0.000000 1.000000 0.000000 0.000000
13.000000 148.202452 9.716889 1.376037 2.447444 0.000000 0.000000 0.000000 1.000000 0.000000 0.000000
13.000000 148.203061 9.554606 1.416310 2.496613 0.000000 0.000000 0.000000 1.000000 0.000000 0.000000
13.000000 148.203431 9.658500 1.375556 2.502892 0.000000 0.000000 0.000000 1.000000 0.000000 0.000000
13.000000 148.203902 9.770237 1.454466 2.483819 0.000000 0.000000 0.000000 1.000000 0.000000 0.000000
13.000000 148.206261 9.408957 1.355238 2.458873 0.000000 0.000000 0.000000 1.000000 0.000000 0.000000
13.000000 148.209548 9.775564 1.379682 2.408375 0.000000 0.000000 0.000000 1.000000 0.000000 0.000000
13.000000 148.212415 9.627087 1.380255 2.408692 0.000000 0.000000 0.000000 1.000000 0.000000 0.000000
13.000000 148.213145 9.439010 1.430620 2.457331 0.000000 0.000000 0.000000 1.000000 0.000000 0.000000
13.000000 148.213361 9.550744 1.381934 2.466011 0.000000 0.000000 0.000000 1.000000 0.000000 0.000000
13.000000 148.213873 9.665651 1.465928 2.451781 0.000000 0.000000 0.000000 1.000000 0.000000 0.000000
13.000000 148.216353 9.254960 1.358708 2.420886 0.000000 0.000000 0.000000 1.000000 0.000000 0.000000
13.000000 148.219587 9.681669 1.393067 2.358631 0.000000 0.000000 0.000000 1.000000 0.000000 0.000000
13.000000 148.222451 9.514870 1.397878 2.357987 0.000000 0.000000 0.000000 1.000000 0.000000 0.000000
13.000000 148.223082 9.332430 1.449241 2.408015 0.000000 0.000000 0.000000 1.000000 0.000000 0.000000
13.000000 148.223405 9.459808 1.396259 2.419313 0.000000 0.000000 0.000000 1.000000 0.000000 0.000000
13.000000 148.223786 9.526938 1.440873 2.403248 0.000000 0.000000 0.000000 1.000000 0.000000 0.000000
13.000000 148.226388 9.227388 1.363838 2.369876 0.000000 0.000000 0.000000 1.000000 0.000000 0.000000
13.000000 148.229594 9.578023 1.400216 2.315749 0.000000 0.000000 0.000000 1.000000 0.000000 0.000000
13.000000 148.232507 9.422965 1.407731 2.317065 0.000000 0.000000 0.000000 1.000000 0.000000 0.000000
13.000000 148.233241 9.261818 1.447825 2.359633 0.000000 0.000000 0.000000 1.000000 0.000000 0.000000
13.000000 148.233546 9.366257 1.400132 2.367132 0.000000 0.000000 0.000000 1.000000 0.000000 0.000000
13.000000 148.233912 9.433493 1.447050 2.353509 0.000000 0.000000 0.000000 1.000000 0.000000 0.000000
13.000000 148.236366 9.135842 1.372753 2.321753 0.000000 0.000000 0.000000 1.000000 0.000000 0.000000
13.000000 148.239592 9.493031 1.410527 2.265249 0.000000 0.000000 0.000000 1.000000 0.000000 0.000000
13.000000 148.242465 9.372301 1.410031 2.270456 0.000000 0.000000 0.000000 1.000000 0.000000 0.000000
13.000000 148.243147 9.193050 1.452929 2.315419 0.000000 0.000000 0.000000 1.000000 0.000000 0.000000
13.000000 148.243421 9.272847 1.415179 2.323035 0.000000 0.000000 0.000000 1.000000 0.000000 0.000000
13.000000 148.243810 9.370761 1.483972 2.307622 0.000000 0.000000 0.000000 1.000000 0.000000 0.000000
13.000000 148.246283 9.019510 1.390862 2.272303 0.000000 0.000000 0.000000 1.000000 0.000000 0.000000
13.000000 148.249507 9.374457 1.424274 2.218244 0.000000 0.000000 0.000000 1.000000 0.000000 0.000000
13.000000 148.252450 9.216248 1.429434 2.220706 0.000000 0.000000 0.000000 1.000000 0.000000 0.000000
13.000000 148.253189 9.121436 1.454816 2.259986 0.000000 0.000000 0.000000 1.000000 0.000000 0.000000
13.000000 148.253397 9.198840 1.434258 2.266999 0.000000 0.000000 0.000000 1.000000 0.000000 0.000000
13.000000 148.253907 9.246697 1.467077 2.252899 0.000000 0.000000 0.000000 1.000000 0.000000 0.000000
13.000000 148.256394 9.008366 1.405094 2.227861 0.000000 0.000000 0.000000 1.000000 0.000000 0.000000
13.000000 148.259606 9.326086 1.433575 2.174219 0.000000 0.000000 0.000000 1.000000 0.000000 0.000000
13.000000 148.262475 9.153540 1.439568 2.170081 0.000000 0.000000 0.000000 1.000000 0.000000 0.000000
13.000000 148.263132 9.010784 1.469374 2.210772 0.000000 0.000000 0.000000 1.000000 0.000000 0.000000
13.000000 148.263471 9.085469 1.435885 2.218764 0.000000 0.000000 0.000000 1.000000 0.000000 0.000000
13.000000 148.263818 9.143733 1.477445 2.208818 0.000000 0.000000 0.000000 1.000000 0.000000 0.000000
13.000000 148.266312 8.896294 1.418733 2.179234 0.000000 0.000000 0.000000 1.000000 0.000000 0.000000
13.000000 148.269616 9.213111 1.450290 2.118281 0.000000 0.000000 0.000000 1.000000 0.000000 0.000000
13.000000 148.272646 9.081049 1.444709 2.115498 0.000000 0.000000 0.000000 1.000000 0.000000 0.000000
13.000000 148.273198 8.916740 1.480674 2.159875 0.000000 0.000000 0.000000 1.000000 0.000000 0.000000
13.000000 148.273498 8.994643 1.444137 2.169801 0.000000 0.000000 0.000000 1.000000 0.000000 0.000000
13.000000 148.273883 9.062805 1.491890 2.158376 0.000000 0.000000 0.000000 1.000000 0.000000 0.000000
13.000000 148.276442 8.803024 1.426395 2.126764 0.000000 0.000000 0.000000 1.000000 0.000000 0.000000
13.000000 148.279599 9.174700 1.465423 2.061482 0.000000 0.000000 0.000000 1.000000 0.000000 0.000000
13.000000 148.282751 8.980086 1.468864 2.060680 0.000000 0.000000 0.000000 1.000000 0.000000 0.000000
13.000000 148.283093 8.832814 1.491269 2.106895 0.000000 0.000000 0.000000 1.000000 0.000000 0.000000
13.000000 148.283626 8.908035 1.457111 2.113595 0.000000 0.000000 0.000000 1.000000 0.000000 0.000000
13.000000 148.283851 8.974982 1.503387 2.098296 0.000000 0.000000 0.000000 1.000000 0.000000 0.000000
13.000000 148.286291 8.728876 1.439587 2.068798 0.000000 0.000000 0.000000 1.000000 0.000000 0.000000
13.000000 148.289643 9.031964 1.468399 2.013381 0.000000 0.000000 0.000000 1.000000 0.000000 0.000000
13.000000 148.292635 8.885662 1.471197 2.009691 0.000000 0.000000 0.000000 1.000000 0.000000 0.000000
13.000000 148.293164 8.740758 1.502014 2.050054 0.000000 0.000000 0.000000 1.000000 0.000000 0.000000
13.000000 148.293539 8.820257 1.462992 2.056130 0.000000 0.000000 0.000000 1.000000 0.000000 0.000000
13.000000 148.293927 8.903275 1.528106 2.044371 0.000000 0.000000 0.000000 1.000000 0.000000 0.000000
13.000000 148.296402 8.609511 1.454068 2.019049 0.000000 0.000000 0.000000 1.000000 0.000000 0.000000
13.000000 148.299591 8.923930 1.480314 1.962920 0.000000 0.000000 0.000000 1.000000 0.000000 0.000000
13.000000 148.302625 8.772868 1.483676 1.959021 0.000000 0.000000 0.000000 1.000000 0.000000 0.000000
13.000000 148.303178 8.701904 1.483074 1.984950 0.000000 0.000000 0.000000 1.000000 0.000000 0.000000
13.000000 148.303753 8.723410 1.473407 1.994564 0.000000 0.000000 0.000000 1.000000 0.000000 0.000000
13.000000 148.303883 8.803667 1.533042 1.986987 0.000000 0.000000 0.000000 1.000000 0.000000 0.000000
13.000000 148.306370 8.555157 1.464272 1.959451 0.000000 0.000000 0.000000 1.000000 0.000000 0.000000
13.000000 148.309583 8.843135 1.488960 1.909228 0.000000 0.000000 0.000000 1.000000 0.000000 0.000000
13.000000 148.312590 8.643969 1.506483 1.899762 0.000000 0.000000 0.000000 1.000000 0.000000 0.000000
13.000000 148.313249 8.520634 1.540461 1.939400 0.000000 0.000000 0.000000 1.000000 0.000000 0.000000
13.000000 148.313615 8.634525 1.493588 1.948379 0.000000 0.000000 0.000000 1.000000 0.000000 0.000000
13.000000 148.313941 8.719135 1.556934 1.928720 0.000000 0.000000 0.000000 1.000000 0.000000 0.000000
13.000000 148.316482 8.427458 1.473376 1.902603 0.000000 0.000000 0.000000 1.000000 0.000000 0.000000
13.000000 148.319643 8.769046 1.496137 1.843652 0.000000 0.000000 0.000000 1.000000 0.000000 0.000000
13.000000 148.322679 8.624097 1.495845 1.843152 0.000000 0.000000 0.000000 1.000000 0.000000 0.000000
13.000000 148.323179 8.496183 1.519364 1.884639 0.000000 0.000000 0.000000 1.000000 0.000000 0.000000
13.000000 148.323526 8.541937 1.499667 1.884926 0.000000 0.000000 0.000000 1.000000 0.000000 0.000000
13.000000 148.323832 8.592975 1.538772 1.871855 0.000000 0.000000 0.000000 1.000000 0.000000 0.000000
13.000000 148.326325 8.380625 1.483244 1.850957 0.000000 0.000000 0.000000 1.000000 0.000000 0.000000
13.000000 148.329535 8.680302 1.510253 1.794873 0.000000 0.000000 0.000000 1.000000 0.000000 0.000000
13.000000 148.332673 8.502869 1.518575 1.789025 0.000000 0.000000 0.000000 1.000000 0.000000 0.000000
13.000000 148.333300 8.400778 1.533491 1.824564 0.000000 0.000000 0.000000 1.000000 0.000000 0.000000
13.000000 148.333393 8.450626 1.510952 1.823792 0.000000 0.000000 0.000000 1.000000 0.000000 0.000000
13.000000 148.333938 8.503768 1.551283 1.808207 0.000000 0.000000 0.000000 1.000000 0.000000 0.000000
13.000000 148.336430 8.314247 1.500146 1.790162 0.000000 0.000000 0.000000 1.000000 0.000000 0.000000
13.000000 148.339597 8.592124 1.523374 1.737234 0.000000 0.000000 0.000000 1.000000 0.000000 0.000000
13.000000 148.342613 8.396388 1.532620 1.729381 0.000000 0.000000 0.000000 1.000000 0.000000 0.000000
13.000000 148.343296 8.318698 1.537955 1.761594 0.000000 0.000000 0.000000 1.000000 0.000000 0.000000
13.000000 148.343484 8.360320 1.522151 1.761196 0.000000 0.000000 0.000000 1.000000 0.000000 0.000000
13.000000 148.343890 8.400497 1.555531 1.751088 0.000000 0.000000 0.000000 1.000000 0.000000 0.000000
13.000000 148.346338 8.190885 1.498230 1.733177 0.000000 0.000000 0.000000 1.000000 0.000000 0.000000
13.000000 148.349562 8.498458 1.527001 1.678689 0.000000 0.000000 0.000000 1.000000 0.000000 0.000000
13.000000 148.352521 8.257148 1.550951 1.669425 0.000000 0.000000 0.000000 1.000000 0.000000 0.000000
13.000000 148.353322 8.277252 1.519106 1.680398 0.000000 0.000000 0.000000 1.000000 0.000000 0.000000
13.000000 148.353377 8.272296 1.534083 1.694374 0.000000 0.000000 0.000000 1.000000 0.000000 0.000000
13.000000 148.353967 8.347087 1.592994 1.691200 0.000000 0.000000 0.000000 1.000000 0.000000 0.000000
13.000000 148.356460 8.095209 1.515480 1.662227 0.000000 0.000000 0.000000 1.000000 0.000000 0.000000
13.000000 148.359595 8.399866 1.540739 1.609558 0.000000 0.000000 0.000000 1.000000 0.000000 0.000000
13.000000 148.362667 8.225210 1.551712 1.609822 0.000000 0.000000 0.000000 1.000000 0.000000 0.000000
13.000000 148.363318 8.150408 1.555169 1.642003 0.000000 0.000000 0.000000 1.000000 0.000000 0.000000
13.000000 148.363490 8.188255 1.543505 1.648689 0.000000 0.000000 0.000000 1.000000 0.000000 0.000000
13.000000 148.363834 8.267076 1.602963 1.632028 0.000000 0.000000 0.000000 1.000000 0.000000 0.000000
13.000000 148.366349 8.060600 1.536870 1.609762 0.000000 0.000000 0.000000 1.000000 0.000000 0.000000
13.000000 148.369620 8.331813 1.552164 1.557658 0.000000 0.000000 0.000000 1.000000 0.000000 0.000000
13.000000 148.372566 8.154342 1.563460 1.548189 0.000000 0.000000 0.000000 1.000000 0.000000 0.000000
13.000000 148.373276 8.066474 1.570362 1.579008 0.000000 0.000000 0.000000 1.000000 0.000000 0.000000
13.000000 148.373431 8.096094 1.554461 1.584073 0.000000 0.000000 0.000000 1.000000 0.000000 0.000000
13.000000 148.374149 8.148815 1.593010 1.571768 0.000000 0.000000 0.000000 1.000000 0.000000 0.000000
13.000000 148.376410 7.988824 1.545792 1.550338 0.000000 0.000000 0.000000 1.000000 0.000000 0.000000
13.000000 148.379622 8.239912 1.567910 1.497586 0.000000 0.000000 0.000000 1.000000 0.000000 0.000000
13.000000 148.382635 8.061981 1.575169 1.489571 0.000000 0.000000 0.000000 1.000000 0.000000 0.000000
13.000000 148.383348 7.983979 1.574824 1.520119 0.000000 0.000000 0.000000 1.000000 0.000000 0.000000
13.000000 148.383441 7.999429 1.566505 1.523381 0.000000 0.000000 0.000000 1.000000 0.000000 0.000000
13.000000 148.383909 8.056657 1.610064 1.510807 0.000000 0.000000 0.000000 1.000000 0.000000 0.000000
13.000000 148.386360 7.887308 1.558156 1.490107 0.000000 0.000000 0.000000 1.000000 0.000000 0.000000
13.000000 148.389698 8.147567 1.578162 1.435196 0.000000 0.000000 0.000000 1.000000 0.000000 0.000000
13.000000 148.392572 7.961781 1.588543 1.424925 0.000000 0.000000 0.000000 1.000000 0.000000 0.000000
13.000000 148.393320 7.888479 1.586652 1.453783 0.000000 0.000000 0.000000 1.000000 0.000000 0.000000
13.000000 148.393443 7.915422 1.572337 1.460622 0.000000 0.000000 0.000000 1.000000 0.000000 0.000000
13.000000 148.394161 7.972867 1.625151 1.457294 0.000000 0.000000 0.000000 1.000000 0.000000 0.000000
13.000000 148.396526 7.752135 1.561496 1.438994 0.000000 0.000000 0.000000 1.000000 0.000000 0.000000
13.000000 148.399646 8.066355 1.584572 1.374312 0.000000 0.000000 0.000000 1.000000 0.000000 0.000000
13.000000 148.402535 7.859406 1.593090 1.367473 0.000000 0.000000 0.000000 1.000000 0.000000 0.000000
13.000000 148.403277 7.825956 1.577153 1.392545 0.000000 0.000000 0.000000 1.000000 0.000000 0.000000
13.000000 148.403488 7.819872 1.589377 1.393581 0.000000 0.000000 0.000000 1.000000 0.000000 0.000000
13.000000 148.403921 7.906879 1.660409 1.376080 0.000000 0.000000 0.000000 1.000000 0.000000 0.000000
13.000000 148.406389 7.720703 1.592825 1.360071 0.000000 0.000000 0.000000 1.000000 0.000000 0.000000
13.000000 148.409634 7.968888 1.597226 1.309996 0.000000 0.000000 0.000000 1.000000 0.000000 0.000000
13.000000 148.412632 7.785202 1.604808 1.300379 0.000000 0.000000 0.000000 1.000000 0.000000 0.000000
13.000000 148.413412 7.735152 1.591862 1.324877 0.000000 0.000000 0.000000 1.000000 0.000000 0.000000
13.000000 148.413429 7.727776 1.595846 1.330259 0.000000 0.000000 0.000000 1.000000 0.000000 0.000000
13.000000 148.413952 7.793228 1.646494 1.318098 0.000000 0.000000 0.000000 1.000000 0.000000 0.000000
13.000000 148.416452 7.644256 1.593134 1.298228 0.000000 0.000000 0.000000 1.000000 0.000000 0.000000
13.000000 148.419774 7.880275 1.610696 1.249955 0.000000 0.000000 0.000000 1.000000 0.000000 0.000000
13.000000 148.422529 7.685115 1.626126 1.241409 0.000000 0.000000 0.000000 1.000000 0.000000 0.000000
13.000000 148.423408 7.661484 1.601473 1.258266 0.000000 0.000000 0.000000 1.000000 0.000000 0.000000
13.000000 148.423419 7.643870 1.609333 1.264044 0.000000 0.000000 0.000000 1.000000 0.000000 0.000000
13.000000 148.423925 7.707714 1.660721 1.254757 0.000000 0.000000 0.000000 1.000000 0.000000 0.000000
13.000000 148.426461 7.550450 1.601016 1.235291 0.000000 0.000000 0.000000 1.000000 0.000000 0.000000
13.000000 148.429572 7.794622 1.616660 1.186596 0.000000 0.000000 0.000000 1.000000 0.000000 0.000000
13.000000 148.432745 7.608156 1.631909 1.180706 0.000000 0.000000 0.000000 1.000000 0.000000 0.000000
13.000000 148.433388 7.628402 1.597462 1.187652 0.000000 0.000000 0.000000 1.000000 0.000000 0.000000
13.000000 148.433417 7.573769 1.633228 1.192192 0.000000 0.000000 0.000000 1.000000 0.000000 0.000000
13.000000 148.433969 7.608101 1.661264 1.192811 0.000000 0.000000 0.000000 1.000000 0.000000 0.000000
13.000000 148.436503 7.478684 1.613632 1.173444 0.000000 0.000000 0.000000 1.000000 0.000000 0.000000
13.000000 148.439650 7.713856 1.629256 1.118164 0.000000 0.000000 0.000000 1.000000 0.000000 0.000000
13.000000 148.442745 7.510599 1.643083 1.103067 0.000000 0.000000 0.000000 1.000000 0.000000 0.000000
13.000000 148.443289 7.495941 1.632068 1.120321 0.000000 0.000000 0.000000 1.000000 0.000000 0.000000
13.000000 148.443496 7.493589 1.648341 1.127476 0.000000 0.000000 0.000000 1.000000 0.000000 0.000000
13.000000 148.443908 7.527640 1.680632 1.127521 0.000000 0.000000 0.000000 1.000000 0.000000 0.000000
13.000000 148.446371 7.370098 1.624337 1.110917 0.000000 0.000000 0.000000 1.000000 0.000000 0.000000
13.000000 148.449747 7.614278 1.641690 1.059538 0.000000 0.000000 0.000000 1.000000 0.000000 0.000000
13.000000 148.452548 7.362902 1.672349 1.042875 0.000000 0.000000 0.000000 1.000000 0.000000 0.000000
13.000000 148.453457 7.373585 1.638410 1.059845 0.000000 0.000000 0.000000 1.000000 0.000000 0.000000
13.000000 148.453472 7.392443 1.648886 1.056831 0.000000 0.000000 0.000000 1.000000 0.000000 0.000000
13.000000 148.453983 7.345817 1.667773 1.046877 0.000000 0.000000 0.000000 1.000000 0.000000 0.000000
13.000000 148.456444 7.271901 1.629776 1.044069 0.000000 0.000000 0.000000 1.000000 0.000000 0.000000
13.000000 148.459790 7.520834 1.650102 0.990091 0.000000 0.000000 0.000000 1.000000 0.000000 0.000000
13.000000 148.462609 7.321342 1.672469 0.981137 0.000000 0.000000 0.000000 1.000000 0.000000 0.000000
13.000000 148.463289 7.341280 1.647829 0.987950 0.000000 0.000000 0.000000 1.000000 0.000000 0.000000
13.000000 148.463607 7.317268 1.673868 0.988419 0.000000 0.000000 0.000000 1.000000 0.000000 0.000000
13.000000 148.463932 7.333056 1.690297 0.989598 0.000000 0.000000 0.000000 1.000000 0.000000 0.000000
13.000000 148.466398 7.198907 1.640424 0.974605 0.000000 0.000000 0.000000 1.000000 0.000000 0.000000
13.000000 148.469906 7.424764 1.659721 0.925999 0.000000 0.000000 0.000000 1.000000 0.000000 0.000000
13.000000 148.472569 7.227936 1.682366 0.917974 0.000000 0.000000 0.000000 1.000000 0.000000 0.000000
13.000000 148.473391 7.230324 1.655130 0.927969 0.000000 0.000000 0.000000 1.000000 0.000000 0.000000
13.000000 148.473578 7.209809 1.669120 0.926323 0.000000 0.000000 0.000000 1.000000 0.000000 0.000000
13.000000 148.474258 7.243203 1.697940 0.918763 0.000000 0.000000 0.000000 1.000000 0.000000 0.000000
13.000000 148.476518 7.123449 1.651127 0.904346 0.000000 0.000000 0.000000 1.000000 0.000000 0.000000
13.000000 148.479753 7.340234 1.668762 0.855265 0.000000 0.000000 0.000000 1.000000 0.000000 0.000000
13.000000 148.482633 7.132880 1.691376 0.844046 0.000000 0.000000 0.000000 1.000000 0.000000 0.000000
13.000000 148.483224 7.149526 1.672687 0.852591 0.000000 0.000000 0.000000 1.000000 0.000000 0.000000
13.000000 148.483691 7.137432 1.697455 0.850940 0.000000 0.000000 0.000000 1.000000 0.000000 0.000000
13.000000 148.483931 7.150811 1.710752 0.848624 0.000000 0.000000 0.000000 1.000000 0.000000 0.000000
13.000000 148.486405 7.037998 1.664129 0.836334 0.000000 0.000000 0.000000 1.000000 0.000000 0.000000
13.000000 148.489651 7.247292 1.680983 0.789963 0.000000 0.000000 0.000000 1.000000 0.000000 0.000000
13.000000 148.492576 7.043267 1.705982 0.779989 0.000000 0.000000 0.000000 1.000000 0.000000 0.000000
13.000000 148.493390 7.084274 1.678320 0.780332 0.000000 0.000000 0.000000 1.000000 0.000000 0.000000
13.000000 148.493655 7.058491 1.711558 0.779720 0.000000 0.000000 0.000000 1.000000 0.000000 0.000000
13.000000 148.494077 7.065473 1.719533 0.781700 0.000000 0.000000 0.000000 1.000000 0.000000 0.000000
13.000000 148.496465 6.951714 1.673028 0.767123 0.000000 0.000000 0.000000 1.000000 0.000000 0.000000
13.000000 148.499801 7.163720 1.689495 0.715910 0.000000 0.000000 0.000000 1.000000 0.000000 0.000000
13.000000 148.502655 6.964839 1.710807 0.704171 0.000000 0.000000 0.000000 1.000000 0.000000 0.000000
13.000000 148.503377 6.960552 1.696821 0.717590 0.000000 0.000000 0.000000 1.000000 0.000000 0.000000
13.000000 148.503601 6.959679 1.708820 0.710659 0.000000 0.000000 0.000000 1.000000 0.000000 0.000000
13.000000 148.503980 6.976234 1.728025 0.704664 0.000000 0.000000 0.000000 1.000000 0.000000 0.000000
13.000000 148.506433 6.861353 1.683536 0.696601 0.000000 0.000000 0.000000 1.000000 0.000000 0.000000
13.000000 148.509728 7.064631 1.697788 0.648494 0.000000 0.000000 0.000000 1.000000 0.000000 0.000000
13.000000 148.512665 6.867921 1.722934 0.636996 0.000000 0.000000 0.000000 1.000000 0.000000 0.000000
13.000000 148.513355 6.881880 1.704834 0.643765 0.000000 0.000000 0.000000 1.000000 0.000000 0.000000
13.000000 148.513581 6.872770 1.723557 0.638873 0.000000 0.000000 0.000000 1.000000 0.000000 0.000000
13.000000 148.513974 6.905334 1.753318 0.627580 0.000000 0.000000 0.000000 1.000000 0.000000 0.000000
13.000000 148.516494 6.803880 1.703470 0.617911 0.000000 0.000000 0.000000 1.000000 0.000000 0.000000
13.000000 148.519901 6.992292 1.707540 0.571133 0.000000 0.000000 0.000000 1.000000 0.000000 0.000000
13.000000 148.522672 6.805650 1.727173 0.557938 0.000000 0.000000 0.000000 1.000000 0.000000 0.000000
13.000000 148.523243 6.781459 1.712630 0.575007 0.000000 0.000000 0.000000 1.000000 0.000000 0.000000
13.000000 148.523693 6.774098 1.717360 0.570360 0.000000 0.000000 0.000000 1.000000 0.000000 0.000000
13.000000 148.523961 6.801230 1.744299 0.561811 0.000000 0.000000 0.000000 1.000000 0.000000 0.000000
13.000000 148.526427 6.708267 1.703781 0.553850 0.000000 0.000000 0.000000 1.000000 0.000000 0.000000
13.000000 148.529855 6.926021 1.724327 0.499314 0.000000 0.000000 0.000000 1.000000 0.000000 0.000000
13.000000 148.532614 6.700535 1.749135 0.487375 0.000000 0.000000 0.000000 1.000000 0.000000 0.000000
13.000000 148.533318 6.700275 1.719938 0.499630 0.000000 0.000000 0.000000 1.000000 0.000000 0.000000
13.000000 148.533606 6.687795 1.732709 0.494385 0.000000 0.000000 0.000000 1.000000 0.000000 0.000000
13.000000 148.534026 6.711484 1.754841 0.485512 0.000000 0.000000 0.000000 1.000000 0.000000 0.000000
13.000000 148.536496 6.630241 1.715287 0.477055 0.000000 0.000000 0.000000 1.000000 0.000000 0.000000
13.000000 148.539696 6.800597 1.722010 0.430494 0.000000 0.000000 0.000000 1.000000 0.000000 0.000000
13.000000 148.542646 6.625886 1.741939 0.415110 0.000000 0.000000 0.000000 1.000000 0.000000 0.000000
13.000000 148.543343 6.637566 1.717955 0.418349 0.000000 0.000000 0.000000 1.000000 0.000000 0.000000
13.000000 148.543645 6.598654 1.740890 0.413464 0.000000 0.000000 0.000000 1.000000 0.000000 0.000000
13.000000 148.543948 6.623779 1.767606 0.409839 0.000000 0.000000 0.000000 1.000000 0.000000 0.000000
13.000000 148.546514 6.552369 1.727863 0.404095 0.000000 0.000000 0.000000 1.000000 0.000000 0.000000
13.000000 148.549632 6.733985 1.735057 0.354123 0.000000 0.000000 0.000000 1.000000 0.000000 0.000000
13.000000 148.552577 6.543259 1.755741 0.338611 0.000000 0.000000 0.000000 1.000000 0.000000 0.000000
13.000000 148.553380 6.540876 1.728018 0.347203 0.000000 0.000000 0.000000 1.000000 0.000000 0.000000
13.000000 148.553519 6.502136 1.744959 0.340619 0.000000 0.000000 0.000000 1.000000 0.000000 0.000000
13.000000 148.554041 6.545216 1.789821 0.330643 0.000000 0.000000 0.000000 1.000000 0.000000 0.000000
13.000000 148.556509 6.463681 1.743596 0.326102 0.000000 0.000000 0.000000 1.000000 0.000000 0.000000
13.000000 148.559633 6.638844 1.743104 0.277400 0.000000 0.000000 0.000000 1.000000 0.000000 0.000000
13.000000 148.562728 6.464885 1.760613 0.263808 0.000000 0.000000 0.000000 1.000000 0.000000 0.000000
13.000000 148.563304 6.474910 1.725332 0.267046 0.000000 0.000000 0.000000 1.000000 0.000000 0.000000
13.000000 148.563723 6.419372 1.748664 0.260654 0.000000 0.000000 0.000000 1.000000 0.000000 0.000000
13.000000 148.563970 6.475457 1.807822 0.249573 0.000000 0.000000 0.000000 1.000000 0.000000 0.000000
13.000000 148.566433 6.396907 1.759448 0.246482 0.000000 0.000000 0.000000 1.000000 0.000000 0.000000
13.000000 148.569723 6.572761 1.760519 0.199833 0.000000 0.000000 0.000000 1.000000 0.000000 0.000000
13.000000 148.572611 6.376552 1.781196 0.187748 0.000000 0.000000 0.000000 1.000000 0.000000 0.000000
13.000000 148.573329 6.368970 1.745832 0.199109 0.000000 0.000000 0.000000 1.000000 0.000000 0.000000
13.000000 148.573577 6.328852 1.758515 0.189076 0.000000 0.000000 0.000000 1.000000 0.000000 0.000000
13.000000 148.574224 6.359620 1.791324 0.179300 0.000000 0.000000 0.000000 1.000000 0.000000 0.000000
13.000000 148.576562 6.305345 1.756282 0.177997 0.000000 0.000000 0.000000 1.000000 0.000000 0.000000
13.000000 148.579801 6.479917 1.767928 0.129471 0.000000 0.000000 0.000000 1.000000 0.000000 0.000000
13.000000 148.582705 6.281250 1.792622 0.116029 0.000000 0.000000 0.000000 1.000000 0.000000 0.000000
13.000000 148.583380 6.304437 1.746576 0.114627 0.000000 0.000000 0.000000 1.000000 0.000000 0.000000
13.000000 148.583779 6.245698 1.770172 0.105210 0.000000 0.000000 0.000000 1.000000 0.000000 0.000000
13.000000 148.583957 6.292166 1.813469 0.089295 0.000000 0.000000 0.000000 1.000000 0.000000 0.000000
13.000000 148.586473 6.262167 1.775778 0.087639 0.000000 0.000000 0.000000 1.000000 0.000000 0.000000
13.000000 148.589829 6.394110 1.776448 0.052713 0.000000 0.000000 0.000000 1.000000 0.000000 0.000000
13.000000 148.592608 6.194780 1.802025 0.036391 0.000000 0.000000 0.000000 1.000000 0.000000 0.000000
13.000000 148.593438 6.188507 1.766455 0.045163 0.000000 0.000000 0.000000 1.000000 0.000000 0.000000
13.000000 148.593680 6.151231 1.773303 0.035902 0.000000 0.000000 0.000000 1.000000 0.000000 0.000000
13.000000 148.594077 6.204715 1.831576 0.019653 0.000000 0.000000 0.000000 1.000000 0.000000 0.000000
13.000000 148.596555 6.147474 1.787790 0.021756 0.000000 0.000000 0.000000 1.000000 0.000000 0.000000
13.000000 148.599797 6.301665 1.797020 -0.013161 0.000000 0.000000 0.000000 1.000000 0.000000 0.000000
13.000000 148.602714 6.175161 1.807642 -0.001331 0.000000 0.000000 0.000000 1.000000 0.000000 0.000000
13.000000 148.603359 6.117621 1.790459 0.033393 0.000000 0.000000 0.000000 1.000000 0.000000 0.000000
13.000000 148.603770 6.109081 1.795540 0.029748 0.000000 0.000000 0.000000 1.000000 0.000000 0.000000
13.000000 148.603968 6.127812 1.817509 0.024405 0.000000 0.000000 0.000000 1.000000 0.000000 0.000000
13.000000 148.606500 6.162860 1.795876 0.038866 0.000000 0.000000 0.000000 1.000000 0.000000 0.000000
13.000000 148.609841 6.230551 1.804351 0.039832 0.000000 0.000000 0.000000 1.000000 0.000000 0.000000
13.000000 148.612640 6.135703 1.810189 0.063287 0.000000 0.000000 0.000000 1.000000 0.000000 0.000000
13.000000 148.613406 6.105633 1.777911 0.088057 0.000000 0.000000 0.000000 1.000000 0.000000 0.000000
13.000000 148.613728 6.065879 1.800345 0.083326 0.000000 0.000000 0.000000 1.000000 0.000000 0.000000
13.000000 148.614056 6.101699 1.844312 0.079338 0.000000 0.000000 0.000000 1.000000 0.000000 0.000000
13.000000 148.616515 6.114302 1.810552 0.093843 0.000000 0.000000 0.000000 1.000000 0.000000 0.000000
13.000000 148.619863 6.192625 1.815575 0.096412 0.000000 0.000000 0.000000 1.000000 0.000000 0.000000
13.000000 148.622720 6.076905 1.826230 0.122764 0.000000 0.000000 0.000000 1.000000 0.000000 0.000000
13.000000 148.623351 6.050732 1.785415 0.147201 0.000000 0.000000 0.000000 1.000000 0.000000 0.000000
13.000000 148.623821 6.015618 1.802712 0.139580 0.000000 0.000000 0.000000 1.000000 0.000000 0.000000
13.000000 148.624011 6.037854 1.829893 0.135111 0.000000 0.000000 0.000000 1.000000 0.000000 0.000000
13.000000 148.626444 6.069143 1.805169 0.150298 0.000000 0.000000 0.000000 1.000000 0.000000 0.000000
13.000000 148.629868 6.154901 1.814163 0.146560 0.000000 0.000000 0.000000 1.000000 0.000000 0.000000
13.000000 148.632637 6.048484 1.821783 0.170944 0.000000 0.000000 0.000000 1.000000 0.000000 0.000000
13.000000 148.633356 6.009667 1.788440 0.199584 0.000000 0.000000 0.000000 1.000000 0.000000 0.000000
13.000000 148.633775 5.975092 1.804564 0.194745 0.000000 0.000000 0.000000 1.000000 0.000000 0.000000
13.000000 148.634269 6.002529 1.835917 0.189628 0.000000 0.000000 0.000000 1.000000 0.000000 0.000000
13.000000 148.636537 6.028454 1.810247 0.202190 0.000000 0.000000 0.000000 1.000000 0.000000 0.000000
13.000000 148.639974 6.105020 1.815566 0.199292 0.000000 0.000000 0.000000 1.000000 0.000000 0.000000
13.000000 148.642710 6.007098 1.819170 0.222580 0.000000 0.000000 0.000000 1.000000 0.000000 0.000000
13.000000 148.643506 5.962568 1.789356 0.253153 0.000000 0.000000 0.000000 1.000000 0.000000 0.000000
13.000000 148.643826 5.922750 1.807210 0.248688 0.000000 0.000000 0.000000 1.000000 0.000000 0.000000
13.000000 148.643960 5.952254 1.839451 0.242868 0.000000 0.000000 0.000000 1.000000 0.000000 0.000000
13.000000 148.646480 5.980075 1.813551 0.254259 0.000000 0.000000 0.000000 1.000000 0.000000 0.000000
13.000000 148.649719 6.037307 1.817490 0.259424 0.000000 0.000000 0.000000 1.000000 0.000000 0.000000
13.000000 148.652616 5.929200 1.828604 0.280332 0.000000 0.000000 0.000000 1.000000 0.000000 0.000000
13.000000 148.653505 5.921502 1.797764 0.296894 0.000000 0.000000 0.000000 1.000000 0.000000 0.000000
13.000000 148.653567 5.890194 1.822978 0.294244 0.000000 0.000000 0.000000 1.000000 0.000000 0.000000
13.000000 148.654304 5.907719 1.850270 0.298659 0.000000 0.000000 0.000000 1.000000 0.000000 0.000000
13.000000 148.656650 5.918931 1.819662 0.312324 0.000000 0.000000 0.000000 1.000000 0.000000 0.000000
13.000000 148.659892 5.991326 1.810578 0.305392 0.000000 0.000000 0.000000 1.000000 0.000000 0.000000
13.000000 148.662751 5.926289 1.810524 0.323746 0.000000 0.000000 0.000000 1.000000 0.000000 0.000000
13.000000 148.663376 5.860503 1.805846 0.359800 0.000000 0.000000 0.000000 1.000000 0.000000 0.000000
13.000000 148.663586 5.836294 1.817556 0.356130 0.000000 0.000000 0.000000 1.000000 0.000000 0.000000
13.000000 148.663974 5.852594 1.845455 0.360545 0.000000 0.000000 0.000000 1.000000 0.000000 0.000000
13.000000 148.666555 5.848383 1.816580 0.374318 0.000000 0.000000 0.000000 1.000000 0.000000 0.000000
13.000000 148.669783 5.950274 1.817354 0.358701 0.000000 0.000000 0.000000 1.000000 0.000000 0.000000
13.000000 148.672698 5.873202 1.820615 0.378286 0.000000 0.000000 0.000000 1.000000 0.000000 0.000000
13.000000 148.673397 5.823647 1.805349 0.408526 0.000000 0.000000 0.000000 1.000000 0.000000 0.000000
13.000000 148.673496 5.794250 1.818547 0.404985 0.000000 0.000000 0.000000 1.000000 0.000000 0.000000
13.000000 148.674106 5.822389 1.851486 0.400753 0.000000 0.000000 0.000000 1.000000 0.000000 0.000000
13.000000 148.676666 5.831286 1.822564 0.410768 0.000000 0.000000 0.000000 1.000000 0.000000 0.000000
13.000000 148.679907 5.911719 1.820341 0.401691 0.000000 0.000000 0.000000 1.000000 0.000000 0.000000
13.000000 148.682780 5.838666 1.819382 0.421973 0.000000 0.000000 0.000000 1.000000 0.000000 0.000000
13.000000 148.683335 5.777273 1.809703 0.457521 0.000000 0.000000 0.000000 1.000000 0.000000 0.000000
13.000000 148.683828 5.747160 1.824904 0.454047 0.000000 0.000000 0.000000 1.000000 0.000000 0.000000
13.000000 148.683998 5.772022 1.853264 0.450051 0.000000 0.000000 0.000000 1.000000 0.000000 0.000000
13.000000 148.686520 5.786485 1.824681 0.459318 0.000000 0.000000 0.000000 1.000000 0.000000 0.000000
13.000000 148.689704 5.864597 1.823069 0.451636 0.000000 0.000000 0.000000 1.000000 0.000000 0.000000
13.000000 148.692678 5.787099 1.824868 0.471347 0.000000 0.000000 0.000000 1.000000 0.000000 0.000000
13.000000 148.693365 5.722269 1.817178 0.507746 0.000000 0.000000 0.000000 1.000000 0.000000 0.000000
13.000000 148.693647 5.702900 1.826359 0.506179 0.000000 0.000000 0.000000 1.000000 0.000000 0.000000
13.000000 148.694448 5.734958 1.869660 0.506561 0.000000 0.000000 0.000000 1.000000 0.000000 0.000000
13.000000 148.696576 5.705321 1.830789 0.516740 0.000000 0.000000 0.000000 1.000000 0.000000 0.000000
13.000000 148.699908 5.796708 1.822207 0.503884 0.000000 0.000000 0.000000 1.000000 0.000000 0.000000
13.000000 148.702737 5.728198 1.830788 0.519146 0.000000 0.000000 0.000000 1.000000 0.000000 0.000000
13.000000 148.703420 5.654737 1.834940 0.555265 0.000000 0.000000 0.000000 1.000000 0.000000 0.000000
13.000000 148.703825 5.653991 1.828985 0.548311 0.000000 0.000000 0.000000 1.000000 0.000000 0.000000
13.000000 148.704034 5.692362 1.872676 0.535556 0.000000 0.000000 0.000000 1.000000 0.000000 0.000000
13.000000 148.706522 5.703154 1.840359 0.550513 0.000000 0.000000 0.000000 1.000000 0.000000 0.000000
13.000000 148.709998 5.804026 1.842121 0.541823 0.000000 0.000000 0.000000 1.000000 0.000000 0.000000
13.000000 148.712755 5.685587 1.849454 0.566339 0.000000 0.000000 0.000000 1.000000 0.000000 0.000000
13.000000 148.713471 5.632014 1.827264 0.601945 0.000000 0.000000 0.000000 1.000000 0.000000 0.000000
13.000000 148.713656 5.616433 1.835165 0.598431 0.000000 0.000000 0.000000 1.000000 0.000000 0.000000
13.000000 148.714103 5.665072 1.888694 0.586473 0.000000 0.000000 0.000000 1.000000 0.000000 0.000000
13.000000 148.716700 5.653149 1.848019 0.595274 0.000000 0.000000 0.000000 1.000000 0.000000 0.000000
13.000000 148.719715 5.751018 1.836270 0.579152 0.000000 0.000000 0.000000 1.000000 0.000000 0.000000
13.000000 148.722752 5.679071 1.830553 0.599303 0.000000 0.000000 0.000000 1.000000 0.000000 0.000000
13.000000 148.723274 5.590281 1.830925 0.645417 0.000000 0.000000 0.000000 1.000000 0.000000 0.000000
13.000000 148.723780 5.567704 1.840248 0.643819 0.000000 0.000000 0.000000 1.000000 0.000000 0.000000
13.000000 148.724028 5.604439 1.878229 0.634358 0.000000 0.000000 0.000000 1.000000 0.000000 0.000000
13.000000 148.726562 5.600073 1.841462 0.638533 0.000000 0.000000 0.000000 1.000000 0.000000 0.000000
13.000000 148.729983 5.697810 1.850043 0.633154 0.000000 0.000000 0.000000 1.000000 0.000000 0.000000
13.000000 148.732757 5.578553 1.862242 0.659936 0.000000 0.000000 0.000000 1.000000 0.000000 0.000000
13.000000 148.733389 5.532606 1.839813 0.692526 0.000000 0.000000 0.000000 1.000000 0.000000 0.000000
13.000000 148.733692 5.522742 1.846461 0.690924 0.000000 0.000000 0.000000 1.000000 0.000000 0.000000
13.000000 148.734119 5.560389 1.885239 0.679911 0.000000 0.000000 0.000000 1.000000 0.000000 0.000000
13.000000 148.736571 5.553728 1.846685 0.684203 0.000000 0.000000 0.000000 1.000000 0.000000 0.000000
13.000000 148.739809 5.650424 1.851549 0.678098 0.000000 0.000000 0.000000 1.000000 0.000000 0.000000
13.000000 148.742804 5.533139 1.865601 0.702207 0.000000 0.000000 0.000000 1.000000 0.000000 0.000000
13.000000 148.743484 5.522086 1.831028 0.720655 0.000000 0.000000 0.000000 1.000000 0.000000 0.000000
13.000000 148.743758 5.484057 1.853519 0.724442 0.000000 0.000000 0.000000 1.000000 0.000000 0.000000
13.000000 148.744300 5.517349 1.889494 0.722872 0.000000 0.000000 0.000000 1.000000 0.000000 0.000000
13.000000 148.746555 5.515162 1.850761 0.725186 0.000000 0.000000 0.000000 1.000000 0.000000 0.000000
13.000000 148.749787 5.624768 1.853774 0.711031 0.000000 0.000000 0.000000 1.000000 0.000000 0.000000
13.000000 148.752717 5.519418 1.857298 0.735440 0.000000 0.000000 0.000000 1.000000 0.000000 0.000000
13.000000 148.753429 5.476803 1.842314 0.767396 0.000000 0.000000 0.000000 1.000000 0.000000 0.000000
13.000000 148.753654 5.461473 1.859347 0.766170 0.000000 0.000000 0.000000 1.000000 0.000000 0.000000
13.000000 148.754109 5.498878 1.897709 0.756434 0.000000 0.000000 0.000000 1.000000 0.000000 0.000000
13.000000 148.756612 5.487643 1.858044 0.758740 0.000000 0.000000 0.000000 1.000000 0.000000 0.000000
13.000000 148.759942 5.564896 1.858065 0.757728 0.000000 0.000000 0.000000 1.000000 0.000000 0.000000
13.000000 148.762804 5.458897 1.867874 0.782519 0.000000 0.000000 0.000000 1.000000 0.000000 0.000000
13.000000 148.763417 5.432720 1.838976 0.806552 0.000000 0.000000 0.000000 1.000000 0.000000 0.000000
13.000000 148.763788 5.406856 1.850422 0.804107 0.000000 0.000000 0.000000 1.000000 0.000000 0.000000
13.000000 148.764013 5.463984 1.917106 0.795780 0.000000 0.000000 0.000000 1.000000 0.000000 0.000000
13.000000 148.766557 5.419417 1.867480 0.803429 0.000000 0.000000 0.000000 1.000000 0.000000 0.000000
13.000000 148.770059 5.542189 1.864854 0.788235 0.000000 0.000000 0.000000 1.000000 0.000000 0.000000
13.000000 148.772716 5.420530 1.873172 0.814040 0.000000 0.000000 0.000000 1.000000 0.000000 0.000000
13.000000 148.773399 5.400890 1.833417 0.837448 0.000000 0.000000 0.000000 1.000000 0.000000 0.000000
13.000000 148.773726 5.357598 1.850841 0.834925 0.000000 0.000000 0.000000 1.000000 0.000000 0.000000
13.000000 148.774164 5.388858 1.889026 0.833877 0.000000 0.000000 0.000000 1.000000 0.000000 0.000000
13.000000 148.776662 5.387657 1.860000 0.842888 0.000000 0.000000 0.000000 1.000000 0.000000 0.000000
13.000000 148.779705 5.488875 1.866919 0.832347 0.000000 0.000000 0.000000 1.000000 0.000000 0.000000
13.000000 148.782825 5.368818 1.876508 0.855192 0.000000 0.000000 0.000000 1.000000 0.000000 0.000000
13.000000 148.783300 5.364706 1.832316 0.871793 0.000000 0.000000 0.000000 1.000000 0.000000 0.000000
13.000000 148.783839 5.325092 1.846794 0.870137 0.000000 0.000000 0.000000 1.000000 0.000000 0.000000
13.000000 148.784074 5.368277 1.900210 0.868660 0.000000 0.000000 0.000000 1.000000 0.000000 0.000000
13.000000 148.786559 5.347410 1.867114 0.878846 0.000000 0.000000 0.000000 1.000000 0.000000 0.000000
13.000000 148.790026 5.462617 1.871776 0.862587 0.000000 0.000000 0.000000 1.000000 0.000000 0.000000
13.000000 148.792934 5.344676 1.875162 0.886869 0.000000 0.000000 0.000000 1.000000 0.000000 0.000000
13.000000 148.793409 5.334657 1.837360 0.907695 0.000000 0.000000 0.000000 1.000000 0.000000 0.000000
13.000000 148.794135 5.216491 1.891974 0.890755 0.000000 0.000000 0.000000 1.000000 0.000000 0.000000
13.000000 148.796643 5.315122 1.872951 0.908142 0.000000 0.000000 0.000000 1.000000 0.000000 0.000000
13.000000 148.799954 5.420177 1.872017 0.894356 0.000000 0.000000 0.000000 1.000000 0.000000 0.000000
13.000000 148.803007 5.298959 1.878165 0.915403 0.000000 0.000000 0.000000 1.000000 0.000000 0.000000
13.000000 148.803346 5.271277 1.849625 0.941166 0.000000 0.000000 0.000000 1.000000 0.000000 0.000000
13.000000 148.804084 5.172098 1.892222 0.936618 0.000000 0.000000 0.000000 1.000000 0.000000 0.000000
13.000000 148.806570 5.236258 1.869200 0.957714 0.000000 0.000000 0.000000 1.000000 0.000000 0.000000
13.000000 148.809859 5.371327 1.875692 0.933683 0.000000 0.000000 0.000000 1.000000 0.000000 0.000000
13.000000 148.812864 5.258656 1.878883 0.956700 0.000000 0.000000 0.000000 1.000000 0.000000 0.000000
13.000000 148.813417 5.234280 1.833078 0.981298 0.000000 0.000000 0.000000 1.000000 0.000000 0.000000
13.000000 148.814150 5.079043 1.886049 0.957780 0.000000 0.000000 0.000000 1.000000 0.000000 0.000000
13.000000 148.816620 5.226969 1.878163 0.977866 0.000000 0.000000 0.000000 1.000000 0.000000 0.000000
13.000000 148.819823 5.312650 1.879110 0.974087 0.000000 0.000000 0.000000 1.000000 0.000000 0.000000
13.000000 148.822825 5.192254 1.891775 0.998211 0.000000 0.000000 0.000000 1.000000 0.000000 0.000000
13.000000 148.823445 5.166999 1.859552 1.022349 0.000000 0.000000 0.000000 1.000000 0.000000 0.000000
13.000000 148.824098 5.075362 1.894130 1.006228 0.000000 0.000000 0.000000 1.000000 0.000000 0.000000
13.000000 148.826559 5.169439 1.877409 1.017409 0.000000 0.000000 0.000000 1.000000 0.000000 0.000000
13.000000 148.829831 5.260042 1.867653 1.000191 0.000000 0.000000 0.000000 1.000000 0.000000 0.000000
13.000000 148.832771 5.186886 1.862327 1.016709 0.000000 0.000000 0.000000 1.000000 0.000000 0.000000
13.000000 148.833475 5.128965 1.858858 1.050474 0.000000 0.000000 0.000000 1.000000 0.000000 0.000000
13.000000 148.834166 5.035828 1.899804 1.041023 0.000000 0.000000 0.000000 1.000000 0.000000 0.000000
13.000000 148.836615 5.107587 1.879293 1.056409 0.000000 0.000000 0.000000 1.000000 0.000000 0.000000
13.000000 148.839860 5.225873 1.880237 1.034829 0.000000 0.000000 0.000000 1.000000 0.000000 0.000000
13.000000 148.842974 5.134693 1.883088 1.054178 0.000000 0.000000 0.000000 1.000000 0.000000 0.000000
13.000000 148.843564 5.076744 1.875608 1.088308 0.000000 0.000000 0.000000 1.000000 0.000000 0.000000
13.000000 148.844347 4.994039 1.909598 1.072780 0.000000 0.000000 0.000000 1.000000 0.000000 0.000000
13.000000 148.846679 5.076290 1.888665 1.081281 0.000000 0.000000 0.000000 1.000000 0.000000 0.000000
13.000000 148.849829 5.166066 1.877529 1.064856 0.000000 0.000000 0.000000 1.000000 0.000000 0.000000
13.000000 148.852821 5.084801 1.875770 1.080271 0.000000 0.000000 0.000000 1.000000 0.000000 0.000000
13.000000 148.853511 5.032682 1.877487 1.111737 0.000000 0.000000 0.000000 1.000000 0.000000 0.000000
13.000000 148.854147 4.972812 1.910433 1.094834 0.000000 0.000000 0.000000 1.000000 0.000000 0.000000
13.000000 148.856682 5.061820 1.891067 1.100722 0.000000 0.000000 0.000000 1.000000 0.000000 0.000000
13.000000 148.859864 5.113904 1.867503 1.091111 0.000000 0.000000 0.000000 1.000000 0.000000 0.000000
13.000000 148.862926 5.084975 1.857421 1.103605 0.000000 0.000000 0.000000 1.000000 0.000000 0.000000
13.000000 148.863402 4.979786 1.883164 1.149532 0.000000 0.000000 0.000000 1.000000 0.000000 0.000000
13.000000 148.864081 4.900801 1.913594 1.130824 0.000000 0.000000 0.000000 1.000000 0.000000 0.000000
13.000000 148.866650 4.994359 1.895744 1.136171 0.000000 0.000000 0.000000 1.000000 0.000000 0.000000
13.000000 148.869811 5.097976 1.897407 1.123844 0.000000 0.000000 0.000000 1.000000 0.000000 0.000000
13.000000 148.872845 4.974617 1.908499 1.145657 0.000000 0.000000 0.000000 1.000000 0.000000 0.000000
13.000000 148.873559 4.947694 1.879971 1.170632 0.000000 0.000000 0.000000 1.000000 0.000000 0.000000
13.000000 148.876676 4.963666 1.864360 1.169250 0.000000 0.000000 0.000000 1.000000 0.000000 0.000000
13.000000 148.879921 5.083180 1.910241 1.152105 0.000000 0.000000 0.000000 1.000000 0.000000 0.000000
13.000000 148.883049 4.908586 1.932604 1.179478 0.000000 0.000000 0.000000 1.000000 0.000000 0.000000
13.000000 148.883464 4.912126 1.879920 1.197345 0.000000 0.000000 0.000000 1.000000 0.000000 0.000000
13.000000 148.886587 4.919198 1.868263 1.196174 0.000000 0.000000 0.000000 1.000000 0.000000 0.000000
13.000000 148.890014 5.043657 1.915398 1.178569 0.000000 0.000000 0.000000 1.000000 0.000000 0.000000
13.000000 148.892916 4.848755 1.938259 1.205030 0.000000 0.000000 0.000000 1.000000 0.000000 0.000000
13.000000 148.893525 4.847188 1.891577 1.226175 0.000000 0.000000 0.000000 1.000000 0.000000 0.000000
13.000000 148.896625 4.874027 1.875062 1.223633 0.000000 0.000000 0.000000 1.000000 0.000000 0.000000
13.000000 148.899848 4.983160 1.911997 1.202659 0.000000 0.000000 0.000000 1.000000 0.000000 0.000000
13.000000 148.902828 4.802430 1.927258 1.225962 0.000000 0.000000 0.000000 1.000000 0.000000 0.000000
13.000000 148.903514 4.800340 1.905538 1.247523 0.000000 0.000000 0.000000 1.000000 0.000000 0.000000
13.000000 148.906601 4.866469 1.889215 1.240466 0.000000 0.000000 0.000000 1.000000 0.000000 0.000000
13.000000 148.909881 4.946072 1.924029 1.229291 0.000000 0.000000 0.000000 1.000000 0.000000 0.000000
13.000000 148.912770 4.759307 1.952703 1.256376 0.000000 0.000000 0.000000 1.000000 0.000000 0.000000
13.000000 148.913534 4.772666 1.908251 1.270462 0.000000 0.000000 0.000000 1.000000 0.000000 0.000000
13.000000 148.916668 4.814574 1.886458 1.266326 0.000000 0.000000 0.000000 1.000000 0.000000 0.000000
13.000000 148.919917 4.893273 1.923863 1.259658 0.000000 0.000000 0.000000 1.000000 0.000000 0.000000
13.000000 148.922859 4.707982 1.954790 1.286630 0.000000 0.000000 0.000000 1.000000 0.000000 0.000000
13.000000 148.923476 4.733417 1.905023 1.295895 0.000000 0.000000 0.000000 1.000000 0.000000 0.000000
13.000000 148.926560 4.757022 1.891093 1.291453 0.000000 0.000000 0.000000 1.000000 0.000000 0.000000
13.000000 148.930035 4.852673 1.931454 1.280312 0.000000 0.000000 0.000000 1.000000 0.000000 0.000000
13.000000 148.932724 4.660553 1.960088 1.306928 0.000000 0.000000 0.000000 1.000000 0.000000 0.000000
13.000000 148.933519 4.638321 1.898209 1.334670 0.000000 0.000000 0.000000 1.000000 0.000000 0.000000
13.000000 148.936704 4.619604 1.874247 1.336239 0.000000 0.000000 0.000000 1.000000 0.000000 0.000000
13.000000 148.939853 4.818614 1.933230 1.295150 0.000000 0.000000 0.000000 1.000000 0.000000 0.000000
13.000000 148.942834 4.651679 1.949039 1.324856 0.000000 0.000000 0.000000 1.000000 0.000000 0.000000
13.000000 148.943487 4.629514 1.881427 1.355068 0.000000 0.000000 0.000000 1.000000 0.000000 0.000000
13.000000 148.946625 4.576647 1.874432 1.357090 0.000000 0.000000 0.000000 1.000000 0.000000 0.000000
13.000000 148.950021 4.742743 1.918846 1.319807 0.000000 0.000000 0.000000 1.000000 0.000000 0.000000
13.000000 148.952879 4.639879 1.925012 1.337041 0.000000 0.000000 0.000000 1.000000 0.000000 0.000000
13.000000 148.953568 4.593060 1.897118 1.367923 0.000000 0.000000 0.000000 1.000000 0.000000 0.000000
13.000000 148.956906 4.570230 1.884773 1.368509 0.000000 0.000000 0.000000 1.000000 0.000000 0.000000
13.000000 148.959906 4.741958 1.945002 1.342802 0.000000 0.000000 0.000000 1.000000 0.000000 0.000000
13.000000 148.962833 4.514683 1.978686 1.370452 0.000000 0.000000 0.000000 1.000000 0.000000 0.000000
13.000000 148.963500 4.521460 1.914497 1.390100 0.000000 0.000000 0.000000 1.000000 0.000000 0.000000
13.000000 148.966675 4.526399 1.893362 1.388716 0.000000 0.000000 0.000000 1.000000 0.000000 0.000000
13.000000 148.969993 4.693099 1.941406 1.351608 0.000000 0.000000 0.000000 1.000000 0.000000 0.000000
13.000000 148.972787 4.532780 1.957157 1.376870 0.000000 0.000000 0.000000 1.000000 0.000000 0.000000
13.000000 148.973550 4.487404 1.916633 1.412814 0.000000 0.000000 0.000000 1.000000 0.000000 0.000000
13.000000 148.976690 4.471696 1.895805 1.408925 0.000000 0.000000 0.000000 1.000000 0.000000 0.000000
13.000000 148.979920 4.622939 1.943318 1.378240 0.000000 0.000000 0.000000 1.000000 0.000000 0.000000
13.000000 148.982876 4.459582 1.967893 1.403546 0.000000 0.000000 0.000000 1.000000 0.000000 0.000000
13.000000 148.983495 4.461114 1.914203 1.421258 0.000000 0.000000 0.000000 1.000000 0.000000 0.000000
13.000000 148.986622 4.446436 1.900792 1.419618 0.000000 0.000000 0.000000 1.000000 0.000000 0.000000
13.000000 148.990024 4.592540 1.946378 1.390832 0.000000 0.000000 0.000000 1.000000 0.000000 0.000000
13.000000 148.992779 4.432496 1.965408 1.414563 0.000000 0.000000 0.000000 1.000000 0.000000 0.000000
13.000000 148.993708 4.411770 1.919153 1.440861 0.000000 0.000000 0.000000 1.000000 0.000000 0.000000
13.000000 148.996711 4.398464 1.901176 1.438146 0.000000 0.000000 0.000000 1.000000 0.000000 0.000000
13.000000 148.999908 4.547168 1.948998 1.409579 0.000000 0.000000 0.000000 1.000000 0.000000 0.000000
13.000000 149.002893 4.378734 1.972988 1.435443 0.000000 0.000000 0.000000 1.000000 0.000000 0.000000
13.000000 149.003396 4.370850 1.922558 1.457445 0.000000 0.000000 0.000000 1.000000 0.000000 0.000000
13.000000 149.006607 4.355254 1.906737 1.452955 0.000000 0.000000 0.000000 1.000000 0.000000 0.000000
13.000000 149.010081 4.494789 1.952057 1.425895 0.000000 0.000000 0.000000 1.000000 0.000000 0.000000
13.000000 149.012772 4.331002 1.978574 1.450020 0.000000 0.000000 0.000000 1.000000 0.000000 0.000000
13.000000 149.013616 4.322174 1.932201 1.470695 0.000000 0.000000 0.000000 1.000000 0.000000 0.000000
13.000000 149.016829 4.312595 1.912507 1.465860 0.000000 0.000000 0.000000 1.000000 0.000000 0.000000
13.000000 149.019941 4.461093 1.957002 1.432891 0.000000 0.000000 0.000000 1.000000 0.000000 0.000000
13.000000 149.023065 4.295441 1.977455 1.458271 0.000000 0.000000 0.000000 1.000000 0.000000 0.000000
13.000000 149.023450 4.274005 1.931818 1.485845 0.000000 0.000000 0.000000 1.000000 0.000000 0.000000
13.000000 149.026644 4.262137 1.912773 1.481947 0.000000 0.000000 0.000000 1.000000 0.000000 0.000000
13.000000 149.030012 4.418396 1.961564 1.449777 0.000000 0.000000 0.000000 1.000000 0.000000 0.000000
13.000000 149.032916 4.238321 1.988357 1.475064 0.000000 0.000000 0.000000 1.000000 0.000000 0.000000
13.000000 149.033698 4.237349 1.927602 1.495822 0.000000 0.000000 0.000000 1.000000 0.000000 0.000000
13.000000 149.036740 4.209356 1.911617 1.493852 0.000000 0.000000 0.000000 1.000000 0.000000 0.000000
13.000000 149.039954 4.360923 1.959669 1.464101 0.000000 0.000000 0.000000 1.000000 0.000000 0.000000
13.000000 149.042853 4.195913 1.985925 1.487086 0.000000 0.000000 0.000000 1.000000 0.000000 0.000000
13.000000 149.043639 4.228124 1.921915 1.493815 0.000000 0.000000 0.000000 1.000000 0.000000 0.000000
13.000000 149.046671 4.205135 1.915193 1.492954 0.000000 0.000000 0.000000 1.000000 0.000000 0.000000
13.000000 149.050020 4.325007 1.962775 1.479752 0.000000 0.000000 0.000000 1.000000 0.000000 0.000000
13.000000 149.052893 4.130691 2.000523 1.501822 0.000000 0.000000 0.000000 1.000000 0.000000 0.000000
13.000000 149.053552 4.150920 1.943914 1.511730 0.000000 0.000000 0.000000 1.000000 0.000000 0.000000
13.000000 149.056715 4.145407 1.925740 1.509308 0.000000 0.000000 0.000000 1.000000 0.000000 0.000000
13.000000 149.059952 4.273992 1.968650 1.485135 0.000000 0.000000 0.000000 1.000000 0.000000 0.000000
13.000000 149.063017 4.097810 1.999778 1.504890 0.000000 0.000000 0.000000 1.000000 0.000000 0.000000
13.000000 149.063567 4.105309 1.946036 1.519163 0.000000 0.000000 0.000000 1.000000 0.000000 0.000000
13.000000 149.066961 4.095242 1.924967 1.517319 0.000000 0.000000 0.000000 1.000000 0.000000 0.000000
13.000000 149.070133 4.207551 1.961594 1.494732 0.000000 0.000000 0.000000 1.000000 0.000000 0.000000
13.000000 149.072836 4.074423 1.986259 1.512812 0.000000 0.000000 0.000000 1.000000 0.000000 0.000000
13.000000 149.073509 4.063336 1.947456 1.530836 0.000000 0.000000 0.000000 1.000000 0.000000 0.000000
13.000000 149.076870 4.046099 1.929447 1.529018 0.000000 0.000000 0.000000 1.000000 0.000000 0.000000
13.000000 149.079955 4.193469 1.976989 1.499906 0.000000 0.000000 0.000000 1.000000 0.000000 0.000000
13.000000 149.082913 4.016080 2.007641 1.521184 0.000000 0.000000 0.000000 1.000000 0.000000 0.000000
13.000000 149.083374 4.027898 1.954683 1.534492 0.000000 0.000000 0.000000 1.000000 0.000000 0.000000
13.000000 149.086751 4.024479 1.934065 1.531390 0.000000 0.000000 0.000000 1.000000 0.000000 0.000000
13.000000 149.090060 4.167819 1.986632 1.508848 0.000000 0.000000 0.000000 1.000000 0.000000 0.000000
13.000000 149.092873 3.951614 2.028672 1.535355 0.000000 0.000000 0.000000 1.000000 0.000000 0.000000
13.000000 149.093707 4.006194 1.944759 1.536557 0.000000 0.000000 0.000000 1.000000 0.000000 0.000000
13.000000 149.096808 3.974054 1.932518 1.532121 0.000000 0.000000 0.000000 1.000000 0.000000 0.000000
13.000000 149.099920 4.110005 1.982554 1.510665 0.000000 0.000000 0.000000 1.000000 0.000000 0.000000
13.000000 149.102935 3.919746 2.019485 1.537238 0.000000 0.000000 0.000000 1.000000 0.000000 0.000000
13.000000 149.103565 3.938034 1.958523 1.549907 0.000000 0.000000 0.000000 1.000000 0.000000 0.000000
13.000000 149.106684 3.921257 1.939317 1.544052 0.000000 0.000000 0.000000 1.000000 0.000000 0.000000
13.000000 149.110012 4.034765 1.975928 1.518837 0.000000 0.000000 0.000000 1.000000 0.000000 0.000000
13.000000 149.112819 3.894520 2.004061 1.537625 0.000000 0.000000 0.000000 1.000000 0.000000 0.000000
13.000000 149.113615 3.888078 1.965113 1.554134 0.000000 0.000000 0.000000 1.000000 0.000000 0.000000
13.000000 149.116776 3.878830 1.942469 1.549660 0.000000 0.000000 0.000000 1.000000 0.000000 0.000000
13.000000 149.119878 3.999607 1.980393 1.521960 0.000000 0.000000 0.000000 1.000000 0.000000 0.000000
13.000000 149.122880 3.858837 2.007491 1.540842 0.000000 0.000000 0.000000 1.000000 0.000000 0.000000
13.000000 149.123539 3.854651 1.964307 1.557369 0.000000 0.000000 0.000000 1.000000 0.000000 0.000000
13.000000 149.126666 3.832254 1.945723 1.553118 0.000000 0.000000 0.000000 1.000000 0.000000 0.000000
13.000000 149.130044 3.959428 1.983300 1.521875 0.000000 0.000000 0.000000 1.000000 0.000000 0.000000
13.000000 149.132858 3.820844 2.006390 1.539351 0.000000 0.000000 0.000000 1.000000 0.000000 0.000000
13.000000 149.133599 3.821165 1.965569 1.554256 0.000000 0.000000 0.000000 1.000000 0.000000 0.000000
13.000000 149.136841 3.804336 1.951622 1.551043 0.000000 0.000000 0.000000 1.000000 0.000000 0.000000
13.000000 149.139959 3.915032 1.989334 1.529065 0.000000 0.000000 0.000000 1.000000 0.000000 0.000000
13.000000 149.142911 3.762491 2.019078 1.545786 0.000000 0.000000 0.000000 1.000000 0.000000 0.000000
13.000000 149.143587 3.788844 1.963590 1.550957 0.000000 0.000000 0.000000 1.000000 0.000000 0.000000
13.000000 149.146754 3.757265 1.954343 1.548003 0.000000 0.000000 0.000000 1.000000 0.000000 0.000000
13.000000 149.150040 3.868098 1.991887 1.525914 0.000000 0.000000 0.000000 1.000000 0.000000 0.000000
13.000000 149.152884 3.718682 2.024019 1.538716 0.000000 0.000000 0.000000 1.000000 0.000000 0.000000
13.000000 149.153663 3.736297 1.969428 1.545570 0.000000 0.000000 0.000000 1.000000 0.000000 0.000000
13.000000 149.156813 3.711772 1.950370 1.547002 0.000000 0.000000 0.000000 1.000000 0.000000 0.000000
13.000000 149.159972 3.836744 1.993764 1.523717 0.000000 0.000000 0.000000 1.000000 0.000000 0.000000
13.000000 149.162925 3.671495 2.026521 1.540280 0.000000 0.000000 0.000000 1.000000 0.000000 0.000000
13.000000 149.163594 3.671328 2.005449 1.552562 0.000000 0.000000 0.000000 1.000000 0.000000 0.000000
13.000000 149.166724 3.716971 1.974357 1.541704 0.000000 0.000000 0.000000 1.000000 0.000000 0.000000
13.000000 149.170078 3.798493 2.003097 1.520999 0.000000 0.000000 0.000000 1.000000 0.000000 0.000000
13.000000 149.172971 3.628941 2.036242 1.541738 0.000000 0.000000 0.000000 1.000000 0.000000 0.000000
13.000000 149.173669 3.629551 2.009688 1.555730 0.000000 0.000000 0.000000 1.000000 0.000000 0.000000
13.000000 149.176795 3.673853 1.975382 1.542488 0.000000 0.000000 0.000000 1.000000 0.000000 0.000000
13.000000 149.179927 3.744569 1.998682 1.520594 0.000000 0.000000 0.000000 1.000000 0.000000 0.000000
13.000000 149.182946 3.602193 2.030900 1.538492 0.000000 0.000000 0.000000 1.000000 0.000000 0.000000
13.000000 149.183525 3.597238 2.013834 1.551036 0.000000 0.000000 0.000000 1.000000 0.000000 0.000000
13.000000 149.186681 3.645348 1.979349 1.539844 0.000000 0.000000 0.000000 1.000000 0.000000 0.000000
13.000000 149.190030 3.736159 2.008363 1.513618 0.000000 0.000000 0.000000 1.000000 0.000000 0.000000
13.000000 149.192873 3.563218 2.040837 1.533011 0.000000 0.000000 0.000000 1.000000 0.000000 0.000000
13.000000 149.193579 3.568336 2.007860 1.545952 0.000000 0.000000 0.000000 1.000000 0.000000 0.000000
13.000000 149.196801 3.592441 1.980472 1.534168 0.000000 0.000000 0.000000 1.000000 0.000000 0.000000
13.000000 149.199979 3.666984 2.005051 1.512250 0.000000 0.000000 0.000000 1.000000 0.000000 0.000000
13.000000 149.202944 3.514504 2.036957 1.528100 0.000000 0.000000 0.000000 1.000000 0.000000 0.000000
13.000000 149.203512 3.525904 1.978044 1.539885 0.000000 0.000000 0.000000 1.000000 0.000000 0.000000
13.000000 149.206749 3.484552 1.959105 1.538935 0.000000 0.000000 0.000000 1.000000 0.000000 0.000000
13.000000 149.210118 3.635206 2.009709 1.506317 0.000000 0.000000 0.000000 1.000000 0.000000 0.000000
13.000000 149.212893 3.465466 2.047614 1.524483 0.000000 0.000000 0.000000 1.000000 0.000000 0.000000
13.000000 149.213584 3.504996 2.017034 1.520461 0.000000 0.000000 0.000000 1.000000 0.000000 0.000000
13.000000 149.216876 3.549721 1.993717 1.502731 0.000000 0.000000 0.000000 1.000000 0.000000 0.000000
13.000000 149.219937 3.573317 2.008495 1.496466 0.000000 0.000000 0.000000 1.000000 0.000000 0.000000
13.000000 149.222984 3.439087 2.041386 1.516814 0.000000 0.000000 0.000000 1.000000 0.000000 0.000000
13.000000 149.223592 3.441158 2.020716 1.526759 0.000000 0.000000 0.000000 1.000000 0.000000 0.000000
13.000000 149.226743 3.469532 1.990952 1.509140 0.000000 0.000000 0.000000 1.000000 0.000000 0.000000
13.000000 149.230042 3.529520 2.013320 1.489966 0.000000 0.000000 0.000000 1.000000 0.000000 0.000000
13.000000 149.232894 3.379241 2.050757 1.509041 0.000000 0.000000 0.000000 1.000000 0.000000 0.000000
13.000000 149.233603 3.406307 2.036745 1.507135 0.000000 0.000000 0.000000 1.000000 0.000000 0.000000
13.000000 149.236814 3.487673 2.001443 1.487401 0.000000 0.000000 0.000000 1.000000 0.000000 0.000000
13.000000 149.239920 3.532879 2.026844 1.478434 0.000000 0.000000 0.000000 1.000000 0.000000 0.000000
13.000000 149.243098 3.322304 2.076682 1.504342 0.000000 0.000000 0.000000 1.000000 0.000000 0.000000
13.000000 149.243573 3.361469 2.026961 1.504681 0.000000 0.000000 0.000000 1.000000 0.000000 0.000000
13.000000 149.246731 3.409483 1.987797 1.488470 0.000000 0.000000 0.000000 1.000000 0.000000 0.000000
13.000000 149.250033 3.498037 2.021085 1.463953 0.000000 0.000000 0.000000 1.000000 0.000000 0.000000
13.000000 149.252947 3.293093 2.071562 1.484599 0.000000 0.000000 0.000000 1.000000 0.000000 0.000000
13.000000 149.253761 3.353589 2.024199 1.473021 0.000000 0.000000 0.000000 1.000000 0.000000 0.000000
13.000000 149.256945 3.406598 1.994351 1.457740 0.000000 0.000000 0.000000 1.000000 0.000000 0.000000
13.000000 149.260065 3.475082 2.029003 1.446791 0.000000 0.000000 0.000000 1.000000 0.000000 0.000000
13.000000 149.262973 3.242862 2.083269 1.471529 0.000000 0.000000 0.000000 1.000000 0.000000 0.000000
13.000000 149.263609 3.284770 2.006901 1.474578 0.000000 0.000000 0.000000 1.000000 0.000000 0.000000
13.000000 149.270113 2.878479 2.149447 1.419007 0.000000 0.000000 0.000000 1.000000 0.000000 0.000000
13.000000 149.272895 3.239260 2.060915 1.459144 0.000000 0.000000 0.000000 1.000000 0.000000 0.000000
13.000000 149.273723 3.278433 2.013869 1.458092 0.000000 0.000000 0.000000 1.000000 0.000000 0.000000
13.000000 149.280050 3.066227 2.100454 1.429518 0.000000 0.000000 0.000000 1.000000 0.000000 0.000000
13.000000 149.282964 3.190358 2.061898 1.450985 0.000000 0.000000 0.000000 1.000000 0.000000 0.000000
13.000000 149.283556 3.208426 2.047458 1.452084 0.000000 0.000000 0.000000 1.000000 0.000000 0.000000
13.000000 149.290150 3.135611 2.089377 1.431277 0.000000 0.000000 0.000000 1.000000 0.000000 0.000000
13.000000 149.292919 3.146776 2.070258 1.436460 0.000000 0.000000 0.000000 1.000000 0.000000 0.000000
13.000000 149.293640 3.178380 2.043430 1.433480 0.000000 0.000000 0.000000 1.000000 0.000000 0.000000
13.000000 149.300102 2.972917 2.136595 1.402020 0.000000 0.000000 0.000000 1.000000 0.000000 0.000000
13.000000 149.303068 3.092440 2.090624 1.428451 0.000000 0.000000 0.000000 1.000000 0.000000 0.000000
13.000000 149.303612 3.133777 2.036967 1.427284 0.000000 0.000000 0.000000 1.000000 0.000000 0.000000
13.000000 149.310197 2.817823 2.162427 1.379949 0.000000 0.000000 0.000000 1.000000 0.000000 0.000000
13.000000 149.313036 3.036646 2.098403 1.410245 0.000000 0.000000 0.000000 1.000000 0.000000 0.000000
13.000000 149.313708 3.097866 2.047916 1.399039 0.000000 0.000000 0.000000 1.000000 0.000000 0.000000
13.000000 149.320099 2.949621 2.118867 1.367917 0.000000 0.000000 0.000000 1.000000 0.000000 0.000000
13.000000 149.323011 3.025222 2.082970 1.382231 0.000000 0.000000 0.000000 1.000000 0.000000 0.000000
13.000000 149.323732 3.066786 2.032138 1.379373 0.000000 0.000000 0.000000 1.000000 0.000000 0.000000
13.000000 149.330251 2.653939 2.197313 1.332039 0.000000 0.000000 0.000000 1.000000 0.000000 0.000000
13.000000 149.332962 2.920336 2.123856 1.380617 0.000000 0.000000 0.000000 1.000000 0.000000 0.000000
13.000000 149.333642 2.974910 2.052789 1.374857 0.000000 0.000000 0.000000 1.000000 0.000000 0.000000
13.000000 149.340184 2.792457 2.115551 1.341725 0.000000 0.000000 0.000000 1.000000 0.000000 0.000000
13.000000 149.342995 2.927702 2.080259 1.349285 0.000000 0.000000 0.000000 1.000000 0.000000 0.000000
13.000000 149.343609 2.952629 2.062832 1.344680 0.000000 0.000000 0.000000 1.000000 0.000000 0.000000
13.000000 149.350081 2.795585 2.135266 1.317958 0.000000 0.000000 0.000000 1.000000 0.000000 0.000000
13.000000 149.352966 2.869921 2.101357 1.336161 0.000000 0.000000 0.000000 1.000000 0.000000 0.000000
13.000000 149.353642 2.939299 2.048446 1.318340 0.000000 0.000000 0.000000 1.000000 0.000000 0.000000
13.000000 149.360049 2.712763 2.149359 1.290006 0.000000 0.000000 0.000000 1.000000 0.000000 0.000000
13.000000 149.363040 2.831429 2.109875 1.318578 0.000000 0.000000 0.000000 1.000000 0.000000 0.000000
13.000000 149.363670 2.864135 2.040136 1.320548 0.000000 0.000000 0.000000 1.000000 0.000000 0.000000
13.000000 149.370146 2.422346 2.190632 1.252916 0.000000 0.000000 0.000000 1.000000 0.000000 0.000000
13.000000 149.372920 2.819467 2.100409 1.286880 0.000000 0.000000 0.000000 1.000000 0.000000 0.000000
13.000000 149.373715 2.855665 2.051908 1.283822 0.000000 0.000000 0.000000 1.000000 0.000000 0.000000
13.000000 149.380043 2.334810 2.256580 1.212481 0.000000 0.000000 0.000000 1.000000 0.000000 0.000000
13.000000 149.383031 2.732345 2.147639 1.273982 0.000000 0.000000 0.000000 1.000000 0.000000 0.000000
13.000000 149.383579 2.820709 2.051680 1.257341 0.000000 0.000000 0.000000 1.000000 0.000000 0.000000
13.000000 149.390143 2.279114 2.266186 1.190706 0.000000 0.000000 0.000000 1.000000 0.000000 0.000000
13.000000 149.392951 2.681684 2.158969 1.259372 0.000000 0.000000 0.000000 1.000000 0.000000 0.000000
13.000000 149.393642 2.778734 2.070048 1.235580 0.000000 0.000000 0.000000 1.000000 0.000000 0.000000
13.000000 149.400001 2.614144 2.141749 1.201014 0.000000 0.000000 0.000000 1.000000 0.000000 0.000000
13.000000 149.403028 2.699576 2.106594 1.212402 0.000000 0.000000 0.000000 1.000000 0.000000 0.000000
13.000000 149.403827 2.683778 2.102069 1.229663 0.000000 0.000000 0.000000 1.000000 0.000000 0.000000
13.000000 149.410185 2.639891 2.128484 1.198766 0.000000 0.000000 0.000000 1.000000 0.000000 0.000000
13.000000 149.412975 2.650320 2.109164 1.189615 0.000000 0.000000 0.000000 1.000000 0.000000 0.000000
13.000000 149.413843 2.684441 2.079238 1.183813 0.000000 0.000000 0.000000 1.000000 0.000000 0.000000
13.000000 149.420095 2.335059 2.230105 1.129832 0.000000 0.000000 0.000000 1.000000 0.000000 0.000000
13.000000 149.423012 2.574824 2.154203 1.173973 0.000000 0.000000 0.000000 1.000000 0.000000 0.000000
13.000000 149.423773 2.644881 2.085926 1.159234 0.000000 0.000000 0.000000 1.000000 0.000000 0.000000
13.000000 149.430171 2.255131 2.251538 1.096635 0.000000 0.000000 0.000000 1.000000 0.000000 0.000000
13.000000 149.432972 2.534527 2.163611 1.145120 0.000000 0.000000 0.000000 1.000000 0.000000 0.000000
13.000000 149.433901 2.595525 2.052414 1.143143 0.000000 0.000000 0.000000 1.000000 0.000000 0.000000
13.000000 149.440307 1.889202 2.304739 1.042555 0.000000 0.000000 0.000000 1.000000 0.000000 0.000000
13.000000 149.443053 2.501773 2.160151 1.115980 0.000000 0.000000 0.000000 1.000000 0.000000 0.000000
13.000000 149.443704 2.567582 2.053246 1.108863 0.000000 0.000000 0.000000 1.000000 0.000000 0.000000
13.000000 149.450256 1.764993 2.346536 0.998765 0.000000 0.000000 0.000000 1.000000 0.000000 0.000000
13.000000 149.453016 2.443308 2.182355 1.090116 0.000000 0.000000 0.000000 1.000000 0.000000 0.000000
13.000000 149.453837 2.528169 2.046139 1.078725 0.000000 0.000000 0.000000 1.000000 0.000000 0.000000
13.000000 149.460072 1.719412 2.331958 0.968811 0.000000 0.000000 0.000000 1.000000 0.000000 0.000000
13.000000 149.463077 2.423520 2.170306 1.057388 0.000000 0.000000 0.000000 1.000000 0.000000 0.000000
13.000000 149.463798 2.514279 2.117935 1.028162 0.000000 0.000000 0.000000 1.000000 0.000000 0.000000
13.000000 149.470328 2.589266 2.124286 1.019665 0.000000 0.000000 0.000000 1.000000 0.000000 0.000000
13.000000 149.473006 2.427118 2.130790 1.009729 0.000000 0.000000 0.000000 1.000000 0.000000 0.000000
13.000000 149.473845 2.473639 2.098842 0.997277 0.000000 0.000000 0.000000 1.000000 0.000000 0.000000
13.000000 149.480127 2.138690 2.252833 0.942511 0.000000 0.000000 0.000000 1.000000 0.000000 0.000000
13.000000 149.483091 2.346050 2.176953 0.990563 0.000000 0.000000 0.000000 1.000000 0.000000 0.000000
13.000000 149.483666 2.426892 2.141445 0.965454 0.000000 0.000000 0.000000 1.000000 0.000000 0.000000
13.000000 149.490220 2.356707 2.219900 0.938791 0.000000 0.000000 0.000000 1.000000 0.000000 0.000000
13.000000 149.493035 2.297549 2.189909 0.959369 0.000000 0.000000 0.000000 1.000000 0.000000 0.000000
13.000000 149.493911 2.391767 2.138635 0.928721 0.000000 0.000000 0.000000 1.000000 0.000000 0.000000
13.000000 149.500102 2.313558 2.216795 0.902919 0.000000 0.000000 0.000000 1.000000 0.000000 0.000000
13.000000 149.503144 2.259090 2.189734 0.922191 0.000000 0.000000 0.000000 1.000000 0.000000 0.000000
13.000000 149.503777 2.343843 2.144116 0.893883 0.000000 0.000000 0.000000 1.000000 0.000000 0.000000
13.000000 149.510243 2.478452 2.133342 0.892270 0.000000 0.000000 0.000000 1.000000 0.000000 0.000000
13.000000 149.512982 2.268439 2.148385 0.876303 0.000000 0.000000 0.000000 1.000000 0.000000 0.000000
13.000000 149.513759 2.333086 2.075270 0.856674 0.000000 0.000000 0.000000 1.000000 0.000000 0.000000
13.000000 149.520136 1.887915 2.245892 0.788440 0.000000 0.000000 0.000000 1.000000 0.000000 0.000000
13.000000 149.523188 2.223870 2.159552 0.838621 0.000000 0.000000 0.000000 1.000000 0.000000 0.000000
13.000000 149.523735 2.289391 2.083319 0.819117 0.000000 0.000000 0.000000 1.000000 0.000000 0.000000
13.000000 149.530221 1.701730 2.310559 0.735141 0.000000 0.000000 0.000000 1.000000 0.000000 0.000000
13.000000 149.533016 2.158689 2.190463 0.813398 0.000000 0.000000 0.000000 1.000000 0.000000 0.000000
13.000000 149.533698 2.255672 2.083288 0.782069 0.000000 0.000000 0.000000 1.000000 0.000000 0.000000
13.000000 149.540188 1.897601 2.221383 0.725906 0.000000 0.000000 0.000000 1.000000 0.000000 0.000000
13.000000 149.543083 2.164338 2.148562 0.769234 0.000000 0.000000 0.000000 1.000000 0.000000 0.000000
13.000000 149.543811 2.234732 2.078658 0.744570 0.000000 0.000000 0.000000 1.000000 0.000000 0.000000
13.000000 149.550241 1.879793 2.221531 0.690158 0.000000 0.000000 0.000000 1.000000 0.000000 0.000000
13.000000 149.553814 1.770340 2.241526 0.658322 0.000000 0.000000 0.000000 1.000000 0.000000 0.000000
13.000000 149.560216 1.541547 2.332139 0.607294 0.000000 0.000000 0.000000 1.000000 0.000000 0.000000
13.000000 149.563763 1.454021 2.348490 0.579362 0.000000 0.000000 0.000000 1.000000 0.000000 0.000000
13.000000 149.570317 1.648169 2.272322 0.596036 0.000000 0.000000 0.000000 1.000000 0.000000 0.000000
13.000000 149.573755 1.617566 2.278004 0.571544 0.000000 0.000000 0.000000 1.000000 0.000000 0.000000
13.000000 149.580223 1.698710 2.246262 0.561827 0.000000 0.000000 0.000000 1.000000 0.000000 0.000000
13.000000 149.583741 2.161107 2.162791 0.596341 0.000000 0.000000 0.000000 1.000000 0.000000 0.000000
13.000000 149.590175 2.155399 2.164609 0.570633 0.000000 0.000000 0.000000 1.000000 0.000000 0.000000
13.000000 149.593778 2.065355 2.180948 0.546323 0.000000 0.000000 0.000000 1.000000 0.000000 0.000000
13.000000 149.600202 2.109664 2.163947 0.534063 0.000000 0.000000 0.000000 1.000000 0.000000 0.000000
13.000000 149.603771 1.609602 2.254224 0.452472 0.000000 0.000000 0.000000 1.000000 0.000000 0.000000
13.000000 149.610324 1.486635 2.303721 0.414790 0.000000 0.000000 0.000000 1.000000 0.000000 0.000000
13.000000 149.613794 1.375048 2.324870 0.373415 0.000000 0.000000 0.000000 1.000000 0.000000 0.000000
13.000000 149.620158 1.535799 2.262711 0.379089 0.000000 0.000000 0.000000 1.000000 0.000000 0.000000
13.000000 149.623788 1.999191 2.179889 0.414750 0.000000 0.000000 0.000000 1.000000 0.000000 0.000000
13.000000 149.630316 2.047788 2.160468 0.409450 0.000000 0.000000 0.000000 1.000000 0.000000 0.000000
13.000000 149.633815 1.537232 2.251808 0.316621 0.000000 0.000000 0.000000 1.000000 0.000000 0.000000
13.000000 149.640219 1.540414 2.250763 0.285151 0.000000 0.000000 0.000000 1.000000 0.000000 0.000000
13.000000 149.643801 1.529383 2.253175 0.266479 0.000000 0.000000 0.000000 1.000000 0.000000 0.000000
13.000000 149.650356 1.587540 2.231833 0.249462 0.000000 0.000000 0.000000 1.000000 0.000000 0.000000
13.000000 149.653810 2.070090 2.146420 0.287414 0.000000 0.000000 0.000000 1.000000 0.000000 0.000000
13.000000 149.660229 2.028072 2.163293 0.261388 0.000000 0.000000 0.000000 1.000000 0.000000 0.000000
13.000000 149.663804 0.944662 2.357410 0.099488 0.000000 0.000000 0.000000 1.000000 0.000000 0.000000
13.000000 149.670336 0.939271 2.359763 0.093882 0.000000 0.000000 0.000000 1.000000 0.000000 0.000000
13.000000 149.673899 0.911104 2.365365 0.068743 0.000000 0.000000 0.000000 1.000000 0.000000 0.000000
13.000000 149.680182 1.043409 2.315952 0.057569 0.000000 0.000000 0.000000 1.000000 0.000000 0.000000
13.000000 149.683816 1.411376 2.251375 0.081183 0.000000 0.000000 0.000000 1.000000 0.000000 0.000000
13.000000 149.690327 1.522495 2.209572 0.071893 0.000000 0.000000 0.000000 1.000000 0.000000 0.000000
13.000000 149.693789 1.412304 2.230108 0.031084 0.000000 0.000000 0.000000 1.000000 0.000000 0.000000
13.000000 149.700236 1.267831 2.286928 -0.006099 0.000000 0.000000 0.000000 1.000000 0.000000 0.000000
13.000000 149.703803 1.216163 2.296720 -0.037200 0.000000 0.000000 0.000000 1.000000 0.000000 0.000000
13.000000 149.710305 1.281558 2.271499 -0.016791 0.000000 0.000000 0.000000 1.000000 0.000000 0.000000
13.000000 149.713881 1.246180 2.277460 0.007311 0.000000 0.000000 0.000000 1.000000 0.000000 0.000000
13.000000 149.720244 1.270261 2.267606 0.027416 0.000000 0.000000 0.000000 1.000000 0.000000 0.000000
13.000000 149.723828 1.227285 2.274791 0.040438 0.000000 0.000000 0.000000 1.000000 0.000000 0.000000
13.000000 149.730329 1.199496 2.285034 0.066060 0.000000 0.000000 0.000000 1.000000 0.000000 0.000000
13.000000 149.733784 1.193946 2.285817 0.088002 0.000000 0.000000 0.000000 1.000000 0.000000 0.000000
13.000000 149.740244 1.307349 2.241683 0.121805 0.000000 0.000000 0.000000 1.000000 0.000000 0.000000
13.000000 149.743820 1.217061 2.257678 0.116893 0.000000 0.000000 0.000000 1.000000 0.000000 0.000000
13.000000 149.773948 0.882477 2.333736 0.194720 0.000000 0.000000 0.000000 1.000000 0.000000 0.000000
13.000000 149.780177 0.878282 2.334784 0.210350 0.000000 0.000000 0.000000 1.000000 0.000000 0.000000
13.000000 149.783920 0.927456 2.325641 0.233399 0.000000 0.000000 0.000000 1.000000 0.000000 0.000000
13.000000 149.790313 1.001934 2.296471 0.257319 0.000000 0.000000 0.000000 1.000000 0.000000 0.000000
13.000000 149.794161 1.336988 2.236726 0.317843 0.000000 0.000000 0.000000 1.000000 0.000000 0.000000
13.000000 149.800264 1.185799 2.295215 0.326160 0.000000 0.000000 0.000000 1.000000 0.000000 0.000000
13.000000 149.803767 0.737024 2.375170 0.288730 0.000000 0.000000 0.000000 1.000000 0.000000 0.000000
13.000000 149.810414 0.927738 2.301614 0.324662 0.000000 0.000000 0.000000 1.000000 0.000000 0.000000
13.000000 149.814047 0.772350 2.328987 0.309794 0.000000 0.000000 0.000000 1.000000 0.000000 0.000000
13.000000 149.820244 0.716039 2.350396 0.326961 0.000000 0.000000 0.000000 1.000000 0.000000 0.000000
13.000000 149.833843 0.771399 2.315642 0.387579 0.000000 0.000000 0.000000 1.000000 0.000000 0.000000
13.000000 149.840258 0.623209 2.371934 0.387410 0.000000 0.000000 0.000000 1.000000 0.000000 0.000000
13.000000 149.844099 0.965505 2.310884 0.444852 0.000000 0.000000 0.000000 1.000000 0.000000 0.000000
13.000000 149.850371 0.979874 2.305396 0.461419 0.000000 0.000000 0.000000 1.000000 0.000000 0.000000
13.000000 149.853913 0.587506 2.374845 0.426993 0.000000 0.000000 0.000000 1.000000 0.000000 0.000000
13.000000 149.860312 0.626407 2.359755 0.446057 0.000000 0.000000 0.000000 1.000000 0.000000 0.000000
13.000000 149.863850 0.508998 2.380335 0.441014 0.000000 0.000000 0.000000 1.000000 0.000000 0.000000
13.000000 149.870401 0.485103 2.389247 0.457007 0.000000 0.000000 0.000000 1.000000 0.000000 0.000000
13.000000 149.873800 0.459859 2.393046 0.480433 0.000000 0.000000 0.000000 1.000000 0.000000 0.000000
13.000000 149.880235 0.509552 2.373821 0.499909 0.000000 0.000000 0.000000 1.000000 0.000000 0.000000
13.000000 149.883790 0.450241 2.384076 0.502740 0.000000 0.000000 0.000000 1.000000 0.000000 0.000000
13.000000 149.890421 0.429602 2.391829 0.504887 0.000000 0.000000 0.000000 1.000000 0.000000 0.000000
13.000000 149.893952 0.352016 2.405421 0.501483 0.000000 0.000000 0.000000 1.000000 0.000000 0.000000
13.000000 149.900343 0.359676 2.402135 0.523291 0.000000 0.000000 0.000000 1.000000 0.000000 0.000000
13.000000 149.904016 0.346654 2.403994 0.537067 0.000000 0.000000 0.000000 1.000000 0.000000 0.000000
13.000000 149.910444 0.352351 2.401676 0.546422 0.000000 0.000000 0.000000 1.000000 0.000000 0.000000
13.000000 149.914010 0.321365 2.406780 0.557976 0.000000 0.000000 0.000000 1.000000 0.000000 0.000000
13.000000 149.920343 0.394833 2.378544 0.584903 0.000000 0.000000 0.000000 1.000000 0.000000 0.000000
13.000000 149.923963 0.338007 2.388373 0.585176 0.000000 0.000000 0.000000 1.000000 0.000000 0.000000
13.000000 149.930433 0.313294 2.397635 0.589940 0.000000 0.000000 0.000000 1.000000 0.000000 0.000000
13.000000 149.933872 0.312901 2.397292 0.605327 0.000000 0.000000 0.000000 1.000000 0.000000 0.000000
13.000000 149.940317 0.302025 2.401250 0.612994 0.000000 0.000000 0.000000 1.000000 0.000000 0.000000
13.000000 149.943749 0.200328 2.418933 0.612333 0.000000 0.000000 0.000000 1.000000 0.000000 0.000000
13.000000 149.950361 0.213758 2.413681 0.621795 0.000000 0.000000 0.000000 1.000000 0.000000 0.000000
13.000000 149.954006 0.131966 2.428094 0.612581 0.000000 0.000000 0.000000 1.000000 0.000000 0.000000
13.000000 149.960352 0.252028 2.382479 0.638808 0.000000 0.000000 0.000000 1.000000 0.000000 0.000000
13.000000 149.964033 0.314111 2.371108 0.664902 0.000000 0.000000 0.000000 1.000000 0.000000 0.000000
13.000000 149.970465 0.242025 2.398107 0.673045 0.000000 0.000000 0.000000 1.000000 0.000000 0.000000
13.000000 149.973948 0.171939 2.410328 0.668620 0.000000 0.000000 0.000000 1.000000 0.000000 0.000000
13.000000 149.980331 0.273499 2.371898 0.682739 0.000000 0.000000 0.000000 1.000000 0.000000 0.000000
13.000000 149.994007 0.084237 2.412344 0.694116 0.000000 0.000000 0.000000 1.000000 0.000000 0.000000
13.000000 150.000435 0.007108 2.441299 0.691549 0.000000 0.000000 0.000000 1.000000 0.000000 0.000000
13.000000 150.003809 -0.034272 2.448597 0.686424 0.000000 0.000000 0.000000 1.000000 0.000000 0.000000
13.000000 150.010459 -0.117814 2.479813 0.685594 0.000000 0.000000 0.000000 1.000000 0.000000 0.000000
13.000000 150.034047 -0.242212 2.514271 0.701771 0.000000 0.000000 0.000000 1.000000 0.000000 0.000000
13.000000 150.040305 0.073149 2.395578 0.741242 0.000000 0.000000 0.000000 1.000000 0.000000 0.000000
13.000000 150.043955 -0.022433 2.412122 0.735548 0.000000 0.000000 0.000000 1.000000 0.000000 0.000000
13.000000 150.050529 -0.280231 2.508592 0.716862 0.000000 0.000000 0.000000 1.000000 0.000000 0.000000
13.000000 150.053908 -0.312466 2.514098 0.716149 0.000000 0.000000 0.000000 1.000000 0.000000 0.000000
13.000000 150.060414 -0.126378 2.444261 0.739242 0.000000 0.000000 0.000000 1.000000 0.000000 0.000000
13.000000 150.064014 -0.085497 2.436842 0.749146 0.000000 0.000000 0.000000 1.000000 0.000000 0.000000
13.000000 150.070540 0.231307 2.317785 0.789697 0.000000 0.000000 0.000000 1.000000 0.000000 0.000000
13.000000 150.093859 0.033179 2.360367 0.776023 0.000000 0.000000 0.000000 1.000000 0.000000 0.000000
13.000000 150.100436 0.116789 2.328936 0.792448 0.000000 0.000000 0.000000 1.000000 0.000000 0.000000
13.000000 150.103925 0.024514 2.344668 0.789245 0.000000 0.000000 0.000000 1.000000 0.000000 0.000000
13.000000 150.110455 -0.031109 2.365466 0.783292 0.000000 0.000000 0.000000 1.000000 0.000000 0.000000
13.000000 150.114035 -0.046908 2.368278 0.779158 0.000000 0.000000 0.000000 1.000000 0.000000 0.000000
13.000000 150.120376 -0.285328 2.457437 0.750530 0.000000 0.000000 0.000000 1.000000 0.000000 0.000000
13.000000 150.123987 -0.511016 2.496800 0.727322 0.000000 0.000000 0.000000 1.000000 0.000000 0.000000
13.000000 150.130576 -0.192289 2.378016 0.767639 0.000000 0.000000 0.000000 1.000000 0.000000 0.000000
13.000000 150.133991 -0.252338 2.388871 0.749838 0.000000 0.000000 0.000000 1.000000 0.000000 0.000000
13.000000 150.140331 -0.628607 2.528628 0.706703 0.000000 0.000000 0.000000 1.000000 0.000000 0.000000
13.000000 150.143903 -0.523317 2.509553 0.728023 0.000000 0.000000 0.000000 1.000000 0.000000 0.000000
13.000000 150.150495 -0.158707 2.373725 0.769744 0.000000 0.000000 0.000000 1.000000 0.000000 0.000000
13.000000 150.163966 -0.412866 2.426017 0.732159 0.000000 0.000000 0.000000 1.000000 0.000000 0.000000
13.000000 150.170649 -0.444536 2.437639 0.732193 0.000000 0.000000 0.000000 1.000000 0.000000 0.000000
13.000000 150.174070 -0.466654 2.441619 0.727304 0.000000 0.000000 0.000000 1.000000 0.000000 0.000000
13.000000 150.180452 -0.662531 2.514318 0.702589 0.000000 0.000000 0.000000 1.000000 0.000000 0.000000
13.000000 150.183879 -0.658947 2.513573 0.704738 0.000000 0.000000 0.000000 1.000000 0.000000 0.000000
13.000000 150.190386 -0.326455 2.390278 0.742780 0.000000 0.000000 0.000000 1.000000 0.000000 0.000000
13.000000 150.204061 -0.321514 2.386776 0.732884 0.000000 0.000000 0.000000 1.000000 0.000000 0.000000
13.000000 150.210389 -0.592893 2.487592 0.696337 0.000000 0.000000 0.000000 1.000000 0.000000 0.000000
13.000000 150.214088 -0.668957 2.500823 0.687663 0.000000 0.000000 0.000000 1.000000 0.000000 0.000000
13.000000 150.220329 -0.372158 2.390900 0.721053 0.000000 0.000000 0.000000 1.000000 0.000000 0.000000
13.000000 150.224071 -0.366062 2.390376 0.711432 0.000000 0.000000 0.000000 1.000000 0.000000 0.000000
13.000000 150.230438 -0.632793 2.489395 0.674124 0.000000 0.000000 0.000000 1.000000 0.000000 0.000000
13.000000 150.234005 -0.874763 2.531887 0.640038 0.000000 0.000000 0.000000 1.000000 0.000000 0.000000
13.000000 150.240397 -0.971087 2.567615 0.625026 0.000000 0.000000 0.000000 1.000000 0.000000 0.000000
13.000000 150.243959 -0.770149 2.479811 0.635198 0.000000 0.000000 0.000000 1.000000 0.000000 0.000000
13.000000 150.250382 -0.874953 2.518369 0.624166 0.000000 0.000000 0.000000 1.000000 0.000000 0.000000
13.000000 150.254255 -0.846355 2.513402 0.627645 0.000000 0.000000 0.000000 1.000000 0.000000 0.000000
13.000000 150.260366 -0.973330 2.560468 0.606592 0.000000 0.000000 0.000000 1.000000 0.000000 0.000000
13.000000 150.264115 -1.334738 2.623921 0.555576 0.000000 0.000000 0.000000 1.000000 0.000000 0.000000
13.000000 150.270644 -1.267798 2.599694 0.556976 0.000000 0.000000 0.000000 1.000000 0.000000 0.000000
13.000000 150.283988 -0.895700 2.523491 0.569872 0.000000 0.000000 0.000000 1.000000 0.000000 0.000000
13.000000 150.290654 -0.907581 2.528491 0.559813 0.000000 0.000000 0.000000 1.000000 0.000000 0.000000
13.000000 150.294105 -0.957293 2.495079 0.551818 0.000000 0.000000 0.000000 1.000000 0.000000 0.000000
13.000000 150.300628 -0.992831 2.508211 0.544703 0.000000 0.000000 0.000000 1.000000 0.000000 0.000000
13.000000 150.304061 -1.040109 2.517065 0.527103 0.000000 0.000000 0.000000 1.000000 0.000000 0.000000
13.000000 150.310462 -1.033515 2.515156 0.517295 0.000000 0.000000 0.000000 1.000000 0.000000 0.000000
13.000000 150.314039 -1.044000 2.517438 0.507502 0.000000 0.000000 0.000000 1.000000 0.000000 0.000000
13.000000 150.320483 -1.021577 2.508777 0.517019 0.000000 0.000000 0.000000 1.000000 0.000000 0.000000
13.000000 150.324037 -1.291215 2.584558 0.474015 0.000000 0.000000 0.000000 1.000000 0.000000 0.000000
13.000000 150.330578 -1.035221 2.491598 0.492716 0.000000 0.000000 0.000000 1.000000 0.000000 0.000000
13.000000 150.334117 -1.102549 2.503658 0.474648 0.000000 0.000000 0.000000 1.000000 0.000000 0.000000
13.000000 150.340491 -1.225059 2.548940 0.444717 0.000000 0.000000 0.000000 1.000000 0.000000 0.000000
13.000000 150.344076 -1.190982 2.543776 0.433073 0.000000 0.000000 0.000000 1.000000 0.000000 0.000000
13.000000 150.350583 -1.165000 2.534583 0.430612 0.000000 0.000000 0.000000 1.000000 0.000000 0.000000
13.000000 150.354132 -1.092313 2.523115 0.426424 0.000000 0.000000 0.000000 1.000000 0.000000 0.000000
13.000000 150.360489 -1.091103 2.523249 0.418563 0.000000 0.000000 0.000000 1.000000 0.000000 0.000000
13.000000 150.373998 -1.211781 2.536542 0.364864 0.000000 0.000000 0.000000 1.000000 0.000000 0.000000
13.000000 150.380454 -1.228553 2.543139 0.356115 0.000000 0.000000 0.000000 1.000000 0.000000 0.000000
13.000000 150.414026 -0.938239 2.484363 0.293462 0.000000 0.000000 0.000000 1.000000 0.000000 0.000000
13.000000 150.420525 -0.941853 2.486412 0.285177 0.000000 0.000000 0.000000 1.000000 0.000000 0.000000
13.000000 150.434143 -0.725974 2.398188 0.263882 0.000000 0.000000 0.000000 1.000000 0.000000 0.000000
13.000000 150.440538 -0.923889 2.472212 0.221047 0.000000 0.000000 0.000000 1.000000 0.000000 0.000000
13.000000 150.444028 -0.761137 2.446910 0.223659 0.000000 0.000000 0.000000 1.000000 0.000000 0.000000
13.000000 150.450644 -0.782153 2.456805 0.199750 0.000000 0.000000 0.000000 1.000000 0.000000 0.000000
