18.000000 170.893387 23.416354 -0.198877 0.234193 0.000000 0.000000 0.000000 1.000000 0.000000 0.000000
18.000000 170.901248 23.346409 -0.220499 0.292615 0.000000 0.000000 0.000000 1.000000 0.000000 0.000000
18.000000 170.902811 23.434413 -0.241520 0.318616 0.000000 0.000000 0.000000 1.000000 0.000000 0.000000
18.000000 170.903306 23.246812 -0.239745 0.351707 0.000000 0.000000 0.000000 1.000000 0.000000 0.000000
18.000000 170.911246 23.231274 -0.244972 0.396884 0.000000 0.000000 0.000000 1.000000 0.000000 0.000000
18.000000 170.912950 23.352293 -0.274854 0.413754 0.000000 0.000000 0.000000 1.000000 0.000000 0.000000
18.000000 170.913174 23.038505 -0.272808 0.438573 0.000000 0.000000 0.000000 1.000000 0.000000 0.000000
18.000000 170.921338 23.045651 -0.272176 0.479479 0.000000 0.000000 0.000000 1.000000 0.000000 0.000000
18.000000 170.922912 23.087989 -0.281428 0.529234 0.000000 0.000000 0.000000 1.000000 0.000000 0.000000
18.000000 170.923458 22.997598 -0.280431 0.532386 0.000000 0.000000 0.000000 1.000000 0.000000 0.000000
18.000000 170.931505 22.979158 -0.286577 0.571297 0.000000 0.000000 0.000000 1.000000 0.000000 0.000000
18.000000 170.932889 23.053646 -0.304866 0.598136 0.000000 0.000000 0.000000 1.000000 0.000000 0.000000
18.000000 170.933223 22.826332 -0.303004 0.619004 0.000000 0.000000 0.000000 1.000000 0.000000 0.000000
18.000000 170.941420 22.863387 -0.292949 0.647049 0.000000 0.000000 0.000000 1.000000 0.000000 0.000000
18.000000 170.942889 22.917029 -0.305747 0.684443 0.000000 0.000000 0.000000 1.000000 0.000000 0.000000
18.000000 170.943359 22.721261 -0.304171 0.697256 0.000000 0.000000 0.000000 1.000000 0.000000 0.000000
18.000000 170.951481 22.730136 -0.302407 0.727137 0.000000 0.000000 0.000000 1.000000 0.000000 0.000000
18.000000 170.952828 22.866564 -0.336894 0.755429 0.000000 0.000000 0.000000 1.000000 0.000000 0.000000
18.000000 170.953373 22.531186 -0.333518 0.795450 0.000000 0.000000 0.000000 1.000000 0.000000 0.000000
18.000000 170.961263 22.626353 -0.305899 0.815404 0.000000 0.000000 0.000000 1.000000 0.000000 0.000000
18.000000 170.962842 22.739413 -0.334504 0.841450 0.000000 0.000000 0.000000 1.000000 0.000000 0.000000
18.000000 170.963474 22.402059 -0.331230 0.870856 0.000000 0.000000 0.000000 1.000000 0.000000 0.000000
18.000000 170.971359 22.400676 -0.332491 0.901440 0.000000 0.000000 0.000000 1.000000 0.000000 0.000000
18.000000 170.972886 22.474062 -0.350880 0.937735 0.000000 0.000000 0.000000 1.000000 0.000000 0.000000
18.000000 170.973189 22.293567 -0.349221 0.946428 0.000000 0.000000 0.000000 1.000000 0.000000 0.000000
18.000000 170.977434 22.122797 -0.371652 0.984361 0.000000 0.000000 0.000000 1.000000 0.000000 0.000000
18.000000 170.981265 22.154974 -0.309627 1.033317 0.000000 0.000000 0.000000 1.000000 0.000000 0.000000
18.000000 170.982893 22.517257 -0.363177 0.987831 0.000000 0.000000 0.000000 1.000000 0.000000 0.000000
18.000000 170.983225 22.124987 -0.358703 1.027129 0.000000 0.000000 0.000000 1.000000 0.000000 0.000000
18.000000 170.987551 22.012653 -0.370117 1.056163 0.000000 0.000000 0.000000 1.000000 0.000000 0.000000
18.000000 170.991317 22.086353 -0.329417 1.116453 0.000000 0.000000 0.000000 1.000000 0.000000 0.000000
18.000000 170.992946 22.357664 -0.360677 1.079089 0.000000 0.000000 0.000000 1.000000 0.000000 0.000000
18.000000 170.993128 22.061564 -0.357306 1.099510 0.000000 0.000000 0.000000 1.000000 0.000000 0.000000
18.000000 170.997431 21.907258 -0.383585 1.130874 0.000000 0.000000 0.000000 1.000000 0.000000 0.000000
18.000000 171.001444 21.977471 -0.346245 1.186025 0.000000 0.000000 0.000000 1.000000 0.000000 0.000000
18.000000 171.003050 22.168110 -0.359152 1.162241 0.000000 0.000000 0.000000 1.000000 0.000000 0.000000
18.000000 171.003303 21.977046 -0.357137 1.170832 0.000000 0.000000 0.000000 1.000000 0.000000 0.000000
18.000000 171.007326 21.804261 -0.390777 1.201846 0.000000 0.000000 0.000000 1.000000 0.000000 0.000000
18.000000 171.011546 21.884364 -0.356502 1.258324 0.000000 0.000000 0.000000 1.000000 0.000000 0.000000
18.000000 171.012837 22.125434 -0.381975 1.230052 0.000000 0.000000 0.000000 1.000000 0.000000 0.000000
18.000000 171.013180 21.848276 -0.378618 1.255122 0.000000 0.000000 0.000000 1.000000 0.000000 0.000000
18.000000 171.017360 21.719937 -0.401845 1.281484 0.000000 0.000000 0.000000 1.000000 0.000000 0.000000
18.000000 171.021427 21.767571 -0.366906 1.319946 0.000000 0.000000 0.000000 1.000000 0.000000 0.000000
18.000000 171.022849 21.954815 -0.384805 1.304503 0.000000 0.000000 0.000000 1.000000 0.000000 0.000000
18.000000 171.023295 21.703186 -0.381929 1.329738 0.000000 0.000000 0.000000 1.000000 0.000000 0.000000
18.000000 171.027356 21.595045 -0.402930 1.346656 0.000000 0.000000 0.000000 1.000000 0.000000 0.000000
18.000000 171.031456 21.694037 -0.396508 1.400416 0.000000 0.000000 0.000000 1.000000 0.000000 0.000000
18.000000 171.032853 21.765478 -0.392205 1.388169 0.000000 0.000000 0.000000 1.000000 0.000000 0.000000
18.000000 171.033209 21.576574 -0.389800 1.397251 0.000000 0.000000 0.000000 1.000000 0.000000 0.000000
18.000000 171.037311 21.490718 -0.406372 1.411131 0.000000 0.000000 0.000000 1.000000 0.000000 0.000000
18.000000 171.041352 21.598561 -0.398583 1.463857 0.000000 0.000000 0.000000 1.000000 0.000000 0.000000
18.000000 171.042831 21.727141 -0.404342 1.440816 0.000000 0.000000 0.000000 1.000000 0.000000 0.000000
18.000000 171.043283 21.460264 -0.400537 1.460490 0.000000 0.000000 0.000000 1.000000 0.000000 0.000000
18.000000 171.047462 21.384999 -0.415399 1.477103 0.000000 0.000000 0.000000 1.000000 0.000000 0.000000
18.000000 171.051418 21.503147 -0.416264 1.530320 0.000000 0.000000 0.000000 1.000000 0.000000 0.000000
18.000000 171.052969 21.570243 -0.409844 1.520774 0.000000 0.000000 0.000000 1.000000 0.000000 0.000000
18.000000 171.053223 21.344926 -0.406875 1.534230 0.000000 0.000000 0.000000 1.000000 0.000000 0.000000
18.000000 171.057397 21.275807 -0.421661 1.540819 0.000000 0.000000 0.000000 1.000000 0.000000 0.000000
18.000000 171.061292 21.396271 -0.424755 1.591141 0.000000 0.000000 0.000000 1.000000 0.000000 0.000000
18.000000 171.062857 21.454694 -0.416560 1.584541 0.000000 0.000000 0.000000 1.000000 0.000000 0.000000
18.000000 171.063330 21.252784 -0.413881 1.597860 0.000000 0.000000 0.000000 1.000000 0.000000 0.000000
18.000000 171.067456 21.176934 -0.431945 1.604737 0.000000 0.000000 0.000000 1.000000 0.000000 0.000000
18.000000 171.071621 21.271468 -0.434041 1.643412 0.000000 0.000000 0.000000 1.000000 0.000000 0.000000
18.000000 171.072936 21.302729 -0.424062 1.647260 0.000000 0.000000 0.000000 1.000000 0.000000 0.000000
18.000000 171.073214 21.129730 -0.421914 1.663269 0.000000 0.000000 0.000000 1.000000 0.000000 0.000000
18.000000 171.077349 21.063615 -0.438239 1.666236 0.000000 0.000000 0.000000 1.000000 0.000000 0.000000
18.000000 171.081504 21.214698 -0.455660 1.720729 0.000000 0.000000 0.000000 1.000000 0.000000 0.000000
18.000000 171.082963 21.206580 -0.433471 1.718569 0.000000 0.000000 0.000000 1.000000 0.000000 0.000000
18.000000 171.083358 21.013737 -0.430592 1.732311 0.000000 0.000000 0.000000 1.000000 0.000000 0.000000
18.000000 171.087373 20.979069 -0.439518 1.734685 0.000000 0.000000 0.000000 1.000000 0.000000 0.000000
18.000000 171.091623 21.133555 -0.464020 1.785481 0.000000 0.000000 0.000000 1.000000 0.000000 0.000000
18.000000 171.092895 21.128780 -0.446891 1.782297 0.000000 0.000000 0.000000 1.000000 0.000000 0.000000
18.000000 171.093276 20.887219 -0.443335 1.792968 0.000000 0.000000 0.000000 1.000000 0.000000 0.000000
18.000000 171.097348 20.851740 -0.452122 1.788458 0.000000 0.000000 0.000000 1.000000 0.000000 0.000000
18.000000 171.101526 21.028635 -0.482529 1.845146 0.000000 0.000000 0.000000 1.000000 0.000000 0.000000
18.000000 171.102863 20.974163 -0.452487 1.844661 0.000000 0.000000 0.000000 1.000000 0.000000 0.000000
18.000000 171.103359 20.797700 -0.449741 1.849750 0.000000 0.000000 0.000000 1.000000 0.000000 0.000000
18.000000 171.107488 20.753305 -0.461663 1.850117 0.000000 0.000000 0.000000 1.000000 0.000000 0.000000
18.000000 171.111752 20.921981 -0.494246 1.902317 0.000000 0.000000 0.000000 1.000000 0.000000 0.000000
18.000000 171.112958 20.856108 -0.465516 1.908961 0.000000 0.000000 0.000000 1.000000 0.000000 0.000000
18.000000 171.113281 20.663866 -0.462933 1.905605 0.000000 0.000000 0.000000 1.000000 0.000000 0.000000
18.000000 171.117459 20.625976 -0.469539 1.894134 0.000000 0.000000 0.000000 1.000000 0.000000 0.000000
18.000000 171.121444 20.805866 -0.513359 1.954800 0.000000 0.000000 0.000000 1.000000 0.000000 0.000000
18.000000 171.122854 20.644444 -0.469132 1.970613 0.000000 0.000000 0.000000 1.000000 0.000000 0.000000
18.000000 171.123271 20.561591 -0.467828 1.972893 0.000000 0.000000 0.000000 1.000000 0.000000 0.000000
18.000000 171.124383 20.333426 -0.512974 1.961702 0.000000 0.000000 0.000000 1.000000 0.000000 0.000000
18.000000 171.127465 20.387752 -0.439101 1.933351 0.000000 0.000000 0.000000 1.000000 0.000000 0.000000
18.000000 171.130100 20.562325 -0.487866 2.021397 0.000000 0.000000 0.000000 1.000000 0.000000 0.000000
18.000000 171.131512 20.489894 -0.437547 2.053809 0.000000 0.000000 0.000000 1.000000 0.000000 0.000000
18.000000 171.133034 20.616504 -0.475038 2.028296 0.000000 0.000000 0.000000 1.000000 0.000000 0.000000
18.000000 171.133298 20.457269 -0.472249 2.029472 0.000000 0.000000 0.000000 1.000000 0.000000 0.000000
18.000000 171.134467 20.246242 -0.520236 2.024939 0.000000 0.000000 0.000000 1.000000 0.000000 0.000000
18.000000 171.137376 20.311754 -0.448524 2.002055 0.000000 0.000000 0.000000 1.000000 0.000000 0.000000
18.000000 171.140182 20.429394 -0.482385 2.072643 0.000000 0.000000 0.000000 1.000000 0.000000 0.000000
18.000000 171.141457 20.368665 -0.446554 2.110798 0.000000 0.000000 0.000000 1.000000 0.000000 0.000000
18.000000 171.142935 20.512067 -0.490823 2.081782 0.000000 0.000000 0.000000 1.000000 0.000000 0.000000
18.000000 171.143429 20.316001 -0.487247 2.088685 0.000000 0.000000 0.000000 1.000000 0.000000 0.000000
18.000000 171.144684 20.156323 -0.521271 2.082388 0.000000 0.000000 0.000000 1.000000 0.000000 0.000000
18.000000 171.147362 20.205225 -0.465336 2.058739 0.000000 0.000000 0.000000 1.000000 0.000000 0.000000
18.000000 171.150143 20.330198 -0.500301 2.130786 0.000000 0.000000 0.000000 1.000000 0.000000 0.000000
18.000000 171.151467 20.260316 -0.455184 2.166638 0.000000 0.000000 0.000000 1.000000 0.000000 0.000000
18.000000 171.152855 20.380765 -0.492293 2.141717 0.000000 0.000000 0.000000 1.000000 0.000000 0.000000
18.000000 171.153247 20.226267 -0.489448 2.144377 0.000000 0.000000 0.000000 1.000000 0.000000 0.000000
18.000000 171.154472 20.040397 -0.529829 2.137542 0.000000 0.000000 0.000000 1.000000 0.000000 0.000000
18.000000 171.157593 20.091156 -0.470388 2.110288 0.000000 0.000000 0.000000 1.000000 0.000000 0.000000
18.000000 171.160013 20.206576 -0.502898 2.182066 0.000000 0.000000 0.000000 1.000000 0.000000 0.000000
18.000000 171.161476 20.136481 -0.458619 2.223361 0.000000 0.000000 0.000000 1.000000 0.000000 0.000000
18.000000 171.162966 20.355869 -0.524306 2.183210 0.000000 0.000000 0.000000 1.000000 0.000000 0.000000
18.000000 171.163295 20.046026 -0.517969 2.202251 0.000000 0.000000 0.000000 1.000000 0.000000 0.000000
18.000000 171.165127 19.934662 -0.532986 2.193475 0.000000 0.000000 0.000000 1.000000 0.000000 0.000000
18.000000 171.167589 19.976428 -0.479185 2.160469 0.000000 0.000000 0.000000 1.000000 0.000000 0.000000
18.000000 171.170107 20.093372 -0.512596 2.240072 0.000000 0.000000 0.000000 1.000000 0.000000 0.000000
18.000000 171.171578 20.025628 -0.481504 2.281754 0.000000 0.000000 0.000000 1.000000 0.000000 0.000000
18.000000 171.173030 20.178840 -0.534860 2.237887 0.000000 0.000000 0.000000 1.000000 0.000000 0.000000
18.000000 171.173339 19.946639 -0.529970 2.246442 0.000000 0.000000 0.000000 1.000000 0.000000 0.000000
18.000000 171.175851 19.816844 -0.558231 2.244978 0.000000 0.000000 0.000000 1.000000 0.000000 0.000000
18.000000 171.177613 19.886961 -0.492455 2.221115 0.000000 0.000000 0.000000 1.000000 0.000000 0.000000
18.000000 171.180170 19.967709 -0.516385 2.285652 0.000000 0.000000 0.000000 1.000000 0.000000 0.000000
18.000000 171.181372 19.904396 -0.486027 2.332187 0.000000 0.000000 0.000000 1.000000 0.000000 0.000000
18.000000 171.182952 20.018619 -0.525539 2.304473 0.000000 0.000000 0.000000 1.000000 0.000000 0.000000
18.000000 171.183421 19.860609 -0.522490 2.306378 0.000000 0.000000 0.000000 1.000000 0.000000 0.000000
18.000000 171.185578 19.713869 -0.555828 2.298028 0.000000 0.000000 0.000000 1.000000 0.000000 0.000000
18.000000 171.187413 19.776395 -0.495520 2.270350 0.000000 0.000000 0.000000 1.000000 0.000000 0.000000
18.000000 171.190107 19.844226 -0.516055 2.330762 0.000000 0.000000 0.000000 1.000000 0.000000 0.000000
18.000000 171.191578 19.789172 -0.488338 2.385079 0.000000 0.000000 0.000000 1.000000 0.000000 0.000000
18.000000 171.192916 19.920593 -0.529283 2.354744 0.000000 0.000000 0.000000 1.000000 0.000000 0.000000
18.000000 171.193306 19.768166 -0.526048 2.353532 0.000000 0.000000 0.000000 1.000000 0.000000 0.000000
18.000000 171.194751 19.599459 -0.565749 2.350885 0.000000 0.000000 0.000000 1.000000 0.000000 0.000000
18.000000 171.197462 19.665380 -0.502490 2.321634 0.000000 0.000000 0.000000 1.000000 0.000000 0.000000
18.000000 171.200311 19.722670 -0.520349 2.379409 0.000000 0.000000 0.000000 1.000000 0.000000 0.000000
18.000000 171.201428 19.686867 -0.509863 2.438005 0.000000 0.000000 0.000000 1.000000 0.000000 0.000000
18.000000 171.202999 19.794877 -0.544751 2.410909 0.000000 0.000000 0.000000 1.000000 0.000000 0.000000
18.000000 171.203575 19.640731 -0.541428 2.411003 0.000000 0.000000 0.000000 1.000000 0.000000 0.000000
18.000000 171.204316 19.495877 -0.571471 2.402481 0.000000 0.000000 0.000000 1.000000 0.000000 0.000000
18.000000 171.207434 19.555169 -0.511284 2.366874 0.000000 0.000000 0.000000 1.000000 0.000000 0.000000
18.000000 171.210246 19.614360 -0.529146 2.422257 0.000000 0.000000 0.000000 1.000000 0.000000 0.000000
18.000000 171.211489 19.566739 -0.506005 2.481602 0.000000 0.000000 0.000000 1.000000 0.000000 0.000000
18.000000 171.212937 19.704688 -0.547795 2.453887 0.000000 0.000000 0.000000 1.000000 0.000000 0.000000
18.000000 171.213318 19.594446 -0.545296 2.449041 0.000000 0.000000 0.000000 1.000000 0.000000 0.000000
18.000000 171.214508 19.368421 -0.599606 2.445985 0.000000 0.000000 0.000000 1.000000 0.000000 0.000000
18.000000 171.217479 19.452724 -0.519188 2.409792 0.000000 0.000000 0.000000 1.000000 0.000000 0.000000
18.000000 171.219989 19.490009 -0.533015 2.467692 0.000000 0.000000 0.000000 1.000000 0.000000 0.000000
18.000000 171.221462 19.444057 -0.520081 2.529613 0.000000 0.000000 0.000000 1.000000 0.000000 0.000000
18.000000 171.222971 19.624498 -0.580219 2.492719 0.000000 0.000000 0.000000 1.000000 0.000000 0.000000
18.000000 171.223550 19.363786 -0.574219 2.508151 0.000000 0.000000 0.000000 1.000000 0.000000 0.000000
18.000000 171.224288 19.286405 -0.582749 2.498430 0.000000 0.000000 0.000000 1.000000 0.000000 0.000000
18.000000 171.227626 19.342421 -0.526131 2.460494 0.000000 0.000000 0.000000 1.000000 0.000000 0.000000
18.000000 171.230049 19.374785 -0.538366 2.516160 0.000000 0.000000 0.000000 1.000000 0.000000 0.000000
18.000000 171.231570 19.335108 -0.526200 2.581021 0.000000 0.000000 0.000000 1.000000 0.000000 0.000000
18.000000 171.232972 19.443200 -0.561672 2.554152 0.000000 0.000000 0.000000 1.000000 0.000000 0.000000
18.000000 171.233273 19.328932 -0.558974 2.552999 0.000000 0.000000 0.000000 1.000000 0.000000 0.000000
18.000000 171.234429 19.169541 -0.596170 2.550259 0.000000 0.000000 0.000000 1.000000 0.000000 0.000000
18.000000 171.237529 19.241636 -0.531612 2.507911 0.000000 0.000000 0.000000 1.000000 0.000000 0.000000
18.000000 171.240049 19.254351 -0.539717 2.555735 0.000000 0.000000 0.000000 1.000000 0.000000 0.000000
18.000000 171.241532 19.222168 -0.536464 2.624933 0.000000 0.000000 0.000000 1.000000 0.000000 0.000000
18.000000 171.242991 19.311379 -0.567783 2.599492 0.000000 0.000000 0.000000 1.000000 0.000000 0.000000
18.000000 171.243366 19.212975 -0.565507 2.595939 0.000000 0.000000 0.000000 1.000000 0.000000 0.000000
18.000000 171.244358 19.055824 -0.604358 2.592462 0.000000 0.000000 0.000000 1.000000 0.000000 0.000000
18.000000 171.247488 19.130133 -0.541090 2.552642 0.000000 0.000000 0.000000 1.000000 0.000000 0.000000
18.000000 171.250237 19.147535 -0.550045 2.601037 0.000000 0.000000 0.000000 1.000000 0.000000 0.000000
18.000000 171.251538 19.121484 -0.550336 2.672334 0.000000 0.000000 0.000000 1.000000 0.000000 0.000000
18.000000 171.252978 19.235774 -0.588712 2.643997 0.000000 0.000000 0.000000 1.000000 0.000000 0.000000
18.000000 171.253299 19.095796 -0.585318 2.643664 0.000000 0.000000 0.000000 1.000000 0.000000 0.000000
18.000000 171.255458 18.925252 -0.623009 2.636023 0.000000 0.000000 0.000000 1.000000 0.000000 0.000000
18.000000 171.257567 19.004052 -0.549540 2.594470 0.000000 0.000000 0.000000 1.000000 0.000000 0.000000
18.000000 171.260019 19.029245 -0.560001 2.647640 0.000000 0.000000 0.000000 1.000000 0.000000 0.000000
18.000000 171.261406 18.990034 -0.549561 2.715484 0.000000 0.000000 0.000000 1.000000 0.000000 0.000000
18.000000 171.262926 19.098504 -0.586361 2.685926 0.000000 0.000000 0.000000 1.000000 0.000000 0.000000
18.000000 171.263358 19.038876 -0.584826 2.674317 0.000000 0.000000 0.000000 1.000000 0.000000 0.000000
18.000000 171.264464 18.801690 -0.646674 2.671768 0.000000 0.000000 0.000000 1.000000 0.000000 0.000000
18.000000 171.267382 18.910294 -0.555230 2.635326 0.000000 0.000000 0.000000 1.000000 0.000000 0.000000
18.000000 171.270069 18.908568 -0.560528 2.686892 0.000000 0.000000 0.000000 1.000000 0.000000 0.000000
18.000000 171.271698 18.885020 -0.566367 2.758113 0.000000 0.000000 0.000000 1.000000 0.000000 0.000000
18.000000 171.272927 18.972752 -0.599579 2.728010 0.000000 0.000000 0.000000 1.000000 0.000000 0.000000
18.000000 171.273366 18.869100 -0.596962 2.724066 0.000000 0.000000 0.000000 1.000000 0.000000 0.000000
18.000000 171.274479 18.725236 -0.632022 2.720209 0.000000 0.000000 0.000000 1.000000 0.000000 0.000000
18.000000 171.277557 18.806882 -0.564875 2.680245 0.000000 0.000000 0.000000 1.000000 0.000000 0.000000
18.000000 171.280316 18.783669 -0.565740 2.726586 0.000000 0.000000 0.000000 1.000000 0.000000 0.000000
18.000000 171.281492 18.762145 -0.576662 2.794403 0.000000 0.000000 0.000000 1.000000 0.000000 0.000000
18.000000 171.282988 18.808733 -0.600249 2.769281 0.000000 0.000000 0.000000 1.000000 0.000000 0.000000
18.000000 171.283456 18.783619 -0.599512 2.767218 0.000000 0.000000 0.000000 1.000000 0.000000 0.000000
18.000000 171.285472 18.612960 -0.641708 2.764546 0.000000 0.000000 0.000000 1.000000 0.000000 0.000000
18.000000 171.287550 18.704648 -0.565912 2.722485 0.000000 0.000000 0.000000 1.000000 0.000000 0.000000
18.000000 171.290099 18.659927 -0.562087 2.762467 0.000000 0.000000 0.000000 1.000000 0.000000 0.000000
18.000000 171.291615 18.661752 -0.582121 2.842148 0.000000 0.000000 0.000000 1.000000 0.000000 0.000000
18.000000 171.292909 18.746706 -0.611272 2.815686 0.000000 0.000000 0.000000 1.000000 0.000000 0.000000
18.000000 171.293379 18.670256 -0.609132 2.808936 0.000000 0.000000 0.000000 1.000000 0.000000 0.000000
18.000000 171.294714 18.505786 -0.649661 2.806235 0.000000 0.000000 0.000000 1.000000 0.000000 0.000000
18.000000 171.297517 18.591797 -0.578737 2.760858 0.000000 0.000000 0.000000 1.000000 0.000000 0.000000
18.000000 171.300075 18.551490 -0.575916 2.800317 0.000000 0.000000 0.000000 1.000000 0.000000 0.000000
18.000000 171.301472 18.540945 -0.586597 2.878675 0.000000 0.000000 0.000000 1.000000 0.000000 0.000000
18.000000 171.302978 18.649471 -0.623460 2.849568 0.000000 0.000000 0.000000 1.000000 0.000000 0.000000
18.000000 171.303487 18.536483 -0.620228 2.849795 0.000000 0.000000 0.000000 1.000000 0.000000 0.000000
18.000000 171.304567 18.421171 -0.640619 2.843112 0.000000 0.000000 0.000000 1.000000 0.000000 0.000000
18.000000 171.307516 18.485727 -0.580229 2.789815 0.000000 0.000000 0.000000 1.000000 0.000000 0.000000
18.000000 171.310122 18.432751 -0.575863 2.834962 0.000000 0.000000 0.000000 1.000000 0.000000 0.000000
18.000000 171.311463 18.441133 -0.602040 2.922214 0.000000 0.000000 0.000000 1.000000 0.000000 0.000000
18.000000 171.312999 18.544677 -0.637707 2.889336 0.000000 0.000000 0.000000 1.000000 0.000000 0.000000
18.000000 171.313355 18.446061 -0.635158 2.868305 0.000000 0.000000 0.000000 1.000000 0.000000 0.000000
18.000000 171.314742 18.214620 -0.703939 2.865989 0.000000 0.000000 0.000000 1.000000 0.000000 0.000000
18.000000 171.317515 18.375357 -0.590435 2.831528 0.000000 0.000000 0.000000 1.000000 0.000000 0.000000
18.000000 171.320058 18.319446 -0.585485 2.870324 0.000000 0.000000 0.000000 1.000000 0.000000 0.000000
18.000000 171.321442 18.324098 -0.609005 2.956450 0.000000 0.000000 0.000000 1.000000 0.000000 0.000000
18.000000 171.323021 18.410111 -0.639726 2.927142 0.000000 0.000000 0.000000 1.000000 0.000000 0.000000
18.000000 171.323400 18.313741 -0.636837 2.923638 0.000000 0.000000 0.000000 1.000000 0.000000 0.000000
18.000000 171.324564 18.200728 -0.662306 2.922283 0.000000 0.000000 0.000000 1.000000 0.000000 0.000000
18.000000 171.327497 18.275765 -0.602795 2.870275 0.000000 0.000000 0.000000 1.000000 0.000000 0.000000
18.000000 171.330099 18.208171 -0.596059 2.910344 0.000000 0.000000 0.000000 1.000000 0.000000 0.000000
18.000000 171.331489 18.186950 -0.601313 2.995389 0.000000 0.000000 0.000000 1.000000 0.000000 0.000000
18.000000 171.333076 18.292606 -0.638625 2.964710 0.000000 0.000000 0.000000 1.000000 0.000000 0.000000
18.000000 171.333396 18.246805 -0.636925 2.960902 0.000000 0.000000 0.000000 1.000000 0.000000 0.000000
18.000000 171.334513 18.099809 -0.669806 2.959881 0.000000 0.000000 0.000000 1.000000 0.000000 0.000000
18.000000 171.337461 18.174315 -0.606100 2.902280 0.000000 0.000000 0.000000 1.000000 0.000000 0.000000
18.000000 171.340172 18.095749 -0.597634 2.943045 0.000000 0.000000 0.000000 1.000000 0.000000 0.000000
18.000000 171.341551 18.100091 -0.622728 3.030924 0.000000 0.000000 0.000000 1.000000 0.000000 0.000000
18.000000 171.343182 18.221016 -0.666590 2.999060 0.000000 0.000000 0.000000 1.000000 0.000000 0.000000
18.000000 171.343521 18.088825 -0.662623 3.001700 0.000000 0.000000 0.000000 1.000000 0.000000 0.000000
18.000000 171.345390 17.982471 -0.681852 2.995451 0.000000 0.000000 0.000000 1.000000 0.000000 0.000000
18.000000 171.347497 18.058942 -0.616939 2.938856 0.000000 0.000000 0.000000 1.000000 0.000000 0.000000
18.000000 171.350127 17.988947 -0.609975 2.980149 0.000000 0.000000 0.000000 1.000000 0.000000 0.000000
18.000000 171.351655 17.994097 -0.633701 3.067278 0.000000 0.000000 0.000000 1.000000 0.000000 0.000000
18.000000 171.353048 18.085436 -0.667230 3.034705 0.000000 0.000000 0.000000 1.000000 0.000000 0.000000
18.000000 171.353424 17.995828 -0.664240 3.032184 0.000000 0.000000 0.000000 1.000000 0.000000 0.000000
18.000000 171.354758 17.872029 -0.687929 3.027547 0.000000 0.000000 0.000000 1.000000 0.000000 0.000000
18.000000 171.357487 17.943557 -0.624362 2.971224 0.000000 0.000000 0.000000 1.000000 0.000000 0.000000
18.000000 171.360304 17.879791 -0.618555 3.015506 0.000000 0.000000 0.000000 1.000000 0.000000 0.000000
18.000000 171.361412 17.892265 -0.646847 3.101779 0.000000 0.000000 0.000000 1.000000 0.000000 0.000000
18.000000 171.362983 17.985441 -0.681330 3.066253 0.000000 0.000000 0.000000 1.000000 0.000000 0.000000
18.000000 171.363498 17.879082 -0.677783 3.062072 0.000000 0.000000 0.000000 1.000000 0.000000 0.000000
18.000000 171.364421 17.757851 -0.700211 3.056248 0.000000 0.000000 0.000000 1.000000 0.000000 0.000000
18.000000 171.367490 17.837608 -0.630829 3.001716 0.000000 0.000000 0.000000 1.000000 0.000000 0.000000
18.000000 171.370344 17.761037 -0.623060 3.048168 0.000000 0.000000 0.000000 1.000000 0.000000 0.000000
18.000000 171.371579 17.802336 -0.682330 3.123128 0.000000 0.000000 0.000000 1.000000 0.000000 0.000000
18.000000 171.373021 17.772326 -0.686216 3.090713 0.000000 0.000000 0.000000 1.000000 0.000000 0.000000
18.000000 171.373429 17.772957 -0.685788 3.090130 0.000000 0.000000 0.000000 1.000000 0.000000 0.000000
18.000000 171.374501 17.635169 -0.717575 3.090139 0.000000 0.000000 0.000000 1.000000 0.000000 0.000000
18.000000 171.377498 17.732781 -0.641560 3.038996 0.000000 0.000000 0.000000 1.000000 0.000000 0.000000
18.000000 171.380102 17.663072 -0.634307 3.077282 0.000000 0.000000 0.000000 1.000000 0.000000 0.000000
18.000000 171.381493 17.685828 -0.669545 3.157597 0.000000 0.000000 0.000000 1.000000 0.000000 0.000000
18.000000 171.382969 17.726834 -0.688730 3.128625 0.000000 0.000000 0.000000 1.000000 0.000000 0.000000
18.000000 171.383552 17.691884 -0.687378 3.119441 0.000000 0.000000 0.000000 1.000000 0.000000 0.000000
18.000000 171.384329 17.514632 -0.733776 3.117553 0.000000 0.000000 0.000000 1.000000 0.000000 0.000000
18.000000 171.387554 17.641081 -0.641513 3.063159 0.000000 0.000000 0.000000 1.000000 0.000000 0.000000
18.000000 171.390074 17.516824 -0.626062 3.099364 0.000000 0.000000 0.000000 1.000000 0.000000 0.000000
18.000000 171.391594 17.551958 -0.672073 3.191199 0.000000 0.000000 0.000000 1.000000 0.000000 0.000000
18.000000 171.393019 17.638482 -0.706979 3.157078 0.000000 0.000000 0.000000 1.000000 0.000000 0.000000
18.000000 171.393450 17.571669 -0.704552 3.152119 0.000000 0.000000 0.000000 1.000000 0.000000 0.000000
18.000000 171.395056 17.402554 -0.746441 3.150621 0.000000 0.000000 0.000000 1.000000 0.000000 0.000000
18.000000 171.397545 17.524382 -0.655052 3.097171 0.000000 0.000000 0.000000 1.000000 0.000000 0.000000
18.000000 171.400129 17.420487 -0.642679 3.134231 0.000000 0.000000 0.000000 1.000000 0.000000 0.000000
18.000000 171.401503 17.454600 -0.685291 3.220862 0.000000 0.000000 0.000000 1.000000 0.000000 0.000000
18.000000 171.403086 17.487600 -0.701588 3.185115 0.000000 0.000000 0.000000 1.000000 0.000000 0.000000
18.000000 171.403494 17.500575 -0.701272 3.171599 0.000000 0.000000 0.000000 1.000000 0.000000 0.000000
18.000000 171.404430 17.279948 -0.759074 3.174407 0.000000 0.000000 0.000000 1.000000 0.000000 0.000000
18.000000 171.407620 17.407267 -0.662143 3.121525 0.000000 0.000000 0.000000 1.000000 0.000000 0.000000
18.000000 171.410151 17.316480 -0.652360 3.163779 0.000000 0.000000 0.000000 1.000000 0.000000 0.000000
18.000000 171.411526 17.348336 -0.696325 3.245923 0.000000 0.000000 0.000000 1.000000 0.000000 0.000000
18.000000 171.413035 17.407207 -0.724335 3.202535 0.000000 0.000000 0.000000 1.000000 0.000000 0.000000
18.000000 171.413553 17.356587 -0.722043 3.194413 0.000000 0.000000 0.000000 1.000000 0.000000 0.000000
18.000000 171.414398 17.129174 -0.780621 3.197817 0.000000 0.000000 0.000000 1.000000 0.000000 0.000000
18.000000 171.417545 17.285523 -0.664356 3.145922 0.000000 0.000000 0.000000 1.000000 0.000000 0.000000
18.000000 171.420411 17.181390 -0.652399 3.186803 0.000000 0.000000 0.000000 1.000000 0.000000 0.000000
18.000000 171.421516 17.232421 -0.709264 3.268924 0.000000 0.000000 0.000000 1.000000 0.000000 0.000000
18.000000 171.423003 17.250399 -0.724348 3.224951 0.000000 0.000000 0.000000 1.000000 0.000000 0.000000
18.000000 171.423569 17.250218 -0.723604 3.209410 0.000000 0.000000 0.000000 1.000000 0.000000 0.000000
18.000000 171.424389 17.065948 -0.777488 3.220457 0.000000 0.000000 0.000000 1.000000 0.000000 0.000000
18.000000 171.427521 17.212897 -0.679157 3.177757 0.000000 0.000000 0.000000 1.000000 0.000000 0.000000
18.000000 171.430149 17.080834 -0.662598 3.213817 0.000000 0.000000 0.000000 1.000000 0.000000 0.000000
18.000000 171.431555 17.104397 -0.700426 3.293620 0.000000 0.000000 0.000000 1.000000 0.000000 0.000000
18.000000 171.433048 17.166041 -0.729988 3.246585 0.000000 0.000000 0.000000 1.000000 0.000000 0.000000
18.000000 171.433440 17.151949 -0.728812 3.230638 0.000000 0.000000 0.000000 1.000000 0.000000 0.000000
18.000000 171.434559 16.947002 -0.791525 3.244593 0.000000 0.000000 0.000000 1.000000 0.000000 0.000000
18.000000 171.437550 17.120532 -0.680088 3.197021 0.000000 0.000000 0.000000 1.000000 0.000000 0.000000
18.000000 171.440078 16.950664 -0.658441 3.228439 0.000000 0.000000 0.000000 1.000000 0.000000 0.000000
18.000000 171.441569 16.982604 -0.705053 3.313694 0.000000 0.000000 0.000000 1.000000 0.000000 0.000000
18.000000 171.443068 17.079769 -0.749022 3.266188 0.000000 0.000000 0.000000 1.000000 0.000000 0.000000
18.000000 171.443544 17.005158 -0.746125 3.255305 0.000000 0.000000 0.000000 1.000000 0.000000 0.000000
18.000000 171.444729 16.851735 -0.793909 3.265546 0.000000 0.000000 0.000000 1.000000 0.000000 0.000000
18.000000 171.447538 17.009726 -0.694875 3.227765 0.000000 0.000000 0.000000 1.000000 0.000000 0.000000
18.000000 171.450051 16.856050 -0.674847 3.258565 0.000000 0.000000 0.000000 1.000000 0.000000 0.000000
18.000000 171.453094 16.904105 -0.729916 3.304879 0.000000 0.000000 0.000000 1.000000 0.000000 0.000000
18.000000 171.453472 16.931423 -0.742195 3.273253 0.000000 0.000000 0.000000 1.000000 0.000000 0.000000
18.000000 171.454808 16.753014 -0.793388 3.288191 0.000000 0.000000 0.000000 1.000000 0.000000 0.000000
18.000000 171.457557 16.898078 -0.696768 3.242255 0.000000 0.000000 0.000000 1.000000 0.000000 0.000000
18.000000 171.460140 16.732022 -0.675265 3.274526 0.000000 0.000000 0.000000 1.000000 0.000000 0.000000
18.000000 171.461557 16.784578 -0.732506 3.352453 0.000000 0.000000 0.000000 1.000000 0.000000 0.000000
18.000000 171.463008 16.833055 -0.760393 3.309880 0.000000 0.000000 0.000000 1.000000 0.000000 0.000000
18.000000 171.463571 16.803204 -0.758906 3.298434 0.000000 0.000000 0.000000 1.000000 0.000000 0.000000
18.000000 171.464320 16.614372 -0.815982 3.306657 0.000000 0.000000 0.000000 1.000000 0.000000 0.000000
18.000000 171.467483 16.784130 -0.707179 3.263894 0.000000 0.000000 0.000000 1.000000 0.000000 0.000000
18.000000 171.470200 16.628620 -0.687177 3.292049 0.000000 0.000000 0.000000 1.000000 0.000000 0.000000
18.000000 171.471708 16.617767 -0.709248 3.352855 0.000000 0.000000 0.000000 1.000000 0.000000 0.000000
18.000000 171.473048 16.729642 -0.764695 3.309070 0.000000 0.000000 0.000000 1.000000 0.000000 0.000000
18.000000 171.473471 16.737012 -0.764375 3.312348 0.000000 0.000000 0.000000 1.000000 0.000000 0.000000
18.000000 171.474418 16.496794 -0.841542 3.332964 0.000000 0.000000 0.000000 1.000000 0.000000 0.000000
18.000000 171.477520 16.699786 -0.715912 3.292739 0.000000 0.000000 0.000000 1.000000 0.000000 0.000000
18.000000 171.480100 16.514958 -0.690953 3.311568 0.000000 0.000000 0.000000 1.000000 0.000000 0.000000
18.000000 171.481569 16.573526 -0.746904 3.384600 0.000000 0.000000 0.000000 1.000000 0.000000 0.000000
18.000000 171.483079 16.626646 -0.774546 3.338202 0.000000 0.000000 0.000000 1.000000 0.000000 0.000000
18.000000 171.483524 16.615505 -0.773153 3.330775 0.000000 0.000000 0.000000 1.000000 0.000000 0.000000
18.000000 171.484447 16.404742 -0.839350 3.354738 0.000000 0.000000 0.000000 1.000000 0.000000 0.000000
18.000000 171.487589 16.605801 -0.715695 3.306711 0.000000 0.000000 0.000000 1.000000 0.000000 0.000000
18.000000 171.490131 16.392077 -0.687246 3.323357 0.000000 0.000000 0.000000 1.000000 0.000000 0.000000
18.000000 171.491592 16.491859 -0.771028 3.403489 0.000000 0.000000 0.000000 1.000000 0.000000 0.000000
18.000000 171.493020 16.444963 -0.765086 3.364985 0.000000 0.000000 0.000000 1.000000 0.000000 0.000000
18.000000 171.493471 16.535216 -0.767328 3.348794 0.000000 0.000000 0.000000 1.000000 0.000000 0.000000
18.000000 171.494501 16.324351 -0.837262 3.369960 0.000000 0.000000 0.000000 1.000000 0.000000 0.000000
18.000000 171.497563 16.503188 -0.730078 3.330909 0.000000 0.000000 0.000000 1.000000 0.000000 0.000000
18.000000 171.500167 16.290724 -0.701487 3.349260 0.000000 0.000000 0.000000 1.000000 0.000000 0.000000
18.000000 171.501728 16.366145 -0.768906 3.420617 0.000000 0.000000 0.000000 1.000000 0.000000 0.000000
18.000000 171.503056 16.357144 -0.776792 3.379996 0.000000 0.000000 0.000000 1.000000 0.000000 0.000000
18.000000 171.503596 16.419173 -0.778281 3.362089 0.000000 0.000000 0.000000 1.000000 0.000000 0.000000
18.000000 171.504498 16.093693 -0.886650 3.382772 0.000000 0.000000 0.000000 1.000000 0.000000 0.000000
18.000000 171.507564 16.352867 -0.730515 3.343903 0.000000 0.000000 0.000000 1.000000 0.000000 0.000000
18.000000 171.510168 16.180085 -0.708670 3.365227 0.000000 0.000000 0.000000 1.000000 0.000000 0.000000
18.000000 171.511794 16.246120 -0.768092 3.440624 0.000000 0.000000 0.000000 1.000000 0.000000 0.000000
18.000000 171.513054 16.250524 -0.778790 3.395089 0.000000 0.000000 0.000000 1.000000 0.000000 0.000000
18.000000 171.513745 16.337728 -0.780401 3.388207 0.000000 0.000000 0.000000 1.000000 0.000000 0.000000
18.000000 171.515802 16.104277 -0.846421 3.411853 0.000000 0.000000 0.000000 1.000000 0.000000 0.000000
18.000000 171.517592 16.260298 -0.739983 3.358727 0.000000 0.000000 0.000000 1.000000 0.000000 0.000000
18.000000 171.520148 16.064183 -0.714918 3.384185 0.000000 0.000000 0.000000 1.000000 0.000000 0.000000
18.000000 171.521549 16.043034 -0.729856 3.443329 0.000000 0.000000 0.000000 1.000000 0.000000 0.000000
18.000000 171.523044 16.258770 -0.824266 3.389263 0.000000 0.000000 0.000000 1.000000 0.000000 0.000000
18.000000 171.523553 16.155069 -0.819554 3.404529 0.000000 0.000000 0.000000 1.000000 0.000000 0.000000
18.000000 171.524401 15.980237 -0.871407 3.428010 0.000000 0.000000 0.000000 1.000000 0.000000 0.000000
18.000000 171.527572 16.170946 -0.753508 3.381123 0.000000 0.000000 0.000000 1.000000 0.000000 0.000000
18.000000 171.530190 15.956944 -0.725981 3.399593 0.000000 0.000000 0.000000 1.000000 0.000000 0.000000
18.000000 171.531609 16.044987 -0.798254 3.473682 0.000000 0.000000 0.000000 1.000000 0.000000 0.000000
18.000000 171.533064 16.056603 -0.812966 3.434487 0.000000 0.000000 0.000000 1.000000 0.000000 0.000000
18.000000 171.533490 16.073962 -0.812808 3.426358 0.000000 0.000000 0.000000 1.000000 0.000000 0.000000
18.000000 171.535466 15.919337 -0.857965 3.439350 0.000000 0.000000 0.000000 1.000000 0.000000 0.000000
18.000000 171.537567 16.089890 -0.752459 3.388206 0.000000 0.000000 0.000000 1.000000 0.000000 0.000000
18.000000 171.540140 15.821268 -0.717613 3.404841 0.000000 0.000000 0.000000 1.000000 0.000000 0.000000
18.000000 171.541531 15.848816 -0.754737 3.479743 0.000000 0.000000 0.000000 1.000000 0.000000 0.000000
18.000000 171.543027 15.982243 -0.813799 3.426728 0.000000 0.000000 0.000000 1.000000 0.000000 0.000000
18.000000 171.543711 15.986536 -0.812764 3.421955 0.000000 0.000000 0.000000 1.000000 0.000000 0.000000
18.000000 171.544379 15.792317 -0.875970 3.451732 0.000000 0.000000 0.000000 1.000000 0.000000 0.000000
18.000000 171.547604 15.976321 -0.767253 3.409780 0.000000 0.000000 0.000000 1.000000 0.000000 0.000000
18.000000 171.550181 15.728066 -0.735011 3.424390 0.000000 0.000000 0.000000 1.000000 0.000000 0.000000
18.000000 171.551652 15.773820 -0.777033 3.497612 0.000000 0.000000 0.000000 1.000000 0.000000 0.000000
18.000000 171.553085 15.868788 -0.818682 3.450390 0.000000 0.000000 0.000000 1.000000 0.000000 0.000000
18.000000 171.553516 15.899498 -0.818567 3.442575 0.000000 0.000000 0.000000 1.000000 0.000000 0.000000
18.000000 171.554479 15.728925 -0.865362 3.461997 0.000000 0.000000 0.000000 1.000000 0.000000 0.000000
18.000000 171.557607 15.861135 -0.776762 3.414365 0.000000 0.000000 0.000000 1.000000 0.000000 0.000000
18.000000 171.560334 15.621617 -0.746098 3.436106 0.000000 0.000000 0.000000 1.000000 0.000000 0.000000
18.000000 171.561664 15.637279 -0.771418 3.504772 0.000000 0.000000 0.000000 1.000000 0.000000 0.000000
18.000000 171.563040 15.739700 -0.817142 3.459502 0.000000 0.000000 0.000000 1.000000 0.000000 0.000000
18.000000 171.563748 15.834221 -0.819387 3.452519 0.000000 0.000000 0.000000 1.000000 0.000000 0.000000
18.000000 171.564415 15.593812 -0.894481 3.480342 0.000000 0.000000 0.000000 1.000000 0.000000 0.000000
18.000000 171.567546 15.777979 -0.780718 3.431143 0.000000 0.000000 0.000000 1.000000 0.000000 0.000000
18.000000 171.570166 15.500117 -0.745063 3.443598 0.000000 0.000000 0.000000 1.000000 0.000000 0.000000
18.000000 171.571707 15.617222 -0.839428 3.507337 0.000000 0.000000 0.000000 1.000000 0.000000 0.000000
18.000000 171.573480 15.628917 -0.862431 3.487889 0.000000 0.000000 0.000000 1.000000 0.000000 0.000000
18.000000 171.574494 15.502396 -0.895058 3.485930 0.000000 0.000000 0.000000 1.000000 0.000000 0.000000
18.000000 171.577599 15.670441 -0.788881 3.436214 0.000000 0.000000 0.000000 1.000000 0.000000 0.000000
18.000000 171.580191 15.396065 -0.754268 3.452179 0.000000 0.000000 0.000000 1.000000 0.000000 0.000000
18.000000 171.581677 15.432955 -0.789859 3.526588 0.000000 0.000000 0.000000 1.000000 0.000000 0.000000
18.000000 171.583081 15.579056 -0.851129 3.491769 0.000000 0.000000 0.000000 1.000000 0.000000 0.000000
18.000000 171.583556 15.554944 -0.849435 3.493669 0.000000 0.000000 0.000000 1.000000 0.000000 0.000000
18.000000 171.584383 15.488809 -0.858291 3.499142 0.000000 0.000000 0.000000 1.000000 0.000000 0.000000
18.000000 171.587621 15.589916 -0.788249 3.445369 0.000000 0.000000 0.000000 1.000000 0.000000 0.000000
18.000000 171.590145 15.265310 -0.746730 3.459648 0.000000 0.000000 0.000000 1.000000 0.000000 0.000000
18.000000 171.593196 15.397649 -0.836273 3.516918 0.000000 0.000000 0.000000 1.000000 0.000000 0.000000
18.000000 171.593557 15.481045 -0.846476 3.496669 0.000000 0.000000 0.000000 1.000000 0.000000 0.000000
18.000000 171.594518 15.365877 -0.870023 3.499707 0.000000 0.000000 0.000000 1.000000 0.000000 0.000000
18.000000 171.597644 15.453035 -0.803158 3.449212 0.000000 0.000000 0.000000 1.000000 0.000000 0.000000
18.000000 171.600154 15.191750 -0.770691 3.471840 0.000000 0.000000 0.000000 1.000000 0.000000 0.000000
18.000000 171.601637 15.283178 -0.834948 3.545576 0.000000 0.000000 0.000000 1.000000 0.000000 0.000000
18.000000 171.603076 15.332318 -0.859893 3.506531 0.000000 0.000000 0.000000 1.000000 0.000000 0.000000
18.000000 171.603730 15.356953 -0.859821 3.498425 0.000000 0.000000 0.000000 1.000000 0.000000 0.000000
18.000000 171.604401 15.260011 -0.879406 3.509424 0.000000 0.000000 0.000000 1.000000 0.000000 0.000000
18.000000 171.607630 15.362162 -0.808213 3.459468 0.000000 0.000000 0.000000 1.000000 0.000000 0.000000
18.000000 171.610231 15.075362 -0.772745 3.478142 0.000000 0.000000 0.000000 1.000000 0.000000 0.000000
18.000000 171.611657 15.136572 -0.820355 3.551143 0.000000 0.000000 0.000000 1.000000 0.000000 0.000000
18.000000 171.613126 15.209935 -0.854908 3.510644 0.000000 0.000000 0.000000 1.000000 0.000000 0.000000
18.000000 171.613471 15.292889 -0.857059 3.501205 0.000000 0.000000 0.000000 1.000000 0.000000 0.000000
18.000000 171.614431 15.020214 -0.940085 3.523165 0.000000 0.000000 0.000000 1.000000 0.000000 0.000000
18.000000 171.617603 15.222631 -0.812860 3.471435 0.000000 0.000000 0.000000 1.000000 0.000000 0.000000
18.000000 171.620159 14.979918 -0.783769 3.485298 0.000000 0.000000 0.000000 1.000000 0.000000 0.000000
18.000000 171.621675 15.018943 -0.821936 3.552744 0.000000 0.000000 0.000000 1.000000 0.000000 0.000000
18.000000 171.623080 15.174558 -0.891152 3.499028 0.000000 0.000000 0.000000 1.000000 0.000000 0.000000
18.000000 171.623537 15.115146 -0.887250 3.500970 0.000000 0.000000 0.000000 1.000000 0.000000 0.000000
18.000000 171.624750 15.050993 -0.894597 3.521420 0.000000 0.000000 0.000000 1.000000 0.000000 0.000000
18.000000 171.627621 15.152407 -0.824721 3.472825 0.000000 0.000000 0.000000 1.000000 0.000000 0.000000
18.000000 171.630207 14.876799 -0.791493 3.491593 0.000000 0.000000 0.000000 1.000000 0.000000 0.000000
18.000000 171.631671 14.951708 -0.853435 3.556364 0.000000 0.000000 0.000000 1.000000 0.000000 0.000000
18.000000 171.633106 14.962034 -0.871594 3.521334 0.000000 0.000000 0.000000 1.000000 0.000000 0.000000
18.000000 171.633492 15.055342 -0.874624 3.513774 0.000000 0.000000 0.000000 1.000000 0.000000 0.000000
18.000000 171.634478 14.973324 -0.890890 3.521918 0.000000 0.000000 0.000000 1.000000 0.000000 0.000000
18.000000 171.637628 15.055256 -0.833262 3.475002 0.000000 0.000000 0.000000 1.000000 0.000000 0.000000
18.000000 171.640185 14.765621 -0.798551 3.493915 0.000000 0.000000 0.000000 1.000000 0.000000 0.000000
18.000000 171.641637 14.775854 -0.821348 3.558687 0.000000 0.000000 0.000000 1.000000 0.000000 0.000000
18.000000 171.643582 14.935493 -0.893888 3.539611 0.000000 0.000000 0.000000 1.000000 0.000000 0.000000
18.000000 171.644630 14.856620 -0.904019 3.527635 0.000000 0.000000 0.000000 1.000000 0.000000 0.000000
18.000000 171.647573 14.945665 -0.836583 3.477956 0.000000 0.000000 0.000000 1.000000 0.000000 0.000000
18.000000 171.650217 14.671119 -0.804052 3.497864 0.000000 0.000000 0.000000 1.000000 0.000000 0.000000
18.000000 171.651644 14.714988 -0.840729 3.566800 0.000000 0.000000 0.000000 1.000000 0.000000 0.000000
18.000000 171.653119 14.800411 -0.880892 3.517474 0.000000 0.000000 0.000000 1.000000 0.000000 0.000000
18.000000 171.653606 14.902207 -0.883553 3.506397 0.000000 0.000000 0.000000 1.000000 0.000000 0.000000
18.000000 171.654493 14.700081 -0.939424 3.533253 0.000000 0.000000 0.000000 1.000000 0.000000 0.000000
18.000000 171.657641 14.844392 -0.842971 3.485465 0.000000 0.000000 0.000000 1.000000 0.000000 0.000000
18.000000 171.660190 14.555399 -0.808826 3.501174 0.000000 0.000000 0.000000 1.000000 0.000000 0.000000
18.000000 171.661560 14.658295 -0.889417 3.561089 0.000000 0.000000 0.000000 1.000000 0.000000 0.000000
18.000000 171.663061 14.641711 -0.902409 3.517803 0.000000 0.000000 0.000000 1.000000 0.000000 0.000000
18.000000 171.663591 14.734888 -0.905009 3.518745 0.000000 0.000000 0.000000 1.000000 0.000000 0.000000
18.000000 171.664419 14.645154 -0.916976 3.538171 0.000000 0.000000 0.000000 1.000000 0.000000 0.000000
18.000000 171.667655 14.729092 -0.851346 3.486069 0.000000 0.000000 0.000000 1.000000 0.000000 0.000000
18.000000 171.670191 14.473832 -0.821102 3.495101 0.000000 0.000000 0.000000 1.000000 0.000000 0.000000
18.000000 171.671690 14.647916 -0.923665 3.562734 0.000000 0.000000 0.000000 1.000000 0.000000 0.000000
18.000000 171.673509 14.619118 -0.919115 3.555666 0.000000 0.000000 0.000000 1.000000 0.000000 0.000000
18.000000 171.674485 14.630101 -0.894475 3.534484 0.000000 0.000000 0.000000 1.000000 0.000000 0.000000
18.000000 171.677693 14.661134 -0.857401 3.483485 0.000000 0.000000 0.000000 1.000000 0.000000 0.000000
18.000000 171.680292 14.343259 -0.820333 3.501290 0.000000 0.000000 0.000000 1.000000 0.000000 0.000000
18.000000 171.681598 14.415513 -0.878916 3.564807 0.000000 0.000000 0.000000 1.000000 0.000000 0.000000
18.000000 171.683105 14.469542 -0.915226 3.518388 0.000000 0.000000 0.000000 1.000000 0.000000 0.000000
18.000000 171.683626 14.552423 -0.917408 3.515040 0.000000 0.000000 0.000000 1.000000 0.000000 0.000000
18.000000 171.684448 14.512082 -0.913202 3.534291 0.000000 0.000000 0.000000 1.000000 0.000000 0.000000
18.000000 171.687733 14.585039 -0.856767 3.482823 0.000000 0.000000 0.000000 1.000000 0.000000 0.000000
18.000000 171.690218 14.217447 -0.813574 3.491175 0.000000 0.000000 0.000000 1.000000 0.000000 0.000000
18.000000 171.691645 14.357984 -0.904447 3.560329 0.000000 0.000000 0.000000 1.000000 0.000000 0.000000
18.000000 171.693181 14.400558 -0.934081 3.524867 0.000000 0.000000 0.000000 1.000000 0.000000 0.000000
18.000000 171.693493 14.432176 -0.934342 3.527269 0.000000 0.000000 0.000000 1.000000 0.000000 0.000000
18.000000 171.694646 14.421919 -0.913745 3.536318 0.000000 0.000000 0.000000 1.000000 0.000000 0.000000
18.000000 171.697715 14.457180 -0.871397 3.481101 0.000000 0.000000 0.000000 1.000000 0.000000 0.000000
18.000000 171.700301 14.148745 -0.836096 3.493157 0.000000 0.000000 0.000000 1.000000 0.000000 0.000000
18.000000 171.701609 14.332632 -0.943513 3.566530 0.000000 0.000000 0.000000 1.000000 0.000000 0.000000
18.000000 171.703097 14.293631 -0.935833 3.533802 0.000000 0.000000 0.000000 1.000000 0.000000 0.000000
18.000000 171.703641 14.339676 -0.936721 3.527468 0.000000 0.000000 0.000000 1.000000 0.000000 0.000000
18.000000 171.704436 14.302114 -0.925113 3.536228 0.000000 0.000000 0.000000 1.000000 0.000000 0.000000
18.000000 171.707677 14.345275 -0.877046 3.479924 0.000000 0.000000 0.000000 1.000000 0.000000 0.000000
18.000000 171.710275 14.047376 -0.843580 3.492562 0.000000 0.000000 0.000000 1.000000 0.000000 0.000000
18.000000 171.711658 14.145601 -0.908857 3.560949 0.000000 0.000000 0.000000 1.000000 0.000000 0.000000
18.000000 171.713130 14.169479 -0.928481 3.521016 0.000000 0.000000 0.000000 1.000000 0.000000 0.000000
18.000000 171.713500 14.308644 -0.933072 3.518795 0.000000 0.000000 0.000000 1.000000 0.000000 0.000000
18.000000 171.714494 14.317831 -0.892877 3.530569 0.000000 0.000000 0.000000 1.000000 0.000000 0.000000
18.000000 171.717734 14.259053 -0.885503 3.468496 0.000000 0.000000 0.000000 1.000000 0.000000 0.000000
18.000000 171.720390 13.941329 -0.850100 3.488417 0.000000 0.000000 0.000000 1.000000 0.000000 0.000000
18.000000 171.721577 14.085227 -0.951090 3.552854 0.000000 0.000000 0.000000 1.000000 0.000000 0.000000
18.000000 171.723152 13.977780 -0.929703 3.520182 0.000000 0.000000 0.000000 1.000000 0.000000 0.000000
18.000000 171.723598 14.185531 -0.938024 3.508333 0.000000 0.000000 0.000000 1.000000 0.000000 0.000000
18.000000 171.724454 14.101019 -0.946549 3.522364 0.000000 0.000000 0.000000 1.000000 0.000000 0.000000
18.000000 171.727726 14.153380 -0.895654 3.471528 0.000000 0.000000 0.000000 1.000000 0.000000 0.000000
18.000000 171.730325 13.841592 -0.861234 3.484463 0.000000 0.000000 0.000000 1.000000 0.000000 0.000000
18.000000 171.731713 13.906462 -0.909932 3.549897 0.000000 0.000000 0.000000 1.000000 0.000000 0.000000
18.000000 171.733138 13.945972 -0.937329 3.515764 0.000000 0.000000 0.000000 1.000000 0.000000 0.000000
18.000000 171.733534 14.082037 -0.942603 3.503567 0.000000 0.000000 0.000000 1.000000 0.000000 0.000000
18.000000 171.734522 14.003154 -0.951625 3.515261 0.000000 0.000000 0.000000 1.000000 0.000000 0.000000
18.000000 171.737727 14.056237 -0.903206 3.466473 0.000000 0.000000 0.000000 1.000000 0.000000 0.000000
18.000000 171.740353 13.724140 -0.866843 3.478423 0.000000 0.000000 0.000000 1.000000 0.000000 0.000000
18.000000 171.743320 13.861721 -0.951298 3.517549 0.000000 0.000000 0.000000 1.000000 0.000000 0.000000
18.000000 171.743655 13.946665 -0.964791 3.497039 0.000000 0.000000 0.000000 1.000000 0.000000 0.000000
18.000000 171.744725 13.865554 -0.975549 3.512528 0.000000 0.000000 0.000000 1.000000 0.000000 0.000000
18.000000 171.747700 13.959662 -0.907907 3.463530 0.000000 0.000000 0.000000 1.000000 0.000000 0.000000
18.000000 171.750265 13.628931 -0.871962 3.469743 0.000000 0.000000 0.000000 1.000000 0.000000 0.000000
18.000000 171.751722 13.808513 -0.976890 3.541483 0.000000 0.000000 0.000000 1.000000 0.000000 0.000000
18.000000 171.753297 13.760013 -0.968422 3.508705 0.000000 0.000000 0.000000 1.000000 0.000000 0.000000
18.000000 171.753519 13.850026 -0.971654 3.495238 0.000000 0.000000 0.000000 1.000000 0.000000 0.000000
18.000000 171.754499 13.810463 -0.965311 3.506768 0.000000 0.000000 0.000000 1.000000 0.000000 0.000000
18.000000 171.757857 13.862883 -0.917823 3.456371 0.000000 0.000000 0.000000 1.000000 0.000000 0.000000
18.000000 171.760454 13.560572 -0.885797 3.467104 0.000000 0.000000 0.000000 1.000000 0.000000 0.000000
18.000000 171.761590 13.605816 -0.929489 3.530653 0.000000 0.000000 0.000000 1.000000 0.000000 0.000000
18.000000 171.763222 13.676414 -0.975544 3.491062 0.000000 0.000000 0.000000 1.000000 0.000000 0.000000
18.000000 171.763620 13.759793 -0.978247 3.489141 0.000000 0.000000 0.000000 1.000000 0.000000 0.000000
18.000000 171.764467 13.672925 -0.978044 3.506386 0.000000 0.000000 0.000000 1.000000 0.000000 0.000000
18.000000 171.767728 13.721747 -0.919093 3.448581 0.000000 0.000000 0.000000 1.000000 0.000000 0.000000
18.000000 171.770435 13.458753 -0.891892 3.458974 0.000000 0.000000 0.000000 1.000000 0.000000 0.000000
18.000000 171.771704 13.553205 -0.964100 3.522948 0.000000 0.000000 0.000000 1.000000 0.000000 0.000000
18.000000 171.773142 13.577750 -0.995896 3.488485 0.000000 0.000000 0.000000 1.000000 0.000000 0.000000
18.000000 171.773599 13.634950 -0.997588 3.488132 0.000000 0.000000 0.000000 1.000000 0.000000 0.000000
18.000000 171.774964 13.606030 -0.978940 3.500669 0.000000 0.000000 0.000000 1.000000 0.000000 0.000000
18.000000 171.777727 13.643295 -0.930836 3.443432 0.000000 0.000000 0.000000 1.000000 0.000000 0.000000
18.000000 171.780553 13.360857 -0.901718 3.449996 0.000000 0.000000 0.000000 1.000000 0.000000 0.000000
18.000000 171.781590 13.528264 -1.001156 3.521053 0.000000 0.000000 0.000000 1.000000 0.000000 0.000000
18.000000 171.783116 13.495985 -1.001659 3.484696 0.000000 0.000000 0.000000 1.000000 0.000000 0.000000
18.000000 171.783982 13.525639 -1.001938 3.474432 0.000000 0.000000 0.000000 1.000000 0.000000 0.000000
18.000000 171.784436 13.510870 -0.983548 3.487789 0.000000 0.000000 0.000000 1.000000 0.000000 0.000000
18.000000 171.787744 13.564781 -0.933958 3.432132 0.000000 0.000000 0.000000 1.000000 0.000000 0.000000
18.000000 171.790338 13.240362 -0.900711 3.435727 0.000000 0.000000 0.000000 1.000000 0.000000 0.000000
18.000000 171.791685 13.435697 -1.010447 3.512904 0.000000 0.000000 0.000000 1.000000 0.000000 0.000000
18.000000 171.793129 13.391008 -1.002861 3.478727 0.000000 0.000000 0.000000 1.000000 0.000000 0.000000
18.000000 171.793542 13.441130 -1.003909 3.473859 0.000000 0.000000 0.000000 1.000000 0.000000 0.000000
18.000000 171.794518 13.504285 -0.951717 3.488611 0.000000 0.000000 0.000000 1.000000 0.000000 0.000000
18.000000 171.797720 13.468042 -0.943894 3.428495 0.000000 0.000000 0.000000 1.000000 0.000000 0.000000
18.000000 171.800478 13.147039 -0.911041 3.430416 0.000000 0.000000 0.000000 1.000000 0.000000 0.000000
18.000000 171.801657 13.342813 -1.017852 3.504933 0.000000 0.000000 0.000000 1.000000 0.000000 0.000000
18.000000 171.803182 13.298306 -1.008343 3.468780 0.000000 0.000000 0.000000 1.000000 0.000000 0.000000
18.000000 171.803620 13.336663 -1.008672 3.464040 0.000000 0.000000 0.000000 1.000000 0.000000 0.000000
18.000000 171.804465 13.383740 -0.969441 3.486090 0.000000 0.000000 0.000000 1.000000 0.000000 0.000000
18.000000 171.807819 13.386342 -0.950474 3.423399 0.000000 0.000000 0.000000 1.000000 0.000000 0.000000
18.000000 171.810319 13.042412 -0.915681 3.415406 0.000000 0.000000 0.000000 1.000000 0.000000 0.000000
18.000000 171.811692 13.239470 -1.027085 3.489765 0.000000 0.000000 0.000000 1.000000 0.000000 0.000000
18.000000 171.813213 13.173860 -1.012967 3.461728 0.000000 0.000000 0.000000 1.000000 0.000000 0.000000
18.000000 171.813549 13.258897 -1.016039 3.455933 0.000000 0.000000 0.000000 1.000000 0.000000 0.000000
18.000000 171.814500 13.321740 -0.958689 3.467002 0.000000 0.000000 0.000000 1.000000 0.000000 0.000000
18.000000 171.818187 13.258272 -0.958256 3.405757 0.000000 0.000000 0.000000 1.000000 0.000000 0.000000
18.000000 171.820524 12.971106 -0.929934 3.411045 0.000000 0.000000 0.000000 1.000000 0.000000 0.000000
18.000000 171.821649 13.063011 -1.000353 3.477447 0.000000 0.000000 0.000000 1.000000 0.000000 0.000000
18.000000 171.823207 13.049865 -1.017830 3.449035 0.000000 0.000000 0.000000 1.000000 0.000000 0.000000
18.000000 171.823589 13.169116 -1.022898 3.443495 0.000000 0.000000 0.000000 1.000000 0.000000 0.000000
18.000000 171.824655 13.213851 -0.975031 3.454756 0.000000 0.000000 0.000000 1.000000 0.000000 0.000000
18.000000 171.827758 13.167287 -0.968752 3.394411 0.000000 0.000000 0.000000 1.000000 0.000000 0.000000
18.000000 171.830443 12.844962 -0.937617 3.400843 0.000000 0.000000 0.000000 1.000000 0.000000 0.000000
18.000000 171.831728 12.898824 -0.977268 3.473514 0.000000 0.000000 0.000000 1.000000 0.000000 0.000000
18.000000 171.833222 12.970842 -1.018673 3.436365 0.000000 0.000000 0.000000 1.000000 0.000000 0.000000
18.000000 171.833567 13.058643 -1.021925 3.429100 0.000000 0.000000 0.000000 1.000000 0.000000 0.000000
18.000000 171.834525 13.129499 -0.967585 3.443783 0.000000 0.000000 0.000000 1.000000 0.000000 0.000000
18.000000 171.837863 13.074974 -0.970241 3.379687 0.000000 0.000000 0.000000 1.000000 0.000000 0.000000
18.000000 171.840497 12.751474 -0.939383 3.380031 0.000000 0.000000 0.000000 1.000000 0.000000 0.000000
18.000000 171.841667 12.811794 -0.986337 3.452775 0.000000 0.000000 0.000000 1.000000 0.000000 0.000000
18.000000 171.843212 12.887326 -1.033998 3.417481 0.000000 0.000000 0.000000 1.000000 0.000000 0.000000
18.000000 171.843673 12.936621 -1.035264 3.416781 0.000000 0.000000 0.000000 1.000000 0.000000 0.000000
18.000000 171.844525 13.082826 -0.950661 3.428061 0.000000 0.000000 0.000000 1.000000 0.000000 0.000000
18.000000 171.847822 12.976288 -0.978577 3.368687 0.000000 0.000000 0.000000 1.000000 0.000000 0.000000
18.000000 171.850430 12.615069 -0.943230 3.367332 0.000000 0.000000 0.000000 1.000000 0.000000 0.000000
18.000000 171.851732 12.681245 -0.988105 3.435007 0.000000 0.000000 0.000000 1.000000 0.000000 0.000000
18.000000 171.853270 12.778869 -1.042144 3.400107 0.000000 0.000000 0.000000 1.000000 0.000000 0.000000
18.000000 171.853553 12.846720 -1.044560 3.396452 0.000000 0.000000 0.000000 1.000000 0.000000 0.000000
18.000000 171.854557 13.003752 -0.959676 3.405844 0.000000 0.000000 0.000000 1.000000 0.000000 0.000000
18.000000 171.857851 12.898805 -0.991148 3.350900 0.000000 0.000000 0.000000 1.000000 0.000000 0.000000
18.000000 171.860510 12.582144 -0.959889 3.343857 0.000000 0.000000 0.000000 1.000000 0.000000 0.000000
18.000000 171.861689 12.796349 -1.080884 3.409718 0.000000 0.000000 0.000000 1.000000 0.000000 0.000000
18.000000 171.863282 12.652578 -1.037734 3.390132 0.000000 0.000000 0.000000 1.000000 0.000000 0.000000
18.000000 171.863691 12.771924 -1.042935 3.380518 0.000000 0.000000 0.000000 1.000000 0.000000 0.000000
18.000000 171.864537 12.847402 -0.979549 3.393392 0.000000 0.000000 0.000000 1.000000 0.000000 0.000000
18.000000 171.867773 12.756631 -0.991173 3.334791 0.000000 0.000000 0.000000 1.000000 0.000000 0.000000
18.000000 171.870395 12.447679 -0.961684 3.332108 0.000000 0.000000 0.000000 1.000000 0.000000 0.000000
18.000000 171.871712 12.567836 -1.034232 3.399533 0.000000 0.000000 0.000000 1.000000 0.000000 0.000000
18.000000 171.873219 12.562626 -1.047034 3.371448 0.000000 0.000000 0.000000 1.000000 0.000000 0.000000
18.000000 171.873604 12.670226 -1.051633 3.364558 0.000000 0.000000 0.000000 1.000000 0.000000 0.000000
18.000000 171.874546 12.800983 -0.971899 3.376556 0.000000 0.000000 0.000000 1.000000 0.000000 0.000000
18.000000 171.877901 12.680410 -1.004766 3.318135 0.000000 0.000000 0.000000 1.000000 0.000000 0.000000
18.000000 171.880553 12.308205 -0.967422 3.287807 0.000000 0.000000 0.000000 1.000000 0.000000 0.000000
18.000000 171.881669 12.718172 -1.161031 3.352767 0.000000 0.000000 0.000000 1.000000 0.000000 0.000000
18.000000 171.883261 12.449760 -1.048622 3.351225 0.000000 0.000000 0.000000 1.000000 0.000000 0.000000
18.000000 171.883779 12.571959 -1.054305 3.343471 0.000000 0.000000 0.000000 1.000000 0.000000 0.000000
18.000000 171.884544 12.663556 -0.994968 3.355456 0.000000 0.000000 0.000000 1.000000 0.000000 0.000000
18.000000 171.887793 12.590025 -1.010082 3.299954 0.000000 0.000000 0.000000 1.000000 0.000000 0.000000
18.000000 171.890480 12.242831 -0.976804 3.285301 0.000000 0.000000 0.000000 1.000000 0.000000 0.000000
18.000000 171.891766 12.370079 -1.046848 3.347296 0.000000 0.000000 0.000000 1.000000 0.000000 0.000000
18.000000 171.893161 12.379437 -1.062055 3.326473 0.000000 0.000000 0.000000 1.000000 0.000000 0.000000
18.000000 171.893653 12.485554 -1.066931 3.323304 0.000000 0.000000 0.000000 1.000000 0.000000 0.000000
18.000000 171.894547 12.597389 -0.996594 3.334430 0.000000 0.000000 0.000000 1.000000 0.000000 0.000000
18.000000 171.897886 12.500031 -1.020089 3.279215 0.000000 0.000000 0.000000 1.000000 0.000000 0.000000
18.000000 171.900400 12.163811 -0.988206 3.266073 0.000000 0.000000 0.000000 1.000000 0.000000 0.000000
18.000000 171.901634 12.277794 -1.053736 3.326727 0.000000 0.000000 0.000000 1.000000 0.000000 0.000000
18.000000 171.903231 12.280761 -1.067997 3.303520 0.000000 0.000000 0.000000 1.000000 0.000000 0.000000
18.000000 171.903666 12.381133 -1.072812 3.291173 0.000000 0.000000 0.000000 1.000000 0.000000 0.000000
18.000000 171.904520 12.422338 -1.030614 3.302040 0.000000 0.000000 0.000000 1.000000 0.000000 0.000000
18.000000 171.907849 12.388961 -1.022245 3.255786 0.000000 0.000000 0.000000 1.000000 0.000000 0.000000
18.000000 171.910298 12.061599 -0.992007 3.253180 0.000000 0.000000 0.000000 1.000000 0.000000 0.000000
18.000000 171.911828 12.092218 -1.024155 3.314954 0.000000 0.000000 0.000000 1.000000 0.000000 0.000000
18.000000 171.913209 12.154372 -1.068903 3.283002 0.000000 0.000000 0.000000 1.000000 0.000000 0.000000
18.000000 171.913630 12.328141 -1.077447 3.272480 0.000000 0.000000 0.000000 1.000000 0.000000 0.000000
18.000000 171.914557 12.448965 -0.989479 3.287723 0.000000 0.000000 0.000000 1.000000 0.000000 0.000000
18.000000 171.917772 12.288276 -1.027310 3.232280 0.000000 0.000000 0.000000 1.000000 0.000000 0.000000
18.000000 171.920523 11.937798 -0.995447 3.232460 0.000000 0.000000 0.000000 1.000000 0.000000 0.000000
18.000000 171.921730 11.941189 -1.005694 3.295204 0.000000 0.000000 0.000000 1.000000 0.000000 0.000000
18.000000 171.923212 12.109198 -1.088930 3.253945 0.000000 0.000000 0.000000 1.000000 0.000000 0.000000
18.000000 171.923745 12.173086 -1.091222 3.252437 0.000000 0.000000 0.000000 1.000000 0.000000 0.000000
18.000000 171.924768 12.296763 -1.018440 3.270219 0.000000 0.000000 0.000000 1.000000 0.000000 0.000000
18.000000 171.927780 12.212371 -1.039052 3.216988 0.000000 0.000000 0.000000 1.000000 0.000000 0.000000
18.000000 171.930332 11.854136 -1.006627 3.206958 0.000000 0.000000 0.000000 1.000000 0.000000 0.000000
18.000000 171.931762 11.879594 -1.026828 3.268022 0.000000 0.000000 0.000000 1.000000 0.000000 0.000000
18.000000 171.933233 12.003891 -1.090995 3.235601 0.000000 0.000000 0.000000 1.000000 0.000000 0.000000
18.000000 171.933597 12.074893 -1.094011 3.233170 0.000000 0.000000 0.000000 1.000000 0.000000 0.000000
18.000000 171.934569 12.203790 -1.021021 3.245488 0.000000 0.000000 0.000000 1.000000 0.000000 0.000000
18.000000 171.937901 12.122428 -1.042430 3.192570 0.000000 0.000000 0.000000 1.000000 0.000000 0.000000
18.000000 171.940536 11.738467 -1.007579 3.177364 0.000000 0.000000 0.000000 1.000000 0.000000 0.000000
18.000000 171.941791 11.800181 -1.044126 3.238933 0.000000 0.000000 0.000000 1.000000 0.000000 0.000000
18.000000 171.943229 11.892063 -1.094618 3.207713 0.000000 0.000000 0.000000 1.000000 0.000000 0.000000
18.000000 171.943850 12.000488 -1.099816 3.201920 0.000000 0.000000 0.000000 1.000000 0.000000 0.000000
18.000000 171.944598 12.099043 -1.040464 3.218880 0.000000 0.000000 0.000000 1.000000 0.000000 0.000000
18.000000 171.947771 12.029370 -1.057000 3.170050 0.000000 0.000000 0.000000 1.000000 0.000000 0.000000
18.000000 171.950372 11.688579 -1.026703 3.159987 0.000000 0.000000 0.000000 1.000000 0.000000 0.000000
18.000000 171.951821 11.685613 -1.039245 3.217431 0.000000 0.000000 0.000000 1.000000 0.000000 0.000000
18.000000 171.953195 11.817285 -1.112942 3.184616 0.000000 0.000000 0.000000 1.000000 0.000000 0.000000
18.000000 171.953774 11.887836 -1.115942 3.184162 0.000000 0.000000 0.000000 1.000000 0.000000 0.000000
18.000000 171.954598 12.119999 -0.985346 3.188866 0.000000 0.000000 0.000000 1.000000 0.000000 0.000000
18.000000 171.957950 11.894845 -1.057745 3.135075 0.000000 0.000000 0.000000 1.000000 0.000000 0.000000
18.000000 171.960481 11.567560 -1.028702 3.130708 0.000000 0.000000 0.000000 1.000000 0.000000 0.000000
18.000000 171.961744 11.584994 -1.048976 3.187566 0.000000 0.000000 0.000000 1.000000 0.000000 0.000000
18.000000 171.963245 11.682436 -1.106143 3.157516 0.000000 0.000000 0.000000 1.000000 0.000000 0.000000
18.000000 171.963750 11.800889 -1.112481 3.142222 0.000000 0.000000 0.000000 1.000000 0.000000 0.000000
18.000000 171.964515 11.860053 -1.063345 3.153359 0.000000 0.000000 0.000000 1.000000 0.000000 0.000000
18.000000 171.967845 11.812997 -1.062280 3.110296 0.000000 0.000000 0.000000 1.000000 0.000000 0.000000
18.000000 171.970483 11.437144 -1.029084 3.099007 0.000000 0.000000 0.000000 1.000000 0.000000 0.000000
18.000000 171.971903 11.444675 -1.041367 3.155462 0.000000 0.000000 0.000000 1.000000 0.000000 0.000000
18.000000 171.973253 11.583969 -1.114794 3.123049 0.000000 0.000000 0.000000 1.000000 0.000000 0.000000
18.000000 171.973867 11.712445 -1.121365 3.121502 0.000000 0.000000 0.000000 1.000000 0.000000 0.000000
18.000000 171.974605 11.824410 -1.049426 3.140597 0.000000 0.000000 0.000000 1.000000 0.000000 0.000000
18.000000 171.977901 11.721258 -1.074418 3.087143 0.000000 0.000000 0.000000 1.000000 0.000000 0.000000
18.000000 171.980636 11.356683 -1.043009 3.071013 0.000000 0.000000 0.000000 1.000000 0.000000 0.000000
18.000000 171.981727 11.356152 -1.061426 3.130839 0.000000 0.000000 0.000000 1.000000 0.000000 0.000000
18.000000 171.983248 11.449300 -1.123240 3.100649 0.000000 0.000000 0.000000 1.000000 0.000000 0.000000
18.000000 171.983802 11.605926 -1.131661 3.091353 0.000000 0.000000 0.000000 1.000000 0.000000 0.000000
18.000000 171.984558 11.720688 -1.065041 3.109895 0.000000 0.000000 0.000000 1.000000 0.000000 0.000000
18.000000 171.987914 11.644622 -1.084717 3.059849 0.000000 0.000000 0.000000 1.000000 0.000000 0.000000
18.000000 171.990351 11.262468 -1.051784 3.040236 0.000000 0.000000 0.000000 1.000000 0.000000 0.000000
18.000000 171.991807 11.327907 -1.082126 3.097776 0.000000 0.000000 0.000000 1.000000 0.000000 0.000000
18.000000 171.993199 11.424038 -1.129262 3.067015 0.000000 0.000000 0.000000 1.000000 0.000000 0.000000
18.000000 171.993801 11.523308 -1.134328 3.062355 0.000000 0.000000 0.000000 1.000000 0.000000 0.000000
18.000000 171.994590 11.602843 -1.080921 3.080317 0.000000 0.000000 0.000000 1.000000 0.000000 0.000000
18.000000 171.997945 11.542733 -1.091155 3.031554 0.000000 0.000000 0.000000 1.000000 0.000000 0.000000
18.000000 172.000437 11.160653 -1.058682 3.011833 0.000000 0.000000 0.000000 1.000000 0.000000 0.000000
18.000000 172.001719 11.224536 -1.087370 3.069706 0.000000 0.000000 0.000000 1.000000 0.000000 0.000000
18.000000 172.003268 11.327726 -1.137355 3.035343 0.000000 0.000000 0.000000 1.000000 0.000000 0.000000
18.000000 172.003760 11.411670 -1.141360 3.032439 0.000000 0.000000 0.000000 1.000000 0.000000 0.000000
18.000000 172.004573 11.688210 -0.997338 3.032825 0.000000 0.000000 0.000000 1.000000 0.000000 0.000000
18.000000 172.007824 11.424498 -1.093138 2.985530 0.000000 0.000000 0.000000 1.000000 0.000000 0.000000
18.000000 172.010382 11.068123 -1.062395 2.979540 0.000000 0.000000 0.000000 1.000000 0.000000 0.000000
18.000000 172.011821 11.158835 -1.107735 3.035306 0.000000 0.000000 0.000000 1.000000 0.000000 0.000000
18.000000 172.013297 11.223451 -1.145908 3.007527 0.000000 0.000000 0.000000 1.000000 0.000000 0.000000
18.000000 172.013725 11.311702 -1.150286 3.004498 0.000000 0.000000 0.000000 1.000000 0.000000 0.000000
18.000000 172.014642 11.491670 -1.052435 3.014467 0.000000 0.000000 0.000000 1.000000 0.000000 0.000000
18.000000 172.017906 11.341848 -1.102008 2.967825 0.000000 0.000000 0.000000 1.000000 0.000000 0.000000
18.000000 172.020485 10.969333 -1.070243 2.950290 0.000000 0.000000 0.000000 1.000000 0.000000 0.000000
18.000000 172.021844 11.025917 -1.100016 3.002626 0.000000 0.000000 0.000000 1.000000 0.000000 0.000000
18.000000 172.023252 11.115921 -1.149606 2.972103 0.000000 0.000000 0.000000 1.000000 0.000000 0.000000
18.000000 172.023842 11.228028 -1.155569 2.967667 0.000000 0.000000 0.000000 1.000000 0.000000 0.000000
18.000000 172.024584 11.335372 -1.087830 2.986341 0.000000 0.000000 0.000000 1.000000 0.000000 0.000000
18.000000 172.027904 11.236724 -1.113047 2.937543 0.000000 0.000000 0.000000 1.000000 0.000000 0.000000
18.000000 172.030417 10.881192 -1.083483 2.914738 0.000000 0.000000 0.000000 1.000000 0.000000 0.000000
18.000000 172.031755 10.939552 -1.116216 2.969314 0.000000 0.000000 0.000000 1.000000 0.000000 0.000000
18.000000 172.033300 11.001859 -1.154778 2.944874 0.000000 0.000000 0.000000 1.000000 0.000000 0.000000
18.000000 172.033607 11.127814 -1.161878 2.938514 0.000000 0.000000 0.000000 1.000000 0.000000 0.000000
18.000000 172.034603 11.237064 -1.102269 2.953719 0.000000 0.000000 0.000000 1.000000 0.000000 0.000000
18.000000 172.037942 11.178368 -1.119183 2.909666 0.000000 0.000000 0.000000 1.000000 0.000000 0.000000
18.000000 172.040574 10.777336 -1.085667 2.883077 0.000000 0.000000 0.000000 1.000000 0.000000 0.000000
18.000000 172.041860 10.837198 -1.114523 2.934513 0.000000 0.000000 0.000000 1.000000 0.000000 0.000000
18.000000 172.043288 10.931840 -1.164973 2.904163 0.000000 0.000000 0.000000 1.000000 0.000000 0.000000
18.000000 172.043689 11.036143 -1.170641 2.900675 0.000000 0.000000 0.000000 1.000000 0.000000 0.000000
18.000000 172.044594 11.130668 -1.112755 2.919366 0.000000 0.000000 0.000000 1.000000 0.000000 0.000000
18.000000 172.047879 11.060993 -1.129652 2.872905 0.000000 0.000000 0.000000 1.000000 0.000000 0.000000
18.000000 172.050365 10.695365 -1.099865 2.847843 0.000000 0.000000 0.000000 1.000000 0.000000 0.000000
18.000000 172.051875 10.758501 -1.129374 2.900690 0.000000 0.000000 0.000000 1.000000 0.000000 0.000000
18.000000 172.053240 10.837788 -1.171740 2.871855 0.000000 0.000000 0.000000 1.000000 0.000000 0.000000
18.000000 172.053618 10.971982 -1.179666 2.861621 0.000000 0.000000 0.000000 1.000000 0.000000 0.000000
18.000000 172.054894 11.152085 -1.070269 2.867634 0.000000 0.000000 0.000000 1.000000 0.000000 0.000000
18.000000 172.058013 10.952605 -1.129434 2.824138 0.000000 0.000000 0.000000 1.000000 0.000000 0.000000
18.000000 172.060523 10.583629 -1.099189 2.810003 0.000000 0.000000 0.000000 1.000000 0.000000 0.000000
18.000000 172.061903 10.601392 -1.109138 2.857151 0.000000 0.000000 0.000000 1.000000 0.000000 0.000000
18.000000 172.063295 10.740468 -1.180594 2.829313 0.000000 0.000000 0.000000 1.000000 0.000000 0.000000
18.000000 172.063713 10.840741 -1.186381 2.831540 0.000000 0.000000 0.000000 1.000000 0.000000 0.000000
18.000000 172.064564 10.999751 -1.101189 2.838685 0.000000 0.000000 0.000000 1.000000 0.000000 0.000000
18.000000 172.067891 10.882013 -1.140540 2.796359 0.000000 0.000000 0.000000 1.000000 0.000000 0.000000
18.000000 172.070359 10.549775 -1.113862 2.780733 0.000000 0.000000 0.000000 1.000000 0.000000 0.000000
18.000000 172.072040 10.520917 -1.116416 2.829044 0.000000 0.000000 0.000000 1.000000 0.000000 0.000000
18.000000 172.073298 10.658080 -1.199906 2.793780 0.000000 0.000000 0.000000 1.000000 0.000000 0.000000
18.000000 172.073663 10.728735 -1.203372 2.792924 0.000000 0.000000 0.000000 1.000000 0.000000 0.000000
18.000000 172.074881 10.862536 -1.129024 2.808583 0.000000 0.000000 0.000000 1.000000 0.000000 0.000000
18.000000 172.077971 10.798526 -1.144998 2.766882 0.000000 0.000000 0.000000 1.000000 0.000000 0.000000
18.000000 172.080402 10.398547 -1.112694 2.737178 0.000000 0.000000 0.000000 1.000000 0.000000 0.000000
18.000000 172.081891 10.453008 -1.139570 2.786195 0.000000 0.000000 0.000000 1.000000 0.000000 0.000000
18.000000 172.083279 10.557735 -1.197475 2.757155 0.000000 0.000000 0.000000 1.000000 0.000000 0.000000
18.000000 172.083790 10.643372 -1.202239 2.756689 0.000000 0.000000 0.000000 1.000000 0.000000 0.000000
18.000000 172.084614 10.759206 -1.138502 2.770489 0.000000 0.000000 0.000000 1.000000 0.000000 0.000000
18.000000 172.087873 10.702336 -1.154087 2.727781 0.000000 0.000000 0.000000 1.000000 0.000000 0.000000
18.000000 172.090386 10.316370 -1.123462 2.698258 0.000000 0.000000 0.000000 1.000000 0.000000 0.000000
18.000000 172.091844 10.381242 -1.156398 2.750172 0.000000 0.000000 0.000000 1.000000 0.000000 0.000000
18.000000 172.093315 10.448586 -1.197648 2.723516 0.000000 0.000000 0.000000 1.000000 0.000000 0.000000
18.000000 172.093706 10.570233 -1.205012 2.714642 0.000000 0.000000 0.000000 1.000000 0.000000 0.000000
18.000000 172.094748 10.660480 -1.149443 2.731093 0.000000 0.000000 0.000000 1.000000 0.000000 0.000000
18.000000 172.097923 10.605412 -1.160605 2.689982 0.000000 0.000000 0.000000 1.000000 0.000000 0.000000
18.000000 172.100455 10.214662 -1.129514 2.654970 0.000000 0.000000 0.000000 1.000000 0.000000 0.000000
18.000000 172.101935 10.318222 -1.179952 2.707108 0.000000 0.000000 0.000000 1.000000 0.000000 0.000000
18.000000 172.103300 10.349886 -1.206175 2.684584 0.000000 0.000000 0.000000 1.000000 0.000000 0.000000
18.000000 172.103803 10.469042 -1.213813 2.665719 0.000000 0.000000 0.000000 1.000000 0.000000 0.000000
18.000000 172.104885 10.541842 -1.162873 2.676207 0.000000 0.000000 0.000000 1.000000 0.000000 0.000000
18.000000 172.107939 10.495642 -1.166493 2.643618 0.000000 0.000000 0.000000 1.000000 0.000000 0.000000
18.000000 172.110366 10.103925 -1.135583 2.615906 0.000000 0.000000 0.000000 1.000000 0.000000 0.000000
18.000000 172.111814 10.156118 -1.163221 2.663073 0.000000 0.000000 0.000000 1.000000 0.000000 0.000000
18.000000 172.113293 10.238470 -1.213045 2.639493 0.000000 0.000000 0.000000 1.000000 0.000000 0.000000
18.000000 172.113747 10.384482 -1.222454 2.632154 0.000000 0.000000 0.000000 1.000000 0.000000 0.000000
18.000000 172.114682 10.512100 -1.152336 2.642740 0.000000 0.000000 0.000000 1.000000 0.000000 0.000000
18.000000 172.117997 10.425523 -1.179502 2.604117 0.000000 0.000000 0.000000 1.000000 0.000000 0.000000
18.000000 172.120632 10.045685 -1.149999 2.576468 0.000000 0.000000 0.000000 1.000000 0.000000 0.000000
18.000000 172.121825 10.115766 -1.183466 2.625176 0.000000 0.000000 0.000000 1.000000 0.000000 0.000000
18.000000 172.123262 10.179054 -1.222425 2.601849 0.000000 0.000000 0.000000 1.000000 0.000000 0.000000
18.000000 172.123733 10.288440 -1.229488 2.591307 0.000000 0.000000 0.000000 1.000000 0.000000 0.000000
18.000000 172.124608 10.344913 -1.189273 2.606026 0.000000 0.000000 0.000000 1.000000 0.000000 0.000000
18.000000 172.128003 10.326327 -1.184920 2.569627 0.000000 0.000000 0.000000 1.000000 0.000000 0.000000
18.000000 172.130379 9.956901 -1.156615 2.536011 0.000000 0.000000 0.000000 1.000000 0.000000 0.000000
18.000000 172.131799 10.010421 -1.184503 2.583098 0.000000 0.000000 0.000000 1.000000 0.000000 0.000000
18.000000 172.133411 10.078116 -1.227372 2.554532 0.000000 0.000000 0.000000 1.000000 0.000000 0.000000
18.000000 172.133659 10.203187 -1.235393 2.541651 0.000000 0.000000 0.000000 1.000000 0.000000 0.000000
18.000000 172.134675 10.253050 -1.198584 2.562363 0.000000 0.000000 0.000000 1.000000 0.000000 0.000000
18.000000 172.137932 10.243406 -1.190622 2.528751 0.000000 0.000000 0.000000 1.000000 0.000000 0.000000
18.000000 172.140548 9.851847 -1.160556 2.491107 0.000000 0.000000 0.000000 1.000000 0.000000 0.000000
18.000000 172.141763 9.934469 -1.195982 2.536464 0.000000 0.000000 0.000000 1.000000 0.000000 0.000000
18.000000 172.143284 10.012470 -1.240937 2.506908 0.000000 0.000000 0.000000 1.000000 0.000000 0.000000
18.000000 172.143751 10.106137 -1.246779 2.499282 0.000000 0.000000 0.000000 1.000000 0.000000 0.000000
18.000000 172.144644 10.164122 -1.205123 2.517930 0.000000 0.000000 0.000000 1.000000 0.000000 0.000000
18.000000 172.147920 10.150632 -1.197709 2.486623 0.000000 0.000000 0.000000 1.000000 0.000000 0.000000
18.000000 172.150535 9.750474 -1.167196 2.449370 0.000000 0.000000 0.000000 1.000000 0.000000 0.000000
18.000000 172.151767 9.841167 -1.205840 2.495352 0.000000 0.000000 0.000000 1.000000 0.000000 0.000000
18.000000 172.153324 9.911917 -1.247807 2.463279 0.000000 0.000000 0.000000 1.000000 0.000000 0.000000
18.000000 172.153637 10.005483 -1.253782 2.449457 0.000000 0.000000 0.000000 1.000000 0.000000 0.000000
18.000000 172.154663 10.125092 -1.177112 2.457107 0.000000 0.000000 0.000000 1.000000 0.000000 0.000000
18.000000 172.157956 10.015393 -1.203571 2.426279 0.000000 0.000000 0.000000 1.000000 0.000000 0.000000
18.000000 172.160669 9.648942 -1.175819 2.399724 0.000000 0.000000 0.000000 1.000000 0.000000 0.000000
18.000000 172.161803 9.729981 -1.213324 2.445030 0.000000 0.000000 0.000000 1.000000 0.000000 0.000000
18.000000 172.163407 9.793249 -1.254452 2.420613 0.000000 0.000000 0.000000 1.000000 0.000000 0.000000
18.000000 172.163740 9.914228 -1.262626 2.409658 0.000000 0.000000 0.000000 1.000000 0.000000 0.000000
18.000000 172.164764 10.030141 -1.185831 2.419793 0.000000 0.000000 0.000000 1.000000 0.000000 0.000000
18.000000 172.167990 9.925223 -1.208691 2.386420 0.000000 0.000000 0.000000 1.000000 0.000000 0.000000
18.000000 172.170483 9.575222 -1.182092 2.350153 0.000000 0.000000 0.000000 1.000000 0.000000 0.000000
18.000000 172.171777 9.700687 -1.241932 2.397033 0.000000 0.000000 0.000000 1.000000 0.000000 0.000000
18.000000 172.173313 9.714498 -1.263500 2.377577 0.000000 0.000000 0.000000 1.000000 0.000000 0.000000
18.000000 172.173700 9.818365 -1.270538 2.359382 0.000000 0.000000 0.000000 1.000000 0.000000 0.000000
18.000000 172.174710 9.845039 -1.240980 2.378703 0.000000 0.000000 0.000000 1.000000 0.000000 0.000000
18.000000 172.178038 9.857676 -1.220500 2.348554 0.000000 0.000000 0.000000 1.000000 0.000000 0.000000
18.000000 172.180634 9.487680 -1.193412 2.309655 0.000000 0.000000 0.000000 1.000000 0.000000 0.000000
18.000000 172.181781 9.569112 -1.229064 2.356077 0.000000 0.000000 0.000000 1.000000 0.000000 0.000000
18.000000 172.183347 9.639484 -1.272777 2.324304 0.000000 0.000000 0.000000 1.000000 0.000000 0.000000
18.000000 172.183727 9.733777 -1.279135 2.308337 0.000000 0.000000 0.000000 1.000000 0.000000 0.000000
18.000000 172.184631 9.764433 -1.245382 2.327797 0.000000 0.000000 0.000000 1.000000 0.000000 0.000000
18.000000 172.188000 9.783391 -1.219832 2.303113 0.000000 0.000000 0.000000 1.000000 0.000000 0.000000
18.000000 172.190599 9.357617 -1.188287 2.258276 0.000000 0.000000 0.000000 1.000000 0.000000 0.000000
18.000000 172.191844 9.465883 -1.231748 2.303522 0.000000 0.000000 0.000000 1.000000 0.000000 0.000000
18.000000 172.193334 9.542613 -1.277251 2.271174 0.000000 0.000000 0.000000 1.000000 0.000000 0.000000
18.000000 172.193704 9.630415 -1.283018 2.260733 0.000000 0.000000 0.000000 1.000000 0.000000 0.000000
18.000000 172.194660 9.670075 -1.249620 2.281084 0.000000 0.000000 0.000000 1.000000 0.000000 0.000000
18.000000 172.197942 9.683666 -1.231021 2.253758 0.000000 0.000000 0.000000 1.000000 0.000000 0.000000
18.000000 172.200519 9.302418 -1.203414 2.213956 0.000000 0.000000 0.000000 1.000000 0.000000 0.000000
18.000000 172.201845 9.374946 -1.236054 2.258794 0.000000 0.000000 0.000000 1.000000 0.000000 0.000000
18.000000 172.203328 9.433923 -1.274658 2.231383 0.000000 0.000000 0.000000 1.000000 0.000000 0.000000
18.000000 172.203783 9.570105 -1.284606 2.209014 0.000000 0.000000 0.000000 1.000000 0.000000 0.000000
18.000000 172.204689 9.652400 -1.215849 2.219916 0.000000 0.000000 0.000000 1.000000 0.000000 0.000000
18.000000 172.207963 9.537258 -1.234891 2.190951 0.000000 0.000000 0.000000 1.000000 0.000000 0.000000
18.000000 172.210568 9.212128 -1.211340 2.161320 0.000000 0.000000 0.000000 1.000000 0.000000 0.000000
18.000000 172.211855 9.289910 -1.253109 2.207094 0.000000 0.000000 0.000000 1.000000 0.000000 0.000000
18.000000 172.213474 9.306932 -1.276994 2.191822 0.000000 0.000000 0.000000 1.000000 0.000000 0.000000
18.000000 172.213711 9.473457 -1.289246 2.171098 0.000000 0.000000 0.000000 1.000000 0.000000 0.000000
18.000000 172.214841 9.537579 -1.230991 2.191001 0.000000 0.000000 0.000000 1.000000 0.000000 0.000000
18.000000 172.218167 9.450968 -1.240664 2.154056 0.000000 0.000000 0.000000 1.000000 0.000000 0.000000
18.000000 172.220701 9.148112 -1.219048 2.112674 0.000000 0.000000 0.000000 1.000000 0.000000 0.000000
18.000000 172.221785 9.196685 -1.248568 2.152358 0.000000 0.000000 0.000000 1.000000 0.000000 0.000000
18.000000 172.223600 9.246813 -1.289678 2.132776 0.000000 0.000000 0.000000 1.000000 0.000000 0.000000
18.000000 172.223753 9.364737 -1.298222 2.119682 0.000000 0.000000 0.000000 1.000000 0.000000 0.000000
18.000000 172.224910 9.424575 -1.253816 2.135279 0.000000 0.000000 0.000000 1.000000 0.000000 0.000000
18.000000 172.227947 9.410052 -1.245795 2.107177 0.000000 0.000000 0.000000 1.000000 0.000000 0.000000
18.000000 172.230580 8.999919 -1.216372 2.057562 0.000000 0.000000 0.000000 1.000000 0.000000 0.000000
18.000000 172.231835 9.111758 -1.262752 2.101658 0.000000 0.000000 0.000000 1.000000 0.000000 0.000000
18.000000 172.233485 9.157389 -1.294619 2.080660 0.000000 0.000000 0.000000 1.000000 0.000000 0.000000
18.000000 172.233714 9.283994 -1.304148 2.063354 0.000000 0.000000 0.000000 1.000000 0.000000 0.000000
18.000000 172.234747 9.312254 -1.275703 2.081065 0.000000 0.000000 0.000000 1.000000 0.000000 0.000000
18.000000 172.238016 9.313333 -1.261985 2.053790 0.000000 0.000000 0.000000 1.000000 0.000000 0.000000
18.000000 172.240571 8.953278 -1.236903 2.011271 0.000000 0.000000 0.000000 1.000000 0.000000 0.000000
18.000000 172.241869 9.028581 -1.271107 2.054880 0.000000 0.000000 0.000000 1.000000 0.000000 0.000000
18.000000 172.243593 9.075736 -1.305435 2.030514 0.000000 0.000000 0.000000 1.000000 0.000000 0.000000
18.000000 172.243825 9.178384 -1.312980 2.014477 0.000000 0.000000 0.000000 1.000000 0.000000 0.000000
18.000000 172.244976 9.223124 -1.276491 2.029972 0.000000 0.000000 0.000000 1.000000 0.000000 0.000000
18.000000 172.247923 9.221725 -1.263755 2.005549 0.000000 0.000000 0.000000 1.000000 0.000000 0.000000
18.000000 172.250545 8.841662 -1.236902 1.955653 0.000000 0.000000 0.000000 1.000000 0.000000 0.000000
18.000000 172.251910 8.956039 -1.286323 1.998060 0.000000 0.000000 0.000000 1.000000 0.000000 0.000000
18.000000 172.253512 8.982267 -1.310899 1.978089 0.000000 0.000000 0.000000 1.000000 0.000000 0.000000
18.000000 172.253751 9.109623 -1.320756 1.954303 0.000000 0.000000 0.000000 1.000000 0.000000 0.000000
18.000000 172.254720 9.133216 -1.283392 1.973756 0.000000 0.000000 0.000000 1.000000 0.000000 0.000000
18.000000 172.258129 9.108939 -1.268754 1.950334 0.000000 0.000000 0.000000 1.000000 0.000000 0.000000
18.000000 172.260583 8.754576 -1.244120 1.905156 0.000000 0.000000 0.000000 1.000000 0.000000 0.000000
18.000000 172.261903 8.833938 -1.279350 1.944692 0.000000 0.000000 0.000000 1.000000 0.000000 0.000000
18.000000 172.263617 8.900390 -1.325424 1.918833 0.000000 0.000000 0.000000 1.000000 0.000000 0.000000
18.000000 172.263854 8.981551 -1.331288 1.909729 0.000000 0.000000 0.000000 1.000000 0.000000 0.000000
18.000000 172.264682 9.104645 -1.250690 1.911461 0.000000 0.000000 0.000000 1.000000 0.000000 0.000000
18.000000 172.267942 9.007174 -1.271169 1.886852 0.000000 0.000000 0.000000 1.000000 0.000000 0.000000
18.000000 172.270591 8.665931 -1.247343 1.849777 0.000000 0.000000 0.000000 1.000000 0.000000 0.000000
18.000000 172.271834 8.753458 -1.287918 1.888875 0.000000 0.000000 0.000000 1.000000 0.000000 0.000000
18.000000 172.273376 8.800392 -1.326156 1.866726 0.000000 0.000000 0.000000 1.000000 0.000000 0.000000
18.000000 172.273718 8.914466 -1.335011 1.847963 0.000000 0.000000 0.000000 1.000000 0.000000 0.000000
18.000000 172.274728 8.954869 -1.296785 1.864234 0.000000 0.000000 0.000000 1.000000 0.000000 0.000000
18.000000 172.278021 8.954808 -1.280269 1.838127 0.000000 0.000000 0.000000 1.000000 0.000000 0.000000
18.000000 172.280612 8.582236 -1.254804 1.784415 0.000000 0.000000 0.000000 1.000000 0.000000 0.000000
18.000000 172.281859 8.674196 -1.302044 1.829982 0.000000 0.000000 0.000000 1.000000 0.000000 0.000000
18.000000 172.283418 8.684236 -1.324432 1.819200 0.000000 0.000000 0.000000 1.000000 0.000000 0.000000
18.000000 172.283788 8.822789 -1.335636 1.794121 0.000000 0.000000 0.000000 1.000000 0.000000 0.000000
18.000000 172.284972 8.858860 -1.304807 1.807624 0.000000 0.000000 0.000000 1.000000 0.000000 0.000000
18.000000 172.287897 8.884220 -1.283377 1.785007 0.000000 0.000000 0.000000 1.000000 0.000000 0.000000
18.000000 172.290472 8.456381 -1.254122 1.724313 0.000000 0.000000 0.000000 1.000000 0.000000 0.000000
18.000000 172.291890 8.589261 -1.307075 1.769052 0.000000 0.000000 0.000000 1.000000 0.000000 0.000000
18.000000 172.293381 8.613792 -1.327997 1.756838 0.000000 0.000000 0.000000 1.000000 0.000000 0.000000
18.000000 172.293771 8.745757 -1.338882 1.736429 0.000000 0.000000 0.000000 1.000000 0.000000 0.000000
18.000000 172.294730 8.777912 -1.307388 1.748966 0.000000 0.000000 0.000000 1.000000 0.000000 0.000000
18.000000 172.298039 8.786497 -1.290079 1.727010 0.000000 0.000000 0.000000 1.000000 0.000000 0.000000
18.000000 172.300637 8.376338 -1.262343 1.670363 0.000000 0.000000 0.000000 1.000000 0.000000 0.000000
18.000000 172.301878 8.490190 -1.310275 1.714678 0.000000 0.000000 0.000000 1.000000 0.000000 0.000000
18.000000 172.303640 8.530283 -1.343118 1.695095 0.000000 0.000000 0.000000 1.000000 0.000000 0.000000
18.000000 172.303877 8.636860 -1.352006 1.671201 0.000000 0.000000 0.000000 1.000000 0.000000 0.000000
18.000000 172.304675 8.681041 -1.310158 1.678431 0.000000 0.000000 0.000000 1.000000 0.000000 0.000000
18.000000 172.308064 8.663584 -1.298916 1.660559 0.000000 0.000000 0.000000 1.000000 0.000000 0.000000
18.000000 172.310499 8.292337 -1.273927 1.611109 0.000000 0.000000 0.000000 1.000000 0.000000 0.000000
18.000000 172.311849 8.352709 -1.297733 1.642008 0.000000 0.000000 0.000000 1.000000 0.000000 0.000000
18.000000 172.313468 8.442020 -1.353366 1.623428 0.000000 0.000000 0.000000 1.000000 0.000000 0.000000
18.000000 172.313767 8.535866 -1.361465 1.614770 0.000000 0.000000 0.000000 1.000000 0.000000 0.000000
18.000000 172.314792 8.602439 -1.311567 1.613833 0.000000 0.000000 0.000000 1.000000 0.000000 0.000000
18.000000 172.317927 8.584529 -1.304144 1.595528 0.000000 0.000000 0.000000 1.000000 0.000000 0.000000
18.000000 172.320791 8.186783 -1.277626 1.543892 0.000000 0.000000 0.000000 1.000000 0.000000 0.000000
18.000000 172.321870 8.291825 -1.325911 1.588189 0.000000 0.000000 0.000000 1.000000 0.000000 0.000000
18.000000 172.323588 8.304682 -1.346234 1.587600 0.000000 0.000000 0.000000 1.000000 0.000000 0.000000
18.000000 172.323830 8.471990 -1.360812 1.564182 0.000000 0.000000 0.000000 1.000000 0.000000 0.000000
18.000000 172.324706 8.518302 -1.324835 1.572799 0.000000 0.000000 0.000000 1.000000 0.000000 0.000000
18.000000 172.327896 8.533641 -1.307998 1.550413 0.000000 0.000000 0.000000 1.000000 0.000000 0.000000
18.000000 172.330534 8.093846 -1.278940 1.484568 0.000000 0.000000 0.000000 1.000000 0.000000 0.000000
18.000000 172.331886 8.256618 -1.343514 1.535156 0.000000 0.000000 0.000000 1.000000 0.000000 0.000000
18.000000 172.333510 8.264622 -1.357683 1.524973 0.000000 0.000000 0.000000 1.000000 0.000000 0.000000
18.000000 172.333808 8.373800 -1.366959 1.503999 0.000000 0.000000 0.000000 1.000000 0.000000 0.000000
18.000000 172.334744 8.418997 -1.331333 1.511767 0.000000 0.000000 0.000000 1.000000 0.000000 0.000000
18.000000 172.338073 8.423397 -1.318557 1.490247 0.000000 0.000000 0.000000 1.000000 0.000000 0.000000
18.000000 172.340776 8.023826 -1.292218 1.424987 0.000000 0.000000 0.000000 1.000000 0.000000 0.000000
18.000000 172.341882 8.192644 -1.358917 1.471109 0.000000 0.000000 0.000000 1.000000 0.000000 0.000000
18.000000 172.343568 8.192277 -1.369087 1.461229 0.000000 0.000000 0.000000 1.000000 0.000000 0.000000
18.000000 172.343851 8.284294 -1.376846 1.441476 0.000000 0.000000 0.000000 1.000000 0.000000 0.000000
18.000000 172.344728 8.354721 -1.323651 1.443730 0.000000 0.000000 0.000000 1.000000 0.000000 0.000000
18.000000 172.348071 8.315094 -1.323666 1.420690 0.000000 0.000000 0.000000 1.000000 0.000000 0.000000
18.000000 172.350731 7.939179 -1.299293 1.365800 0.000000 0.000000 0.000000 1.000000 0.000000 0.000000
18.000000 172.351958 8.085442 -1.360461 1.414787 0.000000 0.000000 0.000000 1.000000 0.000000 0.000000
18.000000 172.353553 8.086408 -1.373938 1.406365 0.000000 0.000000 0.000000 1.000000 0.000000 0.000000
18.000000 172.353857 8.210906 -1.385280 1.371863 0.000000 0.000000 0.000000 1.000000 0.000000 0.000000
18.000000 172.354708 8.211862 -1.358238 1.385802 0.000000 0.000000 0.000000 1.000000 0.000000 0.000000
18.000000 172.358134 8.218971 -1.331538 1.363817 0.000000 0.000000 0.000000 1.000000 0.000000 0.000000
18.000000 172.360936 7.831573 -1.306819 1.295383 0.000000 0.000000 0.000000 1.000000 0.000000 0.000000
18.000000 172.361910 7.991321 -1.369636 1.343886 0.000000 0.000000 0.000000 1.000000 0.000000 0.000000
18.000000 172.363684 7.988169 -1.377048 1.340967 0.000000 0.000000 0.000000 1.000000 0.000000 0.000000
18.000000 172.363878 8.112604 -1.388275 1.316934 0.000000 0.000000 0.000000 1.000000 0.000000 0.000000
18.000000 172.364740 8.188612 -1.329812 1.315366 0.000000 0.000000 0.000000 1.000000 0.000000 0.000000
18.000000 172.367967 8.132838 -1.334118 1.292414 0.000000 0.000000 0.000000 1.000000 0.000000 0.000000
18.000000 172.370662 7.755718 -1.310117 1.238347 0.000000 0.000000 0.000000 1.000000 0.000000 0.000000
18.000000 172.371952 7.905766 -1.369174 1.287358 0.000000 0.000000 0.000000 1.000000 0.000000 0.000000
18.000000 172.373596 7.914879 -1.384160 1.277732 0.000000 0.000000 0.000000 1.000000 0.000000 0.000000
18.000000 172.373815 8.027783 -1.394477 1.250033 0.000000 0.000000 0.000000 1.000000 0.000000 0.000000
18.000000 172.374769 8.055750 -1.361164 1.258034 0.000000 0.000000 0.000000 1.000000 0.000000 0.000000
18.000000 172.378179 8.065063 -1.340784 1.239720 0.000000 0.000000 0.000000 1.000000 0.000000 0.000000
18.000000 172.380733 7.674152 -1.315854 1.170266 0.000000 0.000000 0.000000 1.000000 0.000000 0.000000
18.000000 172.381939 7.830721 -1.378474 1.215411 0.000000 0.000000 0.000000 1.000000 0.000000 0.000000
18.000000 172.383521 7.827434 -1.387814 1.212568 0.000000 0.000000 0.000000 1.000000 0.000000 0.000000
18.000000 172.383880 7.939878 -1.398270 1.185612 0.000000 0.000000 0.000000 1.000000 0.000000 0.000000
18.000000 172.384738 7.969331 -1.370472 1.190389 0.000000 0.000000 0.000000 1.000000 0.000000 0.000000
18.000000 172.388039 7.993198 -1.350217 1.178928 0.000000 0.000000 0.000000 1.000000 0.000000 0.000000
18.000000 172.390670 7.593810 -1.324811 1.111503 0.000000 0.000000 0.000000 1.000000 0.000000 0.000000
18.000000 172.391908 7.742808 -1.384726 1.153200 0.000000 0.000000 0.000000 1.000000 0.000000 0.000000
18.000000 172.393485 7.752854 -1.402770 1.147816 0.000000 0.000000 0.000000 1.000000 0.000000 0.000000
18.000000 172.393863 7.838242 -1.410746 1.127436 0.000000 0.000000 0.000000 1.000000 0.000000 0.000000
18.000000 172.394857 7.861660 -1.382616 1.133759 0.000000 0.000000 0.000000 1.000000 0.000000 0.000000
18.000000 172.398139 7.899379 -1.354173 1.121792 0.000000 0.000000 0.000000 1.000000 0.000000 0.000000
18.000000 172.400864 7.515322 -1.330006 1.052361 0.000000 0.000000 0.000000 1.000000 0.000000 0.000000
18.000000 172.401920 7.647183 -1.385448 1.093370 0.000000 0.000000 0.000000 1.000000 0.000000 0.000000
18.000000 172.403424 7.659443 -1.406950 1.085476 0.000000 0.000000 0.000000 1.000000 0.000000 0.000000
18.000000 172.403933 7.772771 -1.418219 1.046704 0.000000 0.000000 0.000000 1.000000 0.000000 0.000000
18.000000 172.404714 7.722153 -1.406200 1.071013 0.000000 0.000000 0.000000 1.000000 0.000000 0.000000
18.000000 172.408026 7.756840 -1.357947 1.055571 0.000000 0.000000 0.000000 1.000000 0.000000 0.000000
18.000000 172.410496 7.426500 -1.337799 0.983914 0.000000 0.000000 0.000000 1.000000 0.000000 0.000000
18.000000 172.411936 7.535556 -1.382769 1.022405 0.000000 0.000000 0.000000 1.000000 0.000000 0.000000
18.000000 172.413477 7.560894 -1.408785 1.015443 0.000000 0.000000 0.000000 1.000000 0.000000 0.000000
18.000000 172.413840 7.675337 -1.420003 0.988068 0.000000 0.000000 0.000000 1.000000 0.000000 0.000000
18.000000 172.414820 7.666813 -1.405631 1.002239 0.000000 0.000000 0.000000 1.000000 0.000000 0.000000
18.000000 172.417927 7.710797 -1.371993 0.989499 0.000000 0.000000 0.000000 1.000000 0.000000 0.000000
18.000000 172.420758 7.330548 -1.348599 0.912988 0.000000 0.000000 0.000000 1.000000 0.000000 0.000000
18.000000 172.422061 7.491280 -1.408254 0.953867 0.000000 0.000000 0.000000 1.000000 0.000000 0.000000
18.000000 172.423376 7.498143 -1.420702 0.946789 0.000000 0.000000 0.000000 1.000000 0.000000 0.000000
18.000000 172.423906 7.585358 -1.429300 0.920209 0.000000 0.000000 0.000000 1.000000 0.000000 0.000000
18.000000 172.424729 7.587516 -1.411249 0.929019 0.000000 0.000000 0.000000 1.000000 0.000000 0.000000
18.000000 172.428155 7.632564 -1.379439 0.916793 0.000000 0.000000 0.000000 1.000000 0.000000 0.000000
18.000000 172.430569 7.257338 -1.356565 0.841483 0.000000 0.000000 0.000000 1.000000 0.000000 0.000000
18.000000 172.431912 7.402811 -1.417438 0.884982 0.000000 0.000000 0.000000 1.000000 0.000000 0.000000
18.000000 172.433318 7.386252 -1.422228 0.887534 0.000000 0.000000 0.000000 1.000000 0.000000 0.000000
18.000000 172.433873 7.500719 -1.433915 0.848670 0.000000 0.000000 0.000000 1.000000 0.000000 0.000000
18.000000 172.434814 7.492644 -1.420248 0.857330 0.000000 0.000000 0.000000 1.000000 0.000000 0.000000
18.000000 172.438008 7.541505 -1.385948 0.849833 0.000000 0.000000 0.000000 1.000000 0.000000 0.000000
18.000000 172.440670 7.176458 -1.363887 0.780173 0.000000 0.000000 0.000000 1.000000 0.000000 0.000000
18.000000 172.441900 7.310789 -1.417407 0.820857 0.000000 0.000000 0.000000 1.000000 0.000000 0.000000
18.000000 172.443401 7.310621 -1.428955 0.815706 0.000000 0.000000 0.000000 1.000000 0.000000 0.000000
18.000000 172.443909 7.414831 -1.439582 0.779756 0.000000 0.000000 0.000000 1.000000 0.000000 0.000000
18.000000 172.444761 7.417758 -1.420517 0.786611 0.000000 0.000000 0.000000 1.000000 0.000000 0.000000
18.000000 172.447973 7.454948 -1.391201 0.776721 0.000000 0.000000 0.000000 1.000000 0.000000 0.000000
18.000000 172.450580 7.083501 -1.369072 0.707837 0.000000 0.000000 0.000000 1.000000 0.000000 0.000000
18.000000 172.451979 7.217784 -1.422616 0.751963 0.000000 0.000000 0.000000 1.000000 0.000000 0.000000
18.000000 172.453408 7.222282 -1.436989 0.748126 0.000000 0.000000 0.000000 1.000000 0.000000 0.000000
18.000000 172.453877 7.314830 -1.446881 0.711572 0.000000 0.000000 0.000000 1.000000 0.000000 0.000000
18.000000 172.454793 7.315228 -1.424848 0.713609 0.000000 0.000000 0.000000 1.000000 0.000000 0.000000
18.000000 172.458053 7.338305 -1.397341 0.705108 0.000000 0.000000 0.000000 1.000000 0.000000 0.000000
18.000000 172.460760 6.991116 -1.376683 0.637062 0.000000 0.000000 0.000000 1.000000 0.000000 0.000000
18.000000 172.461932 7.153517 -1.437873 0.681067 0.000000 0.000000 0.000000 1.000000 0.000000 0.000000
18.000000 172.463407 7.143076 -1.441619 0.678178 0.000000 0.000000 0.000000 1.000000 0.000000 0.000000
18.000000 172.464011 7.231650 -1.450821 0.644397 0.000000 0.000000 0.000000 1.000000 0.000000 0.000000
18.000000 172.464779 7.262498 -1.418478 0.640897 0.000000 0.000000 0.000000 1.000000 0.000000 0.000000
18.000000 172.467963 7.267510 -1.403285 0.630108 0.000000 0.000000 0.000000 1.000000 0.000000 0.000000
18.000000 172.470574 6.950834 -1.384541 0.568561 0.000000 0.000000 0.000000 1.000000 0.000000 0.000000
18.000000 172.472021 7.055733 -1.431792 0.605433 0.000000 0.000000 0.000000 1.000000 0.000000 0.000000
18.000000 172.473558 7.054454 -1.447031 0.605125 0.000000 0.000000 0.000000 1.000000 0.000000 0.000000
18.000000 172.473894 7.155622 -1.457883 0.567376 0.000000 0.000000 0.000000 1.000000 0.000000 0.000000
18.000000 172.474813 7.140753 -1.448382 0.576805 0.000000 0.000000 0.000000 1.000000 0.000000 0.000000
18.000000 172.478069 7.200341 -1.411314 0.567064 0.000000 0.000000 0.000000 1.000000 0.000000 0.000000
18.000000 172.480774 6.824684 -1.389650 0.490194 0.000000 0.000000 0.000000 1.000000 0.000000 0.000000
18.000000 172.481925 6.971678 -1.445004 0.536433 0.000000 0.000000 0.000000 1.000000 0.000000 0.000000
18.000000 172.484056 7.024425 -1.490600 0.515744 0.000000 0.000000 0.000000 1.000000 0.000000 0.000000
18.000000 172.484127 7.065947 -1.465745 0.495065 0.000000 0.000000 0.000000 1.000000 0.000000 0.000000
18.000000 172.484810 7.025751 -1.456225 0.502717 0.000000 0.000000 0.000000 1.000000 0.000000 0.000000
18.000000 172.488090 7.112909 -1.419675 0.492897 0.000000 0.000000 0.000000 1.000000 0.000000 0.000000
18.000000 172.490669 6.738290 -1.398049 0.418256 0.000000 0.000000 0.000000 1.000000 0.000000 0.000000
18.000000 172.491942 6.886326 -1.454363 0.462393 0.000000 0.000000 0.000000 1.000000 0.000000 0.000000
18.000000 172.493467 6.881294 -1.461465 0.463260 0.000000 0.000000 0.000000 1.000000 0.000000 0.000000
18.000000 172.493963 6.980281 -1.472554 0.423368 0.000000 0.000000 0.000000 1.000000 0.000000 0.000000
18.000000 172.494829 6.962806 -1.459724 0.431168 0.000000 0.000000 0.000000 1.000000 0.000000 0.000000
18.000000 172.498184 7.004870 -1.425233 0.420525 0.000000 0.000000 0.000000 1.000000 0.000000 0.000000
18.000000 172.500620 6.656982 -1.405373 0.340730 0.000000 0.000000 0.000000 1.000000 0.000000 0.000000
18.000000 172.501990 6.809427 -1.464093 0.384454 0.000000 0.000000 0.000000 1.000000 0.000000 0.000000
18.000000 172.503744 6.795258 -1.466320 0.390630 0.000000 0.000000 0.000000 1.000000 0.000000 0.000000
18.000000 172.504063 6.896033 -1.478123 0.343847 0.000000 0.000000 0.000000 1.000000 0.000000 0.000000
18.000000 172.504738 6.867918 -1.478629 0.346800 0.000000 0.000000 0.000000 1.000000 0.000000 0.000000
18.000000 172.508167 6.954903 -1.434620 0.349358 0.000000 0.000000 0.000000 1.000000 0.000000 0.000000
18.000000 172.510595 6.578491 -1.413218 0.272260 0.000000 0.000000 0.000000 1.000000 0.000000 0.000000
18.000000 172.512023 6.711907 -1.462224 0.311091 0.000000 0.000000 0.000000 1.000000 0.000000 0.000000
18.000000 172.513528 6.720245 -1.475496 0.310063 0.000000 0.000000 0.000000 1.000000 0.000000 0.000000
18.000000 172.514069 6.811898 -1.486221 0.272037 0.000000 0.000000 0.000000 1.000000 0.000000 0.000000
18.000000 172.514804 6.815065 -1.459251 0.269540 0.000000 0.000000 0.000000 1.000000 0.000000 0.000000
18.000000 172.518206 6.813563 -1.438287 0.262920 0.000000 0.000000 0.000000 1.000000 0.000000 0.000000
18.000000 172.520787 6.551587 -1.423377 0.202619 0.000000 0.000000 0.000000 1.000000 0.000000 0.000000
18.000000 172.521981 6.639762 -1.463248 0.230770 0.000000 0.000000 0.000000 1.000000 0.000000 0.000000
18.000000 172.523851 6.643551 -1.480143 0.233890 0.000000 0.000000 0.000000 1.000000 0.000000 0.000000
18.000000 172.523974 6.727613 -1.490196 0.195861 0.000000 0.000000 0.000000 1.000000 0.000000 0.000000
18.000000 172.524796 6.716589 -1.477670 0.195502 0.000000 0.000000 0.000000 1.000000 0.000000 0.000000
18.000000 172.528065 6.767659 -1.443881 0.192848 0.000000 0.000000 0.000000 1.000000 0.000000 0.000000
18.000000 172.530538 6.405367 -1.423486 0.110964 0.000000 0.000000 0.000000 1.000000 0.000000 0.000000
18.000000 172.532098 6.571148 -1.487362 0.155321 0.000000 0.000000 0.000000 1.000000 0.000000 0.000000
18.000000 172.533541 6.546107 -1.484052 0.166438 0.000000 0.000000 0.000000 1.000000 0.000000 0.000000
18.000000 172.534075 6.641959 -1.495640 0.118904 0.000000 0.000000 0.000000 1.000000 0.000000 0.000000
18.000000 172.534863 6.625652 -1.485489 0.118860 0.000000 0.000000 0.000000 1.000000 0.000000 0.000000
18.000000 172.538227 6.683441 -1.448679 0.121035 0.000000 0.000000 0.000000 1.000000 0.000000 0.000000
18.000000 172.540667 6.323705 -1.428571 0.042804 0.000000 0.000000 0.000000 1.000000 0.000000 0.000000
18.000000 172.542112 6.478143 -1.485699 0.084021 0.000000 0.000000 0.000000 1.000000 0.000000 0.000000
18.000000 172.543621 6.474570 -1.494077 0.084793 0.000000 0.000000 0.000000 1.000000 0.000000 0.000000
18.000000 172.543974 6.553677 -1.503797 0.042576 0.000000 0.000000 0.000000 1.000000 0.000000 0.000000
18.000000 172.544775 6.538655 -1.490174 0.043299 0.000000 0.000000 0.000000 1.000000 0.000000 0.000000
18.000000 172.548067 6.577934 -1.457847 0.040001 0.000000 0.000000 0.000000 1.000000 0.000000 0.000000
18.000000 172.550574 6.225128 -1.438510 -0.036799 0.000000 0.000000 0.000000 1.000000 0.000000 0.000000
18.000000 172.552068 6.407702 -1.499993 0.011349 0.000000 0.000000 0.000000 1.000000 0.000000 0.000000
18.000000 172.553660 6.395330 -1.495168 0.023221 0.000000 0.000000 0.000000 1.000000 0.000000 0.000000
18.000000 172.553847 6.491288 -1.507464 -0.023443 0.000000 0.000000 0.000000 1.000000 0.000000 0.000000
18.000000 172.554853 6.425024 -1.519963 -0.008936 0.000000 0.000000 0.000000 1.000000 0.000000 0.000000
18.000000 172.558324 6.518808 -1.463466 0.024601 0.000000 0.000000 0.000000 1.000000 0.000000 0.000000
18.000000 172.560613 6.221422 -1.448066 -0.005473 0.000000 0.000000 0.000000 1.000000 0.000000 0.000000
18.000000 172.562105 6.362656 -1.505469 0.049898 0.000000 0.000000 0.000000 1.000000 0.000000 0.000000
18.000000 172.563676 6.337567 -1.499999 0.076962 0.000000 0.000000 0.000000 1.000000 0.000000 0.000000
18.000000 172.563842 6.444109 -1.513319 0.039263 0.000000 0.000000 0.000000 1.000000 0.000000 0.000000
18.000000 172.564802 6.411831 -1.507276 0.046839 0.000000 0.000000 0.000000 1.000000 0.000000 0.000000
18.000000 172.568035 6.470445 -1.464111 0.070215 0.000000 0.000000 0.000000 1.000000 0.000000 0.000000
18.000000 172.570581 6.213238 -1.450809 0.044662 0.000000 0.000000 0.000000 1.000000 0.000000 0.000000
18.000000 172.572068 6.338052 -1.508201 0.099711 0.000000 0.000000 0.000000 1.000000 0.000000 0.000000
18.000000 172.573475 6.307894 -1.506028 0.127119 0.000000 0.000000 0.000000 1.000000 0.000000 0.000000
18.000000 172.573870 6.398156 -1.517336 0.093511 0.000000 0.000000 0.000000 1.000000 0.000000 0.000000
18.000000 172.575224 6.361533 -1.523311 0.103160 0.000000 0.000000 0.000000 1.000000 0.000000 0.000000
18.000000 172.578089 6.479728 -1.466942 0.133273 0.000000 0.000000 0.000000 1.000000 0.000000 0.000000
18.000000 172.580698 6.080646 -1.446218 0.085052 0.000000 0.000000 0.000000 1.000000 0.000000 0.000000
18.000000 172.582034 6.289560 -1.524251 0.155713 0.000000 0.000000 0.000000 1.000000 0.000000 0.000000
18.000000 172.583551 6.250635 -1.509005 0.183697 0.000000 0.000000 0.000000 1.000000 0.000000 0.000000
18.000000 172.583934 6.349171 -1.521375 0.147131 0.000000 0.000000 0.000000 1.000000 0.000000 0.000000
18.000000 172.584824 6.316068 -1.522040 0.156175 0.000000 0.000000 0.000000 1.000000 0.000000 0.000000
18.000000 172.588137 6.379184 -1.482607 0.177927 0.000000 0.000000 0.000000 1.000000 0.000000 0.000000
18.000000 172.590618 6.075153 -1.467086 0.145614 0.000000 0.000000 0.000000 1.000000 0.000000 0.000000
18.000000 172.592226 6.254575 -1.534500 0.206263 0.000000 0.000000 0.000000 1.000000 0.000000 0.000000
18.000000 172.593492 6.215829 -1.518353 0.232662 0.000000 0.000000 0.000000 1.000000 0.000000 0.000000
18.000000 172.593908 6.301304 -1.529187 0.200820 0.000000 0.000000 0.000000 1.000000 0.000000 0.000000
18.000000 172.594807 6.294695 -1.514420 0.200310 0.000000 0.000000 0.000000 1.000000 0.000000 0.000000
18.000000 172.598102 6.334688 -1.483590 0.219693 0.000000 0.000000 0.000000 1.000000 0.000000 0.000000
18.000000 172.600712 6.025603 -1.468217 0.193766 0.000000 0.000000 0.000000 1.000000 0.000000 0.000000
18.000000 172.602075 6.203433 -1.536351 0.258689 0.000000 0.000000 0.000000 1.000000 0.000000 0.000000
18.000000 172.603634 6.166309 -1.522197 0.286185 0.000000 0.000000 0.000000 1.000000 0.000000 0.000000
18.000000 172.603935 6.282482 -1.537015 0.242233 0.000000 0.000000 0.000000 1.000000 0.000000 0.000000
18.000000 172.604802 6.236186 -1.539557 0.255902 0.000000 0.000000 0.000000 1.000000 0.000000 0.000000
18.000000 172.608076 6.304073 -1.493108 0.280055 0.000000 0.000000 0.000000 1.000000 0.000000 0.000000
18.000000 172.610610 5.992267 -1.477743 0.252602 0.000000 0.000000 0.000000 1.000000 0.000000 0.000000
18.000000 172.611999 6.165956 -1.541841 0.315436 0.000000 0.000000 0.000000 1.000000 0.000000 0.000000
18.000000 172.613516 6.134529 -1.529325 0.334786 0.000000 0.000000 0.000000 1.000000 0.000000 0.000000
18.000000 172.614113 6.212636 -1.539331 0.303385 0.000000 0.000000 0.000000 1.000000 0.000000 0.000000
18.000000 172.614861 6.180418 -1.531240 0.315669 0.000000 0.000000 0.000000 1.000000 0.000000 0.000000
18.000000 172.618104 6.209602 -1.496282 0.332852 0.000000 0.000000 0.000000 1.000000 0.000000 0.000000
18.000000 172.620736 5.992992 -1.485240 0.310073 0.000000 0.000000 0.000000 1.000000 0.000000 0.000000
18.000000 172.622065 6.101488 -1.536891 0.356393 0.000000 0.000000 0.000000 1.000000 0.000000 0.000000
18.000000 172.623625 6.071389 -1.535061 0.383840 0.000000 0.000000 0.000000 1.000000 0.000000 0.000000
18.000000 172.624068 6.162970 -1.546763 0.353096 0.000000 0.000000 0.000000 1.000000 0.000000 0.000000
18.000000 172.624862 6.141219 -1.544730 0.360307 0.000000 0.000000 0.000000 1.000000 0.000000 0.000000
18.000000 172.628099 6.211219 -1.506166 0.380778 0.000000 0.000000 0.000000 1.000000 0.000000 0.000000
18.000000 172.630739 5.911257 -1.491405 0.353758 0.000000 0.000000 0.000000 1.000000 0.000000 0.000000
18.000000 172.631990 6.042386 -1.543293 0.406725 0.000000 0.000000 0.000000 1.000000 0.000000 0.000000
18.000000 172.633489 6.012261 -1.532176 0.432788 0.000000 0.000000 0.000000 1.000000 0.000000 0.000000
18.000000 172.634037 6.127709 -1.546815 0.397858 0.000000 0.000000 0.000000 1.000000 0.000000 0.000000
18.000000 172.634849 6.097570 -1.547577 0.410488 0.000000 0.000000 0.000000 1.000000 0.000000 0.000000
18.000000 172.638166 6.161487 -1.509009 0.427395 0.000000 0.000000 0.000000 1.000000 0.000000 0.000000
18.000000 172.640744 5.859040 -1.494132 0.397194 0.000000 0.000000 0.000000 1.000000 0.000000 0.000000
18.000000 172.642097 6.018585 -1.554237 0.454766 0.000000 0.000000 0.000000 1.000000 0.000000 0.000000
18.000000 172.643624 5.983002 -1.539551 0.477307 0.000000 0.000000 0.000000 1.000000 0.000000 0.000000
18.000000 172.644082 6.087969 -1.552907 0.441609 0.000000 0.000000 0.000000 1.000000 0.000000 0.000000
18.000000 172.645448 6.038220 -1.559992 0.463778 0.000000 0.000000 0.000000 1.000000 0.000000 0.000000
18.000000 172.648067 6.105061 -1.515275 0.479946 0.000000 0.000000 0.000000 1.000000 0.000000 0.000000
18.000000 172.650647 5.825574 -1.501482 0.448214 0.000000 0.000000 0.000000 1.000000 0.000000 0.000000
18.000000 172.652131 5.978190 -1.557501 0.500804 0.000000 0.000000 0.000000 1.000000 0.000000 0.000000
18.000000 172.653498 5.951607 -1.547499 0.519031 0.000000 0.000000 0.000000 1.000000 0.000000 0.000000
18.000000 172.653934 6.042796 -1.559491 0.483652 0.000000 0.000000 0.000000 1.000000 0.000000 0.000000
18.000000 172.655108 6.013398 -1.549936 0.494299 0.000000 0.000000 0.000000 1.000000 0.000000 0.000000
18.000000 172.658162 6.044476 -1.514613 0.512070 0.000000 0.000000 0.000000 1.000000 0.000000 0.000000
18.000000 172.660688 5.754102 -1.500449 0.486466 0.000000 0.000000 0.000000 1.000000 0.000000 0.000000
18.000000 172.662217 5.931430 -1.563632 0.543665 0.000000 0.000000 0.000000 1.000000 0.000000 0.000000
18.000000 172.663629 5.912929 -1.559430 0.558239 0.000000 0.000000 0.000000 1.000000 0.000000 0.000000
18.000000 172.663897 5.982435 -1.568328 0.537188 0.000000 0.000000 0.000000 1.000000 0.000000 0.000000
18.000000 172.664838 5.980216 -1.547337 0.544329 0.000000 0.000000 0.000000 1.000000 0.000000 0.000000
18.000000 172.668049 5.989667 -1.523527 0.554385 0.000000 0.000000 0.000000 1.000000 0.000000 0.000000
18.000000 172.670730 5.741428 -1.511677 0.535005 0.000000 0.000000 0.000000 1.000000 0.000000 0.000000
18.000000 172.672074 5.882187 -1.566315 0.589043 0.000000 0.000000 0.000000 1.000000 0.000000 0.000000
18.000000 172.673735 5.849928 -1.554956 0.609204 0.000000 0.000000 0.000000 1.000000 0.000000 0.000000
18.000000 172.673922 5.941341 -1.566660 0.580044 0.000000 0.000000 0.000000 1.000000 0.000000 0.000000
18.000000 172.675122 5.931528 -1.558862 0.588280 0.000000 0.000000 0.000000 1.000000 0.000000 0.000000
18.000000 172.678154 5.972975 -1.531408 0.598979 0.000000 0.000000 0.000000 1.000000 0.000000 0.000000
18.000000 172.680718 5.689097 -1.517994 0.575328 0.000000 0.000000 0.000000 1.000000 0.000000 0.000000
18.000000 172.682202 5.842722 -1.574202 0.631323 0.000000 0.000000 0.000000 1.000000 0.000000 0.000000
18.000000 172.683687 5.813208 -1.562016 0.648839 0.000000 0.000000 0.000000 1.000000 0.000000 0.000000
18.000000 172.683939 5.904747 -1.573905 0.618337 0.000000 0.000000 0.000000 1.000000 0.000000 0.000000
18.000000 172.684884 5.875145 -1.575159 0.633354 0.000000 0.000000 0.000000 1.000000 0.000000 0.000000
18.000000 172.688097 5.934627 -1.538464 0.650748 0.000000 0.000000 0.000000 1.000000 0.000000 0.000000
18.000000 172.690697 5.657095 -1.525002 0.623731 0.000000 0.000000 0.000000 1.000000 0.000000 0.000000
18.000000 172.692180 5.800431 -1.577712 0.670950 0.000000 0.000000 0.000000 1.000000 0.000000 0.000000
18.000000 172.693616 5.772749 -1.567265 0.688234 0.000000 0.000000 0.000000 1.000000 0.000000 0.000000
18.000000 172.693934 5.863514 -1.579025 0.660103 0.000000 0.000000 0.000000 1.000000 0.000000 0.000000
18.000000 172.694858 5.847628 -1.572890 0.671815 0.000000 0.000000 0.000000 1.000000 0.000000 0.000000
18.000000 172.698160 5.893133 -1.541783 0.690642 0.000000 0.000000 0.000000 1.000000 0.000000 0.000000
18.000000 172.700826 5.617515 -1.528595 0.669288 0.000000 0.000000 0.000000 1.000000 0.000000 0.000000
18.000000 172.702220 5.741615 -1.576671 0.714843 0.000000 0.000000 0.000000 1.000000 0.000000 0.000000
18.000000 172.703696 5.717558 -1.570313 0.732124 0.000000 0.000000 0.000000 1.000000 0.000000 0.000000
18.000000 172.703943 5.825187 -1.584486 0.696978 0.000000 0.000000 0.000000 1.000000 0.000000 0.000000
18.000000 172.704839 5.779029 -1.585536 0.721150 0.000000 0.000000 0.000000 1.000000 0.000000 0.000000
18.000000 172.708156 5.822953 -1.545131 0.733780 0.000000 0.000000 0.000000 1.000000 0.000000 0.000000
18.000000 172.710737 5.575171 -1.533209 0.705158 0.000000 0.000000 0.000000 1.000000 0.000000 0.000000
18.000000 172.712192 5.685134 -1.578506 0.749300 0.000000 0.000000 0.000000 1.000000 0.000000 0.000000
18.000000 172.713639 5.662668 -1.574741 0.770162 0.000000 0.000000 0.000000 1.000000 0.000000 0.000000
18.000000 172.713954 5.775615 -1.589586 0.738767 0.000000 0.000000 0.000000 1.000000 0.000000 0.000000
18.000000 172.715011 5.744396 -1.587990 0.758295 0.000000 0.000000 0.000000 1.000000 0.000000 0.000000
18.000000 172.718233 5.790154 -1.552474 0.771034 0.000000 0.000000 0.000000 1.000000 0.000000 0.000000
18.000000 172.720809 5.500107 -1.538479 0.737073 0.000000 0.000000 0.000000 1.000000 0.000000 0.000000
18.000000 172.722086 5.669732 -1.599725 0.787032 0.000000 0.000000 0.000000 1.000000 0.000000 0.000000
18.000000 172.723701 5.629493 -1.581150 0.808268 0.000000 0.000000 0.000000 1.000000 0.000000 0.000000
18.000000 172.723947 5.732045 -1.594642 0.776341 0.000000 0.000000 0.000000 1.000000 0.000000 0.000000
18.000000 172.724874 5.703133 -1.595359 0.794780 0.000000 0.000000 0.000000 1.000000 0.000000 0.000000
18.000000 172.728284 5.766338 -1.557084 0.805488 0.000000 0.000000 0.000000 1.000000 0.000000 0.000000
18.000000 172.730749 5.478687 -1.543358 0.771102 0.000000 0.000000 0.000000 1.000000 0.000000 0.000000
18.000000 172.732097 5.636596 -1.601575 0.821359 0.000000 0.000000 0.000000 1.000000 0.000000 0.000000
18.000000 172.733633 5.599360 -1.585713 0.842124 0.000000 0.000000 0.000000 1.000000 0.000000 0.000000
18.000000 172.733924 5.686111 -1.597368 0.812592 0.000000 0.000000 0.000000 1.000000 0.000000 0.000000
18.000000 172.734867 5.660247 -1.597313 0.826141 0.000000 0.000000 0.000000 1.000000 0.000000 0.000000
18.000000 172.738250 5.696772 -1.570014 0.831785 0.000000 0.000000 0.000000 1.000000 0.000000 0.000000
18.000000 172.740728 5.495390 -1.560865 0.814494 0.000000 0.000000 0.000000 1.000000 0.000000 0.000000
18.000000 172.742084 5.578258 -1.599137 0.858830 0.000000 0.000000 0.000000 1.000000 0.000000 0.000000
18.000000 172.743655 5.550374 -1.593171 0.877454 0.000000 0.000000 0.000000 1.000000 0.000000 0.000000
18.000000 172.744007 5.638265 -1.605067 0.847408 0.000000 0.000000 0.000000 1.000000 0.000000 0.000000
18.000000 172.744902 5.610671 -1.609033 0.860998 0.000000 0.000000 0.000000 1.000000 0.000000 0.000000
18.000000 172.748044 5.700236 -1.565416 0.875716 0.000000 0.000000 0.000000 1.000000 0.000000 0.000000
18.000000 172.750715 5.372063 -1.549716 0.835142 0.000000 0.000000 0.000000 1.000000 0.000000 0.000000
18.000000 172.752084 5.552554 -1.617435 0.888409 0.000000 0.000000 0.000000 1.000000 0.000000 0.000000
18.000000 172.753610 5.507882 -1.599693 0.913845 0.000000 0.000000 0.000000 1.000000 0.000000 0.000000
18.000000 172.753934 5.586297 -1.610527 0.884760 0.000000 0.000000 0.000000 1.000000 0.000000 0.000000
18.000000 172.754889 5.560582 -1.613142 0.895438 0.000000 0.000000 0.000000 1.000000 0.000000 0.000000
18.000000 172.758197 5.639672 -1.573556 0.905519 0.000000 0.000000 0.000000 1.000000 0.000000 0.000000
18.000000 172.760799 5.344268 -1.559879 0.873153 0.000000 0.000000 0.000000 1.000000 0.000000 0.000000
18.000000 172.762109 5.485435 -1.613265 0.923287 0.000000 0.000000 0.000000 1.000000 0.000000 0.000000
18.000000 172.763669 5.452342 -1.600040 0.947110 0.000000 0.000000 0.000000 1.000000 0.000000 0.000000
18.000000 172.763956 5.550119 -1.613364 0.920073 0.000000 0.000000 0.000000 1.000000 0.000000 0.000000
18.000000 172.764862 5.556584 -1.598425 0.922617 0.000000 0.000000 0.000000 1.000000 0.000000 0.000000
18.000000 172.768121 5.581106 -1.579764 0.933284 0.000000 0.000000 0.000000 1.000000 0.000000 0.000000
18.000000 172.770713 5.295546 -1.566471 0.907755 0.000000 0.000000 0.000000 1.000000 0.000000 0.000000
18.000000 172.772258 5.457453 -1.626378 0.956541 0.000000 0.000000 0.000000 1.000000 0.000000 0.000000
18.000000 172.773567 5.412568 -1.605741 0.980222 0.000000 0.000000 0.000000 1.000000 0.000000 0.000000
18.000000 172.773947 5.513826 -1.619487 0.949278 0.000000 0.000000 0.000000 1.000000 0.000000 0.000000
18.000000 172.774853 5.504780 -1.607976 0.961814 0.000000 0.000000 0.000000 1.000000 0.000000 0.000000
18.000000 172.778143 5.534519 -1.581585 0.970642 0.000000 0.000000 0.000000 1.000000 0.000000 0.000000
18.000000 172.780822 5.239832 -1.567783 0.936991 0.000000 0.000000 0.000000 1.000000 0.000000 0.000000
18.000000 172.782262 5.421565 -1.632889 0.987107 0.000000 0.000000 0.000000 1.000000 0.000000 0.000000
18.000000 172.783673 5.379787 -1.614166 1.008851 0.000000 0.000000 0.000000 1.000000 0.000000 0.000000
18.000000 172.783983 5.466233 -1.625942 0.982585 0.000000 0.000000 0.000000 1.000000 0.000000 0.000000
18.000000 172.784875 5.471286 -1.612871 0.988129 0.000000 0.000000 0.000000 1.000000 0.000000 0.000000
18.000000 172.788048 5.508600 -1.590292 0.999663 0.000000 0.000000 0.000000 1.000000 0.000000 0.000000
18.000000 172.790717 5.216091 -1.576964 0.976205 0.000000 0.000000 0.000000 1.000000 0.000000 0.000000
18.000000 172.792108 5.347820 -1.624401 1.019766 0.000000 0.000000 0.000000 1.000000 0.000000 0.000000
18.000000 172.793605 5.323377 -1.614518 1.038659 0.000000 0.000000 0.000000 1.000000 0.000000 0.000000
18.000000 172.794003 5.415236 -1.627098 1.016774 0.000000 0.000000 0.000000 1.000000 0.000000 0.000000
18.000000 172.794955 5.393927 -1.627355 1.033354 0.000000 0.000000 0.000000 1.000000 0.000000 0.000000
18.000000 172.798170 5.438716 -1.599221 1.039487 0.000000 0.000000 0.000000 1.000000 0.000000 0.000000
18.000000 172.800831 5.186844 -1.587632 1.008734 0.000000 0.000000 0.000000 1.000000 0.000000 0.000000
18.000000 172.802267 5.325754 -1.638940 1.050690 0.000000 0.000000 0.000000 1.000000 0.000000 0.000000
18.000000 172.803802 5.284949 -1.619860 1.069616 0.000000 0.000000 0.000000 1.000000 0.000000 0.000000
18.000000 172.803923 5.371692 -1.632057 1.037710 0.000000 0.000000 0.000000 1.000000 0.000000 0.000000
18.000000 172.804942 5.363234 -1.618930 1.047060 0.000000 0.000000 0.000000 1.000000 0.000000 0.000000
18.000000 172.808132 5.368610 -1.600465 1.054374 0.000000 0.000000 0.000000 1.000000 0.000000 0.000000
18.000000 172.810819 5.122595 -1.589255 1.030401 0.000000 0.000000 0.000000 1.000000 0.000000 0.000000
18.000000 172.812166 5.280980 -1.642754 1.072539 0.000000 0.000000 0.000000 1.000000 0.000000 0.000000
18.000000 172.813636 5.253292 -1.628975 1.089475 0.000000 0.000000 0.000000 1.000000 0.000000 0.000000
18.000000 172.813972 5.327437 -1.639212 1.071595 0.000000 0.000000 0.000000 1.000000 0.000000 0.000000
18.000000 172.814913 5.349304 -1.619170 1.071061 0.000000 0.000000 0.000000 1.000000 0.000000 0.000000
18.000000 172.818219 5.362340 -1.608530 1.080124 0.000000 0.000000 0.000000 1.000000 0.000000 0.000000
18.000000 172.820915 5.125081 -1.597856 1.063206 0.000000 0.000000 0.000000 1.000000 0.000000 0.000000
18.000000 172.822149 5.243234 -1.640980 1.099741 0.000000 0.000000 0.000000 1.000000 0.000000 0.000000
18.000000 172.823701 5.224204 -1.635995 1.114616 0.000000 0.000000 0.000000 1.000000 0.000000 0.000000
18.000000 172.824129 5.287745 -1.644744 1.100466 0.000000 0.000000 0.000000 1.000000 0.000000 0.000000
18.000000 172.825004 5.281226 -1.641718 1.110958 0.000000 0.000000 0.000000 1.000000 0.000000 0.000000
18.000000 172.828131 5.333714 -1.616099 1.121253 0.000000 0.000000 0.000000 1.000000 0.000000 0.000000
18.000000 172.830833 5.054070 -1.603523 1.094567 0.000000 0.000000 0.000000 1.000000 0.000000 0.000000
18.000000 172.832268 5.196350 -1.647979 1.129355 0.000000 0.000000 0.000000 1.000000 0.000000 0.000000
18.000000 172.833697 5.181779 -1.639601 1.138078 0.000000 0.000000 0.000000 1.000000 0.000000 0.000000
18.000000 172.834001 5.246048 -1.648447 1.124942 0.000000 0.000000 0.000000 1.000000 0.000000 0.000000
18.000000 172.834939 5.240630 -1.642478 1.136995 0.000000 0.000000 0.000000 1.000000 0.000000 0.000000
18.000000 172.838247 5.260511 -1.626151 1.144849 0.000000 0.000000 0.000000 1.000000 0.000000 0.000000
18.000000 172.840919 5.036809 -1.616256 1.127036 0.000000 0.000000 0.000000 1.000000 0.000000 0.000000
18.000000 172.843859 5.155243 -1.648469 1.156011 0.000000 0.000000 0.000000 1.000000 0.000000 0.000000
18.000000 172.844042 5.200716 -1.652245 1.150278 0.000000 0.000000 0.000000 1.000000 0.000000 0.000000
18.000000 172.844929 5.224829 -1.627021 1.154140 0.000000 0.000000 0.000000 1.000000 0.000000 0.000000
18.000000 172.848220 5.198879 -1.626408 1.158728 0.000000 0.000000 0.000000 1.000000 0.000000 0.000000
18.000000 172.850741 4.977271 -1.616845 1.148115 0.000000 0.000000 0.000000 1.000000 0.000000 0.000000
18.000000 172.853701 5.112667 -1.654482 1.182569 0.000000 0.000000 0.000000 1.000000 0.000000 0.000000
18.000000 172.854177 5.156416 -1.658625 1.175212 0.000000 0.000000 0.000000 1.000000 0.000000 0.000000
18.000000 172.854937 5.155217 -1.643198 1.188198 0.000000 0.000000 0.000000 1.000000 0.000000 0.000000
18.000000 172.858279 5.150481 -1.629731 1.190523 0.000000 0.000000 0.000000 1.000000 0.000000 0.000000
18.000000 172.860791 4.946839 -1.620766 1.169837 0.000000 0.000000 0.000000 1.000000 0.000000 0.000000
18.000000 172.863888 5.089699 -1.661548 1.201251 0.000000 0.000000 0.000000 1.000000 0.000000 0.000000
18.000000 172.864146 5.115242 -1.664278 1.199777 0.000000 0.000000 0.000000 1.000000 0.000000 0.000000
18.000000 172.865098 5.128621 -1.644780 1.206364 0.000000 0.000000 0.000000 1.000000 0.000000 0.000000
18.000000 172.868240 5.113741 -1.639455 1.211850 0.000000 0.000000 0.000000 1.000000 0.000000 0.000000
18.000000 172.870798 4.894697 -1.629817 1.182757 0.000000 0.000000 0.000000 1.000000 0.000000 0.000000
18.000000 172.873648 5.081478 -1.676331 1.208130 0.000000 0.000000 0.000000 1.000000 0.000000 0.000000
18.000000 172.874121 5.072899 -1.667661 1.219566 0.000000 0.000000 0.000000 1.000000 0.000000 0.000000
18.000000 172.874940 5.046337 -1.675269 1.239304 0.000000 0.000000 0.000000 1.000000 0.000000 0.000000
18.000000 172.878239 5.130083 -1.636381 1.255641 0.000000 0.000000 0.000000 1.000000 0.000000 0.000000
18.000000 172.880782 4.826069 -1.622909 1.222237 0.000000 0.000000 0.000000 1.000000 0.000000 0.000000
18.000000 172.883870 4.977176 -1.667724 1.248158 0.000000 0.000000 0.000000 1.000000 0.000000 0.000000
18.000000 172.884050 5.025586 -1.675936 1.239773 0.000000 0.000000 0.000000 1.000000 0.000000 0.000000
18.000000 172.884949 5.020129 -1.669291 1.253740 0.000000 0.000000 0.000000 1.000000 0.000000 0.000000
18.000000 172.888093 5.053256 -1.647673 1.261164 0.000000 0.000000 0.000000 1.000000 0.000000 0.000000
18.000000 172.890778 4.813776 -1.637414 1.241464 0.000000 0.000000 0.000000 1.000000 0.000000 0.000000
18.000000 172.893669 4.928412 -1.672027 1.269820 0.000000 0.000000 0.000000 1.000000 0.000000 0.000000
18.000000 172.894048 4.973525 -1.679739 1.264059 0.000000 0.000000 0.000000 1.000000 0.000000 0.000000
18.000000 172.895140 5.032314 -1.632739 1.257279 0.000000 0.000000 0.000000 1.000000 0.000000 0.000000
18.000000 172.898159 4.956657 -1.650456 1.260818 0.000000 0.000000 0.000000 1.000000 0.000000 0.000000
18.000000 172.900875 4.770946 -1.642698 1.257163 0.000000 0.000000 0.000000 1.000000 0.000000 0.000000
18.000000 172.903776 4.901876 -1.678202 1.285539 0.000000 0.000000 0.000000 1.000000 0.000000 0.000000
18.000000 172.904059 4.949840 -1.683034 1.277665 0.000000 0.000000 0.000000 1.000000 0.000000 0.000000
18.000000 172.904932 4.925669 -1.688076 1.297340 0.000000 0.000000 0.000000 1.000000 0.000000 0.000000
18.000000 172.908043 4.966984 -1.663217 1.302998 0.000000 0.000000 0.000000 1.000000 0.000000 0.000000
18.000000 172.910803 4.758368 -1.654301 1.279899 0.000000 0.000000 0.000000 1.000000 0.000000 0.000000
18.000000 172.913650 4.860617 -1.683432 1.302663 0.000000 0.000000 0.000000 1.000000 0.000000 0.000000
18.000000 172.914022 4.895516 -1.688196 1.298790 0.000000 0.000000 0.000000 1.000000 0.000000 0.000000
18.000000 172.914949 4.927529 -1.654719 1.300821 0.000000 0.000000 0.000000 1.000000 0.000000 0.000000
18.000000 172.918138 4.867001 -1.663838 1.303588 0.000000 0.000000 0.000000 1.000000 0.000000 0.000000
18.000000 172.920816 4.772596 -1.659885 1.302883 0.000000 0.000000 0.000000 1.000000 0.000000 0.000000
18.000000 172.923838 4.839419 -1.687309 1.316453 0.000000 0.000000 0.000000 1.000000 0.000000 0.000000
18.000000 172.924163 4.844922 -1.695975 1.318881 0.000000 0.000000 0.000000 1.000000 0.000000 0.000000
18.000000 172.924967 4.833607 -1.691454 1.335802 0.000000 0.000000 0.000000 1.000000 0.000000 0.000000
18.000000 172.928135 4.855230 -1.672404 1.339261 0.000000 0.000000 0.000000 1.000000 0.000000 0.000000
18.000000 172.930714 4.733345 -1.667206 1.323168 0.000000 0.000000 0.000000 1.000000 0.000000 0.000000
18.000000 172.933768 4.787177 -1.689806 1.333837 0.000000 0.000000 0.000000 1.000000 0.000000 0.000000
18.000000 172.934058 4.801793 -1.698792 1.334558 0.000000 0.000000 0.000000 1.000000 0.000000 0.000000
18.000000 172.934980 4.790528 -1.699509 1.349984 0.000000 0.000000 0.000000 1.000000 0.000000 0.000000
18.000000 172.938177 4.824464 -1.680739 1.352820 0.000000 0.000000 0.000000 1.000000 0.000000 0.000000
18.000000 172.940821 4.703581 -1.675658 1.339473 0.000000 0.000000 0.000000 1.000000 0.000000 0.000000
18.000000 172.943832 4.749204 -1.697261 1.350397 0.000000 0.000000 0.000000 1.000000 0.000000 0.000000
18.000000 172.944021 4.761277 -1.707408 1.348188 0.000000 0.000000 0.000000 1.000000 0.000000 0.000000
18.000000 172.944987 4.767264 -1.688830 1.357713 0.000000 0.000000 0.000000 1.000000 0.000000 0.000000
18.000000 172.948096 4.735706 -1.686208 1.360501 0.000000 0.000000 0.000000 1.000000 0.000000 0.000000
18.000000 172.950747 4.690186 -1.684277 1.356877 0.000000 0.000000 0.000000 1.000000 0.000000 0.000000
18.000000 172.953668 4.712496 -1.698899 1.361218 0.000000 0.000000 0.000000 1.000000 0.000000 0.000000
18.000000 172.954029 4.728918 -1.709209 1.361067 0.000000 0.000000 0.000000 1.000000 0.000000 0.000000
18.000000 172.955084 4.752470 -1.680472 1.367616 0.000000 0.000000 0.000000 1.000000 0.000000 0.000000
18.000000 172.958176 4.695099 -1.687736 1.369372 0.000000 0.000000 0.000000 1.000000 0.000000 0.000000
18.000000 172.960868 4.663086 -1.686468 1.375464 0.000000 0.000000 0.000000 1.000000 0.000000 0.000000
18.000000 172.963796 4.657863 -1.699281 1.379488 0.000000 0.000000 0.000000 1.000000 0.000000 0.000000
18.000000 172.964010 4.671785 -1.715108 1.377093 0.000000 0.000000 0.000000 1.000000 0.000000 0.000000
18.000000 172.965286 4.697891 -1.683034 1.382586 0.000000 0.000000 0.000000 1.000000 0.000000 0.000000
18.000000 172.968055 4.601876 -1.702291 1.383957 0.000000 0.000000 0.000000 1.000000 0.000000 0.000000
18.000000 172.970765 4.626701 -1.703380 1.391029 0.000000 0.000000 0.000000 1.000000 0.000000 0.000000
18.000000 172.973672 4.622692 -1.709595 1.388055 0.000000 0.000000 0.000000 1.000000 0.000000 0.000000
18.000000 172.974030 4.630299 -1.717703 1.389142 0.000000 0.000000 0.000000 1.000000 0.000000 0.000000
18.000000 172.974972 4.630082 -1.708121 1.400279 0.000000 0.000000 0.000000 1.000000 0.000000 0.000000
18.000000 172.978190 4.613427 -1.704509 1.400121 0.000000 0.000000 0.000000 1.000000 0.000000 0.000000
18.000000 172.980856 4.623387 -1.704861 1.400073 0.000000 0.000000 0.000000 1.000000 0.000000 0.000000
18.000000 172.983881 4.597481 -1.711441 1.396131 0.000000 0.000000 0.000000 1.000000 0.000000 0.000000
18.000000 172.984037 4.591613 -1.723976 1.397686 0.000000 0.000000 0.000000 1.000000 0.000000 0.000000
18.000000 172.984951 4.567927 -1.728218 1.416255 0.000000 0.000000 0.000000 1.000000 0.000000 0.000000
18.000000 172.988183 4.584255 -1.711544 1.420164 0.000000 0.000000 0.000000 1.000000 0.000000 0.000000
18.000000 172.990732 4.647705 -1.714154 1.417707 0.000000 0.000000 0.000000 1.000000 0.000000 0.000000
18.000000 172.993683 4.567040 -1.710731 1.398398 0.000000 0.000000 0.000000 1.000000 0.000000 0.000000
18.000000 172.994078 4.551912 -1.726818 1.404155 0.000000 0.000000 0.000000 1.000000 0.000000 0.000000
18.000000 172.994983 4.528057 -1.725988 1.428987 0.000000 0.000000 0.000000 1.000000 0.000000 0.000000
18.000000 172.998198 4.503078 -1.718485 1.428968 0.000000 0.000000 0.000000 1.000000 0.000000 0.000000
18.000000 173.003814 4.463993 -1.722678 1.417515 0.000000 0.000000 0.000000 1.000000 0.000000 0.000000
18.000000 173.004066 4.502901 -1.734160 1.411825 0.000000 0.000000 0.000000 1.000000 0.000000 0.000000
18.000000 173.004983 4.492823 -1.736102 1.423052 0.000000 0.000000 0.000000 1.000000 0.000000 0.000000
18.000000 173.008156 4.506582 -1.726216 1.430415 0.000000 0.000000 0.000000 1.000000 0.000000 0.000000
18.000000 173.013718 4.421897 -1.728387 1.424052 0.000000 0.000000 0.000000 1.000000 0.000000 0.000000
18.000000 173.014058 4.459897 -1.739290 1.421567 0.000000 0.000000 0.000000 1.000000 0.000000 0.000000
18.000000 173.015220 4.499771 -1.701071 1.421984 0.000000 0.000000 0.000000 1.000000 0.000000 0.000000
18.000000 173.018208 4.395105 -1.726260 1.426900 0.000000 0.000000 0.000000 1.000000 0.000000 0.000000
18.000000 173.023816 4.365791 -1.730863 1.435889 0.000000 0.000000 0.000000 1.000000 0.000000 0.000000
18.000000 173.024289 4.410790 -1.743011 1.430730 0.000000 0.000000 0.000000 1.000000 0.000000 0.000000
18.000000 173.025009 4.391672 -1.746797 1.450052 0.000000 0.000000 0.000000 1.000000 0.000000 0.000000
18.000000 173.028106 4.435766 -1.722397 1.456711 0.000000 0.000000 0.000000 1.000000 0.000000 0.000000
18.000000 173.033765 4.324415 -1.729687 1.441312 0.000000 0.000000 0.000000 1.000000 0.000000 0.000000
18.000000 173.034234 4.375112 -1.748922 1.433485 0.000000 0.000000 0.000000 1.000000 0.000000 0.000000
18.000000 173.034988 4.349118 -1.754115 1.454184 0.000000 0.000000 0.000000 1.000000 0.000000 0.000000
18.000000 173.038282 4.351997 -1.741193 1.457633 0.000000 0.000000 0.000000 1.000000 0.000000 0.000000
18.000000 173.043801 4.293801 -1.742233 1.446203 0.000000 0.000000 0.000000 1.000000 0.000000 0.000000
18.000000 173.044245 4.333106 -1.751502 1.441115 0.000000 0.000000 0.000000 1.000000 0.000000 0.000000
18.000000 173.045300 4.347419 -1.727870 1.449984 0.000000 0.000000 0.000000 1.000000 0.000000 0.000000
18.000000 173.048156 4.269010 -1.741664 1.451157 0.000000 0.000000 0.000000 1.000000 0.000000 0.000000
18.000000 173.053838 4.242740 -1.745622 1.451187 0.000000 0.000000 0.000000 1.000000 0.000000 0.000000
18.000000 173.054139 4.281316 -1.756620 1.443183 0.000000 0.000000 0.000000 1.000000 0.000000 0.000000
18.000000 173.055028 4.274770 -1.751016 1.453521 0.000000 0.000000 0.000000 1.000000 0.000000 0.000000
18.000000 173.058250 4.245686 -1.751564 1.458220 0.000000 0.000000 0.000000 1.000000 0.000000 0.000000
18.000000 173.063893 4.195498 -1.752425 1.454823 0.000000 0.000000 0.000000 1.000000 0.000000 0.000000
18.000000 173.064245 4.239641 -1.761997 1.448940 0.000000 0.000000 0.000000 1.000000 0.000000 0.000000
18.000000 173.065018 4.221169 -1.763199 1.469267 0.000000 0.000000 0.000000 1.000000 0.000000 0.000000
18.000000 173.068214 4.200269 -1.759153 1.466111 0.000000 0.000000 0.000000 1.000000 0.000000 0.000000
18.000000 173.073778 4.165403 -1.760007 1.453638 0.000000 0.000000 0.000000 1.000000 0.000000 0.000000
18.000000 173.074148 4.205009 -1.768487 1.446467 0.000000 0.000000 0.000000 1.000000 0.000000 0.000000
18.000000 173.075079 4.191081 -1.768191 1.461585 0.000000 0.000000 0.000000 1.000000 0.000000 0.000000
18.000000 173.078209 4.193629 -1.757802 1.466119 0.000000 0.000000 0.000000 1.000000 0.000000 0.000000
18.000000 173.083869 4.118344 -1.759621 1.456027 0.000000 0.000000 0.000000 1.000000 0.000000 0.000000
18.000000 173.084160 4.163188 -1.771404 1.448149 0.000000 0.000000 0.000000 1.000000 0.000000 0.000000
18.000000 173.084995 4.143284 -1.775793 1.465536 0.000000 0.000000 0.000000 1.000000 0.000000 0.000000
18.000000 173.088171 4.164626 -1.759348 1.471397 0.000000 0.000000 0.000000 1.000000 0.000000 0.000000
18.000000 173.093756 4.059898 -1.762483 1.457857 0.000000 0.000000 0.000000 1.000000 0.000000 0.000000
18.000000 173.094217 4.113580 -1.778223 1.446962 0.000000 0.000000 0.000000 1.000000 0.000000 0.000000
18.000000 173.095249 4.106111 -1.765066 1.463729 0.000000 0.000000 0.000000 1.000000 0.000000 0.000000
18.000000 173.098244 4.045371 -1.769030 1.461637 0.000000 0.000000 0.000000 1.000000 0.000000 0.000000
18.000000 173.103846 4.011929 -1.771763 1.451732 0.000000 0.000000 0.000000 1.000000 0.000000 0.000000
18.000000 173.104184 4.071422 -1.785440 1.440494 0.000000 0.000000 0.000000 1.000000 0.000000 0.000000
18.000000 173.104997 4.062485 -1.779105 1.457592 0.000000 0.000000 0.000000 1.000000 0.000000 0.000000
18.000000 173.108222 4.027074 -1.779008 1.460582 0.000000 0.000000 0.000000 1.000000 0.000000 0.000000
18.000000 173.113804 3.972463 -1.780091 1.453593 0.000000 0.000000 0.000000 1.000000 0.000000 0.000000
18.000000 173.114272 4.024516 -1.791682 1.444629 0.000000 0.000000 0.000000 1.000000 0.000000 0.000000
18.000000 173.115042 4.013710 -1.789142 1.461387 0.000000 0.000000 0.000000 1.000000 0.000000 0.000000
18.000000 173.118283 4.005155 -1.782120 1.462810 0.000000 0.000000 0.000000 1.000000 0.000000 0.000000
18.000000 173.123936 3.940286 -1.779849 1.450318 0.000000 0.000000 0.000000 1.000000 0.000000 0.000000
18.000000 173.124172 3.992810 -1.788796 1.438804 0.000000 0.000000 0.000000 1.000000 0.000000 0.000000
18.000000 173.125032 3.966976 -1.799057 1.458248 0.000000 0.000000 0.000000 1.000000 0.000000 0.000000
18.000000 173.128223 3.977300 -1.787564 1.461509 0.000000 0.000000 0.000000 1.000000 0.000000 0.000000
18.000000 173.133894 3.893377 -1.786673 1.448468 0.000000 0.000000 0.000000 1.000000 0.000000 0.000000
18.000000 173.134199 3.943325 -1.797374 1.436078 0.000000 0.000000 0.000000 1.000000 0.000000 0.000000
18.000000 173.135077 3.923427 -1.802391 1.451504 0.000000 0.000000 0.000000 1.000000 0.000000 0.000000
18.000000 173.138302 3.913244 -1.797312 1.452263 0.000000 0.000000 0.000000 1.000000 0.000000 0.000000
18.000000 173.143875 3.853900 -1.793768 1.440479 0.000000 0.000000 0.000000 1.000000 0.000000 0.000000
18.000000 173.144197 3.903195 -1.800934 1.427924 0.000000 0.000000 0.000000 1.000000 0.000000 0.000000
18.000000 173.145074 3.905410 -1.788978 1.436893 0.000000 0.000000 0.000000 1.000000 0.000000 0.000000
18.000000 173.148204 3.846586 -1.799178 1.439802 0.000000 0.000000 0.000000 1.000000 0.000000 0.000000
18.000000 173.153823 3.807999 -1.797762 1.438316 0.000000 0.000000 0.000000 1.000000 0.000000 0.000000
18.000000 173.154195 3.854055 -1.805945 1.423292 0.000000 0.000000 0.000000 1.000000 0.000000 0.000000
18.000000 173.155047 3.853796 -1.802462 1.425414 0.000000 0.000000 0.000000 1.000000 0.000000 0.000000
18.000000 173.158250 3.839165 -1.804154 1.430834 0.000000 0.000000 0.000000 1.000000 0.000000 0.000000
18.000000 173.164026 3.759661 -1.804959 1.427719 0.000000 0.000000 0.000000 1.000000 0.000000 0.000000
18.000000 173.164288 3.810662 -1.817292 1.416152 0.000000 0.000000 0.000000 1.000000 0.000000 0.000000
18.000000 173.165039 3.809306 -1.808011 1.426723 0.000000 0.000000 0.000000 1.000000 0.000000 0.000000
18.000000 173.168181 3.769648 -1.811779 1.429119 0.000000 0.000000 0.000000 1.000000 0.000000 0.000000
18.000000 173.173824 3.721219 -1.808218 1.422979 0.000000 0.000000 0.000000 1.000000 0.000000 0.000000
18.000000 173.174198 3.776327 -1.816269 1.406758 0.000000 0.000000 0.000000 1.000000 0.000000 0.000000
18.000000 173.175031 3.761743 -1.815239 1.421141 0.000000 0.000000 0.000000 1.000000 0.000000 0.000000
18.000000 173.178296 3.760230 -1.805286 1.423488 0.000000 0.000000 0.000000 1.000000 0.000000 0.000000
18.000000 173.183917 3.685401 -1.805750 1.410267 0.000000 0.000000 0.000000 1.000000 0.000000 0.000000
18.000000 173.184202 3.737170 -1.817971 1.397022 0.000000 0.000000 0.000000 1.000000 0.000000 0.000000
18.000000 173.185074 3.714860 -1.824824 1.413722 0.000000 0.000000 0.000000 1.000000 0.000000 0.000000
18.000000 173.188241 3.716004 -1.815748 1.416216 0.000000 0.000000 0.000000 1.000000 0.000000 0.000000
18.000000 173.193907 3.628450 -1.812678 1.401723 0.000000 0.000000 0.000000 1.000000 0.000000 0.000000
18.000000 173.194270 3.689752 -1.823647 1.385563 0.000000 0.000000 0.000000 1.000000 0.000000 0.000000
18.000000 173.195141 3.699191 -1.801554 1.395087 0.000000 0.000000 0.000000 1.000000 0.000000 0.000000
18.000000 173.198277 3.605605 -1.819078 1.393845 0.000000 0.000000 0.000000 1.000000 0.000000 0.000000
18.000000 173.203841 3.598294 -1.820179 1.393147 0.000000 0.000000 0.000000 1.000000 0.000000 0.000000
18.000000 173.204161 3.653340 -1.831700 1.374906 0.000000 0.000000 0.000000 1.000000 0.000000 0.000000
18.000000 173.205074 3.692461 -1.792403 1.365646 0.000000 0.000000 0.000000 1.000000 0.000000 0.000000
18.000000 173.208235 3.547757 -1.831964 1.366295 0.000000 0.000000 0.000000 1.000000 0.000000 0.000000
18.000000 173.213945 3.551533 -1.831768 1.378613 0.000000 0.000000 0.000000 1.000000 0.000000 0.000000
18.000000 173.214314 3.604307 -1.840865 1.363515 0.000000 0.000000 0.000000 1.000000 0.000000 0.000000
18.000000 173.215069 3.581476 -1.845324 1.382157 0.000000 0.000000 0.000000 1.000000 0.000000 0.000000
18.000000 173.218313 3.575724 -1.836103 1.382699 0.000000 0.000000 0.000000 1.000000 0.000000 0.000000
18.000000 173.223911 3.514540 -1.831774 1.367317 0.000000 0.000000 0.000000 1.000000 0.000000 0.000000
18.000000 173.224252 3.566927 -1.839372 1.350113 0.000000 0.000000 0.000000 1.000000 0.000000 0.000000
18.000000 173.225379 3.545764 -1.846365 1.364469 0.000000 0.000000 0.000000 1.000000 0.000000 0.000000
18.000000 173.228184 3.543427 -1.839304 1.369377 0.000000 0.000000 0.000000 1.000000 0.000000 0.000000
18.000000 173.233937 3.457904 -1.834371 1.357964 0.000000 0.000000 0.000000 1.000000 0.000000 0.000000
18.000000 173.234199 3.524142 -1.844916 1.335092 0.000000 0.000000 0.000000 1.000000 0.000000 0.000000
18.000000 173.235045 3.489444 -1.858814 1.355562 0.000000 0.000000 0.000000 1.000000 0.000000 0.000000
18.000000 173.238288 3.481038 -1.851176 1.357615 0.000000 0.000000 0.000000 1.000000 0.000000 0.000000
18.000000 173.244054 3.421524 -1.840965 1.342860 0.000000 0.000000 0.000000 1.000000 0.000000 0.000000
18.000000 173.244176 3.488351 -1.845777 1.317468 0.000000 0.000000 0.000000 1.000000 0.000000 0.000000
18.000000 173.245092 3.467667 -1.845235 1.334566 0.000000 0.000000 0.000000 1.000000 0.000000 0.000000
18.000000 173.248272 3.418894 -1.847762 1.330907 0.000000 0.000000 0.000000 1.000000 0.000000 0.000000
18.000000 173.253916 3.395953 -1.845425 1.319210 0.000000 0.000000 0.000000 1.000000 0.000000 0.000000
18.000000 173.254290 3.440559 -1.852565 1.301935 0.000000 0.000000 0.000000 1.000000 0.000000 0.000000
18.000000 173.255177 3.409405 -1.863022 1.319626 0.000000 0.000000 0.000000 1.000000 0.000000 0.000000
18.000000 173.258270 3.398737 -1.855707 1.319943 0.000000 0.000000 0.000000 1.000000 0.000000 0.000000
18.000000 173.264053 3.351269 -1.852135 1.306762 0.000000 0.000000 0.000000 1.000000 0.000000 0.000000
18.000000 173.264272 3.395656 -1.859008 1.287824 0.000000 0.000000 0.000000 1.000000 0.000000 0.000000
18.000000 173.265080 3.370414 -1.869397 1.299398 0.000000 0.000000 0.000000 1.000000 0.000000 0.000000
18.000000 173.268281 3.380486 -1.859080 1.301578 0.000000 0.000000 0.000000 1.000000 0.000000 0.000000
18.000000 173.273897 3.307051 -1.855823 1.288060 0.000000 0.000000 0.000000 1.000000 0.000000 0.000000
18.000000 173.274450 3.353426 -1.864373 1.267150 0.000000 0.000000 0.000000 1.000000 0.000000 0.000000
18.000000 173.275136 3.314267 -1.886658 1.282064 0.000000 0.000000 0.000000 1.000000 0.000000 0.000000
18.000000 173.278531 3.358057 -1.866396 1.288116 0.000000 0.000000 0.000000 1.000000 0.000000 0.000000
18.000000 173.283921 3.258049 -1.859926 1.271287 0.000000 0.000000 0.000000 1.000000 0.000000 0.000000
18.000000 173.284570 3.312997 -1.867890 1.247041 0.000000 0.000000 0.000000 1.000000 0.000000 0.000000
18.000000 173.285107 3.274973 -1.886813 1.263783 0.000000 0.000000 0.000000 1.000000 0.000000 0.000000
18.000000 173.288436 3.299134 -1.870982 1.263245 0.000000 0.000000 0.000000 1.000000 0.000000 0.000000
18.000000 173.293833 3.232953 -1.867567 1.244938 0.000000 0.000000 0.000000 1.000000 0.000000 0.000000
18.000000 173.294239 3.272576 -1.874552 1.224907 0.000000 0.000000 0.000000 1.000000 0.000000 0.000000
18.000000 173.295101 3.252617 -1.882329 1.230995 0.000000 0.000000 0.000000 1.000000 0.000000 0.000000
18.000000 173.298457 3.258625 -1.874829 1.236824 0.000000 0.000000 0.000000 1.000000 0.000000 0.000000
18.000000 173.303880 3.187976 -1.868961 1.228061 0.000000 0.000000 0.000000 1.000000 0.000000 0.000000
18.000000 173.304442 3.243394 -1.876946 1.200712 0.000000 0.000000 0.000000 1.000000 0.000000 0.000000
18.000000 173.305108 3.219988 -1.880493 1.211083 0.000000 0.000000 0.000000 1.000000 0.000000 0.000000
18.000000 173.308290 3.196704 -1.876971 1.214428 0.000000 0.000000 0.000000 1.000000 0.000000 0.000000
18.000000 173.313829 3.131136 -1.875864 1.204547 0.000000 0.000000 0.000000 1.000000 0.000000 0.000000
18.000000 173.314277 3.183201 -1.887475 1.182820 0.000000 0.000000 0.000000 1.000000 0.000000 0.000000
18.000000 173.315086 3.166522 -1.888091 1.193029 0.000000 0.000000 0.000000 1.000000 0.000000 0.000000
18.000000 173.318485 3.164427 -1.878925 1.194271 0.000000 0.000000 0.000000 1.000000 0.000000 0.000000
18.000000 173.323928 3.104351 -1.876818 1.180682 0.000000 0.000000 0.000000 1.000000 0.000000 0.000000
18.000000 173.324193 3.148469 -1.885892 1.159350 0.000000 0.000000 0.000000 1.000000 0.000000 0.000000
18.000000 173.325160 3.125758 -1.893954 1.168397 0.000000 0.000000 0.000000 1.000000 0.000000 0.000000
18.000000 173.328307 3.152430 -1.877940 1.172690 0.000000 0.000000 0.000000 1.000000 0.000000 0.000000
18.000000 173.333840 3.060564 -1.878699 1.157908 0.000000 0.000000 0.000000 1.000000 0.000000 0.000000
18.000000 173.334211 3.107697 -1.892221 1.135629 0.000000 0.000000 0.000000 1.000000 0.000000 0.000000
18.000000 173.335147 3.086035 -1.900474 1.142918 0.000000 0.000000 0.000000 1.000000 0.000000 0.000000
18.000000 173.338428 3.076359 -1.897414 1.145089 0.000000 0.000000 0.000000 1.000000 0.000000 0.000000
18.000000 173.343983 3.023731 -1.889293 1.135080 0.000000 0.000000 0.000000 1.000000 0.000000 0.000000
18.000000 173.344312 3.072893 -1.893539 1.108728 0.000000 0.000000 0.000000 1.000000 0.000000 0.000000
18.000000 173.345380 3.073735 -1.883340 1.107053 0.000000 0.000000 0.000000 1.000000 0.000000 0.000000
18.000000 173.348268 3.021892 -1.893353 1.109175 0.000000 0.000000 0.000000 1.000000 0.000000 0.000000
18.000000 173.353975 2.989038 -1.891978 1.108630 0.000000 0.000000 0.000000 1.000000 0.000000 0.000000
18.000000 173.354244 3.027725 -1.900347 1.083428 0.000000 0.000000 0.000000 1.000000 0.000000 0.000000
18.000000 173.355131 3.047228 -1.875698 1.067961 0.000000 0.000000 0.000000 1.000000 0.000000 0.000000
18.000000 173.358334 2.946035 -1.903185 1.069849 0.000000 0.000000 0.000000 1.000000 0.000000 0.000000
18.000000 173.363860 2.958173 -1.901142 1.081569 0.000000 0.000000 0.000000 1.000000 0.000000 0.000000
18.000000 173.364181 2.983779 -1.904951 1.057764 0.000000 0.000000 0.000000 1.000000 0.000000 0.000000
18.000000 173.365125 2.947725 -1.921296 1.064478 0.000000 0.000000 0.000000 1.000000 0.000000 0.000000
18.000000 173.368419 2.969203 -1.906789 1.066261 0.000000 0.000000 0.000000 1.000000 0.000000 0.000000
18.000000 173.373810 2.905476 -1.901521 1.050236 0.000000 0.000000 0.000000 1.000000 0.000000 0.000000
18.000000 173.374186 2.945178 -1.907197 1.026168 0.000000 0.000000 0.000000 1.000000 0.000000 0.000000
18.000000 173.375539 2.916363 -1.921680 1.034816 0.000000 0.000000 0.000000 1.000000 0.000000 0.000000
18.000000 173.378434 2.942301 -1.907620 1.037985 0.000000 0.000000 0.000000 1.000000 0.000000 0.000000
18.000000 173.383886 2.862399 -1.906337 1.023675 0.000000 0.000000 0.000000 1.000000 0.000000 0.000000
18.000000 173.384220 2.901220 -1.916466 0.997855 0.000000 0.000000 0.000000 1.000000 0.000000 0.000000
18.000000 173.385140 2.871190 -1.928837 1.004724 0.000000 0.000000 0.000000 1.000000 0.000000 0.000000
18.000000 173.388270 2.879685 -1.918615 1.006683 0.000000 0.000000 0.000000 1.000000 0.000000 0.000000
18.000000 173.393816 2.828446 -1.911812 0.993484 0.000000 0.000000 0.000000 1.000000 0.000000 0.000000
18.000000 173.394280 2.864663 -1.915410 0.965077 0.000000 0.000000 0.000000 1.000000 0.000000 0.000000
18.000000 173.395150 2.866134 -1.909989 0.952736 0.000000 0.000000 0.000000 1.000000 0.000000 0.000000
18.000000 173.398426 2.815510 -1.925536 0.954565 0.000000 0.000000 0.000000 1.000000 0.000000 0.000000
18.000000 173.403932 2.806871 -1.922474 0.960558 0.000000 0.000000 0.000000 1.000000 0.000000 0.000000
18.000000 173.404238 2.826233 -1.925095 0.935674 0.000000 0.000000 0.000000 1.000000 0.000000 0.000000
18.000000 173.405123 2.805465 -1.924602 0.934504 0.000000 0.000000 0.000000 1.000000 0.000000 0.000000
18.000000 173.408503 2.765344 -1.926873 0.933977 0.000000 0.000000 0.000000 1.000000 0.000000 0.000000
18.000000 173.413892 2.751578 -1.925378 0.928555 0.000000 0.000000 0.000000 1.000000 0.000000 0.000000
18.000000 173.414262 2.777352 -1.931083 0.903162 0.000000 0.000000 0.000000 1.000000 0.000000 0.000000
18.000000 173.415148 2.749294 -1.943230 0.904508 0.000000 0.000000 0.000000 1.000000 0.000000 0.000000
18.000000 173.418552 2.765007 -1.932510 0.906465 0.000000 0.000000 0.000000 1.000000 0.000000 0.000000
18.000000 173.423937 2.724102 -1.928371 0.895675 0.000000 0.000000 0.000000 1.000000 0.000000 0.000000
18.000000 173.424384 2.743141 -1.931090 0.869946 0.000000 0.000000 0.000000 1.000000 0.000000 0.000000
18.000000 173.425173 2.706643 -1.949234 0.872853 0.000000 0.000000 0.000000 1.000000 0.000000 0.000000
18.000000 173.428377 2.716289 -1.940388 0.873542 0.000000 0.000000 0.000000 1.000000 0.000000 0.000000
18.000000 173.433912 2.683449 -1.934355 0.862502 0.000000 0.000000 0.000000 1.000000 0.000000 0.000000
18.000000 173.434259 2.705073 -1.935762 0.833260 0.000000 0.000000 0.000000 1.000000 0.000000 0.000000
18.000000 173.435131 2.666453 -1.952379 0.836945 0.000000 0.000000 0.000000 1.000000 0.000000 0.000000
18.000000 173.438442 2.672191 -1.942393 0.839489 0.000000 0.000000 0.000000 1.000000 0.000000 0.000000
18.000000 173.443943 2.643296 -1.936472 0.829612 0.000000 0.000000 0.000000 1.000000 0.000000 0.000000
18.000000 173.444239 2.665524 -1.938056 0.799807 0.000000 0.000000 0.000000 1.000000 0.000000 0.000000
18.000000 173.448438 2.639616 -1.950987 0.796629 0.000000 0.000000 0.000000 1.000000 0.000000 0.000000
18.000000 173.453871 2.608068 -1.945852 0.795794 0.000000 0.000000 0.000000 1.000000 0.000000 0.000000
18.000000 173.454275 2.619193 -1.949186 0.764921 0.000000 0.000000 0.000000 1.000000 0.000000 0.000000
18.000000 173.455172 2.569998 -1.955118 0.774139 0.000000 0.000000 0.000000 1.000000 0.000000 0.000000
18.000000 173.458417 2.526377 -1.947240 0.767531 0.000000 0.000000 0.000000 1.000000 0.000000 0.000000
18.000000 173.463926 2.581180 -1.954367 0.759010 0.000000 0.000000 0.000000 1.000000 0.000000 0.000000
18.000000 173.464247 2.570855 -1.959484 0.739294 0.000000 0.000000 0.000000 1.000000 0.000000 0.000000
18.000000 173.465436 2.565323 -1.947445 0.718240 0.000000 0.000000 0.000000 1.000000 0.000000 0.000000
18.000000 173.468365 2.527131 -1.952356 0.716350 0.000000 0.000000 0.000000 1.000000 0.000000 0.000000
18.000000 173.474427 2.506700 -1.963243 0.696245 0.000000 0.000000 0.000000 1.000000 0.000000 0.000000
18.000000 173.475232 2.511191 -1.964535 0.683248 0.000000 0.000000 0.000000 1.000000 0.000000 0.000000
18.000000 173.478381 2.500469 -1.961718 0.687016 0.000000 0.000000 0.000000 1.000000 0.000000 0.000000
18.000000 173.484517 2.457645 -1.974301 0.663714 0.000000 0.000000 0.000000 1.000000 0.000000 0.000000
18.000000 173.485169 2.454478 -1.986382 0.651232 0.000000 0.000000 0.000000 1.000000 0.000000 0.000000
18.000000 173.488296 2.498971 -1.967384 0.655315 0.000000 0.000000 0.000000 1.000000 0.000000 0.000000
18.000000 173.494368 2.418152 -1.978368 0.620919 0.000000 0.000000 0.000000 1.000000 0.000000 0.000000
18.000000 173.498418 2.438759 -1.972632 0.597782 0.000000 0.000000 0.000000 1.000000 0.000000 0.000000
18.000000 173.504427 2.383644 -1.983201 0.574377 0.000000 0.000000 0.000000 1.000000 0.000000 0.000000
18.000000 173.505184 2.378941 -1.973634 0.571609 0.000000 0.000000 0.000000 1.000000 0.000000 0.000000
18.000000 173.508341 2.302031 -1.974202 0.564966 0.000000 0.000000 0.000000 1.000000 0.000000 0.000000
18.000000 173.514486 2.335053 -1.988461 0.538995 0.000000 0.000000 0.000000 1.000000 0.000000 0.000000
18.000000 173.515211 2.335819 -1.993538 0.526769 0.000000 0.000000 0.000000 1.000000 0.000000 0.000000
18.000000 173.518502 2.345049 -1.983350 0.527979 0.000000 0.000000 0.000000 1.000000 0.000000 0.000000
18.000000 173.524470 2.297225 -1.988325 0.507599 0.000000 0.000000 0.000000 1.000000 0.000000 0.000000
18.000000 173.525254 2.324777 -1.974820 0.484456 0.000000 0.000000 0.000000 1.000000 0.000000 0.000000
18.000000 173.528309 2.282652 -1.991156 0.468375 0.000000 0.000000 0.000000 1.000000 0.000000 0.000000
18.000000 173.535451 2.263773 -1.990368 0.445362 0.000000 0.000000 0.000000 1.000000 0.000000 0.000000
18.000000 173.538396 2.269271 -1.988822 0.430044 0.000000 0.000000 0.000000 1.000000 0.000000 0.000000
18.000000 173.545466 2.136544 -1.985102 0.397192 0.000000 0.000000 0.000000 1.000000 0.000000 0.000000
18.000000 173.548374 2.102798 -1.996423 0.375976 0.000000 0.000000 0.000000 1.000000 0.000000 0.000000
18.000000 173.555244 2.191986 -1.998291 0.365495 0.000000 0.000000 0.000000 1.000000 0.000000 0.000000
18.000000 173.558442 2.159004 -2.009279 0.338364 0.000000 0.000000 0.000000 1.000000 0.000000 0.000000
18.000000 173.565313 2.178757 -2.009522 0.323679 0.000000 0.000000 0.000000 1.000000 0.000000 0.000000
18.000000 173.568369 2.144849 -2.021201 0.296238 0.000000 0.000000 0.000000 1.000000 0.000000 0.000000
18.000000 173.575235 2.169969 -2.021550 0.275380 0.000000 0.000000 0.000000 1.000000 0.000000 0.000000
18.000000 173.578480 2.212941 -2.007563 0.275784 0.000000 0.000000 0.000000 1.000000 0.000000 0.000000
18.000000 173.585331 2.311458 -2.009271 0.272159 0.000000 0.000000 0.000000 1.000000 0.000000 0.000000
18.000000 173.588490 2.273883 -2.021325 0.240820 0.000000 0.000000 0.000000 1.000000 0.000000 0.000000
18.000000 173.595236 2.168320 -2.017993 0.203318 0.000000 0.000000 0.000000 1.000000 0.000000 0.000000
18.000000 173.598569 2.146467 -2.025210 0.176046 0.000000 0.000000 0.000000 1.000000 0.000000 0.000000
18.000000 173.605294 1.962615 -2.020052 0.125248 0.000000 0.000000 0.000000 1.000000 0.000000 0.000000
18.000000 173.608406 1.940231 -2.027312 0.103821 0.000000 0.000000 0.000000 1.000000 0.000000 0.000000
18.000000 173.615269 2.101991 -2.030501 0.105542 0.000000 0.000000 0.000000 1.000000 0.000000 0.000000
18.000000 173.618491 2.063765 -2.042867 0.074323 0.000000 0.000000 0.000000 1.000000 0.000000 0.000000
18.000000 173.625301 1.971304 -2.040030 0.038342 0.000000 0.000000 0.000000 1.000000 0.000000 0.000000
18.000000 173.628442 1.955629 -2.044996 0.030457 0.000000 0.000000 0.000000 1.000000 0.000000 0.000000
18.000000 173.635247 2.038782 -2.047360 0.061756 0.000000 0.000000 0.000000 1.000000 0.000000 0.000000
18.000000 173.638456 2.050247 -2.043345 0.082431 0.000000 0.000000 0.000000 1.000000 0.000000 0.000000
18.000000 173.645302 1.757086 -2.036629 0.059110 0.000000 0.000000 0.000000 1.000000 0.000000 0.000000
18.000000 173.648441 1.719101 -2.048390 0.076009 0.000000 0.000000 0.000000 1.000000 0.000000 0.000000
18.000000 173.655507 1.779990 -2.050257 0.108489 0.000000 0.000000 0.000000 1.000000 0.000000 0.000000
18.000000 173.658586 1.727339 -2.066760 0.118303 0.000000 0.000000 0.000000 1.000000 0.000000 0.000000
18.000000 173.665709 1.884367 -2.070632 0.164277 0.000000 0.000000 0.000000 1.000000 0.000000 0.000000
18.000000 173.668504 1.890978 -2.067903 0.187066 0.000000 0.000000 0.000000 1.000000 0.000000 0.000000
18.000000 173.675236 2.034549 -2.071514 0.222252 0.000000 0.000000 0.000000 1.000000 0.000000 0.000000
18.000000 173.678526 1.994340 -2.084471 0.231548 0.000000 0.000000 0.000000 1.000000 0.000000 0.000000
18.000000 173.685341 1.634477 -2.076665 0.201750 0.000000 0.000000 0.000000 1.000000 0.000000 0.000000
18.000000 173.688427 1.658708 -2.068346 0.223276 0.000000 0.000000 0.000000 1.000000 0.000000 0.000000
18.000000 173.705297 1.601387 -2.082616 0.272306 0.000000 0.000000 0.000000 1.000000 0.000000 0.000000
18.000000 173.708478 1.581448 -2.088356 0.284772 0.000000 0.000000 0.000000 1.000000 0.000000 0.000000
18.000000 173.715243 1.858470 -2.094564 0.329371 0.000000 0.000000 0.000000 1.000000 0.000000 0.000000
18.000000 173.718614 1.871421 -2.090437 0.351744 0.000000 0.000000 0.000000 1.000000 0.000000 0.000000
18.000000 173.725345 1.520393 -2.083179 0.322380 0.000000 0.000000 0.000000 1.000000 0.000000 0.000000
18.000000 173.728773 1.489345 -2.093138 0.338595 0.000000 0.000000 0.000000 1.000000 0.000000 0.000000
18.000000 173.735537 1.502473 -2.093947 0.361927 0.000000 0.000000 0.000000 1.000000 0.000000 0.000000
18.000000 173.738662 1.406455 -2.124527 0.356339 0.000000 0.000000 0.000000 1.000000 0.000000 0.000000
18.000000 173.755277 1.343798 -2.103699 0.399494 0.000000 0.000000 0.000000 1.000000 0.000000 0.000000
18.000000 173.758782 1.334288 -2.106442 0.409491 0.000000 0.000000 0.000000 1.000000 0.000000 0.000000
18.000000 173.765368 1.390907 -2.107721 0.434397 0.000000 0.000000 0.000000 1.000000 0.000000 0.000000
18.000000 173.768675 1.384224 -2.109364 0.446552 0.000000 0.000000 0.000000 1.000000 0.000000 0.000000
18.000000 173.775292 1.359773 -2.108884 0.452679 0.000000 0.000000 0.000000 1.000000 0.000000 0.000000
18.000000 173.778550 1.294767 -2.129275 0.458400 0.000000 0.000000 0.000000 1.000000 0.000000 0.000000
18.000000 173.785626 1.224999 -2.127976 0.465778 0.000000 0.000000 0.000000 1.000000 0.000000 0.000000
18.000000 173.788532 1.206776 -2.133373 0.480071 0.000000 0.000000 0.000000 1.000000 0.000000 0.000000
18.000000 173.795298 1.093810 -2.131217 0.480662 0.000000 0.000000 0.000000 1.000000 0.000000 0.000000
18.000000 173.798567 0.998487 -2.161073 0.481370 0.000000 0.000000 0.000000 1.000000 0.000000 0.000000
18.000000 173.805416 1.149649 -2.164045 0.522813 0.000000 0.000000 0.000000 1.000000 0.000000 0.000000
18.000000 173.808512 1.201542 -2.147525 0.530147 0.000000 0.000000 0.000000 1.000000 0.000000 0.000000
18.000000 173.815318 1.142080 -2.146297 0.526478 0.000000 0.000000 0.000000 1.000000 0.000000 0.000000
18.000000 173.818595 1.034009 -2.179780 0.531391 0.000000 0.000000 0.000000 1.000000 0.000000 0.000000
18.000000 173.825430 1.148881 -2.181959 0.555802 0.000000 0.000000 0.000000 1.000000 0.000000 0.000000
18.000000 173.828516 1.234213 -2.154485 0.577530 0.000000 0.000000 0.000000 1.000000 0.000000 0.000000
18.000000 173.835349 1.236399 -2.154587 0.586819 0.000000 0.000000 0.000000 1.000000 0.000000 0.000000
18.000000 173.838584 1.110027 -2.194692 0.583837 0.000000 0.000000 0.000000 1.000000 0.000000 0.000000
18.000000 173.855330 0.903603 -2.175297 0.585765 0.000000 0.000000 0.000000 1.000000 0.000000 0.000000
18.000000 173.858775 0.914541 -2.171722 0.600665 0.000000 0.000000 0.000000 1.000000 0.000000 0.000000
18.000000 173.865413 1.067976 -2.174753 0.633076 0.000000 0.000000 0.000000 1.000000 0.000000 0.000000
18.000000 173.868710 1.027944 -2.187396 0.635209 0.000000 0.000000 0.000000 1.000000 0.000000 0.000000
18.000000 173.875325 0.987264 -2.186737 0.637732 0.000000 0.000000 0.000000 1.000000 0.000000 0.000000
18.000000 173.878589 1.002228 -2.181904 0.649939 0.000000 0.000000 0.000000 1.000000 0.000000 0.000000
18.000000 173.885408 1.009940 -2.182153 0.658974 0.000000 0.000000 0.000000 1.000000 0.000000 0.000000
18.000000 173.888655 0.892476 -2.219412 0.650460 0.000000 0.000000 0.000000 1.000000 0.000000 0.000000
18.000000 173.905361 0.810928 -2.197371 0.662965 0.000000 0.000000 0.000000 1.000000 0.000000 0.000000
18.000000 173.908493 0.805080 -2.199128 0.672388 0.000000 0.000000 0.000000 1.000000 0.000000 0.000000
18.000000 173.915402 0.893012 -2.200743 0.688354 0.000000 0.000000 0.000000 1.000000 0.000000 0.000000
18.000000 173.918727 0.878959 -2.205200 0.692899 0.000000 0.000000 0.000000 1.000000 0.000000 0.000000
18.000000 173.925495 0.780222 -2.203599 0.691245 0.000000 0.000000 0.000000 1.000000 0.000000 0.000000
18.000000 173.928607 0.735600 -2.217631 0.696004 0.000000 0.000000 0.000000 1.000000 0.000000 0.000000
18.000000 173.935498 0.731588 -2.217647 0.702678 0.000000 0.000000 0.000000 1.000000 0.000000 0.000000
18.000000 173.938776 0.736912 -2.215948 0.707906 0.000000 0.000000 0.000000 1.000000 0.000000 0.000000
18.000000 173.945790 0.690970 -2.214834 0.682586 0.000000 0.000000 0.000000 1.000000 0.000000 0.000000
18.000000 173.948656 0.587728 -2.247379 0.670864 0.000000 0.000000 0.000000 1.000000 0.000000 0.000000
18.000000 173.955394 0.587254 -2.247762 0.706724 0.000000 0.000000 0.000000 1.000000 0.000000 0.000000
18.000000 173.958775 0.638891 -2.231339 0.721023 0.000000 0.000000 0.000000 1.000000 0.000000 0.000000
18.000000 173.966040 0.728010 -2.232734 0.724901 0.000000 0.000000 0.000000 1.000000 0.000000 0.000000
18.000000 173.968579 0.702872 -2.240708 0.725700 0.000000 0.000000 0.000000 1.000000 0.000000 0.000000
18.000000 173.975393 0.591369 -2.239000 0.719548 0.000000 0.000000 0.000000 1.000000 0.000000 0.000000
18.000000 173.978585 0.552448 -2.251252 0.715338 0.000000 0.000000 0.000000 1.000000 0.000000 0.000000
18.000000 173.985580 0.603172 -2.252045 0.721285 0.000000 0.000000 0.000000 1.000000 0.000000 0.000000
18.000000 173.988704 0.619235 -2.246996 0.729951 0.000000 0.000000 0.000000 1.000000 0.000000 0.000000
18.000000 173.995551 0.507483 -2.245215 0.713919 0.000000 0.000000 0.000000 1.000000 0.000000 0.000000
18.000000 173.998599 0.459071 -2.260409 0.706199 0.000000 0.000000 0.000000 1.000000 0.000000 0.000000
18.000000 174.005557 0.485186 -2.260873 0.717988 0.000000 0.000000 0.000000 1.000000 0.000000 0.000000
18.000000 174.008699 0.473289 -2.264604 0.722356 0.000000 0.000000 0.000000 1.000000 0.000000 0.000000
18.000000 174.015737 0.398446 -2.263532 0.722464 0.000000 0.000000 0.000000 1.000000 0.000000 0.000000
18.000000 174.018625 0.410807 -2.259641 0.725255 0.000000 0.000000 0.000000 1.000000 0.000000 0.000000
18.000000 174.025591 0.394705 -2.259383 0.721466 0.000000 0.000000 0.000000 1.000000 0.000000 0.000000
18.000000 174.028666 0.323758 -2.281635 0.711066 0.000000 0.000000 0.000000 1.000000 0.000000 0.000000
18.000000 174.035550 0.303034 -2.281356 0.712693 0.000000 0.000000 0.000000 1.000000 0.000000 0.000000
18.000000 174.038785 0.192452 -2.315966 0.700635 0.000000 0.000000 0.000000 1.000000 0.000000 0.000000
18.000000 174.045576 0.049320 -2.314056 0.682017 0.000000 0.000000 0.000000 1.000000 0.000000 0.000000
18.000000 174.048666 0.059280 -2.311011 0.679294 0.000000 0.000000 0.000000 1.000000 0.000000 0.000000
18.000000 174.055506 0.207193 -2.312973 0.692408 0.000000 0.000000 0.000000 1.000000 0.000000 0.000000
18.000000 174.058775 0.257913 -2.297037 0.706017 0.000000 0.000000 0.000000 1.000000 0.000000 0.000000
18.000000 174.065530 0.211888 -2.296399 0.700431 0.000000 0.000000 0.000000 1.000000 0.000000 0.000000
18.000000 174.068763 0.199789 -2.300202 0.695250 0.000000 0.000000 0.000000 1.000000 0.000000 0.000000
18.000000 174.075439 0.350588 -2.302271 0.711287 0.000000 0.000000 0.000000 1.000000 0.000000 0.000000
18.000000 174.078741 0.279450 -2.324716 0.692845 0.000000 0.000000 0.000000 1.000000 0.000000 0.000000
18.000000 174.085934 0.079492 -2.322092 0.664644 0.000000 0.000000 0.000000 1.000000 0.000000 0.000000
18.000000 174.088687 0.024199 -2.339304 0.662413 0.000000 0.000000 0.000000 1.000000 0.000000 0.000000
18.000000 174.095526 -0.136867 -2.337302 0.647824 0.000000 0.000000 0.000000 1.000000 0.000000 0.000000
18.000000 174.098819 -0.063586 -2.314549 0.657336 0.000000 0.000000 0.000000 1.000000 0.000000 0.000000
18.000000 174.105604 0.037817 -2.315887 0.664907 0.000000 0.000000 0.000000 1.000000 0.000000 0.000000
18.000000 174.108590 0.050112 -2.312146 0.659032 0.000000 0.000000 0.000000 1.000000 0.000000 0.000000
18.000000 174.115564 0.141438 -2.313347 0.663490 0.000000 0.000000 0.000000 1.000000 0.000000 0.000000
18.000000 174.118796 0.133863 -2.315711 0.662976 0.000000 0.000000 0.000000 1.000000 0.000000 0.000000
18.000000 174.125811 0.025427 -2.314278 0.647102 0.000000 0.000000 0.000000 1.000000 0.000000 0.000000
18.000000 174.128663 -0.007106 -2.324519 0.633444 0.000000 0.000000 0.000000 1.000000 0.000000 0.000000
18.000000 174.135570 0.094289 -2.325820 0.633934 0.000000 0.000000 0.000000 1.000000 0.000000 0.000000
18.000000 174.138858 0.022641 -2.348197 0.625144 0.000000 0.000000 0.000000 1.000000 0.000000 0.000000
18.000000 174.145749 -0.189738 -2.345656 0.598269 0.000000 0.000000 0.000000 1.000000 0.000000 0.000000
18.000000 174.148734 -0.181264 -2.343103 0.593651 0.000000 0.000000 0.000000 1.000000 0.000000 0.000000
18.000000 174.156225 -0.116380 -2.343887 0.605946 0.000000 0.000000 0.000000 1.000000 0.000000 0.000000
18.000000 174.158729 -0.148125 -2.353866 0.594955 0.000000 0.000000 0.000000 1.000000 0.000000 0.000000
18.000000 174.165573 -0.150141 -2.353834 0.581739 0.000000 0.000000 0.000000 1.000000 0.000000 0.000000
18.000000 174.168764 -0.154887 -2.355424 0.573127 0.000000 0.000000 0.000000 1.000000 0.000000 0.000000
18.000000 174.175496 0.004675 -2.357333 0.580610 0.000000 0.000000 0.000000 1.000000 0.000000 0.000000
18.000000 174.178819 -0.000522 -2.359042 0.571443 0.000000 0.000000 0.000000 1.000000 0.000000 0.000000
18.000000 174.185533 -0.175925 -2.357043 0.540378 0.000000 0.000000 0.000000 1.000000 0.000000 0.000000
18.000000 174.188770 -0.244998 -2.378490 0.531294 0.000000 0.000000 0.000000 1.000000 0.000000 0.000000
18.000000 174.205552 -0.324187 -2.383642 0.500505 0.000000 0.000000 0.000000 1.000000 0.000000 0.000000
18.000000 174.208733 -0.399552 -2.407151 0.482197 0.000000 0.000000 0.000000 1.000000 0.000000 0.000000
18.000000 174.215774 -0.233517 -2.408913 0.494045 0.000000 0.000000 0.000000 1.000000 0.000000 0.000000
18.000000 174.218762 -0.178167 -2.391827 0.490506 0.000000 0.000000 0.000000 1.000000 0.000000 0.000000
18.000000 174.225547 -0.410338 -2.389484 0.451735 0.000000 0.000000 0.000000 1.000000 0.000000 0.000000
18.000000 174.228878 -0.432841 -2.396670 0.437332 0.000000 0.000000 0.000000 1.000000 0.000000 0.000000
18.000000 174.235528 -0.244015 -2.398623 0.459771 0.000000 0.000000 0.000000 1.000000 0.000000 0.000000
18.000000 174.238848 -0.255678 -2.402296 0.455837 0.000000 0.000000 0.000000 1.000000 0.000000 0.000000
18.000000 174.245570 -0.502332 -2.400136 0.403804 0.000000 0.000000 0.000000 1.000000 0.000000 0.000000
18.000000 174.248718 -0.526802 -2.407995 0.388064 0.000000 0.000000 0.000000 1.000000 0.000000 0.000000
18.000000 174.255518 -0.507425 -2.408459 0.378859 0.000000 0.000000 0.000000 1.000000 0.000000 0.000000
18.000000 174.258866 -0.536781 -2.417842 0.362218 0.000000 0.000000 0.000000 1.000000 0.000000 0.000000
18.000000 174.285601 -0.616844 -2.420535 0.305119 0.000000 0.000000 0.000000 1.000000 0.000000 0.000000
18.000000 174.288749 -0.654834 -2.432578 0.286680 0.000000 0.000000 0.000000 1.000000 0.000000 0.000000
18.000000 174.295502 -0.687684 -2.432375 0.272854 0.000000 0.000000 0.000000 1.000000 0.000000 0.000000
18.000000 174.298784 -0.692071 -2.434052 0.258375 0.000000 0.000000 0.000000 1.000000 0.000000 0.000000
18.000000 174.305570 -0.621816 -2.434728 0.255472 0.000000 0.000000 0.000000 1.000000 0.000000 0.000000
18.000000 174.308735 -0.703961 -2.460304 0.234863 0.000000 0.000000 0.000000 1.000000 0.000000 0.000000
18.000000 174.315548 -0.733424 -2.460347 0.213167 0.000000 0.000000 0.000000 1.000000 0.000000 0.000000
18.000000 174.318847 -0.703013 -2.451351 0.205033 0.000000 0.000000 0.000000 1.000000 0.000000 0.000000
18.000000 174.325591 -0.584580 -2.452815 0.201937 0.000000 0.000000 0.000000 1.000000 0.000000 0.000000
18.000000 174.328736 -0.823721 -2.462898 0.155152 0.000000 0.000000 0.000000 1.000000 0.000000 0.000000
18.000000 174.335891 -0.812811 -2.463029 0.136462 0.000000 0.000000 0.000000 1.000000 0.000000 0.000000
18.000000 174.338859 -0.754833 -2.445340 0.140104 0.000000 0.000000 0.000000 1.000000 0.000000 0.000000
